层级,指标,本周,上周,2周前,3周前,4周前,5周前,6周前,7周前,wow,wow%,对整体变化绝对值贡献,对整体变化值贡献率,对整体变化率贡献
1,整体 新增次留,0.142303,0.142372,0.144165,0.134085,0.138158,0.136863,0.128231,0.134897,-7e-05,-0.048988,-7e-05,100.0,-0.048988
1.1,渠道 新增次留,0.110935,0.107046,0.105954,0.095577,0.095517,0.092436,0.090674,0.087845,0.00389,3.633791,0.001579204,-2256.005747,1.105172
1.1.unknow,unknow 新增次留,0.0,0.0,,,,,,,0.0,,0.0,-0.0,0.0
1.1.不丹,不丹 新增次留,,,,1.0,,1.0,0.0,0.0,,,,,
1.1.东帝汶,东帝汶 新增次留,,,,,,0.0,0.0,0.0,,,,,
1.1.中国,中国 新增次留,0.142857,0.0,0.0,0.5,1.0,0.0,0.0,0.0,0.142857,,3.379e-06,-4.827196,0.002365
1.1.中国台湾,中国台湾 新增次留,0.5,0.0,0.0,0.5,0.0,0.0,0.0,0.0,0.5,,1.65573e-05,-23.653283,0.011587
1.1.中国澳门,中国澳门 新增次留,,,0.0,,0.0,0.0,0.0,1.0,,,,,
1.1.中国香港,中国香港 新增次留,0.127731,0.130952,0.289157,0.2,0.146341,0.333333,0.142857,0.071429,-0.003221,-2.459893,-9.142e-07,1.306067,-0.00064
1.1.中非,中非 新增次留,,,,,,,1.0,0.333333,,,,,
1.1.丹麦,丹麦 新增次留,0.333333,0.25,0.0,0.428571,0.142857,0.222222,0.357143,0.0,0.083333,33.333333,2.6281e-06,-3.754473,0.001839
1.1.乌克兰,乌克兰 新增次留,0.124294,0.124183,0.120805,0.134615,0.142045,0.106061,0.085714,0.095618,0.000111,0.089206,5.74e-08,-0.08198,4e-05
1.1.乌兹别克斯坦,乌兹别克斯坦 新增次留,0.1,0.076923,0.15,0.115385,0.086957,0.033333,0.083333,0.166667,0.023077,30.0,2.0274e-06,-2.89633,0.001419
1.1.乌干达,乌干达 新增次留,0.333333,0.5,0.0,0.666667,0.0,0.285714,0.125,0.5,-0.166667,-33.333333,-3.9422e-06,5.631745,-0.002759
1.1.乌拉圭,乌拉圭 新增次留,0.0,0.0,0.0,0.111111,0.0,0.105263,0.076923,0.052632,0.0,,0.0,-0.0,0.0
1.1.乍得,乍得 新增次留,,,,0.0,,0.0,0.0,,,,,,
1.1.也门,也门 新增次留,1.0,,,0.0,0.0,,,0.5,,,,,
1.1.亚美尼亚,亚美尼亚 新增次留,0.157895,0.0,0.166667,0.222222,0.142857,0.0,0.333333,0.1,0.157895,,9.9593e-06,-14.227564,0.00697
1.1.以色列,以色列 新增次留,0.055556,0.25,0.0,0.0,0.16,0.153846,0.038462,0.0,-0.194444,-77.777778,-9.1985e-06,13.140683,-0.006437
1.1.伊拉克,伊拉克 新增次留,0.137255,0.068182,0.152174,0.148936,0.206897,0.108108,0.041667,0.075472,0.069073,101.30719,1.02696e-05,-14.670886,0.007187
1.1.伊朗,伊朗 新增次留,0.123519,0.134387,0.17847,0.141343,0.189024,0.5,0.0,0.5,-0.010869,-8.087565,-2.78731e-05,39.818671,-0.019506
1.1.伯利兹,伯利兹 新增次留,,,0.0,0.0,,0.0,0.0,0.0,,,,,
1.1.佛得角,佛得角 新增次留,1.0,0.0,,1.0,0.0,0.0,,,1.0,,2.36533e-05,-33.790405,0.016553
1.1.俄罗斯,俄罗斯 新增次留,0.10098,0.115464,0.103844,0.106642,0.102922,0.1034,0.081633,0.086698,-0.014484,-12.543768,-9.49475e-05,135.639319,-0.066447
1.1.保加利亚,保加利亚 新增次留,0.142857,0.333333,0.095238,0.058824,0.454545,0.0,0.166667,0.2,-0.190476,-57.142857,-9.0108e-06,12.872522,-0.006306
1.1.克罗地亚,克罗地亚 新增次留,0.192308,0.473684,0.25,0.0,0.48,0.117647,0.272727,0.166667,-0.281377,-59.401709,-1.80648e-05,25.806913,-0.012642
1.1.关岛,关岛 新增次留,0.0,0.0,,,0.5,,0.0,0.0,0.0,,0.0,-0.0,0.0
1.1.冈比亚,冈比亚 新增次留,0.166667,0.1,0.066667,0.3,0.333333,0.333333,0.130435,0.148936,0.066667,66.666667,3.1538e-06,-4.50541,0.002207
1.1.冰岛,冰岛 新增次留,0.0,0.0,0.5,0.0,0.0,,0.0,,0.0,,0.0,-0.0,0.0
1.1.几内亚,几内亚 新增次留,0.333333,0.0,0.0,1.0,,0.0,0.222222,0.272727,0.333333,,7.8844e-06,-11.263457,0.005518
1.1.几内亚比绍,几内亚比绍 新增次留,,,,,,,,1.0,,,,,
1.1.列支敦士登,列支敦士登 新增次留,,,,,,,,0.0,,,,,
1.1.刚果共和国,刚果共和国 新增次留,0.0,,,0.0,0.0,,,0.0,,,,,
1.1.刚果民主共和国,刚果民主共和国 新增次留,1.0,0.5,0.333333,0.25,0.0,0.0,0.0,0.111111,0.5,100.0,2.36533e-05,-33.790405,0.016553
1.1.利比亚,利比亚 新增次留,0.333333,0.5,0.2,0.0,0.0,0.0,0.0,0.666667,-0.166667,-33.333333,-3.9422e-06,5.631745,-0.002759
1.1.利比里亚,利比里亚 新增次留,0.0,1.0,0.0,1.0,0.0,0.333333,0.333333,0.0,-1.0,-100.0,-2.36533e-05,33.790405,-0.016553
1.1.加拿大,加拿大 新增次留,0.105488,0.086106,0.081408,0.072362,0.063628,0.068515,0.061387,0.068074,0.019382,22.509047,0.0001574441,-224.920172,0.110184
1.1.加纳,加纳 新增次留,0.2,0.184211,0.257143,0.190476,0.357143,0.354839,0.241935,0.254902,0.015789,8.571429,2.0274e-06,-2.896233,0.001419
1.1.加蓬,加蓬 新增次留,,,0.0,,,0.0,,,,,,,
1.1.匈牙利,匈牙利 新增次留,0.0,0.111111,0.0,0.153846,0.111111,0.0,0.0,0.133333,-0.111111,-100.0,-3.9422e-06,5.631729,-0.002759
1.1.北马其顿,北马其顿 新增次留,0.333333,0.5,0.0,0.166667,0.428571,0.166667,0.0,0.166667,-0.166667,-33.333333,-3.9422e-06,5.631745,-0.002759
1.1.北马里亚纳群岛,北马里亚纳群岛 新增次留,,,,0.0,,,,,,,,,
1.1.南苏丹,南苏丹 新增次留,0.166667,0.139535,0.348837,0.25,0.142857,0.479167,0.295455,0.142857,0.027132,19.444444,3.9422e-06,-5.631779,0.002759
1.1.南非,南非 新增次留,0.125,0.136364,0.2,0.2,0.076923,0.214286,0.176471,0.057143,-0.011364,-8.333333,-8.448e-07,1.206839,-0.000591
1.1.博茨瓦纳,博茨瓦纳 新增次留,0.0,,,,0.0,0.0,,0.0,,,,,
1.1.卡塔尔,卡塔尔 新增次留,0.153846,0.25,0.0,0.125,0.1,0.2,0.111111,0.0,-0.096154,-38.461538,-4.5487e-06,6.498165,-0.003183
1.1.卢旺达,卢旺达 新增次留,0.25,,0.0,1.0,,,,0.0,,,,,
1.1.卢森堡,卢森堡 新增次留,0.0,0.0,0.0,0.0,0.5,0.0,0.0,0.0,0.0,,0.0,-0.0,0.0
1.1.印度,印度 新增次留,0.192513,0.154762,0.190141,0.198795,0.190751,0.177632,0.220264,0.165254,0.037751,24.393254,2.14304e-05,-30.614918,0.014998
1.1.印度尼西亚,印度尼西亚 新增次留,0.090909,0.104167,0.135135,0.219512,0.15625,0.162162,0.196429,0.135593,-0.013258,-12.727273,-2.1504e-06,3.071953,-0.001505
1.1.危地马拉,危地马拉 新增次留,0.133333,0.0,0.0,0.0,0.142857,0.1,0.1,0.0,0.133333,,1.21645e-05,-17.37788,0.008513
1.1.厄瓜多尔,厄瓜多尔 新增次留,0.216216,0.08,0.055556,0.035714,0.16129,0.071429,0.083333,0.072727,0.136216,170.27027,1.34248e-05,-19.178309,0.009395
1.1.叙利亚,叙利亚 新增次留,0.137931,0.227273,0.166667,0.152174,0.117647,0.166667,0.090909,0.083333,-0.089342,-39.310345,-6.6416e-06,9.487978,-0.004648
1.1.古巴,古巴 新增次留,0.142857,0.0,0.166667,0.5,0.0,0.0,0.166667,0.0,0.142857,,3.379e-06,-4.827196,0.002365
1.1.吉尔吉斯斯坦,吉尔吉斯斯坦 新增次留,0.1875,0.166667,0.125,0.133333,0.117647,0.111111,0.117647,0.190476,0.020833,12.5,5.913e-07,-0.844747,0.000414
1.1.吉布提,吉布提 新增次留,,,,0.0,0.0,,,,,,,,
1.1.哈萨克斯坦,哈萨克斯坦 新增次留,0.166667,0.106383,0.050847,0.145833,0.095238,0.150943,0.142857,0.039216,0.060284,56.666667,9.574e-06,-13.67714,0.0067
1.1.哥伦比亚,哥伦比亚 新增次留,0.132653,0.085106,0.065934,0.097826,0.028846,0.117188,0.082707,0.115854,0.047547,55.867347,1.51023e-05,-21.574777,0.010569
1.1.哥斯达黎加,哥斯达黎加 新增次留,0.1,0.0,0.2,0.384615,0.0,0.0,0.0,0.117647,0.1,,7.6873e-06,-10.981882,0.00538
1.1.喀麦隆,喀麦隆 新增次留,0.4,0.2,0.4,0.0,1.0,0.0,0.333333,,0.2,100.0,7.8844e-06,-11.263471,0.005518
1.1.图瓦卢,图瓦卢 新增次留,,,,,,,,,,,,,
1.1.土库曼斯坦,土库曼斯坦 新增次留,,,0.0,0.0,0.5,,,,,,,,
1.1.土耳其,土耳其 新增次留,0.097278,0.079014,0.08105,0.090114,0.09629,0.087531,0.095042,0.084076,0.018264,23.114284,0.0006334407,-904.915229,0.4433
1.1.圣卢西亚,圣卢西亚 新增次留,,,,0.0,,,0.0,0.0,,,,,
1.1.圣基茨和尼维斯,圣基茨和尼维斯 新增次留,,,,1.0,,,,,,,,,
1.1.圣多美和普林西比,圣多美和普林西比 新增次留,,,,,,,,,,,,,
1.1.圣巴泰勒米岛,圣巴泰勒米岛 新增次留,,,,,,,,,,,,,
1.1.圣文森特和格林纳丁斯,圣文森特和格林纳丁斯 新增次留,0.0,,,,,,0.0,,,,,,
1.1.圣皮埃尔和密克隆群岛,圣皮埃尔和密克隆群岛 新增次留,,,,,,,,,,,,,
1.1.圣马力诺,圣马力诺 新增次留,,,,,0.0,,,,,,,,
1.1.圭亚那,圭亚那 新增次留,0.0,0.0,0.0,0.0,0.0,0.0,0.0,0.0,0.0,,0.0,-0.0,0.0
1.1.坦桑尼亚,坦桑尼亚 新增次留,0.285714,0.25,0.2,0.3,0.0,0.0,0.0,0.230769,0.035714,14.285714,1.3516e-06,-1.930865,0.000946
1.1.埃及,埃及 新增次留,0.163265,0.226415,0.23913,0.103448,0.234568,0.05,0.166667,0.04,-0.06315,-27.891156,-1.13095e-05,16.1564,-0.007915
1.1.埃塞俄比亚,埃塞俄比亚 新增次留,0.0,0.4,0.0,0.3,0.0,0.142857,0.3,0.166667,-0.4,-100.0,-1.18266e-05,16.895202,-0.008277
1.1.基里巴斯,基里巴斯 新增次留,,,,,0.0,,,,,,,,
1.1.塔吉克斯坦,塔吉克斯坦 新增次留,0.0,0.666667,0.0,0.0,0.0,0.0,0.0,0.0,-0.666667,-100.0,-2.36533e-05,33.790422,-0.016553
1.1.塞内加尔,塞内加尔 新增次留,0.0,0.0,0.2,0.416667,0.25,0.333333,0.096774,0.28169,0.0,,0.0,-0.0,0.0
1.1.塞尔维亚,塞尔维亚 新增次留,0.2,0.038462,0.035714,0.192308,0.066667,0.096774,0.12,0.045455,0.161538,420.0,1.41919e-05,-20.274187,0.009932
1.1.塞拉利昂,塞拉利昂 新增次留,,0.0,,0.0,0.5,0.333333,0.0,0.0,,,,,
1.1.塞浦路斯,塞浦路斯 新增次留,0.071429,0.285714,0.222222,0.416667,0.153846,0.0,0.1,0.0,-0.214286,-75.0,-8.87e-06,12.67136,-0.006207
1.1.塞舌尔,塞舌尔 新增次留,0.0,0.0,,0.0,1.0,,0.0,,0.0,,0.0,-0.0,0.0
1.1.墨西哥,墨西哥 新增次留,0.073175,0.066224,0.076812,0.084303,0.054595,0.054824,0.03765,0.042937,0.00695,10.495234,0.0001769799,-252.828426,0.123856
1.1.多哥,多哥 新增次留,0.0,0.333333,0.0,0.0,0.333333,0.0,0.0,,-0.333333,-100.0,-1.18266e-05,16.895186,-0.008277
1.1.多米尼克,多米尼克 新增次留,,,,,,,,,,,,,
1.1.多米尼加,多米尼加 新增次留,0.28,0.071429,0.071429,0.176471,0.1875,0.333333,0.178571,0.185185,0.208571,292.0,1.15112e-05,-16.444628,0.008056
1.1.奥兰群岛,奥兰群岛 新增次留,,,,,,,,,,,,,
1.1.奥地利,奥地利 新增次留,0.047619,0.083333,0.166667,0.071429,0.147059,0.131579,0.138889,0.068966,-0.035714,-42.857143,-2.8963e-06,4.137567,-0.002027
1.1.委内瑞拉,委内瑞拉 新增次留,0.093023,0.121951,0.125,0.042553,0.093023,0.098361,0.084746,0.08642,-0.028928,-23.72093,-4.0077e-06,5.725292,-0.002805
1.1.孟加拉,孟加拉 新增次留,0.170543,0.18,0.150794,0.139037,0.20283,0.162921,0.164835,0.121212,-0.009457,-5.254091,-4.7933e-06,6.847625,-0.003355
1.1.安哥拉,安哥拉 新增次留,0.0,0.0,,0.333333,0.333333,0.0,0.0,0.25,0.0,,0.0,-0.0,0.0
1.1.安圭拉,安圭拉 新增次留,0.0,0.0,,0.0,,,,,0.0,,0.0,-0.0,0.0
1.1.安提瓜和巴布达,安提瓜和巴布达 新增次留,0.0,1.0,0.0,,0.0,,0.0,,-1.0,-100.0,-2.36533e-05,33.790405,-0.016553
1.1.安道尔,安道尔 新增次留,0.0,,0.5,1.0,0.0,,0.0,0.0,,,,,
1.1.密克罗尼西亚联邦,密克罗尼西亚联邦 新增次留,,,,,,,,1.0,,,,,
1.1.尼加拉瓜,尼加拉瓜 新增次留,0.2,0.333333,0.25,0.142857,0.0,0.5,0.111111,0.0,-0.133333,-40.0,-4.7306e-06,6.758064,-0.003311
1.1.尼日利亚,尼日利亚 新增次留,0.235897,0.268293,0.229167,0.242775,0.296,0.193333,0.25,0.279503,-0.032395,-12.074592,-1.79527e-05,25.646647,-0.012564
1.1.尼日尔,尼日尔 新增次留,1.0,0.0,0.0,,0.0,,0.333333,0.0,1.0,,2.36533e-05,-33.790405,0.016553
1.1.尼泊尔,尼泊尔 新增次留,0.166667,0.153846,0.142857,0.230769,0.130435,0.103448,0.178571,0.09375,0.012821,8.333333,6.571e-07,-0.938658,0.00046
1.1.巴勒斯坦,巴勒斯坦 新增次留,0.166667,0.4,0.1,0.25,0.0,0.2,0.230769,0.0,-0.233333,-58.333333,-6.8989e-06,9.855521,-0.004828
1.1.巴哈马,巴哈马 新增次留,0.125,0.833333,0.75,0.0,0.0,0.2,0.0,0.125,-0.708333,-85.0,-2.51316e-05,35.902288,-0.017588
1.1.巴基斯坦,巴基斯坦 新增次留,0.122449,0.148148,0.189189,0.176471,0.194805,0.12,0.116883,0.107843,-0.025699,-17.346939,-4.6893e-06,6.698929,-0.003282
1.1.巴巴多斯,巴巴多斯 新增次留,1.0,0.5,,0.333333,0.0,0.333333,1.0,0.0,0.5,100.0,1.18266e-05,-16.895202,0.008277
1.1.巴布亚新几内亚,巴布亚新几内亚 新增次留,,0.0,0.0,,,0.0,0.0,,,,,,
1.1.巴拉圭,巴拉圭 新增次留,0.0,0.055556,0.25,0.066667,0.111111,0.117647,0.08,0.052632,-0.055556,-100.0,-3.3791e-06,4.82724,-0.002365
1.1.巴拿马,巴拿马 新增次留,0.133333,0.222222,0.1,0.2,0.0,0.0,0.0,0.0,-0.088889,-40.0,-4.7307e-06,6.758089,-0.003311
1.1.巴林,巴林 新增次留,0.0,0.0,1.0,,0.25,0.0,0.0,0.333333,0.0,,0.0,-0.0,0.0
1.1.巴西,巴西 新增次留,0.108418,0.102442,0.103379,0.082692,0.085734,0.084617,0.082787,0.083457,0.005976,5.833599,0.0012785088,-1826.441204,0.894737
1.1.布基纳法索,布基纳法索 新增次留,0.0,0.571429,0.166667,0.0,0.0,1.0,0.166667,0.0,-0.571429,-100.0,-2.36533e-05,33.79043,-0.016553
1.1.布隆迪,布隆迪 新增次留,,0.0,0.5,,0.0,0.0,0.5,0.0,,,,,
1.1.希腊,希腊 新增次留,0.266667,0.25,0.149254,0.292308,0.204545,0.108696,0.184211,0.146341,0.016667,6.666667,3.8297e-06,-5.470937,0.00268
1.1.帕劳,帕劳 新增次留,,,,,,,,,,,,,
1.1.库克群岛,库克群岛 新增次留,,,,,,,,,,,,,
1.1.库拉索,库拉索 新增次留,0.0,0.0,,0.0,0.0,,1.0,,0.0,,0.0,-0.0,0.0
1.1.开曼群岛,开曼群岛 新增次留,1.0,0.0,,,0.0,,,,1.0,,2.36533e-05,-33.790405,0.016553
1.1.德国,德国 新增次留,0.131911,0.132012,0.125196,0.121887,0.144947,0.113944,0.11481,0.106176,-0.000101,-0.076387,-7.058e-07,1.008248,-0.000494
1.1.意大利,意大利 新增次留,0.147541,0.213483,0.138298,0.241379,0.100917,0.172414,0.154762,0.121212,-0.065942,-30.888697,-1.9831e-05,28.33006,-0.013878
1.1.所罗门群岛,所罗门群岛 新增次留,,,,,,,,,,,,,
1.1.拉脱维亚,拉脱维亚 新增次留,0.111111,0.133333,0.095238,0.0,0.130435,0.071429,0.307692,0.105263,-0.022222,-16.666667,-1.3141e-06,1.877226,-0.00092
1.1.挪威,挪威 新增次留,0.238095,0.090909,0.5,0.176471,0.277778,0.166667,0.083333,0.166667,0.147186,161.904762,6.3826e-06,-9.118035,0.004467
1.1.捷克,捷克 新增次留,0.12,0.071429,0.055556,0.083333,0.0,0.210526,0.08,0.190476,0.048571,68.0,2.6807e-06,-3.829545,0.001876
1.1.摩尔多瓦,摩尔多瓦 新增次留,0.153846,0.0,0.0,0.166667,0.1,0.210526,0.043478,0.115385,0.153846,,5.4584e-06,-7.797778,0.00382
1.1.摩洛哥,摩洛哥 新增次留,0.214286,0.074074,0.230769,0.153846,0.214286,0.181818,0.117647,0.08,0.140212,189.285714,1.49241e-05,-21.320191,0.010444
1.1.摩纳哥,摩纳哥 新增次留,,,1.0,,,,0.0,0.0,,,,,
1.1.文莱,文莱 新增次留,0.0,0.0,0.0,0.0,0.0,0.0,0.0,0.0,0.0,,0.0,-0.0,0.0
1.1.斐济,斐济 新增次留,0.0,0.0,0.0,0.5,0.0,0.0,0.5,,0.0,,0.0,-0.0,0.0
1.1.斯威士兰,斯威士兰 新增次留,,,,,0.0,,,,,,,,
1.1.斯洛伐克,斯洛伐克 新增次留,0.166667,0.111111,0.25,0.090909,0.0,0.125,0.285714,0.181818,0.055556,50.0,1.9711e-06,-2.81589,0.001379
1.1.斯洛文尼亚,斯洛文尼亚 新增次留,0.333333,0.0,0.0,0.0,0.0,0.0,0.0,0.166667,0.333333,,1.05126e-05,-15.017939,0.007357
1.1.斯里兰卡,斯里兰卡 新增次留,0.0,0.5,0.2,0.0,0.25,0.083333,0.166667,0.230769,-0.5,-100.0,-1.18266e-05,16.895202,-0.008277
1.1.新加坡,新加坡 新增次留,0.15,0.25,0.142857,0.181818,0.15,0.190476,0.111111,0.294118,-0.1,-40.0,-6.7581e-06,9.654402,-0.004729
1.1.新喀里多尼亚,新喀里多尼亚 新增次留,,,0.0,,,,,0.0,,,,,
1.1.新西兰,新西兰 新增次留,0.571429,0.0,0.0,0.0,0.0,0.066667,0.090909,0.3,0.571429,,2.70323e-05,-38.617635,0.018918
1.1.日本,日本 新增次留,0.088,0.21875,0.347826,0.217391,0.137931,0.142857,0.066667,0.133333,-0.13075,-59.771429,-2.82758e-05,40.394015,-0.019788
1.1.智利,智利 新增次留,0.088235,0.122449,0.085714,0.030303,0.125,0.114754,0.149254,0.095238,-0.034214,-27.941176,-5.6649e-06,8.092734,-0.003964
1.1.柬埔寨,柬埔寨 新增次留,0.5,0.5,0.0,0.0,0.0,,0.333333,0.0,0.0,0.0,0.0,-0.0,0.0
1.1.根西岛,根西岛 新增次留,,0.0,,,1.0,,0.0,0.5,,,,,
1.1.格林纳达,格林纳达 新增次留,0.0,,0.0,,,,,,,,,,
1.1.格陵兰,格陵兰 新增次留,,,,,,,,0.0,,,,,
1.1.格鲁吉亚,格鲁吉亚 新增次留,0.125,0.0,0.130435,0.086957,0.230769,0.176471,0.083333,0.277778,0.125,,6.7581e-06,-9.6544,0.004729
1.1.比利时,比利时 新增次留,0.047619,0.090909,0.0,0.0625,0.08,0.045455,0.178571,0.2,-0.04329,-47.619048,-3.2181e-06,4.597329,-0.002252
1.1.毛里塔尼亚,毛里塔尼亚 新增次留,0.0,,0.0,0.0,1.0,0.0,0.0,,,,,,
1.1.毛里求斯,毛里求斯 新增次留,,0.5,0.0,0.0,0.0,0.5,0.666667,0.333333,,,,,
1.1.汤加,汤加 新增次留,0.0,,0.0,,,,0.0,0.0,,,,,
1.1.沙特阿拉伯,沙特阿拉伯 新增次留,0.2,0.052632,0.090909,0.166667,0.105263,0.060606,0.104167,0.0625,0.147368,280.0,9.4613e-06,-13.516125,0.006621
1.1.法国,法国 新增次留,0.119403,0.165854,0.176201,0.150215,0.152047,0.081395,0.138418,0.098404,-0.046451,-28.007024,-6.43535e-05,91.933603,-0.045036
1.1.法属圣马丁,法属圣马丁 新增次留,,,0.0,,0.0,,,,,,,,
1.1.法属圭亚那,法属圭亚那 新增次留,,0.0,0.5,0.0,0.0,0.0,0.0,,,,,,
1.1.法属波利尼西亚,法属波利尼西亚 新增次留,0.0,,,1.0,,,0.0,0.5,,,,,
1.1.法罗群岛,法罗群岛 新增次留,,,,0.0,,,,,,,,,
1.1.波兰,波兰 新增次留,0.101449,0.108696,0.140351,0.130435,0.147059,0.155172,0.133333,0.222222,-0.007246,-6.666667,-1.1264e-06,1.609205,-0.000788
1.1.波多黎各,波多黎各 新增次留,0.277778,0.2,0.230769,0.045455,0.117647,0.0,0.157895,0.2,0.077778,38.888889,5.2563e-06,-7.509001,0.003679
1.1.波黑,波黑 新增次留,0.0,0.222222,0.25,0.25,0.0,0.1,0.0,0.166667,-0.222222,-100.0,-7.8844e-06,11.263457,-0.005518
1.1.泰国,泰国 新增次留,0.076923,0.111111,0.3,0.090909,0.181818,0.318182,0.166667,0.222222,-0.034188,-30.769231,-1.213e-06,1.73284,-0.000849
1.1.泽西岛,泽西岛 新增次留,0.0,,,,0.0,,0.5,,,,,,
1.1.津巴布韦,津巴布韦 新增次留,0.0,0.333333,0.0,0.0,0.333333,0.0,0.0,0.0,-0.333333,-100.0,-7.8844e-06,11.263457,-0.005518
1.1.洪都拉斯,洪都拉斯 新增次留,0.090909,0.125,0.090909,0.4,0.083333,0.230769,0.153846,0.235294,-0.034091,-27.272727,-1.2902e-06,1.843118,-0.000903
1.1.海地,海地 新增次留,0.125,0.181818,0.0,0.2,1.0,0.25,0.133333,0.2,-0.056818,-31.25,-2.9567e-06,4.223787,-0.002069
1.1.澳大利亚,澳大利亚 新增次留,0.095238,0.080268,0.092031,0.098298,0.122995,0.128492,0.128105,0.090909,0.014971,18.650794,6.04987e-05,-86.426781,0.042339
1.1.爱尔兰,爱尔兰 新增次留,0.26087,0.117647,0.142857,0.136364,0.136364,0.125,0.148148,0.037037,0.143223,121.73913,1.64545e-05,-23.50645,0.011515
1.1.爱沙尼亚,爱沙尼亚 新增次留,0.153846,0.0,0.142857,0.181818,0.0,0.181818,0.181818,0.222222,0.153846,,7.2779e-06,-10.397037,0.005093
1.1.牙买加,牙买加 新增次留,0.285714,0.2,0.25,0.125,0.125,0.0,0.1,0.142857,0.085714,42.857143,2.5343e-06,-3.620388,0.001774
1.1.特克斯和凯科斯群岛,特克斯和凯科斯群岛 新增次留,0.0,0.333333,,0.0,,1.0,1.0,,-0.333333,-100.0,-7.8844e-06,11.263457,-0.005518
1.1.特立尼达和多巴哥,特立尼达和多巴哥 新增次留,0.142857,0.0,1.0,0.166667,0.166667,0.0,0.2,0.2,0.142857,,3.379e-06,-4.827196,0.002365
1.1.玻利维亚,玻利维亚 新增次留,0.052632,0.0,0.208333,0.038462,0.058824,0.111111,0.130435,0.142857,0.052632,,3.0234e-06,-4.319108,0.002116
1.1.瑙鲁,瑙鲁 新增次留,,,,,,,,,,,,,
1.1.瑞典,瑞典 新增次留,0.109091,0.104762,0.083333,0.2,0.1,0.263158,0.130435,0.136364,0.004329,4.132231,1.5359e-06,-2.19418,0.001075
1.1.瑞士,瑞士 新增次留,0.205128,0.157895,0.1,0.058824,0.041667,0.275,0.129032,0.0,0.047233,29.91453,6.0649e-06,-8.66412,0.004244
1.1.瓜德罗普,瓜德罗普 新增次留,,,0.0,,,0.0,,,,,,,
1.1.瓦利斯和富图纳群岛,瓦利斯和富图纳群岛 新增次留,,,,,,,,,,,,,
1.1.瓦努阿图,瓦努阿图 新增次留,,,,,,0.0,,0.0,,,,,
1.1.留尼汪岛,留尼汪岛 新增次留,,0.0,0.0,0.0,0.0,,0.5,0.0,,,,,
1.1.白俄罗斯,白俄罗斯 新增次留,0.11,0.078652,0.101695,0.042105,0.076271,0.092308,0.058824,0.068702,0.031348,39.857143,9.4274e-06,-13.467755,0.006598
1.1.百慕大,百慕大 新增次留,,0.0,,,,0.0,,0.0,,,,,
1.1.直布罗陀,直布罗陀 新增次留,0.0,0.0,0.0,,0.0,,0.0,0.0,0.0,,0.0,-0.0,0.0
1.1.福克兰群岛,福克兰群岛 新增次留,,,,,,,,,,,,,
1.1.科威特,科威特 新增次留,0.0,0.0,0.375,0.142857,0.0,0.0,0.0,0.2,0.0,,0.0,-0.0,0.0
1.1.科摩罗,科摩罗 新增次留,,,,,,,,,,,,,
1.1.科特迪瓦,科特迪瓦 新增次留,0.5,0.285714,0.0,0.25,0.25,0.333333,0.0,0.25,0.214286,75.0,7.096e-06,-10.137135,0.004966
1.1.科索沃,科索沃 新增次留,0.0,0.0,,0.0,0.0,0.333333,0.142857,0.0,0.0,,0.0,-0.0,0.0
1.1.秘鲁,秘鲁 新增次留,0.044776,0.112676,0.085714,0.084746,0.072464,0.105882,0.089109,0.062937,-0.0679,-60.261194,-1.629e-05,23.271452,-0.0114
1.1.突尼斯,突尼斯 新增次留,0.1,0.333333,0.076923,0.2,0.444444,0.333333,0.0,0.25,-0.233333,-70.0,-1.10382e-05,15.768833,-0.007725
1.1.立陶宛,立陶宛 新增次留,0.1875,0.0,0.181818,0.0,0.0,0.0,0.0,0.0,0.1875,,5.9133e-06,-8.447599,0.004138
1.1.索马里,索马里 新增次留,0.0,0.25,0.0,0.111111,0.25,0.333333,0.25,0.0,-0.25,-100.0,-7.8844e-06,11.263465,-0.005518
1.1.约旦,约旦 新增次留,0.0,0.090909,0.0,0.2,0.333333,0.217391,0.083333,0.230769,-0.090909,-100.0,-5.9133e-06,8.447593,-0.004138
1.1.纳米比亚,纳米比亚 新增次留,,,,,0.5,,,,,,,,
1.1.缅甸,缅甸 新增次留,0.125,0.0,0.125,0.294118,0.214286,0.142857,0.142857,0.0,0.125,,4.7307e-06,-6.758081,0.003311
1.1.罗马尼亚,罗马尼亚 新增次留,0.25,0.151515,0.043478,0.15,0.272727,0.129032,0.166667,0.068966,0.098485,65.0,1.09819e-05,-15.688427,0.007685
1.1.美国,美国 新增次留,0.12552,0.131526,0.125514,0.115726,0.108758,0.115677,0.12053,0.114846,-0.006006,-4.566202,-0.0004357436,622.490826,-0.304946
1.1.美属维尔京群岛,美属维尔京群岛 新增次留,,0.0,1.0,0.0,,,0.0,0.666667,,,,,
1.1.老挝,老挝 新增次留,,0.0,,0.0,0.0,0.0,,,,,,,
1.1.肯尼亚,肯尼亚 新增次留,0.0,0.333333,0.214286,0.263158,0.111111,0.411765,0.166667,0.285714,-0.333333,-100.0,-7.8844e-06,11.263457,-0.005518
1.1.芬兰,芬兰 新增次留,0.255319,0.177778,0.181818,0.230769,0.153846,0.136364,0.142857,0.0,0.077541,43.617021,1.17906e-05,-16.843767,0.008251
1.1.苏丹,苏丹 新增次留,0.0,0.0,,0.0,0.0,0.0,0.0,0.333333,0.0,,0.0,-0.0,0.0
1.1.苏里南,苏里南 新增次留,0.0,0.0,0.0,,0.0,0.0,0.0,0.0,0.0,,0.0,-0.0,0.0
1.1.英国,英国 新增次留,0.13651,0.152954,0.156833,0.14301,0.151022,0.150761,0.154335,0.136823,-0.016444,-10.751176,-0.0002971613,424.516155,-0.207962
1.1.英属维尔京群岛,英属维尔京群岛 新增次留,0.0,,,,0.0,0.0,,0.0,,,,,
1.1.荷兰,荷兰 新增次留,0.138889,0.190184,0.2,0.117647,0.079646,0.141509,0.179245,0.155039,-0.051295,-26.971326,-2.82524e-05,40.360635,-0.019772
1.1.荷兰加勒比,荷兰加勒比 新增次留,,,0.0,,,,,,,,,,
1.1.荷属圣马丁,荷属圣马丁 新增次留,0.0,,0.0,1.0,0.0,,0.0,0.0,,,,,
1.1.荷属安的列斯,荷属安的列斯 新增次留,,,,,,,,,,,,,
1.1.莫桑比克,莫桑比克 新增次留,0.0,0.0,0.0,0.333333,0.333333,0.0,0.25,0.333333,0.0,,0.0,-0.0,0.0
1.1.莱索托,莱索托 新增次留,,,,,,,,,,,,,
1.1.菲律宾,菲律宾 新增次留,0.088889,0.133333,0.224138,0.107143,0.181818,0.153846,0.135417,0.175182,-0.044444,-33.333333,-9.0107e-06,12.872407,-0.006306
1.1.萨尔瓦多,萨尔瓦多 新增次留,0.153846,0.066667,0.1,0.222222,0.090909,0.0,0.0625,0.09375,0.087179,130.769231,5.1552e-06,-7.364534,0.003608
1.1.萨摩亚,萨摩亚 新增次留,,,,0.0,,1.0,0.0,0.0,,,,,
1.1.葡萄牙,葡萄牙 新增次留,0.134146,0.164179,0.16129,0.126761,0.052632,0.134615,0.145161,0.092105,-0.030033,-18.292683,-6.7993e-06,9.713347,-0.004758
1.1.蒙古,蒙古 新增次留,,0.0,1.0,0.0,0.0,0.0,,,,,,,
1.1.西班牙,西班牙 新增次留,0.16726,0.153082,0.135011,0.172897,0.170663,0.155668,0.15113,0.128247,0.014178,9.261912,4.81955e-05,-68.850692,0.033729
1.1.贝宁,贝宁 新增次留,0.0,0.333333,1.0,0.666667,0.0,,0.0,0.0,-0.333333,-100.0,-1.18266e-05,16.895186,-0.008277
1.1.赞比亚,赞比亚 新增次留,0.0,0.0,0.5,0.333333,0.0,0.333333,0.0,0.0,0.0,,0.0,-0.0,0.0
1.1.赤道几内亚,赤道几内亚 新增次留,,,,,,,,,,,,,
1.1.越南,越南 新增次留,0.266667,0.0,0.3,0.133333,0.235294,0.2,0.055556,0.111111,0.266667,,1.10382e-05,-15.768875,0.007725
1.1.阿塞拜疆,阿塞拜疆 新增次留,0.142857,0.090909,0.125,0.238095,0.071429,0.076923,0.066667,0.045455,0.051948,57.142857,3.379e-06,-4.827196,0.002365
1.1.阿富汗,阿富汗 新增次留,0.0,0.125,0.285714,0.333333,0.0,0.0,0.0,0.0,-0.125,-100.0,-3.9422e-06,5.631733,-0.002759
1.1.阿尔及利亚,阿尔及利亚 新增次留,0.052632,0.071429,0.0,0.090909,0.041667,0.0,0.0,0.047619,-0.018797,-26.315789,-1.2449e-06,1.778443,-0.000871
1.1.阿尔巴尼亚,阿尔巴尼亚 新增次留,0.117647,0.333333,0.083333,0.05,0.133333,0.272727,0.090909,0.15,-0.215686,-64.705882,-1.09322e-05,15.617393,-0.007651
1.1.阿曼,阿曼 新增次留,0.0,0.333333,0.25,0.25,0.0,0.0,0.166667,0.0,-0.333333,-100.0,-7.8844e-06,11.263457,-0.005518
1.1.阿根廷,阿根廷 新增次留,0.093023,0.049383,0.04,0.084337,0.036145,0.082474,0.063158,0.069767,0.043641,88.372093,1.19444e-05,-17.063383,0.008359
1.1.阿联酋,阿联酋 新增次留,0.12,0.242424,0.125,0.157895,0.205128,0.095238,0.107143,0.0,-0.122424,-50.5,-1.36513e-05,19.501853,-0.009554
1.1.阿鲁巴,阿鲁巴 新增次留,0.666667,0.5,0.142857,0.0,0.0,0.333333,0.375,0.0,0.166667,33.333333,3.9422e-06,-5.631745,0.002759
1.1.韩国,韩国 新增次留,0.0,0.090909,0.142857,0.0,0.153846,0.076923,0.2,0.076923,-0.090909,-100.0,-3.9422e-06,5.631727,-0.002759
1.1.马尔代夫,马尔代夫 新增次留,,0.333333,0.5,1.0,0.0,0.5,0.0,0.2,,,,,
1.1.马恩岛,马恩岛 新增次留,,0.0,,,0.0,0.0,,,,,,,
1.1.马拉维,马拉维 新增次留,,0.333333,0.5,0.5,0.0,,0.0,0.0,,,,,
1.1.马提尼克岛,马提尼克岛 新增次留,,,,0.0,,0.0,,,,,,,
1.1.马来西亚,马来西亚 新增次留,0.090909,0.117647,0.153846,0.083333,0.173913,0.076923,0.217391,0.15,-0.026738,-22.727273,-1.5359e-06,2.194184,-0.001075
1.1.马约特,马约特 新增次留,,,,,,,,,,,,,
1.1.马绍尔群岛,马绍尔群岛 新增次留,,,,,,,,,,,,,
1.1.马耳他,马耳他 新增次留,0.111111,0.0,0.2,0.272727,0.25,0.166667,0.166667,0.2,0.111111,,2.6281e-06,-3.754486,0.001839
1.1.马达加斯加,马达加斯加 新增次留,0.0,0.0,0.0,0.0,0.0,,0.0,0.0,0.0,,0.0,-0.0,0.0
1.1.马里,马里 新增次留,0.2,0.0,0.071429,0.333333,,0.0,0.0,0.0,0.2,,4.7307e-06,-6.758081,0.003311
1.1.黎巴嫩,黎巴嫩 新增次留,0.0,0.166667,0.125,0.076923,0.5,0.25,0.0,0.285714,-0.166667,-100.0,-3.9422e-06,5.631745,-0.002759
1.1.黑山,黑山 新增次留,0.0,0.333333,0.333333,0.4,0.333333,0.0,0.0,0.0,-0.333333,-100.0,-7.8844e-06,11.263457,-0.005518
1.2,自然 新增次留,0.162153,0.166525,0.168695,0.161145,0.164972,0.166212,0.154049,0.16153,-0.004373,-2.625773,-0.0025966644,3709.52063,-1.81722
1.2.unknow,unknow 新增次留,0.111111,0.0,0.0,0.071429,0.0625,0.0,0.125,0.2,0.111111,,4.3802e-06,-6.257477,0.003065
1.2.不丹,不丹 新增次留,0.0,0.0,0.0,0.0,0.0,0.0,0.0,0.5,0.0,,0.0,-0.0,0.0
1.2.东帝汶,东帝汶 新增次留,,0.0,0.0,0.5,0.0,0.0,0.666667,0.25,,,,,
1.2.中国,中国 新增次留,0.145336,0.155789,0.128266,0.138958,0.154639,0.143631,0.137536,0.129808,-0.010453,-6.709855,-1.67775e-05,23.967896,-0.011741
1.2.中国台湾,中国台湾 新增次留,0.122222,0.123077,0.12,0.106061,0.179104,0.181818,0.159091,0.171429,-0.000855,-0.694444,-1.878e-07,0.268272,-0.000131
1.2.中国澳门,中国澳门 新增次留,0.666667,0.0,0.0,0.166667,0.166667,0.0,0.0,0.0,0.666667,,1.57689e-05,-22.526948,0.011036
1.2.中国香港,中国香港 新增次留,0.198903,0.214106,0.2225,0.230769,0.227891,0.218121,0.153846,0.184397,-0.015203,-7.100783,-2.03945e-05,29.135009,-0.014273
1.2.中非,中非 新增次留,0.0,0.125,0.5,0.0,0.333333,0.0,0.333333,0.0,-0.125,-100.0,-4.7307e-06,6.758081,-0.003311
1.2.丹麦,丹麦 新增次留,0.162712,0.13806,0.131488,0.156069,0.130137,0.128889,0.128514,0.167347,0.024652,17.856161,2.23244e-05,-31.89204,0.015623
1.2.乌克兰,乌克兰 新增次留,0.187764,0.1757,0.184575,0.180801,0.189245,0.202407,0.14303,0.146614,0.012064,6.866031,9.02531e-05,-128.933063,0.063162
1.2.乌兹别克斯坦,乌兹别克斯坦 新增次留,0.147826,0.21875,0.18677,0.172973,0.161446,0.147186,0.131488,0.136095,-0.070924,-32.42236,-5.36827e-05,76.689622,-0.037569
1.2.乌干达,乌干达 新增次留,0.210526,0.25641,0.219512,0.267442,0.282609,0.192593,0.172932,0.166667,-0.045884,-17.894737,-1.20934e-05,17.276319,-0.008463
1.2.乌拉圭,乌拉圭 新增次留,0.25,0.105882,0.076923,0.183333,0.140625,0.076923,0.063291,0.137931,0.144118,136.111111,4.13933e-05,-59.133353,0.028968
1.2.乍得,乍得 新增次留,0.333333,0.0,0.285714,0.157895,0.176471,0.12,0.074074,0.238095,0.333333,,1.18266e-05,-16.895186,0.008277
1.2.也门,也门 新增次留,0.129032,0.181818,0.142857,0.172414,0.1875,0.149254,0.173913,0.180328,-0.052786,-29.032258,-5.8861e-06,8.408685,-0.004119
1.2.亚美尼亚,亚美尼亚 新增次留,0.198413,0.184679,0.203438,0.154982,0.176707,0.175115,0.115385,0.166667,0.013734,7.436802,6.78481e-05,-96.925884,0.047482
1.2.以色列,以色列 新增次留,0.164894,0.150388,0.152661,0.151061,0.181495,0.139905,0.173776,0.167528,0.014506,9.645756,3.16156e-05,-45.165076,0.022125
1.2.伊拉克,伊拉克 新增次留,0.131579,0.144712,0.132576,0.126095,0.138955,0.086142,0.106238,0.131004,-0.013133,-9.075574,-2.39192e-05,34.170243,-0.016739
1.2.伊朗,伊朗 新增次留,0.15342,0.158554,0.158042,0.158094,0.149238,0.106509,0.113924,0.126316,-0.005134,-3.237993,-7.48392e-05,106.913208,-0.052375
1.2.伯利兹,伯利兹 新增次留,0.090909,0.25,0.222222,0.166667,0.227273,0.2,0.2,0.238095,-0.159091,-63.636364,-8.6012e-06,12.287425,-0.006019
1.2.佛得角,佛得角 新增次留,0.071429,0.133333,0.157895,0.0,0.266667,0.315789,0.227273,0.333333,-0.061905,-46.428571,-3.1376e-06,4.482345,-0.002196
1.2.俄罗斯,俄罗斯 新增次留,0.181272,0.187073,0.198983,0.179054,0.179884,0.162065,0.144504,0.141109,-0.005801,-3.101019,-0.0002753663,393.380402,-0.192709
1.2.保加利亚,保加利亚 新增次留,0.167464,0.174447,0.174242,0.154158,0.143954,0.132353,0.116049,0.153179,-0.006983,-4.002965,-9.6035e-06,13.719295,-0.006721
1.2.克罗地亚,克罗地亚 新增次留,0.128603,0.161383,0.146277,0.18705,0.156425,0.159509,0.152648,0.148265,-0.03278,-20.312005,-3.84354e-05,54.907767,-0.026898
1.2.关岛,关岛 新增次留,0.0,0.3,0.0,0.058824,0.181818,0.4,0.285714,0.0,-0.3,-100.0,-1.4192e-05,20.274243,-0.009932
1.2.冈比亚,冈比亚 新增次留,0.266667,0.253623,0.202381,0.273846,0.246944,0.27551,0.236364,0.241135,0.013043,5.142857,6.0825e-06,-8.689309,0.004257
1.2.冰岛,冰岛 新增次留,0.32,0.1,0.259259,0.150943,0.185185,0.05,0.05,0.086957,0.22,220.0,2.23017e-05,-31.859522,0.015607
1.2.几内亚,几内亚 新增次留,0.184211,0.197802,0.151316,0.228571,0.156863,0.172414,0.197368,0.233333,-0.013592,-6.871345,-4.1791e-06,5.97019,-0.002925
1.2.几内亚比绍,几内亚比绍 新增次留,0.230769,0.1,0.75,0.25,0.166667,0.333333,0.375,0.125,0.130769,130.769231,4.4187e-06,-6.31248,0.003092
1.2.列支敦士登,列支敦士登 新增次留,,0.0,0.0,0.0,0.0,0.0,,0.4,,,,,
1.2.刚果共和国,刚果共和国 新增次留,0.189189,0.16,0.192771,0.184211,0.09434,0.12,0.106383,0.113636,0.029189,18.243243,2.4658e-06,-3.522529,0.001726
1.2.刚果民主共和国,刚果民主共和国 新增次留,0.133333,0.235955,0.25,0.189189,0.246377,0.1875,0.209302,0.195122,-0.102622,-43.492063,-3.0862e-05,44.088553,-0.021598
1.2.利比亚,利比亚 新增次留,0.102941,0.22807,0.254237,0.234568,0.170455,0.229885,0.17757,0.178947,-0.125129,-54.864253,-2.41005e-05,34.429299,-0.016866
1.2.利比里亚,利比里亚 新增次留,0.216346,0.122549,0.190476,0.172414,0.164609,0.160976,0.183824,0.172727,0.093797,76.538462,6.46565e-05,-92.366496,0.045248
1.2.加拿大,加拿大 新增次留,0.131183,0.12294,0.146762,0.135482,0.136708,0.132928,0.113215,0.131876,0.008242,6.704357,8.79054e-05,-125.579182,0.061519
1.2.加纳,加纳 新增次留,0.2185,0.242947,0.262262,0.242345,0.250727,0.258539,0.261872,0.279018,-0.024447,-10.062731,-0.000105407,150.581494,-0.073767
1.2.加蓬,加蓬 新增次留,0.25,0.166667,0.2,0.0,0.666667,0.5,0.25,0.75,0.083333,50.0,2.9566e-06,-4.223784,0.002069
1.2.匈牙利,匈牙利 新增次留,0.154341,0.1673,0.1875,0.166253,0.156352,0.13806,0.141631,0.123134,-0.01296,-7.746273,-1.15165e-05,16.452148,-0.00806
1.2.北马其顿,北马其顿 新增次留,0.176471,0.179612,0.142857,0.146067,0.15,0.137931,0.109091,0.150794,-0.003141,-1.748808,-2.1864e-06,3.123421,-0.00153
1.2.北马里亚纳群岛,北马里亚纳群岛 新增次留,,0.0,,,,,,,,,,,
1.2.南苏丹,南苏丹 新增次留,0.146552,0.20332,0.186441,0.131707,0.176991,0.234783,0.193133,0.222749,-0.056768,-27.920479,-4.62289e-05,66.041357,-0.032352
1.2.南非,南非 新增次留,0.187817,0.179331,0.176068,0.170963,0.156805,0.187592,0.170799,0.186514,0.008486,4.731997,1.88678e-05,-26.954065,0.013204
1.2.博茨瓦纳,博茨瓦纳 新增次留,0.071429,0.083333,0.133333,0.117647,0.285714,0.238095,0.136364,0.214286,-0.011905,-14.285714,-4.827e-07,0.689556,-0.000338
1.2.卡塔尔,卡塔尔 新增次留,0.154762,0.1125,0.125,0.102804,0.237288,0.131868,0.189655,0.134615,0.042262,37.566138,1.14244e-05,-16.320572,0.007995
1.2.卢旺达,卢旺达 新增次留,0.2,0.142857,0.148148,0.34375,0.136364,0.325581,0.15625,0.230769,0.057143,40.0,8.1097e-06,-11.585311,0.005675
1.2.卢森堡,卢森堡 新增次留,0.2,0.179487,0.159091,0.2,0.073171,0.172414,0.230769,0.071429,0.020513,11.428571,2.7033e-06,-3.861795,0.001892
1.2.印度,印度 新增次留,0.212569,0.1875,0.222025,0.208145,0.220134,0.234615,0.239948,0.255591,0.025069,13.370302,4.20157e-05,-60.022495,0.029404
1.2.印度尼西亚,印度尼西亚 新增次留,0.204866,0.164482,0.187651,0.194683,0.164654,0.176608,0.164192,0.170103,0.040384,24.552321,0.0001144892,-163.556064,0.080123
1.2.危地马拉,危地马拉 新增次留,0.172185,0.131783,0.176871,0.170543,0.220588,0.157143,0.164706,0.191011,0.040402,30.658356,1.76111e-05,-25.158684,0.012325
1.2.厄瓜多尔,厄瓜多尔 新增次留,0.171014,0.157895,0.200627,0.153846,0.172702,0.181303,0.165,0.171717,0.01312,8.309179,1.43185e-05,-20.454959,0.01002
1.2.叙利亚,叙利亚 新增次留,0.165605,0.201342,0.203125,0.20979,0.176471,0.22449,0.19,0.150538,-0.035737,-17.749469,-1.79928e-05,25.703941,-0.012592
1.2.古巴,古巴 新增次留,0.133333,0.230769,0.133333,0.105263,0.233333,0.142857,0.176471,0.064516,-0.097436,-42.222222,-7.4902e-06,10.700306,-0.005242
1.2.吉尔吉斯斯坦,吉尔吉斯斯坦 新增次留,0.19281,0.227907,0.175649,0.138614,0.214505,0.273183,0.138462,0.161074,-0.035097,-15.399493,-2.54977e-05,36.425357,-0.017844
1.2.吉布提,吉布提 新增次留,0.0,0.0,0.0,,0.0,0.5,0.0,0.166667,0.0,,0.0,-0.0,0.0
1.2.哈萨克斯坦,哈萨克斯坦 新增次留,0.179136,0.168375,0.157808,0.162338,0.193184,0.245885,0.147761,0.148148,0.010761,6.391167,4.96703e-05,-70.957562,0.034761
1.2.哥伦比亚,哥伦比亚 新增次留,0.174401,0.175995,0.18069,0.18527,0.198192,0.180707,0.161455,0.19223,-0.001593,-0.905373,-7.9877e-06,11.411029,-0.00559
1.2.哥斯达黎加,哥斯达黎加 新增次留,0.190909,0.174312,0.216783,0.245283,0.237288,0.177966,0.183206,0.183333,0.016597,9.521531,6.1129e-06,-8.732759,0.004278
1.2.喀麦隆,喀麦隆 新增次留,0.223214,0.271186,0.222973,0.181102,0.272189,0.25,0.25,0.243902,-0.047972,-17.689732,-1.91277e-05,27.325316,-0.013386
1.2.图瓦卢,图瓦卢 新增次留,,,1.0,0.0,,,,,,,,,
1.2.土库曼斯坦,土库曼斯坦 新增次留,0.5,0.5,0.25,0.2,0.25,,,0.0,0.0,0.0,0.0,-0.0,0.0
1.2.土耳其,土耳其 新增次留,0.14295,0.144039,0.142228,0.154461,0.141309,0.142857,0.136267,0.139347,-0.001089,-0.755796,-1.73465e-05,24.780657,-0.01214
1.2.圣卢西亚,圣卢西亚 新增次留,0.066667,0.0,0.294118,0.25,0.545455,0.272727,0.153846,0.2,0.066667,,2.2077e-06,-3.153787,0.001545
1.2.圣基茨和尼维斯,圣基茨和尼维斯 新增次留,0.285714,0.0,1.0,0.333333,0.0,0.0,0.0,0.25,0.285714,,1.01371e-05,-14.481588,0.007094
1.2.圣多美和普林西比,圣多美和普林西比 新增次留,,0.0,0.0,,0.333333,0.0,,0.2,,,,,
1.2.圣巴泰勒米岛,圣巴泰勒米岛 新增次留,,,,,,,,1.0,,,,,
1.2.圣文森特和格林纳丁斯,圣文森特和格林纳丁斯 新增次留,0.5,0.0,0.2,0.0,1.0,0.333333,0.333333,0.0,0.5,,1.18266e-05,-16.895202,0.008277
1.2.圣皮埃尔和密克隆群岛,圣皮埃尔和密克隆群岛 新增次留,,,,,,0.0,,,,,,,
1.2.圣马力诺,圣马力诺 新增次留,,0.0,0.0,,0.0,,,0.0,,,,,
1.2.圭亚那,圭亚那 新增次留,0.1,0.285714,0.210526,0.133333,0.129032,0.266667,0.208333,0.181818,-0.185714,-65.0,-1.53746e-05,21.963729,-0.01076
1.2.坦桑尼亚,坦桑尼亚 新增次留,0.248322,0.204545,0.232877,0.186567,0.246835,0.260116,0.221591,0.215827,0.043777,21.401939,1.9526e-05,-27.894288,0.013665
1.2.埃及,埃及 新增次留,0.172273,0.166667,0.169561,0.168459,0.173193,0.120968,0.156698,0.153634,0.005607,3.363914,1.82988e-05,-26.141203,0.012806
1.2.埃塞俄比亚,埃塞俄比亚 新增次留,0.170732,0.2,0.171875,0.235714,0.196262,0.22069,0.245059,0.154545,-0.029268,-14.634146,-9.8898e-06,14.128251,-0.006921
1.2.基里巴斯,基里巴斯 新增次留,,0.0,,,,,,0.0,,,,,
1.2.塔吉克斯坦,塔吉克斯坦 新增次留,0.210526,0.176471,0.25,0.166667,0.159091,0.117647,0.162791,0.269231,0.034056,19.298246,3.9125e-06,-5.589271,0.002738
1.2.塞内加尔,塞内加尔 新增次留,0.186275,0.2375,0.26087,0.242981,0.290938,0.243328,0.230727,0.235165,-0.051225,-21.568627,-6.92365e-05,98.909342,-0.048454
1.2.塞尔维亚,塞尔维亚 新增次留,0.114914,0.15873,0.169691,0.141075,0.175615,0.184652,0.136054,0.181292,-0.043816,-27.603912,-0.0001212579,173.225564,-0.08486
1.2.塞拉利昂,塞拉利昂 新增次留,0.318182,0.333333,0.333333,0.327869,0.22449,0.267857,0.269841,0.206897,-0.015152,-4.545455,-3.0718e-06,4.388215,-0.00215
1.2.塞浦路斯,塞浦路斯 新增次留,0.225806,0.218045,0.122449,0.186335,0.169118,0.242991,0.226415,0.166667,0.007761,3.559511,3.4879e-06,-4.982699,0.002441
1.2.塞舌尔,塞舌尔 新增次留,0.222222,0.555556,0.25,0.0,0.166667,0.5,0.166667,0.285714,-0.333333,-60.0,-1.4192e-05,20.274283,-0.009932
1.2.墨西哥,墨西哥 新增次留,0.157841,0.159869,0.159003,0.155703,0.15516,0.1423,0.135386,0.136752,-0.002027,-1.268174,-1.88175e-05,26.88214,-0.013169
1.2.多哥,多哥 新增次留,0.156863,0.208333,0.191489,0.230769,0.247423,0.278195,0.198347,0.222222,-0.051471,-24.705882,-8.3481e-06,11.925889,-0.005842
1.2.多米尼克,多米尼克 新增次留,0.333333,0.0,,0.333333,0.333333,0.5,0.0,0.666667,0.333333,,7.8844e-06,-11.263457,0.005518
1.2.多米尼加,多米尼加 新增次留,0.212851,0.243446,0.2,0.180428,0.187726,0.266447,0.167213,0.22623,-0.030594,-12.567192,-2.76029e-05,39.432751,-0.019317
1.2.奥兰群岛,奥兰群岛 新增次留,0.0,,0.0,,,,,,,,,,
1.2.奥地利,奥地利 新增次留,0.174877,0.175889,0.186944,0.178396,0.176245,0.173913,0.128852,0.142119,-0.001012,-0.575635,-1.7303e-06,2.471874,-0.001211
1.2.委内瑞拉,委内瑞拉 新增次留,0.136667,0.204787,0.153226,0.168449,0.175644,0.213303,0.137255,0.159145,-0.068121,-33.264069,-8.65478e-05,123.639671,-0.060569
1.2.孟加拉,孟加拉 新增次留,0.168539,0.18713,0.188437,0.188953,0.203774,0.200774,0.165358,0.17097,-0.018591,-9.93484,-0.0001806068,258.009654,-0.126394
1.2.安哥拉,安哥拉 新增次留,0.148515,0.206522,0.201835,0.259259,0.184783,0.189189,0.173469,0.190909,-0.058007,-28.087546,-1.80327e-05,25.761051,-0.01262
1.2.安圭拉,安圭拉 新增次留,0.0,0.0,0.0,0.5,,0.0,,0.5,0.0,,0.0,-0.0,0.0
1.2.安提瓜和巴布达,安提瓜和巴布达 新增次留,0.2,0.0,0.153846,0.2,0.111111,0.111111,0.166667,0.333333,0.2,,4.7307e-06,-6.758081,0.003311
1.2.安道尔,安道尔 新增次留,0.0,0.0,0.4,0.333333,0.0,0.0,0.0,,0.0,,0.0,-0.0,0.0
1.2.密克罗尼西亚联邦,密克罗尼西亚联邦 新增次留,0.0,,,0.0,,,,0.0,,,,,
1.2.尼加拉瓜,尼加拉瓜 新增次留,0.283951,0.202899,0.127273,0.209677,0.090909,0.193548,0.181818,0.262295,0.081052,39.94709,1.88976e-05,-26.996545,0.013225
1.2.尼日利亚,尼日利亚 新增次留,0.23125,0.245866,0.244658,0.245426,0.249043,0.214087,0.2228,0.232616,-0.014616,-5.94469,-0.0002269875,324.267864,-0.158852
1.2.尼日尔,尼日尔 新增次留,0.25,0.142857,0.0625,0.044444,0.172414,0.132075,0.173333,0.22449,0.107143,75.0,1.47833e-05,-21.11903,0.010346
1.2.尼泊尔,尼泊尔 新增次留,0.178571,0.149254,0.177305,0.162791,0.153846,0.135371,0.1341,0.161458,0.029318,19.642857,1.32745e-05,-18.963552,0.00929
1.2.巴勒斯坦,巴勒斯坦 新增次留,0.123894,0.121495,0.176471,0.16875,0.177083,0.175439,0.183206,0.181287,0.002398,1.974132,8.674e-07,-1.239109,0.000607
1.2.巴哈马,巴哈马 新增次留,0.25,0.264706,0.27027,0.138889,0.222222,0.121951,0.30303,0.272727,-0.014706,-5.555556,-1.6895e-06,2.41362,-0.001182
1.2.巴基斯坦,巴基斯坦 新增次留,0.174097,0.190616,0.157734,0.176508,0.210419,0.146991,0.152929,0.165006,-0.016519,-8.666209,-7.61363e-05,108.766081,-0.053282
1.2.巴巴多斯,巴巴多斯 新增次留,0.25,0.0,0.105263,0.115385,0.238095,0.2,0.083333,0.333333,0.25,,1.67544e-05,-23.934867,0.011725
1.2.巴布亚新几内亚,巴布亚新几内亚 新增次留,0.25,0.5,0.2,0.333333,0.272727,0.117647,0.24,0.0,-0.25,-50.0,-8.87e-06,12.671402,-0.006207
1.2.巴拉圭,巴拉圭 新增次留,0.1625,0.232877,0.2,0.215686,0.210191,0.163399,0.229167,0.166667,-0.070377,-30.220588,-3.47198e-05,49.59969,-0.024298
1.2.巴拿马,巴拿马 新增次留,0.197531,0.157303,0.215909,0.157303,0.179487,0.175926,0.163636,0.203252,0.040227,25.573192,1.2098e-05,-17.282788,0.008466
1.2.巴林,巴林 新增次留,0.138889,0.216216,0.12,0.148936,0.111111,0.068182,0.136364,0.066667,-0.077327,-35.763889,-9.6678e-06,13.811098,-0.006766
1.2.巴西,巴西 新增次留,0.171188,0.17396,0.179705,0.170856,0.169921,0.169664,0.165445,0.179843,-0.002772,-1.593389,-0.000427899,611.284238,-0.299456
1.2.布基纳法索,布基纳法索 新增次留,0.233051,0.223629,0.225714,0.326425,0.268116,0.257862,0.211409,0.221024,0.009422,4.213303,7.5454e-06,-10.779207,0.005281
1.2.布隆迪,布隆迪 新增次留,0.230769,0.263158,0.285714,0.4,0.454545,0.117647,0.055556,0.375,-0.032389,-12.307692,-2.0794e-06,2.970616,-0.001455
1.2.希腊,希腊 新增次留,0.20764,0.215228,0.189024,0.184793,0.181514,0.175389,0.162037,0.142248,-0.007589,-3.525955,-2.52556e-05,36.079367,-0.017675
1.2.帕劳,帕劳 新增次留,,,,,,0.0,,0.0,,,,,
1.2.库克群岛,库克群岛 新增次留,0.0,0.5,,0.5,,0.5,0.0,,-0.5,-100.0,-1.18266e-05,16.895202,-0.008277
1.2.库拉索,库拉索 新增次留,0.222222,0.272727,0.2,0.277778,0.2,0.25,0.2,0.181818,-0.050505,-18.518519,-1.8772e-06,2.681776,-0.001314
1.2.开曼群岛,开曼群岛 新增次留,0.363636,0.090909,0.125,0.0,0.285714,0.0,0.25,0.166667,0.272727,300.0,1.18266e-05,-16.895182,0.008277
1.2.德国,德国 新增次留,0.168291,0.186253,0.179862,0.164715,0.167255,0.1665,0.142359,0.134826,-0.017962,-9.643676,-0.0004441611,634.515817,-0.310837
1.2.意大利,意大利 新增次留,0.153117,0.165045,0.172005,0.174309,0.152746,0.152291,0.147933,0.143593,-0.011928,-7.2272,-0.0001159984,165.71193,-0.081179
1.2.所罗门群岛,所罗门群岛 新增次留,1.0,1.0,0.0,0.0,0.25,0.333333,0.0,0.0,0.0,0.0,0.0,-0.0,0.0
1.2.拉脱维亚,拉脱维亚 新增次留,0.202326,0.173077,0.18319,0.181058,0.17602,0.172161,0.164251,0.139013,0.029249,16.899225,3.59754e-05,-51.393449,0.025177
1.2.挪威,挪威 新增次留,0.134146,0.172061,0.194879,0.150883,0.132797,0.178674,0.137615,0.107692,-0.037915,-22.03574,-7.52043e-05,107.434686,-0.05263
1.2.捷克,捷克 新增次留,0.162393,0.16035,0.180628,0.183727,0.167048,0.145119,0.122449,0.135231,0.002043,1.274281,2.3679e-06,-3.382656,0.001657
1.2.摩尔多瓦,摩尔多瓦 新增次留,0.182171,0.11828,0.205645,0.180556,0.152249,0.145695,0.130435,0.097015,0.063891,54.016913,4.01556e-05,-57.365131,0.028102
1.2.摩洛哥,摩洛哥 新增次留,0.14375,0.158257,0.146453,0.153689,0.152209,0.131737,0.122074,0.107563,-0.014507,-9.166667,-2.13726e-05,30.532295,-0.014957
1.2.摩纳哥,摩纳哥 新增次留,0.333333,0.3,0.5,0.166667,0.5,,0.0,0.0,0.033333,11.111111,1.3141e-06,-1.877226,0.00092
1.2.文莱,文莱 新增次留,0.428571,0.181818,0.571429,0.0,0.2,0.111111,0.0,0.222222,0.246753,135.714286,1.07003e-05,-15.286117,0.007488
1.2.斐济,斐济 新增次留,0.0,0.272727,0.3,0.15,0.25,0.181818,0.142857,0.2,-0.272727,-100.0,-1.4192e-05,20.274223,-0.009932
1.2.斯威士兰,斯威士兰 新增次留,0.0,0.25,0.0,0.428571,1.0,0.0,1.0,0.6,-0.25,-100.0,-7.8844e-06,11.263465,-0.005518
1.2.斯洛伐克,斯洛伐克 新增次留,0.159722,0.206107,0.203704,0.131868,0.10559,0.135593,0.116279,0.196078,-0.046385,-22.505144,-2.05325e-05,29.332172,-0.014369
1.2.斯洛文尼亚,斯洛文尼亚 新增次留,0.153061,0.121212,0.190476,0.154639,0.126582,0.071429,0.106061,0.123288,0.031849,26.27551,1.06543e-05,-15.22041,0.007456
1.2.斯里兰卡,斯里兰卡 新增次留,0.188889,0.189189,0.168421,0.1875,0.2,0.136364,0.226563,0.151786,-0.0003,-0.15873,-7.5e-08,0.107164,-5.2e-05
1.2.新加坡,新加坡 新增次留,0.2,0.244813,0.182796,0.134058,0.192661,0.202429,0.176895,0.167401,-0.044813,-18.305085,-3.64934e-05,52.133443,-0.025539
1.2.新喀里多尼亚,新喀里多尼亚 新增次留,0.0,0.0,0.5,1.0,0.0,,0.333333,0.0,0.0,,0.0,-0.0,0.0
1.2.新西兰,新西兰 新增次留,0.182741,0.086705,0.147959,0.154412,0.137255,0.131148,0.140351,0.117409,0.096036,110.761421,5.61401e-05,-80.200214,0.039288
1.2.日本,日本 新增次留,0.138037,0.154206,0.167213,0.192935,0.151448,0.140523,0.177994,0.18123,-0.016169,-10.48522,-2.33841e-05,33.405831,-0.016365
1.2.智利,智利 新增次留,0.167526,0.179412,0.137615,0.233677,0.150327,0.161194,0.139108,0.17663,-0.011886,-6.624979,-1.36555e-05,19.507877,-0.009557
1.2.柬埔寨,柬埔寨 新增次留,0.202899,0.269231,0.133333,0.120879,0.148148,0.188235,0.126316,0.129032,-0.066332,-24.637681,-1.74828e-05,24.975434,-0.012235
1.2.根西岛,根西岛 新增次留,0.0,0.25,0.0,0.5,0.111111,0.142857,0.0,0.0,-0.25,-100.0,-5.9133e-06,8.447601,-0.004138
1.2.格林纳达,格林纳达 新增次留,0.2,0.0,0.5,0.0,0.285714,0.0,0.083333,0.25,0.2,,7.096e-06,-10.137121,0.004966
1.2.格陵兰,格陵兰 新增次留,1.0,0.0,,0.5,,0.0,,,1.0,,2.36533e-05,-33.790405,0.016553
1.2.格鲁吉亚,格鲁吉亚 新增次留,0.169683,0.184549,0.166951,0.189831,0.151316,0.199017,0.131234,0.149367,-0.014866,-8.055351,-2.34085e-05,33.440703,-0.016382
1.2.比利时,比利时 新增次留,0.160804,0.136038,0.142169,0.158317,0.136054,0.205128,0.131926,0.136465,0.024766,18.20506,3.50641e-05,-50.09164,0.024539
1.2.毛里塔尼亚,毛里塔尼亚 新增次留,0.25,0.166667,0.263158,0.191489,0.177778,0.258065,0.170213,0.259259,0.083333,50.0,1.18266e-05,-16.895135,0.008277
1.2.毛里求斯,毛里求斯 新增次留,0.111111,0.12,0.138889,0.357143,0.1875,0.05,0.210526,0.216216,-0.008889,-7.407407,-7.509e-07,1.072725,-0.000526
1.2.汤加,汤加 新增次留,1.0,0.0,,0.0,0.0,,0.0,,1.0,,2.36533e-05,-33.790405,0.016553
1.2.沙特阿拉伯,沙特阿拉伯 新增次留,0.148893,0.159274,0.118531,0.156006,0.158771,0.139579,0.140417,0.129393,-0.010381,-6.517587,-1.73986e-05,24.855141,-0.012176
1.2.法国,法国 新增次留,0.15635,0.170901,0.17013,0.179614,0.152771,0.159664,0.141722,0.119599,-0.01455,-8.513947,-0.0001064496,152.070893,-0.074496
1.2.法属圣马丁,法属圣马丁 新增次留,0.0,,0.333333,0.0,1.0,0.333333,0.0,,,,,,
1.2.法属圭亚那,法属圭亚那 新增次留,,0.5,0.5,0.5,0.0,0.0,0.4,0.0,,,,,
1.2.法属波利尼西亚,法属波利尼西亚 新增次留,0.571429,0.142857,0.0,0.307692,0.0,0.75,0.0,0.25,0.428571,300.0,1.4192e-05,-20.27427,0.009932
1.2.法罗群岛,法罗群岛 新增次留,0.0,0.0,0.0,0.0,0.333333,0.0,,,0.0,,0.0,-0.0,0.0
1.2.波兰,波兰 新增次留,0.159943,0.191278,0.159727,0.163084,0.184052,0.190316,0.137514,0.162512,-0.031334,-16.381599,-0.0001383881,197.697257,-0.096848
1.2.波多黎各,波多黎各 新增次留,0.146667,0.182353,0.201389,0.195531,0.1875,0.179487,0.229814,0.107383,-0.035686,-19.569892,-2.04994e-05,29.284792,-0.014346
1.2.波黑,波黑 新增次留,0.143345,0.142857,0.186544,0.172775,0.152815,0.135417,0.152104,0.166667,0.000488,0.341297,5.31e-07,-0.758527,0.000372
1.2.泰国,泰国 新增次留,0.177165,0.134783,0.191235,0.152727,0.187898,0.195652,0.154079,0.156627,0.042383,31.445263,3.29384e-05,-47.054877,0.023051
1.2.泽西岛,泽西岛 新增次留,0.0,0.0,0.0,0.0,0.0,0.0,0.333333,0.111111,0.0,,0.0,-0.0,0.0
1.2.津巴布韦,津巴布韦 新增次留,0.194444,0.114286,0.090909,0.092593,0.162791,0.121212,0.126984,0.050847,0.080159,70.138889,9.48e-06,-13.542856,0.006634
1.2.洪都拉斯,洪都拉斯 新增次留,0.220588,0.154545,0.20339,0.167832,0.231405,0.153226,0.19697,0.261538,0.066043,42.733564,2.45478e-05,-35.06831,0.017179
1.2.海地,海地 新增次留,0.220183,0.217391,0.275,0.181034,0.263566,0.264516,0.279412,0.236842,0.002792,1.284404,1.0849e-06,-1.549918,0.000759
1.2.澳大利亚,澳大利亚 新增次留,0.128556,0.131579,0.114039,0.121961,0.135822,0.126866,0.12962,0.120186,-0.003023,-2.297155,-1.94082e-05,27.725993,-0.013582
1.2.爱尔兰,爱尔兰 新增次留,0.153982,0.170213,0.196396,0.170047,0.162939,0.136531,0.151639,0.144689,-0.01623,-9.535398,-3.35104e-05,47.87203,-0.023452
1.2.爱沙尼亚,爱沙尼亚 新增次留,0.197674,0.20073,0.200608,0.222642,0.179825,0.235632,0.157143,0.140845,-0.003056,-1.522199,-2.8294e-06,4.042028,-0.00198
1.2.牙买加,牙买加 新增次留,0.193548,0.182482,0.222222,0.190476,0.209877,0.223776,0.141844,0.102941,0.011067,6.064516,5.1228e-06,-7.318239,0.003585
1.2.特克斯和凯科斯群岛,特克斯和凯科斯群岛 新增次留,0.25,0.0,0.1,0.142857,0.222222,0.2,0.25,0.2,0.25,,7.8844e-06,-11.263465,0.005518
1.2.特立尼达和多巴哥,特立尼达和多巴哥 新增次留,0.191489,0.121951,0.244898,0.207547,0.137255,0.107143,0.136364,0.32,0.069538,57.021277,9.6338e-06,-13.762629,0.006742
1.2.玻利维亚,玻利维亚 新增次留,0.164706,0.111801,0.151163,0.137931,0.161677,0.151351,0.196891,0.150259,0.052905,47.320261,2.87817e-05,-41.116672,0.020142
1.2.瑙鲁,瑙鲁 新增次留,,,,,,,,,,,,,
1.2.瑞典,瑞典 新增次留,0.203252,0.207442,0.177273,0.155706,0.175031,0.175207,0.140873,0.141071,-0.00419,-2.01976,-1.522e-05,21.742919,-0.010651
1.2.瑞士,瑞士 新增次留,0.161351,0.152918,0.167987,0.166359,0.174419,0.172577,0.152381,0.139241,0.008433,5.51496,1.41622e-05,-20.231768,0.009911
1.2.瓜德罗普,瓜德罗普 新增次留,0.0,0.0,0.0,0.285714,0.0,0.0,0.0,0.285714,0.0,,0.0,-0.0,0.0
1.2.瓦利斯和富图纳群岛,瓦利斯和富图纳群岛 新增次留,,,,,,,,,,,,,
1.2.瓦努阿图,瓦努阿图 新增次留,0.75,1.0,,,,0.0,0.0,1.0,-0.25,-25.0,-5.9133e-06,8.447601,-0.004138
1.2.留尼汪岛,留尼汪岛 新增次留,0.0625,0.083333,0.25,0.083333,0.285714,0.230769,0.076923,0.1,-0.020833,-25.0,-1.1826e-06,1.689493,-0.000828
1.2.白俄罗斯,白俄罗斯 新增次留,0.162011,0.141457,0.17666,0.164995,0.173167,0.208543,0.140845,0.132404,0.020555,14.530671,4.95893e-05,-70.841854,0.034704
1.2.百慕大,百慕大 新增次留,0.0,0.181818,0.142857,0.5,0.0,0.0,0.2,0.2,-0.181818,-100.0,-9.4613e-06,13.516148,-0.006621
1.2.直布罗陀,直布罗陀 新增次留,0.166667,0.0,0.0,0.0,0.2,0.4,0.5,0.0,0.166667,,3.9422e-06,-5.631745,0.002759
1.2.福克兰群岛,福克兰群岛 新增次留,,,,,0.0,,,,,,,,
1.2.科威特,科威特 新增次留,0.144068,0.204301,0.198347,0.115942,0.120482,0.141844,0.117188,0.168919,-0.060233,-29.482605,-1.89283e-05,27.04038,-0.013247
1.2.科摩罗,科摩罗 新增次留,0.0,0.333333,0.0,0.0,0.2,0.2,0.25,0.142857,-0.333333,-100.0,-7.8844e-06,11.263457,-0.005518
1.2.科特迪瓦,科特迪瓦 新增次留,0.176,0.211765,0.199187,0.214797,0.216285,0.242171,0.270213,0.240586,-0.035765,-16.888889,-3.08171e-05,44.024432,-0.021567
1.2.科索沃,科索沃 新增次留,0.108434,0.224138,0.222222,0.245902,0.195402,0.242857,0.172043,0.190476,-0.115704,-51.621872,-2.26762e-05,32.394532,-0.015869
1.2.秘鲁,秘鲁 新增次留,0.183746,0.142349,0.166667,0.208929,0.174074,0.165329,0.158402,0.14497,0.041397,29.081272,7.86138e-05,-112.305374,0.055016
1.2.突尼斯,突尼斯 新增次留,0.16055,0.165957,0.173684,0.176724,0.129167,0.12,0.151899,0.162562,-0.005407,-3.258057,-4.2936e-06,6.133659,-0.003005
1.2.立陶宛,立陶宛 新增次留,0.181102,0.228739,0.189573,0.140449,0.175,0.158491,0.128205,0.17551,-0.047637,-20.825762,-5.48899e-05,78.414096,-0.038413
1.2.索马里,索马里 新增次留,0.16092,0.173913,0.166667,0.234568,0.203125,0.175,0.161765,0.208791,-0.012994,-7.471264,-4.0392e-06,5.770223,-0.002827
1.2.约旦,约旦 新增次留,0.145833,0.132597,0.140969,0.14218,0.183673,0.122807,0.125,0.123418,0.013237,9.982639,8.0952e-06,-11.564602,0.005665
1.2.纳米比亚,纳米比亚 新增次留,0.190476,0.0,0.347826,0.333333,0.111111,0.133333,0.25,0.333333,0.190476,,1.01371e-05,-14.481588,0.007094
1.2.缅甸,缅甸 新增次留,0.141304,0.134021,0.097087,0.129252,0.109489,0.161972,0.125683,0.159091,0.007284,5.434783,2.3871e-06,-3.410181,0.001671
1.2.罗马尼亚,罗马尼亚 新增次留,0.154613,0.16375,0.133249,0.157187,0.146221,0.164368,0.139474,0.147541,-0.009137,-5.579563,-2.46994e-05,35.284906,-0.017285
1.2.美国,美国 新增次留,0.143065,0.142087,0.141235,0.131638,0.134648,0.141733,0.133551,0.134417,0.000978,0.688011,8.4032e-05,-120.045646,0.058808
1.2.美属维尔京群岛,美属维尔京群岛 新增次留,0.384615,0.0,0.222222,0.454545,0.375,0.2,0.0,0.111111,0.384615,,1.81948e-05,-25.992593,0.012733
1.2.老挝,老挝 新增次留,0.375,0.0,0.2,0.0,0.142857,0.166667,0.153846,0.111111,0.375,,1.47833e-05,-21.119007,0.010346
1.2.肯尼亚,肯尼亚 新增次留,0.206186,0.239819,0.257576,0.19403,0.199187,0.233108,0.252366,0.167235,-0.033633,-14.024509,-2.5116e-05,35.880067,-0.017577
1.2.芬兰,芬兰 新增次留,0.183333,0.203501,0.198502,0.186441,0.186017,0.202247,0.122449,0.182796,-0.020168,-9.910394,-6.22877e-05,88.982455,-0.043591
1.2.苏丹,苏丹 新增次留,0.075,0.114286,0.066667,0.214286,0.127273,0.08,0.086207,0.076923,-0.039286,-34.375,-4.6462e-06,6.637449,-0.003252
1.2.苏里南,苏里南 新增次留,0.285714,0.111111,0.142857,0.272727,0.176471,0.076923,0.176471,0.125,0.174603,157.142857,9.2924e-06,-13.274789,0.006503
1.2.英国,英国 新增次留,0.145633,0.147629,0.143048,0.122748,0.127625,0.150946,0.137242,0.136986,-0.001996,-1.3519,-5.7747e-05,82.495663,-0.040413
1.2.英属维尔京群岛,英属维尔京群岛 新增次留,,0.5,0.666667,0.0,0.0,0.166667,0.125,0.2,,,,,
1.2.荷兰,荷兰 新增次留,0.194245,0.206157,0.200638,0.200703,0.193769,0.188979,0.147324,0.150821,-0.011913,-5.778515,-0.0002065688,295.098287,-0.144563
1.2.荷兰加勒比,荷兰加勒比 新增次留,,0.25,0.0,0.333333,,0.0,0.0,1.0,,,,,
1.2.荷属圣马丁,荷属圣马丁 新增次留,0.75,0.75,0.4,0.333333,0.0,0.6,0.428571,0.25,0.0,0.0,0.0,-0.0,0.0
1.2.荷属安的列斯,荷属安的列斯 新增次留,,,,,,,,,,,,,
1.2.莫桑比克,莫桑比克 新增次留,0.21659,0.263158,0.226131,0.252212,0.234568,0.256637,0.290598,0.253731,-0.046568,-17.695853,-2.98975e-05,42.710685,-0.020923
1.2.莱索托,莱索托 新增次留,0.0,0.333333,0.0,0.0,0.0,0.333333,0.0,0.5,-0.333333,-100.0,-1.18266e-05,16.895186,-0.008277
1.2.菲律宾,菲律宾 新增次留,0.178158,0.19204,0.18526,0.17693,0.182243,0.172428,0.173031,0.157469,-0.013882,-7.228737,-9.42848e-05,134.692512,-0.065983
1.2.萨尔瓦多,萨尔瓦多 新增次留,0.244681,0.118812,0.164384,0.180851,0.238636,0.135417,0.178571,0.2,0.125869,105.939716,4.2957e-05,-61.367086,0.030063
1.2.萨摩亚,萨摩亚 新增次留,1.0,0.0,0.0,,1.0,0.0,0.0,0.0,1.0,,2.36533e-05,-33.790405,0.016553
1.2.葡萄牙,葡萄牙 新增次留,0.155188,0.169672,0.170312,0.168443,0.16087,0.150661,0.147317,0.140919,-0.014484,-8.536396,-5.97093e-05,85.298953,-0.041786
1.2.蒙古,蒙古 新增次留,0.08,0.159091,0.130435,0.130435,0.095238,0.0625,0.125,0.107143,-0.079091,-49.714286,-1.17591e-05,16.798677,-0.008229
1.2.西班牙,西班牙 新增次留,0.159533,0.176331,0.171663,0.166932,0.158537,0.157288,0.15649,0.128951,-0.016798,-9.526545,-0.0001438894,205.556349,-0.100698
1.2.贝宁,贝宁 新增次留,0.30597,0.272727,0.179012,0.277457,0.314286,0.250602,0.226481,0.300221,0.033243,12.189055,1.48275e-05,-21.182124,0.010377
1.2.赞比亚,赞比亚 新增次留,0.153846,0.274194,0.155556,0.283333,0.277778,0.152778,0.236559,0.19403,-0.120347,-43.891403,-2.5213e-05,36.018525,-0.017645
1.2.赤道几内亚,赤道几内亚 新增次留,0.125,0.0,0.111111,0.142857,0.0,0.083333,0.0,0.222222,0.125,,3.9422e-06,-5.631733,0.002759
1.2.越南,越南 新增次留,0.164983,0.209559,0.149533,0.152249,0.15,0.162712,0.141066,0.152727,-0.044576,-21.271191,-4.09698e-05,58.528225,-0.028672
1.2.阿塞拜疆,阿塞拜疆 新增次留,0.112601,0.165625,0.160287,0.16129,0.113022,0.128049,0.097143,0.125,-0.053024,-32.014771,-5.73345e-05,81.906397,-0.040124
1.2.阿富汗,阿富汗 新增次留,0.162791,0.28169,0.206897,0.226415,0.243697,0.207792,0.175676,0.121951,-0.118899,-42.209302,-2.85253e-05,40.750402,-0.019963
1.2.阿尔及利亚,阿尔及利亚 新增次留,0.128514,0.176,0.179487,0.114286,0.154098,0.115385,0.105159,0.128686,-0.047486,-26.98065,-4.01143e-05,57.306114,-0.028073
1.2.阿尔巴尼亚,阿尔巴尼亚 新增次留,0.178322,0.167857,0.174757,0.195246,0.165577,0.154229,0.148707,0.184783,0.010465,6.234191,1.98025e-05,-28.289327,0.013858
1.2.阿曼,阿曼 新增次留,0.208955,0.076923,0.126984,0.147059,0.202454,0.140625,0.084507,0.126582,0.132032,171.641791,2.89992e-05,-41.427421,0.020294
1.2.阿根廷,阿根廷 新增次留,0.132121,0.177866,0.167089,0.188067,0.171533,0.168662,0.163557,0.147191,-0.045744,-25.718519,-0.0001173218,167.602604,-0.082105
1.2.阿联酋,阿联酋 新增次留,0.15285,0.14,0.171548,0.141805,0.168142,0.135632,0.151515,0.151639,0.01285,9.178386,1.95393e-05,-27.913288,0.013674
1.2.阿鲁巴,阿鲁巴 新增次留,0.105263,0.307692,0.105263,0.333333,0.357143,0.266667,0.416667,0.142857,-0.202429,-65.789474,-1.77844e-05,25.406303,-0.012446
1.2.韩国,韩国 新增次留,0.117647,0.132979,0.10917,0.139535,0.12987,0.138249,0.115789,0.107296,-0.015332,-11.529412,-9.7398e-06,13.914001,-0.006816
1.2.马尔代夫,马尔代夫 新增次留,0.033333,0.344828,0.371429,0.235294,0.263158,0.225,0.114286,0.162791,-0.311494,-90.333333,-3.05241e-05,43.605816,-0.021362
1.2.马恩岛,马恩岛 新增次留,0.0,0.090909,0.125,0.0,0.0,0.1,0.0,0.090909,-0.090909,-100.0,-4.7307e-06,6.758074,-0.003311
1.2.马拉维,马拉维 新增次留,0.428571,0.304348,0.282051,0.289474,0.195652,0.3,0.25,0.205882,0.124224,40.816327,1.93087e-05,-27.583872,0.013513
1.2.马提尼克岛,马提尼克岛 新增次留,0.5,0.0,0.25,0.0,0.0,0.0,0.0,1.0,0.5,,1.18266e-05,-16.895202,0.008277
1.2.马来西亚,马来西亚 新增次留,0.168317,0.16879,0.20462,0.161765,0.180157,0.16358,0.149626,0.145773,-0.000473,-0.280217,-5.019e-07,0.716946,-0.000351
1.2.马约特,马约特 新增次留,,0.0,,,,,,,,,,,
1.2.马绍尔群岛,马绍尔群岛 新增次留,,0.0,0.0,,,0.0,0.0,,,,,,
1.2.马耳他,马耳他 新增次留,0.280488,0.107692,0.226667,0.272727,0.117647,0.192982,0.25,0.266667,0.172795,160.452962,3.79525e-05,-54.217861,0.02656
1.2.马达加斯加,马达加斯加 新增次留,0.193878,0.194175,0.239583,0.212766,0.214286,0.207207,0.267241,0.221374,-0.000297,-0.153061,-1.034e-07,0.147669,-7.2e-05
1.2.马里,马里 新增次留,0.204023,0.144279,0.186126,0.175676,0.247706,0.285714,0.240741,0.162602,0.059744,41.409037,8.11547e-05,-115.935303,0.056794
1.2.黎巴嫩,黎巴嫩 新增次留,0.148148,0.199095,0.174545,0.169139,0.158774,0.138577,0.140893,0.134021,-0.050947,-25.589226,-3.80456e-05,54.350839,-0.026625
1.2.黑山,黑山 新增次留,0.189873,0.174825,0.239521,0.174419,0.177914,0.138211,0.136364,0.170213,0.015048,8.607595,7.2712e-06,-10.387479,0.005089
2,整体 新增UV,42443.714286,42277.428571,44210.285714,45928.142857,47333.857143,42419.0,39508.0,37300.285714,166.285714,0.39332,0.0,0.0,0.0
2.1,渠道 新增UV,16449.714286,17167.571429,17285.142857,18954.142857,18273.571429,16875.0,16095.285714,13481.571429,-717.857143,-4.181472,0.0005817119,-831.016968,0.407099
2.1.unknow,unknow 新增UV,1.0,1.0,0.0,0.0,0.0,0.0,0.0,0.0,0.0,0.0,1.32e-08,-0.018848,9e-06
2.1.不丹,不丹 新增UV,0.0,0.0,0.0,1.0,0.0,1.0,1.0,1.0,0.0,,,,
2.1.东帝汶,东帝汶 新增UV,0.0,0.0,0.0,0.0,0.0,1.0,1.0,1.0,0.0,,,,
2.1.中国,中国 新增UV,1.4,1.0,1.0,2.0,1.0,1.0,1.5,1.25,0.4,40.0,4.5e-09,-0.006465,3e-06
2.1.中国台湾,中国台湾 新增UV,1.0,1.4,1.5,1.0,2.0,1.0,1.75,1.166667,-0.4,-28.571429,-3.4168e-06,4.881102,-0.002391
2.1.中国澳门,中国澳门 新增UV,0.0,0.0,1.0,0.0,1.0,1.0,1.0,1.0,0.0,,,,
2.1.中国香港,中国香港 新增UV,85.0,12.0,11.857143,13.571429,5.857143,3.428571,3.5,2.333333,73.0,608.333333,-2.51651e-05,35.950199,-0.017611
2.1.中非,中非 新增UV,0.0,0.0,0.0,0.0,0.0,0.0,1.0,1.0,0.0,,,,
2.1.丹麦,丹麦 新增UV,2.0,1.333333,1.166667,1.75,1.4,1.8,2.0,1.5,0.666667,50.0,2.9758e-06,-4.251208,0.002083
2.1.乌克兰,乌克兰 新增UV,25.285714,21.857143,21.285714,22.285714,25.142857,28.285714,35.0,35.857143,3.428571,15.686275,-1.4237e-06,2.033872,-0.000996
2.1.乌兹别克斯坦,乌兹别克斯坦 新增UV,5.714286,3.714286,5.714286,3.714286,6.571429,4.285714,5.142857,4.285714,2.0,53.846154,-1.982e-06,2.831481,-0.001387
2.1.乌干达,乌干达 新增UV,1.5,1.0,1.0,1.5,1.0,1.4,2.666667,2.0,0.5,50.0,2.2319e-06,-3.188405,0.001562
2.1.乌拉圭,乌拉圭 新增UV,2.4,1.333333,1.4,1.8,2.0,3.166667,2.166667,3.166667,1.066667,80.0,-3.5604e-06,5.086295,-0.002492
2.1.乍得,乍得 新增UV,0.0,0.0,0.0,1.0,0.0,1.0,1.0,0.0,0.0,,,,
2.1.也门,也门 新增UV,1.0,0.0,0.0,1.5,1.0,0.0,0.0,1.0,1.0,,,,
2.1.亚美尼亚,亚美尼亚 新增UV,2.714286,2.666667,2.0,1.8,2.333333,2.666667,2.0,2.857143,0.047619,1.785714,1.36e-08,-0.0194,1e-05
2.1.以色列,以色列 新增UV,3.0,2.0,3.142857,2.6,3.571429,2.166667,4.333333,3.857143,1.0,50.0,-2.0293e-06,2.899069,-0.00142
2.1.伊拉克,伊拉克 新增UV,7.285714,6.285714,6.571429,6.714286,8.285714,5.285714,6.857143,7.571429,1.0,15.909091,-1.176e-07,0.16797,-8.2e-05
2.1.伊朗,伊朗 新增UV,626.857143,108.428571,50.428571,40.428571,27.333333,1.0,1.0,2.0,518.428571,478.129117,-0.0002300905,328.700652,-0.161024
2.1.伯利兹,伯利兹 新增UV,0.0,0.0,1.0,1.0,0.0,1.0,1.0,1.0,0.0,,,,
2.1.佛得角,佛得角 新增UV,1.0,1.0,0.0,1.0,1.0,1.0,0.0,0.0,0.0,0.0,-7.95e-08,0.113536,-5.6e-05
2.1.俄罗斯,俄罗斯 新增UV,291.428571,277.142857,286.142857,305.428571,337.285714,306.714286,343.0,360.857143,14.285714,5.154639,-1.28687e-05,18.383827,-0.009006
2.1.保加利亚,保加利亚 新增UV,4.0,2.0,3.5,2.428571,1.833333,2.5,2.0,1.428571,2.0,100.0,2.28e-08,-0.03252,1.6e-05
2.1.克罗地亚,克罗地亚 新增UV,3.714286,2.714286,1.714286,2.0,3.571429,2.428571,3.142857,2.0,1.0,36.842105,1.164e-06,-1.662804,0.000815
2.1.关岛,关岛 新增UV,1.5,1.0,0.0,0.0,1.0,0.0,1.0,1.0,0.5,50.0,-1.664e-06,2.377132,-0.001165
2.1.冈比亚,冈比亚 新增UV,3.0,2.0,2.142857,2.857143,3.0,1.5,7.666667,15.666667,1.0,50.0,5.679e-07,-0.811289,0.000397
2.1.冰岛,冰岛 新增UV,1.0,1.0,1.0,1.0,1.0,0.0,1.0,0.0,0.0,0.0,1.32e-08,-0.018848,9e-06
2.1.几内亚,几内亚 新增UV,3.0,1.0,1.0,1.0,0.0,1.0,2.25,1.833333,2.0,200.0,8.9806e-06,-12.829459,0.006285
2.1.几内亚比绍,几内亚比绍 新增UV,0.0,0.0,0.0,0.0,0.0,0.0,0.0,1.0,0.0,,,,
2.1.列支敦士登,列支敦士登 新增UV,0.0,0.0,0.0,0.0,0.0,0.0,0.0,1.0,0.0,,,,
2.1.刚果共和国,刚果共和国 新增UV,1.0,0.0,0.0,1.0,1.0,0.0,0.0,1.0,1.0,,,,
2.1.刚果民主共和国,刚果民主共和国 新增UV,1.0,2.0,1.0,1.0,1.333333,1.0,1.75,1.285714,-1.0,-50.0,-2.03652e-05,29.093133,-0.014252
2.1.利比亚,利比亚 新增UV,1.0,1.0,1.0,1.0,1.0,1.333333,1.0,1.0,0.0,0.0,-1.77e-08,0.02528,-1.2e-05
2.1.利比里亚,利比里亚 新增UV,1.0,1.0,1.0,1.0,1.0,1.0,1.0,1.0,0.0,0.0,1.32e-08,-0.018848,9e-06
2.1.加拿大,加拿大 新增UV,200.428571,343.428571,129.857143,284.285714,300.857143,273.142857,304.857143,270.714286,-143.0,-41.638935,0.0001254422,-179.203179,0.087788
2.1.加纳,加纳 新增UV,5.0,5.428571,5.0,6.0,4.0,4.428571,8.857143,7.285714,-0.428571,-7.894737,-6.109e-07,0.87269,-0.000428
2.1.加蓬,加蓬 新增UV,0.0,0.0,1.0,0.0,0.0,1.0,0.0,0.0,0.0,,,,
2.1.匈牙利,匈牙利 新增UV,2.0,1.5,2.166667,1.857143,2.571429,2.25,2.285714,2.5,0.5,33.333333,-1.6574e-06,2.367708,-0.00116
2.1.北马其顿,北马其顿 新增UV,1.5,1.0,1.5,1.2,1.75,1.5,1.5,1.5,0.5,50.0,2.2319e-06,-3.188405,0.001562
2.1.北马里亚纳群岛,北马里亚纳群岛 新增UV,0.0,0.0,0.0,1.0,0.0,0.0,0.0,0.0,0.0,,,,
2.1.南苏丹,南苏丹 新增UV,6.857143,6.142857,6.142857,6.857143,8.0,6.857143,6.285714,5.0,0.714286,11.627907,3.95e-07,-0.56433,0.000276
2.1.南非,南非 新增UV,4.0,3.142857,2.857143,2.857143,3.714286,4.0,4.857143,5.0,0.857143,27.272727,-3.458e-07,0.49395,-0.000242
2.1.博茨瓦纳,博茨瓦纳 新增UV,1.0,0.0,0.0,0.0,1.0,1.0,0.0,1.0,1.0,,,,
2.1.卡塔尔,卡塔尔 新增UV,2.166667,2.0,1.0,2.0,2.0,2.5,2.25,1.333333,0.166667,8.333333,4.29e-08,-0.061328,3e-05
2.1.卢旺达,卢旺达 新增UV,1.0,0.0,1.0,1.0,0.0,0.0,0.0,1.0,1.0,,,,
2.1.卢森堡,卢森堡 新增UV,1.333333,1.0,1.0,1.0,1.333333,1.0,1.333333,1.0,0.333333,33.333333,-1.1049e-06,1.578471,-0.000773
2.1.印度,印度 新增UV,26.714286,24.0,20.285714,23.714286,24.714286,21.714286,32.428571,33.714286,2.714286,11.309524,3.095e-06,-4.421448,0.002166
2.1.印度尼西亚,印度尼西亚 新增UV,6.285714,6.857143,5.285714,5.857143,4.571429,5.285714,8.0,8.428571,-0.571429,-8.333333,7.256e-07,-1.036513,0.000508
2.1.危地马拉,危地马拉 新增UV,3.0,3.857143,3.0,3.5,2.333333,2.857143,4.0,5.428571,-0.857143,-22.222222,1.858e-07,-0.265388,0.00013
2.1.厄瓜多尔,厄瓜多尔 新增UV,5.285714,4.166667,2.571429,4.0,4.428571,6.0,5.142857,7.857143,1.119048,26.857143,1.9184e-06,-2.740595,0.001343
2.1.叙利亚,叙利亚 新增UV,4.142857,3.142857,6.0,6.571429,2.428571,2.571429,3.142857,4.0,1.0,31.818182,-1.033e-07,0.147628,-7.2e-05
2.1.古巴,古巴 新增UV,1.166667,1.0,1.5,1.6,1.5,1.0,1.5,1.333333,0.166667,16.666667,1.9e-09,-0.002656,1e-06
2.1.吉尔吉斯斯坦,吉尔吉斯斯坦 新增UV,2.666667,1.2,2.666667,2.142857,2.428571,1.5,2.428571,4.2,1.466667,122.222222,1.5544e-06,-2.22058,0.001088
2.1.吉布提,吉布提 新增UV,0.0,0.0,0.0,1.0,1.0,0.0,0.0,0.0,0.0,,,,
2.1.哈萨克斯坦,哈萨克斯坦 新增UV,7.714286,6.714286,8.428571,6.857143,9.0,7.571429,9.0,14.571429,1.0,14.893617,5.573e-07,-0.796127,0.00039
2.1.哥伦比亚,哥伦比亚 新增UV,14.0,13.428571,13.0,13.142857,14.857143,18.285714,19.0,23.428571,0.571429,4.255319,-1.188e-07,0.169649,-8.3e-05
2.1.哥斯达黎加,哥斯达黎加 新增UV,4.0,3.25,1.25,1.857143,1.833333,1.285714,1.833333,2.833333,0.75,23.076923,-7.36e-07,1.051388,-0.000515
2.1.喀麦隆,喀麦隆 新增UV,1.25,1.666667,1.666667,1.25,1.0,2.0,1.5,0.0,-0.416667,-25.0,-2.5689e-06,3.669866,-0.001798
2.1.图瓦卢,图瓦卢 新增UV,0.0,0.0,0.0,0.0,0.0,0.0,0.0,0.0,0.0,,,,
2.1.土库曼斯坦,土库曼斯坦 新增UV,0.0,0.0,2.0,2.0,1.0,0.0,0.0,0.0,0.0,,,,
2.1.土耳其,土耳其 新增UV,1290.857143,1466.285714,2095.714286,2106.857143,1655.714286,1199.571429,1181.428571,1170.714286,-175.428571,-11.964147,0.0001925101,-275.014375,0.134724
2.1.圣卢西亚,圣卢西亚 新增UV,0.0,0.0,0.0,1.0,0.0,0.0,1.0,1.0,0.0,,,,
2.1.圣基茨和尼维斯,圣基茨和尼维斯 新增UV,0.0,0.0,0.0,1.0,0.0,0.0,0.0,0.0,0.0,,,,
2.1.圣多美和普林西比,圣多美和普林西比 新增UV,0.0,0.0,0.0,0.0,0.0,0.0,0.0,0.0,0.0,,,,
2.1.圣巴泰勒米岛,圣巴泰勒米岛 新增UV,0.0,0.0,0.0,0.0,0.0,0.0,0.0,0.0,0.0,,,,
2.1.圣文森特和格林纳丁斯,圣文森特和格林纳丁斯 新增UV,1.0,0.0,0.0,0.0,0.0,0.0,1.0,0.0,1.0,,,,
2.1.圣皮埃尔和密克隆群岛,圣皮埃尔和密克隆群岛 新增UV,0.0,0.0,0.0,0.0,0.0,0.0,0.0,0.0,0.0,,,,
2.1.圣马力诺,圣马力诺 新增UV,0.0,0.0,0.0,0.0,1.0,0.0,0.0,0.0,0.0,,,,
2.1.圭亚那,圭亚那 新增UV,1.0,1.5,2.0,1.2,1.0,1.5,1.0,1.0,-0.5,-33.333333,1.697e-06,-2.424252,0.001188
2.1.坦桑尼亚,坦桑尼亚 新增UV,3.5,1.6,1.666667,2.0,1.0,1.25,2.0,1.857143,1.9,118.75,6.3955e-06,-9.136393,0.004476
2.1.埃及,埃及 新增UV,7.0,7.571429,6.571429,8.285714,11.571429,5.714286,7.714286,7.142857,-0.571429,-7.54717,-2.959e-07,0.42278,-0.000207
2.1.埃塞俄比亚,埃塞俄比亚 新增UV,1.25,1.25,1.6,1.666667,2.333333,1.4,2.0,3.0,0.0,0.0,1.65e-08,-0.02356,1.2e-05
2.1.基里巴斯,基里巴斯 新增UV,0.0,0.0,0.0,0.0,1.0,0.0,0.0,0.0,0.0,,,,
2.1.塔吉克斯坦,塔吉克斯坦 新增UV,1.0,1.5,1.0,1.75,1.25,1.5,1.333333,1.666667,-0.5,-33.333333,1.697e-06,-2.424252,0.001188
2.1.塞内加尔,塞内加尔 新增UV,1.0,1.0,1.666667,1.714286,2.0,1.5,12.4,10.142857,0.0,0.0,1.32e-08,-0.018848,9e-06
2.1.塞尔维亚,塞尔维亚 新增UV,3.571429,3.714286,4.0,4.333333,3.0,5.166667,4.166667,3.142857,-0.142857,-3.846154,-2.138e-07,0.305428,-0.00015
2.1.塞拉利昂,塞拉利昂 新增UV,0.0,1.0,0.0,1.0,1.0,1.0,1.0,1.0,-1.0,-100.0,,,
2.1.塞浦路斯,塞浦路斯 新增UV,2.0,1.75,1.5,2.4,2.166667,2.5,1.428571,1.8,0.25,14.285714,-4.064e-07,0.580515,-0.000284
2.1.塞舌尔,塞舌尔 新增UV,1.0,1.0,0.0,1.0,1.0,0.0,1.0,0.0,0.0,0.0,1.32e-08,-0.018848,9e-06
2.1.墨西哥,墨西哥 新增UV,882.428571,1076.428571,985.714286,798.142857,520.714286,401.285714,1009.285714,1434.0,-194.0,-18.022561,0.0003231853,-461.693305,0.226174
2.1.多哥,多哥 新增UV,1.0,1.5,2.0,1.333333,1.0,1.5,1.0,0.0,-0.5,-33.333333,1.697e-06,-2.424252,0.001188
2.1.多米尼克,多米尼克 新增UV,0.0,0.0,0.0,0.0,0.0,0.0,0.0,0.0,0.0,,,,
2.1.多米尼加,多米尼加 新增UV,3.571429,2.333333,2.0,2.833333,2.285714,2.571429,4.0,3.857143,1.238095,53.061224,3.9849e-06,-5.692702,0.002789
2.1.奥兰群岛,奥兰群岛 新增UV,0.0,0.0,0.0,0.0,0.0,0.0,0.0,0.0,0.0,,,,
2.1.奥地利,奥地利 新增UV,3.0,3.428571,3.428571,4.0,4.857143,5.428571,5.142857,4.142857,-0.428571,-12.5,9.869e-07,-1.409805,0.000691
2.1.委内瑞拉,委内瑞拉 新增UV,6.142857,5.857143,6.857143,6.714286,6.142857,8.714286,8.428571,11.571429,0.285714,4.878049,-3.054e-07,0.436303,-0.000214
2.1.孟加拉,孟加拉 新增UV,18.428571,21.428571,18.0,26.714286,30.285714,25.428571,26.0,23.571429,-3.0,-14.0,-2.0471e-06,2.924456,-0.001433
2.1.安哥拉,安哥拉 新增UV,1.0,1.0,0.0,1.0,1.0,1.0,1.0,1.333333,0.0,0.0,1.32e-08,-0.018848,9e-06
2.1.安圭拉,安圭拉 新增UV,1.0,1.0,0.0,1.0,0.0,0.0,0.0,0.0,0.0,0.0,1.32e-08,-0.018848,9e-06
2.1.安提瓜和巴布达,安提瓜和巴布达 新增UV,1.0,1.0,1.0,0.0,1.0,0.0,1.0,0.0,0.0,0.0,1.32e-08,-0.018848,9e-06
2.1.安道尔,安道尔 新增UV,1.0,0.0,1.0,1.0,1.0,0.0,1.0,1.0,1.0,,,,
2.1.密克罗尼西亚联邦,密克罗尼西亚联邦 新增UV,0.0,0.0,0.0,0.0,0.0,0.0,0.0,1.0,0.0,,,,
2.1.尼加拉瓜,尼加拉瓜 新增UV,1.666667,1.5,1.142857,1.75,1.4,1.333333,1.5,2.5,0.166667,11.111111,2.183e-07,-0.311831,0.000153
2.1.尼日利亚,尼日利亚 新增UV,27.857143,23.428571,20.571429,24.714286,17.857143,21.428571,14.285714,23.0,4.428571,18.902439,9.5553e-06,-13.650479,0.006687
2.1.尼日尔,尼日尔 新增UV,1.0,1.0,1.0,0.0,1.0,0.0,2.0,1.8,0.0,0.0,-7.95e-08,0.113536,-5.6e-05
2.1.尼泊尔,尼泊尔 新增UV,2.0,2.166667,2.8,2.6,3.285714,4.142857,4.0,4.571429,-0.166667,-7.692308,-1.003e-07,0.143256,-7e-05
2.1.巴勒斯坦,巴勒斯坦 新增UV,1.5,1.25,1.666667,1.6,1.5,1.0,2.166667,2.2,0.25,20.0,1.403e-07,-0.20041,9.8e-05
2.1.巴哈马,巴哈马 新增UV,2.0,1.5,1.333333,1.0,1.25,2.0,1.0,1.333333,0.5,33.333333,-2.022e-07,0.288904,-0.000142
2.1.巴基斯坦,巴基斯坦 新增UV,7.0,7.714286,5.285714,7.285714,11.0,10.714286,11.0,14.571429,-0.714286,-9.259259,3.495e-07,-0.499324,0.000245
2.1.巴巴多斯,巴巴多斯 新增UV,1.0,1.0,0.0,1.5,1.0,1.0,1.0,1.0,0.0,0.0,-7.95e-08,0.113536,-5.6e-05
2.1.巴布亚新几内亚,巴布亚新几内亚 新增UV,0.0,1.0,1.0,0.0,0.0,1.0,2.0,0.0,-1.0,-100.0,,,
2.1.巴拉圭,巴拉圭 新增UV,2.5,2.571429,2.0,2.142857,1.8,2.428571,3.571429,2.714286,-0.071429,-2.777778,2.735e-07,-0.390751,0.000191
2.1.巴拿马,巴拿马 新增UV,2.142857,2.25,2.0,2.0,2.0,1.8,2.2,2.714286,-0.107143,-4.761905,2.47e-08,-0.035289,1.7e-05
2.1.巴林,巴林 新增UV,2.0,1.0,1.0,0.0,1.333333,1.0,2.0,1.5,1.0,100.0,-3.3412e-06,4.773112,-0.002338
2.1.巴西,巴西 新增UV,8663.571429,9044.857143,8907.571429,9484.428571,9784.428571,10793.142857,9326.857143,6631.285714,-381.285714,-4.215497,0.0003334792,-476.398913,0.233378
2.1.布基纳法索,布基纳法索 新增UV,1.0,1.75,1.2,1.0,1.0,1.0,1.5,1.8,-0.75,-42.857143,2.5389e-06,-3.626953,0.001777
2.1.布隆迪,布隆迪 新增UV,0.0,1.0,1.0,0.0,1.0,1.0,1.0,1.0,-1.0,-100.0,,,
2.1.希腊,希腊 新增UV,8.571429,9.714286,9.571429,9.285714,6.285714,6.571429,5.428571,5.857143,-1.142857,-11.764706,-3.4587e-06,4.941015,-0.002421
2.1.帕劳,帕劳 新增UV,0.0,0.0,0.0,0.0,0.0,0.0,0.0,0.0,0.0,,,,
2.1.库克群岛,库克群岛 新增UV,0.0,0.0,0.0,0.0,0.0,0.0,0.0,0.0,0.0,,,,
2.1.库拉索,库拉索 新增UV,1.0,1.5,0.0,1.0,1.0,0.0,1.0,0.0,-0.5,-33.333333,1.697e-06,-2.424252,0.001188
2.1.开曼群岛,开曼群岛 新增UV,1.0,1.0,0.0,0.0,1.0,0.0,0.0,0.0,0.0,0.0,-7.95e-08,0.113536,-5.6e-05
2.1.德国,德国 新增UV,294.571429,295.428571,273.857143,269.571429,214.857143,179.285714,210.285714,205.857143,-0.857143,-0.290135,4.976e-07,-0.710926,0.000348
2.1.意大利,意大利 新增UV,17.428571,12.714286,13.428571,16.571429,15.571429,12.428571,12.0,9.428571,4.714286,37.078652,5.68e-07,-0.811483,0.000398
2.1.所罗门群岛,所罗门群岛 新增UV,0.0,0.0,0.0,0.0,0.0,0.0,0.0,0.0,0.0,,,,
2.1.拉脱维亚,拉脱维亚 新增UV,3.857143,2.5,3.0,3.285714,3.285714,2.333333,2.6,2.714286,1.357143,54.285714,-9.923e-07,1.417617,-0.000694
2.1.挪威,挪威 新增UV,3.0,1.833333,2.0,2.428571,2.571429,3.428571,2.0,2.0,1.166667,63.636364,2.6149e-06,-3.73559,0.00183
2.1.捷克,捷克 新增UV,3.571429,2.333333,5.142857,3.428571,2.714286,3.166667,4.166667,3.0,1.238095,53.061224,-6.478e-07,0.925372,-0.000453
2.1.摩尔多瓦,摩尔多瓦 新增UV,2.6,1.5,1.428571,3.0,1.666667,2.714286,3.285714,3.714286,1.1,73.333333,2.958e-07,-0.422533,0.000207
2.1.摩洛哥,摩洛哥 新增UV,2.0,4.5,2.166667,2.6,2.0,3.142857,3.4,3.571429,-2.5,-55.555556,-4.2658e-06,6.094048,-0.002985
2.1.摩纳哥,摩纳哥 新增UV,0.0,0.0,1.0,0.0,0.0,0.0,1.0,1.0,0.0,,,,
2.1.文莱,文莱 新增UV,1.0,1.0,1.5,1.0,1.0,1.0,1.0,1.0,0.0,0.0,1.32e-08,-0.018848,9e-06
2.1.斐济,斐济 新增UV,1.0,1.0,1.0,1.0,1.0,1.0,1.0,0.0,0.0,0.0,1.32e-08,-0.018848,9e-06
2.1.斯威士兰,斯威士兰 新增UV,0.0,0.0,0.0,0.0,1.0,0.0,0.0,0.0,0.0,,,,
2.1.斯洛伐克,斯洛伐克 新增UV,3.0,1.5,2.0,1.833333,1.75,1.6,1.4,1.571429,1.5,100.0,8.552e-07,-1.221758,0.000599
2.1.斯洛文尼亚,斯洛文尼亚 新增UV,1.0,1.333333,3.0,1.0,1.0,1.0,1.5,1.2,-0.333333,-25.0,-1.5233e-06,2.176161,-0.001066
2.1.斯里兰卡,斯里兰卡 新增UV,1.0,1.0,1.666667,1.333333,2.0,1.714286,2.0,2.166667,0.0,0.0,1.32e-08,-0.018848,9e-06
2.1.新加坡,新加坡 新增UV,2.857143,2.857143,2.333333,3.142857,3.333333,3.0,3.0,2.833333,0.0,0.0,-2e-09,0.002885,-1e-06
2.1.新喀里多尼亚,新喀里多尼亚 新增UV,0.0,0.0,1.0,0.0,0.0,0.0,0.0,1.0,0.0,,,,
2.1.新西兰,新西兰 新增UV,1.75,2.0,1.25,1.285714,1.666667,2.142857,1.833333,2.0,-0.25,-12.5,-2.6067e-06,3.723903,-0.001824
2.1.日本,日本 新增UV,17.857143,9.142857,3.285714,3.285714,4.142857,4.0,2.142857,2.5,8.714286,95.3125,-1.11173e-05,15.881803,-0.00778
2.1.智利,智利 新增UV,9.714286,7.0,5.0,4.714286,8.0,8.714286,9.571429,9.0,2.714286,38.77551,-3.427e-06,4.895653,-0.002398
2.1.柬埔寨,柬埔寨 新增UV,1.0,1.333333,1.666667,1.0,1.0,0.0,1.0,1.666667,-0.333333,-25.0,-2.8528e-06,4.075472,-0.001996
2.1.根西岛,根西岛 新增UV,0.0,1.0,0.0,0.0,1.0,0.0,1.0,2.0,-1.0,-100.0,,,
2.1.格林纳达,格林纳达 新增UV,1.0,0.0,1.0,0.0,0.0,0.0,0.0,0.0,1.0,,,,
2.1.格陵兰,格陵兰 新增UV,0.0,0.0,0.0,0.0,0.0,0.0,0.0,1.0,0.0,,,,
2.1.格鲁吉亚,格鲁吉亚 新增UV,2.285714,2.285714,3.285714,3.285714,2.166667,2.428571,2.4,3.0,0.0,0.0,3.7e-09,-0.005257,3e-06
2.1.比利时,比利时 新增UV,3.5,3.142857,3.166667,2.666667,3.571429,3.142857,4.0,2.142857,0.357143,11.363636,-7.697e-07,1.099577,-0.000539
2.1.毛里塔尼亚,毛里塔尼亚 新增UV,1.0,0.0,1.0,1.0,1.0,1.0,1.0,0.0,1.0,,,,
2.1.毛里求斯,毛里求斯 新增UV,0.0,1.0,1.0,1.0,1.0,1.0,1.0,1.5,-1.0,-100.0,,,
2.1.汤加,汤加 新增UV,1.0,0.0,1.0,0.0,0.0,0.0,1.0,1.0,1.0,,,,
2.1.沙特阿拉伯,沙特阿拉伯 新增UV,3.333333,2.714286,3.142857,4.285714,6.333333,4.714286,6.857143,4.571429,0.619048,22.807018,8.26e-07,-1.180024,0.000578
2.1.法国,法国 新增UV,47.857143,58.571429,62.428571,66.571429,48.857143,36.857143,50.571429,53.714286,-10.714286,-18.292683,5.9229e-06,-8.461219,0.004145
2.1.法属圣马丁,法属圣马丁 新增UV,0.0,0.0,1.0,0.0,1.0,0.0,0.0,0.0,0.0,,,,
2.1.法属圭亚那,法属圭亚那 新增UV,0.0,1.0,1.0,1.333333,1.0,1.0,1.0,0.0,-1.0,-100.0,,,
2.1.法属波利尼西亚,法属波利尼西亚 新增UV,1.0,0.0,0.0,1.0,0.0,0.0,1.0,1.0,1.0,,,,
2.1.法罗群岛,法罗群岛 新增UV,0.0,0.0,0.0,1.0,0.0,0.0,0.0,0.0,0.0,,,,
2.1.波兰,波兰 新增UV,9.857143,6.571429,8.142857,9.857143,9.714286,8.285714,10.714286,10.285714,3.285714,50.0,-3.1431e-06,4.490099,-0.0022
2.1.波多黎各,波多黎各 新增UV,2.571429,2.857143,2.166667,3.142857,2.428571,3.75,2.714286,2.5,-0.285714,-10.0,-9.473e-07,1.353357,-0.000663
2.1.波黑,波黑 新增UV,1.5,1.5,1.333333,1.333333,1.5,2.0,1.5,1.2,0.0,0.0,1.98e-08,-0.028272,1.4e-05
2.1.泰国,泰国 新增UV,2.166667,1.5,1.428571,1.833333,2.2,3.142857,3.428571,2.571429,0.666667,44.444444,-1.0189e-06,1.455593,-0.000713
2.1.泽西岛,泽西岛 新增UV,1.0,0.0,0.0,0.0,1.0,0.0,1.0,0.0,1.0,,,,
2.1.津巴布韦,津巴布韦 新增UV,2.0,1.0,1.0,1.0,1.0,1.0,1.0,1.0,1.0,100.0,-3.3412e-06,4.773112,-0.002338
2.1.洪都拉斯,洪都拉斯 新增UV,1.833333,1.6,2.2,1.25,2.0,2.166667,2.166667,2.428571,0.233333,14.583333,-2.753e-07,0.393265,-0.000193
2.1.海地,海地 新增UV,2.0,2.2,1.0,1.25,1.0,1.333333,2.142857,3.571429,-0.2,-9.090909,8.54e-08,-0.122001,6e-05
2.1.澳大利亚,澳大利亚 新增UV,165.0,170.857143,277.857143,335.714286,80.142857,76.714286,109.285714,132.0,-5.857143,-3.428094,7.2507e-06,-10.3581,0.005074
2.1.爱尔兰,爱尔兰 新增UV,3.285714,4.857143,3.0,3.666667,3.666667,3.428571,3.857143,4.5,-1.571429,-32.352941,-4.4406e-06,6.343695,-0.003108
2.1.爱沙尼亚,爱沙尼亚 新增UV,2.6,2.0,1.4,1.833333,1.6,1.833333,1.833333,1.5,0.6,30.0,1.601e-07,-0.228677,0.000112
2.1.牙买加,牙买加 新增UV,2.0,1.25,1.333333,1.333333,1.6,1.0,1.666667,1.75,0.75,60.0,2.5163e-06,-3.594736,0.001761
2.1.特克斯和凯科斯群岛,特克斯和凯科斯群岛 新增UV,1.0,1.0,0.0,1.0,0.0,1.0,1.0,0.0,0.0,0.0,1.32e-08,-0.018848,9e-06
2.1.特立尼达和多巴哥,特立尼达和多巴哥 新增UV,1.75,1.0,1.0,2.0,1.5,1.0,1.0,1.25,0.75,75.0,8.5e-09,-0.012179,6e-06
2.1.玻利维亚,玻利维亚 新增UV,2.714286,2.428571,3.428571,4.333333,3.4,3.0,3.285714,5.0,0.285714,11.764706,-5.839e-07,0.834142,-0.000409
2.1.瑙鲁,瑙鲁 新增UV,0.0,0.0,0.0,0.0,0.0,0.0,0.0,0.0,0.0,,,,
2.1.瑞典,瑞典 新增UV,15.714286,15.0,5.142857,4.285714,4.285714,3.166667,3.285714,3.142857,0.714286,4.761905,-5.138e-07,0.734036,-0.00036
2.1.瑞士,瑞士 新增UV,5.571429,5.428571,4.285714,4.857143,3.428571,5.714286,4.428571,3.571429,0.142857,2.631579,1.797e-07,-0.256651,0.000126
2.1.瓜德罗普,瓜德罗普 新增UV,0.0,0.0,1.0,0.0,0.0,1.0,0.0,0.0,0.0,,,,
2.1.瓦利斯和富图纳群岛,瓦利斯和富图纳群岛 新增UV,0.0,0.0,0.0,0.0,0.0,0.0,0.0,0.0,0.0,,,,
2.1.瓦努阿图,瓦努阿图 新增UV,0.0,0.0,0.0,0.0,0.0,1.0,0.0,1.0,0.0,,,,
2.1.留尼汪岛,留尼汪岛 新增UV,0.0,1.0,1.5,1.0,2.0,0.0,1.0,1.0,-1.0,-100.0,,,
2.1.白俄罗斯,白俄罗斯 新增UV,14.285714,12.714286,16.857143,13.571429,16.857143,18.571429,19.428571,18.714286,1.571429,12.359551,-1.1604e-06,1.657705,-0.000812
2.1.百慕大,百慕大 新增UV,0.0,1.0,0.0,0.0,0.0,1.0,0.0,1.0,-1.0,-100.0,,,
2.1.直布罗陀,直布罗陀 新增UV,1.0,1.0,1.0,0.0,1.0,0.0,1.0,1.5,0.0,0.0,1.32e-08,-0.018848,9e-06
2.1.福克兰群岛,福克兰群岛 新增UV,0.0,0.0,0.0,0.0,0.0,0.0,0.0,0.0,0.0,,,,
2.1.科威特,科威特 新增UV,1.0,1.6,2.0,1.75,1.25,1.75,1.285714,2.0,-0.6,-37.5,2.0337e-06,-2.905332,0.001423
2.1.科摩罗,科摩罗 新增UV,0.0,0.0,0.0,0.0,0.0,0.0,0.0,0.0,0.0,,,,
2.1.科特迪瓦,科特迪瓦 新增UV,2.0,1.4,1.333333,1.0,1.333333,1.0,1.5,1.333333,0.6,42.857143,5.0092e-06,-7.155949,0.003506
2.1.科索沃,科索沃 新增UV,1.5,1.0,0.0,2.0,1.0,1.0,1.75,1.0,0.5,50.0,-1.664e-06,2.377132,-0.001165
2.1.秘鲁,秘鲁 新增UV,9.571429,10.142857,10.0,8.428571,9.857143,12.142857,14.428571,20.428571,-0.571429,-5.633803,1.4057e-06,-2.008124,0.000984
2.1.突尼斯,突尼斯 新增UV,1.666667,2.0,2.166667,2.5,2.25,1.0,1.2,1.333333,-0.333333,-16.666667,3.406e-07,-0.486604,0.000238
2.1.立陶宛,立陶宛 新增UV,2.285714,1.333333,1.571429,1.5,1.833333,1.4,2.6,1.6,0.952381,71.428571,1.007e-06,-1.438624,0.000705
2.1.索马里,索马里 新增UV,1.0,1.333333,1.6,1.5,1.333333,1.5,1.0,2.0,-0.333333,-25.0,1.1357e-06,-1.622449,0.000795
2.1.约旦,约旦 新增UV,1.833333,2.75,1.857143,2.142857,3.0,3.285714,1.714286,2.166667,-0.916667,-33.333333,3.1111e-06,-4.444463,0.002177
2.1.纳米比亚,纳米比亚 新增UV,0.0,0.0,0.0,0.0,1.0,0.0,0.0,0.0,0.0,,,,
2.1.缅甸,缅甸 新增UV,1.333333,1.6,2.285714,4.857143,2.0,1.4,2.333333,1.666667,-0.266667,-16.666667,1.117e-07,-0.159602,7.8e-05
2.1.罗马尼亚,罗马尼亚 新增UV,2.666667,4.714286,4.6,2.857143,3.142857,4.428571,3.428571,4.142857,-2.047619,-43.434343,-5.2393e-06,7.484763,-0.003667
2.1.美国,美国 新增UV,2607.428571,3067.285714,3266.571429,4213.142857,4276.857143,2819.428571,2596.857143,2193.0,-459.857143,-14.992315,0.0001873733,-267.676164,0.131129
2.1.美属维尔京群岛,美属维尔京群岛 新增UV,0.0,1.0,1.0,1.0,0.0,0.0,1.0,1.0,-1.0,-100.0,,,
2.1.老挝,老挝 新增UV,0.0,1.0,0.0,1.0,1.0,1.0,0.0,0.0,-1.0,-100.0,,,
2.1.肯尼亚,肯尼亚 新增UV,1.6,1.0,2.333333,2.714286,1.8,3.4,3.0,3.0,0.6,60.0,-1.9994e-06,2.856328,-0.001399
2.1.芬兰,芬兰 新增UV,6.714286,6.428571,4.714286,3.714286,5.571429,3.666667,2.333333,3.714286,0.285714,4.444444,6.93e-07,-0.990044,0.000485
2.1.苏丹,苏丹 新增UV,1.0,1.0,0.0,1.0,1.0,1.0,1.0,1.0,0.0,0.0,1.32e-08,-0.018848,9e-06
2.1.苏里南,苏里南 新增UV,1.0,1.0,1.0,0.0,1.0,1.0,1.0,1.0,0.0,0.0,1.32e-08,-0.018848,9e-06
2.1.英国,英国 新增UV,887.428571,764.0,467.285714,532.428571,517.428571,281.428571,382.285714,395.714286,123.428571,16.155572,-1.6632e-05,23.759977,-0.01164
2.1.英属维尔京群岛,英属维尔京群岛 新增UV,1.0,0.0,0.0,0.0,1.0,1.0,0.0,1.0,1.0,,,,
2.1.荷兰,荷兰 新增UV,20.571429,23.285714,18.571429,17.0,16.142857,15.142857,15.142857,18.428571,-2.714286,-11.656442,2.303e-07,-0.328935,0.000161
2.1.荷兰加勒比,荷兰加勒比 新增UV,0.0,0.0,1.0,0.0,0.0,0.0,0.0,0.0,0.0,,,,
2.1.荷属圣马丁,荷属圣马丁 新增UV,1.0,0.0,1.0,1.0,1.0,0.0,1.0,1.0,1.0,,,,
2.1.荷属安的列斯,荷属安的列斯 新增UV,0.0,0.0,0.0,0.0,0.0,0.0,0.0,0.0,0.0,,,,
2.1.莫桑比克,莫桑比克 新增UV,1.0,1.0,2.0,1.0,1.0,1.333333,1.0,1.5,0.0,0.0,1.32e-08,-0.018848,9e-06
2.1.莱索托,莱索托 新增UV,0.0,0.0,0.0,0.0,0.0,0.0,0.0,0.0,0.0,,,,
2.1.菲律宾,菲律宾 新增UV,6.428571,8.571429,8.285714,8.0,9.428571,13.0,13.714286,19.571429,-2.142857,-25.0,2.7427e-06,-3.918115,0.001919
2.1.萨尔瓦多,萨尔瓦多 新增UV,2.166667,2.5,1.666667,1.285714,2.2,3.166667,3.2,4.571429,-0.333333,-13.333333,-9.28e-08,0.132528,-6.5e-05
2.1.萨摩亚,萨摩亚 新增UV,0.0,0.0,0.0,1.0,0.0,1.0,1.0,1.0,0.0,,,,
2.1.葡萄牙,葡萄牙 新增UV,11.714286,9.571429,8.857143,10.142857,8.142857,7.428571,8.857143,10.857143,2.142857,22.38806,-4.08e-07,0.582872,-0.000286
2.1.蒙古,蒙古 新增UV,0.0,1.0,1.0,1.0,1.0,2.0,0.0,0.0,-1.0,-100.0,,,
2.1.西班牙,西班牙 新增UV,120.428571,143.714286,124.857143,122.285714,101.285714,84.428571,101.142857,88.0,-23.285714,-16.202783,-1.39857e-05,19.979502,-0.009788
2.1.贝宁,贝宁 新增UV,1.0,1.5,1.5,1.0,1.0,0.0,1.0,1.4,-0.5,-33.333333,1.697e-06,-2.424252,0.001188
2.1.赞比亚,赞比亚 新增UV,2.0,1.0,2.0,1.0,1.0,1.0,1.0,1.5,1.0,100.0,-3.3412e-06,4.773112,-0.002338
2.1.赤道几内亚,赤道几内亚 新增UV,0.0,0.0,0.0,0.0,0.0,0.0,0.0,0.0,0.0,,,,
2.1.越南,越南 新增UV,2.5,1.75,1.666667,2.142857,2.428571,3.571429,2.571429,2.25,0.75,42.857143,2.1762e-06,-3.108847,0.001523
2.1.阿塞拜疆,阿塞拜疆 新增UV,2.333333,2.75,4.0,3.0,2.0,2.166667,2.142857,3.666667,-0.416667,-15.151515,-4.9e-09,0.006978,-3e-06
2.1.阿富汗,阿富汗 新增UV,1.0,1.333333,1.166667,2.0,1.285714,1.666667,1.5,2.166667,-0.333333,-25.0,1.1357e-06,-1.622449,0.000795
2.1.阿尔及利亚,阿尔及利亚 新增UV,3.8,2.8,2.142857,2.2,3.428571,2.25,3.2,3.0,1.0,35.714286,-2.091e-06,2.987206,-0.001463
2.1.阿尔巴尼亚,阿尔巴尼亚 新增UV,2.833333,2.142857,2.0,4.0,2.142857,1.833333,3.142857,2.857143,0.690476,32.222222,-3.973e-07,0.567596,-0.000278
2.1.阿曼,阿曼 新增UV,1.666667,1.0,1.333333,1.0,1.0,1.666667,1.2,1.666667,0.666667,66.666667,-2.2231e-06,3.175794,-0.001556
2.1.阿根廷,阿根廷 新增UV,12.285714,11.571429,10.714286,11.857143,11.857143,13.857143,13.571429,18.428571,0.714286,6.17284,-7.776e-07,1.110824,-0.000544
2.1.阿联酋,阿联酋 新增UV,3.571429,4.714286,4.571429,5.428571,5.571429,3.0,4.0,5.0,-1.142857,-24.242424,6.122e-07,-0.87453,0.000428
2.1.阿鲁巴,阿鲁巴 新增UV,1.0,1.0,2.333333,1.5,1.0,1.0,1.333333,1.0,0.0,0.0,-4.86e-08,0.069408,-3.4e-05
2.1.韩国,韩国 新增UV,1.25,1.833333,1.4,2.8,1.857143,1.857143,2.5,1.857143,-0.583333,-31.818182,1.9809e-06,-2.829862,0.001386
2.1.马尔代夫,马尔代夫 新增UV,0.0,1.5,2.0,1.0,1.0,1.0,1.0,1.25,-1.5,-100.0,,,
2.1.马恩岛,马恩岛 新增UV,0.0,1.0,0.0,0.0,1.0,1.0,0.0,0.0,-1.0,-100.0,,,
2.1.马拉维,马拉维 新增UV,0.0,1.5,1.0,1.0,1.0,0.0,1.0,1.666667,-1.5,-100.0,,,
2.1.马提尼克岛,马提尼克岛 新增UV,0.0,0.0,0.0,1.0,0.0,1.0,0.0,0.0,0.0,,,,
2.1.马来西亚,马来西亚 新增UV,2.2,2.428571,1.857143,2.4,3.285714,3.714286,3.285714,2.857143,-0.228571,-9.411765,2.887e-07,-0.412463,0.000202
2.1.马约特,马约特 新增UV,0.0,0.0,0.0,0.0,0.0,0.0,0.0,0.0,0.0,,,,
2.1.马绍尔群岛,马绍尔群岛 新增UV,0.0,0.0,0.0,0.0,0.0,0.0,0.0,0.0,0.0,,,,
2.1.马耳他,马耳他 新增UV,1.5,1.0,1.25,2.2,1.0,2.0,1.5,1.25,0.5,50.0,-3.654e-07,0.521953,-0.000256
2.1.马达加斯加,马达加斯加 新增UV,1.0,1.0,1.0,2.0,1.5,0.0,1.0,1.0,0.0,0.0,1.32e-08,-0.018848,9e-06
2.1.马里,马里 新增UV,1.666667,1.0,2.8,1.5,0.0,1.0,1.5,1.0,0.666667,66.666667,8.998e-07,-1.285468,0.00063
2.1.黎巴嫩,黎巴嫩 新增UV,1.333333,1.0,1.6,2.166667,2.0,3.2,1.0,1.166667,0.333333,33.333333,-1.1049e-06,1.578471,-0.000773
2.1.黑山,黑山 新增UV,1.333333,1.0,1.0,1.666667,1.2,1.25,1.5,1.0,0.333333,33.333333,-1.1049e-06,1.578471,-0.000773
2.2,自然 新增UV,25994.0,25109.857143,26925.142857,26974.0,29060.285714,25544.0,23412.714286,23818.714286,884.142857,3.521099,0.0003660286,-522.89807,0.256157
2.2.unknow,unknow 新增UV,1.8,1.666667,5.285714,2.8,3.2,2.0,2.0,1.25,0.133333,8.0,-9.34e-08,0.133393,-6.5e-05
2.2.不丹,不丹 新增UV,1.0,1.5,1.0,1.0,1.0,1.0,1.0,1.0,-0.5,-33.333333,1.697e-06,-2.424252,0.001188
2.2.东帝汶,东帝汶 新增UV,0.0,1.0,1.5,1.0,1.0,1.0,1.5,1.333333,-1.0,-100.0,,,
2.2.中国,中国 新增UV,65.857143,67.857143,60.142857,57.571429,55.428571,52.714286,49.857143,59.428571,-2.0,-2.947368,-1.583e-07,0.226151,-0.000111
2.2.中国台湾,中国台湾 新增UV,12.857143,9.285714,10.714286,9.428571,9.571429,12.571429,12.571429,10.0,3.571429,38.461538,-1.6782e-06,2.397406,-0.001174
2.2.中国澳门,中国澳门 新增UV,1.5,1.0,1.0,1.2,2.0,1.6,1.333333,1.75,0.5,50.0,6.1278e-06,-8.753958,0.004288
2.2.中国香港,中国香港 新增UV,104.142857,56.714286,57.142857,57.571429,42.0,42.571429,40.857143,40.285714,47.428571,83.627204,6.28732e-05,-89.818928,0.044
2.2.中非,中非 新增UV,1.5,1.6,1.0,1.5,2.0,1.333333,1.2,1.666667,-0.1,-6.25,3.565e-07,-0.509352,0.00025
2.2.丹麦,丹麦 新增UV,42.142857,38.285714,41.285714,49.428571,41.714286,32.142857,35.571429,35.0,3.857143,10.074627,1.7763e-06,-2.537525,0.001243
2.2.乌克兰,乌克兰 新增UV,609.428571,316.285714,433.428571,331.857143,762.428571,783.428571,236.714286,255.285714,293.142857,92.682927,0.0003121751,-445.964477,0.218469
2.2.乌兹别克斯坦,乌兹别克斯坦 新增UV,32.857143,32.0,36.714286,26.428571,59.285714,33.0,41.285714,24.142857,0.857143,2.678571,9.4e-08,-0.134242,6.6e-05
2.2.乌干达,乌干达 新增UV,13.571429,11.142857,11.714286,12.285714,13.142857,19.285714,19.0,18.857143,2.428571,21.794872,3.8293e-06,-5.470435,0.00268
2.2.乌拉圭,乌拉圭 新增UV,7.428571,12.142857,13.0,8.571429,9.142857,9.285714,11.285714,12.428571,-4.714286,-38.823529,-1.20755e-05,17.250729,-0.008451
2.2.乍得,乍得 新增UV,1.5,1.5,2.8,2.714286,2.833333,3.571429,3.857143,3.5,0.0,0.0,-2.65e-08,0.03792,-1.9e-05
2.2.也门,也门 新增UV,4.428571,4.714286,4.0,4.142857,6.857143,9.571429,13.142857,8.714286,-0.285714,-6.060606,9.56e-08,-0.136611,6.7e-05
2.2.亚美尼亚,亚美尼亚 新增UV,72.0,208.857143,49.857143,38.714286,35.571429,31.0,26.0,29.142857,-136.857143,-65.526676,-0.0001817854,259.693428,-0.127219
2.2.以色列,以色列 新增UV,80.571429,92.142857,102.0,114.428571,120.428571,89.857143,90.428571,138.142857,-11.571429,-12.55814,-6.3325e-06,9.046403,-0.004432
2.2.伊拉克,伊拉克 新增UV,81.428571,77.0,75.428571,81.571429,120.285714,114.428571,146.571429,130.857143,4.428571,5.751391,-1.0491e-06,1.498752,-0.000734
2.2.伊朗,伊朗 新增UV,695.571429,616.285714,510.714286,566.571429,543.714286,24.142857,22.571429,13.571429,79.285714,12.86509,2.00069e-05,-28.581331,0.014001
2.2.伯利兹,伯利兹 新增UV,3.142857,2.285714,2.571429,2.571429,3.142857,2.857143,3.571429,3.0,0.857143,37.5,-1.0284e-06,1.469122,-0.00072
2.2.佛得角,佛得角 新增UV,2.333333,2.142857,3.166667,1.666667,2.142857,3.166667,3.142857,3.0,0.190476,8.888889,-3.043e-07,0.434694,-0.000213
2.2.俄罗斯,俄罗斯 新增UV,1972.571429,2006.857143,2246.428571,1827.857143,2048.142857,1588.428571,1549.142857,1529.714286,-34.285714,-1.708428,-3.86575e-05,55.224958,-0.027054
2.2.保加利亚,保加利亚 新增UV,59.714286,58.142857,56.571429,70.428571,74.428571,58.285714,57.857143,49.428571,1.571429,2.702703,7.938e-07,-1.134008,0.000556
2.2.克罗地亚,克罗地亚 新增UV,64.428571,49.571429,53.714286,59.571429,51.142857,46.571429,45.857143,45.285714,14.857143,29.971182,-4.7565e-06,6.794995,-0.003329
2.2.关岛,关岛 新增UV,2.0,2.0,1.5,2.428571,1.833333,2.5,1.4,1.333333,0.0,0.0,2.64e-08,-0.037696,1.8e-05
2.2.冈比亚,冈比亚 新增UV,21.428571,19.714286,24.0,46.428571,58.428571,28.0,23.571429,20.142857,1.714286,8.695652,4.7932e-06,-6.84736,0.003354
2.2.冰岛,冰岛 新增UV,3.571429,4.285714,3.857143,7.571429,3.857143,2.857143,2.857143,3.285714,-0.714286,-16.666667,-3.0598e-06,4.371208,-0.002141
2.2.几内亚,几内亚 新增UV,10.857143,13.0,21.714286,10.0,14.571429,8.285714,10.857143,8.571429,-2.142857,-16.483516,-2.1627e-06,3.089614,-0.001514
2.2.几内亚比绍,几内亚比绍 新增UV,2.166667,1.428571,1.0,2.0,1.2,1.0,1.6,1.6,0.738095,51.666667,1.5255e-06,-2.179316,0.001068
2.2.列支敦士登,列支敦士登 新增UV,0.0,1.0,1.0,1.0,1.25,1.25,0.0,1.666667,-1.0,-100.0,,,
2.2.刚果共和国,刚果共和国 新增UV,5.285714,3.571429,11.857143,5.428571,7.571429,7.142857,6.714286,6.285714,1.714286,48.0,1.8754e-06,-2.67918,0.001312
2.2.刚果民主共和国,刚果民主共和国 新增UV,12.857143,12.714286,18.857143,15.857143,19.714286,20.571429,24.571429,23.428571,0.142857,1.123596,-1.98e-08,0.028248,-1.4e-05
2.2.利比亚,利比亚 新增UV,9.714286,8.142857,8.428571,11.571429,12.571429,12.428571,15.285714,13.571429,1.571429,19.298246,-1.4301e-06,2.043047,-0.001001
2.2.利比里亚,利比里亚 新增UV,29.714286,29.142857,33.0,33.142857,34.714286,29.285714,38.857143,31.428571,0.571429,1.960784,7.962e-07,-1.13736,0.000557
2.2.加拿大,加拿大 新增UV,465.0,450.857143,381.571429,456.571429,471.285714,423.428571,384.857143,405.142857,14.142857,3.136882,-3.2609e-06,4.658365,-0.002282
2.2.加纳,加纳 新增UV,196.142857,182.285714,209.714286,163.285714,196.571429,242.571429,210.571429,256.0,13.857143,7.601881,2.35685e-05,-33.669308,0.016494
2.2.加蓬,加蓬 新增UV,1.6,1.5,1.666667,1.333333,1.0,1.333333,2.0,2.0,0.1,6.666667,2.386e-07,-0.340882,0.000167
2.2.匈牙利,匈牙利 新增UV,44.428571,37.571429,48.0,57.571429,43.857143,38.285714,33.285714,38.285714,6.857143,18.250951,1.892e-06,-2.702887,0.001324
2.2.北马其顿,北马其顿 新增UV,29.142857,29.428571,29.0,38.142857,31.428571,24.857143,31.428571,36.0,-0.285714,-0.970874,-3.225e-07,0.460761,-0.000226
2.2.北马里亚纳群岛,北马里亚纳群岛 新增UV,0.0,1.0,0.0,0.0,0.0,0.0,0.0,0.0,-1.0,-100.0,,,
2.2.南苏丹,南苏丹 新增UV,33.142857,34.428571,33.714286,29.285714,32.285714,32.857143,33.285714,30.142857,-1.285714,-3.73444,-1.4e-07,0.199939,-9.8e-05
2.2.南非,南非 新增UV,84.428571,94.0,83.571429,105.285714,96.571429,96.714286,103.714286,99.571429,-9.571429,-10.182371,-1.06441e-05,15.205872,-0.007449
2.2.博茨瓦纳,博茨瓦纳 新增UV,2.333333,1.714286,2.5,2.833333,3.0,4.2,3.142857,2.0,0.619048,36.111111,-1.0234e-06,1.462061,-0.000716
2.2.卡塔尔,卡塔尔 新增UV,12.0,11.428571,12.571429,15.285714,16.857143,13.0,16.571429,14.857143,0.571429,5.0,1.537e-07,-0.219553,0.000108
2.2.卢旺达,卢旺达 新增UV,5.0,6.0,7.714286,4.571429,6.285714,6.142857,4.571429,7.428571,-1.0,-16.666667,-1.3898e-06,1.985419,-0.000973
2.2.卢森堡,卢森堡 新增UV,4.285714,5.571429,6.285714,6.428571,5.857143,4.833333,3.714286,4.666667,-1.285714,-23.076923,-1.7754e-06,2.536334,-0.001242
2.2.印度,印度 新增UV,77.285714,70.857143,80.428571,94.714286,106.428571,111.428571,110.142857,89.428571,6.428571,9.072581,1.01712e-05,-14.530262,0.007118
2.2.印度尼西亚,印度尼西亚 新增UV,111.571429,119.857143,118.0,166.571429,130.142857,122.142857,163.571429,138.571429,-8.285714,-6.912992,-1.2894e-05,18.419974,-0.009024
2.2.危地马拉,危地马拉 新增UV,21.571429,18.428571,21.0,18.428571,19.428571,20.0,24.285714,25.428571,3.142857,17.054264,2.1567e-06,-3.080957,0.001509
2.2.厄瓜多尔,厄瓜多尔 新增UV,49.285714,46.142857,45.571429,48.285714,51.285714,50.428571,57.142857,56.571429,3.142857,6.811146,1.9984e-06,-2.854856,0.001399
2.2.叙利亚,叙利亚 新增UV,22.428571,21.285714,18.285714,20.428571,29.142857,21.0,28.571429,26.571429,1.142857,5.369128,5.798e-07,-0.82822,0.000406
2.2.古巴,古巴 新增UV,2.142857,3.25,2.5,2.714286,4.285714,3.0,4.857143,4.428571,-1.107143,-34.065934,2.385e-07,-0.34072,0.000167
2.2.吉尔吉斯斯坦,吉尔吉斯斯坦 新增UV,43.714286,30.714286,71.571429,28.857143,139.857143,57.0,18.571429,21.285714,13.0,42.325581,1.5305e-05,-21.864278,0.010711
2.2.吉布提,吉布提 新增UV,1.0,2.0,1.0,0.0,1.0,1.333333,1.333333,2.0,-1.0,-50.0,3.3808e-06,-4.829655,0.002366
2.2.哈萨克斯坦,哈萨克斯坦 新增UV,271.142857,195.142857,521.428571,176.0,670.714286,277.714286,95.714286,96.428571,76.0,38.945827,6.5165e-05,-93.092913,0.045604
2.2.哥伦比亚,哥伦比亚 新增UV,190.857143,211.857143,207.142857,188.142857,205.428571,222.142857,223.857143,213.285714,-21.0,-9.91234,-1.64759e-05,23.536988,-0.01153
2.2.哥斯达黎加,哥斯达黎加 新增UV,15.714286,15.571429,20.428571,15.142857,16.857143,16.857143,18.714286,17.142857,0.142857,0.917431,9.33e-08,-0.133325,6.5e-05
2.2.喀麦隆,喀麦隆 新增UV,16.0,16.857143,21.142857,18.142857,24.142857,30.285714,24.571429,23.428571,-0.857143,-5.084746,-1.7589e-06,2.512679,-0.001231
2.2.图瓦卢,图瓦卢 新增UV,0.0,0.0,1.0,1.0,0.0,0.0,0.0,0.0,0.0,,,,
2.2.土库曼斯坦,土库曼斯坦 新增UV,1.0,1.0,2.0,2.5,2.666667,0.0,0.0,1.0,0.0,0.0,-3.31e-08,0.047344,-2.3e-05
2.2.土耳其,土耳其 新增UV,656.571429,673.428571,778.428571,911.0,646.0,487.0,470.714286,459.285714,-16.857143,-2.503182,-2.656e-07,0.379474,-0.000186
2.2.圣卢西亚,圣卢西亚 新增UV,2.5,1.4,2.428571,2.4,1.833333,1.833333,2.166667,2.5,1.1,78.571429,-1.9522e-06,2.788858,-0.001366
2.2.圣基茨和尼维斯,圣基茨和尼维斯 新增UV,1.4,1.5,1.0,1.5,1.666667,1.333333,1.0,1.333333,-0.1,-6.666667,-3.576e-07,0.510925,-0.00025
2.2.圣多美和普林西比,圣多美和普林西比 新增UV,0.0,1.0,1.0,0.0,1.5,1.0,0.0,1.25,-1.0,-100.0,,,
2.2.圣巴泰勒米岛,圣巴泰勒米岛 新增UV,0.0,0.0,0.0,0.0,0.0,0.0,0.0,1.0,0.0,,,,
2.2.圣文森特和格林纳丁斯,圣文森特和格林纳丁斯 新增UV,1.0,1.0,1.25,1.0,1.0,1.5,1.0,2.0,0.0,0.0,-3.31e-08,0.047344,-2.3e-05
2.2.圣皮埃尔和密克隆群岛,圣皮埃尔和密克隆群岛 新增UV,0.0,0.0,0.0,0.0,0.0,1.0,0.0,0.0,0.0,,,,
2.2.圣马力诺,圣马力诺 新增UV,0.0,1.0,1.0,0.0,1.0,0.0,0.0,1.0,-1.0,-100.0,,,
2.2.圭亚那,圭亚那 新增UV,2.857143,3.5,2.714286,2.142857,4.428571,2.142857,3.428571,4.714286,-0.642857,-18.367347,6.555e-07,-0.936448,0.000459
2.2.坦桑尼亚,坦桑尼亚 新增UV,21.285714,18.857143,20.857143,19.142857,22.571429,24.714286,25.142857,19.857143,2.428571,12.878788,5.8772e-06,-8.395956,0.004113
2.2.埃及,埃及 新增UV,140.142857,138.0,139.857143,159.428571,189.714286,141.714286,169.571429,155.285714,2.142857,1.552795,1.1272e-06,-1.610329,0.000789
2.2.埃塞俄比亚,埃塞俄比亚 新增UV,11.714286,14.285714,18.285714,20.0,15.285714,20.714286,36.142857,15.714286,-2.571429,-18.0,-1.7557e-06,2.508169,-0.001229
2.2.基里巴斯,基里巴斯 新增UV,0.0,1.0,0.0,0.0,0.0,0.0,0.0,1.0,-1.0,-100.0,,,
2.2.塔吉克斯坦,塔吉克斯坦 新增UV,6.333333,4.857143,5.142857,3.428571,6.285714,4.857143,6.142857,3.714286,1.47619,30.392157,2.3397e-06,-3.342451,0.001637
2.2.塞内加尔,塞内加尔 新增UV,43.714286,57.142857,78.857143,132.285714,179.714286,91.0,261.285714,260.0,-13.428571,-23.5,-1.41227e-05,20.175357,-0.009884
2.2.塞尔维亚,塞尔维亚 新增UV,116.857143,117.0,133.857143,148.857143,127.714286,119.142857,126.0,148.142857,-0.142857,-0.1221,3.901e-07,-0.55732,0.000273
2.2.塞拉利昂,塞拉利昂 新增UV,6.285714,8.571429,9.428571,8.714286,7.0,8.0,9.0,8.285714,-2.285714,-26.666667,-9.6075e-06,13.725023,-0.006724
2.2.塞浦路斯,塞浦路斯 新增UV,22.142857,19.0,21.0,23.0,19.428571,15.285714,15.142857,15.428571,3.142857,16.541353,6.0312e-06,-8.615983,0.004221
2.2.塞舌尔,塞舌尔 新增UV,1.285714,1.8,1.714286,2.25,2.0,1.2,1.5,1.4,-0.514286,-28.571429,-9.809e-07,1.401219,-0.000686
2.2.墨西哥,墨西哥 新增UV,423.571429,392.285714,407.0,408.285714,393.142857,402.571429,491.714286,534.857143,31.285714,7.975237,1.084e-05,-15.485752,0.007586
2.2.多哥,多哥 新增UV,7.285714,6.857143,6.714286,9.285714,13.857143,19.0,17.285714,18.0,0.428571,6.25,1.371e-07,-0.195876,9.6e-05
2.2.多米尼克,多米尼克 新增UV,1.5,1.0,0.0,1.5,1.0,1.333333,1.0,1.5,0.5,50.0,2.2319e-06,-3.188405,0.001562
2.2.多米尼加,多米尼加 新增UV,35.571429,38.142857,37.142857,46.714286,39.571429,43.428571,43.571429,43.571429,-2.571429,-6.741573,-4.519e-06,6.455783,-0.003163
2.2.奥兰群岛,奥兰群岛 新增UV,1.0,0.0,1.0,0.0,0.0,0.0,0.0,0.0,1.0,,,,
2.2.奥地利,奥地利 新增UV,58.0,72.285714,96.285714,87.285714,74.571429,65.714286,51.0,55.285714,-14.285714,-19.762846,-1.11583e-05,15.940397,-0.007809
2.2.委内瑞拉,委内瑞拉 新增UV,42.857143,53.714286,53.142857,53.428571,61.0,62.285714,72.857143,60.142857,-10.857143,-20.212766,1.4877e-06,-2.125346,0.001041
2.2.孟加拉,孟加拉 新增UV,381.428571,410.714286,457.142857,620.714286,787.285714,701.571429,618.571429,498.0,-29.285714,-7.130435,-1.90509e-05,27.215542,-0.013332
2.2.安哥拉,安哥拉 新增UV,14.428571,13.142857,15.571429,11.571429,13.142857,15.857143,14.0,15.714286,1.285714,9.782609,1.786e-07,-0.255148,0.000125
2.2.安圭拉,安圭拉 新增UV,1.0,1.0,1.333333,1.0,0.0,1.0,0.0,1.0,0.0,0.0,1.32e-08,-0.018848,9e-06
2.2.安提瓜和巴布达,安提瓜和巴布达 新增UV,2.0,1.0,2.166667,2.5,1.5,1.8,2.4,1.8,1.0,100.0,1.3524e-06,-1.932015,0.000946
2.2.安道尔,安道尔 新增UV,1.5,1.0,1.666667,1.0,1.2,1.2,1.0,0.0,0.5,50.0,-1.664e-06,2.377132,-0.001165
2.2.密克罗尼西亚联邦,密克罗尼西亚联邦 新增UV,1.0,0.0,0.0,1.0,0.0,0.0,0.0,1.0,1.0,,,,
2.2.尼加拉瓜,尼加拉瓜 新增UV,11.571429,9.857143,7.857143,8.857143,9.428571,8.857143,12.571429,8.714286,1.714286,17.391304,5.589e-06,-7.984284,0.003911
2.2.尼日利亚,尼日利亚 新增UV,708.571429,656.571429,655.142857,679.285714,896.0,1180.428571,714.285714,1440.142857,52.0,7.91993,0.0001034814,-147.830569,0.072419
2.2.尼日尔,尼日尔 新增UV,6.285714,5.833333,6.857143,6.428571,8.285714,7.571429,10.714286,7.0,0.452381,7.755102,1.089e-06,-1.555656,0.000762
2.2.尼泊尔,尼泊尔 新增UV,20.0,19.142857,20.142857,24.571429,27.857143,32.714286,37.285714,27.428571,0.857143,4.477612,6.668e-07,-0.952596,0.000467
2.2.巴勒斯坦,巴勒斯坦 新增UV,16.142857,15.285714,19.428571,22.857143,27.428571,16.285714,18.714286,24.428571,0.857143,5.607477,-3.47e-07,0.495694,-0.000243
2.2.巴哈马,巴哈马 新增UV,4.571429,4.857143,5.285714,5.142857,5.142857,5.857143,4.714286,3.666667,-0.285714,-5.882353,-7.73e-07,1.104218,-0.000541
2.2.巴基斯坦,巴基斯坦 新增UV,304.428571,194.857143,186.571429,227.428571,351.0,246.857143,287.714286,229.428571,109.571429,56.231672,8.13275e-05,-116.182073,0.056915
2.2.巴巴多斯,巴巴多斯 新增UV,2.0,2.833333,2.714286,3.714286,3.5,2.142857,2.0,3.0,-0.833333,-29.411765,-2.1414e-06,3.059157,-0.001499
2.2.巴布亚新几内亚,巴布亚新几内亚 新增UV,2.666667,1.5,1.666667,1.8,2.75,2.428571,3.571429,2.4,1.166667,77.777778,2.9435e-06,-4.204932,0.00206
2.2.巴拉圭,巴拉圭 新增UV,22.857143,20.857143,23.571429,21.857143,22.428571,21.857143,34.285714,22.285714,2.0,9.589041,9.096e-07,-1.299361,0.000637
2.2.巴拿马,巴拿马 新增UV,11.571429,12.714286,12.571429,12.714286,16.714286,15.428571,15.714286,17.571429,-1.142857,-8.988764,-1.5502e-06,2.214605,-0.001085
2.2.巴林,巴林 新增UV,5.142857,5.285714,7.142857,6.714286,7.5,6.285714,6.285714,6.428571,-0.142857,-2.702703,1.34e-08,-0.019184,9e-06
2.2.巴西,巴西 新增UV,6646.0,6526.142857,6895.428571,6563.571429,6540.0,6759.571429,6373.285714,6147.428571,119.857143,1.836569,6.39467e-05,-91.352438,0.044752
2.2.布基纳法索,布基纳法索 新增UV,33.714286,33.857143,50.0,27.571429,39.428571,45.428571,42.571429,53.0,-0.142857,-0.421941,-5.897e-07,0.842446,-0.000413
2.2.布隆迪,布隆迪 新增UV,2.6,2.714286,3.5,2.5,2.2,2.833333,2.571429,2.666667,-0.114286,-4.210526,-2.603e-07,0.371795,-0.000182
2.2.希腊,希腊 新增UV,145.857143,140.714286,140.571429,148.428571,128.285714,101.0,92.571429,100.428571,5.142857,3.654822,7.0574e-06,-10.081954,0.004939
2.2.帕劳,帕劳 新增UV,0.0,0.0,0.0,0.0,0.0,1.0,0.0,1.0,0.0,,,,
2.2.库克群岛,库克群岛 新增UV,1.0,1.0,0.0,2.0,0.0,1.0,1.0,0.0,0.0,0.0,1.32e-08,-0.018848,9e-06
2.2.库拉索,库拉索 新增UV,1.8,1.571429,2.857143,2.571429,2.5,2.0,2.857143,1.571429,0.228571,14.545455,4.184e-07,-0.597694,0.000293
2.2.开曼群岛,开曼群岛 新增UV,2.2,1.833333,1.6,1.333333,1.75,1.0,1.333333,1.2,0.366667,20.0,1.8739e-06,-2.676981,0.001311
2.2.德国,德国 新增UV,1113.714286,1045.428571,1055.571429,951.428571,971.142857,713.0,615.142857,612.428571,68.285714,6.531839,3.91889e-05,-55.984112,0.027425
2.2.意大利,意大利 新增UV,391.857143,411.142857,446.0,392.571429,249.714286,212.0,197.0,221.857143,-19.285714,-4.690757,-5.2917e-06,7.559619,-0.003703
2.2.所罗门群岛,所罗门群岛 新增UV,1.0,1.0,1.0,3.0,1.0,1.0,1.0,1.5,0.0,0.0,-7.95e-08,0.113536,-5.6e-05
2.2.拉脱维亚,拉脱维亚 新增UV,61.428571,52.0,66.285714,51.285714,56.0,39.0,29.571429,31.857143,9.428571,18.131868,1.30295e-05,-18.613504,0.009118
2.2.挪威,挪威 新增UV,46.857143,83.857143,100.428571,89.0,71.0,49.571429,31.142857,27.857143,-37.0,-44.122658,7.2349e-06,-10.335542,0.005063
2.2.捷克,捷克 新增UV,50.142857,49.0,54.571429,54.428571,62.428571,54.142857,42.0,40.142857,1.142857,2.332362,4.482e-07,-0.640262,0.000314
2.2.摩尔多瓦,摩尔多瓦 新增UV,36.857143,26.571429,35.428571,41.142857,41.285714,43.142857,46.0,57.428571,10.285714,38.709677,9.5468e-06,-13.638288,0.006681
2.2.摩洛哥,摩洛哥 新增UV,68.571429,62.285714,62.428571,69.714286,87.285714,71.571429,85.428571,85.0,6.285714,10.091743,1.961e-07,-0.280174,0.000137
2.2.摩纳哥,摩纳哥 新增UV,1.2,1.666667,1.0,1.5,1.333333,0.0,1.666667,1.0,-0.466667,-28.0,-2.1291e-06,3.041575,-0.00149
2.2.文莱,文莱 新增UV,1.75,1.833333,1.166667,2.0,1.25,1.285714,1.4,1.8,-0.083333,-4.545455,-6.105e-07,0.872199,-0.000427
2.2.斐济,斐济 新增UV,1.666667,2.2,1.428571,2.857143,2.666667,2.2,2.0,3.571429,-0.533333,-24.242424,1.818e-06,-2.597175,0.001272
2.2.斯威士兰,斯威士兰 新增UV,1.0,1.333333,1.5,1.75,1.0,1.0,1.0,1.666667,-0.333333,-25.0,1.1357e-06,-1.622449,0.000795
2.2.斯洛伐克,斯洛伐克 新增UV,20.571429,18.714286,23.142857,26.0,23.0,25.285714,18.428571,21.857143,1.857143,9.923664,7.291e-07,-1.041526,0.00051
2.2.斯洛文尼亚,斯洛文尼亚 新增UV,14.0,14.142857,15.0,13.857143,11.285714,10.0,9.428571,10.428571,-0.142857,-1.010101,-5e-08,0.071409,-3.5e-05
2.2.斯里兰卡,斯里兰卡 新增UV,12.857143,10.571429,13.571429,13.714286,15.714286,12.571429,18.285714,16.0,2.285714,21.621622,2.4595e-06,-3.513574,0.001721
2.2.新加坡,新加坡 新增UV,38.571429,34.428571,39.857143,39.428571,46.714286,35.285714,39.571429,32.428571,4.142857,12.033195,5.4411e-06,-7.773015,0.003808
2.2.新喀里多尼亚,新喀里多尼亚 新增UV,1.0,1.0,2.0,1.0,2.0,0.0,1.0,1.0,0.0,0.0,1.32e-08,-0.018848,9e-06
2.2.新西兰,新西兰 新增UV,28.142857,24.714286,28.0,38.857143,29.142857,26.142857,32.571429,35.285714,3.428571,13.872832,3.1685e-06,-4.526461,0.002217
2.2.日本,日本 新增UV,46.571429,61.142857,43.571429,52.571429,64.142857,43.714286,44.142857,44.142857,-14.571429,-23.831776,1.5128e-06,-2.16117,0.001059
2.2.智利,智利 新增UV,55.428571,48.571429,46.714286,41.571429,43.714286,47.857143,54.428571,52.571429,6.857143,14.117647,3.9506e-06,-5.643747,0.002765
2.2.柬埔寨,柬埔寨 新增UV,9.857143,11.142857,12.857143,13.0,7.714286,12.142857,13.571429,8.857143,-1.285714,-11.538462,-1.896e-06,2.708566,-0.001327
2.2.根西岛,根西岛 新增UV,1.25,1.0,1.5,1.5,1.5,1.4,2.0,1.25,0.25,25.0,-8.254e-07,1.179142,-0.000578
2.2.格林纳达,格林纳达 新增UV,1.25,1.5,1.0,1.0,1.4,1.0,2.0,2.0,-0.25,-16.666667,-3.474e-07,0.496355,-0.000243
2.2.格陵兰,格陵兰 新增UV,1.0,1.0,0.0,1.0,0.0,1.0,0.0,0.0,0.0,0.0,-7.95e-08,0.113536,-5.6e-05
2.2.格鲁吉亚,格鲁吉亚 新增UV,63.142857,66.571429,83.857143,84.285714,65.142857,58.142857,54.428571,56.428571,-3.428571,-5.150215,-2.3746e-06,3.392352,-0.001662
2.2.比利时,比利时 新增UV,56.857143,59.857143,59.285714,71.285714,63.0,50.142857,54.142857,63.857143,-3.0,-5.011933,-1.405e-06,2.007211,-0.000983
2.2.毛里塔尼亚,毛里塔尼亚 新增UV,4.571429,6.0,8.142857,6.714286,6.428571,4.428571,6.714286,7.714286,-1.428571,-23.809524,-3.6824e-06,5.260553,-0.002577
2.2.毛里求斯,毛里求斯 新增UV,3.857143,3.571429,5.142857,4.0,4.571429,2.857143,5.428571,5.285714,0.285714,8.0,-2.001e-07,0.285843,-0.00014
2.2.汤加,汤加 新增UV,1.0,1.0,0.0,1.0,1.0,0.0,1.0,0.0,0.0,0.0,-7.95e-08,0.113536,-5.6e-05
2.2.沙特阿拉伯,沙特阿拉伯 新增UV,71.0,70.857143,85.571429,91.571429,111.571429,74.714286,75.285714,89.428571,0.142857,0.201613,-2.09e-08,0.029814,-1.5e-05
2.2.法国,法国 新增UV,311.571429,309.285714,330.0,318.142857,306.714286,238.0,215.714286,228.142857,2.285714,0.73903,3.521e-07,-0.503043,0.000246
2.2.法属圣马丁,法属圣马丁 新增UV,1.0,0.0,1.0,1.0,1.0,1.5,1.0,0.0,1.0,,,,
2.2.法属圭亚那,法属圭亚那 新增UV,0.0,2.0,1.0,1.5,1.0,1.0,1.25,1.0,-2.0,-100.0,,,
2.2.法属波利尼西亚,法属波利尼西亚 新增UV,1.166667,1.4,1.333333,2.166667,1.25,1.333333,1.25,1.333333,-0.233333,-16.666667,-2.4144e-06,3.449131,-0.00169
2.2.法罗群岛,法罗群岛 新增UV,1.0,1.0,1.0,1.0,1.0,1.0,0.0,0.0,0.0,0.0,1.32e-08,-0.018848,9e-06
2.2.波兰,波兰 新增UV,201.857143,186.714286,209.285714,192.714286,261.571429,212.428571,129.857143,143.285714,15.142857,8.110176,5.9649e-06,-8.521244,0.004174
2.2.波多黎各,波多黎各 新增UV,21.428571,24.285714,20.571429,25.571429,25.142857,22.285714,23.0,21.285714,-2.857143,-11.764706,-2.988e-07,0.426841,-0.000209
2.2.波黑,波黑 新增UV,41.857143,46.0,46.714286,54.571429,53.285714,41.142857,44.142857,46.285714,-4.142857,-9.006211,-9.91e-08,0.141601,-6.9e-05
2.2.泰国,泰国 新增UV,36.285714,32.857143,35.857143,39.285714,44.857143,46.0,47.285714,47.428571,3.428571,10.434783,2.7046e-06,-3.863733,0.001893
2.2.泽西岛,泽西岛 新增UV,1.6,1.5,2.0,1.333333,1.5,1.333333,1.0,2.25,0.1,6.666667,-3.156e-07,0.450924,-0.000221
2.2.津巴布韦,津巴布韦 新增UV,5.142857,5.0,6.285714,7.714286,6.142857,9.428571,9.0,8.428571,0.142857,2.857143,1.511e-07,-0.21591,0.000106
2.2.洪都拉斯,洪都拉斯 新增UV,19.428571,15.714286,16.857143,20.428571,17.285714,17.714286,18.857143,18.571429,3.714286,23.636364,6.7308e-06,-9.615497,0.00471
2.2.海地,海地 新增UV,15.571429,16.428571,17.142857,16.571429,18.428571,22.142857,19.428571,16.285714,-0.857143,-5.217391,-1.6898e-06,2.414054,-0.001183
2.2.澳大利亚,澳大利亚 新增UV,271.142857,271.428571,314.428571,370.142857,275.571429,268.0,266.714286,307.857143,-0.285714,-0.105263,4.405e-07,-0.629309,0.000308
2.2.爱尔兰,爱尔兰 新增UV,80.714286,87.285714,79.285714,91.571429,89.428571,77.428571,69.714286,78.0,-6.571429,-7.528642,-1.8914e-06,2.702071,-0.001324
2.2.爱沙尼亚,爱沙尼亚 新增UV,36.857143,39.142857,47.0,37.857143,32.571429,24.857143,20.0,20.285714,-2.285714,-5.839416,-3.1788e-06,4.541096,-0.002225
2.2.牙买加,牙买加 新增UV,22.142857,19.571429,20.571429,21.0,23.142857,20.428571,20.142857,19.428571,2.571429,13.138686,3.0077e-06,-4.296647,0.002105
2.2.特克斯和凯科斯群岛,特克斯和凯科斯群岛 新增UV,2.0,1.333333,1.666667,1.75,2.25,2.0,2.0,2.0,0.666667,50.0,1.6772e-06,-2.396034,0.001174
2.2.特立尼达和多巴哥,特立尼达和多巴哥 新增UV,6.714286,5.857143,7.0,7.571429,7.285714,8.0,9.428571,7.142857,0.857143,14.634146,9.652e-07,-1.378928,0.000676
2.2.玻利维亚,玻利维亚 新增UV,24.285714,23.0,24.571429,24.857143,23.857143,26.428571,27.571429,27.571429,1.285714,5.590062,6.289e-07,-0.898491,0.00044
2.2.瑙鲁,瑙鲁 新增UV,0.0,0.0,0.0,0.0,0.0,0.0,0.0,0.0,0.0,,,,
2.2.瑞典,瑞典 新增UV,140.571429,153.571429,157.142857,147.714286,116.714286,86.428571,72.0,80.0,-13.0,-8.465116,-1.95132e-05,27.876017,-0.013656
2.2.瑞士,瑞士 新增UV,76.142857,71.0,90.142857,77.285714,73.714286,60.428571,60.0,67.714286,5.142857,7.243461,2.1748e-06,-3.106846,0.001522
2.2.瓜德罗普,瓜德罗普 新增UV,1.0,1.0,2.0,1.0,1.0,1.0,1.0,1.4,0.0,0.0,1.32e-08,-0.018848,9e-06
2.2.瓦利斯和富图纳群岛,瓦利斯和富图纳群岛 新增UV,0.0,0.0,0.0,0.0,0.0,0.0,0.0,0.0,0.0,,,,
2.2.瓦努阿图,瓦努阿图 新增UV,2.0,1.0,0.0,0.0,0.0,1.0,2.0,1.0,1.0,100.0,1.42598e-05,-20.371116,0.009979
2.2.留尼汪岛,留尼汪岛 新增UV,2.285714,2.4,2.285714,2.4,1.75,2.166667,1.857143,2.857143,-0.114286,-4.761905,2.328e-07,-0.332616,0.000163
2.2.白俄罗斯,白俄罗斯 新增UV,179.0,102.0,221.571429,156.714286,274.714286,227.428571,81.142857,82.0,77.0,75.490196,3.54428e-05,-50.632572,0.024804
2.2.百慕大,百慕大 新增UV,1.25,2.2,1.4,1.5,1.0,1.0,1.666667,1.666667,-0.95,-43.181818,3.2157e-06,-4.593827,0.00225
2.2.直布罗陀,直布罗陀 新增UV,1.5,1.0,1.0,1.0,1.25,1.25,1.5,1.4,0.5,50.0,2.84e-07,-0.405645,0.000199
2.2.福克兰群岛,福克兰群岛 新增UV,0.0,0.0,0.0,0.0,1.0,0.0,0.0,0.0,0.0,,,,
2.2.科威特,科威特 新增UV,16.857143,13.285714,17.285714,19.714286,23.714286,20.142857,18.285714,21.142857,3.571429,26.88172,1.406e-07,-0.200889,9.8e-05
2.2.科摩罗,科摩罗 新增UV,1.333333,1.0,1.5,1.666667,1.666667,2.5,2.0,1.166667,0.333333,33.333333,-1.1049e-06,1.578471,-0.000773
2.2.科特迪瓦,科特迪瓦 新增UV,35.714286,36.428571,70.285714,59.857143,56.142857,68.428571,67.142857,68.285714,-0.714286,-1.960784,-6.794e-07,0.970638,-0.000475
2.2.科索沃,科索沃 新增UV,11.857143,8.285714,10.285714,17.428571,12.428571,10.0,13.285714,21.0,3.571429,43.103448,-2.8297e-06,4.042367,-0.00198
2.2.秘鲁,秘鲁 新增UV,80.857143,80.285714,76.285714,80.0,77.142857,89.0,103.714286,96.571429,0.571429,0.711744,2.492e-07,-0.356008,0.000174
2.2.突尼斯,突尼斯 新增UV,31.142857,33.571429,27.142857,33.142857,34.285714,32.142857,33.857143,29.0,-2.428571,-7.234043,-1.0967e-06,1.566675,-0.000767
2.2.立陶宛,立陶宛 新增UV,54.428571,48.714286,60.285714,50.857143,45.714286,37.857143,27.857143,35.0,5.714286,11.730205,5.0395e-06,-7.199231,0.003527
2.2.索马里,索马里 新增UV,12.428571,13.142857,12.0,11.571429,18.285714,11.428571,9.714286,13.0,-0.714286,-5.434783,-3.347e-07,0.478193,-0.000234
2.2.约旦,约旦 新增UV,27.428571,25.857143,32.428571,30.142857,42.0,32.571429,41.142857,45.142857,1.571429,6.077348,1.198e-07,-0.171209,8.4e-05
2.2.纳米比亚,纳米比亚 新增UV,3.0,2.25,3.833333,1.8,2.571429,5.0,3.428571,3.857143,0.75,33.333333,8.4e-07,-1.199986,0.000588
2.2.缅甸,缅甸 新增UV,13.142857,13.857143,14.714286,21.0,19.571429,20.285714,26.142857,18.857143,-0.714286,-5.154639,1.93e-08,-0.027635,1.4e-05
2.2.罗马尼亚,罗马尼亚 新增UV,114.571429,114.285714,112.571429,138.142857,115.285714,124.285714,108.571429,122.0,0.285714,0.25,-4.72e-08,0.067484,-3.3e-05
2.2.美国,美国 新增UV,3828.428571,3632.571429,3560.428571,4234.571429,4512.285714,3922.857143,3504.285714,3329.714286,195.857143,5.391694,2.9646e-06,-4.23511,0.002075
2.2.美属维尔京群岛,美属维尔京群岛 新增UV,2.6,2.0,1.8,1.833333,2.0,1.25,1.5,1.8,0.6,30.0,3.3795e-06,-4.827914,0.002365
2.2.老挝,老挝 新增UV,2.0,1.666667,1.666667,1.8,1.4,1.5,2.166667,1.8,0.333333,20.0,1.791e-06,-2.558603,0.001253
2.2.肯尼亚,肯尼亚 新增UV,27.714286,31.571429,28.285714,28.714286,35.142857,42.285714,45.285714,41.857143,-3.857143,-12.217195,-5.9859e-06,8.55129,-0.004189
2.2.芬兰,芬兰 新增UV,128.571429,130.571429,152.571429,118.0,114.428571,76.285714,56.0,66.428571,-2.0,-1.531729,-2.4258e-06,3.465366,-0.001698
2.2.苏丹,苏丹 新增UV,5.714286,5.0,4.285714,6.0,7.857143,10.714286,16.571429,9.285714,0.714286,14.285714,-1.1026e-06,1.575126,-0.000772
2.2.苏里南,苏里南 新增UV,2.0,2.25,2.333333,3.666667,3.4,1.857143,2.428571,2.666667,-0.25,-11.111111,-8.742e-07,1.248848,-0.000612
2.2.英国,英国 新增UV,1264.428571,1223.142857,1285.285714,1411.714286,1653.285714,989.0,872.285714,969.857143,41.285714,3.37538,2.8024e-06,-4.003435,0.001961
2.2.英属维尔京群岛,英属维尔京群岛 新增UV,0.0,1.0,1.5,1.0,1.333333,2.0,1.6,1.25,-1.0,-100.0,,,
2.2.荷兰,荷兰 新增UV,635.428571,733.142857,806.0,610.0,669.428571,495.142857,443.142857,504.857143,-97.714286,-13.328137,-0.0001229467,175.638127,-0.086042
2.2.荷兰加勒比,荷兰加勒比 新增UV,0.0,1.333333,1.0,1.0,0.0,1.0,1.0,1.0,-1.333333,-100.0,,,
2.2.荷属圣马丁,荷属圣马丁 新增UV,1.333333,1.333333,1.25,1.5,1.333333,1.428571,1.4,1.333333,0.0,0.0,-7.51e-08,0.107253,-5.3e-05
2.2.荷属安的列斯,荷属安的列斯 新增UV,0.0,0.0,0.0,0.0,0.0,0.0,0.0,0.0,0.0,,,,
2.2.莫桑比克,莫桑比克 新增UV,31.0,27.142857,28.428571,32.285714,34.714286,32.285714,33.428571,38.285714,3.857143,14.210526,6.558e-06,-9.368577,0.004589
2.2.莱索托,莱索托 新增UV,1.0,1.5,1.0,1.0,1.0,1.0,1.0,1.0,-0.5,-33.333333,1.697e-06,-2.424252,0.001188
2.2.菲律宾,菲律宾 新增UV,259.0,287.142857,283.0,329.428571,366.857143,343.0,415.285714,406.428571,-28.142857,-9.800995,-2.46806e-05,35.258011,-0.017272
2.2.萨尔瓦多,萨尔瓦多 新增UV,13.428571,14.428571,10.428571,13.428571,12.571429,13.714286,16.0,15.0,-1.0,-6.930693,-2.5473e-06,3.63894,-0.001783
2.2.萨摩亚,萨摩亚 新增UV,1.0,1.0,1.0,0.0,1.0,1.0,1.333333,1.0,0.0,0.0,-7.95e-08,0.113536,-5.6e-05
2.2.葡萄牙,葡萄牙 新增UV,155.571429,174.285714,182.857143,201.0,164.285714,162.142857,146.428571,136.857143,-18.714286,-10.737705,-5.8578e-06,8.368315,-0.004099
2.2.蒙古,蒙古 新增UV,7.142857,6.285714,6.571429,6.571429,6.0,4.571429,6.857143,4.0,0.857143,13.636364,-1.2233e-06,1.747514,-0.000856
2.2.西班牙,西班牙 新增UV,403.857143,362.142857,347.857143,359.428571,374.857143,322.428571,315.857143,226.0,41.714286,11.518738,1.62902e-05,-23.271662,0.0114
2.2.贝宁,贝宁 新增UV,19.142857,18.857143,23.142857,24.714286,35.0,59.285714,41.0,64.714286,0.285714,1.515152,8.154e-07,-1.164848,0.000571
2.2.赞比亚,赞比亚 新增UV,9.285714,8.857143,6.428571,8.571429,7.714286,10.285714,13.285714,9.571429,0.428571,4.83871,1.064e-07,-0.152057,7.4e-05
2.2.赤道几内亚,赤道几内亚 新增UV,2.0,1.333333,1.5,1.4,1.0,2.0,1.0,1.5,0.666667,50.0,-2.707e-07,0.386739,-0.000189
2.2.越南,越南 新增UV,42.428571,38.857143,45.857143,41.285714,51.428571,42.142857,45.571429,39.285714,3.571429,9.191176,1.8212e-06,-2.601693,0.001275
2.2.阿塞拜疆,阿塞拜疆 新增UV,53.285714,45.714286,59.714286,66.428571,58.142857,46.857143,50.0,46.857143,7.571429,16.5625,-5.1847e-06,7.406651,-0.003628
2.2.阿富汗,阿富汗 新增UV,12.285714,10.142857,12.428571,15.142857,17.0,11.0,10.571429,11.714286,2.142857,21.126761,1.0117e-06,-1.445289,0.000708
2.2.阿尔及利亚,阿尔及利亚 新增UV,35.571429,35.714286,33.428571,35.0,43.571429,52.0,72.0,53.285714,-0.142857,-0.4,9.25e-08,-0.132154,6.5e-05
2.2.阿尔巴尼亚,阿尔巴尼亚 新增UV,81.714286,80.0,73.571429,84.142857,65.571429,57.428571,66.285714,144.571429,1.714286,2.142857,1.1855e-06,-1.69356,0.00083
2.2.阿曼,阿曼 新增UV,9.571429,9.285714,9.0,9.714286,23.285714,9.142857,10.142857,11.285714,0.285714,3.076923,3.909e-07,-0.558453,0.000274
2.2.阿根廷,阿根廷 新增UV,117.857143,108.428571,112.857143,110.142857,117.428571,131.285714,130.142857,127.142857,9.428571,8.695652,-2.1742e-06,3.10598,-0.001522
2.2.阿联酋,阿联酋 新增UV,55.142857,64.285714,68.285714,77.571429,96.857143,62.142857,66.0,69.714286,-9.142857,-14.222222,-2.3195e-06,3.313572,-0.001623
2.2.阿鲁巴,阿鲁巴 新增UV,2.714286,3.714286,3.166667,3.0,2.333333,2.142857,2.0,2.8,-1.0,-26.923077,8.871e-07,-1.267262,0.000621
2.2.韩国,韩国 新增UV,24.285714,26.857143,32.714286,30.714286,33.0,31.0,27.142857,33.285714,-2.571429,-9.574468,1.5595e-06,-2.227838,0.001091
2.2.马尔代夫,马尔代夫 新增UV,4.285714,4.142857,5.0,4.857143,5.428571,5.714286,5.0,6.142857,0.142857,3.448276,-3.251e-07,0.464488,-0.000228
2.2.马恩岛,马恩岛 新增UV,1.0,2.2,1.6,1.428571,1.4,1.666667,1.333333,1.571429,-1.2,-54.545455,4.0543e-06,-5.791817,0.002837
2.2.马拉维,马拉维 新增UV,4.0,6.571429,5.571429,5.428571,6.571429,7.142857,5.714286,5.666667,-2.571429,-39.130435,-1.75135e-05,25.019277,-0.012256
2.2.马提尼克岛,马提尼克岛 新增UV,1.5,1.0,1.0,1.666667,1.0,1.0,1.0,1.0,0.5,50.0,4.1798e-06,-5.971181,0.002925
2.2.马来西亚,马来西亚 新增UV,43.285714,44.857143,43.285714,106.857143,54.714286,46.285714,57.285714,49.0,-1.571429,-3.503185,-1.0684e-06,1.526333,-0.000748
2.2.马约特,马约特 新增UV,0.0,1.0,0.0,0.0,0.0,0.0,0.0,0.0,-1.0,-100.0,,,
2.2.马绍尔群岛,马绍尔群岛 新增UV,0.0,1.0,1.0,0.0,0.0,1.0,1.0,0.0,-1.0,-100.0,,,
2.2.马耳他,马耳他 新增UV,11.714286,9.285714,10.714286,9.428571,7.285714,8.142857,6.285714,10.714286,2.428571,26.153846,7.784e-06,-11.119947,0.005447
2.2.马达加斯加,马达加斯加 新增UV,14.0,14.714286,13.714286,13.428571,14.0,15.857143,16.571429,18.714286,-0.714286,-4.854369,-9.37e-07,1.338609,-0.000656
2.2.马里,马里 新增UV,49.714286,57.428571,208.0,31.714286,31.142857,16.0,15.428571,17.571429,-7.714286,-13.432836,-1.15334e-05,16.476241,-0.008071
2.2.黎巴嫩,黎巴嫩 新增UV,34.714286,31.571429,39.285714,48.142857,51.285714,38.142857,41.571429,41.571429,3.142857,9.954751,4.108e-07,-0.586858,0.000287
2.2.黑山,黑山 新增UV,22.571429,20.428571,23.857143,24.571429,23.285714,17.571429,18.857143,20.142857,2.142857,10.48951,2.3083e-06,-3.297517,0.001615
3,整体 新增次日留存UV,6039.857143,6019.142857,6373.571429,6158.285714,6539.571429,5805.571429,5066.142857,5031.714286,20.714286,0.34414,,,
3.1,渠道 新增次日留存UV,1824.857143,1837.714286,1831.428571,1811.571429,1745.428571,1559.857143,1459.428571,1184.285714,-12.857143,-0.699627,,,
3.1.unknow,unknow 新增次日留存UV,0.0,0.0,0.0,0.0,0.0,0.0,0.0,0.0,0.0,,,,
3.1.不丹,不丹 新增次日留存UV,0.0,0.0,0.0,1.0,0.0,1.0,0.0,0.0,0.0,,,,
3.1.东帝汶,东帝汶 新增次日留存UV,0.0,0.0,0.0,0.0,0.0,0.0,0.0,0.0,0.0,,,,
3.1.中国,中国 新增次日留存UV,0.2,0.0,0.0,1.0,1.0,0.0,0.0,0.0,0.2,,,,
3.1.中国台湾,中国台湾 新增次日留存UV,0.5,0.0,0.0,0.5,0.0,0.0,0.0,0.0,0.5,,,,
3.1.中国澳门,中国澳门 新增次日留存UV,0.0,0.0,0.0,0.0,0.0,0.0,0.0,1.0,0.0,,,,
3.1.中国香港,中国香港 新增次日留存UV,10.857143,1.571429,3.428571,2.714286,0.857143,1.142857,0.5,0.166667,9.285714,590.909091,,,
3.1.中非,中非 新增次日留存UV,0.0,0.0,0.0,0.0,0.0,0.0,1.0,0.333333,0.0,,,,
3.1.丹麦,丹麦 新增次日留存UV,0.666667,0.333333,0.0,0.75,0.2,0.4,0.714286,0.0,0.333333,100.0,,,
3.1.乌克兰,乌克兰 新增次日留存UV,3.142857,2.714286,2.571429,3.0,3.571429,3.0,3.0,3.428571,0.428571,15.789474,,,
3.1.乌兹别克斯坦,乌兹别克斯坦 新增次日留存UV,0.571429,0.285714,0.857143,0.428571,0.571429,0.142857,0.428571,0.714286,0.285714,100.0,,,
3.1.乌干达,乌干达 新增次日留存UV,0.5,0.5,0.0,1.0,0.0,0.4,0.333333,1.0,0.0,0.0,,,
3.1.乌拉圭,乌拉圭 新增次日留存UV,0.0,0.0,0.0,0.2,0.0,0.333333,0.166667,0.166667,0.0,,,,
3.1.乍得,乍得 新增次日留存UV,0.0,0.0,0.0,0.0,0.0,0.0,0.0,0.0,0.0,,,,
3.1.也门,也门 新增次日留存UV,1.0,0.0,0.0,0.0,0.0,0.0,0.0,0.5,1.0,,,,
3.1.亚美尼亚,亚美尼亚 新增次日留存UV,0.428571,0.0,0.333333,0.4,0.333333,0.0,0.666667,0.285714,0.428571,,,,
3.1.以色列,以色列 新增次日留存UV,0.166667,0.5,0.0,0.0,0.571429,0.333333,0.166667,0.0,-0.333333,-66.666667,,,
3.1.伊拉克,伊拉克 新增次日留存UV,1.0,0.428571,1.0,1.0,1.714286,0.571429,0.285714,0.571429,0.571429,133.333333,,,
3.1.伊朗,伊朗 新增次日留存UV,77.428571,14.571429,9.0,5.714286,5.166667,0.5,0.0,1.0,62.857143,431.372549,,,
3.1.伯利兹,伯利兹 新增次日留存UV,0.0,0.0,0.0,0.0,0.0,0.0,0.0,0.0,0.0,,,,
3.1.佛得角,佛得角 新增次日留存UV,1.0,0.0,0.0,1.0,0.0,0.0,0.0,0.0,1.0,,,,
3.1.俄罗斯,俄罗斯 新增次日留存UV,29.428571,32.0,29.714286,32.571429,34.714286,31.714286,28.0,31.285714,-2.571429,-8.035714,,,
3.1.保加利亚,保加利亚 新增次日留存UV,0.571429,0.666667,0.333333,0.142857,0.833333,0.0,0.333333,0.285714,-0.095238,-14.285714,,,
3.1.克罗地亚,克罗地亚 新增次日留存UV,0.714286,1.285714,0.428571,0.0,1.714286,0.285714,0.857143,0.333333,-0.571429,-44.444444,,,
3.1.关岛,关岛 新增次日留存UV,0.0,0.0,0.0,0.0,0.5,0.0,0.0,0.0,0.0,,,,
3.1.冈比亚,冈比亚 新增次日留存UV,0.5,0.2,0.142857,0.857143,1.0,0.5,1.0,2.333333,0.3,150.0,,,
3.1.冰岛,冰岛 新增次日留存UV,0.0,0.0,0.5,0.0,0.0,0.0,0.0,0.0,0.0,,,,
3.1.几内亚,几内亚 新增次日留存UV,1.0,0.0,0.0,1.0,0.0,0.0,0.5,0.5,1.0,,,,
3.1.几内亚比绍,几内亚比绍 新增次日留存UV,0.0,0.0,0.0,0.0,0.0,0.0,0.0,1.0,0.0,,,,
3.1.列支敦士登,列支敦士登 新增次日留存UV,0.0,0.0,0.0,0.0,0.0,0.0,0.0,0.0,0.0,,,,
3.1.刚果共和国,刚果共和国 新增次日留存UV,0.0,0.0,0.0,0.0,0.0,0.0,0.0,0.0,0.0,,,,
3.1.刚果民主共和国,刚果民主共和国 新增次日留存UV,1.0,1.0,0.333333,0.25,0.0,0.0,0.0,0.142857,0.0,0.0,,,
3.1.利比亚,利比亚 新增次日留存UV,0.333333,0.5,0.2,0.0,0.0,0.0,0.0,0.666667,-0.166667,-33.333333,,,
3.1.利比里亚,利比里亚 新增次日留存UV,0.0,1.0,0.0,1.0,0.0,0.333333,0.333333,0.0,-1.0,-100.0,,,
3.1.加拿大,加拿大 新增次日留存UV,21.142857,29.571429,10.571429,20.571429,19.142857,18.714286,18.714286,18.428571,-8.428571,-28.502415,,,
3.1.加纳,加纳 新增次日留存UV,1.0,1.0,1.285714,1.142857,1.428571,1.571429,2.142857,1.857143,0.0,0.0,,,
3.1.加蓬,加蓬 新增次日留存UV,0.0,0.0,0.0,0.0,0.0,0.0,0.0,0.0,0.0,,,,
3.1.匈牙利,匈牙利 新增次日留存UV,0.0,0.166667,0.0,0.285714,0.285714,0.0,0.0,0.333333,-0.166667,-100.0,,,
3.1.北马其顿,北马其顿 新增次日留存UV,0.5,0.5,0.0,0.2,0.75,0.25,0.0,0.25,0.0,0.0,,,
3.1.北马里亚纳群岛,北马里亚纳群岛 新增次日留存UV,0.0,0.0,0.0,0.0,0.0,0.0,0.0,0.0,0.0,,,,
3.1.南苏丹,南苏丹 新增次日留存UV,1.142857,0.857143,2.142857,1.714286,1.142857,3.285714,1.857143,0.714286,0.285714,33.333333,,,
3.1.南非,南非 新增次日留存UV,0.5,0.428571,0.571429,0.571429,0.285714,0.857143,0.857143,0.285714,0.071429,16.666667,,,
3.1.博茨瓦纳,博茨瓦纳 新增次日留存UV,0.0,0.0,0.0,0.0,0.0,0.0,0.0,0.0,0.0,,,,
3.1.卡塔尔,卡塔尔 新增次日留存UV,0.333333,0.5,0.0,0.25,0.2,0.5,0.25,0.0,-0.166667,-33.333333,,,
3.1.卢旺达,卢旺达 新增次日留存UV,0.25,0.0,0.0,1.0,0.0,0.0,0.0,0.0,0.25,,,,
3.1.卢森堡,卢森堡 新增次日留存UV,0.0,0.0,0.0,0.0,0.666667,0.0,0.0,0.0,0.0,,,,
3.1.印度,印度 新增次日留存UV,5.142857,3.714286,3.857143,4.714286,4.714286,3.857143,7.142857,5.571429,1.428571,38.461538,,,
3.1.印度尼西亚,印度尼西亚 新增次日留存UV,0.571429,0.714286,0.714286,1.285714,0.714286,0.857143,1.571429,1.142857,-0.142857,-20.0,,,
3.1.危地马拉,危地马拉 新增次日留存UV,0.4,0.0,0.0,0.0,0.333333,0.285714,0.4,0.0,0.4,,,,
3.1.厄瓜多尔,厄瓜多尔 新增次日留存UV,1.142857,0.333333,0.142857,0.142857,0.714286,0.428571,0.428571,0.571429,0.809524,242.857143,,,
3.1.叙利亚,叙利亚 新增次日留存UV,0.571429,0.714286,1.0,1.0,0.285714,0.428571,0.285714,0.333333,-0.142857,-20.0,,,
3.1.古巴,古巴 新增次日留存UV,0.166667,0.0,0.25,0.8,0.0,0.0,0.25,0.0,0.166667,,,,
3.1.吉尔吉斯斯坦,吉尔吉斯斯坦 新增次日留存UV,0.5,0.2,0.333333,0.285714,0.285714,0.166667,0.285714,0.8,0.3,150.0,,,
3.1.吉布提,吉布提 新增次日留存UV,0.0,0.0,0.0,0.0,0.0,0.0,0.0,0.0,0.0,,,,
3.1.哈萨克斯坦,哈萨克斯坦 新增次日留存UV,1.285714,0.714286,0.428571,1.0,0.857143,1.142857,1.285714,0.571429,0.571429,80.0,,,
3.1.哥伦比亚,哥伦比亚 新增次日留存UV,1.857143,1.142857,0.857143,1.285714,0.428571,2.142857,1.571429,2.714286,0.714286,62.5,,,
3.1.哥斯达黎加,哥斯达黎加 新增次日留存UV,0.4,0.0,0.25,0.714286,0.0,0.0,0.0,0.333333,0.4,,,,
3.1.喀麦隆,喀麦隆 新增次日留存UV,0.5,0.333333,0.666667,0.0,1.0,0.0,0.5,0.0,0.166667,50.0,,,
3.1.图瓦卢,图瓦卢 新增次日留存UV,0.0,0.0,0.0,0.0,0.0,0.0,0.0,0.0,0.0,,,,
3.1.土库曼斯坦,土库曼斯坦 新增次日留存UV,0.0,0.0,0.0,0.0,0.5,0.0,0.0,0.0,0.0,,,,
3.1.土耳其,土耳其 新增次日留存UV,125.571429,115.857143,169.857143,189.857143,159.428571,105.0,112.285714,98.428571,9.714286,8.38471,,,
3.1.圣卢西亚,圣卢西亚 新增次日留存UV,0.0,0.0,0.0,0.0,0.0,0.0,0.0,0.0,0.0,,,,
3.1.圣基茨和尼维斯,圣基茨和尼维斯 新增次日留存UV,0.0,0.0,0.0,1.0,0.0,0.0,0.0,0.0,0.0,,,,
3.1.圣多美和普林西比,圣多美和普林西比 新增次日留存UV,0.0,0.0,0.0,0.0,0.0,0.0,0.0,0.0,0.0,,,,
3.1.圣巴泰勒米岛,圣巴泰勒米岛 新增次日留存UV,0.0,0.0,0.0,0.0,0.0,0.0,0.0,0.0,0.0,,,,
3.1.圣文森特和格林纳丁斯,圣文森特和格林纳丁斯 新增次日留存UV,0.0,0.0,0.0,0.0,0.0,0.0,0.0,0.0,0.0,,,,
3.1.圣皮埃尔和密克隆群岛,圣皮埃尔和密克隆群岛 新增次日留存UV,0.0,0.0,0.0,0.0,0.0,0.0,0.0,0.0,0.0,,,,
3.1.圣马力诺,圣马力诺 新增次日留存UV,0.0,0.0,0.0,0.0,0.0,0.0,0.0,0.0,0.0,,,,
3.1.圭亚那,圭亚那 新增次日留存UV,0.0,0.0,0.0,0.0,0.0,0.0,0.0,0.0,0.0,,,,
3.1.坦桑尼亚,坦桑尼亚 新增次日留存UV,1.0,0.4,0.333333,0.6,0.0,0.0,0.0,0.428571,0.6,150.0,,,
3.1.埃及,埃及 新增次日留存UV,1.142857,1.714286,1.571429,0.857143,2.714286,0.285714,1.285714,0.285714,-0.571429,-33.333333,,,
3.1.埃塞俄比亚,埃塞俄比亚 新增次日留存UV,0.0,0.5,0.0,0.5,0.0,0.2,0.6,0.5,-0.5,-100.0,,,
3.1.基里巴斯,基里巴斯 新增次日留存UV,0.0,0.0,0.0,0.0,0.0,0.0,0.0,0.0,0.0,,,,
3.1.塔吉克斯坦,塔吉克斯坦 新增次日留存UV,0.0,1.0,0.0,0.0,0.0,0.0,0.0,0.0,-1.0,-100.0,,,
3.1.塞内加尔,塞内加尔 新增次日留存UV,0.0,0.0,0.333333,0.714286,0.5,0.5,1.2,2.857143,0.0,,,,
3.1.塞尔维亚,塞尔维亚 新增次日留存UV,0.714286,0.142857,0.142857,0.833333,0.2,0.5,0.5,0.142857,0.571429,400.0,,,
3.1.塞拉利昂,塞拉利昂 新增次日留存UV,0.0,0.0,0.0,0.0,0.5,0.333333,0.0,0.0,0.0,,,,
3.1.塞浦路斯,塞浦路斯 新增次日留存UV,0.142857,0.5,0.333333,1.0,0.333333,0.0,0.142857,0.0,-0.357143,-71.428571,,,
3.1.塞舌尔,塞舌尔 新增次日留存UV,0.0,0.0,0.0,0.0,1.0,0.0,0.0,0.0,0.0,,,,
3.1.墨西哥,墨西哥 新增次日留存UV,64.571429,71.285714,75.714286,67.285714,28.428571,22.0,38.0,61.571429,-6.714286,-9.418838,,,
3.1.多哥,多哥 新增次日留存UV,0.0,0.5,0.0,0.0,0.333333,0.0,0.0,0.0,-0.5,-100.0,,,
3.1.多米尼克,多米尼克 新增次日留存UV,0.0,0.0,0.0,0.0,0.0,0.0,0.0,0.0,0.0,,,,
3.1.多米尼加,多米尼加 新增次日留存UV,1.0,0.166667,0.142857,0.5,0.428571,0.857143,0.714286,0.714286,0.833333,500.0,,,
3.1.奥兰群岛,奥兰群岛 新增次日留存UV,0.0,0.0,0.0,0.0,0.0,0.0,0.0,0.0,0.0,,,,
3.1.奥地利,奥地利 新增次日留存UV,0.142857,0.285714,0.571429,0.285714,0.714286,0.714286,0.714286,0.285714,-0.142857,-50.0,,,
3.1.委内瑞拉,委内瑞拉 新增次日留存UV,0.571429,0.714286,0.857143,0.285714,0.571429,0.857143,0.714286,1.0,-0.142857,-20.0,,,
3.1.孟加拉,孟加拉 新增次日留存UV,3.142857,3.857143,2.714286,3.714286,6.142857,4.142857,4.285714,2.857143,-0.714286,-18.518519,,,
3.1.安哥拉,安哥拉 新增次日留存UV,0.0,0.0,0.0,0.333333,0.333333,0.0,0.0,0.333333,0.0,,,,
3.1.安圭拉,安圭拉 新增次日留存UV,0.0,0.0,0.0,0.0,0.0,0.0,0.0,0.0,0.0,,,,
3.1.安提瓜和巴布达,安提瓜和巴布达 新增次日留存UV,0.0,1.0,0.0,0.0,0.0,0.0,0.0,0.0,-1.0,-100.0,,,
3.1.安道尔,安道尔 新增次日留存UV,0.0,0.0,0.5,1.0,0.0,0.0,0.0,0.0,0.0,,,,
3.1.密克罗尼西亚联邦,密克罗尼西亚联邦 新增次日留存UV,0.0,0.0,0.0,0.0,0.0,0.0,0.0,1.0,0.0,,,,
3.1.尼加拉瓜,尼加拉瓜 新增次日留存UV,0.333333,0.5,0.285714,0.25,0.0,0.666667,0.166667,0.0,-0.166667,-33.333333,,,
3.1.尼日利亚,尼日利亚 新增次日留存UV,6.571429,6.285714,4.714286,6.0,5.285714,4.142857,3.571429,6.428571,0.285714,4.545455,,,
3.1.尼日尔,尼日尔 新增次日留存UV,1.0,0.0,0.0,0.0,0.0,0.0,0.666667,0.0,1.0,,,,
3.1.尼泊尔,尼泊尔 新增次日留存UV,0.333333,0.333333,0.4,0.6,0.428571,0.428571,0.714286,0.428571,0.0,0.0,,,
3.1.巴勒斯坦,巴勒斯坦 新增次日留存UV,0.25,0.5,0.166667,0.4,0.0,0.2,0.5,0.0,-0.25,-50.0,,,
3.1.巴哈马,巴哈马 新增次日留存UV,0.25,1.25,1.0,0.0,0.0,0.4,0.0,0.166667,-1.0,-80.0,,,
3.1.巴基斯坦,巴基斯坦 新增次日留存UV,0.857143,1.142857,1.0,1.285714,2.142857,1.285714,1.285714,1.571429,-0.285714,-25.0,,,
3.1.巴巴多斯,巴巴多斯 新增次日留存UV,1.0,0.5,0.0,0.5,0.0,0.333333,1.0,0.0,0.5,100.0,,,
3.1.巴布亚新几内亚,巴布亚新几内亚 新增次日留存UV,0.0,0.0,0.0,0.0,0.0,0.0,0.0,0.0,0.0,,,,
3.1.巴拉圭,巴拉圭 新增次日留存UV,0.0,0.142857,0.5,0.142857,0.2,0.285714,0.285714,0.142857,-0.142857,-100.0,,,
3.1.巴拿马,巴拿马 新增次日留存UV,0.285714,0.5,0.2,0.4,0.0,0.0,0.0,0.0,-0.214286,-42.857143,,,
3.1.巴林,巴林 新增次日留存UV,0.0,0.0,1.0,0.0,0.333333,0.0,0.0,0.5,0.0,,,,
3.1.巴西,巴西 新增次日留存UV,939.285714,926.571429,920.857143,784.285714,838.857143,913.285714,772.142857,553.428571,12.714286,1.372186,,,
3.1.布基纳法索,布基纳法索 新增次日留存UV,0.0,1.0,0.2,0.0,0.0,1.0,0.25,0.0,-1.0,-100.0,,,
3.1.布隆迪,布隆迪 新增次日留存UV,0.0,0.0,0.5,0.0,0.0,0.0,0.5,0.0,0.0,,,,
3.1.希腊,希腊 新增次日留存UV,2.285714,2.428571,1.428571,2.714286,1.285714,0.714286,1.0,0.857143,-0.142857,-5.882353,,,
3.1.帕劳,帕劳 新增次日留存UV,0.0,0.0,0.0,0.0,0.0,0.0,0.0,0.0,0.0,,,,
3.1.库克群岛,库克群岛 新增次日留存UV,0.0,0.0,0.0,0.0,0.0,0.0,0.0,0.0,0.0,,,,
3.1.库拉索,库拉索 新增次日留存UV,0.0,0.0,0.0,0.0,0.0,0.0,1.0,0.0,0.0,,,,
3.1.开曼群岛,开曼群岛 新增次日留存UV,1.0,0.0,0.0,0.0,0.0,0.0,0.0,0.0,1.0,,,,
3.1.德国,德国 新增次日留存UV,38.857143,39.0,34.285714,32.857143,31.142857,20.428571,24.142857,21.857143,-0.142857,-0.3663,,,
3.1.意大利,意大利 新增次日留存UV,2.571429,2.714286,1.857143,4.0,1.571429,2.142857,1.857143,1.142857,-0.142857,-5.263158,,,
3.1.所罗门群岛,所罗门群岛 新增次日留存UV,0.0,0.0,0.0,0.0,0.0,0.0,0.0,0.0,0.0,,,,
3.1.拉脱维亚,拉脱维亚 新增次日留存UV,0.428571,0.333333,0.285714,0.0,0.428571,0.166667,0.8,0.285714,0.095238,28.571429,,,
3.1.挪威,挪威 新增次日留存UV,0.714286,0.166667,1.0,0.428571,0.714286,0.571429,0.166667,0.333333,0.547619,328.571429,,,
3.1.捷克,捷克 新增次日留存UV,0.428571,0.166667,0.285714,0.285714,0.0,0.666667,0.333333,0.571429,0.261905,157.142857,,,
3.1.摩尔多瓦,摩尔多瓦 新增次日留存UV,0.4,0.0,0.0,0.5,0.166667,0.571429,0.142857,0.428571,0.4,,,,
3.1.摩洛哥,摩洛哥 新增次日留存UV,0.428571,0.333333,0.5,0.4,0.428571,0.571429,0.4,0.285714,0.095238,28.571429,,,
3.1.摩纳哥,摩纳哥 新增次日留存UV,0.0,0.0,1.0,0.0,0.0,0.0,0.0,0.0,0.0,,,,
3.1.文莱,文莱 新增次日留存UV,0.0,0.0,0.0,0.0,0.0,0.0,0.0,0.0,0.0,,,,
3.1.斐济,斐济 新增次日留存UV,0.0,0.0,0.0,0.5,0.0,0.0,0.5,0.0,0.0,,,,
3.1.斯威士兰,斯威士兰 新增次日留存UV,0.0,0.0,0.0,0.0,0.0,0.0,0.0,0.0,0.0,,,,
3.1.斯洛伐克,斯洛伐克 新增次日留存UV,0.5,0.166667,0.5,0.166667,0.0,0.2,0.4,0.285714,0.333333,200.0,,,
3.1.斯洛文尼亚,斯洛文尼亚 新增次日留存UV,0.333333,0.0,0.0,0.0,0.0,0.0,0.0,0.2,0.333333,,,,
3.1.斯里兰卡,斯里兰卡 新增次日留存UV,0.0,0.5,0.333333,0.0,0.5,0.142857,0.333333,0.5,-0.5,-100.0,,,
3.1.新加坡,新加坡 新增次日留存UV,0.428571,0.714286,0.333333,0.571429,0.5,0.571429,0.333333,0.833333,-0.285714,-40.0,,,
3.1.新喀里多尼亚,新喀里多尼亚 新增次日留存UV,0.0,0.0,0.0,0.0,0.0,0.0,0.0,0.0,0.0,,,,
3.1.新西兰,新西兰 新增次日留存UV,1.0,0.0,0.0,0.0,0.0,0.142857,0.166667,0.6,1.0,,,,
3.1.日本,日本 新增次日留存UV,1.571429,2.0,1.142857,0.714286,0.571429,0.571429,0.142857,0.333333,-0.428571,-21.428571,,,
3.1.智利,智利 新增次日留存UV,0.857143,0.857143,0.428571,0.142857,1.0,1.0,1.428571,0.857143,0.0,0.0,,,
3.1.柬埔寨,柬埔寨 新增次日留存UV,0.5,0.666667,0.0,0.0,0.0,0.0,0.333333,0.0,-0.166667,-25.0,,,
3.1.根西岛,根西岛 新增次日留存UV,0.0,0.0,0.0,0.0,1.0,0.0,0.0,1.0,0.0,,,,
3.1.格林纳达,格林纳达 新增次日留存UV,0.0,0.0,0.0,0.0,0.0,0.0,0.0,0.0,0.0,,,,
3.1.格陵兰,格陵兰 新增次日留存UV,0.0,0.0,0.0,0.0,0.0,0.0,0.0,0.0,0.0,,,,
3.1.格鲁吉亚,格鲁吉亚 新增次日留存UV,0.285714,0.0,0.428571,0.285714,0.5,0.428571,0.2,0.833333,0.285714,,,,
3.1.比利时,比利时 新增次日留存UV,0.166667,0.285714,0.0,0.166667,0.285714,0.142857,0.714286,0.428571,-0.119048,-41.666667,,,
3.1.毛里塔尼亚,毛里塔尼亚 新增次日留存UV,0.0,0.0,0.0,0.0,1.0,0.0,0.0,0.0,0.0,,,,
3.1.毛里求斯,毛里求斯 新增次日留存UV,0.0,0.5,0.0,0.0,0.0,0.5,0.666667,0.5,-0.5,-100.0,,,
3.1.汤加,汤加 新增次日留存UV,0.0,0.0,0.0,0.0,0.0,0.0,0.0,0.0,0.0,,,,
3.1.沙特阿拉伯,沙特阿拉伯 新增次日留存UV,0.666667,0.142857,0.285714,0.714286,0.666667,0.285714,0.714286,0.285714,0.52381,366.666667,,,
3.1.法国,法国 新增次日留存UV,5.714286,9.714286,11.0,10.0,7.428571,3.0,7.0,5.285714,-4.0,-41.176471,,,
3.1.法属圣马丁,法属圣马丁 新增次日留存UV,0.0,0.0,0.0,0.0,0.0,0.0,0.0,0.0,0.0,,,,
3.1.法属圭亚那,法属圭亚那 新增次日留存UV,0.0,0.0,0.5,0.0,0.0,0.0,0.0,0.0,0.0,,,,
3.1.法属波利尼西亚,法属波利尼西亚 新增次日留存UV,0.0,0.0,0.0,1.0,0.0,0.0,0.0,0.5,0.0,,,,
3.1.法罗群岛,法罗群岛 新增次日留存UV,0.0,0.0,0.0,0.0,0.0,0.0,0.0,0.0,0.0,,,,
3.1.波兰,波兰 新增次日留存UV,1.0,0.714286,1.142857,1.285714,1.428571,1.285714,1.428571,2.285714,0.285714,40.0,,,
3.1.波多黎各,波多黎各 新增次日留存UV,0.714286,0.571429,0.5,0.142857,0.285714,0.0,0.428571,0.5,0.142857,25.0,,,
3.1.波黑,波黑 新增次日留存UV,0.0,0.333333,0.333333,0.333333,0.0,0.2,0.0,0.2,-0.333333,-100.0,,,
3.1.泰国,泰国 新增次日留存UV,0.166667,0.166667,0.428571,0.166667,0.4,1.0,0.571429,0.571429,0.0,0.0,,,
3.1.泽西岛,泽西岛 新增次日留存UV,0.0,0.0,0.0,0.0,0.0,0.0,0.5,0.0,0.0,,,,
3.1.津巴布韦,津巴布韦 新增次日留存UV,0.0,0.333333,0.0,0.0,0.333333,0.0,0.0,0.0,-0.333333,-100.0,,,
3.1.洪都拉斯,洪都拉斯 新增次日留存UV,0.166667,0.2,0.2,0.5,0.166667,0.5,0.333333,0.571429,-0.033333,-16.666667,,,
3.1.海地,海地 新增次日留存UV,0.25,0.4,0.0,0.25,1.0,0.333333,0.285714,0.714286,-0.15,-37.5,,,
3.1.澳大利亚,澳大利亚 新增次日留存UV,15.714286,13.714286,25.571429,33.0,9.857143,9.857143,14.0,12.0,2.0,14.583333,,,
3.1.爱尔兰,爱尔兰 新增次日留存UV,0.857143,0.571429,0.428571,0.5,0.5,0.428571,0.571429,0.166667,0.285714,50.0,,,
3.1.爱沙尼亚,爱沙尼亚 新增次日留存UV,0.4,0.0,0.2,0.333333,0.0,0.333333,0.333333,0.333333,0.4,,,,
3.1.牙买加,牙买加 新增次日留存UV,0.571429,0.25,0.333333,0.166667,0.2,0.0,0.166667,0.25,0.321429,128.571429,,,
3.1.特克斯和凯科斯群岛,特克斯和凯科斯群岛 新增次日留存UV,0.0,0.333333,0.0,0.0,0.0,1.0,1.0,0.0,-0.333333,-100.0,,,
3.1.特立尼达和多巴哥,特立尼达和多巴哥 新增次日留存UV,0.25,0.0,1.0,0.333333,0.25,0.0,0.2,0.25,0.25,,,,
3.1.玻利维亚,玻利维亚 新增次日留存UV,0.142857,0.0,0.714286,0.166667,0.2,0.333333,0.428571,0.714286,0.142857,,,,
3.1.瑙鲁,瑙鲁 新增次日留存UV,0.0,0.0,0.0,0.0,0.0,0.0,0.0,0.0,0.0,,,,
3.1.瑞典,瑞典 新增次日留存UV,1.714286,1.571429,0.428571,0.857143,0.428571,0.833333,0.428571,0.428571,0.142857,9.090909,,,
3.1.瑞士,瑞士 新增次日留存UV,1.142857,0.857143,0.428571,0.285714,0.142857,1.571429,0.571429,0.0,0.285714,33.333333,,,
3.1.瓜德罗普,瓜德罗普 新增次日留存UV,0.0,0.0,0.0,0.0,0.0,0.0,0.0,0.0,0.0,,,,
3.1.瓦利斯和富图纳群岛,瓦利斯和富图纳群岛 新增次日留存UV,0.0,0.0,0.0,0.0,0.0,0.0,0.0,0.0,0.0,,,,
3.1.瓦努阿图,瓦努阿图 新增次日留存UV,0.0,0.0,0.0,0.0,0.0,0.0,0.0,0.0,0.0,,,,
3.1.留尼汪岛,留尼汪岛 新增次日留存UV,0.0,0.0,0.0,0.0,0.0,0.0,0.5,0.0,0.0,,,,
3.1.白俄罗斯,白俄罗斯 新增次日留存UV,1.571429,1.0,1.714286,0.571429,1.285714,1.714286,1.142857,1.285714,0.571429,57.142857,,,
3.1.百慕大,百慕大 新增次日留存UV,0.0,0.0,0.0,0.0,0.0,0.0,0.0,0.0,0.0,,,,
3.1.直布罗陀,直布罗陀 新增次日留存UV,0.0,0.0,0.0,0.0,0.0,0.0,0.0,0.0,0.0,,,,
3.1.福克兰群岛,福克兰群岛 新增次日留存UV,0.0,0.0,0.0,0.0,0.0,0.0,0.0,0.0,0.0,,,,
3.1.科威特,科威特 新增次日留存UV,0.0,0.0,0.75,0.25,0.0,0.0,0.0,0.4,0.0,,,,
3.1.科摩罗,科摩罗 新增次日留存UV,0.0,0.0,0.0,0.0,0.0,0.0,0.0,0.0,0.0,,,,
3.1.科特迪瓦,科特迪瓦 新增次日留存UV,1.0,0.4,0.0,0.25,0.333333,0.333333,0.0,0.333333,0.6,150.0,,,
3.1.科索沃,科索沃 新增次日留存UV,0.0,0.0,0.0,0.0,0.0,0.333333,0.25,0.0,0.0,,,,
3.1.秘鲁,秘鲁 新增次日留存UV,0.428571,1.142857,0.857143,0.714286,0.714286,1.285714,1.285714,1.285714,-0.714286,-62.5,,,
3.1.突尼斯,突尼斯 新增次日留存UV,0.166667,0.666667,0.166667,0.5,1.0,0.333333,0.0,0.333333,-0.5,-75.0,,,
3.1.立陶宛,立陶宛 新增次日留存UV,0.428571,0.0,0.285714,0.0,0.0,0.0,0.0,0.0,0.428571,,,,
3.1.索马里,索马里 新增次日留存UV,0.0,0.333333,0.0,0.166667,0.333333,0.5,0.25,0.0,-0.333333,-100.0,,,
3.1.约旦,约旦 新增次日留存UV,0.0,0.25,0.0,0.428571,1.0,0.714286,0.142857,0.5,-0.25,-100.0,,,
3.1.纳米比亚,纳米比亚 新增次日留存UV,0.0,0.0,0.0,0.0,0.5,0.0,0.0,0.0,0.0,,,,
3.1.缅甸,缅甸 新增次日留存UV,0.166667,0.0,0.285714,1.428571,0.428571,0.2,0.333333,0.0,0.166667,,,,
3.1.罗马尼亚,罗马尼亚 新增次日留存UV,0.666667,0.714286,0.2,0.428571,0.857143,0.571429,0.571429,0.285714,-0.047619,-6.666667,,,
3.1.美国,美国 新增次日留存UV,327.285714,403.428571,410.0,487.571429,465.142857,326.142857,313.0,251.857143,-76.142857,-18.873938,,,
3.1.美属维尔京群岛,美属维尔京群岛 新增次日留存UV,0.0,0.0,1.0,0.0,0.0,0.0,0.0,0.666667,0.0,,,,
3.1.老挝,老挝 新增次日留存UV,0.0,0.0,0.0,0.0,0.0,0.0,0.0,0.0,0.0,,,,
3.1.肯尼亚,肯尼亚 新增次日留存UV,0.0,0.333333,0.5,0.714286,0.2,1.4,0.5,0.857143,-0.333333,-100.0,,,
3.1.芬兰,芬兰 新增次日留存UV,1.714286,1.142857,0.857143,0.857143,0.857143,0.5,0.333333,0.0,0.571429,50.0,,,
3.1.苏丹,苏丹 新增次日留存UV,0.0,0.0,0.0,0.0,0.0,0.0,0.0,0.333333,0.0,,,,
3.1.苏里南,苏里南 新增次日留存UV,0.0,0.0,0.0,0.0,0.0,0.0,0.0,0.0,0.0,,,,
3.1.英国,英国 新增次日留存UV,121.142857,116.857143,73.285714,76.142857,78.142857,42.428571,59.0,54.142857,4.285714,3.667482,,,
3.1.英属维尔京群岛,英属维尔京群岛 新增次日留存UV,0.0,0.0,0.0,0.0,0.0,0.0,0.0,0.0,0.0,,,,
3.1.荷兰,荷兰 新增次日留存UV,2.857143,4.428571,3.714286,2.0,1.285714,2.142857,2.714286,2.857143,-1.571429,-35.483871,,,
3.1.荷兰加勒比,荷兰加勒比 新增次日留存UV,0.0,0.0,0.0,0.0,0.0,0.0,0.0,0.0,0.0,,,,
3.1.荷属圣马丁,荷属圣马丁 新增次日留存UV,0.0,0.0,0.0,1.0,0.0,0.0,0.0,0.0,0.0,,,,
3.1.荷属安的列斯,荷属安的列斯 新增次日留存UV,0.0,0.0,0.0,0.0,0.0,0.0,0.0,0.0,0.0,,,,
3.1.莫桑比克,莫桑比克 新增次日留存UV,0.0,0.0,0.0,0.333333,0.333333,0.0,0.25,0.5,0.0,,,,
3.1.莱索托,莱索托 新增次日留存UV,0.0,0.0,0.0,0.0,0.0,0.0,0.0,0.0,0.0,,,,
3.1.菲律宾,菲律宾 新增次日留存UV,0.571429,1.142857,1.857143,0.857143,1.714286,2.0,1.857143,3.428571,-0.571429,-50.0,,,
3.1.萨尔瓦多,萨尔瓦多 新增次日留存UV,0.333333,0.166667,0.166667,0.285714,0.2,0.0,0.2,0.428571,0.166667,100.0,,,
3.1.萨摩亚,萨摩亚 新增次日留存UV,0.0,0.0,0.0,0.0,0.0,1.0,0.0,0.0,0.0,,,,
3.1.葡萄牙,葡萄牙 新增次日留存UV,1.571429,1.571429,1.428571,1.285714,0.428571,1.0,1.285714,1.0,0.0,0.0,,,
3.1.蒙古,蒙古 新增次日留存UV,0.0,0.0,1.0,0.0,0.0,0.0,0.0,0.0,0.0,,,,
3.1.西班牙,西班牙 新增次日留存UV,20.142857,22.0,16.857143,21.142857,17.285714,13.142857,15.285714,11.285714,-1.857143,-8.441558,,,
3.1.贝宁,贝宁 新增次日留存UV,0.0,0.5,1.5,0.666667,0.0,0.0,0.0,0.0,-0.5,-100.0,,,
3.1.赞比亚,赞比亚 新增次日留存UV,0.0,0.0,1.0,0.333333,0.0,0.333333,0.0,0.0,0.0,,,,
3.1.赤道几内亚,赤道几内亚 新增次日留存UV,0.0,0.0,0.0,0.0,0.0,0.0,0.0,0.0,0.0,,,,
3.1.越南,越南 新增次日留存UV,0.666667,0.0,0.5,0.285714,0.571429,0.714286,0.142857,0.25,0.666667,,,,
3.1.阿塞拜疆,阿塞拜疆 新增次日留存UV,0.333333,0.25,0.5,0.714286,0.142857,0.166667,0.142857,0.166667,0.083333,33.333333,,,
3.1.阿富汗,阿富汗 新增次日留存UV,0.0,0.166667,0.333333,0.666667,0.0,0.0,0.0,0.0,-0.166667,-100.0,,,
3.1.阿尔及利亚,阿尔及利亚 新增次日留存UV,0.2,0.2,0.0,0.2,0.142857,0.0,0.0,0.142857,0.0,0.0,,,
3.1.阿尔巴尼亚,阿尔巴尼亚 新增次日留存UV,0.333333,0.714286,0.166667,0.2,0.285714,0.5,0.285714,0.428571,-0.380952,-53.333333,,,
3.1.阿曼,阿曼 新增次日留存UV,0.0,0.333333,0.333333,0.25,0.0,0.0,0.2,0.0,-0.333333,-100.0,,,
3.1.阿根廷,阿根廷 新增次日留存UV,1.142857,0.571429,0.428571,1.0,0.428571,1.142857,0.857143,1.285714,0.571429,100.0,,,
3.1.阿联酋,阿联酋 新增次日留存UV,0.428571,1.142857,0.571429,0.857143,1.142857,0.285714,0.428571,0.0,-0.714286,-62.5,,,
3.1.阿鲁巴,阿鲁巴 新增次日留存UV,0.666667,0.5,0.333333,0.0,0.0,0.333333,0.5,0.0,0.166667,33.333333,,,
3.1.韩国,韩国 新增次日留存UV,0.0,0.166667,0.2,0.0,0.285714,0.142857,0.5,0.142857,-0.166667,-100.0,,,
3.1.马尔代夫,马尔代夫 新增次日留存UV,0.0,0.5,1.0,1.0,0.0,0.5,0.0,0.25,-0.5,-100.0,,,
3.1.马恩岛,马恩岛 新增次日留存UV,0.0,0.0,0.0,0.0,0.0,0.0,0.0,0.0,0.0,,,,
3.1.马拉维,马拉维 新增次日留存UV,0.0,0.5,0.5,0.5,0.0,0.0,0.0,0.0,-0.5,-100.0,,,
3.1.马提尼克岛,马提尼克岛 新增次日留存UV,0.0,0.0,0.0,0.0,0.0,0.0,0.0,0.0,0.0,,,,
3.1.马来西亚,马来西亚 新增次日留存UV,0.2,0.285714,0.285714,0.2,0.571429,0.285714,0.714286,0.428571,-0.085714,-30.0,,,
3.1.马约特,马约特 新增次日留存UV,0.0,0.0,0.0,0.0,0.0,0.0,0.0,0.0,0.0,,,,
3.1.马绍尔群岛,马绍尔群岛 新增次日留存UV,0.0,0.0,0.0,0.0,0.0,0.0,0.0,0.0,0.0,,,,
3.1.马耳他,马耳他 新增次日留存UV,0.166667,0.0,0.25,0.6,0.25,0.333333,0.25,0.25,0.166667,,,,
3.1.马达加斯加,马达加斯加 新增次日留存UV,0.0,0.0,0.0,0.0,0.0,0.0,0.0,0.0,0.0,,,,
3.1.马里,马里 新增次日留存UV,0.333333,0.0,0.2,0.5,0.0,0.0,0.0,0.0,0.333333,,,,
3.1.黎巴嫩,黎巴嫩 新增次日留存UV,0.0,0.166667,0.2,0.166667,1.0,0.8,0.0,0.333333,-0.166667,-100.0,,,
3.1.黑山,黑山 新增次日留存UV,0.0,0.333333,0.333333,0.666667,0.4,0.0,0.0,0.0,-0.333333,-100.0,,,
3.2,自然 新增次日留存UV,4215.0,4181.428571,4542.142857,4346.714286,4794.142857,4245.714286,3606.714286,3847.428571,33.571429,0.80287,,,
3.2.unknow,unknow 新增次日留存UV,0.2,0.0,0.0,0.2,0.2,0.0,0.25,0.25,0.2,,,,
3.2.不丹,不丹 新增次日留存UV,0.0,0.0,0.0,0.0,0.0,0.0,0.0,0.5,0.0,,,,
3.2.东帝汶,东帝汶 新增次日留存UV,0.0,0.0,0.0,0.5,0.0,0.0,1.0,0.333333,0.0,,,,
3.2.中国,中国 新增次日留存UV,9.571429,10.571429,7.714286,8.0,8.571429,7.571429,6.857143,7.714286,-1.0,-9.459459,,,
3.2.中国台湾,中国台湾 新增次日留存UV,1.571429,1.142857,1.285714,1.0,1.714286,2.285714,2.0,1.714286,0.428571,37.5,,,
3.2.中国澳门,中国澳门 新增次日留存UV,1.0,0.0,0.0,0.2,0.333333,0.0,0.0,0.0,1.0,,,,
3.2.中国香港,中国香港 新增次日留存UV,20.714286,12.142857,12.714286,13.285714,9.571429,9.285714,6.285714,7.428571,8.571429,70.588235,,,
3.2.中非,中非 新增次日留存UV,0.0,0.2,0.5,0.0,0.666667,0.0,0.4,0.0,-0.2,-100.0,,,
3.2.丹麦,丹麦 新增次日留存UV,6.857143,5.285714,5.428571,7.714286,5.428571,4.142857,4.571429,5.857143,1.571429,29.72973,,,
3.2.乌克兰,乌克兰 新增次日留存UV,114.428571,55.571429,80.0,60.0,144.285714,158.571429,33.857143,37.428571,58.857143,105.912596,,,
3.2.乌兹别克斯坦,乌兹别克斯坦 新增次日留存UV,4.857143,7.0,6.857143,4.571429,9.571429,4.857143,5.428571,3.285714,-2.142857,-30.612245,,,
3.2.乌干达,乌干达 新增次日留存UV,2.857143,2.857143,2.571429,3.285714,3.714286,3.714286,3.285714,3.142857,0.0,0.0,,,
3.2.乌拉圭,乌拉圭 新增次日留存UV,1.857143,1.285714,1.0,1.571429,1.285714,0.714286,0.714286,1.714286,0.571429,44.444444,,,
3.2.乍得,乍得 新增次日留存UV,0.5,0.0,0.8,0.428571,0.5,0.428571,0.285714,0.833333,0.5,,,,
3.2.也门,也门 新增次日留存UV,0.571429,0.857143,0.571429,0.714286,1.285714,1.428571,2.285714,1.571429,-0.285714,-33.333333,,,
3.2.亚美尼亚,亚美尼亚 新增次日留存UV,14.285714,38.571429,10.142857,6.0,6.285714,5.428571,3.0,4.857143,-24.285714,-62.962963,,,
3.2.以色列,以色列 新增次日留存UV,13.285714,13.857143,15.571429,17.285714,21.857143,12.571429,15.714286,23.142857,-0.571429,-4.123711,,,
3.2.伊拉克,伊拉克 新增次日留存UV,10.714286,11.142857,10.0,10.285714,16.714286,9.857143,15.571429,17.142857,-0.428571,-3.846154,,,
3.2.伊朗,伊朗 新增次日留存UV,106.714286,97.714286,80.714286,89.571429,81.142857,2.571429,2.571429,1.714286,9.0,9.210526,,,
3.2.伯利兹,伯利兹 新增次日留存UV,0.285714,0.571429,0.571429,0.428571,0.714286,0.571429,0.714286,0.714286,-0.285714,-50.0,,,
3.2.佛得角,佛得角 新增次日留存UV,0.166667,0.285714,0.5,0.0,0.571429,1.0,0.714286,1.0,-0.119048,-41.666667,,,
3.2.俄罗斯,俄罗斯 新增次日留存UV,357.571429,375.428571,447.0,327.285714,368.428571,257.428571,223.857143,215.857143,-17.857143,-4.756469,,,
3.2.保加利亚,保加利亚 新增次日留存UV,10.0,10.142857,9.857143,10.857143,10.714286,7.714286,6.714286,7.571429,-0.142857,-1.408451,,,
3.2.克罗地亚,克罗地亚 新增次日留存UV,8.285714,8.0,7.857143,11.142857,8.0,7.428571,7.0,6.714286,0.285714,3.571429,,,
3.2.关岛,关岛 新增次日留存UV,0.0,0.6,0.0,0.142857,0.333333,1.0,0.4,0.0,-0.6,-100.0,,,
3.2.冈比亚,冈比亚 新增次日留存UV,5.714286,5.0,4.857143,12.714286,14.428571,7.714286,5.571429,4.857143,0.714286,14.285714,,,
3.2.冰岛,冰岛 新增次日留存UV,1.142857,0.428571,1.0,1.142857,0.714286,0.142857,0.142857,0.285714,0.714286,166.666667,,,
3.2.几内亚,几内亚 新增次日留存UV,2.0,2.571429,3.285714,2.285714,2.285714,1.428571,2.142857,2.0,-0.571429,-22.222222,,,
3.2.几内亚比绍,几内亚比绍 新增次日留存UV,0.5,0.142857,0.75,0.5,0.2,0.333333,0.6,0.2,0.357143,250.0,,,
3.2.列支敦士登,列支敦士登 新增次日留存UV,0.0,0.0,0.0,0.0,0.0,0.0,0.0,0.666667,0.0,,,,
3.2.刚果共和国,刚果共和国 新增次日留存UV,1.0,0.571429,2.285714,1.0,0.714286,0.857143,0.714286,0.714286,0.428571,75.0,,,
3.2.刚果民主共和国,刚果民主共和国 新增次日留存UV,1.714286,3.0,4.714286,3.0,4.857143,3.857143,5.142857,4.571429,-1.285714,-42.857143,,,
3.2.利比亚,利比亚 新增次日留存UV,1.0,1.857143,2.142857,2.714286,2.142857,2.857143,2.714286,2.428571,-0.857143,-46.153846,,,
3.2.利比里亚,利比里亚 新增次日留存UV,6.428571,3.571429,6.285714,5.714286,5.714286,4.714286,7.142857,5.428571,2.857143,80.0,,,
3.2.加拿大,加拿大 新增次日留存UV,61.0,55.428571,56.0,61.857143,64.428571,56.285714,43.571429,53.428571,5.571429,10.051546,,,
3.2.加纳,加纳 新增次日留存UV,42.857143,44.285714,55.0,39.571429,49.285714,62.714286,55.142857,71.428571,-1.428571,-3.225806,,,
3.2.加蓬,加蓬 新增次日留存UV,0.4,0.25,0.333333,0.0,0.666667,0.666667,0.5,1.5,0.15,60.0,,,
3.2.匈牙利,匈牙利 新增次日留存UV,6.857143,6.285714,9.0,9.571429,6.857143,5.285714,4.714286,4.714286,0.571429,9.090909,,,
3.2.北马其顿,北马其顿 新增次日留存UV,5.142857,5.285714,4.142857,5.571429,4.714286,3.428571,3.428571,5.428571,-0.142857,-2.702703,,,
3.2.北马里亚纳群岛,北马里亚纳群岛 新增次日留存UV,0.0,0.0,0.0,0.0,0.0,0.0,0.0,0.0,0.0,,,,
3.2.南苏丹,南苏丹 新增次日留存UV,4.857143,7.0,6.285714,3.857143,5.714286,7.714286,6.428571,6.714286,-2.142857,-30.612245,,,
3.2.南非,南非 新增次日留存UV,15.857143,16.857143,14.714286,18.0,15.142857,18.142857,17.714286,18.571429,-1.0,-5.932203,,,
3.2.博茨瓦纳,博茨瓦纳 新增次日留存UV,0.166667,0.142857,0.333333,0.333333,0.857143,1.0,0.428571,0.428571,0.02381,16.666667,,,
3.2.卡塔尔,卡塔尔 新增次日留存UV,1.857143,1.285714,1.571429,1.571429,4.0,1.714286,3.142857,2.0,0.571429,44.444444,,,
3.2.卢旺达,卢旺达 新增次日留存UV,1.0,0.857143,1.142857,1.571429,0.857143,2.0,0.714286,1.714286,0.142857,16.666667,,,
3.2.卢森堡,卢森堡 新增次日留存UV,0.857143,1.0,1.0,1.285714,0.428571,0.833333,0.857143,0.333333,-0.142857,-14.285714,,,
3.2.印度,印度 新增次日留存UV,16.428571,13.285714,17.857143,19.714286,23.428571,26.142857,26.428571,22.857143,3.142857,23.655914,,,
3.2.印度尼西亚,印度尼西亚 新增次日留存UV,22.857143,19.714286,22.142857,32.428571,21.428571,21.571429,26.857143,23.571429,3.142857,15.942029,,,
3.2.危地马拉,危地马拉 新增次日留存UV,3.714286,2.428571,3.714286,3.142857,4.285714,3.142857,4.0,4.857143,1.285714,52.941176,,,
3.2.厄瓜多尔,厄瓜多尔 新增次日留存UV,8.428571,7.285714,9.142857,7.428571,8.857143,9.142857,9.428571,9.714286,1.142857,15.686275,,,
3.2.叙利亚,叙利亚 新增次日留存UV,3.714286,4.285714,3.714286,4.285714,5.142857,4.714286,5.428571,4.0,-0.571429,-13.333333,,,
3.2.古巴,古巴 新增次日留存UV,0.285714,0.75,0.333333,0.285714,1.0,0.428571,0.857143,0.285714,-0.464286,-61.904762,,,
3.2.吉尔吉斯斯坦,吉尔吉斯斯坦 新增次日留存UV,8.428571,7.0,12.571429,4.0,30.0,15.571429,2.571429,3.428571,1.428571,20.408163,,,
3.2.吉布提,吉布提 新增次日留存UV,0.0,0.0,0.0,0.0,0.0,0.666667,0.0,0.333333,0.0,,,,
3.2.哈萨克斯坦,哈萨克斯坦 新增次日留存UV,48.571429,32.857143,82.285714,28.571429,129.571429,68.285714,14.142857,14.285714,15.714286,47.826087,,,
3.2.哥伦比亚,哥伦比亚 新增次日留存UV,33.285714,37.285714,37.428571,34.857143,40.714286,40.142857,36.142857,41.0,-4.0,-10.727969,,,
3.2.哥斯达黎加,哥斯达黎加 新增次日留存UV,3.0,2.714286,4.428571,3.714286,4.0,3.0,3.428571,3.142857,0.285714,10.526316,,,
3.2.喀麦隆,喀麦隆 新增次日留存UV,3.571429,4.571429,4.714286,3.285714,6.571429,7.571429,6.142857,5.714286,-1.0,-21.875,,,
3.2.图瓦卢,图瓦卢 新增次日留存UV,0.0,0.0,1.0,0.0,0.0,0.0,0.0,0.0,0.0,,,,
3.2.土库曼斯坦,土库曼斯坦 新增次日留存UV,0.5,0.5,0.5,0.5,0.666667,0.0,0.0,0.0,0.0,0.0,,,
3.2.土耳其,土耳其 新增次日留存UV,93.857143,97.0,110.714286,140.714286,91.285714,69.571429,64.142857,64.0,-3.142857,-3.240059,,,
3.2.圣卢西亚,圣卢西亚 新增次日留存UV,0.166667,0.0,0.714286,0.6,1.0,0.5,0.333333,0.5,0.166667,,,,
3.2.圣基茨和尼维斯,圣基茨和尼维斯 新增次日留存UV,0.4,0.0,1.0,0.5,0.0,0.0,0.0,0.333333,0.4,,,,
3.2.圣多美和普林西比,圣多美和普林西比 新增次日留存UV,0.0,0.0,0.0,0.0,0.5,0.0,0.0,0.25,0.0,,,,
3.2.圣巴泰勒米岛,圣巴泰勒米岛 新增次日留存UV,0.0,0.0,0.0,0.0,0.0,0.0,0.0,1.0,0.0,,,,
3.2.圣文森特和格林纳丁斯,圣文森特和格林纳丁斯 新增次日留存UV,0.5,0.0,0.25,0.0,1.0,0.5,0.333333,0.0,0.5,,,,
3.2.圣皮埃尔和密克隆群岛,圣皮埃尔和密克隆群岛 新增次日留存UV,0.0,0.0,0.0,0.0,0.0,0.0,0.0,0.0,0.0,,,,
3.2.圣马力诺,圣马力诺 新增次日留存UV,0.0,0.0,0.0,0.0,0.0,0.0,0.0,0.0,0.0,,,,
3.2.圭亚那,圭亚那 新增次日留存UV,0.285714,1.0,0.571429,0.285714,0.571429,0.571429,0.714286,0.857143,-0.714286,-71.428571,,,
3.2.坦桑尼亚,坦桑尼亚 新增次日留存UV,5.285714,3.857143,4.857143,3.571429,5.571429,6.428571,5.571429,4.285714,1.428571,37.037037,,,
3.2.埃及,埃及 新增次日留存UV,24.142857,23.0,23.714286,26.857143,32.857143,17.142857,26.571429,23.857143,1.142857,4.968944,,,
3.2.埃塞俄比亚,埃塞俄比亚 新增次日留存UV,2.0,2.857143,3.142857,4.714286,3.0,4.571429,8.857143,2.428571,-0.857143,-30.0,,,
3.2.基里巴斯,基里巴斯 新增次日留存UV,0.0,0.0,0.0,0.0,0.0,0.0,0.0,0.0,0.0,,,,
3.2.塔吉克斯坦,塔吉克斯坦 新增次日留存UV,1.333333,0.857143,1.285714,0.571429,1.0,0.571429,1.0,1.0,0.47619,55.555556,,,
3.2.塞内加尔,塞内加尔 新增次日留存UV,8.142857,13.571429,20.571429,32.142857,52.285714,22.142857,60.285714,61.142857,-5.428571,-40.0,,,
3.2.塞尔维亚,塞尔维亚 新增次日留存UV,13.428571,18.571429,22.714286,21.0,22.428571,22.0,17.142857,26.857143,-5.142857,-27.692308,,,
3.2.塞拉利昂,塞拉利昂 新增次日留存UV,2.0,2.857143,3.142857,2.857143,1.571429,2.142857,2.428571,1.714286,-0.857143,-30.0,,,
3.2.塞浦路斯,塞浦路斯 新增次日留存UV,5.0,4.142857,2.571429,4.285714,3.285714,3.714286,3.428571,2.571429,0.857143,20.689655,,,
3.2.塞舌尔,塞舌尔 新增次日留存UV,0.285714,1.0,0.428571,0.0,0.333333,0.6,0.25,0.4,-0.714286,-71.428571,,,
3.2.墨西哥,墨西哥 新增次日留存UV,66.857143,62.714286,64.714286,63.571429,61.0,57.285714,66.571429,73.142857,4.142857,6.605923,,,
3.2.多哥,多哥 新增次日留存UV,1.142857,1.428571,1.285714,2.142857,3.428571,5.285714,3.428571,4.0,-0.285714,-20.0,,,
3.2.多米尼克,多米尼克 新增次日留存UV,0.5,0.0,0.0,0.5,0.333333,0.666667,0.0,1.0,0.5,,,,
3.2.多米尼加,多米尼加 新增次日留存UV,7.571429,9.285714,7.428571,8.428571,7.428571,11.571429,7.285714,9.857143,-1.714286,-18.461538,,,
3.2.奥兰群岛,奥兰群岛 新增次日留存UV,0.0,0.0,0.0,0.0,0.0,0.0,0.0,0.0,0.0,,,,
3.2.奥地利,奥地利 新增次日留存UV,10.142857,12.714286,18.0,15.571429,13.142857,11.428571,6.571429,7.857143,-2.571429,-20.224719,,,
3.2.委内瑞拉,委内瑞拉 新增次日留存UV,5.857143,11.0,8.142857,9.0,10.714286,13.285714,10.0,9.571429,-5.142857,-46.753247,,,
3.2.孟加拉,孟加拉 新增次日留存UV,64.285714,76.857143,86.142857,117.285714,160.428571,140.857143,102.285714,85.142857,-12.571429,-16.356877,,,
3.2.安哥拉,安哥拉 新增次日留存UV,2.142857,2.714286,3.142857,3.0,2.428571,3.0,2.428571,3.0,-0.571429,-21.052632,,,
3.2.安圭拉,安圭拉 新增次日留存UV,0.0,0.0,0.0,0.5,0.0,0.0,0.0,0.5,0.0,,,,
3.2.安提瓜和巴布达,安提瓜和巴布达 新增次日留存UV,0.4,0.0,0.333333,0.5,0.166667,0.2,0.4,0.6,0.4,,,,
3.2.安道尔,安道尔 新增次日留存UV,0.0,0.0,0.666667,0.333333,0.0,0.0,0.0,0.0,0.0,,,,
3.2.密克罗尼西亚联邦,密克罗尼西亚联邦 新增次日留存UV,0.0,0.0,0.0,0.0,0.0,0.0,0.0,0.0,0.0,,,,
3.2.尼加拉瓜,尼加拉瓜 新增次日留存UV,3.285714,2.0,1.0,1.857143,0.857143,1.714286,2.285714,2.285714,1.285714,64.285714,,,
3.2.尼日利亚,尼日利亚 新增次日留存UV,163.857143,161.428571,160.285714,166.714286,223.142857,252.714286,159.142857,335.0,2.428571,1.504425,,,
3.2.尼日尔,尼日尔 新增次日留存UV,1.571429,0.833333,0.428571,0.285714,1.428571,1.0,1.857143,1.571429,0.738095,88.571429,,,
3.2.尼泊尔,尼泊尔 新增次日留存UV,3.571429,2.857143,3.571429,4.0,4.285714,4.428571,5.0,4.428571,0.714286,25.0,,,
3.2.巴勒斯坦,巴勒斯坦 新增次日留存UV,2.0,1.857143,3.428571,3.857143,4.857143,2.857143,3.428571,4.428571,0.142857,7.692308,,,
3.2.巴哈马,巴哈马 新增次日留存UV,1.142857,1.285714,1.428571,0.714286,1.142857,0.714286,1.428571,1.0,-0.142857,-11.111111,,,
3.2.巴基斯坦,巴基斯坦 新增次日留存UV,53.0,37.142857,29.428571,40.142857,73.857143,36.285714,44.0,37.857143,15.857143,42.692308,,,
3.2.巴巴多斯,巴巴多斯 新增次日留存UV,0.5,0.0,0.285714,0.428571,0.833333,0.428571,0.166667,1.0,0.5,,,,
3.2.巴布亚新几内亚,巴布亚新几内亚 新增次日留存UV,0.666667,0.75,0.333333,0.6,0.75,0.285714,0.857143,0.0,-0.083333,-11.111111,,,
3.2.巴拉圭,巴拉圭 新增次日留存UV,3.714286,4.857143,4.714286,4.714286,4.714286,3.571429,7.857143,3.714286,-1.142857,-23.529412,,,
3.2.巴拿马,巴拿马 新增次日留存UV,2.285714,2.0,2.714286,2.0,3.0,2.714286,2.571429,3.571429,0.285714,14.285714,,,
3.2.巴林,巴林 新增次日留存UV,0.714286,1.142857,0.857143,1.0,0.833333,0.428571,0.857143,0.428571,-0.428571,-37.5,,,
3.2.巴西,巴西 新增次日留存UV,1137.714286,1135.285714,1239.142857,1121.428571,1111.285714,1146.857143,1054.428571,1105.571429,2.428571,0.213917,,,
3.2.布基纳法索,布基纳法索 新增次日留存UV,7.857143,7.571429,11.285714,9.0,10.571429,11.714286,9.0,11.714286,0.285714,3.773585,,,
3.2.布隆迪,布隆迪 新增次日留存UV,0.6,0.714286,1.0,1.0,1.0,0.333333,0.142857,1.0,-0.114286,-16.0,,,
3.2.希腊,希腊 新增次日留存UV,30.285714,30.285714,26.571429,27.428571,23.285714,17.714286,15.0,14.285714,0.0,0.0,,,
3.2.帕劳,帕劳 新增次日留存UV,0.0,0.0,0.0,0.0,0.0,0.0,0.0,0.0,0.0,,,,
3.2.库克群岛,库克群岛 新增次日留存UV,0.0,0.5,0.0,1.0,0.0,0.5,0.0,0.0,-0.5,-100.0,,,
3.2.库拉索,库拉索 新增次日留存UV,0.4,0.428571,0.571429,0.714286,0.5,0.5,0.571429,0.285714,-0.028571,-6.666667,,,
3.2.开曼群岛,开曼群岛 新增次日留存UV,0.8,0.166667,0.2,0.0,0.5,0.0,0.333333,0.2,0.633333,380.0,,,
3.2.德国,德国 新增次日留存UV,187.428571,194.714286,189.857143,156.714286,162.428571,118.714286,87.571429,82.571429,-7.285714,-3.741746,,,
3.2.意大利,意大利 新增次日留存UV,60.0,67.857143,76.714286,68.428571,38.142857,32.285714,29.142857,31.857143,-7.857143,-11.578947,,,
3.2.所罗门群岛,所罗门群岛 新增次日留存UV,1.0,1.0,0.0,0.0,0.25,0.333333,0.0,0.0,0.0,0.0,,,
3.2.拉脱维亚,拉脱维亚 新增次日留存UV,12.428571,9.0,12.142857,9.285714,9.857143,6.714286,4.857143,4.428571,3.428571,38.095238,,,
3.2.挪威,挪威 新增次日留存UV,6.285714,14.428571,19.571429,13.428571,9.428571,8.857143,4.285714,3.0,-8.142857,-56.435644,,,
3.2.捷克,捷克 新增次日留存UV,8.142857,7.857143,9.857143,10.0,10.428571,7.857143,5.142857,5.428571,0.285714,3.636364,,,
3.2.摩尔多瓦,摩尔多瓦 新增次日留存UV,6.714286,3.142857,7.285714,7.428571,6.285714,6.285714,6.0,5.571429,3.571429,113.636364,,,
3.2.摩洛哥,摩洛哥 新增次日留存UV,9.857143,9.857143,9.142857,10.714286,13.285714,9.428571,10.428571,9.142857,0.0,0.0,,,
3.2.摩纳哥,摩纳哥 新增次日留存UV,0.4,0.5,0.5,0.25,0.666667,0.0,0.0,0.0,-0.1,-20.0,,,
3.2.文莱,文莱 新增次日留存UV,0.75,0.333333,0.666667,0.0,0.25,0.142857,0.0,0.4,0.416667,125.0,,,
3.2.斐济,斐济 新增次日留存UV,0.0,0.6,0.428571,0.428571,0.666667,0.4,0.285714,0.714286,-0.6,-100.0,,,
3.2.斯威士兰,斯威士兰 新增次日留存UV,0.0,0.333333,0.0,0.75,1.0,0.0,1.0,1.0,-0.333333,-100.0,,,
3.2.斯洛伐克,斯洛伐克 新增次日留存UV,3.285714,3.857143,4.714286,3.428571,2.428571,3.428571,2.142857,4.285714,-0.571429,-14.814815,,,
3.2.斯洛文尼亚,斯洛文尼亚 新增次日留存UV,2.142857,1.714286,2.857143,2.142857,1.428571,0.714286,1.0,1.285714,0.428571,25.0,,,
3.2.斯里兰卡,斯里兰卡 新增次日留存UV,2.428571,2.0,2.285714,2.571429,3.142857,1.714286,4.142857,2.428571,0.428571,21.428571,,,
3.2.新加坡,新加坡 新增次日留存UV,7.714286,8.428571,7.285714,5.285714,9.0,7.142857,7.0,5.428571,-0.714286,-8.474576,,,
3.2.新喀里多尼亚,新喀里多尼亚 新增次日留存UV,0.0,0.0,1.0,1.0,0.0,0.0,0.333333,0.0,0.0,,,,
3.2.新西兰,新西兰 新增次日留存UV,5.142857,2.142857,4.142857,6.0,4.0,3.428571,4.571429,4.142857,3.0,140.0,,,
3.2.日本,日本 新增次日留存UV,6.428571,9.428571,7.285714,10.142857,9.714286,6.142857,7.857143,8.0,-3.0,-31.818182,,,
3.2.智利,智利 新增次日留存UV,9.285714,8.714286,6.428571,9.714286,6.571429,7.714286,7.571429,9.285714,0.571429,6.557377,,,
3.2.柬埔寨,柬埔寨 新增次日留存UV,2.0,3.0,1.714286,1.571429,1.142857,2.285714,1.714286,1.142857,-1.0,-33.333333,,,
3.2.根西岛,根西岛 新增次日留存UV,0.0,0.25,0.0,0.75,0.166667,0.2,0.0,0.0,-0.25,-100.0,,,
3.2.格林纳达,格林纳达 新增次日留存UV,0.25,0.0,0.5,0.0,0.4,0.0,0.166667,0.5,0.25,,,,
3.2.格陵兰,格陵兰 新增次日留存UV,1.0,0.0,0.0,0.5,0.0,0.0,0.0,0.0,1.0,,,,
3.2.格鲁吉亚,格鲁吉亚 新增次日留存UV,10.714286,12.285714,14.0,16.0,9.857143,11.571429,7.142857,8.428571,-1.571429,-12.790698,,,
3.2.比利时,比利时 新增次日留存UV,9.142857,8.142857,8.428571,11.285714,8.571429,10.285714,7.142857,8.714286,1.0,12.280702,,,
3.2.毛里塔尼亚,毛里塔尼亚 新增次日留存UV,1.142857,1.0,2.142857,1.285714,1.142857,1.142857,1.142857,2.0,0.142857,14.285714,,,
3.2.毛里求斯,毛里求斯 新增次日留存UV,0.428571,0.428571,0.714286,1.428571,0.857143,0.142857,1.142857,1.142857,0.0,0.0,,,
3.2.汤加,汤加 新增次日留存UV,1.0,0.0,0.0,0.0,0.0,0.0,0.0,0.0,1.0,,,,
3.2.沙特阿拉伯,沙特阿拉伯 新增次日留存UV,10.571429,11.285714,10.142857,14.285714,17.714286,10.428571,10.571429,11.571429,-0.714286,-6.329114,,,
3.2.法国,法国 新增次日留存UV,48.714286,52.857143,56.142857,57.142857,46.857143,38.0,30.571429,27.285714,-4.142857,-7.837838,,,
3.2.法属圣马丁,法属圣马丁 新增次日留存UV,0.0,0.0,0.333333,0.0,1.0,0.5,0.0,0.0,0.0,,,,
3.2.法属圭亚那,法属圭亚那 新增次日留存UV,0.0,1.0,0.5,0.75,0.0,0.0,0.5,0.0,-1.0,-100.0,,,
3.2.法属波利尼西亚,法属波利尼西亚 新增次日留存UV,0.666667,0.2,0.0,0.666667,0.0,1.0,0.0,0.333333,0.466667,233.333333,,,
3.2.法罗群岛,法罗群岛 新增次日留存UV,0.0,0.0,0.0,0.0,0.333333,0.0,0.0,0.0,0.0,,,,
3.2.波兰,波兰 新增次日留存UV,32.285714,35.714286,33.428571,31.428571,48.142857,40.428571,17.857143,23.285714,-3.428571,-9.6,,,
3.2.波多黎各,波多黎各 新增次日留存UV,3.142857,4.428571,4.142857,5.0,4.714286,4.0,5.285714,2.285714,-1.285714,-29.032258,,,
3.2.波黑,波黑 新增次日留存UV,6.0,6.571429,8.714286,9.428571,8.142857,5.571429,6.714286,7.714286,-0.571429,-8.695652,,,
3.2.泰国,泰国 新增次日留存UV,6.428571,4.428571,6.857143,6.0,8.428571,9.0,7.285714,7.428571,2.0,45.16129,,,
3.2.泽西岛,泽西岛 新增次日留存UV,0.0,0.0,0.0,0.0,0.0,0.0,0.333333,0.25,0.0,,,,
3.2.津巴布韦,津巴布韦 新增次日留存UV,1.0,0.571429,0.571429,0.714286,1.0,1.142857,1.142857,0.428571,0.428571,75.0,,,
3.2.洪都拉斯,洪都拉斯 新增次日留存UV,4.285714,2.428571,3.428571,3.428571,4.0,2.714286,3.714286,4.857143,1.857143,76.470588,,,
3.2.海地,海地 新增次日留存UV,3.428571,3.571429,4.714286,3.0,4.857143,5.857143,5.428571,3.857143,-0.142857,-4.0,,,
3.2.澳大利亚,澳大利亚 新增次日留存UV,34.857143,35.714286,35.857143,45.142857,37.428571,34.0,34.571429,37.0,-0.857143,-2.4,,,
3.2.爱尔兰,爱尔兰 新增次日留存UV,12.428571,14.857143,15.571429,15.571429,14.571429,10.571429,10.571429,11.285714,-2.428571,-16.346154,,,
3.2.爱沙尼亚,爱沙尼亚 新增次日留存UV,7.285714,7.857143,9.428571,8.428571,5.857143,5.857143,3.142857,2.857143,-0.571429,-7.272727,,,
3.2.牙买加,牙买加 新增次日留存UV,4.285714,3.571429,4.571429,4.0,4.857143,4.571429,2.857143,2.0,0.714286,20.0,,,
3.2.特克斯和凯科斯群岛,特克斯和凯科斯群岛 新增次日留存UV,0.5,0.0,0.166667,0.25,0.5,0.4,0.5,0.4,0.5,,,,
3.2.特立尼达和多巴哥,特立尼达和多巴哥 新增次日留存UV,1.285714,0.714286,1.714286,1.571429,1.0,0.857143,1.285714,2.285714,0.571429,80.0,,,
3.2.玻利维亚,玻利维亚 新增次日留存UV,4.0,2.571429,3.714286,3.428571,3.857143,4.0,5.428571,4.142857,1.428571,55.555556,,,
3.2.瑙鲁,瑙鲁 新增次日留存UV,0.0,0.0,0.0,0.0,0.0,0.0,0.0,0.0,0.0,,,,
3.2.瑞典,瑞典 新增次日留存UV,28.571429,31.857143,27.857143,23.0,20.428571,15.142857,10.142857,11.285714,-3.285714,-10.313901,,,
3.2.瑞士,瑞士 新增次日留存UV,12.285714,10.857143,15.142857,12.857143,12.857143,10.428571,9.142857,9.428571,1.428571,13.157895,,,
3.2.瓜德罗普,瓜德罗普 新增次日留存UV,0.0,0.0,0.0,0.285714,0.0,0.0,0.0,0.4,0.0,,,,
3.2.瓦利斯和富图纳群岛,瓦利斯和富图纳群岛 新增次日留存UV,0.0,0.0,0.0,0.0,0.0,0.0,0.0,0.0,0.0,,,,
3.2.瓦努阿图,瓦努阿图 新增次日留存UV,1.5,1.0,0.0,0.0,0.0,0.0,0.0,1.0,0.5,50.0,,,
3.2.留尼汪岛,留尼汪岛 新增次日留存UV,0.142857,0.2,0.571429,0.2,0.5,0.5,0.142857,0.285714,-0.057143,-28.571429,,,
3.2.白俄罗斯,白俄罗斯 新增次日留存UV,29.0,14.428571,39.142857,25.857143,47.571429,47.428571,11.428571,10.857143,14.571429,100.990099,,,
3.2.百慕大,百慕大 新增次日留存UV,0.0,0.4,0.2,0.75,0.0,0.0,0.333333,0.333333,-0.4,-100.0,,,
3.2.直布罗陀,直布罗陀 新增次日留存UV,0.25,0.0,0.0,0.0,0.25,0.5,0.75,0.0,0.25,,,,
3.2.福克兰群岛,福克兰群岛 新增次日留存UV,0.0,0.0,0.0,0.0,0.0,0.0,0.0,0.0,0.0,,,,
3.2.科威特,科威特 新增次日留存UV,2.428571,2.714286,3.428571,2.285714,2.857143,2.857143,2.142857,3.571429,-0.285714,-10.526316,,,
3.2.科摩罗,科摩罗 新增次日留存UV,0.0,0.333333,0.0,0.0,0.333333,0.5,0.5,0.166667,-0.333333,-100.0,,,
3.2.科特迪瓦,科特迪瓦 新增次日留存UV,6.285714,7.714286,14.0,12.857143,12.142857,16.571429,18.142857,16.428571,-1.428571,-18.518519,,,
3.2.科索沃,科索沃 新增次日留存UV,1.285714,1.857143,2.285714,4.285714,2.428571,2.428571,2.285714,4.0,-0.571429,-30.769231,,,
3.2.秘鲁,秘鲁 新增次日留存UV,14.857143,11.428571,12.714286,16.714286,13.428571,14.714286,16.428571,14.0,3.428571,30.0,,,
3.2.突尼斯,突尼斯 新增次日留存UV,5.0,5.571429,4.714286,5.857143,4.428571,3.857143,5.142857,4.714286,-0.571429,-10.25641,,,
3.2.立陶宛,立陶宛 新增次日留存UV,9.857143,11.142857,11.428571,7.142857,8.0,6.0,3.571429,6.142857,-1.285714,-11.538462,,,
3.2.索马里,索马里 新增次日留存UV,2.0,2.285714,2.0,2.714286,3.714286,2.0,1.571429,2.714286,-0.285714,-12.5,,,
3.2.约旦,约旦 新增次日留存UV,4.0,3.428571,4.571429,4.285714,7.714286,4.0,5.142857,5.571429,0.571429,16.666667,,,
3.2.纳米比亚,纳米比亚 新增次日留存UV,0.571429,0.0,1.333333,0.6,0.285714,0.666667,0.857143,1.285714,0.571429,,,,
3.2.缅甸,缅甸 新增次日留存UV,1.857143,1.857143,1.428571,2.714286,2.142857,3.285714,3.285714,3.0,0.0,0.0,,,
3.2.罗马尼亚,罗马尼亚 新增次日留存UV,17.714286,18.714286,15.0,21.714286,16.857143,20.428571,15.142857,18.0,-1.0,-5.343511,,,
3.2.美国,美国 新增次日留存UV,547.714286,516.142857,502.857143,557.428571,607.571429,556.0,468.0,447.571429,31.571429,6.1168,,,
3.2.美属维尔京群岛,美属维尔京群岛 新增次日留存UV,1.0,0.0,0.4,0.833333,0.75,0.25,0.0,0.2,1.0,,,,
3.2.老挝,老挝 新增次日留存UV,0.75,0.0,0.333333,0.0,0.2,0.25,0.333333,0.2,0.75,,,,
3.2.肯尼亚,肯尼亚 新增次日留存UV,5.714286,7.571429,7.285714,5.571429,7.0,9.857143,11.428571,7.0,-1.857143,-24.528302,,,
3.2.芬兰,芬兰 新增次日留存UV,23.571429,26.571429,30.285714,22.0,21.285714,15.428571,6.857143,12.142857,-3.0,-11.290323,,,
3.2.苏丹,苏丹 新增次日留存UV,0.428571,0.571429,0.285714,1.285714,1.0,0.857143,1.428571,0.714286,-0.142857,-25.0,,,
3.2.苏里南,苏里南 新增次日留存UV,0.571429,0.25,0.333333,1.0,0.6,0.142857,0.428571,0.333333,0.321429,128.571429,,,
3.2.英国,英国 新增次日留存UV,184.142857,180.571429,183.857143,173.285714,211.0,149.285714,119.714286,132.857143,3.571429,1.977848,,,
3.2.英属维尔京群岛,英属维尔京群岛 新增次日留存UV,0.0,0.5,1.0,0.0,0.0,0.333333,0.2,0.25,-0.5,-100.0,,,
3.2.荷兰,荷兰 新增次日留存UV,123.428571,151.142857,161.714286,122.428571,129.714286,93.571429,65.285714,76.142857,-27.714286,-18.336484,,,
3.2.荷兰加勒比,荷兰加勒比 新增次日留存UV,0.0,0.333333,0.0,0.333333,0.0,0.0,0.0,1.0,-0.333333,-100.0,,,
3.2.荷属圣马丁,荷属圣马丁 新增次日留存UV,1.0,1.0,0.5,0.5,0.0,0.857143,0.6,0.333333,0.0,0.0,,,
3.2.荷属安的列斯,荷属安的列斯 新增次日留存UV,0.0,0.0,0.0,0.0,0.0,0.0,0.0,0.0,0.0,,,,
3.2.莫桑比克,莫桑比克 新增次日留存UV,6.714286,7.142857,6.428571,8.142857,8.142857,8.285714,9.714286,9.714286,-0.428571,-6.0,,,
3.2.莱索托,莱索托 新增次日留存UV,0.0,0.5,0.0,0.0,0.0,0.333333,0.0,0.5,-0.5,-100.0,,,
3.2.菲律宾,菲律宾 新增次日留存UV,46.142857,55.142857,52.428571,58.285714,66.857143,59.142857,71.857143,64.0,-9.0,-16.321244,,,
3.2.萨尔瓦多,萨尔瓦多 新增次日留存UV,3.285714,1.714286,1.714286,2.428571,3.0,1.857143,2.857143,3.0,1.571429,91.666667,,,
3.2.萨摩亚,萨摩亚 新增次日留存UV,1.0,0.0,0.0,0.0,1.0,0.0,0.0,0.0,1.0,,,,
3.2.葡萄牙,葡萄牙 新增次日留存UV,24.142857,29.571429,31.142857,33.857143,26.428571,24.428571,21.571429,19.285714,-5.428571,-18.357488,,,
3.2.蒙古,蒙古 新增次日留存UV,0.571429,1.0,0.857143,0.857143,0.571429,0.285714,0.857143,0.428571,-0.428571,-42.857143,,,
3.2.西班牙,西班牙 新增次日留存UV,64.428571,63.857143,59.714286,60.0,59.428571,50.714286,49.428571,29.142857,0.571429,0.894855,,,
3.2.贝宁,贝宁 新增次日留存UV,5.857143,5.142857,4.142857,6.857143,11.0,14.857143,9.285714,19.428571,0.714286,13.888889,,,
3.2.赞比亚,赞比亚 新增次日留存UV,1.428571,2.428571,1.0,2.428571,2.142857,1.571429,3.142857,1.857143,-1.0,-41.176471,,,
3.2.赤道几内亚,赤道几内亚 新增次日留存UV,0.25,0.0,0.166667,0.2,0.0,0.166667,0.0,0.333333,0.25,,,,
3.2.越南,越南 新增次日留存UV,7.0,8.142857,6.857143,6.285714,7.714286,6.857143,6.428571,6.0,-1.142857,-14.035088,,,
3.2.阿塞拜疆,阿塞拜疆 新增次日留存UV,6.0,7.571429,9.571429,10.714286,6.571429,6.0,4.857143,5.857143,-1.571429,-20.754717,,,
3.2.阿富汗,阿富汗 新增次日留存UV,2.0,2.857143,2.571429,3.428571,4.142857,2.285714,1.857143,1.428571,-0.857143,-30.0,,,
3.2.阿尔及利亚,阿尔及利亚 新增次日留存UV,4.571429,6.285714,6.0,4.0,6.714286,6.0,7.571429,6.857143,-1.714286,-27.272727,,,
3.2.阿尔巴尼亚,阿尔巴尼亚 新增次日留存UV,14.571429,13.428571,12.857143,16.428571,10.857143,8.857143,9.857143,26.714286,1.142857,8.510638,,,
3.2.阿曼,阿曼 新增次日留存UV,2.0,0.714286,1.142857,1.428571,4.714286,1.285714,0.857143,1.428571,1.285714,180.0,,,
3.2.阿根廷,阿根廷 新增次日留存UV,15.571429,19.285714,18.857143,20.714286,20.142857,22.142857,21.285714,18.714286,-3.714286,-19.259259,,,
3.2.阿联酋,阿联酋 新增次日留存UV,8.428571,9.0,11.714286,11.0,16.285714,8.428571,10.0,10.571429,-0.571429,-6.349206,,,
3.2.阿鲁巴,阿鲁巴 新增次日留存UV,0.285714,1.142857,0.333333,1.0,0.833333,0.571429,0.833333,0.4,-0.857143,-75.0,,,
3.2.韩国,韩国 新增次日留存UV,2.857143,3.571429,3.571429,4.285714,4.285714,4.285714,3.142857,3.571429,-0.714286,-20.0,,,
3.2.马尔代夫,马尔代夫 新增次日留存UV,0.142857,1.428571,1.857143,1.142857,1.428571,1.285714,0.571429,1.0,-1.285714,-90.0,,,
3.2.马恩岛,马恩岛 新增次日留存UV,0.0,0.2,0.2,0.0,0.0,0.166667,0.0,0.142857,-0.2,-100.0,,,
3.2.马拉维,马拉维 新增次日留存UV,1.714286,2.0,1.571429,1.571429,1.285714,2.142857,1.428571,1.166667,-0.285714,-14.285714,,,
3.2.马提尼克岛,马提尼克岛 新增次日留存UV,0.75,0.0,0.25,0.0,0.0,0.0,0.0,1.0,0.75,,,,
3.2.马来西亚,马来西亚 新增次日留存UV,7.285714,7.571429,8.857143,17.285714,9.857143,7.571429,8.571429,7.142857,-0.285714,-3.773585,,,
3.2.马约特,马约特 新增次日留存UV,0.0,0.0,0.0,0.0,0.0,0.0,0.0,0.0,0.0,,,,
3.2.马绍尔群岛,马绍尔群岛 新增次日留存UV,0.0,0.0,0.0,0.0,0.0,0.0,0.0,0.0,0.0,,,,
3.2.马耳他,马耳他 新增次日留存UV,3.285714,1.0,2.428571,2.571429,0.857143,1.571429,1.571429,2.857143,2.285714,228.571429,,,
3.2.马达加斯加,马达加斯加 新增次日留存UV,2.714286,2.857143,3.285714,2.857143,3.0,3.285714,4.428571,4.142857,-0.142857,-5.0,,,
3.2.马里,马里 新增次日留存UV,10.142857,8.285714,38.714286,5.571429,7.714286,4.571429,3.714286,2.857143,1.857143,22.413793,,,
3.2.黎巴嫩,黎巴嫩 新增次日留存UV,5.142857,6.285714,6.857143,8.142857,8.142857,5.285714,5.857143,5.571429,-1.142857,-18.181818,,,
3.2.黑山,黑山 新增次日留存UV,4.285714,3.571429,5.714286,4.285714,4.142857,2.428571,2.571429,3.428571,0.714286,20.0,,,
