层级,指标,数据来源,指标对应值,取数口径,本月,上月,2月前,3月前,4月前,5月前,6月前,7月前,8月前,9月前,10月前,11月前,12月前,13月前,mom,mom%,对整体变化绝对值贡献,对整体变化值贡献率,对整体变化率贡献
1,整体 MAU,raw_data/mau.csv,MAU,渠道自然=整体，国家=整体，平台=整体，新老=整体,6015857.0,5775135.0,5788814.0,5607951.0,6478965.0,6745811.0,6225213.0,8079475.0,6387049.0,6641065.0,6705712.0,6695240.0,6807610.0,6663974.0,240722.0,4.168249,240722.0,100.0,4.168249
1.unknow,unknowMAU,raw_data/mau.csv,MAU,渠道自然=整体，国家=x（非整体），平台=整体，新老=整体,928.0,778.0,791.0,873.0,1158.0,1534.0,1585.0,2300.0,2165.0,2617.0,2327.0,2390.0,1886.0,1687.0,150.0,19.280206,150.0,0.062313,0.002597
1.unknow.1,新用户 MAU,raw_data/mau.csv,MAU,渠道自然=整体，国家=x（非整体），平台=整体，新老=New,,,,,,,,,,,,,,,,,,,
1.unknow.1.1,新渠道用户 MAU,raw_data/mau.csv,MAU,渠道自然=non-Organic，国家=x（非整体），平台=整体，新老=New,,,,,,,,,,,,,,,,,,,
1.unknow.1.2,新自然用户 MAU,raw_data/mau.csv,MAU,渠道自然=Organic，国家=x（非整体），平台=整体，新老=New,,,,,,,,,,,,,,,,,,,
1.unknow.2,老用户 MAU,本表,整体MAU-新用户 MAU（1.x-1.x.1）,,,,,,,,,,,,,,,,,,,,
1.不丹,不丹MAU,raw_data/mau.csv,MAU,渠道自然=整体，国家=x（非整体），平台=整体，新老=整体,82.0,77.0,78.0,83.0,102.0,119.0,104.0,129.0,107.0,114.0,122.0,117.0,155.0,132.0,5.0,6.493506,5.0,0.002077,8.7e-05
1.不丹.1,新用户 MAU,raw_data/mau.csv,MAU,渠道自然=整体，国家=x（非整体），平台=整体，新老=New,14.0,13.0,13.0,16.0,20.0,17.0,14.0,9.0,6.0,4.0,11.0,4.0,9.0,12.0,1.0,7.692308,1.0,0.000415,1.7e-05
1.不丹.1.1,新渠道用户 MAU,raw_data/mau.csv,MAU,渠道自然=non-Organic，国家=x（非整体），平台=整体，新老=New,3.0,4.0,1.0,5.0,9.0,2.0,3.0,,,1.0,3.0,2.0,1.0,,-1.0,-25.0,-1.0,-0.000415,-1.7e-05
1.不丹.1.2,新自然用户 MAU,raw_data/mau.csv,MAU,渠道自然=Organic，国家=x（非整体），平台=整体，新老=New,11.0,9.0,12.0,11.0,11.0,15.0,11.0,9.0,6.0,3.0,8.0,2.0,8.0,12.0,2.0,22.222222,2.0,0.000831,3.5e-05
1.不丹.2,老用户 MAU,本表,整体MAU-新用户 MAU（1.x-1.x.1）,,68.0,64.0,65.0,67.0,82.0,102.0,90.0,120.0,101.0,110.0,111.0,113.0,146.0,120.0,4.0,6.25,4.0,0.001662,6.9e-05
1.东帝汶,东帝汶MAU,raw_data/mau.csv,MAU,渠道自然=整体，国家=x（非整体），平台=整体，新老=整体,87.0,63.0,51.0,49.0,63.0,72.0,63.0,72.0,74.0,78.0,83.0,86.0,81.0,106.0,24.0,38.095238,24.0,0.00997,0.000416
1.东帝汶.1,新用户 MAU,raw_data/mau.csv,MAU,渠道自然=整体，国家=x（非整体），平台=整体，新老=New,21.0,14.0,9.0,5.0,6.0,11.0,10.0,5.0,7.0,9.0,2.0,10.0,4.0,11.0,7.0,50.0,7.0,0.002908,0.000121
1.东帝汶.1.1,新渠道用户 MAU,raw_data/mau.csv,MAU,渠道自然=non-Organic，国家=x（非整体），平台=整体，新老=New,6.0,4.0,,1.0,,2.0,,,,2.0,,,1.0,1.0,2.0,50.0,2.0,0.000831,3.5e-05
1.东帝汶.1.2,新自然用户 MAU,raw_data/mau.csv,MAU,渠道自然=Organic，国家=x（非整体），平台=整体，新老=New,15.0,10.0,9.0,4.0,6.0,9.0,10.0,5.0,7.0,7.0,2.0,10.0,3.0,10.0,5.0,50.0,5.0,0.002077,8.7e-05
1.东帝汶.2,老用户 MAU,本表,整体MAU-新用户 MAU（1.x-1.x.1）,,66.0,49.0,42.0,44.0,57.0,61.0,53.0,67.0,67.0,69.0,81.0,76.0,77.0,95.0,17.0,34.693878,17.0,0.007062,0.000294
1.中国,中国MAU,raw_data/mau.csv,MAU,渠道自然=整体，国家=x（非整体），平台=整体，新老=整体,5618.0,5065.0,4996.0,4344.0,5141.0,5308.0,4874.0,5121.0,5900.0,5649.0,6014.0,5690.0,6310.0,6432.0,553.0,10.918065,553.0,0.229726,0.009576
1.中国.1,新用户 MAU,raw_data/mau.csv,MAU,渠道自然=整体，国家=x（非整体），平台=整体，新老=New,1620.0,1458.0,1513.0,1367.0,1734.0,1767.0,1436.0,918.0,1652.0,1453.0,1366.0,1192.0,1423.0,1323.0,162.0,11.111111,162.0,0.067298,0.002805
1.中国.1.1,新渠道用户 MAU,raw_data/mau.csv,MAU,渠道自然=non-Organic，国家=x（非整体），平台=整体，新老=New,8.0,10.0,10.0,5.0,31.0,47.0,61.0,211.0,1105.0,946.0,952.0,846.0,990.0,867.0,-2.0,-20.0,-2.0,-0.000831,-3.5e-05
1.中国.1.2,新自然用户 MAU,raw_data/mau.csv,MAU,渠道自然=Organic，国家=x（非整体），平台=整体，新老=New,1612.0,1448.0,1503.0,1362.0,1703.0,1720.0,1375.0,707.0,547.0,507.0,414.0,346.0,433.0,456.0,164.0,11.325967,164.0,0.068128,0.00284
1.中国.2,老用户 MAU,本表,整体MAU-新用户 MAU（1.x-1.x.1）,,3998.0,3607.0,3483.0,2977.0,3407.0,3541.0,3438.0,4203.0,4248.0,4196.0,4648.0,4498.0,4887.0,5109.0,391.0,10.840033,391.0,0.162428,0.00677
1.中非,中非MAU,raw_data/mau.csv,MAU,渠道自然=整体，国家=x（非整体），平台=整体，新老=整体,56.0,51.0,40.0,34.0,32.0,36.0,28.0,49.0,39.0,48.0,48.0,54.0,54.0,52.0,5.0,9.803922,5.0,0.002077,8.7e-05
1.中非.1,新用户 MAU,raw_data/mau.csv,MAU,渠道自然=整体，国家=x（非整体），平台=整体，新老=New,28.0,20.0,9.0,7.0,6.0,8.0,5.0,4.0,4.0,9.0,11.0,5.0,7.0,8.0,8.0,40.0,8.0,0.003323,0.000139
1.中非.1.1,新渠道用户 MAU,raw_data/mau.csv,MAU,渠道自然=non-Organic，国家=x（非整体），平台=整体，新老=New,4.0,7.0,1.0,,,,,,1.0,,,,,,-3.0,-42.857143,-3.0,-0.001246,-5.2e-05
1.中非.1.2,新自然用户 MAU,raw_data/mau.csv,MAU,渠道自然=Organic，国家=x（非整体），平台=整体，新老=New,24.0,13.0,8.0,7.0,6.0,8.0,5.0,4.0,3.0,9.0,11.0,5.0,7.0,8.0,11.0,84.615385,11.0,0.00457,0.00019
1.中非.2,老用户 MAU,本表,整体MAU-新用户 MAU（1.x-1.x.1）,,28.0,31.0,31.0,27.0,26.0,28.0,23.0,45.0,35.0,39.0,37.0,49.0,47.0,44.0,-3.0,-9.677419,-3.0,-0.001246,-5.2e-05
1.丹麦,丹麦MAU,raw_data/mau.csv,MAU,渠道自然=整体，国家=x（非整体），平台=整体，新老=整体,9679.0,9931.0,10354.0,8778.0,10017.0,10576.0,9811.0,12600.0,9743.0,12146.0,12670.0,11839.0,13281.0,13019.0,-252.0,-2.537509,-252.0,-0.104685,-0.004364
1.丹麦.1,新用户 MAU,raw_data/mau.csv,MAU,渠道自然=整体，国家=x（非整体），平台=整体，新老=New,1188.0,1108.0,1139.0,947.0,1114.0,1196.0,1088.0,1110.0,494.0,586.0,598.0,637.0,648.0,520.0,80.0,7.220217,80.0,0.033233,0.001385
1.丹麦.1.1,新渠道用户 MAU,raw_data/mau.csv,MAU,渠道自然=non-Organic，国家=x（非整体），平台=整体，新老=New,43.0,24.0,52.0,42.0,36.0,32.0,18.0,42.0,46.0,53.0,37.0,61.0,67.0,87.0,19.0,79.166667,19.0,0.007893,0.000329
1.丹麦.1.2,新自然用户 MAU,raw_data/mau.csv,MAU,渠道自然=Organic，国家=x（非整体），平台=整体，新老=New,1145.0,1084.0,1087.0,905.0,1078.0,1164.0,1070.0,1068.0,448.0,533.0,561.0,576.0,581.0,433.0,61.0,5.627306,61.0,0.02534,0.001056
1.丹麦.2,老用户 MAU,本表,整体MAU-新用户 MAU（1.x-1.x.1）,,8491.0,8823.0,9215.0,7831.0,8903.0,9380.0,8723.0,11490.0,9249.0,11560.0,12072.0,11202.0,12633.0,12499.0,-332.0,-3.762892,-332.0,-0.137918,-0.005749
1.乌克兰,乌克兰MAU,raw_data/mau.csv,MAU,渠道自然=整体，国家=x（非整体），平台=整体，新老=整体,72556.0,58392.0,60233.0,54911.0,62100.0,64101.0,62549.0,89244.0,79004.0,88698.0,89939.0,85128.0,82178.0,81224.0,14164.0,24.256747,14164.0,5.883966,0.245258
1.乌克兰.1,新用户 MAU,raw_data/mau.csv,MAU,渠道自然=整体，国家=x（非整体），平台=整体，新老=New,15746.0,7317.0,7620.0,6610.0,8277.0,8608.0,7873.0,8303.0,6224.0,7773.0,8445.0,7903.0,6260.0,6207.0,8429.0,115.197485,8429.0,3.50155,0.145953
1.乌克兰.1.1,新渠道用户 MAU,raw_data/mau.csv,MAU,渠道自然=non-Organic，国家=x（非整体），平台=整体，新老=New,970.0,1013.0,1120.0,933.0,1113.0,978.0,591.0,495.0,1598.0,1573.0,1463.0,1402.0,1209.0,1292.0,-43.0,-4.244817,-43.0,-0.017863,-0.000745
1.乌克兰.1.2,新自然用户 MAU,raw_data/mau.csv,MAU,渠道自然=Organic，国家=x（非整体），平台=整体，新老=New,14776.0,6304.0,6500.0,5677.0,7164.0,7630.0,7282.0,7808.0,4626.0,6200.0,6982.0,6501.0,5051.0,4915.0,8472.0,134.390863,8472.0,3.519412,0.146698
1.乌克兰.2,老用户 MAU,本表,整体MAU-新用户 MAU（1.x-1.x.1）,,56810.0,51075.0,52613.0,48301.0,53823.0,55493.0,54676.0,80941.0,72780.0,80925.0,81494.0,77225.0,75918.0,75017.0,5735.0,11.228585,5735.0,2.382416,0.099305
1.乌兹别克斯坦,乌兹别克斯坦MAU,raw_data/mau.csv,MAU,渠道自然=整体，国家=x（非整体），平台=整体，新老=整体,4046.0,3489.0,3429.0,3233.0,4060.0,4229.0,4442.0,5487.0,4400.0,5319.0,4908.0,4754.0,4892.0,5173.0,557.0,15.96446,557.0,0.231387,0.009645
1.乌兹别克斯坦.1,新用户 MAU,raw_data/mau.csv,MAU,渠道自然=整体，国家=x（非整体），平台=整体，新老=New,1305.0,846.0,803.0,773.0,1071.0,991.0,1244.0,1480.0,904.0,1523.0,1203.0,1038.0,837.0,966.0,459.0,54.255319,459.0,0.190676,0.007948
1.乌兹别克斯坦.1.1,新渠道用户 MAU,raw_data/mau.csv,MAU,渠道自然=non-Organic，国家=x（非整体），平台=整体，新老=New,155.0,147.0,160.0,139.0,148.0,141.0,100.0,40.0,140.0,168.0,142.0,125.0,139.0,261.0,8.0,5.442177,8.0,0.003323,0.000139
1.乌兹别克斯坦.1.2,新自然用户 MAU,raw_data/mau.csv,MAU,渠道自然=Organic，国家=x（非整体），平台=整体，新老=New,1150.0,699.0,643.0,634.0,923.0,850.0,1144.0,1440.0,764.0,1355.0,1061.0,913.0,698.0,705.0,451.0,64.520744,451.0,0.187353,0.007809
1.乌兹别克斯坦.2,老用户 MAU,本表,整体MAU-新用户 MAU（1.x-1.x.1）,,2741.0,2643.0,2626.0,2460.0,2989.0,3238.0,3198.0,4007.0,3496.0,3796.0,3705.0,3716.0,4055.0,4207.0,98.0,3.707908,98.0,0.040711,0.001697
1.乌干达,乌干达MAU,raw_data/mau.csv,MAU,渠道自然=整体，国家=x（非整体），平台=整体，新老=整体,2374.0,2117.0,2133.0,2270.0,2351.0,2791.0,2538.0,3221.0,2880.0,3075.0,2963.0,2852.0,3221.0,3102.0,257.0,12.139821,257.0,0.106762,0.00445
1.乌干达.1,新用户 MAU,raw_data/mau.csv,MAU,渠道自然=整体，国家=x（非整体），平台=整体，新老=New,544.0,384.0,365.0,356.0,374.0,476.0,358.0,519.0,351.0,372.0,421.0,292.0,350.0,314.0,160.0,41.666667,160.0,0.066467,0.00277
1.乌干达.1.1,新渠道用户 MAU,raw_data/mau.csv,MAU,渠道自然=non-Organic，国家=x（非整体），平台=整体，新老=New,28.0,19.0,26.0,9.0,16.0,22.0,5.0,9.0,38.0,42.0,36.0,26.0,32.0,27.0,9.0,47.368421,9.0,0.003739,0.000156
1.乌干达.1.2,新自然用户 MAU,raw_data/mau.csv,MAU,渠道自然=Organic，国家=x（非整体），平台=整体，新老=New,516.0,365.0,339.0,347.0,358.0,454.0,353.0,510.0,313.0,330.0,385.0,266.0,318.0,287.0,151.0,41.369863,151.0,0.062728,0.002615
1.乌干达.2,老用户 MAU,本表,整体MAU-新用户 MAU（1.x-1.x.1）,,1830.0,1733.0,1768.0,1914.0,1977.0,2315.0,2180.0,2702.0,2529.0,2703.0,2542.0,2560.0,2871.0,2788.0,97.0,5.59723,97.0,0.040295,0.00168
1.乌拉圭,乌拉圭MAU,raw_data/mau.csv,MAU,渠道自然=整体，国家=x（非整体），平台=整体，新老=整体,3301.0,3673.0,3619.0,4042.0,5342.0,4732.0,4004.0,5133.0,4053.0,4271.0,4204.0,3922.0,4137.0,4307.0,-372.0,-10.127961,-372.0,-0.154535,-0.006441
1.乌拉圭.1,新用户 MAU,raw_data/mau.csv,MAU,渠道自然=整体，国家=x（非整体），平台=整体，新老=New,392.0,458.0,428.0,514.0,697.0,619.0,542.0,504.0,372.0,403.0,409.0,364.0,369.0,367.0,-66.0,-14.41048,-66.0,-0.027418,-0.001143
1.乌拉圭.1.1,新渠道用户 MAU,raw_data/mau.csv,MAU,渠道自然=non-Organic，国家=x（非整体），平台=整体，新老=New,65.0,63.0,67.0,78.0,68.0,78.0,43.0,19.0,65.0,59.0,48.0,45.0,32.0,63.0,2.0,3.174603,2.0,0.000831,3.5e-05
1.乌拉圭.1.2,新自然用户 MAU,raw_data/mau.csv,MAU,渠道自然=Organic，国家=x（非整体），平台=整体，新老=New,327.0,395.0,361.0,436.0,629.0,541.0,499.0,485.0,307.0,344.0,361.0,319.0,337.0,304.0,-68.0,-17.21519,-68.0,-0.028248,-0.001177
1.乌拉圭.2,老用户 MAU,本表,整体MAU-新用户 MAU（1.x-1.x.1）,,2909.0,3215.0,3191.0,3528.0,4645.0,4113.0,3462.0,4629.0,3681.0,3868.0,3795.0,3558.0,3768.0,3940.0,-306.0,-9.517885,-306.0,-0.127118,-0.005299
1.乍得,乍得MAU,raw_data/mau.csv,MAU,渠道自然=整体，国家=x（非整体），平台=整体，新老=整体,213.0,196.0,186.0,180.0,266.0,210.0,237.0,396.0,326.0,500.0,367.0,246.0,220.0,253.0,17.0,8.673469,17.0,0.007062,0.000294
1.乍得.1,新用户 MAU,raw_data/mau.csv,MAU,渠道自然=整体，国家=x（非整体），平台=整体，新老=New,95.0,79.0,60.0,56.0,112.0,65.0,48.0,165.0,78.0,238.0,136.0,41.0,16.0,21.0,16.0,20.253165,16.0,0.006647,0.000277
1.乍得.1.1,新渠道用户 MAU,raw_data/mau.csv,MAU,渠道自然=non-Organic，国家=x（非整体），平台=整体，新老=New,2.0,19.0,5.0,,1.0,2.0,,,1.0,,3.0,1.0,1.0,,-17.0,-89.473684,-17.0,-0.007062,-0.000294
1.乍得.1.2,新自然用户 MAU,raw_data/mau.csv,MAU,渠道自然=Organic，国家=x（非整体），平台=整体，新老=New,93.0,60.0,55.0,56.0,111.0,63.0,48.0,165.0,77.0,238.0,133.0,40.0,15.0,21.0,33.0,55.0,33.0,0.013709,0.000571
1.乍得.2,老用户 MAU,本表,整体MAU-新用户 MAU（1.x-1.x.1）,,118.0,117.0,126.0,124.0,154.0,145.0,189.0,231.0,248.0,262.0,231.0,205.0,204.0,232.0,1.0,0.854701,1.0,0.000415,1.7e-05
1.也门,也门MAU,raw_data/mau.csv,MAU,渠道自然=整体，国家=x（非整体），平台=整体，新老=整体,896.0,805.0,795.0,793.0,1046.0,1161.0,1213.0,1655.0,1256.0,1366.0,1377.0,876.0,1744.0,2830.0,91.0,11.304348,91.0,0.037803,0.001576
1.也门.1,新用户 MAU,raw_data/mau.csv,MAU,渠道自然=整体，国家=x（非整体），平台=整体，新老=New,289.0,171.0,123.0,133.0,161.0,143.0,172.0,402.0,152.0,331.0,260.0,124.0,109.0,182.0,118.0,69.005848,118.0,0.049019,0.002043
1.也门.1.1,新渠道用户 MAU,raw_data/mau.csv,MAU,渠道自然=non-Organic，国家=x（非整体），平台=整体，新老=New,4.0,3.0,5.0,,2.0,,2.0,1.0,10.0,23.0,10.0,6.0,8.0,17.0,1.0,33.333333,1.0,0.000415,1.7e-05
1.也门.1.2,新自然用户 MAU,raw_data/mau.csv,MAU,渠道自然=Organic，国家=x（非整体），平台=整体，新老=New,285.0,168.0,118.0,133.0,159.0,143.0,170.0,401.0,142.0,308.0,250.0,118.0,101.0,165.0,117.0,69.642857,117.0,0.048604,0.002026
1.也门.2,老用户 MAU,本表,整体MAU-新用户 MAU（1.x-1.x.1）,,607.0,634.0,672.0,660.0,885.0,1018.0,1041.0,1253.0,1104.0,1035.0,1117.0,752.0,1635.0,2648.0,-27.0,-4.258675,-27.0,-0.011216,-0.000468
1.亚美尼亚,亚美尼亚MAU,raw_data/mau.csv,MAU,渠道自然=整体，国家=x（非整体），平台=整体，新老=整体,5269.0,4642.0,4482.0,4351.0,4936.0,4971.0,5190.0,6865.0,5551.0,6861.0,6748.0,6076.0,6073.0,5722.0,627.0,13.507109,627.0,0.260466,0.010857
1.亚美尼亚.1,新用户 MAU,raw_data/mau.csv,MAU,渠道自然=整体，国家=x（非整体），平台=整体，新老=New,990.0,758.0,605.0,686.0,824.0,742.0,791.0,820.0,506.0,757.0,807.0,705.0,600.0,492.0,232.0,30.60686,232.0,0.096377,0.004017
1.亚美尼亚.1.1,新渠道用户 MAU,raw_data/mau.csv,MAU,渠道自然=non-Organic，国家=x（非整体），平台=整体，新老=New,69.0,49.0,49.0,60.0,74.0,62.0,34.0,10.0,66.0,89.0,109.0,49.0,44.0,48.0,20.0,40.816327,20.0,0.008308,0.000346
1.亚美尼亚.1.2,新自然用户 MAU,raw_data/mau.csv,MAU,渠道自然=Organic，国家=x（非整体），平台=整体，新老=New,921.0,709.0,556.0,626.0,750.0,680.0,757.0,810.0,440.0,668.0,698.0,656.0,556.0,444.0,212.0,29.901269,212.0,0.088068,0.003671
1.亚美尼亚.2,老用户 MAU,本表,整体MAU-新用户 MAU（1.x-1.x.1）,,4279.0,3884.0,3877.0,3665.0,4112.0,4229.0,4399.0,6045.0,5045.0,6104.0,5941.0,5371.0,5473.0,5230.0,395.0,10.169928,395.0,0.16409,0.00684
1.以色列,以色列MAU,raw_data/mau.csv,MAU,渠道自然=整体，国家=x（非整体），平台=整体，新老=整体,19810.0,17777.0,14750.0,14971.0,15988.0,16695.0,17083.0,24349.0,19119.0,20547.0,20025.0,19253.0,20537.0,19569.0,2033.0,11.436125,2033.0,0.844543,0.035203
1.以色列.1,新用户 MAU,raw_data/mau.csv,MAU,渠道自然=整体，国家=x（非整体），平台=整体，新老=New,3842.0,3846.0,1767.0,1767.0,1911.0,2182.0,2362.0,2243.0,1311.0,1803.0,1696.0,1507.0,1818.0,1405.0,-4.0,-0.104004,-4.0,-0.001662,-6.9e-05
1.以色列.1.1,新渠道用户 MAU,raw_data/mau.csv,MAU,渠道自然=non-Organic，国家=x（非整体），平台=整体，新老=New,105.0,81.0,106.0,99.0,80.0,69.0,53.0,37.0,94.0,109.0,83.0,75.0,83.0,98.0,24.0,29.62963,24.0,0.00997,0.000416
1.以色列.1.2,新自然用户 MAU,raw_data/mau.csv,MAU,渠道自然=Organic，国家=x（非整体），平台=整体，新老=New,3737.0,3765.0,1661.0,1668.0,1831.0,2113.0,2309.0,2206.0,1217.0,1694.0,1613.0,1432.0,1735.0,1307.0,-28.0,-0.743692,-28.0,-0.011632,-0.000485
1.以色列.2,老用户 MAU,本表,整体MAU-新用户 MAU（1.x-1.x.1）,,15968.0,13931.0,12983.0,13204.0,14077.0,14513.0,14721.0,22106.0,17808.0,18744.0,18329.0,17746.0,18719.0,18164.0,2037.0,14.622066,2037.0,0.846204,0.035272
1.伊拉克,伊拉克MAU,raw_data/mau.csv,MAU,渠道自然=整体，国家=x（非整体），平台=整体，新老=整体,12116.0,11385.0,10196.0,9862.0,11748.0,11983.0,11757.0,15291.0,12758.0,13728.0,13608.0,13438.0,13162.0,15009.0,731.0,6.420729,731.0,0.30367,0.012658
1.伊拉克.1,新用户 MAU,raw_data/mau.csv,MAU,渠道自然=整体，国家=x（非整体），平台=整体，新老=New,4159.0,3582.0,2755.0,2548.0,3181.0,2888.0,2957.0,4530.0,2943.0,3280.0,3626.0,3333.0,2990.0,3850.0,577.0,16.108319,577.0,0.239696,0.009991
1.伊拉克.1.1,新渠道用户 MAU,raw_data/mau.csv,MAU,渠道自然=non-Organic，国家=x（非整体），平台=整体，新老=New,220.0,212.0,244.0,137.0,123.0,100.0,73.0,70.0,268.0,260.0,217.0,194.0,189.0,241.0,8.0,3.773585,8.0,0.003323,0.000139
1.伊拉克.1.2,新自然用户 MAU,raw_data/mau.csv,MAU,渠道自然=Organic，国家=x（非整体），平台=整体，新老=New,3939.0,3370.0,2511.0,2411.0,3058.0,2788.0,2884.0,4460.0,2675.0,3020.0,3409.0,3139.0,2801.0,3609.0,569.0,16.884273,569.0,0.236372,0.009853
1.伊拉克.2,老用户 MAU,本表,整体MAU-新用户 MAU（1.x-1.x.1）,,7957.0,7803.0,7441.0,7314.0,8567.0,9095.0,8800.0,10761.0,9815.0,10448.0,9982.0,10105.0,10172.0,11159.0,154.0,1.9736,154.0,0.063974,0.002667
1.伊朗,伊朗MAU,raw_data/mau.csv,MAU,渠道自然=整体，国家=x（非整体），平台=整体，新老=整体,28657.0,2365.0,1772.0,54984.0,52921.0,94185.0,91147.0,104925.0,98422.0,102903.0,96906.0,94063.0,107285.0,112585.0,26292.0,1111.712474,26292.0,10.922143,0.455262
1.伊朗.1,新用户 MAU,raw_data/mau.csv,MAU,渠道自然=整体，国家=x（非整体），平台=整体，新老=New,4104.0,138.0,65.0,6557.0,6204.0,14339.0,13088.0,17563.0,12043.0,15078.0,11281.0,10121.0,14612.0,13755.0,3966.0,2873.913043,3966.0,1.647544,0.068674
1.伊朗.1.1,新渠道用户 MAU,raw_data/mau.csv,MAU,渠道自然=non-Organic，国家=x（非整体），平台=整体，新老=New,167.0,6.0,4.0,630.0,1491.0,1350.0,769.0,1208.0,4228.0,5119.0,3808.0,2769.0,4446.0,4218.0,161.0,2683.333333,161.0,0.066882,0.002788
1.伊朗.1.2,新自然用户 MAU,raw_data/mau.csv,MAU,渠道自然=Organic，国家=x（非整体），平台=整体，新老=New,3937.0,132.0,61.0,5927.0,4713.0,12989.0,12319.0,16355.0,7815.0,9959.0,7473.0,7352.0,10166.0,9537.0,3805.0,2882.575758,3805.0,1.580662,0.065886
1.伊朗.2,老用户 MAU,本表,整体MAU-新用户 MAU（1.x-1.x.1）,,24553.0,2227.0,1707.0,48427.0,46717.0,79846.0,78059.0,87362.0,86379.0,87825.0,85625.0,83942.0,92673.0,98830.0,22326.0,1002.514594,22326.0,9.274599,0.386588
1.伯利兹,伯利兹MAU,raw_data/mau.csv,MAU,渠道自然=整体，国家=x（非整体），平台=整体，新老=整体,656.0,657.0,714.0,615.0,706.0,722.0,620.0,695.0,556.0,638.0,678.0,735.0,709.0,764.0,-1.0,-0.152207,-1.0,-0.000415,-1.7e-05
1.伯利兹.1,新用户 MAU,raw_data/mau.csv,MAU,渠道自然=整体，国家=x（非整体），平台=整体，新老=New,100.0,85.0,95.0,61.0,71.0,96.0,90.0,72.0,35.0,46.0,50.0,55.0,45.0,59.0,15.0,17.647059,15.0,0.006231,0.00026
1.伯利兹.1.1,新渠道用户 MAU,raw_data/mau.csv,MAU,渠道自然=non-Organic，国家=x（非整体），平台=整体，新老=New,4.0,10.0,16.0,5.0,5.0,11.0,9.0,1.0,2.0,4.0,5.0,7.0,3.0,1.0,-6.0,-60.0,-6.0,-0.002493,-0.000104
1.伯利兹.1.2,新自然用户 MAU,raw_data/mau.csv,MAU,渠道自然=Organic，国家=x（非整体），平台=整体，新老=New,96.0,75.0,79.0,56.0,66.0,85.0,81.0,71.0,33.0,42.0,45.0,48.0,42.0,58.0,21.0,28.0,21.0,0.008724,0.000364
1.伯利兹.2,老用户 MAU,本表,整体MAU-新用户 MAU（1.x-1.x.1）,,556.0,572.0,619.0,554.0,635.0,626.0,530.0,623.0,521.0,592.0,628.0,680.0,664.0,705.0,-16.0,-2.797203,-16.0,-0.006647,-0.000277
1.佛得角,佛得角MAU,raw_data/mau.csv,MAU,渠道自然=整体，国家=x（非整体），平台=整体，新老=整体,577.0,507.0,527.0,411.0,576.0,547.0,449.0,501.0,640.0,667.0,710.0,700.0,666.0,561.0,70.0,13.806706,70.0,0.029079,0.001212
1.佛得角.1,新用户 MAU,raw_data/mau.csv,MAU,渠道自然=整体，国家=x（非整体），平台=整体，新老=New,87.0,88.0,56.0,33.0,54.0,64.0,30.0,48.0,34.0,44.0,43.0,35.0,36.0,37.0,-1.0,-1.136364,-1.0,-0.000415,-1.7e-05
1.佛得角.1.1,新渠道用户 MAU,raw_data/mau.csv,MAU,渠道自然=non-Organic，国家=x（非整体），平台=整体，新老=New,2.0,5.0,3.0,2.0,4.0,3.0,1.0,1.0,3.0,,3.0,3.0,2.0,2.0,-3.0,-60.0,-3.0,-0.001246,-5.2e-05
1.佛得角.1.2,新自然用户 MAU,raw_data/mau.csv,MAU,渠道自然=Organic，国家=x（非整体），平台=整体，新老=New,85.0,83.0,53.0,31.0,50.0,61.0,29.0,47.0,31.0,44.0,40.0,32.0,34.0,35.0,2.0,2.409639,2.0,0.000831,3.5e-05
1.佛得角.2,老用户 MAU,本表,整体MAU-新用户 MAU（1.x-1.x.1）,,490.0,419.0,471.0,378.0,522.0,483.0,419.0,453.0,606.0,623.0,667.0,665.0,630.0,524.0,71.0,16.945107,71.0,0.029495,0.001229
1.俄罗斯,俄罗斯MAU,raw_data/mau.csv,MAU,渠道自然=整体，国家=x（非整体），平台=整体，新老=整体,346618.0,313727.0,351664.0,337970.0,395933.0,393532.0,391052.0,493407.0,396722.0,420403.0,440748.0,411333.0,400970.0,369855.0,32891.0,10.483956,32891.0,13.663479,0.569528
1.俄罗斯.1,新用户 MAU,raw_data/mau.csv,MAU,渠道自然=整体，国家=x（非整体），平台=整体，新老=New,57614.0,44728.0,51073.0,49707.0,70877.0,70455.0,74818.0,71464.0,45504.0,53716.0,57178.0,47015.0,42701.0,38493.0,12886.0,28.809694,12886.0,5.353063,0.223129
1.俄罗斯.1.1,新渠道用户 MAU,raw_data/mau.csv,MAU,渠道自然=non-Organic，国家=x（非整体），平台=整体，新老=New,10377.0,8878.0,11333.0,10777.0,14053.0,14121.0,10917.0,4786.0,14296.0,15208.0,13818.0,11765.0,12481.0,11385.0,1499.0,16.884433,1499.0,0.62271,0.025956
1.俄罗斯.1.2,新自然用户 MAU,raw_data/mau.csv,MAU,渠道自然=Organic，国家=x（非整体），平台=整体，新老=New,47237.0,35850.0,39740.0,38930.0,56824.0,56334.0,63901.0,66678.0,31208.0,38508.0,43360.0,35250.0,30220.0,27108.0,11387.0,31.762901,11387.0,4.730353,0.197173
1.俄罗斯.2,老用户 MAU,本表,整体MAU-新用户 MAU（1.x-1.x.1）,,289004.0,268999.0,300591.0,288263.0,325056.0,323077.0,316234.0,421943.0,351218.0,366687.0,383570.0,364318.0,358269.0,331362.0,20005.0,7.436831,20005.0,8.310416,0.346399
1.保加利亚,保加利亚MAU,raw_data/mau.csv,MAU,渠道自然=整体，国家=x（非整体），平台=整体，新老=整体,12088.0,10638.0,10367.0,9563.0,10417.0,11324.0,11458.0,14362.0,12397.0,15091.0,15282.0,14217.0,13337.0,12081.0,1450.0,13.630382,1450.0,0.602355,0.025108
1.保加利亚.1,新用户 MAU,raw_data/mau.csv,MAU,渠道自然=整体，国家=x（非整体），平台=整体，新老=New,1868.0,1361.0,1245.0,1104.0,1264.0,1486.0,1570.0,1558.0,927.0,1323.0,1260.0,1093.0,1074.0,889.0,507.0,37.252021,507.0,0.210616,0.008779
1.保加利亚.1.1,新渠道用户 MAU,raw_data/mau.csv,MAU,渠道自然=non-Organic，国家=x（非整体），平台=整体，新老=New,51.0,65.0,63.0,50.0,43.0,43.0,34.0,28.0,85.0,78.0,77.0,65.0,54.0,72.0,-14.0,-21.538462,-14.0,-0.005816,-0.000242
1.保加利亚.1.2,新自然用户 MAU,raw_data/mau.csv,MAU,渠道自然=Organic，国家=x（非整体），平台=整体，新老=New,1817.0,1296.0,1182.0,1054.0,1221.0,1443.0,1536.0,1530.0,842.0,1245.0,1183.0,1028.0,1020.0,817.0,521.0,40.200617,521.0,0.216432,0.009021
1.保加利亚.2,老用户 MAU,本表,整体MAU-新用户 MAU（1.x-1.x.1）,,10220.0,9277.0,9122.0,8459.0,9153.0,9838.0,9888.0,12804.0,11470.0,13768.0,14022.0,13124.0,12263.0,11192.0,943.0,10.164924,943.0,0.391738,0.016329
1.克罗地亚,克罗地亚MAU,raw_data/mau.csv,MAU,渠道自然=整体，国家=x（非整体），平台=整体，新老=整体,14450.0,12073.0,10929.0,10381.0,11560.0,12785.0,11947.0,17002.0,16924.0,24152.0,22948.0,19916.0,17386.0,14640.0,2377.0,19.688561,2377.0,0.987446,0.041159
1.克罗地亚.1,新用户 MAU,raw_data/mau.csv,MAU,渠道自然=整体，国家=x（非整体），平台=整体，新老=New,1587.0,1367.0,1115.0,1093.0,1281.0,1487.0,1238.0,1198.0,811.0,1483.0,1396.0,1070.0,996.0,808.0,220.0,16.093636,220.0,0.091392,0.003809
1.克罗地亚.1.1,新渠道用户 MAU,raw_data/mau.csv,MAU,渠道自然=non-Organic，国家=x（非整体），平台=整体，新老=New,79.0,43.0,39.0,45.0,41.0,34.0,27.0,13.0,48.0,47.0,58.0,45.0,33.0,35.0,36.0,83.72093,36.0,0.014955,0.000623
1.克罗地亚.1.2,新自然用户 MAU,raw_data/mau.csv,MAU,渠道自然=Organic，国家=x（非整体），平台=整体，新老=New,1508.0,1324.0,1076.0,1048.0,1240.0,1453.0,1211.0,1185.0,763.0,1436.0,1338.0,1025.0,963.0,773.0,184.0,13.897281,184.0,0.076437,0.003186
1.克罗地亚.2,老用户 MAU,本表,整体MAU-新用户 MAU（1.x-1.x.1）,,12863.0,10706.0,9814.0,9288.0,10279.0,11298.0,10709.0,15804.0,16113.0,22669.0,21552.0,18846.0,16390.0,13832.0,2157.0,20.147581,2157.0,0.896054,0.03735
1.关岛,关岛MAU,raw_data/mau.csv,MAU,渠道自然=整体，国家=x（非整体），平台=整体，新老=整体,331.0,304.0,284.0,233.0,299.0,372.0,304.0,397.0,320.0,309.0,328.0,325.0,353.0,322.0,27.0,8.881579,27.0,0.011216,0.000468
1.关岛.1,新用户 MAU,raw_data/mau.csv,MAU,渠道自然=整体，国家=x（非整体），平台=整体，新老=New,50.0,52.0,40.0,21.0,32.0,68.0,41.0,31.0,25.0,16.0,25.0,36.0,27.0,27.0,-2.0,-3.846154,-2.0,-0.000831,-3.5e-05
1.关岛.1.1,新渠道用户 MAU,raw_data/mau.csv,MAU,渠道自然=non-Organic，国家=x（非整体），平台=整体，新老=New,6.0,6.0,12.0,3.0,6.0,3.0,,1.0,5.0,1.0,3.0,6.0,,,0.0,0.0,0.0,0.0,0.0
1.关岛.1.2,新自然用户 MAU,raw_data/mau.csv,MAU,渠道自然=Organic，国家=x（非整体），平台=整体，新老=New,44.0,46.0,28.0,18.0,26.0,65.0,41.0,30.0,20.0,15.0,22.0,30.0,27.0,27.0,-2.0,-4.347826,-2.0,-0.000831,-3.5e-05
1.关岛.2,老用户 MAU,本表,整体MAU-新用户 MAU（1.x-1.x.1）,,281.0,252.0,244.0,212.0,267.0,304.0,263.0,366.0,295.0,293.0,303.0,289.0,326.0,295.0,29.0,11.507937,29.0,0.012047,0.000502
1.冈比亚,冈比亚MAU,raw_data/mau.csv,MAU,渠道自然=整体，国家=x（非整体），平台=整体，新老=整体,2823.0,2122.0,2537.0,1532.0,1426.0,1314.0,1191.0,1507.0,1386.0,1514.0,1583.0,1959.0,1636.0,2054.0,701.0,33.034873,701.0,0.291207,0.012138
1.冈比亚.1,新用户 MAU,raw_data/mau.csv,MAU,渠道自然=整体，国家=x（非整体），平台=整体，新老=New,1163.0,600.0,957.0,347.0,267.0,216.0,140.0,164.0,188.0,187.0,223.0,345.0,240.0,455.0,563.0,93.833333,563.0,0.23388,0.009749
1.冈比亚.1.1,新渠道用户 MAU,raw_data/mau.csv,MAU,渠道自然=non-Organic，国家=x（非整体），平台=整体，新老=New,205.0,107.0,64.0,11.0,2.0,2.0,3.0,3.0,5.0,2.0,1.0,5.0,4.0,9.0,98.0,91.588785,98.0,0.040711,0.001697
1.冈比亚.1.2,新自然用户 MAU,raw_data/mau.csv,MAU,渠道自然=Organic，国家=x（非整体），平台=整体，新老=New,958.0,493.0,893.0,336.0,265.0,214.0,137.0,161.0,183.0,185.0,222.0,340.0,236.0,446.0,465.0,94.320487,465.0,0.193169,0.008052
1.冈比亚.2,老用户 MAU,本表,整体MAU-新用户 MAU（1.x-1.x.1）,,1660.0,1522.0,1580.0,1185.0,1159.0,1098.0,1051.0,1343.0,1198.0,1327.0,1360.0,1614.0,1396.0,1599.0,138.0,9.067017,138.0,0.057328,0.00239
1.冰岛,冰岛MAU,raw_data/mau.csv,MAU,渠道自然=整体，国家=x（非整体），平台=整体，新老=整体,1157.0,1130.0,1229.0,1028.0,1289.0,1300.0,1271.0,1446.0,1186.0,1279.0,1285.0,1312.0,1196.0,1166.0,27.0,2.389381,27.0,0.011216,0.000468
1.冰岛.1,新用户 MAU,raw_data/mau.csv,MAU,渠道自然=整体，国家=x（非整体），平台=整体，新老=New,100.0,100.0,113.0,79.0,114.0,130.0,133.0,86.0,52.0,68.0,37.0,58.0,67.0,62.0,0.0,0.0,0.0,0.0,0.0
1.冰岛.1.1,新渠道用户 MAU,raw_data/mau.csv,MAU,渠道自然=non-Organic，国家=x（非整体），平台=整体，新老=New,3.0,3.0,6.0,4.0,6.0,7.0,5.0,2.0,7.0,9.0,3.0,5.0,8.0,5.0,0.0,0.0,0.0,0.0,0.0
1.冰岛.1.2,新自然用户 MAU,raw_data/mau.csv,MAU,渠道自然=Organic，国家=x（非整体），平台=整体，新老=New,97.0,97.0,107.0,75.0,108.0,123.0,128.0,84.0,45.0,59.0,34.0,53.0,59.0,57.0,0.0,0.0,0.0,0.0,0.0
1.冰岛.2,老用户 MAU,本表,整体MAU-新用户 MAU（1.x-1.x.1）,,1057.0,1030.0,1116.0,949.0,1175.0,1170.0,1138.0,1360.0,1134.0,1211.0,1248.0,1254.0,1129.0,1104.0,27.0,2.621359,27.0,0.011216,0.000468
1.几内亚,几内亚MAU,raw_data/mau.csv,MAU,渠道自然=整体，国家=x（非整体），平台=整体，新老=整体,915.0,786.0,764.0,654.0,705.0,667.0,634.0,787.0,678.0,750.0,716.0,703.0,590.0,605.0,129.0,16.412214,129.0,0.053589,0.002234
1.几内亚.1,新用户 MAU,raw_data/mau.csv,MAU,渠道自然=整体，国家=x（非整体），平台=整体，新老=New,334.0,283.0,274.0,166.0,174.0,176.0,169.0,198.0,133.0,161.0,171.0,159.0,118.0,110.0,51.0,18.021201,51.0,0.021186,0.000883
1.几内亚.1.1,新渠道用户 MAU,raw_data/mau.csv,MAU,渠道自然=non-Organic，国家=x（非整体），平台=整体，新老=New,23.0,54.0,49.0,19.0,2.0,2.0,2.0,,,2.0,4.0,1.0,2.0,4.0,-31.0,-57.407407,-31.0,-0.012878,-0.000537
1.几内亚.1.2,新自然用户 MAU,raw_data/mau.csv,MAU,渠道自然=Organic，国家=x（非整体），平台=整体，新老=New,311.0,229.0,225.0,147.0,172.0,174.0,167.0,198.0,133.0,159.0,167.0,158.0,116.0,106.0,82.0,35.80786,82.0,0.034064,0.00142
1.几内亚.2,老用户 MAU,本表,整体MAU-新用户 MAU（1.x-1.x.1）,,581.0,503.0,490.0,488.0,531.0,491.0,465.0,589.0,545.0,589.0,545.0,544.0,472.0,495.0,78.0,15.506958,78.0,0.032403,0.001351
1.几内亚比绍,几内亚比绍MAU,raw_data/mau.csv,MAU,渠道自然=整体，国家=x（非整体），平台=整体，新老=整体,85.0,85.0,73.0,67.0,90.0,73.0,77.0,84.0,88.0,97.0,96.0,92.0,94.0,103.0,0.0,0.0,0.0,0.0,0.0
1.几内亚比绍.1,新用户 MAU,raw_data/mau.csv,MAU,渠道自然=整体，国家=x（非整体），平台=整体，新老=New,28.0,29.0,14.0,23.0,16.0,20.0,17.0,11.0,16.0,28.0,21.0,12.0,9.0,9.0,-1.0,-3.448276,-1.0,-0.000415,-1.7e-05
1.几内亚比绍.1.1,新渠道用户 MAU,raw_data/mau.csv,MAU,渠道自然=non-Organic，国家=x（非整体），平台=整体，新老=New,1.0,2.0,,,,1.0,,,,1.0,,,1.0,,-1.0,-50.0,-1.0,-0.000415,-1.7e-05
1.几内亚比绍.1.2,新自然用户 MAU,raw_data/mau.csv,MAU,渠道自然=Organic，国家=x（非整体），平台=整体，新老=New,27.0,27.0,14.0,23.0,16.0,19.0,17.0,11.0,16.0,27.0,21.0,12.0,8.0,9.0,0.0,0.0,0.0,0.0,0.0
1.几内亚比绍.2,老用户 MAU,本表,整体MAU-新用户 MAU（1.x-1.x.1）,,57.0,56.0,59.0,44.0,74.0,53.0,60.0,73.0,72.0,69.0,75.0,80.0,85.0,94.0,1.0,1.785714,1.0,0.000415,1.7e-05
1.列支敦士登,列支敦士登MAU,raw_data/mau.csv,MAU,渠道自然=整体，国家=x（非整体），平台=整体，新老=整体,186.0,65.0,80.0,51.0,57.0,49.0,51.0,48.0,43.0,39.0,50.0,33.0,40.0,44.0,121.0,186.153846,121.0,0.050265,0.002095
1.列支敦士登.1,新用户 MAU,raw_data/mau.csv,MAU,渠道自然=整体，国家=x（非整体），平台=整体，新老=New,11.0,6.0,2.0,2.0,8.0,2.0,5.0,6.0,3.0,3.0,4.0,3.0,1.0,3.0,5.0,83.333333,5.0,0.002077,8.7e-05
1.列支敦士登.1.1,新渠道用户 MAU,raw_data/mau.csv,MAU,渠道自然=non-Organic，国家=x（非整体），平台=整体，新老=New,,,,1.0,,,1.0,,,,1.0,,,,,,,,
1.列支敦士登.1.2,新自然用户 MAU,raw_data/mau.csv,MAU,渠道自然=Organic，国家=x（非整体），平台=整体，新老=New,11.0,6.0,2.0,1.0,8.0,2.0,4.0,6.0,3.0,3.0,3.0,3.0,1.0,3.0,5.0,83.333333,5.0,0.002077,8.7e-05
1.列支敦士登.2,老用户 MAU,本表,整体MAU-新用户 MAU（1.x-1.x.1）,,175.0,59.0,78.0,49.0,49.0,47.0,46.0,42.0,40.0,36.0,46.0,30.0,39.0,41.0,116.0,196.610169,116.0,0.048188,0.002009
1.刚果共和国,刚果共和国MAU,raw_data/mau.csv,MAU,渠道自然=整体，国家=x（非整体），平台=整体，新老=整体,461.0,339.0,327.0,326.0,411.0,363.0,412.0,644.0,646.0,774.0,732.0,686.0,716.0,702.0,122.0,35.988201,122.0,0.050681,0.002113
1.刚果共和国.1,新用户 MAU,raw_data/mau.csv,MAU,渠道自然=整体，国家=x（非整体），平台=整体，新老=New,206.0,118.0,96.0,79.0,106.0,76.0,95.0,168.0,124.0,168.0,148.0,105.0,79.0,72.0,88.0,74.576271,88.0,0.036557,0.001524
1.刚果共和国.1.1,新渠道用户 MAU,raw_data/mau.csv,MAU,渠道自然=non-Organic，国家=x（非整体），平台=整体，新老=New,1.0,7.0,3.0,3.0,1.0,1.0,5.0,1.0,6.0,3.0,4.0,4.0,6.0,,-6.0,-85.714286,-6.0,-0.002493,-0.000104
1.刚果共和国.1.2,新自然用户 MAU,raw_data/mau.csv,MAU,渠道自然=Organic，国家=x（非整体），平台=整体，新老=New,205.0,111.0,93.0,76.0,105.0,75.0,90.0,167.0,118.0,165.0,144.0,101.0,73.0,72.0,94.0,84.684685,94.0,0.039049,0.001628
1.刚果共和国.2,老用户 MAU,本表,整体MAU-新用户 MAU（1.x-1.x.1）,,255.0,221.0,231.0,247.0,305.0,287.0,317.0,476.0,522.0,606.0,584.0,581.0,637.0,630.0,34.0,15.384615,34.0,0.014124,0.000589
1.刚果民主共和国,刚果民主共和国MAU,raw_data/mau.csv,MAU,渠道自然=整体，国家=x（非整体），平台=整体，新老=整体,2174.0,1962.0,1965.0,2008.0,2282.0,2257.0,2275.0,3087.0,2911.0,3204.0,3212.0,2965.0,3014.0,3283.0,212.0,10.805301,212.0,0.088068,0.003671
1.刚果民主共和国.1,新用户 MAU,raw_data/mau.csv,MAU,渠道自然=整体，国家=x（非整体），平台=整体，新老=New,695.0,445.0,368.0,378.0,397.0,327.0,363.0,557.0,513.0,618.0,668.0,446.0,334.0,339.0,250.0,56.179775,250.0,0.103854,0.004329
1.刚果民主共和国.1.1,新渠道用户 MAU,raw_data/mau.csv,MAU,渠道自然=non-Organic，国家=x（非整体），平台=整体，新老=New,23.0,19.0,24.0,21.0,17.0,5.0,3.0,8.0,15.0,17.0,23.0,16.0,20.0,23.0,4.0,21.052632,4.0,0.001662,6.9e-05
1.刚果民主共和国.1.2,新自然用户 MAU,raw_data/mau.csv,MAU,渠道自然=Organic，国家=x（非整体），平台=整体，新老=New,672.0,426.0,344.0,357.0,380.0,322.0,360.0,549.0,498.0,601.0,645.0,430.0,314.0,316.0,246.0,57.746479,246.0,0.102193,0.00426
1.刚果民主共和国.2,老用户 MAU,本表,整体MAU-新用户 MAU（1.x-1.x.1）,,1479.0,1517.0,1597.0,1630.0,1885.0,1930.0,1912.0,2530.0,2398.0,2586.0,2544.0,2519.0,2680.0,2944.0,-38.0,-2.504944,-38.0,-0.015786,-0.000658
1.利比亚,利比亚MAU,raw_data/mau.csv,MAU,渠道自然=整体，国家=x（非整体），平台=整体，新老=整体,1604.0,1572.0,1601.0,1526.0,1969.0,2113.0,2132.0,2644.0,2475.0,3096.0,3145.0,3618.0,3626.0,3701.0,32.0,2.035623,32.0,0.013293,0.000554
1.利比亚.1,新用户 MAU,raw_data/mau.csv,MAU,渠道自然=整体，国家=x（非整体），平台=整体，新老=New,417.0,362.0,293.0,217.0,331.0,304.0,292.0,450.0,301.0,584.0,462.0,385.0,298.0,362.0,55.0,15.19337,55.0,0.022848,0.000952
1.利比亚.1.1,新渠道用户 MAU,raw_data/mau.csv,MAU,渠道自然=non-Organic，国家=x（非整体），平台=整体，新老=New,13.0,18.0,26.0,7.0,11.0,2.0,4.0,8.0,12.0,16.0,17.0,22.0,8.0,18.0,-5.0,-27.777778,-5.0,-0.002077,-8.7e-05
1.利比亚.1.2,新自然用户 MAU,raw_data/mau.csv,MAU,渠道自然=Organic，国家=x（非整体），平台=整体，新老=New,404.0,344.0,267.0,210.0,320.0,302.0,288.0,442.0,289.0,568.0,445.0,363.0,290.0,344.0,60.0,17.44186,60.0,0.024925,0.001039
1.利比亚.2,老用户 MAU,本表,整体MAU-新用户 MAU（1.x-1.x.1）,,1187.0,1210.0,1308.0,1309.0,1638.0,1809.0,1840.0,2194.0,2174.0,2512.0,2683.0,3233.0,3328.0,3339.0,-23.0,-1.900826,-23.0,-0.009555,-0.000398
1.利比里亚,利比里亚MAU,raw_data/mau.csv,MAU,渠道自然=整体，国家=x（非整体），平台=整体，新老=整体,4964.0,4936.0,5050.0,5088.0,5761.0,5753.0,5766.0,7539.0,7694.0,7499.0,7928.0,8166.0,8182.0,8126.0,28.0,0.567261,28.0,0.011632,0.000485
1.利比里亚.1,新用户 MAU,raw_data/mau.csv,MAU,渠道自然=整体，国家=x（非整体），平台=整体，新老=New,1059.0,1019.0,976.0,926.0,1121.0,1090.0,964.0,1137.0,1305.0,1219.0,1246.0,1280.0,1218.0,1266.0,40.0,3.925417,40.0,0.016617,0.000693
1.利比里亚.1.1,新渠道用户 MAU,raw_data/mau.csv,MAU,渠道自然=non-Organic，国家=x（非整体），平台=整体，新老=New,11.0,25.0,27.0,7.0,11.0,7.0,9.0,9.0,28.0,35.0,25.0,33.0,31.0,38.0,-14.0,-56.0,-14.0,-0.005816,-0.000242
1.利比里亚.1.2,新自然用户 MAU,raw_data/mau.csv,MAU,渠道自然=Organic，国家=x（非整体），平台=整体，新老=New,1048.0,994.0,949.0,919.0,1110.0,1083.0,955.0,1128.0,1277.0,1184.0,1221.0,1247.0,1187.0,1228.0,54.0,5.432596,54.0,0.022433,0.000935
1.利比里亚.2,老用户 MAU,本表,整体MAU-新用户 MAU（1.x-1.x.1）,,3905.0,3917.0,4074.0,4162.0,4640.0,4663.0,4802.0,6402.0,6389.0,6280.0,6682.0,6886.0,6964.0,6860.0,-12.0,-0.306357,-12.0,-0.004985,-0.000208
1.加拿大,加拿大MAU,raw_data/mau.csv,MAU,渠道自然=整体，国家=x（非整体），平台=整体，新老=整体,116980.0,107810.0,109254.0,98580.0,106899.0,120789.0,113331.0,155072.0,121732.0,132720.0,132970.0,132478.0,127579.0,120209.0,9170.0,8.505704,9170.0,3.809373,0.158784
1.加拿大.1,新用户 MAU,raw_data/mau.csv,MAU,渠道自然=整体，国家=x（非整体），平台=整体，新老=New,21858.0,19358.0,21910.0,14622.0,16016.0,20845.0,14612.0,14700.0,6668.0,8473.0,8677.0,10001.0,8776.0,7650.0,2500.0,12.914557,2500.0,1.038542,0.043289
1.加拿大.1.1,新渠道用户 MAU,raw_data/mau.csv,MAU,渠道自然=non-Organic，国家=x（非整体），平台=整体，新老=New,8896.0,8526.0,10720.0,5027.0,4681.0,6050.0,2219.0,459.0,1731.0,2157.0,1962.0,2074.0,1815.0,1726.0,370.0,4.339667,370.0,0.153704,0.006407
1.加拿大.1.2,新自然用户 MAU,raw_data/mau.csv,MAU,渠道自然=Organic，国家=x（非整体），平台=整体，新老=New,12962.0,10832.0,11190.0,9595.0,11335.0,14795.0,12393.0,14241.0,4937.0,6316.0,6715.0,7927.0,6961.0,5924.0,2130.0,19.663959,2130.0,0.884838,0.036882
1.加拿大.2,老用户 MAU,本表,整体MAU-新用户 MAU（1.x-1.x.1）,,95122.0,88452.0,87344.0,83958.0,90883.0,99944.0,98719.0,140372.0,115064.0,124247.0,124293.0,122477.0,118803.0,112559.0,6670.0,7.540813,6670.0,2.770831,0.115495
1.加纳,加纳MAU,raw_data/mau.csv,MAU,渠道自然=整体，国家=x（非整体），平台=整体，新老=整体,12959.0,7763.0,5030.0,4678.0,5386.0,5456.0,4855.0,6169.0,5350.0,5582.0,5558.0,5850.0,6032.0,6374.0,5196.0,66.932887,5196.0,2.158506,0.089972
1.加纳.1,新用户 MAU,raw_data/mau.csv,MAU,渠道自然=整体，国家=x（非整体），平台=整体，新老=New,7066.0,3924.0,1096.0,930.0,1120.0,1059.0,792.0,1047.0,668.0,732.0,690.0,670.0,700.0,805.0,3142.0,80.071356,3142.0,1.30524,0.054406
1.加纳.1.1,新渠道用户 MAU,raw_data/mau.csv,MAU,渠道自然=non-Organic，国家=x（非整体），平台=整体，新老=New,177.0,51.0,55.0,33.0,30.0,20.0,14.0,22.0,64.0,72.0,54.0,60.0,60.0,77.0,126.0,247.058824,126.0,0.052343,0.002182
1.加纳.1.2,新自然用户 MAU,raw_data/mau.csv,MAU,渠道自然=Organic，国家=x（非整体），平台=整体，新老=New,6889.0,3873.0,1041.0,897.0,1090.0,1039.0,778.0,1025.0,604.0,660.0,636.0,610.0,640.0,728.0,3016.0,77.87245,3016.0,1.252898,0.052224
1.加纳.2,老用户 MAU,本表,整体MAU-新用户 MAU（1.x-1.x.1）,,5893.0,3839.0,3934.0,3748.0,4266.0,4397.0,4063.0,5122.0,4682.0,4850.0,4868.0,5180.0,5332.0,5569.0,2054.0,53.503517,2054.0,0.853266,0.035566
1.加蓬,加蓬MAU,raw_data/mau.csv,MAU,渠道自然=整体，国家=x（非整体），平台=整体，新老=整体,151.0,126.0,157.0,295.0,355.0,396.0,358.0,532.0,434.0,508.0,485.0,455.0,508.0,571.0,25.0,19.84127,25.0,0.010385,0.000433
1.加蓬.1,新用户 MAU,raw_data/mau.csv,MAU,渠道自然=整体，国家=x（非整体），平台=整体，新老=New,17.0,16.0,16.0,57.0,49.0,72.0,58.0,81.0,56.0,97.0,80.0,53.0,40.0,49.0,1.0,6.25,1.0,0.000415,1.7e-05
1.加蓬.1.1,新渠道用户 MAU,raw_data/mau.csv,MAU,渠道自然=non-Organic，国家=x（非整体），平台=整体，新老=New,2.0,1.0,2.0,5.0,,3.0,,1.0,5.0,6.0,3.0,2.0,2.0,2.0,1.0,100.0,1.0,0.000415,1.7e-05
1.加蓬.1.2,新自然用户 MAU,raw_data/mau.csv,MAU,渠道自然=Organic，国家=x（非整体），平台=整体，新老=New,15.0,15.0,14.0,52.0,49.0,69.0,58.0,80.0,51.0,91.0,77.0,51.0,38.0,47.0,0.0,0.0,0.0,0.0,0.0
1.加蓬.2,老用户 MAU,本表,整体MAU-新用户 MAU（1.x-1.x.1）,,134.0,110.0,141.0,238.0,306.0,324.0,300.0,451.0,378.0,411.0,405.0,402.0,468.0,522.0,24.0,21.818182,24.0,0.00997,0.000416
1.匈牙利,匈牙利MAU,raw_data/mau.csv,MAU,渠道自然=整体，国家=x（非整体），平台=整体，新老=整体,9359.0,8889.0,8753.0,8171.0,9059.0,10697.0,9626.0,12786.0,11404.0,13475.0,13203.0,13546.0,13038.0,13171.0,470.0,5.287434,470.0,0.195246,0.008138
1.匈牙利.1,新用户 MAU,raw_data/mau.csv,MAU,渠道自然=整体，国家=x（非整体），平台=整体，新老=New,1301.0,1166.0,1089.0,981.0,1121.0,1400.0,1204.0,1284.0,870.0,1340.0,1297.0,1193.0,1098.0,1095.0,135.0,11.578045,135.0,0.056081,0.002338
1.匈牙利.1.1,新渠道用户 MAU,raw_data/mau.csv,MAU,渠道自然=non-Organic，国家=x（非整体），平台=整体，新老=New,61.0,48.0,78.0,57.0,43.0,52.0,30.0,35.0,110.0,126.0,107.0,87.0,87.0,105.0,13.0,27.083333,13.0,0.0054,0.000225
1.匈牙利.1.2,新自然用户 MAU,raw_data/mau.csv,MAU,渠道自然=Organic，国家=x（非整体），平台=整体，新老=New,1240.0,1118.0,1011.0,924.0,1078.0,1348.0,1174.0,1249.0,760.0,1214.0,1190.0,1106.0,1011.0,990.0,122.0,10.912343,122.0,0.050681,0.002113
1.匈牙利.2,老用户 MAU,本表,整体MAU-新用户 MAU（1.x-1.x.1）,,8058.0,7723.0,7664.0,7190.0,7938.0,9297.0,8422.0,11502.0,10534.0,12135.0,11906.0,12353.0,11940.0,12076.0,335.0,4.337693,335.0,0.139165,0.005801
1.北马其顿,北马其顿MAU,raw_data/mau.csv,MAU,渠道自然=整体，国家=x（非整体），平台=整体，新老=整体,6747.0,6327.0,6116.0,5567.0,6604.0,6488.0,5978.0,8399.0,7293.0,8656.0,8354.0,7876.0,8126.0,7887.0,420.0,6.638217,420.0,0.174475,0.007273
1.北马其顿.1,新用户 MAU,raw_data/mau.csv,MAU,渠道自然=整体，国家=x（非整体），平台=整体，新老=New,1002.0,833.0,826.0,640.0,803.0,760.0,752.0,682.0,375.0,540.0,539.0,433.0,535.0,458.0,169.0,20.288115,169.0,0.070205,0.002926
1.北马其顿.1.1,新渠道用户 MAU,raw_data/mau.csv,MAU,渠道自然=non-Organic，国家=x（非整体），平台=整体，新老=New,24.0,17.0,24.0,18.0,18.0,8.0,13.0,7.0,18.0,14.0,17.0,7.0,14.0,16.0,7.0,41.176471,7.0,0.002908,0.000121
1.北马其顿.1.2,新自然用户 MAU,raw_data/mau.csv,MAU,渠道自然=Organic，国家=x（非整体），平台=整体，新老=New,978.0,816.0,802.0,622.0,785.0,752.0,739.0,675.0,357.0,526.0,522.0,426.0,521.0,442.0,162.0,19.852941,162.0,0.067298,0.002805
1.北马其顿.2,老用户 MAU,本表,整体MAU-新用户 MAU（1.x-1.x.1）,,5745.0,5494.0,5290.0,4927.0,5801.0,5728.0,5226.0,7717.0,6918.0,8116.0,7815.0,7443.0,7591.0,7429.0,251.0,4.56862,251.0,0.10427,0.004346
1.北马里亚纳群岛,北马里亚纳群岛MAU,raw_data/mau.csv,MAU,渠道自然=整体，国家=x（非整体），平台=整体，新老=整体,3.0,7.0,82.0,79.0,79.0,32.0,23.0,21.0,21.0,24.0,25.0,22.0,25.0,25.0,-4.0,-57.142857,-4.0,-0.001662,-6.9e-05
1.北马里亚纳群岛.1,新用户 MAU,raw_data/mau.csv,MAU,渠道自然=整体，国家=x（非整体），平台=整体，新老=New,,,14.0,8.0,15.0,7.0,4.0,2.0,,1.0,1.0,2.0,1.0,,,,,,
1.北马里亚纳群岛.1.1,新渠道用户 MAU,raw_data/mau.csv,MAU,渠道自然=non-Organic，国家=x（非整体），平台=整体，新老=New,,,4.0,1.0,1.0,2.0,,,,,,,,,,,,,
1.北马里亚纳群岛.1.2,新自然用户 MAU,raw_data/mau.csv,MAU,渠道自然=Organic，国家=x（非整体），平台=整体，新老=New,,,10.0,7.0,14.0,5.0,4.0,2.0,,1.0,1.0,2.0,1.0,,,,,,
1.北马里亚纳群岛.2,老用户 MAU,本表,整体MAU-新用户 MAU（1.x-1.x.1）,,,,68.0,71.0,64.0,25.0,19.0,19.0,,23.0,24.0,20.0,24.0,,,,,,
1.南极洲,南极洲MAU,raw_data/mau.csv,MAU,渠道自然=整体，国家=x（非整体），平台=整体，新老=整体,12.0,2.0,,1.0,1.0,,,,,,1.0,,,,10.0,500.0,10.0,0.004154,0.000173
1.南极洲.1,新用户 MAU,raw_data/mau.csv,MAU,渠道自然=整体，国家=x（非整体），平台=整体，新老=New,,,,,,,,,,,,,,,,,,,
1.南极洲.1.1,新渠道用户 MAU,raw_data/mau.csv,MAU,渠道自然=non-Organic，国家=x（非整体），平台=整体，新老=New,,,,,,,,,,,,,,,,,,,
1.南极洲.1.2,新自然用户 MAU,raw_data/mau.csv,MAU,渠道自然=Organic，国家=x（非整体），平台=整体，新老=New,,,,,,,,,,,,,,,,,,,
1.南极洲.2,老用户 MAU,本表,整体MAU-新用户 MAU（1.x-1.x.1）,,,,,,,,,,,,,,,,,,,,
1.南苏丹,南苏丹MAU,raw_data/mau.csv,MAU,渠道自然=整体，国家=x（非整体），平台=整体，新老=整体,6905.0,6412.0,6533.0,6578.0,7260.0,7599.0,8071.0,9650.0,9380.0,9008.0,9332.0,9375.0,8842.0,8499.0,493.0,7.688709,493.0,0.204801,0.008537
1.南苏丹.1,新用户 MAU,raw_data/mau.csv,MAU,渠道自然=整体，国家=x（非整体），平台=整体，新老=New,1227.0,1082.0,1052.0,934.0,1071.0,1043.0,1244.0,1103.0,1278.0,1280.0,1352.0,1427.0,1335.0,1308.0,145.0,13.401109,145.0,0.060235,0.002511
1.南苏丹.1.1,新渠道用户 MAU,raw_data/mau.csv,MAU,渠道自然=non-Organic，国家=x（非整体），平台=整体，新老=New,222.0,241.0,264.0,204.0,257.0,214.0,242.0,61.0,244.0,229.0,216.0,203.0,195.0,166.0,-19.0,-7.883817,-19.0,-0.007893,-0.000329
1.南苏丹.1.2,新自然用户 MAU,raw_data/mau.csv,MAU,渠道自然=Organic，国家=x（非整体），平台=整体，新老=New,1005.0,841.0,788.0,730.0,814.0,829.0,1002.0,1042.0,1034.0,1051.0,1136.0,1224.0,1140.0,1142.0,164.0,19.500595,164.0,0.068128,0.00284
1.南苏丹.2,老用户 MAU,本表,整体MAU-新用户 MAU（1.x-1.x.1）,,5678.0,5330.0,5481.0,5644.0,6189.0,6556.0,6827.0,8547.0,8102.0,7728.0,7980.0,7948.0,7507.0,7191.0,348.0,6.529081,348.0,0.144565,0.006026
1.南非,南非MAU,raw_data/mau.csv,MAU,渠道自然=整体，国家=x（非整体），平台=整体，新老=整体,22245.0,22651.0,22718.0,22258.0,25166.0,27343.0,24813.0,34263.0,25421.0,25642.0,25485.0,24992.0,25913.0,27120.0,-406.0,-1.792415,-406.0,-0.168659,-0.00703
1.南非.1,新用户 MAU,raw_data/mau.csv,MAU,渠道自然=整体，国家=x（非整体），平台=整体，新老=New,3218.0,3326.0,2968.0,2921.0,3375.0,4169.0,3258.0,3596.0,2104.0,2263.0,2410.0,2383.0,2208.0,2358.0,-108.0,-3.247144,-108.0,-0.044865,-0.00187
1.南非.1.1,新渠道用户 MAU,raw_data/mau.csv,MAU,渠道自然=non-Organic，国家=x（非整体），平台=整体，新老=New,141.0,157.0,176.0,152.0,135.0,107.0,94.0,55.0,167.0,153.0,152.0,145.0,129.0,158.0,-16.0,-10.191083,-16.0,-0.006647,-0.000277
1.南非.1.2,新自然用户 MAU,raw_data/mau.csv,MAU,渠道自然=Organic，国家=x（非整体），平台=整体，新老=New,3077.0,3169.0,2792.0,2769.0,3240.0,4062.0,3164.0,3541.0,1937.0,2110.0,2258.0,2238.0,2079.0,2200.0,-92.0,-2.903124,-92.0,-0.038218,-0.001593
1.南非.2,老用户 MAU,本表,整体MAU-新用户 MAU（1.x-1.x.1）,,19027.0,19325.0,19750.0,19337.0,21791.0,23174.0,21555.0,30667.0,23317.0,23379.0,23075.0,22609.0,23705.0,24762.0,-298.0,-1.542044,-298.0,-0.123794,-0.00516
1.博茨瓦纳,博茨瓦纳MAU,raw_data/mau.csv,MAU,渠道自然=整体，国家=x（非整体），平台=整体，新老=整体,584.0,587.0,533.0,577.0,656.0,763.0,714.0,966.0,749.0,735.0,753.0,747.0,794.0,770.0,-3.0,-0.511073,-3.0,-0.001246,-5.2e-05
1.博茨瓦纳.1,新用户 MAU,raw_data/mau.csv,MAU,渠道自然=整体，国家=x（非整体），平台=整体，新老=New,91.0,74.0,58.0,68.0,85.0,110.0,93.0,136.0,67.0,54.0,70.0,84.0,71.0,57.0,17.0,22.972973,17.0,0.007062,0.000294
1.博茨瓦纳.1.1,新渠道用户 MAU,raw_data/mau.csv,MAU,渠道自然=non-Organic，国家=x（非整体），平台=整体，新老=New,8.0,6.0,3.0,2.0,4.0,3.0,4.0,4.0,5.0,3.0,3.0,4.0,6.0,7.0,2.0,33.333333,2.0,0.000831,3.5e-05
1.博茨瓦纳.1.2,新自然用户 MAU,raw_data/mau.csv,MAU,渠道自然=Organic，国家=x（非整体），平台=整体，新老=New,83.0,68.0,55.0,66.0,81.0,107.0,89.0,132.0,62.0,51.0,67.0,80.0,65.0,50.0,15.0,22.058824,15.0,0.006231,0.00026
1.博茨瓦纳.2,老用户 MAU,本表,整体MAU-新用户 MAU（1.x-1.x.1）,,493.0,513.0,475.0,509.0,571.0,653.0,621.0,830.0,682.0,681.0,683.0,663.0,723.0,713.0,-20.0,-3.898635,-20.0,-0.008308,-0.000346
1.卡塔尔,卡塔尔MAU,raw_data/mau.csv,MAU,渠道自然=整体，国家=x（非整体），平台=整体，新老=整体,3208.0,2853.0,3027.0,3542.0,4047.0,4241.0,3923.0,4440.0,3593.0,3561.0,3274.0,3737.0,3845.0,4055.0,355.0,12.443042,355.0,0.147473,0.006147
1.卡塔尔.1,新用户 MAU,raw_data/mau.csv,MAU,渠道自然=整体，国家=x（非整体），平台=整体，新老=New,519.0,468.0,640.0,519.0,622.0,613.0,557.0,520.0,369.0,370.0,330.0,406.0,394.0,406.0,51.0,10.897436,51.0,0.021186,0.000883
1.卡塔尔.1.1,新渠道用户 MAU,raw_data/mau.csv,MAU,渠道自然=non-Organic，国家=x（非整体），平台=整体，新老=New,33.0,66.0,150.0,85.0,118.0,25.0,24.0,10.0,45.0,34.0,30.0,32.0,30.0,56.0,-33.0,-50.0,-33.0,-0.013709,-0.000571
1.卡塔尔.1.2,新自然用户 MAU,raw_data/mau.csv,MAU,渠道自然=Organic，国家=x（非整体），平台=整体，新老=New,486.0,402.0,490.0,434.0,504.0,588.0,533.0,510.0,324.0,336.0,300.0,374.0,364.0,350.0,84.0,20.895522,84.0,0.034895,0.001455
1.卡塔尔.2,老用户 MAU,本表,整体MAU-新用户 MAU（1.x-1.x.1）,,2689.0,2385.0,2387.0,3023.0,3425.0,3628.0,3366.0,3920.0,3224.0,3191.0,2944.0,3331.0,3451.0,3649.0,304.0,12.746331,304.0,0.126287,0.005264
1.卢旺达,卢旺达MAU,raw_data/mau.csv,MAU,渠道自然=整体，国家=x（非整体），平台=整体，新老=整体,1060.0,1090.0,1110.0,1150.0,1377.0,1507.0,1407.0,1809.0,1621.0,1910.0,1972.0,1824.0,1884.0,2137.0,-30.0,-2.752294,-30.0,-0.012463,-0.000519
1.卢旺达.1,新用户 MAU,raw_data/mau.csv,MAU,渠道自然=整体，国家=x（非整体），平台=整体，新老=New,190.0,196.0,167.0,163.0,217.0,224.0,204.0,266.0,170.0,281.0,277.0,210.0,220.0,231.0,-6.0,-3.061224,-6.0,-0.002493,-0.000104
1.卢旺达.1.1,新渠道用户 MAU,raw_data/mau.csv,MAU,渠道自然=non-Organic，国家=x（非整体），平台=整体，新老=New,3.0,8.0,15.0,10.0,6.0,5.0,4.0,2.0,6.0,14.0,13.0,7.0,7.0,11.0,-5.0,-62.5,-5.0,-0.002077,-8.7e-05
1.卢旺达.1.2,新自然用户 MAU,raw_data/mau.csv,MAU,渠道自然=Organic，国家=x（非整体），平台=整体，新老=New,187.0,188.0,152.0,153.0,211.0,219.0,200.0,264.0,164.0,267.0,264.0,203.0,213.0,220.0,-1.0,-0.531915,-1.0,-0.000415,-1.7e-05
1.卢旺达.2,老用户 MAU,本表,整体MAU-新用户 MAU（1.x-1.x.1）,,870.0,894.0,943.0,987.0,1160.0,1283.0,1203.0,1543.0,1451.0,1629.0,1695.0,1614.0,1664.0,1906.0,-24.0,-2.684564,-24.0,-0.00997,-0.000416
1.卢森堡,卢森堡MAU,raw_data/mau.csv,MAU,渠道自然=整体，国家=x（非整体），平台=整体，新老=整体,1433.0,1378.0,1309.0,1270.0,1259.0,1450.0,1326.0,1632.0,1473.0,1542.0,1717.0,1691.0,1599.0,1600.0,55.0,3.991292,55.0,0.022848,0.000952
1.卢森堡.1,新用户 MAU,raw_data/mau.csv,MAU,渠道自然=整体，国家=x（非整体），平台=整体，新老=New,153.0,170.0,126.0,119.0,144.0,164.0,147.0,109.0,64.0,96.0,93.0,98.0,67.0,71.0,-17.0,-10.0,-17.0,-0.007062,-0.000294
1.卢森堡.1.1,新渠道用户 MAU,raw_data/mau.csv,MAU,渠道自然=non-Organic，国家=x（非整体），平台=整体，新老=New,10.0,23.0,12.0,13.0,9.0,3.0,2.0,3.0,15.0,15.0,17.0,14.0,9.0,12.0,-13.0,-56.521739,-13.0,-0.0054,-0.000225
1.卢森堡.1.2,新自然用户 MAU,raw_data/mau.csv,MAU,渠道自然=Organic，国家=x（非整体），平台=整体，新老=New,143.0,147.0,114.0,106.0,135.0,161.0,145.0,106.0,49.0,81.0,76.0,84.0,58.0,59.0,-4.0,-2.721088,-4.0,-0.001662,-6.9e-05
1.卢森堡.2,老用户 MAU,本表,整体MAU-新用户 MAU（1.x-1.x.1）,,1280.0,1208.0,1183.0,1151.0,1115.0,1286.0,1179.0,1523.0,1409.0,1446.0,1624.0,1593.0,1532.0,1529.0,72.0,5.960265,72.0,0.02991,0.001247
1.印度,印度MAU,raw_data/mau.csv,MAU,渠道自然=整体，国家=x（非整体），平台=整体，新老=整体,31128.0,30999.0,34722.0,36245.0,39960.0,35724.0,36473.0,41112.0,42360.0,44951.0,45970.0,47735.0,53598.0,54088.0,129.0,0.416142,129.0,0.053589,0.002234
1.印度.1,新用户 MAU,raw_data/mau.csv,MAU,渠道自然=整体，国家=x（非整体），平台=整体，新老=New,4053.0,4555.0,5561.0,7977.0,9566.0,4905.0,5181.0,5575.0,6710.0,6705.0,7029.0,7713.0,13164.0,12756.0,-502.0,-11.020856,-502.0,-0.208539,-0.008692
1.印度.1.1,新渠道用户 MAU,raw_data/mau.csv,MAU,渠道自然=non-Organic，国家=x（非整体），平台=整体，新老=New,912.0,1566.0,1932.0,3461.0,4658.0,947.0,632.0,973.0,3194.0,2994.0,3077.0,2615.0,3454.0,3057.0,-654.0,-41.762452,-654.0,-0.271683,-0.011324
1.印度.1.2,新自然用户 MAU,raw_data/mau.csv,MAU,渠道自然=Organic，国家=x（非整体），平台=整体，新老=New,3141.0,2989.0,3629.0,4516.0,4908.0,3958.0,4549.0,4602.0,3516.0,3711.0,3952.0,5098.0,9710.0,9699.0,152.0,5.085313,152.0,0.063143,0.002632
1.印度.2,老用户 MAU,本表,整体MAU-新用户 MAU（1.x-1.x.1）,,27075.0,26444.0,29161.0,28268.0,30394.0,30819.0,31292.0,35537.0,35650.0,38246.0,38941.0,40022.0,40434.0,41332.0,631.0,2.386175,631.0,0.262128,0.010926
1.印度尼西亚,印度尼西亚MAU,raw_data/mau.csv,MAU,渠道自然=整体，国家=x（非整体），平台=整体，新老=整体,18198.0,18104.0,19199.0,17100.0,19894.0,19808.0,20304.0,29458.0,31898.0,35570.0,36713.0,36812.0,36012.0,37507.0,94.0,0.519222,94.0,0.039049,0.001628
1.印度尼西亚.1,新用户 MAU,raw_data/mau.csv,MAU,渠道自然=整体，国家=x（非整体），平台=整体，新老=New,4536.0,4177.0,5584.0,4414.0,5077.0,4948.0,4731.0,5590.0,5296.0,6280.0,7182.0,6836.0,6524.0,7117.0,359.0,8.594685,359.0,0.149135,0.006216
1.印度尼西亚.1.1,新渠道用户 MAU,raw_data/mau.csv,MAU,渠道自然=non-Organic，国家=x（非整体），平台=整体，新老=New,216.0,380.0,569.0,527.0,560.0,472.0,266.0,280.0,1179.0,1207.0,1606.0,2138.0,1554.0,1623.0,-164.0,-43.157895,-164.0,-0.068128,-0.00284
1.印度尼西亚.1.2,新自然用户 MAU,raw_data/mau.csv,MAU,渠道自然=Organic，国家=x（非整体），平台=整体，新老=New,4320.0,3797.0,5015.0,3887.0,4517.0,4476.0,4465.0,5310.0,4117.0,5073.0,5576.0,4698.0,4970.0,5494.0,523.0,13.774032,523.0,0.217263,0.009056
1.印度尼西亚.2,老用户 MAU,本表,整体MAU-新用户 MAU（1.x-1.x.1）,,13662.0,13927.0,13615.0,12686.0,14817.0,14860.0,15573.0,23868.0,26602.0,29290.0,29531.0,29976.0,29488.0,30390.0,-265.0,-1.902779,-265.0,-0.110085,-0.004589
1.危地马拉,危地马拉MAU,raw_data/mau.csv,MAU,渠道自然=整体，国家=x（非整体），平台=整体，新老=整体,6133.0,6314.0,6412.0,5919.0,6993.0,7278.0,6832.0,8679.0,6844.0,7320.0,7297.0,7300.0,7756.0,7679.0,-181.0,-2.866646,-181.0,-0.07519,-0.003134
1.危地马拉.1,新用户 MAU,raw_data/mau.csv,MAU,渠道自然=整体，国家=x（非整体），平台=整体，新老=New,791.0,915.0,929.0,713.0,1097.0,1126.0,951.0,839.0,660.0,713.0,614.0,611.0,661.0,589.0,-124.0,-13.551913,-124.0,-0.051512,-0.002147
1.危地马拉.1.1,新渠道用户 MAU,raw_data/mau.csv,MAU,渠道自然=non-Organic，国家=x（非整体），平台=整体，新老=New,108.0,203.0,209.0,130.0,163.0,131.0,82.0,25.0,116.0,118.0,86.0,96.0,90.0,83.0,-95.0,-46.79803,-95.0,-0.039465,-0.001645
1.危地马拉.1.2,新自然用户 MAU,raw_data/mau.csv,MAU,渠道自然=Organic，国家=x（非整体），平台=整体，新老=New,683.0,712.0,720.0,583.0,934.0,995.0,869.0,814.0,544.0,595.0,528.0,515.0,571.0,506.0,-29.0,-4.073034,-29.0,-0.012047,-0.000502
1.危地马拉.2,老用户 MAU,本表,整体MAU-新用户 MAU（1.x-1.x.1）,,5342.0,5399.0,5483.0,5206.0,5896.0,6152.0,5881.0,7840.0,6184.0,6607.0,6683.0,6689.0,7095.0,7090.0,-57.0,-1.055751,-57.0,-0.023679,-0.000987
1.厄瓜多尔,厄瓜多尔MAU,raw_data/mau.csv,MAU,渠道自然=整体，国家=x（非整体），平台=整体，新老=整体,13919.0,13878.0,14435.0,13938.0,16061.0,17016.0,16437.0,22627.0,17990.0,19016.0,19117.0,19426.0,20433.0,20367.0,41.0,0.295432,41.0,0.017032,0.00071
1.厄瓜多尔.1,新用户 MAU,raw_data/mau.csv,MAU,渠道自然=整体，国家=x（非整体），平台=整体，新老=New,1859.0,1844.0,2021.0,1701.0,2228.0,2484.0,2158.0,2008.0,1630.0,1837.0,1652.0,1773.0,1924.0,1771.0,15.0,0.813449,15.0,0.006231,0.00026
1.厄瓜多尔.1.1,新渠道用户 MAU,raw_data/mau.csv,MAU,渠道自然=non-Organic，国家=x（非整体），平台=整体，新老=New,177.0,205.0,237.0,200.0,207.0,167.0,87.0,50.0,249.0,221.0,203.0,200.0,199.0,202.0,-28.0,-13.658537,-28.0,-0.011632,-0.000485
1.厄瓜多尔.1.2,新自然用户 MAU,raw_data/mau.csv,MAU,渠道自然=Organic，国家=x（非整体），平台=整体，新老=New,1682.0,1639.0,1784.0,1501.0,2021.0,2317.0,2071.0,1958.0,1381.0,1616.0,1449.0,1573.0,1725.0,1569.0,43.0,2.623551,43.0,0.017863,0.000745
1.厄瓜多尔.2,老用户 MAU,本表,整体MAU-新用户 MAU（1.x-1.x.1）,,12060.0,12034.0,12414.0,12237.0,13833.0,14532.0,14279.0,20619.0,16360.0,17179.0,17465.0,17653.0,18509.0,18596.0,26.0,0.216055,26.0,0.010801,0.00045
1.厄立特里亚,厄立特里亚MAU,raw_data/mau.csv,MAU,渠道自然=整体，国家=x（非整体），平台=整体，新老=整体,,1.0,2.0,1.0,1.0,2.0,1.0,1.0,2.0,5.0,3.0,4.0,3.0,3.0,,,,,
1.厄立特里亚.1,新用户 MAU,raw_data/mau.csv,MAU,渠道自然=整体，国家=x（非整体），平台=整体，新老=New,,1.0,,,,,,,,,1.0,1.0,,2.0,,,,,
1.厄立特里亚.1.1,新渠道用户 MAU,raw_data/mau.csv,MAU,渠道自然=non-Organic，国家=x（非整体），平台=整体，新老=New,,,,,,,,,,,,,,,,,,,
1.厄立特里亚.1.2,新自然用户 MAU,raw_data/mau.csv,MAU,渠道自然=Organic，国家=x（非整体），平台=整体，新老=New,,1.0,,,,,,,,,1.0,1.0,,2.0,,,,,
1.厄立特里亚.2,老用户 MAU,本表,整体MAU-新用户 MAU（1.x-1.x.1）,,,0.0,,,,,,,,,2.0,3.0,,1.0,,,,,
1.叙利亚,叙利亚MAU,raw_data/mau.csv,MAU,渠道自然=整体，国家=x（非整体），平台=整体，新老=整体,4594.0,4333.0,3972.0,3842.0,4527.0,4600.0,4554.0,5326.0,5556.0,6026.0,6049.0,6390.0,6419.0,7097.0,261.0,6.02354,261.0,0.108424,0.004519
1.叙利亚.1,新用户 MAU,raw_data/mau.csv,MAU,渠道自然=整体，国家=x（非整体），平台=整体，新老=New,857.0,661.0,365.0,334.0,511.0,503.0,508.0,609.0,520.0,619.0,581.0,625.0,537.0,561.0,196.0,29.652042,196.0,0.081422,0.003394
1.叙利亚.1.1,新渠道用户 MAU,raw_data/mau.csv,MAU,渠道自然=non-Organic，国家=x（非整体），平台=整体，新老=New,85.0,156.0,53.0,40.0,79.0,77.0,38.0,45.0,132.0,170.0,115.0,131.0,153.0,168.0,-71.0,-45.512821,-71.0,-0.029495,-0.001229
1.叙利亚.1.2,新自然用户 MAU,raw_data/mau.csv,MAU,渠道自然=Organic，国家=x（非整体），平台=整体，新老=New,772.0,505.0,312.0,294.0,432.0,426.0,470.0,564.0,388.0,449.0,466.0,494.0,384.0,393.0,267.0,52.871287,267.0,0.110916,0.004623
1.叙利亚.2,老用户 MAU,本表,整体MAU-新用户 MAU（1.x-1.x.1）,,3737.0,3672.0,3607.0,3508.0,4016.0,4097.0,4046.0,4717.0,5036.0,5407.0,5468.0,5765.0,5882.0,6536.0,65.0,1.770153,65.0,0.027002,0.001126
1.古巴,古巴MAU,raw_data/mau.csv,MAU,渠道自然=整体，国家=x（非整体），平台=整体，新老=整体,897.0,1025.0,931.0,1078.0,1612.0,1575.0,1546.0,2027.0,2233.0,2454.0,2525.0,2460.0,2734.0,3156.0,-128.0,-12.487805,-128.0,-0.053173,-0.002216
1.古巴.1,新用户 MAU,raw_data/mau.csv,MAU,渠道自然=整体，国家=x（非整体），平台=整体，新老=New,141.0,170.0,118.0,112.0,207.0,215.0,185.0,315.0,339.0,305.0,301.0,166.0,148.0,162.0,-29.0,-17.058824,-29.0,-0.012047,-0.000502
1.古巴.1.1,新渠道用户 MAU,raw_data/mau.csv,MAU,渠道自然=non-Organic，国家=x（非整体），平台=整体，新老=New,18.0,52.0,29.0,31.0,43.0,48.0,40.0,7.0,22.0,21.0,10.0,16.0,12.0,22.0,-34.0,-65.384615,-34.0,-0.014124,-0.000589
1.古巴.1.2,新自然用户 MAU,raw_data/mau.csv,MAU,渠道自然=Organic，国家=x（非整体），平台=整体，新老=New,123.0,118.0,89.0,81.0,164.0,167.0,145.0,308.0,317.0,284.0,291.0,150.0,136.0,140.0,5.0,4.237288,5.0,0.002077,8.7e-05
1.古巴.2,老用户 MAU,本表,整体MAU-新用户 MAU（1.x-1.x.1）,,756.0,855.0,813.0,966.0,1405.0,1360.0,1361.0,1712.0,1894.0,2149.0,2224.0,2294.0,2586.0,2994.0,-99.0,-11.578947,-99.0,-0.041126,-0.001714
1.台湾,台湾MAU,raw_data/mau.csv,MAU,渠道自然=整体，国家=x（非整体），平台=整体，新老=整体,3036.0,2995.0,2486.0,1987.0,2184.0,2334.0,2210.0,2848.0,2120.0,2093.0,2156.0,2193.0,2096.0,2163.0,41.0,1.368948,41.0,0.017032,0.00071
1.台湾.1,新用户 MAU,raw_data/mau.csv,MAU,渠道自然=整体，国家=x（非整体），平台=整体，新老=New,342.0,312.0,354.0,380.0,423.0,466.0,525.0,798.0,522.0,415.0,432.0,565.0,331.0,290.0,30.0,9.615385,30.0,0.012463,0.000519
1.台湾.1.1,新渠道用户 MAU,raw_data/mau.csv,MAU,渠道自然=non-Organic，国家=x（非整体），平台=整体，新老=New,16.0,18.0,20.0,25.0,22.0,13.0,13.0,82.0,252.0,78.0,75.0,115.0,48.0,48.0,-2.0,-11.111111,-2.0,-0.000831,-3.5e-05
1.台湾.1.2,新自然用户 MAU,raw_data/mau.csv,MAU,渠道自然=Organic，国家=x（非整体），平台=整体，新老=New,326.0,294.0,334.0,355.0,401.0,453.0,512.0,716.0,270.0,337.0,357.0,450.0,283.0,242.0,32.0,10.884354,32.0,0.013293,0.000554
1.台湾.2,老用户 MAU,本表,整体MAU-新用户 MAU（1.x-1.x.1）,,2694.0,2683.0,2132.0,1607.0,1761.0,1868.0,1685.0,2050.0,1598.0,1678.0,1724.0,1628.0,1765.0,1873.0,11.0,0.409989,11.0,0.00457,0.00019
1.吉尔吉斯斯坦,吉尔吉斯斯坦MAU,raw_data/mau.csv,MAU,渠道自然=整体，国家=x（非整体），平台=整体，新老=整体,3801.0,2283.0,2327.0,2326.0,2765.0,2961.0,2925.0,3471.0,2991.0,3638.0,3648.0,3400.0,3353.0,3468.0,1518.0,66.491459,1518.0,0.630603,0.026285
1.吉尔吉斯斯坦.1,新用户 MAU,raw_data/mau.csv,MAU,渠道自然=整体，国家=x（非整体），平台=整体，新老=New,1711.0,440.0,460.0,435.0,613.0,610.0,639.0,643.0,442.0,633.0,628.0,588.0,445.0,520.0,1271.0,288.863636,1271.0,0.527995,0.022008
1.吉尔吉斯斯坦.1.1,新渠道用户 MAU,raw_data/mau.csv,MAU,渠道自然=non-Organic，国家=x（非整体），平台=整体，新老=New,68.0,77.0,91.0,61.0,109.0,84.0,58.0,24.0,75.0,109.0,99.0,56.0,63.0,120.0,-9.0,-11.688312,-9.0,-0.003739,-0.000156
1.吉尔吉斯斯坦.1.2,新自然用户 MAU,raw_data/mau.csv,MAU,渠道自然=Organic，国家=x（非整体），平台=整体，新老=New,1643.0,363.0,369.0,374.0,504.0,526.0,581.0,619.0,367.0,524.0,529.0,532.0,382.0,400.0,1280.0,352.61708,1280.0,0.531734,0.022164
1.吉尔吉斯斯坦.2,老用户 MAU,本表,整体MAU-新用户 MAU（1.x-1.x.1）,,2090.0,1843.0,1867.0,1891.0,2152.0,2351.0,2286.0,2828.0,2549.0,3005.0,3020.0,2812.0,2908.0,2948.0,247.0,13.402062,247.0,0.102608,0.004277
1.吉布提,吉布提MAU,raw_data/mau.csv,MAU,渠道自然=整体，国家=x（非整体），平台=整体，新老=整体,57.0,45.0,66.0,58.0,68.0,65.0,82.0,101.0,85.0,90.0,93.0,122.0,150.0,129.0,12.0,26.666667,12.0,0.004985,0.000208
1.吉布提.1,新用户 MAU,raw_data/mau.csv,MAU,渠道自然=整体，国家=x（非整体），平台=整体，新老=New,16.0,5.0,7.0,4.0,6.0,7.0,9.0,22.0,11.0,12.0,11.0,13.0,14.0,11.0,11.0,220.0,11.0,0.00457,0.00019
1.吉布提.1.1,新渠道用户 MAU,raw_data/mau.csv,MAU,渠道自然=non-Organic，国家=x（非整体），平台=整体，新老=New,1.0,,,,1.0,,,1.0,2.0,,1.0,2.0,1.0,1.0,,,,,
1.吉布提.1.2,新自然用户 MAU,raw_data/mau.csv,MAU,渠道自然=Organic，国家=x（非整体），平台=整体，新老=New,15.0,5.0,7.0,4.0,5.0,7.0,9.0,21.0,9.0,12.0,10.0,11.0,13.0,10.0,10.0,200.0,10.0,0.004154,0.000173
1.吉布提.2,老用户 MAU,本表,整体MAU-新用户 MAU（1.x-1.x.1）,,41.0,40.0,59.0,54.0,62.0,58.0,73.0,79.0,74.0,78.0,82.0,109.0,136.0,118.0,1.0,2.5,1.0,0.000415,1.7e-05
1.哈萨克斯坦,哈萨克斯坦MAU,raw_data/mau.csv,MAU,渠道自然=整体，国家=x（非整体），平台=整体，新老=整体,22527.0,15589.0,16426.0,14792.0,16924.0,17235.0,16803.0,21932.0,18151.0,20507.0,21257.0,20986.0,20537.0,19519.0,6938.0,44.505741,6938.0,2.882163,0.120136
1.哈萨克斯坦.1,新用户 MAU,raw_data/mau.csv,MAU,渠道自然=整体，国家=x（非整体），平台=整体，新老=New,8551.0,2572.0,3004.0,2628.0,3265.0,3315.0,3255.0,3222.0,2461.0,2859.0,3121.0,3215.0,2820.0,2726.0,5979.0,232.465008,5979.0,2.483778,0.10353
1.哈萨克斯坦.1.1,新渠道用户 MAU,raw_data/mau.csv,MAU,渠道自然=non-Organic，国家=x（非整体），平台=整体，新老=New,313.0,360.0,433.0,335.0,463.0,389.0,277.0,137.0,474.0,439.0,411.0,363.0,373.0,502.0,-47.0,-13.055556,-47.0,-0.019525,-0.000814
1.哈萨克斯坦.1.2,新自然用户 MAU,raw_data/mau.csv,MAU,渠道自然=Organic，国家=x（非整体），平台=整体，新老=New,8238.0,2212.0,2571.0,2293.0,2802.0,2926.0,2978.0,3085.0,1987.0,2420.0,2710.0,2852.0,2447.0,2224.0,6026.0,272.423146,6026.0,2.503303,0.104344
1.哈萨克斯坦.2,老用户 MAU,本表,整体MAU-新用户 MAU（1.x-1.x.1）,,13976.0,13017.0,13422.0,12164.0,13659.0,13920.0,13548.0,18710.0,15690.0,17648.0,18136.0,17771.0,17717.0,16793.0,959.0,7.367289,959.0,0.398385,0.016606
1.哥伦比亚,哥伦比亚MAU,raw_data/mau.csv,MAU,渠道自然=整体，国家=x（非整体），平台=整体，新老=整体,59293.0,59372.0,60681.0,57880.0,67306.0,68992.0,65061.0,89603.0,69279.0,71187.0,72753.0,72227.0,73648.0,72695.0,-79.0,-0.133059,-79.0,-0.032818,-0.001368
1.哥伦比亚.1,新用户 MAU,raw_data/mau.csv,MAU,渠道自然=整体，国家=x（非整体），平台=整体，新老=New,7345.0,7474.0,7739.0,6992.0,9336.0,10582.0,8633.0,7682.0,5305.0,5862.0,5899.0,6161.0,6501.0,5932.0,-129.0,-1.725983,-129.0,-0.053589,-0.002234
1.哥伦比亚.1.1,新渠道用户 MAU,raw_data/mau.csv,MAU,渠道自然=non-Organic，国家=x（非整体），平台=整体，新老=New,604.0,837.0,883.0,716.0,798.0,660.0,359.0,215.0,679.0,626.0,572.0,564.0,568.0,580.0,-233.0,-27.837515,-233.0,-0.096792,-0.004035
1.哥伦比亚.1.2,新自然用户 MAU,raw_data/mau.csv,MAU,渠道自然=Organic，国家=x（非整体），平台=整体，新老=New,6741.0,6637.0,6856.0,6276.0,8538.0,9922.0,8274.0,7467.0,4626.0,5236.0,5327.0,5597.0,5933.0,5352.0,104.0,1.566973,104.0,0.043203,0.001801
1.哥伦比亚.2,老用户 MAU,本表,整体MAU-新用户 MAU（1.x-1.x.1）,,51948.0,51898.0,52942.0,50888.0,57970.0,58410.0,56428.0,81921.0,63974.0,65325.0,66854.0,66066.0,67147.0,66763.0,50.0,0.096343,50.0,0.020771,0.000866
1.哥斯达黎加,哥斯达黎加MAU,raw_data/mau.csv,MAU,渠道自然=整体，国家=x（非整体），平台=整体，新老=整体,5076.0,5228.0,5653.0,5128.0,5930.0,5975.0,5175.0,6420.0,5120.0,5719.0,6004.0,5785.0,5941.0,6062.0,-152.0,-2.907422,-152.0,-0.063143,-0.002632
1.哥斯达黎加.1,新用户 MAU,raw_data/mau.csv,MAU,渠道自然=整体，国家=x（非整体），平台=整体，新老=New,596.0,656.0,724.0,634.0,873.0,857.0,652.0,583.0,447.0,500.0,562.0,450.0,523.0,513.0,-60.0,-9.146341,-60.0,-0.024925,-0.001039
1.哥斯达黎加.1.1,新渠道用户 MAU,raw_data/mau.csv,MAU,渠道自然=non-Organic，国家=x（非整体），平台=整体，新老=New,55.0,97.0,94.0,81.0,94.0,85.0,41.0,13.0,83.0,47.0,66.0,43.0,69.0,58.0,-42.0,-43.298969,-42.0,-0.017448,-0.000727
1.哥斯达黎加.1.2,新自然用户 MAU,raw_data/mau.csv,MAU,渠道自然=Organic，国家=x（非整体），平台=整体，新老=New,541.0,559.0,630.0,553.0,779.0,772.0,611.0,570.0,364.0,453.0,496.0,407.0,454.0,455.0,-18.0,-3.220036,-18.0,-0.007478,-0.000312
1.哥斯达黎加.2,老用户 MAU,本表,整体MAU-新用户 MAU（1.x-1.x.1）,,4480.0,4572.0,4929.0,4494.0,5057.0,5118.0,4523.0,5837.0,4673.0,5219.0,5442.0,5335.0,5418.0,5549.0,-92.0,-2.012248,-92.0,-0.038218,-0.001593
1.喀麦隆,喀麦隆MAU,raw_data/mau.csv,MAU,渠道自然=整体，国家=x（非整体），平台=整体，新老=整体,2084.0,1641.0,1517.0,1357.0,1468.0,1464.0,1304.0,1662.0,1540.0,1649.0,1596.0,1477.0,1595.0,1627.0,443.0,26.995734,443.0,0.18403,0.007671
1.喀麦隆.1,新用户 MAU,raw_data/mau.csv,MAU,渠道自然=整体，国家=x（非整体），平台=整体，新老=New,801.0,544.0,403.0,288.0,344.0,315.0,235.0,333.0,238.0,316.0,290.0,180.0,173.0,187.0,257.0,47.242647,257.0,0.106762,0.00445
1.喀麦隆.1.1,新渠道用户 MAU,raw_data/mau.csv,MAU,渠道自然=non-Organic，国家=x（非整体），平台=整体，新老=New,10.0,8.0,24.0,10.0,3.0,5.0,2.0,7.0,12.0,11.0,14.0,22.0,22.0,16.0,2.0,25.0,2.0,0.000831,3.5e-05
1.喀麦隆.1.2,新自然用户 MAU,raw_data/mau.csv,MAU,渠道自然=Organic，国家=x（非整体），平台=整体，新老=New,791.0,536.0,379.0,278.0,341.0,310.0,233.0,326.0,226.0,305.0,276.0,158.0,151.0,171.0,255.0,47.574627,255.0,0.105931,0.004415
1.喀麦隆.2,老用户 MAU,本表,整体MAU-新用户 MAU（1.x-1.x.1）,,1283.0,1097.0,1114.0,1069.0,1124.0,1149.0,1069.0,1329.0,1302.0,1333.0,1306.0,1297.0,1422.0,1440.0,186.0,16.955333,186.0,0.077268,0.003221
1.图瓦卢,图瓦卢MAU,raw_data/mau.csv,MAU,渠道自然=整体，国家=x（非整体），平台=整体，新老=整体,,1.0,1.0,,,1.0,3.0,1.0,,,,1.0,,,,,,,
1.图瓦卢.1,新用户 MAU,raw_data/mau.csv,MAU,渠道自然=整体，国家=x（非整体），平台=整体，新老=New,,1.0,,,,,,,,,,,,,,,,,
1.图瓦卢.1.1,新渠道用户 MAU,raw_data/mau.csv,MAU,渠道自然=non-Organic，国家=x（非整体），平台=整体，新老=New,,,,,,,,,,,,,,,,,,,
1.图瓦卢.1.2,新自然用户 MAU,raw_data/mau.csv,MAU,渠道自然=Organic，国家=x（非整体），平台=整体，新老=New,,1.0,,,,,,,,,,,,,,,,,
1.图瓦卢.2,老用户 MAU,本表,整体MAU-新用户 MAU（1.x-1.x.1）,,,0.0,,,,,,,,,,,,,,,,,
1.土库曼斯坦,土库曼斯坦MAU,raw_data/mau.csv,MAU,渠道自然=整体，国家=x（非整体），平台=整体，新老=整体,194.0,128.0,115.0,144.0,144.0,164.0,224.0,294.0,533.0,740.0,660.0,429.0,426.0,335.0,66.0,51.5625,66.0,0.027418,0.001143
1.土库曼斯坦.1,新用户 MAU,raw_data/mau.csv,MAU,渠道自然=整体，国家=x（非整体），平台=整体，新老=New,8.0,5.0,1.0,3.0,6.0,3.0,8.0,18.0,67.0,148.0,109.0,54.0,47.0,24.0,3.0,60.0,3.0,0.001246,5.2e-05
1.土库曼斯坦.1.1,新渠道用户 MAU,raw_data/mau.csv,MAU,渠道自然=non-Organic，国家=x（非整体），平台=整体，新老=New,2.0,,,,,,,5.0,22.0,28.0,25.0,19.0,14.0,5.0,,,,,
1.土库曼斯坦.1.2,新自然用户 MAU,raw_data/mau.csv,MAU,渠道自然=Organic，国家=x（非整体），平台=整体，新老=New,6.0,5.0,1.0,3.0,6.0,3.0,8.0,13.0,45.0,120.0,84.0,35.0,33.0,19.0,1.0,20.0,1.0,0.000415,1.7e-05
1.土库曼斯坦.2,老用户 MAU,本表,整体MAU-新用户 MAU（1.x-1.x.1）,,186.0,123.0,114.0,141.0,138.0,161.0,216.0,276.0,466.0,592.0,551.0,375.0,379.0,311.0,63.0,51.219512,63.0,0.026171,0.001091
1.土耳其,土耳其MAU,raw_data/mau.csv,MAU,渠道自然=整体，国家=x（非整体），平台=整体，新老=整体,124612.0,107207.0,60742.0,57437.0,64335.0,68251.0,72377.0,103916.0,91239.0,102948.0,102695.0,101103.0,97448.0,103847.0,17405.0,16.234947,17405.0,7.230332,0.301378
1.土耳其.1,新用户 MAU,raw_data/mau.csv,MAU,渠道自然=整体，国家=x（非整体），平台=整体，新老=New,55139.0,50934.0,9316.0,7509.0,8696.0,8986.0,10452.0,11344.0,8435.0,11627.0,11287.0,10645.0,8872.0,20108.0,4205.0,8.255782,4205.0,1.746828,0.072812
1.土耳其.1.1,新渠道用户 MAU,raw_data/mau.csv,MAU,渠道自然=non-Organic，国家=x（非整体），平台=整体，新老=New,39624.0,37381.0,824.0,214.0,205.0,145.0,145.0,104.0,412.0,491.0,513.0,467.0,423.0,12390.0,2243.0,6.000375,2243.0,0.93178,0.038839
1.土耳其.1.2,新自然用户 MAU,raw_data/mau.csv,MAU,渠道自然=Organic，国家=x（非整体），平台=整体，新老=New,15515.0,13553.0,8492.0,7295.0,8491.0,8841.0,10307.0,11240.0,8023.0,11136.0,10774.0,10178.0,8449.0,7718.0,1962.0,14.4765,1962.0,0.815048,0.033973
1.土耳其.2,老用户 MAU,本表,整体MAU-新用户 MAU（1.x-1.x.1）,,69473.0,56273.0,51426.0,49928.0,55639.0,59265.0,61925.0,92572.0,82804.0,91321.0,91408.0,90458.0,88576.0,83739.0,13200.0,23.457075,13200.0,5.483504,0.228566
1.圣卢西亚,圣卢西亚MAU,raw_data/mau.csv,MAU,渠道自然=整体，国家=x（非整体），平台=整体，新老=整体,535.0,505.0,559.0,419.0,528.0,550.0,491.0,551.0,431.0,493.0,564.0,516.0,524.0,479.0,30.0,5.940594,30.0,0.012463,0.000519
1.圣卢西亚.1,新用户 MAU,raw_data/mau.csv,MAU,渠道自然=整体，国家=x（非整体），平台=整体，新老=New,58.0,52.0,55.0,28.0,40.0,63.0,36.0,42.0,21.0,24.0,35.0,23.0,32.0,23.0,6.0,11.538462,6.0,0.002493,0.000104
1.圣卢西亚.1.1,新渠道用户 MAU,raw_data/mau.csv,MAU,渠道自然=non-Organic，国家=x（非整体），平台=整体，新老=New,3.0,1.0,3.0,,5.0,3.0,2.0,,,4.0,6.0,1.0,5.0,2.0,2.0,200.0,2.0,0.000831,3.5e-05
1.圣卢西亚.1.2,新自然用户 MAU,raw_data/mau.csv,MAU,渠道自然=Organic，国家=x（非整体），平台=整体，新老=New,55.0,51.0,52.0,28.0,35.0,60.0,34.0,42.0,21.0,20.0,29.0,22.0,27.0,21.0,4.0,7.843137,4.0,0.001662,6.9e-05
1.圣卢西亚.2,老用户 MAU,本表,整体MAU-新用户 MAU（1.x-1.x.1）,,477.0,453.0,504.0,391.0,488.0,487.0,455.0,509.0,410.0,469.0,529.0,493.0,492.0,456.0,24.0,5.298013,24.0,0.00997,0.000416
1.圣基茨和尼维斯,圣基茨和尼维斯MAU,raw_data/mau.csv,MAU,渠道自然=整体，国家=x（非整体），平台=整体，新老=整体,146.0,132.0,144.0,110.0,163.0,150.0,128.0,141.0,147.0,149.0,184.0,176.0,153.0,149.0,14.0,10.606061,14.0,0.005816,0.000242
1.圣基茨和尼维斯.1,新用户 MAU,raw_data/mau.csv,MAU,渠道自然=整体，国家=x（非整体），平台=整体，新老=New,18.0,14.0,12.0,5.0,16.0,12.0,14.0,11.0,10.0,14.0,13.0,16.0,13.0,7.0,4.0,28.571429,4.0,0.001662,6.9e-05
1.圣基茨和尼维斯.1.1,新渠道用户 MAU,raw_data/mau.csv,MAU,渠道自然=non-Organic，国家=x（非整体），平台=整体，新老=New,,,2.0,,1.0,1.0,2.0,,1.0,2.0,1.0,5.0,,2.0,,,,,
1.圣基茨和尼维斯.1.2,新自然用户 MAU,raw_data/mau.csv,MAU,渠道自然=Organic，国家=x（非整体），平台=整体，新老=New,18.0,14.0,10.0,5.0,15.0,11.0,12.0,11.0,9.0,12.0,12.0,11.0,13.0,5.0,4.0,28.571429,4.0,0.001662,6.9e-05
1.圣基茨和尼维斯.2,老用户 MAU,本表,整体MAU-新用户 MAU（1.x-1.x.1）,,128.0,118.0,132.0,105.0,147.0,138.0,114.0,130.0,137.0,135.0,171.0,160.0,140.0,142.0,10.0,8.474576,10.0,0.004154,0.000173
1.圣多美和普林西比,圣多美和普林西比MAU,raw_data/mau.csv,MAU,渠道自然=整体，国家=x（非整体），平台=整体，新老=整体,55.0,45.0,49.0,48.0,58.0,56.0,38.0,55.0,65.0,78.0,72.0,60.0,60.0,78.0,10.0,22.222222,10.0,0.004154,0.000173
1.圣多美和普林西比.1,新用户 MAU,raw_data/mau.csv,MAU,渠道自然=整体，国家=x（非整体），平台=整体，新老=New,12.0,16.0,15.0,12.0,20.0,20.0,5.0,9.0,12.0,15.0,17.0,10.0,9.0,10.0,-4.0,-25.0,-4.0,-0.001662,-6.9e-05
1.圣多美和普林西比.1.1,新渠道用户 MAU,raw_data/mau.csv,MAU,渠道自然=non-Organic，国家=x（非整体），平台=整体，新老=New,,,,,1.0,,,,,1.0,1.0,2.0,1.0,1.0,,,,,
1.圣多美和普林西比.1.2,新自然用户 MAU,raw_data/mau.csv,MAU,渠道自然=Organic，国家=x（非整体），平台=整体，新老=New,12.0,16.0,15.0,12.0,19.0,20.0,5.0,9.0,12.0,14.0,16.0,8.0,8.0,9.0,-4.0,-25.0,-4.0,-0.001662,-6.9e-05
1.圣多美和普林西比.2,老用户 MAU,本表,整体MAU-新用户 MAU（1.x-1.x.1）,,43.0,29.0,34.0,36.0,38.0,36.0,33.0,46.0,53.0,63.0,55.0,50.0,51.0,68.0,14.0,48.275862,14.0,0.005816,0.000242
1.圣巴泰勒米岛,圣巴泰勒米岛MAU,raw_data/mau.csv,MAU,渠道自然=整体，国家=x（非整体），平台=整体，新老=整体,28.0,43.0,56.0,48.0,94.0,57.0,30.0,13.0,4.0,29.0,36.0,58.0,52.0,86.0,-15.0,-34.883721,-15.0,-0.006231,-0.00026
1.圣巴泰勒米岛.1,新用户 MAU,raw_data/mau.csv,MAU,渠道自然=整体，国家=x（非整体），平台=整体，新老=New,3.0,,3.0,2.0,7.0,4.0,1.0,,,,1.0,1.0,2.0,3.0,,,,,
1.圣巴泰勒米岛.1.1,新渠道用户 MAU,raw_data/mau.csv,MAU,渠道自然=non-Organic，国家=x（非整体），平台=整体，新老=New,,,,,,1.0,1.0,,,,,,1.0,,,,,,
1.圣巴泰勒米岛.1.2,新自然用户 MAU,raw_data/mau.csv,MAU,渠道自然=Organic，国家=x（非整体），平台=整体，新老=New,3.0,,3.0,2.0,7.0,3.0,,,,,1.0,1.0,1.0,3.0,,,,,
1.圣巴泰勒米岛.2,老用户 MAU,本表,整体MAU-新用户 MAU（1.x-1.x.1）,,25.0,,53.0,46.0,87.0,53.0,29.0,,,,35.0,57.0,50.0,83.0,,,,,
1.圣文森特和格林纳丁斯,圣文森特和格林纳丁斯MAU,raw_data/mau.csv,MAU,渠道自然=整体，国家=x（非整体），平台=整体，新老=整体,145.0,158.0,169.0,138.0,200.0,183.0,155.0,217.0,168.0,194.0,234.0,194.0,205.0,181.0,-13.0,-8.227848,-13.0,-0.0054,-0.000225
1.圣文森特和格林纳丁斯.1,新用户 MAU,raw_data/mau.csv,MAU,渠道自然=整体，国家=x（非整体），平台=整体，新老=New,17.0,12.0,13.0,17.0,25.0,15.0,20.0,17.0,15.0,13.0,22.0,14.0,12.0,15.0,5.0,41.666667,5.0,0.002077,8.7e-05
1.圣文森特和格林纳丁斯.1.1,新渠道用户 MAU,raw_data/mau.csv,MAU,渠道自然=non-Organic，国家=x（非整体），平台=整体，新老=New,1.0,1.0,,1.0,2.0,,,,1.0,2.0,,1.0,,3.0,0.0,0.0,0.0,0.0,0.0
1.圣文森特和格林纳丁斯.1.2,新自然用户 MAU,raw_data/mau.csv,MAU,渠道自然=Organic，国家=x（非整体），平台=整体，新老=New,16.0,11.0,13.0,16.0,23.0,15.0,20.0,17.0,14.0,11.0,22.0,13.0,12.0,12.0,5.0,45.454545,5.0,0.002077,8.7e-05
1.圣文森特和格林纳丁斯.2,老用户 MAU,本表,整体MAU-新用户 MAU（1.x-1.x.1）,,128.0,146.0,156.0,121.0,175.0,168.0,135.0,200.0,153.0,181.0,212.0,180.0,193.0,166.0,-18.0,-12.328767,-18.0,-0.007478,-0.000312
1.圣皮埃尔和密克隆群岛,圣皮埃尔和密克隆群岛MAU,raw_data/mau.csv,MAU,渠道自然=整体，国家=x（非整体），平台=整体，新老=整体,1.0,,1.0,,1.0,,2.0,3.0,2.0,1.0,3.0,5.0,3.0,2.0,,,,,
1.圣皮埃尔和密克隆群岛.1,新用户 MAU,raw_data/mau.csv,MAU,渠道自然=整体，国家=x（非整体），平台=整体，新老=New,1.0,,1.0,,1.0,,1.0,1.0,1.0,,,1.0,,1.0,,,,,
1.圣皮埃尔和密克隆群岛.1.1,新渠道用户 MAU,raw_data/mau.csv,MAU,渠道自然=non-Organic，国家=x（非整体），平台=整体，新老=New,,,,,,,,,,,,,,,,,,,
1.圣皮埃尔和密克隆群岛.1.2,新自然用户 MAU,raw_data/mau.csv,MAU,渠道自然=Organic，国家=x（非整体），平台=整体，新老=New,1.0,,1.0,,1.0,,1.0,1.0,1.0,,,1.0,,1.0,,,,,
1.圣皮埃尔和密克隆群岛.2,老用户 MAU,本表,整体MAU-新用户 MAU（1.x-1.x.1）,,0.0,,0.0,,0.0,,1.0,2.0,1.0,,,4.0,,1.0,,,,,
1.圣马力诺,圣马力诺MAU,raw_data/mau.csv,MAU,渠道自然=整体，国家=x（非整体），平台=整体，新老=整体,29.0,27.0,25.0,35.0,35.0,33.0,34.0,41.0,36.0,30.0,30.0,24.0,34.0,35.0,2.0,7.407407,2.0,0.000831,3.5e-05
1.圣马力诺.1,新用户 MAU,raw_data/mau.csv,MAU,渠道自然=整体，国家=x（非整体），平台=整体，新老=New,3.0,3.0,3.0,1.0,5.0,6.0,5.0,5.0,4.0,1.0,4.0,2.0,5.0,2.0,0.0,0.0,0.0,0.0,0.0
1.圣马力诺.1.1,新渠道用户 MAU,raw_data/mau.csv,MAU,渠道自然=non-Organic，国家=x（非整体），平台=整体，新老=New,1.0,1.0,,,1.0,2.0,1.0,,1.0,,,,1.0,,0.0,0.0,0.0,0.0,0.0
1.圣马力诺.1.2,新自然用户 MAU,raw_data/mau.csv,MAU,渠道自然=Organic，国家=x（非整体），平台=整体，新老=New,2.0,2.0,3.0,1.0,4.0,4.0,4.0,5.0,3.0,1.0,4.0,2.0,4.0,2.0,0.0,0.0,0.0,0.0,0.0
1.圣马力诺.2,老用户 MAU,本表,整体MAU-新用户 MAU（1.x-1.x.1）,,26.0,24.0,22.0,34.0,30.0,27.0,29.0,36.0,32.0,29.0,26.0,22.0,29.0,33.0,2.0,8.333333,2.0,0.000831,3.5e-05
1.圭亚那,圭亚那MAU,raw_data/mau.csv,MAU,渠道自然=整体，国家=x（非整体），平台=整体，新老=整体,824.0,762.0,719.0,735.0,870.0,840.0,796.0,1084.0,774.0,845.0,874.0,805.0,869.0,899.0,62.0,8.136483,62.0,0.025756,0.001074
1.圭亚那.1,新用户 MAU,raw_data/mau.csv,MAU,渠道自然=整体，国家=x（非整体），平台=整体，新老=New,128.0,130.0,114.0,123.0,195.0,119.0,105.0,94.0,70.0,91.0,76.0,78.0,71.0,71.0,-2.0,-1.538462,-2.0,-0.000831,-3.5e-05
1.圭亚那.1.1,新渠道用户 MAU,raw_data/mau.csv,MAU,渠道自然=non-Organic，国家=x（非整体），平台=整体，新老=New,10.0,15.0,18.0,16.0,15.0,5.0,9.0,1.0,7.0,6.0,2.0,5.0,7.0,4.0,-5.0,-33.333333,-5.0,-0.002077,-8.7e-05
1.圭亚那.1.2,新自然用户 MAU,raw_data/mau.csv,MAU,渠道自然=Organic，国家=x（非整体），平台=整体，新老=New,118.0,115.0,96.0,107.0,180.0,114.0,96.0,93.0,63.0,85.0,74.0,73.0,64.0,67.0,3.0,2.608696,3.0,0.001246,5.2e-05
1.圭亚那.2,老用户 MAU,本表,整体MAU-新用户 MAU（1.x-1.x.1）,,696.0,632.0,605.0,612.0,675.0,721.0,691.0,990.0,704.0,754.0,798.0,727.0,798.0,828.0,64.0,10.126582,64.0,0.026587,0.001108
1.坦桑尼亚,坦桑尼亚MAU,raw_data/mau.csv,MAU,渠道自然=整体，国家=x（非整体），平台=整体，新老=整体,3224.0,3262.0,3559.0,4252.0,4365.0,3536.0,3071.0,4218.0,4092.0,4254.0,4370.0,4332.0,3916.0,4149.0,-38.0,-1.164929,-38.0,-0.015786,-0.000658
1.坦桑尼亚.1,新用户 MAU,raw_data/mau.csv,MAU,渠道自然=整体，国家=x（非整体），平台=整体，新老=New,736.0,818.0,922.0,1422.0,1465.0,607.0,435.0,636.0,477.0,582.0,613.0,545.0,466.0,440.0,-82.0,-10.02445,-82.0,-0.034064,-0.00142
1.坦桑尼亚.1.1,新渠道用户 MAU,raw_data/mau.csv,MAU,渠道自然=non-Organic，国家=x（非整体），平台=整体，新老=New,27.0,115.0,181.0,399.0,562.0,18.0,3.0,10.0,39.0,40.0,29.0,24.0,31.0,39.0,-88.0,-76.521739,-88.0,-0.036557,-0.001524
1.坦桑尼亚.1.2,新自然用户 MAU,raw_data/mau.csv,MAU,渠道自然=Organic，国家=x（非整体），平台=整体，新老=New,709.0,703.0,741.0,1023.0,903.0,589.0,432.0,626.0,438.0,542.0,584.0,521.0,435.0,401.0,6.0,0.853485,6.0,0.002493,0.000104
1.坦桑尼亚.2,老用户 MAU,本表,整体MAU-新用户 MAU（1.x-1.x.1）,,2488.0,2444.0,2637.0,2830.0,2900.0,2929.0,2636.0,3582.0,3615.0,3672.0,3757.0,3787.0,3450.0,3709.0,44.0,1.800327,44.0,0.018278,0.000762
1.埃及,埃及MAU,raw_data/mau.csv,MAU,渠道自然=整体，国家=x（非整体），平台=整体，新老=整体,26066.0,25223.0,25293.0,22967.0,28224.0,29883.0,31106.0,40832.0,37698.0,40583.0,40588.0,41276.0,40677.0,45750.0,843.0,3.342188,843.0,0.350196,0.014597
1.埃及.1,新用户 MAU,raw_data/mau.csv,MAU,渠道自然=整体，国家=x（非整体），平台=整体，新老=New,5302.0,4714.0,4402.0,3542.0,4724.0,4543.0,5188.0,6900.0,5819.0,6582.0,6368.0,5983.0,4613.0,5756.0,588.0,12.473483,588.0,0.244265,0.010182
1.埃及.1.1,新渠道用户 MAU,raw_data/mau.csv,MAU,渠道自然=non-Organic，国家=x（非整体），平台=整体，新老=New,247.0,249.0,334.0,248.0,246.0,189.0,163.0,157.0,583.0,556.0,533.0,489.0,450.0,520.0,-2.0,-0.803213,-2.0,-0.000831,-3.5e-05
1.埃及.1.2,新自然用户 MAU,raw_data/mau.csv,MAU,渠道自然=Organic，国家=x（非整体），平台=整体，新老=New,5055.0,4465.0,4068.0,3294.0,4478.0,4354.0,5025.0,6743.0,5236.0,6026.0,5835.0,5494.0,4163.0,5236.0,590.0,13.213886,590.0,0.245096,0.010216
1.埃及.2,老用户 MAU,本表,整体MAU-新用户 MAU（1.x-1.x.1）,,20764.0,20509.0,20891.0,19425.0,23500.0,25340.0,25918.0,33932.0,31879.0,34001.0,34220.0,35293.0,36064.0,39994.0,255.0,1.243357,255.0,0.105931,0.004415
1.埃塞俄比亚,埃塞俄比亚MAU,raw_data/mau.csv,MAU,渠道自然=整体，国家=x（非整体），平台=整体，新老=整体,3487.0,3295.0,3273.0,3231.0,3846.0,4103.0,4169.0,5114.0,5232.0,5791.0,6053.0,6212.0,6809.0,7271.0,192.0,5.827011,192.0,0.07976,0.003325
1.埃塞俄比亚.1,新用户 MAU,raw_data/mau.csv,MAU,渠道自然=整体，国家=x（非整体），平台=整体，新老=New,702.0,527.0,419.0,417.0,472.0,449.0,448.0,451.0,462.0,527.0,591.0,530.0,556.0,727.0,175.0,33.206831,175.0,0.072698,0.00303
1.埃塞俄比亚.1.1,新渠道用户 MAU,raw_data/mau.csv,MAU,渠道自然=non-Organic，国家=x（非整体），平台=整体，新老=New,38.0,46.0,33.0,37.0,35.0,24.0,12.0,18.0,55.0,49.0,47.0,38.0,52.0,45.0,-8.0,-17.391304,-8.0,-0.003323,-0.000139
1.埃塞俄比亚.1.2,新自然用户 MAU,raw_data/mau.csv,MAU,渠道自然=Organic，国家=x（非整体），平台=整体，新老=New,664.0,481.0,386.0,380.0,437.0,425.0,436.0,433.0,407.0,478.0,544.0,492.0,504.0,682.0,183.0,38.045738,183.0,0.076021,0.003169
1.埃塞俄比亚.2,老用户 MAU,本表,整体MAU-新用户 MAU（1.x-1.x.1）,,2785.0,2768.0,2854.0,2814.0,3374.0,3654.0,3721.0,4663.0,4770.0,5264.0,5462.0,5682.0,6253.0,6544.0,17.0,0.614162,17.0,0.007062,0.000294
1.基里巴斯,基里巴斯MAU,raw_data/mau.csv,MAU,渠道自然=整体，国家=x（非整体），平台=整体，新老=整体,7.0,3.0,6.0,3.0,4.0,4.0,6.0,4.0,3.0,7.0,3.0,3.0,6.0,6.0,4.0,133.333333,4.0,0.001662,6.9e-05
1.基里巴斯.1,新用户 MAU,raw_data/mau.csv,MAU,渠道自然=整体，国家=x（非整体），平台=整体，新老=New,2.0,1.0,,,2.0,1.0,,,1.0,,,,,1.0,1.0,100.0,1.0,0.000415,1.7e-05
1.基里巴斯.1.1,新渠道用户 MAU,raw_data/mau.csv,MAU,渠道自然=non-Organic，国家=x（非整体），平台=整体，新老=New,1.0,,,,2.0,,,,,,,,,,,,,,
1.基里巴斯.1.2,新自然用户 MAU,raw_data/mau.csv,MAU,渠道自然=Organic，国家=x（非整体），平台=整体，新老=New,1.0,1.0,,,,1.0,,,1.0,,,,,1.0,0.0,0.0,0.0,0.0,0.0
1.基里巴斯.2,老用户 MAU,本表,整体MAU-新用户 MAU（1.x-1.x.1）,,5.0,2.0,,,2.0,3.0,,,2.0,,,,,5.0,3.0,150.0,3.0,0.001246,5.2e-05
1.塔吉克斯坦,塔吉克斯坦MAU,raw_data/mau.csv,MAU,渠道自然=整体，国家=x（非整体），平台=整体，新老=整体,734.0,658.0,694.0,647.0,802.0,805.0,837.0,951.0,911.0,1223.0,1142.0,1054.0,1151.0,1254.0,76.0,11.550152,76.0,0.031572,0.001316
1.塔吉克斯坦.1,新用户 MAU,raw_data/mau.csv,MAU,渠道自然=整体，国家=x（非整体），平台=整体，新老=New,180.0,129.0,133.0,114.0,152.0,172.0,232.0,216.0,128.0,315.0,223.0,149.0,124.0,175.0,51.0,39.534884,51.0,0.021186,0.000883
1.塔吉克斯坦.1.1,新渠道用户 MAU,raw_data/mau.csv,MAU,渠道自然=non-Organic，国家=x（非整体），平台=整体，新老=New,19.0,24.0,24.0,18.0,22.0,20.0,20.0,6.0,21.0,36.0,28.0,18.0,22.0,48.0,-5.0,-20.833333,-5.0,-0.002077,-8.7e-05
1.塔吉克斯坦.1.2,新自然用户 MAU,raw_data/mau.csv,MAU,渠道自然=Organic，国家=x（非整体），平台=整体，新老=New,161.0,105.0,109.0,96.0,130.0,152.0,212.0,210.0,107.0,279.0,195.0,131.0,102.0,127.0,56.0,53.333333,56.0,0.023263,0.00097
1.塔吉克斯坦.2,老用户 MAU,本表,整体MAU-新用户 MAU（1.x-1.x.1）,,554.0,529.0,561.0,533.0,650.0,633.0,605.0,735.0,783.0,908.0,919.0,905.0,1027.0,1079.0,25.0,4.725898,25.0,0.010385,0.000433
1.塞内加尔,塞内加尔MAU,raw_data/mau.csv,MAU,渠道自然=整体，国家=x（非整体），平台=整体，新老=整体,9122.0,4279.0,3229.0,2401.0,2755.0,2712.0,2622.0,3657.0,3581.0,4006.0,3877.0,4699.0,3935.0,4458.0,4843.0,113.18065,4843.0,2.011864,0.08386
1.塞内加尔.1,新用户 MAU,raw_data/mau.csv,MAU,渠道自然=整体，国家=x（非整体），平台=整体，新老=New,6078.0,2181.0,1218.0,657.0,627.0,472.0,416.0,544.0,532.0,659.0,554.0,935.0,429.0,585.0,3897.0,178.679505,3897.0,1.61888,0.067479
1.塞内加尔.1.1,新渠道用户 MAU,raw_data/mau.csv,MAU,渠道自然=non-Organic，国家=x（非整体），平台=整体，新老=New,152.0,66.0,56.0,19.0,9.0,4.0,2.0,3.0,13.0,15.0,19.0,13.0,18.0,28.0,86.0,130.30303,86.0,0.035726,0.001489
1.塞内加尔.1.2,新自然用户 MAU,raw_data/mau.csv,MAU,渠道自然=Organic，国家=x（非整体），平台=整体，新老=New,5926.0,2115.0,1162.0,638.0,618.0,468.0,414.0,541.0,519.0,644.0,535.0,922.0,411.0,557.0,3811.0,180.189125,3811.0,1.583154,0.06599
1.塞内加尔.2,老用户 MAU,本表,整体MAU-新用户 MAU（1.x-1.x.1）,,3044.0,2098.0,2011.0,1744.0,2128.0,2240.0,2206.0,3113.0,3049.0,3347.0,3323.0,3764.0,3506.0,3873.0,946.0,45.090562,946.0,0.392984,0.016381
1.塞尔维亚,塞尔维亚MAU,raw_data/mau.csv,MAU,渠道自然=整体，国家=x（非整体），平台=整体，新老=整体,40065.0,37960.0,37343.0,35180.0,41115.0,41134.0,40416.0,54314.0,41893.0,45810.0,44617.0,46475.0,46941.0,44561.0,2105.0,5.545311,2105.0,0.874453,0.036449
1.塞尔维亚.1,新用户 MAU,raw_data/mau.csv,MAU,渠道自然=整体，国家=x（非整体），平台=整体，新老=New,4140.0,3602.0,3496.0,2999.0,3878.0,3834.0,3449.0,3218.0,1664.0,2091.0,1947.0,2092.0,2121.0,1872.0,538.0,14.936147,538.0,0.223494,0.009316
1.塞尔维亚.1.1,新渠道用户 MAU,raw_data/mau.csv,MAU,渠道自然=non-Organic，国家=x（非整体），平台=整体，新老=New,95.0,89.0,106.0,67.0,93.0,65.0,44.0,22.0,77.0,97.0,102.0,103.0,68.0,72.0,6.0,6.741573,6.0,0.002493,0.000104
1.塞尔维亚.1.2,新自然用户 MAU,raw_data/mau.csv,MAU,渠道自然=Organic，国家=x（非整体），平台=整体，新老=New,4045.0,3513.0,3390.0,2932.0,3785.0,3769.0,3405.0,3196.0,1587.0,1994.0,1845.0,1989.0,2053.0,1800.0,532.0,15.143752,532.0,0.221002,0.009212
1.塞尔维亚.2,老用户 MAU,本表,整体MAU-新用户 MAU（1.x-1.x.1）,,35925.0,34358.0,33847.0,32181.0,37237.0,37300.0,36967.0,51096.0,40229.0,43719.0,42670.0,44383.0,44820.0,42689.0,1567.0,4.560801,1567.0,0.650958,0.027134
1.塞拉利昂,塞拉利昂MAU,raw_data/mau.csv,MAU,渠道自然=整体，国家=x（非整体），平台=整体，新老=整体,851.0,837.0,743.0,804.0,868.0,883.0,795.0,986.0,836.0,962.0,916.0,969.0,993.0,1030.0,14.0,1.67264,14.0,0.005816,0.000242
1.塞拉利昂.1,新用户 MAU,raw_data/mau.csv,MAU,渠道自然=整体，国家=x（非整体），平台=整体，新老=New,261.0,242.0,172.0,168.0,172.0,180.0,156.0,216.0,159.0,178.0,156.0,165.0,151.0,161.0,19.0,7.85124,19.0,0.007893,0.000329
1.塞拉利昂.1.1,新渠道用户 MAU,raw_data/mau.csv,MAU,渠道自然=non-Organic，国家=x（非整体），平台=整体，新老=New,10.0,4.0,3.0,4.0,3.0,2.0,3.0,3.0,3.0,7.0,7.0,8.0,10.0,15.0,6.0,150.0,6.0,0.002493,0.000104
1.塞拉利昂.1.2,新自然用户 MAU,raw_data/mau.csv,MAU,渠道自然=Organic，国家=x（非整体），平台=整体，新老=New,251.0,238.0,169.0,164.0,169.0,178.0,153.0,213.0,156.0,171.0,149.0,157.0,141.0,146.0,13.0,5.462185,13.0,0.0054,0.000225
1.塞拉利昂.2,老用户 MAU,本表,整体MAU-新用户 MAU（1.x-1.x.1）,,590.0,595.0,571.0,636.0,696.0,703.0,639.0,770.0,677.0,784.0,760.0,804.0,842.0,869.0,-5.0,-0.840336,-5.0,-0.002077,-8.7e-05
1.塞浦路斯,塞浦路斯MAU,raw_data/mau.csv,MAU,渠道自然=整体，国家=x（非整体），平台=整体，新老=整体,5513.0,4615.0,3964.0,3904.0,4234.0,4605.0,4624.0,7548.0,7809.0,8904.0,8801.0,8237.0,7603.0,6638.0,898.0,19.458288,898.0,0.373044,0.015549
1.塞浦路斯.1,新用户 MAU,raw_data/mau.csv,MAU,渠道自然=整体，国家=x（非整体），平台=整体，新老=New,551.0,445.0,352.0,343.0,451.0,501.0,446.0,424.0,350.0,550.0,511.0,461.0,437.0,379.0,106.0,23.820225,106.0,0.044034,0.001835
1.塞浦路斯.1.1,新渠道用户 MAU,raw_data/mau.csv,MAU,渠道自然=non-Organic，国家=x（非整体），平台=整体，新老=New,43.0,40.0,43.0,32.0,27.0,24.0,31.0,14.0,55.0,102.0,81.0,87.0,77.0,58.0,3.0,7.5,3.0,0.001246,5.2e-05
1.塞浦路斯.1.2,新自然用户 MAU,raw_data/mau.csv,MAU,渠道自然=Organic，国家=x（非整体），平台=整体，新老=New,508.0,405.0,309.0,311.0,424.0,477.0,415.0,410.0,295.0,448.0,430.0,374.0,360.0,321.0,103.0,25.432099,103.0,0.042788,0.001784
1.塞浦路斯.2,老用户 MAU,本表,整体MAU-新用户 MAU（1.x-1.x.1）,,4962.0,4170.0,3612.0,3561.0,3783.0,4104.0,4178.0,7124.0,7459.0,8354.0,8290.0,7776.0,7166.0,6259.0,792.0,18.992806,792.0,0.32901,0.013714
1.塞舌尔,塞舌尔MAU,raw_data/mau.csv,MAU,渠道自然=整体，国家=x（非整体），平台=整体，新老=整体,331.0,292.0,258.0,298.0,318.0,318.0,292.0,337.0,348.0,313.0,319.0,332.0,319.0,377.0,39.0,13.356164,39.0,0.016201,0.000675
1.塞舌尔.1,新用户 MAU,raw_data/mau.csv,MAU,渠道自然=整体，国家=x（非整体），平台=整体，新老=New,33.0,28.0,24.0,31.0,44.0,34.0,34.0,30.0,19.0,23.0,17.0,23.0,30.0,32.0,5.0,17.857143,5.0,0.002077,8.7e-05
1.塞舌尔.1.1,新渠道用户 MAU,raw_data/mau.csv,MAU,渠道自然=non-Organic，国家=x（非整体），平台=整体，新老=New,3.0,3.0,2.0,1.0,3.0,3.0,3.0,1.0,7.0,9.0,3.0,7.0,16.0,18.0,0.0,0.0,0.0,0.0,0.0
1.塞舌尔.1.2,新自然用户 MAU,raw_data/mau.csv,MAU,渠道自然=Organic，国家=x（非整体），平台=整体，新老=New,30.0,25.0,22.0,30.0,41.0,31.0,31.0,29.0,12.0,14.0,14.0,16.0,14.0,14.0,5.0,20.0,5.0,0.002077,8.7e-05
1.塞舌尔.2,老用户 MAU,本表,整体MAU-新用户 MAU（1.x-1.x.1）,,298.0,264.0,234.0,267.0,274.0,284.0,258.0,307.0,329.0,290.0,302.0,309.0,289.0,345.0,34.0,12.878788,34.0,0.014124,0.000589
1.墨西哥,墨西哥MAU,raw_data/mau.csv,MAU,渠道自然=整体，国家=x（非整体），平台=整体，新老=整体,140233.0,188637.0,154635.0,108111.0,161028.0,190268.0,158977.0,167103.0,132015.0,140414.0,142672.0,139031.0,149396.0,146127.0,-48404.0,-25.659865,-48404.0,-20.107842,-0.838145
1.墨西哥.1,新用户 MAU,raw_data/mau.csv,MAU,渠道自然=整体，国家=x（非整体），平台=整体，新老=New,42711.0,91511.0,58954.0,15886.0,56198.0,85178.0,61009.0,28802.0,22736.0,26423.0,25649.0,24488.0,31868.0,32660.0,-48800.0,-53.326922,-48800.0,-20.272347,-0.845002
1.墨西哥.1.1,新渠道用户 MAU,raw_data/mau.csv,MAU,渠道自然=non-Organic，国家=x（非整体），平台=整体，新老=New,28406.0,72370.0,45074.0,6444.0,35253.0,46670.0,20192.0,4825.0,15829.0,17346.0,16646.0,15625.0,21627.0,23059.0,-43964.0,-60.748929,-43964.0,-18.263391,-0.761264
1.墨西哥.1.2,新自然用户 MAU,raw_data/mau.csv,MAU,渠道自然=Organic，国家=x（非整体），平台=整体，新老=New,14305.0,19141.0,13880.0,9442.0,20945.0,38508.0,40817.0,23977.0,6907.0,9077.0,9003.0,8863.0,10241.0,9601.0,-4836.0,-25.265138,-4836.0,-2.008956,-0.083738
1.墨西哥.2,老用户 MAU,本表,整体MAU-新用户 MAU（1.x-1.x.1）,,97522.0,97126.0,95681.0,92225.0,104830.0,105090.0,97968.0,138301.0,109279.0,113991.0,117023.0,114543.0,117528.0,113467.0,396.0,0.407718,396.0,0.164505,0.006857
1.多哥,多哥MAU,raw_data/mau.csv,MAU,渠道自然=整体，国家=x（非整体），平台=整体，新老=整体,965.0,509.0,416.0,441.0,510.0,586.0,590.0,811.0,616.0,741.0,805.0,756.0,759.0,783.0,456.0,89.587426,456.0,0.18943,0.007896
1.多哥.1,新用户 MAU,raw_data/mau.csv,MAU,渠道自然=整体，国家=x（非整体），平台=整体，新老=New,530.0,231.0,87.0,89.0,118.0,105.0,123.0,165.0,98.0,157.0,204.0,100.0,77.0,67.0,299.0,129.437229,299.0,0.12421,0.005177
1.多哥.1.1,新渠道用户 MAU,raw_data/mau.csv,MAU,渠道自然=non-Organic，国家=x（非整体），平台=整体，新老=New,7.0,3.0,10.0,4.0,1.0,5.0,2.0,2.0,11.0,14.0,10.0,8.0,9.0,10.0,4.0,133.333333,4.0,0.001662,6.9e-05
1.多哥.1.2,新自然用户 MAU,raw_data/mau.csv,MAU,渠道自然=Organic，国家=x（非整体），平台=整体，新老=New,523.0,228.0,77.0,85.0,117.0,100.0,121.0,163.0,87.0,143.0,194.0,92.0,68.0,57.0,295.0,129.385965,295.0,0.122548,0.005108
1.多哥.2,老用户 MAU,本表,整体MAU-新用户 MAU（1.x-1.x.1）,,435.0,278.0,329.0,352.0,392.0,481.0,467.0,646.0,518.0,584.0,601.0,656.0,682.0,716.0,157.0,56.47482,157.0,0.06522,0.002719
1.多米尼克,多米尼克MAU,raw_data/mau.csv,MAU,渠道自然=整体，国家=x（非整体），平台=整体，新老=整体,83.0,82.0,77.0,123.0,96.0,96.0,74.0,137.0,92.0,106.0,98.0,97.0,91.0,123.0,1.0,1.219512,1.0,0.000415,1.7e-05
1.多米尼克.1,新用户 MAU,raw_data/mau.csv,MAU,渠道自然=整体，国家=x（非整体），平台=整体，新老=New,13.0,17.0,2.0,23.0,12.0,15.0,7.0,13.0,9.0,9.0,9.0,10.0,8.0,7.0,-4.0,-23.529412,-4.0,-0.001662,-6.9e-05
1.多米尼克.1.1,新渠道用户 MAU,raw_data/mau.csv,MAU,渠道自然=non-Organic，国家=x（非整体），平台=整体，新老=New,,,,2.0,,,1.0,,2.0,2.0,1.0,,,1.0,,,,,
1.多米尼克.1.2,新自然用户 MAU,raw_data/mau.csv,MAU,渠道自然=Organic，国家=x（非整体），平台=整体，新老=New,13.0,17.0,2.0,21.0,12.0,15.0,6.0,13.0,7.0,7.0,8.0,10.0,8.0,6.0,-4.0,-23.529412,-4.0,-0.001662,-6.9e-05
1.多米尼克.2,老用户 MAU,本表,整体MAU-新用户 MAU（1.x-1.x.1）,,70.0,65.0,75.0,100.0,84.0,81.0,67.0,124.0,83.0,97.0,89.0,87.0,83.0,116.0,5.0,7.692308,5.0,0.002077,8.7e-05
1.多米尼加,多米尼加MAU,raw_data/mau.csv,MAU,渠道自然=整体，国家=x（非整体），平台=整体，新老=整体,9316.0,9436.0,10447.0,8785.0,10640.0,10931.0,9512.0,11595.0,9631.0,10942.0,11516.0,11379.0,11686.0,11442.0,-120.0,-1.271725,-120.0,-0.04985,-0.002078
1.多米尼加.1,新用户 MAU,raw_data/mau.csv,MAU,渠道自然=整体，国家=x（非整体），平台=整体，新老=New,1398.0,1369.0,1279.0,1122.0,1377.0,1629.0,1189.0,1248.0,841.0,1019.0,1073.0,1067.0,1098.0,1247.0,29.0,2.118335,29.0,0.012047,0.000502
1.多米尼加.1.1,新渠道用户 MAU,raw_data/mau.csv,MAU,渠道自然=non-Organic，国家=x（非整体），平台=整体，新老=New,94.0,125.0,140.0,100.0,86.0,97.0,48.0,22.0,73.0,89.0,82.0,80.0,80.0,90.0,-31.0,-24.8,-31.0,-0.012878,-0.000537
1.多米尼加.1.2,新自然用户 MAU,raw_data/mau.csv,MAU,渠道自然=Organic，国家=x（非整体），平台=整体，新老=New,1304.0,1244.0,1139.0,1022.0,1291.0,1532.0,1141.0,1226.0,768.0,930.0,991.0,987.0,1018.0,1157.0,60.0,4.823151,60.0,0.024925,0.001039
1.多米尼加.2,老用户 MAU,本表,整体MAU-新用户 MAU（1.x-1.x.1）,,7918.0,8067.0,9168.0,7663.0,9263.0,9302.0,8323.0,10347.0,8790.0,9923.0,10443.0,10312.0,10588.0,10195.0,-149.0,-1.847031,-149.0,-0.061897,-0.00258
1.奥兰群岛,奥兰群岛MAU,raw_data/mau.csv,MAU,渠道自然=整体，国家=x（非整体），平台=整体，新老=整体,9.0,11.0,11.0,10.0,19.0,17.0,18.0,13.0,5.0,5.0,7.0,9.0,3.0,1.0,-2.0,-18.181818,-2.0,-0.000831,-3.5e-05
1.奥兰群岛.1,新用户 MAU,raw_data/mau.csv,MAU,渠道自然=整体，国家=x（非整体），平台=整体，新老=New,,1.0,2.0,,,,1.0,1.0,1.0,,,,,,,,,,
1.奥兰群岛.1.1,新渠道用户 MAU,raw_data/mau.csv,MAU,渠道自然=non-Organic，国家=x（非整体），平台=整体，新老=New,,,,,,,,,,,,,,,,,,,
1.奥兰群岛.1.2,新自然用户 MAU,raw_data/mau.csv,MAU,渠道自然=Organic，国家=x（非整体），平台=整体，新老=New,,1.0,2.0,,,,1.0,1.0,1.0,,,,,,,,,,
1.奥兰群岛.2,老用户 MAU,本表,整体MAU-新用户 MAU（1.x-1.x.1）,,,10.0,9.0,,,,17.0,12.0,4.0,,,,,,,,,,
1.奥地利,奥地利MAU,raw_data/mau.csv,MAU,渠道自然=整体，国家=x（非整体），平台=整体，新老=整体,16000.0,14641.0,16164.0,15070.0,16209.0,18113.0,14524.0,16060.0,12034.0,13348.0,13195.0,12881.0,12339.0,12052.0,1359.0,9.282153,1359.0,0.564552,0.023532
1.奥地利.1,新用户 MAU,raw_data/mau.csv,MAU,渠道自然=整体，国家=x（非整体），平台=整体，新老=New,1870.0,1680.0,1465.0,1407.0,1673.0,1963.0,1697.0,1410.0,803.0,1067.0,1019.0,934.0,900.0,776.0,190.0,11.309524,190.0,0.078929,0.00329
1.奥地利.1.1,新渠道用户 MAU,raw_data/mau.csv,MAU,渠道自然=non-Organic，国家=x（非整体），平台=整体，新老=New,130.0,111.0,117.0,81.0,82.0,77.0,42.0,57.0,169.0,177.0,156.0,109.0,99.0,122.0,19.0,17.117117,19.0,0.007893,0.000329
1.奥地利.1.2,新自然用户 MAU,raw_data/mau.csv,MAU,渠道自然=Organic，国家=x（非整体），平台=整体，新老=New,1740.0,1569.0,1348.0,1326.0,1591.0,1886.0,1655.0,1353.0,634.0,890.0,863.0,825.0,801.0,654.0,171.0,10.898662,171.0,0.071036,0.002961
1.奥地利.2,老用户 MAU,本表,整体MAU-新用户 MAU（1.x-1.x.1）,,14130.0,12961.0,14699.0,13663.0,14536.0,16150.0,12827.0,14650.0,11231.0,12281.0,12176.0,11947.0,11439.0,11276.0,1169.0,9.019366,1169.0,0.485622,0.020242
1.委内瑞拉,委内瑞拉MAU,raw_data/mau.csv,MAU,渠道自然=整体，国家=x（非整体），平台=整体，新老=整体,14052.0,13973.0,14331.0,14248.0,17247.0,19258.0,18728.0,25319.0,21842.0,23270.0,23563.0,23753.0,26668.0,25442.0,79.0,0.565376,79.0,0.032818,0.001368
1.委内瑞拉.1,新用户 MAU,raw_data/mau.csv,MAU,渠道自然=整体，国家=x（非整体），平台=整体，新老=New,2265.0,2164.0,2091.0,2001.0,2420.0,2544.0,2146.0,2092.0,1821.0,2035.0,1741.0,1741.0,2850.0,1765.0,101.0,4.667283,101.0,0.041957,0.001749
1.委内瑞拉.1.1,新渠道用户 MAU,raw_data/mau.csv,MAU,渠道自然=non-Organic，国家=x（非整体），平台=整体，新老=New,307.0,392.0,430.0,370.0,342.0,257.0,151.0,88.0,356.0,304.0,296.0,238.0,287.0,218.0,-85.0,-21.683673,-85.0,-0.03531,-0.001472
1.委内瑞拉.1.2,新自然用户 MAU,raw_data/mau.csv,MAU,渠道自然=Organic，国家=x（非整体），平台=整体，新老=New,1958.0,1772.0,1661.0,1631.0,2078.0,2287.0,1995.0,2004.0,1465.0,1731.0,1445.0,1503.0,2563.0,1547.0,186.0,10.496614,186.0,0.077268,0.003221
1.委内瑞拉.2,老用户 MAU,本表,整体MAU-新用户 MAU（1.x-1.x.1）,,11787.0,11809.0,12240.0,12247.0,14827.0,16714.0,16582.0,23227.0,20021.0,21235.0,21822.0,22012.0,23818.0,23677.0,-22.0,-0.186299,-22.0,-0.009139,-0.000381
1.孟加拉,孟加拉MAU,raw_data/mau.csv,MAU,渠道自然=整体，国家=x（非整体），平台=整体，新老=整体,82522.0,86503.0,103027.0,96130.0,109662.0,135294.0,140284.0,162680.0,110106.0,121980.0,123316.0,148560.0,148541.0,157827.0,-3981.0,-4.602153,-3981.0,-1.653775,-0.068933
1.孟加拉.1,新用户 MAU,raw_data/mau.csv,MAU,渠道自然=整体，国家=x（非整体），平台=整体，新老=New,20591.0,20070.0,28461.0,27465.0,28004.0,41253.0,48386.0,50854.0,18944.0,23723.0,19937.0,29395.0,31161.0,26842.0,521.0,2.595914,521.0,0.216432,0.009021
1.孟加拉.1.1,新渠道用户 MAU,raw_data/mau.csv,MAU,渠道自然=non-Organic，国家=x（非整体），平台=整体，新老=New,831.0,1393.0,2916.0,1246.0,1334.0,1027.0,776.0,799.0,2786.0,3811.0,1847.0,2502.0,2893.0,2784.0,-562.0,-40.34458,-562.0,-0.233464,-0.009731
1.孟加拉.1.2,新自然用户 MAU,raw_data/mau.csv,MAU,渠道自然=Organic，国家=x（非整体），平台=整体，新老=New,19760.0,18677.0,25545.0,26219.0,26670.0,40226.0,47610.0,50055.0,16158.0,19912.0,18090.0,26893.0,28268.0,24058.0,1083.0,5.798576,1083.0,0.449897,0.018753
1.孟加拉.2,老用户 MAU,本表,整体MAU-新用户 MAU（1.x-1.x.1）,,61931.0,66433.0,74566.0,68665.0,81658.0,94041.0,91898.0,111826.0,91162.0,98257.0,103379.0,119165.0,117380.0,130985.0,-4502.0,-6.776753,-4502.0,-1.870207,-0.077955
1.安哥拉,安哥拉MAU,raw_data/mau.csv,MAU,渠道自然=整体，国家=x（非整体），平台=整体，新老=整体,2037.0,1897.0,1922.0,1886.0,2146.0,2288.0,2090.0,2792.0,2447.0,2538.0,2616.0,2520.0,2562.0,2585.0,140.0,7.380074,140.0,0.058158,0.002424
1.安哥拉.1,新用户 MAU,raw_data/mau.csv,MAU,渠道自然=整体，国家=x（非整体），平台=整体，新老=New,475.0,422.0,370.0,344.0,450.0,461.0,329.0,423.0,348.0,386.0,441.0,347.0,308.0,281.0,53.0,12.559242,53.0,0.022017,0.000918
1.安哥拉.1.1,新渠道用户 MAU,raw_data/mau.csv,MAU,渠道自然=non-Organic，国家=x（非整体），平台=整体，新老=New,12.0,7.0,14.0,7.0,7.0,5.0,5.0,3.0,8.0,15.0,22.0,10.0,10.0,13.0,5.0,71.428571,5.0,0.002077,8.7e-05
1.安哥拉.1.2,新自然用户 MAU,raw_data/mau.csv,MAU,渠道自然=Organic，国家=x（非整体），平台=整体，新老=New,463.0,415.0,356.0,337.0,443.0,456.0,324.0,420.0,340.0,371.0,419.0,337.0,298.0,268.0,48.0,11.566265,48.0,0.01994,0.000831
1.安哥拉.2,老用户 MAU,本表,整体MAU-新用户 MAU（1.x-1.x.1）,,1562.0,1475.0,1552.0,1542.0,1696.0,1827.0,1761.0,2369.0,2099.0,2152.0,2175.0,2173.0,2254.0,2304.0,87.0,5.898305,87.0,0.036141,0.001506
1.安圭拉,安圭拉MAU,raw_data/mau.csv,MAU,渠道自然=整体，国家=x（非整体），平台=整体，新老=整体,97.0,107.0,85.0,81.0,76.0,86.0,66.0,39.0,32.0,67.0,77.0,78.0,80.0,74.0,-10.0,-9.345794,-10.0,-0.004154,-0.000173
1.安圭拉.1,新用户 MAU,raw_data/mau.csv,MAU,渠道自然=整体，国家=x（非整体），平台=整体，新老=New,5.0,13.0,4.0,4.0,8.0,8.0,3.0,2.0,1.0,2.0,6.0,5.0,3.0,4.0,-8.0,-61.538462,-8.0,-0.003323,-0.000139
1.安圭拉.1.1,新渠道用户 MAU,raw_data/mau.csv,MAU,渠道自然=non-Organic，国家=x（非整体），平台=整体，新老=New,1.0,1.0,,,,1.0,,,1.0,,,2.0,,,0.0,0.0,0.0,0.0,0.0
1.安圭拉.1.2,新自然用户 MAU,raw_data/mau.csv,MAU,渠道自然=Organic，国家=x（非整体），平台=整体，新老=New,4.0,12.0,4.0,4.0,8.0,7.0,3.0,2.0,,2.0,6.0,3.0,3.0,4.0,-8.0,-66.666667,-8.0,-0.003323,-0.000139
1.安圭拉.2,老用户 MAU,本表,整体MAU-新用户 MAU（1.x-1.x.1）,,92.0,94.0,81.0,77.0,68.0,78.0,63.0,37.0,31.0,65.0,71.0,73.0,77.0,70.0,-2.0,-2.12766,-2.0,-0.000831,-3.5e-05
1.安提瓜和巴布达,安提瓜和巴布达MAU,raw_data/mau.csv,MAU,渠道自然=整体，国家=x（非整体），平台=整体，新老=整体,564.0,533.0,580.0,536.0,598.0,585.0,473.0,507.0,336.0,438.0,480.0,387.0,389.0,438.0,31.0,5.816135,31.0,0.012878,0.000537
1.安提瓜和巴布达.1,新用户 MAU,raw_data/mau.csv,MAU,渠道自然=整体，国家=x（非整体），平台=整体，新老=New,44.0,44.0,46.0,42.0,39.0,44.0,37.0,24.0,11.0,33.0,23.0,16.0,20.0,25.0,0.0,0.0,0.0,0.0,0.0
1.安提瓜和巴布达.1.1,新渠道用户 MAU,raw_data/mau.csv,MAU,渠道自然=non-Organic，国家=x（非整体），平台=整体，新老=New,2.0,2.0,4.0,,,2.0,1.0,1.0,,8.0,5.0,,3.0,2.0,0.0,0.0,0.0,0.0,0.0
1.安提瓜和巴布达.1.2,新自然用户 MAU,raw_data/mau.csv,MAU,渠道自然=Organic，国家=x（非整体），平台=整体，新老=New,42.0,42.0,42.0,42.0,39.0,42.0,36.0,23.0,11.0,25.0,18.0,16.0,17.0,23.0,0.0,0.0,0.0,0.0,0.0
1.安提瓜和巴布达.2,老用户 MAU,本表,整体MAU-新用户 MAU（1.x-1.x.1）,,520.0,489.0,534.0,494.0,559.0,541.0,436.0,483.0,325.0,405.0,457.0,371.0,369.0,413.0,31.0,6.339468,31.0,0.012878,0.000537
1.安道尔,安道尔MAU,raw_data/mau.csv,MAU,渠道自然=整体，国家=x（非整体），平台=整体，新老=整体,172.0,230.0,391.0,488.0,524.0,412.0,230.0,255.0,187.0,246.0,240.0,187.0,183.0,244.0,-58.0,-25.217391,-58.0,-0.024094,-0.001004
1.安道尔.1,新用户 MAU,raw_data/mau.csv,MAU,渠道自然=整体，国家=x（非整体），平台=整体，新老=New,20.0,22.0,23.0,52.0,35.0,33.0,18.0,18.0,4.0,13.0,10.0,10.0,13.0,5.0,-2.0,-9.090909,-2.0,-0.000831,-3.5e-05
1.安道尔.1.1,新渠道用户 MAU,raw_data/mau.csv,MAU,渠道自然=non-Organic，国家=x（非整体），平台=整体，新老=New,4.0,4.0,8.0,11.0,8.0,5.0,2.0,3.0,,,1.0,1.0,1.0,2.0,0.0,0.0,0.0,0.0,0.0
1.安道尔.1.2,新自然用户 MAU,raw_data/mau.csv,MAU,渠道自然=Organic，国家=x（非整体），平台=整体，新老=New,16.0,18.0,15.0,41.0,27.0,28.0,16.0,15.0,4.0,13.0,9.0,9.0,12.0,3.0,-2.0,-11.111111,-2.0,-0.000831,-3.5e-05
1.安道尔.2,老用户 MAU,本表,整体MAU-新用户 MAU（1.x-1.x.1）,,152.0,208.0,368.0,436.0,489.0,379.0,212.0,237.0,183.0,233.0,230.0,177.0,170.0,239.0,-56.0,-26.923077,-56.0,-0.023263,-0.00097
1.密克罗尼西亚联邦,密克罗尼西亚联邦MAU,raw_data/mau.csv,MAU,渠道自然=整体，国家=x（非整体），平台=整体，新老=整体,7.0,6.0,8.0,8.0,5.0,8.0,8.0,6.0,6.0,18.0,21.0,14.0,11.0,12.0,1.0,16.666667,1.0,0.000415,1.7e-05
1.密克罗尼西亚联邦.1,新用户 MAU,raw_data/mau.csv,MAU,渠道自然=整体，国家=x（非整体），平台=整体，新老=New,4.0,4.0,2.0,2.0,2.0,2.0,1.0,,,2.0,3.0,2.0,1.0,,0.0,0.0,0.0,0.0,0.0
1.密克罗尼西亚联邦.1.1,新渠道用户 MAU,raw_data/mau.csv,MAU,渠道自然=non-Organic，国家=x（非整体），平台=整体，新老=New,2.0,1.0,,,,,,,,,,,,,1.0,100.0,1.0,0.000415,1.7e-05
1.密克罗尼西亚联邦.1.2,新自然用户 MAU,raw_data/mau.csv,MAU,渠道自然=Organic，国家=x（非整体），平台=整体，新老=New,2.0,3.0,2.0,2.0,2.0,2.0,1.0,,,2.0,3.0,2.0,1.0,,-1.0,-33.333333,-1.0,-0.000415,-1.7e-05
1.密克罗尼西亚联邦.2,老用户 MAU,本表,整体MAU-新用户 MAU（1.x-1.x.1）,,3.0,2.0,6.0,6.0,3.0,6.0,7.0,,,16.0,18.0,12.0,10.0,,1.0,50.0,1.0,0.000415,1.7e-05
1.尼加拉瓜,尼加拉瓜MAU,raw_data/mau.csv,MAU,渠道自然=整体，国家=x（非整体），平台=整体，新老=整体,1883.0,1936.0,1962.0,1869.0,2237.0,2379.0,2119.0,2852.0,2326.0,2492.0,2499.0,2573.0,2674.0,2699.0,-53.0,-2.737603,-53.0,-0.022017,-0.000918
1.尼加拉瓜.1,新用户 MAU,raw_data/mau.csv,MAU,渠道自然=整体，国家=x（非整体），平台=整体，新老=New,346.0,364.0,334.0,300.0,401.0,435.0,323.0,361.0,316.0,319.0,276.0,301.0,279.0,274.0,-18.0,-4.945055,-18.0,-0.007478,-0.000312
1.尼加拉瓜.1.1,新渠道用户 MAU,raw_data/mau.csv,MAU,渠道自然=non-Organic，国家=x（非整体），平台=整体，新老=New,44.0,57.0,60.0,44.0,51.0,54.0,16.0,9.0,56.0,50.0,50.0,43.0,36.0,29.0,-13.0,-22.807018,-13.0,-0.0054,-0.000225
1.尼加拉瓜.1.2,新自然用户 MAU,raw_data/mau.csv,MAU,渠道自然=Organic，国家=x（非整体），平台=整体，新老=New,302.0,307.0,274.0,256.0,350.0,381.0,307.0,352.0,260.0,269.0,226.0,258.0,243.0,245.0,-5.0,-1.628664,-5.0,-0.002077,-8.7e-05
1.尼加拉瓜.2,老用户 MAU,本表,整体MAU-新用户 MAU（1.x-1.x.1）,,1537.0,1572.0,1628.0,1569.0,1836.0,1944.0,1796.0,2491.0,2010.0,2173.0,2223.0,2272.0,2395.0,2425.0,-35.0,-2.226463,-35.0,-0.01454,-0.000606
1.尼日利亚,尼日利亚MAU,raw_data/mau.csv,MAU,渠道自然=整体，国家=x（非整体），平台=整体，新老=整体,75570.0,58045.0,38280.0,35912.0,40140.0,40971.0,39365.0,48562.0,42235.0,44132.0,44324.0,45633.0,46058.0,47232.0,17525.0,30.192092,17525.0,7.280182,0.303456
1.尼日利亚.1,新用户 MAU,raw_data/mau.csv,MAU,渠道自然=整体，国家=x（非整体），平台=整体，新老=New,33287.0,27971.0,8908.0,7791.0,8926.0,8902.0,7866.0,9717.0,6707.0,7210.0,7028.0,7516.0,8011.0,9739.0,5316.0,19.005398,5316.0,2.208357,0.09205
1.尼日利亚.1.1,新渠道用户 MAU,raw_data/mau.csv,MAU,渠道自然=non-Organic，国家=x（非整体），平台=整体，新老=New,577.0,286.0,428.0,177.0,155.0,138.0,107.0,118.0,306.0,318.0,267.0,309.0,296.0,355.0,291.0,101.748252,291.0,0.120886,0.005039
1.尼日利亚.1.2,新自然用户 MAU,raw_data/mau.csv,MAU,渠道自然=Organic，国家=x（非整体），平台=整体，新老=New,32710.0,27685.0,8480.0,7614.0,8771.0,8764.0,7759.0,9599.0,6401.0,6892.0,6761.0,7207.0,7715.0,9384.0,5025.0,18.150623,5025.0,2.08747,0.087011
1.尼日利亚.2,老用户 MAU,本表,整体MAU-新用户 MAU（1.x-1.x.1）,,42283.0,30074.0,29372.0,28121.0,31214.0,32069.0,31499.0,38845.0,35528.0,36922.0,37296.0,38117.0,38047.0,37493.0,12209.0,40.596529,12209.0,5.071826,0.211406
1.尼日尔,尼日尔MAU,raw_data/mau.csv,MAU,渠道自然=整体，国家=x（非整体），平台=整体，新老=整体,515.0,437.0,315.0,261.0,300.0,277.0,283.0,367.0,327.0,374.0,356.0,315.0,304.0,327.0,78.0,17.84897,78.0,0.032403,0.001351
1.尼日尔.1,新用户 MAU,raw_data/mau.csv,MAU,渠道自然=整体，国家=x（非整体），平台=整体，新老=New,278.0,230.0,125.0,77.0,108.0,74.0,83.0,129.0,79.0,124.0,113.0,64.0,53.0,43.0,48.0,20.869565,48.0,0.01994,0.000831
1.尼日尔.1.1,新渠道用户 MAU,raw_data/mau.csv,MAU,渠道自然=non-Organic，国家=x（非整体），平台=整体，新老=New,19.0,42.0,23.0,,1.0,1.0,1.0,,1.0,2.0,,,,,-23.0,-54.761905,-23.0,-0.009555,-0.000398
1.尼日尔.1.2,新自然用户 MAU,raw_data/mau.csv,MAU,渠道自然=Organic，国家=x（非整体），平台=整体，新老=New,259.0,188.0,102.0,77.0,107.0,73.0,82.0,129.0,78.0,122.0,113.0,64.0,53.0,43.0,71.0,37.765957,71.0,0.029495,0.001229
1.尼日尔.2,老用户 MAU,本表,整体MAU-新用户 MAU（1.x-1.x.1）,,237.0,207.0,190.0,184.0,192.0,203.0,200.0,238.0,248.0,250.0,243.0,251.0,251.0,284.0,30.0,14.492754,30.0,0.012463,0.000519
1.尼泊尔,尼泊尔MAU,raw_data/mau.csv,MAU,渠道自然=整体，国家=x（非整体），平台=整体，新老=整体,4877.0,4954.0,5570.0,5041.0,6043.0,6607.0,6817.0,9585.0,7561.0,8414.0,8706.0,9068.0,10276.0,10879.0,-77.0,-1.5543,-77.0,-0.031987,-0.001333
1.尼泊尔.1,新用户 MAU,raw_data/mau.csv,MAU,渠道自然=整体，国家=x（非整体），平台=整体，新老=New,1098.0,1190.0,1708.0,1329.0,1428.0,1062.0,1079.0,1353.0,1108.0,927.0,900.0,945.0,1099.0,1055.0,-92.0,-7.731092,-92.0,-0.038218,-0.001593
1.尼泊尔.1.1,新渠道用户 MAU,raw_data/mau.csv,MAU,渠道自然=non-Organic，国家=x（非整体），平台=整体，新老=New,131.0,253.0,735.0,354.0,411.0,87.0,50.0,32.0,133.0,137.0,121.0,90.0,121.0,134.0,-122.0,-48.221344,-122.0,-0.050681,-0.002113
1.尼泊尔.1.2,新自然用户 MAU,raw_data/mau.csv,MAU,渠道自然=Organic，国家=x（非整体），平台=整体，新老=New,967.0,937.0,973.0,975.0,1017.0,975.0,1029.0,1321.0,975.0,790.0,779.0,855.0,978.0,921.0,30.0,3.201708,30.0,0.012463,0.000519
1.尼泊尔.2,老用户 MAU,本表,整体MAU-新用户 MAU（1.x-1.x.1）,,3779.0,3764.0,3862.0,3712.0,4615.0,5545.0,5738.0,8232.0,6453.0,7487.0,7806.0,8123.0,9177.0,9824.0,15.0,0.398512,15.0,0.006231,0.00026
1.巴勒斯坦,巴勒斯坦MAU,raw_data/mau.csv,MAU,渠道自然=整体，国家=x（非整体），平台=整体，新老=整体,5420.0,4486.0,3658.0,3990.0,4292.0,4525.0,4504.0,3418.0,1893.0,2144.0,2114.0,2231.0,2173.0,2131.0,934.0,20.82033,934.0,0.387999,0.016173
1.巴勒斯坦.1,新用户 MAU,raw_data/mau.csv,MAU,渠道自然=整体，国家=x（非整体），平台=整体，新老=New,651.0,610.0,291.0,311.0,352.0,392.0,488.0,350.0,301.0,420.0,350.0,386.0,360.0,250.0,41.0,6.721311,41.0,0.017032,0.00071
1.巴勒斯坦.1.1,新渠道用户 MAU,raw_data/mau.csv,MAU,渠道自然=non-Organic，国家=x（非整体），平台=整体，新老=New,37.0,19.0,30.0,14.0,23.0,13.0,16.0,15.0,72.0,104.0,66.0,91.0,39.0,31.0,18.0,94.736842,18.0,0.007478,0.000312
1.巴勒斯坦.1.2,新自然用户 MAU,raw_data/mau.csv,MAU,渠道自然=Organic，国家=x（非整体），平台=整体，新老=New,614.0,591.0,261.0,297.0,329.0,379.0,472.0,335.0,229.0,316.0,284.0,295.0,321.0,219.0,23.0,3.891709,23.0,0.009555,0.000398
1.巴勒斯坦.2,老用户 MAU,本表,整体MAU-新用户 MAU（1.x-1.x.1）,,4769.0,3876.0,3367.0,3679.0,3940.0,4133.0,4016.0,3068.0,1592.0,1724.0,1764.0,1845.0,1813.0,1881.0,893.0,23.039216,893.0,0.370967,0.015463
1.巴哈马,巴哈马MAU,raw_data/mau.csv,MAU,渠道自然=整体，国家=x（非整体），平台=整体，新老=整体,1632.0,1500.0,1841.0,1259.0,1455.0,1559.0,1211.0,1286.0,1033.0,1547.0,2047.0,1779.0,1704.0,1586.0,132.0,8.8,132.0,0.054835,0.002286
1.巴哈马.1,新用户 MAU,raw_data/mau.csv,MAU,渠道自然=整体，国家=x（非整体），平台=整体，新老=New,170.0,164.0,171.0,134.0,137.0,170.0,138.0,138.0,86.0,113.0,116.0,136.0,126.0,148.0,6.0,3.658537,6.0,0.002493,0.000104
1.巴哈马.1.1,新渠道用户 MAU,raw_data/mau.csv,MAU,渠道自然=non-Organic，国家=x（非整体），平台=整体，新老=New,25.0,13.0,32.0,18.0,9.0,17.0,6.0,5.0,15.0,25.0,37.0,29.0,27.0,36.0,12.0,92.307692,12.0,0.004985,0.000208
1.巴哈马.1.2,新自然用户 MAU,raw_data/mau.csv,MAU,渠道自然=Organic，国家=x（非整体），平台=整体，新老=New,145.0,151.0,139.0,116.0,128.0,153.0,132.0,133.0,71.0,88.0,79.0,107.0,99.0,112.0,-6.0,-3.97351,-6.0,-0.002493,-0.000104
1.巴哈马.2,老用户 MAU,本表,整体MAU-新用户 MAU（1.x-1.x.1）,,1462.0,1336.0,1670.0,1125.0,1318.0,1389.0,1073.0,1148.0,947.0,1434.0,1931.0,1643.0,1578.0,1438.0,126.0,9.431138,126.0,0.052343,0.002182
1.巴基斯坦,巴基斯坦MAU,raw_data/mau.csv,MAU,渠道自然=整体，国家=x（非整体），平台=整体，新老=整体,44685.0,45670.0,54236.0,45497.0,55235.0,59937.0,57225.0,74002.0,68400.0,76168.0,87353.0,95817.0,90480.0,111423.0,-985.0,-2.156777,-985.0,-0.409186,-0.017056
1.巴基斯坦.1,新用户 MAU,raw_data/mau.csv,MAU,渠道自然=整体，国家=x（非整体），平台=整体，新老=New,8830.0,8192.0,12892.0,8376.0,10645.0,11184.0,9715.0,11822.0,9807.0,11167.0,14507.0,15282.0,11504.0,16400.0,638.0,7.788086,638.0,0.265036,0.011047
1.巴基斯坦.1.1,新渠道用户 MAU,raw_data/mau.csv,MAU,渠道自然=non-Organic，国家=x（非整体），平台=整体，新老=New,385.0,840.0,2535.0,835.0,899.0,342.0,198.0,241.0,991.0,1073.0,1241.0,1309.0,1222.0,2172.0,-455.0,-54.166667,-455.0,-0.189015,-0.007879
1.巴基斯坦.1.2,新自然用户 MAU,raw_data/mau.csv,MAU,渠道自然=Organic，国家=x（非整体），平台=整体，新老=New,8445.0,7352.0,10357.0,7541.0,9746.0,10842.0,9517.0,11581.0,8816.0,10094.0,13266.0,13973.0,10282.0,14228.0,1093.0,14.866703,1093.0,0.454051,0.018926
1.巴基斯坦.2,老用户 MAU,本表,整体MAU-新用户 MAU（1.x-1.x.1）,,35855.0,37478.0,41344.0,37121.0,44590.0,48753.0,47510.0,62180.0,58593.0,65001.0,72846.0,80535.0,78976.0,95023.0,-1623.0,-4.330541,-1623.0,-0.674222,-0.028103
1.巴巴多斯,巴巴多斯MAU,raw_data/mau.csv,MAU,渠道自然=整体，国家=x（非整体），平台=整体，新老=整体,787.0,801.0,911.0,805.0,995.0,1067.0,789.0,832.0,710.0,888.0,935.0,786.0,912.0,958.0,-14.0,-1.747815,-14.0,-0.005816,-0.000242
1.巴巴多斯.1,新用户 MAU,raw_data/mau.csv,MAU,渠道自然=整体，国家=x（非整体），平台=整体，新老=New,87.0,93.0,89.0,76.0,113.0,107.0,71.0,63.0,34.0,47.0,46.0,43.0,44.0,54.0,-6.0,-6.451613,-6.0,-0.002493,-0.000104
1.巴巴多斯.1.1,新渠道用户 MAU,raw_data/mau.csv,MAU,渠道自然=non-Organic，国家=x（非整体），平台=整体，新老=New,7.0,7.0,12.0,5.0,7.0,6.0,3.0,1.0,3.0,6.0,4.0,2.0,4.0,6.0,0.0,0.0,0.0,0.0,0.0
1.巴巴多斯.1.2,新自然用户 MAU,raw_data/mau.csv,MAU,渠道自然=Organic，国家=x（非整体），平台=整体，新老=New,80.0,86.0,77.0,71.0,106.0,101.0,68.0,62.0,31.0,41.0,42.0,41.0,40.0,48.0,-6.0,-6.976744,-6.0,-0.002493,-0.000104
1.巴巴多斯.2,老用户 MAU,本表,整体MAU-新用户 MAU（1.x-1.x.1）,,700.0,708.0,822.0,729.0,882.0,960.0,718.0,769.0,676.0,841.0,889.0,743.0,868.0,904.0,-8.0,-1.129944,-8.0,-0.003323,-0.000139
1.巴布亚新几内亚,巴布亚新几内亚MAU,raw_data/mau.csv,MAU,渠道自然=整体，国家=x（非整体），平台=整体，新老=整体,232.0,240.0,247.0,213.0,249.0,252.0,280.0,446.0,376.0,368.0,369.0,353.0,351.0,401.0,-8.0,-3.333333,-8.0,-0.003323,-0.000139
1.巴布亚新几内亚.1,新用户 MAU,raw_data/mau.csv,MAU,渠道自然=整体，国家=x（非整体），平台=整体，新老=New,74.0,58.0,46.0,46.0,53.0,49.0,46.0,129.0,62.0,79.0,79.0,57.0,29.0,49.0,16.0,27.586207,16.0,0.006647,0.000277
1.巴布亚新几内亚.1.1,新渠道用户 MAU,raw_data/mau.csv,MAU,渠道自然=non-Organic，国家=x（非整体），平台=整体，新老=New,3.0,4.0,8.0,5.0,4.0,2.0,5.0,4.0,7.0,8.0,4.0,8.0,5.0,10.0,-1.0,-25.0,-1.0,-0.000415,-1.7e-05
1.巴布亚新几内亚.1.2,新自然用户 MAU,raw_data/mau.csv,MAU,渠道自然=Organic，国家=x（非整体），平台=整体，新老=New,71.0,54.0,38.0,41.0,49.0,47.0,41.0,125.0,55.0,71.0,75.0,49.0,24.0,39.0,17.0,31.481481,17.0,0.007062,0.000294
1.巴布亚新几内亚.2,老用户 MAU,本表,整体MAU-新用户 MAU（1.x-1.x.1）,,158.0,182.0,201.0,167.0,196.0,203.0,234.0,317.0,314.0,289.0,290.0,296.0,322.0,352.0,-24.0,-13.186813,-24.0,-0.00997,-0.000416
1.巴拉圭,巴拉圭MAU,raw_data/mau.csv,MAU,渠道自然=整体，国家=x（非整体），平台=整体，新老=整体,6885.0,6679.0,6791.0,6430.0,6900.0,7424.0,7442.0,9850.0,7659.0,7585.0,7285.0,7410.0,7957.0,7667.0,206.0,3.084294,206.0,0.085576,0.003567
1.巴拉圭.1,新用户 MAU,raw_data/mau.csv,MAU,渠道自然=整体，国家=x（非整体），平台=整体，新老=New,881.0,901.0,851.0,764.0,1088.0,1001.0,1069.0,829.0,581.0,597.0,587.0,507.0,593.0,531.0,-20.0,-2.219756,-20.0,-0.008308,-0.000346
1.巴拉圭.1.1,新渠道用户 MAU,raw_data/mau.csv,MAU,渠道自然=non-Organic，国家=x（非整体），平台=整体，新老=New,81.0,92.0,122.0,118.0,144.0,99.0,57.0,35.0,93.0,71.0,68.0,56.0,68.0,67.0,-11.0,-11.956522,-11.0,-0.00457,-0.00019
1.巴拉圭.1.2,新自然用户 MAU,raw_data/mau.csv,MAU,渠道自然=Organic，国家=x（非整体），平台=整体，新老=New,800.0,809.0,729.0,646.0,944.0,902.0,1012.0,794.0,488.0,526.0,519.0,451.0,525.0,464.0,-9.0,-1.112485,-9.0,-0.003739,-0.000156
1.巴拉圭.2,老用户 MAU,本表,整体MAU-新用户 MAU（1.x-1.x.1）,,6004.0,5778.0,5940.0,5666.0,5812.0,6423.0,6373.0,9021.0,7078.0,6988.0,6698.0,6903.0,7364.0,7136.0,226.0,3.911388,226.0,0.093884,0.003913
1.巴拿马,巴拿马MAU,raw_data/mau.csv,MAU,渠道自然=整体，国家=x（非整体），平台=整体，新老=整体,3673.0,3696.0,3816.0,3648.0,4218.0,4185.0,3858.0,5017.0,4188.0,4324.0,4261.0,4169.0,4411.0,4350.0,-23.0,-0.622294,-23.0,-0.009555,-0.000398
1.巴拿马.1,新用户 MAU,raw_data/mau.csv,MAU,渠道自然=整体，国家=x（非整体），平台=整体，新老=New,556.0,554.0,495.0,454.0,669.0,689.0,533.0,515.0,439.0,419.0,450.0,445.0,469.0,403.0,2.0,0.361011,2.0,0.000831,3.5e-05
1.巴拿马.1.1,新渠道用户 MAU,raw_data/mau.csv,MAU,渠道自然=non-Organic，国家=x（非整体），平台=整体，新老=New,52.0,73.0,64.0,69.0,60.0,57.0,30.0,20.0,68.0,52.0,53.0,55.0,50.0,38.0,-21.0,-28.767123,-21.0,-0.008724,-0.000364
1.巴拿马.1.2,新自然用户 MAU,raw_data/mau.csv,MAU,渠道自然=Organic，国家=x（非整体），平台=整体，新老=New,504.0,481.0,431.0,385.0,609.0,632.0,503.0,495.0,371.0,367.0,397.0,390.0,419.0,365.0,23.0,4.781705,23.0,0.009555,0.000398
1.巴拿马.2,老用户 MAU,本表,整体MAU-新用户 MAU（1.x-1.x.1）,,3117.0,3142.0,3321.0,3194.0,3549.0,3496.0,3325.0,4502.0,3749.0,3905.0,3811.0,3724.0,3942.0,3947.0,-25.0,-0.795672,-25.0,-0.010385,-0.000433
1.巴林,巴林MAU,raw_data/mau.csv,MAU,渠道自然=整体，国家=x（非整体），平台=整体，新老=整体,1048.0,934.0,978.0,992.0,1198.0,1298.0,1237.0,1459.0,1202.0,1215.0,1141.0,1266.0,1267.0,1363.0,114.0,12.205567,114.0,0.047358,0.001974
1.巴林.1,新用户 MAU,raw_data/mau.csv,MAU,渠道自然=整体，国家=x（非整体），平台=整体，新老=New,215.0,177.0,213.0,171.0,218.0,201.0,216.0,217.0,173.0,201.0,169.0,218.0,165.0,158.0,38.0,21.468927,38.0,0.015786,0.000658
1.巴林.1.1,新渠道用户 MAU,raw_data/mau.csv,MAU,渠道自然=non-Organic，国家=x（非整体），平台=整体，新老=New,13.0,27.0,33.0,16.0,21.0,11.0,13.0,4.0,19.0,26.0,13.0,20.0,14.0,21.0,-14.0,-51.851852,-14.0,-0.005816,-0.000242
1.巴林.1.2,新自然用户 MAU,raw_data/mau.csv,MAU,渠道自然=Organic，国家=x（非整体），平台=整体，新老=New,202.0,150.0,180.0,155.0,197.0,190.0,203.0,213.0,154.0,175.0,156.0,198.0,151.0,137.0,52.0,34.666667,52.0,0.021602,0.0009
1.巴林.2,老用户 MAU,本表,整体MAU-新用户 MAU（1.x-1.x.1）,,833.0,757.0,765.0,821.0,980.0,1097.0,1021.0,1242.0,1029.0,1014.0,972.0,1048.0,1102.0,1205.0,76.0,10.03963,76.0,0.031572,0.001316
1.巴西,巴西MAU,raw_data/mau.csv,MAU,渠道自然=整体，国家=x（非整体），平台=整体，新老=整体,2199388.0,2194269.0,2275058.0,2281495.0,2777279.0,2713738.0,2324168.0,2937189.0,2285321.0,2241479.0,2249503.0,2256518.0,2329564.0,2288410.0,5119.0,0.23329,5119.0,2.126519,0.088639
1.巴西.1,新用户 MAU,raw_data/mau.csv,MAU,渠道自然=整体，国家=x（非整体），平台=整体，新老=New,482235.0,469571.0,533589.0,572965.0,877417.0,860678.0,592503.0,331577.0,269822.0,226022.0,228322.0,243898.0,300674.0,336765.0,12664.0,2.69693,12664.0,5.26084,0.219285
1.巴西.1.1,新渠道用户 MAU,raw_data/mau.csv,MAU,渠道自然=non-Organic，国家=x（非整体），平台=整体，新老=New,281864.0,273723.0,347793.0,405754.0,606213.0,452170.0,188738.0,41711.0,180459.0,142073.0,142796.0,153674.0,200509.0,242611.0,8141.0,2.974175,8141.0,3.381909,0.140966
1.巴西.1.2,新自然用户 MAU,raw_data/mau.csv,MAU,渠道自然=Organic，国家=x（非整体），平台=整体，新老=New,200371.0,195848.0,185796.0,167211.0,271204.0,408508.0,403765.0,289866.0,89363.0,83949.0,85526.0,90224.0,100165.0,94154.0,4523.0,2.309444,4523.0,1.878931,0.078319
1.巴西.2,老用户 MAU,本表,整体MAU-新用户 MAU（1.x-1.x.1）,,1717153.0,1724698.0,1741469.0,1708530.0,1899862.0,1853060.0,1731665.0,2605612.0,2015499.0,2015457.0,2021181.0,2012620.0,2028890.0,1951645.0,-7545.0,-0.437468,-7545.0,-3.134321,-0.130646
1.布基纳法索,布基纳法索MAU,raw_data/mau.csv,MAU,渠道自然=整体，国家=x（非整体），平台=整体，新老=整体,2716.0,1742.0,738.0,657.0,837.0,909.0,926.0,1234.0,1059.0,1201.0,1233.0,1295.0,1222.0,1262.0,974.0,55.912744,974.0,0.404616,0.016865
1.布基纳法索.1,新用户 MAU,raw_data/mau.csv,MAU,渠道自然=整体，国家=x（非整体），平台=整体，新老=New,1482.0,1161.0,198.0,142.0,189.0,176.0,172.0,258.0,170.0,224.0,214.0,226.0,115.0,120.0,321.0,27.648579,321.0,0.133349,0.005558
1.布基纳法索.1.1,新渠道用户 MAU,raw_data/mau.csv,MAU,渠道自然=non-Organic，国家=x（非整体），平台=整体，新老=New,28.0,39.0,15.0,5.0,3.0,5.0,,3.0,8.0,7.0,13.0,9.0,7.0,10.0,-11.0,-28.205128,-11.0,-0.00457,-0.00019
1.布基纳法索.1.2,新自然用户 MAU,raw_data/mau.csv,MAU,渠道自然=Organic，国家=x（非整体），平台=整体，新老=New,1454.0,1122.0,183.0,137.0,186.0,171.0,172.0,255.0,162.0,217.0,201.0,217.0,108.0,110.0,332.0,29.590018,332.0,0.137918,0.005749
1.布基纳法索.2,老用户 MAU,本表,整体MAU-新用户 MAU（1.x-1.x.1）,,1234.0,581.0,540.0,515.0,648.0,733.0,754.0,976.0,889.0,977.0,1019.0,1069.0,1107.0,1142.0,653.0,112.392427,653.0,0.271267,0.011307
1.布隆迪,布隆迪MAU,raw_data/mau.csv,MAU,渠道自然=整体，国家=x（非整体），平台=整体，新老=整体,439.0,428.0,452.0,403.0,428.0,431.0,403.0,472.0,464.0,525.0,555.0,546.0,501.0,532.0,11.0,2.570093,11.0,0.00457,0.00019
1.布隆迪.1,新用户 MAU,raw_data/mau.csv,MAU,渠道自然=整体，国家=x（非整体），平台=整体，新老=New,76.0,78.0,76.0,80.0,83.0,85.0,76.0,70.0,81.0,75.0,108.0,95.0,69.0,74.0,-2.0,-2.564103,-2.0,-0.000831,-3.5e-05
1.布隆迪.1.1,新渠道用户 MAU,raw_data/mau.csv,MAU,渠道自然=non-Organic，国家=x（非整体），平台=整体，新老=New,7.0,6.0,9.0,10.0,6.0,4.0,3.0,2.0,5.0,7.0,11.0,7.0,7.0,4.0,1.0,16.666667,1.0,0.000415,1.7e-05
1.布隆迪.1.2,新自然用户 MAU,raw_data/mau.csv,MAU,渠道自然=Organic，国家=x（非整体），平台=整体，新老=New,69.0,72.0,67.0,70.0,77.0,81.0,73.0,68.0,76.0,68.0,97.0,88.0,62.0,70.0,-3.0,-4.166667,-3.0,-0.001246,-5.2e-05
1.布隆迪.2,老用户 MAU,本表,整体MAU-新用户 MAU（1.x-1.x.1）,,363.0,350.0,376.0,323.0,345.0,346.0,327.0,402.0,383.0,450.0,447.0,451.0,432.0,458.0,13.0,3.714286,13.0,0.0054,0.000225
1.希腊,希腊MAU,raw_data/mau.csv,MAU,渠道自然=整体，国家=x（非整体），平台=整体，新老=整体,33829.0,26511.0,24311.0,23376.0,25547.0,27385.0,26049.0,40115.0,44039.0,59010.0,56692.0,48164.0,38470.0,31561.0,7318.0,27.603636,7318.0,3.040021,0.126716
1.希腊.1,新用户 MAU,raw_data/mau.csv,MAU,渠道自然=整体，国家=x（非整体），平台=整体，新老=New,3483.0,2598.0,2331.0,2264.0,2758.0,3481.0,2705.0,2572.0,1841.0,3821.0,3258.0,2529.0,1929.0,1697.0,885.0,34.064665,885.0,0.367644,0.015324
1.希腊.1.1,新渠道用户 MAU,raw_data/mau.csv,MAU,渠道自然=non-Organic，国家=x（非整体），平台=整体，新老=New,177.0,94.0,109.0,95.0,106.0,81.0,56.0,35.0,138.0,157.0,117.0,133.0,103.0,78.0,83.0,88.297872,83.0,0.03448,0.001437
1.希腊.1.2,新自然用户 MAU,raw_data/mau.csv,MAU,渠道自然=Organic，国家=x（非整体），平台=整体，新老=New,3306.0,2504.0,2222.0,2169.0,2652.0,3400.0,2649.0,2537.0,1703.0,3664.0,3141.0,2396.0,1826.0,1619.0,802.0,32.028754,802.0,0.333164,0.013887
1.希腊.2,老用户 MAU,本表,整体MAU-新用户 MAU（1.x-1.x.1）,,30346.0,23913.0,21980.0,21112.0,22789.0,23904.0,23344.0,37543.0,42198.0,55189.0,53434.0,45635.0,36541.0,29864.0,6433.0,26.901685,6433.0,2.672377,0.111391
1.帕劳,帕劳MAU,raw_data/mau.csv,MAU,渠道自然=整体，国家=x（非整体），平台=整体，新老=整体,9.0,14.0,18.0,18.0,17.0,7.0,12.0,12.0,6.0,8.0,15.0,10.0,10.0,12.0,-5.0,-35.714286,-5.0,-0.002077,-8.7e-05
1.帕劳.1,新用户 MAU,raw_data/mau.csv,MAU,渠道自然=整体，国家=x（非整体），平台=整体，新老=New,2.0,4.0,1.0,3.0,4.0,1.0,1.0,2.0,,,2.0,1.0,,,-2.0,-50.0,-2.0,-0.000831,-3.5e-05
1.帕劳.1.1,新渠道用户 MAU,raw_data/mau.csv,MAU,渠道自然=non-Organic，国家=x（非整体），平台=整体，新老=New,,,,1.0,,,,,,,,1.0,,,,,,,
1.帕劳.1.2,新自然用户 MAU,raw_data/mau.csv,MAU,渠道自然=Organic，国家=x（非整体），平台=整体，新老=New,2.0,4.0,1.0,2.0,4.0,1.0,1.0,2.0,,,2.0,,,,-2.0,-50.0,-2.0,-0.000831,-3.5e-05
1.帕劳.2,老用户 MAU,本表,整体MAU-新用户 MAU（1.x-1.x.1）,,7.0,10.0,17.0,15.0,13.0,6.0,11.0,10.0,,,13.0,9.0,,,-3.0,-30.0,-3.0,-0.001246,-5.2e-05
1.库克群岛,库克群岛MAU,raw_data/mau.csv,MAU,渠道自然=整体，国家=x（非整体），平台=整体，新老=整体,45.0,45.0,33.0,26.0,42.0,48.0,68.0,60.0,64.0,60.0,68.0,51.0,58.0,65.0,0.0,0.0,0.0,0.0,0.0
1.库克群岛.1,新用户 MAU,raw_data/mau.csv,MAU,渠道自然=整体，国家=x（非整体），平台=整体，新老=New,7.0,6.0,4.0,2.0,3.0,7.0,5.0,5.0,2.0,2.0,4.0,1.0,4.0,1.0,1.0,16.666667,1.0,0.000415,1.7e-05
1.库克群岛.1.1,新渠道用户 MAU,raw_data/mau.csv,MAU,渠道自然=non-Organic，国家=x（非整体），平台=整体，新老=New,1.0,,,,,2.0,,,,,,,,,,,,,
1.库克群岛.1.2,新自然用户 MAU,raw_data/mau.csv,MAU,渠道自然=Organic，国家=x（非整体），平台=整体，新老=New,6.0,6.0,4.0,2.0,3.0,5.0,5.0,5.0,2.0,2.0,4.0,1.0,4.0,1.0,0.0,0.0,0.0,0.0,0.0
1.库克群岛.2,老用户 MAU,本表,整体MAU-新用户 MAU（1.x-1.x.1）,,38.0,39.0,29.0,24.0,39.0,41.0,63.0,55.0,62.0,58.0,64.0,50.0,54.0,64.0,-1.0,-2.564103,-1.0,-0.000415,-1.7e-05
1.库拉索,库拉索MAU,raw_data/mau.csv,MAU,渠道自然=整体，国家=x（非整体），平台=整体，新老=整体,725.0,683.0,698.0,637.0,803.0,823.0,600.0,687.0,629.0,612.0,636.0,653.0,691.0,725.0,42.0,6.149341,42.0,0.017448,0.000727
1.库拉索.1,新用户 MAU,raw_data/mau.csv,MAU,渠道自然=整体，国家=x（非整体），平台=整体，新老=New,66.0,102.0,71.0,71.0,84.0,89.0,42.0,50.0,42.0,39.0,42.0,35.0,61.0,61.0,-36.0,-35.294118,-36.0,-0.014955,-0.000623
1.库拉索.1.1,新渠道用户 MAU,raw_data/mau.csv,MAU,渠道自然=non-Organic，国家=x（非整体），平台=整体，新老=New,3.0,7.0,5.0,4.0,3.0,5.0,1.0,,3.0,4.0,2.0,5.0,5.0,6.0,-4.0,-57.142857,-4.0,-0.001662,-6.9e-05
1.库拉索.1.2,新自然用户 MAU,raw_data/mau.csv,MAU,渠道自然=Organic，国家=x（非整体），平台=整体，新老=New,63.0,95.0,66.0,67.0,81.0,84.0,41.0,50.0,39.0,35.0,40.0,30.0,56.0,55.0,-32.0,-33.684211,-32.0,-0.013293,-0.000554
1.库拉索.2,老用户 MAU,本表,整体MAU-新用户 MAU（1.x-1.x.1）,,659.0,581.0,627.0,566.0,719.0,734.0,558.0,637.0,587.0,573.0,594.0,618.0,630.0,664.0,78.0,13.425129,78.0,0.032403,0.001351
1.开曼群岛,开曼群岛MAU,raw_data/mau.csv,MAU,渠道自然=整体，国家=x（非整体），平台=整体，新老=整体,450.0,389.0,483.0,371.0,445.0,459.0,343.0,378.0,309.0,432.0,531.0,477.0,470.0,471.0,61.0,15.681234,61.0,0.02534,0.001056
1.开曼群岛.1,新用户 MAU,raw_data/mau.csv,MAU,渠道自然=整体，国家=x（非整体），平台=整体，新老=New,24.0,30.0,36.0,27.0,33.0,40.0,29.0,22.0,14.0,15.0,25.0,20.0,13.0,24.0,-6.0,-20.0,-6.0,-0.002493,-0.000104
1.开曼群岛.1.1,新渠道用户 MAU,raw_data/mau.csv,MAU,渠道自然=non-Organic，国家=x（非整体），平台=整体，新老=New,1.0,,1.0,1.0,2.0,2.0,1.0,1.0,,2.0,3.0,2.0,1.0,2.0,,,,,
1.开曼群岛.1.2,新自然用户 MAU,raw_data/mau.csv,MAU,渠道自然=Organic，国家=x（非整体），平台=整体，新老=New,23.0,30.0,35.0,26.0,31.0,38.0,28.0,21.0,14.0,13.0,22.0,18.0,12.0,22.0,-7.0,-23.333333,-7.0,-0.002908,-0.000121
1.开曼群岛.2,老用户 MAU,本表,整体MAU-新用户 MAU（1.x-1.x.1）,,426.0,359.0,447.0,344.0,412.0,419.0,314.0,356.0,295.0,417.0,506.0,457.0,457.0,447.0,67.0,18.662953,67.0,0.027833,0.00116
1.德国,德国MAU,raw_data/mau.csv,MAU,渠道自然=整体，国家=x（非整体），平台=整体，新老=整体,188809.0,162318.0,159702.0,159127.0,169462.0,182939.0,159841.0,187710.0,142757.0,150490.0,149487.0,140221.0,139803.0,137568.0,26491.0,16.320433,26491.0,11.004811,0.458708
1.德国.1,新用户 MAU,raw_data/mau.csv,MAU,渠道自然=整体，国家=x（非整体），平台=整体，新老=New,26144.0,24336.0,22348.0,19118.0,20276.0,21995.0,19637.0,17941.0,9358.0,11766.0,11077.0,11122.0,10742.0,10241.0,1808.0,7.429323,1808.0,0.751074,0.031307
1.德国.1.1,新渠道用户 MAU,raw_data/mau.csv,MAU,渠道自然=non-Organic，国家=x（非整体），平台=整体，新老=New,6074.0,8662.0,8774.0,5626.0,2949.0,921.0,593.0,756.0,2711.0,2914.0,2757.0,2181.0,2168.0,2351.0,-2588.0,-29.877626,-2588.0,-1.075099,-0.044813
1.德国.1.2,新自然用户 MAU,raw_data/mau.csv,MAU,渠道自然=Organic，国家=x（非整体），平台=整体，新老=New,20070.0,15674.0,13574.0,13492.0,17327.0,21074.0,19044.0,17185.0,6647.0,8852.0,8320.0,8941.0,8574.0,7890.0,4396.0,28.046446,4396.0,1.826173,0.076119
1.德国.2,老用户 MAU,本表,整体MAU-新用户 MAU（1.x-1.x.1）,,162665.0,137982.0,137354.0,140009.0,149186.0,160944.0,140204.0,169769.0,133399.0,138724.0,138410.0,129099.0,129061.0,127327.0,24683.0,17.888565,24683.0,10.253737,0.427401
1.意大利,意大利MAU,raw_data/mau.csv,MAU,渠道自然=整体，国家=x（非整体），平台=整体，新老=整体,54426.0,48377.0,45287.0,40943.0,43653.0,46546.0,45519.0,62601.0,59291.0,70912.0,68170.0,65325.0,61077.0,55218.0,6049.0,12.503876,6049.0,2.512857,0.104742
1.意大利.1,新用户 MAU,raw_data/mau.csv,MAU,渠道自然=整体，国家=x（非整体），平台=整体，新老=New,7332.0,6544.0,5634.0,4991.0,5623.0,6320.0,6160.0,5834.0,4075.0,6808.0,5528.0,4904.0,4527.0,4088.0,788.0,12.041565,788.0,0.327349,0.013645
1.意大利.1.1,新渠道用户 MAU,raw_data/mau.csv,MAU,渠道自然=non-Organic，国家=x（非整体），平台=整体，新老=New,357.0,362.0,373.0,352.0,390.0,411.0,281.0,140.0,501.0,588.0,472.0,449.0,443.0,396.0,-5.0,-1.381215,-5.0,-0.002077,-8.7e-05
1.意大利.1.2,新自然用户 MAU,raw_data/mau.csv,MAU,渠道自然=Organic，国家=x（非整体），平台=整体，新老=New,6975.0,6182.0,5261.0,4639.0,5233.0,5909.0,5879.0,5694.0,3574.0,6220.0,5056.0,4455.0,4084.0,3692.0,793.0,12.827564,793.0,0.329426,0.013731
1.意大利.2,老用户 MAU,本表,整体MAU-新用户 MAU（1.x-1.x.1）,,47094.0,41833.0,39653.0,35952.0,38030.0,40226.0,39359.0,56767.0,55216.0,64104.0,62642.0,60421.0,56550.0,51130.0,5261.0,12.576196,5261.0,2.185509,0.091097
1.所罗门群岛,所罗门群岛MAU,raw_data/mau.csv,MAU,渠道自然=整体，国家=x（非整体），平台=整体，新老=整体,43.0,32.0,43.0,45.0,53.0,46.0,45.0,72.0,52.0,50.0,48.0,49.0,56.0,68.0,11.0,34.375,11.0,0.00457,0.00019
1.所罗门群岛.1,新用户 MAU,raw_data/mau.csv,MAU,渠道自然=整体，国家=x（非整体），平台=整体，新老=New,14.0,6.0,7.0,8.0,9.0,6.0,6.0,20.0,9.0,11.0,11.0,3.0,4.0,4.0,8.0,133.333333,8.0,0.003323,0.000139
1.所罗门群岛.1.1,新渠道用户 MAU,raw_data/mau.csv,MAU,渠道自然=non-Organic，国家=x（非整体），平台=整体，新老=New,,1.0,3.0,1.0,,,,,1.0,1.0,,,,,,,,,
1.所罗门群岛.1.2,新自然用户 MAU,raw_data/mau.csv,MAU,渠道自然=Organic，国家=x（非整体），平台=整体，新老=New,14.0,5.0,4.0,7.0,9.0,6.0,6.0,20.0,8.0,10.0,11.0,3.0,4.0,4.0,9.0,180.0,9.0,0.003739,0.000156
1.所罗门群岛.2,老用户 MAU,本表,整体MAU-新用户 MAU（1.x-1.x.1）,,29.0,26.0,36.0,37.0,44.0,40.0,39.0,52.0,43.0,39.0,37.0,46.0,52.0,64.0,3.0,11.538462,3.0,0.001246,5.2e-05
1.托克劳群岛,托克劳群岛MAU,raw_data/mau.csv,MAU,渠道自然=整体，国家=x（非整体），平台=整体，新老=整体,1.0,,1.0,1.0,1.0,,,,,,,,,,,,,,
1.托克劳群岛.1,新用户 MAU,raw_data/mau.csv,MAU,渠道自然=整体，国家=x（非整体），平台=整体，新老=New,,,,,1.0,,,,,,,,,,,,,,
1.托克劳群岛.1.1,新渠道用户 MAU,raw_data/mau.csv,MAU,渠道自然=non-Organic，国家=x（非整体），平台=整体，新老=New,,,,,,,,,,,,,,,,,,,
1.托克劳群岛.1.2,新自然用户 MAU,raw_data/mau.csv,MAU,渠道自然=Organic，国家=x（非整体），平台=整体，新老=New,,,,,1.0,,,,,,,,,,,,,,
1.托克劳群岛.2,老用户 MAU,本表,整体MAU-新用户 MAU（1.x-1.x.1）,,,,,,0.0,,,,,,,,,,,,,,
1.拉脱维亚,拉脱维亚MAU,raw_data/mau.csv,MAU,渠道自然=整体，国家=x（非整体），平台=整体，新老=整体,10264.0,9365.0,10542.0,8254.0,7897.0,7267.0,6261.0,6670.0,5253.0,6871.0,7147.0,5924.0,5409.0,5309.0,899.0,9.599573,899.0,0.37346,0.015567
1.拉脱维亚.1,新用户 MAU,raw_data/mau.csv,MAU,渠道自然=整体，国家=x（非整体），平台=整体，新老=New,1077.0,810.0,840.0,683.0,829.0,780.0,682.0,471.0,272.0,404.0,349.0,349.0,306.0,275.0,267.0,32.962963,267.0,0.110916,0.004623
1.拉脱维亚.1.1,新渠道用户 MAU,raw_data/mau.csv,MAU,渠道自然=non-Organic，国家=x（非整体），平台=整体，新老=New,57.0,57.0,48.0,20.0,32.0,68.0,28.0,20.0,115.0,165.0,140.0,110.0,98.0,97.0,0.0,0.0,0.0,0.0,0.0
1.拉脱维亚.1.2,新自然用户 MAU,raw_data/mau.csv,MAU,渠道自然=Organic，国家=x（非整体），平台=整体，新老=New,1020.0,753.0,792.0,663.0,797.0,712.0,654.0,451.0,157.0,239.0,209.0,239.0,208.0,178.0,267.0,35.458167,267.0,0.110916,0.004623
1.拉脱维亚.2,老用户 MAU,本表,整体MAU-新用户 MAU（1.x-1.x.1）,,9187.0,8555.0,9702.0,7571.0,7068.0,6487.0,5579.0,6199.0,4981.0,6467.0,6798.0,5575.0,5103.0,5034.0,632.0,7.387493,632.0,0.262544,0.010943
1.挪威,挪威MAU,raw_data/mau.csv,MAU,渠道自然=整体，国家=x（非整体），平台=整体，新老=整体,10638.0,8412.0,10371.0,12679.0,13834.0,13929.0,12603.0,13920.0,10614.0,12136.0,11254.0,7500.0,7730.0,6792.0,2226.0,26.462197,2226.0,0.924718,0.038545
1.挪威.1,新用户 MAU,raw_data/mau.csv,MAU,渠道自然=整体，国家=x（非整体），平台=整体，新老=New,1342.0,943.0,897.0,1120.0,1394.0,1459.0,1324.0,1082.0,526.0,684.0,656.0,508.0,526.0,413.0,399.0,42.311771,399.0,0.165751,0.006909
1.挪威.1.1,新渠道用户 MAU,raw_data/mau.csv,MAU,渠道自然=non-Organic，国家=x（非整体），平台=整体，新老=New,57.0,71.0,49.0,61.0,68.0,68.0,81.0,92.0,209.0,223.0,158.0,77.0,73.0,60.0,-14.0,-19.71831,-14.0,-0.005816,-0.000242
1.挪威.1.2,新自然用户 MAU,raw_data/mau.csv,MAU,渠道自然=Organic，国家=x（非整体），平台=整体，新老=New,1285.0,872.0,848.0,1059.0,1326.0,1391.0,1243.0,990.0,317.0,461.0,498.0,431.0,453.0,353.0,413.0,47.362385,413.0,0.171567,0.007151
1.挪威.2,老用户 MAU,本表,整体MAU-新用户 MAU（1.x-1.x.1）,,9296.0,7469.0,9474.0,11559.0,12440.0,12470.0,11279.0,12838.0,10088.0,11452.0,10598.0,6992.0,7204.0,6379.0,1827.0,24.461106,1827.0,0.758967,0.031636
1.捷克,捷克MAU,raw_data/mau.csv,MAU,渠道自然=整体，国家=x（非整体），平台=整体，新老=整体,10525.0,9808.0,9888.0,9257.0,9759.0,12349.0,17035.0,19085.0,17727.0,17512.0,18902.0,33036.0,31123.0,28405.0,717.0,7.310359,717.0,0.297854,0.012415
1.捷克.1,新用户 MAU,raw_data/mau.csv,MAU,渠道自然=整体，国家=x（非整体），平台=整体，新老=New,1592.0,1227.0,1124.0,1128.0,1201.0,1565.0,1937.0,1668.0,956.0,1229.0,1274.0,1498.0,1519.0,1321.0,365.0,29.747351,365.0,0.151627,0.00632
1.捷克.1.1,新渠道用户 MAU,raw_data/mau.csv,MAU,渠道自然=non-Organic，国家=x（非整体），平台=整体，新老=New,88.0,65.0,95.0,91.0,62.0,70.0,64.0,72.0,284.0,245.0,301.0,542.0,659.0,524.0,23.0,35.384615,23.0,0.009555,0.000398
1.捷克.1.2,新自然用户 MAU,raw_data/mau.csv,MAU,渠道自然=Organic，国家=x（非整体），平台=整体，新老=New,1504.0,1162.0,1029.0,1037.0,1139.0,1495.0,1873.0,1596.0,672.0,984.0,973.0,956.0,860.0,797.0,342.0,29.432014,342.0,0.142073,0.005922
1.捷克.2,老用户 MAU,本表,整体MAU-新用户 MAU（1.x-1.x.1）,,8933.0,8581.0,8764.0,8129.0,8558.0,10784.0,15098.0,17417.0,16771.0,16283.0,17628.0,31538.0,29604.0,27084.0,352.0,4.102086,352.0,0.146227,0.006095
1.摩尔多瓦,摩尔多瓦MAU,raw_data/mau.csv,MAU,渠道自然=整体，国家=x（非整体），平台=整体，新老=整体,10572.0,6005.0,5500.0,5198.0,5846.0,6049.0,5860.0,7848.0,6440.0,7509.0,8040.0,7674.0,6424.0,6388.0,4567.0,76.053289,4567.0,1.897209,0.07908
1.摩尔多瓦.1,新用户 MAU,raw_data/mau.csv,MAU,渠道自然=整体，国家=x（非整体），平台=整体，新老=New,1440.0,716.0,690.0,695.0,801.0,847.0,852.0,1090.0,454.0,619.0,695.0,642.0,511.0,486.0,724.0,101.117318,724.0,0.300762,0.012537
1.摩尔多瓦.1.1,新渠道用户 MAU,raw_data/mau.csv,MAU,渠道自然=non-Organic，国家=x（非整体），平台=整体，新老=New,70.0,57.0,55.0,50.0,57.0,71.0,40.0,27.0,72.0,100.0,119.0,82.0,60.0,56.0,13.0,22.807018,13.0,0.0054,0.000225
1.摩尔多瓦.1.2,新自然用户 MAU,raw_data/mau.csv,MAU,渠道自然=Organic，国家=x（非整体），平台=整体，新老=New,1370.0,659.0,635.0,645.0,744.0,776.0,812.0,1063.0,382.0,519.0,576.0,560.0,451.0,430.0,711.0,107.890744,711.0,0.295361,0.012311
1.摩尔多瓦.2,老用户 MAU,本表,整体MAU-新用户 MAU（1.x-1.x.1）,,9132.0,5289.0,4810.0,4503.0,5045.0,5202.0,5008.0,6758.0,5986.0,6890.0,7345.0,7032.0,5913.0,5902.0,3843.0,72.660238,3843.0,1.596447,0.066544
1.摩洛哥,摩洛哥MAU,raw_data/mau.csv,MAU,渠道自然=整体，国家=x（非整体），平台=整体，新老=整体,11336.0,10515.0,10338.0,8568.0,10436.0,10879.0,11707.0,15669.0,15013.0,18785.0,17729.0,17540.0,17437.0,19039.0,821.0,7.807893,821.0,0.341057,0.014216
1.摩洛哥.1,新用户 MAU,raw_data/mau.csv,MAU,渠道自然=整体，国家=x（非整体），平台=整体，新老=New,2575.0,2150.0,1916.0,1345.0,1816.0,1600.0,1840.0,2708.0,1994.0,3608.0,2797.0,2432.0,2002.0,2589.0,425.0,19.767442,425.0,0.176552,0.007359
1.摩洛哥.1.1,新渠道用户 MAU,raw_data/mau.csv,MAU,渠道自然=non-Organic，国家=x（非整体），平台=整体，新老=New,84.0,137.0,201.0,108.0,77.0,67.0,58.0,48.0,187.0,213.0,169.0,157.0,195.0,186.0,-53.0,-38.686131,-53.0,-0.022017,-0.000918
1.摩洛哥.1.2,新自然用户 MAU,raw_data/mau.csv,MAU,渠道自然=Organic，国家=x（非整体），平台=整体，新老=New,2491.0,2013.0,1715.0,1237.0,1739.0,1533.0,1782.0,2660.0,1807.0,3395.0,2628.0,2275.0,1807.0,2403.0,478.0,23.745653,478.0,0.198569,0.008277
1.摩洛哥.2,老用户 MAU,本表,整体MAU-新用户 MAU（1.x-1.x.1）,,8761.0,8365.0,8422.0,7223.0,8620.0,9279.0,9867.0,12961.0,13019.0,15177.0,14932.0,15108.0,15435.0,16450.0,396.0,4.734011,396.0,0.164505,0.006857
1.摩纳哥,摩纳哥MAU,raw_data/mau.csv,MAU,渠道自然=整体，国家=x（非整体），平台=整体，新老=整体,302.0,225.0,240.0,126.0,153.0,193.0,159.0,228.0,306.0,472.0,473.0,347.0,369.0,221.0,77.0,34.222222,77.0,0.031987,0.001333
1.摩纳哥.1,新用户 MAU,raw_data/mau.csv,MAU,渠道自然=整体，国家=x（非整体），平台=整体，新老=New,14.0,13.0,12.0,10.0,8.0,12.0,7.0,6.0,3.0,13.0,5.0,9.0,5.0,4.0,1.0,7.692308,1.0,0.000415,1.7e-05
1.摩纳哥.1.1,新渠道用户 MAU,raw_data/mau.csv,MAU,渠道自然=non-Organic，国家=x（非整体），平台=整体，新老=New,2.0,2.0,1.0,3.0,2.0,,1.0,,,1.0,1.0,,,1.0,0.0,0.0,0.0,0.0,0.0
1.摩纳哥.1.2,新自然用户 MAU,raw_data/mau.csv,MAU,渠道自然=Organic，国家=x（非整体），平台=整体，新老=New,12.0,11.0,11.0,7.0,6.0,12.0,6.0,6.0,3.0,12.0,4.0,9.0,5.0,3.0,1.0,9.090909,1.0,0.000415,1.7e-05
1.摩纳哥.2,老用户 MAU,本表,整体MAU-新用户 MAU（1.x-1.x.1）,,288.0,212.0,228.0,116.0,145.0,181.0,152.0,222.0,303.0,459.0,468.0,338.0,364.0,217.0,76.0,35.849057,76.0,0.031572,0.001316
1.文莱,文莱MAU,raw_data/mau.csv,MAU,渠道自然=整体，国家=x（非整体），平台=整体，新老=整体,246.0,257.0,285.0,238.0,265.0,261.0,254.0,347.0,266.0,285.0,288.0,303.0,298.0,380.0,-11.0,-4.280156,-11.0,-0.00457,-0.00019
1.文莱.1,新用户 MAU,raw_data/mau.csv,MAU,渠道自然=整体，国家=x（非整体），平台=整体，新老=New,43.0,45.0,56.0,30.0,37.0,38.0,24.0,41.0,22.0,37.0,24.0,28.0,29.0,61.0,-2.0,-4.444444,-2.0,-0.000831,-3.5e-05
1.文莱.1.1,新渠道用户 MAU,raw_data/mau.csv,MAU,渠道自然=non-Organic，国家=x（非整体），平台=整体，新老=New,6.0,7.0,4.0,3.0,5.0,7.0,1.0,,5.0,5.0,3.0,,4.0,4.0,-1.0,-14.285714,-1.0,-0.000415,-1.7e-05
1.文莱.1.2,新自然用户 MAU,raw_data/mau.csv,MAU,渠道自然=Organic，国家=x（非整体），平台=整体，新老=New,37.0,38.0,52.0,27.0,32.0,31.0,23.0,41.0,17.0,32.0,21.0,28.0,25.0,57.0,-1.0,-2.631579,-1.0,-0.000415,-1.7e-05
1.文莱.2,老用户 MAU,本表,整体MAU-新用户 MAU（1.x-1.x.1）,,203.0,212.0,229.0,208.0,228.0,223.0,230.0,306.0,244.0,248.0,264.0,275.0,269.0,319.0,-9.0,-4.245283,-9.0,-0.003739,-0.000156
1.斐济,斐济MAU,raw_data/mau.csv,MAU,渠道自然=整体，国家=x（非整体），平台=整体，新老=整体,519.0,511.0,417.0,392.0,548.0,573.0,530.0,736.0,602.0,632.0,629.0,601.0,587.0,571.0,8.0,1.565558,8.0,0.003323,0.000139
1.斐济.1,新用户 MAU,raw_data/mau.csv,MAU,渠道自然=整体，国家=x（非整体），平台=整体，新老=New,79.0,67.0,64.0,42.0,58.0,77.0,60.0,70.0,47.0,47.0,50.0,30.0,45.0,52.0,12.0,17.910448,12.0,0.004985,0.000208
1.斐济.1.1,新渠道用户 MAU,raw_data/mau.csv,MAU,渠道自然=non-Organic，国家=x（非整体），平台=整体，新老=New,4.0,6.0,7.0,6.0,6.0,3.0,2.0,1.0,6.0,8.0,4.0,2.0,3.0,5.0,-2.0,-33.333333,-2.0,-0.000831,-3.5e-05
1.斐济.1.2,新自然用户 MAU,raw_data/mau.csv,MAU,渠道自然=Organic，国家=x（非整体），平台=整体，新老=New,75.0,61.0,57.0,36.0,52.0,74.0,58.0,69.0,41.0,39.0,46.0,28.0,42.0,47.0,14.0,22.95082,14.0,0.005816,0.000242
1.斐济.2,老用户 MAU,本表,整体MAU-新用户 MAU（1.x-1.x.1）,,440.0,444.0,353.0,350.0,490.0,496.0,470.0,666.0,555.0,585.0,579.0,571.0,542.0,519.0,-4.0,-0.900901,-4.0,-0.001662,-6.9e-05
1.斯威士兰,斯威士兰MAU,raw_data/mau.csv,MAU,渠道自然=整体，国家=x（非整体），平台=整体，新老=整体,104.0,111.0,111.0,104.0,120.0,154.0,128.0,176.0,150.0,167.0,166.0,162.0,170.0,178.0,-7.0,-6.306306,-7.0,-0.002908,-0.000121
1.斯威士兰.1,新用户 MAU,raw_data/mau.csv,MAU,渠道自然=整体，国家=x（非整体），平台=整体，新老=New,10.0,18.0,11.0,17.0,16.0,19.0,16.0,12.0,14.0,17.0,17.0,8.0,19.0,14.0,-8.0,-44.444444,-8.0,-0.003323,-0.000139
1.斯威士兰.1.1,新渠道用户 MAU,raw_data/mau.csv,MAU,渠道自然=non-Organic，国家=x（非整体），平台=整体，新老=New,1.0,,,2.0,,3.0,,1.0,3.0,3.0,3.0,3.0,1.0,3.0,,,,,
1.斯威士兰.1.2,新自然用户 MAU,raw_data/mau.csv,MAU,渠道自然=Organic，国家=x（非整体），平台=整体，新老=New,9.0,18.0,11.0,15.0,16.0,16.0,16.0,11.0,11.0,14.0,14.0,5.0,18.0,11.0,-9.0,-50.0,-9.0,-0.003739,-0.000156
1.斯威士兰.2,老用户 MAU,本表,整体MAU-新用户 MAU（1.x-1.x.1）,,94.0,93.0,100.0,87.0,104.0,135.0,112.0,164.0,136.0,150.0,149.0,154.0,151.0,164.0,1.0,1.075269,1.0,0.000415,1.7e-05
1.斯洛伐克,斯洛伐克MAU,raw_data/mau.csv,MAU,渠道自然=整体，国家=x（非整体），平台=整体，新老=整体,4767.0,4620.0,4485.0,4274.0,4736.0,5247.0,4726.0,6199.0,4783.0,5557.0,5415.0,5490.0,5186.0,5246.0,147.0,3.181818,147.0,0.061066,0.002545
1.斯洛伐克.1,新用户 MAU,raw_data/mau.csv,MAU,渠道自然=整体，国家=x（非整体），平台=整体，新老=New,734.0,636.0,545.0,483.0,603.0,678.0,666.0,560.0,322.0,539.0,483.0,442.0,394.0,365.0,98.0,15.408805,98.0,0.040711,0.001697
1.斯洛伐克.1.1,新渠道用户 MAU,raw_data/mau.csv,MAU,渠道自然=non-Organic，国家=x（非整体），平台=整体，新老=New,36.0,33.0,37.0,34.0,35.0,36.0,17.0,10.0,27.0,37.0,38.0,25.0,26.0,24.0,3.0,9.090909,3.0,0.001246,5.2e-05
1.斯洛伐克.1.2,新自然用户 MAU,raw_data/mau.csv,MAU,渠道自然=Organic，国家=x（非整体），平台=整体，新老=New,698.0,603.0,508.0,449.0,568.0,642.0,649.0,550.0,295.0,502.0,445.0,417.0,368.0,341.0,95.0,15.754561,95.0,0.039465,0.001645
1.斯洛伐克.2,老用户 MAU,本表,整体MAU-新用户 MAU（1.x-1.x.1）,,4033.0,3984.0,3940.0,3791.0,4133.0,4569.0,4060.0,5639.0,4461.0,5018.0,4932.0,5048.0,4792.0,4881.0,49.0,1.22992,49.0,0.020355,0.000848
1.斯洛文尼亚,斯洛文尼亚MAU,raw_data/mau.csv,MAU,渠道自然=整体，国家=x（非整体），平台=整体，新老=整体,3319.0,3001.0,2963.0,2835.0,3052.0,3297.0,3227.0,3996.0,3385.0,3710.0,3721.0,3821.0,3724.0,3545.0,318.0,10.596468,318.0,0.132103,0.005506
1.斯洛文尼亚.1,新用户 MAU,raw_data/mau.csv,MAU,渠道自然=整体，国家=x（非整体），平台=整体，新老=New,346.0,339.0,312.0,301.0,319.0,349.0,367.0,305.0,173.0,243.0,219.0,180.0,179.0,184.0,7.0,2.064897,7.0,0.002908,0.000121
1.斯洛文尼亚.1.1,新渠道用户 MAU,raw_data/mau.csv,MAU,渠道自然=non-Organic，国家=x（非整体），平台=整体，新老=New,12.0,12.0,21.0,7.0,13.0,13.0,7.0,5.0,12.0,13.0,10.0,10.0,10.0,9.0,0.0,0.0,0.0,0.0,0.0
1.斯洛文尼亚.1.2,新自然用户 MAU,raw_data/mau.csv,MAU,渠道自然=Organic，国家=x（非整体），平台=整体，新老=New,334.0,327.0,291.0,294.0,306.0,336.0,360.0,300.0,161.0,230.0,209.0,170.0,169.0,175.0,7.0,2.140673,7.0,0.002908,0.000121
1.斯洛文尼亚.2,老用户 MAU,本表,整体MAU-新用户 MAU（1.x-1.x.1）,,2973.0,2662.0,2651.0,2534.0,2733.0,2948.0,2860.0,3691.0,3212.0,3467.0,3502.0,3641.0,3545.0,3361.0,311.0,11.682945,311.0,0.129195,0.005385
1.斯里兰卡,斯里兰卡MAU,raw_data/mau.csv,MAU,渠道自然=整体，国家=x（非整体），平台=整体，新老=整体,3311.0,3552.0,3920.0,4038.0,4555.0,4600.0,4242.0,5034.0,4590.0,5057.0,4810.0,4903.0,5376.0,6145.0,-241.0,-6.78491,-241.0,-0.100115,-0.004173
1.斯里兰卡.1,新用户 MAU,raw_data/mau.csv,MAU,渠道自然=整体，国家=x（非整体），平台=整体，新老=New,523.0,516.0,588.0,526.0,601.0,644.0,502.0,572.0,488.0,586.0,529.0,472.0,545.0,523.0,7.0,1.356589,7.0,0.002908,0.000121
1.斯里兰卡.1.1,新渠道用户 MAU,raw_data/mau.csv,MAU,渠道自然=non-Organic，国家=x（非整体），平台=整体，新老=New,47.0,42.0,75.0,56.0,69.0,53.0,38.0,23.0,89.0,82.0,65.0,64.0,88.0,92.0,5.0,11.904762,5.0,0.002077,8.7e-05
1.斯里兰卡.1.2,新自然用户 MAU,raw_data/mau.csv,MAU,渠道自然=Organic，国家=x（非整体），平台=整体，新老=New,476.0,474.0,513.0,470.0,532.0,591.0,464.0,549.0,399.0,504.0,464.0,408.0,457.0,431.0,2.0,0.421941,2.0,0.000831,3.5e-05
1.斯里兰卡.2,老用户 MAU,本表,整体MAU-新用户 MAU（1.x-1.x.1）,,2788.0,3036.0,3332.0,3512.0,3954.0,3956.0,3740.0,4462.0,4102.0,4471.0,4281.0,4431.0,4831.0,5622.0,-248.0,-8.168643,-248.0,-0.103023,-0.004294
1.新加坡,新加坡MAU,raw_data/mau.csv,MAU,渠道自然=整体，国家=x（非整体），平台=整体，新老=整体,10649.0,10043.0,9767.0,7504.0,9236.0,8971.0,9348.0,11585.0,8331.0,7553.0,7198.0,6920.0,7919.0,8886.0,606.0,6.034054,606.0,0.251743,0.010493
1.新加坡.1,新用户 MAU,raw_data/mau.csv,MAU,渠道自然=整体，国家=x（非整体），平台=整体，新老=New,1163.0,1097.0,1101.0,812.0,1085.0,1128.0,1027.0,1225.0,557.0,542.0,511.0,498.0,622.0,630.0,66.0,6.016408,66.0,0.027418,0.001143
1.新加坡.1.1,新渠道用户 MAU,raw_data/mau.csv,MAU,渠道自然=non-Organic，国家=x（非整体），平台=整体，新老=New,67.0,75.0,97.0,70.0,81.0,47.0,43.0,71.0,237.0,197.0,158.0,179.0,210.0,210.0,-8.0,-10.666667,-8.0,-0.003323,-0.000139
1.新加坡.1.2,新自然用户 MAU,raw_data/mau.csv,MAU,渠道自然=Organic，国家=x（非整体），平台=整体，新老=New,1096.0,1022.0,1004.0,742.0,1004.0,1081.0,984.0,1154.0,320.0,345.0,353.0,319.0,412.0,420.0,74.0,7.240705,74.0,0.030741,0.001281
1.新加坡.2,老用户 MAU,本表,整体MAU-新用户 MAU（1.x-1.x.1）,,9486.0,8946.0,8666.0,6692.0,8151.0,7843.0,8321.0,10360.0,7774.0,7011.0,6687.0,6422.0,7297.0,8256.0,540.0,6.036217,540.0,0.224325,0.00935
1.新喀里多尼亚,新喀里多尼亚MAU,raw_data/mau.csv,MAU,渠道自然=整体，国家=x（非整体），平台=整体，新老=整体,49.0,52.0,39.0,44.0,68.0,70.0,50.0,73.0,54.0,60.0,69.0,51.0,53.0,67.0,-3.0,-5.769231,-3.0,-0.001246,-5.2e-05
1.新喀里多尼亚.1,新用户 MAU,raw_data/mau.csv,MAU,渠道自然=整体，国家=x（非整体），平台=整体，新老=New,14.0,12.0,9.0,9.0,9.0,14.0,10.0,11.0,7.0,13.0,13.0,6.0,5.0,14.0,2.0,16.666667,2.0,0.000831,3.5e-05
1.新喀里多尼亚.1.1,新渠道用户 MAU,raw_data/mau.csv,MAU,渠道自然=non-Organic，国家=x（非整体），平台=整体，新老=New,1.0,5.0,4.0,5.0,2.0,,2.0,,,1.0,1.0,1.0,,,-4.0,-80.0,-4.0,-0.001662,-6.9e-05
1.新喀里多尼亚.1.2,新自然用户 MAU,raw_data/mau.csv,MAU,渠道自然=Organic，国家=x（非整体），平台=整体，新老=New,13.0,7.0,5.0,4.0,7.0,14.0,8.0,11.0,7.0,12.0,12.0,5.0,5.0,14.0,6.0,85.714286,6.0,0.002493,0.000104
1.新喀里多尼亚.2,老用户 MAU,本表,整体MAU-新用户 MAU（1.x-1.x.1）,,35.0,40.0,30.0,35.0,59.0,56.0,40.0,62.0,47.0,47.0,56.0,45.0,48.0,53.0,-5.0,-12.5,-5.0,-0.002077,-8.7e-05
1.新西兰,新西兰MAU,raw_data/mau.csv,MAU,渠道自然=整体，国家=x（非整体），平台=整体，新老=整体,7735.0,7975.0,8377.0,8504.0,9828.0,10186.0,9256.0,11370.0,9456.0,9752.0,9680.0,9637.0,9856.0,10049.0,-240.0,-3.009404,-240.0,-0.0997,-0.004156
1.新西兰.1,新用户 MAU,raw_data/mau.csv,MAU,渠道自然=整体，国家=x（非整体），平台=整体，新老=New,1031.0,1011.0,1050.0,1094.0,1324.0,1402.0,1312.0,1200.0,601.0,658.0,720.0,701.0,681.0,656.0,20.0,1.978239,20.0,0.008308,0.000346
1.新西兰.1.1,新渠道用户 MAU,raw_data/mau.csv,MAU,渠道自然=non-Organic，国家=x（非整体），平台=整体，新老=New,52.0,69.0,71.0,62.0,67.0,76.0,72.0,17.0,88.0,53.0,60.0,55.0,66.0,81.0,-17.0,-24.637681,-17.0,-0.007062,-0.000294
1.新西兰.1.2,新自然用户 MAU,raw_data/mau.csv,MAU,渠道自然=Organic，国家=x（非整体），平台=整体，新老=New,979.0,942.0,979.0,1032.0,1257.0,1326.0,1240.0,1183.0,513.0,605.0,660.0,646.0,615.0,575.0,37.0,3.927813,37.0,0.01537,0.000641
1.新西兰.2,老用户 MAU,本表,整体MAU-新用户 MAU（1.x-1.x.1）,,6704.0,6964.0,7327.0,7410.0,8504.0,8784.0,7944.0,10170.0,8855.0,9094.0,8960.0,8936.0,9175.0,9393.0,-260.0,-3.733487,-260.0,-0.108008,-0.004502
1.日本,日本MAU,raw_data/mau.csv,MAU,渠道自然=整体，国家=x（非整体），平台=整体，新老=整体,11866.0,11655.0,9102.0,7836.0,8634.0,8966.0,9727.0,12037.0,9618.0,9845.0,10869.0,11101.0,11865.0,13848.0,211.0,1.810382,211.0,0.087653,0.003654
1.日本.1,新用户 MAU,raw_data/mau.csv,MAU,渠道自然=整体，国家=x（非整体），平台=整体，新老=New,1457.0,1349.0,1292.0,1147.0,1287.0,1303.0,1493.0,1592.0,921.0,1640.0,1238.0,1058.0,1080.0,1042.0,108.0,8.00593,108.0,0.044865,0.00187
1.日本.1.1,新渠道用户 MAU,raw_data/mau.csv,MAU,渠道自然=non-Organic，国家=x（非整体），平台=整体，新老=New,81.0,83.0,122.0,78.0,81.0,56.0,59.0,60.0,209.0,653.0,264.0,251.0,253.0,230.0,-2.0,-2.409639,-2.0,-0.000831,-3.5e-05
1.日本.1.2,新自然用户 MAU,raw_data/mau.csv,MAU,渠道自然=Organic，国家=x（非整体），平台=整体，新老=New,1376.0,1266.0,1170.0,1069.0,1206.0,1247.0,1434.0,1532.0,712.0,987.0,974.0,807.0,827.0,812.0,110.0,8.688784,110.0,0.045696,0.001905
1.日本.2,老用户 MAU,本表,整体MAU-新用户 MAU（1.x-1.x.1）,,10409.0,10306.0,7810.0,6689.0,7347.0,7663.0,8234.0,10445.0,8697.0,8205.0,9631.0,10043.0,10785.0,12806.0,103.0,0.999418,103.0,0.042788,0.001784
1.智利,智利MAU,raw_data/mau.csv,MAU,渠道自然=整体，国家=x（非整体），平台=整体，新老=整体,13349.0,13398.0,13950.0,14591.0,16224.0,15749.0,15065.0,20438.0,16427.0,17748.0,17398.0,15979.0,15913.0,15726.0,-49.0,-0.365726,-49.0,-0.020355,-0.000848
1.智利.1,新用户 MAU,raw_data/mau.csv,MAU,渠道自然=整体，国家=x（非整体），平台=整体，新老=New,1828.0,1859.0,1949.0,2272.0,2575.0,2450.0,2203.0,2187.0,1544.0,1639.0,1577.0,1553.0,1698.0,1495.0,-31.0,-1.667563,-31.0,-0.012878,-0.000537
1.智利.1.1,新渠道用户 MAU,raw_data/mau.csv,MAU,渠道自然=non-Organic，国家=x（非整体），平台=整体，新老=New,275.0,319.0,351.0,347.0,384.0,299.0,153.0,90.0,312.0,245.0,259.0,250.0,218.0,225.0,-44.0,-13.793103,-44.0,-0.018278,-0.000762
1.智利.1.2,新自然用户 MAU,raw_data/mau.csv,MAU,渠道自然=Organic，国家=x（非整体），平台=整体，新老=New,1553.0,1540.0,1598.0,1925.0,2191.0,2151.0,2050.0,2097.0,1232.0,1394.0,1318.0,1303.0,1480.0,1270.0,13.0,0.844156,13.0,0.0054,0.000225
1.智利.2,老用户 MAU,本表,整体MAU-新用户 MAU（1.x-1.x.1）,,11521.0,11539.0,12001.0,12319.0,13649.0,13299.0,12862.0,18251.0,14883.0,16109.0,15821.0,14426.0,14215.0,14231.0,-18.0,-0.155993,-18.0,-0.007478,-0.000312
1.柬埔寨,柬埔寨MAU,raw_data/mau.csv,MAU,渠道自然=整体，国家=x（非整体），平台=整体，新老=整体,1500.0,1549.0,1688.0,1640.0,1843.0,1802.0,1731.0,2119.0,1787.0,1819.0,1937.0,1965.0,2147.0,2261.0,-49.0,-3.163331,-49.0,-0.020355,-0.000848
1.柬埔寨.1,新用户 MAU,raw_data/mau.csv,MAU,渠道自然=整体，国家=x（非整体），平台=整体，新老=New,341.0,272.0,292.0,239.0,327.0,282.0,289.0,319.0,236.0,237.0,246.0,262.0,277.0,227.0,69.0,25.367647,69.0,0.028664,0.001195
1.柬埔寨.1.1,新渠道用户 MAU,raw_data/mau.csv,MAU,渠道自然=non-Organic，国家=x（非整体），平台=整体，新老=New,11.0,27.0,34.0,30.0,36.0,19.0,16.0,8.0,34.0,21.0,20.0,23.0,40.0,37.0,-16.0,-59.259259,-16.0,-0.006647,-0.000277
1.柬埔寨.1.2,新自然用户 MAU,raw_data/mau.csv,MAU,渠道自然=Organic，国家=x（非整体），平台=整体，新老=New,330.0,245.0,258.0,209.0,291.0,263.0,273.0,311.0,202.0,216.0,226.0,239.0,237.0,190.0,85.0,34.693878,85.0,0.03531,0.001472
1.柬埔寨.2,老用户 MAU,本表,整体MAU-新用户 MAU（1.x-1.x.1）,,1159.0,1277.0,1396.0,1401.0,1516.0,1520.0,1442.0,1800.0,1551.0,1582.0,1691.0,1703.0,1870.0,2034.0,-118.0,-9.240407,-118.0,-0.049019,-0.002043
1.根西岛,根西岛MAU,raw_data/mau.csv,MAU,渠道自然=整体，国家=x（非整体），平台=整体，新老=整体,240.0,253.0,214.0,206.0,229.0,286.0,231.0,292.0,201.0,277.0,248.0,242.0,240.0,237.0,-13.0,-5.13834,-13.0,-0.0054,-0.000225
1.根西岛.1,新用户 MAU,raw_data/mau.csv,MAU,渠道自然=整体，国家=x（非整体），平台=整体，新老=New,32.0,23.0,28.0,23.0,26.0,20.0,18.0,19.0,9.0,9.0,11.0,14.0,11.0,14.0,9.0,39.130435,9.0,0.003739,0.000156
1.根西岛.1.1,新渠道用户 MAU,raw_data/mau.csv,MAU,渠道自然=non-Organic，国家=x（非整体），平台=整体，新老=New,4.0,4.0,2.0,,1.0,,,,,,1.0,3.0,4.0,2.0,0.0,0.0,0.0,0.0,0.0
1.根西岛.1.2,新自然用户 MAU,raw_data/mau.csv,MAU,渠道自然=Organic，国家=x（非整体），平台=整体，新老=New,28.0,19.0,26.0,23.0,25.0,20.0,18.0,19.0,9.0,9.0,10.0,11.0,7.0,12.0,9.0,47.368421,9.0,0.003739,0.000156
1.根西岛.2,老用户 MAU,本表,整体MAU-新用户 MAU（1.x-1.x.1）,,208.0,230.0,186.0,183.0,203.0,266.0,213.0,273.0,192.0,268.0,237.0,228.0,229.0,223.0,-22.0,-9.565217,-22.0,-0.009139,-0.000381
1.格林纳达,格林纳达MAU,raw_data/mau.csv,MAU,渠道自然=整体，国家=x（非整体），平台=整体，新老=整体,204.0,238.0,229.0,223.0,220.0,223.0,228.0,268.0,219.0,347.0,225.0,219.0,264.0,271.0,-34.0,-14.285714,-34.0,-0.014124,-0.000589
1.格林纳达.1,新用户 MAU,raw_data/mau.csv,MAU,渠道自然=整体，国家=x（非整体），平台=整体，新老=New,29.0,19.0,18.0,24.0,26.0,28.0,28.0,12.0,10.0,25.0,20.0,6.0,35.0,21.0,10.0,52.631579,10.0,0.004154,0.000173
1.格林纳达.1.1,新渠道用户 MAU,raw_data/mau.csv,MAU,渠道自然=non-Organic，国家=x（非整体），平台=整体，新老=New,,,2.0,1.0,1.0,,5.0,1.0,2.0,1.0,1.0,1.0,6.0,2.0,,,,,
1.格林纳达.1.2,新自然用户 MAU,raw_data/mau.csv,MAU,渠道自然=Organic，国家=x（非整体），平台=整体，新老=New,29.0,19.0,16.0,23.0,25.0,28.0,23.0,11.0,8.0,24.0,19.0,5.0,29.0,19.0,10.0,52.631579,10.0,0.004154,0.000173
1.格林纳达.2,老用户 MAU,本表,整体MAU-新用户 MAU（1.x-1.x.1）,,175.0,219.0,211.0,199.0,194.0,195.0,200.0,256.0,209.0,322.0,205.0,213.0,229.0,250.0,-44.0,-20.091324,-44.0,-0.018278,-0.000762
1.格陵兰,格陵兰MAU,raw_data/mau.csv,MAU,渠道自然=整体，国家=x（非整体），平台=整体，新老=整体,23.0,27.0,25.0,19.0,19.0,20.0,18.0,31.0,25.0,33.0,34.0,43.0,29.0,29.0,-4.0,-14.814815,-4.0,-0.001662,-6.9e-05
1.格陵兰.1,新用户 MAU,raw_data/mau.csv,MAU,渠道自然=整体，国家=x（非整体），平台=整体，新老=New,2.0,2.0,3.0,2.0,3.0,3.0,1.0,5.0,1.0,1.0,3.0,4.0,3.0,,0.0,0.0,0.0,0.0,0.0
1.格陵兰.1.1,新渠道用户 MAU,raw_data/mau.csv,MAU,渠道自然=non-Organic，国家=x（非整体），平台=整体，新老=New,1.0,,1.0,,,,,,,1.0,,1.0,,,,,,,
1.格陵兰.1.2,新自然用户 MAU,raw_data/mau.csv,MAU,渠道自然=Organic，国家=x（非整体），平台=整体，新老=New,1.0,2.0,2.0,2.0,3.0,3.0,1.0,5.0,1.0,,3.0,3.0,3.0,,-1.0,-50.0,-1.0,-0.000415,-1.7e-05
1.格陵兰.2,老用户 MAU,本表,整体MAU-新用户 MAU（1.x-1.x.1）,,21.0,25.0,22.0,17.0,16.0,17.0,17.0,26.0,24.0,32.0,31.0,39.0,26.0,,-4.0,-16.0,-4.0,-0.001662,-6.9e-05
1.格鲁吉亚,格鲁吉亚MAU,raw_data/mau.csv,MAU,渠道自然=整体，国家=x（非整体），平台=整体，新老=整体,12492.0,11142.0,11038.0,10822.0,12305.0,12087.0,12484.0,17401.0,15829.0,19584.0,18556.0,16862.0,15923.0,14523.0,1350.0,12.116317,1350.0,0.560813,0.023376
1.格鲁吉亚.1,新用户 MAU,raw_data/mau.csv,MAU,渠道自然=整体，国家=x（非整体），平台=整体，新老=New,1904.0,1452.0,1346.0,1243.0,1658.0,1529.0,1518.0,1607.0,1082.0,1714.0,1550.0,1344.0,1143.0,939.0,452.0,31.129477,452.0,0.187768,0.007827
1.格鲁吉亚.1.1,新渠道用户 MAU,raw_data/mau.csv,MAU,渠道自然=non-Organic，国家=x（非整体），平台=整体，新老=New,64.0,68.0,104.0,74.0,83.0,71.0,49.0,23.0,68.0,112.0,82.0,82.0,53.0,67.0,-4.0,-5.882353,-4.0,-0.001662,-6.9e-05
1.格鲁吉亚.1.2,新自然用户 MAU,raw_data/mau.csv,MAU,渠道自然=Organic，国家=x（非整体），平台=整体，新老=New,1840.0,1384.0,1242.0,1169.0,1575.0,1458.0,1469.0,1584.0,1014.0,1602.0,1468.0,1262.0,1090.0,872.0,456.0,32.947977,456.0,0.18943,0.007896
1.格鲁吉亚.2,老用户 MAU,本表,整体MAU-新用户 MAU（1.x-1.x.1）,,10588.0,9690.0,9692.0,9579.0,10647.0,10558.0,10966.0,15794.0,14747.0,17870.0,17006.0,15518.0,14780.0,13584.0,898.0,9.267286,898.0,0.373044,0.015549
1.梵蒂冈,梵蒂冈MAU,raw_data/mau.csv,MAU,渠道自然=整体，国家=x（非整体），平台=整体，新老=整体,,1.0,,,,,1.0,4.0,,,,,,,,,,,
1.梵蒂冈.1,新用户 MAU,raw_data/mau.csv,MAU,渠道自然=整体，国家=x（非整体），平台=整体，新老=New,,,,,,,,,,,,,,,,,,,
1.梵蒂冈.1.1,新渠道用户 MAU,raw_data/mau.csv,MAU,渠道自然=non-Organic，国家=x（非整体），平台=整体，新老=New,,,,,,,,,,,,,,,,,,,
1.梵蒂冈.1.2,新自然用户 MAU,raw_data/mau.csv,MAU,渠道自然=Organic，国家=x（非整体），平台=整体，新老=New,,,,,,,,,,,,,,,,,,,
1.梵蒂冈.2,老用户 MAU,本表,整体MAU-新用户 MAU（1.x-1.x.1）,,,,,,,,,,,,,,,,,,,,
1.比利时,比利时MAU,raw_data/mau.csv,MAU,渠道自然=整体，国家=x（非整体），平台=整体，新老=整体,13313.0,12605.0,10846.0,10036.0,11043.0,12433.0,11612.0,14600.0,12131.0,13525.0,13382.0,12939.0,12715.0,12093.0,708.0,5.616819,708.0,0.294115,0.012259
1.比利时.1,新用户 MAU,raw_data/mau.csv,MAU,渠道自然=整体，国家=x（非整体），平台=整体，新老=New,1968.0,2403.0,1401.0,1296.0,1367.0,1581.0,1540.0,1372.0,959.0,1220.0,1123.0,1088.0,1074.0,886.0,-435.0,-18.102372,-435.0,-0.180706,-0.007532
1.比利时.1.1,新渠道用户 MAU,raw_data/mau.csv,MAU,渠道自然=non-Organic，国家=x（非整体），平台=整体，新老=New,93.0,109.0,119.0,98.0,103.0,106.0,67.0,29.0,128.0,145.0,98.0,98.0,81.0,73.0,-16.0,-14.678899,-16.0,-0.006647,-0.000277
1.比利时.1.2,新自然用户 MAU,raw_data/mau.csv,MAU,渠道自然=Organic，国家=x（非整体），平台=整体，新老=New,1875.0,2294.0,1282.0,1198.0,1264.0,1475.0,1473.0,1343.0,831.0,1075.0,1025.0,990.0,993.0,813.0,-419.0,-18.265039,-419.0,-0.17406,-0.007255
1.比利时.2,老用户 MAU,本表,整体MAU-新用户 MAU（1.x-1.x.1）,,11345.0,10202.0,9445.0,8740.0,9676.0,10852.0,10072.0,13228.0,11172.0,12305.0,12259.0,11851.0,11641.0,11207.0,1143.0,11.203686,1143.0,0.474822,0.019792
1.毛里塔尼亚,毛里塔尼亚MAU,raw_data/mau.csv,MAU,渠道自然=整体，国家=x（非整体），平台=整体，新老=整体,440.0,337.0,305.0,234.0,299.0,294.0,285.0,388.0,331.0,418.0,462.0,539.0,487.0,521.0,103.0,30.563798,103.0,0.042788,0.001784
1.毛里塔尼亚.1,新用户 MAU,raw_data/mau.csv,MAU,渠道自然=整体，国家=x（非整体），平台=整体，新老=New,204.0,135.0,114.0,72.0,80.0,73.0,74.0,70.0,48.0,90.0,91.0,113.0,70.0,96.0,69.0,51.111111,69.0,0.028664,0.001195
1.毛里塔尼亚.1.1,新渠道用户 MAU,raw_data/mau.csv,MAU,渠道自然=non-Organic，国家=x（非整体），平台=整体，新老=New,5.0,9.0,11.0,3.0,1.0,3.0,2.0,,1.0,1.0,2.0,5.0,4.0,8.0,-4.0,-44.444444,-4.0,-0.001662,-6.9e-05
1.毛里塔尼亚.1.2,新自然用户 MAU,raw_data/mau.csv,MAU,渠道自然=Organic，国家=x（非整体），平台=整体，新老=New,199.0,126.0,103.0,69.0,79.0,70.0,72.0,70.0,47.0,89.0,89.0,108.0,66.0,88.0,73.0,57.936508,73.0,0.030325,0.001264
1.毛里塔尼亚.2,老用户 MAU,本表,整体MAU-新用户 MAU（1.x-1.x.1）,,236.0,202.0,191.0,162.0,219.0,221.0,211.0,318.0,283.0,328.0,371.0,426.0,417.0,425.0,34.0,16.831683,34.0,0.014124,0.000589
1.毛里求斯,毛里求斯MAU,raw_data/mau.csv,MAU,渠道自然=整体，国家=x（非整体），平台=整体，新老=整体,1196.0,1089.0,1155.0,1069.0,1359.0,1545.0,1377.0,1721.0,1298.0,1358.0,1346.0,1407.0,1391.0,1446.0,107.0,9.825528,107.0,0.04445,0.001853
1.毛里求斯.1,新用户 MAU,raw_data/mau.csv,MAU,渠道自然=整体，国家=x（非整体），平台=整体，新老=New,151.0,163.0,126.0,118.0,141.0,211.0,160.0,164.0,117.0,120.0,114.0,104.0,94.0,89.0,-12.0,-7.361963,-12.0,-0.004985,-0.000208
1.毛里求斯.1.1,新渠道用户 MAU,raw_data/mau.csv,MAU,渠道自然=non-Organic，国家=x（非整体），平台=整体，新老=New,11.0,10.0,19.0,10.0,7.0,17.0,6.0,,14.0,13.0,6.0,4.0,11.0,4.0,1.0,10.0,1.0,0.000415,1.7e-05
1.毛里求斯.1.2,新自然用户 MAU,raw_data/mau.csv,MAU,渠道自然=Organic，国家=x（非整体），平台=整体，新老=New,140.0,153.0,107.0,108.0,134.0,194.0,154.0,164.0,103.0,107.0,108.0,100.0,83.0,85.0,-13.0,-8.496732,-13.0,-0.0054,-0.000225
1.毛里求斯.2,老用户 MAU,本表,整体MAU-新用户 MAU（1.x-1.x.1）,,1045.0,926.0,1029.0,951.0,1218.0,1334.0,1217.0,1557.0,1181.0,1238.0,1232.0,1303.0,1297.0,1357.0,119.0,12.850972,119.0,0.049435,0.002061
1.汤加,汤加MAU,raw_data/mau.csv,MAU,渠道自然=整体，国家=x（非整体），平台=整体，新老=整体,22.0,17.0,15.0,12.0,25.0,25.0,25.0,24.0,27.0,24.0,25.0,20.0,24.0,20.0,5.0,29.411765,5.0,0.002077,8.7e-05
1.汤加.1,新用户 MAU,raw_data/mau.csv,MAU,渠道自然=整体，国家=x（非整体），平台=整体，新老=New,6.0,5.0,4.0,2.0,3.0,4.0,2.0,3.0,2.0,5.0,1.0,2.0,1.0,1.0,1.0,20.0,1.0,0.000415,1.7e-05
1.汤加.1.1,新渠道用户 MAU,raw_data/mau.csv,MAU,渠道自然=non-Organic，国家=x（非整体），平台=整体，新老=New,4.0,1.0,,,,1.0,1.0,,1.0,1.0,1.0,1.0,,,3.0,300.0,3.0,0.001246,5.2e-05
1.汤加.1.2,新自然用户 MAU,raw_data/mau.csv,MAU,渠道自然=Organic，国家=x（非整体），平台=整体，新老=New,2.0,4.0,4.0,2.0,3.0,3.0,1.0,3.0,1.0,4.0,,1.0,1.0,1.0,-2.0,-50.0,-2.0,-0.000831,-3.5e-05
1.汤加.2,老用户 MAU,本表,整体MAU-新用户 MAU（1.x-1.x.1）,,16.0,12.0,11.0,10.0,22.0,21.0,23.0,21.0,25.0,19.0,24.0,18.0,23.0,19.0,4.0,33.333333,4.0,0.001662,6.9e-05
1.沙特阿拉伯,沙特阿拉伯MAU,raw_data/mau.csv,MAU,渠道自然=整体，国家=x（非整体），平台=整体，新老=整体,12678.0,12533.0,14510.0,12357.0,14953.0,15077.0,14993.0,18133.0,15895.0,17444.0,16794.0,17641.0,16584.0,17731.0,145.0,1.156946,145.0,0.060235,0.002511
1.沙特阿拉伯.1,新用户 MAU,raw_data/mau.csv,MAU,渠道自然=整体，国家=x（非整体），平台=整体，新老=New,2935.0,2995.0,3790.0,2718.0,3489.0,3123.0,3221.0,3902.0,3006.0,4024.0,3787.0,4238.0,3242.0,3006.0,-60.0,-2.003339,-60.0,-0.024925,-0.001039
1.沙特阿拉伯.1.1,新渠道用户 MAU,raw_data/mau.csv,MAU,渠道自然=non-Organic，国家=x（非整体），平台=整体，新老=New,166.0,224.0,494.0,332.0,493.0,111.0,96.0,81.0,303.0,309.0,259.0,321.0,243.0,314.0,-58.0,-25.892857,-58.0,-0.024094,-0.001004
1.沙特阿拉伯.1.2,新自然用户 MAU,raw_data/mau.csv,MAU,渠道自然=Organic，国家=x（非整体），平台=整体，新老=New,2769.0,2771.0,3296.0,2386.0,2996.0,3012.0,3125.0,3821.0,2703.0,3715.0,3528.0,3917.0,2999.0,2692.0,-2.0,-0.072176,-2.0,-0.000831,-3.5e-05
1.沙特阿拉伯.2,老用户 MAU,本表,整体MAU-新用户 MAU（1.x-1.x.1）,,9743.0,9538.0,10720.0,9639.0,11464.0,11954.0,11772.0,14231.0,12889.0,13420.0,13007.0,13403.0,13342.0,14725.0,205.0,2.149298,205.0,0.08516,0.00355
1.法国,法国MAU,raw_data/mau.csv,MAU,渠道自然=整体，国家=x（非整体），平台=整体，新老=整体,58511.0,53065.0,54064.0,51019.0,53028.0,58720.0,48638.0,61760.0,55533.0,63532.0,65332.0,64784.0,62911.0,61078.0,5446.0,10.262885,5446.0,2.262361,0.094301
1.法国.1,新用户 MAU,raw_data/mau.csv,MAU,渠道自然=整体，国家=x（非整体），平台=整体，新老=New,8527.0,7813.0,8722.0,8251.0,7605.0,8011.0,7094.0,7386.0,5204.0,7494.0,6538.0,5722.0,5634.0,5218.0,714.0,9.138615,714.0,0.296608,0.012363
1.法国.1.1,新渠道用户 MAU,raw_data/mau.csv,MAU,渠道自然=non-Organic，国家=x（非整体），平台=整体，新老=New,1431.0,1985.0,3710.0,3419.0,1547.0,717.0,500.0,349.0,1252.0,1437.0,1350.0,1188.0,1182.0,1319.0,-554.0,-27.90932,-554.0,-0.230141,-0.009593
1.法国.1.2,新自然用户 MAU,raw_data/mau.csv,MAU,渠道自然=Organic，国家=x（非整体），平台=整体，新老=New,7096.0,5828.0,5012.0,4832.0,6058.0,7294.0,6594.0,7037.0,3952.0,6057.0,5188.0,4534.0,4452.0,3899.0,1268.0,21.757035,1268.0,0.526749,0.021956
1.法国.2,老用户 MAU,本表,整体MAU-新用户 MAU（1.x-1.x.1）,,49984.0,45252.0,45342.0,42768.0,45423.0,50709.0,41544.0,54374.0,50329.0,56038.0,58794.0,59062.0,57277.0,55860.0,4732.0,10.456996,4732.0,1.965753,0.081937
1.法属圣马丁,法属圣马丁MAU,raw_data/mau.csv,MAU,渠道自然=整体，国家=x（非整体），平台=整体，新老=整体,106.0,133.0,158.0,89.0,125.0,108.0,75.0,54.0,33.0,63.0,67.0,70.0,90.0,91.0,-27.0,-20.300752,-27.0,-0.011216,-0.000468
1.法属圣马丁.1,新用户 MAU,raw_data/mau.csv,MAU,渠道自然=整体，国家=x（非整体），平台=整体，新老=New,7.0,10.0,3.0,4.0,10.0,5.0,6.0,6.0,,3.0,5.0,1.0,9.0,4.0,-3.0,-30.0,-3.0,-0.001246,-5.2e-05
1.法属圣马丁.1.1,新渠道用户 MAU,raw_data/mau.csv,MAU,渠道自然=non-Organic，国家=x（非整体），平台=整体，新老=New,1.0,4.0,,,1.0,,,,,,,1.0,1.0,,-3.0,-75.0,-3.0,-0.001246,-5.2e-05
1.法属圣马丁.1.2,新自然用户 MAU,raw_data/mau.csv,MAU,渠道自然=Organic，国家=x（非整体），平台=整体，新老=New,6.0,6.0,3.0,4.0,9.0,5.0,6.0,6.0,,3.0,5.0,,8.0,4.0,0.0,0.0,0.0,0.0,0.0
1.法属圣马丁.2,老用户 MAU,本表,整体MAU-新用户 MAU（1.x-1.x.1）,,99.0,123.0,155.0,85.0,115.0,103.0,69.0,48.0,,60.0,62.0,69.0,81.0,87.0,-24.0,-19.512195,-24.0,-0.00997,-0.000416
1.法属圭亚那,法属圭亚那MAU,raw_data/mau.csv,MAU,渠道自然=整体，国家=x（非整体），平台=整体，新老=整体,97.0,100.0,100.0,74.0,83.0,94.0,118.0,160.0,122.0,150.0,135.0,132.0,129.0,136.0,-3.0,-3.0,-3.0,-0.001246,-5.2e-05
1.法属圭亚那.1,新用户 MAU,raw_data/mau.csv,MAU,渠道自然=整体，国家=x（非整体），平台=整体，新老=New,21.0,16.0,18.0,10.0,18.0,14.0,16.0,23.0,13.0,26.0,12.0,15.0,18.0,19.0,5.0,31.25,5.0,0.002077,8.7e-05
1.法属圭亚那.1.1,新渠道用户 MAU,raw_data/mau.csv,MAU,渠道自然=non-Organic，国家=x（非整体），平台=整体，新老=New,9.0,4.0,12.0,5.0,7.0,1.0,,1.0,,1.0,,,1.0,2.0,5.0,125.0,5.0,0.002077,8.7e-05
1.法属圭亚那.1.2,新自然用户 MAU,raw_data/mau.csv,MAU,渠道自然=Organic，国家=x（非整体），平台=整体，新老=New,12.0,12.0,6.0,5.0,11.0,13.0,16.0,22.0,13.0,25.0,12.0,15.0,17.0,17.0,0.0,0.0,0.0,0.0,0.0
1.法属圭亚那.2,老用户 MAU,本表,整体MAU-新用户 MAU（1.x-1.x.1）,,76.0,84.0,82.0,64.0,65.0,80.0,102.0,137.0,109.0,124.0,123.0,117.0,111.0,117.0,-8.0,-9.52381,-8.0,-0.003323,-0.000139
1.法属波利尼西亚,法属波利尼西亚MAU,raw_data/mau.csv,MAU,渠道自然=整体，国家=x（非整体），平台=整体，新老=整体,154.0,140.0,120.0,95.0,140.0,106.0,141.0,186.0,186.0,206.0,162.0,190.0,189.0,222.0,14.0,10.0,14.0,0.005816,0.000242
1.法属波利尼西亚.1,新用户 MAU,raw_data/mau.csv,MAU,渠道自然=整体，国家=x（非整体），平台=整体，新老=New,26.0,21.0,23.0,9.0,21.0,21.0,16.0,25.0,18.0,23.0,15.0,15.0,20.0,12.0,5.0,23.809524,5.0,0.002077,8.7e-05
1.法属波利尼西亚.1.1,新渠道用户 MAU,raw_data/mau.csv,MAU,渠道自然=non-Organic，国家=x（非整体），平台=整体，新老=New,3.0,5.0,8.0,2.0,3.0,5.0,2.0,2.0,5.0,1.0,2.0,,2.0,1.0,-2.0,-40.0,-2.0,-0.000831,-3.5e-05
1.法属波利尼西亚.1.2,新自然用户 MAU,raw_data/mau.csv,MAU,渠道自然=Organic，国家=x（非整体），平台=整体，新老=New,23.0,16.0,15.0,7.0,18.0,16.0,14.0,23.0,13.0,22.0,13.0,15.0,18.0,11.0,7.0,43.75,7.0,0.002908,0.000121
1.法属波利尼西亚.2,老用户 MAU,本表,整体MAU-新用户 MAU（1.x-1.x.1）,,128.0,119.0,97.0,86.0,119.0,85.0,125.0,161.0,168.0,183.0,147.0,175.0,169.0,210.0,9.0,7.563025,9.0,0.003739,0.000156
1.法罗群岛,法罗群岛MAU,raw_data/mau.csv,MAU,渠道自然=整体，国家=x（非整体），平台=整体，新老=整体,63.0,67.0,47.0,44.0,54.0,71.0,50.0,89.0,67.0,103.0,118.0,116.0,97.0,90.0,-4.0,-5.970149,-4.0,-0.001662,-6.9e-05
1.法罗群岛.1,新用户 MAU,raw_data/mau.csv,MAU,渠道自然=整体，国家=x（非整体），平台=整体，新老=New,7.0,11.0,5.0,4.0,4.0,13.0,5.0,5.0,1.0,6.0,9.0,5.0,10.0,4.0,-4.0,-36.363636,-4.0,-0.001662,-6.9e-05
1.法罗群岛.1.1,新渠道用户 MAU,raw_data/mau.csv,MAU,渠道自然=non-Organic，国家=x（非整体），平台=整体，新老=New,2.0,,,,,,,,,2.0,1.0,,1.0,1.0,,,,,
1.法罗群岛.1.2,新自然用户 MAU,raw_data/mau.csv,MAU,渠道自然=Organic，国家=x（非整体），平台=整体，新老=New,5.0,11.0,5.0,4.0,4.0,13.0,5.0,5.0,1.0,4.0,8.0,5.0,9.0,3.0,-6.0,-54.545455,-6.0,-0.002493,-0.000104
1.法罗群岛.2,老用户 MAU,本表,整体MAU-新用户 MAU（1.x-1.x.1）,,56.0,56.0,42.0,40.0,50.0,58.0,45.0,84.0,66.0,97.0,109.0,111.0,87.0,86.0,0.0,0.0,0.0,0.0,0.0
1.波兰,波兰MAU,raw_data/mau.csv,MAU,渠道自然=整体，国家=x（非整体），平台=整体，新老=整体,38112.0,34506.0,31287.0,27360.0,29248.0,32920.0,31147.0,39963.0,33293.0,37950.0,37086.0,34939.0,34298.0,34122.0,3606.0,10.450356,3606.0,1.497994,0.06244
1.波兰.1,新用户 MAU,raw_data/mau.csv,MAU,渠道自然=整体，国家=x（非整体），平台=整体，新老=New,5581.0,3951.0,3374.0,3316.0,3624.0,3967.0,3981.0,3786.0,2561.0,3532.0,3447.0,2943.0,2669.0,2661.0,1630.0,41.255378,1630.0,0.67713,0.028224
1.波兰.1.1,新渠道用户 MAU,raw_data/mau.csv,MAU,渠道自然=non-Organic，国家=x（非整体），平台=整体，新老=New,253.0,234.0,250.0,235.0,244.0,241.0,147.0,124.0,412.0,418.0,353.0,305.0,334.0,339.0,19.0,8.119658,19.0,0.007893,0.000329
1.波兰.1.2,新自然用户 MAU,raw_data/mau.csv,MAU,渠道自然=Organic，国家=x（非整体），平台=整体，新老=New,5328.0,3717.0,3124.0,3081.0,3380.0,3726.0,3834.0,3662.0,2149.0,3114.0,3094.0,2638.0,2335.0,2322.0,1611.0,43.341404,1611.0,0.669237,0.027895
1.波兰.2,老用户 MAU,本表,整体MAU-新用户 MAU（1.x-1.x.1）,,32531.0,30555.0,27913.0,24044.0,25624.0,28953.0,27166.0,36177.0,30732.0,34418.0,33639.0,31996.0,31629.0,31461.0,1976.0,6.467027,1976.0,0.820864,0.034216
1.波多黎各,波多黎各MAU,raw_data/mau.csv,MAU,渠道自然=整体，国家=x（非整体），平台=整体，新老=整体,6498.0,6099.0,6733.0,5634.0,6679.0,6707.0,6110.0,7357.0,6218.0,7354.0,7290.0,7323.0,7007.0,6538.0,399.0,6.542056,399.0,0.165751,0.006909
1.波多黎各.1,新用户 MAU,raw_data/mau.csv,MAU,渠道自然=整体，国家=x（非整体），平台=整体，新老=New,744.0,655.0,739.0,552.0,808.0,842.0,730.0,610.0,366.0,466.0,491.0,553.0,580.0,450.0,89.0,13.587786,89.0,0.036972,0.001541
1.波多黎各.1.1,新渠道用户 MAU,raw_data/mau.csv,MAU,渠道自然=non-Organic，国家=x（非整体），平台=整体，新老=New,64.0,112.0,135.0,77.0,119.0,91.0,65.0,11.0,67.0,128.0,108.0,81.0,79.0,51.0,-48.0,-42.857143,-48.0,-0.01994,-0.000831
1.波多黎各.1.2,新自然用户 MAU,raw_data/mau.csv,MAU,渠道自然=Organic，国家=x（非整体），平台=整体，新老=New,680.0,543.0,604.0,475.0,689.0,751.0,665.0,599.0,299.0,338.0,383.0,472.0,501.0,399.0,137.0,25.230203,137.0,0.056912,0.002372
1.波多黎各.2,老用户 MAU,本表,整体MAU-新用户 MAU（1.x-1.x.1）,,5754.0,5444.0,5994.0,5082.0,5871.0,5865.0,5380.0,6747.0,5852.0,6888.0,6799.0,6770.0,6427.0,6088.0,310.0,5.694342,310.0,0.128779,0.005368
1.波斯尼亚和黑塞哥维那,波斯尼亚和黑塞哥维那MAU,raw_data/mau.csv,MAU,渠道自然=整体，国家=x（非整体），平台=整体，新老=整体,,,,,,,,7829.0,16598.0,20465.0,18765.0,19056.0,19259.0,18458.0,,,,,
1.波斯尼亚和黑塞哥维那.1,新用户 MAU,raw_data/mau.csv,MAU,渠道自然=整体，国家=x（非整体），平台=整体，新老=New,,,,,,,,171.0,712.0,1097.0,987.0,1022.0,946.0,915.0,,,,,
1.波斯尼亚和黑塞哥维那.1.1,新渠道用户 MAU,raw_data/mau.csv,MAU,渠道自然=non-Organic，国家=x（非整体），平台=整体，新老=New,,,,,,,,7.0,25.0,47.0,29.0,24.0,21.0,34.0,,,,,
1.波斯尼亚和黑塞哥维那.1.2,新自然用户 MAU,raw_data/mau.csv,MAU,渠道自然=Organic，国家=x（非整体），平台=整体，新老=New,,,,,,,,164.0,687.0,1050.0,958.0,998.0,925.0,881.0,,,,,
1.波斯尼亚和黑塞哥维那.2,老用户 MAU,本表,整体MAU-新用户 MAU（1.x-1.x.1）,,,,,,,,,7658.0,15886.0,19368.0,17778.0,18034.0,18313.0,17543.0,,,,,
1.波黑,波黑MAU,raw_data/mau.csv,MAU,渠道自然=整体，国家=x（非整体），平台=整体，新老=整体,14988.0,14106.0,13914.0,13024.0,15850.0,15843.0,15011.0,13734.0,,,,,,,882.0,6.252658,882.0,0.366398,0.015272
1.波黑.1,新用户 MAU,raw_data/mau.csv,MAU,渠道自然=整体，国家=x（非整体），平台=整体，新老=New,1500.0,1322.0,1285.0,1039.0,1267.0,1382.0,1245.0,1017.0,,,,,,,178.0,13.464448,178.0,0.073944,0.003082
1.波黑.1.1,新渠道用户 MAU,raw_data/mau.csv,MAU,渠道自然=non-Organic，国家=x（非整体），平台=整体，新老=New,34.0,22.0,42.0,30.0,31.0,20.0,21.0,1.0,,,,,,,12.0,54.545455,12.0,0.004985,0.000208
1.波黑.1.2,新自然用户 MAU,raw_data/mau.csv,MAU,渠道自然=Organic，国家=x（非整体），平台=整体，新老=New,1466.0,1300.0,1243.0,1009.0,1236.0,1362.0,1224.0,1016.0,,,,,,,166.0,12.769231,166.0,0.068959,0.002874
1.波黑.2,老用户 MAU,本表,整体MAU-新用户 MAU（1.x-1.x.1）,,13488.0,12784.0,12629.0,11985.0,14583.0,14461.0,13766.0,12717.0,,,,,,,704.0,5.506884,704.0,0.292454,0.01219
1.泰国,泰国MAU,raw_data/mau.csv,MAU,渠道自然=整体，国家=x（非整体），平台=整体，新老=整体,7903.0,9480.0,10904.0,11619.0,13900.0,12197.0,10577.0,10293.0,7696.0,9024.0,8369.0,8177.0,9235.0,11484.0,-1577.0,-16.635021,-1577.0,-0.655113,-0.027307
1.泰国.1,新用户 MAU,raw_data/mau.csv,MAU,渠道自然=整体，国家=x（非整体），平台=整体，新老=New,1521.0,1486.0,1686.0,1711.0,1962.0,1806.0,1534.0,1572.0,1001.0,1393.0,1112.0,1050.0,1121.0,1134.0,35.0,2.355316,35.0,0.01454,0.000606
1.泰国.1.1,新渠道用户 MAU,raw_data/mau.csv,MAU,渠道自然=non-Organic，国家=x（非整体），平台=整体，新老=New,88.0,112.0,141.0,140.0,147.0,97.0,83.0,32.0,125.0,386.0,126.0,98.0,134.0,140.0,-24.0,-21.428571,-24.0,-0.00997,-0.000416
1.泰国.1.2,新自然用户 MAU,raw_data/mau.csv,MAU,渠道自然=Organic，国家=x（非整体），平台=整体，新老=New,1433.0,1374.0,1545.0,1571.0,1815.0,1709.0,1451.0,1540.0,876.0,1007.0,986.0,952.0,987.0,994.0,59.0,4.294032,59.0,0.02451,0.001022
1.泰国.2,老用户 MAU,本表,整体MAU-新用户 MAU（1.x-1.x.1）,,6382.0,7994.0,9218.0,9908.0,11938.0,10391.0,9043.0,8721.0,6695.0,7631.0,7257.0,7127.0,8114.0,10350.0,-1612.0,-20.165124,-1612.0,-0.669652,-0.027913
1.泽西岛,泽西岛MAU,raw_data/mau.csv,MAU,渠道自然=整体，国家=x（非整体），平台=整体，新老=整体,344.0,318.0,298.0,300.0,339.0,361.0,298.0,409.0,445.0,563.0,511.0,511.0,470.0,426.0,26.0,8.176101,26.0,0.010801,0.00045
1.泽西岛.1,新用户 MAU,raw_data/mau.csv,MAU,渠道自然=整体，国家=x（非整体），平台=整体，新老=New,30.0,22.0,30.0,28.0,45.0,34.0,26.0,22.0,13.0,21.0,17.0,36.0,26.0,21.0,8.0,36.363636,8.0,0.003323,0.000139
1.泽西岛.1.1,新渠道用户 MAU,raw_data/mau.csv,MAU,渠道自然=non-Organic，国家=x（非整体），平台=整体，新老=New,4.0,3.0,3.0,3.0,2.0,1.0,,1.0,3.0,3.0,,4.0,5.0,1.0,1.0,33.333333,1.0,0.000415,1.7e-05
1.泽西岛.1.2,新自然用户 MAU,raw_data/mau.csv,MAU,渠道自然=Organic，国家=x（非整体），平台=整体，新老=New,26.0,19.0,27.0,25.0,43.0,33.0,26.0,21.0,10.0,18.0,17.0,32.0,21.0,20.0,7.0,36.842105,7.0,0.002908,0.000121
1.泽西岛.2,老用户 MAU,本表,整体MAU-新用户 MAU（1.x-1.x.1）,,314.0,296.0,268.0,272.0,294.0,327.0,272.0,387.0,432.0,542.0,494.0,475.0,444.0,405.0,18.0,6.081081,18.0,0.007478,0.000312
1.津巴布韦,津巴布韦MAU,raw_data/mau.csv,MAU,渠道自然=整体，国家=x（非整体），平台=整体，新老=整体,1043.0,1089.0,1020.0,968.0,1209.0,1259.0,1115.0,1507.0,1258.0,1375.0,1278.0,1197.0,1310.0,1405.0,-46.0,-4.224059,-46.0,-0.019109,-0.000797
1.津巴布韦.1,新用户 MAU,raw_data/mau.csv,MAU,渠道自然=整体，国家=x（非整体），平台=整体，新老=New,264.0,223.0,164.0,145.0,202.0,212.0,149.0,262.0,135.0,185.0,144.0,123.0,107.0,116.0,41.0,18.38565,41.0,0.017032,0.00071
1.津巴布韦.1.1,新渠道用户 MAU,raw_data/mau.csv,MAU,渠道自然=non-Organic，国家=x（非整体），平台=整体，新老=New,14.0,22.0,10.0,3.0,10.0,7.0,1.0,7.0,15.0,16.0,3.0,12.0,8.0,8.0,-8.0,-36.363636,-8.0,-0.003323,-0.000139
1.津巴布韦.1.2,新自然用户 MAU,raw_data/mau.csv,MAU,渠道自然=Organic，国家=x（非整体），平台=整体，新老=New,250.0,201.0,154.0,142.0,192.0,205.0,148.0,255.0,120.0,169.0,141.0,111.0,99.0,108.0,49.0,24.378109,49.0,0.020355,0.000848
1.津巴布韦.2,老用户 MAU,本表,整体MAU-新用户 MAU（1.x-1.x.1）,,779.0,866.0,856.0,823.0,1007.0,1047.0,966.0,1245.0,1123.0,1190.0,1134.0,1074.0,1203.0,1289.0,-87.0,-10.046189,-87.0,-0.036141,-0.001506
1.洪都拉斯,洪都拉斯MAU,raw_data/mau.csv,MAU,渠道自然=整体，国家=x（非整体），平台=整体，新老=整体,4088.0,4079.0,4119.0,3954.0,4706.0,4715.0,4506.0,6262.0,4690.0,5081.0,5034.0,4942.0,5184.0,5219.0,9.0,0.220642,9.0,0.003739,0.000156
1.洪都拉斯.1,新用户 MAU,raw_data/mau.csv,MAU,渠道自然=整体，国家=x（非整体），平台=整体，新老=New,633.0,640.0,606.0,526.0,719.0,762.0,643.0,615.0,447.0,564.0,461.0,472.0,478.0,516.0,-7.0,-1.09375,-7.0,-0.002908,-0.000121
1.洪都拉斯.1.1,新渠道用户 MAU,raw_data/mau.csv,MAU,渠道自然=non-Organic，国家=x（非整体），平台=整体，新老=New,58.0,74.0,91.0,69.0,88.0,60.0,48.0,16.0,58.0,67.0,41.0,46.0,35.0,49.0,-16.0,-21.621622,-16.0,-0.006647,-0.000277
1.洪都拉斯.1.2,新自然用户 MAU,raw_data/mau.csv,MAU,渠道自然=Organic，国家=x（非整体），平台=整体，新老=New,575.0,566.0,515.0,457.0,631.0,702.0,595.0,599.0,389.0,497.0,420.0,426.0,443.0,467.0,9.0,1.590106,9.0,0.003739,0.000156
1.洪都拉斯.2,老用户 MAU,本表,整体MAU-新用户 MAU（1.x-1.x.1）,,3455.0,3439.0,3513.0,3428.0,3987.0,3953.0,3863.0,5647.0,4243.0,4517.0,4573.0,4470.0,4706.0,4703.0,16.0,0.465252,16.0,0.006647,0.000277
1.海地,海地MAU,raw_data/mau.csv,MAU,渠道自然=整体，国家=x（非整体），平台=整体，新老=整体,3775.0,3625.0,3933.0,3934.0,4631.0,4477.0,4241.0,5323.0,4777.0,5134.0,5163.0,5342.0,5423.0,5227.0,150.0,4.137931,150.0,0.062313,0.002597
1.海地.1,新用户 MAU,raw_data/mau.csv,MAU,渠道自然=整体，国家=x（非整体），平台=整体，新老=New,655.0,546.0,606.0,553.0,827.0,806.0,646.0,803.0,650.0,707.0,753.0,786.0,727.0,714.0,109.0,19.96337,109.0,0.04528,0.001887
1.海地.1.1,新渠道用户 MAU,raw_data/mau.csv,MAU,渠道自然=non-Organic，国家=x（非整体），平台=整体，新老=New,58.0,33.0,58.0,23.0,18.0,13.0,4.0,14.0,45.0,37.0,32.0,39.0,41.0,40.0,25.0,75.757576,25.0,0.010385,0.000433
1.海地.1.2,新自然用户 MAU,raw_data/mau.csv,MAU,渠道自然=Organic，国家=x（非整体），平台=整体，新老=New,597.0,513.0,548.0,530.0,809.0,793.0,642.0,789.0,605.0,670.0,721.0,747.0,686.0,674.0,84.0,16.374269,84.0,0.034895,0.001455
1.海地.2,老用户 MAU,本表,整体MAU-新用户 MAU（1.x-1.x.1）,,3120.0,3079.0,3327.0,3381.0,3804.0,3671.0,3595.0,4520.0,4127.0,4427.0,4410.0,4556.0,4696.0,4513.0,41.0,1.331601,41.0,0.017032,0.00071
1.澳大利亚,澳大利亚MAU,raw_data/mau.csv,MAU,渠道自然=整体，国家=x（非整体），平台=整体，新老=整体,103824.0,106884.0,110974.0,105449.0,117705.0,123341.0,112919.0,145607.0,106571.0,105548.0,105088.0,105934.0,112236.0,114243.0,-3060.0,-2.862917,-3060.0,-1.271176,-0.052986
1.澳大利亚.1,新用户 MAU,raw_data/mau.csv,MAU,渠道自然=整体，国家=x（非整体），平台=整体，新老=New,12016.0,14482.0,17579.0,14047.0,16783.0,18492.0,14024.0,11289.0,4281.0,3828.0,4444.0,4970.0,5582.0,5417.0,-2466.0,-17.028035,-2466.0,-1.024418,-0.0427
1.澳大利亚.1.1,新渠道用户 MAU,raw_data/mau.csv,MAU,渠道自然=non-Organic，国家=x（非整体），平台=整体，新老=New,3196.0,5602.0,7939.0,4839.0,4934.0,4843.0,1174.0,84.0,279.0,242.0,249.0,457.0,733.0,726.0,-2406.0,-42.948947,-2406.0,-0.999493,-0.041661
1.澳大利亚.1.2,新自然用户 MAU,raw_data/mau.csv,MAU,渠道自然=Organic，国家=x（非整体），平台=整体，新老=New,8820.0,8880.0,9640.0,9208.0,11849.0,13649.0,12850.0,11205.0,4002.0,3586.0,4195.0,4513.0,4849.0,4691.0,-60.0,-0.675676,-60.0,-0.024925,-0.001039
1.澳大利亚.2,老用户 MAU,本表,整体MAU-新用户 MAU（1.x-1.x.1）,,91808.0,92402.0,93395.0,91402.0,100922.0,104849.0,98895.0,134318.0,102290.0,101720.0,100644.0,100964.0,106654.0,108826.0,-594.0,-0.642843,-594.0,-0.246758,-0.010285
1.澳门,澳门MAU,raw_data/mau.csv,MAU,渠道自然=整体，国家=x（非整体），平台=整体，新老=整体,244.0,251.0,242.0,166.0,197.0,219.0,214.0,275.0,243.0,215.0,193.0,152.0,170.0,162.0,-7.0,-2.788845,-7.0,-0.002908,-0.000121
1.澳门.1,新用户 MAU,raw_data/mau.csv,MAU,渠道自然=整体，国家=x（非整体），平台=整体，新老=New,30.0,28.0,28.0,17.0,24.0,28.0,20.0,27.0,13.0,17.0,15.0,8.0,13.0,13.0,2.0,7.142857,2.0,0.000831,3.5e-05
1.澳门.1.1,新渠道用户 MAU,raw_data/mau.csv,MAU,渠道自然=non-Organic，国家=x（非整体），平台=整体，新老=New,4.0,1.0,5.0,2.0,3.0,5.0,3.0,,3.0,1.0,3.0,2.0,3.0,1.0,3.0,300.0,3.0,0.001246,5.2e-05
1.澳门.1.2,新自然用户 MAU,raw_data/mau.csv,MAU,渠道自然=Organic，国家=x（非整体），平台=整体，新老=New,26.0,27.0,23.0,15.0,21.0,23.0,17.0,27.0,10.0,16.0,12.0,6.0,10.0,12.0,-1.0,-3.703704,-1.0,-0.000415,-1.7e-05
1.澳门.2,老用户 MAU,本表,整体MAU-新用户 MAU（1.x-1.x.1）,,214.0,223.0,214.0,149.0,173.0,191.0,194.0,248.0,230.0,198.0,178.0,144.0,157.0,149.0,-9.0,-4.035874,-9.0,-0.003739,-0.000156
1.爱尔兰,爱尔兰MAU,raw_data/mau.csv,MAU,渠道自然=整体，国家=x（非整体），平台=整体，新老=整体,22944.0,21036.0,20794.0,19694.0,20805.0,24041.0,21926.0,28698.0,23288.0,25789.0,25403.0,25259.0,25171.0,23986.0,1908.0,9.070165,1908.0,0.792616,0.033038
1.爱尔兰.1,新用户 MAU,raw_data/mau.csv,MAU,渠道自然=整体，国家=x（非整体），平台=整体，新老=New,2500.0,2315.0,2210.0,1988.0,2347.0,3068.0,2358.0,2124.0,1005.0,1358.0,1435.0,1526.0,1631.0,1339.0,185.0,7.991361,185.0,0.076852,0.003203
1.爱尔兰.1.1,新渠道用户 MAU,raw_data/mau.csv,MAU,渠道自然=non-Organic，国家=x（非整体），平台=整体，新老=New,103.0,104.0,119.0,84.0,66.0,72.0,65.0,33.0,105.0,103.0,85.0,98.0,93.0,96.0,-1.0,-0.961538,-1.0,-0.000415,-1.7e-05
1.爱尔兰.1.2,新自然用户 MAU,raw_data/mau.csv,MAU,渠道自然=Organic，国家=x（非整体），平台=整体，新老=New,2397.0,2211.0,2091.0,1904.0,2281.0,2996.0,2293.0,2091.0,900.0,1255.0,1350.0,1428.0,1538.0,1243.0,186.0,8.412483,186.0,0.077268,0.003221
1.爱尔兰.2,老用户 MAU,本表,整体MAU-新用户 MAU（1.x-1.x.1）,,20444.0,18721.0,18584.0,17706.0,18458.0,20973.0,19568.0,26574.0,22283.0,24431.0,23968.0,23733.0,23540.0,22647.0,1723.0,9.203568,1723.0,0.715763,0.029835
1.爱沙尼亚,爱沙尼亚MAU,raw_data/mau.csv,MAU,渠道自然=整体，国家=x（非整体），平台=整体，新老=整体,6753.0,6012.0,5556.0,4424.0,4165.0,4158.0,3616.0,4078.0,2860.0,3278.0,3336.0,2991.0,2714.0,2643.0,741.0,12.325349,741.0,0.307824,0.012831
1.爱沙尼亚.1,新用户 MAU,raw_data/mau.csv,MAU,渠道自然=整体，国家=x（非整体），平台=整体，新老=New,660.0,502.0,428.0,400.0,431.0,433.0,420.0,322.0,152.0,201.0,220.0,213.0,152.0,139.0,158.0,31.474104,158.0,0.065636,0.002736
1.爱沙尼亚.1.1,新渠道用户 MAU,raw_data/mau.csv,MAU,渠道自然=non-Organic，国家=x（非整体），平台=整体，新老=New,27.0,24.0,17.0,23.0,24.0,24.0,15.0,7.0,41.0,48.0,34.0,29.0,17.0,20.0,3.0,12.5,3.0,0.001246,5.2e-05
1.爱沙尼亚.1.2,新自然用户 MAU,raw_data/mau.csv,MAU,渠道自然=Organic，国家=x（非整体），平台=整体，新老=New,633.0,478.0,411.0,377.0,407.0,409.0,405.0,315.0,111.0,153.0,186.0,184.0,135.0,119.0,155.0,32.426778,155.0,0.06439,0.002684
1.爱沙尼亚.2,老用户 MAU,本表,整体MAU-新用户 MAU（1.x-1.x.1）,,6093.0,5510.0,5128.0,4024.0,3734.0,3725.0,3196.0,3756.0,2708.0,3077.0,3116.0,2778.0,2562.0,2504.0,583.0,10.580762,583.0,0.242188,0.010095
1.牙买加,牙买加MAU,raw_data/mau.csv,MAU,渠道自然=整体，国家=x（非整体），平台=整体，新老=整体,4501.0,4481.0,4349.0,3933.0,4313.0,4285.0,3156.0,5074.0,4356.0,5153.0,5095.0,5059.0,5087.0,5086.0,20.0,0.446329,20.0,0.008308,0.000346
1.牙买加.1,新用户 MAU,raw_data/mau.csv,MAU,渠道自然=整体，国家=x（非整体），平台=整体，新老=New,657.0,624.0,513.0,509.0,529.0,605.0,366.0,418.0,284.0,407.0,395.0,449.0,424.0,384.0,33.0,5.288462,33.0,0.013709,0.000571
1.牙买加.1.1,新渠道用户 MAU,raw_data/mau.csv,MAU,渠道自然=non-Organic，国家=x（非整体），平台=整体，新老=New,29.0,23.0,33.0,12.0,14.0,13.0,5.0,6.0,16.0,27.0,27.0,29.0,36.0,37.0,6.0,26.086957,6.0,0.002493,0.000104
1.牙买加.1.2,新自然用户 MAU,raw_data/mau.csv,MAU,渠道自然=Organic，国家=x（非整体），平台=整体，新老=New,628.0,601.0,480.0,497.0,515.0,592.0,361.0,412.0,268.0,380.0,368.0,420.0,388.0,347.0,27.0,4.492512,27.0,0.011216,0.000468
1.牙买加.2,老用户 MAU,本表,整体MAU-新用户 MAU（1.x-1.x.1）,,3844.0,3857.0,3836.0,3424.0,3784.0,3680.0,2790.0,4656.0,4072.0,4746.0,4700.0,4610.0,4663.0,4702.0,-13.0,-0.33705,-13.0,-0.0054,-0.000225
1.特克斯和凯科斯群岛,特克斯和凯科斯群岛MAU,raw_data/mau.csv,MAU,渠道自然=整体，国家=x（非整体），平台=整体，新老=整体,438.0,396.0,479.0,338.0,445.0,435.0,318.0,303.0,243.0,387.0,550.0,537.0,485.0,407.0,42.0,10.606061,42.0,0.017448,0.000727
1.特克斯和凯科斯群岛.1,新用户 MAU,raw_data/mau.csv,MAU,渠道自然=整体，国家=x（非整体），平台=整体，新老=New,41.0,25.0,30.0,24.0,33.0,37.0,17.0,15.0,8.0,16.0,22.0,24.0,19.0,20.0,16.0,64.0,16.0,0.006647,0.000277
1.特克斯和凯科斯群岛.1.1,新渠道用户 MAU,raw_data/mau.csv,MAU,渠道自然=non-Organic，国家=x（非整体），平台=整体，新老=New,1.0,,2.0,,1.0,3.0,1.0,,2.0,4.0,2.0,3.0,1.0,1.0,,,,,
1.特克斯和凯科斯群岛.1.2,新自然用户 MAU,raw_data/mau.csv,MAU,渠道自然=Organic，国家=x（非整体），平台=整体，新老=New,40.0,25.0,28.0,24.0,32.0,34.0,16.0,15.0,6.0,12.0,20.0,21.0,18.0,19.0,15.0,60.0,15.0,0.006231,0.00026
1.特克斯和凯科斯群岛.2,老用户 MAU,本表,整体MAU-新用户 MAU（1.x-1.x.1）,,397.0,371.0,449.0,314.0,412.0,398.0,301.0,288.0,235.0,371.0,528.0,513.0,466.0,387.0,26.0,7.008086,26.0,0.010801,0.00045
1.特立尼达和多巴哥,特立尼达和多巴哥MAU,raw_data/mau.csv,MAU,渠道自然=整体，国家=x（非整体），平台=整体，新老=整体,1855.0,1855.0,1887.0,2064.0,1982.0,2081.0,1930.0,2570.0,2015.0,2194.0,2155.0,2148.0,2301.0,2343.0,0.0,0.0,0.0,0.0,0.0
1.特立尼达和多巴哥.1,新用户 MAU,raw_data/mau.csv,MAU,渠道自然=整体，国家=x（非整体），平台=整体，新老=New,270.0,236.0,239.0,258.0,230.0,262.0,249.0,224.0,154.0,177.0,160.0,176.0,182.0,188.0,34.0,14.40678,34.0,0.014124,0.000589
1.特立尼达和多巴哥.1.1,新渠道用户 MAU,raw_data/mau.csv,MAU,渠道自然=non-Organic，国家=x（非整体），平台=整体，新老=New,23.0,16.0,24.0,15.0,18.0,12.0,10.0,1.0,12.0,13.0,11.0,12.0,10.0,24.0,7.0,43.75,7.0,0.002908,0.000121
1.特立尼达和多巴哥.1.2,新自然用户 MAU,raw_data/mau.csv,MAU,渠道自然=Organic，国家=x（非整体），平台=整体，新老=New,247.0,220.0,215.0,243.0,212.0,250.0,239.0,223.0,142.0,164.0,149.0,164.0,172.0,164.0,27.0,12.272727,27.0,0.011216,0.000468
1.特立尼达和多巴哥.2,老用户 MAU,本表,整体MAU-新用户 MAU（1.x-1.x.1）,,1585.0,1619.0,1648.0,1806.0,1752.0,1819.0,1681.0,2346.0,1861.0,2017.0,1995.0,1972.0,2119.0,2155.0,-34.0,-2.100062,-34.0,-0.014124,-0.000589
1.玻利维亚,玻利维亚MAU,raw_data/mau.csv,MAU,渠道自然=整体，国家=x（非整体），平台=整体，新老=整体,7021.0,7194.0,7351.0,7314.0,8552.0,9350.0,8844.0,11562.0,9706.0,10010.0,10314.0,10060.0,11186.0,11296.0,-173.0,-2.404782,-173.0,-0.071867,-0.002996
1.玻利维亚.1,新用户 MAU,raw_data/mau.csv,MAU,渠道自然=整体，国家=x（非整体），平台=整体，新老=New,930.0,1025.0,1005.0,965.0,1248.0,1344.0,1074.0,1074.0,872.0,947.0,888.0,820.0,982.0,803.0,-95.0,-9.268293,-95.0,-0.039465,-0.001645
1.玻利维亚.1.1,新渠道用户 MAU,raw_data/mau.csv,MAU,渠道自然=non-Organic，国家=x（非整体），平台=整体，新老=New,112.0,193.0,201.0,154.0,192.0,132.0,79.0,50.0,166.0,192.0,147.0,147.0,131.0,123.0,-81.0,-41.968912,-81.0,-0.033649,-0.001403
1.玻利维亚.1.2,新自然用户 MAU,raw_data/mau.csv,MAU,渠道自然=Organic，国家=x（非整体），平台=整体，新老=New,818.0,832.0,804.0,811.0,1056.0,1212.0,995.0,1024.0,706.0,755.0,741.0,673.0,851.0,680.0,-14.0,-1.682692,-14.0,-0.005816,-0.000242
1.玻利维亚.2,老用户 MAU,本表,整体MAU-新用户 MAU（1.x-1.x.1）,,6091.0,6169.0,6346.0,6349.0,7304.0,8006.0,7770.0,10488.0,8834.0,9063.0,9426.0,9240.0,10204.0,10493.0,-78.0,-1.264386,-78.0,-0.032403,-0.001351
1.瑙鲁,瑙鲁MAU,raw_data/mau.csv,MAU,渠道自然=整体，国家=x（非整体），平台=整体，新老=整体,4.0,2.0,2.0,2.0,2.0,2.0,3.0,5.0,4.0,3.0,3.0,2.0,2.0,1.0,2.0,100.0,2.0,0.000831,3.5e-05
1.瑙鲁.1,新用户 MAU,raw_data/mau.csv,MAU,渠道自然=整体，国家=x（非整体），平台=整体，新老=New,,1.0,1.0,1.0,,1.0,,1.0,2.0,1.0,,,,,,,,,
1.瑙鲁.1.1,新渠道用户 MAU,raw_data/mau.csv,MAU,渠道自然=non-Organic，国家=x（非整体），平台=整体，新老=New,,,1.0,,,,,,1.0,,,,,,,,,,
1.瑙鲁.1.2,新自然用户 MAU,raw_data/mau.csv,MAU,渠道自然=Organic，国家=x（非整体），平台=整体，新老=New,,1.0,,1.0,,1.0,,1.0,1.0,1.0,,,,,,,,,
1.瑙鲁.2,老用户 MAU,本表,整体MAU-新用户 MAU（1.x-1.x.1）,,,1.0,1.0,1.0,,1.0,,4.0,2.0,2.0,,,,,,,,,
1.瑞典,瑞典MAU,raw_data/mau.csv,MAU,渠道自然=整体，国家=x（非整体），平台=整体，新老=整体,21853.0,18194.0,15368.0,11724.0,12253.0,12975.0,12105.0,14790.0,11554.0,13494.0,14635.0,16721.0,16925.0,16524.0,3659.0,20.111026,3659.0,1.520011,0.063358
1.瑞典.1,新用户 MAU,raw_data/mau.csv,MAU,渠道自然=整体，国家=x（非整体），平台=整体，新老=New,2523.0,1856.0,1541.0,1256.0,1468.0,1625.0,1540.0,1389.0,778.0,981.0,1009.0,1134.0,1060.0,969.0,667.0,35.9375,667.0,0.277083,0.01155
1.瑞典.1.1,新渠道用户 MAU,raw_data/mau.csv,MAU,渠道自然=non-Organic，国家=x（非整体），平台=整体，新老=New,92.0,86.0,95.0,72.0,78.0,71.0,53.0,53.0,171.0,176.0,192.0,269.0,312.0,328.0,6.0,6.976744,6.0,0.002493,0.000104
1.瑞典.1.2,新自然用户 MAU,raw_data/mau.csv,MAU,渠道自然=Organic，国家=x（非整体），平台=整体，新老=New,2431.0,1770.0,1446.0,1184.0,1390.0,1554.0,1487.0,1336.0,607.0,805.0,817.0,865.0,748.0,641.0,661.0,37.344633,661.0,0.274591,0.011446
1.瑞典.2,老用户 MAU,本表,整体MAU-新用户 MAU（1.x-1.x.1）,,19330.0,16338.0,13827.0,10468.0,10785.0,11350.0,10565.0,13401.0,10776.0,12513.0,13626.0,15587.0,15865.0,15555.0,2992.0,18.313135,2992.0,1.242928,0.051808
1.瑞士,瑞士MAU,raw_data/mau.csv,MAU,渠道自然=整体，国家=x（非整体），平台=整体，新老=整体,17423.0,17008.0,13693.0,13239.0,14194.0,15667.0,14010.0,16695.0,14060.0,15352.0,15355.0,16099.0,16264.0,15508.0,415.0,2.440028,415.0,0.172398,0.007186
1.瑞士.1,新用户 MAU,raw_data/mau.csv,MAU,渠道自然=整体，国家=x（非整体），平台=整体，新老=New,2040.0,1953.0,1526.0,1421.0,1619.0,1915.0,1800.0,1520.0,911.0,1211.0,1021.0,1059.0,1058.0,951.0,87.0,4.454685,87.0,0.036141,0.001506
1.瑞士.1.1,新渠道用户 MAU,raw_data/mau.csv,MAU,渠道自然=non-Organic，国家=x（非整体），平台=整体，新老=New,120.0,119.0,127.0,85.0,82.0,92.0,57.0,46.0,191.0,182.0,178.0,225.0,193.0,191.0,1.0,0.840336,1.0,0.000415,1.7e-05
1.瑞士.1.2,新自然用户 MAU,raw_data/mau.csv,MAU,渠道自然=Organic，国家=x（非整体），平台=整体，新老=New,1920.0,1834.0,1399.0,1336.0,1537.0,1823.0,1743.0,1474.0,720.0,1029.0,843.0,834.0,865.0,760.0,86.0,4.689204,86.0,0.035726,0.001489
1.瑞士.2,老用户 MAU,本表,整体MAU-新用户 MAU（1.x-1.x.1）,,15383.0,15055.0,12167.0,11818.0,12575.0,13752.0,12210.0,15175.0,13149.0,14141.0,14334.0,15040.0,15206.0,14557.0,328.0,2.178678,328.0,0.136257,0.00568
1.瓜德罗普,瓜德罗普MAU,raw_data/mau.csv,MAU,渠道自然=整体，国家=x（非整体），平台=整体，新老=整体,164.0,201.0,207.0,183.0,203.0,203.0,192.0,198.0,131.0,209.0,168.0,160.0,153.0,185.0,-37.0,-18.40796,-37.0,-0.01537,-0.000641
1.瓜德罗普.1,新用户 MAU,raw_data/mau.csv,MAU,渠道自然=整体，国家=x（非整体），平台=整体，新老=New,18.0,29.0,34.0,23.0,23.0,23.0,28.0,34.0,10.0,51.0,28.0,20.0,15.0,22.0,-11.0,-37.931034,-11.0,-0.00457,-0.00019
1.瓜德罗普.1.1,新渠道用户 MAU,raw_data/mau.csv,MAU,渠道自然=non-Organic，国家=x（非整体），平台=整体，新老=New,2.0,6.0,14.0,5.0,2.0,1.0,2.0,,2.0,1.0,,3.0,1.0,1.0,-4.0,-66.666667,-4.0,-0.001662,-6.9e-05
1.瓜德罗普.1.2,新自然用户 MAU,raw_data/mau.csv,MAU,渠道自然=Organic，国家=x（非整体），平台=整体，新老=New,16.0,23.0,20.0,18.0,21.0,22.0,26.0,34.0,8.0,50.0,28.0,17.0,14.0,21.0,-7.0,-30.434783,-7.0,-0.002908,-0.000121
1.瓜德罗普.2,老用户 MAU,本表,整体MAU-新用户 MAU（1.x-1.x.1）,,146.0,172.0,173.0,160.0,180.0,180.0,164.0,164.0,121.0,158.0,140.0,140.0,138.0,163.0,-26.0,-15.116279,-26.0,-0.010801,-0.00045
1.瓦利斯和富图纳群岛,瓦利斯和富图纳群岛MAU,raw_data/mau.csv,MAU,渠道自然=整体，国家=x（非整体），平台=整体，新老=整体,1.0,,,,,,,,1.0,,1.0,,1.0,,,,,,
1.瓦利斯和富图纳群岛.1,新用户 MAU,raw_data/mau.csv,MAU,渠道自然=整体，国家=x（非整体），平台=整体，新老=New,,,,,,,,,,,,,1.0,,,,,,
1.瓦利斯和富图纳群岛.1.1,新渠道用户 MAU,raw_data/mau.csv,MAU,渠道自然=non-Organic，国家=x（非整体），平台=整体，新老=New,,,,,,,,,,,,,,,,,,,
1.瓦利斯和富图纳群岛.1.2,新自然用户 MAU,raw_data/mau.csv,MAU,渠道自然=Organic，国家=x（非整体），平台=整体，新老=New,,,,,,,,,,,,,1.0,,,,,,
1.瓦利斯和富图纳群岛.2,老用户 MAU,本表,整体MAU-新用户 MAU（1.x-1.x.1）,,,,,,,,,,,,,,0.0,,,,,,
1.瓦努阿图,瓦努阿图MAU,raw_data/mau.csv,MAU,渠道自然=整体，国家=x（非整体），平台=整体，新老=整体,47.0,57.0,38.0,35.0,78.0,68.0,57.0,80.0,74.0,63.0,62.0,58.0,70.0,64.0,-10.0,-17.54386,-10.0,-0.004154,-0.000173
1.瓦努阿图.1,新用户 MAU,raw_data/mau.csv,MAU,渠道自然=整体，国家=x（非整体），平台=整体，新老=New,7.0,6.0,9.0,6.0,5.0,3.0,6.0,8.0,4.0,3.0,7.0,7.0,5.0,5.0,1.0,16.666667,1.0,0.000415,1.7e-05
1.瓦努阿图.1.1,新渠道用户 MAU,raw_data/mau.csv,MAU,渠道自然=non-Organic，国家=x（非整体），平台=整体，新老=New,2.0,1.0,,1.0,,1.0,,,,,1.0,,,,1.0,100.0,1.0,0.000415,1.7e-05
1.瓦努阿图.1.2,新自然用户 MAU,raw_data/mau.csv,MAU,渠道自然=Organic，国家=x（非整体），平台=整体，新老=New,5.0,5.0,9.0,5.0,5.0,2.0,6.0,8.0,4.0,3.0,6.0,7.0,5.0,5.0,0.0,0.0,0.0,0.0,0.0
1.瓦努阿图.2,老用户 MAU,本表,整体MAU-新用户 MAU（1.x-1.x.1）,,40.0,51.0,29.0,29.0,73.0,65.0,51.0,72.0,70.0,60.0,55.0,51.0,65.0,59.0,-11.0,-21.568627,-11.0,-0.00457,-0.00019
1.留尼汪岛,留尼汪岛MAU,raw_data/mau.csv,MAU,渠道自然=整体，国家=x（非整体），平台=整体，新老=整体,263.0,248.0,252.0,210.0,256.0,279.0,315.0,409.0,417.0,323.0,369.0,323.0,334.0,284.0,15.0,6.048387,15.0,0.006231,0.00026
1.留尼汪岛.1,新用户 MAU,raw_data/mau.csv,MAU,渠道自然=整体，国家=x（非整体），平台=整体，新老=New,69.0,70.0,61.0,52.0,51.0,82.0,94.0,69.0,43.0,56.0,51.0,57.0,58.0,42.0,-1.0,-1.428571,-1.0,-0.000415,-1.7e-05
1.留尼汪岛.1.1,新渠道用户 MAU,raw_data/mau.csv,MAU,渠道自然=non-Organic，国家=x（非整体），平台=整体，新老=New,7.0,18.0,23.0,15.0,6.0,6.0,10.0,1.0,6.0,4.0,4.0,6.0,6.0,2.0,-11.0,-61.111111,-11.0,-0.00457,-0.00019
1.留尼汪岛.1.2,新自然用户 MAU,raw_data/mau.csv,MAU,渠道自然=Organic，国家=x（非整体），平台=整体，新老=New,62.0,52.0,38.0,37.0,45.0,76.0,84.0,68.0,37.0,52.0,47.0,51.0,52.0,40.0,10.0,19.230769,10.0,0.004154,0.000173
1.留尼汪岛.2,老用户 MAU,本表,整体MAU-新用户 MAU（1.x-1.x.1）,,194.0,178.0,191.0,158.0,205.0,197.0,221.0,340.0,374.0,267.0,318.0,266.0,276.0,242.0,16.0,8.988764,16.0,0.006647,0.000277
1.白俄罗斯,白俄罗斯MAU,raw_data/mau.csv,MAU,渠道自然=整体，国家=x（非整体），平台=整体，新老=整体,28808.0,23606.0,25960.0,23807.0,27896.0,27229.0,26138.0,34523.0,28437.0,31477.0,32248.0,31100.0,30745.0,29727.0,5202.0,22.03677,5202.0,2.160999,0.090076
1.白俄罗斯.1,新用户 MAU,raw_data/mau.csv,MAU,渠道自然=整体，国家=x（非整体），平台=整体，新老=New,5454.0,2642.0,3070.0,2869.0,3661.0,3567.0,3360.0,3014.0,1894.0,2194.0,2338.0,2085.0,1945.0,1764.0,2812.0,106.434519,2812.0,1.168152,0.048692
1.白俄罗斯.1.1,新渠道用户 MAU,raw_data/mau.csv,MAU,渠道自然=non-Organic，国家=x（非整体），平台=整体，新老=New,585.0,570.0,625.0,571.0,604.0,526.0,378.0,183.0,540.0,608.0,561.0,468.0,469.0,474.0,15.0,2.631579,15.0,0.006231,0.00026
1.白俄罗斯.1.2,新自然用户 MAU,raw_data/mau.csv,MAU,渠道自然=Organic，国家=x（非整体），平台=整体，新老=New,4869.0,2072.0,2445.0,2298.0,3057.0,3041.0,2982.0,2831.0,1354.0,1586.0,1777.0,1617.0,1476.0,1290.0,2797.0,134.990347,2797.0,1.161921,0.048432
1.白俄罗斯.2,老用户 MAU,本表,整体MAU-新用户 MAU（1.x-1.x.1）,,23354.0,20964.0,22890.0,20938.0,24235.0,23662.0,22778.0,31509.0,26543.0,29283.0,29910.0,29015.0,28800.0,27963.0,2390.0,11.400496,2390.0,0.992847,0.041384
1.百慕大,百慕大MAU,raw_data/mau.csv,MAU,渠道自然=整体，国家=x（非整体），平台=整体，新老=整体,311.0,273.0,252.0,223.0,245.0,264.0,232.0,255.0,242.0,346.0,337.0,349.0,262.0,245.0,38.0,13.919414,38.0,0.015786,0.000658
1.百慕大.1,新用户 MAU,raw_data/mau.csv,MAU,渠道自然=整体，国家=x（非整体），平台=整体，新老=New,17.0,18.0,22.0,16.0,21.0,27.0,21.0,18.0,9.0,14.0,10.0,19.0,11.0,12.0,-1.0,-5.555556,-1.0,-0.000415,-1.7e-05
1.百慕大.1.1,新渠道用户 MAU,raw_data/mau.csv,MAU,渠道自然=non-Organic，国家=x（非整体），平台=整体，新老=New,2.0,,1.0,,,,1.0,,,,,2.0,,3.0,,,,,
1.百慕大.1.2,新自然用户 MAU,raw_data/mau.csv,MAU,渠道自然=Organic，国家=x（非整体），平台=整体，新老=New,15.0,18.0,21.0,16.0,21.0,27.0,20.0,18.0,9.0,14.0,10.0,17.0,11.0,9.0,-3.0,-16.666667,-3.0,-0.001246,-5.2e-05
1.百慕大.2,老用户 MAU,本表,整体MAU-新用户 MAU（1.x-1.x.1）,,294.0,255.0,230.0,207.0,224.0,237.0,211.0,237.0,233.0,332.0,327.0,330.0,251.0,233.0,39.0,15.294118,39.0,0.016201,0.000675
1.直布罗陀,直布罗陀MAU,raw_data/mau.csv,MAU,渠道自然=整体，国家=x（非整体），平台=整体，新老=整体,280.0,277.0,254.0,217.0,258.0,273.0,250.0,288.0,273.0,312.0,311.0,305.0,280.0,280.0,3.0,1.083032,3.0,0.001246,5.2e-05
1.直布罗陀.1,新用户 MAU,raw_data/mau.csv,MAU,渠道自然=整体，国家=x（非整体），平台=整体，新老=New,30.0,27.0,19.0,15.0,34.0,34.0,22.0,22.0,10.0,12.0,10.0,4.0,17.0,9.0,3.0,11.111111,3.0,0.001246,5.2e-05
1.直布罗陀.1.1,新渠道用户 MAU,raw_data/mau.csv,MAU,渠道自然=non-Organic，国家=x（非整体），平台=整体，新老=New,6.0,5.0,3.0,2.0,5.0,1.0,1.0,,,,2.0,,2.0,1.0,1.0,20.0,1.0,0.000415,1.7e-05
1.直布罗陀.1.2,新自然用户 MAU,raw_data/mau.csv,MAU,渠道自然=Organic，国家=x（非整体），平台=整体，新老=New,24.0,22.0,16.0,13.0,29.0,33.0,21.0,22.0,10.0,12.0,8.0,4.0,15.0,8.0,2.0,9.090909,2.0,0.000831,3.5e-05
1.直布罗陀.2,老用户 MAU,本表,整体MAU-新用户 MAU（1.x-1.x.1）,,250.0,250.0,235.0,202.0,224.0,239.0,228.0,266.0,263.0,300.0,301.0,301.0,263.0,271.0,0.0,0.0,0.0,0.0,0.0
1.福克兰群岛,福克兰群岛MAU,raw_data/mau.csv,MAU,渠道自然=整体，国家=x（非整体），平台=整体，新老=整体,6.0,8.0,8.0,8.0,8.0,3.0,2.0,8.0,1.0,3.0,6.0,4.0,5.0,7.0,-2.0,-25.0,-2.0,-0.000831,-3.5e-05
1.福克兰群岛.1,新用户 MAU,raw_data/mau.csv,MAU,渠道自然=整体，国家=x（非整体），平台=整体，新老=New,1.0,,1.0,2.0,1.0,,,2.0,,,,,,,,,,,
1.福克兰群岛.1.1,新渠道用户 MAU,raw_data/mau.csv,MAU,渠道自然=non-Organic，国家=x（非整体），平台=整体，新老=New,,,,,,,,,,,,,,,,,,,
1.福克兰群岛.1.2,新自然用户 MAU,raw_data/mau.csv,MAU,渠道自然=Organic，国家=x（非整体），平台=整体，新老=New,1.0,,1.0,2.0,1.0,,,2.0,,,,,,,,,,,
1.福克兰群岛.2,老用户 MAU,本表,整体MAU-新用户 MAU（1.x-1.x.1）,,5.0,,7.0,6.0,7.0,,,6.0,,,,,,,,,,,
1.科威特,科威特MAU,raw_data/mau.csv,MAU,渠道自然=整体，国家=x（非整体），平台=整体，新老=整体,3042.0,2746.0,3001.0,2825.0,3188.0,3060.0,2942.0,3788.0,3133.0,3261.0,3202.0,3395.0,3234.0,3212.0,296.0,10.779315,296.0,0.122963,0.005125
1.科威特.1,新用户 MAU,raw_data/mau.csv,MAU,渠道自然=整体，国家=x（非整体），平台=整体，新老=New,688.0,548.0,662.0,507.0,660.0,519.0,533.0,611.0,443.0,517.0,492.0,567.0,444.0,401.0,140.0,25.547445,140.0,0.058158,0.002424
1.科威特.1.1,新渠道用户 MAU,raw_data/mau.csv,MAU,渠道自然=non-Organic，国家=x（非整体），平台=整体，新老=New,37.0,49.0,90.0,56.0,116.0,28.0,18.0,8.0,36.0,39.0,22.0,36.0,23.0,24.0,-12.0,-24.489796,-12.0,-0.004985,-0.000208
1.科威特.1.2,新自然用户 MAU,raw_data/mau.csv,MAU,渠道自然=Organic，国家=x（非整体），平台=整体，新老=New,651.0,499.0,572.0,451.0,544.0,491.0,515.0,603.0,407.0,478.0,470.0,531.0,421.0,377.0,152.0,30.460922,152.0,0.063143,0.002632
1.科威特.2,老用户 MAU,本表,整体MAU-新用户 MAU（1.x-1.x.1）,,2354.0,2198.0,2339.0,2318.0,2528.0,2541.0,2409.0,3177.0,2690.0,2744.0,2710.0,2828.0,2790.0,2811.0,156.0,7.097361,156.0,0.064805,0.002701
1.科摩罗,科摩罗MAU,raw_data/mau.csv,MAU,渠道自然=整体，国家=x（非整体），平台=整体，新老=整体,144.0,144.0,166.0,142.0,180.0,180.0,151.0,217.0,205.0,238.0,244.0,217.0,207.0,261.0,0.0,0.0,0.0,0.0,0.0
1.科摩罗.1,新用户 MAU,raw_data/mau.csv,MAU,渠道自然=整体，国家=x（非整体），平台=整体，新老=New,23.0,15.0,30.0,16.0,31.0,30.0,20.0,35.0,35.0,39.0,35.0,30.0,20.0,45.0,8.0,53.333333,8.0,0.003323,0.000139
1.科摩罗.1.1,新渠道用户 MAU,raw_data/mau.csv,MAU,渠道自然=non-Organic，国家=x（非整体），平台=整体，新老=New,,1.0,6.0,4.0,,,,1.0,2.0,2.0,4.0,2.0,,3.0,,,,,
1.科摩罗.1.2,新自然用户 MAU,raw_data/mau.csv,MAU,渠道自然=Organic，国家=x（非整体），平台=整体，新老=New,23.0,14.0,24.0,12.0,31.0,30.0,20.0,34.0,33.0,37.0,31.0,28.0,20.0,42.0,9.0,64.285714,9.0,0.003739,0.000156
1.科摩罗.2,老用户 MAU,本表,整体MAU-新用户 MAU（1.x-1.x.1）,,121.0,129.0,136.0,126.0,149.0,150.0,131.0,182.0,170.0,199.0,209.0,187.0,187.0,216.0,-8.0,-6.20155,-8.0,-0.003323,-0.000139
1.科特迪瓦,科特迪瓦MAU,raw_data/mau.csv,MAU,渠道自然=整体，国家=x（非整体），平台=整体，新老=整体,3492.0,2022.0,1471.0,1365.0,1552.0,1605.0,1500.0,2019.0,1873.0,2185.0,2025.0,1946.0,1974.0,2061.0,1470.0,72.700297,1470.0,0.610663,0.025454
1.科特迪瓦.1,新用户 MAU,raw_data/mau.csv,MAU,渠道自然=整体，国家=x（非整体），平台=整体，新老=New,2016.0,984.0,443.0,368.0,427.0,366.0,278.0,490.0,338.0,525.0,477.0,345.0,277.0,240.0,1032.0,104.878049,1032.0,0.42871,0.01787
1.科特迪瓦.1.1,新渠道用户 MAU,raw_data/mau.csv,MAU,渠道自然=non-Organic，国家=x（非整体），平台=整体，新老=New,23.0,40.0,50.0,30.0,5.0,8.0,2.0,7.0,18.0,19.0,30.0,35.0,29.0,23.0,-17.0,-42.5,-17.0,-0.007062,-0.000294
1.科特迪瓦.1.2,新自然用户 MAU,raw_data/mau.csv,MAU,渠道自然=Organic，国家=x（非整体），平台=整体，新老=New,1993.0,944.0,393.0,338.0,422.0,358.0,276.0,483.0,320.0,506.0,447.0,310.0,248.0,217.0,1049.0,111.122881,1049.0,0.435772,0.018164
1.科特迪瓦.2,老用户 MAU,本表,整体MAU-新用户 MAU（1.x-1.x.1）,,1476.0,1038.0,1028.0,997.0,1125.0,1239.0,1222.0,1529.0,1535.0,1660.0,1548.0,1601.0,1697.0,1821.0,438.0,42.196532,438.0,0.181953,0.007584
1.科科斯(基林)群岛,科科斯(基林)群岛MAU,raw_data/mau.csv,MAU,渠道自然=整体，国家=x（非整体），平台=整体，新老=整体,,,,,,,,,2.0,2.0,1.0,2.0,1.0,2.0,,,,,
1.科科斯(基林)群岛.1,新用户 MAU,raw_data/mau.csv,MAU,渠道自然=整体，国家=x（非整体），平台=整体，新老=New,,,,,,,,,,,,,,,,,,,
1.科科斯(基林)群岛.1.1,新渠道用户 MAU,raw_data/mau.csv,MAU,渠道自然=non-Organic，国家=x（非整体），平台=整体，新老=New,,,,,,,,,,,,,,,,,,,
1.科科斯(基林)群岛.1.2,新自然用户 MAU,raw_data/mau.csv,MAU,渠道自然=Organic，国家=x（非整体），平台=整体，新老=New,,,,,,,,,,,,,,,,,,,
1.科科斯(基林)群岛.2,老用户 MAU,本表,整体MAU-新用户 MAU（1.x-1.x.1）,,,,,,,,,,,,,,,,,,,,
1.科索沃,科索沃MAU,raw_data/mau.csv,MAU,渠道自然=整体，国家=x（非整体），平台=整体，新老=整体,3580.0,3067.0,2765.0,2488.0,3133.0,3188.0,2726.0,4331.0,6729.0,9375.0,8134.0,7639.0,7876.0,7698.0,513.0,16.726443,513.0,0.213109,0.008883
1.科索沃.1,新用户 MAU,raw_data/mau.csv,MAU,渠道自然=整体，国家=x（非整体），平台=整体，新老=New,418.0,275.0,222.0,208.0,262.0,258.0,218.0,223.0,314.0,587.0,508.0,484.0,521.0,438.0,143.0,52.0,143.0,0.059405,0.002476
1.科索沃.1.1,新渠道用户 MAU,raw_data/mau.csv,MAU,渠道自然=non-Organic，国家=x（非整体），平台=整体，新老=New,15.0,7.0,8.0,9.0,,4.0,5.0,3.0,11.0,18.0,20.0,12.0,15.0,9.0,8.0,114.285714,8.0,0.003323,0.000139
1.科索沃.1.2,新自然用户 MAU,raw_data/mau.csv,MAU,渠道自然=Organic，国家=x（非整体），平台=整体，新老=New,403.0,268.0,214.0,199.0,262.0,254.0,213.0,220.0,303.0,569.0,488.0,472.0,506.0,429.0,135.0,50.373134,135.0,0.056081,0.002338
1.科索沃.2,老用户 MAU,本表,整体MAU-新用户 MAU（1.x-1.x.1）,,3162.0,2792.0,2543.0,2280.0,2871.0,2930.0,2508.0,4108.0,6415.0,8788.0,7626.0,7155.0,7355.0,7260.0,370.0,13.252149,370.0,0.153704,0.006407
1.秘鲁,秘鲁MAU,raw_data/mau.csv,MAU,渠道自然=整体，国家=x（非整体），平台=整体，新老=整体,23702.0,23491.0,24177.0,24164.0,27596.0,28293.0,26804.0,35882.0,28474.0,29500.0,29954.0,29233.0,30780.0,30119.0,211.0,0.898216,211.0,0.087653,0.003654
1.秘鲁.1,新用户 MAU,raw_data/mau.csv,MAU,渠道自然=整体，国家=x（非整体），平台=整体，新老=New,3343.0,3439.0,3594.0,3521.0,4465.0,4786.0,3939.0,3773.0,2917.0,3416.0,3221.0,2996.0,3438.0,3036.0,-96.0,-2.791509,-96.0,-0.03988,-0.001662
1.秘鲁.1.1,新渠道用户 MAU,raw_data/mau.csv,MAU,渠道自然=non-Organic，国家=x（非整体），平台=整体，新老=New,469.0,627.0,675.0,593.0,689.0,551.0,254.0,193.0,534.0,560.0,476.0,405.0,388.0,411.0,-158.0,-25.199362,-158.0,-0.065636,-0.002736
1.秘鲁.1.2,新自然用户 MAU,raw_data/mau.csv,MAU,渠道自然=Organic，国家=x（非整体），平台=整体，新老=New,2874.0,2812.0,2919.0,2928.0,3776.0,4235.0,3685.0,3580.0,2383.0,2856.0,2745.0,2591.0,3050.0,2625.0,62.0,2.204836,62.0,0.025756,0.001074
1.秘鲁.2,老用户 MAU,本表,整体MAU-新用户 MAU（1.x-1.x.1）,,20359.0,20052.0,20583.0,20643.0,23131.0,23507.0,22865.0,32109.0,25557.0,26084.0,26733.0,26237.0,27342.0,27083.0,307.0,1.531019,307.0,0.127533,0.005316
1.突尼斯,突尼斯MAU,raw_data/mau.csv,MAU,渠道自然=整体，国家=x（非整体），平台=整体，新老=整体,4219.0,3865.0,3705.0,3218.0,3960.0,4413.0,4572.0,6681.0,6693.0,8468.0,7989.0,7284.0,7077.0,7255.0,354.0,9.15912,354.0,0.147058,0.00613
1.突尼斯.1,新用户 MAU,raw_data/mau.csv,MAU,渠道自然=整体，国家=x（非整体），平台=整体，新老=New,1030.0,818.0,671.0,485.0,585.0,601.0,678.0,882.0,757.0,1459.0,1141.0,831.0,711.0,654.0,212.0,25.91687,212.0,0.088068,0.003671
1.突尼斯.1.1,新渠道用户 MAU,raw_data/mau.csv,MAU,渠道自然=non-Organic，国家=x（非整体），平台=整体，新老=New,38.0,40.0,64.0,37.0,39.0,28.0,18.0,14.0,68.0,86.0,60.0,58.0,60.0,63.0,-2.0,-5.0,-2.0,-0.000831,-3.5e-05
1.突尼斯.1.2,新自然用户 MAU,raw_data/mau.csv,MAU,渠道自然=Organic，国家=x（非整体），平台=整体，新老=New,992.0,778.0,607.0,448.0,546.0,573.0,660.0,868.0,689.0,1373.0,1081.0,773.0,651.0,591.0,214.0,27.506427,214.0,0.088899,0.003706
1.突尼斯.2,老用户 MAU,本表,整体MAU-新用户 MAU（1.x-1.x.1）,,3189.0,3047.0,3034.0,2733.0,3375.0,3812.0,3894.0,5799.0,5936.0,7009.0,6848.0,6453.0,6366.0,6601.0,142.0,4.660322,142.0,0.058989,0.002459
1.立陶宛,立陶宛MAU,raw_data/mau.csv,MAU,渠道自然=整体，国家=x（非整体），平台=整体，新老=整体,9736.0,8748.0,11557.0,9866.0,9600.0,9795.0,8476.0,9618.0,6509.0,7460.0,7566.0,6850.0,6514.0,6576.0,988.0,11.29401,988.0,0.410432,0.017108
1.立陶宛.1,新用户 MAU,raw_data/mau.csv,MAU,渠道自然=整体，国家=x（非整体），平台=整体，新老=New,1071.0,819.0,995.0,810.0,944.0,1007.0,878.0,715.0,323.0,499.0,463.0,429.0,405.0,368.0,252.0,30.769231,252.0,0.104685,0.004364
1.立陶宛.1.1,新渠道用户 MAU,raw_data/mau.csv,MAU,渠道自然=non-Organic，国家=x（非整体），平台=整体，新老=New,32.0,33.0,42.0,34.0,44.0,34.0,25.0,17.0,54.0,77.0,54.0,56.0,39.0,46.0,-1.0,-3.030303,-1.0,-0.000415,-1.7e-05
1.立陶宛.1.2,新自然用户 MAU,raw_data/mau.csv,MAU,渠道自然=Organic，国家=x（非整体），平台=整体，新老=New,1039.0,786.0,953.0,776.0,900.0,973.0,853.0,698.0,269.0,422.0,409.0,373.0,366.0,322.0,253.0,32.188295,253.0,0.1051,0.004381
1.立陶宛.2,老用户 MAU,本表,整体MAU-新用户 MAU（1.x-1.x.1）,,8665.0,7929.0,10562.0,9056.0,8656.0,8788.0,7598.0,8903.0,6186.0,6961.0,7103.0,6421.0,6109.0,6208.0,736.0,9.282381,736.0,0.305747,0.012744
1.索马里,索马里MAU,raw_data/mau.csv,MAU,渠道自然=整体，国家=x（非整体），平台=整体，新老=整体,1549.0,1499.0,1513.0,1363.0,1674.0,1873.0,1927.0,2450.0,2240.0,2540.0,2655.0,2898.0,2957.0,3382.0,50.0,3.335557,50.0,0.020771,0.000866
1.索马里.1,新用户 MAU,raw_data/mau.csv,MAU,渠道自然=整体，国家=x（非整体），平台=整体，新老=New,413.0,332.0,331.0,211.0,272.0,299.0,308.0,452.0,290.0,406.0,391.0,464.0,354.0,471.0,81.0,24.39759,81.0,0.033649,0.001403
1.索马里.1.1,新渠道用户 MAU,raw_data/mau.csv,MAU,渠道自然=non-Organic，国家=x（非整体），平台=整体，新老=New,17.0,16.0,38.0,4.0,14.0,11.0,9.0,7.0,14.0,17.0,12.0,13.0,21.0,9.0,1.0,6.25,1.0,0.000415,1.7e-05
1.索马里.1.2,新自然用户 MAU,raw_data/mau.csv,MAU,渠道自然=Organic，国家=x（非整体），平台=整体，新老=New,396.0,316.0,293.0,207.0,258.0,288.0,299.0,445.0,276.0,389.0,379.0,451.0,333.0,462.0,80.0,25.316456,80.0,0.033233,0.001385
1.索马里.2,老用户 MAU,本表,整体MAU-新用户 MAU（1.x-1.x.1）,,1136.0,1167.0,1182.0,1152.0,1402.0,1574.0,1619.0,1998.0,1950.0,2134.0,2264.0,2434.0,2603.0,2911.0,-31.0,-2.656384,-31.0,-0.012878,-0.000537
1.约旦,约旦MAU,raw_data/mau.csv,MAU,渠道自然=整体，国家=x（非整体），平台=整体，新老=整体,5127.0,4398.0,4027.0,3869.0,4717.0,5335.0,7900.0,6628.0,6224.0,7356.0,7286.0,6976.0,7205.0,7384.0,729.0,16.575716,729.0,0.302839,0.012623
1.约旦.1,新用户 MAU,raw_data/mau.csv,MAU,渠道自然=整体，国家=x（非整体），平台=整体，新老=New,1405.0,1107.0,757.0,585.0,781.0,838.0,3652.0,1177.0,1018.0,1331.0,1235.0,1124.0,1178.0,1005.0,298.0,26.919603,298.0,0.123794,0.00516
1.约旦.1.1,新渠道用户 MAU,raw_data/mau.csv,MAU,渠道自然=non-Organic，国家=x（非整体），平台=整体，新老=New,73.0,41.0,54.0,35.0,41.0,40.0,48.0,21.0,85.0,78.0,90.0,75.0,83.0,73.0,32.0,78.04878,32.0,0.013293,0.000554
1.约旦.1.2,新自然用户 MAU,raw_data/mau.csv,MAU,渠道自然=Organic，国家=x（非整体），平台=整体，新老=New,1332.0,1066.0,703.0,550.0,740.0,798.0,3604.0,1156.0,933.0,1253.0,1145.0,1049.0,1095.0,932.0,266.0,24.953096,266.0,0.110501,0.004606
1.约旦.2,老用户 MAU,本表,整体MAU-新用户 MAU（1.x-1.x.1）,,3722.0,3291.0,3270.0,3284.0,3936.0,4497.0,4248.0,5451.0,5206.0,6025.0,6051.0,5852.0,6027.0,6379.0,431.0,13.096323,431.0,0.179045,0.007463
1.纳米比亚,纳米比亚MAU,raw_data/mau.csv,MAU,渠道自然=整体，国家=x（非整体），平台=整体，新老=整体,640.0,657.0,665.0,607.0,748.0,769.0,714.0,1010.0,741.0,784.0,790.0,745.0,773.0,816.0,-17.0,-2.587519,-17.0,-0.007062,-0.000294
1.纳米比亚.1,新用户 MAU,raw_data/mau.csv,MAU,渠道自然=整体，国家=x（非整体），平台=整体，新老=New,109.0,82.0,101.0,83.0,101.0,103.0,95.0,126.0,65.0,81.0,57.0,47.0,67.0,69.0,27.0,32.926829,27.0,0.011216,0.000468
1.纳米比亚.1.1,新渠道用户 MAU,raw_data/mau.csv,MAU,渠道自然=non-Organic，国家=x（非整体），平台=整体，新老=New,4.0,5.0,12.0,6.0,6.0,3.0,5.0,,5.0,5.0,4.0,2.0,,8.0,-1.0,-20.0,-1.0,-0.000415,-1.7e-05
1.纳米比亚.1.2,新自然用户 MAU,raw_data/mau.csv,MAU,渠道自然=Organic，国家=x（非整体），平台=整体，新老=New,105.0,77.0,89.0,77.0,95.0,100.0,90.0,126.0,60.0,76.0,53.0,45.0,67.0,61.0,28.0,36.363636,28.0,0.011632,0.000485
1.纳米比亚.2,老用户 MAU,本表,整体MAU-新用户 MAU（1.x-1.x.1）,,531.0,575.0,564.0,524.0,647.0,666.0,619.0,884.0,676.0,703.0,733.0,698.0,706.0,747.0,-44.0,-7.652174,-44.0,-0.018278,-0.000762
1.纽埃岛,纽埃岛MAU,raw_data/mau.csv,MAU,渠道自然=整体，国家=x（非整体），平台=整体，新老=整体,2.0,4.0,2.0,1.0,3.0,2.0,1.0,2.0,3.0,1.0,6.0,2.0,,4.0,-2.0,-50.0,-2.0,-0.000831,-3.5e-05
1.纽埃岛.1,新用户 MAU,raw_data/mau.csv,MAU,渠道自然=整体，国家=x（非整体），平台=整体，新老=New,,,,,,,,,,,,,,,,,,,
1.纽埃岛.1.1,新渠道用户 MAU,raw_data/mau.csv,MAU,渠道自然=non-Organic，国家=x（非整体），平台=整体，新老=New,,,,,,,,,,,,,,,,,,,
1.纽埃岛.1.2,新自然用户 MAU,raw_data/mau.csv,MAU,渠道自然=Organic，国家=x（非整体），平台=整体，新老=New,,,,,,,,,,,,,,,,,,,
1.纽埃岛.2,老用户 MAU,本表,整体MAU-新用户 MAU（1.x-1.x.1）,,,,,,,,,,,,,,,,,,,,
1.缅甸,缅甸MAU,raw_data/mau.csv,MAU,渠道自然=整体，国家=x（非整体），平台=整体，新老=整体,2581.0,2474.0,2590.0,2708.0,3150.0,3645.0,4147.0,4907.0,5633.0,5283.0,4915.0,4498.0,5600.0,5645.0,107.0,4.32498,107.0,0.04445,0.001853
1.缅甸.1,新用户 MAU,raw_data/mau.csv,MAU,渠道自然=整体，国家=x（非整体），平台=整体，新老=New,679.0,532.0,493.0,518.0,554.0,620.0,580.0,961.0,586.0,683.0,707.0,591.0,729.0,644.0,147.0,27.631579,147.0,0.061066,0.002545
1.缅甸.1.1,新渠道用户 MAU,raw_data/mau.csv,MAU,渠道自然=non-Organic，国家=x（非整体），平台=整体，新老=New,50.0,36.0,70.0,57.0,52.0,25.0,19.0,51.0,232.0,185.0,126.0,92.0,146.0,106.0,14.0,38.888889,14.0,0.005816,0.000242
1.缅甸.1.2,新自然用户 MAU,raw_data/mau.csv,MAU,渠道自然=Organic，国家=x（非整体），平台=整体，新老=New,629.0,496.0,423.0,461.0,502.0,595.0,561.0,910.0,354.0,498.0,581.0,499.0,583.0,538.0,133.0,26.814516,133.0,0.05525,0.002303
1.缅甸.2,老用户 MAU,本表,整体MAU-新用户 MAU（1.x-1.x.1）,,1902.0,1942.0,2097.0,2190.0,2596.0,3025.0,3567.0,3946.0,5047.0,4600.0,4208.0,3907.0,4871.0,5001.0,-40.0,-2.059732,-40.0,-0.016617,-0.000693
1.罗马尼亚,罗马尼亚MAU,raw_data/mau.csv,MAU,渠道自然=整体，国家=x（非整体），平台=整体，新老=整体,21019.0,19375.0,18609.0,18385.0,23102.0,24553.0,21693.0,27787.0,21014.0,24564.0,24102.0,22958.0,22232.0,21517.0,1644.0,8.485161,1644.0,0.682945,0.028467
1.罗马尼亚.1,新用户 MAU,raw_data/mau.csv,MAU,渠道自然=整体，国家=x（非整体），平台=整体，新老=New,3807.0,3330.0,2876.0,2626.0,3183.0,3646.0,3661.0,3381.0,1962.0,3020.0,2870.0,2703.0,2801.0,2358.0,477.0,14.324324,477.0,0.198154,0.00826
1.罗马尼亚.1.1,新渠道用户 MAU,raw_data/mau.csv,MAU,渠道自然=non-Organic，国家=x（非整体），平台=整体，新老=New,113.0,98.0,125.0,102.0,109.0,114.0,77.0,34.0,146.0,173.0,176.0,116.0,131.0,137.0,15.0,15.306122,15.0,0.006231,0.00026
1.罗马尼亚.1.2,新自然用户 MAU,raw_data/mau.csv,MAU,渠道自然=Organic，国家=x（非整体），平台=整体，新老=New,3694.0,3232.0,2751.0,2524.0,3074.0,3532.0,3584.0,3347.0,1816.0,2847.0,2694.0,2587.0,2670.0,2221.0,462.0,14.294554,462.0,0.191923,0.008
1.罗马尼亚.2,老用户 MAU,本表,整体MAU-新用户 MAU（1.x-1.x.1）,,17212.0,16045.0,15733.0,15759.0,19919.0,20907.0,18032.0,24406.0,19052.0,21544.0,21232.0,20255.0,19431.0,19159.0,1167.0,7.273294,1167.0,0.484792,0.020207
1.美国,美国MAU,raw_data/mau.csv,MAU,渠道自然=整体，国家=x（非整体），平台=整体，新老=整体,1116564.0,1014368.0,1006176.0,937796.0,1004557.0,1131830.0,1111728.0,1498396.0,1160367.0,1211146.0,1237858.0,1230033.0,1265164.0,1187229.0,102196.0,10.074845,102196.0,42.453951,1.769586
1.美国.1,新用户 MAU,raw_data/mau.csv,MAU,渠道自然=整体，国家=x（非整体），平台=整体，新老=New,204328.0,155636.0,158900.0,138824.0,160772.0,190008.0,176758.0,200096.0,124559.0,132844.0,138460.0,160386.0,162550.0,135263.0,48692.0,31.285821,48692.0,20.227482,0.843132
1.美国.1.1,新渠道用户 MAU,raw_data/mau.csv,MAU,渠道自然=non-Organic，国家=x（非整体），平台=整体，新老=New,89379.0,65544.0,71104.0,59224.0,64851.0,70884.0,56951.0,25219.0,78517.0,83086.0,84885.0,92877.0,85487.0,74078.0,23835.0,36.364885,23835.0,9.901463,0.412718
1.美国.1.2,新自然用户 MAU,raw_data/mau.csv,MAU,渠道自然=Organic，国家=x（非整体），平台=整体，新老=New,114949.0,90092.0,87796.0,79600.0,95921.0,119124.0,119807.0,174877.0,46042.0,49758.0,53575.0,67509.0,77063.0,61185.0,24857.0,27.590685,24857.0,10.326019,0.430414
1.美国.2,老用户 MAU,本表,整体MAU-新用户 MAU（1.x-1.x.1）,,912236.0,858732.0,847276.0,798972.0,843785.0,941822.0,934970.0,1298300.0,1035808.0,1078302.0,1099398.0,1069647.0,1102614.0,1051966.0,53504.0,6.230582,53504.0,22.226469,0.926455
1.美属维尔京群岛,美属维尔京群岛MAU,raw_data/mau.csv,MAU,渠道自然=整体，国家=x（非整体），平台=整体，新老=整体,390.0,364.0,452.0,274.0,351.0,354.0,232.0,201.0,214.0,331.0,477.0,925.0,459.0,400.0,26.0,7.142857,26.0,0.010801,0.00045
1.美属维尔京群岛.1,新用户 MAU,raw_data/mau.csv,MAU,渠道自然=整体，国家=x（非整体），平台=整体，新老=New,34.0,43.0,31.0,25.0,23.0,36.0,23.0,12.0,10.0,14.0,26.0,25.0,25.0,21.0,-9.0,-20.930233,-9.0,-0.003739,-0.000156
1.美属维尔京群岛.1.1,新渠道用户 MAU,raw_data/mau.csv,MAU,渠道自然=non-Organic，国家=x（非整体），平台=整体，新老=New,6.0,5.0,5.0,1.0,5.0,2.0,5.0,,3.0,6.0,8.0,4.0,5.0,6.0,1.0,20.0,1.0,0.000415,1.7e-05
1.美属维尔京群岛.1.2,新自然用户 MAU,raw_data/mau.csv,MAU,渠道自然=Organic，国家=x（非整体），平台=整体，新老=New,28.0,38.0,26.0,24.0,18.0,34.0,18.0,12.0,7.0,8.0,18.0,21.0,20.0,15.0,-10.0,-26.315789,-10.0,-0.004154,-0.000173
1.美属维尔京群岛.2,老用户 MAU,本表,整体MAU-新用户 MAU（1.x-1.x.1）,,356.0,321.0,421.0,249.0,328.0,318.0,209.0,189.0,204.0,317.0,451.0,900.0,434.0,379.0,35.0,10.903427,35.0,0.01454,0.000606
1.美属萨摩亚,美属萨摩亚MAU,raw_data/mau.csv,MAU,渠道自然=整体，国家=x（非整体），平台=整体，新老=整体,5.0,7.0,8.0,5.0,8.0,11.0,8.0,21.0,30.0,38.0,34.0,38.0,36.0,30.0,-2.0,-28.571429,-2.0,-0.000831,-3.5e-05
1.美属萨摩亚.1,新用户 MAU,raw_data/mau.csv,MAU,渠道自然=整体，国家=x（非整体），平台=整体，新老=New,,,1.0,,,1.0,,1.0,5.0,6.0,7.0,8.0,6.0,4.0,,,,,
1.美属萨摩亚.1.1,新渠道用户 MAU,raw_data/mau.csv,MAU,渠道自然=non-Organic，国家=x（非整体），平台=整体，新老=New,,,,,,1.0,,,,1.0,2.0,,1.0,,,,,,
1.美属萨摩亚.1.2,新自然用户 MAU,raw_data/mau.csv,MAU,渠道自然=Organic，国家=x（非整体），平台=整体，新老=New,,,1.0,,,,,1.0,5.0,5.0,5.0,8.0,5.0,4.0,,,,,
1.美属萨摩亚.2,老用户 MAU,本表,整体MAU-新用户 MAU（1.x-1.x.1）,,,,7.0,,,10.0,,20.0,25.0,32.0,27.0,30.0,30.0,26.0,,,,,
1.老挝,老挝MAU,raw_data/mau.csv,MAU,渠道自然=整体，国家=x（非整体），平台=整体，新老=整体,222.0,347.0,330.0,384.0,399.0,384.0,365.0,376.0,318.0,339.0,389.0,389.0,401.0,440.0,-125.0,-36.023055,-125.0,-0.051927,-0.002164
1.老挝.1,新用户 MAU,raw_data/mau.csv,MAU,渠道自然=整体，国家=x（非整体），平台=整体，新老=New,42.0,37.0,35.0,37.0,57.0,45.0,44.0,56.0,53.0,67.0,49.0,52.0,48.0,45.0,5.0,13.513514,5.0,0.002077,8.7e-05
1.老挝.1.1,新渠道用户 MAU,raw_data/mau.csv,MAU,渠道自然=non-Organic，国家=x（非整体），平台=整体，新老=New,2.0,3.0,6.0,1.0,2.0,4.0,4.0,1.0,7.0,7.0,5.0,5.0,5.0,3.0,-1.0,-33.333333,-1.0,-0.000415,-1.7e-05
1.老挝.1.2,新自然用户 MAU,raw_data/mau.csv,MAU,渠道自然=Organic，国家=x（非整体），平台=整体，新老=New,40.0,34.0,29.0,36.0,55.0,41.0,40.0,55.0,46.0,60.0,44.0,47.0,43.0,42.0,6.0,17.647059,6.0,0.002493,0.000104
1.老挝.2,老用户 MAU,本表,整体MAU-新用户 MAU（1.x-1.x.1）,,180.0,310.0,295.0,347.0,342.0,339.0,321.0,320.0,265.0,272.0,340.0,337.0,353.0,395.0,-130.0,-41.935484,-130.0,-0.054004,-0.002251
1.肯尼亚,肯尼亚MAU,raw_data/mau.csv,MAU,渠道自然=整体，国家=x（非整体），平台=整体，新老=整体,6155.0,6082.0,6031.0,6013.0,6785.0,7474.0,7239.0,9542.0,7730.0,8409.0,8164.0,8369.0,8412.0,9512.0,73.0,1.200263,73.0,0.030325,0.001264
1.肯尼亚.1,新用户 MAU,raw_data/mau.csv,MAU,渠道自然=整体，国家=x（非整体），平台=整体，新老=New,1324.0,1212.0,975.0,985.0,1120.0,1123.0,1090.0,1443.0,857.0,1102.0,1075.0,971.0,843.0,929.0,112.0,9.240924,112.0,0.046527,0.001939
1.肯尼亚.1.1,新渠道用户 MAU,raw_data/mau.csv,MAU,渠道自然=non-Organic，国家=x（非整体），平台=整体，新老=New,73.0,86.0,104.0,129.0,89.0,44.0,34.0,33.0,118.0,128.0,113.0,126.0,115.0,116.0,-13.0,-15.116279,-13.0,-0.0054,-0.000225
1.肯尼亚.1.2,新自然用户 MAU,raw_data/mau.csv,MAU,渠道自然=Organic，国家=x（非整体），平台=整体，新老=New,1251.0,1126.0,871.0,856.0,1031.0,1079.0,1056.0,1410.0,739.0,974.0,962.0,845.0,728.0,813.0,125.0,11.101243,125.0,0.051927,0.002164
1.肯尼亚.2,老用户 MAU,本表,整体MAU-新用户 MAU（1.x-1.x.1）,,4831.0,4870.0,5056.0,5028.0,5665.0,6351.0,6149.0,8099.0,6873.0,7307.0,7089.0,7398.0,7569.0,8583.0,-39.0,-0.800821,-39.0,-0.016201,-0.000675
1.芬兰,芬兰MAU,raw_data/mau.csv,MAU,渠道自然=整体，国家=x（非整体），平台=整体，新老=整体,20772.0,15283.0,18903.0,11972.0,10502.0,12453.0,11782.0,11026.0,5453.0,8018.0,8766.0,5925.0,5564.0,5289.0,5489.0,35.915723,5489.0,2.280224,0.095045
1.芬兰.1,新用户 MAU,raw_data/mau.csv,MAU,渠道自然=整体，国家=x（非整体），平台=整体，新老=New,2009.0,1182.0,1290.0,1051.0,1009.0,1383.0,1425.0,1330.0,336.0,431.0,463.0,419.0,389.0,325.0,827.0,69.966159,827.0,0.34355,0.01432
1.芬兰.1.1,新渠道用户 MAU,raw_data/mau.csv,MAU,渠道自然=non-Organic，国家=x（非整体），平台=整体，新老=New,72.0,51.0,96.0,44.0,50.0,61.0,34.0,48.0,92.0,111.0,113.0,82.0,72.0,81.0,21.0,41.176471,21.0,0.008724,0.000364
1.芬兰.1.2,新自然用户 MAU,raw_data/mau.csv,MAU,渠道自然=Organic，国家=x（非整体），平台=整体，新老=New,1937.0,1131.0,1194.0,1007.0,959.0,1322.0,1391.0,1282.0,244.0,320.0,350.0,337.0,317.0,244.0,806.0,71.264368,806.0,0.334826,0.013956
1.芬兰.2,老用户 MAU,本表,整体MAU-新用户 MAU（1.x-1.x.1）,,18763.0,14101.0,17613.0,10921.0,9493.0,11070.0,10357.0,9696.0,5117.0,7587.0,8303.0,5506.0,5175.0,4964.0,4662.0,33.061485,4662.0,1.936674,0.080725
1.苏丹,苏丹MAU,raw_data/mau.csv,MAU,渠道自然=整体，国家=x（非整体），平台=整体，新老=整体,959.0,868.0,803.0,1003.0,1426.0,1246.0,1325.0,2039.0,1654.0,2279.0,2036.0,1617.0,1433.0,1213.0,91.0,10.483871,91.0,0.037803,0.001576
1.苏丹.1,新用户 MAU,raw_data/mau.csv,MAU,渠道自然=整体，国家=x（非整体），平台=整体，新老=New,328.0,247.0,171.0,245.0,467.0,297.0,266.0,842.0,339.0,836.0,676.0,357.0,160.0,80.0,81.0,32.793522,81.0,0.033649,0.001403
1.苏丹.1.1,新渠道用户 MAU,raw_data/mau.csv,MAU,渠道自然=non-Organic，国家=x（非整体），平台=整体，新老=New,9.0,24.0,16.0,8.0,11.0,14.0,3.0,4.0,18.0,16.0,15.0,15.0,13.0,8.0,-15.0,-62.5,-15.0,-0.006231,-0.00026
1.苏丹.1.2,新自然用户 MAU,raw_data/mau.csv,MAU,渠道自然=Organic，国家=x（非整体），平台=整体，新老=New,319.0,223.0,155.0,237.0,456.0,283.0,263.0,838.0,321.0,820.0,661.0,342.0,147.0,72.0,96.0,43.049327,96.0,0.03988,0.001662
1.苏丹.2,老用户 MAU,本表,整体MAU-新用户 MAU（1.x-1.x.1）,,631.0,621.0,632.0,758.0,959.0,949.0,1059.0,1197.0,1315.0,1443.0,1360.0,1260.0,1273.0,1133.0,10.0,1.610306,10.0,0.004154,0.000173
1.苏里南,苏里南MAU,raw_data/mau.csv,MAU,渠道自然=整体，国家=x（非整体），平台=整体，新老=整体,349.0,333.0,329.0,278.0,342.0,361.0,328.0,422.0,356.0,406.0,371.0,380.0,366.0,397.0,16.0,4.804805,16.0,0.006647,0.000277
1.苏里南.1,新用户 MAU,raw_data/mau.csv,MAU,渠道自然=整体，国家=x（非整体），平台=整体，新老=New,71.0,77.0,63.0,54.0,50.0,72.0,37.0,60.0,47.0,48.0,35.0,36.0,32.0,33.0,-6.0,-7.792208,-6.0,-0.002493,-0.000104
1.苏里南.1.1,新渠道用户 MAU,raw_data/mau.csv,MAU,渠道自然=non-Organic，国家=x（非整体），平台=整体，新老=New,5.0,9.0,11.0,7.0,4.0,5.0,1.0,,7.0,5.0,3.0,5.0,3.0,4.0,-4.0,-44.444444,-4.0,-0.001662,-6.9e-05
1.苏里南.1.2,新自然用户 MAU,raw_data/mau.csv,MAU,渠道自然=Organic，国家=x（非整体），平台=整体，新老=New,66.0,68.0,52.0,47.0,46.0,67.0,36.0,60.0,40.0,43.0,32.0,31.0,29.0,29.0,-2.0,-2.941176,-2.0,-0.000831,-3.5e-05
1.苏里南.2,老用户 MAU,本表,整体MAU-新用户 MAU（1.x-1.x.1）,,278.0,256.0,266.0,224.0,292.0,289.0,291.0,362.0,309.0,358.0,336.0,344.0,334.0,364.0,22.0,8.59375,22.0,0.009139,0.000381
1.英国,英国MAU,raw_data/mau.csv,MAU,渠道自然=整体，国家=x（非整体），平台=整体，新老=整体,351199.0,324145.0,321686.0,294324.0,310149.0,352259.0,320955.0,423465.0,333509.0,366243.0,379700.0,375040.0,368350.0,353380.0,27054.0,8.346265,27054.0,11.23869,0.468457
1.英国.1,新用户 MAU,raw_data/mau.csv,MAU,渠道自然=整体，国家=x（非整体），平台=整体，新老=New,45771.0,41068.0,41366.0,32278.0,36572.0,47613.0,37642.0,34934.0,17049.0,21283.0,22653.0,26737.0,25799.0,23480.0,4703.0,11.451739,4703.0,1.953706,0.081435
1.英国.1.1,新渠道用户 MAU,raw_data/mau.csv,MAU,渠道自然=non-Organic，国家=x（非整体），平台=整体，新老=New,12285.0,13215.0,14519.0,8266.0,9509.0,11701.0,8451.0,1746.0,7311.0,9205.0,9988.0,11757.0,9968.0,9736.0,-930.0,-7.037457,-930.0,-0.386338,-0.016104
1.英国.1.2,新自然用户 MAU,raw_data/mau.csv,MAU,渠道自然=Organic，国家=x（非整体），平台=整体，新老=New,33486.0,27853.0,26847.0,24012.0,27063.0,35912.0,29191.0,33188.0,9738.0,12078.0,12665.0,14980.0,15831.0,13744.0,5633.0,20.224033,5633.0,2.340044,0.097539
1.英国.2,老用户 MAU,本表,整体MAU-新用户 MAU（1.x-1.x.1）,,305428.0,283077.0,280320.0,262046.0,273577.0,304646.0,283313.0,388531.0,316460.0,344960.0,357047.0,348303.0,342551.0,329900.0,22351.0,7.895732,22351.0,9.284984,0.387021
1.英属印度洋领地,英属印度洋领地MAU,raw_data/mau.csv,MAU,渠道自然=整体，国家=x（非整体），平台=整体，新老=整体,2.0,1.0,,,2.0,1.0,,,1.0,1.0,3.0,,3.0,2.0,1.0,100.0,1.0,0.000415,1.7e-05
1.英属印度洋领地.1,新用户 MAU,raw_data/mau.csv,MAU,渠道自然=整体，国家=x（非整体），平台=整体，新老=New,,,,,,,,,,,,,,,,,,,
1.英属印度洋领地.1.1,新渠道用户 MAU,raw_data/mau.csv,MAU,渠道自然=non-Organic，国家=x（非整体），平台=整体，新老=New,,,,,,,,,,,,,,,,,,,
1.英属印度洋领地.1.2,新自然用户 MAU,raw_data/mau.csv,MAU,渠道自然=Organic，国家=x（非整体），平台=整体，新老=New,,,,,,,,,,,,,,,,,,,
1.英属印度洋领地.2,老用户 MAU,本表,整体MAU-新用户 MAU（1.x-1.x.1）,,,,,,,,,,,,,,,,,,,,
1.英属维尔京群岛,英属维尔京群岛MAU,raw_data/mau.csv,MAU,渠道自然=整体，国家=x（非整体），平台=整体，新老=整体,153.0,137.0,148.0,112.0,128.0,138.0,103.0,103.0,63.0,97.0,155.0,125.0,8070.0,221.0,16.0,11.678832,16.0,0.006647,0.000277
1.英属维尔京群岛.1,新用户 MAU,raw_data/mau.csv,MAU,渠道自然=整体，国家=x（非整体），平台=整体，新老=New,28.0,9.0,11.0,5.0,14.0,9.0,9.0,10.0,3.0,8.0,8.0,6.0,554.0,17.0,19.0,211.111111,19.0,0.007893,0.000329
1.英属维尔京群岛.1.1,新渠道用户 MAU,raw_data/mau.csv,MAU,渠道自然=non-Organic，国家=x（非整体），平台=整体，新老=New,4.0,,1.0,,1.0,1.0,,,,1.0,2.0,2.0,83.0,2.0,,,,,
1.英属维尔京群岛.1.2,新自然用户 MAU,raw_data/mau.csv,MAU,渠道自然=Organic，国家=x（非整体），平台=整体，新老=New,24.0,9.0,10.0,5.0,13.0,8.0,9.0,10.0,3.0,7.0,6.0,4.0,471.0,15.0,15.0,166.666667,15.0,0.006231,0.00026
1.英属维尔京群岛.2,老用户 MAU,本表,整体MAU-新用户 MAU（1.x-1.x.1）,,125.0,128.0,137.0,107.0,114.0,129.0,94.0,93.0,60.0,89.0,147.0,119.0,7516.0,204.0,-3.0,-2.34375,-3.0,-0.001246,-5.2e-05
1.荷兰,荷兰MAU,raw_data/mau.csv,MAU,渠道自然=整体，国家=x（非整体），平台=整体，新老=整体,129073.0,124555.0,124232.0,112841.0,118282.0,115058.0,102220.0,101483.0,76630.0,83361.0,83368.0,64673.0,57223.0,53481.0,4518.0,3.627313,4518.0,1.876854,0.078232
1.荷兰.1,新用户 MAU,raw_data/mau.csv,MAU,渠道自然=整体，国家=x（非整体），平台=整体，新老=New,14117.0,18215.0,9578.0,8723.0,10616.0,11090.0,10611.0,8071.0,3864.0,4409.0,4208.0,3728.0,3405.0,2930.0,-4098.0,-22.497941,-4098.0,-1.702379,-0.070959
1.荷兰.1.1,新渠道用户 MAU,raw_data/mau.csv,MAU,渠道自然=non-Organic，国家=x（非整体），平台=整体，新老=New,272.0,283.0,288.0,249.0,309.0,299.0,184.0,645.0,2151.0,2203.0,2018.0,1596.0,1268.0,1029.0,-11.0,-3.886926,-11.0,-0.00457,-0.00019
1.荷兰.1.2,新自然用户 MAU,raw_data/mau.csv,MAU,渠道自然=Organic，国家=x（非整体），平台=整体，新老=New,13845.0,17932.0,9290.0,8474.0,10307.0,10791.0,10427.0,7426.0,1713.0,2206.0,2190.0,2132.0,2137.0,1901.0,-4087.0,-22.791657,-4087.0,-1.697809,-0.070769
1.荷兰.2,老用户 MAU,本表,整体MAU-新用户 MAU（1.x-1.x.1）,,114956.0,106340.0,114654.0,104118.0,107666.0,103968.0,91609.0,93412.0,72766.0,78952.0,79160.0,60945.0,53818.0,50551.0,8616.0,8.102313,8616.0,3.579232,0.149191
1.荷兰加勒比,荷兰加勒比MAU,raw_data/mau.csv,MAU,渠道自然=整体，国家=x（非整体），平台=整体，新老=整体,78.0,94.0,81.0,61.0,84.0,72.0,68.0,56.0,,,,,,,-16.0,-17.021277,-16.0,-0.006647,-0.000277
1.荷兰加勒比.1,新用户 MAU,raw_data/mau.csv,MAU,渠道自然=整体，国家=x（非整体），平台=整体，新老=New,8.0,19.0,12.0,8.0,12.0,10.0,9.0,11.0,,,,,,,-11.0,-57.894737,-11.0,-0.00457,-0.00019
1.荷兰加勒比.1.1,新渠道用户 MAU,raw_data/mau.csv,MAU,渠道自然=non-Organic，国家=x（非整体），平台=整体，新老=New,,,1.0,2.0,,,,,,,,,,,,,,,
1.荷兰加勒比.1.2,新自然用户 MAU,raw_data/mau.csv,MAU,渠道自然=Organic，国家=x（非整体），平台=整体，新老=New,8.0,19.0,11.0,6.0,12.0,10.0,9.0,11.0,,,,,,,-11.0,-57.894737,-11.0,-0.00457,-0.00019
1.荷兰加勒比.2,老用户 MAU,本表,整体MAU-新用户 MAU（1.x-1.x.1）,,70.0,75.0,69.0,53.0,72.0,62.0,59.0,45.0,,,,,,,-5.0,-6.666667,-5.0,-0.002077,-8.7e-05
1.荷属圣马丁,荷属圣马丁MAU,raw_data/mau.csv,MAU,渠道自然=整体，国家=x（非整体），平台=整体，新老=整体,373.0,321.0,361.0,283.0,307.0,275.0,156.0,156.0,184.0,318.0,357.0,336.0,350.0,275.0,52.0,16.199377,52.0,0.021602,0.0009
1.荷属圣马丁.1,新用户 MAU,raw_data/mau.csv,MAU,渠道自然=整体，国家=x（非整体），平台=整体，新老=New,41.0,28.0,33.0,18.0,14.0,24.0,9.0,8.0,9.0,10.0,15.0,12.0,23.0,15.0,13.0,46.428571,13.0,0.0054,0.000225
1.荷属圣马丁.1.1,新渠道用户 MAU,raw_data/mau.csv,MAU,渠道自然=non-Organic，国家=x（非整体），平台=整体，新老=New,6.0,1.0,6.0,4.0,2.0,4.0,1.0,1.0,1.0,,3.0,2.0,4.0,2.0,5.0,500.0,5.0,0.002077,8.7e-05
1.荷属圣马丁.1.2,新自然用户 MAU,raw_data/mau.csv,MAU,渠道自然=Organic，国家=x（非整体），平台=整体，新老=New,35.0,27.0,27.0,14.0,12.0,20.0,8.0,7.0,8.0,10.0,12.0,10.0,19.0,13.0,8.0,29.62963,8.0,0.003323,0.000139
1.荷属圣马丁.2,老用户 MAU,本表,整体MAU-新用户 MAU（1.x-1.x.1）,,332.0,293.0,328.0,265.0,293.0,251.0,147.0,148.0,175.0,308.0,342.0,324.0,327.0,260.0,39.0,13.31058,39.0,0.016201,0.000675
1.荷属安的列斯,荷属安的列斯MAU,raw_data/mau.csv,MAU,渠道自然=整体，国家=x（非整体），平台=整体，新老=整体,3.0,9.0,9.0,7.0,16.0,10.0,13.0,48.0,84.0,78.0,102.0,89.0,97.0,61.0,-6.0,-66.666667,-6.0,-0.002493,-0.000104
1.荷属安的列斯.1,新用户 MAU,raw_data/mau.csv,MAU,渠道自然=整体，国家=x（非整体），平台=整体，新老=New,,1.0,,,,,,1.0,3.0,8.0,10.0,2.0,7.0,4.0,,,,,
1.荷属安的列斯.1.1,新渠道用户 MAU,raw_data/mau.csv,MAU,渠道自然=non-Organic，国家=x（非整体），平台=整体，新老=New,,,,,,,,,,2.0,,,2.0,,,,,,
1.荷属安的列斯.1.2,新自然用户 MAU,raw_data/mau.csv,MAU,渠道自然=Organic，国家=x（非整体），平台=整体，新老=New,,1.0,,,,,,1.0,3.0,6.0,10.0,2.0,5.0,4.0,,,,,
1.荷属安的列斯.2,老用户 MAU,本表,整体MAU-新用户 MAU（1.x-1.x.1）,,,8.0,,,,,,47.0,81.0,70.0,92.0,87.0,90.0,57.0,,,,,
1.莫桑比克,莫桑比克MAU,raw_data/mau.csv,MAU,渠道自然=整体，国家=x（非整体），平台=整体，新老=整体,6064.0,6032.0,5951.0,5274.0,5883.0,5927.0,5732.0,7044.0,6838.0,6773.0,6610.0,6208.0,6230.0,6010.0,32.0,0.530504,32.0,0.013293,0.000554
1.莫桑比克.1,新用户 MAU,raw_data/mau.csv,MAU,渠道自然=整体，国家=x（非整体），平台=整体，新老=New,1086.0,1030.0,1077.0,878.0,1008.0,1162.0,975.0,1146.0,1299.0,1311.0,1380.0,1261.0,1199.0,1162.0,56.0,5.436893,56.0,0.023263,0.00097
1.莫桑比克.1.1,新渠道用户 MAU,raw_data/mau.csv,MAU,渠道自然=non-Organic，国家=x（非整体），平台=整体，新老=New,17.0,19.0,11.0,13.0,11.0,14.0,9.0,21.0,43.0,65.0,65.0,51.0,73.0,39.0,-2.0,-10.526316,-2.0,-0.000831,-3.5e-05
1.莫桑比克.1.2,新自然用户 MAU,raw_data/mau.csv,MAU,渠道自然=Organic，国家=x（非整体），平台=整体，新老=New,1069.0,1011.0,1066.0,865.0,997.0,1148.0,966.0,1125.0,1256.0,1246.0,1315.0,1210.0,1126.0,1123.0,58.0,5.736894,58.0,0.024094,0.001004
1.莫桑比克.2,老用户 MAU,本表,整体MAU-新用户 MAU（1.x-1.x.1）,,4978.0,5002.0,4874.0,4396.0,4875.0,4765.0,4757.0,5898.0,5539.0,5462.0,5230.0,4947.0,5031.0,4848.0,-24.0,-0.479808,-24.0,-0.00997,-0.000416
1.莱索托,莱索托MAU,raw_data/mau.csv,MAU,渠道自然=整体，国家=x（非整体），平台=整体，新老=整体,102.0,103.0,108.0,134.0,131.0,144.0,116.0,173.0,144.0,151.0,154.0,165.0,152.0,188.0,-1.0,-0.970874,-1.0,-0.000415,-1.7e-05
1.莱索托.1,新用户 MAU,raw_data/mau.csv,MAU,渠道自然=整体，国家=x（非整体），平台=整体，新老=New,12.0,10.0,17.0,23.0,19.0,17.0,15.0,14.0,22.0,14.0,18.0,15.0,10.0,10.0,2.0,20.0,2.0,0.000831,3.5e-05
1.莱索托.1.1,新渠道用户 MAU,raw_data/mau.csv,MAU,渠道自然=non-Organic，国家=x（非整体），平台=整体，新老=New,,,3.0,,1.0,,1.0,,1.0,,2.0,,1.0,1.0,,,,,
1.莱索托.1.2,新自然用户 MAU,raw_data/mau.csv,MAU,渠道自然=Organic，国家=x（非整体），平台=整体，新老=New,12.0,10.0,14.0,23.0,18.0,17.0,14.0,14.0,21.0,14.0,16.0,15.0,9.0,9.0,2.0,20.0,2.0,0.000831,3.5e-05
1.莱索托.2,老用户 MAU,本表,整体MAU-新用户 MAU（1.x-1.x.1）,,90.0,93.0,91.0,111.0,112.0,127.0,101.0,159.0,122.0,137.0,136.0,150.0,142.0,178.0,-3.0,-3.225806,-3.0,-0.001246,-5.2e-05
1.菲律宾,菲律宾MAU,raw_data/mau.csv,MAU,渠道自然=整体，国家=x（非整体），平台=整体，新老=整体,52782.0,50492.0,49432.0,48255.0,53647.0,57472.0,51560.0,66454.0,58265.0,62660.0,65802.0,67686.0,70535.0,69839.0,2290.0,4.535372,2290.0,0.951305,0.039653
1.菲律宾.1,新用户 MAU,raw_data/mau.csv,MAU,渠道自然=整体，国家=x（非整体），平台=整体，新老=New,12518.0,10925.0,9581.0,8783.0,10194.0,11591.0,8281.0,8424.0,7582.0,8502.0,10853.0,12110.0,12895.0,12883.0,1593.0,14.581236,1593.0,0.661759,0.027584
1.菲律宾.1.1,新渠道用户 MAU,raw_data/mau.csv,MAU,渠道自然=non-Organic，国家=x（非整体），平台=整体，新老=New,453.0,748.0,741.0,618.0,567.0,562.0,307.0,167.0,711.0,710.0,750.0,593.0,605.0,609.0,-295.0,-39.438503,-295.0,-0.122548,-0.005108
1.菲律宾.1.2,新自然用户 MAU,raw_data/mau.csv,MAU,渠道自然=Organic，国家=x（非整体），平台=整体，新老=New,12065.0,10177.0,8840.0,8165.0,9627.0,11029.0,7974.0,8257.0,6871.0,7792.0,10103.0,11517.0,12290.0,12274.0,1888.0,18.551636,1888.0,0.784307,0.032692
1.菲律宾.2,老用户 MAU,本表,整体MAU-新用户 MAU（1.x-1.x.1）,,40264.0,39567.0,39851.0,39472.0,43453.0,45881.0,43279.0,58030.0,50683.0,54158.0,54949.0,55576.0,57640.0,56956.0,697.0,1.761569,697.0,0.289546,0.012069
1.萨尔瓦多,萨尔瓦多MAU,raw_data/mau.csv,MAU,渠道自然=整体，国家=x（非整体），平台=整体，新老=整体,3465.0,3577.0,3656.0,3509.0,4038.0,4162.0,3914.0,5241.0,4101.0,4363.0,4222.0,4204.0,4442.0,4494.0,-112.0,-3.131115,-112.0,-0.046527,-0.001939
1.萨尔瓦多.1,新用户 MAU,raw_data/mau.csv,MAU,渠道自然=整体，国家=x（非整体），平台=整体，新老=New,537.0,517.0,538.0,443.0,599.0,660.0,580.0,540.0,430.0,542.0,424.0,408.0,440.0,427.0,20.0,3.868472,20.0,0.008308,0.000346
1.萨尔瓦多.1.1,新渠道用户 MAU,raw_data/mau.csv,MAU,渠道自然=non-Organic，国家=x（非整体），平台=整体，新老=New,93.0,98.0,109.0,88.0,100.0,66.0,44.0,23.0,86.0,82.0,63.0,61.0,59.0,85.0,-5.0,-5.102041,-5.0,-0.002077,-8.7e-05
1.萨尔瓦多.1.2,新自然用户 MAU,raw_data/mau.csv,MAU,渠道自然=Organic，国家=x（非整体），平台=整体，新老=New,444.0,419.0,429.0,355.0,499.0,594.0,536.0,517.0,344.0,460.0,361.0,347.0,381.0,342.0,25.0,5.966587,25.0,0.010385,0.000433
1.萨尔瓦多.2,老用户 MAU,本表,整体MAU-新用户 MAU（1.x-1.x.1）,,2928.0,3060.0,3118.0,3066.0,3439.0,3502.0,3334.0,4701.0,3671.0,3821.0,3798.0,3796.0,4002.0,4067.0,-132.0,-4.313725,-132.0,-0.054835,-0.002286
1.萨摩亚,萨摩亚MAU,raw_data/mau.csv,MAU,渠道自然=整体，国家=x（非整体），平台=整体，新老=整体,45.0,39.0,28.0,29.0,57.0,54.0,38.0,60.0,54.0,50.0,59.0,47.0,49.0,51.0,6.0,15.384615,6.0,0.002493,0.000104
1.萨摩亚.1,新用户 MAU,raw_data/mau.csv,MAU,渠道自然=整体，国家=x（非整体），平台=整体，新老=New,12.0,9.0,6.0,8.0,5.0,7.0,2.0,8.0,4.0,4.0,6.0,3.0,5.0,3.0,3.0,33.333333,3.0,0.001246,5.2e-05
1.萨摩亚.1.1,新渠道用户 MAU,raw_data/mau.csv,MAU,渠道自然=non-Organic，国家=x（非整体），平台=整体，新老=New,3.0,1.0,1.0,1.0,,1.0,,1.0,1.0,1.0,1.0,,1.0,,2.0,200.0,2.0,0.000831,3.5e-05
1.萨摩亚.1.2,新自然用户 MAU,raw_data/mau.csv,MAU,渠道自然=Organic，国家=x（非整体），平台=整体，新老=New,9.0,8.0,5.0,7.0,5.0,6.0,2.0,7.0,3.0,3.0,5.0,3.0,4.0,3.0,1.0,12.5,1.0,0.000415,1.7e-05
1.萨摩亚.2,老用户 MAU,本表,整体MAU-新用户 MAU（1.x-1.x.1）,,33.0,30.0,22.0,21.0,52.0,47.0,36.0,52.0,50.0,46.0,53.0,44.0,44.0,48.0,3.0,10.0,3.0,0.001246,5.2e-05
1.葡萄牙,葡萄牙MAU,raw_data/mau.csv,MAU,渠道自然=整体，国家=x（非整体），平台=整体，新老=整体,49965.0,47820.0,46170.0,42830.0,46059.0,49365.0,46413.0,65048.0,54796.0,63157.0,61376.0,60341.0,58004.0,54527.0,2145.0,4.485571,2145.0,0.891069,0.037142
1.葡萄牙.1,新用户 MAU,raw_data/mau.csv,MAU,渠道自然=整体，国家=x（非整体），平台=整体，新老=New,5159.0,5175.0,4659.0,4137.0,5411.0,5828.0,4850.0,3974.0,2225.0,3149.0,2818.0,2818.0,2943.0,2710.0,-16.0,-0.309179,-16.0,-0.006647,-0.000277
1.葡萄牙.1.1,新渠道用户 MAU,raw_data/mau.csv,MAU,渠道自然=non-Organic，国家=x（非整体），平台=整体，新老=New,276.0,288.0,255.0,258.0,225.0,208.0,119.0,55.0,186.0,224.0,200.0,181.0,201.0,172.0,-12.0,-4.166667,-12.0,-0.004985,-0.000208
1.葡萄牙.1.2,新自然用户 MAU,raw_data/mau.csv,MAU,渠道自然=Organic，国家=x（非整体），平台=整体，新老=New,4883.0,4887.0,4404.0,3879.0,5186.0,5620.0,4731.0,3919.0,2039.0,2925.0,2618.0,2637.0,2742.0,2538.0,-4.0,-0.08185,-4.0,-0.001662,-6.9e-05
1.葡萄牙.2,老用户 MAU,本表,整体MAU-新用户 MAU（1.x-1.x.1）,,44806.0,42645.0,41511.0,38693.0,40648.0,43537.0,41563.0,61074.0,52571.0,60008.0,58558.0,57523.0,55061.0,51817.0,2161.0,5.067417,2161.0,0.897716,0.037419
1.蒙古,蒙古MAU,raw_data/mau.csv,MAU,渠道自然=整体，国家=x（非整体），平台=整体，新老=整体,657.0,599.0,639.0,633.0,713.0,867.0,896.0,1130.0,992.0,1111.0,1215.0,1109.0,1191.0,1072.0,58.0,9.682805,58.0,0.024094,0.001004
1.蒙古.1,新用户 MAU,raw_data/mau.csv,MAU,渠道自然=整体，国家=x（非整体），平台=整体，新老=New,166.0,139.0,127.0,130.0,165.0,213.0,260.0,260.0,195.0,221.0,253.0,191.0,189.0,157.0,27.0,19.42446,27.0,0.011216,0.000468
1.蒙古.1.1,新渠道用户 MAU,raw_data/mau.csv,MAU,渠道自然=non-Organic，国家=x（非整体），平台=整体，新老=New,7.0,12.0,11.0,11.0,11.0,13.0,25.0,9.0,16.0,13.0,11.0,15.0,10.0,12.0,-5.0,-41.666667,-5.0,-0.002077,-8.7e-05
1.蒙古.1.2,新自然用户 MAU,raw_data/mau.csv,MAU,渠道自然=Organic，国家=x（非整体），平台=整体，新老=New,159.0,127.0,116.0,119.0,154.0,200.0,235.0,251.0,179.0,208.0,242.0,176.0,179.0,145.0,32.0,25.19685,32.0,0.013293,0.000554
1.蒙古.2,老用户 MAU,本表,整体MAU-新用户 MAU（1.x-1.x.1）,,491.0,460.0,512.0,503.0,548.0,654.0,636.0,870.0,797.0,890.0,962.0,918.0,1002.0,915.0,31.0,6.73913,31.0,0.012878,0.000537
1.蒙塞拉特岛,蒙塞拉特岛MAU,raw_data/mau.csv,MAU,渠道自然=整体，国家=x（非整体），平台=整体，新老=整体,1.0,1.0,4.0,1.0,1.0,6.0,3.0,3.0,5.0,7.0,7.0,3.0,7.0,8.0,0.0,0.0,0.0,0.0,0.0
1.蒙塞拉特岛.1,新用户 MAU,raw_data/mau.csv,MAU,渠道自然=整体，国家=x（非整体），平台=整体，新老=New,,,,,,,1.0,,1.0,1.0,,,,1.0,,,,,
1.蒙塞拉特岛.1.1,新渠道用户 MAU,raw_data/mau.csv,MAU,渠道自然=non-Organic，国家=x（非整体），平台=整体，新老=New,,,,,,,,,,,,,,,,,,,
1.蒙塞拉特岛.1.2,新自然用户 MAU,raw_data/mau.csv,MAU,渠道自然=Organic，国家=x（非整体），平台=整体，新老=New,,,,,,,1.0,,1.0,1.0,,,,1.0,,,,,
1.蒙塞拉特岛.2,老用户 MAU,本表,整体MAU-新用户 MAU（1.x-1.x.1）,,,,,,,,2.0,,4.0,6.0,,,,7.0,,,,,
1.西班牙,西班牙MAU,raw_data/mau.csv,MAU,渠道自然=整体，国家=x（非整体），平台=整体，新老=整体,80168.0,75061.0,69224.0,60536.0,60675.0,60404.0,57780.0,80807.0,73983.0,88216.0,87241.0,82570.0,75032.0,67655.0,5107.0,6.8038,5107.0,2.121534,0.088431
1.西班牙.1,新用户 MAU,raw_data/mau.csv,MAU,渠道自然=整体，国家=x（非整体），平台=整体，新老=New,12316.0,14536.0,15313.0,12045.0,10523.0,7959.0,7257.0,6928.0,4824.0,7333.0,6390.0,5750.0,5866.0,4997.0,-2220.0,-15.272427,-2220.0,-0.922226,-0.038441
1.西班牙.1.1,新渠道用户 MAU,raw_data/mau.csv,MAU,渠道自然=non-Organic，国家=x（非整体），平台=整体，新老=New,2895.0,5377.0,7345.0,5562.0,3033.0,931.0,514.0,246.0,891.0,921.0,761.0,732.0,727.0,636.0,-2482.0,-46.159569,-2482.0,-1.031065,-0.042977
1.西班牙.1.2,新自然用户 MAU,raw_data/mau.csv,MAU,渠道自然=Organic，国家=x（非整体），平台=整体，新老=New,9421.0,9159.0,7968.0,6483.0,7490.0,7028.0,6743.0,6682.0,3933.0,6412.0,5629.0,5018.0,5139.0,4361.0,262.0,2.860574,262.0,0.108839,0.004537
1.西班牙.2,老用户 MAU,本表,整体MAU-新用户 MAU（1.x-1.x.1）,,67852.0,60525.0,53911.0,48491.0,50152.0,52445.0,50523.0,73879.0,69159.0,80883.0,80851.0,76820.0,69166.0,62658.0,7327.0,12.105741,7327.0,3.04376,0.126871
1.诺福克岛,诺福克岛MAU,raw_data/mau.csv,MAU,渠道自然=整体，国家=x（非整体），平台=整体，新老=整体,,1.0,2.0,2.0,7.0,3.0,2.0,1.0,1.0,4.0,3.0,,1.0,2.0,,,,,
1.诺福克岛.1,新用户 MAU,raw_data/mau.csv,MAU,渠道自然=整体，国家=x（非整体），平台=整体，新老=New,,,,,,,,,,,,,,,,,,,
1.诺福克岛.1.1,新渠道用户 MAU,raw_data/mau.csv,MAU,渠道自然=non-Organic，国家=x（非整体），平台=整体，新老=New,,,,,,,,,,,,,,,,,,,
1.诺福克岛.1.2,新自然用户 MAU,raw_data/mau.csv,MAU,渠道自然=Organic，国家=x（非整体），平台=整体，新老=New,,,,,,,,,,,,,,,,,,,
1.诺福克岛.2,老用户 MAU,本表,整体MAU-新用户 MAU（1.x-1.x.1）,,,,,,,,,,,,,,,,,,,,
1.贝宁,贝宁MAU,raw_data/mau.csv,MAU,渠道自然=整体，国家=x（非整体），平台=整体，新老=整体,2494.0,1316.0,597.0,569.0,673.0,668.0,671.0,814.0,785.0,837.0,825.0,867.0,878.0,849.0,1178.0,89.513678,1178.0,0.489361,0.020398
1.贝宁.1,新用户 MAU,raw_data/mau.csv,MAU,渠道自然=整体，国家=x（非整体），平台=整体，新老=New,1562.0,855.0,134.0,132.0,134.0,115.0,139.0,177.0,116.0,166.0,152.0,143.0,112.0,116.0,707.0,82.690058,707.0,0.2937,0.012242
1.贝宁.1.1,新渠道用户 MAU,raw_data/mau.csv,MAU,渠道自然=non-Organic，国家=x（非整体），平台=整体，新老=New,15.0,11.0,7.0,6.0,1.0,3.0,4.0,2.0,8.0,5.0,6.0,8.0,6.0,12.0,4.0,36.363636,4.0,0.001662,6.9e-05
1.贝宁.1.2,新自然用户 MAU,raw_data/mau.csv,MAU,渠道自然=Organic，国家=x（非整体），平台=整体，新老=New,1547.0,844.0,127.0,126.0,133.0,112.0,135.0,175.0,108.0,161.0,146.0,135.0,106.0,104.0,703.0,83.293839,703.0,0.292038,0.012173
1.贝宁.2,老用户 MAU,本表,整体MAU-新用户 MAU（1.x-1.x.1）,,932.0,461.0,463.0,437.0,539.0,553.0,532.0,637.0,669.0,671.0,673.0,724.0,766.0,733.0,471.0,102.169197,471.0,0.195661,0.008156
1.赞比亚,赞比亚MAU,raw_data/mau.csv,MAU,渠道自然=整体，国家=x（非整体），平台=整体，新老=整体,1578.0,1518.0,1514.0,1543.0,1712.0,1758.0,1693.0,2149.0,1864.0,1937.0,1977.0,2035.0,2109.0,2149.0,60.0,3.952569,60.0,0.024925,0.001039
1.赞比亚.1,新用户 MAU,raw_data/mau.csv,MAU,渠道自然=整体，国家=x（非整体），平台=整体，新老=New,329.0,249.0,236.0,268.0,278.0,282.0,247.0,331.0,214.0,277.0,260.0,205.0,227.0,223.0,80.0,32.128514,80.0,0.033233,0.001385
1.赞比亚.1.1,新渠道用户 MAU,raw_data/mau.csv,MAU,渠道自然=non-Organic，国家=x（非整体），平台=整体，新老=New,13.0,7.0,15.0,9.0,9.0,9.0,2.0,2.0,20.0,20.0,19.0,13.0,22.0,23.0,6.0,85.714286,6.0,0.002493,0.000104
1.赞比亚.1.2,新自然用户 MAU,raw_data/mau.csv,MAU,渠道自然=Organic，国家=x（非整体），平台=整体，新老=New,316.0,242.0,221.0,259.0,269.0,273.0,245.0,329.0,194.0,257.0,241.0,192.0,205.0,200.0,74.0,30.578512,74.0,0.030741,0.001281
1.赞比亚.2,老用户 MAU,本表,整体MAU-新用户 MAU（1.x-1.x.1）,,1249.0,1269.0,1278.0,1275.0,1434.0,1476.0,1446.0,1818.0,1650.0,1660.0,1717.0,1830.0,1882.0,1926.0,-20.0,-1.576044,-20.0,-0.008308,-0.000346
1.赤道几内亚,赤道几内亚MAU,raw_data/mau.csv,MAU,渠道自然=整体，国家=x（非整体），平台=整体，新老=整体,123.0,109.0,105.0,110.0,141.0,144.0,154.0,213.0,191.0,203.0,197.0,195.0,245.0,260.0,14.0,12.844037,14.0,0.005816,0.000242
1.赤道几内亚.1,新用户 MAU,raw_data/mau.csv,MAU,渠道自然=整体，国家=x（非整体），平台=整体，新老=New,29.0,19.0,21.0,11.0,26.0,20.0,21.0,34.0,34.0,25.0,31.0,14.0,38.0,24.0,10.0,52.631579,10.0,0.004154,0.000173
1.赤道几内亚.1.1,新渠道用户 MAU,raw_data/mau.csv,MAU,渠道自然=non-Organic，国家=x（非整体），平台=整体，新老=New,,1.0,,1.0,1.0,1.0,1.0,,4.0,1.0,1.0,,3.0,2.0,,,,,
1.赤道几内亚.1.2,新自然用户 MAU,raw_data/mau.csv,MAU,渠道自然=Organic，国家=x（非整体），平台=整体，新老=New,29.0,18.0,21.0,10.0,25.0,19.0,20.0,34.0,30.0,24.0,30.0,14.0,35.0,22.0,11.0,61.111111,11.0,0.00457,0.00019
1.赤道几内亚.2,老用户 MAU,本表,整体MAU-新用户 MAU（1.x-1.x.1）,,94.0,90.0,84.0,99.0,115.0,124.0,133.0,179.0,157.0,178.0,166.0,181.0,207.0,236.0,4.0,4.444444,4.0,0.001662,6.9e-05
1.越南,越南MAU,raw_data/mau.csv,MAU,渠道自然=整体，国家=x（非整体），平台=整体，新老=整体,6619.0,6871.0,7598.0,7756.0,7474.0,7226.0,6870.0,11700.0,11420.0,10615.0,11504.0,10641.0,12425.0,10604.0,-252.0,-3.667588,-252.0,-0.104685,-0.004364
1.越南.1,新用户 MAU,raw_data/mau.csv,MAU,渠道自然=整体，国家=x（非整体），平台=整体，新老=New,1477.0,1294.0,1508.0,2021.0,1720.0,1478.0,1274.0,2484.0,3306.0,2568.0,2692.0,2482.0,3800.0,2483.0,183.0,14.142195,183.0,0.076021,0.003169
1.越南.1.1,新渠道用户 MAU,raw_data/mau.csv,MAU,渠道自然=non-Organic，国家=x（非整体），平台=整体，新老=New,71.0,74.0,105.0,113.0,88.0,89.0,59.0,106.0,615.0,525.0,463.0,667.0,1623.0,782.0,-3.0,-4.054054,-3.0,-0.001246,-5.2e-05
1.越南.1.2,新自然用户 MAU,raw_data/mau.csv,MAU,渠道自然=Organic，国家=x（非整体），平台=整体，新老=New,1406.0,1220.0,1403.0,1908.0,1632.0,1389.0,1215.0,2378.0,2691.0,2043.0,2229.0,1815.0,2177.0,1701.0,186.0,15.245902,186.0,0.077268,0.003221
1.越南.2,老用户 MAU,本表,整体MAU-新用户 MAU（1.x-1.x.1）,,5142.0,5577.0,6090.0,5735.0,5754.0,5748.0,5596.0,9216.0,8114.0,8047.0,8812.0,8159.0,8625.0,8121.0,-435.0,-7.799892,-435.0,-0.180706,-0.007532
1.阿塞拜疆,阿塞拜疆MAU,raw_data/mau.csv,MAU,渠道自然=整体，国家=x（非整体），平台=整体，新老=整体,5967.0,4919.0,5110.0,5272.0,5740.0,6139.0,6383.0,8330.0,7423.0,9349.0,8737.0,8594.0,8239.0,7353.0,1048.0,21.305143,1048.0,0.435357,0.018147
1.阿塞拜疆.1,新用户 MAU,raw_data/mau.csv,MAU,渠道自然=整体，国家=x（非整体），平台=整体，新老=New,1592.0,1063.0,1092.0,967.0,1124.0,1170.0,1387.0,1655.0,1181.0,1749.0,1626.0,1462.0,1103.0,947.0,529.0,49.764817,529.0,0.219756,0.00916
1.阿塞拜疆.1.1,新渠道用户 MAU,raw_data/mau.csv,MAU,渠道自然=non-Organic，国家=x（非整体），平台=整体，新老=New,72.0,68.0,77.0,55.0,68.0,59.0,33.0,25.0,87.0,83.0,77.0,73.0,73.0,78.0,4.0,5.882353,4.0,0.001662,6.9e-05
1.阿塞拜疆.1.2,新自然用户 MAU,raw_data/mau.csv,MAU,渠道自然=Organic，国家=x（非整体），平台=整体，新老=New,1520.0,995.0,1015.0,912.0,1056.0,1111.0,1354.0,1630.0,1094.0,1666.0,1549.0,1389.0,1030.0,869.0,525.0,52.763819,525.0,0.218094,0.009091
1.阿塞拜疆.2,老用户 MAU,本表,整体MAU-新用户 MAU（1.x-1.x.1）,,4375.0,3856.0,4018.0,4305.0,4616.0,4969.0,4996.0,6675.0,6242.0,7600.0,7111.0,7132.0,7136.0,6406.0,519.0,13.459544,519.0,0.215601,0.008987
1.阿富汗,阿富汗MAU,raw_data/mau.csv,MAU,渠道自然=整体，国家=x（非整体），平台=整体，新老=整体,2619.0,2668.0,2970.0,2605.0,3171.0,3202.0,2774.0,3846.0,4100.0,4609.0,4971.0,5452.0,5273.0,6220.0,-49.0,-1.836582,-49.0,-0.020355,-0.000848
1.阿富汗.1,新用户 MAU,raw_data/mau.csv,MAU,渠道自然=整体，国家=x（非整体），平台=整体，新老=New,393.0,457.0,545.0,394.0,532.0,550.0,422.0,542.0,485.0,596.0,651.0,840.0,738.0,872.0,-64.0,-14.004376,-64.0,-0.026587,-0.001108
1.阿富汗.1.1,新渠道用户 MAU,raw_data/mau.csv,MAU,渠道自然=non-Organic，国家=x（非整体），平台=整体，新老=New,37.0,54.0,31.0,27.0,31.0,12.0,13.0,11.0,36.0,30.0,31.0,45.0,38.0,42.0,-17.0,-31.481481,-17.0,-0.007062,-0.000294
1.阿富汗.1.2,新自然用户 MAU,raw_data/mau.csv,MAU,渠道自然=Organic，国家=x（非整体），平台=整体，新老=New,356.0,403.0,514.0,367.0,501.0,538.0,409.0,531.0,449.0,566.0,620.0,795.0,700.0,830.0,-47.0,-11.662531,-47.0,-0.019525,-0.000814
1.阿富汗.2,老用户 MAU,本表,整体MAU-新用户 MAU（1.x-1.x.1）,,2226.0,2211.0,2425.0,2211.0,2639.0,2652.0,2352.0,3304.0,3615.0,4013.0,4320.0,4612.0,4535.0,5348.0,15.0,0.678426,15.0,0.006231,0.00026
1.阿尔及利亚,阿尔及利亚MAU,raw_data/mau.csv,MAU,渠道自然=整体，国家=x（非整体），平台=整体，新老=整体,4487.0,4051.0,3657.0,3216.0,4061.0,4167.0,4450.0,6351.0,5595.0,6291.0,6222.0,5342.0,5089.0,5386.0,436.0,10.762775,436.0,0.181122,0.00755
1.阿尔及利亚.1,新用户 MAU,raw_data/mau.csv,MAU,渠道自然=整体，国家=x（非整体），平台=整体，新老=New,1734.0,1329.0,1015.0,806.0,1120.0,909.0,1191.0,2214.0,1536.0,1854.0,1956.0,1337.0,1094.0,1053.0,405.0,30.474041,405.0,0.168244,0.007013
1.阿尔及利亚.1.1,新渠道用户 MAU,raw_data/mau.csv,MAU,渠道自然=non-Organic，国家=x（非整体），平台=整体，新老=New,82.0,96.0,97.0,69.0,72.0,44.0,37.0,33.0,162.0,172.0,138.0,120.0,159.0,157.0,-14.0,-14.583333,-14.0,-0.005816,-0.000242
1.阿尔及利亚.1.2,新自然用户 MAU,raw_data/mau.csv,MAU,渠道自然=Organic，国家=x（非整体），平台=整体，新老=New,1652.0,1233.0,918.0,737.0,1048.0,865.0,1154.0,2181.0,1374.0,1682.0,1818.0,1217.0,935.0,896.0,419.0,33.982157,419.0,0.17406,0.007255
1.阿尔及利亚.2,老用户 MAU,本表,整体MAU-新用户 MAU（1.x-1.x.1）,,2753.0,2722.0,2642.0,2410.0,2941.0,3258.0,3259.0,4137.0,4059.0,4437.0,4266.0,4005.0,3995.0,4333.0,31.0,1.138868,31.0,0.012878,0.000537
1.阿尔巴尼亚,阿尔巴尼亚MAU,raw_data/mau.csv,MAU,渠道自然=整体，国家=x（非整体），平台=整体，新老=整体,12623.0,10388.0,9400.0,8072.0,9491.0,10133.0,9058.0,11122.0,10433.0,15365.0,12959.0,11234.0,9803.0,9225.0,2235.0,21.51521,2235.0,0.928457,0.0387
1.阿尔巴尼亚.1,新用户 MAU,raw_data/mau.csv,MAU,渠道自然=整体，国家=x（非整体），平台=整体，新老=New,2683.0,1465.0,1216.0,974.0,1199.0,1329.0,1260.0,1103.0,659.0,1214.0,976.0,759.0,670.0,588.0,1218.0,83.139932,1218.0,0.505978,0.02109
1.阿尔巴尼亚.1.1,新渠道用户 MAU,raw_data/mau.csv,MAU,渠道自然=non-Organic，国家=x（非整体），平台=整体，新老=New,69.0,45.0,46.0,39.0,26.0,15.0,24.0,11.0,48.0,71.0,64.0,39.0,26.0,17.0,24.0,53.333333,24.0,0.00997,0.000416
1.阿尔巴尼亚.1.2,新自然用户 MAU,raw_data/mau.csv,MAU,渠道自然=Organic，国家=x（非整体），平台=整体，新老=New,2614.0,1420.0,1170.0,935.0,1173.0,1314.0,1236.0,1092.0,611.0,1143.0,912.0,720.0,644.0,571.0,1194.0,84.084507,1194.0,0.496008,0.020675
1.阿尔巴尼亚.2,老用户 MAU,本表,整体MAU-新用户 MAU（1.x-1.x.1）,,9940.0,8923.0,8184.0,7098.0,8292.0,8804.0,7798.0,10019.0,9774.0,14151.0,11983.0,10475.0,9133.0,8637.0,1017.0,11.397512,1017.0,0.422479,0.01761
1.阿曼,阿曼MAU,raw_data/mau.csv,MAU,渠道自然=整体，国家=x（非整体），平台=整体，新老=整体,1872.0,1670.0,1958.0,1744.0,2030.0,2067.0,2143.0,2562.0,2037.0,2312.0,2198.0,2346.0,2089.0,2388.0,202.0,12.095808,202.0,0.083914,0.003498
1.阿曼.1,新用户 MAU,raw_data/mau.csv,MAU,渠道自然=整体，国家=x（非整体），平台=整体，新老=New,437.0,366.0,446.0,319.0,414.0,354.0,437.0,409.0,320.0,468.0,436.0,465.0,344.0,369.0,71.0,19.398907,71.0,0.029495,0.001229
1.阿曼.1.1,新渠道用户 MAU,raw_data/mau.csv,MAU,渠道自然=non-Organic，国家=x（非整体），平台=整体，新老=New,23.0,28.0,62.0,50.0,70.0,14.0,20.0,8.0,28.0,41.0,31.0,18.0,28.0,23.0,-5.0,-17.857143,-5.0,-0.002077,-8.7e-05
1.阿曼.1.2,新自然用户 MAU,raw_data/mau.csv,MAU,渠道自然=Organic，国家=x（非整体），平台=整体，新老=New,414.0,338.0,384.0,269.0,344.0,340.0,417.0,401.0,292.0,427.0,405.0,447.0,316.0,346.0,76.0,22.485207,76.0,0.031572,0.001316
1.阿曼.2,老用户 MAU,本表,整体MAU-新用户 MAU（1.x-1.x.1）,,1435.0,1304.0,1512.0,1425.0,1616.0,1713.0,1706.0,2153.0,1717.0,1844.0,1762.0,1881.0,1745.0,2019.0,131.0,10.046012,131.0,0.05442,0.002268
1.阿根廷,阿根廷MAU,raw_data/mau.csv,MAU,渠道自然=整体，国家=x（非整体），平台=整体，新老=整体,35920.0,36767.0,38826.0,39398.0,45393.0,44934.0,43156.0,59066.0,44964.0,47162.0,47150.0,45730.0,47609.0,48034.0,-847.0,-2.303696,-847.0,-0.351858,-0.014666
1.阿根廷.1,新用户 MAU,raw_data/mau.csv,MAU,渠道自然=整体，国家=x（非整体），平台=整体，新老=New,4459.0,4756.0,5078.0,5325.0,7978.0,6457.0,6006.0,5678.0,3857.0,4440.0,4342.0,4035.0,4661.0,4190.0,-297.0,-6.244743,-297.0,-0.123379,-0.005143
1.阿根廷.1.1,新渠道用户 MAU,raw_data/mau.csv,MAU,渠道自然=non-Organic，国家=x（非整体），平台=整体，新老=New,483.0,645.0,683.0,591.0,739.0,552.0,309.0,187.0,628.0,565.0,521.0,449.0,482.0,408.0,-162.0,-25.116279,-162.0,-0.067298,-0.002805
1.阿根廷.1.2,新自然用户 MAU,raw_data/mau.csv,MAU,渠道自然=Organic，国家=x（非整体），平台=整体，新老=New,3976.0,4111.0,4395.0,4734.0,7239.0,5905.0,5697.0,5491.0,3229.0,3875.0,3821.0,3586.0,4179.0,3782.0,-135.0,-3.283873,-135.0,-0.056081,-0.002338
1.阿根廷.2,老用户 MAU,本表,整体MAU-新用户 MAU（1.x-1.x.1）,,31461.0,32011.0,33748.0,34073.0,37415.0,38477.0,37150.0,53388.0,41107.0,42722.0,42808.0,41695.0,42948.0,43844.0,-550.0,-1.718159,-550.0,-0.228479,-0.009524
1.阿联酋,阿联酋MAU,raw_data/mau.csv,MAU,渠道自然=整体，国家=x（非整体），平台=整体，新老=整体,16475.0,14411.0,16243.0,20076.0,22505.0,23600.0,23147.0,27053.0,21091.0,19410.0,18360.0,21278.0,23532.0,24366.0,2064.0,14.322393,2064.0,0.857421,0.035739
1.阿联酋.1,新用户 MAU,raw_data/mau.csv,MAU,渠道自然=整体，国家=x（非整体），平台=整体，新老=New,2421.0,2060.0,2539.0,2516.0,3139.0,3138.0,2984.0,2797.0,1582.0,1768.0,1685.0,1941.0,1859.0,1981.0,361.0,17.524272,361.0,0.149966,0.006251
1.阿联酋.1.1,新渠道用户 MAU,raw_data/mau.csv,MAU,渠道自然=non-Organic，国家=x（非整体），平台=整体，新老=New,135.0,190.0,416.0,269.0,428.0,157.0,105.0,75.0,243.0,225.0,221.0,201.0,193.0,238.0,-55.0,-28.947368,-55.0,-0.022848,-0.000952
1.阿联酋.1.2,新自然用户 MAU,raw_data/mau.csv,MAU,渠道自然=Organic，国家=x（非整体），平台=整体，新老=New,2286.0,1870.0,2123.0,2247.0,2711.0,2981.0,2879.0,2722.0,1339.0,1543.0,1464.0,1740.0,1666.0,1743.0,416.0,22.245989,416.0,0.172813,0.007203
1.阿联酋.2,老用户 MAU,本表,整体MAU-新用户 MAU（1.x-1.x.1）,,14054.0,12351.0,13704.0,17560.0,19366.0,20462.0,20163.0,24256.0,19509.0,17642.0,16675.0,19337.0,21673.0,22385.0,1703.0,13.788357,1703.0,0.707455,0.029488
1.阿鲁巴,阿鲁巴MAU,raw_data/mau.csv,MAU,渠道自然=整体，国家=x（非整体），平台=整体，新老=整体,1002.0,943.0,1051.0,810.0,1060.0,1018.0,735.0,760.0,739.0,974.0,1094.0,960.0,864.0,754.0,59.0,6.256628,59.0,0.02451,0.001022
1.阿鲁巴.1,新用户 MAU,raw_data/mau.csv,MAU,渠道自然=整体，国家=x（非整体），平台=整体，新老=New,74.0,77.0,101.0,89.0,86.0,94.0,50.0,49.0,39.0,37.0,51.0,44.0,46.0,47.0,-3.0,-3.896104,-3.0,-0.001246,-5.2e-05
1.阿鲁巴.1.1,新渠道用户 MAU,raw_data/mau.csv,MAU,渠道自然=non-Organic，国家=x（非整体），平台=整体，新老=New,14.0,4.0,16.0,3.0,6.0,3.0,2.0,,5.0,4.0,9.0,8.0,8.0,4.0,10.0,250.0,10.0,0.004154,0.000173
1.阿鲁巴.1.2,新自然用户 MAU,raw_data/mau.csv,MAU,渠道自然=Organic，国家=x（非整体），平台=整体，新老=New,60.0,73.0,85.0,86.0,80.0,91.0,48.0,49.0,34.0,33.0,42.0,36.0,38.0,43.0,-13.0,-17.808219,-13.0,-0.0054,-0.000225
1.阿鲁巴.2,老用户 MAU,本表,整体MAU-新用户 MAU（1.x-1.x.1）,,928.0,866.0,950.0,721.0,974.0,924.0,685.0,711.0,700.0,937.0,1043.0,916.0,818.0,707.0,62.0,7.159353,62.0,0.025756,0.001074
1.韩国,韩国MAU,raw_data/mau.csv,MAU,渠道自然=整体，国家=x（非整体），平台=整体，新老=整体,6389.0,6359.0,5820.0,5323.0,5807.0,6540.0,6777.0,8788.0,7105.0,7542.0,7783.0,8388.0,8087.0,8100.0,30.0,0.471772,30.0,0.012463,0.000519
1.韩国.1,新用户 MAU,raw_data/mau.csv,MAU,渠道自然=整体，国家=x（非整体），平台=整体，新老=New,1000.0,1000.0,976.0,838.0,994.0,967.0,1106.0,1330.0,903.0,1064.0,1282.0,1731.0,1060.0,995.0,0.0,0.0,0.0,0.0,0.0
1.韩国.1.1,新渠道用户 MAU,raw_data/mau.csv,MAU,渠道自然=non-Organic，国家=x（非整体），平台=整体，新老=New,49.0,38.0,57.0,39.0,39.0,26.0,43.0,24.0,71.0,70.0,75.0,56.0,48.0,57.0,11.0,28.947368,11.0,0.00457,0.00019
1.韩国.1.2,新自然用户 MAU,raw_data/mau.csv,MAU,渠道自然=Organic，国家=x（非整体），平台=整体，新老=New,951.0,962.0,919.0,799.0,955.0,941.0,1063.0,1306.0,832.0,994.0,1207.0,1675.0,1012.0,938.0,-11.0,-1.143451,-11.0,-0.00457,-0.00019
1.韩国.2,老用户 MAU,本表,整体MAU-新用户 MAU（1.x-1.x.1）,,5389.0,5359.0,4844.0,4485.0,4813.0,5573.0,5671.0,7458.0,6202.0,6478.0,6501.0,6657.0,7027.0,7105.0,30.0,0.559806,30.0,0.012463,0.000519
1.香港,香港MAU,raw_data/mau.csv,MAU,渠道自然=整体，国家=x（非整体），平台=整体，新老=整体,12904.0,13737.0,5439.0,4804.0,7101.0,7097.0,8136.0,6508.0,4247.0,3417.0,3067.0,2763.0,2821.0,2821.0,-833.0,-6.063915,-833.0,-0.346042,-0.014424
1.香港.1,新用户 MAU,raw_data/mau.csv,MAU,渠道自然=整体，国家=x（非整体），平台=整体，新老=New,1085.0,1041.0,527.0,521.0,790.0,774.0,782.0,675.0,1592.0,625.0,284.0,278.0,216.0,214.0,44.0,4.226705,44.0,0.018278,0.000762
1.香港.1.1,新渠道用户 MAU,raw_data/mau.csv,MAU,渠道自然=non-Organic，国家=x（非整体），平台=整体，新老=New,84.0,59.0,42.0,60.0,42.0,50.0,30.0,30.0,1124.0,449.0,106.0,105.0,97.0,76.0,25.0,42.372881,25.0,0.010385,0.000433
1.香港.1.2,新自然用户 MAU,raw_data/mau.csv,MAU,渠道自然=Organic，国家=x（非整体），平台=整体，新老=New,1001.0,982.0,485.0,461.0,748.0,724.0,752.0,645.0,468.0,176.0,178.0,173.0,119.0,138.0,19.0,1.934827,19.0,0.007893,0.000329
1.香港.2,老用户 MAU,本表,整体MAU-新用户 MAU（1.x-1.x.1）,,11819.0,12696.0,4912.0,4283.0,6311.0,6323.0,7354.0,5833.0,2655.0,2792.0,2783.0,2485.0,2605.0,2607.0,-877.0,-6.907687,-877.0,-0.364321,-0.015186
1.马尔代夫,马尔代夫MAU,raw_data/mau.csv,MAU,渠道自然=整体，国家=x（非整体），平台=整体，新老=整体,1136.0,1107.0,1256.0,1407.0,1573.0,1590.0,1542.0,1403.0,1270.0,1329.0,1276.0,1150.0,1260.0,1549.0,29.0,2.619693,29.0,0.012047,0.000502
1.马尔代夫.1,新用户 MAU,raw_data/mau.csv,MAU,渠道自然=整体，国家=x（非整体），平台=整体，新老=New,187.0,163.0,174.0,192.0,193.0,190.0,184.0,131.0,82.0,94.0,95.0,79.0,92.0,88.0,24.0,14.723926,24.0,0.00997,0.000416
1.马尔代夫.1.1,新渠道用户 MAU,raw_data/mau.csv,MAU,渠道自然=non-Organic，国家=x（非整体），平台=整体，新老=New,11.0,18.0,27.0,22.0,31.0,7.0,10.0,4.0,12.0,16.0,9.0,8.0,15.0,8.0,-7.0,-38.888889,-7.0,-0.002908,-0.000121
1.马尔代夫.1.2,新自然用户 MAU,raw_data/mau.csv,MAU,渠道自然=Organic，国家=x（非整体），平台=整体，新老=New,176.0,145.0,147.0,170.0,162.0,183.0,174.0,127.0,70.0,78.0,86.0,71.0,77.0,80.0,31.0,21.37931,31.0,0.012878,0.000537
1.马尔代夫.2,老用户 MAU,本表,整体MAU-新用户 MAU（1.x-1.x.1）,,949.0,944.0,1082.0,1215.0,1380.0,1400.0,1358.0,1272.0,1188.0,1235.0,1181.0,1071.0,1168.0,1461.0,5.0,0.529661,5.0,0.002077,8.7e-05
1.马恩岛,马恩岛MAU,raw_data/mau.csv,MAU,渠道自然=整体，国家=x（非整体），平台=整体，新老=整体,317.0,282.0,271.0,234.0,279.0,343.0,291.0,397.0,379.0,412.0,417.0,411.0,389.0,359.0,35.0,12.411348,35.0,0.01454,0.000606
1.马恩岛.1,新用户 MAU,raw_data/mau.csv,MAU,渠道自然=整体，国家=x（非整体），平台=整体，新老=New,41.0,29.0,29.0,19.0,27.0,52.0,25.0,35.0,13.0,17.0,20.0,24.0,19.0,19.0,12.0,41.37931,12.0,0.004985,0.000208
1.马恩岛.1.1,新渠道用户 MAU,raw_data/mau.csv,MAU,渠道自然=non-Organic，国家=x（非整体），平台=整体，新老=New,3.0,4.0,2.0,,2.0,3.0,3.0,1.0,3.0,,2.0,4.0,2.0,2.0,-1.0,-25.0,-1.0,-0.000415,-1.7e-05
1.马恩岛.1.2,新自然用户 MAU,raw_data/mau.csv,MAU,渠道自然=Organic，国家=x（非整体），平台=整体，新老=New,38.0,25.0,27.0,19.0,25.0,49.0,22.0,34.0,10.0,17.0,18.0,20.0,17.0,17.0,13.0,52.0,13.0,0.0054,0.000225
1.马恩岛.2,老用户 MAU,本表,整体MAU-新用户 MAU（1.x-1.x.1）,,276.0,253.0,242.0,215.0,252.0,291.0,266.0,362.0,366.0,395.0,397.0,387.0,370.0,340.0,23.0,9.090909,23.0,0.009555,0.000398
1.马拉维,马拉维MAU,raw_data/mau.csv,MAU,渠道自然=整体，国家=x（非整体），平台=整体，新老=整体,1061.0,1093.0,1132.0,1097.0,1300.0,1438.0,1300.0,1659.0,1518.0,1627.0,1608.0,1559.0,1625.0,1783.0,-32.0,-2.927722,-32.0,-0.013293,-0.000554
1.马拉维.1,新用户 MAU,raw_data/mau.csv,MAU,渠道自然=整体，国家=x（非整体），平台=整体，新老=New,200.0,223.0,219.0,172.0,221.0,270.0,239.0,238.0,220.0,253.0,270.0,209.0,191.0,281.0,-23.0,-10.313901,-23.0,-0.009555,-0.000398
1.马拉维.1.1,新渠道用户 MAU,raw_data/mau.csv,MAU,渠道自然=non-Organic，国家=x（非整体），平台=整体，新老=New,9.0,10.0,9.0,11.0,12.0,8.0,8.0,11.0,17.0,16.0,26.0,25.0,16.0,28.0,-1.0,-10.0,-1.0,-0.000415,-1.7e-05
1.马拉维.1.2,新自然用户 MAU,raw_data/mau.csv,MAU,渠道自然=Organic，国家=x（非整体），平台=整体，新老=New,191.0,213.0,210.0,161.0,209.0,262.0,231.0,227.0,203.0,237.0,244.0,184.0,175.0,253.0,-22.0,-10.328638,-22.0,-0.009139,-0.000381
1.马拉维.2,老用户 MAU,本表,整体MAU-新用户 MAU（1.x-1.x.1）,,861.0,870.0,913.0,925.0,1079.0,1168.0,1061.0,1421.0,1298.0,1374.0,1338.0,1350.0,1434.0,1502.0,-9.0,-1.034483,-9.0,-0.003739,-0.000156
1.马提尼克岛,马提尼克岛MAU,raw_data/mau.csv,MAU,渠道自然=整体，国家=x（非整体），平台=整体，新老=整体,103.0,123.0,134.0,113.0,159.0,157.0,118.0,146.0,154.0,233.0,191.0,176.0,182.0,181.0,-20.0,-16.260163,-20.0,-0.008308,-0.000346
1.马提尼克岛.1,新用户 MAU,raw_data/mau.csv,MAU,渠道自然=整体，国家=x（非整体），平台=整体，新老=New,8.0,10.0,19.0,11.0,13.0,19.0,14.0,19.0,23.0,39.0,28.0,20.0,27.0,18.0,-2.0,-20.0,-2.0,-0.000831,-3.5e-05
1.马提尼克岛.1.1,新渠道用户 MAU,raw_data/mau.csv,MAU,渠道自然=non-Organic，国家=x（非整体），平台=整体，新老=New,1.0,1.0,6.0,4.0,2.0,2.0,1.0,,2.0,2.0,2.0,1.0,2.0,,0.0,0.0,0.0,0.0,0.0
1.马提尼克岛.1.2,新自然用户 MAU,raw_data/mau.csv,MAU,渠道自然=Organic，国家=x（非整体），平台=整体，新老=New,7.0,9.0,13.0,7.0,11.0,17.0,13.0,19.0,21.0,37.0,26.0,19.0,25.0,18.0,-2.0,-22.222222,-2.0,-0.000831,-3.5e-05
1.马提尼克岛.2,老用户 MAU,本表,整体MAU-新用户 MAU（1.x-1.x.1）,,95.0,113.0,115.0,102.0,146.0,138.0,104.0,127.0,131.0,194.0,163.0,156.0,155.0,163.0,-18.0,-15.929204,-18.0,-0.007478,-0.000312
1.马来西亚,马来西亚MAU,raw_data/mau.csv,MAU,渠道自然=整体，国家=x（非整体），平台=整体，新老=整体,8464.0,8219.0,9900.0,8215.0,9063.0,9776.0,9413.0,11914.0,10468.0,10269.0,10447.0,10919.0,10831.0,12354.0,245.0,2.980898,245.0,0.101777,0.004242
1.马来西亚.1,新用户 MAU,raw_data/mau.csv,MAU,渠道自然=整体，国家=x（非整体），平台=整体，新老=New,1722.0,1668.0,2413.0,1606.0,1602.0,1876.0,1746.0,2027.0,1825.0,1624.0,1704.0,1707.0,1578.0,2029.0,54.0,3.23741,54.0,0.022433,0.000935
1.马来西亚.1.1,新渠道用户 MAU,raw_data/mau.csv,MAU,渠道自然=non-Organic，国家=x（非整体），平台=整体，新老=New,103.0,184.0,303.0,208.0,180.0,154.0,109.0,82.0,256.0,193.0,225.0,169.0,216.0,245.0,-81.0,-44.021739,-81.0,-0.033649,-0.001403
1.马来西亚.1.2,新自然用户 MAU,raw_data/mau.csv,MAU,渠道自然=Organic，国家=x（非整体），平台=整体，新老=New,1619.0,1484.0,2110.0,1398.0,1422.0,1722.0,1637.0,1945.0,1569.0,1431.0,1479.0,1538.0,1362.0,1784.0,135.0,9.097035,135.0,0.056081,0.002338
1.马来西亚.2,老用户 MAU,本表,整体MAU-新用户 MAU（1.x-1.x.1）,,6742.0,6551.0,7487.0,6609.0,7461.0,7900.0,7667.0,9887.0,8643.0,8645.0,8743.0,9212.0,9253.0,10325.0,191.0,2.915585,191.0,0.079345,0.003307
1.马约特,马约特MAU,raw_data/mau.csv,MAU,渠道自然=整体，国家=x（非整体），平台=整体，新老=整体,3.0,8.0,4.0,6.0,9.0,8.0,13.0,18.0,24.0,30.0,26.0,22.0,19.0,19.0,-5.0,-62.5,-5.0,-0.002077,-8.7e-05
1.马约特.1,新用户 MAU,raw_data/mau.csv,MAU,渠道自然=整体，国家=x（非整体），平台=整体，新老=New,,3.0,2.0,1.0,2.0,2.0,2.0,1.0,2.0,10.0,6.0,2.0,1.0,2.0,,,,,
1.马约特.1.1,新渠道用户 MAU,raw_data/mau.csv,MAU,渠道自然=non-Organic，国家=x（非整体），平台=整体，新老=New,,,,1.0,,,,,,1.0,,,,,,,,,
1.马约特.1.2,新自然用户 MAU,raw_data/mau.csv,MAU,渠道自然=Organic，国家=x（非整体），平台=整体，新老=New,,3.0,2.0,,2.0,2.0,2.0,1.0,2.0,9.0,6.0,2.0,1.0,2.0,,,,,
1.马约特.2,老用户 MAU,本表,整体MAU-新用户 MAU（1.x-1.x.1）,,,5.0,2.0,5.0,7.0,6.0,11.0,17.0,22.0,20.0,20.0,20.0,18.0,17.0,,,,,
1.马绍尔群岛,马绍尔群岛MAU,raw_data/mau.csv,MAU,渠道自然=整体，国家=x（非整体），平台=整体，新老=整体,10.0,6.0,6.0,8.0,6.0,3.0,5.0,10.0,9.0,9.0,6.0,7.0,10.0,9.0,4.0,66.666667,4.0,0.001662,6.9e-05
1.马绍尔群岛.1,新用户 MAU,raw_data/mau.csv,MAU,渠道自然=整体，国家=x（非整体），平台=整体，新老=New,4.0,1.0,,3.0,1.0,,2.0,2.0,1.0,,1.0,,,2.0,3.0,300.0,3.0,0.001246,5.2e-05
1.马绍尔群岛.1.1,新渠道用户 MAU,raw_data/mau.csv,MAU,渠道自然=non-Organic，国家=x（非整体），平台=整体，新老=New,2.0,,,,,,,,,,,,,,,,,,
1.马绍尔群岛.1.2,新自然用户 MAU,raw_data/mau.csv,MAU,渠道自然=Organic，国家=x（非整体），平台=整体，新老=New,2.0,1.0,,3.0,1.0,,2.0,2.0,1.0,,1.0,,,2.0,1.0,100.0,1.0,0.000415,1.7e-05
1.马绍尔群岛.2,老用户 MAU,本表,整体MAU-新用户 MAU（1.x-1.x.1）,,6.0,5.0,,5.0,5.0,,3.0,8.0,8.0,,5.0,,,7.0,1.0,20.0,1.0,0.000415,1.7e-05
1.马耳他,马耳他MAU,raw_data/mau.csv,MAU,渠道自然=整体，国家=x（非整体），平台=整体，新老=整体,3135.0,2594.0,2101.0,1715.0,1703.0,1930.0,1992.0,2973.0,2958.0,3403.0,3533.0,3285.0,2932.0,2634.0,541.0,20.855821,541.0,0.224741,0.009368
1.马耳他.1,新用户 MAU,raw_data/mau.csv,MAU,渠道自然=整体，国家=x（非整体），平台=整体，新老=New,277.0,274.0,243.0,163.0,163.0,219.0,191.0,174.0,129.0,195.0,157.0,130.0,122.0,119.0,3.0,1.094891,3.0,0.001246,5.2e-05
1.马耳他.1.1,新渠道用户 MAU,raw_data/mau.csv,MAU,渠道自然=non-Organic，国家=x（非整体），平台=整体，新老=New,20.0,18.0,14.0,7.0,11.0,6.0,9.0,1.0,25.0,10.0,10.0,6.0,12.0,8.0,2.0,11.111111,2.0,0.000831,3.5e-05
1.马耳他.1.2,新自然用户 MAU,raw_data/mau.csv,MAU,渠道自然=Organic，国家=x（非整体），平台=整体，新老=New,257.0,256.0,229.0,156.0,152.0,213.0,182.0,173.0,104.0,185.0,147.0,124.0,110.0,111.0,1.0,0.390625,1.0,0.000415,1.7e-05
1.马耳他.2,老用户 MAU,本表,整体MAU-新用户 MAU（1.x-1.x.1）,,2858.0,2320.0,1858.0,1552.0,1540.0,1711.0,1801.0,2799.0,2829.0,3208.0,3376.0,3155.0,2810.0,2515.0,538.0,23.189655,538.0,0.223494,0.009316
1.马达加斯加,马达加斯加MAU,raw_data/mau.csv,MAU,渠道自然=整体，国家=x（非整体），平台=整体，新老=整体,3444.0,3140.0,3107.0,3159.0,3629.0,3682.0,3672.0,4485.0,4490.0,4714.0,4636.0,4541.0,4607.0,4610.0,304.0,9.681529,304.0,0.126287,0.005264
1.马达加斯加.1,新用户 MAU,raw_data/mau.csv,MAU,渠道自然=整体，国家=x（非整体），平台=整体，新老=New,523.0,491.0,454.0,469.0,580.0,560.0,543.0,568.0,677.0,673.0,702.0,679.0,652.0,594.0,32.0,6.517312,32.0,0.013293,0.000554
1.马达加斯加.1.1,新渠道用户 MAU,raw_data/mau.csv,MAU,渠道自然=non-Organic，国家=x（非整体），平台=整体，新老=New,12.0,10.0,19.0,16.0,11.0,7.0,10.0,11.0,30.0,33.0,23.0,29.0,35.0,44.0,2.0,20.0,2.0,0.000831,3.5e-05
1.马达加斯加.1.2,新自然用户 MAU,raw_data/mau.csv,MAU,渠道自然=Organic，国家=x（非整体），平台=整体，新老=New,511.0,481.0,435.0,453.0,569.0,553.0,533.0,557.0,647.0,640.0,679.0,650.0,617.0,550.0,30.0,6.237006,30.0,0.012463,0.000519
1.马达加斯加.2,老用户 MAU,本表,整体MAU-新用户 MAU（1.x-1.x.1）,,2921.0,2649.0,2653.0,2690.0,3049.0,3122.0,3129.0,3917.0,3813.0,4041.0,3934.0,3862.0,3955.0,4016.0,272.0,10.268026,272.0,0.112993,0.00471
1.马里,马里MAU,raw_data/mau.csv,MAU,渠道自然=整体，国家=x（非整体），平台=整体，新老=整体,1329.0,1017.0,1053.0,687.0,790.0,696.0,595.0,835.0,799.0,903.0,887.0,866.0,793.0,825.0,312.0,30.678466,312.0,0.12961,0.005402
1.马里.1,新用户 MAU,raw_data/mau.csv,MAU,渠道自然=整体，国家=x（非整体），平台=整体，新老=New,613.0,457.0,516.0,223.0,275.0,196.0,138.0,212.0,181.0,247.0,231.0,211.0,133.0,146.0,156.0,34.135667,156.0,0.064805,0.002701
1.马里.1.1,新渠道用户 MAU,raw_data/mau.csv,MAU,渠道自然=non-Organic，国家=x（非整体），平台=整体，新老=New,6.0,23.0,33.0,5.0,4.0,1.0,,2.0,2.0,7.0,6.0,4.0,5.0,3.0,-17.0,-73.913043,-17.0,-0.007062,-0.000294
1.马里.1.2,新自然用户 MAU,raw_data/mau.csv,MAU,渠道自然=Organic，国家=x（非整体），平台=整体，新老=New,607.0,434.0,483.0,218.0,271.0,195.0,138.0,210.0,179.0,240.0,225.0,207.0,128.0,143.0,173.0,39.861751,173.0,0.071867,0.002996
1.马里.2,老用户 MAU,本表,整体MAU-新用户 MAU（1.x-1.x.1）,,716.0,560.0,537.0,464.0,515.0,500.0,457.0,623.0,618.0,656.0,656.0,655.0,660.0,679.0,156.0,27.857143,156.0,0.064805,0.002701
1.黎巴嫩,黎巴嫩MAU,raw_data/mau.csv,MAU,渠道自然=整体，国家=x（非整体），平台=整体，新老=整体,8381.0,7469.0,7113.0,7823.0,9179.0,10127.0,9247.0,12959.0,11453.0,13621.0,12779.0,12546.0,11942.0,12357.0,912.0,12.21047,912.0,0.37886,0.015792
1.黎巴嫩.1,新用户 MAU,raw_data/mau.csv,MAU,渠道自然=整体，国家=x（非整体），平台=整体，新老=New,1425.0,1088.0,778.0,874.0,1119.0,1273.0,1093.0,1209.0,1021.0,1345.0,1065.0,1199.0,936.0,974.0,337.0,30.974265,337.0,0.139996,0.005835
1.黎巴嫩.1.1,新渠道用户 MAU,raw_data/mau.csv,MAU,渠道自然=non-Organic，国家=x（非整体），平台=整体，新老=New,42.0,23.0,41.0,25.0,23.0,33.0,24.0,13.0,72.0,80.0,51.0,59.0,64.0,61.0,19.0,82.608696,19.0,0.007893,0.000329
1.黎巴嫩.1.2,新自然用户 MAU,raw_data/mau.csv,MAU,渠道自然=Organic，国家=x（非整体），平台=整体，新老=New,1383.0,1065.0,737.0,849.0,1096.0,1240.0,1069.0,1196.0,949.0,1265.0,1014.0,1140.0,872.0,913.0,318.0,29.859155,318.0,0.132103,0.005506
1.黎巴嫩.2,老用户 MAU,本表,整体MAU-新用户 MAU（1.x-1.x.1）,,6956.0,6381.0,6335.0,6949.0,8060.0,8854.0,8154.0,11750.0,10432.0,12276.0,11714.0,11347.0,11006.0,11383.0,575.0,9.011127,575.0,0.238865,0.009956
1.黑山,黑山MAU,raw_data/mau.csv,MAU,渠道自然=整体，国家=x（非整体），平台=整体，新老=整体,6375.0,5229.0,5002.0,4669.0,5476.0,5347.0,5269.0,7389.0,8124.0,13959.0,12436.0,9309.0,8211.0,7163.0,1146.0,21.916236,1146.0,0.476068,0.019844
1.黑山.1,新用户 MAU,raw_data/mau.csv,MAU,渠道自然=整体，国家=x（非整体），平台=整体，新老=New,663.0,476.0,464.0,436.0,506.0,532.0,494.0,466.0,267.0,600.0,528.0,393.0,376.0,310.0,187.0,39.285714,187.0,0.077683,0.003238
1.黑山.1.1,新渠道用户 MAU,raw_data/mau.csv,MAU,渠道自然=non-Organic，国家=x（非整体），平台=整体，新老=New,23.0,13.0,21.0,19.0,12.0,15.0,14.0,5.0,18.0,26.0,13.0,17.0,12.0,22.0,10.0,76.923077,10.0,0.004154,0.000173
1.黑山.1.2,新自然用户 MAU,raw_data/mau.csv,MAU,渠道自然=Organic，国家=x（非整体），平台=整体，新老=New,640.0,463.0,443.0,417.0,494.0,517.0,480.0,461.0,249.0,574.0,515.0,376.0,364.0,288.0,177.0,38.228942,177.0,0.073529,0.003065
1.黑山.2,老用户 MAU,本表,整体MAU-新用户 MAU（1.x-1.x.1）,,5712.0,4753.0,4538.0,4233.0,4970.0,4815.0,4775.0,6923.0,7857.0,13359.0,11908.0,8916.0,7835.0,6853.0,959.0,20.17673,959.0,0.398385,0.016606
