层级,指标,本周,上周,2周前,3周前,4周前,5周前,6周前,7周前,wow,wow%,对整体变化绝对值贡献,对整体变化值贡献率,对整体变化率贡献
1,整体 新增次留,0.141583,0.136161,0.142303,0.142372,0.144165,0.134085,0.138158,0.136863,0.005422,3.981948,0.005422,100.0,3.981948
1.1,渠道 新增次留,0.105862,0.101853,0.110935,0.107046,0.105954,0.095577,0.095517,0.092436,0.004009,3.936384,0.0015621971,28.812193,1.147287
1.1.unknow,unknow 新增次留,,,0.0,0.0,,,,,,,,,
1.1.不丹,不丹 新增次留,,,,,,1.0,,1.0,,,,,
1.1.东帝汶,东帝汶 新增次留,,,,,,,,0.0,,,,,
1.1.中国,中国 新增次留,0.333333,0.0,0.142857,0.0,0.0,0.5,1.0,0.0,0.333333,,9.0686e-06,0.167255,0.00666
1.1.中国台湾,中国台湾 新增次留,0.333333,0.25,0.5,0.0,0.0,0.5,0.0,0.0,0.083333,33.333333,1.7004e-06,0.03136,0.001249
1.1.中国澳门,中国澳门 新增次留,,,,,0.0,,0.0,0.0,,,,,
1.1.中国香港,中国香港 新增次留,0.116608,0.131266,0.127731,0.130952,0.289157,0.2,0.146341,0.333333,-0.014658,-11.166912,-0.0001653519,-3.049648,-0.121435
1.1.中非,中非 新增次留,,,,,,,,,,,,,
1.1.丹麦,丹麦 新增次留,0.0,0.066667,0.333333,0.25,0.0,0.428571,0.142857,0.222222,-0.066667,-100.0,-2.9149e-06,-0.053761,-0.002141
1.1.乌克兰,乌克兰 新增次留,0.083333,0.134615,0.124294,0.124183,0.120805,0.134615,0.142045,0.106061,-0.051282,-38.095238,-2.33192e-05,-0.430084,-0.017126
1.1.乌兹别克斯坦,乌兹别克斯坦 新增次留,0.0,0.04878,0.1,0.076923,0.15,0.115385,0.086957,0.033333,-0.04878,-100.0,-5.8297e-06,-0.10752,-0.004281
1.1.乌干达,乌干达 新增次留,0.333333,0.0,0.333333,0.5,0.0,0.666667,0.0,0.285714,0.333333,,6.8014e-06,0.125441,0.004995
1.1.乌拉圭,乌拉圭 新增次留,0.166667,0.071429,0.0,0.0,0.0,0.111111,0.0,0.105263,0.095238,133.333333,5.4411e-06,0.100353,0.003996
1.1.乍得,乍得 新增次留,,,,,,0.0,,0.0,,,,,
1.1.也门,也门 新增次留,,,1.0,,,0.0,0.0,,,,,,
1.1.亚美尼亚,亚美尼亚 新增次留,0.222222,0.166667,0.157895,0.0,0.166667,0.222222,0.142857,0.0,0.055556,33.333333,2.7205e-06,0.050176,0.001998
1.1.以色列,以色列 新增次留,0.176471,0.233083,0.055556,0.25,0.0,0.0,0.16,0.153846,-0.056612,-24.288425,-2.19474e-05,-0.404785,-0.016118
1.1.伊拉克,伊拉克 新增次留,0.119403,0.12069,0.137255,0.068182,0.152174,0.148936,0.206897,0.108108,-0.001287,-1.066098,-2.176e-07,-0.004013,-0.00016
1.1.伊朗,伊朗 新增次留,0.105027,0.117056,0.123519,0.134387,0.17847,0.141343,0.189024,0.5,-0.012029,-10.27626,-0.0006383279,-11.772922,-0.468792
1.1.伯利兹,伯利兹 新增次留,0.0,0.0,,,0.0,0.0,,0.0,0.0,,0.0,0.0,0.0
1.1.佛得角,佛得角 新增次留,0.25,0.333333,1.0,0.0,,1.0,0.0,0.0,-0.083333,-25.0,-1.7004e-06,-0.03136,-0.001249
1.1.俄罗斯,俄罗斯 新增次留,0.103229,0.121517,0.10098,0.115464,0.103844,0.106642,0.102922,0.1034,-0.018288,-15.049732,-0.0001166905,-2.152167,-0.085698
1.1.保加利亚,保加利亚 新增次留,0.086957,0.057143,0.142857,0.333333,0.095238,0.058824,0.454545,0.0,0.029814,52.173913,3.0417e-06,0.056099,0.002234
1.1.克罗地亚,克罗地亚 新增次留,0.533333,0.285714,0.192308,0.473684,0.25,0.0,0.48,0.117647,0.247619,86.666667,1.4147e-05,0.260918,0.01039
1.1.关岛,关岛 新增次留,0.0,,0.0,0.0,,,0.5,,,,,,
1.1.冈比亚,冈比亚 新增次留,0.153846,0.307692,0.166667,0.1,0.066667,0.3,0.333333,0.333333,-0.153846,-50.0,-5.8298e-06,-0.107521,-0.004281
1.1.冰岛,冰岛 新增次留,0.0,0.0,0.0,0.0,0.5,0.0,0.0,,0.0,,0.0,0.0,0.0
1.1.几内亚,几内亚 新增次留,0.0,0.0,0.333333,0.0,0.0,1.0,,0.0,0.0,,0.0,0.0,0.0
1.1.几内亚比绍,几内亚比绍 新增次留,,1.0,,,,,,,,,,,
1.1.列支敦士登,列支敦士登 新增次留,0.0,,,,,,,,,,,,
1.1.刚果共和国,刚果共和国 新增次留,0.0,,0.0,,,0.0,0.0,,,,,,
1.1.刚果民主共和国,刚果民主共和国 新增次留,0.25,0.2,1.0,0.5,0.333333,0.25,0.0,0.0,0.05,25.0,1.2753e-06,0.02352,0.000937
1.1.利比亚,利比亚 新增次留,0.25,0.5,0.333333,0.5,0.2,0.0,0.0,0.0,-0.25,-50.0,-5.1011e-06,-0.094081,-0.003746
1.1.利比里亚,利比里亚 新增次留,0.0,0.0,0.0,1.0,0.0,1.0,0.0,0.333333,0.0,,0.0,0.0,0.0
1.1.加拿大,加拿大 新增次留,0.106908,0.079893,0.105488,0.086106,0.081408,0.072362,0.063628,0.068515,0.027014,33.813048,5.91383e-05,1.090709,0.043431
1.1.加纳,加纳 新增次留,0.184211,0.205882,0.2,0.184211,0.257143,0.190476,0.357143,0.354839,-0.021672,-10.526316,-2.1477e-06,-0.039612,-0.001577
1.1.加蓬,加蓬 新增次留,,,,,0.0,,,0.0,,,,,
1.1.匈牙利,匈牙利 新增次留,0.2,0.0,0.0,0.111111,0.0,0.153846,0.111111,0.0,0.2,,8.1617e-06,0.15053,0.005994
1.1.北马其顿,北马其顿 新增次留,0.2,0.0,0.333333,0.5,0.0,0.166667,0.428571,0.166667,0.2,,4.0809e-06,0.075265,0.002997
1.1.北马里亚纳群岛,北马里亚纳群岛 新增次留,,,,,,0.0,,,,,,,
1.1.南苏丹,南苏丹 新增次留,0.280702,0.254902,0.166667,0.139535,0.348837,0.25,0.142857,0.479167,0.0258,10.121457,3.8354e-06,0.070738,0.002817
1.1.南非,南非 新增次留,0.260274,0.163121,0.125,0.136364,0.2,0.2,0.076923,0.214286,0.097153,59.559261,3.993e-05,0.736443,0.029325
1.1.博茨瓦纳,博茨瓦纳 新增次留,,0.0,0.0,,,,0.0,0.0,,,,,
1.1.卡塔尔,卡塔尔 新增次留,0.0,0.142857,0.153846,0.25,0.0,0.125,0.1,0.2,-0.142857,-100.0,-4.0809e-06,-0.075265,-0.002997
1.1.卢旺达,卢旺达 新增次留,0.0,0.333333,0.25,,0.0,1.0,,,-0.333333,-100.0,-6.8014e-06,-0.125441,-0.004995
1.1.卢森堡,卢森堡 新增次留,0.0,0.0,0.0,0.0,0.0,0.0,0.5,0.0,0.0,,0.0,0.0,0.0
1.1.印度,印度 新增次留,0.209424,0.227488,0.192513,0.154762,0.190141,0.198795,0.190751,0.177632,-0.018064,-7.940663,-1.11102e-05,-0.204909,-0.008159
1.1.印度尼西亚,印度尼西亚 新增次留,0.149254,0.12987,0.090909,0.104167,0.135135,0.219512,0.15625,0.162162,0.019384,14.925373,4.3507e-06,0.080241,0.003195
1.1.危地马拉,危地马拉 新增次留,0.038462,0.117647,0.133333,0.0,0.0,0.0,0.142857,0.1,-0.079186,-67.307692,-4.5779e-06,-0.084431,-0.003362
1.1.厄瓜多尔,厄瓜多尔 新增次留,0.117647,0.185185,0.216216,0.08,0.055556,0.035714,0.16129,0.071429,-0.067538,-36.470588,-5.3154e-06,-0.098034,-0.003904
1.1.叙利亚,叙利亚 新增次留,0.138889,0.121951,0.137931,0.227273,0.166667,0.152174,0.117647,0.166667,0.016938,13.888889,2.0243e-06,0.037334,0.001487
1.1.古巴,古巴 新增次留,0.0,0.5,0.142857,0.0,0.166667,0.5,0.0,0.0,-0.5,-100.0,-1.02021e-05,-0.188162,-0.007493
1.1.吉尔吉斯斯坦,吉尔吉斯斯坦 新增次留,0.0,0.166667,0.1875,0.166667,0.125,0.133333,0.117647,0.111111,-0.166667,-100.0,-8.7447e-06,-0.161282,-0.006422
1.1.吉布提,吉布提 新增次留,,,,,,0.0,0.0,,,,,,
1.1.哈萨克斯坦,哈萨克斯坦 新增次留,0.136364,0.117647,0.166667,0.106383,0.050847,0.145833,0.095238,0.150943,0.018717,15.909091,3.71e-06,0.068424,0.002725
1.1.哥伦比亚,哥伦比亚 新增次留,0.120879,0.12037,0.132653,0.085106,0.065934,0.097826,0.028846,0.117188,0.000509,0.422654,1.602e-07,0.002955,0.000118
1.1.哥斯达黎加,哥斯达黎加 新增次留,0.333333,0.0,0.1,0.0,0.2,0.384615,0.0,0.0,0.333333,,2.04043e-05,0.376324,0.014985
1.1.喀麦隆,喀麦隆 新增次留,0.5,0.2,0.4,0.2,0.4,0.0,1.0,0.0,0.3,150.0,1.02022e-05,0.188162,0.007493
1.1.图瓦卢,图瓦卢 新增次留,,,,,,,,,,,,,
1.1.土库曼斯坦,土库曼斯坦 新增次留,,,,,0.0,0.0,0.5,,,,,,
1.1.土耳其,土耳其 新增次留,0.101487,0.099112,0.097278,0.079014,0.08105,0.090114,0.09629,0.087531,0.002375,2.396296,9.51343e-05,1.754598,0.069867
1.1.圣卢西亚,圣卢西亚 新增次留,,1.0,,,,0.0,,,,,,,
1.1.圣基茨和尼维斯,圣基茨和尼维斯 新增次留,,,,,,1.0,,,,,,,
1.1.圣多美和普林西比,圣多美和普林西比 新增次留,0.0,,,,,,,,,,,,
1.1.圣巴泰勒米岛,圣巴泰勒米岛 新增次留,,,,,,,,,,,,,
1.1.圣文森特和格林纳丁斯,圣文森特和格林纳丁斯 新增次留,1.0,,0.0,,,,,,,,,,
1.1.圣皮埃尔和密克隆群岛,圣皮埃尔和密克隆群岛 新增次留,,,,,,,,,,,,,
1.1.圣马力诺,圣马力诺 新增次留,,,,,,,0.0,,,,,,
1.1.圭亚那,圭亚那 新增次留,0.0,0.0,0.0,0.0,0.0,0.0,0.0,0.0,0.0,,0.0,0.0,0.0
1.1.坦桑尼亚,坦桑尼亚 新增次留,0.0,0.25,0.285714,0.25,0.2,0.3,0.0,0.0,-0.25,-100.0,-8.1617e-06,-0.15053,-0.005994
1.1.埃及,埃及 新增次留,0.292683,0.076923,0.163265,0.226415,0.23913,0.103448,0.234568,0.05,0.21576,280.487805,1.90772e-05,0.351848,0.01401
1.1.埃塞俄比亚,埃塞俄比亚 新增次留,0.25,0.0,0.0,0.4,0.0,0.3,0.0,0.142857,0.25,,1.19025e-05,0.219522,0.008741
1.1.基里巴斯,基里巴斯 新增次留,,,,,,,0.0,,,,,,
1.1.塔吉克斯坦,塔吉克斯坦 新增次留,0.25,0.0,0.0,0.666667,0.0,0.0,0.0,0.0,0.25,,5.1011e-06,0.094081,0.003746
1.1.塞内加尔,塞内加尔 新增次留,0.0,1.0,0.0,0.0,0.2,0.416667,0.25,0.333333,-1.0,-100.0,-2.04043e-05,-0.376324,-0.014985
1.1.塞尔维亚,塞尔维亚 新增次留,0.055556,0.055556,0.2,0.038462,0.035714,0.192308,0.066667,0.096774,-0.0,-0.0,0.0,0.0,0.0
1.1.塞拉利昂,塞拉利昂 新增次留,0.25,,,0.0,,0.0,0.5,0.333333,,,,,
1.1.塞浦路斯,塞浦路斯 新增次留,0.166667,0.2,0.071429,0.285714,0.222222,0.416667,0.153846,0.0,-0.033333,-16.666667,-1.3603e-06,-0.025088,-0.000999
1.1.塞舌尔,塞舌尔 新增次留,0.0,0.0,0.0,0.0,,0.0,1.0,,0.0,,0.0,0.0,0.0
1.1.墨西哥,墨西哥 新增次留,0.086728,0.068845,0.073175,0.066224,0.076812,0.084303,0.054595,0.054824,0.017884,25.977174,0.0004755038,8.769898,0.349213
1.1.多哥,多哥 新增次留,,0.25,0.0,0.333333,0.0,0.0,0.333333,0.0,,,,,
1.1.多米尼克,多米尼克 新增次留,,0.0,,,,,,,,,,,
1.1.多米尼加,多米尼加 新增次留,0.25,0.15,0.28,0.071429,0.071429,0.176471,0.1875,0.333333,0.1,66.666667,5.8298e-06,0.107521,0.004281
1.1.奥兰群岛,奥兰群岛 新增次留,,,,,,,,,,,,,
1.1.奥地利,奥地利 新增次留,0.166667,0.2,0.047619,0.083333,0.166667,0.071429,0.147059,0.131579,-0.033333,-16.666667,-2.4291e-06,-0.0448,-0.001784
1.1.委内瑞拉,委内瑞拉 新增次留,0.0,0.08,0.093023,0.121951,0.125,0.042553,0.093023,0.098361,-0.08,-100.0,-5.8298e-06,-0.107521,-0.004281
1.1.孟加拉,孟加拉 新增次留,0.176471,0.150794,0.170543,0.18,0.150794,0.139037,0.20283,0.162921,0.025677,17.027864,9.4306e-06,0.173932,0.006926
1.1.安哥拉,安哥拉 新增次留,0.0,0.0,0.0,0.0,,0.333333,0.333333,0.0,0.0,,0.0,0.0,0.0
1.1.安圭拉,安圭拉 新增次留,,,0.0,0.0,,0.0,,,,,,,
1.1.安提瓜和巴布达,安提瓜和巴布达 新增次留,0.0,,0.0,1.0,0.0,,0.0,,,,,,
1.1.安道尔,安道尔 新增次留,0.0,0.0,0.0,,0.5,1.0,0.0,,0.0,,0.0,0.0,0.0
1.1.密克罗尼西亚联邦,密克罗尼西亚联邦 新增次留,,,,,,,,,,,,,
1.1.尼加拉瓜,尼加拉瓜 新增次留,0.0,0.0,0.2,0.333333,0.25,0.142857,0.0,0.5,0.0,,0.0,0.0,0.0
1.1.尼日利亚,尼日利亚 新增次留,0.234177,0.162651,0.235897,0.268293,0.229167,0.242775,0.296,0.193333,0.071527,43.975621,3.46095e-05,0.638317,0.025417
1.1.尼日尔,尼日尔 新增次留,,,1.0,0.0,0.0,,0.0,,,,,,
1.1.尼泊尔,尼泊尔 新增次留,0.181818,0.285714,0.166667,0.153846,0.142857,0.230769,0.130435,0.103448,-0.103896,-36.363636,-2.9679e-06,-0.054738,-0.00218
1.1.巴勒斯坦,巴勒斯坦 新增次留,0.111111,0.25,0.166667,0.4,0.1,0.25,0.0,0.2,-0.138889,-55.555556,-3.7786e-06,-0.06969,-0.002775
1.1.巴哈马,巴哈马 新增次留,0.0,0.111111,0.125,0.833333,0.75,0.0,0.0,0.2,-0.111111,-100.0,-3.4007e-06,-0.062721,-0.002498
1.1.巴基斯坦,巴基斯坦 新增次留,0.192308,0.162791,0.122449,0.148148,0.189189,0.176471,0.194805,0.12,0.029517,18.131868,3.6997e-06,0.068235,0.002717
1.1.巴巴多斯,巴巴多斯 新增次留,0.0,0.5,1.0,0.5,,0.333333,0.0,0.333333,-0.5,-100.0,-1.02021e-05,-0.188162,-0.007493
1.1.巴布亚新几内亚,巴布亚新几内亚 新增次留,,0.0,,0.0,0.0,,,0.0,,,,,
1.1.巴拉圭,巴拉圭 新增次留,0.142857,0.086957,0.0,0.055556,0.25,0.066667,0.111111,0.117647,0.055901,64.285714,4.3723e-06,0.08064,0.003211
1.1.巴拿马,巴拿马 新增次留,0.090909,0.0,0.133333,0.222222,0.1,0.2,0.0,0.0,0.090909,,1.8549e-06,0.034211,0.001362
1.1.巴林,巴林 新增次留,0.0,0.0,0.0,0.0,1.0,,0.25,0.0,0.0,,0.0,0.0,0.0
1.1.巴西,巴西 新增次留,0.0956,0.093253,0.108418,0.102442,0.103379,0.082692,0.085734,0.084617,0.002347,2.516854,0.0004142799,7.640721,0.30425
1.1.布基纳法索,布基纳法索 新增次留,0.4,0.333333,0.0,0.571429,0.166667,0.0,0.0,1.0,0.066667,20.0,2.0404e-06,0.037633,0.001499
1.1.布隆迪,布隆迪 新增次留,1.0,0.0,,0.0,0.5,,0.0,0.0,1.0,,2.04043e-05,0.376324,0.014985
1.1.希腊,希腊 新增次留,0.273973,0.166667,0.266667,0.25,0.149254,0.292308,0.204545,0.108696,0.107306,64.383562,2.06439e-05,0.380743,0.015161
1.1.帕劳,帕劳 新增次留,,,,,,,,,,,,,
1.1.库克群岛,库克群岛 新增次留,,,,,,,,,,,,,
1.1.库拉索,库拉索 新增次留,,,0.0,0.0,,0.0,0.0,,,,,,
1.1.开曼群岛,开曼群岛 新增次留,0.0,0.0,1.0,0.0,,,0.0,,0.0,,0.0,0.0,0.0
1.1.德国,德国 新增次留,0.132895,0.130945,0.131911,0.132012,0.125196,0.121887,0.144947,0.113944,0.00195,1.48946,1.8405e-05,0.33945,0.013517
1.1.意大利,意大利 新增次留,0.22449,0.107692,0.147541,0.213483,0.138298,0.241379,0.100917,0.172414,0.116797,108.45481,4.42591e-05,0.816287,0.032504
1.1.所罗门群岛,所罗门群岛 新增次留,,,,,,,,,,,,,
1.1.拉脱维亚,拉脱维亚 新增次留,0.212121,0.3,0.111111,0.133333,0.095238,0.0,0.130435,0.071429,-0.087879,-29.292929,-5.1232e-06,-0.094489,-0.003763
1.1.挪威,挪威 新增次留,0.0,0.076923,0.238095,0.090909,0.5,0.176471,0.277778,0.166667,-0.076923,-100.0,-5.8298e-06,-0.107521,-0.004281
1.1.捷克,捷克 新增次留,0.166667,0.136364,0.12,0.071429,0.055556,0.083333,0.0,0.210526,0.030303,22.222222,1.9433e-06,0.03584,0.001427
1.1.摩尔多瓦,摩尔多瓦 新增次留,0.0625,0.133333,0.153846,0.0,0.0,0.166667,0.1,0.210526,-0.070833,-53.125,-3.0971e-06,-0.05712,-0.002274
1.1.摩洛哥,摩洛哥 新增次留,0.263158,0.133333,0.214286,0.074074,0.230769,0.153846,0.214286,0.181818,0.129825,97.368421,7.947e-06,0.146569,0.005836
1.1.摩纳哥,摩纳哥 新增次留,,,,,1.0,,,,,,,,
1.1.文莱,文莱 新增次留,0.0,,0.0,0.0,0.0,0.0,0.0,0.0,,,,,
1.1.斐济,斐济 新增次留,1.0,0.0,0.0,0.0,0.0,0.5,0.0,0.0,1.0,,2.04043e-05,0.376324,0.014985
1.1.斯威士兰,斯威士兰 新增次留,,,,,,,0.0,,,,,,
1.1.斯洛伐克,斯洛伐克 新增次留,0.2,0.0,0.166667,0.111111,0.25,0.090909,0.0,0.125,0.2,,4.0809e-06,0.075265,0.002997
1.1.斯洛文尼亚,斯洛文尼亚 新增次留,0.2,,0.333333,0.0,0.0,0.0,0.0,0.0,,,,,
1.1.斯里兰卡,斯里兰卡 新增次留,0.0,0.0,0.0,0.5,0.2,0.0,0.25,0.083333,0.0,,0.0,0.0,0.0
1.1.新加坡,新加坡 新增次留,0.0,0.045455,0.15,0.25,0.142857,0.181818,0.15,0.190476,-0.045455,-100.0,-2.9149e-06,-0.053761,-0.002141
1.1.新喀里多尼亚,新喀里多尼亚 新增次留,,,,,0.0,,,,,,,,
1.1.新西兰,新西兰 新增次留,0.083333,0.2,0.571429,0.0,0.0,0.0,0.0,0.066667,-0.116667,-58.333333,-3.9675e-06,-0.073174,-0.002914
1.1.日本,日本 新增次留,0.117647,0.1,0.088,0.21875,0.347826,0.217391,0.137931,0.142857,0.017647,17.647059,1.0288e-06,0.018974,0.000756
1.1.智利,智利 新增次留,0.125,0.138298,0.088235,0.122449,0.085714,0.030303,0.125,0.114754,-0.013298,-9.615385,-3.6437e-06,-0.067201,-0.002676
1.1.柬埔寨,柬埔寨 新增次留,1.0,1.0,0.5,0.5,0.0,0.0,0.0,,0.0,0.0,0.0,0.0,0.0
1.1.根西岛,根西岛 新增次留,,,,0.0,,,1.0,,,,,,
1.1.格林纳达,格林纳达 新增次留,0.0,0.0,0.0,,0.0,,,,0.0,,0.0,0.0,0.0
1.1.格陵兰,格陵兰 新增次留,,,,,,,,,,,,,
1.1.格鲁吉亚,格鲁吉亚 新增次留,0.190476,0.095238,0.125,0.0,0.130435,0.086957,0.230769,0.176471,0.095238,100.0,6.8014e-06,0.125441,0.004995
1.1.比利时,比利时 新增次留,0.230769,0.26087,0.047619,0.090909,0.0,0.0625,0.08,0.045455,-0.0301,-11.538462,-2.0181e-06,-0.03722,-0.001482
1.1.毛里塔尼亚,毛里塔尼亚 新增次留,,0.0,0.0,,0.0,0.0,1.0,0.0,,,,,
1.1.毛里求斯,毛里求斯 新增次留,0.0,0.333333,,0.5,0.0,0.0,0.0,0.5,-0.333333,-100.0,-1.02021e-05,-0.188162,-0.007493
1.1.汤加,汤加 新增次留,,,0.0,,0.0,,,,,,,,
1.1.沙特阿拉伯,沙特阿拉伯 新增次留,0.166667,0.0,0.2,0.052632,0.090909,0.166667,0.105263,0.060606,0.166667,,6.1213e-06,0.112897,0.004495
1.1.法国,法国 新增次留,0.115207,0.120968,0.119403,0.165854,0.176201,0.150215,0.152047,0.081395,-0.00576,-4.761905,-4.1646e-06,-0.076809,-0.003058
1.1.法属圣马丁,法属圣马丁 新增次留,0.0,,,,0.0,,0.0,,,,,,
1.1.法属圭亚那,法属圭亚那 新增次留,,0.0,,0.0,0.5,0.0,0.0,0.0,,,,,
1.1.法属波利尼西亚,法属波利尼西亚 新增次留,0.0,,0.0,,,1.0,,,,,,,
1.1.法罗群岛,法罗群岛 新增次留,,,,,,0.0,,,,,,,
1.1.波兰,波兰 新增次留,0.168831,0.108108,0.101449,0.108696,0.140351,0.130435,0.147059,0.155172,0.060723,56.168831,1.30981e-05,0.241573,0.009619
1.1.波多黎各,波多黎各 新增次留,0.222222,0.142857,0.277778,0.2,0.230769,0.045455,0.117647,0.0,0.079365,55.555556,4.8582e-06,0.089601,0.003568
1.1.波黑,波黑 新增次留,0.142857,0.142857,0.0,0.222222,0.25,0.25,0.0,0.1,0.0,0.0,0.0,0.0,0.0
1.1.泰国,泰国 新增次留,0.125,0.25,0.076923,0.111111,0.3,0.090909,0.181818,0.318182,-0.125,-50.0,-6.8014e-06,-0.125441,-0.004995
1.1.泽西岛,泽西岛 新增次留,,,0.0,,,,0.0,,,,,,
1.1.津巴布韦,津巴布韦 新增次留,,0.0,0.0,0.333333,0.0,0.0,0.333333,0.0,,,,,
1.1.洪都拉斯,洪都拉斯 新增次留,0.2,0.142857,0.090909,0.125,0.090909,0.4,0.083333,0.230769,0.057143,40.0,2.7206e-06,0.050177,0.001998
1.1.海地,海地 新增次留,0.090909,0.4,0.125,0.181818,0.0,0.2,1.0,0.25,-0.309091,-77.272727,-1.05113e-05,-0.193864,-0.00772
1.1.澳大利亚,澳大利亚 新增次留,0.10472,0.102207,0.095238,0.080268,0.092031,0.098298,0.122995,0.128492,0.002513,2.458769,6.3069e-06,0.116321,0.004632
1.1.爱尔兰,爱尔兰 新增次留,0.166667,0.047619,0.26087,0.117647,0.142857,0.136364,0.136364,0.125,0.119048,250.0,7.2873e-06,0.134402,0.005352
1.1.爱沙尼亚,爱沙尼亚 新增次留,0.166667,0.1875,0.153846,0.0,0.142857,0.181818,0.0,0.181818,-0.020833,-11.111111,-9.716e-07,-0.01792,-0.000714
1.1.牙买加,牙买加 新增次留,0.105263,0.25,0.285714,0.2,0.25,0.125,0.125,0.0,-0.144737,-57.894737,-4.7252e-06,-0.087149,-0.00347
1.1.特克斯和凯科斯群岛,特克斯和凯科斯群岛 新增次留,0.0,0.0,0.0,0.333333,,0.0,,1.0,0.0,,0.0,0.0,0.0
1.1.特立尼达和多巴哥,特立尼达和多巴哥 新增次留,0.25,0.0,0.142857,0.0,1.0,0.166667,0.166667,0.0,0.25,,5.1011e-06,0.094081,0.003746
1.1.玻利维亚,玻利维亚 新增次留,0.083333,0.222222,0.052632,0.0,0.208333,0.038462,0.058824,0.111111,-0.138889,-62.5,-7.2873e-06,-0.134402,-0.005352
1.1.瑙鲁,瑙鲁 新增次留,,,,,,,,,,,,,
1.1.瑞典,瑞典 新增次留,0.181818,0.193182,0.109091,0.104762,0.083333,0.2,0.1,0.263158,-0.011364,-5.882353,-2.915e-06,-0.053762,-0.002141
1.1.瑞士,瑞士 新增次留,0.068966,0.130435,0.205128,0.157895,0.1,0.058824,0.041667,0.275,-0.061469,-47.126437,-8.2421e-06,-0.152012,-0.006053
1.1.瓜德罗普,瓜德罗普 新增次留,,,,,0.0,,,0.0,,,,,
1.1.瓦利斯和富图纳群岛,瓦利斯和富图纳群岛 新增次留,,,,,,,,,,,,,
1.1.瓦努阿图,瓦努阿图 新增次留,,0.5,,,,,,0.0,,,,,
1.1.留尼汪岛,留尼汪岛 新增次留,0.0,0.0,,0.0,0.0,0.0,0.0,,0.0,,0.0,0.0,0.0
1.1.白俄罗斯,白俄罗斯 新增次留,0.088,0.122951,0.11,0.078652,0.101695,0.042105,0.076271,0.092308,-0.034951,-28.426667,-1.24292e-05,-0.229236,-0.009128
1.1.百慕大,百慕大 新增次留,,,,0.0,,,,0.0,,,,,
1.1.直布罗陀,直布罗陀 新增次留,0.0,,0.0,0.0,0.0,,0.0,,,,,,
1.1.福克兰群岛,福克兰群岛 新增次留,,,,,,,,,,,,,
1.1.科威特,科威特 新增次留,0.0,0.0,0.0,0.0,0.375,0.142857,0.0,0.0,0.0,,0.0,0.0,0.0
1.1.科摩罗,科摩罗 新增次留,,,,,,,,,,,,,
1.1.科特迪瓦,科特迪瓦 新增次留,0.0,0.0,0.5,0.285714,0.0,0.25,0.25,0.333333,0.0,,0.0,0.0,0.0
1.1.科索沃,科索沃 新增次留,0.0,0.333333,0.0,0.0,,0.0,0.0,0.333333,-0.333333,-100.0,-1.02021e-05,-0.188162,-0.007493
1.1.秘鲁,秘鲁 新增次留,0.079365,0.079365,0.044776,0.112676,0.085714,0.084746,0.072464,0.105882,0.0,0.0,0.0,0.0,0.0
1.1.突尼斯,突尼斯 新增次留,0.111111,0.083333,0.1,0.333333,0.076923,0.2,0.444444,0.333333,0.027778,33.333333,9.716e-07,0.01792,0.000714
1.1.立陶宛,立陶宛 新增次留,0.142857,0.0,0.1875,0.0,0.181818,0.0,0.0,0.0,0.142857,,6.3156e-06,0.116481,0.004638
1.1.索马里,索马里 新增次留,0.0,0.2,0.0,0.25,0.0,0.111111,0.25,0.333333,-0.2,-100.0,-4.0809e-06,-0.075265,-0.002997
1.1.约旦,约旦 新增次留,0.111111,0.222222,0.0,0.090909,0.0,0.2,0.333333,0.217391,-0.111111,-50.0,-2.9149e-06,-0.053761,-0.002141
1.1.纳米比亚,纳米比亚 新增次留,,,,,,,0.5,,,,,,
1.1.缅甸,缅甸 新增次留,0.0625,0.1,0.125,0.0,0.125,0.294118,0.214286,0.142857,-0.0375,-37.5,-2.5505e-06,-0.047041,-0.001873
1.1.罗马尼亚,罗马尼亚 新增次留,0.178571,0.038462,0.25,0.151515,0.043478,0.15,0.272727,0.129032,0.14011,364.285714,1.06185e-05,0.195841,0.007798
1.1.美国,美国 新增次留,0.133077,0.131589,0.12552,0.131526,0.125514,0.115726,0.108758,0.115677,0.001489,1.131368,7.14278e-05,1.31737,0.052457
1.1.美属维尔京群岛,美属维尔京群岛 新增次留,0.0,,,0.0,1.0,0.0,,,,,,,
1.1.老挝,老挝 新增次留,0.0,0.0,,0.0,,0.0,0.0,0.0,0.0,,0.0,0.0,0.0
1.1.肯尼亚,肯尼亚 新增次留,0.166667,0.25,0.0,0.333333,0.214286,0.263158,0.111111,0.411765,-0.083333,-33.333333,-2.9149e-06,-0.05376,-0.002141
1.1.芬兰,芬兰 新增次留,0.166667,0.15873,0.255319,0.177778,0.181818,0.230769,0.153846,0.136364,0.007937,5.0,1.4575e-06,0.026882,0.00107
1.1.苏丹,苏丹 新增次留,0.0,0.0,0.0,0.0,,0.0,0.0,0.0,0.0,,0.0,0.0,0.0
1.1.苏里南,苏里南 新增次留,0.0,,0.0,0.0,0.0,,0.0,0.0,,,,,
1.1.英国,英国 新增次留,0.136621,0.128592,0.13651,0.152954,0.156833,0.14301,0.151022,0.150761,0.00803,6.244272,0.0001319502,2.433608,0.096905
1.1.英属维尔京群岛,英属维尔京群岛 新增次留,1.0,0.0,0.0,,,,0.0,0.0,1.0,,2.04043e-05,0.376324,0.014985
1.1.荷兰,荷兰 新增次留,0.168605,0.154839,0.138889,0.190184,0.2,0.117647,0.079646,0.141509,0.013766,8.890504,6.2196e-06,0.114711,0.004568
1.1.荷兰加勒比,荷兰加勒比 新增次留,0.0,,,,0.0,,,,,,,,
1.1.荷属圣马丁,荷属圣马丁 新增次留,0.0,,0.0,,0.0,1.0,0.0,,,,,,
1.1.荷属安的列斯,荷属安的列斯 新增次留,,,,,,,,,,,,,
1.1.莫桑比克,莫桑比克 新增次留,,0.0,0.0,0.0,0.0,0.333333,0.333333,0.0,,,,,
1.1.莱索托,莱索托 新增次留,0.0,,,,,,,,,,,,
1.1.菲律宾,菲律宾 新增次留,0.138889,0.134615,0.088889,0.133333,0.224138,0.107143,0.181818,0.153846,0.004274,3.174603,6.478e-07,0.011948,0.000476
1.1.萨尔瓦多,萨尔瓦多 新增次留,0.090909,0.166667,0.153846,0.066667,0.1,0.222222,0.090909,0.0,-0.075758,-45.454545,-3.0916e-06,-0.057019,-0.00227
1.1.萨摩亚,萨摩亚 新增次留,,,,,,0.0,,1.0,,,,,
1.1.葡萄牙,葡萄牙 新增次留,0.126984,0.101695,0.134146,0.164179,0.16129,0.126761,0.052632,0.134615,0.025289,24.867725,4.3492e-06,0.080214,0.003194
1.1.蒙古,蒙古 新增次留,0.0,0.0,,0.0,1.0,0.0,0.0,0.0,0.0,,0.0,0.0,0.0
1.1.西班牙,西班牙 新增次留,0.14208,0.156126,0.16726,0.153082,0.135011,0.172897,0.170663,0.155668,-0.014046,-8.996721,-2.0717e-05,-0.382091,-0.015215
1.1.贝宁,贝宁 新增次留,0.0,0.0,0.0,0.333333,1.0,0.666667,0.0,,0.0,,0.0,0.0,0.0
1.1.赞比亚,赞比亚 新增次留,0.5,0.5,0.0,0.0,0.5,0.333333,0.0,0.333333,0.0,0.0,0.0,0.0,0.0
1.1.赤道几内亚,赤道几内亚 新增次留,,,,,,,,,,,,,
1.1.越南,越南 新增次留,0.111111,0.125,0.266667,0.0,0.3,0.133333,0.235294,0.2,-0.013889,-11.111111,-7.557e-07,-0.013938,-0.000555
1.1.阿塞拜疆,阿塞拜疆 新增次留,0.2,0.075,0.142857,0.090909,0.125,0.238095,0.071429,0.076923,0.125,166.666667,1.45745e-05,0.268803,0.010704
1.1.阿富汗,阿富汗 新增次留,0.0,0.0,0.0,0.125,0.285714,0.333333,0.0,0.0,0.0,,0.0,0.0,0.0
1.1.阿尔及利亚,阿尔及利亚 新增次留,0.25,0.272727,0.052632,0.071429,0.0,0.090909,0.041667,0.0,-0.022727,-8.333333,-7.287e-07,-0.01344,-0.000535
1.1.阿尔巴尼亚,阿尔巴尼亚 新增次留,0.192308,0.318182,0.117647,0.333333,0.083333,0.05,0.133333,0.272727,-0.125874,-39.56044,-8.072e-06,-0.148875,-0.005928
1.1.阿曼,阿曼 新增次留,0.5,0.333333,0.0,0.333333,0.25,0.25,0.0,0.0,0.166667,50.0,3.4007e-06,0.062721,0.002498
1.1.阿根廷,阿根廷 新增次留,0.096774,0.054545,0.093023,0.049383,0.04,0.084337,0.036145,0.082474,0.042229,77.419355,6.7701e-06,0.124864,0.004972
1.1.阿联酋,阿联酋 新增次留,0.227273,0.0,0.12,0.242424,0.125,0.157895,0.205128,0.095238,0.227273,,1.29846e-05,0.239479,0.009536
1.1.阿鲁巴,阿鲁巴 新增次留,0.5,0.166667,0.666667,0.5,0.142857,0.0,0.0,0.333333,0.333333,200.0,1.02021e-05,0.188162,0.007493
1.1.韩国,韩国 新增次留,0.0,0.076923,0.0,0.090909,0.142857,0.0,0.153846,0.076923,-0.076923,-100.0,-3.4007e-06,-0.062721,-0.002498
1.1.马尔代夫,马尔代夫 新增次留,0.0,0.0,,0.333333,0.5,1.0,0.0,0.5,0.0,,0.0,0.0,0.0
1.1.马恩岛,马恩岛 新增次留,,0.5,,0.0,,,0.0,0.0,,,,,
1.1.马拉维,马拉维 新增次留,1.0,,,0.333333,0.5,0.5,0.0,,,,,,
1.1.马提尼克岛,马提尼克岛 新增次留,,,,,,0.0,,0.0,,,,,
1.1.马来西亚,马来西亚 新增次留,0.0,0.2,0.090909,0.117647,0.153846,0.083333,0.173913,0.076923,-0.2,-100.0,-5.8298e-06,-0.107521,-0.004281
1.1.马约特,马约特 新增次留,,,,,,,,,,,,,
1.1.马绍尔群岛,马绍尔群岛 新增次留,0.0,,,,,,,,,,,,
1.1.马耳他,马耳他 新增次留,1.0,0.428571,0.111111,0.0,0.2,0.272727,0.25,0.166667,0.571429,133.333333,2.04043e-05,0.376324,0.014985
1.1.马达加斯加,马达加斯加 新增次留,0.0,0.0,0.0,0.0,0.0,0.0,0.0,,0.0,,0.0,0.0,0.0
1.1.马里,马里 新增次留,0.0,0.0,0.2,0.0,0.071429,0.333333,,0.0,0.0,,0.0,0.0,0.0
1.1.黎巴嫩,黎巴嫩 新增次留,0.285714,0.083333,0.0,0.166667,0.125,0.076923,0.5,0.25,0.202381,242.857143,9.9107e-06,0.182786,0.007278
1.1.黑山,黑山 新增次留,0.2,0.428571,0.0,0.333333,0.333333,0.4,0.333333,0.0,-0.228571,-53.333333,-6.5294e-06,-0.120424,-0.004795
1.2,自然 新增次留,0.160017,0.158065,0.162153,0.166525,0.168695,0.161145,0.164972,0.166212,0.001952,1.234916,0.0011913593,21.97269,0.874941
1.2.unknow,unknow 新增次留,0.071429,0.0,0.111111,0.0,0.0,0.071429,0.0625,0.0,0.071429,,2.1862e-06,0.040321,0.001606
1.2.不丹,不丹 新增次留,0.0,0.0,0.0,0.0,0.0,0.0,0.0,0.0,0.0,,0.0,0.0,0.0
1.2.东帝汶,东帝汶 新增次留,0.0,0.0,,0.0,0.0,0.5,0.0,0.0,0.0,,0.0,0.0,0.0
1.2.中国,中国 新增次留,0.166667,0.138889,0.145336,0.155789,0.128266,0.138958,0.154639,0.143631,0.027778,20.0,2.62343e-05,0.483849,0.019267
1.2.中国台湾,中国台湾 新增次留,0.129032,0.106667,0.122222,0.123077,0.12,0.106061,0.179104,0.181818,0.022366,20.967742,4.8894e-06,0.090177,0.003591
1.2.中国澳门,中国澳门 新增次留,0.375,0.0,0.666667,0.0,0.0,0.166667,0.166667,0.0,0.375,,7.6516e-06,0.141122,0.005619
1.2.中国香港,中国香港 新增次留,0.18602,0.183976,0.198903,0.214106,0.2225,0.230769,0.227891,0.218121,0.002044,1.11103,1.00393e-05,0.185159,0.007373
1.2.中非,中非 新增次留,0.0,0.222222,0.0,0.125,0.5,0.0,0.333333,0.0,-0.222222,-100.0,-8.1617e-06,-0.15053,-0.005994
1.2.丹麦,丹麦 新增次留,0.179487,0.093117,0.162712,0.13806,0.131488,0.156069,0.130137,0.128889,0.08637,92.753623,6.21847e-05,1.146896,0.045669
1.2.乌克兰,乌克兰 新增次留,0.189387,0.183667,0.187764,0.1757,0.184575,0.180801,0.189245,0.202407,0.00572,3.114187,5.24706e-05,0.967736,0.038535
1.2.乌兹别克斯坦,乌兹别克斯坦 新增次留,0.15,0.20045,0.147826,0.21875,0.18677,0.172973,0.161446,0.147186,-0.05045,-25.168539,-0.0001305863,-2.408453,-0.095903
1.2.乌干达,乌干达 新增次留,0.181818,0.234568,0.210526,0.25641,0.219512,0.267442,0.282609,0.192593,-0.05275,-22.488038,-1.24546e-05,-0.229706,-0.009147
1.2.乌拉圭,乌拉圭 新增次留,0.205479,0.191781,0.25,0.105882,0.076923,0.183333,0.140625,0.076923,0.013699,7.142857,2.9148e-06,0.053758,0.002141
1.2.乍得,乍得 新增次留,0.1,0.0,0.333333,0.0,0.285714,0.157895,0.176471,0.12,0.1,,4.0809e-06,0.075265,0.002997
1.2.也门,也门 新增次留,0.155172,0.147059,0.129032,0.181818,0.142857,0.172414,0.1875,0.149254,0.008114,5.517241,8.041e-07,0.014829,0.00059
1.2.亚美尼亚,亚美尼亚 新增次留,0.186207,0.171662,0.198413,0.184679,0.203438,0.154982,0.176707,0.175115,0.014545,8.472906,1.55598e-05,0.286975,0.011427
1.2.以色列,以色列 新增次留,0.160167,0.15903,0.164894,0.150388,0.152661,0.151061,0.181495,0.139905,0.001137,0.715264,2.4592e-06,0.045355,0.001806
1.2.伊拉克,伊拉克 新增次留,0.111872,0.114671,0.131579,0.144712,0.132576,0.126095,0.138955,0.086142,-0.002799,-2.440908,-4.8382e-06,-0.089232,-0.003553
1.2.伊朗,伊朗 新增次留,0.140456,0.161341,0.15342,0.158554,0.158042,0.158094,0.149238,0.106509,-0.020885,-12.944482,-0.0007372895,-13.59811,-0.54147
1.2.伯利兹,伯利兹 新增次留,0.083333,0.227273,0.090909,0.25,0.222222,0.166667,0.227273,0.2,-0.143939,-63.333333,-9.2306e-06,-0.170243,-0.006779
1.2.佛得角,佛得角 新增次留,0.142857,0.166667,0.071429,0.133333,0.157895,0.0,0.266667,0.315789,-0.02381,-14.285714,-1.2493e-06,-0.023041,-0.000917
1.2.俄罗斯,俄罗斯 新增次留,0.175159,0.178879,0.181272,0.187073,0.198983,0.179054,0.179884,0.162065,-0.00372,-2.079713,-0.0001673683,-3.086837,-0.122916
1.2.保加利亚,保加利亚 新增次留,0.151394,0.181087,0.167464,0.174447,0.174242,0.154158,0.143954,0.132353,-0.029692,-16.396636,-4.30164e-05,-0.793368,-0.031592
1.2.克罗地亚,克罗地亚 新增次留,0.168085,0.156322,0.128603,0.161383,0.146277,0.18705,0.156425,0.159509,0.011763,7.525031,1.49153e-05,0.275088,0.010954
1.2.关岛,关岛 新增次留,0.5,0.0,0.0,0.3,0.0,0.058824,0.181818,0.4,0.5,,3.06064e-05,0.564486,0.022478
1.2.冈比亚,冈比亚 新增次留,0.167883,0.254098,0.266667,0.253623,0.202381,0.273846,0.246944,0.27551,-0.086215,-33.929833,-3.06596e-05,-0.565466,-0.022517
1.2.冰岛,冰岛 新增次留,0.137931,0.043478,0.32,0.1,0.259259,0.150943,0.185185,0.05,0.094453,217.241379,6.3324e-06,0.116791,0.004651
1.2.几内亚,几内亚 新增次留,0.16,0.204301,0.184211,0.197802,0.151316,0.228571,0.156863,0.172414,-0.044301,-21.684211,-1.20094e-05,-0.221493,-0.00882
1.2.几内亚比绍,几内亚比绍 新增次留,0.6,0.285714,0.230769,0.1,0.75,0.25,0.166667,0.333333,0.314286,110.0,8.9779e-06,0.165583,0.006593
1.2.列支敦士登,列支敦士登 新增次留,0.333333,0.5,,0.0,0.0,0.0,0.0,0.0,-0.166667,-33.333333,-3.4007e-06,-0.062721,-0.002498
1.2.刚果共和国,刚果共和国 新增次留,0.115385,0.2,0.189189,0.16,0.192771,0.184211,0.09434,0.12,-0.084615,-42.307692,-7.3993e-06,-0.136469,-0.005434
1.2.刚果民主共和国,刚果民主共和国 新增次留,0.173228,0.21875,0.133333,0.235955,0.25,0.189189,0.246377,0.1875,-0.045522,-20.809899,-1.27384e-05,-0.23494,-0.009355
1.2.利比亚,利比亚 新增次留,0.075,0.178571,0.102941,0.22807,0.254237,0.234568,0.170455,0.229885,-0.103571,-58.0,-1.69063e-05,-0.31181,-0.012416
1.2.利比里亚,利比里亚 新增次留,0.113744,0.208511,0.216346,0.122549,0.190476,0.172414,0.164609,0.160976,-0.094767,-45.44927,-6.49155e-05,-1.197262,-0.047674
1.2.加拿大,加拿大 新增次留,0.13687,0.139269,0.131183,0.12294,0.146762,0.135482,0.136708,0.132928,-0.0024,-1.723083,-2.45029e-05,-0.451917,-0.017995
1.2.加纳,加纳 新增次留,0.22393,0.224545,0.2185,0.242947,0.262262,0.242345,0.250727,0.258539,-0.000616,-0.274202,-1.9719e-06,-0.036369,-0.001448
1.2.加蓬,加蓬 新增次留,0.4,0.0,0.25,0.166667,0.2,0.0,0.666667,0.5,0.4,,9.522e-06,0.175618,0.006993
1.2.匈牙利,匈牙利 新增次留,0.167722,0.18323,0.154341,0.1673,0.1875,0.166253,0.156352,0.13806,-0.015508,-8.463849,-1.45558e-05,-0.268458,-0.01069
1.2.北马其顿,北马其顿 新增次留,0.113208,0.166667,0.176471,0.179612,0.142857,0.146067,0.15,0.137931,-0.053459,-32.075472,-3.17888e-05,-0.586293,-0.023346
1.2.北马里亚纳群岛,北马里亚纳群岛 新增次留,,,,0.0,,,,,,,,,
1.2.南苏丹,南苏丹 新增次留,0.172414,0.225108,0.146552,0.20332,0.186441,0.131707,0.176991,0.234783,-0.052694,-23.408488,-3.54811e-05,-0.654391,-0.026058
1.2.南非,南非 新增次留,0.159281,0.201602,0.187817,0.179331,0.176068,0.170963,0.156805,0.187592,-0.042321,-20.992188,-9.23977e-05,-1.704126,-0.067857
1.2.博茨瓦纳,博茨瓦纳 新增次留,0.294118,0.142857,0.071429,0.083333,0.133333,0.117647,0.285714,0.238095,0.151261,105.882353,1.08023e-05,0.199231,0.007933
1.2.卡塔尔,卡塔尔 新增次留,0.166667,0.214286,0.154762,0.1125,0.125,0.102804,0.237288,0.131868,-0.047619,-22.222222,-9.7163e-06,-0.179202,-0.007136
1.2.卢旺达,卢旺达 新增次留,0.233333,0.155556,0.2,0.142857,0.148148,0.34375,0.136364,0.325581,0.077778,50.0,1.0202e-05,0.18816,0.007492
1.2.卢森堡,卢森堡 新增次留,0.233333,0.125,0.2,0.179487,0.159091,0.2,0.073171,0.172414,0.108333,86.666667,1.26312e-05,0.232962,0.009276
1.2.印度,印度 新增次留,0.194534,0.237024,0.212569,0.1875,0.222025,0.208145,0.220134,0.234615,-0.04249,-17.926632,-7.15877e-05,-1.320318,-0.052574
1.2.印度尼西亚,印度尼西亚 新增次留,0.178538,0.203024,0.204866,0.164482,0.187651,0.194683,0.164654,0.176608,-0.024485,-12.060346,-6.60925e-05,-1.21897,-0.048539
1.2.危地马拉,危地马拉 新增次留,0.13253,0.194737,0.172185,0.131783,0.176871,0.170543,0.220588,0.157143,-0.062207,-31.943992,-3.44522e-05,-0.635414,-0.025302
1.2.厄瓜多尔,厄瓜多尔 新增次留,0.127315,0.144772,0.171014,0.157895,0.200627,0.153846,0.172702,0.181303,-0.017457,-12.058471,-1.89803e-05,-0.35006,-0.013939
1.2.叙利亚,叙利亚 新增次留,0.152632,0.245161,0.165605,0.201342,0.203125,0.20979,0.176471,0.22449,-0.09253,-37.742382,-4.18055e-05,-0.771034,-0.030702
1.2.古巴,古巴 新增次留,0.103448,0.230769,0.133333,0.230769,0.133333,0.105263,0.233333,0.142857,-0.127321,-55.172414,-4.8247e-06,-0.088983,-0.003543
1.2.吉尔吉斯斯坦,吉尔吉斯斯坦 新增次留,0.170213,0.226776,0.19281,0.227907,0.175649,0.138614,0.214505,0.273183,-0.056563,-24.942322,-6.03444e-05,-1.112955,-0.044317
1.2.吉布提,吉布提 新增次留,,0.0,0.0,0.0,0.0,,0.0,0.5,,,,,
1.2.哈萨克斯坦,哈萨克斯坦 新增次留,0.177293,0.195944,0.179136,0.168375,0.157808,0.162338,0.193184,0.245885,-0.018651,-9.518329,-0.0001581501,-2.916822,-0.116146
1.2.哥伦比亚,哥伦比亚 新增次留,0.167818,0.176546,0.174401,0.175995,0.18069,0.18527,0.198192,0.180707,-0.008728,-4.943704,-3.99173e-05,-0.73621,-0.029315
1.2.哥斯达黎加,哥斯达黎加 新增次留,0.214286,0.147287,0.190909,0.174312,0.216783,0.245283,0.237288,0.177966,0.066999,45.488722,2.51931e-05,0.464646,0.018502
1.2.喀麦隆,喀麦隆 新增次留,0.266187,0.243697,0.223214,0.271186,0.222973,0.181102,0.272189,0.25,0.02249,9.228479,7.8012e-06,0.14388,0.005729
1.2.图瓦卢,图瓦卢 新增次留,,,,,1.0,0.0,,,,,,,
1.2.土库曼斯坦,土库曼斯坦 新增次留,0.0,0.2,0.5,0.5,0.25,0.2,0.25,,-0.2,-100.0,-5.1011e-06,-0.094081,-0.003746
1.2.土耳其,土耳其 新增次留,0.152011,0.144982,0.14295,0.144039,0.142228,0.154461,0.141309,0.142857,0.007029,4.8483,0.0001033047,1.905287,0.075868
1.2.圣卢西亚,圣卢西亚 新增次留,0.190476,0.3,0.066667,0.0,0.294118,0.25,0.545455,0.272727,-0.109524,-36.507937,-3.7246e-06,-0.068694,-0.002735
1.2.圣基茨和尼维斯,圣基茨和尼维斯 新增次留,0.222222,0.2,0.285714,0.0,1.0,0.333333,0.0,0.0,0.022222,11.111111,9.068e-07,0.016725,0.000666
1.2.圣多美和普林西比,圣多美和普林西比 新增次留,0.0,0.0,,0.0,0.0,,0.333333,0.0,0.0,,0.0,0.0,0.0
1.2.圣巴泰勒米岛,圣巴泰勒米岛 新增次留,,,,,,,,,,,,,
1.2.圣文森特和格林纳丁斯,圣文森特和格林纳丁斯 新增次留,0.142857,0.166667,0.5,0.0,0.2,0.0,1.0,0.333333,-0.02381,-14.285714,-7.287e-07,-0.01344,-0.000535
1.2.圣皮埃尔和密克隆群岛,圣皮埃尔和密克隆群岛 新增次留,,,,,,,,0.0,,,,,
1.2.圣马力诺,圣马力诺 新增次留,0.0,,,0.0,0.0,,0.0,,,,,,
1.2.圭亚那,圭亚那 新增次留,0.190476,0.148148,0.1,0.285714,0.210526,0.133333,0.129032,0.266667,0.042328,28.571429,3.3313e-06,0.061441,0.002447
1.2.坦桑尼亚,坦桑尼亚 新增次留,0.187135,0.182432,0.248322,0.204545,0.232877,0.186567,0.246835,0.260116,0.004702,2.577431,2.0289e-06,0.03742,0.00149
1.2.埃及,埃及 新增次留,0.152466,0.166302,0.172273,0.166667,0.169561,0.168459,0.173193,0.120968,-0.013836,-8.319566,-3.68621e-05,-0.679862,-0.027072
1.2.埃塞俄比亚,埃塞俄比亚 新增次留,0.219048,0.178947,0.170732,0.2,0.171875,0.235714,0.196262,0.22069,0.0401,22.408964,1.11046e-05,0.204806,0.008155
1.2.基里巴斯,基里巴斯 新增次留,,,,0.0,,,,,,,,,
1.2.塔吉克斯坦,塔吉克斯坦 新增次留,0.1,0.137931,0.210526,0.176471,0.25,0.166667,0.159091,0.117647,-0.037931,-27.5,-3.2064e-06,-0.059137,-0.002355
1.2.塞内加尔,塞内加尔 新增次留,0.20678,0.266094,0.186275,0.2375,0.26087,0.242981,0.290938,0.243328,-0.059315,-22.290869,-4.02844e-05,-0.74298,-0.029585
1.2.塞尔维亚,塞尔维亚 新增次留,0.163498,0.161153,0.114914,0.15873,0.169691,0.141075,0.175615,0.184652,0.002345,1.455443,6.4048e-06,0.118126,0.004704
1.2.塞拉利昂,塞拉利昂 新增次留,0.231884,0.153846,0.318182,0.333333,0.333333,0.327869,0.22449,0.267857,0.078038,50.724638,1.18286e-05,0.218159,0.008687
1.2.塞浦路斯,塞浦路斯 新增次留,0.186207,0.117241,0.225806,0.218045,0.122449,0.186335,0.169118,0.242991,0.068966,58.823529,2.91492e-05,0.53761,0.021407
1.2.塞舌尔,塞舌尔 新增次留,0.444444,0.0,0.222222,0.555556,0.25,0.0,0.166667,0.5,0.444444,,1.42506e-05,0.262829,0.010466
1.2.墨西哥,墨西哥 新增次留,0.163606,0.15393,0.157841,0.159869,0.159003,0.155703,0.15516,0.1423,0.009676,6.285684,0.0001029749,1.899205,0.075625
1.2.多哥,多哥 新增次留,0.264151,0.232143,0.156863,0.208333,0.191489,0.230769,0.247423,0.278195,0.032008,13.788099,5.2248e-06,0.096363,0.003837
1.2.多米尼克,多米尼克 新增次留,0.0,0.5,0.333333,0.0,,0.333333,0.333333,0.5,-0.5,-100.0,-1.02021e-05,-0.188162,-0.007493
1.2.多米尼加,多米尼加 新增次留,0.217666,0.173387,0.212851,0.243446,0.2,0.180428,0.187726,0.266447,0.044279,25.537378,3.20091e-05,0.590355,0.023508
1.2.奥兰群岛,奥兰群岛 新增次留,,,0.0,,0.0,,,,,,,,
1.2.奥地利,奥地利 新增次留,0.175589,0.183505,0.174877,0.175889,0.186944,0.178396,0.176245,0.173913,-0.007916,-4.313933,-1.11911e-05,-0.206401,-0.008219
1.2.委内瑞拉,委内瑞拉 新增次留,0.177778,0.170213,0.136667,0.204787,0.153226,0.168449,0.175644,0.213303,0.007565,4.444444,8.2913e-06,0.152919,0.006089
1.2.孟加拉,孟加拉 新增次留,0.159229,0.170758,0.168539,0.18713,0.188437,0.188953,0.203774,0.200774,-0.011529,-6.751605,-9.30883e-05,-1.716862,-0.068365
1.2.安哥拉,安哥拉 新增次留,0.1875,0.255319,0.148515,0.206522,0.201835,0.259259,0.184783,0.189189,-0.067819,-26.5625,-1.85824e-05,-0.342723,-0.013647
1.2.安圭拉,安圭拉 新增次留,0.0,0.0,0.0,0.0,0.0,0.5,,0.0,0.0,,0.0,0.0,0.0
1.2.安提瓜和巴布达,安提瓜和巴布达 新增次留,0.25,0.3,0.2,0.0,0.153846,0.2,0.111111,0.111111,-0.05,-16.666667,-2.5505e-06,-0.047041,-0.001873
1.2.安道尔,安道尔 新增次留,0.166667,0.0,0.0,0.0,0.4,0.333333,0.0,0.0,0.166667,,3.4007e-06,0.062721,0.002498
1.2.密克罗尼西亚联邦,密克罗尼西亚联邦 新增次留,,,0.0,,,0.0,,,,,,,
1.2.尼加拉瓜,尼加拉瓜 新增次留,0.216216,0.15625,0.283951,0.202899,0.127273,0.209677,0.090909,0.193548,0.059966,38.378378,1.67803e-05,0.309486,0.012324
1.2.尼日利亚,尼日利亚 新增次留,0.23226,0.228426,0.23125,0.245866,0.244658,0.245426,0.249043,0.214087,0.003833,1.67813,5.06372e-05,0.933921,0.037188
1.2.尼日尔,尼日尔 新增次留,0.25,0.225,0.25,0.142857,0.0625,0.044444,0.172414,0.132075,0.025,11.111111,2.9149e-06,0.053761,0.002141
1.2.尼泊尔,尼泊尔 新增次留,0.137143,0.167702,0.178571,0.149254,0.177305,0.162791,0.153846,0.135371,-0.030559,-18.222222,-1.43413e-05,-0.264502,-0.010532
1.2.巴勒斯坦,巴勒斯坦 新增次留,0.15,0.10101,0.123894,0.121495,0.176471,0.16875,0.177083,0.175439,0.04899,48.5,1.41373e-05,0.260739,0.010382
1.2.巴哈马,巴哈马 新增次留,0.255814,0.255814,0.25,0.264706,0.27027,0.138889,0.222222,0.121951,0.0,0.0,0.0,0.0,0.0
1.2.巴基斯坦,巴基斯坦 新增次留,0.171655,0.176537,0.174097,0.190616,0.157734,0.176508,0.210419,0.146991,-0.004882,-2.765434,-2.52307e-05,-0.46534,-0.01853
1.2.巴巴多斯,巴巴多斯 新增次留,0.333333,0.263158,0.25,0.0,0.105263,0.115385,0.238095,0.2,0.070175,26.666667,4.5343e-06,0.083627,0.00333
1.2.巴布亚新几内亚,巴布亚新几内亚 新增次留,0.111111,0.0,0.25,0.5,0.2,0.333333,0.272727,0.117647,0.111111,,3.4007e-06,0.062721,0.002498
1.2.巴拉圭,巴拉圭 新增次留,0.181818,0.273381,0.1625,0.232877,0.2,0.215686,0.210191,0.163399,-0.091563,-33.492823,-3.70987e-05,-0.684225,-0.027245
1.2.巴拿马,巴拿马 新增次留,0.185185,0.137931,0.197531,0.157303,0.215909,0.157303,0.179487,0.175926,0.047254,34.259259,1.19834e-05,0.221015,0.008801
1.2.巴林,巴林 新增次留,0.216216,0.122449,0.138889,0.216216,0.12,0.148936,0.111111,0.068182,0.093767,76.576577,1.33927e-05,0.247008,0.009836
1.2.巴西,巴西 新增次留,0.173443,0.163079,0.171188,0.17396,0.179705,0.170856,0.169921,0.169664,0.010364,6.355416,0.0013500857,24.900143,0.991511
1.2.布基纳法索,布基纳法索 新增次留,0.194444,0.217213,0.233051,0.223629,0.225714,0.326425,0.268116,0.257862,-0.022769,-10.48218,-1.61941e-05,-0.298674,-0.011893
1.2.布隆迪,布隆迪 新增次留,0.555556,0.090909,0.230769,0.263158,0.285714,0.4,0.454545,0.117647,0.464646,511.111111,1.48984e-05,0.274777,0.010941
1.2.希腊,希腊 新增次留,0.204861,0.222541,0.20764,0.215228,0.189024,0.184793,0.181514,0.175389,-0.017679,-7.944385,-5.39576e-05,-0.99516,-0.039627
1.2.帕劳,帕劳 新增次留,,,,,,,,0.0,,,,,
1.2.库克群岛,库克群岛 新增次留,0.0,0.0,0.0,0.5,,0.5,,0.5,0.0,,0.0,0.0,0.0
1.2.库拉索,库拉索 新增次留,0.25,0.285714,0.222222,0.272727,0.2,0.277778,0.2,0.25,-0.035714,-12.5,-2.1862e-06,-0.04032,-0.001606
1.2.开曼群岛,开曼群岛 新增次留,0.333333,0.285714,0.363636,0.090909,0.125,0.0,0.285714,0.0,0.047619,16.666667,1.7004e-06,0.03136,0.001249
1.2.德国,德国 新增次留,0.158924,0.15443,0.168291,0.186253,0.179862,0.164715,0.167255,0.1665,0.004494,2.910204,0.0002035802,3.754707,0.14951
1.2.意大利,意大利 新增次留,0.175552,0.161826,0.153117,0.165045,0.172005,0.174309,0.152746,0.152291,0.013726,8.481999,0.0001157087,2.134059,0.084977
1.2.所罗门群岛,所罗门群岛 新增次留,0.2,0.0,1.0,1.0,0.0,0.0,0.25,0.333333,0.2,,4.0809e-06,0.075265,0.002997
1.2.拉脱维亚,拉脱维亚 新增次留,0.232558,0.180139,0.202326,0.173077,0.18319,0.181058,0.17602,0.172161,0.05242,29.099583,6.61607e-05,1.220227,0.048589
1.2.挪威,挪威 新增次留,0.145749,0.157258,0.134146,0.172061,0.194879,0.150883,0.132797,0.178674,-0.011509,-7.318592,-8.3198e-06,-0.153445,-0.00611
1.2.捷克,捷克 新增次留,0.19202,0.211864,0.162393,0.16035,0.180628,0.183727,0.167048,0.145119,-0.019844,-9.366584,-2.04765e-05,-0.377656,-0.015038
1.2.摩尔多瓦,摩尔多瓦 新增次留,0.140152,0.16129,0.182171,0.11828,0.205645,0.180556,0.152249,0.145695,-0.021139,-13.106061,-1.52806e-05,-0.281825,-0.011222
1.2.摩洛哥,摩洛哥 新增次留,0.133443,0.167033,0.14375,0.158257,0.146453,0.153689,0.152209,0.131737,-0.03359,-20.109685,-4.45497e-05,-0.821647,-0.032718
1.2.摩纳哥,摩纳哥 新增次留,0.333333,0.0,0.333333,0.3,0.5,0.166667,0.5,,0.333333,,1.02021e-05,0.188162,0.007493
1.2.文莱,文莱 新增次留,0.125,0.571429,0.428571,0.181818,0.571429,0.0,0.2,0.111111,-0.446429,-78.125,-1.27527e-05,-0.235203,-0.009366
1.2.斐济,斐济 新增次留,0.166667,0.0,0.0,0.272727,0.3,0.15,0.25,0.181818,0.166667,,8.5018e-06,0.156802,0.006244
1.2.斯威士兰,斯威士兰 新增次留,0.5,0.0,0.0,0.25,0.0,0.428571,1.0,0.0,0.5,,1.36029e-05,0.250883,0.00999
1.2.斯洛伐克,斯洛伐克 新增次留,0.151163,0.151724,0.159722,0.206107,0.203704,0.131868,0.10559,0.135593,-0.000561,-0.369979,-2.371e-07,-0.004373,-0.000174
1.2.斯洛文尼亚,斯洛文尼亚 新增次留,0.144444,0.217391,0.153061,0.121212,0.190476,0.154639,0.126582,0.071429,-0.072947,-33.555556,-1.95623e-05,-0.360794,-0.014367
1.2.斯里兰卡,斯里兰卡 新增次留,0.172043,0.189474,0.188889,0.189189,0.168421,0.1875,0.2,0.136364,-0.017431,-9.199522,-4.8269e-06,-0.089025,-0.003545
1.2.新加坡,新加坡 新增次留,0.179331,0.17284,0.2,0.244813,0.182796,0.134058,0.192661,0.202429,0.006492,3.75597,4.5977e-06,0.084797,0.003377
1.2.新喀里多尼亚,新喀里多尼亚 新增次留,0.333333,0.0,0.0,0.0,0.5,1.0,0.0,,0.333333,,6.8014e-06,0.125441,0.004995
1.2.新西兰,新西兰 新增次留,0.13964,0.090909,0.182741,0.086705,0.147959,0.154412,0.137255,0.131148,0.048731,53.603604,2.34376e-05,0.432268,0.017213
1.2.日本,日本 新增次留,0.184783,0.148289,0.138037,0.154206,0.167213,0.192935,0.151448,0.140523,0.036494,24.60981,2.7977e-05,0.51599,0.020546
1.2.智利,智利 新增次留,0.171831,0.175743,0.167526,0.179412,0.137615,0.233677,0.150327,0.161194,-0.003912,-2.225749,-4.6068e-06,-0.084966,-0.003383
1.2.柬埔寨,柬埔寨 新增次留,0.173077,0.133333,0.202899,0.269231,0.133333,0.120879,0.148148,0.188235,0.039744,29.807692,8.6887e-06,0.16025,0.006381
1.2.根西岛,根西岛 新增次留,0.25,0.0,0.0,0.25,0.0,0.5,0.111111,0.142857,0.25,,7.6516e-06,0.141122,0.005619
1.2.格林纳达,格林纳达 新增次留,0.5,0.4,0.2,0.0,0.5,0.0,0.285714,0.0,0.1,25.0,3.4007e-06,0.062721,0.002498
1.2.格陵兰,格陵兰 新增次留,,,1.0,0.0,,0.5,,0.0,,,,,
1.2.格鲁吉亚,格鲁吉亚 新增次留,0.192488,0.175476,0.169683,0.184549,0.166951,0.189831,0.151316,0.199017,0.017013,9.695119,2.34553e-05,0.432594,0.017226
1.2.比利时,比利时 新增次留,0.177885,0.183099,0.160804,0.136038,0.142169,0.158317,0.136054,0.205128,-0.005214,-2.847633,-6.4745e-06,-0.119411,-0.004755
1.2.毛里塔尼亚,毛里塔尼亚 新增次留,0.116279,0.04,0.25,0.166667,0.263158,0.191489,0.177778,0.258065,0.076279,190.697674,6.4851e-06,0.119607,0.004763
1.2.毛里求斯,毛里求斯 新增次留,0.117647,0.27907,0.111111,0.12,0.138889,0.357143,0.1875,0.05,-0.161423,-57.843137,-2.02329e-05,-0.373162,-0.014859
1.2.汤加,汤加 新增次留,0.0,0.0,1.0,0.0,,0.0,0.0,,0.0,,0.0,0.0,0.0
1.2.沙特阿拉伯,沙特阿拉伯 新增次留,0.107584,0.147569,0.148893,0.159274,0.118531,0.156006,0.158771,0.139579,-0.039986,-27.096172,-6.71341e-05,-1.23818,-0.049304
1.2.法国,法国 新增次留,0.176148,0.16795,0.15635,0.170901,0.17013,0.179614,0.152771,0.159664,0.008197,4.880842,6.51653e-05,1.201869,0.047858
1.2.法属圣马丁,法属圣马丁 新增次留,1.0,0.0,0.0,,0.333333,0.0,1.0,0.333333,1.0,,2.04043e-05,0.376324,0.014985
1.2.法属圭亚那,法属圭亚那 新增次留,0.0,0.0,,0.5,0.5,0.5,0.0,0.0,0.0,,0.0,0.0,0.0
1.2.法属波利尼西亚,法属波利尼西亚 新增次留,0.4,0.142857,0.571429,0.142857,0.0,0.307692,0.0,0.75,0.257143,180.0,9.1819e-06,0.169346,0.006743
1.2.法罗群岛,法罗群岛 新增次留,0.0,,0.0,0.0,0.0,0.0,0.333333,0.0,,,,,
1.2.波兰,波兰 新增次留,0.177083,0.185666,0.159943,0.191278,0.159727,0.163084,0.184052,0.190316,-0.008582,-4.622396,-3.66522e-05,-0.675991,-0.026918
1.2.波多黎各,波多黎各 新增次留,0.222973,0.202532,0.146667,0.182353,0.201389,0.195531,0.1875,0.179487,0.020441,10.092905,9.4142e-06,0.173629,0.006914
1.2.波黑,波黑 新增次留,0.150943,0.143885,0.143345,0.142857,0.186544,0.172775,0.152815,0.135417,0.007059,4.90566,5.7194e-06,0.105485,0.0042
1.2.泰国,泰国 新增次留,0.156051,0.267717,0.177165,0.134783,0.191235,0.152727,0.187898,0.195652,-0.111666,-41.710378,-8.26758e-05,-1.524821,-0.060718
1.2.泽西岛,泽西岛 新增次留,0.0,0.0,0.0,0.0,0.0,0.0,0.0,0.0,0.0,,0.0,0.0,0.0
1.2.津巴布韦,津巴布韦 新增次留,0.118644,0.222222,0.194444,0.114286,0.090909,0.092593,0.162791,0.121212,-0.103578,-46.610169,-1.08691e-05,-0.200463,-0.007982
1.2.洪都拉斯,洪都拉斯 新增次留,0.171053,0.20625,0.220588,0.154545,0.20339,0.167832,0.231405,0.153226,-0.035197,-17.065391,-1.64153e-05,-0.302754,-0.012056
1.2.海地,海地 新增次留,0.255319,0.256881,0.220183,0.217391,0.275,0.181034,0.263566,0.264516,-0.001562,-0.607903,-4.963e-07,-0.009153,-0.000364
1.2.澳大利亚,澳大利亚 新增次留,0.135238,0.126062,0.128556,0.131579,0.114039,0.121961,0.135822,0.126866,0.009176,7.279298,5.98333e-05,1.103528,0.043942
1.2.爱尔兰,爱尔兰 新增次留,0.1797,0.201739,0.153982,0.170213,0.196396,0.170047,0.162939,0.136531,-0.022039,-10.924322,-3.69388e-05,-0.681277,-0.027128
1.2.爱沙尼亚,爱沙尼亚 新增次留,0.195313,0.219608,0.197674,0.20073,0.200608,0.222642,0.179825,0.235632,-0.024295,-11.063058,-1.80585e-05,-0.333059,-0.013262
1.2.牙买加,牙买加 新增次留,0.223602,0.208333,0.193548,0.182482,0.222222,0.190476,0.209877,0.223776,0.015269,7.329193,7.4773e-06,0.137906,0.005491
1.2.特克斯和凯科斯群岛,特克斯和凯科斯群岛 新增次留,0.3,0.5,0.25,0.0,0.1,0.142857,0.222222,0.2,-0.2,-40.0,-4.897e-06,-0.090318,-0.003596
1.2.特立尼达和多巴哥,特立尼达和多巴哥 新增次留,0.140351,0.176471,0.191489,0.121951,0.244898,0.207547,0.137255,0.107143,-0.03612,-20.467836,-7.1595e-06,-0.132045,-0.005258
1.2.玻利维亚,玻利维亚 新增次留,0.183486,0.213483,0.164706,0.111801,0.151163,0.137931,0.161677,0.151351,-0.029997,-14.051183,-1.5564e-05,-0.287053,-0.01143
1.2.瑙鲁,瑙鲁 新增次留,,,,,,,,,,,,,
1.2.瑞典,瑞典 新增次留,0.175361,0.1875,0.203252,0.207442,0.177273,0.155706,0.175031,0.175207,-0.012139,-6.474288,-3.5667e-05,-0.657821,-0.026194
1.2.瑞士,瑞士 新增次留,0.168675,0.172673,0.161351,0.152918,0.167987,0.166359,0.174419,0.172577,-0.003998,-2.315348,-7.7614e-06,-0.143147,-0.0057
1.2.瓜德罗普,瓜德罗普 新增次留,0.25,0.5,0.0,0.0,0.0,0.285714,0.0,0.0,-0.25,-50.0,-5.1011e-06,-0.094081,-0.003746
1.2.瓦利斯和富图纳群岛,瓦利斯和富图纳群岛 新增次留,0.0,,,,,,,,,,,,
1.2.瓦努阿图,瓦努阿图 新增次留,0.25,0.0,0.75,1.0,,,,0.0,0.25,,5.1011e-06,0.094081,0.003746
1.2.留尼汪岛,留尼汪岛 新增次留,0.125,0.076923,0.0625,0.083333,0.25,0.083333,0.285714,0.230769,0.048077,62.5,2.1255e-06,0.039201,0.001561
1.2.白俄罗斯,白俄罗斯 新增次留,0.184834,0.16915,0.162011,0.141457,0.17666,0.164995,0.173167,0.208543,0.015684,9.272401,5.21634e-05,0.96207,0.038309
1.2.百慕大,百慕大 新增次留,0.571429,0.0,0.0,0.181818,0.142857,0.5,0.0,0.0,0.571429,,1.55461e-05,0.286723,0.011417
1.2.直布罗陀,直布罗陀 新增次留,0.285714,0.5,0.166667,0.0,0.0,0.0,0.2,0.4,-0.214286,-42.857143,-5.8298e-06,-0.107521,-0.004281
1.2.福克兰群岛,福克兰群岛 新增次留,0.0,,,,,,0.0,,,,,,
1.2.科威特,科威特 新增次留,0.131313,0.068376,0.144068,0.204301,0.198347,0.115942,0.120482,0.141844,0.062937,92.045455,2.14642e-05,0.395873,0.015763
1.2.科摩罗,科摩罗 新增次留,0.2,0.333333,0.0,0.333333,0.0,0.0,0.2,0.2,-0.133333,-40.0,-4.0808e-06,-0.075265,-0.002997
1.2.科特迪瓦,科特迪瓦 新增次留,0.183976,0.226415,0.176,0.211765,0.199187,0.214797,0.216285,0.242171,-0.042439,-18.743818,-3.27819e-05,-0.60461,-0.024075
1.2.科索沃,科索沃 新增次留,0.202703,0.156863,0.108434,0.224138,0.222222,0.245902,0.195402,0.242857,0.04584,29.222973,2.04437e-05,0.377051,0.015014
1.2.秘鲁,秘鲁 新增次留,0.169257,0.179289,0.183746,0.142349,0.166667,0.208929,0.174074,0.165329,-0.010032,-5.595259,-1.89197e-05,-0.348944,-0.013895
1.2.突尼斯,突尼斯 新增次留,0.186813,0.137795,0.16055,0.165957,0.173684,0.176724,0.129167,0.12,0.049018,35.572998,3.62922e-05,0.66935,0.026653
1.2.立陶宛,立陶宛 新增次留,0.168975,0.161383,0.181102,0.228739,0.189573,0.140449,0.175,0.158491,0.007592,4.704195,7.6791e-06,0.141628,0.00564
1.2.索马里,索马里 新增次留,0.173077,0.136364,0.16092,0.173913,0.166667,0.234568,0.203125,0.175,0.036713,26.923077,9.4173e-06,0.173687,0.006916
1.2.约旦,约旦 新增次留,0.111111,0.150538,0.145833,0.132597,0.140969,0.14218,0.183673,0.122807,-0.039427,-26.190476,-2.13762e-05,-0.394249,-0.015699
1.2.纳米比亚,纳米比亚 新增次留,0.178571,0.25,0.190476,0.0,0.347826,0.333333,0.111111,0.133333,-0.071429,-28.571429,-5.8298e-06,-0.107522,-0.004281
1.2.缅甸,缅甸 新增次留,0.141975,0.145455,0.141304,0.134021,0.097087,0.129252,0.109489,0.161972,-0.003479,-2.391975,-1.1158e-06,-0.02058,-0.000819
1.2.罗马尼亚,罗马尼亚 新增次留,0.172952,0.164962,0.154613,0.16375,0.133249,0.157187,0.146221,0.164368,0.00799,4.843701,1.82128e-05,0.335906,0.013376
1.2.美国,美国 新增次留,0.141036,0.144449,0.143065,0.142087,0.141235,0.131638,0.134648,0.141733,-0.003413,-2.362544,-0.0003991856,-7.362332,-0.293164
1.2.美属维尔京群岛,美属维尔京群岛 新增次留,0.25,0.1,0.384615,0.0,0.222222,0.454545,0.375,0.2,0.15,150.0,4.3723e-06,0.080641,0.003211
1.2.老挝,老挝 新增次留,0.076923,0.1,0.375,0.0,0.2,0.0,0.142857,0.166667,-0.023077,-23.076923,-7.848e-07,-0.014474,-0.000576
1.2.肯尼亚,肯尼亚 新增次留,0.152263,0.251256,0.206186,0.239819,0.257576,0.19403,0.199187,0.233108,-0.098993,-39.399177,-5.74224e-05,-1.059063,-0.042171
1.2.芬兰,芬兰 新增次留,0.220379,0.18612,0.183333,0.203501,0.198502,0.186441,0.186017,0.202247,0.034259,18.407101,9.49683e-05,1.751537,0.069745
1.2.苏丹,苏丹 新增次留,0.123288,0.181818,0.075,0.114286,0.066667,0.214286,0.127273,0.08,-0.058531,-32.191781,-7.5068e-06,-0.138451,-0.005513
1.2.苏里南,苏里南 新增次留,0.0,0.15,0.285714,0.111111,0.142857,0.272727,0.176471,0.076923,-0.15,-100.0,-8.7447e-06,-0.161282,-0.006422
1.2.英国,英国 新增次留,0.153513,0.1496,0.145633,0.147629,0.143048,0.122748,0.127625,0.150946,0.003913,2.61569,0.0001155086,2.130368,0.08483
1.2.英属维尔京群岛,英属维尔京群岛 新增次留,0.25,0.0,,0.5,0.666667,0.0,0.0,0.166667,0.25,,7.6516e-06,0.141122,0.005619
1.2.荷兰,荷兰 新增次留,0.197602,0.182209,0.194245,0.206157,0.200638,0.200703,0.193769,0.188979,0.015393,8.44786,0.0001982315,3.656058,0.145582
1.2.荷兰加勒比,荷兰加勒比 新增次留,0.0,0.25,,0.25,0.0,0.333333,,0.0,-0.25,-100.0,-6.8014e-06,-0.125441,-0.004995
1.2.荷属圣马丁,荷属圣马丁 新增次留,0.333333,0.272727,0.75,0.75,0.4,0.333333,0.0,0.6,0.060606,22.222222,2.7206e-06,0.050177,0.001998
1.2.荷属安的列斯,荷属安的列斯 新增次留,,,,,,,,,,,,,
1.2.莫桑比克,莫桑比克 新增次留,0.25,0.203209,0.21659,0.263158,0.226131,0.252212,0.234568,0.256637,0.046791,23.026316,2.55051e-05,0.470401,0.018731
1.2.莱索托,莱索托 新增次留,0.333333,0.4,0.0,0.333333,0.0,0.0,0.0,0.333333,-0.066667,-16.666667,-1.7004e-06,-0.031361,-0.001249
1.2.菲律宾,菲律宾 新增次留,0.148756,0.182747,0.178158,0.19204,0.18526,0.17693,0.182243,0.172428,-0.033991,-18.600002,-0.0001745796,-3.219837,-0.128212
1.2.萨尔瓦多,萨尔瓦多 新增次留,0.114286,0.156863,0.244681,0.118812,0.164384,0.180851,0.238636,0.135417,-0.042577,-27.142857,-1.2659e-05,-0.233474,-0.009297
1.2.萨摩亚,萨摩亚 新增次留,,0.0,1.0,0.0,0.0,,1.0,0.0,,,,,
1.2.葡萄牙,葡萄牙 新增次留,0.161376,0.161398,0.155188,0.169672,0.170312,0.168443,0.16087,0.150661,-2.2e-05,-0.013637,-7.71e-08,-0.001422,-5.7e-05
1.2.蒙古,蒙古 新增次留,0.132075,0.230769,0.08,0.159091,0.130435,0.130435,0.095238,0.0625,-0.098694,-42.767296,-1.12196e-05,-0.206928,-0.00824
1.2.西班牙,西班牙 新增次留,0.173744,0.165546,0.159533,0.176331,0.171663,0.166932,0.158537,0.157288,0.008198,4.952241,6.39466e-05,1.179392,0.046963
1.2.贝宁,贝宁 新增次留,0.240385,0.286822,0.30597,0.272727,0.179012,0.277457,0.314286,0.250602,-0.046437,-16.190229,-1.74613e-05,-0.322046,-0.012824
1.2.赞比亚,赞比亚 新增次留,0.168831,0.155556,0.153846,0.274194,0.155556,0.283333,0.277778,0.152778,0.013276,8.534323,1.7413e-06,0.032115,0.001279
1.2.赤道几内亚,赤道几内亚 新增次留,0.5,0.0,0.125,0.0,0.111111,0.142857,0.0,0.083333,0.5,,1.02021e-05,0.188162,0.007493
1.2.越南,越南 新增次留,0.177249,0.160377,0.164983,0.209559,0.149533,0.152249,0.15,0.162712,0.016871,10.519763,1.56393e-05,0.288442,0.011486
1.2.阿塞拜疆,阿塞拜疆 新增次留,0.129464,0.116592,0.112601,0.165625,0.160287,0.16129,0.113022,0.128049,0.012872,11.040522,1.67342e-05,0.308635,0.01229
1.2.阿富汗,阿富汗 新增次留,0.12987,0.204819,0.162791,0.28169,0.206897,0.226415,0.243697,0.207792,-0.074949,-36.592819,-1.81329e-05,-0.334432,-0.013317
1.2.阿尔及利亚,阿尔及利亚 新增次留,0.108889,0.117845,0.128514,0.176,0.179487,0.114286,0.154098,0.115385,-0.008956,-7.6,-7.7534e-06,-0.143,-0.005694
1.2.阿尔巴尼亚,阿尔巴尼亚 新增次留,0.16826,0.185079,0.178322,0.167857,0.174757,0.195246,0.165577,0.154229,-0.016819,-9.087406,-3.41709e-05,-0.630227,-0.025095
1.2.阿曼,阿曼 新增次留,0.126761,0.144737,0.208955,0.076923,0.126984,0.147059,0.202454,0.140625,-0.017976,-12.419974,-3.9823e-06,-0.073446,-0.002925
1.2.阿根廷,阿根廷 新增次留,0.167982,0.151292,0.132121,0.177866,0.167089,0.188067,0.171533,0.168662,0.01669,11.03198,3.95522e-05,0.729476,0.029047
1.2.阿联酋,阿联酋 新增次留,0.205607,0.173815,0.15285,0.14,0.171548,0.141805,0.168142,0.135632,0.031793,18.291055,4.1053e-05,0.757156,0.03015
1.2.阿鲁巴,阿鲁巴 新增次留,0.21875,0.333333,0.105263,0.307692,0.105263,0.333333,0.357143,0.266667,-0.114583,-34.375,-7.014e-06,-0.129361,-0.005151
1.2.韩国,韩国 新增次留,0.087719,0.118182,0.117647,0.132979,0.10917,0.139535,0.12987,0.138249,-0.030463,-25.775978,-1.95352e-05,-0.360296,-0.014347
1.2.马尔代夫,马尔代夫 新增次留,0.181818,0.205128,0.033333,0.344828,0.371429,0.235294,0.263158,0.225,-0.02331,-11.363636,-2.6499e-06,-0.048873,-0.001946
1.2.马恩岛,马恩岛 新增次留,0.0,0.375,0.0,0.090909,0.125,0.0,0.0,0.1,-0.375,-100.0,-1.22426e-05,-0.225795,-0.008991
1.2.马拉维,马拉维 新增次留,0.340426,0.272727,0.428571,0.304348,0.282051,0.289474,0.195652,0.3,0.067698,24.822695,6.0779e-06,0.112098,0.004464
1.2.马提尼克岛,马提尼克岛 新增次留,0.5,0.0,0.5,0.0,0.25,0.0,0.0,0.0,0.5,,1.02021e-05,0.188162,0.007493
1.2.马来西亚,马来西亚 新增次留,0.150943,0.161716,0.168317,0.16879,0.20462,0.161765,0.180157,0.16358,-0.010773,-6.661533,-9.5149e-06,-0.175486,-0.006988
1.2.马约特,马约特 新增次留,0.0,,,0.0,,,,,,,,,
1.2.马绍尔群岛,马绍尔群岛 新增次留,,0.0,,0.0,0.0,,,0.0,,,,,
1.2.马耳他,马耳他 新增次留,0.273973,0.205479,0.280488,0.107692,0.226667,0.272727,0.117647,0.192982,0.068493,33.333333,1.45747e-05,0.268806,0.010704
1.2.马达加斯加,马达加斯加 新增次留,0.159574,0.241071,0.193878,0.194175,0.239583,0.212766,0.214286,0.207207,-0.081497,-33.806147,-2.66062e-05,-0.490709,-0.01954
1.2.马里,马里 新增次留,0.191244,0.167147,0.204023,0.144279,0.186126,0.175676,0.247706,0.285714,0.024097,14.416812,2.43734e-05,0.449528,0.0179
1.2.黎巴嫩,黎巴嫩 新增次留,0.150685,0.150685,0.148148,0.199095,0.174545,0.169139,0.158774,0.138577,0.0,0.0,0.0,0.0,0.0
1.2.黑山,黑山 新增次留,0.189655,0.193717,0.189873,0.174825,0.239521,0.174419,0.177914,0.138211,-0.004062,-2.096925,-2.2615e-06,-0.04171,-0.001661
2,整体 新增UV,40447.857143,49009.285714,42443.714286,42277.428571,44210.285714,45928.142857,47333.857143,42419.0,-8561.428571,-17.468993,0.0,0.0,0.0
2.1,渠道 新增UV,13768.571429,19097.571429,16449.714286,17167.571429,17285.142857,18954.142857,18273.571429,16875.0,-5329.0,-27.904072,0.0014928173,27.532595,1.096334
2.1.unknow,unknow 新增UV,0.0,0.0,1.0,1.0,0.0,0.0,0.0,0.0,0.0,,,,
2.1.不丹,不丹 新增UV,0.0,0.0,0.0,0.0,0.0,1.0,0.0,1.0,0.0,,,,
2.1.东帝汶,东帝汶 新增UV,0.0,0.0,0.0,0.0,0.0,0.0,0.0,1.0,0.0,,,,
2.1.中国,中国 新增UV,1.0,1.333333,1.4,1.0,1.0,2.0,1.0,1.0,-0.333333,-25.0,-4.895e-07,-0.009028,-0.000359
2.1.中国台湾,中国台湾 新增UV,1.5,1.0,1.0,1.4,1.5,1.0,2.0,1.0,0.5,50.0,3.2889e-06,0.060659,0.002415
2.1.中国澳门,中国澳门 新增UV,0.0,0.0,0.0,0.0,1.0,0.0,1.0,1.0,0.0,,,,
2.1.中国香港,中国香港 新增UV,161.714286,552.857143,85.0,12.0,11.857143,13.571429,5.857143,3.428571,-391.142857,-70.749354,0.0001423961,2.626264,0.104576
2.1.中非,中非 新增UV,0.0,0.0,0.0,0.0,0.0,0.0,0.0,0.0,0.0,,,,
2.1.丹麦,丹麦 新增UV,1.666667,2.142857,2.0,1.333333,1.166667,1.75,1.4,1.8,-0.47619,-22.222222,3.429e-07,0.006324,0.000252
2.1.乌克兰,乌克兰 新增UV,24.0,22.285714,25.285714,21.857143,21.285714,22.285714,25.142857,28.285714,1.714286,7.692308,-7.3237e-06,-0.135073,-0.005379
2.1.乌兹别克斯坦,乌兹别克斯坦 新增UV,5.285714,5.857143,5.714286,3.714286,5.714286,3.714286,6.571429,4.285714,-0.571429,-9.756098,-1.5208e-06,-0.028048,-0.001117
2.1.乌干达,乌干达 新增UV,1.5,1.0,1.5,1.0,1.0,1.5,1.0,1.4,0.5,50.0,3.2889e-06,0.060659,0.002415
2.1.乌拉圭,乌拉圭 新增UV,1.2,2.8,2.4,1.333333,1.4,1.8,2.0,3.166667,-1.6,-57.142857,-8.378e-07,-0.015452,-0.000615
2.1.乍得,乍得 新增UV,0.0,0.0,0.0,0.0,0.0,1.0,0.0,1.0,0.0,,,,
2.1.也门,也门 新增UV,0.0,0.0,1.0,0.0,0.0,1.5,1.0,0.0,0.0,,,,
2.1.亚美尼亚,亚美尼亚 新增UV,1.8,2.4,2.714286,2.666667,2.0,1.8,2.333333,2.666667,-0.6,-25.0,-3.846e-07,-0.007093,-0.000282
2.1.以色列,以色列 新增UV,12.142857,19.0,3.0,2.0,3.142857,2.6,3.571429,2.166667,-6.857143,-36.090226,-3.526e-06,-0.065031,-0.00259
2.1.伊拉克,伊拉克 新增UV,9.571429,8.285714,7.285714,6.285714,6.571429,6.714286,8.285714,5.285714,1.285714,15.517241,-1.1324e-06,-0.020885,-0.000832
2.1.伊朗,伊朗 新增UV,986.142857,2600.714286,626.857143,108.428571,50.428571,40.428571,27.333333,1.0,-1614.571429,-62.081846,0.0008930835,16.471476,0.655886
2.1.伯利兹,伯利兹 新增UV,1.0,1.0,0.0,0.0,1.0,1.0,0.0,1.0,0.0,0.0,-5.881e-07,-0.010846,-0.000432
2.1.佛得角,佛得角 新增UV,1.0,1.0,1.0,1.0,0.0,1.0,1.0,1.0,0.0,0.0,4.917e-07,0.009068,0.000361
2.1.俄罗斯,俄罗斯 新增UV,314.142857,312.714286,291.428571,277.142857,286.142857,305.428571,337.285714,306.714286,1.428571,0.45683,-4.56404e-05,-0.841763,-0.033519
2.1.保加利亚,保加利亚 新增UV,3.285714,5.0,4.0,2.0,3.5,2.428571,1.833333,2.5,-1.714286,-34.285714,1.0229e-06,0.018865,0.000751
2.1.克罗地亚,克罗地亚 新增UV,2.142857,2.8,3.714286,2.714286,1.714286,2.0,3.571429,2.428571,-0.657143,-23.469388,-1.6498e-06,-0.030427,-0.001212
2.1.关岛,关岛 新增UV,1.0,0.0,1.5,1.0,0.0,0.0,1.0,0.0,1.0,,,,
2.1.冈比亚,冈比亚 新增UV,2.6,1.857143,3.0,2.0,2.142857,2.857143,3.0,1.5,0.742857,40.0,4.666e-07,0.008607,0.000343
2.1.冰岛,冰岛 新增UV,1.0,1.0,1.0,1.0,1.0,1.0,1.0,0.0,0.0,0.0,-5.881e-07,-0.010846,-0.000432
2.1.几内亚,几内亚 新增UV,1.0,1.0,3.0,1.0,1.0,1.0,0.0,1.0,0.0,0.0,-5.881e-07,-0.010846,-0.000432
2.1.几内亚比绍,几内亚比绍 新增UV,0.0,1.0,0.0,0.0,0.0,0.0,0.0,0.0,-1.0,-100.0,,,
2.1.列支敦士登,列支敦士登 新增UV,1.0,0.0,0.0,0.0,0.0,0.0,0.0,0.0,1.0,,,,
2.1.刚果共和国,刚果共和国 新增UV,1.5,0.0,1.0,0.0,0.0,1.0,1.0,0.0,1.5,,,,
2.1.刚果民主共和国,刚果民主共和国 新增UV,1.333333,1.25,1.0,2.0,1.0,1.0,1.333333,1.0,0.083333,6.666667,8.491e-07,0.01566,0.000624
2.1.利比亚,利比亚 新增UV,1.0,1.0,1.0,1.0,1.0,1.0,1.0,1.333333,0.0,0.0,4.917e-07,0.009068,0.000361
2.1.利比里亚,利比里亚 新增UV,1.0,1.0,1.0,1.0,1.0,1.0,1.0,1.0,0.0,0.0,-5.881e-07,-0.010846,-0.000432
2.1.加拿大,加拿大 新增UV,86.857143,107.285714,200.428571,343.428571,129.857143,284.285714,300.857143,273.142857,-20.428571,-19.041278,1.22e-06,0.0225,0.000896
2.1.加纳,加纳 新增UV,5.428571,4.857143,5.0,5.428571,5.0,6.0,4.0,4.428571,0.571429,11.764706,1.6868e-06,0.03111,0.001239
2.1.加蓬,加蓬 新增UV,0.0,0.0,0.0,0.0,1.0,0.0,0.0,1.0,0.0,,,,
2.1.匈牙利,匈牙利 新增UV,2.0,2.0,2.0,1.5,2.166667,1.857143,2.571429,2.25,0.0,0.0,5.514e-07,0.01017,0.000405
2.1.北马其顿,北马其顿 新增UV,1.25,1.0,1.5,1.0,1.5,1.2,1.75,1.5,0.25,25.0,6.703e-07,0.012362,0.000492
2.1.北马里亚纳群岛,北马里亚纳群岛 新增UV,0.0,0.0,0.0,0.0,0.0,1.0,0.0,0.0,0.0,,,,
2.1.南苏丹,南苏丹 新增UV,8.142857,7.285714,6.857143,6.142857,6.142857,6.857143,8.0,6.857143,0.857143,11.764706,7.6112e-06,0.140376,0.00559
2.1.南非,南非 新增UV,10.428571,20.142857,4.0,3.142857,2.857143,2.857143,3.714286,4.0,-9.714286,-48.22695,-1.90108e-05,-0.350623,-0.013962
2.1.博茨瓦纳,博茨瓦纳 新增UV,0.0,1.0,1.0,0.0,0.0,0.0,1.0,1.0,-1.0,-100.0,,,
2.1.卡塔尔,卡塔尔 新增UV,1.25,1.4,2.166667,2.0,1.0,2.0,2.0,2.5,-0.15,-10.714286,-3.183e-07,-0.005871,-0.000234
2.1.卢旺达,卢旺达 新增UV,1.0,1.0,1.0,0.0,1.0,1.0,0.0,0.0,0.0,0.0,-5.881e-07,-0.010846,-0.000432
2.1.卢森堡,卢森堡 新增UV,1.5,1.0,1.333333,1.0,1.0,1.0,1.333333,1.0,0.5,50.0,-2.2712e-06,-0.041889,-0.001668
2.1.印度,印度 新增UV,27.285714,30.142857,26.714286,24.0,20.285714,23.714286,24.714286,21.714286,-2.857143,-9.478673,4.3625e-06,0.08046,0.003204
2.1.印度尼西亚,印度尼西亚 新增UV,9.571429,11.0,6.285714,6.857143,5.285714,5.857143,4.571429,5.285714,-1.428571,-12.987013,1.596e-07,0.002943,0.000117
2.1.危地马拉,危地马拉 新增UV,3.714286,2.833333,3.0,3.857143,3.0,3.5,2.333333,2.857143,0.880952,31.092437,-3.3234e-06,-0.061295,-0.002441
2.1.厄瓜多尔,厄瓜多尔 新增UV,2.428571,3.857143,5.285714,4.166667,2.571429,4.0,4.428571,6.0,-1.428571,-37.037037,3.455e-07,0.006372,0.000254
2.1.叙利亚,叙利亚 新增UV,5.142857,5.857143,4.142857,3.142857,6.0,6.571429,2.428571,2.571429,-0.714286,-12.195122,2.08e-08,0.000384,1.5e-05
2.1.古巴,古巴 新增UV,1.0,1.0,1.166667,1.0,1.5,1.6,1.5,1.0,0.0,0.0,-5.881e-07,-0.010846,-0.000432
2.1.吉尔吉斯斯坦,吉尔吉斯斯坦 新增UV,2.428571,2.571429,2.666667,1.2,2.666667,2.142857,2.428571,1.5,-0.142857,-5.555556,-1.0313e-06,-0.01902,-0.000757
2.1.吉布提,吉布提 新增UV,0.0,0.0,0.0,0.0,0.0,1.0,1.0,0.0,0.0,,,,
2.1.哈萨克斯坦,哈萨克斯坦 新增UV,9.428571,9.714286,7.714286,6.714286,8.428571,6.857143,9.0,7.571429,-0.285714,-2.941176,7.1e-09,0.000131,5e-06
2.1.哥伦比亚,哥伦比亚 新增UV,13.0,15.428571,14.0,13.428571,13.0,13.142857,14.857143,18.285714,-2.428571,-15.740741,-1.007e-07,-0.001858,-7.4e-05
2.1.哥斯达黎加,哥斯达黎加 新增UV,2.0,3.0,4.0,3.25,1.25,1.857143,1.833333,1.285714,-1.0,-33.333333,-2.32e-06,-0.042789,-0.001704
2.1.喀麦隆,喀麦隆 新增UV,1.0,1.666667,1.25,1.666667,1.666667,1.25,1.0,2.0,-0.666667,-40.0,-3.3779e-06,-0.062299,-0.002481
2.1.图瓦卢,图瓦卢 新增UV,0.0,0.0,0.0,0.0,0.0,0.0,0.0,0.0,0.0,,,,
2.1.土库曼斯坦,土库曼斯坦 新增UV,0.0,0.0,0.0,0.0,2.0,2.0,1.0,0.0,0.0,,,,
2.1.土耳其,土耳其 新增UV,1527.285714,1963.142857,1290.857143,1466.285714,2095.714286,2106.857143,1655.714286,1199.571429,-435.857143,-22.202008,7.96523e-05,1.469057,0.058497
2.1.圣卢西亚,圣卢西亚 新增UV,0.0,1.0,0.0,0.0,0.0,1.0,0.0,0.0,-1.0,-100.0,,,
2.1.圣基茨和尼维斯,圣基茨和尼维斯 新增UV,0.0,0.0,0.0,0.0,0.0,1.0,0.0,0.0,0.0,,,,
2.1.圣多美和普林西比,圣多美和普林西比 新增UV,1.0,0.0,0.0,0.0,0.0,0.0,0.0,0.0,1.0,,,,
2.1.圣巴泰勒米岛,圣巴泰勒米岛 新增UV,0.0,0.0,0.0,0.0,0.0,0.0,0.0,0.0,0.0,,,,
2.1.圣文森特和格林纳丁斯,圣文森特和格林纳丁斯 新增UV,1.0,0.0,1.0,0.0,0.0,0.0,0.0,0.0,1.0,,,,
2.1.圣皮埃尔和密克隆群岛,圣皮埃尔和密克隆群岛 新增UV,0.0,0.0,0.0,0.0,0.0,0.0,0.0,0.0,0.0,,,,
2.1.圣马力诺,圣马力诺 新增UV,0.0,0.0,0.0,0.0,0.0,0.0,1.0,0.0,0.0,,,,
2.1.圭亚那,圭亚那 新增UV,1.2,1.0,1.0,1.5,2.0,1.2,1.0,1.5,0.2,20.0,-1.2613e-06,-0.023263,-0.000926
2.1.坦桑尼亚,坦桑尼亚 新增UV,2.0,1.6,3.5,1.6,1.666667,2.0,1.0,1.25,0.4,25.0,-2.2874e-06,-0.042188,-0.00168
2.1.埃及,埃及 新增UV,5.857143,4.333333,7.0,7.571429,6.571429,8.285714,11.571429,5.714286,1.52381,35.164835,8.8261e-06,0.162782,0.006482
2.1.埃塞俄比亚,埃塞俄比亚 新增UV,1.333333,2.333333,1.25,1.25,1.6,1.666667,2.333333,1.4,-1.0,-42.857143,-1.6673e-06,-0.03075,-0.001224
2.1.基里巴斯,基里巴斯 新增UV,0.0,0.0,0.0,0.0,0.0,0.0,1.0,0.0,0.0,,,,
2.1.塔吉克斯坦,塔吉克斯坦 新增UV,1.0,1.0,1.0,1.5,1.0,1.75,1.25,1.5,0.0,0.0,4.917e-07,0.009068,0.000361
2.1.塞内加尔,塞内加尔 新增UV,1.0,1.0,1.0,1.0,1.666667,1.714286,2.0,1.5,0.0,0.0,-5.881e-07,-0.010846,-0.000432
2.1.塞尔维亚,塞尔维亚 新增UV,2.571429,3.0,3.571429,3.714286,4.0,4.333333,3.0,5.166667,-0.428571,-14.285714,-1.903e-07,-0.00351,-0.00014
2.1.塞拉利昂,塞拉利昂 新增UV,1.333333,0.0,0.0,1.0,0.0,1.0,1.0,1.0,1.333333,,,,
2.1.塞浦路斯,塞浦路斯 新增UV,1.714286,2.0,2.0,1.75,1.5,2.4,2.166667,2.5,-0.285714,-14.285714,4.8e-08,0.000886,3.5e-05
2.1.塞舌尔,塞舌尔 新增UV,1.0,1.0,1.0,1.0,0.0,1.0,1.0,0.0,0.0,0.0,-5.881e-07,-0.010846,-0.000432
2.1.墨西哥,墨西哥 新增UV,1742.714286,1303.142857,882.428571,1076.428571,985.714286,798.142857,520.714286,401.285714,439.571429,33.731638,-0.0008154339,-15.039357,-0.598859
2.1.多哥,多哥 新增UV,0.0,1.0,1.0,1.5,2.0,1.333333,1.0,1.5,-1.0,-100.0,,,
2.1.多米尼克,多米尼克 新增UV,0.0,1.0,0.0,0.0,0.0,0.0,0.0,0.0,-1.0,-100.0,,,
2.1.多米尼加,多米尼加 新增UV,4.0,2.857143,3.571429,2.333333,2.0,2.833333,2.285714,2.571429,1.142857,40.0,4.6213e-06,0.085232,0.003394
2.1.奥兰群岛,奥兰群岛 新增UV,0.0,0.0,0.0,0.0,0.0,0.0,0.0,0.0,0.0,,,,
2.1.奥地利,奥地利 新增UV,4.285714,3.571429,3.0,3.428571,3.428571,4.0,4.857143,5.428571,0.714286,20.0,1.0093e-06,0.018614,0.000741
2.1.委内瑞拉,委内瑞拉 新增UV,5.714286,3.571429,6.142857,5.857143,6.857143,6.714286,6.142857,8.714286,2.142857,60.0,-9.3138e-06,-0.171778,-0.00684
2.1.孟加拉,孟加拉 新增UV,17.0,18.0,18.428571,21.428571,18.0,26.714286,30.285714,25.428571,-1.0,-5.555556,2.1371e-06,0.039416,0.00157
2.1.安哥拉,安哥拉 新增UV,1.0,1.0,1.0,1.0,0.0,1.0,1.0,1.0,0.0,0.0,-5.881e-07,-0.010846,-0.000432
2.1.安圭拉,安圭拉 新增UV,0.0,0.0,1.0,1.0,0.0,1.0,0.0,0.0,0.0,,,,
2.1.安提瓜和巴布达,安提瓜和巴布达 新增UV,2.0,0.0,1.0,1.0,1.0,0.0,1.0,0.0,2.0,,,,
2.1.安道尔,安道尔 新增UV,1.0,1.0,1.0,0.0,1.0,1.0,1.0,0.0,0.0,0.0,-5.881e-07,-0.010846,-0.000432
2.1.密克罗尼西亚联邦,密克罗尼西亚联邦 新增UV,0.0,0.0,0.0,0.0,0.0,0.0,0.0,0.0,0.0,,,,
2.1.尼加拉瓜,尼加拉瓜 新增UV,1.166667,1.166667,1.666667,1.5,1.142857,1.75,1.4,1.333333,0.0,0.0,-6.861e-07,-0.012654,-0.000504
2.1.尼日利亚,尼日利亚 新增UV,22.571429,23.714286,27.857143,23.428571,20.571429,24.714286,17.857143,21.428571,-1.142857,-4.819277,7.2693e-06,0.13407,0.005339
2.1.尼日尔,尼日尔 新增UV,0.0,0.0,1.0,1.0,1.0,0.0,1.0,0.0,0.0,,,,
2.1.尼泊尔,尼泊尔 新增UV,1.833333,1.4,2.0,2.166667,2.8,2.6,3.285714,4.142857,0.433333,30.952381,7.652e-07,0.014113,0.000562
2.1.巴勒斯坦,巴勒斯坦 新增UV,2.25,1.333333,1.5,1.25,1.666667,1.6,1.5,1.0,0.916667,68.75,-7.12e-07,-0.013131,-0.000523
2.1.巴哈马,巴哈马 新增UV,1.0,1.5,2.0,1.5,1.333333,1.0,1.25,2.0,-0.5,-33.333333,8.011e-07,0.014774,0.000588
2.1.巴基斯坦,巴基斯坦 新增UV,7.428571,6.142857,7.0,7.714286,5.285714,7.285714,11.0,10.714286,1.285714,20.930233,3.2743e-06,0.06039,0.002405
2.1.巴巴多斯,巴巴多斯 新增UV,2.0,1.0,1.0,1.0,0.0,1.5,1.0,1.0,1.0,100.0,-3.9544e-06,-0.072932,-0.002904
2.1.巴布亚新几内亚,巴布亚新几内亚 新增UV,0.0,1.0,0.0,1.0,1.0,0.0,0.0,1.0,-1.0,-100.0,,,
2.1.巴拉圭,巴拉圭 新增UV,1.4,3.833333,2.5,2.571429,2.0,2.142857,1.8,2.428571,-2.433333,-63.478261,-2.92e-07,-0.005385,-0.000214
2.1.巴拿马,巴拿马 新增UV,2.75,1.0,2.142857,2.25,2.0,2.0,2.0,1.8,1.75,175.0,-2.1533e-06,-0.039714,-0.001581
2.1.巴林,巴林 新增UV,1.0,1.0,2.0,1.0,1.0,0.0,1.333333,1.0,0.0,0.0,-5.881e-07,-0.010846,-0.000432
2.1.巴西,巴西 新增UV,5288.428571,8650.857143,8663.571429,9044.857143,8907.571429,9484.428571,9784.428571,10793.142857,-3362.428571,-38.868155,0.0018563893,34.238091,1.363343
2.1.布基纳法索,布基纳法索 新增UV,1.25,1.5,1.0,1.75,1.2,1.0,1.0,1.0,-0.25,-16.666667,7.85e-08,0.001448,5.8e-05
2.1.布隆迪,布隆迪 新增UV,1.0,1.0,0.0,1.0,1.0,0.0,1.0,1.0,0.0,0.0,3.7308e-06,0.068809,0.00274
2.1.希腊,希腊 新增UV,10.428571,9.428571,8.571429,9.714286,9.571429,9.285714,6.285714,6.571429,1.0,10.606061,9.019e-06,0.166341,0.006624
2.1.帕劳,帕劳 新增UV,0.0,0.0,0.0,0.0,0.0,0.0,0.0,0.0,0.0,,,,
2.1.库克群岛,库克群岛 新增UV,0.0,0.0,0.0,0.0,0.0,0.0,0.0,0.0,0.0,,,,
2.1.库拉索,库拉索 新增UV,0.0,0.0,1.0,1.5,0.0,1.0,1.0,0.0,0.0,,,,
2.1.开曼群岛,开曼群岛 新增UV,1.0,1.0,1.0,1.0,0.0,0.0,1.0,0.0,0.0,0.0,-5.881e-07,-0.010846,-0.000432
2.1.德国,德国 新增UV,282.714286,462.571429,294.571429,295.428571,273.857143,269.571429,214.857143,179.285714,-179.857143,-38.882026,7.9979e-06,0.147509,0.005874
2.1.意大利,意大利 新增UV,14.0,18.571429,17.428571,12.714286,13.428571,16.571429,15.571429,12.428571,-4.571429,-24.615385,-2.8983e-06,-0.053454,-0.002129
2.1.所罗门群岛,所罗门群岛 新增UV,0.0,0.0,0.0,0.0,0.0,0.0,0.0,0.0,0.0,,,,
2.1.拉脱维亚,拉脱维亚 新增UV,4.714286,2.857143,3.857143,2.5,3.0,3.285714,3.285714,2.333333,1.857143,65.0,4.425e-06,0.081612,0.00325
2.1.挪威,挪威 新增UV,3.2,3.714286,3.0,1.833333,2.0,2.428571,2.571429,3.428571,-0.514286,-13.846154,-4.53e-07,-0.008355,-0.000333
2.1.捷克,捷克 新增UV,2.4,3.142857,3.571429,2.333333,5.142857,3.428571,2.714286,3.166667,-0.742857,-23.636364,-1.462e-07,-0.002696,-0.000107
2.1.摩尔多瓦,摩尔多瓦 新增UV,2.666667,2.142857,2.6,1.5,1.428571,3.0,1.666667,2.714286,0.52381,24.444444,-1.6356e-06,-0.030167,-0.001201
2.1.摩洛哥,摩洛哥 新增UV,2.714286,3.0,2.0,4.5,2.166667,2.6,2.0,3.142857,-0.285714,-9.52381,7.484e-07,0.013803,0.00055
2.1.摩纳哥,摩纳哥 新增UV,0.0,0.0,0.0,0.0,1.0,0.0,0.0,0.0,0.0,,,,
2.1.文莱,文莱 新增UV,1.0,0.0,1.0,1.0,1.5,1.0,1.0,1.0,1.0,,,,
2.1.斐济,斐济 新增UV,1.0,1.0,1.0,1.0,1.0,1.0,1.0,1.0,0.0,0.0,3.7308e-06,0.068809,0.00274
2.1.斯威士兰,斯威士兰 新增UV,0.0,0.0,0.0,0.0,0.0,0.0,1.0,0.0,0.0,,,,
2.1.斯洛伐克,斯洛伐克 新增UV,1.666667,1.0,3.0,1.5,2.0,1.833333,1.75,1.6,0.666667,66.666667,1.3279e-06,0.024491,0.000975
2.1.斯洛文尼亚,斯洛文尼亚 新增UV,1.25,0.0,1.0,1.333333,3.0,1.0,1.0,1.0,1.25,,,,
2.1.斯里兰卡,斯里兰卡 新增UV,3.0,1.5,1.0,1.0,1.666667,1.333333,2.0,1.714286,1.5,100.0,-5.9316e-06,-0.109399,-0.004356
2.1.新加坡,新加坡 新增UV,2.0,3.142857,2.857143,2.857143,2.333333,3.142857,3.333333,3.0,-1.142857,-36.363636,1.999e-06,0.036869,0.001468
2.1.新喀里多尼亚,新喀里多尼亚 新增UV,0.0,0.0,0.0,0.0,1.0,0.0,0.0,0.0,0.0,,,,
2.1.新西兰,新西兰 新增UV,2.0,1.666667,1.75,2.0,1.25,1.285714,1.666667,2.142857,0.333333,20.0,-8.156e-07,-0.015043,-0.000599
2.1.日本,日本 新增UV,2.833333,2.857143,17.857143,9.142857,3.285714,3.285714,4.142857,4.0,-0.02381,-0.833333,-2.176e-07,-0.004013,-0.00016
2.1.智利,智利 新增UV,8.0,13.428571,9.714286,7.0,5.0,4.714286,8.0,8.714286,-5.428571,-40.425532,8.506e-07,0.015689,0.000625
2.1.柬埔寨,柬埔寨 新增UV,1.0,1.0,1.0,1.333333,1.666667,1.0,1.0,0.0,0.0,0.0,3.7308e-06,0.068809,0.00274
2.1.根西岛,根西岛 新增UV,0.0,0.0,0.0,1.0,0.0,0.0,1.0,0.0,0.0,,,,
2.1.格林纳达,格林纳达 新增UV,1.0,1.0,1.0,0.0,1.0,0.0,0.0,0.0,0.0,0.0,-5.881e-07,-0.010846,-0.000432
2.1.格陵兰,格陵兰 新增UV,0.0,0.0,0.0,0.0,0.0,0.0,0.0,0.0,0.0,,,,
2.1.格鲁吉亚,格鲁吉亚 新增UV,3.0,3.5,2.285714,2.285714,3.285714,3.285714,2.166667,2.428571,-0.5,-14.285714,1.496e-07,0.002759,0.00011
2.1.比利时,比利时 新增UV,2.166667,3.285714,3.5,3.142857,3.166667,2.666667,3.571429,3.142857,-1.119048,-34.057971,-1.2749e-06,-0.023514,-0.000936
2.1.毛里塔尼亚,毛里塔尼亚 新增UV,0.0,1.0,1.0,0.0,1.0,1.0,1.0,1.0,-1.0,-100.0,,,
2.1.毛里求斯,毛里求斯 新增UV,1.0,1.5,0.0,1.0,1.0,1.0,1.0,1.0,-0.5,-33.333333,8.011e-07,0.014774,0.000588
2.1.汤加,汤加 新增UV,0.0,0.0,1.0,0.0,1.0,0.0,0.0,0.0,0.0,,,,
2.1.沙特阿拉伯,沙特阿拉伯 新增UV,3.428571,1.8,3.333333,2.714286,3.142857,4.285714,6.333333,4.714286,1.628571,90.47619,1.4654e-06,0.027028,0.001076
2.1.法国,法国 新增UV,31.0,35.428571,47.857143,58.571429,62.428571,66.571429,48.857143,36.857143,-4.428571,-12.5,-9.12e-07,-0.01682,-0.00067
2.1.法属圣马丁,法属圣马丁 新增UV,1.0,0.0,0.0,0.0,1.0,0.0,1.0,0.0,1.0,,,,
2.1.法属圭亚那,法属圭亚那 新增UV,0.0,1.0,0.0,1.0,1.0,1.333333,1.0,1.0,-1.0,-100.0,,,
2.1.法属波利尼西亚,法属波利尼西亚 新增UV,1.0,0.0,1.0,0.0,0.0,1.0,0.0,0.0,1.0,,,,
2.1.法罗群岛,法罗群岛 新增UV,0.0,0.0,0.0,0.0,0.0,1.0,0.0,0.0,0.0,,,,
2.1.波兰,波兰 新增UV,11.0,10.571429,9.857143,6.571429,8.142857,9.857143,9.714286,8.285714,0.428571,4.054054,1.8378e-06,0.033895,0.00135
2.1.波多黎各,波多黎各 新增UV,1.8,3.0,2.571429,2.857143,2.166667,3.142857,2.428571,3.75,-1.2,-40.0,-1.4382e-06,-0.026525,-0.001056
2.1.波黑,波黑 新增UV,1.4,1.4,1.5,1.5,1.333333,1.333333,1.5,2.0,0.0,0.0,4.05e-08,0.000747,3e-05
2.1.泰国,泰国 新增UV,1.6,2.666667,2.166667,1.5,1.428571,1.833333,2.2,3.142857,-1.066667,-40.0,1.658e-07,0.003058,0.000122
2.1.泽西岛,泽西岛 新增UV,0.0,0.0,1.0,0.0,0.0,0.0,1.0,0.0,0.0,,,,
2.1.津巴布韦,津巴布韦 新增UV,0.0,1.0,2.0,1.0,1.0,1.0,1.0,1.0,-1.0,-100.0,,,
2.1.洪都拉斯,洪都拉斯 新增UV,3.333333,2.333333,1.833333,1.6,2.2,1.25,2.0,2.166667,1.0,42.857143,2.2216e-06,0.040974,0.001632
2.1.海地,海地 新增UV,2.2,1.666667,2.0,2.2,1.0,1.25,1.0,1.333333,0.533333,32.0,-9.224e-07,-0.017012,-0.000677
2.1.澳大利亚,澳大利亚 新增UV,96.857143,123.0,165.0,170.857143,277.857143,335.714286,80.142857,76.714286,-26.142857,-21.254355,3.6192e-06,0.06675,0.002658
2.1.爱尔兰,爱尔兰 新增UV,2.571429,3.0,3.285714,4.857143,3.0,3.666667,3.666667,3.428571,-0.428571,-14.285714,7.2e-08,0.001328,5.3e-05
2.1.爱沙尼亚,爱沙尼亚 新增UV,2.0,2.285714,2.6,2.0,1.4,1.833333,1.6,1.833333,-0.285714,-12.5,8.57e-08,0.00158,6.3e-05
2.1.牙买加,牙买加 新增UV,3.166667,1.6,2.0,1.25,1.333333,1.333333,1.6,1.0,1.566667,97.916667,-1.4103e-06,-0.02601,-0.001036
2.1.特克斯和凯科斯群岛,特克斯和凯科斯群岛 新增UV,1.5,1.5,1.0,1.0,0.0,1.0,0.0,1.0,0.0,0.0,-8.821e-07,-0.016269,-0.000648
2.1.特立尼达和多巴哥,特立尼达和多巴哥 新增UV,1.333333,1.0,1.75,1.0,1.0,2.0,1.5,1.0,0.333333,33.333333,1.4298e-06,0.026371,0.00105
2.1.玻利维亚,玻利维亚 新增UV,2.4,2.571429,2.714286,2.428571,3.428571,4.333333,3.4,3.0,-0.171429,-6.666667,-3.628e-07,-0.006691,-0.000266
2.1.瑙鲁,瑙鲁 新增UV,0.0,0.0,0.0,0.0,0.0,0.0,0.0,0.0,0.0,,,,
2.1.瑞典,瑞典 新增UV,6.285714,12.571429,15.714286,15.0,5.142857,4.285714,4.285714,3.166667,-6.285714,-50.0,-4.6163e-06,-0.08514,-0.00339
2.1.瑞士,瑞士 新增UV,4.142857,6.571429,5.571429,5.428571,4.285714,4.857143,3.428571,5.714286,-2.428571,-36.956522,2.1274e-06,0.039237,0.001562
2.1.瓜德罗普,瓜德罗普 新增UV,0.0,0.0,0.0,0.0,1.0,0.0,0.0,1.0,0.0,,,,
2.1.瓦利斯和富图纳群岛,瓦利斯和富图纳群岛 新增UV,0.0,0.0,0.0,0.0,0.0,0.0,0.0,0.0,0.0,,,,
2.1.瓦努阿图,瓦努阿图 新增UV,0.0,1.0,0.0,0.0,0.0,0.0,0.0,1.0,-1.0,-100.0,,,
2.1.留尼汪岛,留尼汪岛 新增UV,1.0,1.0,0.0,1.0,1.5,1.0,2.0,0.0,0.0,0.0,-5.881e-07,-0.010846,-0.000432
2.1.白俄罗斯,白俄罗斯 新增UV,17.857143,17.428571,14.285714,12.714286,16.857143,13.571429,16.857143,18.571429,0.428571,2.459016,-4.1355e-06,-0.076272,-0.003037
2.1.百慕大,百慕大 新增UV,0.0,0.0,0.0,1.0,0.0,0.0,0.0,1.0,0.0,,,,
2.1.直布罗陀,直布罗陀 新增UV,1.0,0.0,1.0,1.0,1.0,0.0,1.0,0.0,1.0,,,,
2.1.福克兰群岛,福克兰群岛 新增UV,0.0,0.0,0.0,0.0,0.0,0.0,0.0,0.0,0.0,,,,
2.1.科威特,科威特 新增UV,1.0,1.6,1.0,1.6,2.0,1.75,1.25,1.75,-0.6,-37.5,1.0789e-06,0.019899,0.000792
2.1.科摩罗,科摩罗 新增UV,0.0,0.0,0.0,0.0,0.0,0.0,0.0,0.0,0.0,,,,
2.1.科特迪瓦,科特迪瓦 新增UV,1.25,1.0,2.0,1.4,1.333333,1.0,1.333333,1.0,0.25,25.0,-1.4296e-06,-0.026368,-0.00105
2.1.科索沃,科索沃 新增UV,1.0,1.5,1.5,1.0,0.0,2.0,1.0,1.0,-0.5,-33.333333,8.011e-07,0.014774,0.000588
2.1.秘鲁,秘鲁 新增UV,9.0,9.0,9.571429,10.142857,10.0,8.428571,9.857143,12.142857,0.0,0.0,-2.2077e-06,-0.040717,-0.001621
2.1.突尼斯,突尼斯 新增UV,1.8,1.714286,1.666667,2.0,2.166667,2.5,2.25,1.0,0.085714,5.0,-2.385e-07,-0.0044,-0.000175
2.1.立陶宛,立陶宛 新增UV,2.8,2.166667,2.285714,1.333333,1.571429,1.5,1.833333,1.4,0.633333,29.230769,1.675e-07,0.003089,0.000123
2.1.索马里,索马里 新增UV,1.0,1.0,1.0,1.333333,1.6,1.5,1.333333,1.5,0.0,0.0,-5.881e-07,-0.010846,-0.000432
2.1.约旦,约旦 新增UV,1.8,1.285714,1.833333,2.75,1.857143,2.142857,3.0,3.285714,0.514286,40.0,-4.576e-07,-0.00844,-0.000336
2.1.纳米比亚,纳米比亚 新增UV,0.0,0.0,0.0,0.0,0.0,0.0,1.0,0.0,0.0,,,,
2.1.缅甸,缅甸 新增UV,3.2,3.333333,1.333333,1.6,2.285714,4.857143,2.0,1.4,-0.133333,-4.0,-8.176e-07,-0.01508,-0.0006
2.1.罗马尼亚,罗马尼亚 新增UV,4.0,3.714286,2.666667,4.714286,4.6,2.857143,3.142857,4.428571,0.285714,7.692308,9.799e-07,0.018073,0.00072
2.1.美国,美国 新增UV,2120.142857,2352.571429,2607.428571,3067.285714,3266.571429,4213.142857,4276.857143,2819.428571,-232.428571,-9.879767,-1.36132e-05,-0.251073,-0.009998
2.1.美属维尔京群岛,美属维尔京群岛 新增UV,1.0,0.0,0.0,1.0,1.0,1.0,0.0,0.0,1.0,,,,
2.1.老挝,老挝 新增UV,1.0,1.0,0.0,1.0,0.0,1.0,1.0,1.0,0.0,0.0,-5.881e-07,-0.010846,-0.000432
2.1.肯尼亚,肯尼亚 新增UV,2.0,1.714286,1.6,1.0,2.333333,2.714286,1.8,3.4,0.285714,16.666667,4.413e-07,0.00814,0.000324
2.1.芬兰,芬兰 新增UV,9.428571,9.0,6.714286,6.428571,4.714286,3.714286,5.571429,3.666667,0.428571,4.761905,1.509e-06,0.027831,0.001108
2.1.苏丹,苏丹 新增UV,1.0,2.0,1.0,1.0,0.0,1.0,1.0,1.0,-1.0,-50.0,2.1902e-06,0.040395,0.001609
2.1.苏里南,苏里南 新增UV,1.0,0.0,1.0,1.0,1.0,0.0,1.0,1.0,1.0,,,,
2.1.英国,英国 新增UV,756.0,805.428571,887.428571,764.0,467.285714,532.428571,517.428571,281.428571,-49.428571,-6.136928,1.038e-06,0.019144,0.000762
2.1.英属维尔京群岛,英属维尔京群岛 新增UV,1.0,1.0,1.0,0.0,0.0,0.0,1.0,1.0,0.0,0.0,3.7308e-06,0.068809,0.00274
2.1.荷兰,荷兰 新增UV,24.571429,22.142857,20.571429,23.285714,18.571429,17.0,16.142857,15.142857,2.428571,10.967742,5.0507e-06,0.093152,0.003709
2.1.荷兰加勒比,荷兰加勒比 新增UV,1.0,0.0,0.0,0.0,1.0,0.0,0.0,0.0,1.0,,,,
2.1.荷属圣马丁,荷属圣马丁 新增UV,1.0,0.0,1.0,0.0,1.0,1.0,1.0,0.0,1.0,,,,
2.1.荷属安的列斯,荷属安的列斯 新增UV,0.0,0.0,0.0,0.0,0.0,0.0,0.0,0.0,0.0,,,,
2.1.莫桑比克,莫桑比克 新增UV,0.0,1.0,1.0,1.0,2.0,1.0,1.0,1.333333,-1.0,-100.0,,,
2.1.莱索托,莱索托 新增UV,1.0,0.0,0.0,0.0,0.0,0.0,0.0,0.0,1.0,,,,
2.1.菲律宾,菲律宾 新增UV,6.0,7.428571,6.428571,8.571429,8.285714,8.0,9.428571,13.0,-1.428571,-19.230769,-8.8e-09,-0.000163,-6e-06
2.1.萨尔瓦多,萨尔瓦多 新增UV,1.833333,2.0,2.166667,2.5,1.666667,1.285714,2.2,3.166667,-0.166667,-8.333333,-2.044e-07,-0.00377,-0.00015
2.1.萨摩亚,萨摩亚 新增UV,0.0,0.0,0.0,0.0,0.0,1.0,0.0,1.0,0.0,,,,
2.1.葡萄牙,葡萄牙 新增UV,9.0,8.428571,11.714286,9.571429,8.857143,10.142857,8.142857,7.428571,0.571429,6.779661,-4.637e-07,-0.008552,-0.000341
2.1.蒙古,蒙古 新增UV,1.0,1.0,0.0,1.0,1.0,1.0,1.0,2.0,0.0,0.0,-5.881e-07,-0.010846,-0.000432
2.1.西班牙,西班牙 新增UV,210.142857,72.285714,120.428571,143.714286,124.857143,122.285714,101.285714,84.428571,137.857143,190.711462,2.20214e-05,0.406149,0.016173
2.1.贝宁,贝宁 新增UV,1.0,1.0,1.0,1.5,1.5,1.0,1.0,0.0,0.0,0.0,-5.881e-07,-0.010846,-0.000432
2.1.赞比亚,赞比亚 新增UV,1.0,1.333333,2.0,1.0,2.0,1.0,1.0,1.0,-0.333333,-25.0,-9.032e-07,-0.016659,-0.000663
2.1.赤道几内亚,赤道几内亚 新增UV,0.0,0.0,0.0,0.0,0.0,0.0,0.0,0.0,0.0,,,,
2.1.越南,越南 新增UV,2.571429,2.666667,2.5,1.75,1.666667,2.142857,2.428571,3.571429,-0.095238,-3.571429,-2.295e-07,-0.004233,-0.000169
2.1.阿塞拜疆,阿塞拜疆 新增UV,2.142857,5.714286,2.333333,2.75,4.0,3.0,2.0,2.166667,-3.571429,-62.5,-4.0613e-06,-0.074904,-0.002983
2.1.阿富汗,阿富汗 新增UV,1.0,1.5,1.0,1.333333,1.166667,2.0,1.285714,1.666667,-0.5,-33.333333,8.011e-07,0.014774,0.000588
2.1.阿尔及利亚,阿尔及利亚 新增UV,2.0,1.571429,3.8,2.8,2.142857,2.2,3.428571,2.25,0.428571,27.272727,1.9788e-06,0.036496,0.001453
2.1.阿尔巴尼亚,阿尔巴尼亚 新增UV,3.714286,3.142857,2.833333,2.142857,2.0,4.0,2.142857,1.833333,0.571429,18.181818,1.5553e-06,0.028686,0.001142
2.1.阿曼,阿曼 新增UV,1.0,1.0,1.666667,1.0,1.333333,1.0,1.0,1.666667,0.0,0.0,1.5714e-06,0.028982,0.001154
2.1.阿根廷,阿根廷 新增UV,8.857143,7.857143,12.285714,11.571429,10.714286,11.857143,11.857143,13.857143,1.0,12.727273,-2.3103e-06,-0.04261,-0.001697
2.1.阿联酋,阿联酋 新增UV,3.142857,2.8,3.571429,4.714286,4.571429,5.428571,5.571429,3.0,0.342857,12.244898,1.8741e-06,0.034565,0.001376
2.1.阿鲁巴,阿鲁巴 新增UV,1.0,1.5,1.0,1.0,2.333333,1.5,1.0,1.0,-0.5,-33.333333,-2.1406e-06,-0.039479,-0.001572
2.1.韩国,韩国 新增UV,1.0,2.166667,1.25,1.833333,1.4,2.8,1.857143,1.857143,-1.166667,-53.846154,2.6533e-06,0.048935,0.001949
2.1.马尔代夫,马尔代夫 新增UV,1.0,1.0,0.0,1.5,2.0,1.0,1.0,1.0,0.0,0.0,-5.881e-07,-0.010846,-0.000432
2.1.马恩岛,马恩岛 新增UV,0.0,1.0,0.0,1.0,0.0,0.0,1.0,1.0,-1.0,-100.0,,,
2.1.马拉维,马拉维 新增UV,1.0,0.0,0.0,1.5,1.0,1.0,1.0,0.0,1.0,,,,
2.1.马提尼克岛,马提尼克岛 新增UV,0.0,0.0,0.0,0.0,0.0,1.0,0.0,1.0,0.0,,,,
2.1.马来西亚,马来西亚 新增UV,2.6,1.428571,2.2,2.428571,1.857143,2.4,3.285714,3.714286,1.171429,82.0,-4.7835e-06,-0.088224,-0.003513
2.1.马约特,马约特 新增UV,0.0,0.0,0.0,0.0,0.0,0.0,0.0,0.0,0.0,,,,
2.1.马绍尔群岛,马绍尔群岛 新增UV,1.0,0.0,0.0,0.0,0.0,0.0,0.0,0.0,1.0,,,,
2.1.马耳他,马耳他 新增UV,1.0,1.75,1.5,1.0,1.25,2.2,1.0,2.0,-0.75,-42.857143,-9.4887e-06,-0.175004,-0.006969
2.1.马达加斯加,马达加斯加 新增UV,1.0,1.0,1.0,1.0,1.0,2.0,1.5,0.0,0.0,0.0,-5.881e-07,-0.010846,-0.000432
2.1.马里,马里 新增UV,1.0,1.0,1.666667,1.0,2.8,1.5,0.0,1.0,0.0,0.0,-5.881e-07,-0.010846,-0.000432
2.1.黎巴嫩,黎巴嫩 新增UV,2.333333,2.4,1.333333,1.0,1.6,2.166667,2.0,3.2,-0.066667,-2.777778,1.3037e-06,0.024044,0.000957
2.1.黑山,黑山 新增UV,1.428571,1.4,1.333333,1.0,1.0,1.666667,1.2,1.25,0.028571,2.040816,4.311e-07,0.007951,0.000317
2.2,自然 新增UV,26679.285714,29911.714286,25994.0,25109.857143,26925.142857,26974.0,29060.285714,25544.0,-3232.428571,-10.806564,0.0011753737,21.677863,0.863201
2.2.unknow,unknow 新增UV,2.333333,1.5,1.8,1.666667,5.285714,2.8,3.2,2.0,0.833333,55.555556,-1.753e-06,-0.032331,-0.001287
2.2.不丹,不丹 新增UV,1.5,1.25,1.0,1.5,1.0,1.0,1.0,1.0,0.25,20.0,-1.5767e-06,-0.029079,-0.001158
2.2.东帝汶,东帝汶 新增UV,1.0,1.0,0.0,1.0,1.5,1.0,1.0,1.0,0.0,0.0,-5.881e-07,-0.010846,-0.000432
2.2.中国,中国 新增UV,42.0,46.285714,65.857143,67.857143,60.142857,57.571429,55.428571,52.714286,-4.285714,-9.259259,2.8659e-06,0.052857,0.002105
2.2.中国台湾,中国台湾 新增UV,8.857143,10.714286,12.857143,9.285714,10.714286,9.428571,9.571429,12.571429,-1.857143,-17.333333,-2.6e-09,-4.7e-05,-2e-06
2.2.中国澳门,中国澳门 新增UV,1.6,1.0,1.5,1.0,1.0,1.2,2.0,1.6,0.6,60.0,4.5744e-06,0.084368,0.003359
2.2.中国香港,中国香港 新增UV,126.714286,240.714286,104.142857,56.714286,57.142857,57.571429,42.0,42.571429,-114.0,-47.35905,-8.86904e-05,-1.635751,-0.065135
2.2.中非,中非 新增UV,1.0,1.8,1.5,1.6,1.0,1.5,2.0,1.333333,-0.8,-44.444444,1.6346e-06,0.030147,0.0012
2.2.丹麦,丹麦 新增UV,39.0,35.285714,42.142857,38.285714,41.285714,49.428571,41.714286,32.142857,3.714286,10.526316,1.05813e-05,0.195154,0.007771
2.2.乌克兰,乌克兰 新增UV,449.571429,449.571429,609.428571,316.285714,433.428571,331.857143,762.428571,783.428571,0.0,0.0,0.0001033463,1.906055,0.075898
2.2.乌兹别克斯坦,乌兹别克斯坦 新增UV,51.428571,126.857143,32.857143,32.0,36.714286,26.428571,59.285714,33.0,-75.428571,-59.459459,-1.82253e-05,-0.336136,-0.013385
2.2.乌干达,乌干达 新增UV,18.857143,11.571429,13.571429,11.142857,11.714286,12.285714,13.142857,19.285714,7.285714,62.962963,1.05058e-05,0.193762,0.007716
2.2.乌拉圭,乌拉圭 新增UV,10.428571,10.428571,7.428571,12.142857,13.0,8.571429,9.142857,9.285714,0.0,0.0,3.1221e-06,0.057582,0.002293
2.2.乍得,乍得 新增UV,4.285714,2.0,1.5,1.5,2.8,2.714286,2.833333,3.571429,2.285714,114.285714,-2.3558e-06,-0.043449,-0.00173
2.2.也门,也门 新增UV,8.285714,4.857143,4.428571,4.714286,4.0,4.142857,6.857143,9.571429,3.428571,70.588235,2.0103e-06,0.037076,0.001476
2.2.亚美尼亚,亚美尼亚 新增UV,62.142857,52.428571,72.0,208.857143,49.857143,38.714286,35.571429,31.0,9.714286,18.52861,2.33515e-05,0.430681,0.017149
2.2.以色列,以色列 新增UV,102.571429,106.0,80.571429,92.142857,102.0,114.428571,120.428571,89.857143,-3.428571,-3.234501,8.9551e-06,0.165163,0.006577
2.2.伊拉克,伊拉克 新增UV,125.142857,84.714286,81.428571,77.0,75.428571,81.571429,120.285714,114.428571,40.428571,47.72344,-3.31641e-05,-0.611658,-0.024356
2.2.伊朗,伊朗 新增UV,1071.0,1730.142857,695.571429,616.285714,510.714286,566.571429,543.714286,24.142857,-659.142857,-38.097597,-3.78983e-05,-0.698972,-0.027833
2.2.伯利兹,伯利兹 新增UV,3.428571,3.142857,3.142857,2.285714,2.571429,2.571429,3.142857,2.857143,0.285714,9.090909,-1.0902e-06,-0.020108,-0.000801
2.2.佛得角,佛得角 新增UV,3.5,2.571429,2.333333,2.142857,3.166667,1.666667,2.142857,3.166667,0.928571,36.111111,2.281e-07,0.004207,0.000168
2.2.俄罗斯,俄罗斯 新增UV,1909.285714,2205.0,1972.571429,2006.857143,2246.428571,1827.857143,2048.142857,1588.428571,-295.714286,-13.411079,8.62697e-05,1.591105,0.063357
2.2.保加利亚,保加利亚 新增UV,71.714286,71.0,59.714286,58.142857,56.571429,70.428571,74.428571,58.285714,0.714286,1.006036,4.9401e-06,0.091112,0.003628
2.2.克罗地亚,克罗地亚 新增UV,67.142857,62.142857,64.428571,49.571429,53.714286,59.571429,51.142857,46.571429,5.0,8.045977,1.25143e-05,0.230807,0.009191
2.2.关岛,关岛 新增UV,1.0,3.0,2.0,2.0,1.5,2.428571,1.833333,2.5,-2.0,-66.666667,-1.32764e-05,-0.244861,-0.00975
2.2.冈比亚,冈比亚 新增UV,19.571429,17.428571,21.428571,19.714286,24.0,46.428571,58.428571,28.0,2.142857,12.295082,4.0684e-06,0.075034,0.002988
2.2.冰岛,冰岛 新增UV,4.142857,3.285714,3.571429,4.285714,3.857143,7.571429,3.857143,2.857143,0.857143,26.086957,6.26e-08,0.001155,4.6e-05
2.2.几内亚,几内亚 新增UV,17.857143,13.285714,10.857143,13.0,21.714286,10.0,14.571429,8.285714,4.571429,34.408602,4.0622e-06,0.07492,0.002983
2.2.几内亚比绍,几内亚比绍 新增UV,1.0,1.4,2.166667,1.428571,1.0,2.0,1.2,1.0,-0.4,-28.571429,-1.7825e-06,-0.032874,-0.001309
2.2.列支敦士登,列支敦士登 新增UV,1.0,1.0,0.0,1.0,1.0,1.0,1.25,1.25,0.0,0.0,8.516e-07,0.015706,0.000625
2.2.刚果共和国,刚果共和国 新增UV,7.428571,4.285714,5.285714,3.571429,11.857143,5.428571,7.571429,7.142857,3.142857,73.333333,-1.9989e-06,-0.036866,-0.001468
2.2.刚果民主共和国,刚果民主共和国 新增UV,18.142857,13.714286,12.857143,12.714286,18.857143,15.857143,19.714286,20.571429,4.428571,32.291667,6.2539e-06,0.115343,0.004593
2.2.利比亚,利比亚 新增UV,11.428571,8.0,9.714286,8.142857,8.428571,11.571429,12.571429,12.428571,3.428571,42.857143,-7.2975e-06,-0.134591,-0.005359
2.2.利比里亚,利比里亚 新增UV,30.142857,33.571429,29.714286,29.142857,33.0,33.142857,34.714286,29.285714,-3.428571,-10.212766,-1.3501e-06,-0.0249,-0.000992
2.2.加拿大,加拿大 新增UV,436.285714,500.571429,465.0,450.857143,381.571429,456.571429,471.285714,423.428571,-64.285714,-12.842466,4.059e-07,0.007487,0.000298
2.2.加纳,加纳 新增UV,130.142857,157.142857,196.142857,182.285714,209.714286,163.285714,196.571429,242.571429,-27.0,-17.181818,9.792e-07,0.01806,0.000719
2.2.加蓬,加蓬 新增UV,1.25,1.166667,1.6,1.5,1.666667,1.333333,1.0,1.333333,0.083333,7.142857,1.873e-06,0.034544,0.001376
2.2.匈牙利,匈牙利 新增UV,45.142857,46.0,44.428571,37.571429,48.0,57.571429,43.857143,38.285714,-0.857143,-1.863354,5.6014e-06,0.103308,0.004114
2.2.北马其顿,北马其顿 新增UV,22.714286,29.142857,29.142857,29.428571,29.0,38.142857,31.428571,24.857143,-6.428571,-22.058824,7.591e-07,0.014,0.000557
2.2.北马里亚纳群岛,北马里亚纳群岛 新增UV,0.0,0.0,0.0,1.0,0.0,0.0,0.0,0.0,0.0,,,,
2.2.南苏丹,南苏丹 新增UV,37.285714,33.0,33.142857,34.428571,33.714286,29.285714,32.285714,32.857143,4.285714,12.987013,9.0081e-06,0.166141,0.006616
2.2.南非,南非 新增UV,119.285714,107.0,84.428571,94.0,83.571429,105.285714,96.571429,96.714286,12.285714,11.481976,1.77068e-05,0.326573,0.013004
2.2.博茨瓦纳,博茨瓦纳 新增UV,2.428571,3.5,2.333333,1.714286,2.5,2.833333,3.0,4.2,-1.071429,-30.612245,-1.7964e-06,-0.033133,-0.001319
2.2.卡塔尔,卡塔尔 新增UV,12.0,10.0,12.0,11.428571,12.571429,15.285714,16.857143,13.0,2.0,20.0,2.8259e-06,0.05212,0.002075
2.2.卢旺达,卢旺达 新增UV,8.571429,6.428571,5.0,6.0,7.714286,4.571429,6.285714,6.142857,2.142857,33.333333,7.8459e-06,0.144705,0.005762
2.2.卢森堡,卢森堡 新增UV,4.285714,5.714286,4.285714,5.571429,6.285714,6.428571,5.857143,4.833333,-1.428571,-25.0,-1.0339e-06,-0.019068,-0.000759
2.2.印度,印度 新增UV,88.857143,82.571429,77.285714,70.857143,80.428571,94.714286,106.428571,111.428571,6.285714,7.612457,2.98881e-05,0.551238,0.02195
2.2.印度尼西亚,印度尼西亚 新增UV,154.428571,132.285714,111.571429,119.857143,118.0,166.571429,130.142857,122.142857,22.142857,16.738661,4.74101e-05,0.874403,0.034818
2.2.危地马拉,危地马拉 新增UV,23.714286,27.142857,21.571429,18.428571,21.0,18.428571,19.428571,20.0,-3.428571,-12.631579,-1.179e-07,-0.002174,-8.7e-05
2.2.厄瓜多尔,厄瓜多尔 新增UV,61.714286,53.285714,49.285714,46.142857,45.571429,48.285714,51.285714,50.428571,8.428571,15.817694,-3.8791e-06,-0.071544,-0.002849
2.2.叙利亚,叙利亚 新增UV,27.142857,22.142857,22.428571,21.285714,18.285714,20.428571,29.142857,21.0,5.0,22.580645,3.6112e-06,0.066604,0.002652
2.2.古巴,古巴 新增UV,4.833333,1.857143,2.142857,3.25,2.5,2.714286,4.285714,3.0,2.97619,160.25641,-2.6694e-06,-0.049233,-0.00196
2.2.吉尔吉斯斯坦,吉尔吉斯斯坦 新增UV,40.285714,52.285714,43.714286,30.714286,71.571429,28.857143,139.857143,57.0,-12.0,-22.95082,-2.413e-06,-0.044504,-0.001772
2.2.吉布提,吉布提 新增UV,0.0,1.0,1.0,2.0,1.0,0.0,1.0,1.333333,-1.0,-100.0,,,
2.2.哈萨克斯坦,哈萨克斯坦 新增UV,255.428571,415.571429,271.142857,195.142857,521.428571,176.0,670.714286,277.714286,-160.142857,-38.535579,-8.90275e-05,-1.641968,-0.065382
2.2.哥伦比亚,哥伦比亚 新增UV,206.857143,224.142857,190.857143,211.857143,207.142857,188.142857,205.428571,222.142857,-17.285714,-7.711918,1.71166e-05,0.315689,0.012571
2.2.哥斯达黎加,哥斯达黎加 新增UV,22.0,18.428571,15.714286,15.571429,20.428571,15.142857,16.857143,16.857143,3.571429,19.379845,1.31163e-05,0.241908,0.009633
2.2.喀麦隆,喀麦隆 新增UV,19.857143,17.0,16.0,16.857143,21.142857,18.142857,24.142857,30.285714,2.857143,16.806723,1.87314e-05,0.34547,0.013756
2.2.图瓦卢,图瓦卢 新增UV,0.0,0.0,0.0,0.0,1.0,1.0,0.0,0.0,0.0,,,,
2.2.土库曼斯坦,土库曼斯坦 新增UV,1.5,1.25,1.0,1.0,2.0,2.5,2.666667,0.0,0.25,20.0,-1.5767e-06,-0.029079,-0.001158
2.2.土耳其,土耳其 新增UV,706.714286,720.285714,656.571429,673.428571,778.428571,911.0,646.0,487.0,-13.571429,-1.884173,4.39886e-05,0.811299,0.032306
2.2.圣卢西亚,圣卢西亚 新增UV,3.0,1.666667,2.5,1.4,2.428571,2.4,1.833333,1.833333,1.333333,80.0,2.1814e-06,0.040233,0.001602
2.2.圣基茨和尼维斯,圣基茨和尼维斯 新增UV,1.285714,2.0,1.4,1.5,1.0,1.5,1.666667,1.333333,-0.714286,-35.714286,-7.764e-07,-0.01432,-0.00057
2.2.圣多美和普林西比,圣多美和普林西比 新增UV,1.0,1.0,0.0,1.0,1.0,0.0,1.5,1.0,0.0,0.0,-5.881e-07,-0.010846,-0.000432
2.2.圣巴泰勒米岛,圣巴泰勒米岛 新增UV,0.0,0.0,0.0,0.0,0.0,0.0,0.0,0.0,0.0,,,,
2.2.圣文森特和格林纳丁斯,圣文森特和格林纳丁斯 新增UV,1.75,1.5,1.0,1.0,1.25,1.0,1.0,1.5,0.25,16.666667,8.48e-08,0.001563,6.2e-05
2.2.圣皮埃尔和密克隆群岛,圣皮埃尔和密克隆群岛 新增UV,0.0,0.0,0.0,0.0,0.0,0.0,0.0,1.0,0.0,,,,
2.2.圣马力诺,圣马力诺 新增UV,1.0,0.0,0.0,1.0,1.0,0.0,1.0,0.0,1.0,,,,
2.2.圭亚那,圭亚那 新增UV,3.0,3.857143,2.857143,3.5,2.714286,2.142857,4.428571,2.142857,-0.857143,-22.222222,-2.462e-07,-0.004541,-0.000181
2.2.坦桑尼亚,坦桑尼亚 新增UV,24.428571,21.142857,21.285714,18.857143,20.857143,19.142857,22.571429,24.714286,3.285714,15.540541,8.7954e-06,0.162217,0.006459
2.2.埃及,埃及 新增UV,159.285714,130.571429,140.142857,138.0,139.857143,159.428571,189.714286,141.714286,28.714286,21.991247,2.07698e-05,0.383066,0.015253
2.2.埃塞俄比亚,埃塞俄比亚 新增UV,15.0,13.571429,11.714286,14.285714,18.285714,20.0,15.285714,20.714286,1.428571,10.526316,7.7858e-06,0.143596,0.005718
2.2.基里巴斯,基里巴斯 新增UV,0.0,0.0,0.0,1.0,0.0,0.0,0.0,0.0,0.0,,,,
2.2.塔吉克斯坦,塔吉克斯坦 新增UV,5.714286,4.142857,6.333333,4.857143,5.142857,3.428571,6.285714,4.857143,1.571429,37.931034,-2.0519e-06,-0.037844,-0.001507
2.2.塞内加尔,塞内加尔 新增UV,42.142857,33.285714,43.714286,57.142857,78.857143,132.285714,179.714286,91.0,8.857143,26.609442,2.56159e-05,0.472444,0.018812
2.2.塞尔维亚,塞尔维亚 新增UV,112.714286,133.857143,116.857143,117.0,133.857143,148.857143,127.714286,119.142857,-21.142857,-15.795091,1.5144e-06,0.02793,0.001112
2.2.塞拉利昂,塞拉利昂 新增UV,9.857143,7.428571,6.285714,8.571429,9.428571,8.714286,7.0,8.0,2.428571,32.692308,8.8185e-06,0.162643,0.006476
2.2.塞浦路斯,塞浦路斯 新增UV,20.714286,20.714286,22.142857,19.0,21.0,23.0,19.428571,15.285714,0.0,0.0,4.4773e-06,0.082576,0.003288
2.2.塞舌尔,塞舌尔 新增UV,2.25,1.571429,1.285714,1.8,1.714286,2.25,2.0,1.2,0.678571,43.181818,7.2642e-06,0.133976,0.005335
2.2.墨西哥,墨西哥 新增UV,513.428571,521.571429,423.571429,392.285714,407.0,408.285714,393.142857,402.571429,-8.142857,-1.561216,5.62977e-05,1.038321,0.041345
2.2.多哥,多哥 新增UV,7.571429,8.0,7.285714,6.857143,6.714286,9.285714,13.857143,19.0,-0.428571,-5.357143,3.0661e-06,0.056549,0.002252
2.2.多米尼克,多米尼克 新增UV,1.0,1.0,1.5,1.0,0.0,1.5,1.0,1.333333,0.0,0.0,-5.881e-07,-0.010846,-0.000432
2.2.多米尼加,多米尼加 新增UV,45.285714,35.428571,35.571429,38.142857,37.142857,46.714286,39.571429,43.428571,9.857143,27.822581,3.2334e-05,0.596349,0.023746
2.2.奥兰群岛,奥兰群岛 新增UV,0.0,0.0,1.0,0.0,1.0,0.0,0.0,0.0,0.0,,,,
2.2.奥地利,奥地利 新增UV,66.714286,69.285714,58.0,72.285714,96.285714,87.285714,74.571429,65.714286,-2.571429,-3.71134,9.2917e-06,0.171371,0.006824
2.2.委内瑞拉,委内瑞拉 新增UV,70.714286,53.714286,42.857143,53.714286,53.142857,53.428571,61.0,62.285714,17.0,31.648936,2.7146e-05,0.500663,0.019936
2.2.孟加拉,孟加拉 新增UV,422.571429,395.714286,381.428571,410.714286,457.142857,620.714286,787.285714,701.571429,26.857143,6.787004,5.47413e-05,1.009615,0.040202
2.2.安哥拉,安哥拉 新增UV,16.0,13.428571,14.428571,13.142857,15.571429,11.571429,13.142857,15.857143,2.571429,19.148936,6.2413e-06,0.115111,0.004584
2.2.安圭拉,安圭拉 新增UV,1.0,1.0,1.0,1.0,1.333333,1.0,0.0,1.0,0.0,0.0,-5.881e-07,-0.010846,-0.000432
2.2.安提瓜和巴布达,安提瓜和巴布达 新增UV,2.0,2.5,2.0,1.0,2.166667,2.5,1.5,1.8,-0.5,-20.0,-1.781e-07,-0.003285,-0.000131
2.2.安道尔,安道尔 新增UV,1.2,1.0,1.5,1.0,1.666667,1.0,1.2,1.2,0.2,20.0,2.826e-07,0.005212,0.000208
2.2.密克罗尼西亚联邦,密克罗尼西亚联邦 新增UV,0.0,0.0,1.0,0.0,0.0,1.0,0.0,0.0,0.0,,,,
2.2.尼加拉瓜,尼加拉瓜 新增UV,15.857143,13.714286,11.571429,9.857143,7.857143,8.857143,9.428571,8.857143,2.142857,15.625,8.9829e-06,0.165675,0.006597
2.2.尼日利亚,尼日利亚 新增UV,567.714286,647.285714,708.571429,656.571429,655.142857,679.285714,896.0,1180.428571,-79.571429,-12.293092,7.95986e-05,1.468067,0.058458
2.2.尼日尔,尼日尔 新增UV,8.0,5.714286,6.285714,5.833333,6.857143,6.428571,8.285714,7.571429,2.285714,40.0,9.2425e-06,0.170464,0.006788
2.2.尼泊尔,尼泊尔 新增UV,25.0,23.0,20.0,19.142857,20.142857,24.571429,27.857143,32.714286,2.0,8.695652,1.461e-07,0.002695,0.000107
2.2.巴勒斯坦,巴勒斯坦 新增UV,14.285714,14.142857,16.142857,15.285714,19.428571,22.857143,27.428571,16.285714,0.142857,1.010101,8.942e-07,0.016492,0.000657
2.2.巴哈马,巴哈马 新增UV,6.142857,6.142857,4.571429,4.857143,5.285714,5.142857,5.142857,5.857143,0.0,0.0,3.1744e-06,0.058547,0.002331
2.2.巴基斯坦,巴基斯坦 新增UV,324.571429,253.285714,304.428571,194.857143,186.571429,227.428571,351.0,246.857143,71.285714,28.144388,0.0001013824,1.869833,0.074456
2.2.巴巴多斯,巴巴多斯 新增UV,3.5,3.166667,2.0,2.833333,2.714286,3.714286,3.5,2.142857,0.333333,10.526316,4.3215e-06,0.079704,0.003174
2.2.巴布亚新几内亚,巴布亚新几内亚 新增UV,2.571429,1.5,2.666667,1.5,1.666667,1.8,2.75,2.428571,1.071429,71.428571,-8.258e-07,-0.015231,-0.000606
2.2.巴拉圭,巴拉圭 新增UV,20.428571,19.857143,22.857143,20.857143,23.571429,21.857143,22.428571,21.857143,0.571429,2.877698,4.5606e-06,0.084113,0.003349
2.2.巴拿马,巴拿马 新增UV,15.428571,12.428571,11.571429,12.714286,12.571429,12.714286,16.714286,15.428571,3.0,24.137931,6.2676e-06,0.115595,0.004603
2.2.巴林,巴林 新增UV,5.285714,7.0,5.142857,5.285714,7.142857,6.714286,7.5,6.285714,-1.714286,-24.489796,-9.727e-07,-0.01794,-0.000714
2.2.巴西,巴西 新增UV,6043.142857,6384.285714,6646.0,6526.142857,6895.428571,6563.571429,6540.0,6759.571429,-341.142857,-5.343477,0.0007135365,13.160024,0.524025
2.2.布基纳法索,布基纳法索 新增UV,36.0,34.857143,33.714286,33.857143,50.0,27.571429,39.428571,45.428571,1.142857,3.278689,1.0421e-05,0.192198,0.007653
2.2.布隆迪,布隆迪 新增UV,1.8,1.571429,2.6,2.714286,3.5,2.5,2.2,2.833333,0.228571,14.545455,5.2164e-06,0.096207,0.003831
2.2.希腊,希腊 新增UV,164.571429,149.571429,145.857143,140.714286,140.571429,148.428571,128.285714,101.0,15.0,10.028653,6.98563e-05,1.288386,0.051303
2.2.帕劳,帕劳 新增UV,0.0,0.0,0.0,0.0,0.0,0.0,0.0,1.0,0.0,,,,
2.2.库克群岛,库克群岛 新增UV,1.0,1.0,1.0,1.0,0.0,2.0,0.0,1.0,0.0,0.0,-5.881e-07,-0.010846,-0.000432
2.2.库拉索,库拉索 新增UV,2.4,3.0,1.8,1.571429,2.857143,2.571429,2.5,2.0,-0.6,-20.0,-2.137e-07,-0.003941,-0.000157
2.2.开曼群岛,开曼群岛 新增UV,1.2,1.75,2.2,1.833333,1.6,1.333333,1.75,1.0,-0.55,-31.428571,-1.1909e-06,-0.021963,-0.000875
2.2.德国,德国 新增UV,1423.857143,2220.142857,1113.714286,1045.428571,1055.571429,951.428571,971.142857,713.0,-796.285714,-35.866418,-0.0002298645,-4.239478,-0.168814
2.2.意大利,意大利 新增UV,420.714286,413.142857,391.857143,411.142857,446.0,392.571429,249.714286,212.0,7.571429,1.832642,7.76597e-05,1.432308,0.057034
2.2.所罗门群岛,所罗门群岛 新增UV,1.666667,1.0,1.0,1.0,1.0,3.0,1.0,1.0,0.666667,66.666667,1.3279e-06,0.024491,0.000975
2.2.拉脱维亚,拉脱维亚 新增UV,55.285714,61.857143,61.428571,52.0,66.285714,51.285714,56.0,39.0,-6.571429,-10.623557,1.00916e-05,0.186123,0.007411
2.2.挪威,挪威 新增UV,35.285714,35.428571,46.857143,83.857143,100.428571,89.0,71.0,49.571429,-0.142857,-0.403226,1.4332e-06,0.026433,0.001053
2.2.捷克,捷克 新增UV,57.285714,50.571429,50.142857,49.0,54.571429,54.428571,62.428571,54.142857,6.714286,13.276836,2.14728e-05,0.396031,0.01577
2.2.摩尔多瓦,摩尔多瓦 新增UV,37.714286,35.428571,36.857143,26.571429,35.428571,41.142857,41.285714,43.142857,2.285714,6.451613,8.362e-07,0.015422,0.000614
2.2.摩洛哥,摩洛哥 新增UV,86.714286,65.0,68.571429,62.285714,62.428571,69.714286,87.285714,71.571429,21.714286,33.406593,-2.2222e-06,-0.040984,-0.001632
2.2.摩纳哥,摩纳哥 新增UV,1.5,1.5,1.2,1.666667,1.0,1.5,1.333333,0.0,0.0,0.0,1.2773e-06,0.023559,0.000938
2.2.文莱,文莱 新增UV,1.6,1.4,1.75,1.833333,1.166667,2.0,1.25,1.285714,0.2,14.285714,-1.227e-07,-0.002262,-9e-05
2.2.斐济,斐济 新增UV,1.714286,2.5,1.666667,2.2,1.428571,2.857143,2.666667,2.2,-0.785714,-31.428571,-2.632e-07,-0.004854,-0.000193
2.2.斯威士兰,斯威士兰 新增UV,1.333333,1.333333,1.0,1.333333,1.5,1.75,1.0,1.0,0.0,0.0,2.0952e-06,0.038642,0.001539
2.2.斯洛伐克,斯洛伐克 新增UV,24.571429,20.714286,20.571429,18.714286,23.142857,26.0,23.0,25.285714,3.857143,18.62069,2.7727e-06,0.051138,0.002036
2.2.斯洛文尼亚,斯洛文尼亚 新增UV,12.857143,13.142857,14.0,14.142857,15.0,13.857143,11.285714,10.0,-0.285714,-2.173913,4.117e-07,0.007592,0.000302
2.2.斯里兰卡,斯里兰卡 新增UV,13.285714,13.571429,12.857143,10.571429,13.571429,13.714286,15.714286,12.571429,-0.285714,-2.105263,1.8497e-06,0.034115,0.001358
2.2.新加坡,新加坡 新增UV,47.0,34.714286,38.571429,34.428571,39.857143,39.428571,46.714286,35.285714,12.285714,35.390947,1.95849e-05,0.361212,0.014383
2.2.新喀里多尼亚,新喀里多尼亚 新增UV,1.0,1.0,1.0,1.0,2.0,1.0,2.0,0.0,0.0,0.0,8.516e-07,0.015706,0.000625
2.2.新西兰,新西兰 新增UV,31.714286,23.571429,28.142857,24.714286,28.0,38.857143,29.142857,26.142857,8.142857,34.545455,1.0546e-06,0.01945,0.000774
2.2.日本,日本 新增UV,39.428571,37.571429,46.571429,61.142857,43.571429,52.571429,64.142857,43.714286,1.857143,4.942966,1.01222e-05,0.186688,0.007434
2.2.智利,智利 新增UV,50.714286,57.714286,55.428571,48.571429,46.714286,41.571429,43.714286,47.857143,-7.0,-12.128713,2.718e-06,0.05013,0.001996
2.2.柬埔寨,柬埔寨 新增UV,7.428571,10.714286,9.857143,11.142857,12.857143,13.0,7.714286,12.142857,-3.285714,-30.666667,-1.2906e-06,-0.023802,-0.000948
2.2.根西岛,根西岛 新增UV,1.333333,1.5,1.25,1.0,1.5,1.5,1.5,1.4,-0.166667,-11.111111,2.684e-07,0.00495,0.000197
2.2.格林纳达,格林纳达 新增UV,1.2,1.666667,1.25,1.5,1.0,1.0,1.4,1.0,-0.466667,-28.0,-1.5788e-06,-0.029119,-0.00116
2.2.格陵兰,格陵兰 新增UV,0.0,0.0,1.0,1.0,0.0,1.0,0.0,1.0,0.0,,,,
2.2.格鲁吉亚,格鲁吉亚 新增UV,60.857143,67.571429,63.142857,66.571429,83.857143,84.285714,65.142857,58.142857,-6.714286,-9.936575,7.0879e-06,0.130725,0.005205
2.2.比利时,比利时 新增UV,59.428571,60.857143,56.857143,59.857143,59.285714,71.285714,63.0,50.142857,-1.428571,-2.347418,9.4929e-06,0.175081,0.006972
2.2.毛里塔尼亚,毛里塔尼亚 新增UV,6.142857,4.166667,4.571429,6.0,8.142857,6.714286,6.428571,4.428571,1.97619,47.428571,-1.3292e-06,-0.024514,-0.000976
2.2.毛里求斯,毛里求斯 新增UV,4.857143,6.142857,3.857143,3.571429,5.142857,4.0,4.571429,2.857143,-1.285714,-20.930233,9.73e-08,0.001795,7.1e-05
2.2.汤加,汤加 新增UV,1.0,1.0,1.0,1.0,0.0,1.0,1.0,0.0,0.0,0.0,-5.881e-07,-0.010846,-0.000432
2.2.沙特阿拉伯,沙特阿拉伯 新增UV,81.0,82.285714,71.0,70.857143,85.571429,91.571429,111.571429,74.714286,-1.285714,-1.5625,-9.2474e-06,-0.170553,-0.006791
2.2.法国,法国 新增UV,364.142857,389.571429,311.571429,309.285714,330.0,318.142857,306.714286,238.0,-25.428571,-6.527319,4.214e-05,0.777203,0.030948
2.2.法属圣马丁,法属圣马丁 新增UV,1.0,1.0,1.0,0.0,1.0,1.0,1.0,1.5,0.0,0.0,3.7308e-06,0.068809,0.00274
2.2.法属圭亚那,法属圭亚那 新增UV,1.0,1.0,0.0,2.0,1.0,1.5,1.0,1.0,0.0,0.0,-5.881e-07,-0.010846,-0.000432
2.2.法属波利尼西亚,法属波利尼西亚 新增UV,1.0,1.75,1.166667,1.4,1.333333,2.166667,1.25,1.333333,-0.75,-42.857143,-2.8981e-06,-0.053451,-0.002128
2.2.法罗群岛,法罗群岛 新增UV,1.0,0.0,1.0,1.0,1.0,1.0,1.0,1.0,1.0,,,,
2.2.波兰,波兰 新增UV,192.0,209.285714,201.857143,186.714286,209.285714,192.714286,261.571429,212.428571,-17.285714,-8.259386,1.95003e-05,0.359652,0.014321
2.2.波多黎各,波多黎各 新增UV,21.142857,22.571429,21.428571,24.285714,20.571429,25.571429,25.142857,22.285714,-1.428571,-6.329114,5.3966e-06,0.099532,0.003963
2.2.波黑,波黑 新增UV,37.857143,39.714286,41.857143,46.0,46.714286,54.571429,53.285714,41.142857,-1.857143,-4.676259,1.8567e-06,0.034244,0.001364
2.2.泰国,泰国 新增UV,44.857143,36.285714,36.285714,32.857143,35.857143,39.285714,44.857143,46.0,8.571429,23.622047,7.332e-06,0.135227,0.005385
2.2.泽西岛,泽西岛 新增UV,1.25,1.0,1.6,1.5,2.0,1.333333,1.5,1.333333,0.25,25.0,-1.4296e-06,-0.026368,-0.00105
2.2.津巴布韦,津巴布韦 新增UV,8.428571,5.142857,5.142857,5.0,6.285714,7.714286,6.142857,9.428571,3.285714,63.888889,-1.812e-06,-0.03342,-0.001331
2.2.洪都拉斯,洪都拉斯 新增UV,21.714286,22.857143,19.428571,15.714286,16.857143,20.428571,17.285714,17.714286,-1.142857,-5.0,2.4586e-06,0.045344,0.001806
2.2.海地,海地 新增UV,20.142857,15.571429,15.571429,16.428571,17.142857,16.571429,18.428571,22.142857,4.571429,29.357798,2.14808e-05,0.396179,0.015776
2.2.澳大利亚,澳大利亚 新增UV,300.0,319.571429,271.142857,271.428571,314.428571,370.142857,275.571429,268.0,-19.571429,-6.124274,-8.273e-07,-0.015258,-0.000608
2.2.爱尔兰,爱尔兰 新增UV,85.857143,82.142857,80.714286,87.285714,79.285714,91.571429,89.428571,77.428571,3.714286,4.521739,1.94443e-05,0.358619,0.01428
2.2.爱沙尼亚,爱沙尼亚 新增UV,36.571429,36.428571,36.857143,39.142857,47.0,37.857143,32.571429,24.857143,0.142857,0.392157,9.5154e-06,0.175496,0.006988
2.2.牙买加,牙买加 新增UV,23.0,24.0,22.142857,19.571429,20.571429,21.0,23.142857,20.428571,-1.0,-4.166667,6.9017e-06,0.127291,0.005069
2.2.特克斯和凯科斯群岛,特克斯和凯科斯群岛 新增UV,2.0,1.2,2.0,1.333333,1.666667,1.75,2.25,2.0,0.8,66.666667,4.0896e-06,0.075426,0.003003
2.2.特立尼达和多巴哥,特立尼达和多巴哥 新增UV,8.142857,9.714286,6.714286,5.857143,7.0,7.571429,7.285714,8.0,-1.571429,-16.176471,1.3e-08,0.00024,1e-05
2.2.玻利维亚,玻利维亚 新增UV,31.142857,25.428571,24.285714,23.0,24.571429,24.857143,23.857143,26.428571,5.714286,22.47191,1.18832e-05,0.219167,0.008727
2.2.瑙鲁,瑙鲁 新增UV,0.0,0.0,0.0,0.0,0.0,0.0,0.0,0.0,0.0,,,,
2.2.瑞典,瑞典 新增UV,128.714286,144.0,140.571429,153.571429,157.142857,147.714286,116.714286,86.428571,-15.285714,-10.615079,9.5651e-06,0.176414,0.007025
2.2.瑞士,瑞士 新增UV,83.0,95.142857,76.142857,71.0,90.142857,77.285714,73.714286,60.428571,-12.142857,-12.762763,3.5994e-06,0.066384,0.002643
2.2.瓜德罗普,瓜德罗普 新增UV,1.0,1.0,1.0,1.0,2.0,1.0,1.0,1.0,0.0,0.0,4.917e-07,0.009068,0.000361
2.2.瓦利斯和富图纳群岛,瓦利斯和富图纳群岛 新增UV,1.0,0.0,0.0,0.0,0.0,0.0,0.0,0.0,1.0,,,,
2.2.瓦努阿图,瓦努阿图 新增UV,1.333333,1.0,2.0,1.0,0.0,0.0,0.0,1.0,0.333333,33.333333,1.4298e-06,0.026371,0.00105
2.2.留尼汪岛,留尼汪岛 新增UV,2.666667,2.166667,2.285714,2.4,2.285714,2.4,1.75,2.166667,0.5,23.076923,-2.424e-07,-0.004471,-0.000178
2.2.白俄罗斯,白俄罗斯 新增UV,120.571429,163.0,179.0,102.0,221.571429,156.714286,274.714286,227.428571,-42.428571,-26.029798,-1.67917e-05,-0.309696,-0.012332
2.2.百慕大,百慕大 新增UV,1.75,1.333333,1.25,2.2,1.4,1.5,1.0,1.0,0.416667,31.25,6.9903e-06,0.128926,0.005134
2.2.直布罗陀,直布罗陀 新增UV,2.333333,1.333333,1.5,1.0,1.0,1.0,1.25,1.25,1.0,75.0,4.5586e-06,0.084077,0.003348
2.2.福克兰群岛,福克兰群岛 新增UV,1.0,0.0,0.0,0.0,0.0,0.0,1.0,0.0,1.0,,,,
2.2.科威特,科威特 新增UV,14.142857,16.714286,16.857143,13.285714,17.285714,19.714286,23.714286,20.142857,-2.571429,-15.384615,-4.18e-08,-0.00077,-3.1e-05
2.2.科摩罗,科摩罗 新增UV,1.666667,1.5,1.333333,1.0,1.5,1.666667,1.666667,2.5,0.166667,11.111111,6.766e-07,0.012479,0.000497
2.2.科特迪瓦,科特迪瓦 新增UV,48.142857,37.857143,35.714286,36.428571,70.285714,59.857143,56.142857,68.428571,10.285714,27.169811,1.99769e-05,0.368442,0.014671
2.2.科索沃,科索沃 新增UV,10.571429,21.857143,11.857143,8.285714,10.285714,17.428571,12.428571,10.0,-11.285714,-51.633987,-1.2285e-05,-0.226577,-0.009022
2.2.秘鲁,秘鲁 新增UV,82.714286,92.428571,80.857143,80.285714,76.285714,80.0,77.142857,89.0,-9.714286,-10.510046,5.263e-06,0.097067,0.003865
2.2.突尼斯,突尼斯 新增UV,39.0,36.285714,31.142857,33.571429,27.142857,33.142857,34.285714,32.142857,2.714286,7.480315,1.13369e-05,0.209091,0.008326
2.2.立陶宛,立陶宛 新增UV,51.571429,49.571429,54.428571,48.714286,60.285714,50.857143,45.714286,37.857143,2.0,4.034582,8.6478e-06,0.159495,0.006351
2.2.索马里,索马里 新增UV,14.857143,12.571429,12.428571,13.142857,12.0,11.571429,18.285714,11.428571,2.285714,18.181818,4.0905e-06,0.075442,0.003004
2.2.约旦,约旦 新增UV,29.571429,26.571429,27.428571,25.857143,32.428571,30.142857,42.0,32.571429,3.0,11.290323,-4.7327e-06,-0.087286,-0.003476
2.2.纳米比亚,纳米比亚 新增UV,4.0,4.0,3.0,2.25,3.833333,1.8,2.571429,5.0,0.0,0.0,7.327e-07,0.013513,0.000538
2.2.缅甸,缅甸 新增UV,23.142857,15.714286,13.142857,13.857143,14.714286,21.0,19.571429,20.285714,7.428571,47.272727,1.4624e-06,0.026971,0.001074
2.2.罗马尼亚,罗马尼亚 新增UV,109.857143,111.714286,114.571429,114.285714,112.571429,138.142857,115.285714,124.285714,-1.857143,-1.662404,1.60618e-05,0.296233,0.011796
2.2.美国,美国 新增UV,4269.428571,5732.142857,3828.428571,3632.571429,3560.428571,4234.571429,4512.285714,3922.857143,-1462.714286,-25.517757,-5.56065e-05,-1.025571,-0.040838
2.2.美属维尔京群岛,美属维尔京群岛 新增UV,1.333333,1.428571,2.6,2.0,1.8,1.833333,2.0,1.25,-0.095238,-6.666667,4.343e-07,0.00801,0.000319
2.2.老挝,老挝 新增UV,2.166667,1.666667,2.0,1.666667,1.666667,1.8,1.4,1.5,0.5,30.0,-1.1587e-06,-0.02137,-0.000851
2.2.肯尼亚,肯尼亚 新增UV,34.714286,28.428571,27.714286,31.571429,28.285714,28.714286,35.142857,42.285714,6.285714,22.110553,4.4793e-06,0.082613,0.00329
2.2.芬兰,芬兰 新增UV,120.571429,135.857143,128.571429,130.571429,152.571429,118.0,114.428571,76.285714,-15.285714,-11.251314,1.75881e-05,0.324385,0.012917
2.2.苏丹,苏丹 新增UV,10.428571,6.285714,5.714286,5.0,4.285714,6.0,7.857143,10.714286,4.142857,65.909091,-1.668e-06,-0.030763,-0.001225
2.2.苏里南,苏里南 新增UV,2.8,2.857143,2.0,2.25,2.333333,3.666667,3.4,1.857143,-0.057143,-2.0,-1.4878e-06,-0.02744,-0.001093
2.2.英国,英国 新增UV,1287.0,1446.714286,1264.428571,1223.142857,1285.285714,1411.714286,1653.285714,989.0,-159.714286,-11.039795,3.99019e-05,0.735926,0.029304
2.2.英属维尔京群岛,英属维尔京群岛 新增UV,1.333333,1.5,0.0,1.0,1.5,1.0,1.333333,2.0,-0.166667,-11.111111,2.684e-07,0.00495,0.000197
2.2.荷兰,荷兰 新增UV,595.714286,631.142857,635.428571,733.142857,806.0,610.0,669.428571,495.142857,-35.428571,-5.6134,0.0001136616,2.096304,0.083474
2.2.荷兰加勒比,荷兰加勒比 新增UV,1.0,1.333333,0.0,1.333333,1.0,1.0,0.0,1.0,-0.333333,-25.0,3.38e-07,0.006234,0.000248
2.2.荷属圣马丁,荷属圣马丁 新增UV,1.0,2.2,1.333333,1.333333,1.25,1.5,1.333333,1.428571,-1.2,-54.545455,-3.9762e-06,-0.073335,-0.00292
2.2.荷属安的列斯,荷属安的列斯 新增UV,0.0,0.0,0.0,0.0,0.0,0.0,0.0,0.0,0.0,,,,
2.2.莫桑比克,莫桑比克 新增UV,29.142857,26.714286,31.0,27.142857,28.428571,32.285714,34.714286,32.285714,2.428571,9.090909,1.99694e-05,0.368304,0.014666
2.2.莱索托,莱索托 新增UV,1.0,1.25,1.0,1.5,1.0,1.0,1.0,1.0,-0.25,-20.0,-1.542e-07,-0.002844,-0.000113
2.2.菲律宾,菲律宾 新增UV,269.857143,251.714286,259.0,287.142857,283.0,329.428571,366.857143,343.0,18.142857,7.207719,1.93418e-05,0.356729,0.014205
2.2.萨尔瓦多,萨尔瓦多 新增UV,15.0,14.571429,13.428571,14.428571,10.428571,13.428571,12.571429,13.714286,0.428571,2.941176,-1.6084e-06,-0.029665,-0.001181
2.2.萨摩亚,萨摩亚 新增UV,0.0,1.0,1.0,1.0,1.0,0.0,1.0,1.0,-1.0,-100.0,,,
2.2.葡萄牙,葡萄牙 新增UV,162.0,171.714286,155.571429,174.285714,182.857143,201.0,164.285714,162.142857,-9.714286,-5.657238,1.2644e-05,0.233198,0.009286
2.2.蒙古,蒙古 新增UV,7.571429,5.571429,7.142857,6.285714,6.571429,6.571429,6.0,4.571429,2.0,35.897436,-3.004e-07,-0.00554,-0.000221
2.2.西班牙,西班牙 新增UV,403.714286,382.285714,403.857143,362.142857,347.857143,359.428571,374.857143,322.428571,21.428571,5.605381,8.19623e-05,1.511661,0.060194
2.2.贝宁,贝宁 新增UV,14.857143,18.428571,19.142857,18.857143,23.142857,24.714286,35.0,59.285714,-3.571429,-19.379845,-9.074e-07,-0.016735,-0.000666
2.2.赞比亚,赞比亚 新增UV,11.0,6.428571,9.285714,8.857143,6.428571,8.571429,7.714286,10.285714,4.571429,71.111111,4.5994e-06,0.084829,0.003378
2.2.赤道几内亚,赤道几内亚 新增UV,1.0,1.0,2.0,1.333333,1.5,1.4,1.0,2.0,0.0,0.0,1.5714e-06,0.028982,0.001154
2.2.越南,越南 新增UV,54.0,45.428571,42.428571,38.857143,45.857143,41.285714,51.428571,42.142857,8.571429,18.867925,1.67686e-05,0.30927,0.012315
2.2.阿塞拜疆,阿塞拜疆 新增UV,64.0,63.714286,53.285714,45.714286,59.714286,66.428571,58.142857,46.857143,0.285714,0.44843,-1.8902e-06,-0.034861,-0.001388
2.2.阿富汗,阿富汗 新增UV,11.0,11.857143,12.285714,10.142857,12.428571,15.142857,17.0,11.0,-0.857143,-7.228916,-1.888e-07,-0.003483,-0.000139
2.2.阿尔及利亚,阿尔及利亚 新增UV,64.285714,42.428571,35.571429,35.714286,33.428571,35.0,43.571429,52.0,21.857143,51.515152,-1.97346e-05,-0.363973,-0.014493
2.2.阿尔巴尼亚,阿尔巴尼亚 新增UV,74.714286,99.571429,81.714286,80.0,73.571429,84.142857,65.571429,57.428571,-24.857143,-24.964132,-5.9226e-06,-0.109232,-0.00435
2.2.阿曼,阿曼 新增UV,10.142857,10.857143,9.571429,9.285714,9.0,9.714286,23.285714,9.142857,-0.714286,-6.578947,-2.748e-07,-0.005068,-0.000202
2.2.阿根廷,阿根廷 新增UV,126.714286,116.142857,117.857143,108.428571,112.857143,110.142857,117.428571,131.285714,10.571429,9.102091,2.42784e-05,0.447776,0.01783
2.2.阿联酋,阿联酋 新增UV,61.142857,63.285714,55.142857,64.285714,68.285714,77.571429,96.857143,62.142857,-2.142857,-3.386005,1.53021e-05,0.282223,0.011238
2.2.阿鲁巴,阿鲁巴 新增UV,4.571429,3.0,2.714286,3.714286,3.166667,3.0,2.333333,2.142857,1.571429,52.380952,4.2787e-06,0.078914,0.003142
2.2.韩国,韩国 新增UV,32.571429,31.428571,24.285714,26.857143,32.714286,30.714286,33.0,31.0,1.142857,3.636364,-7.9441e-06,-0.146516,-0.005834
2.2.马尔代夫,马尔代夫 新增UV,4.714286,5.571429,4.285714,4.142857,5.0,4.857143,5.428571,5.714286,-0.857143,-15.384615,1.311e-07,0.002418,9.6e-05
2.2.马恩岛,马恩岛 新增UV,1.0,1.6,1.0,2.2,1.6,1.428571,1.4,1.666667,-0.6,-37.5,1.0789e-06,0.019899,0.000792
2.2.马拉维,马拉维 新增UV,6.714286,4.4,4.0,6.571429,5.571429,5.428571,6.571429,7.142857,2.314286,52.597403,1.5569e-05,0.287145,0.011434
2.2.马提尼克岛,马提尼克岛 新增UV,1.0,1.0,1.5,1.0,1.0,1.666667,1.0,1.0,0.0,0.0,1.5714e-06,0.028982,0.001154
2.2.马来西亚,马来西亚 新增UV,45.428571,43.285714,43.285714,44.857143,43.285714,106.857143,54.714286,46.285714,2.142857,4.950495,3.5466e-06,0.065411,0.002605
2.2.马约特,马约特 新增UV,1.0,0.0,0.0,1.0,0.0,0.0,0.0,0.0,1.0,,,,
2.2.马绍尔群岛,马绍尔群岛 新增UV,0.0,1.0,0.0,1.0,1.0,0.0,0.0,1.0,-1.0,-100.0,,,
2.2.马耳他,马耳他 新增UV,10.428571,10.428571,11.714286,9.285714,10.714286,9.428571,7.285714,8.142857,0.0,0.0,6.207e-06,0.114479,0.004558
2.2.马达加斯加,马达加斯加 新增UV,13.428571,16.0,14.0,14.714286,13.714286,13.428571,14.0,15.857143,-2.571429,-16.071429,1.294e-07,0.002387,9.5e-05
2.2.马里,马里 新增UV,62.0,49.571429,49.714286,57.428571,208.0,31.714286,31.142857,16.0,12.428571,25.072046,2.87185e-05,0.529666,0.021091
2.2.黎巴嫩,黎巴嫩 新增UV,41.714286,41.714286,34.714286,31.571429,39.285714,48.142857,51.285714,38.142857,0.0,0.0,2.6166e-06,0.04826,0.001922
2.2.黑山,黑山 新增UV,24.857143,27.285714,22.571429,20.428571,23.857143,24.571429,23.285714,17.571429,-2.428571,-8.900524,3.0921e-06,0.057028,0.002271
3,整体 新增次日留存UV,5726.714286,6673.142857,6039.857143,6019.142857,6373.571429,6158.285714,6539.571429,5805.571429,-946.428571,-14.182651,,,
3.1,渠道 新增次日留存UV,1457.571429,1945.142857,1824.857143,1837.714286,1831.428571,1811.571429,1745.428571,1559.857143,-487.571429,-25.066099,,,
3.1.unknow,unknow 新增次日留存UV,0.0,0.0,0.0,0.0,0.0,0.0,0.0,0.0,0.0,,,,
3.1.不丹,不丹 新增次日留存UV,0.0,0.0,0.0,0.0,0.0,1.0,0.0,1.0,0.0,,,,
3.1.东帝汶,东帝汶 新增次日留存UV,0.0,0.0,0.0,0.0,0.0,0.0,0.0,0.0,0.0,,,,
3.1.中国,中国 新增次日留存UV,0.333333,0.0,0.2,0.0,0.0,1.0,1.0,0.0,0.333333,,,,
3.1.中国台湾,中国台湾 新增次日留存UV,0.5,0.25,0.5,0.0,0.0,0.5,0.0,0.0,0.25,100.0,,,
3.1.中国澳门,中国澳门 新增次日留存UV,0.0,0.0,0.0,0.0,0.0,0.0,0.0,0.0,0.0,,,,
3.1.中国香港,中国香港 新增次日留存UV,18.857143,72.571429,10.857143,1.571429,3.428571,2.714286,0.857143,1.142857,-53.714286,-74.015748,,,
3.1.中非,中非 新增次日留存UV,0.0,0.0,0.0,0.0,0.0,0.0,0.0,0.0,0.0,,,,
3.1.丹麦,丹麦 新增次日留存UV,0.0,0.142857,0.666667,0.333333,0.0,0.75,0.2,0.4,-0.142857,-100.0,,,
3.1.乌克兰,乌克兰 新增次日留存UV,2.0,3.0,3.142857,2.714286,2.571429,3.0,3.571429,3.0,-1.0,-33.333333,,,
3.1.乌兹别克斯坦,乌兹别克斯坦 新增次日留存UV,0.0,0.285714,0.571429,0.285714,0.857143,0.428571,0.571429,0.142857,-0.285714,-100.0,,,
3.1.乌干达,乌干达 新增次日留存UV,0.5,0.0,0.5,0.5,0.0,1.0,0.0,0.4,0.5,,,,
3.1.乌拉圭,乌拉圭 新增次日留存UV,0.2,0.2,0.0,0.0,0.0,0.2,0.0,0.333333,0.0,0.0,,,
3.1.乍得,乍得 新增次日留存UV,0.0,0.0,0.0,0.0,0.0,0.0,0.0,0.0,0.0,,,,
3.1.也门,也门 新增次日留存UV,0.0,0.0,1.0,0.0,0.0,0.0,0.0,0.0,0.0,,,,
3.1.亚美尼亚,亚美尼亚 新增次日留存UV,0.4,0.4,0.428571,0.0,0.333333,0.4,0.333333,0.0,0.0,0.0,,,
3.1.以色列,以色列 新增次日留存UV,2.142857,4.428571,0.166667,0.5,0.0,0.0,0.571429,0.333333,-2.285714,-51.612903,,,
3.1.伊拉克,伊拉克 新增次日留存UV,1.142857,1.0,1.0,0.428571,1.0,1.0,1.714286,0.571429,0.142857,14.285714,,,
3.1.伊朗,伊朗 新增次日留存UV,103.571429,304.428571,77.428571,14.571429,9.0,5.714286,5.166667,0.5,-200.857143,-65.978414,,,
3.1.伯利兹,伯利兹 新增次日留存UV,0.0,0.0,0.0,0.0,0.0,0.0,0.0,0.0,0.0,,,,
3.1.佛得角,佛得角 新增次日留存UV,0.25,0.333333,1.0,0.0,0.0,1.0,0.0,0.0,-0.083333,-25.0,,,
3.1.俄罗斯,俄罗斯 新增次日留存UV,32.428571,38.0,29.428571,32.0,29.714286,32.571429,34.714286,31.714286,-5.571429,-14.661654,,,
3.1.保加利亚,保加利亚 新增次日留存UV,0.285714,0.285714,0.571429,0.666667,0.333333,0.142857,0.833333,0.0,0.0,0.0,,,
3.1.克罗地亚,克罗地亚 新增次日留存UV,1.142857,0.8,0.714286,1.285714,0.428571,0.0,1.714286,0.285714,0.342857,42.857143,,,
3.1.关岛,关岛 新增次日留存UV,0.0,0.0,0.0,0.0,0.0,0.0,0.5,0.0,0.0,,,,
3.1.冈比亚,冈比亚 新增次日留存UV,0.4,0.571429,0.5,0.2,0.142857,0.857143,1.0,0.5,-0.171429,-30.0,,,
3.1.冰岛,冰岛 新增次日留存UV,0.0,0.0,0.0,0.0,0.5,0.0,0.0,0.0,0.0,,,,
3.1.几内亚,几内亚 新增次日留存UV,0.0,0.0,1.0,0.0,0.0,1.0,0.0,0.0,0.0,,,,
3.1.几内亚比绍,几内亚比绍 新增次日留存UV,0.0,1.0,0.0,0.0,0.0,0.0,0.0,0.0,-1.0,-100.0,,,
3.1.列支敦士登,列支敦士登 新增次日留存UV,0.0,0.0,0.0,0.0,0.0,0.0,0.0,0.0,0.0,,,,
3.1.刚果共和国,刚果共和国 新增次日留存UV,0.0,0.0,0.0,0.0,0.0,0.0,0.0,0.0,0.0,,,,
3.1.刚果民主共和国,刚果民主共和国 新增次日留存UV,0.333333,0.25,1.0,1.0,0.333333,0.25,0.0,0.0,0.083333,33.333333,,,
3.1.利比亚,利比亚 新增次日留存UV,0.25,0.5,0.333333,0.5,0.2,0.0,0.0,0.0,-0.25,-50.0,,,
3.1.利比里亚,利比里亚 新增次日留存UV,0.0,0.0,0.0,1.0,0.0,1.0,0.0,0.333333,0.0,,,,
3.1.加拿大,加拿大 新增次日留存UV,9.285714,8.571429,21.142857,29.571429,10.571429,20.571429,19.142857,18.714286,0.714286,8.333333,,,
3.1.加纳,加纳 新增次日留存UV,1.0,1.0,1.0,1.0,1.285714,1.142857,1.428571,1.571429,0.0,0.0,,,
3.1.加蓬,加蓬 新增次日留存UV,0.0,0.0,0.0,0.0,0.0,0.0,0.0,0.0,0.0,,,,
3.1.匈牙利,匈牙利 新增次日留存UV,0.4,0.0,0.0,0.166667,0.0,0.285714,0.285714,0.0,0.4,,,,
3.1.北马其顿,北马其顿 新增次日留存UV,0.25,0.0,0.5,0.5,0.0,0.2,0.75,0.25,0.25,,,,
3.1.北马里亚纳群岛,北马里亚纳群岛 新增次日留存UV,0.0,0.0,0.0,0.0,0.0,0.0,0.0,0.0,0.0,,,,
3.1.南苏丹,南苏丹 新增次日留存UV,2.285714,1.857143,1.142857,0.857143,2.142857,1.714286,1.142857,3.285714,0.428571,23.076923,,,
3.1.南非,南非 新增次日留存UV,2.714286,3.285714,0.5,0.428571,0.571429,0.571429,0.285714,0.857143,-0.571429,-17.391304,,,
3.1.博茨瓦纳,博茨瓦纳 新增次日留存UV,0.0,0.0,0.0,0.0,0.0,0.0,0.0,0.0,0.0,,,,
3.1.卡塔尔,卡塔尔 新增次日留存UV,0.0,0.2,0.333333,0.5,0.0,0.25,0.2,0.5,-0.2,-100.0,,,
3.1.卢旺达,卢旺达 新增次日留存UV,0.0,0.333333,0.25,0.0,0.0,1.0,0.0,0.0,-0.333333,-100.0,,,
3.1.卢森堡,卢森堡 新增次日留存UV,0.0,0.0,0.0,0.0,0.0,0.0,0.666667,0.0,0.0,,,,
3.1.印度,印度 新增次日留存UV,5.714286,6.857143,5.142857,3.714286,3.857143,4.714286,4.714286,3.857143,-1.142857,-16.666667,,,
3.1.印度尼西亚,印度尼西亚 新增次日留存UV,1.428571,1.428571,0.571429,0.714286,0.714286,1.285714,0.714286,0.857143,0.0,0.0,,,
3.1.危地马拉,危地马拉 新增次日留存UV,0.142857,0.333333,0.4,0.0,0.0,0.0,0.333333,0.285714,-0.190476,-57.142857,,,
3.1.厄瓜多尔,厄瓜多尔 新增次日留存UV,0.285714,0.714286,1.142857,0.333333,0.142857,0.142857,0.714286,0.428571,-0.428571,-60.0,,,
3.1.叙利亚,叙利亚 新增次日留存UV,0.714286,0.714286,0.571429,0.714286,1.0,1.0,0.285714,0.428571,0.0,0.0,,,
3.1.古巴,古巴 新增次日留存UV,0.0,0.5,0.166667,0.0,0.25,0.8,0.0,0.0,-0.5,-100.0,,,
3.1.吉尔吉斯斯坦,吉尔吉斯斯坦 新增次日留存UV,0.0,0.428571,0.5,0.2,0.333333,0.285714,0.285714,0.166667,-0.428571,-100.0,,,
3.1.吉布提,吉布提 新增次日留存UV,0.0,0.0,0.0,0.0,0.0,0.0,0.0,0.0,0.0,,,,
3.1.哈萨克斯坦,哈萨克斯坦 新增次日留存UV,1.285714,1.142857,1.285714,0.714286,0.428571,1.0,0.857143,1.142857,0.142857,12.5,,,
3.1.哥伦比亚,哥伦比亚 新增次日留存UV,1.571429,1.857143,1.857143,1.142857,0.857143,1.285714,0.428571,2.142857,-0.285714,-15.384615,,,
3.1.哥斯达黎加,哥斯达黎加 新增次日留存UV,0.666667,0.0,0.4,0.0,0.25,0.714286,0.0,0.0,0.666667,,,,
3.1.喀麦隆,喀麦隆 新增次日留存UV,0.5,0.333333,0.5,0.333333,0.666667,0.0,1.0,0.0,0.166667,50.0,,,
3.1.图瓦卢,图瓦卢 新增次日留存UV,0.0,0.0,0.0,0.0,0.0,0.0,0.0,0.0,0.0,,,,
3.1.土库曼斯坦,土库曼斯坦 新增次日留存UV,0.0,0.0,0.0,0.0,0.0,0.0,0.5,0.0,0.0,,,,
3.1.土耳其,土耳其 新增次日留存UV,155.0,194.571429,125.571429,115.857143,169.857143,189.857143,159.428571,105.0,-39.571429,-20.337739,,,
3.1.圣卢西亚,圣卢西亚 新增次日留存UV,0.0,1.0,0.0,0.0,0.0,0.0,0.0,0.0,-1.0,-100.0,,,
3.1.圣基茨和尼维斯,圣基茨和尼维斯 新增次日留存UV,0.0,0.0,0.0,0.0,0.0,1.0,0.0,0.0,0.0,,,,
3.1.圣多美和普林西比,圣多美和普林西比 新增次日留存UV,0.0,0.0,0.0,0.0,0.0,0.0,0.0,0.0,0.0,,,,
3.1.圣巴泰勒米岛,圣巴泰勒米岛 新增次日留存UV,0.0,0.0,0.0,0.0,0.0,0.0,0.0,0.0,0.0,,,,
3.1.圣文森特和格林纳丁斯,圣文森特和格林纳丁斯 新增次日留存UV,1.0,0.0,0.0,0.0,0.0,0.0,0.0,0.0,1.0,,,,
3.1.圣皮埃尔和密克隆群岛,圣皮埃尔和密克隆群岛 新增次日留存UV,0.0,0.0,0.0,0.0,0.0,0.0,0.0,0.0,0.0,,,,
3.1.圣马力诺,圣马力诺 新增次日留存UV,0.0,0.0,0.0,0.0,0.0,0.0,0.0,0.0,0.0,,,,
3.1.圭亚那,圭亚那 新增次日留存UV,0.0,0.0,0.0,0.0,0.0,0.0,0.0,0.0,0.0,,,,
3.1.坦桑尼亚,坦桑尼亚 新增次日留存UV,0.0,0.4,1.0,0.4,0.333333,0.6,0.0,0.0,-0.4,-100.0,,,
3.1.埃及,埃及 新增次日留存UV,1.714286,0.333333,1.142857,1.714286,1.571429,0.857143,2.714286,0.285714,1.380952,414.285714,,,
3.1.埃塞俄比亚,埃塞俄比亚 新增次日留存UV,0.333333,0.0,0.0,0.5,0.0,0.5,0.0,0.2,0.333333,,,,
3.1.基里巴斯,基里巴斯 新增次日留存UV,0.0,0.0,0.0,0.0,0.0,0.0,0.0,0.0,0.0,,,,
3.1.塔吉克斯坦,塔吉克斯坦 新增次日留存UV,0.25,0.0,0.0,1.0,0.0,0.0,0.0,0.0,0.25,,,,
3.1.塞内加尔,塞内加尔 新增次日留存UV,0.0,1.0,0.0,0.0,0.333333,0.714286,0.5,0.5,-1.0,-100.0,,,
3.1.塞尔维亚,塞尔维亚 新增次日留存UV,0.142857,0.166667,0.714286,0.142857,0.142857,0.833333,0.2,0.5,-0.02381,-14.285714,,,
3.1.塞拉利昂,塞拉利昂 新增次日留存UV,0.333333,0.0,0.0,0.0,0.0,0.0,0.5,0.333333,0.333333,,,,
3.1.塞浦路斯,塞浦路斯 新增次日留存UV,0.285714,0.4,0.142857,0.5,0.333333,1.0,0.333333,0.0,-0.114286,-28.571429,,,
3.1.塞舌尔,塞舌尔 新增次日留存UV,0.0,0.0,0.0,0.0,0.0,0.0,1.0,0.0,0.0,,,,
3.1.墨西哥,墨西哥 新增次日留存UV,151.142857,89.714286,64.571429,71.285714,75.714286,67.285714,28.428571,22.0,61.428571,68.471338,,,
3.1.多哥,多哥 新增次日留存UV,0.0,0.25,0.0,0.5,0.0,0.0,0.333333,0.0,-0.25,-100.0,,,
3.1.多米尼克,多米尼克 新增次日留存UV,0.0,0.0,0.0,0.0,0.0,0.0,0.0,0.0,0.0,,,,
3.1.多米尼加,多米尼加 新增次日留存UV,1.0,0.428571,1.0,0.166667,0.142857,0.5,0.428571,0.857143,0.571429,133.333333,,,
3.1.奥兰群岛,奥兰群岛 新增次日留存UV,0.0,0.0,0.0,0.0,0.0,0.0,0.0,0.0,0.0,,,,
3.1.奥地利,奥地利 新增次日留存UV,0.714286,0.714286,0.142857,0.285714,0.571429,0.285714,0.714286,0.714286,0.0,0.0,,,
3.1.委内瑞拉,委内瑞拉 新增次日留存UV,0.0,0.285714,0.571429,0.714286,0.857143,0.285714,0.571429,0.857143,-0.285714,-100.0,,,
3.1.孟加拉,孟加拉 新增次日留存UV,3.0,2.714286,3.142857,3.857143,2.714286,3.714286,6.142857,4.142857,0.285714,10.526316,,,
3.1.安哥拉,安哥拉 新增次日留存UV,0.0,0.0,0.0,0.0,0.0,0.333333,0.333333,0.0,0.0,,,,
3.1.安圭拉,安圭拉 新增次日留存UV,0.0,0.0,0.0,0.0,0.0,0.0,0.0,0.0,0.0,,,,
3.1.安提瓜和巴布达,安提瓜和巴布达 新增次日留存UV,0.0,0.0,0.0,1.0,0.0,0.0,0.0,0.0,0.0,,,,
3.1.安道尔,安道尔 新增次日留存UV,0.0,0.0,0.0,0.0,0.5,1.0,0.0,0.0,0.0,,,,
3.1.密克罗尼西亚联邦,密克罗尼西亚联邦 新增次日留存UV,0.0,0.0,0.0,0.0,0.0,0.0,0.0,0.0,0.0,,,,
3.1.尼加拉瓜,尼加拉瓜 新增次日留存UV,0.0,0.0,0.333333,0.5,0.285714,0.25,0.0,0.666667,0.0,,,,
3.1.尼日利亚,尼日利亚 新增次日留存UV,5.285714,3.857143,6.571429,6.285714,4.714286,6.0,5.285714,4.142857,1.428571,37.037037,,,
3.1.尼日尔,尼日尔 新增次日留存UV,0.0,0.0,1.0,0.0,0.0,0.0,0.0,0.0,0.0,,,,
3.1.尼泊尔,尼泊尔 新增次日留存UV,0.333333,0.4,0.333333,0.333333,0.4,0.6,0.428571,0.428571,-0.066667,-16.666667,,,
3.1.巴勒斯坦,巴勒斯坦 新增次日留存UV,0.25,0.333333,0.25,0.5,0.166667,0.4,0.0,0.2,-0.083333,-25.0,,,
3.1.巴哈马,巴哈马 新增次日留存UV,0.0,0.166667,0.25,1.25,1.0,0.0,0.0,0.4,-0.166667,-100.0,,,
3.1.巴基斯坦,巴基斯坦 新增次日留存UV,1.428571,1.0,0.857143,1.142857,1.0,1.285714,2.142857,1.285714,0.428571,42.857143,,,
3.1.巴巴多斯,巴巴多斯 新增次日留存UV,0.0,0.5,1.0,0.5,0.0,0.5,0.0,0.333333,-0.5,-100.0,,,
3.1.巴布亚新几内亚,巴布亚新几内亚 新增次日留存UV,0.0,0.0,0.0,0.0,0.0,0.0,0.0,0.0,0.0,,,,
3.1.巴拉圭,巴拉圭 新增次日留存UV,0.2,0.333333,0.0,0.142857,0.5,0.142857,0.2,0.285714,-0.133333,-40.0,,,
3.1.巴拿马,巴拿马 新增次日留存UV,0.25,0.0,0.285714,0.5,0.2,0.4,0.0,0.0,0.25,,,,
3.1.巴林,巴林 新增次日留存UV,0.0,0.0,0.0,0.0,1.0,0.0,0.333333,0.0,0.0,,,,
3.1.巴西,巴西 新增次日留存UV,505.571429,806.714286,939.285714,926.571429,920.857143,784.285714,838.857143,913.285714,-301.142857,-37.329556,,,
3.1.布基纳法索,布基纳法索 新增次日留存UV,0.5,0.5,0.0,1.0,0.2,0.0,0.0,1.0,0.0,0.0,,,
3.1.布隆迪,布隆迪 新增次日留存UV,1.0,0.0,0.0,0.0,0.5,0.0,0.0,0.0,1.0,,,,
3.1.希腊,希腊 新增次日留存UV,2.857143,1.571429,2.285714,2.428571,1.428571,2.714286,1.285714,0.714286,1.285714,81.818182,,,
3.1.帕劳,帕劳 新增次日留存UV,0.0,0.0,0.0,0.0,0.0,0.0,0.0,0.0,0.0,,,,
3.1.库克群岛,库克群岛 新增次日留存UV,0.0,0.0,0.0,0.0,0.0,0.0,0.0,0.0,0.0,,,,
3.1.库拉索,库拉索 新增次日留存UV,0.0,0.0,0.0,0.0,0.0,0.0,0.0,0.0,0.0,,,,
3.1.开曼群岛,开曼群岛 新增次日留存UV,0.0,0.0,1.0,0.0,0.0,0.0,0.0,0.0,0.0,,,,
3.1.德国,德国 新增次日留存UV,37.571429,60.571429,38.857143,39.0,34.285714,32.857143,31.142857,20.428571,-23.0,-37.971698,,,
3.1.意大利,意大利 新增次日留存UV,3.142857,2.0,2.571429,2.714286,1.857143,4.0,1.571429,2.142857,1.142857,57.142857,,,
3.1.所罗门群岛,所罗门群岛 新增次日留存UV,0.0,0.0,0.0,0.0,0.0,0.0,0.0,0.0,0.0,,,,
3.1.拉脱维亚,拉脱维亚 新增次日留存UV,1.0,0.857143,0.428571,0.333333,0.285714,0.0,0.428571,0.166667,0.142857,16.666667,,,
3.1.挪威,挪威 新增次日留存UV,0.0,0.285714,0.714286,0.166667,1.0,0.428571,0.714286,0.571429,-0.285714,-100.0,,,
3.1.捷克,捷克 新增次日留存UV,0.4,0.428571,0.428571,0.166667,0.285714,0.285714,0.0,0.666667,-0.028571,-6.666667,,,
3.1.摩尔多瓦,摩尔多瓦 新增次日留存UV,0.166667,0.285714,0.4,0.0,0.0,0.5,0.166667,0.571429,-0.119048,-41.666667,,,
3.1.摩洛哥,摩洛哥 新增次日留存UV,0.714286,0.4,0.428571,0.333333,0.5,0.4,0.428571,0.571429,0.314286,78.571429,,,
3.1.摩纳哥,摩纳哥 新增次日留存UV,0.0,0.0,0.0,0.0,1.0,0.0,0.0,0.0,0.0,,,,
3.1.文莱,文莱 新增次日留存UV,0.0,0.0,0.0,0.0,0.0,0.0,0.0,0.0,0.0,,,,
3.1.斐济,斐济 新增次日留存UV,1.0,0.0,0.0,0.0,0.0,0.5,0.0,0.0,1.0,,,,
3.1.斯威士兰,斯威士兰 新增次日留存UV,0.0,0.0,0.0,0.0,0.0,0.0,0.0,0.0,0.0,,,,
3.1.斯洛伐克,斯洛伐克 新增次日留存UV,0.333333,0.0,0.5,0.166667,0.5,0.166667,0.0,0.2,0.333333,,,,
3.1.斯洛文尼亚,斯洛文尼亚 新增次日留存UV,0.25,0.0,0.333333,0.0,0.0,0.0,0.0,0.0,0.25,,,,
3.1.斯里兰卡,斯里兰卡 新增次日留存UV,0.0,0.0,0.0,0.5,0.333333,0.0,0.5,0.142857,0.0,,,,
3.1.新加坡,新加坡 新增次日留存UV,0.0,0.142857,0.428571,0.714286,0.333333,0.571429,0.5,0.571429,-0.142857,-100.0,,,
3.1.新喀里多尼亚,新喀里多尼亚 新增次日留存UV,0.0,0.0,0.0,0.0,0.0,0.0,0.0,0.0,0.0,,,,
3.1.新西兰,新西兰 新增次日留存UV,0.166667,0.333333,1.0,0.0,0.0,0.0,0.0,0.142857,-0.166667,-50.0,,,
3.1.日本,日本 新增次日留存UV,0.333333,0.285714,1.571429,2.0,1.142857,0.714286,0.571429,0.571429,0.047619,16.666667,,,
3.1.智利,智利 新增次日留存UV,1.0,1.857143,0.857143,0.857143,0.428571,0.142857,1.0,1.0,-0.857143,-46.153846,,,
3.1.柬埔寨,柬埔寨 新增次日留存UV,1.0,1.0,0.5,0.666667,0.0,0.0,0.0,0.0,0.0,0.0,,,
3.1.根西岛,根西岛 新增次日留存UV,0.0,0.0,0.0,0.0,0.0,0.0,1.0,0.0,0.0,,,,
3.1.格林纳达,格林纳达 新增次日留存UV,0.0,0.0,0.0,0.0,0.0,0.0,0.0,0.0,0.0,,,,
3.1.格陵兰,格陵兰 新增次日留存UV,0.0,0.0,0.0,0.0,0.0,0.0,0.0,0.0,0.0,,,,
3.1.格鲁吉亚,格鲁吉亚 新增次日留存UV,0.571429,0.333333,0.285714,0.0,0.428571,0.285714,0.5,0.428571,0.238095,71.428571,,,
3.1.比利时,比利时 新增次日留存UV,0.5,0.857143,0.166667,0.285714,0.0,0.166667,0.285714,0.142857,-0.357143,-41.666667,,,
3.1.毛里塔尼亚,毛里塔尼亚 新增次日留存UV,0.0,0.0,0.0,0.0,0.0,0.0,1.0,0.0,0.0,,,,
3.1.毛里求斯,毛里求斯 新增次日留存UV,0.0,0.5,0.0,0.5,0.0,0.0,0.0,0.5,-0.5,-100.0,,,
3.1.汤加,汤加 新增次日留存UV,0.0,0.0,0.0,0.0,0.0,0.0,0.0,0.0,0.0,,,,
3.1.沙特阿拉伯,沙特阿拉伯 新增次日留存UV,0.571429,0.0,0.666667,0.142857,0.285714,0.714286,0.666667,0.285714,0.571429,,,,
3.1.法国,法国 新增次日留存UV,3.571429,4.285714,5.714286,9.714286,11.0,10.0,7.428571,3.0,-0.714286,-16.666667,,,
3.1.法属圣马丁,法属圣马丁 新增次日留存UV,0.0,0.0,0.0,0.0,0.0,0.0,0.0,0.0,0.0,,,,
3.1.法属圭亚那,法属圭亚那 新增次日留存UV,0.0,0.0,0.0,0.0,0.5,0.0,0.0,0.0,0.0,,,,
3.1.法属波利尼西亚,法属波利尼西亚 新增次日留存UV,0.0,0.0,0.0,0.0,0.0,1.0,0.0,0.0,0.0,,,,
3.1.法罗群岛,法罗群岛 新增次日留存UV,0.0,0.0,0.0,0.0,0.0,0.0,0.0,0.0,0.0,,,,
3.1.波兰,波兰 新增次日留存UV,1.857143,1.142857,1.0,0.714286,1.142857,1.285714,1.428571,1.285714,0.714286,62.5,,,
3.1.波多黎各,波多黎各 新增次日留存UV,0.4,0.428571,0.714286,0.571429,0.5,0.142857,0.285714,0.0,-0.028571,-6.666667,,,
3.1.波黑,波黑 新增次日留存UV,0.2,0.2,0.0,0.333333,0.333333,0.333333,0.0,0.2,0.0,0.0,,,
3.1.泰国,泰国 新增次日留存UV,0.2,0.666667,0.166667,0.166667,0.428571,0.166667,0.4,1.0,-0.466667,-70.0,,,
3.1.泽西岛,泽西岛 新增次日留存UV,0.0,0.0,0.0,0.0,0.0,0.0,0.0,0.0,0.0,,,,
3.1.津巴布韦,津巴布韦 新增次日留存UV,0.0,0.0,0.0,0.333333,0.0,0.0,0.333333,0.0,0.0,,,,
3.1.洪都拉斯,洪都拉斯 新增次日留存UV,0.666667,0.333333,0.166667,0.2,0.2,0.5,0.166667,0.5,0.333333,100.0,,,
3.1.海地,海地 新增次日留存UV,0.2,0.666667,0.25,0.4,0.0,0.25,1.0,0.333333,-0.466667,-70.0,,,
3.1.澳大利亚,澳大利亚 新增次日留存UV,10.142857,12.571429,15.714286,13.714286,25.571429,33.0,9.857143,9.857143,-2.428571,-19.318182,,,
3.1.爱尔兰,爱尔兰 新增次日留存UV,0.428571,0.142857,0.857143,0.571429,0.428571,0.5,0.5,0.428571,0.285714,200.0,,,
3.1.爱沙尼亚,爱沙尼亚 新增次日留存UV,0.333333,0.428571,0.4,0.0,0.2,0.333333,0.0,0.333333,-0.095238,-22.222222,,,
3.1.牙买加,牙买加 新增次日留存UV,0.333333,0.4,0.571429,0.25,0.333333,0.166667,0.2,0.0,-0.066667,-16.666667,,,
3.1.特克斯和凯科斯群岛,特克斯和凯科斯群岛 新增次日留存UV,0.0,0.0,0.0,0.333333,0.0,0.0,0.0,1.0,0.0,,,,
3.1.特立尼达和多巴哥,特立尼达和多巴哥 新增次日留存UV,0.333333,0.0,0.25,0.0,1.0,0.333333,0.25,0.0,0.333333,,,,
3.1.玻利维亚,玻利维亚 新增次日留存UV,0.2,0.571429,0.142857,0.0,0.714286,0.166667,0.2,0.333333,-0.371429,-65.0,,,
3.1.瑙鲁,瑙鲁 新增次日留存UV,0.0,0.0,0.0,0.0,0.0,0.0,0.0,0.0,0.0,,,,
3.1.瑞典,瑞典 新增次日留存UV,1.142857,2.428571,1.714286,1.571429,0.428571,0.857143,0.428571,0.833333,-1.285714,-52.941176,,,
3.1.瑞士,瑞士 新增次日留存UV,0.285714,0.857143,1.142857,0.857143,0.428571,0.285714,0.142857,1.571429,-0.571429,-66.666667,,,
3.1.瓜德罗普,瓜德罗普 新增次日留存UV,0.0,0.0,0.0,0.0,0.0,0.0,0.0,0.0,0.0,,,,
3.1.瓦利斯和富图纳群岛,瓦利斯和富图纳群岛 新增次日留存UV,0.0,0.0,0.0,0.0,0.0,0.0,0.0,0.0,0.0,,,,
3.1.瓦努阿图,瓦努阿图 新增次日留存UV,0.0,0.5,0.0,0.0,0.0,0.0,0.0,0.0,-0.5,-100.0,,,
3.1.留尼汪岛,留尼汪岛 新增次日留存UV,0.0,0.0,0.0,0.0,0.0,0.0,0.0,0.0,0.0,,,,
3.1.白俄罗斯,白俄罗斯 新增次日留存UV,1.571429,2.142857,1.571429,1.0,1.714286,0.571429,1.285714,1.714286,-0.571429,-26.666667,,,
3.1.百慕大,百慕大 新增次日留存UV,0.0,0.0,0.0,0.0,0.0,0.0,0.0,0.0,0.0,,,,
3.1.直布罗陀,直布罗陀 新增次日留存UV,0.0,0.0,0.0,0.0,0.0,0.0,0.0,0.0,0.0,,,,
3.1.福克兰群岛,福克兰群岛 新增次日留存UV,0.0,0.0,0.0,0.0,0.0,0.0,0.0,0.0,0.0,,,,
3.1.科威特,科威特 新增次日留存UV,0.0,0.0,0.0,0.0,0.75,0.25,0.0,0.0,0.0,,,,
3.1.科摩罗,科摩罗 新增次日留存UV,0.0,0.0,0.0,0.0,0.0,0.0,0.0,0.0,0.0,,,,
3.1.科特迪瓦,科特迪瓦 新增次日留存UV,0.0,0.0,1.0,0.4,0.0,0.25,0.333333,0.333333,0.0,,,,
3.1.科索沃,科索沃 新增次日留存UV,0.0,0.5,0.0,0.0,0.0,0.0,0.0,0.333333,-0.5,-100.0,,,
3.1.秘鲁,秘鲁 新增次日留存UV,0.714286,0.714286,0.428571,1.142857,0.857143,0.714286,0.714286,1.285714,0.0,0.0,,,
3.1.突尼斯,突尼斯 新增次日留存UV,0.2,0.142857,0.166667,0.666667,0.166667,0.5,1.0,0.333333,0.057143,40.0,,,
3.1.立陶宛,立陶宛 新增次日留存UV,0.4,0.0,0.428571,0.0,0.285714,0.0,0.0,0.0,0.4,,,,
3.1.索马里,索马里 新增次日留存UV,0.0,0.2,0.0,0.333333,0.0,0.166667,0.333333,0.5,-0.2,-100.0,,,
3.1.约旦,约旦 新增次日留存UV,0.2,0.285714,0.0,0.25,0.0,0.428571,1.0,0.714286,-0.085714,-30.0,,,
3.1.纳米比亚,纳米比亚 新增次日留存UV,0.0,0.0,0.0,0.0,0.0,0.0,0.5,0.0,0.0,,,,
3.1.缅甸,缅甸 新增次日留存UV,0.2,0.333333,0.166667,0.0,0.285714,1.428571,0.428571,0.2,-0.133333,-40.0,,,
3.1.罗马尼亚,罗马尼亚 新增次日留存UV,0.714286,0.142857,0.666667,0.714286,0.2,0.428571,0.857143,0.571429,0.571429,400.0,,,
3.1.美国,美国 新增次日留存UV,282.142857,309.571429,327.285714,403.428571,410.0,487.571429,465.142857,326.142857,-27.428571,-8.860175,,,
3.1.美属维尔京群岛,美属维尔京群岛 新增次日留存UV,0.0,0.0,0.0,0.0,1.0,0.0,0.0,0.0,0.0,,,,
3.1.老挝,老挝 新增次日留存UV,0.0,0.0,0.0,0.0,0.0,0.0,0.0,0.0,0.0,,,,
3.1.肯尼亚,肯尼亚 新增次日留存UV,0.333333,0.428571,0.0,0.333333,0.5,0.714286,0.2,1.4,-0.095238,-22.222222,,,
3.1.芬兰,芬兰 新增次日留存UV,1.571429,1.428571,1.714286,1.142857,0.857143,0.857143,0.857143,0.5,0.142857,10.0,,,
3.1.苏丹,苏丹 新增次日留存UV,0.0,0.0,0.0,0.0,0.0,0.0,0.0,0.0,0.0,,,,
3.1.苏里南,苏里南 新增次日留存UV,0.0,0.0,0.0,0.0,0.0,0.0,0.0,0.0,0.0,,,,
3.1.英国,英国 新增次日留存UV,103.285714,103.571429,121.142857,116.857143,73.285714,76.142857,78.142857,42.428571,-0.285714,-0.275862,,,
3.1.英属维尔京群岛,英属维尔京群岛 新增次日留存UV,1.0,0.0,0.0,0.0,0.0,0.0,0.0,0.0,1.0,,,,
3.1.荷兰,荷兰 新增次日留存UV,4.142857,3.428571,2.857143,4.428571,3.714286,2.0,1.285714,2.142857,0.714286,20.833333,,,
3.1.荷兰加勒比,荷兰加勒比 新增次日留存UV,0.0,0.0,0.0,0.0,0.0,0.0,0.0,0.0,0.0,,,,
3.1.荷属圣马丁,荷属圣马丁 新增次日留存UV,0.0,0.0,0.0,0.0,0.0,1.0,0.0,0.0,0.0,,,,
3.1.荷属安的列斯,荷属安的列斯 新增次日留存UV,0.0,0.0,0.0,0.0,0.0,0.0,0.0,0.0,0.0,,,,
3.1.莫桑比克,莫桑比克 新增次日留存UV,0.0,0.0,0.0,0.0,0.0,0.333333,0.333333,0.0,0.0,,,,
3.1.莱索托,莱索托 新增次日留存UV,0.0,0.0,0.0,0.0,0.0,0.0,0.0,0.0,0.0,,,,
3.1.菲律宾,菲律宾 新增次日留存UV,0.833333,1.0,0.571429,1.142857,1.857143,0.857143,1.714286,2.0,-0.166667,-16.666667,,,
3.1.萨尔瓦多,萨尔瓦多 新增次日留存UV,0.166667,0.333333,0.333333,0.166667,0.166667,0.285714,0.2,0.0,-0.166667,-50.0,,,
3.1.萨摩亚,萨摩亚 新增次日留存UV,0.0,0.0,0.0,0.0,0.0,0.0,0.0,1.0,0.0,,,,
3.1.葡萄牙,葡萄牙 新增次日留存UV,1.142857,0.857143,1.571429,1.571429,1.428571,1.285714,0.428571,1.0,0.285714,33.333333,,,
3.1.蒙古,蒙古 新增次日留存UV,0.0,0.0,0.0,0.0,1.0,0.0,0.0,0.0,0.0,,,,
3.1.西班牙,西班牙 新增次日留存UV,29.857143,11.285714,20.142857,22.0,16.857143,21.142857,17.285714,13.142857,18.571429,164.556962,,,
3.1.贝宁,贝宁 新增次日留存UV,0.0,0.0,0.0,0.5,1.5,0.666667,0.0,0.0,0.0,,,,
3.1.赞比亚,赞比亚 新增次日留存UV,0.5,0.666667,0.0,0.0,1.0,0.333333,0.0,0.333333,-0.166667,-25.0,,,
3.1.赤道几内亚,赤道几内亚 新增次日留存UV,0.0,0.0,0.0,0.0,0.0,0.0,0.0,0.0,0.0,,,,
3.1.越南,越南 新增次日留存UV,0.285714,0.333333,0.666667,0.0,0.5,0.285714,0.571429,0.714286,-0.047619,-14.285714,,,
3.1.阿塞拜疆,阿塞拜疆 新增次日留存UV,0.428571,0.428571,0.333333,0.25,0.5,0.714286,0.142857,0.166667,0.0,0.0,,,
3.1.阿富汗,阿富汗 新增次日留存UV,0.0,0.0,0.0,0.166667,0.333333,0.666667,0.0,0.0,0.0,,,,
3.1.阿尔及利亚,阿尔及利亚 新增次日留存UV,0.5,0.428571,0.2,0.2,0.0,0.2,0.142857,0.0,0.071429,16.666667,,,
3.1.阿尔巴尼亚,阿尔巴尼亚 新增次日留存UV,0.714286,1.0,0.333333,0.714286,0.166667,0.2,0.285714,0.5,-0.285714,-28.571429,,,
3.1.阿曼,阿曼 新增次日留存UV,0.5,0.333333,0.0,0.333333,0.333333,0.25,0.0,0.0,0.166667,50.0,,,
3.1.阿根廷,阿根廷 新增次日留存UV,0.857143,0.428571,1.142857,0.571429,0.428571,1.0,0.428571,1.142857,0.428571,100.0,,,
3.1.阿联酋,阿联酋 新增次日留存UV,0.714286,0.0,0.428571,1.142857,0.571429,0.857143,1.142857,0.285714,0.714286,,,,
3.1.阿鲁巴,阿鲁巴 新增次日留存UV,0.5,0.25,0.666667,0.5,0.333333,0.0,0.0,0.333333,0.25,100.0,,,
3.1.韩国,韩国 新增次日留存UV,0.0,0.166667,0.0,0.166667,0.2,0.0,0.285714,0.142857,-0.166667,-100.0,,,
3.1.马尔代夫,马尔代夫 新增次日留存UV,0.0,0.0,0.0,0.5,1.0,1.0,0.0,0.5,0.0,,,,
3.1.马恩岛,马恩岛 新增次日留存UV,0.0,0.5,0.0,0.0,0.0,0.0,0.0,0.0,-0.5,-100.0,,,
3.1.马拉维,马拉维 新增次日留存UV,1.0,0.0,0.0,0.5,0.5,0.5,0.0,0.0,1.0,,,,
3.1.马提尼克岛,马提尼克岛 新增次日留存UV,0.0,0.0,0.0,0.0,0.0,0.0,0.0,0.0,0.0,,,,
3.1.马来西亚,马来西亚 新增次日留存UV,0.0,0.285714,0.2,0.285714,0.285714,0.2,0.571429,0.285714,-0.285714,-100.0,,,
3.1.马约特,马约特 新增次日留存UV,0.0,0.0,0.0,0.0,0.0,0.0,0.0,0.0,0.0,,,,
3.1.马绍尔群岛,马绍尔群岛 新增次日留存UV,0.0,0.0,0.0,0.0,0.0,0.0,0.0,0.0,0.0,,,,
3.1.马耳他,马耳他 新增次日留存UV,1.0,0.75,0.166667,0.0,0.25,0.6,0.25,0.333333,0.25,33.333333,,,
3.1.马达加斯加,马达加斯加 新增次日留存UV,0.0,0.0,0.0,0.0,0.0,0.0,0.0,0.0,0.0,,,,
3.1.马里,马里 新增次日留存UV,0.0,0.0,0.333333,0.0,0.2,0.5,0.0,0.0,0.0,,,,
3.1.黎巴嫩,黎巴嫩 新增次日留存UV,0.666667,0.2,0.0,0.166667,0.2,0.166667,1.0,0.8,0.466667,233.333333,,,
3.1.黑山,黑山 新增次日留存UV,0.285714,0.6,0.0,0.333333,0.333333,0.666667,0.4,0.0,-0.314286,-52.380952,,,
3.2,自然 新增次日留存UV,4269.142857,4728.0,4215.0,4181.428571,4542.142857,4346.714286,4794.142857,4245.714286,-458.857143,-9.7051,,,
3.2.unknow,unknow 新增次日留存UV,0.166667,0.0,0.2,0.0,0.0,0.2,0.2,0.0,0.166667,,,,
3.2.不丹,不丹 新增次日留存UV,0.0,0.0,0.0,0.0,0.0,0.0,0.0,0.0,0.0,,,,
3.2.东帝汶,东帝汶 新增次日留存UV,0.0,0.0,0.0,0.0,0.0,0.5,0.0,0.0,0.0,,,,
3.2.中国,中国 新增次日留存UV,7.0,6.428571,9.571429,10.571429,7.714286,8.0,8.571429,7.571429,0.571429,8.888889,,,
3.2.中国台湾,中国台湾 新增次日留存UV,1.142857,1.142857,1.571429,1.142857,1.285714,1.0,1.714286,2.285714,0.0,0.0,,,
3.2.中国澳门,中国澳门 新增次日留存UV,0.6,0.0,1.0,0.0,0.0,0.2,0.333333,0.0,0.6,,,,
3.2.中国香港,中国香港 新增次日留存UV,23.571429,44.285714,20.714286,12.142857,12.714286,13.285714,9.571429,9.285714,-20.714286,-46.774194,,,
3.2.中非,中非 新增次日留存UV,0.0,0.4,0.0,0.2,0.5,0.0,0.666667,0.0,-0.4,-100.0,,,
3.2.丹麦,丹麦 新增次日留存UV,7.0,3.285714,6.857143,5.285714,5.428571,7.714286,5.428571,4.142857,3.714286,113.043478,,,
3.2.乌克兰,乌克兰 新增次日留存UV,85.142857,82.571429,114.428571,55.571429,80.0,60.0,144.285714,158.571429,2.571429,3.114187,,,
3.2.乌兹别克斯坦,乌兹别克斯坦 新增次日留存UV,7.714286,25.428571,4.857143,7.0,6.857143,4.571429,9.571429,4.857143,-17.714286,-69.662921,,,
3.2.乌干达,乌干达 新增次日留存UV,3.428571,2.714286,2.857143,2.857143,2.571429,3.285714,3.714286,3.714286,0.714286,26.315789,,,
3.2.乌拉圭,乌拉圭 新增次日留存UV,2.142857,2.0,1.857143,1.285714,1.0,1.571429,1.285714,0.714286,0.142857,7.142857,,,
3.2.乍得,乍得 新增次日留存UV,0.428571,0.0,0.5,0.0,0.8,0.428571,0.5,0.428571,0.428571,,,,
3.2.也门,也门 新增次日留存UV,1.285714,0.714286,0.571429,0.857143,0.571429,0.714286,1.285714,1.428571,0.571429,80.0,,,
3.2.亚美尼亚,亚美尼亚 新增次日留存UV,11.571429,9.0,14.285714,38.571429,10.142857,6.0,6.285714,5.428571,2.571429,28.571429,,,
3.2.以色列,以色列 新增次日留存UV,16.428571,16.857143,13.285714,13.857143,15.571429,17.285714,21.857143,12.571429,-0.428571,-2.542373,,,
3.2.伊拉克,伊拉克 新增次日留存UV,14.0,9.714286,10.714286,11.142857,10.0,10.285714,16.714286,9.857143,4.285714,44.117647,,,
3.2.伊朗,伊朗 新增次日留存UV,150.428571,279.142857,106.714286,97.714286,80.714286,89.571429,81.142857,2.571429,-128.714286,-46.110542,,,
3.2.伯利兹,伯利兹 新增次日留存UV,0.285714,0.714286,0.285714,0.571429,0.571429,0.428571,0.714286,0.571429,-0.428571,-60.0,,,
3.2.佛得角,佛得角 新增次日留存UV,0.5,0.428571,0.166667,0.285714,0.5,0.0,0.571429,1.0,0.071429,16.666667,,,
3.2.俄罗斯,俄罗斯 新增次日留存UV,334.428571,394.428571,357.571429,375.428571,447.0,327.285714,368.428571,257.428571,-60.0,-15.21188,,,
3.2.保加利亚,保加利亚 新增次日留存UV,10.857143,12.857143,10.0,10.142857,9.857143,10.857143,10.714286,7.714286,-2.0,-15.555556,,,
3.2.克罗地亚,克罗地亚 新增次日留存UV,11.285714,9.714286,8.285714,8.0,7.857143,11.142857,8.0,7.428571,1.571429,16.176471,,,
3.2.关岛,关岛 新增次日留存UV,0.5,0.0,0.0,0.6,0.0,0.142857,0.333333,1.0,0.5,,,,
3.2.冈比亚,冈比亚 新增次日留存UV,3.285714,4.428571,5.714286,5.0,4.857143,12.714286,14.428571,7.714286,-1.142857,-25.806452,,,
3.2.冰岛,冰岛 新增次日留存UV,0.571429,0.142857,1.142857,0.428571,1.0,1.142857,0.714286,0.142857,0.428571,300.0,,,
3.2.几内亚,几内亚 新增次日留存UV,2.857143,2.714286,2.0,2.571429,3.285714,2.285714,2.285714,1.428571,0.142857,5.263158,,,
3.2.几内亚比绍,几内亚比绍 新增次日留存UV,0.6,0.4,0.5,0.142857,0.75,0.5,0.2,0.333333,0.2,50.0,,,
3.2.列支敦士登,列支敦士登 新增次日留存UV,0.333333,0.5,0.0,0.0,0.0,0.0,0.0,0.0,-0.166667,-33.333333,,,
3.2.刚果共和国,刚果共和国 新增次日留存UV,0.857143,0.857143,1.0,0.571429,2.285714,1.0,0.714286,0.857143,0.0,0.0,,,
3.2.刚果民主共和国,刚果民主共和国 新增次日留存UV,3.142857,3.0,1.714286,3.0,4.714286,3.0,4.857143,3.857143,0.142857,4.761905,,,
3.2.利比亚,利比亚 新增次日留存UV,0.857143,1.428571,1.0,1.857143,2.142857,2.714286,2.142857,2.857143,-0.571429,-40.0,,,
3.2.利比里亚,利比里亚 新增次日留存UV,3.428571,7.0,6.428571,3.571429,6.285714,5.714286,5.714286,4.714286,-3.571429,-51.020408,,,
3.2.加拿大,加拿大 新增次日留存UV,59.714286,69.714286,61.0,55.428571,56.0,61.857143,64.428571,56.285714,-10.0,-14.344262,,,
3.2.加纳,加纳 新增次日留存UV,29.142857,35.285714,42.857143,44.285714,55.0,39.571429,49.285714,62.714286,-6.142857,-17.408907,,,
3.2.加蓬,加蓬 新增次日留存UV,0.5,0.0,0.4,0.25,0.333333,0.0,0.666667,0.666667,0.5,,,,
3.2.匈牙利,匈牙利 新增次日留存UV,7.571429,8.428571,6.857143,6.285714,9.0,9.571429,6.857143,5.285714,-0.857143,-10.169492,,,
3.2.北马其顿,北马其顿 新增次日留存UV,2.571429,4.857143,5.142857,5.285714,4.142857,5.571429,4.714286,3.428571,-2.285714,-47.058824,,,
3.2.北马里亚纳群岛,北马里亚纳群岛 新增次日留存UV,0.0,0.0,0.0,0.0,0.0,0.0,0.0,0.0,0.0,,,,
3.2.南苏丹,南苏丹 新增次日留存UV,6.428571,7.428571,4.857143,7.0,6.285714,3.857143,5.714286,7.714286,-1.0,-13.461538,,,
3.2.南非,南非 新增次日留存UV,19.0,21.571429,15.857143,16.857143,14.714286,18.0,15.142857,18.142857,-2.571429,-11.92053,,,
3.2.博茨瓦纳,博茨瓦纳 新增次日留存UV,0.714286,0.5,0.166667,0.142857,0.333333,0.333333,0.857143,1.0,0.214286,42.857143,,,
3.2.卡塔尔,卡塔尔 新增次日留存UV,2.0,2.142857,1.857143,1.285714,1.571429,1.571429,4.0,1.714286,-0.142857,-6.666667,,,
3.2.卢旺达,卢旺达 新增次日留存UV,2.0,1.0,1.0,0.857143,1.142857,1.571429,0.857143,2.0,1.0,100.0,,,
3.2.卢森堡,卢森堡 新增次日留存UV,1.0,0.714286,0.857143,1.0,1.0,1.285714,0.428571,0.833333,0.285714,40.0,,,
3.2.印度,印度 新增次日留存UV,17.285714,19.571429,16.428571,13.285714,17.857143,19.714286,23.428571,26.142857,-2.285714,-11.678832,,,
3.2.印度尼西亚,印度尼西亚 新增次日留存UV,27.571429,26.857143,22.857143,19.714286,22.142857,32.428571,21.428571,21.571429,0.714286,2.659574,,,
3.2.危地马拉,危地马拉 新增次日留存UV,3.142857,5.285714,3.714286,2.428571,3.714286,3.142857,4.285714,3.142857,-2.142857,-40.540541,,,
3.2.厄瓜多尔,厄瓜多尔 新增次日留存UV,7.857143,7.714286,8.428571,7.285714,9.142857,7.428571,8.857143,9.142857,0.142857,1.851852,,,
3.2.叙利亚,叙利亚 新增次日留存UV,4.142857,5.428571,3.714286,4.285714,3.714286,4.285714,5.142857,4.714286,-1.285714,-23.684211,,,
3.2.古巴,古巴 新增次日留存UV,0.5,0.428571,0.285714,0.75,0.333333,0.285714,1.0,0.428571,0.071429,16.666667,,,
3.2.吉尔吉斯斯坦,吉尔吉斯斯坦 新增次日留存UV,6.857143,11.857143,8.428571,7.0,12.571429,4.0,30.0,15.571429,-5.0,-42.168675,,,
3.2.吉布提,吉布提 新增次日留存UV,0.0,0.0,0.0,0.0,0.0,0.0,0.0,0.666667,0.0,,,,
3.2.哈萨克斯坦,哈萨克斯坦 新增次日留存UV,45.285714,81.428571,48.571429,32.857143,82.285714,28.571429,129.571429,68.285714,-36.142857,-44.385965,,,
3.2.哥伦比亚,哥伦比亚 新增次日留存UV,34.714286,39.571429,33.285714,37.285714,37.428571,34.857143,40.714286,40.142857,-4.857143,-12.274368,,,
3.2.哥斯达黎加,哥斯达黎加 新增次日留存UV,4.714286,2.714286,3.0,2.714286,4.428571,3.714286,4.0,3.0,2.0,73.684211,,,
3.2.喀麦隆,喀麦隆 新增次日留存UV,5.285714,4.142857,3.571429,4.571429,4.714286,3.285714,6.571429,7.571429,1.142857,27.586207,,,
3.2.图瓦卢,图瓦卢 新增次日留存UV,0.0,0.0,0.0,0.0,1.0,0.0,0.0,0.0,0.0,,,,
3.2.土库曼斯坦,土库曼斯坦 新增次日留存UV,0.0,0.25,0.5,0.5,0.5,0.5,0.666667,0.0,-0.25,-100.0,,,
3.2.土耳其,土耳其 新增次日留存UV,107.428571,104.428571,93.857143,97.0,110.714286,140.714286,91.285714,69.571429,3.0,2.872777,,,
3.2.圣卢西亚,圣卢西亚 新增次日留存UV,0.571429,0.5,0.166667,0.0,0.714286,0.6,1.0,0.5,0.071429,14.285714,,,
3.2.圣基茨和尼维斯,圣基茨和尼维斯 新增次日留存UV,0.285714,0.4,0.4,0.0,1.0,0.5,0.0,0.0,-0.114286,-28.571429,,,
3.2.圣多美和普林西比,圣多美和普林西比 新增次日留存UV,0.0,0.0,0.0,0.0,0.0,0.0,0.5,0.0,0.0,,,,
3.2.圣巴泰勒米岛,圣巴泰勒米岛 新增次日留存UV,0.0,0.0,0.0,0.0,0.0,0.0,0.0,0.0,0.0,,,,
3.2.圣文森特和格林纳丁斯,圣文森特和格林纳丁斯 新增次日留存UV,0.25,0.25,0.5,0.0,0.25,0.0,1.0,0.5,0.0,0.0,,,
3.2.圣皮埃尔和密克隆群岛,圣皮埃尔和密克隆群岛 新增次日留存UV,0.0,0.0,0.0,0.0,0.0,0.0,0.0,0.0,0.0,,,,
3.2.圣马力诺,圣马力诺 新增次日留存UV,0.0,0.0,0.0,0.0,0.0,0.0,0.0,0.0,0.0,,,,
3.2.圭亚那,圭亚那 新增次日留存UV,0.571429,0.571429,0.285714,1.0,0.571429,0.285714,0.571429,0.571429,0.0,0.0,,,
3.2.坦桑尼亚,坦桑尼亚 新增次日留存UV,4.571429,3.857143,5.285714,3.857143,4.857143,3.571429,5.571429,6.428571,0.714286,18.518519,,,
3.2.埃及,埃及 新增次日留存UV,24.285714,21.714286,24.142857,23.0,23.714286,26.857143,32.857143,17.142857,2.571429,11.842105,,,
3.2.埃塞俄比亚,埃塞俄比亚 新增次日留存UV,3.285714,2.428571,2.0,2.857143,3.142857,4.714286,3.0,4.571429,0.857143,35.294118,,,
3.2.基里巴斯,基里巴斯 新增次日留存UV,0.0,0.0,0.0,0.0,0.0,0.0,0.0,0.0,0.0,,,,
3.2.塔吉克斯坦,塔吉克斯坦 新增次日留存UV,0.571429,0.571429,1.333333,0.857143,1.285714,0.571429,1.0,0.571429,0.0,0.0,,,
3.2.塞内加尔,塞内加尔 新增次日留存UV,8.714286,8.857143,8.142857,13.571429,20.571429,32.142857,52.285714,22.142857,-0.142857,-1.612903,,,
3.2.塞尔维亚,塞尔维亚 新增次日留存UV,18.428571,21.571429,13.428571,18.571429,22.714286,21.0,22.428571,22.0,-3.142857,-14.569536,,,
3.2.塞拉利昂,塞拉利昂 新增次日留存UV,2.285714,1.142857,2.0,2.857143,3.142857,2.857143,1.571429,2.142857,1.142857,100.0,,,
3.2.塞浦路斯,塞浦路斯 新增次日留存UV,3.857143,2.428571,5.0,4.142857,2.571429,4.285714,3.285714,3.714286,1.428571,58.823529,,,
3.2.塞舌尔,塞舌尔 新增次日留存UV,1.0,0.0,0.285714,1.0,0.428571,0.0,0.333333,0.6,1.0,,,,
3.2.墨西哥,墨西哥 新增次日留存UV,84.0,80.285714,66.857143,62.714286,64.714286,63.571429,61.0,57.285714,3.714286,4.626335,,,
3.2.多哥,多哥 新增次日留存UV,2.0,1.857143,1.142857,1.428571,1.285714,2.142857,3.428571,5.285714,0.142857,7.692308,,,
3.2.多米尼克,多米尼克 新增次日留存UV,0.0,0.5,0.5,0.0,0.0,0.5,0.333333,0.666667,-0.5,-100.0,,,
3.2.多米尼加,多米尼加 新增次日留存UV,9.857143,6.142857,7.571429,9.285714,7.428571,8.428571,7.428571,11.571429,3.714286,60.465116,,,
3.2.奥兰群岛,奥兰群岛 新增次日留存UV,0.0,0.0,0.0,0.0,0.0,0.0,0.0,0.0,0.0,,,,
3.2.奥地利,奥地利 新增次日留存UV,11.714286,12.714286,10.142857,12.714286,18.0,15.571429,13.142857,11.428571,-1.0,-7.865169,,,
3.2.委内瑞拉,委内瑞拉 新增次日留存UV,12.571429,9.142857,5.857143,11.0,8.142857,9.0,10.714286,13.285714,3.428571,37.5,,,
3.2.孟加拉,孟加拉 新增次日留存UV,67.285714,67.571429,64.285714,76.857143,86.142857,117.285714,160.428571,140.857143,-0.285714,-0.422833,,,
3.2.安哥拉,安哥拉 新增次日留存UV,3.0,3.428571,2.142857,2.714286,3.142857,3.0,2.428571,3.0,-0.428571,-12.5,,,
3.2.安圭拉,安圭拉 新增次日留存UV,0.0,0.0,0.0,0.0,0.0,0.5,0.0,0.0,0.0,,,,
3.2.安提瓜和巴布达,安提瓜和巴布达 新增次日留存UV,0.5,0.75,0.4,0.0,0.333333,0.5,0.166667,0.2,-0.25,-33.333333,,,
3.2.安道尔,安道尔 新增次日留存UV,0.2,0.0,0.0,0.0,0.666667,0.333333,0.0,0.0,0.2,,,,
3.2.密克罗尼西亚联邦,密克罗尼西亚联邦 新增次日留存UV,0.0,0.0,0.0,0.0,0.0,0.0,0.0,0.0,0.0,,,,
3.2.尼加拉瓜,尼加拉瓜 新增次日留存UV,3.428571,2.142857,3.285714,2.0,1.0,1.857143,0.857143,1.714286,1.285714,60.0,,,
3.2.尼日利亚,尼日利亚 新增次日留存UV,131.857143,147.857143,163.857143,161.428571,160.285714,166.714286,223.142857,252.714286,-16.0,-10.821256,,,
3.2.尼日尔,尼日尔 新增次日留存UV,2.0,1.285714,1.571429,0.833333,0.428571,0.285714,1.428571,1.0,0.714286,55.555556,,,
3.2.尼泊尔,尼泊尔 新增次日留存UV,3.428571,3.857143,3.571429,2.857143,3.571429,4.0,4.285714,4.428571,-0.428571,-11.111111,,,
3.2.巴勒斯坦,巴勒斯坦 新增次日留存UV,2.142857,1.428571,2.0,1.857143,3.428571,3.857143,4.857143,2.857143,0.714286,50.0,,,
3.2.巴哈马,巴哈马 新增次日留存UV,1.571429,1.571429,1.142857,1.285714,1.428571,0.714286,1.142857,0.714286,0.0,0.0,,,
3.2.巴基斯坦,巴基斯坦 新增次日留存UV,55.714286,44.714286,53.0,37.142857,29.428571,40.142857,73.857143,36.285714,11.0,24.600639,,,
3.2.巴巴多斯,巴巴多斯 新增次日留存UV,1.166667,0.833333,0.5,0.0,0.285714,0.428571,0.833333,0.428571,0.333333,40.0,,,
3.2.巴布亚新几内亚,巴布亚新几内亚 新增次日留存UV,0.285714,0.0,0.666667,0.75,0.333333,0.6,0.75,0.285714,0.285714,,,,
3.2.巴拉圭,巴拉圭 新增次日留存UV,3.714286,5.428571,3.714286,4.857143,4.714286,4.714286,4.714286,3.571429,-1.714286,-31.578947,,,
3.2.巴拿马,巴拿马 新增次日留存UV,2.857143,1.714286,2.285714,2.0,2.714286,2.0,3.0,2.714286,1.142857,66.666667,,,
3.2.巴林,巴林 新增次日留存UV,1.142857,0.857143,0.714286,1.142857,0.857143,1.0,0.833333,0.428571,0.285714,33.333333,,,
3.2.巴西,巴西 新增次日留存UV,1048.142857,1041.142857,1137.714286,1135.285714,1239.142857,1121.428571,1111.285714,1146.857143,7.0,0.672338,,,
3.2.布基纳法索,布基纳法索 新增次日留存UV,7.0,7.571429,7.857143,7.571429,11.285714,9.0,10.571429,11.714286,-0.571429,-7.54717,,,
3.2.布隆迪,布隆迪 新增次日留存UV,1.0,0.142857,0.6,0.714286,1.0,1.0,1.0,0.333333,0.857143,600.0,,,
3.2.希腊,希腊 新增次日留存UV,33.714286,33.285714,30.285714,30.285714,26.571429,27.428571,23.285714,17.714286,0.428571,1.287554,,,
3.2.帕劳,帕劳 新增次日留存UV,0.0,0.0,0.0,0.0,0.0,0.0,0.0,0.0,0.0,,,,
3.2.库克群岛,库克群岛 新增次日留存UV,0.0,0.0,0.0,0.5,0.0,1.0,0.0,0.5,0.0,,,,
3.2.库拉索,库拉索 新增次日留存UV,0.6,0.857143,0.4,0.428571,0.571429,0.714286,0.5,0.5,-0.257143,-30.0,,,
3.2.开曼群岛,开曼群岛 新增次日留存UV,0.4,0.5,0.8,0.166667,0.2,0.0,0.5,0.0,-0.1,-20.0,,,
3.2.德国,德国 新增次日留存UV,226.285714,342.857143,187.428571,194.714286,189.857143,156.714286,162.428571,118.714286,-116.571429,-34.0,,,
3.2.意大利,意大利 新增次日留存UV,73.857143,66.857143,60.0,67.857143,76.714286,68.428571,38.142857,32.285714,7.0,10.470085,,,
3.2.所罗门群岛,所罗门群岛 新增次日留存UV,0.333333,0.0,1.0,1.0,0.0,0.0,0.25,0.333333,0.333333,,,,
3.2.拉脱维亚,拉脱维亚 新增次日留存UV,12.857143,11.142857,12.428571,9.0,12.142857,9.285714,9.857143,6.714286,1.714286,15.384615,,,
3.2.挪威,挪威 新增次日留存UV,5.142857,5.571429,6.285714,14.428571,19.571429,13.428571,9.428571,8.857143,-0.428571,-7.692308,,,
3.2.捷克,捷克 新增次日留存UV,11.0,10.714286,8.142857,7.857143,9.857143,10.0,10.428571,7.857143,0.285714,2.666667,,,
3.2.摩尔多瓦,摩尔多瓦 新增次日留存UV,5.285714,5.714286,6.714286,3.142857,7.285714,7.428571,6.285714,6.285714,-0.428571,-7.5,,,
3.2.摩洛哥,摩洛哥 新增次日留存UV,11.571429,10.857143,9.857143,9.857143,9.142857,10.714286,13.285714,9.428571,0.714286,6.578947,,,
3.2.摩纳哥,摩纳哥 新增次日留存UV,0.5,0.0,0.4,0.5,0.5,0.25,0.666667,0.0,0.5,,,,
3.2.文莱,文莱 新增次日留存UV,0.2,0.8,0.75,0.333333,0.666667,0.0,0.25,0.142857,-0.6,-75.0,,,
3.2.斐济,斐济 新增次日留存UV,0.285714,0.0,0.0,0.6,0.428571,0.428571,0.666667,0.4,0.285714,,,,
3.2.斯威士兰,斯威士兰 新增次日留存UV,0.666667,0.0,0.0,0.333333,0.0,0.75,1.0,0.0,0.666667,,,,
3.2.斯洛伐克,斯洛伐克 新增次日留存UV,3.714286,3.142857,3.285714,3.857143,4.714286,3.428571,2.428571,3.428571,0.571429,18.181818,,,
3.2.斯洛文尼亚,斯洛文尼亚 新增次日留存UV,1.857143,2.857143,2.142857,1.714286,2.857143,2.142857,1.428571,0.714286,-1.0,-35.0,,,
3.2.斯里兰卡,斯里兰卡 新增次日留存UV,2.285714,2.571429,2.428571,2.0,2.285714,2.571429,3.142857,1.714286,-0.285714,-11.111111,,,
3.2.新加坡,新加坡 新增次日留存UV,8.428571,6.0,7.714286,8.428571,7.285714,5.285714,9.0,7.142857,2.428571,40.47619,,,
3.2.新喀里多尼亚,新喀里多尼亚 新增次日留存UV,0.333333,0.0,0.0,0.0,1.0,1.0,0.0,0.0,0.333333,,,,
3.2.新西兰,新西兰 新增次日留存UV,4.428571,2.142857,5.142857,2.142857,4.142857,6.0,4.0,3.428571,2.285714,106.666667,,,
3.2.日本,日本 新增次日留存UV,7.285714,5.571429,6.428571,9.428571,7.285714,10.142857,9.714286,6.142857,1.714286,30.769231,,,
3.2.智利,智利 新增次日留存UV,8.714286,10.142857,9.285714,8.714286,6.428571,9.714286,6.571429,7.714286,-1.428571,-14.084507,,,
3.2.柬埔寨,柬埔寨 新增次日留存UV,1.285714,1.428571,2.0,3.0,1.714286,1.571429,1.142857,2.285714,-0.142857,-10.0,,,
3.2.根西岛,根西岛 新增次日留存UV,0.333333,0.0,0.0,0.25,0.0,0.75,0.166667,0.2,0.333333,,,,
3.2.格林纳达,格林纳达 新增次日留存UV,0.6,0.666667,0.25,0.0,0.5,0.0,0.4,0.0,-0.066667,-10.0,,,
3.2.格陵兰,格陵兰 新增次日留存UV,0.0,0.0,1.0,0.0,0.0,0.5,0.0,0.0,0.0,,,,
3.2.格鲁吉亚,格鲁吉亚 新增次日留存UV,11.714286,11.857143,10.714286,12.285714,14.0,16.0,9.857143,11.571429,-0.142857,-1.204819,,,
3.2.比利时,比利时 新增次日留存UV,10.571429,11.142857,9.142857,8.142857,8.428571,11.285714,8.571429,10.285714,-0.571429,-5.128205,,,
3.2.毛里塔尼亚,毛里塔尼亚 新增次日留存UV,0.714286,0.166667,1.142857,1.0,2.142857,1.285714,1.142857,1.142857,0.547619,328.571429,,,
3.2.毛里求斯,毛里求斯 新增次日留存UV,0.571429,1.714286,0.428571,0.428571,0.714286,1.428571,0.857143,0.142857,-1.142857,-66.666667,,,
3.2.汤加,汤加 新增次日留存UV,0.0,0.0,1.0,0.0,0.0,0.0,0.0,0.0,0.0,,,,
3.2.沙特阿拉伯,沙特阿拉伯 新增次日留存UV,8.714286,12.142857,10.571429,11.285714,10.142857,14.285714,17.714286,10.428571,-3.428571,-28.235294,,,
3.2.法国,法国 新增次日留存UV,64.142857,65.428571,48.714286,52.857143,56.142857,57.142857,46.857143,38.0,-1.285714,-1.965066,,,
3.2.法属圣马丁,法属圣马丁 新增次日留存UV,1.0,0.0,0.0,0.0,0.333333,0.0,1.0,0.5,1.0,,,,
3.2.法属圭亚那,法属圭亚那 新增次日留存UV,0.0,0.0,0.0,1.0,0.5,0.75,0.0,0.0,0.0,,,,
3.2.法属波利尼西亚,法属波利尼西亚 新增次日留存UV,0.4,0.25,0.666667,0.2,0.0,0.666667,0.0,1.0,0.15,60.0,,,
3.2.法罗群岛,法罗群岛 新增次日留存UV,0.0,0.0,0.0,0.0,0.0,0.0,0.333333,0.0,0.0,,,,
3.2.波兰,波兰 新增次日留存UV,34.0,38.857143,32.285714,35.714286,33.428571,31.428571,48.142857,40.428571,-4.857143,-12.5,,,
3.2.波多黎各,波多黎各 新增次日留存UV,4.714286,4.571429,3.142857,4.428571,4.142857,5.0,4.714286,4.0,0.142857,3.125,,,
3.2.波黑,波黑 新增次日留存UV,5.714286,5.714286,6.0,6.571429,8.714286,9.428571,8.142857,5.571429,0.0,0.0,,,
3.2.泰国,泰国 新增次日留存UV,7.0,9.714286,6.428571,4.428571,6.857143,6.0,8.428571,9.0,-2.714286,-27.941176,,,
3.2.泽西岛,泽西岛 新增次日留存UV,0.0,0.0,0.0,0.0,0.0,0.0,0.0,0.0,0.0,,,,
3.2.津巴布韦,津巴布韦 新增次日留存UV,1.0,1.142857,1.0,0.571429,0.571429,0.714286,1.0,1.142857,-0.142857,-12.5,,,
3.2.洪都拉斯,洪都拉斯 新增次日留存UV,3.714286,4.714286,4.285714,2.428571,3.428571,3.428571,4.0,2.714286,-1.0,-21.212121,,,
3.2.海地,海地 新增次日留存UV,5.142857,4.0,3.428571,3.571429,4.714286,3.0,4.857143,5.857143,1.142857,28.571429,,,
3.2.澳大利亚,澳大利亚 新增次日留存UV,40.571429,40.285714,34.857143,35.714286,35.857143,45.142857,37.428571,34.0,0.285714,0.70922,,,
3.2.爱尔兰,爱尔兰 新增次日留存UV,15.428571,16.571429,12.428571,14.857143,15.571429,15.571429,14.571429,10.571429,-1.142857,-6.896552,,,
3.2.爱沙尼亚,爱沙尼亚 新增次日留存UV,7.142857,8.0,7.285714,7.857143,9.428571,8.428571,5.857143,5.857143,-0.857143,-10.714286,,,
3.2.牙买加,牙买加 新增次日留存UV,5.142857,5.0,4.285714,3.571429,4.571429,4.0,4.857143,4.571429,0.142857,2.857143,,,
3.2.特克斯和凯科斯群岛,特克斯和凯科斯群岛 新增次日留存UV,0.6,0.6,0.5,0.0,0.166667,0.25,0.5,0.4,0.0,0.0,,,
3.2.特立尼达和多巴哥,特立尼达和多巴哥 新增次日留存UV,1.142857,1.714286,1.285714,0.714286,1.714286,1.571429,1.0,0.857143,-0.571429,-33.333333,,,
3.2.玻利维亚,玻利维亚 新增次日留存UV,5.714286,5.428571,4.0,2.571429,3.714286,3.428571,3.857143,4.0,0.285714,5.263158,,,
3.2.瑙鲁,瑙鲁 新增次日留存UV,0.0,0.0,0.0,0.0,0.0,0.0,0.0,0.0,0.0,,,,
3.2.瑞典,瑞典 新增次日留存UV,22.571429,27.0,28.571429,31.857143,27.857143,23.0,20.428571,15.142857,-4.428571,-16.402116,,,
3.2.瑞士,瑞士 新增次日留存UV,14.0,16.428571,12.285714,10.857143,15.142857,12.857143,12.857143,10.428571,-2.428571,-14.782609,,,
3.2.瓜德罗普,瓜德罗普 新增次日留存UV,0.25,0.5,0.0,0.0,0.0,0.285714,0.0,0.0,-0.25,-50.0,,,
3.2.瓦利斯和富图纳群岛,瓦利斯和富图纳群岛 新增次日留存UV,0.0,0.0,0.0,0.0,0.0,0.0,0.0,0.0,0.0,,,,
3.2.瓦努阿图,瓦努阿图 新增次日留存UV,0.333333,0.0,1.5,1.0,0.0,0.0,0.0,0.0,0.333333,,,,
3.2.留尼汪岛,留尼汪岛 新增次日留存UV,0.333333,0.166667,0.142857,0.2,0.571429,0.2,0.5,0.5,0.166667,100.0,,,
3.2.白俄罗斯,白俄罗斯 新增次日留存UV,22.285714,27.571429,29.0,14.428571,39.142857,25.857143,47.571429,47.428571,-5.285714,-19.170984,,,
3.2.百慕大,百慕大 新增次日留存UV,1.0,0.0,0.0,0.4,0.2,0.75,0.0,0.0,1.0,,,,
3.2.直布罗陀,直布罗陀 新增次日留存UV,0.666667,0.666667,0.25,0.0,0.0,0.0,0.25,0.5,0.0,0.0,,,
3.2.福克兰群岛,福克兰群岛 新增次日留存UV,0.0,0.0,0.0,0.0,0.0,0.0,0.0,0.0,0.0,,,,
3.2.科威特,科威特 新增次日留存UV,1.857143,1.142857,2.428571,2.714286,3.428571,2.285714,2.857143,2.857143,0.714286,62.5,,,
3.2.科摩罗,科摩罗 新增次日留存UV,0.333333,0.5,0.0,0.333333,0.0,0.0,0.333333,0.5,-0.166667,-33.333333,,,
3.2.科特迪瓦,科特迪瓦 新增次日留存UV,8.857143,8.571429,6.285714,7.714286,14.0,12.857143,12.142857,16.571429,0.285714,3.333333,,,
3.2.科索沃,科索沃 新增次日留存UV,2.142857,3.428571,1.285714,1.857143,2.285714,4.285714,2.428571,2.428571,-1.285714,-37.5,,,
3.2.秘鲁,秘鲁 新增次日留存UV,14.0,16.571429,14.857143,11.428571,12.714286,16.714286,13.428571,14.714286,-2.571429,-15.517241,,,
3.2.突尼斯,突尼斯 新增次日留存UV,7.285714,5.0,5.0,5.571429,4.714286,5.857143,4.428571,3.857143,2.285714,45.714286,,,
3.2.立陶宛,立陶宛 新增次日留存UV,8.714286,8.0,9.857143,11.142857,11.428571,7.142857,8.0,6.0,0.714286,8.928571,,,
3.2.索马里,索马里 新增次日留存UV,2.571429,1.714286,2.0,2.285714,2.0,2.714286,3.714286,2.0,0.857143,50.0,,,
3.2.约旦,约旦 新增次日留存UV,3.285714,4.0,4.0,3.428571,4.571429,4.285714,7.714286,4.0,-0.714286,-17.857143,,,
3.2.纳米比亚,纳米比亚 新增次日留存UV,0.714286,1.0,0.571429,0.0,1.333333,0.6,0.285714,0.666667,-0.285714,-28.571429,,,
3.2.缅甸,缅甸 新增次日留存UV,3.285714,2.285714,1.857143,1.857143,1.428571,2.714286,2.142857,3.285714,1.0,43.75,,,
3.2.罗马尼亚,罗马尼亚 新增次日留存UV,19.0,18.428571,17.714286,18.714286,15.0,21.714286,16.857143,20.428571,0.571429,3.100775,,,
3.2.美国,美国 新增次日留存UV,602.142857,828.0,547.714286,516.142857,502.857143,557.428571,607.571429,556.0,-225.857143,-27.277433,,,
3.2.美属维尔京群岛,美属维尔京群岛 新增次日留存UV,0.333333,0.142857,1.0,0.0,0.4,0.833333,0.75,0.25,0.190476,133.333333,,,
3.2.老挝,老挝 新增次日留存UV,0.166667,0.166667,0.75,0.0,0.333333,0.0,0.2,0.25,0.0,0.0,,,
3.2.肯尼亚,肯尼亚 新增次日留存UV,5.285714,7.142857,5.714286,7.571429,7.285714,5.571429,7.0,9.857143,-1.857143,-26.0,,,
3.2.芬兰,芬兰 新增次日留存UV,26.571429,25.285714,23.571429,26.571429,30.285714,22.0,21.285714,15.428571,1.285714,5.084746,,,
3.2.苏丹,苏丹 新增次日留存UV,1.285714,1.142857,0.428571,0.571429,0.285714,1.285714,1.0,0.857143,0.142857,12.5,,,
3.2.苏里南,苏里南 新增次日留存UV,0.0,0.428571,0.571429,0.25,0.333333,1.0,0.6,0.142857,-0.428571,-100.0,,,
3.2.英国,英国 新增次日留存UV,197.571429,216.428571,184.142857,180.571429,183.857143,173.285714,211.0,149.285714,-18.857143,-8.712871,,,
3.2.英属维尔京群岛,英属维尔京群岛 新增次日留存UV,0.333333,0.0,0.0,0.5,1.0,0.0,0.0,0.333333,0.333333,,,,
3.2.荷兰,荷兰 新增次日留存UV,117.714286,115.0,123.428571,151.142857,161.714286,122.428571,129.714286,93.571429,2.714286,2.360248,,,
3.2.荷兰加勒比,荷兰加勒比 新增次日留存UV,0.0,0.333333,0.0,0.333333,0.0,0.333333,0.0,0.0,-0.333333,-100.0,,,
3.2.荷属圣马丁,荷属圣马丁 新增次日留存UV,0.333333,0.6,1.0,1.0,0.5,0.5,0.0,0.857143,-0.266667,-44.444444,,,
3.2.荷属安的列斯,荷属安的列斯 新增次日留存UV,0.0,0.0,0.0,0.0,0.0,0.0,0.0,0.0,0.0,,,,
3.2.莫桑比克,莫桑比克 新增次日留存UV,7.285714,5.428571,6.714286,7.142857,6.428571,8.142857,8.142857,8.285714,1.857143,34.210526,,,
3.2.莱索托,莱索托 新增次日留存UV,0.333333,0.5,0.0,0.5,0.0,0.0,0.0,0.333333,-0.166667,-33.333333,,,
3.2.菲律宾,菲律宾 新增次日留存UV,40.142857,46.0,46.142857,55.142857,52.428571,58.285714,66.857143,59.142857,-5.857143,-12.732919,,,
3.2.萨尔瓦多,萨尔瓦多 新增次日留存UV,1.714286,2.285714,3.285714,1.714286,1.714286,2.428571,3.0,1.857143,-0.571429,-25.0,,,
3.2.萨摩亚,萨摩亚 新增次日留存UV,0.0,0.0,1.0,0.0,0.0,0.0,1.0,0.0,0.0,,,,
3.2.葡萄牙,葡萄牙 新增次日留存UV,26.142857,27.714286,24.142857,29.571429,31.142857,33.857143,26.428571,24.428571,-1.571429,-5.670103,,,
3.2.蒙古,蒙古 新增次日留存UV,1.0,1.285714,0.571429,1.0,0.857143,0.857143,0.571429,0.285714,-0.285714,-22.222222,,,
3.2.西班牙,西班牙 新增次日留存UV,70.142857,63.285714,64.428571,63.857143,59.714286,60.0,59.428571,50.714286,6.857143,10.835214,,,
3.2.贝宁,贝宁 新增次日留存UV,3.571429,5.285714,5.857143,5.142857,4.142857,6.857143,11.0,14.857143,-1.714286,-32.432432,,,
3.2.赞比亚,赞比亚 新增次日留存UV,1.857143,1.0,1.428571,2.428571,1.0,2.428571,2.142857,1.571429,0.857143,85.714286,,,
3.2.赤道几内亚,赤道几内亚 新增次日留存UV,0.5,0.0,0.25,0.0,0.166667,0.2,0.0,0.166667,0.5,,,,
3.2.越南,越南 新增次日留存UV,9.571429,7.285714,7.0,8.142857,6.857143,6.285714,7.714286,6.857143,2.285714,31.372549,,,
3.2.阿塞拜疆,阿塞拜疆 新增次日留存UV,8.285714,7.428571,6.0,7.571429,9.571429,10.714286,6.571429,6.0,0.857143,11.538462,,,
3.2.阿富汗,阿富汗 新增次日留存UV,1.428571,2.428571,2.0,2.857143,2.571429,3.428571,4.142857,2.285714,-1.0,-41.176471,,,
3.2.阿尔及利亚,阿尔及利亚 新增次日留存UV,7.0,5.0,4.571429,6.285714,6.0,4.0,6.714286,6.0,2.0,40.0,,,
3.2.阿尔巴尼亚,阿尔巴尼亚 新增次日留存UV,12.571429,18.428571,14.571429,13.428571,12.857143,16.428571,10.857143,8.857143,-5.857143,-31.782946,,,
3.2.阿曼,阿曼 新增次日留存UV,1.285714,1.571429,2.0,0.714286,1.142857,1.428571,4.714286,1.285714,-0.285714,-18.181818,,,
3.2.阿根廷,阿根廷 新增次日留存UV,21.285714,17.571429,15.571429,19.285714,18.857143,20.714286,20.142857,22.142857,3.714286,21.138211,,,
3.2.阿联酋,阿联酋 新增次日留存UV,12.571429,11.0,8.428571,9.0,11.714286,11.0,16.285714,8.428571,1.571429,14.285714,,,
3.2.阿鲁巴,阿鲁巴 新增次日留存UV,1.0,1.0,0.285714,1.142857,0.333333,1.0,0.833333,0.571429,0.0,0.0,,,
3.2.韩国,韩国 新增次日留存UV,2.857143,3.714286,2.857143,3.571429,3.571429,4.285714,4.285714,4.285714,-0.857143,-23.076923,,,
3.2.马尔代夫,马尔代夫 新增次日留存UV,0.857143,1.142857,0.142857,1.428571,1.857143,1.142857,1.428571,1.285714,-0.285714,-25.0,,,
3.2.马恩岛,马恩岛 新增次日留存UV,0.0,0.6,0.0,0.2,0.2,0.0,0.0,0.166667,-0.6,-100.0,,,
3.2.马拉维,马拉维 新增次日留存UV,2.285714,1.2,1.714286,2.0,1.571429,1.571429,1.285714,2.142857,1.085714,90.47619,,,
3.2.马提尼克岛,马提尼克岛 新增次日留存UV,0.5,0.0,0.75,0.0,0.25,0.0,0.0,0.0,0.5,,,,
3.2.马来西亚,马来西亚 新增次日留存UV,6.857143,7.0,7.285714,7.571429,8.857143,17.285714,9.857143,7.571429,-0.142857,-2.040816,,,
3.2.马约特,马约特 新增次日留存UV,0.0,0.0,0.0,0.0,0.0,0.0,0.0,0.0,0.0,,,,
3.2.马绍尔群岛,马绍尔群岛 新增次日留存UV,0.0,0.0,0.0,0.0,0.0,0.0,0.0,0.0,0.0,,,,
3.2.马耳他,马耳他 新增次日留存UV,2.857143,2.142857,3.285714,1.0,2.428571,2.571429,0.857143,1.571429,0.714286,33.333333,,,
3.2.马达加斯加,马达加斯加 新增次日留存UV,2.142857,3.857143,2.714286,2.857143,3.285714,2.857143,3.0,3.285714,-1.714286,-44.444444,,,
3.2.马里,马里 新增次日留存UV,11.857143,8.285714,10.142857,8.285714,38.714286,5.571429,7.714286,4.571429,3.571429,43.103448,,,
3.2.黎巴嫩,黎巴嫩 新增次日留存UV,6.285714,6.285714,5.142857,6.285714,6.857143,8.142857,8.142857,5.285714,0.0,0.0,,,
3.2.黑山,黑山 新增次日留存UV,4.714286,5.285714,4.285714,3.571429,5.714286,4.285714,4.142857,2.428571,-0.571429,-10.810811,,,
