层级,指标,本周,上周,2周前,3周前,4周前,5周前,6周前,7周前,wow,wow%,对整体变化绝对值贡献,对整体变化值贡献率,对整体变化率贡献
1,整体 次留,0.320492,0.323171,0.32246,0.325393,0.325307,0.317409,0.321539,0.319666,-0.002679,-0.828999,-0.002679,100.0,-0.828999
1.1,新用户 次留,0.141583,0.136161,0.142303,0.142372,0.144165,0.134085,0.138158,0.136863,0.005422,3.981948,0.0003584376,-13.379531,0.110916
1.2,老用户 次留,0.331092,0.33641,0.33357,0.336754,0.336812,0.329927,0.334198,0.331543,-0.005318,-1.580766,-0.0049664376,185.384009,-1.536832
1.2.1,Android 次留,0.315722,0.318702,0.320279,0.323064,0.320111,0.315694,0.321347,0.319065,-0.00298,-0.935022,-0.0006907133,25.782505,-0.213737
1.2.1.unknow,unknow 次留,0.243902,0.28,0.261438,0.273292,0.253886,0.283582,0.264368,0.350515,-0.036098,-12.891986,-1.0434e-06,0.038947,-0.000323
1.2.1.不丹,不丹 次留,0.076923,0.0,0.0,0.142857,0.133333,0.153846,0.285714,0.333333,0.076923,,1.902e-07,-0.007101,5.9e-05
1.2.1.东帝汶,东帝汶 次留,0.333333,0.592593,0.518519,0.346154,0.517241,0.416667,0.304348,0.387097,-0.259259,-43.75,-1.3489e-06,0.050351,-0.000417
1.2.1.中国,中国 次留,0.38762,0.390503,0.366622,0.375718,0.351121,0.341873,0.353226,0.326845,-0.002883,-0.738391,-7.839e-07,0.02926,-0.000243
1.2.1.中国台湾,中国台湾 次留,0.381053,0.352535,0.346723,0.409091,0.379455,0.357314,0.348039,0.358779,0.028518,8.089439,2.385e-06,-0.089025,0.000738
1.2.1.中国澳门,中国澳门 次留,0.166667,0.0,0.375,0.5,0.357143,0.4,0.466667,0.692308,0.166667,,2.248e-07,-0.008392,7e-05
1.2.1.中国香港,中国香港 次留,0.267116,0.271309,0.347656,0.389831,0.422902,0.375,0.406114,0.426729,-0.004193,-1.545473,-1.4503e-06,0.054137,-0.000449
1.2.1.中非,中非 次留,0.090909,0.25,0.214286,0.111111,0.1,0.083333,0.111111,0.0,-0.159091,-63.636364,-2.861e-07,0.01068,-8.9e-05
1.2.1.丹麦,丹麦 次留,0.377358,0.347015,0.416961,0.382239,0.355556,0.39823,0.366906,0.392308,0.030344,8.744167,3.134e-06,-0.116984,0.00097
1.2.1.乌克兰,乌克兰 次留,0.35709,0.354709,0.358145,0.350313,0.352514,0.342972,0.346308,0.346881,0.002381,0.671222,3.8779e-06,-0.144752,0.0012
1.2.1.乌兹别克斯坦,乌兹别克斯坦 次留,0.267054,0.249254,0.299145,0.269565,0.289116,0.265442,0.253499,0.276461,0.0178,7.141305,2.2981e-06,-0.085783,0.000711
1.2.1.乌干达,乌干达 次留,0.293853,0.267776,0.25884,0.26383,0.272966,0.233748,0.243173,0.227097,0.026077,9.738351,3.3215e-06,-0.123984,0.001028
1.2.1.乌拉圭,乌拉圭 次留,0.387141,0.367545,0.371389,0.348446,0.381842,0.362319,0.301813,0.365432,0.019596,5.331544,2.7226e-06,-0.101627,0.000842
1.2.1.乍得,乍得 次留,0.219512,0.138889,0.135135,0.125,0.0625,0.234043,0.173913,0.097561,0.080623,58.04878,5.593e-07,-0.020877,0.000173
1.2.1.也门,也门 次留,0.227129,0.312081,0.251678,0.319079,0.28125,0.270769,0.25,0.274238,-0.084951,-27.220922,-4.8783e-06,0.182094,-0.00151
1.2.1.亚美尼亚,亚美尼亚 次留,0.271318,0.292683,0.282974,0.294993,0.279514,0.313386,0.360465,0.306502,-0.021365,-7.299742,-3.2071e-06,0.119714,-0.000992
1.2.1.以色列,以色列 次留,0.391248,0.366038,0.41911,0.365541,0.384211,0.377682,0.374207,0.386564,0.025211,6.887447,5.1494e-06,-0.192213,0.001593
1.2.1.伊拉克,伊拉克 次留,0.272865,0.27207,0.280615,0.283535,0.271654,0.281925,0.299716,0.271795,0.000795,0.292157,2.967e-07,-0.011076,9.2e-05
1.2.1.伊朗,伊朗 次留,0.214221,0.237687,0.260806,0.260404,0.273801,0.264087,0.262848,0.2344,-0.023466,-9.87246,-0.0001333043,4.975898,-0.04125
1.2.1.伯利兹,伯利兹 次留,0.211765,0.384615,0.317308,0.274336,0.284314,0.376238,0.298077,0.380165,-0.172851,-44.941176,-3.031e-06,0.11314,-0.000938
1.2.1.佛得角,佛得角 次留,0.383333,0.376812,0.358025,0.445946,0.526316,0.461538,0.414286,0.306452,0.006522,1.730769,8.67e-08,-0.003236,2.7e-05
1.2.1.俄罗斯,俄罗斯 次留,0.311125,0.312577,0.309994,0.314479,0.317276,0.312614,0.306813,0.307306,-0.001453,-0.464696,-1.4963e-05,0.55853,-0.00463
1.2.1.保加利亚,保加利亚 次留,0.397024,0.396907,0.36484,0.367686,0.388707,0.372459,0.361128,0.36529,0.000117,0.029375,3.94e-08,-0.001469,1.2e-05
1.2.1.克罗地亚,克罗地亚 次留,0.388925,0.397366,0.402585,0.406408,0.376206,0.36669,0.389872,0.369438,-0.008441,-2.124242,-5.0635e-06,0.189007,-0.001567
1.2.1.关岛,关岛 次留,0.375,0.48,0.411765,0.375,0.3125,0.28,0.275862,0.318182,-0.105,-21.875,-5.058e-07,0.018881,-0.000157
1.2.1.冈比亚,冈比亚 次留,0.222727,0.214876,0.24911,0.259843,0.200426,0.177743,0.333748,0.238095,0.007851,3.653846,7.322e-07,-0.027332,0.000227
1.2.1.冰岛,冰岛 次留,0.295775,0.455446,0.435897,0.364407,0.42,0.362637,0.419643,0.42,-0.159671,-35.058175,-3.1076e-06,0.115998,-0.000962
1.2.1.几内亚,几内亚 次留,0.297619,0.259259,0.275229,0.221239,0.237705,0.211009,0.236486,0.206522,0.03836,14.795918,7.983e-07,-0.029799,0.000247
1.2.1.几内亚比绍,几内亚比绍 次留,0.321429,0.3,0.0625,0.185185,0.157895,0.315789,0.296296,0.171429,0.021429,7.142857,1.445e-07,-0.005395,4.5e-05
1.2.1.列支敦士登,列支敦士登 次留,0.0,,,,0.0,1.0,0.6,0.571429,,,,,
1.2.1.刚果共和国,刚果共和国 次留,0.217391,0.244444,0.240964,0.22619,0.21978,0.282051,0.243902,0.157895,-0.027053,-11.067194,-4.692e-07,0.017513,-0.000145
1.2.1.刚果民主共和国,刚果民主共和国 次留,0.249263,0.259684,0.266568,0.284404,0.257511,0.271754,0.258065,0.252212,-0.010422,-4.013266,-1.3997e-06,0.052245,-0.000433
1.2.1.利比亚,利比亚 次留,0.16763,0.213368,0.225974,0.232984,0.216578,0.178571,0.251101,0.214797,-0.045738,-21.436033,-3.4285e-06,0.127977,-0.001061
1.2.1.利比里亚,利比里亚 次留,0.16828,0.176636,0.156273,0.155983,0.171932,0.162575,0.182642,0.152693,-0.008356,-4.730742,-2.2881e-06,0.085408,-0.000708
1.2.1.加拿大,加拿大 次留,0.370749,0.361314,0.356642,0.36777,0.360281,0.365547,0.3596,0.358825,0.009434,2.611142,2.16373e-05,-0.807663,0.006696
1.2.1.加纳,加纳 次留,0.240756,0.247182,0.257962,0.255743,0.288925,0.266506,0.309453,0.312057,-0.006426,-2.599707,-1.5379e-06,0.057407,-0.000476
1.2.1.加蓬,加蓬 次留,0.219512,0.25,0.225806,0.28125,0.205882,0.3125,0.135135,0.204082,-0.030488,-12.195122,-1.88e-07,0.007018,-5.8e-05
1.2.1.匈牙利,匈牙利 次留,0.358149,0.354861,0.362466,0.375857,0.367771,0.345916,0.349466,0.359947,0.003288,0.926633,9.32e-07,-0.03479,0.000288
1.2.1.北马其顿,北马其顿 次留,0.356052,0.329049,0.336095,0.338028,0.337403,0.345934,0.352306,0.347477,0.027003,8.206338,4.0483e-06,-0.151111,0.001253
1.2.1.北马里亚纳群岛,北马里亚纳群岛 次留,,,,,,0.0,0.75,0.0,,,,,
1.2.1.南极洲,南极洲 次留,0.0,0.0,,,,,0.0,0.25,0.0,,0.0,-0.0,0.0
1.2.1.南苏丹,南苏丹 次留,0.189069,0.174285,0.185633,0.190395,0.181436,0.175468,0.171306,0.178756,0.014784,8.482568,8.6634e-06,-0.32338,0.002681
1.2.1.南非,南非 次留,0.364155,0.349457,0.36832,0.347181,0.351002,0.353733,0.352338,0.352405,0.014698,4.206058,1.66878e-05,-0.622911,0.005164
1.2.1.博茨瓦纳,博茨瓦纳 次留,0.372222,0.270968,0.348101,0.404255,0.348571,0.355,0.342105,0.34715,0.101254,37.367725,3.0243e-06,-0.112888,0.000936
1.2.1.卡塔尔,卡塔尔 次留,0.275758,0.295031,0.259259,0.266106,0.283286,0.233333,0.297398,0.257732,-0.019273,-6.532695,-1.1959e-06,0.044639,-0.00037
1.2.1.卢旺达,卢旺达 次留,0.284065,0.283854,0.271709,0.261194,0.202667,0.263456,0.276215,0.2343,0.00021,0.074157,1.56e-08,-0.000583,5e-06
1.2.1.卢森堡,卢森堡 次留,0.398601,0.387097,0.340741,0.421053,0.347518,0.392308,0.412903,0.387597,0.011505,2.972028,2.749e-07,-0.010261,8.5e-05
1.2.1.印度,印度 次留,0.290717,0.291704,0.295917,0.294189,0.297848,0.28927,0.295599,0.293873,-0.000987,-0.338483,-2.9347e-06,0.109544,-0.000908
1.2.1.印度尼西亚,印度尼西亚 次留,0.409872,0.410839,0.41757,0.398387,0.399332,0.415805,0.402847,0.397038,-0.000967,-0.235348,-1.1724e-06,0.043764,-0.000363
1.2.1.危地马拉,危地马拉 次留,0.300809,0.319283,0.328194,0.328823,0.34,0.33007,0.336251,0.313043,-0.018473,-5.785902,-7.9386e-06,0.296327,-0.002457
1.2.1.厄瓜多尔,厄瓜多尔 次留,0.331639,0.338658,0.335472,0.341351,0.351606,0.346841,0.350054,0.340865,-0.007019,-2.072524,-7.1969e-06,0.268642,-0.002227
1.2.1.厄立特里亚,厄立特里亚 次留,,,,,,,,,,,,,
1.2.1.叙利亚,叙利亚 次留,0.282651,0.29461,0.289767,0.298507,0.29282,0.289151,0.340485,0.296618,-0.011959,-4.059131,-4.9592e-06,0.185115,-0.001535
1.2.1.古巴,古巴 次留,0.169903,0.145098,0.176692,0.178295,0.180672,0.185714,0.188192,0.213816,0.024805,17.095251,1.2189e-06,-0.045497,0.000377
1.2.1.吉尔吉斯斯坦,吉尔吉斯斯坦 次留,0.309456,0.29085,0.267559,0.295732,0.319749,0.30563,0.310263,0.347305,0.018606,6.39709,1.0971e-06,-0.040952,0.000339
1.2.1.吉布提,吉布提 次留,0.142857,0.166667,0.2,0.0,0.214286,0.2,0.157895,0.166667,-0.02381,-14.285714,-6.42e-08,0.002398,-2e-05
1.2.1.哈萨克斯坦,哈萨克斯坦 次留,0.334178,0.346774,0.318041,0.327224,0.306931,0.321994,0.334028,0.322271,-0.012596,-3.632309,-5.4176e-06,0.202224,-0.001676
1.2.1.哥伦比亚,哥伦比亚 次留,0.341737,0.344775,0.339339,0.339281,0.342104,0.335855,0.335057,0.335798,-0.003038,-0.881252,-1.04374e-05,0.389601,-0.00323
1.2.1.哥斯达黎加,哥斯达黎加 次留,0.359667,0.374642,0.377931,0.371731,0.351489,0.35963,0.378788,0.355846,-0.014974,-3.997011,-4.0284e-06,0.150369,-0.001247
1.2.1.喀麦隆,喀麦隆 次留,0.273616,0.224913,0.266212,0.255814,0.230769,0.236246,0.264205,0.185075,0.048702,21.653721,2.7123e-06,-0.101241,0.000839
1.2.1.图瓦卢,图瓦卢 次留,,,,,,,,,,,,,
1.2.1.土库曼斯坦,土库曼斯坦 次留,0.410256,0.4,0.26087,0.369565,0.349057,0.300752,0.283784,0.341463,0.010256,2.564103,1.087e-07,-0.004057,3.4e-05
1.2.1.土耳其,土耳其 次留,0.289897,0.292667,0.300346,0.30176,0.296999,0.306112,0.338376,0.313036,-0.002771,-0.94666,-1.4027e-05,0.523593,-0.004341
1.2.1.圣卢西亚,圣卢西亚 次留,0.365591,0.367347,0.378788,0.333333,0.373626,0.239437,0.336957,0.359551,-0.001756,-0.477897,-3.32e-08,0.001238,-1e-05
1.2.1.圣基茨和尼维斯,圣基茨和尼维斯 次留,0.366667,0.315789,0.388889,0.857143,0.181818,0.222222,0.409091,0.52381,0.050877,16.111111,2.173e-07,-0.008112,6.7e-05
1.2.1.圣多美和普林西比,圣多美和普林西比 次留,0.736842,0.555556,0.611111,0.823529,0.833333,0.526316,0.464286,0.3,0.181287,32.631579,9.432e-07,-0.035207,0.000292
1.2.1.圣巴泰勒米岛,圣巴泰勒米岛 次留,,,,,,,,,,,,,
1.2.1.圣文森特和格林纳丁斯,圣文森特和格林纳丁斯 次留,0.540541,0.333333,0.384615,0.16,0.454545,0.258065,0.424242,0.333333,0.207207,62.162162,1.5572e-06,-0.058127,0.000482
1.2.1.圣皮埃尔和密克隆群岛,圣皮埃尔和密克隆群岛 次留,,,0.5,,,,,,,,,,
1.2.1.圣马力诺,圣马力诺 次留,0.0,,0.333333,,,0.0,,0.0,,,,,
1.2.1.圭亚那,圭亚那 次留,0.260116,0.35122,0.28934,0.275862,0.327957,0.296117,0.280952,0.320574,-0.091104,-25.939306,-3.5989e-06,0.134337,-0.001114
1.2.1.坦桑尼亚,坦桑尼亚 次留,0.264334,0.247335,0.245026,0.271255,0.270772,0.283465,0.251724,0.267857,0.017,6.873094,3.0726e-06,-0.114691,0.000951
1.2.1.埃及,埃及 次留,0.289582,0.283353,0.275432,0.285214,0.284871,0.281137,0.317569,0.274688,0.006229,2.198384,8.0613e-06,-0.300908,0.002495
1.2.1.埃塞俄比亚,埃塞俄比亚 次留,0.176784,0.210276,0.185294,0.192529,0.207294,0.192703,0.195482,0.208627,-0.033492,-15.927698,-6.783e-06,0.253191,-0.002099
1.2.1.基里巴斯,基里巴斯 次留,,,,,0.0,0.0,,,,,,,
1.2.1.塔吉克斯坦,塔吉克斯坦 次留,0.223602,0.272727,0.294479,0.225564,0.292857,0.215385,0.20155,0.203883,-0.049125,-18.012422,-1.3537e-06,0.050529,-0.000419
1.2.1.塞内加尔,塞内加尔 次留,0.231631,0.236613,0.257627,0.227273,0.265552,0.300786,0.375277,0.242371,-0.004981,-2.105263,-7.709e-07,0.028776,-0.000239
1.2.1.塞尔维亚,塞尔维亚 次留,0.328767,0.318752,0.330638,0.332995,0.322544,0.317749,0.321384,0.323798,0.010015,3.142008,1.26175e-05,-0.470978,0.003904
1.2.1.塞拉利昂,塞拉利昂 次留,0.192488,0.241706,0.272727,0.26455,0.27619,0.248649,0.247826,0.238579,-0.049218,-20.362699,-2.0012e-06,0.074698,-0.000619
1.2.1.塞浦路斯,塞浦路斯 次留,0.409459,0.408505,0.417004,0.46165,0.426534,0.392562,0.414097,0.406886,0.000954,0.233609,1.427e-07,-0.005325,4.4e-05
1.2.1.塞舌尔,塞舌尔 次留,0.484375,0.395349,0.414634,0.414634,0.532258,0.625,0.537037,0.529412,0.089026,22.518382,7.377e-07,-0.027535,0.000228
1.2.1.墨西哥,墨西哥 次留,0.33136,0.343103,0.336271,0.341852,0.341143,0.341546,0.347218,0.345946,-0.011744,-3.422777,-9.21819e-05,3.440908,-0.028525
1.2.1.多哥,多哥 次留,0.263158,0.19403,0.224044,0.314815,0.234899,0.310734,0.313901,0.260417,0.069128,35.62753,1.785e-06,-0.066629,0.000552
1.2.1.多米尼克,多米尼克 次留,0.5,0.25,0.272727,0.125,0.2,0.111111,0.333333,0.533333,0.25,100.0,6.744e-07,-0.025175,0.000209
1.2.1.多米尼加,多米尼加 次留,0.339013,0.344515,0.354059,0.367609,0.366579,0.349962,0.375311,0.366312,-0.005502,-1.596885,-1.1694e-06,0.043652,-0.000362
1.2.1.奥兰群岛,奥兰群岛 次留,,0.0,0.0,,0.5,,,,,,,,
1.2.1.奥地利,奥地利 次留,0.385486,0.352673,0.384915,0.371928,0.359041,0.394459,0.365228,0.384243,0.032813,9.304169,9.6995e-06,-0.362056,0.003001
1.2.1.委内瑞拉,委内瑞拉 次留,0.312112,0.296053,0.255984,0.322739,0.324215,0.3078,0.3135,0.319711,0.016059,5.424332,1.31704e-05,-0.491615,0.004075
1.2.1.孟加拉,孟加拉 次留,0.189239,0.196928,0.204893,0.203637,0.208882,0.211777,0.243439,0.201869,-0.007688,-3.904106,-4.20509e-05,1.569649,-0.013012
1.2.1.安哥拉,安哥拉 次留,0.371951,0.297297,0.309091,0.291545,0.349727,0.310056,0.304094,0.297368,0.074654,25.110865,5.3227e-06,-0.198683,0.001647
1.2.1.安圭拉,安圭拉 次留,0.75,0.666667,0.0,0.0,0.333333,0.333333,0.666667,0.833333,0.083333,12.5,1.124e-07,-0.004196,3.5e-05
1.2.1.安提瓜和巴布达,安提瓜和巴布达 次留,0.449438,0.5,0.5,0.445783,0.514706,0.268293,0.365854,0.487805,-0.050562,-10.11236,-1.0523e-06,0.039278,-0.000326
1.2.1.安道尔,安道尔 次留,0.428571,0.380952,0.413793,0.307692,0.1875,0.307692,0.485714,0.266667,0.047619,12.5,2.248e-07,-0.008392,7e-05
1.2.1.密克罗尼西亚联邦,密克罗尼西亚联邦 次留,0.0,,,,,0.333333,,0.0,,,,,
1.2.1.尼加拉瓜,尼加拉瓜 次留,0.368421,0.358696,0.4,0.368421,0.358073,0.328916,0.355991,0.346389,0.009725,2.711324,1.5517e-06,-0.05792,0.00048
1.2.1.尼日利亚,尼日利亚 次留,0.291931,0.289083,0.276848,0.280103,0.293511,0.288852,0.299114,0.281849,0.002847,0.9849,4.7005e-06,-0.175458,0.001455
1.2.1.尼日尔,尼日尔 次留,0.276596,0.233645,0.292135,0.29703,0.237624,0.264706,0.335664,0.263636,0.042951,18.382979,8.856e-07,-0.033057,0.000274
1.2.1.尼泊尔,尼泊尔 次留,0.182927,0.17837,0.188518,0.184189,0.182024,0.186137,0.185645,0.202967,0.004557,2.554906,1.088e-06,-0.040612,0.000337
1.2.1.巴勒斯坦,巴勒斯坦 次留,0.254464,0.259912,0.243243,0.283898,0.248889,0.296578,0.369048,0.292237,-0.005448,-2.095944,-2.383e-07,0.008895,-7.4e-05
1.2.1.巴哈马,巴哈马 次留,0.423077,0.439394,0.389706,0.471831,0.37931,0.460938,0.439655,0.472868,-0.016317,-3.713528,-4.15e-07,0.015492,-0.000128
1.2.1.巴基斯坦,巴基斯坦 次留,0.201121,0.1958,0.200556,0.203414,0.197627,0.205971,0.238961,0.190044,0.005322,2.717838,1.35735e-05,-0.506665,0.0042
1.2.1.巴巴多斯,巴巴多斯 次留,0.270588,0.417582,0.295082,0.183099,0.116883,0.243243,0.27957,0.246575,-0.146994,-35.201238,-2.5776e-06,0.096216,-0.000798
1.2.1.巴布亚新几内亚,巴布亚新几内亚 次留,0.324324,0.382114,0.385321,0.448598,0.366071,0.269231,0.372727,0.36036,-0.057789,-15.123634,-1.3697e-06,0.051128,-0.000424
1.2.1.巴拉圭,巴拉圭 次留,0.341425,0.349645,0.348689,0.354064,0.343554,0.343901,0.352523,0.331499,-0.00822,-2.350847,-2.0069e-06,0.074912,-0.000621
1.2.1.巴拿马,巴拿马 次留,0.349046,0.353914,0.345729,0.35743,0.316686,0.326134,0.344754,0.361876,-0.004868,-1.375472,-8.508e-07,0.031759,-0.000263
1.2.1.巴林,巴林 次留,0.201923,0.303571,0.285714,0.362069,0.238095,0.25,0.375,0.335664,-0.101648,-33.484163,-2.1938e-06,0.081888,-0.000679
1.2.1.巴西,巴西 次留,0.311527,0.315063,0.316676,0.318406,0.316137,0.311084,0.312203,0.31098,-0.003536,-1.122242,-0.000387455,14.462671,-0.119895
1.2.1.布基纳法索,布基纳法索 次留,0.241573,0.269517,0.243816,0.229803,0.278066,0.276339,0.28529,0.272578,-0.027944,-10.368074,-2.897e-06,0.108137,-0.000896
1.2.1.布隆迪,布隆迪 次留,0.246445,0.240909,0.227979,0.270492,0.285714,0.268182,0.251825,0.256881,0.005536,2.298131,2.347e-07,-0.00876,7.3e-05
1.2.1.希腊,希腊 次留,0.396865,0.391617,0.404297,0.394974,0.388163,0.37242,0.390254,0.373269,0.005247,1.339856,5.4771e-06,-0.204445,0.001695
1.2.1.帕劳,帕劳 次留,0.0,,,,0.0,0.0,0.25,0.0,,,,,
1.2.1.库克群岛,库克群岛 次留,0.444444,0.666667,0.0,0.6,0.166667,0.333333,0.6,0.25,-0.222222,-33.333333,-2.998e-07,0.011189,-9.3e-05
1.2.1.库拉索,库拉索 次留,0.365854,0.268293,0.363636,0.351852,0.407407,0.471698,0.434783,0.391304,0.097561,36.363636,7.708e-07,-0.028772,0.000239
1.2.1.开曼群岛,开曼群岛 次留,0.368421,0.238095,0.32,0.475,0.470588,0.382353,0.294118,0.26087,0.130326,54.736842,5.274e-07,-0.019686,0.000163
1.2.1.德国,德国 次留,0.33478,0.338231,0.353066,0.36082,0.355704,0.359548,0.366281,0.371663,-0.003451,-1.020396,-1.57053e-05,0.586239,-0.00486
1.2.1.意大利,意大利 次留,0.373163,0.37806,0.382569,0.384204,0.379852,0.383228,0.389599,0.383033,-0.004897,-1.295205,-9.1354e-06,0.341001,-0.002827
1.2.1.所罗门群岛,所罗门群岛 次留,0.315789,0.454545,0.478261,0.45,0.321429,0.157895,0.37037,0.346154,-0.138756,-30.526316,-5.882e-07,0.021957,-0.000182
1.2.1.托克劳群岛,托克劳群岛 次留,,,,,,,,,,,,,
1.2.1.拉脱维亚,拉脱维亚 次留,0.355675,0.344123,0.379777,0.387993,0.373198,0.372973,0.327324,0.371375,0.011552,3.356958,2.6134e-06,-0.097551,0.000809
1.2.1.挪威,挪威 次留,0.401247,0.372737,0.39424,0.352941,0.357692,0.350911,0.379813,0.408635,0.02851,7.648946,5.1587e-06,-0.192561,0.001596
1.2.1.捷克,捷克 次留,0.391994,0.356659,0.382948,0.386719,0.373123,0.390681,0.357562,0.357369,0.035335,9.907313,9.0491e-06,-0.337781,0.0028
1.2.1.摩尔多瓦,摩尔多瓦 次留,0.285298,0.313643,0.323099,0.283654,0.302326,0.291121,0.323495,0.291399,-0.028344,-9.037147,-3.8835e-06,0.144961,-0.001202
1.2.1.摩洛哥,摩洛哥 次留,0.302558,0.295964,0.298496,0.3182,0.303803,0.300683,0.311404,0.282626,0.006594,2.227915,3.1169e-06,-0.116346,0.000965
1.2.1.摩纳哥,摩纳哥 次留,0.285714,0.375,0.6,0.333333,0.153846,0.555556,0.166667,0.375,-0.089286,-23.809524,-1.606e-07,0.005994,-5e-05
1.2.1.文莱,文莱 次留,0.392857,0.391892,0.523077,0.381818,0.439394,0.337662,0.506329,0.416667,0.000965,0.246305,1.38e-08,-0.000514,4e-06
1.2.1.斐济,斐济 次留,0.301887,0.346154,0.410714,0.313131,0.343434,0.275,0.264368,0.351852,-0.044267,-12.78826,-6.654e-07,0.024836,-0.000206
1.2.1.斯威士兰,斯威士兰 次留,0.52,0.418182,0.409091,0.243902,0.15625,0.285714,0.27027,0.193548,0.101818,24.347826,1.0791e-06,-0.04028,0.000334
1.2.1.斯洛伐克,斯洛伐克 次留,0.383047,0.377712,0.421503,0.399354,0.37961,0.355088,0.379276,0.399558,0.005335,1.412499,1.0424e-06,-0.038911,0.000323
1.2.1.斯洛文尼亚,斯洛文尼亚 次留,0.331839,0.362035,0.327623,0.370614,0.344017,0.337995,0.356674,0.352941,-0.030197,-8.340807,-2.9734e-06,0.110988,-0.00092
1.2.1.斯里兰卡,斯里兰卡 次留,0.292214,0.252973,0.305473,0.281609,0.278672,0.254579,0.303602,0.294495,0.039241,15.512086,6.9945e-06,-0.261088,0.002164
1.2.1.新加坡,新加坡 次留,0.355293,0.370717,0.389114,0.37428,0.376849,0.350123,0.393636,0.389413,-0.015424,-4.160516,-4.7703e-06,0.178064,-0.001476
1.2.1.新喀里多尼亚,新喀里多尼亚 次留,0.0,0.0,0.0,0.0,0.0,0.285714,0.2,0.0,0.0,,0.0,-0.0,0.0
1.2.1.新西兰,新西兰 次留,0.356979,0.353733,0.360494,0.355529,0.374157,0.358945,0.371837,0.344828,0.003246,0.917707,5.11e-07,-0.019075,0.000158
1.2.1.日本,日本 次留,0.406652,0.418242,0.376443,0.36827,0.412362,0.357276,0.39472,0.407832,-0.01159,-2.771151,-2.0078e-06,0.074946,-0.000621
1.2.1.智利,智利 次留,0.40044,0.378279,0.379243,0.398793,0.374215,0.379698,0.386393,0.397533,0.022161,5.85832,1.96993e-05,-0.735322,0.006096
1.2.1.柬埔寨,柬埔寨 次留,0.27381,0.261146,0.287671,0.252747,0.247059,0.286517,0.232558,0.227273,0.012663,4.849013,3.831e-07,-0.014301,0.000119
1.2.1.根西岛,根西岛 次留,0.0,0.2,0.222222,0.181818,0.5,0.428571,0.5,0.0,-0.2,-100.0,-4.496e-07,0.016783,-0.000139
1.2.1.格林纳达,格林纳达 次留,0.289474,0.285714,0.433962,0.348837,0.212121,0.266667,0.4,0.289474,0.003759,1.315789,3.04e-08,-0.001136,9e-06
1.2.1.格陵兰,格陵兰 次留,0.0,0.285714,0.666667,0.0,0.0,,0.0,0.0,-0.285714,-100.0,-8.993e-07,0.033567,-0.000278
1.2.1.格鲁吉亚,格鲁吉亚 次留,0.349587,0.364775,0.362158,0.364088,0.339692,0.353111,0.322169,0.318999,-0.015188,-4.163617,-3.9715e-06,0.148247,-0.001229
1.2.1.梵蒂冈,梵蒂冈 次留,,,,,0.5,,,,,,,,
1.2.1.比利时,比利时 次留,0.380435,0.389542,0.359495,0.360972,0.36161,0.358436,0.362848,0.357872,-0.009108,-2.338051,-2.685e-06,0.100224,-0.000831
1.2.1.毛里塔尼亚,毛里塔尼亚 次留,0.319444,0.35,0.365854,0.272727,0.260274,0.283784,0.340426,0.282051,-0.030556,-8.730159,-3.533e-07,0.013187,-0.000109
1.2.1.毛里求斯,毛里求斯 次留,0.356364,0.307087,0.332168,0.295019,0.30605,0.288136,0.331058,0.291188,0.049277,16.04662,2.4119e-06,-0.090029,0.000746
1.2.1.汤加,汤加 次留,0.0,0.0,0.0,,,0.0,0.0,0.0,0.0,,0.0,-0.0,0.0
1.2.1.沙特阿拉伯,沙特阿拉伯 次留,0.236364,0.222912,0.227739,0.242537,0.239899,0.229255,0.281433,0.265905,0.013452,6.034522,4.5933e-06,-0.171457,0.001421
1.2.1.法国,法国 次留,0.355422,0.362759,0.361849,0.366385,0.370776,0.366374,0.375489,0.380684,-0.007337,-2.022424,-9.9618e-06,0.371849,-0.003083
1.2.1.法属圣马丁,法属圣马丁 次留,0.0,0.0,0.777778,0.0,0.0,0.0,0.0,0.0,0.0,,0.0,-0.0,0.0
1.2.1.法属圭亚那,法属圭亚那 次留,0.125,0.294118,0.285714,0.214286,0.181818,0.142857,0.333333,0.375,-0.169118,-57.5,-5.54e-07,0.02068,-0.000171
1.2.1.法属波利尼西亚,法属波利尼西亚 次留,0.111111,0.5,0.157895,0.4375,0.538462,0.142857,0.5,0.230769,-0.388889,-77.777778,-1.7985e-06,0.067134,-0.000557
1.2.1.法罗群岛,法罗群岛 次留,0.428571,0.4,0.333333,0.0,1.0,0.0,0.5,0.0,0.028571,7.142857,6.42e-08,-0.002398,2e-05
1.2.1.波兰,波兰 次留,0.363964,0.358663,0.368102,0.368421,0.348541,0.354944,0.367531,0.3678,0.005301,1.478023,5.4711e-06,-0.204222,0.001693
1.2.1.波多黎各,波多黎各 次留,0.408293,0.411483,0.379705,0.434916,0.437294,0.462279,0.408346,0.396007,-0.00319,-0.775194,-3.854e-07,0.014387,-0.000119
1.2.1.波黑,波黑 次留,0.322218,0.343223,0.335264,0.347004,0.335681,0.329158,0.33422,0.340309,-0.021005,-6.119853,-1.20053e-05,0.448125,-0.003715
1.2.1.泰国,泰国 次留,0.471096,0.468354,0.488007,0.463262,0.454874,0.454386,0.437448,0.466205,0.002741,0.585314,6.261e-07,-0.023372,0.000194
1.2.1.泽西岛,泽西岛 次留,0.25,0.52381,0.576923,0.25,0.176471,0.153846,0.482759,0.421053,-0.27381,-52.272727,-1.108e-06,0.041359,-0.000343
1.2.1.津巴布韦,津巴布韦 次留,0.346715,0.304029,0.289199,0.292517,0.344697,0.31769,0.353801,0.27619,0.042686,14.040102,2.2456e-06,-0.083821,0.000695
1.2.1.洪都拉斯,洪都拉斯 次留,0.378323,0.385582,0.394595,0.394098,0.362558,0.350536,0.353617,0.377627,-0.007259,-1.882583,-2.115e-06,0.078947,-0.000654
1.2.1.海地,海地 次留,0.259563,0.297334,0.288551,0.270751,0.267394,0.277845,0.287049,0.284153,-0.037771,-12.703348,-1.06483e-05,0.397473,-0.003295
1.2.1.澳大利亚,澳大利亚 次留,0.340479,0.344248,0.324103,0.330689,0.327737,0.343211,0.331206,0.339641,-0.003769,-1.09477,-4.9685e-06,0.18546,-0.001537
1.2.1.爱尔兰,爱尔兰 次留,0.383312,0.359674,0.378708,0.390313,0.369654,0.359195,0.383394,0.389822,0.023638,6.572008,9.5108e-06,-0.355015,0.002943
1.2.1.爱沙尼亚,爱沙尼亚 次留,0.392424,0.359886,0.393103,0.382263,0.399698,0.373512,0.339869,0.347222,0.032538,9.041203,4.4078e-06,-0.164532,0.001364
1.2.1.牙买加,牙买加 次留,0.293249,0.327068,0.34357,0.312992,0.351085,0.337838,0.315476,0.307544,-0.033819,-10.339978,-3.467e-06,0.129413,-0.001073
1.2.1.特克斯和凯科斯群岛,特克斯和凯科斯群岛 次留,0.521739,0.545455,0.35,0.5,0.333333,0.277778,0.307692,0.533333,-0.023715,-4.347826,-5.86e-08,0.002189,-1.8e-05
1.2.1.特立尼达和多巴哥,特立尼达和多巴哥 次留,0.334967,0.362096,0.358209,0.352853,0.344828,0.3568,0.38326,0.37224,-0.027128,-7.492004,-3.3928e-06,0.126644,-0.00105
1.2.1.玻利维亚,玻利维亚 次留,0.288181,0.276917,0.264618,0.283327,0.265918,0.285819,0.297314,0.270787,0.011264,4.067536,5.8865e-06,-0.219729,0.001822
1.2.1.瑙鲁,瑙鲁 次留,,,0.0,0.0,,0.0,0.0,,,,,,
1.2.1.瑞典,瑞典 次留,0.38853,0.37495,0.396965,0.392871,0.383532,0.384239,0.385542,0.388205,0.01358,3.621704,6.5814e-06,-0.245665,0.002037
1.2.1.瑞士,瑞士 次留,0.386286,0.384443,0.385279,0.380837,0.35122,0.368661,0.374636,0.376726,0.001843,0.479268,6.346e-07,-0.023689,0.000196
1.2.1.瓜德罗普,瓜德罗普 次留,0.4,0.3125,0.5,0.5625,0.466667,0.25,0.375,0.470588,0.0875,28.0,2.698e-07,-0.01007,8.3e-05
1.2.1.瓦利斯和富图纳群岛,瓦利斯和富图纳群岛 次留,0.0,,,,,,,,,,,,
1.2.1.瓦努阿图,瓦努阿图 次留,0.2,0.285714,0.285714,0.333333,0.857143,0.333333,0.25,0.666667,-0.085714,-30.0,-2.023e-07,0.007553,-6.3e-05
1.2.1.留尼汪岛,留尼汪岛 次留,0.454545,0.275862,0.428571,0.425,0.354839,0.472222,0.317073,0.325,0.178683,64.772727,1.1649e-06,-0.043484,0.00036
1.2.1.白俄罗斯,白俄罗斯 次留,0.332865,0.325438,0.343914,0.330705,0.317132,0.315826,0.323429,0.30789,0.007427,2.282303,6.9483e-06,-0.259363,0.00215
1.2.1.百慕大,百慕大 次留,0.461538,0.393939,0.567568,0.454545,0.413793,0.391304,0.291667,0.428571,0.067599,17.159763,4.299e-07,-0.016046,0.000133
1.2.1.直布罗陀,直布罗陀 次留,0.6,0.36,0.173913,0.3,0.388889,0.1875,0.464286,0.388889,0.24,66.666667,1.1562e-06,-0.043157,0.000358
1.2.1.福克兰群岛,福克兰群岛 次留,,,,0.0,0.0,0.0,0.0,,,,,,
1.2.1.科威特,科威特 次留,0.294872,0.301802,0.309524,0.322314,0.331967,0.3,0.311573,0.286765,-0.00693,-2.296211,-2.965e-07,0.011066,-9.2e-05
1.2.1.科摩罗,科摩罗 次留,0.180328,0.117647,0.163265,0.152174,0.107143,0.098039,0.207317,0.225806,0.062681,53.278689,6.16e-07,-0.022994,0.000191
1.2.1.科特迪瓦,科特迪瓦 次留,0.239583,0.236842,0.207692,0.22479,0.257403,0.224543,0.271715,0.244552,0.002741,1.157407,2.208e-07,-0.008241,6.8e-05
1.2.1.科索沃,科索沃 次留,0.261905,0.241379,0.22449,0.227848,0.234043,0.242718,0.304348,0.266667,0.020525,8.503401,3.441e-07,-0.012845,0.000106
1.2.1.秘鲁,秘鲁 次留,0.336077,0.335263,0.328623,0.354072,0.340733,0.3357,0.352638,0.342591,0.000814,0.24267,1.5987e-06,-0.059674,0.000495
1.2.1.突尼斯,突尼斯 次留,0.318144,0.303005,0.322222,0.323579,0.336192,0.323411,0.294935,0.310663,0.015139,4.996337,3.4949e-06,-0.130454,0.001081
1.2.1.立陶宛,立陶宛 次留,0.354809,0.361179,0.414038,0.370268,0.389513,0.393888,0.363478,0.364162,-0.00637,-1.763646,-1.4988e-06,0.055945,-0.000464
1.2.1.索马里,索马里 次留,0.204134,0.22,0.226221,0.214674,0.232955,0.184211,0.236239,0.189655,-0.015866,-7.211651,-1.2229e-06,0.045649,-0.000378
1.2.1.约旦,约旦 次留,0.316456,0.296252,0.260341,0.287342,0.26699,0.259086,0.353456,0.305804,0.020204,6.819943,3.2197e-06,-0.120184,0.000996
1.2.1.纳米比亚,纳米比亚 次留,0.314516,0.375,0.347826,0.366412,0.411348,0.29661,0.217391,0.354167,-0.060484,-16.129032,-1.4919e-06,0.055687,-0.000462
1.2.1.纽埃岛,纽埃岛 次留,0.25,0.333333,0.5,,,,,,-0.083333,-25.0,-1.124e-07,0.004196,-3.5e-05
1.2.1.缅甸,缅甸 次留,0.198502,0.252226,0.31388,0.263952,0.306122,0.284072,0.204392,0.264214,-0.053724,-21.299846,-6.9776e-06,0.260455,-0.002159
1.2.1.罗马尼亚,罗马尼亚 次留,0.377418,0.374463,0.373591,0.382475,0.378997,0.348857,0.399613,0.37,0.002955,0.789186,1.989e-06,-0.074244,0.000615
1.2.1.美国,美国 次留,0.363916,0.372699,0.364489,0.378567,0.37253,0.36712,0.372043,0.375129,-0.008784,-2.356744,-0.0001485987,5.546798,-0.045983
1.2.1.美属维尔京群岛,美属维尔京群岛 次留,0.571429,0.461538,0.333333,0.294118,0.5,0.411765,0.25,0.3,0.10989,23.809524,3.212e-07,-0.011988,9.9e-05
1.2.1.美属萨摩亚,美属萨摩亚 次留,,,0.0,,,,,,,,,,
1.2.1.老挝,老挝 次留,0.25,0.282051,0.195652,0.25,0.245614,0.302326,0.3125,0.214286,-0.032051,-11.363636,-2.409e-07,0.008991,-7.5e-05
1.2.1.肯尼亚,肯尼亚 次留,0.420781,0.429445,0.417363,0.429716,0.421492,0.416244,0.419204,0.398876,-0.008663,-2.017317,-6.2825e-06,0.234508,-0.001944
1.2.1.芬兰,芬兰 次留,0.360957,0.371964,0.369533,0.384138,0.36,0.373813,0.393841,0.365986,-0.011007,-2.959251,-4.9781e-06,0.185818,-0.00154
1.2.1.苏丹,苏丹 次留,0.166667,0.2,0.192118,0.106195,0.14218,0.134199,0.186131,0.079365,-0.033333,-16.666667,-1.4452e-06,0.053946,-0.000447
1.2.1.苏里南,苏里南 次留,0.341176,0.378049,0.290323,0.258621,0.30303,0.285714,0.363636,0.267606,-0.036872,-9.753321,-5.826e-07,0.021748,-0.00018
1.2.1.英国,英国 次留,0.386779,0.383901,0.390239,0.384797,0.376884,0.367641,0.389879,0.400869,0.002877,0.749499,1.65494e-05,-0.617745,0.005121
1.2.1.英属印度洋领地,英属印度洋领地 次留,,0.5,0.5,0.5,,0.0,,0.5,,,,,
1.2.1.英属维尔京群岛,英属维尔京群岛 次留,0.576923,0.578947,0.5,0.518519,0.55,0.25,0.4,0.533333,-0.002024,-0.34965,-7.4e-09,0.000277,-2e-06
1.2.1.荷兰,荷兰 次留,0.362625,0.35929,0.36459,0.375551,0.372007,0.354961,0.366535,0.369396,0.003335,0.928098,6.0493e-06,-0.225803,0.001872
1.2.1.荷兰加勒比,荷兰加勒比 次留,0.5,0.0,0.25,0.0,0.5,0.4,0.0,0.666667,0.5,,6.744e-07,-0.025175,0.000209
1.2.1.荷属圣马丁,荷属圣马丁 次留,0.642857,0.285714,0.5,0.416667,0.3,0.214286,0.352941,0.5,0.357143,125.0,6.744e-07,-0.025175,0.000209
1.2.1.荷属安的列斯,荷属安的列斯 次留,,0.0,0.0,,0.0,,,0.0,,,,,
1.2.1.莫桑比克,莫桑比克 次留,0.259642,0.246538,0.253547,0.263374,0.250552,0.244871,0.245176,0.248935,0.013104,5.315067,6.5653e-06,-0.245066,0.002032
1.2.1.莱索托,莱索托 次留,0.297872,0.355556,0.377778,0.324324,0.368421,0.216216,0.481481,0.318182,-0.057683,-16.223404,-5.002e-07,0.018671,-0.000155
1.2.1.菲律宾,菲律宾 次留,0.279726,0.283434,0.277444,0.28632,0.282507,0.285049,0.284499,0.29772,-0.003708,-1.308301,-7.6561e-06,0.285783,-0.002369
1.2.1.萨尔瓦多,萨尔瓦多 次留,0.376304,0.389538,0.379874,0.361922,0.371747,0.343389,0.359899,0.381717,-0.013234,-3.397349,-4.144e-06,0.154685,-0.001282
1.2.1.萨摩亚,萨摩亚 次留,0.0,0.0,0.5,,0.0,0.875,0.5,0.333333,0.0,,0.0,-0.0,0.0
1.2.1.葡萄牙,葡萄牙 次留,0.359503,0.362118,0.352607,0.35916,0.377673,0.340273,0.359484,0.349266,-0.002615,-0.722211,-2.836e-06,0.10586,-0.000878
1.2.1.蒙古,蒙古 次留,0.183333,0.207547,0.22449,0.25,0.222222,0.230769,0.185714,0.230769,-0.024214,-11.666667,-2.473e-07,0.009231,-7.7e-05
1.2.1.蒙塞拉特岛,蒙塞拉特岛 次留,,0.666667,0.0,0.5,0.0,0.0,,,,,,,
1.2.1.西班牙,西班牙 次留,0.389675,0.388153,0.382367,0.380967,0.38107,0.387449,0.386165,0.39328,0.001522,0.392221,2.9211e-06,-0.109038,0.000904
1.2.1.诺福克岛,诺福克岛 次留,,,,,,,,,,,,,
1.2.1.贝宁,贝宁 次留,0.217082,0.276527,0.288754,0.28,0.208469,0.285714,0.332432,0.239344,-0.059445,-21.497145,-3.5625e-06,0.132978,-0.001102
1.2.1.赞比亚,赞比亚 次留,0.26501,0.300813,0.279167,0.341935,0.308594,0.314501,0.278719,0.30036,-0.035803,-11.901964,-3.3944e-06,0.126704,-0.00105
1.2.1.赤道几内亚,赤道几内亚 次留,0.115385,0.3125,0.307692,0.038462,0.086957,0.166667,0.25,0.081081,-0.197115,-63.076923,-1.2155e-06,0.045371,-0.000376
1.2.1.越南,越南 次留,0.416216,0.424658,0.385886,0.395284,0.41831,0.403323,0.430727,0.424364,-0.008441,-1.987794,-1.0688e-06,0.039895,-0.000331
1.2.1.阿塞拜疆,阿塞拜疆 次留,0.317824,0.319163,0.326284,0.308446,0.329354,0.319444,0.321379,0.303946,-0.001339,-0.419517,-3.945e-07,0.014726,-0.000122
1.2.1.阿富汗,阿富汗 次留,0.200653,0.197092,0.204403,0.230994,0.232525,0.216992,0.262248,0.2,0.00356,1.806488,4.248e-07,-0.015855,0.000131
1.2.1.阿尔及利亚,阿尔及利亚 次留,0.296586,0.293935,0.29279,0.287912,0.318347,0.306931,0.31405,0.293999,0.002651,0.90203,6.569e-07,-0.024522,0.000203
1.2.1.阿尔巴尼亚,阿尔巴尼亚 次留,0.37212,0.340127,0.331551,0.369004,0.350072,0.315364,0.384718,0.371471,0.031992,9.406013,4.8395e-06,-0.180647,0.001498
1.2.1.阿曼,阿曼 次留,0.307377,0.267176,0.332031,0.232558,0.258621,0.302326,0.345455,0.248945,0.040201,15.046838,2.0296e-06,-0.075761,0.000628
1.2.1.阿根廷,阿根廷 次留,0.357366,0.339097,0.344685,0.35733,0.34608,0.34803,0.351236,0.350415,0.018268,5.387364,4.80465e-05,-1.793448,0.014868
1.2.1.阿联酋,阿联酋 次留,0.287187,0.319723,0.313492,0.316369,0.327462,0.307028,0.340257,0.335172,-0.032536,-10.176348,-9.0596e-06,0.338171,-0.002803
1.2.1.阿鲁巴,阿鲁巴 次留,0.424242,0.461538,0.432432,0.328358,0.484375,0.421053,0.520548,0.525641,-0.037296,-8.080808,-5.606e-07,0.020925,-0.000173
1.2.1.韩国,韩国 次留,0.360992,0.332,0.365185,0.343113,0.372727,0.334828,0.339929,0.376758,0.028992,8.732621,6.9834e-06,-0.260671,0.002161
1.2.1.马尔代夫,马尔代夫 次留,0.436508,0.3125,0.322314,0.33913,0.225225,0.244275,0.301282,0.234234,0.124008,39.68254,2.6764e-06,-0.099902,0.000828
1.2.1.马恩岛,马恩岛 次留,0.583333,0.0,0.2,0.1,0.307692,0.454545,0.117647,0.416667,0.583333,,1.377e-06,-0.051399,0.000426
1.2.1.马拉维,马拉维 次留,0.341959,0.316888,0.306056,0.337727,0.315068,0.310696,0.316476,0.313894,0.025071,7.911718,2.546e-06,-0.095036,0.000788
1.2.1.马提尼克岛,马提尼克岛 次留,0.285714,0.4,0.307692,0.333333,0.2,0.0,0.2,0.333333,-0.114286,-28.571429,-2.569e-07,0.009591,-8e-05
1.2.1.马来西亚,马来西亚 次留,0.384615,0.34519,0.356969,0.35055,0.363985,0.367679,0.364532,0.358775,0.039425,11.421235,1.51639e-05,-0.566027,0.004692
1.2.1.马约特,马约特 次留,,,0.0,0.0,0.0,,,0.0,,,,,
1.2.1.马绍尔群岛,马绍尔群岛 次留,,,0.5,,,,,,,,,,
1.2.1.马耳他,马耳他 次留,0.377309,0.327913,0.44557,0.432718,0.393678,0.413408,0.418605,0.38558,0.049395,15.063564,3.5123e-06,-0.131106,0.001087
1.2.1.马达加斯加,马达加斯加 次留,0.248528,0.244645,0.265708,0.229352,0.248984,0.250996,0.263988,0.239594,0.003883,1.587121,1.3274e-06,-0.049548,0.000411
1.2.1.马里,马里 次留,0.198433,0.204188,0.218023,0.21256,0.221445,0.262887,0.244541,0.175676,-0.005755,-2.818504,-4.236e-07,0.015813,-0.000131
1.2.1.黎巴嫩,黎巴嫩 次留,0.354069,0.342134,0.302095,0.328312,0.372487,0.334525,0.352019,0.340426,0.011935,3.488471,4.1811e-06,-0.156071,0.001294
1.2.1.黑山,黑山 次留,0.423358,0.365714,0.369967,0.365633,0.374532,0.354885,0.31746,0.338983,0.057643,15.761861,9.7194e-06,-0.3628,0.003008
1.2.2,iOS 次留,0.336155,0.342255,0.337991,0.341264,0.342347,0.334678,0.338499,0.335693,-0.0061,-1.782206,-0.0042828649,159.868045,-1.325304
1.2.2.unknow,unknow 次留,0.358696,0.334615,0.319328,0.331551,0.321951,0.316964,0.358696,0.294545,0.02408,7.196402,1.2065e-06,-0.045035,0.000373
1.2.2.不丹,不丹 次留,0.166667,0.076923,0.45,0.125,0.333333,0.190476,0.235294,0.181818,0.089744,116.666667,2.248e-07,-0.008392,7e-05
1.2.2.东帝汶,东帝汶 次留,0.344828,0.26087,0.214286,0.172414,0.266667,0.186047,0.289474,0.457143,0.083958,32.183908,3.721e-07,-0.01389,0.000115
1.2.2.中国,中国 次留,0.345304,0.333034,0.308511,0.307839,0.325688,0.308134,0.341948,0.346918,0.01227,3.684234,2.6339e-06,-0.098318,0.000815
1.2.2.中国台湾,中国台湾 次留,0.337079,0.316129,0.328042,0.369592,0.324786,0.345622,0.323061,0.326743,0.02095,6.62692,3.1287e-06,-0.116786,0.000968
1.2.2.中国澳门,中国澳门 次留,0.43,0.4,0.428571,0.416667,0.425,0.377049,0.5,0.454545,0.03,7.5,5.781e-07,-0.021579,0.000179
1.2.2.中国香港,中国香港 次留,0.370918,0.365926,0.367555,0.368576,0.375029,0.371872,0.400575,0.367587,0.004992,1.364212,4.2008e-06,-0.156806,0.0013
1.2.2.中非,中非 次留,0.125,0.2,0.0,0.0,0.6,0.0,0.0,0.0,-0.075,-37.5,-3.372e-07,0.012588,-0.000104
1.2.2.丹麦,丹麦 次留,0.32578,0.297625,0.307398,0.280934,0.291619,0.276707,0.273925,0.282449,0.028155,9.459724,3.03878e-05,-1.134295,0.009403
1.2.2.乌克兰,乌克兰 次留,0.323765,0.319676,0.325327,0.331433,0.323496,0.314929,0.307222,0.322046,0.004089,1.279017,3.50595e-05,-1.308679,0.010849
1.2.2.乌兹别克斯坦,乌兹别克斯坦 次留,0.292521,0.302461,0.286657,0.308405,0.282511,0.288321,0.282869,0.307692,-0.00994,-3.286383,-2.9574e-06,0.110392,-0.000915
1.2.2.乌干达,乌干达 次留,0.341667,0.34407,0.328986,0.338006,0.32106,0.334728,0.355783,0.328767,-0.002404,-0.698582,-3.163e-07,0.011805,-9.8e-05
1.2.2.乌拉圭,乌拉圭 次留,0.348144,0.342608,0.345123,0.347571,0.337809,0.35163,0.3292,0.332812,0.005537,1.615996,1.9554e-06,-0.07299,0.000605
1.2.2.乍得,乍得 次留,0.296296,0.25,0.241379,0.294118,0.190476,0.153846,0.25,0.181818,0.046296,18.518519,1.249e-07,-0.004662,3.9e-05
1.2.2.也门,也门 次留,0.307692,0.224138,0.145833,0.295455,0.232558,0.309091,0.289855,0.340426,0.083554,37.278107,9.338e-07,-0.034858,0.000289
1.2.2.亚美尼亚,亚美尼亚 次留,0.313073,0.30697,0.29768,0.305109,0.294396,0.304201,0.317236,0.312834,0.006103,1.988228,4.1338e-06,-0.154303,0.001279
1.2.2.以色列,以色列 次留,0.346745,0.335909,0.344208,0.345151,0.34967,0.337929,0.352949,0.340096,0.010836,3.225974,2.89178e-05,-1.079425,0.008948
1.2.2.伊拉克,伊拉克 次留,0.219083,0.210507,0.233702,0.223211,0.213075,0.233323,0.255308,0.22668,0.008576,4.073846,4.4669e-06,-0.166738,0.001382
1.2.2.伊朗,伊朗 次留,0.24652,0.249946,0.240497,0.244816,0.259017,0.242883,0.248576,0.224501,-0.003426,-1.3707,-9.2234e-06,0.344286,-0.002854
1.2.2.伯利兹,伯利兹 次留,0.347267,0.32716,0.352941,0.305921,0.312693,0.347826,0.341538,0.322674,0.020106,6.145726,1.2554e-06,-0.046859,0.000388
1.2.2.佛得角,佛得角 次留,0.379699,0.40942,0.44702,0.428571,0.41875,0.455738,0.447653,0.468966,-0.029721,-7.259299,-1.5807e-06,0.059003,-0.000489
1.2.2.俄罗斯,俄罗斯 次留,0.281323,0.280372,0.275803,0.278551,0.287727,0.277458,0.272379,0.277211,0.000952,0.339403,2.36976e-05,-0.884568,0.007333
1.2.2.保加利亚,保加利亚 次留,0.341587,0.335666,0.337646,0.329368,0.343253,0.327286,0.322533,0.328693,0.005921,1.764019,8.3142e-06,-0.310348,0.002573
1.2.2.克罗地亚,克罗地亚 次留,0.373694,0.372252,0.380072,0.390064,0.360722,0.359702,0.353088,0.347345,0.001442,0.387252,2.6798e-06,-0.100029,0.000829
1.2.2.关岛,关岛 次留,0.244604,0.304348,0.338235,0.320513,0.302905,0.322581,0.333333,0.34322,-0.059744,-19.63001,-2.3831e-06,0.088955,-0.000737
1.2.2.冈比亚,冈比亚 次留,0.361111,0.381868,0.379838,0.418214,0.401466,0.455197,0.516353,0.403828,-0.020757,-5.435651,-4.3678e-06,0.163039,-0.001352
1.2.2.冰岛,冰岛 次留,0.316017,0.31454,0.316147,0.363095,0.353642,0.321377,0.352941,0.332875,0.001477,0.469656,1.918e-07,-0.007161,5.9e-05
1.2.2.几内亚,几内亚 次留,0.244776,0.275568,0.227405,0.256131,0.279487,0.345269,0.321678,0.257525,-0.030792,-11.174027,-2.0886e-06,0.077962,-0.000646
1.2.2.几内亚比绍,几内亚比绍 次留,0.219512,0.347826,0.25,0.511628,0.25,0.358974,0.302326,0.266667,-0.128314,-36.890244,-1.1374e-06,0.042456,-0.000352
1.2.2.列支敦士登,列支敦士登 次留,0.409091,0.733333,0.428571,0.5,0.470588,0.407407,0.288462,0.285714,-0.324242,-44.214876,-9.372e-07,0.034984,-0.00029
1.2.2.刚果共和国,刚果共和国 次留,0.234568,0.209091,0.186567,0.268456,0.231788,0.164948,0.280822,0.3,0.025477,12.184648,5.4e-07,-0.020158,0.000167
1.2.2.刚果民主共和国,刚果民主共和国 次留,0.274809,0.293144,0.308068,0.302222,0.326797,0.273973,0.305195,0.312207,-0.018335,-6.254617,-1.4945e-06,0.055786,-0.000462
1.2.2.利比亚,利比亚 次留,0.343358,0.310777,0.373762,0.37018,0.331633,0.338942,0.356044,0.319372,0.032581,10.483871,2.505e-06,-0.093507,0.000775
1.2.2.利比里亚,利比里亚 次留,0.306017,0.290554,0.301724,0.314872,0.296566,0.332973,0.317391,0.335062,0.015462,5.321613,2.9022e-06,-0.108332,0.000898
1.2.2.加拿大,加拿大 次留,0.310997,0.305531,0.296147,0.296464,0.303343,0.294573,0.296873,0.295519,0.005466,1.788879,7.94832e-05,-2.9669,0.024596
1.2.2.加纳,加纳 次留,0.245147,0.240702,0.238877,0.23518,0.25526,0.253046,0.277124,0.259575,0.004445,1.846787,4.9286e-06,-0.18397,0.001525
1.2.2.加蓬,加蓬 次留,0.181818,0.166667,0.111111,0.333333,0.4,0.3,0.142857,0.461538,0.015152,9.090909,4.09e-08,-0.001526,1.3e-05
1.2.2.匈牙利,匈牙利 次留,0.338617,0.321995,0.344707,0.317088,0.334661,0.326226,0.317569,0.344995,0.016623,5.162409,1.65725e-05,-0.618607,0.005128
1.2.2.北马其顿,北马其顿 次留,0.316079,0.294977,0.311381,0.314186,0.328815,0.315397,0.317902,0.312605,0.021103,7.154011,1.39231e-05,-0.519711,0.004308
1.2.2.北马里亚纳群岛,北马里亚纳群岛 次留,0.0,0.0,,,,0.5,,,0.0,,0.0,-0.0,0.0
1.2.2.南极洲,南极洲 次留,0.0,,0.0,1.0,0.5,0.5,0.0,0.0,,,,,
1.2.2.南苏丹,南苏丹 次留,0.333333,0.309028,0.328685,0.33652,0.280269,0.313025,0.324645,0.285714,0.024306,7.865169,2.6977e-06,-0.100699,0.000835
1.2.2.南非,南非 次留,0.345419,0.337763,0.331996,0.335152,0.333996,0.333305,0.338357,0.334078,0.007656,2.266712,1.77641e-05,-0.663085,0.005497
1.2.2.博茨瓦纳,博茨瓦纳 次留,0.330769,0.301471,0.311594,0.388462,0.330579,0.401235,0.4,0.393617,0.029299,9.718574,1.5356e-06,-0.057321,0.000475
1.2.2.卡塔尔,卡塔尔 次留,0.35361,0.364839,0.356101,0.371906,0.347436,0.355015,0.382428,0.373674,-0.01123,-3.077983,-3.434e-06,0.128181,-0.001063
1.2.2.卢旺达,卢旺达 次留,0.312693,0.304615,0.269504,0.297101,0.253623,0.284133,0.25614,0.307116,0.008078,2.651906,5.059e-07,-0.018884,0.000157
1.2.2.卢森堡,卢森堡 次留,0.374026,0.344304,0.371173,0.37766,0.383375,0.367876,0.382908,0.378417,0.029722,8.632544,4.5246e-06,-0.168892,0.0014
1.2.2.印度,印度 次留,0.287558,0.298701,0.273227,0.289423,0.287006,0.271186,0.300611,0.279657,-0.011143,-3.730556,-4.2988e-06,0.160462,-0.00133
1.2.2.印度尼西亚,印度尼西亚 次留,0.414737,0.412705,0.418475,0.410957,0.407257,0.398432,0.419246,0.409456,0.002032,0.49238,2.6689e-06,-0.099623,0.000826
1.2.2.危地马拉,危地马拉 次留,0.372969,0.374204,0.378432,0.408892,0.371353,0.372154,0.384325,0.385318,-0.001235,-0.329923,-7.473e-07,0.027893,-0.000231
1.2.2.厄瓜多尔,厄瓜多尔 次留,0.36731,0.361553,0.357791,0.372321,0.379389,0.368556,0.371656,0.363752,0.005757,1.592167,7.6002e-06,-0.283697,0.002352
1.2.2.厄立特里亚,厄立特里亚 次留,0.25,0.0,,,,0.0,,,0.25,,3.372e-07,-0.012588,0.000104
1.2.2.叙利亚,叙利亚 次留,0.286614,0.264386,0.269551,0.249567,0.267887,0.238095,0.343264,0.288732,0.022228,8.407596,2.7542e-06,-0.102805,0.000852
1.2.2.古巴,古巴 次留,0.209877,0.255319,0.306306,0.353535,0.352941,0.307692,0.428571,0.290598,-0.045443,-17.798354,-8.231e-07,0.030725,-0.000255
1.2.2.吉尔吉斯斯坦,吉尔吉斯斯坦 次留,0.306156,0.294742,0.290518,0.282407,0.27954,0.280226,0.293615,0.327832,0.011413,3.87222,4.1416e-06,-0.154594,0.001282
1.2.2.吉布提,吉布提 次留,0.333333,0.333333,0.3125,0.0,0.3,0.111111,0.222222,0.0,0.0,0.0,0.0,-0.0,0.0
1.2.2.哈萨克斯坦,哈萨克斯坦 次留,0.29854,0.288649,0.289728,0.292494,0.296959,0.288961,0.294699,0.312903,0.009891,3.426664,2.43984e-05,-0.910729,0.00755
1.2.2.哥伦比亚,哥伦比亚 次留,0.370047,0.371825,0.375511,0.36529,0.379411,0.36202,0.355988,0.370225,-0.001778,-0.47805,-1.39867e-05,0.522085,-0.004328
1.2.2.哥斯达黎加,哥斯达黎加 次留,0.38087,0.385807,0.368528,0.399292,0.397994,0.385824,0.356845,0.378103,-0.004937,-1.279747,-2.641e-06,0.09858,-0.000817
1.2.2.喀麦隆,喀麦隆 次留,0.367188,0.381605,0.373,0.361085,0.390355,0.393755,0.398625,0.38282,-0.014417,-3.778045,-2.8392e-06,0.105982,-0.000879
1.2.2.图瓦卢,图瓦卢 次留,0.0,,,,0.0,,,,,,,,
1.2.2.土库曼斯坦,土库曼斯坦 次留,0.238095,0.333333,0.263158,0.214286,0.37037,0.275862,0.27027,0.277778,-0.095238,-28.571429,-3.212e-07,0.011988,-9.9e-05
1.2.2.土耳其,土耳其 次留,0.377067,0.370668,0.373823,0.364545,0.366631,0.368333,0.399402,0.359335,0.006399,1.726343,5.77437e-05,-2.15542,0.017868
1.2.2.圣卢西亚,圣卢西亚 次留,0.479365,0.462745,0.363636,0.377119,0.400735,0.392453,0.378277,0.404545,0.01662,3.591606,8.167e-07,-0.030484,0.000253
1.2.2.圣基茨和尼维斯,圣基茨和尼维斯 次留,0.414286,0.296875,0.385542,0.243243,0.217391,0.227273,0.366197,0.216667,0.117411,39.548872,1.448e-06,-0.05405,0.000448
1.2.2.圣多美和普林西比,圣多美和普林西比 次留,0.285714,0.0,0.533333,0.555556,0.230769,0.368421,0.214286,0.25,0.285714,,6.423e-07,-0.023976,0.000199
1.2.2.圣巴泰勒米岛,圣巴泰勒米岛 次留,0.285714,0.4,0.636364,0.666667,0.666667,0.571429,0.75,0.555556,-0.114286,-28.571429,-1.927e-07,0.007193,-6e-05
1.2.2.圣文森特和格林纳丁斯,圣文森特和格林纳丁斯 次留,0.458015,0.425,0.347826,0.413793,0.508772,0.352941,0.546667,0.333333,0.033015,7.768298,5.09e-07,-0.018998,0.000157
1.2.2.圣皮埃尔和密克隆群岛,圣皮埃尔和密克隆群岛 次留,,,1.0,,,,0.0,,,,,,
1.2.2.圣马力诺,圣马力诺 次留,0.363636,0.5,0.5,0.166667,0.25,0.166667,0.625,0.583333,-0.136364,-27.272727,-2.759e-07,0.010299,-8.5e-05
1.2.2.圭亚那,圭亚那 次留,0.350384,0.353403,0.310263,0.336683,0.297376,0.332402,0.354167,0.34596,-0.00302,-0.854409,-2.222e-07,0.008295,-6.9e-05
1.2.2.坦桑尼亚,坦桑尼亚 次留,0.368092,0.396432,0.341341,0.345048,0.370681,0.403175,0.334099,0.297101,-0.02834,-7.148853,-5.5102e-06,0.205682,-0.001705
1.2.2.埃及,埃及 次留,0.325228,0.320654,0.321893,0.334774,0.317838,0.317779,0.346696,0.315112,0.004573,1.426249,6.9516e-06,-0.259485,0.002151
1.2.2.埃塞俄比亚,埃塞俄比亚 次留,0.207792,0.227129,0.26506,0.298361,0.254848,0.251397,0.211268,0.232295,-0.019337,-8.513709,-1.1812e-06,0.044091,-0.000366
1.2.2.基里巴斯,基里巴斯 次留,0.0,0.0,0.333333,0.0,0.0,0.333333,0.5,0.5,0.0,,0.0,-0.0,0.0
1.2.2.塔吉克斯坦,塔吉克斯坦 次留,0.220264,0.256545,0.241206,0.20339,0.239234,0.281106,0.306306,0.238342,-0.03628,-14.141868,-1.3353e-06,0.049845,-0.000413
1.2.2.塞内加尔,塞内加尔 次留,0.283276,0.273865,0.276098,0.301376,0.313266,0.352282,0.436826,0.305113,0.009411,3.436373,3.4764e-06,-0.129767,0.001076
1.2.2.塞尔维亚,塞尔维亚 次留,0.326705,0.320424,0.322002,0.32015,0.320567,0.32472,0.328877,0.327022,0.006281,1.96034,2.84393e-05,-1.061564,0.0088
1.2.2.塞拉利昂,塞拉利昂 次留,0.361111,0.386308,0.397403,0.456818,0.410314,0.394015,0.391858,0.357143,-0.025197,-6.522504,-1.9859e-06,0.074127,-0.000615
1.2.2.塞浦路斯,塞浦路斯 次留,0.410617,0.401006,0.411386,0.401579,0.400943,0.387696,0.395303,0.3755,0.00961,2.396529,7.3618e-06,-0.274796,0.002278
1.2.2.塞舌尔,塞舌尔 次留,0.431718,0.453552,0.4,0.394737,0.464567,0.464481,0.462617,0.52,-0.021834,-4.81397,-7.699e-07,0.02874,-0.000238
1.2.2.墨西哥,墨西哥 次留,0.365935,0.378644,0.366014,0.37925,0.372621,0.366508,0.369953,0.370838,-0.012709,-3.356359,-0.000141807,5.29328,-0.043881
1.2.2.多哥,多哥 次留,0.292308,0.255708,0.278075,0.26738,0.227273,0.236842,0.29,0.283088,0.0366,14.313187,1.5446e-06,-0.057654,0.000478
1.2.2.多米尼克,多米尼克 次留,0.508772,0.42029,0.45614,0.363636,0.315789,0.323529,0.37037,0.325581,0.088482,21.052632,1.1765e-06,-0.043915,0.000364
1.2.2.多米尼加,多米尼加 次留,0.415749,0.40359,0.406826,0.414159,0.43209,0.397853,0.42638,0.402565,0.012159,3.012629,1.26617e-05,-0.472627,0.003918
1.2.2.奥兰群岛,奥兰群岛 次留,0.4,0.2,0.0,0.285714,0.166667,0.285714,1.0,0.2,0.2,100.0,3.372e-07,-0.012588,0.000104
1.2.2.奥地利,奥地利 次留,0.339238,0.327233,0.330445,0.331944,0.326048,0.330064,0.326325,0.32962,0.012005,3.668672,1.68111e-05,-0.627512,0.005202
1.2.2.委内瑞拉,委内瑞拉 次留,0.303456,0.29067,0.260111,0.345986,0.350266,0.322741,0.334904,0.335372,0.012786,4.39888,7.3151e-06,-0.273055,0.002264
1.2.2.孟加拉,孟加拉 次留,0.22548,0.231629,0.25831,0.277829,0.254217,0.253498,0.299121,0.218696,-0.006149,-2.654644,-3.499e-06,0.130609,-0.001083
1.2.2.安哥拉,安哥拉 次留,0.343034,0.341964,0.342629,0.32681,0.332724,0.348754,0.348673,0.338123,0.001069,0.312671,2.309e-07,-0.00862,7.1e-05
1.2.2.安圭拉,安圭拉 次留,0.628571,0.463415,0.382353,0.230769,0.402985,0.425926,0.4,0.5,0.165157,35.639098,1.3048e-06,-0.048706,0.000404
1.2.2.安提瓜和巴布达,安提瓜和巴布达 次留,0.425532,0.392996,0.41129,0.405063,0.401544,0.447826,0.439863,0.343612,0.032536,8.278913,1.6113e-06,-0.060145,0.000499
1.2.2.安道尔,安道尔 次留,0.340741,0.369748,0.308824,0.408163,0.352273,0.303371,0.328125,0.280702,-0.029007,-7.845118,-6.652e-07,0.024829,-0.000206
1.2.2.密克罗尼西亚联邦,密克罗尼西亚联邦 次留,,,,0.0,,0.5,0.0,0.25,,,,,
1.2.2.尼加拉瓜,尼加拉瓜 次留,0.377294,0.404703,0.383648,0.373134,0.399033,0.36253,0.386752,0.368356,-0.027409,-6.772718,-4.2676e-06,0.159298,-0.001321
1.2.2.尼日利亚,尼日利亚 次留,0.32409,0.319922,0.322656,0.32328,0.329157,0.325741,0.350417,0.329942,0.004167,1.302536,2.69101e-05,-1.004482,0.008327
1.2.2.尼日尔,尼日尔 次留,0.240602,0.216495,0.158416,0.226804,0.163265,0.205882,0.28,0.219048,0.024107,11.13498,4.506e-07,-0.01682,0.000139
1.2.2.尼泊尔,尼泊尔 次留,0.277165,0.284627,0.238501,0.25,0.262346,0.284932,0.269755,0.288181,-0.007462,-2.621584,-9.447e-07,0.035264,-0.000292
1.2.2.巴勒斯坦,巴勒斯坦 次留,0.366829,0.371491,0.36144,0.366317,0.378248,0.362554,0.400412,0.354084,-0.004663,-1.255137,-1.6323e-06,0.06093,-0.000505
1.2.2.巴哈马,巴哈马 次留,0.425083,0.44206,0.483466,0.432099,0.3987,0.420272,0.443287,0.451899,-0.016977,-3.840393,-3.049e-06,0.11381,-0.000943
1.2.2.巴基斯坦,巴基斯坦 次留,0.260243,0.269746,0.255465,0.25723,0.255296,0.259271,0.335023,0.249856,-0.009503,-3.523084,-8.8795e-06,0.33145,-0.002748
1.2.2.巴巴多斯,巴巴多斯 次留,0.41129,0.33432,0.338192,0.397229,0.43128,0.439276,0.388128,0.394161,0.076971,23.023123,5.0132e-06,-0.18713,0.001551
1.2.2.巴布亚新几内亚,巴布亚新几内亚 次留,0.435897,0.37037,0.363636,0.347826,0.410256,0.242424,0.275,0.288462,0.065527,17.692308,6.819e-07,-0.025452,0.000211
1.2.2.巴拉圭,巴拉圭 次留,0.379415,0.374913,0.364101,0.38084,0.391834,0.378688,0.368343,0.37279,0.004502,1.200809,3.7486e-06,-0.139925,0.00116
1.2.2.巴拿马,巴拿马 次留,0.384724,0.402948,0.388327,0.404237,0.391458,0.395298,0.407456,0.392031,-0.018224,-4.522717,-7.1464e-06,0.266755,-0.002211
1.2.2.巴林,巴林 次留,0.338086,0.385686,0.357438,0.375218,0.389744,0.363636,0.367257,0.325095,-0.0476,-12.341739,-4.6137e-06,0.172219,-0.001428
1.2.2.巴西,巴西 次留,0.366286,0.375915,0.372501,0.373992,0.376425,0.368209,0.368797,0.364575,-0.009629,-2.561458,-0.0025680571,95.858793,-0.794668
1.2.2.布基纳法索,布基纳法索 次留,0.273092,0.282695,0.285156,0.259823,0.287982,0.272059,0.321705,0.282297,-0.009602,-3.396765,-1.4008e-06,0.052289,-0.000433
1.2.2.布隆迪,布隆迪 次留,0.376812,0.355932,0.267606,0.268657,0.263889,0.272727,0.242857,0.276923,0.020879,5.866115,2.374e-07,-0.008861,7.3e-05
1.2.2.希腊,希腊 次留,0.426989,0.415784,0.419375,0.41402,0.409942,0.400892,0.408444,0.375339,0.011205,2.694936,6.01095e-05,-2.243729,0.0186
1.2.2.帕劳,帕劳 次留,0.0,,,,0.0,0.0,0.0,0.0,,,,,
1.2.2.库克群岛,库克群岛 次留,0.705882,0.416667,0.392857,0.166667,0.384615,0.5,0.407407,0.4375,0.289216,69.411765,1.3375e-06,-0.049927,0.000414
1.2.2.库拉索,库拉索 次留,0.420732,0.428571,0.376404,0.422764,0.398058,0.47043,0.47013,0.482192,-0.00784,-1.829268,-4.441e-07,0.016577,-0.000137
1.2.2.开曼群岛,开曼群岛 次留,0.364486,0.322115,0.381818,0.391304,0.357466,0.350649,0.435065,0.404669,0.042371,13.153857,1.6983e-06,-0.063392,0.000526
1.2.2.德国,德国 次留,0.307152,0.308738,0.307614,0.313465,0.309744,0.307948,0.305842,0.311533,-0.001586,-0.513552,-2.91179e-05,1.086894,-0.00901
1.2.2.意大利,意大利 次留,0.371753,0.363193,0.365514,0.370443,0.36767,0.36372,0.376204,0.371725,0.00856,2.356873,5.07666e-05,-1.894982,0.015709
1.2.2.所罗门群岛,所罗门群岛 次留,0.266667,0.272727,0.461538,0.307692,0.266667,0.416667,0.363636,0.333333,-0.006061,-2.222222,-1.5e-08,0.000559,-5e-06
1.2.2.托克劳群岛,托克劳群岛 次留,,,,,,,,,,,,,
1.2.2.拉脱维亚,拉脱维亚 次留,0.327196,0.327972,0.337563,0.339353,0.319271,0.32741,0.323777,0.327035,-0.000776,-0.236666,-9.018e-07,0.033663,-0.000279
1.2.2.挪威,挪威 次留,0.308204,0.30838,0.298467,0.312036,0.31746,0.305863,0.303789,0.292755,-0.000176,-0.057132,-1.327e-07,0.004955,-4.1e-05
1.2.2.捷克,捷克 次留,0.326776,0.339648,0.321727,0.329431,0.323411,0.329871,0.329295,0.336049,-0.012873,-3.790041,-1.45327e-05,0.542468,-0.004497
1.2.2.摩尔多瓦,摩尔多瓦 次留,0.295479,0.299004,0.315145,0.315208,0.306628,0.289341,0.279813,0.298932,-0.003525,-1.17907,-2.5921e-06,0.096755,-0.000802
1.2.2.摩洛哥,摩洛哥 次留,0.31445,0.310149,0.324882,0.320215,0.326372,0.308367,0.325077,0.322998,0.004301,1.386724,2.7765e-06,-0.103638,0.000859
1.2.2.摩纳哥,摩纳哥 次留,0.593939,0.469565,0.413043,0.545455,0.505208,0.506608,0.533784,0.5,0.124374,26.487093,2.7562e-06,-0.10288,0.000853
1.2.2.文莱,文莱 次留,0.304348,0.345455,0.272727,0.235294,0.217949,0.256098,0.405941,0.240964,-0.041107,-11.899314,-8.713e-07,0.032525,-0.00027
1.2.2.斐济,斐济 次留,0.44,0.453659,0.434043,0.367647,0.405,0.502146,0.430493,0.460177,-0.013659,-3.010753,-5.396e-07,0.020141,-0.000167
1.2.2.斯威士兰,斯威士兰 次留,0.206897,0.27027,0.421053,0.378378,0.368421,0.358974,0.233333,0.058824,-0.063374,-23.448276,-4.518e-07,0.016866,-0.00014
1.2.2.斯洛伐克,斯洛伐克 次留,0.333447,0.332345,0.363284,0.354456,0.335741,0.330336,0.349406,0.343967,0.001101,0.331381,6.447e-07,-0.024065,0.000199
1.2.2.斯洛文尼亚,斯洛文尼亚 次留,0.345404,0.34507,0.334068,0.323392,0.34029,0.320049,0.307649,0.333138,0.000333,0.09664,1.097e-07,-0.004094,3.4e-05
1.2.2.斯里兰卡,斯里兰卡 次留,0.322898,0.329861,0.323063,0.344115,0.316176,0.33988,0.361798,0.325995,-0.006963,-2.110912,-1.5457e-06,0.057697,-0.000478
1.2.2.新加坡,新加坡 次留,0.427371,0.40628,0.401763,0.409441,0.397141,0.400528,0.426741,0.414747,0.021091,5.191304,1.28144e-05,-0.478328,0.003965
1.2.2.新喀里多尼亚,新喀里多尼亚 次留,0.105263,0.4,0.388889,0.409091,0.0,0.45,0.307692,0.25,-0.294737,-73.684211,-1.3252e-06,0.049467,-0.00041
1.2.2.新西兰,新西兰 次留,0.310116,0.280605,0.290864,0.280094,0.287356,0.265648,0.283866,0.274542,0.029512,10.517133,2.25763e-05,-0.842712,0.006986
1.2.2.日本,日本 次留,0.355201,0.368655,0.348855,0.354181,0.376864,0.364427,0.380502,0.370301,-0.013454,-3.649578,-9.9088e-06,0.369868,-0.003066
1.2.2.智利,智利 次留,0.401631,0.381025,0.374968,0.373462,0.363649,0.360695,0.345941,0.344423,0.020606,5.408146,3.13053e-05,-1.168545,0.009687
1.2.2.柬埔寨,柬埔寨 次留,0.2992,0.342187,0.318818,0.298357,0.309645,0.302158,0.290572,0.309816,-0.042987,-12.562557,-5.3015e-06,0.197889,-0.00164
1.2.2.根西岛,根西岛 次留,0.257353,0.358333,0.295775,0.393333,0.350318,0.268293,0.363184,0.328571,-0.10098,-28.180575,-2.335e-06,0.087161,-0.000723
1.2.2.格林纳达,格林纳达 次留,0.366972,0.465347,0.381818,0.466667,0.272727,0.42268,0.380531,0.392857,-0.098374,-21.139957,-1.9146e-06,0.071468,-0.000592
1.2.2.格陵兰,格陵兰 次留,0.333333,0.0,0.272727,0.142857,0.0,0.111111,0.2,0.333333,0.333333,,1.1241e-06,-0.041959,0.000348
1.2.2.格鲁吉亚,格鲁吉亚 次留,0.332949,0.328176,0.31695,0.33132,0.316813,0.327333,0.312078,0.309003,0.004774,1.454686,7.965e-06,-0.297313,0.002465
1.2.2.梵蒂冈,梵蒂冈 次留,,,,,,,,,,,,,
1.2.2.比利时,比利时 次留,0.356884,0.33901,0.344088,0.327653,0.329257,0.32082,0.3375,0.345962,0.017874,5.272362,2.40687e-05,-0.89842,0.007448
1.2.2.毛里塔尼亚,毛里塔尼亚 次留,0.385542,0.252427,0.25,0.265487,0.246479,0.282258,0.311475,0.201681,0.133115,52.734013,2.6421e-06,-0.098621,0.000818
1.2.2.毛里求斯,毛里求斯 次留,0.390543,0.451115,0.396917,0.422348,0.422018,0.425,0.391382,0.378378,-0.060572,-13.427181,-6.8048e-06,0.254007,-0.002106
1.2.2.汤加,汤加 次留,0.411765,0.44,0.25,0.222222,0.461538,0.4,0.428571,0.375,-0.028235,-6.417112,-1.36e-07,0.005077,-4.2e-05
1.2.2.沙特阿拉伯,沙特阿拉伯 次留,0.333982,0.333706,0.323953,0.329805,0.335844,0.346099,0.369163,0.32451,0.000277,0.082904,2.381e-07,-0.008888,7.4e-05
1.2.2.法国,法国 次留,0.344685,0.340347,0.340323,0.345012,0.354018,0.342041,0.348514,0.34891,0.004338,1.274443,2.20484e-05,-0.823007,0.006823
1.2.2.法属圣马丁,法属圣马丁 次留,0.65,0.461538,0.444444,0.558824,0.512195,0.611111,0.538462,0.557692,0.188462,40.833333,1.4163e-06,-0.052868,0.000438
1.2.2.法属圭亚那,法属圭亚那 次留,0.291667,0.323529,0.25,0.325,0.283019,0.319149,0.333333,0.277778,-0.031863,-9.848485,-2.088e-07,0.007792,-6.5e-05
1.2.2.法属波利尼西亚,法属波利尼西亚 次留,0.46875,0.358974,0.333333,0.272727,0.512821,0.410256,0.342466,0.511628,0.109776,30.580357,1.65e-06,-0.06159,0.000511
1.2.2.法罗群岛,法罗群岛 次留,0.263158,0.382979,0.243902,0.236842,0.222222,0.189189,0.113636,0.309524,-0.119821,-31.28655,-1.0852e-06,0.040508,-0.000336
1.2.2.波兰,波兰 次留,0.321371,0.319247,0.339341,0.336871,0.330737,0.324982,0.323786,0.332344,0.002124,0.665247,7.9808e-06,-0.297901,0.00247
1.2.2.波多黎各,波多黎各 次留,0.381494,0.39038,0.37621,0.393064,0.397966,0.393997,0.391152,0.384533,-0.008886,-2.276296,-7.9743e-06,0.297658,-0.002468
1.2.2.波黑,波黑 次留,0.325974,0.329505,0.323231,0.328804,0.327873,0.329796,0.345576,0.331502,-0.003531,-1.071755,-5.5692e-06,0.207884,-0.001723
1.2.2.泰国,泰国 次留,0.410695,0.376323,0.399383,0.403814,0.385774,0.397527,0.403605,0.413595,0.034373,9.13382,2.31621e-05,-0.86458,0.007167
1.2.2.泽西岛,泽西岛 次留,0.33617,0.211429,0.269058,0.262673,0.216418,0.272727,0.26699,0.342246,0.124742,58.999425,4.2065e-06,-0.157019,0.001302
1.2.2.津巴布韦,津巴布韦 次留,0.321311,0.31875,0.29085,0.335366,0.374622,0.355615,0.303896,0.337209,0.002561,0.8036,1.579e-07,-0.005895,4.9e-05
1.2.2.洪都拉斯,洪都拉斯 次留,0.373389,0.368081,0.377795,0.384079,0.3807,0.360297,0.362682,0.378183,0.005308,1.442065,2.5315e-06,-0.094495,0.000783
1.2.2.海地,海地 次留,0.302663,0.288419,0.293123,0.273839,0.259172,0.290758,0.304113,0.310824,0.014245,4.938906,2.4648e-06,-0.092005,0.000763
1.2.2.澳大利亚,澳大利亚 次留,0.287381,0.284833,0.280631,0.280312,0.279866,0.289445,0.280733,0.28237,0.002549,0.894736,3.06405e-05,-1.143731,0.009482
1.2.2.爱尔兰,爱尔兰 次留,0.370546,0.349529,0.368775,0.358944,0.360089,0.344776,0.38177,0.366225,0.021017,6.01298,6.36002e-05,-2.374029,0.019681
1.2.2.爱沙尼亚,爱沙尼亚 次留,0.339723,0.314444,0.332718,0.324355,0.325155,0.329664,0.329689,0.341575,0.025279,8.039353,1.84814e-05,-0.689862,0.005719
1.2.2.牙买加,牙买加 次留,0.355811,0.333201,0.357608,0.335169,0.347246,0.333789,0.323341,0.361631,0.02261,6.785664,1.09968e-05,-0.410483,0.003403
1.2.2.特克斯和凯科斯群岛,特克斯和凯科斯群岛 次留,0.518519,0.437186,0.434579,0.474576,0.428571,0.552301,0.49763,0.479532,0.081333,18.603661,3.1189e-06,-0.116419,0.000965
1.2.2.特立尼达和多巴哥,特立尼达和多巴哥 次留,0.306897,0.31753,0.312727,0.309255,0.301865,0.276269,0.305627,0.295062,-0.010634,-3.348898,-1.8584e-06,0.069369,-0.000575
1.2.2.玻利维亚,玻利维亚 次留,0.333657,0.33188,0.339143,0.341171,0.333333,0.335735,0.354911,0.331546,0.001777,0.535516,7.068e-07,-0.026382,0.000219
1.2.2.瑙鲁,瑙鲁 次留,,,,,,,0.0,1.0,,,,,
1.2.2.瑞典,瑞典 次留,0.326526,0.314731,0.309501,0.322566,0.319493,0.315226,0.312117,0.319408,0.011794,3.747474,2.92837e-05,-1.093084,0.009062
1.2.2.瑞士,瑞士 次留,0.341403,0.335981,0.338467,0.334846,0.335427,0.322568,0.324153,0.335329,0.005421,1.61353,9.864e-06,-0.368199,0.003052
1.2.2.瓜德罗普,瓜德罗普 次留,0.396552,0.369565,0.333333,0.36,0.350877,0.380952,0.352941,0.378788,0.026987,7.302231,2.392e-07,-0.008929,7.4e-05
1.2.2.瓦利斯和富图纳群岛,瓦利斯和富图纳群岛 次留,,,,,,,,,,,,,
1.2.2.瓦努阿图,瓦努阿图 次留,0.344828,0.434783,0.419355,0.526316,0.392857,0.32,0.272727,0.352941,-0.089955,-20.689655,-3.987e-07,0.014882,-0.000123
1.2.2.留尼汪岛,留尼汪岛 次留,0.266667,0.297619,0.340206,0.36,0.358696,0.207317,0.417476,0.318182,-0.030952,-10.4,-5.01e-07,0.018701,-0.000155
1.2.2.白俄罗斯,白俄罗斯 次留,0.299889,0.306182,0.312331,0.312087,0.296601,0.301097,0.292752,0.312628,-0.006293,-2.055318,-2.16761e-05,0.809112,-0.006708
1.2.2.百慕大,百慕大 次留,0.38172,0.35814,0.445783,0.413043,0.386139,0.306748,0.321429,0.301205,0.023581,6.584276,9.769e-07,-0.036466,0.000302
1.2.2.直布罗陀,直布罗陀 次留,0.316832,0.370892,0.393443,0.3,0.324675,0.363095,0.310526,0.230263,-0.05406,-14.575761,-2.2189e-06,0.082825,-0.000687
1.2.2.福克兰群岛,福克兰群岛 次留,0.0,0.5,0.0,,0.0,0.0,,0.0,-0.5,-100.0,-1.3489e-06,0.05035,-0.000417
1.2.2.科威特,科威特 次留,0.34647,0.36091,0.348917,0.349138,0.331761,0.358779,0.375659,0.349359,-0.01444,-4.00111,-5.3815e-06,0.200876,-0.001665
1.2.2.科摩罗,科摩罗 次留,0.37037,0.538462,0.444444,0.538462,0.416667,0.666667,0.392857,0.823529,-0.168091,-31.216931,-4.211e-07,0.015718,-0.00013
1.2.2.科特迪瓦,科特迪瓦 次留,0.284284,0.285379,0.284655,0.27033,0.313802,0.319255,0.338592,0.293343,-0.001096,-0.383942,-2.699e-07,0.010074,-8.4e-05
1.2.2.科索沃,科索沃 次留,0.317992,0.319575,0.313454,0.304005,0.297464,0.289631,0.288957,0.315789,-0.001583,-0.495378,-4.878e-07,0.018207,-0.000151
1.2.2.秘鲁,秘鲁 次留,0.361065,0.36123,0.364965,0.380753,0.367189,0.366648,0.371641,0.375315,-0.000165,-0.045583,-3.495e-07,0.013047,-0.000108
1.2.2.突尼斯,突尼斯 次留,0.314153,0.309859,0.336182,0.342216,0.340486,0.325018,0.324704,0.313407,0.004294,1.385883,1.175e-06,-0.043859,0.000364
1.2.2.立陶宛,立陶宛 次留,0.316867,0.309444,0.34656,0.331768,0.315421,0.318182,0.317058,0.332913,0.007423,2.398839,8.1032e-06,-0.302471,0.002507
1.2.2.索马里,索马里 次留,0.248322,0.21831,0.21374,0.17803,0.18254,0.190141,0.196481,0.177358,0.030012,13.747564,1.6424e-06,-0.061308,0.000508
1.2.2.约旦,约旦 次留,0.283643,0.280025,0.280144,0.278766,0.287967,0.29837,0.328553,0.279802,0.003618,1.292095,1.1378e-06,-0.042471,0.000352
1.2.2.纳米比亚,纳米比亚 次留,0.359031,0.321839,0.367299,0.354271,0.342298,0.328638,0.342105,0.326582,0.037192,11.55601,3.1176e-06,-0.116371,0.000965
1.2.2.纽埃岛,纽埃岛 次留,0.0,0.333333,0.6,1.0,0.0,0.0,,,-0.333333,-100.0,-4.496e-07,0.016783,-0.000139
1.2.2.缅甸,缅甸 次留,0.240625,0.229462,0.261364,0.268229,0.252358,0.225888,0.239394,0.259615,0.011163,4.864969,7.593e-07,-0.028344,0.000235
1.2.2.罗马尼亚,罗马尼亚 次留,0.351218,0.351837,0.354698,0.351013,0.343472,0.332045,0.356596,0.348211,-0.000618,-0.175786,-1.4741e-06,0.055023,-0.000456
1.2.2.美国,美国 次留,0.300912,0.321131,0.30221,0.312334,0.309584,0.303874,0.307786,0.302842,-0.020219,-6.296277,-0.0029568697,110.372143,-0.914984
1.2.2.美属维尔京群岛,美属维尔京群岛 次留,0.39521,0.456044,0.453125,0.425,0.457831,0.405229,0.324503,0.371429,-0.060834,-13.339586,-2.1335e-06,0.079638,-0.00066
1.2.2.美属萨摩亚,美属萨摩亚 次留,,0.333333,0.0,0.0,,0.25,0.333333,0.4,,,,,
1.2.2.老挝,老挝 次留,0.245283,0.21875,0.26087,0.352941,0.326531,0.321429,0.177778,0.3,0.026533,12.12938,3.272e-07,-0.012214,0.000101
1.2.2.肯尼亚,肯尼亚 次留,0.362082,0.355777,0.338028,0.377795,0.363997,0.340642,0.343295,0.368465,0.006305,1.772053,1.4616e-06,-0.054558,0.000452
1.2.2.芬兰,芬兰 次留,0.322871,0.32896,0.325792,0.331802,0.323247,0.323343,0.318493,0.32206,-0.006088,-1.850765,-1.26979e-05,0.473978,-0.003929
1.2.2.苏丹,苏丹 次留,0.315789,0.319149,0.326923,0.3,0.304348,0.403846,0.339286,0.173913,-0.003359,-1.052632,-3.04e-08,0.001136,-9e-06
1.2.2.苏里南,苏里南 次留,0.165468,0.306748,0.361446,0.319149,0.270833,0.348387,0.288591,0.384106,-0.141281,-46.057554,-4.4376e-06,0.165643,-0.001373
1.2.2.英国,英国 次留,0.335223,0.328428,0.332605,0.334567,0.331471,0.317653,0.337711,0.3458,0.006795,2.068913,0.0003189778,-11.906599,0.098706
1.2.2.英属印度洋领地,英属印度洋领地 次留,0.0,0.0,0.5,0.0,,,0.0,,0.0,,0.0,-0.0,0.0
1.2.2.英属维尔京群岛,英属维尔京群岛 次留,0.326923,0.244898,0.329114,0.393258,0.382979,0.296296,0.305556,0.324324,0.082025,33.49359,7.745e-07,-0.02891,0.00024
1.2.2.荷兰,荷兰 次留,0.320966,0.316881,0.318861,0.318569,0.322217,0.31619,0.311769,0.317532,0.004085,1.289221,4.22948e-05,-1.578752,0.013088
1.2.2.荷兰加勒比,荷兰加勒比 次留,0.478261,0.405405,0.28125,0.371429,0.333333,0.222222,0.487179,0.542857,0.072855,17.971014,5.195e-07,-0.01939,0.000161
1.2.2.荷属圣马丁,荷属圣马丁 次留,0.48366,0.598765,0.574803,0.440299,0.536765,0.585366,0.550725,0.543624,-0.115105,-19.223772,-3.5932e-06,0.134126,-0.001112
1.2.2.荷属安的列斯,荷属安的列斯 次留,0.0,,0.0,0.625,1.0,,,0.0,,,,,
1.2.2.莫桑比克,莫桑比克 次留,0.350329,0.404494,0.345277,0.359347,0.321942,0.324607,0.368098,0.358974,-0.054165,-13.390899,-6.5026e-06,0.242723,-0.002012
1.2.2.莱索托,莱索托 次留,0.45098,0.375,0.268293,0.393939,0.283019,0.438596,0.326531,0.444444,0.07598,20.261438,7.028e-07,-0.026233,0.000217
1.2.2.菲律宾,菲律宾 次留,0.326181,0.332289,0.334152,0.343371,0.339603,0.336019,0.338669,0.34178,-0.006109,-1.838316,-2.55562e-05,0.953946,-0.007908
1.2.2.萨尔瓦多,萨尔瓦多 次留,0.362714,0.369464,0.390791,0.375571,0.347222,0.367128,0.359665,0.373041,-0.00675,-1.826933,-2.232e-06,0.083316,-0.000691
1.2.2.萨摩亚,萨摩亚 次留,0.451613,0.25,0.461538,0.333333,0.411765,0.466667,0.588235,0.36,0.201613,80.645161,5.439e-07,-0.020303,0.000168
1.2.2.葡萄牙,葡萄牙 次留,0.339177,0.344293,0.336058,0.347626,0.351116,0.338996,0.342993,0.338842,-0.005116,-1.485991,-3.5171e-05,1.31284,-0.010883
1.2.2.蒙古,蒙古 次留,0.289216,0.277259,0.2397,0.274247,0.259516,0.243346,0.22069,0.207143,0.011957,4.312624,7.396e-07,-0.027608,0.000229
1.2.2.蒙塞拉特岛,蒙塞拉特岛 次留,,,,,0.0,,,,,,,,
1.2.2.西班牙,西班牙 次留,0.39304,0.390121,0.383931,0.387722,0.390782,0.381991,0.387057,0.38898,0.002919,0.748259,2.67833e-05,-0.999751,0.008288
1.2.2.诺福克岛,诺福克岛 次留,,,,,,,,,,,,,
1.2.2.贝宁,贝宁 次留,0.251101,0.265172,0.280285,0.241918,0.248804,0.29089,0.284468,0.285714,-0.01407,-5.306069,-2.0553e-06,0.076718,-0.000636
1.2.2.赞比亚,赞比亚 次留,0.308429,0.362191,0.31391,0.333333,0.34854,0.297535,0.317241,0.345423,-0.053762,-14.843473,-5.8637e-06,0.218875,-0.001814
1.2.2.赤道几内亚,赤道几内亚 次留,0.259259,0.347826,0.178571,0.46875,0.324324,0.605263,0.307692,0.28125,-0.088567,-25.462963,-3.925e-07,0.014652,-0.000121
1.2.2.越南,越南 次留,0.34396,0.341176,0.355134,0.376463,0.365588,0.354942,0.347102,0.339922,0.002783,0.815783,1.596e-06,-0.059575,0.000494
1.2.2.阿塞拜疆,阿塞拜疆 次留,0.313765,0.291756,0.301025,0.300934,0.299915,0.284599,0.313008,0.311122,0.02201,7.54382,9.9284e-06,-0.370601,0.003072
1.2.2.阿富汗,阿富汗 次留,0.173203,0.235484,0.21875,0.234043,0.22314,0.277108,0.278626,0.180147,-0.062281,-26.448205,-3.7204e-06,0.138874,-0.001151
1.2.2.阿尔及利亚,阿尔及利亚 次留,0.207865,0.22039,0.220264,0.228442,0.244275,0.217778,0.247487,0.210031,-0.012525,-5.682947,-1.6098e-06,0.060091,-0.000498
1.2.2.阿尔巴尼亚,阿尔巴尼亚 次留,0.358757,0.337301,0.341736,0.330892,0.334129,0.326488,0.317812,0.30934,0.021457,6.361256,3.05707e-05,-1.141125,0.00946
1.2.2.阿曼,阿曼 次留,0.322542,0.337558,0.375697,0.354305,0.345898,0.348178,0.430946,0.330994,-0.015016,-4.448318,-2.5116e-06,0.093752,-0.000777
1.2.2.阿根廷,阿根廷 次留,0.373893,0.354189,0.355129,0.366013,0.358596,0.36149,0.356095,0.357047,0.019704,5.563039,6.63892e-05,-2.478135,0.020544
1.2.2.阿联酋,阿联酋 次留,0.354334,0.353609,0.355102,0.352647,0.365435,0.343912,0.388723,0.353433,0.000726,0.205174,1.2678e-06,-0.047325,0.000392
1.2.2.阿鲁巴,阿鲁巴 次留,0.480226,0.501845,0.528958,0.454756,0.519588,0.519427,0.477823,0.492632,-0.021619,-4.30791,-2.2579e-06,0.084283,-0.000699
1.2.2.韩国,韩国 次留,0.32161,0.337049,0.331563,0.344325,0.322049,0.30149,0.293876,0.343924,-0.015438,-4.580417,-6.6731e-06,0.249088,-0.002065
1.2.2.马尔代夫,马尔代夫 次留,0.496226,0.4946,0.515873,0.502655,0.512281,0.478747,0.515679,0.43418,0.001626,0.328747,1.451e-07,-0.005415,4.5e-05
1.2.2.马恩岛,马恩岛 次留,0.393365,0.346939,0.387755,0.331429,0.295775,0.380531,0.373913,0.393258,0.046426,13.381656,1.7535e-06,-0.065452,0.000543
1.2.2.马拉维,马拉维 次留,0.356098,0.363636,0.327354,0.297297,0.394619,0.326531,0.421875,0.374429,-0.007539,-2.073171,-2.716e-07,0.010139,-8.4e-05
1.2.2.马提尼克岛,马提尼克岛 次留,0.444444,0.23913,0.472222,0.478261,0.2,0.428571,0.422222,0.388889,0.205314,85.858586,1.8199e-06,-0.067933,0.000563
1.2.2.马来西亚,马来西亚 次留,0.342743,0.335057,0.332136,0.330259,0.318527,0.34923,0.360825,0.334426,0.007686,2.29382,5.1542e-06,-0.192391,0.001595
1.2.2.马约特,马约特 次留,0.5,0.0,0.0,0.0,0.75,,,0.0,0.5,,1.0117e-06,-0.037763,0.000313
1.2.2.马绍尔群岛,马绍尔群岛 次留,0.0,0.666667,0.0,0.0,0.0,0.0,0.0,0.2,-0.666667,-100.0,-1.0791e-06,0.04028,-0.000334
1.2.2.马耳他,马耳他 次留,0.441267,0.428426,0.455544,0.442953,0.456757,0.446388,0.413683,0.422754,0.012841,2.997186,4.8573e-06,-0.181311,0.001503
1.2.2.马达加斯加,马达加斯加 次留,0.313131,0.288043,0.325843,0.278689,0.334975,0.248588,0.318919,0.206897,0.025088,8.709739,8.895e-07,-0.033204,0.000275
1.2.2.马里,马里 次留,0.329098,0.302552,0.291771,0.297727,0.32268,0.382157,0.49208,0.362173,0.026546,8.774105,4.2099e-06,-0.157146,0.001303
1.2.2.黎巴嫩,黎巴嫩 次留,0.336965,0.335225,0.32177,0.341382,0.336502,0.324489,0.335816,0.313584,0.00174,0.518947,1.7134e-06,-0.063955,0.00053
1.2.2.黑山,黑山 次留,0.404155,0.404907,0.385856,0.378435,0.384913,0.362272,0.367624,0.379109,-0.000751,-0.185582,-7.619e-07,0.028441,-0.000236
2,整体 活跃UV,723184.142857,741351.714286,730721.571429,723297.0,740301.428571,718559.285714,732984.0,695293.571429,-18167.571429,-2.450601,0.0,0.0,0.0
2.1,新用户 活跃UV,40447.857143,49009.285714,42443.714286,42277.428571,44210.285714,45928.142857,47333.857143,42419.0,-8561.428571,-17.468993,0.0018481621,-68.987013,0.571902
2.2,老用户 活跃UV,682736.285714,692342.428571,688277.857143,681019.571429,696091.142857,672631.142857,685650.142857,652874.571429,-9606.142857,-1.387484,8.06182e-05,-3.009263,0.024947
2.2.1,Android 活跃UV,169196.285714,171832.714286,171821.714286,168753.571429,173268.0,168343.857143,171914.571429,162936.285714,-2636.428571,-1.5343,-1.62178e-05,0.605369,-0.005019
2.2.1.unknow,unknow 活跃UV,23.428571,21.428571,21.857143,23.0,27.571429,19.142857,24.857143,27.714286,2.0,9.333333,-2.768e-07,0.010332,-8.6e-05
2.2.1.不丹,不丹 活跃UV,2.6,1.833333,1.714286,2.333333,2.142857,2.166667,3.5,2.571429,0.766667,41.818182,-2.764e-07,0.010316,-8.6e-05
2.2.1.东帝汶,东帝汶 活跃UV,3.0,3.857143,3.857143,3.714286,4.142857,3.428571,3.833333,4.428571,-0.857143,-22.222222,-1.07e-08,0.0004,-3e-06
2.2.1.中国,中国 活跃UV,193.857143,201.571429,213.142857,198.857143,184.714286,178.428571,177.142857,176.142857,-7.714286,-3.827073,-2.473e-07,0.00923,-7.7e-05
2.2.1.中国台湾,中国台湾 活跃UV,67.857143,62.0,67.571429,62.857143,68.142857,59.571429,58.285714,56.142857,5.857143,9.447005,5.904e-07,-0.022038,0.000183
2.2.1.中国澳门,中国澳门 活跃UV,1.5,1.0,1.142857,2.5,2.0,2.142857,2.142857,1.857143,0.5,50.0,-1.135e-07,0.004237,-3.5e-05
2.2.1.中国香港,中国香港 活跃UV,275.428571,256.428571,109.714286,92.714286,126.0,101.714286,130.857143,121.857143,19.0,7.409471,-1.9598e-06,0.073154,-0.000606
2.2.1.中非,中非 活跃UV,2.2,1.333333,2.333333,1.5,1.666667,2.0,2.25,1.5,0.866667,65.0,-2.888e-07,0.010782,-8.9e-05
2.2.1.丹麦,丹麦 活跃UV,83.285714,76.571429,80.857143,74.0,70.714286,80.714286,79.428571,74.285714,6.714286,8.768657,6.437e-07,-0.024027,0.000199
2.2.1.乌克兰,乌克兰 活跃UV,1154.571429,1207.428571,1232.142857,1163.857143,1159.428571,1170.857143,1247.857143,1268.857143,-52.857143,-4.377662,-1.0913e-06,0.040736,-0.000338
2.2.1.乌兹别克斯坦,乌兹别克斯坦 活跃UV,98.428571,95.714286,83.571429,82.142857,84.0,85.571429,91.857143,90.428571,2.714286,2.835821,-3.926e-07,0.014656,-0.000121
2.2.1.乌干达,乌干达 活跃UV,95.285714,94.428571,101.0,100.714286,108.857143,103.285714,109.857143,110.714286,0.857143,0.907716,-1.286e-07,0.004799,-4e-05
2.2.1.乌拉圭,乌拉圭 活跃UV,104.428571,103.0,103.857143,110.285714,107.0,108.428571,110.285714,115.714286,1.428571,1.386963,3.496e-07,-0.013051,0.000108
2.2.1.乍得,乍得 活跃UV,5.857143,5.142857,5.285714,6.857143,6.857143,6.714286,6.571429,5.857143,0.714286,13.888889,-1.204e-07,0.004496,-3.7e-05
2.2.1.也门,也门 活跃UV,45.285714,42.571429,42.571429,43.428571,45.714286,46.428571,54.285714,51.571429,2.714286,6.375839,-4.99e-07,0.018627,-0.000154
2.2.1.亚美尼亚,亚美尼亚 活跃UV,110.571429,111.285714,119.142857,105.571429,82.285714,90.714286,98.285714,92.285714,-0.714286,-0.641849,-1.443e-07,0.005387,-4.5e-05
2.2.1.以色列,以色列 活跃UV,222.0,151.428571,131.571429,122.714286,135.714286,133.142857,135.142857,129.714286,70.571429,46.603774,6.9926e-06,-0.261014,0.002164
2.2.1.伊拉克,伊拉克 活跃UV,282.714286,276.714286,288.142857,271.571429,290.285714,290.857143,352.714286,306.428571,6.0,2.168301,-8.891e-07,0.033187,-0.000275
2.2.1.伊朗,伊朗 活跃UV,4576.714286,4211.428571,2753.0,2804.428571,2902.0,2897.857143,2332.142857,263.285714,365.285714,8.673677,-7.05797e-05,2.634553,-0.02184
2.2.1.伯利兹,伯利兹 活跃UV,12.142857,13.0,14.857143,16.142857,14.571429,14.428571,14.857143,17.285714,-0.857143,-6.593407,8.3e-08,-0.003097,2.6e-05
2.2.1.佛得角,佛得角 活跃UV,8.571429,9.857143,11.571429,10.571429,8.142857,11.142857,10.0,8.857143,-1.285714,-13.043478,-8.69e-08,0.003242,-2.7e-05
2.2.1.俄罗斯,俄罗斯 活跃UV,7530.285714,7639.714286,7649.0,7458.142857,7814.285714,7573.0,7859.142857,7620.142857,-109.428571,-1.432365,-1.2957e-06,0.048367,-0.000401
2.2.1.保加利亚,保加利亚 活跃UV,240.0,249.428571,237.285714,214.857143,217.571429,217.857143,233.0,204.142857,-9.428571,-3.780069,-3.386e-07,0.012641,-0.000105
2.2.1.克罗地亚,克罗地亚 活跃UV,441.142857,444.714286,453.142857,423.571429,399.857143,399.714286,411.857143,391.714286,-3.571429,-0.803084,6.662e-07,-0.024866,0.000206
2.2.1.关岛,关岛 活跃UV,2.285714,3.571429,4.857143,3.428571,2.285714,3.571429,4.142857,3.142857,-1.285714,-36.0,-8.59e-08,0.003205,-2.7e-05
2.2.1.冈比亚,冈比亚 活跃UV,62.857143,69.142857,80.285714,72.571429,67.0,92.428571,114.714286,66.0,-6.285714,-9.090909,6.377e-07,-0.023803,0.000197
2.2.1.冰岛,冰岛 活跃UV,10.142857,14.428571,16.714286,16.857143,14.285714,13.0,16.0,14.285714,-4.285714,-29.70297,1.49e-07,-0.00556,4.6e-05
2.2.1.几内亚,几内亚 活跃UV,12.0,15.428571,15.571429,16.142857,17.428571,15.571429,21.142857,13.142857,-3.428571,-22.222222,1.078e-07,-0.004023,3.3e-05
2.2.1.几内亚比绍,几内亚比绍 活跃UV,4.0,5.0,2.666667,4.5,2.714286,3.166667,3.857143,5.0,-1.0,-20.0,2.1e-09,-7.9e-05,1e-06
2.2.1.列支敦士登,列支敦士登 活跃UV,2.0,0.0,0.0,0.0,1.0,1.5,1.666667,2.333333,2.0,,,,
2.2.1.刚果共和国,刚果共和国 活跃UV,13.142857,12.857143,11.857143,12.0,13.0,11.142857,11.714286,10.857143,0.285714,2.222222,-8.79e-08,0.00328,-2.7e-05
2.2.1.刚果民主共和国,刚果民主共和国 活跃UV,96.857143,99.571429,97.0,93.428571,99.857143,106.714286,101.857143,96.857143,-2.714286,-2.725968,2.8e-08,-0.001046,9e-06
2.2.1.利比亚,利比亚 活跃UV,49.428571,55.571429,55.0,54.571429,53.428571,56.0,64.857143,59.857143,-6.142857,-11.053985,1.0283e-06,-0.038383,0.000318
2.2.1.利比里亚,利比里亚 活跃UV,191.857143,203.0,194.714286,200.571429,194.428571,215.285714,220.571429,209.571429,-11.142857,-5.489092,1.3211e-06,-0.049313,0.000409
2.2.1.加拿大,加拿大 活跃UV,1608.714286,1700.142857,1650.714286,1583.285714,1625.714286,1556.571429,1528.285714,1546.714286,-91.428571,-5.377699,-3.274e-06,0.12221,-0.001013
2.2.1.加纳,加纳 活跃UV,173.857143,177.428571,179.428571,186.571429,178.0,177.428571,193.428571,181.285714,-3.571429,-2.012882,-8.85e-08,0.003304,-2.7e-05
2.2.1.加蓬,加蓬 活跃UV,5.857143,4.571429,4.428571,4.571429,4.857143,4.571429,5.285714,7.0,1.285714,28.125,-2.003e-07,0.007478,-6.2e-05
2.2.1.匈牙利,匈牙利 活跃UV,213.0,210.142857,210.857143,208.285714,219.857143,208.142857,227.285714,214.714286,2.857143,1.359619,3.873e-07,-0.014456,0.00012
2.2.1.北马其顿,北马其顿 活跃UV,121.571429,111.142857,120.714286,121.714286,128.714286,124.714286,145.571429,124.571429,10.428571,9.383033,5.98e-07,-0.022321,0.000185
2.2.1.北马里亚纳群岛,北马里亚纳群岛 活跃UV,0.0,0.0,0.0,0.0,0.0,1.0,1.0,1.0,0.0,,,,
2.2.1.南极洲,南极洲 活跃UV,1.0,1.0,0.0,0.0,0.0,0.0,1.0,1.333333,0.0,0.0,-1.1e-08,0.000409,-3e-06
2.2.1.南苏丹,南苏丹 活跃UV,512.285714,434.428571,425.571429,419.428571,407.857143,427.428571,431.142857,441.142857,77.857143,17.921736,-1.64114e-05,0.612594,-0.005078
2.2.1.南非,南非 活跃UV,876.0,841.714286,815.285714,856.285714,784.285714,838.0,877.0,831.428571,34.285714,4.07332,3.112e-06,-0.116163,0.000963
2.2.1.博茨瓦纳,博茨瓦纳 活跃UV,25.714286,22.142857,22.571429,26.857143,25.0,28.571429,27.142857,27.571429,3.571429,16.129032,2.79e-07,-0.010416,8.6e-05
2.2.1.卡塔尔,卡塔尔 活跃UV,47.142857,46.0,46.285714,51.0,50.428571,51.428571,76.857143,55.428571,1.142857,2.484472,-1.488e-07,0.005556,-4.6e-05
2.2.1.卢旺达,卢旺达 活跃UV,61.857143,54.857143,51.0,57.428571,53.571429,50.428571,55.857143,59.142857,7.0,12.760417,-4.512e-07,0.016843,-0.00014
2.2.1.卢森堡,卢森堡 活跃UV,20.428571,17.714286,19.285714,19.0,20.142857,18.571429,22.142857,18.428571,2.714286,15.322581,3.284e-07,-0.012258,0.000102
2.2.1.印度,印度 活跃UV,2137.571429,2204.285714,2190.285714,2234.714286,2230.285714,2290.0,2502.428571,2441.285714,-66.714286,-3.026572,5.698e-07,-0.021267,0.000176
2.2.1.印度尼西亚,印度尼西亚 活跃UV,905.857143,898.857143,883.0,885.714286,897.571429,925.571429,913.142857,887.285714,7.0,0.778767,3.48e-06,-0.1299,0.001077
2.2.1.危地马拉,危地马拉 活跃UV,300.142857,318.571429,324.285714,316.714286,314.285714,306.428571,310.142857,312.142857,-18.428571,-5.784753,3.284e-07,-0.01226,0.000102
2.2.1.厄瓜多尔,厄瓜多尔 活跃UV,759.0,760.142857,801.428571,837.428571,787.0,807.285714,800.285714,803.0,-1.142857,-0.150348,2.047e-07,-0.007642,6.3e-05
2.2.1.厄立特里亚,厄立特里亚 活跃UV,0.0,0.0,0.0,0.0,0.0,0.0,0.0,0.0,0.0,,,,
2.2.1.叙利亚,叙利亚 活跃UV,293.142857,307.428571,307.142857,287.142857,304.428571,314.714286,359.571429,295.714286,-14.285714,-4.64684,3.783e-07,-0.014121,0.000117
2.2.1.古巴,古巴 活跃UV,29.428571,36.428571,38.0,36.857143,34.0,40.0,38.714286,43.428571,-7.0,-19.215686,1.2943e-06,-0.048315,0.000401
2.2.1.吉尔吉斯斯坦,吉尔吉斯斯坦 活跃UV,49.857143,43.714286,42.714286,46.857143,45.571429,53.285714,59.857143,47.714286,6.142857,14.052288,-1.368e-07,0.005107,-4.2e-05
2.2.1.吉布提,吉布提 活跃UV,2.8,2.0,1.0,1.5,2.0,2.0,3.166667,2.4,0.8,40.0,-2.117e-07,0.007902,-6.6e-05
2.2.1.哈萨克斯坦,哈萨克斯坦 活跃UV,338.142857,318.857143,323.857143,319.571429,303.0,306.571429,342.571429,327.142857,19.285714,6.048387,4.125e-07,-0.015396,0.000128
2.2.1.哥伦比亚,哥伦比亚 活跃UV,2419.571429,2547.0,2529.285714,2618.142857,2421.571429,2303.714286,2431.142857,2530.857143,-127.428571,-5.003085,-1.669e-06,0.0623,-0.000516
2.2.1.哥斯达黎加,哥斯达黎加 活跃UV,206.142857,199.428571,207.142857,202.142857,196.714286,201.0,198.0,196.714286,6.714286,3.366762,5.855e-07,-0.021854,0.000181
2.2.1.喀麦隆,喀麦隆 活跃UV,43.857143,41.285714,41.857143,43.0,50.142857,44.142857,50.285714,47.857143,2.571429,6.228374,-2.455e-07,0.009165,-7.6e-05
2.2.1.图瓦卢,图瓦卢 活跃UV,0.0,0.0,0.0,0.0,0.0,0.0,0.0,0.0,0.0,,,,
2.2.1.土库曼斯坦,土库曼斯坦 活跃UV,5.571429,7.857143,6.571429,6.571429,15.142857,19.0,10.571429,5.857143,-2.285714,-29.090909,-2.521e-07,0.009409,-7.8e-05
2.2.1.土耳其,土耳其 活跃UV,3840.285714,3754.142857,3633.428571,3482.428571,3560.857143,3512.714286,3824.142857,3047.571429,86.142857,2.294608,-8.1964e-06,0.305949,-0.002536
2.2.1.圣卢西亚,圣卢西亚 活跃UV,13.285714,14.0,9.428571,10.714286,13.0,10.142857,13.142857,12.714286,-0.714286,-5.102041,-2.18e-08,0.000813,-7e-06
2.2.1.圣基茨和尼维斯,圣基茨和尼维斯 活跃UV,4.285714,3.166667,2.571429,1.166667,1.833333,2.25,3.142857,3.0,1.119048,35.338346,7.2e-08,-0.002687,2.2e-05
2.2.1.圣多美和普林西比,圣多美和普林西比 活跃UV,2.714286,3.857143,3.0,2.428571,2.571429,2.714286,4.0,1.666667,-1.142857,-29.62963,-5.997e-07,0.022384,-0.000186
2.2.1.圣巴泰勒米岛,圣巴泰勒米岛 活跃UV,0.0,0.0,0.0,0.0,0.0,0.0,0.0,0.0,0.0,,,,
2.2.1.圣文森特和格林纳丁斯,圣文森特和格林纳丁斯 活跃UV,5.285714,5.571429,3.714286,3.571429,3.666667,4.428571,4.714286,4.714286,-0.285714,-5.128205,-4.48e-08,0.001674,-1.4e-05
2.2.1.圣皮埃尔和密克隆群岛,圣皮埃尔和密克隆群岛 活跃UV,0.0,0.0,1.0,0.0,0.0,0.0,0.0,0.0,0.0,,,,
2.2.1.圣马力诺,圣马力诺 活跃UV,1.0,0.0,1.0,0.0,0.0,1.0,0.0,1.0,1.0,,,,
2.2.1.圭亚那,圭亚那 活跃UV,24.714286,29.285714,28.142857,29.0,26.571429,29.428571,30.0,29.857143,-4.571429,-15.609756,3.36e-07,-0.012542,0.000104
2.2.1.坦桑尼亚,坦桑尼亚 活跃UV,147.0,134.0,136.428571,141.142857,146.142857,163.285714,165.714286,160.0,13.0,9.701493,-1.3248e-06,0.049452,-0.00041
2.2.1.埃及,埃及 活跃UV,933.857143,959.428571,974.571429,978.714286,992.428571,1065.571429,1314.0,927.285714,-25.571429,-2.665277,9.57e-08,-0.003571,3e-05
2.2.1.埃塞俄比亚,埃塞俄比亚 活跃UV,134.142857,150.142857,145.714286,149.142857,148.857143,152.714286,164.428571,162.285714,-16.0,-10.656518,2.4939e-06,-0.093092,0.000772
2.2.1.基里巴斯,基里巴斯 活跃UV,0.0,0.0,0.0,0.0,1.0,1.0,0.0,0.0,0.0,,,,
2.2.1.塔吉克斯坦,塔吉克斯坦 活跃UV,23.0,20.428571,23.285714,19.0,20.0,18.571429,18.428571,14.714286,2.571429,12.587413,-4.23e-07,0.015788,-0.000131
2.2.1.塞内加尔,塞内加尔 活跃UV,114.714286,114.714286,126.428571,141.428571,153.857143,218.0,257.714286,163.857143,0.0,0.0,-3.558e-07,0.013282,-0.00011
2.2.1.塞尔维亚,塞尔维亚 活跃UV,938.571429,934.0,954.0,984.571429,997.428571,990.0,1036.142857,953.857143,4.571429,0.489446,2.125e-07,-0.007932,6.6e-05
2.2.1.塞拉利昂,塞拉利昂 活跃UV,30.428571,30.142857,29.857143,27.0,30.0,26.428571,32.857143,28.142857,0.285714,0.947867,-1.851e-07,0.00691,-5.7e-05
2.2.1.塞浦路斯,塞浦路斯 活跃UV,105.714286,110.857143,105.857143,98.714286,100.142857,103.714286,97.285714,91.285714,-5.142857,-4.639175,-2.895e-07,0.010806,-9e-05
2.2.1.塞舌尔,塞舌尔 活跃UV,9.142857,6.142857,5.857143,5.857143,8.857143,6.857143,7.714286,7.285714,3.0,48.837209,7.023e-07,-0.026214,0.000217
2.2.1.墨西哥,墨西哥 活跃UV,5911.142857,5819.571429,5836.285714,5629.0,5652.428571,5496.428571,5473.714286,5576.428571,91.571429,1.573508,2.6518e-06,-0.098985,0.000821
2.2.1.多哥,多哥 活跃UV,21.714286,19.142857,26.142857,23.142857,21.285714,25.285714,31.857143,27.428571,2.571429,13.432836,-2.523e-07,0.009418,-7.8e-05
2.2.1.多米尼克,多米尼克 活跃UV,1.5,2.0,1.833333,1.6,1.0,1.5,1.8,2.142857,-0.5,-25.0,-1.103e-07,0.004116,-3.4e-05
2.2.1.多米尼加,多米尼加 活跃UV,159.285714,157.571429,165.428571,166.714286,163.285714,186.142857,172.428571,174.714286,1.714286,1.087942,1.221e-07,-0.004559,3.8e-05
2.2.1.奥兰群岛,奥兰群岛 活跃UV,0.0,1.0,1.0,0.0,1.0,0.0,0.0,0.0,-1.0,-100.0,,,
2.2.1.奥地利,奥地利 活跃UV,214.571429,219.142857,219.714286,220.857143,220.428571,216.571429,228.428571,206.714286,-4.571429,-2.08605,6.88e-08,-0.00257,2.1e-05
2.2.1.委内瑞拉,委内瑞拉 活跃UV,758.428571,608.0,662.428571,845.0,846.0,815.0,857.142857,849.428571,150.428571,24.741541,-2.5282e-06,0.094372,-0.000782
2.2.1.孟加拉,孟加拉 活跃UV,3855.285714,4054.428571,4209.857143,4414.714286,4706.0,5412.714286,5851.285714,4510.0,-199.142857,-4.911737,1.84799e-05,-0.689808,0.005719
2.2.1.安哥拉,安哥拉 活跃UV,46.857143,52.857143,47.142857,49.0,52.285714,51.142857,48.857143,54.285714,-6.0,-11.351351,-3.173e-07,0.011845,-9.8e-05
2.2.1.安圭拉,安圭拉 活跃UV,2.0,1.0,1.0,1.0,1.5,1.2,1.0,1.5,1.0,100.0,6.047e-07,-0.022571,0.000187
2.2.1.安提瓜和巴布达,安提瓜和巴布达 活跃UV,12.714286,15.428571,11.428571,11.857143,9.714286,11.714286,11.714286,11.714286,-2.714286,-17.592593,-4.079e-07,0.015226,-0.000126
2.2.1.安道尔,安道尔 活跃UV,2.0,3.5,4.142857,3.714286,2.285714,3.714286,5.0,2.5,-1.5,-42.857143,-2.061e-07,0.007694,-6.4e-05
2.2.1.密克罗尼西亚联邦,密克罗尼西亚联邦 活跃UV,2.0,0.0,0.0,0.0,0.0,1.0,0.0,1.0,2.0,,,,
2.2.1.尼加拉瓜,尼加拉瓜 活跃UV,116.714286,118.285714,127.142857,108.571429,109.714286,118.571429,124.0,116.714286,-1.571429,-1.328502,8.3e-08,-0.0031,2.6e-05
2.2.1.尼日利亚,尼日利亚 活跃UV,1195.0,1223.571429,1194.571429,1214.857143,1219.714286,1294.285714,1419.428571,1267.142857,-28.571429,-2.335085,-6.11e-08,0.002279,-1.9e-05
2.2.1.尼日尔,尼日尔 活跃UV,13.428571,15.285714,12.714286,14.428571,14.428571,14.571429,20.428571,15.714286,-1.857143,-12.149533,9.55e-08,-0.003564,3e-05
2.2.1.尼泊尔,尼泊尔 活跃UV,175.714286,177.0,184.142857,175.285714,189.142857,183.428571,207.0,211.857143,-1.285714,-0.726392,-5.918e-07,0.022092,-0.000183
2.2.1.巴勒斯坦,巴勒斯坦 活跃UV,32.0,32.428571,31.714286,33.714286,32.142857,37.571429,48.0,31.285714,-0.428571,-1.321586,-3.48e-08,0.001298,-1.1e-05
2.2.1.巴哈马,巴哈马 活跃UV,18.571429,18.857143,19.428571,20.285714,16.571429,18.285714,16.571429,18.428571,-0.285714,-1.515152,2.44e-08,-0.00091,8e-06
2.2.1.巴基斯坦,巴基斯坦 活跃UV,1910.714286,1891.142857,1951.714286,1966.428571,2011.0,2315.857143,2843.857143,1968.714286,19.571429,1.0349,-1.11244e-05,0.415246,-0.003442
2.2.1.巴巴多斯,巴巴多斯 活跃UV,12.142857,13.0,8.714286,10.142857,11.0,10.571429,13.285714,10.428571,-0.857143,-6.593407,3.92e-08,-0.001462,1.2e-05
2.2.1.巴布亚新几内亚,巴布亚新几内亚 活跃UV,15.857143,17.571429,15.571429,15.285714,16.0,14.857143,15.714286,15.857143,-1.714286,-9.756098,-2e-09,7.6e-05,-1e-06
2.2.1.巴拉圭,巴拉圭 活跃UV,182.428571,181.0,201.571429,202.142857,205.0,207.285714,201.0,207.714286,1.428571,0.789266,1.48e-07,-0.005525,4.6e-05
2.2.1.巴拿马,巴拿马 活跃UV,127.285714,129.571429,142.142857,142.285714,125.857143,132.285714,133.428571,140.142857,-2.285714,-1.764057,3.18e-08,-0.001188,1e-05
2.2.1.巴林,巴林 活跃UV,14.857143,16.0,17.0,16.571429,15.0,17.714286,25.142857,20.428571,-1.142857,-7.142857,1.259e-07,-0.004698,3.9e-05
2.2.1.巴西,巴西 活跃UV,78654.857143,81233.142857,82867.142857,80034.714286,84789.714286,78422.142857,77271.142857,77716.571429,-2578.285714,-3.173933,9.4607e-06,-0.353144,0.002928
2.2.1.布基纳法索,布基纳法索 活跃UV,76.285714,76.857143,80.857143,79.571429,82.714286,82.714286,96.142857,87.0,-0.571429,-0.743494,-1.48e-07,0.005526,-4.6e-05
2.2.1.布隆迪,布隆迪 活跃UV,30.142857,31.428571,27.571429,34.857143,33.0,31.428571,39.142857,31.142857,-1.285714,-4.090909,5.47e-08,-0.002042,1.7e-05
2.2.1.希腊,希腊 活跃UV,811.0,773.714286,804.571429,761.714286,721.714286,740.714286,691.857143,649.857143,37.285714,4.819055,5.7316e-06,-0.213946,0.001774
2.2.1.帕劳,帕劳 活跃UV,1.0,0.0,0.0,0.0,1.0,1.0,1.0,1.0,1.0,,,,
2.2.1.库克群岛,库克群岛 活跃UV,1.8,1.0,1.0,1.25,1.2,1.0,1.25,1.0,0.8,80.0,1.383e-07,-0.005161,4.3e-05
2.2.1.库拉索,库拉索 活跃UV,5.857143,5.857143,7.857143,7.714286,7.714286,7.571429,9.857143,6.571429,0.0,0.0,8.5e-09,-0.000316,3e-06
2.2.1.开曼群岛,开曼群岛 活跃UV,2.714286,3.0,4.166667,5.714286,4.857143,4.857143,4.857143,3.285714,-0.285714,-9.52381,-1.33e-08,0.000496,-4e-06
2.2.1.德国,德国 活跃UV,3555.857143,3373.857143,3026.142857,2941.714286,2886.428571,2982.714286,3123.285714,2579.142857,182.0,5.394419,4.2488e-06,-0.158597,0.001315
2.2.1.意大利,意大利 活跃UV,1390.428571,1383.0,1417.857143,1414.428571,1428.0,1449.714286,1307.571429,1284.857143,7.428571,0.537135,2.8564e-06,-0.106621,0.000884
2.2.1.所罗门群岛,所罗门群岛 活跃UV,3.166667,3.142857,3.285714,2.857143,4.0,3.166667,3.857143,3.714286,0.02381,0.757576,-1e-09,3.8e-05,-0.0
2.2.1.托克劳群岛,托克劳群岛 活跃UV,0.0,0.0,0.0,0.0,0.0,0.0,0.0,0.0,0.0,,,,
2.2.1.拉脱维亚,拉脱维亚 活跃UV,159.857143,167.714286,179.428571,159.428571,168.428571,158.571429,150.571429,152.714286,-7.857143,-4.684838,-1.684e-07,0.006287,-5.2e-05
2.2.1.挪威,挪威 活跃UV,137.428571,134.142857,143.857143,160.285714,148.571429,149.0,137.285714,142.285714,3.285714,2.449414,7.096e-07,-0.026489,0.00022
2.2.1.捷克,捷克 活跃UV,207.0,189.857143,197.714286,182.857143,180.714286,199.285714,194.571429,180.285714,17.142857,9.029345,2.0742e-06,-0.077425,0.000642
2.2.1.摩尔多瓦,摩尔多瓦 活跃UV,98.142857,101.571429,97.714286,89.142857,98.285714,98.142857,121.0,111.285714,-3.428571,-3.375527,4.92e-08,-0.001836,1.5e-05
2.2.1.摩洛哥,摩洛哥 活跃UV,357.428571,350.428571,370.428571,365.0,353.142857,376.285714,456.0,363.428571,7.0,1.997554,-4.443e-07,0.016584,-0.000137
2.2.1.摩纳哥,摩纳哥 活跃UV,1.4,1.333333,2.0,2.5,2.6,1.5,1.5,2.0,0.066667,5.0,-5.1e-09,0.000192,-2e-06
2.2.1.文莱,文莱 活跃UV,8.0,10.571429,9.285714,7.857143,9.428571,11.0,11.285714,10.285714,-2.571429,-24.324324,-2.228e-07,0.008317,-6.9e-05
2.2.1.斐济,斐济 活跃UV,15.142857,11.142857,16.0,14.142857,14.142857,11.428571,12.428571,15.428571,4.0,35.897436,-1.258e-07,0.004694,-3.9e-05
2.2.1.斯威士兰,斯威士兰 活跃UV,7.142857,7.857143,6.285714,5.857143,4.571429,6.0,5.285714,5.166667,-0.714286,-9.090909,-1.42e-07,0.005301,-4.4e-05
2.2.1.斯洛伐克,斯洛伐克 活跃UV,133.142857,144.857143,150.142857,132.714286,131.714286,129.142857,142.0,129.428571,-11.714286,-8.086785,-6.76e-07,0.025232,-0.000209
2.2.1.斯洛文尼亚,斯洛文尼亚 活跃UV,63.714286,73.0,66.714286,65.142857,66.857143,61.285714,65.285714,68.0,-9.285714,-12.720157,-8.99e-08,0.003354,-2.8e-05
2.2.1.斯里兰卡,斯里兰卡 活跃UV,141.285714,132.142857,143.571429,149.142857,142.0,156.0,166.571429,155.714286,9.142857,6.918919,-5.3e-07,0.019783,-0.000164
2.2.1.新加坡,新加坡 活跃UV,253.714286,229.285714,246.714286,223.285714,222.142857,232.571429,242.428571,197.0,24.428571,10.654206,1.3346e-06,-0.049818,0.000413
2.2.1.新喀里多尼亚,新喀里多尼亚 活跃UV,1.666667,1.5,1.666667,1.5,1.666667,1.75,1.0,1.0,0.166667,11.111111,-9.09e-08,0.003393,-2.8e-05
2.2.1.新西兰,新西兰 活跃UV,124.857143,116.714286,115.714286,120.142857,127.142857,124.571429,129.857143,120.142857,8.142857,6.976744,5.144e-07,-0.0192,0.000159
2.2.1.日本,日本 活跃UV,133.142857,128.428571,185.571429,199.0,154.857143,230.714286,227.285714,149.571429,4.714286,3.670745,9.075e-07,-0.033875,0.000281
2.2.1.智利,智利 活跃UV,650.0,659.0,660.714286,662.714286,637.142857,634.714286,667.714286,695.0,-9.0,-1.365706,7.639e-07,-0.028514,0.000236
2.2.1.柬埔寨,柬埔寨 活跃UV,24.0,22.428571,20.857143,26.0,24.285714,25.428571,24.571429,25.142857,1.571429,7.006369,-1.448e-07,0.005404,-4.5e-05
2.2.1.根西岛,根西岛 活跃UV,1.0,1.666667,1.8,1.571429,1.428571,1.75,2.0,1.0,-0.666667,-40.0,2.797e-07,-0.010439,8.7e-05
2.2.1.格林纳达,格林纳达 活跃UV,5.428571,6.0,7.571429,6.142857,4.714286,5.0,6.428571,5.428571,-0.571429,-9.52381,1.98e-08,-0.000738,6e-06
2.2.1.格陵兰,格陵兰 活跃UV,1.0,2.333333,1.0,1.0,1.0,0.0,1.0,1.0,-1.333333,-57.142857,5.703e-07,-0.021287,0.000176
2.2.1.格鲁吉亚,格鲁吉亚 活跃UV,190.428571,193.857143,193.285714,201.285714,194.714286,197.428571,179.142857,182.714286,-3.428571,-1.768607,4.83e-08,-0.001803,1.5e-05
2.2.1.梵蒂冈,梵蒂冈 活跃UV,0.0,0.0,0.0,0.0,1.0,0.0,0.0,0.0,0.0,,,,
2.2.1.比利时,比利时 活跃UV,223.428571,218.571429,203.857143,199.857143,198.714286,197.285714,230.714286,196.0,4.857143,2.222222,8.087e-07,-0.030188,0.00025
2.2.1.毛里塔尼亚,毛里塔尼亚 活跃UV,10.285714,8.571429,11.714286,9.428571,10.428571,10.571429,13.428571,11.142857,1.714286,20.0,-9.9e-09,0.00037,-3e-06
2.2.1.毛里求斯,毛里求斯 活跃UV,39.285714,36.285714,40.857143,37.285714,40.142857,33.714286,41.857143,37.285714,3.0,8.267717,1.785e-07,-0.006663,5.5e-05
2.2.1.汤加,汤加 活跃UV,2.0,1.0,1.5,0.0,0.0,1.0,1.0,1.0,1.0,100.0,-4.578e-07,0.017089,-0.000142
2.2.1.沙特阿拉伯,沙特阿拉伯 活跃UV,243.571429,253.142857,264.714286,268.0,282.857143,304.714286,438.571429,287.428571,-9.571429,-3.781038,4.043e-07,-0.01509,0.000125
2.2.1.法国,法国 活跃UV,1073.571429,1006.571429,995.285714,1015.714286,1031.428571,1057.857143,1131.857143,911.142857,67.0,6.656259,4.088e-06,-0.152593,0.001265
2.2.1.法属圣马丁,法属圣马丁 活跃UV,1.0,1.0,1.5,2.0,1.5,1.0,1.25,1.0,0.0,0.0,-1.1e-08,0.000409,-3e-06
2.2.1.法属圭亚那,法属圭亚那 活跃UV,2.0,2.428571,2.0,2.333333,1.833333,2.0,2.142857,2.666667,-0.428571,-17.647059,1.011e-07,-0.003775,3.1e-05
2.2.1.法属波利尼西亚,法属波利尼西亚 活跃UV,3.6,3.428571,2.714286,3.2,1.857143,3.0,2.571429,2.166667,0.171429,5.0,-7.49e-08,0.002796,-2.3e-05
2.2.1.法罗群岛,法罗群岛 活跃UV,1.166667,1.666667,1.0,1.0,1.0,1.0,1.333333,1.5,-0.5,-30.0,-6.69e-08,0.002498,-2.1e-05
2.2.1.波兰,波兰 活跃UV,752.428571,765.142857,776.571429,741.0,695.142857,784.428571,793.714286,714.285714,-12.714286,-1.661688,3.405e-07,-0.01271,0.000105
2.2.1.波多黎各,波多黎各 活跃UV,89.571429,89.571429,87.285714,93.285714,86.571429,89.0,95.857143,85.857143,0.0,0.0,2.584e-07,-0.009644,8e-05
2.2.1.波黑,波黑 活跃UV,419.857143,423.714286,444.0,445.857143,466.428571,456.142857,537.285714,471.0,-3.857143,-0.910317,-8.6e-09,0.000321,-3e-06
2.2.1.泰国,泰国 活跃UV,165.571429,169.285714,154.857143,159.428571,158.285714,162.857143,172.428571,164.857143,-3.714286,-2.194093,8.88e-08,-0.003315,2.7e-05
2.2.1.泽西岛,泽西岛 活跃UV,2.857143,3.0,3.714286,2.666667,2.833333,1.857143,4.142857,2.714286,-0.142857,-4.761905,7e-09,-0.000262,2e-06
2.2.1.津巴布韦,津巴布韦 活跃UV,39.142857,39.0,41.0,42.0,37.714286,39.571429,48.857143,45.0,0.142857,0.3663,3.58e-08,-0.001335,1.1e-05
2.2.1.洪都拉斯,洪都拉斯 活跃UV,209.571429,216.0,211.428571,217.857143,216.714286,213.142857,211.285714,210.714286,-6.428571,-2.97619,-8.66e-08,0.003232,-2.7e-05
2.2.1.海地,海地 活跃UV,209.142857,209.0,215.857143,216.857143,209.428571,236.0,229.428571,235.285714,0.142857,0.068353,-4.631e-07,0.017284,-0.000143
2.2.1.澳大利亚,澳大利亚 活跃UV,1019.571429,977.285714,944.142857,954.285714,978.571429,1002.714286,1029.571429,1011.571429,42.285714,4.326853,1.5852e-06,-0.059172,0.000491
2.2.1.爱尔兰,爱尔兰 活跃UV,337.285714,298.285714,351.571429,300.857143,280.571429,298.285714,314.857143,289.142857,39.0,13.074713,3.8512e-06,-0.143755,0.001192
2.2.1.爱沙尼亚,爱沙尼亚 活跃UV,94.285714,100.428571,103.571429,93.428571,94.714286,96.0,87.428571,82.285714,-6.142857,-6.116643,-3.526e-07,0.01316,-0.000109
2.2.1.牙买加,牙买加 活跃UV,67.714286,76.0,74.428571,72.571429,72.428571,63.428571,72.0,73.857143,-8.285714,-10.902256,2.658e-07,-0.00992,8.2e-05
2.2.1.特克斯和凯科斯群岛,特克斯和凯科斯群岛 活跃UV,3.285714,1.833333,3.333333,2.666667,1.5,3.0,2.166667,2.142857,1.452381,79.220779,4.111e-07,-0.015346,0.000127
2.2.1.特立尼达和多巴哥,特立尼达和多巴哥 活跃UV,87.428571,92.714286,95.714286,95.142857,82.857143,89.285714,97.285714,90.571429,-5.285714,-5.701079,-4.92e-08,0.001835,-1.5e-05
2.2.1.玻利维亚,玻利维亚 活跃UV,372.285714,387.428571,381.142857,359.0,381.428571,389.857143,457.428571,388.285714,-15.142857,-3.908555,2.733e-07,-0.010201,8.5e-05
2.2.1.瑙鲁,瑙鲁 活跃UV,0.0,0.0,1.0,1.0,0.0,1.0,1.0,0.0,0.0,,,,
2.2.1.瑞典,瑞典 活跃UV,353.714286,359.285714,357.714286,368.714286,334.857143,320.857143,308.285714,278.571429,-5.571429,-1.550696,2.922e-07,-0.010907,9e-05
2.2.1.瑞士,瑞士 活跃UV,250.0,255.285714,248.428571,235.571429,234.285714,219.714286,245.571429,217.285714,-5.285714,-2.070509,8.47e-08,-0.003161,2.6e-05
2.2.1.瓜德罗普,瓜德罗普 活跃UV,2.5,2.285714,3.428571,2.285714,2.5,1.6,2.285714,2.428571,0.214286,9.375,2.87e-08,-0.001072,9e-06
2.2.1.瓦利斯和富图纳群岛,瓦利斯和富图纳群岛 活跃UV,1.0,0.0,0.0,0.0,0.0,0.0,0.0,0.0,1.0,,,,
2.2.1.瓦努阿图,瓦努阿图 活跃UV,1.666667,1.75,1.4,1.2,1.166667,1.2,1.333333,1.5,-0.083333,-4.761905,6.9e-09,-0.000257,2e-06
2.2.1.留尼汪岛,留尼汪岛 活跃UV,6.285714,4.833333,7.0,5.714286,4.428571,5.142857,5.857143,5.714286,1.452381,30.049261,2.854e-07,-0.010652,8.8e-05
2.2.1.白俄罗斯,白俄罗斯 活跃UV,610.285714,693.571429,679.571429,634.142857,649.571429,625.571429,625.0,666.285714,-83.285714,-12.008239,-8.886e-07,0.033168,-0.000275
2.2.1.百慕大,百慕大 活跃UV,3.714286,4.714286,5.285714,4.714286,4.142857,3.285714,3.428571,4.0,-1.0,-21.212121,-1.692e-07,0.006317,-5.2e-05
2.2.1.直布罗陀,直布罗陀 活跃UV,3.571429,3.571429,3.285714,2.857143,2.571429,2.666667,4.0,2.571429,0.0,0.0,3.35e-08,-0.001251,1e-05
2.2.1.福克兰群岛,福克兰群岛 活跃UV,0.0,0.0,0.0,1.0,1.0,1.0,1.0,0.0,0.0,,,,
2.2.1.科威特,科威特 活跃UV,33.428571,31.714286,30.0,34.571429,34.857143,32.857143,48.142857,38.857143,1.714286,5.405405,-9.75e-08,0.003639,-3e-05
2.2.1.科摩罗,科摩罗 活跃UV,8.714286,7.285714,7.0,6.571429,8.0,7.285714,11.714286,8.857143,1.428571,19.607843,-3.174e-07,0.011849,-9.8e-05
2.2.1.科特迪瓦,科特迪瓦 活跃UV,54.857143,59.714286,55.714286,68.0,62.714286,54.714286,64.142857,59.0,-4.857143,-8.133971,3.923e-07,-0.014642,0.000121
2.2.1.科索沃,科索沃 活跃UV,12.0,12.428571,14.0,11.285714,13.428571,14.714286,16.428571,15.0,-0.428571,-3.448276,1.05e-08,-0.000392,3e-06
2.2.1.秘鲁,秘鲁 活跃UV,1388.714286,1456.0,1465.857143,1442.0,1383.571429,1428.571429,1497.285714,1502.0,-67.285714,-4.621272,-5.64e-07,0.021054,-0.000175
2.2.1.突尼斯,突尼斯 活跃UV,172.428571,171.142857,167.142857,170.857143,166.571429,177.571429,174.857143,170.142857,1.285714,0.751252,-3.81e-08,0.001422,-1.2e-05
2.2.1.立陶宛,立陶宛 活跃UV,157.428571,174.428571,181.142857,154.714286,152.571429,168.285714,164.285714,148.285714,-17.0,-9.74611,-5.567e-07,0.020781,-0.000172
2.2.1.索马里,索马里 活跃UV,55.285714,57.142857,55.571429,52.571429,50.285714,54.285714,62.285714,49.714286,-1.857143,-3.25,7.52e-08,-0.002807,2.3e-05
2.2.1.约旦,约旦 活跃UV,124.142857,118.142857,117.428571,112.857143,117.714286,121.857143,163.285714,128.0,6.0,5.078597,-8.26e-08,0.003083,-2.6e-05
2.2.1.纳米比亚,纳米比亚 活跃UV,17.714286,18.285714,19.714286,18.714286,20.142857,16.857143,19.714286,20.571429,-0.571429,-3.125,1.5e-09,-5.5e-05,0.0
2.2.1.纽埃岛,纽埃岛 活跃UV,1.0,1.0,1.0,0.0,0.0,0.0,0.0,0.0,0.0,0.0,-2.5e-09,9.3e-05,-1e-06
2.2.1.缅甸,缅甸 活跃UV,76.285714,96.285714,90.571429,94.714286,91.0,87.0,84.571429,85.428571,-20.0,-20.771513,3.041e-06,-0.113513,0.000941
2.2.1.罗马尼亚,罗马尼亚 活跃UV,494.714286,499.0,494.428571,518.428571,487.0,512.285714,517.285714,500.0,-4.285714,-0.858861,5.958e-07,-0.02224,0.000184
2.2.1.美国,美国 活跃UV,11760.571429,12542.857143,11613.142857,11765.428571,11639.714286,11612.0,11871.142857,11329.428571,-782.285714,-6.236902,-2.6757e-05,0.998767,-0.00828
2.2.1.美属维尔京群岛,美属维尔京群岛 活跃UV,2.0,2.166667,2.571429,2.428571,2.0,2.428571,2.666667,2.0,-0.166667,-7.692308,-3.9e-08,0.001455,-1.2e-05
2.2.1.美属萨摩亚,美属萨摩亚 活跃UV,0.0,0.0,1.0,0.0,0.0,0.0,0.0,0.0,0.0,,,,
2.2.1.老挝,老挝 活跃UV,5.142857,5.571429,6.571429,5.714286,8.142857,6.142857,6.857143,8.0,-0.428571,-7.692308,2.95e-08,-0.001103,9e-06
2.2.1.肯尼亚,肯尼亚 活跃UV,526.571429,537.571429,529.857143,517.285714,530.428571,534.714286,549.0,534.0,-11.0,-2.04624,2.934e-07,-0.010952,9.1e-05
2.2.1.芬兰,芬兰 活跃UV,334.428571,335.285714,290.714286,299.0,275.0,285.857143,264.428571,237.714286,-0.857143,-0.255646,3.845e-07,-0.014353,0.000119
2.2.1.苏丹,苏丹 活跃UV,36.0,32.142857,29.0,32.285714,30.142857,33.0,39.142857,27.0,3.857143,12.0,-1.0052e-06,0.037521,-0.000311
2.2.1.苏里南,苏里南 活跃UV,12.142857,11.714286,8.857143,8.285714,9.428571,11.0,9.428571,10.142857,0.428571,3.658537,1.78e-08,-0.000665,6e-06
2.2.1.英国,英国 活跃UV,4404.142857,4263.0,4414.142857,4292.428571,4018.285714,4037.714286,4807.714286,4078.285714,141.142857,3.310881,2.16029e-05,-0.80638,0.006685
2.2.1.英属印度洋领地,英属印度洋领地 活跃UV,0.0,1.0,1.0,1.0,0.0,1.0,0.0,1.0,-1.0,-100.0,,,
2.2.1.英属维尔京群岛,英属维尔京群岛 活跃UV,3.714286,2.714286,2.857143,3.857143,2.857143,1.714286,2.857143,2.5,1.0,36.842105,3.742e-07,-0.013969,0.000116
2.2.1.荷兰,荷兰 活跃UV,1386.714286,1344.714286,1334.571429,1328.714286,1306.428571,1314.428571,1442.857143,1341.571429,42.0,3.12334,4.0892e-06,-0.152638,0.001265
2.2.1.荷兰加勒比,荷兰加勒比 活跃UV,1.0,1.0,1.0,1.0,1.5,1.25,1.0,1.2,0.0,0.0,6e-09,-0.000224,2e-06
2.2.1.荷属圣马丁,荷属圣马丁 活跃UV,2.333333,1.4,2.666667,1.714286,1.666667,2.0,2.428571,2.0,0.933333,66.666667,4.277e-07,-0.015967,0.000132
2.2.1.荷属安的列斯,荷属安的列斯 活跃UV,0.0,1.0,1.0,0.0,1.0,0.0,0.0,1.0,-1.0,-100.0,,,
2.2.1.莫桑比克,莫桑比克 活跃UV,359.285714,371.428571,392.714286,381.857143,388.285714,431.714286,451.571429,436.142857,-12.142857,-3.269231,2.671e-07,-0.00997,8.3e-05
2.2.1.莱索托,莱索托 活跃UV,6.714286,6.428571,6.428571,5.285714,5.428571,5.285714,3.857143,3.142857,0.285714,4.444444,-1.55e-08,0.000579,-5e-06
2.2.1.菲律宾,菲律宾 活跃UV,1503.0,1530.714286,1547.285714,1618.571429,1622.714286,1656.857143,1713.285714,1735.571429,-27.714286,-1.810546,-5.886e-07,0.02197,-0.000182
2.2.1.萨尔瓦多,萨尔瓦多 活跃UV,232.714286,232.142857,227.142857,234.857143,230.571429,222.571429,225.857143,231.285714,0.571429,0.246154,4.6e-07,-0.017169,0.000142
2.2.1.萨摩亚,萨摩亚 活跃UV,1.5,1.0,1.0,0.0,1.0,1.142857,1.0,1.0,0.5,50.0,-2.344e-07,0.008749,-7.3e-05
2.2.1.葡萄牙,葡萄牙 活跃UV,838.857143,804.0,830.142857,829.714286,875.285714,837.142857,819.428571,759.142857,34.857143,4.335466,2.741e-06,-0.102316,0.000848
2.2.1.蒙古,蒙古 活跃UV,8.571429,7.571429,7.0,9.142857,10.285714,11.142857,10.0,9.285714,1.0,13.207547,-2.292e-07,0.008557,-7.1e-05
2.2.1.蒙塞拉特岛,蒙塞拉特岛 活跃UV,0.0,1.0,1.0,1.0,1.0,1.0,0.0,0.0,-1.0,-100.0,,,
2.2.1.西班牙,西班牙 活跃UV,1463.857143,1422.857143,1451.857143,1442.571429,1441.428571,1388.571429,1474.571429,1398.857143,41.0,2.881526,6.9769e-06,-0.260428,0.002159
2.2.1.诺福克岛,诺福克岛 活跃UV,0.0,0.0,0.0,0.0,0.0,0.0,0.0,0.0,0.0,,,,
2.2.1.贝宁,贝宁 活跃UV,40.142857,44.428571,47.0,46.428571,43.857143,45.0,52.857143,43.571429,-4.285714,-9.646302,4.69e-07,-0.017506,0.000145
2.2.1.赞比亚,赞比亚 活跃UV,69.0,70.285714,68.571429,66.428571,73.142857,75.857143,75.857143,79.428571,-1.285714,-1.829268,-3.51e-08,0.001311,-1.1e-05
2.2.1.赤道几内亚,赤道几内亚 活跃UV,3.714286,4.571429,5.571429,3.714286,3.285714,5.142857,4.571429,5.285714,-0.857143,-18.75,2.141e-07,-0.007991,6.6e-05
2.2.1.越南,越南 活跃UV,105.714286,93.857143,95.142857,103.0,101.428571,94.571429,104.142857,106.714286,11.857143,12.633181,1.8215e-06,-0.067991,0.000564
2.2.1.阿塞拜疆,阿塞拜疆 活跃UV,199.571429,218.428571,189.142857,189.428571,203.428571,195.428571,207.142857,170.142857,-18.857143,-8.633094,9.98e-08,-0.003727,3.1e-05
2.2.1.阿富汗,阿富汗 活跃UV,87.571429,88.428571,90.857143,97.714286,100.142857,124.428571,148.714286,100.714286,-0.857143,-0.969305,-2.219e-07,0.008283,-6.9e-05
2.2.1.阿尔及利亚,阿尔及利亚 活跃UV,200.857143,183.714286,196.142857,195.0,197.0,202.0,242.0,211.857143,17.142857,9.33126,-7.957e-07,0.029701,-0.000246
2.2.1.阿尔巴尼亚,阿尔巴尼亚 活跃UV,124.0,112.142857,106.857143,116.142857,99.571429,106.0,106.571429,96.142857,11.857143,10.573248,9.886e-07,-0.036901,0.000306
2.2.1.阿曼,阿曼 活跃UV,34.857143,37.428571,36.571429,36.857143,33.142857,36.857143,55.0,33.857143,-2.571429,-6.870229,3.61e-08,-0.001349,1.1e-05
2.2.1.阿根廷,阿根廷 活跃UV,2106.285714,1949.714286,2135.285714,2176.857143,2013.571429,2041.285714,2202.428571,2135.428571,156.571429,8.030481,9.6625e-06,-0.360677,0.00299
2.2.1.阿联酋,阿联酋 活跃UV,194.0,206.428571,216.0,207.714286,219.0,231.714286,288.857143,207.142857,-12.428571,-6.020761,3.667e-07,-0.013688,0.000113
2.2.1.阿鲁巴,阿鲁巴 活跃UV,9.428571,11.142857,10.571429,9.571429,9.142857,8.142857,10.428571,11.142857,-1.714286,-15.384615,-2.014e-07,0.007519,-6.2e-05
2.2.1.韩国,韩国 活跃UV,167.0,178.571429,192.857143,175.285714,172.857143,191.142857,202.142857,193.0,-11.571429,-6.48,-3.763e-07,0.014046,-0.000116
2.2.1.马尔代夫,马尔代夫 活跃UV,18.0,16.0,17.285714,16.428571,15.857143,18.714286,22.285714,15.857143,2.0,12.5,3.749e-07,-0.013994,0.000116
2.2.1.马恩岛,马恩岛 活跃UV,1.714286,1.75,2.142857,2.5,1.857143,2.2,2.833333,1.714286,-0.035714,-2.040816,2.6e-09,-9.6e-05,1e-06
2.2.1.马拉维,马拉维 活跃UV,77.285714,75.285714,87.285714,86.714286,83.428571,84.142857,87.571429,83.285714,2.0,2.656546,9.99e-08,-0.003729,3.1e-05
2.2.1.马提尼克岛,马提尼克岛 活跃UV,2.333333,1.666667,1.857143,1.8,2.5,1.4,2.142857,2.142857,0.666667,40.0,-3.66e-08,0.001368,-1.1e-05
2.2.1.马来西亚,马来西亚 活跃UV,289.714286,285.142857,294.142857,298.714286,298.285714,324.428571,348.0,312.571429,4.571429,1.603206,9.821e-07,-0.036659,0.000304
2.2.1.马约特,马约特 活跃UV,0.0,0.0,1.0,1.0,1.0,0.0,0.0,1.0,0.0,,,,
2.2.1.马绍尔群岛,马绍尔群岛 活跃UV,0.0,0.0,1.0,0.0,0.0,0.0,0.0,0.0,0.0,,,,
2.2.1.马耳他,马耳他 活跃UV,54.142857,52.714286,56.428571,54.142857,49.714286,51.142857,49.142857,45.571429,1.428571,2.710027,2.036e-07,-0.007602,6.3e-05
2.2.1.马达加斯加,马达加斯加 活跃UV,242.571429,253.428571,268.285714,240.428571,246.142857,251.0,280.857143,267.714286,-10.857143,-4.284104,4.796e-07,-0.017902,0.000148
2.2.1.马里,马里 活跃UV,54.714286,54.571429,49.142857,59.142857,61.285714,27.714286,32.714286,21.142857,0.142857,0.26178,-2.553e-07,0.00953,-7.9e-05
2.2.1.黎巴嫩,黎巴嫩 活跃UV,275.571429,259.714286,259.142857,275.0,270.0,279.714286,300.714286,255.142857,15.857143,6.105611,9.494e-07,-0.035439,0.000294
2.2.1.黑山,黑山 活跃UV,137.0,125.0,131.285714,110.571429,114.428571,99.428571,108.0,101.142857,12.0,9.6,2.0868e-06,-0.077895,0.000646
2.2.2,iOS 活跃UV,513540.0,520509.714286,516456.142857,512266.0,522823.142857,504287.285714,513735.571429,489938.285714,-6969.714286,-1.339017,0.0001038797,-3.877555,0.032145
2.2.2.unknow,unknow 活跃UV,39.428571,37.142857,34.0,26.714286,29.285714,32.0,39.428571,39.285714,2.285714,6.153846,1.57e-07,-0.00586,4.9e-05
2.2.2.不丹,不丹 活跃UV,1.5,1.857143,2.857143,2.666667,3.6,3.0,2.833333,1.833333,-0.357143,-19.230769,6.74e-08,-0.002517,2.1e-05
2.2.2.东帝汶,东帝汶 活跃UV,4.142857,3.285714,4.0,4.142857,4.285714,6.142857,5.428571,5.0,0.857143,26.086957,2.81e-08,-0.001048,9e-06
2.2.2.中国,中国 活跃UV,155.142857,159.142857,255.142857,149.428571,155.714286,149.285714,143.714286,143.714286,-4.0,-2.513465,-3.1e-09,0.000114,-1e-06
2.2.2.中国台湾,中国台湾 活跃UV,101.714286,110.714286,108.0,115.571429,100.285714,124.0,134.428571,137.285714,-9.0,-8.129032,-1.209e-07,0.004513,-3.7e-05
2.2.2.中国澳门,中国澳门 活跃UV,14.285714,14.285714,11.0,12.0,11.428571,17.428571,17.714286,14.142857,0.0,0.0,5.17e-08,-0.00193,1.6e-05
2.2.2.中国香港,中国香港 活跃UV,791.857143,623.857143,841.857143,486.428571,608.714286,736.428571,447.571429,667.285714,168.0,26.929242,1.21013e-05,-0.451709,0.003745
2.2.2.中非,中非 活跃UV,1.333333,3.333333,1.333333,1.25,1.666667,1.0,1.0,1.333333,-2.0,-60.0,5.257e-07,-0.019622,0.000163
2.2.2.丹麦,丹麦 活跃UV,870.0,800.142857,896.0,777.0,746.571429,763.571429,824.0,718.714286,69.857143,8.730584,3.228e-07,-0.012048,0.0001
2.2.2.乌克兰,乌克兰 活跃UV,6061.714286,6356.428571,6571.857143,6165.428571,6196.142857,6025.857143,6537.857143,6087.857143,-294.714286,-4.636476,-1.141e-07,0.00426,-3.5e-05
2.2.2.乌兹别克斯坦,乌兹别克斯坦 活跃UV,236.857143,220.571429,194.857143,200.571429,191.142857,195.714286,215.142857,187.571429,16.285714,7.38342,-9.193e-07,0.034315,-0.000284
2.2.2.乌干达,乌干达 活跃UV,102.857143,97.571429,98.571429,91.714286,97.0,102.428571,97.571429,93.857143,5.285714,5.417277,1.963e-07,-0.007329,6.1e-05
2.2.2.乌拉圭,乌拉圭 活跃UV,273.285714,261.857143,250.428571,267.571429,266.0,262.857143,253.428571,274.285714,11.428571,4.36443,6.162e-07,-0.023003,0.000191
2.2.2.乍得,乍得 活跃UV,3.857143,2.0,4.142857,2.428571,3.5,3.714286,2.285714,3.142857,1.857143,92.857143,-7.08e-08,0.002644,-2.2e-05
2.2.2.也门,也门 活跃UV,5.571429,8.285714,6.857143,6.285714,6.142857,7.857143,9.857143,6.714286,-2.714286,-32.758621,5.38e-08,-0.002006,1.7e-05
2.2.2.亚美尼亚,亚美尼亚 活跃UV,498.285714,502.142857,504.857143,497.714286,392.571429,380.857143,384.571429,374.0,-3.857143,-0.768137,-1.18e-07,0.004403,-3.7e-05
2.2.2.以色列,以色列 活跃UV,2016.714286,1978.428571,2058.142857,2147.714286,2145.285714,2145.0,2282.0,2105.285714,38.285714,1.935158,2.8285e-06,-0.105579,0.000875
2.2.2.伊拉克,伊拉克 活跃UV,389.285714,386.142857,374.714286,401.285714,413.0,443.285714,558.428571,427.285714,3.142857,0.81391,-1.8143e-06,0.067724,-0.000561
2.2.2.伊朗,伊朗 活跃UV,1991.142857,1995.857143,1852.714286,2087.285714,2075.428571,2087.428571,1629.857143,271.714286,-4.714286,-0.236204,-4.6844e-06,0.174856,-0.00145
2.2.2.伯利兹,伯利兹 活跃UV,44.428571,46.285714,43.714286,43.428571,46.142857,49.285714,46.428571,49.142857,-1.857143,-4.012346,-2.41e-08,0.000899,-7e-06
2.2.2.佛得角,佛得角 活跃UV,38.0,39.428571,43.142857,45.0,45.714286,43.571429,39.571429,41.428571,-1.428571,-3.623188,-3.61e-08,0.001349,-1.1e-05
2.2.2.俄罗斯,俄罗斯 活跃UV,18368.285714,18473.428571,18720.428571,18787.0,20168.428571,18751.857143,18704.0,18446.0,-105.142857,-0.569157,-2.01124e-05,0.750744,-0.006224
2.2.2.保加利亚,保加利亚 活跃UV,1067.285714,1041.0,1026.857143,1032.714286,988.857143,976.428571,1058.142857,903.142857,26.285714,2.525045,1.319e-06,-0.049235,0.000408
2.2.2.克罗地亚,克罗地亚 活跃UV,1421.714286,1377.714286,1429.428571,1296.857143,1243.142857,1228.0,1205.285714,1084.142857,44.0,3.193696,5.4326e-06,-0.202785,0.001681
2.2.2.关岛,关岛 活跃UV,19.857143,29.571429,29.142857,33.428571,34.428571,35.428571,34.714286,33.714286,-9.714286,-32.850242,9.766e-07,-0.036455,0.000302
2.2.2.冈比亚,冈比亚 活跃UV,154.285714,156.0,158.714286,161.571429,175.428571,239.142857,288.285714,149.285714,-1.714286,-1.098901,1.106e-07,-0.004129,3.4e-05
2.2.2.冰岛,冰岛 活跃UV,99.0,96.285714,105.285714,120.0,107.857143,99.571429,102.0,103.857143,2.714286,2.818991,-5.02e-08,0.001874,-1.6e-05
2.2.2.几内亚,几内亚 活跃UV,47.857143,50.285714,49.0,52.428571,55.714286,55.857143,61.285714,42.714286,-2.428571,-4.829545,1.297e-07,-0.004841,4e-05
2.2.2.几内亚比绍,几内亚比绍 活跃UV,5.857143,6.571429,5.142857,6.142857,5.142857,5.571429,6.142857,4.285714,-0.714286,-10.869565,7.93e-08,-0.00296,2.5e-05
2.2.2.列支敦士登,列支敦士登 活跃UV,3.142857,2.142857,3.5,3.333333,2.428571,3.857143,7.428571,6.0,1.0,46.666667,1.25e-07,-0.004668,3.9e-05
2.2.2.刚果共和国,刚果共和国 活跃UV,11.571429,15.714286,19.142857,21.285714,21.571429,13.857143,20.857143,14.285714,-4.142857,-26.363636,4.604e-07,-0.017185,0.000142
2.2.2.刚果民主共和国,刚果民主共和国 活跃UV,56.142857,60.428571,58.428571,64.285714,65.571429,62.571429,66.0,60.857143,-4.285714,-7.092199,1.876e-07,-0.007002,5.8e-05
2.2.2.利比亚,利比亚 活跃UV,57.0,57.0,57.714286,55.571429,56.0,59.428571,65.0,54.571429,0.0,0.0,3.9e-08,-0.001455,1.2e-05
2.2.2.利比里亚,利比里亚 活跃UV,137.714286,139.142857,132.571429,139.285714,137.285714,132.142857,131.428571,137.714286,-1.428571,-1.026694,-4.7e-08,0.001754,-1.5e-05
2.2.2.加拿大,加拿大 活跃UV,10501.714286,10780.285714,10321.142857,9974.714286,10000.0,9881.142857,9764.142857,9783.285714,-278.571429,-2.584082,2.422e-07,-0.009042,7.5e-05
2.2.2.加纳,加纳 活跃UV,794.857143,822.0,844.428571,882.0,869.142857,809.0,909.857143,820.571429,-27.142857,-3.302051,7.551e-07,-0.028186,0.000234
2.2.2.加蓬,加蓬 活跃UV,1.833333,2.0,1.8,1.5,1.25,2.0,1.4,1.857143,-0.166667,-8.333333,2.3e-08,-0.000858,7e-06
2.2.2.匈牙利,匈牙利 活跃UV,748.0,739.142857,732.714286,718.142857,717.571429,690.142857,731.0,677.857143,8.857143,1.198299,5.76e-07,-0.021502,0.000178
2.2.2.北马其顿,北马其顿 活跃UV,518.857143,489.142857,494.571429,492.428571,527.0,536.285714,580.142857,510.0,29.714286,6.074766,-4.089e-07,0.015265,-0.000127
2.2.2.北马里亚纳群岛,北马里亚纳群岛 活跃UV,1.0,1.0,0.0,0.0,0.0,1.0,0.0,0.0,0.0,0.0,-1.1e-08,0.000409,-3e-06
2.2.2.南极洲,南极洲 活跃UV,1.0,0.0,1.0,1.0,1.0,1.0,1.0,1.5,1.0,,,,
2.2.2.南苏丹,南苏丹 活跃UV,93.857143,82.285714,71.714286,74.714286,63.714286,68.0,60.285714,62.0,11.571429,14.0625,1.909e-07,-0.007127,5.9e-05
2.2.2.南非,南非 活跃UV,1741.571429,1720.142857,1637.714286,1754.428571,1653.571429,1695.142857,1744.142857,1725.857143,21.428571,1.245744,1.956e-06,-0.073014,0.000605
2.2.2.博茨瓦纳,博茨瓦纳 活跃UV,37.142857,38.857143,39.428571,37.142857,34.571429,46.285714,43.571429,40.285714,-1.714286,-4.411765,-8e-09,0.000299,-2e-06
2.2.2.卡塔尔,卡塔尔 活跃UV,213.714286,226.714286,215.428571,230.857143,222.857143,235.0,281.285714,229.0,-13.0,-5.734089,-3.133e-07,0.011696,-9.7e-05
2.2.2.卢旺达,卢旺达 活跃UV,46.142857,46.428571,40.285714,39.428571,39.428571,38.714286,40.714286,38.142857,-0.285714,-0.615385,-1.23e-08,0.000461,-4e-06
2.2.2.卢森堡,卢森堡 活跃UV,110.0,112.857143,112.0,107.428571,115.142857,110.285714,128.714286,99.285714,-2.857143,-2.531646,-6.4e-09,0.00024,-2e-06
2.2.2.印度,印度 活跃UV,276.714286,286.0,286.0,297.142857,300.142857,328.714286,327.428571,316.714286,-9.285714,-3.246753,1.121e-07,-0.004186,3.5e-05
2.2.2.印度尼西亚,印度尼西亚 活跃UV,944.142857,973.714286,1000.571429,967.428571,952.714286,983.857143,1019.857143,942.714286,-29.571429,-3.036972,-7.229e-07,0.026985,-0.000224
2.2.2.危地马拉,危地马拉 活跃UV,413.285714,448.571429,431.857143,456.285714,430.857143,433.0,453.857143,453.428571,-35.285714,-7.866242,-1.6728e-06,0.062441,-0.000518
2.2.2.厄瓜多尔,厄瓜多尔 活跃UV,1014.714286,978.714286,1039.714286,1079.714286,996.714286,1005.857143,1041.285714,1006.571429,36.0,3.678295,3.6611e-06,-0.136659,0.001133
2.2.2.厄立特里亚,厄立特里亚 活跃UV,1.0,1.0,0.0,0.0,0.0,1.0,0.0,0.0,0.0,0.0,-2.5e-09,9.3e-05,-1e-06
2.2.2.叙利亚,叙利亚 活跃UV,90.714286,91.857143,85.857143,82.428571,85.857143,90.0,110.285714,81.142857,-1.142857,-1.244168,-5.6e-08,0.002091,-1.7e-05
2.2.2.古巴,古巴 活跃UV,11.571429,13.428571,15.857143,14.142857,14.571429,13.0,15.0,16.714286,-1.857143,-13.829787,2.394e-07,-0.008936,7.4e-05
2.2.2.吉尔吉斯斯坦,吉尔吉斯斯坦 活跃UV,264.571429,269.0,259.142857,246.857143,261.142857,252.857143,317.714286,190.428571,-4.428571,-1.646309,-5.09e-08,0.0019,-1.6e-05
2.2.2.吉布提,吉布提 活跃UV,2.4,1.714286,2.285714,1.5,1.666667,1.8,1.5,1.333333,0.685714,40.0,1.02e-08,-0.000382,3e-06
2.2.2.哈萨克斯坦,哈萨克斯坦 活跃UV,1879.142857,1828.714286,1789.857143,1791.0,1813.142857,1678.428571,1864.857143,1286.571429,50.428571,2.757597,-3.2439e-06,0.121086,-0.001004
2.2.2.哥伦比亚,哥伦比亚 活跃UV,5599.285714,5831.857143,5736.571429,6041.0,5728.428571,5375.0,5584.857143,5826.571429,-232.571429,-3.987948,-5.8114e-06,0.216924,-0.001798
2.2.2.哥斯达黎加,哥斯达黎加 活跃UV,410.714286,396.571429,422.142857,403.571429,413.142857,427.285714,411.142857,420.142857,14.142857,3.566282,1.9038e-06,-0.071062,0.000589
2.2.2.喀麦隆,喀麦隆 活跃UV,146.285714,146.0,142.857143,152.714286,157.0,164.714286,166.285714,153.0,0.285714,0.195695,2.352e-07,-0.008778,7.3e-05
2.2.2.图瓦卢,图瓦卢 活跃UV,1.0,0.0,0.0,0.0,1.0,0.0,0.0,0.0,1.0,,,,
2.2.2.土库曼斯坦,土库曼斯坦 活跃UV,3.0,2.5,2.714286,2.8,3.857143,4.142857,5.285714,3.0,0.5,20.0,-6.6e-08,0.002465,-2e-05
2.2.2.土耳其,土耳其 活跃UV,6799.857143,6689.857143,6754.142857,6671.714286,6605.714286,6481.714286,7410.0,5809.142857,110.0,1.64428,2.04158e-05,-0.762067,0.006318
2.2.2.圣卢西亚,圣卢西亚 活跃UV,45.0,36.428571,31.428571,33.714286,38.857143,37.857143,38.142857,31.428571,8.571429,23.529412,2.0441e-06,-0.0763,0.000633
2.2.2.圣基茨和尼维斯,圣基茨和尼维斯 活跃UV,10.0,9.142857,11.857143,5.285714,6.571429,9.428571,10.142857,8.571429,0.857143,9.375,1.362e-07,-0.005085,4.2e-05
2.2.2.圣多美和普林西比,圣多美和普林西比 活跃UV,1.75,1.666667,2.5,1.5,1.857143,2.714286,2.0,1.714286,0.083333,5.0,-6.4e-09,0.00024,-2e-06
2.2.2.圣巴泰勒米岛,圣巴泰勒米岛 活跃UV,1.4,1.25,1.571429,1.714286,1.5,1.4,2.0,1.5,0.15,12.0,-9.4e-09,0.000349,-3e-06
2.2.2.圣文森特和格林纳丁斯,圣文森特和格林纳丁斯 活跃UV,18.714286,11.428571,9.857143,8.285714,8.142857,7.285714,10.714286,10.285714,7.285714,63.75,1.4107e-06,-0.052658,0.000437
2.2.2.圣皮埃尔和密克隆群岛,圣皮埃尔和密克隆群岛 活跃UV,0.0,0.0,1.0,0.0,0.0,0.0,1.0,0.0,0.0,,,,
2.2.2.圣马力诺,圣马力诺 活跃UV,1.833333,1.5,1.666667,1.5,2.0,1.714286,1.333333,2.0,0.333333,22.222222,2.07e-08,-0.000773,6e-06
2.2.2.圭亚那,圭亚那 活跃UV,55.857143,54.571429,59.857143,56.857143,49.0,51.142857,75.428571,56.571429,1.285714,2.356021,9.87e-08,-0.003684,3.1e-05
2.2.2.坦桑尼亚,坦桑尼亚 活跃UV,137.0,144.142857,142.714286,134.142857,136.428571,135.0,124.428571,98.571429,-7.142857,-4.955401,-2.243e-07,0.008371,-6.9e-05
2.2.2.埃及,埃及 活跃UV,1098.571429,1126.714286,1119.714286,1124.0,1115.571429,1194.0,1297.142857,1032.285714,-28.142857,-2.497781,-1.5e-09,5.6e-05,-0.0
2.2.2.埃塞俄比亚,埃塞俄比亚 活跃UV,44.0,45.285714,47.428571,43.571429,51.571429,51.142857,50.714286,50.428571,-1.285714,-2.839117,2.81e-08,-0.001048,9e-06
2.2.2.基里巴斯,基里巴斯 活跃UV,1.0,1.0,1.0,1.0,1.0,1.0,1.0,1.0,0.0,0.0,-1.1e-08,0.000409,-3e-06
2.2.2.塔吉克斯坦,塔吉克斯坦 活跃UV,32.428571,27.285714,28.428571,33.714286,29.857143,31.0,31.714286,27.571429,5.142857,18.848168,-8.27e-07,0.030868,-0.000256
2.2.2.塞内加尔,塞内加尔 活跃UV,251.142857,273.857143,292.857143,332.285714,384.428571,510.142857,635.428571,340.857143,-22.714286,-8.29421,8.828e-07,-0.032954,0.000273
2.2.2.塞尔维亚,塞尔维亚 活跃UV,3304.857143,3356.714286,3353.571429,3435.0,3569.571429,3765.0,3783.0,3455.428571,-51.857143,-1.544878,1.486e-07,-0.005546,4.6e-05
2.2.2.塞拉利昂,塞拉利昂 活跃UV,56.571429,58.428571,55.0,62.857143,63.714286,57.285714,56.142857,48.0,-1.857143,-3.178484,-2.23e-08,0.000833,-7e-06
2.2.2.塞浦路斯,塞浦路斯 活跃UV,600.142857,567.857143,577.142857,561.0,545.142857,545.714286,504.857143,464.142857,32.285714,5.685535,5.5866e-06,-0.208533,0.001729
2.2.2.塞舌尔,塞舌尔 活跃UV,32.428571,26.142857,27.857143,21.714286,18.142857,26.142857,30.571429,28.571429,6.285714,24.043716,1.0396e-06,-0.038806,0.000322
2.2.2.墨西哥,墨西哥 活跃UV,8321.142857,8272.0,8457.142857,8268.571429,8285.714286,7967.857143,8198.714286,8233.857143,49.142857,0.594087,1.4893e-05,-0.555917,0.004609
2.2.2.多哥,多哥 活跃UV,27.857143,31.285714,26.714286,26.714286,28.285714,32.571429,42.857143,38.857143,-3.428571,-10.958904,1.136e-07,-0.00424,3.5e-05
2.2.2.多米尼克,多米尼克 活跃UV,8.142857,9.857143,8.142857,6.285714,5.428571,4.857143,7.714286,6.142857,-1.714286,-17.391304,-3.78e-07,0.014109,-0.000117
2.2.2.多米尼加,多米尼加 活跃UV,791.0,772.0,782.714286,807.142857,800.428571,851.714286,838.285714,791.0,19.0,2.46114,4.8541e-06,-0.181192,0.001502
2.2.2.奥兰群岛,奥兰群岛 活跃UV,2.142857,1.25,2.0,1.4,1.5,1.166667,1.0,1.25,0.892857,71.428571,9.81e-08,-0.003662,3e-05
2.2.2.奥地利,奥地利 活跃UV,1064.571429,1038.142857,1055.285714,1096.571429,1104.571429,1092.428571,1134.714286,1025.857143,26.428571,2.545755,1.1524e-06,-0.043015,0.000357
2.2.2.委内瑞拉,委内瑞拉 活跃UV,599.285714,424.142857,540.428571,752.714286,750.857143,719.285714,727.714286,724.142857,175.142857,41.293365,-5.058e-06,0.188802,-0.001565
2.2.2.孟加拉,孟加拉 活跃UV,409.285714,421.857143,451.285714,460.714286,482.714286,530.857143,601.285714,409.571429,-12.571429,-2.98002,3.017e-07,-0.011262,9.3e-05
2.2.2.安哥拉,安哥拉 活跃UV,162.0,160.0,143.428571,146.0,156.285714,160.571429,161.428571,149.142857,2.0,1.25,1.626e-07,-0.00607,5e-05
2.2.2.安圭拉,安圭拉 活跃UV,5.0,5.857143,4.857143,3.714286,9.571429,7.714286,6.428571,7.714286,-0.857143,-14.634146,-3.014e-07,0.011249,-9.3e-05
2.2.2.安提瓜和巴布达,安提瓜和巴布达 活跃UV,40.285714,36.714286,35.428571,33.857143,37.0,32.857143,41.571429,32.428571,3.571429,9.727626,6.329e-07,-0.023623,0.000196
2.2.2.安道尔,安道尔 活跃UV,19.285714,17.0,9.714286,14.0,12.571429,12.714286,9.142857,8.142857,2.285714,13.445378,6.57e-08,-0.002451,2e-05
2.2.2.密克罗尼西亚联邦,密克罗尼西亚联邦 活跃UV,0.0,0.0,0.0,1.0,0.0,1.0,1.0,1.0,0.0,,,,
2.2.2.尼加拉瓜,尼加拉瓜 活跃UV,124.571429,115.428571,113.571429,114.857143,118.142857,117.428571,133.714286,115.571429,9.142857,7.920792,8.959e-07,-0.033443,0.000277
2.2.2.尼日利亚,尼日利亚 活跃UV,4801.142857,4786.428571,4834.428571,4892.714286,5005.857143,5004.857143,6012.428571,4999.142857,14.714286,0.307417,1.678e-07,-0.006262,5.2e-05
2.2.2.尼日尔,尼日尔 活跃UV,19.0,13.857143,14.428571,13.857143,14.0,14.571429,17.857143,15.0,5.142857,37.113402,-6.26e-07,0.023365,-0.000194
2.2.2.尼泊尔,尼泊尔 活跃UV,90.714286,93.857143,83.857143,91.428571,92.571429,104.285714,104.857143,107.571429,-3.142857,-3.348554,5.36e-08,-0.002001,1.7e-05
2.2.2.巴勒斯坦,巴勒斯坦 活跃UV,264.428571,259.571429,277.857143,285.857143,296.857143,299.857143,347.142857,286.857143,4.857143,1.871216,6.772e-07,-0.025279,0.00021
2.2.2.巴哈马,巴哈马 活跃UV,128.714286,133.142857,125.285714,127.285714,131.857143,115.571429,123.428571,112.857143,-4.428571,-3.32618,-1.643e-07,0.006132,-5.1e-05
2.2.2.巴基斯坦,巴基斯坦 活跃UV,693.857143,692.714286,686.142857,750.857143,782.285714,878.285714,1324.857143,744.428571,1.142857,0.164982,-1.5766e-06,0.05885,-0.000488
2.2.2.巴巴多斯,巴巴多斯 活跃UV,53.142857,48.285714,49.0,61.857143,60.285714,55.285714,62.571429,58.714286,4.857143,10.059172,7.36e-07,-0.027474,0.000228
2.2.2.巴布亚新几内亚,巴布亚新几内亚 活跃UV,5.571429,7.714286,6.285714,6.571429,5.571429,4.714286,5.714286,7.428571,-2.142857,-27.777778,-3.045e-07,0.011368,-9.4e-05
2.2.2.巴拉圭,巴拉圭 活跃UV,610.714286,617.285714,670.142857,663.571429,703.285714,711.857143,676.0,662.571429,-6.571429,-1.064568,6.654e-07,-0.024838,0.000206
2.2.2.巴拿马,巴拿马 活跃UV,303.0,290.714286,310.857143,330.428571,324.428571,328.142857,329.571429,333.428571,12.285714,4.226044,1.6521e-06,-0.061667,0.000511
2.2.2.巴林,巴林 活跃UV,70.142857,71.857143,69.142857,81.857143,83.571429,83.285714,96.857143,75.142857,-1.714286,-2.385686,1e-09,-3.6e-05,0.0
2.2.2.巴西,巴西 活跃UV,197153.857143,197718.714286,201509.285714,197921.428571,211611.285714,195110.571429,189775.857143,188725.714286,-564.857143,-0.285687,0.0002551925,-9.525661,0.078968
2.2.2.布基纳法索,布基纳法索 活跃UV,106.714286,108.142857,109.714286,112.714286,126.0,116.571429,147.428571,119.428571,-1.428571,-1.321004,-8.46e-08,0.003158,-2.6e-05
2.2.2.布隆迪,布隆迪 活跃UV,9.857143,8.428571,10.142857,9.571429,10.285714,11.0,10.0,9.285714,1.428571,16.949153,1.213e-07,-0.004527,3.8e-05
2.2.2.希腊,希腊 活跃UV,4152.0,3977.0,3899.0,3800.714286,3684.142857,3653.285714,3180.714286,2947.428571,175.0,4.400302,3.91135e-05,-1.460005,0.012103
2.2.2.帕劳,帕劳 活跃UV,1.5,0.0,0.0,0.0,1.0,1.0,1.0,1.0,1.5,,,,
2.2.2.库克群岛,库克群岛 活跃UV,2.428571,3.428571,4.666667,2.0,3.714286,3.714286,3.857143,2.285714,-1.0,-29.166667,-4.847e-07,0.018094,-0.00015
2.2.2.库拉索,库拉索 活跃UV,46.857143,42.0,50.857143,52.714286,44.142857,53.142857,55.0,52.142857,4.857143,11.564626,7.941e-07,-0.029642,0.000246
2.2.2.开曼群岛,开曼群岛 活跃UV,30.571429,29.714286,31.428571,32.857143,31.571429,33.0,44.0,36.714286,0.857143,2.884615,9.06e-08,-0.003381,2.8e-05
2.2.2.德国,德国 活跃UV,13350.285714,13610.714286,13266.142857,13160.714286,12461.428571,12412.571429,12653.142857,11244.857143,-260.428571,-1.913409,-1.6196e-06,0.060454,-0.000501
2.2.2.意大利,意大利 活跃UV,4537.571429,4396.714286,4461.428571,4380.857143,4385.142857,4348.714286,4094.285714,3877.285714,140.857143,3.203691,1.67006e-05,-0.623391,0.005168
2.2.2.所罗门群岛,所罗门群岛 活跃UV,2.142857,1.833333,1.857143,2.6,2.5,1.714286,2.2,2.25,0.309524,16.883117,-2.77e-08,0.001034,-9e-06
2.2.2.托克劳群岛,托克劳群岛 活跃UV,0.0,0.0,0.0,0.0,0.0,0.0,0.0,0.0,0.0,,,,
2.2.2.拉脱维亚,拉脱维亚 活跃UV,845.714286,861.571429,844.285714,719.857143,697.571429,683.285714,662.714286,612.428571,-15.857143,-1.840491,2.93e-08,-0.001092,9e-06
2.2.2.挪威,挪威 活跃UV,579.857143,559.142857,680.142857,961.428571,936.0,877.142857,822.0,771.0,20.714286,3.70465,-7.123e-07,0.026588,-0.00022
2.2.2.捷克,捷克 活跃UV,856.857143,837.0,837.0,805.285714,782.285714,783.857143,837.285714,789.0,19.857143,2.372419,2.012e-07,-0.007512,6.2e-05
2.2.2.摩尔多瓦,摩尔多瓦 活跃UV,537.142857,545.142857,536.714286,478.142857,547.428571,540.142857,612.142857,668.571429,-8.0,-1.467505,-2.052e-07,0.00766,-6.4e-05
2.2.2.摩洛哥,摩洛哥 活跃UV,471.571429,478.571429,484.571429,479.142857,478.857143,488.285714,559.428571,474.571429,-7.0,-1.462687,-5.7e-08,0.002128,-1.8e-05
2.2.2.摩纳哥,摩纳哥 活跃UV,23.571429,16.428571,19.714286,23.571429,27.428571,32.428571,21.142857,17.142857,7.142857,43.478261,2.8251e-06,-0.105454,0.000874
2.2.2.文莱,文莱 活跃UV,13.142857,15.714286,14.142857,12.142857,11.142857,11.714286,14.428571,11.857143,-2.571429,-16.363636,5.69e-08,-0.002124,1.8e-05
2.2.2.斐济,斐济 活跃UV,35.714286,29.285714,33.571429,29.142857,28.571429,33.285714,31.857143,32.285714,6.428571,21.95122,1.1545e-06,-0.043093,0.000357
2.2.2.斯威士兰,斯威士兰 活跃UV,4.142857,5.285714,5.428571,5.285714,5.428571,5.571429,5.0,2.428571,-1.142857,-21.621622,1.629e-07,-0.006081,5e-05
2.2.2.斯洛伐克,斯洛伐克 活跃UV,420.714286,433.714286,442.0,421.571429,415.285714,413.0,420.714286,412.0,-13.0,-2.997365,-3.37e-08,0.001258,-1e-05
2.2.2.斯洛文尼亚,斯洛文尼亚 活跃UV,256.428571,243.428571,259.142857,244.285714,246.428571,233.0,255.857143,243.571429,13.0,5.340376,5.831e-07,-0.021764,0.00018
2.2.2.斯里兰卡,斯里兰卡 活跃UV,159.714286,164.571429,162.285714,159.0,155.428571,167.285714,190.714286,168.714286,-4.857143,-2.951389,3e-10,-1.2e-05,0.0
2.2.2.新加坡,新加坡 活跃UV,476.0,450.428571,453.714286,444.857143,459.714286,486.857143,535.285714,496.0,25.571429,5.677133,5.2749e-06,-0.196898,0.001632
2.2.2.新喀里多尼亚,新喀里多尼亚 活跃UV,3.166667,3.333333,2.571429,3.142857,1.5,2.857143,2.166667,2.857143,-0.166667,-5.0,2.56e-08,-0.000956,8e-06
2.2.2.新西兰,新西兰 活跃UV,603.0,567.142857,570.714286,548.285714,559.285714,588.857143,585.285714,601.0,35.857143,6.322418,-8.982e-07,0.033527,-0.000278
2.2.2.日本,日本 活跃UV,572.714286,546.0,567.571429,616.714286,594.0,657.0,785.428571,767.714286,26.714286,4.892726,1.7758e-06,-0.066286,0.00055
2.2.2.智利,智利 活跃UV,1156.0,1126.285714,1111.714286,1091.714286,1063.428571,1019.857143,1057.571429,1120.714286,29.714286,2.638255,6.2182e-06,-0.232111,0.001924
2.2.2.柬埔寨,柬埔寨 活跃UV,89.285714,91.428571,91.857143,113.0,112.571429,99.285714,92.428571,93.142857,-2.142857,-2.34375,-3.2e-09,0.000121,-1e-06
2.2.2.根西岛,根西岛 活跃UV,19.428571,17.142857,20.285714,21.428571,22.428571,17.571429,28.714286,20.0,2.285714,13.333333,-2.463e-07,0.009192,-7.6e-05
2.2.2.格林纳达,格林纳达 活跃UV,15.571429,14.428571,15.714286,15.0,12.571429,13.857143,16.142857,16.0,1.142857,7.920792,9.06e-08,-0.003383,2.8e-05
2.2.2.格陵兰,格陵兰 活跃UV,1.2,2.5,1.571429,1.75,1.5,1.5,2.0,1.5,-1.3,-52.0,-1.74e-08,0.00065,-5e-06
2.2.2.格鲁吉亚,格鲁吉亚 活跃UV,1240.428571,1237.142857,1212.0,1206.0,1256.714286,1214.142857,1120.142857,1098.0,3.285714,0.265589,4.543e-07,-0.016959,0.000141
2.2.2.梵蒂冈,梵蒂冈 活跃UV,0.0,0.0,0.0,0.0,0.0,0.0,0.0,0.0,0.0,,,,
2.2.2.比利时,比利时 活跃UV,1023.142857,998.285714,978.571429,955.714286,934.571429,905.714286,1062.857143,946.428571,24.857143,2.489983,2.2992e-06,-0.085824,0.000711
2.2.2.毛里塔尼亚,毛里塔尼亚 活跃UV,11.857143,14.714286,14.857143,16.142857,20.285714,17.714286,26.142857,17.0,-2.857143,-19.417476,-2.153e-07,0.008037,-6.7e-05
2.2.2.毛里求斯,毛里求斯 活跃UV,81.571429,83.285714,74.142857,75.428571,77.857143,74.285714,79.571429,79.285714,-1.714286,-2.058319,3.04e-08,-0.001136,9e-06
2.2.2.汤加,汤加 活跃UV,2.833333,3.571429,2.666667,1.285714,2.166667,2.5,2.0,1.333333,-0.738095,-20.666667,-7.97e-08,0.002975,-2.5e-05
2.2.2.沙特阿拉伯,沙特阿拉伯 活跃UV,660.428571,639.571429,644.714286,674.857143,682.714286,697.571429,841.285714,663.857143,20.857143,3.261112,5.461e-07,-0.020384,0.000169
2.2.2.法国,法国 活跃UV,3830.0,3768.0,3603.714286,3686.0,3621.285714,3412.285714,3547.714286,3133.428571,62.0,1.645435,4.5914e-06,-0.171386,0.001421
2.2.2.法属圣马丁,法属圣马丁 活跃UV,8.571429,5.571429,3.857143,4.857143,5.857143,5.142857,5.571429,7.428571,3.0,53.846154,1.4175e-06,-0.052911,0.000439
2.2.2.法属圭亚那,法属圭亚那 活跃UV,6.857143,4.857143,5.714286,5.714286,7.571429,6.714286,3.857143,5.142857,2.0,41.176471,-9.23e-08,0.003446,-2.9e-05
2.2.2.法属波利尼西亚,法属波利尼西亚 活跃UV,9.142857,11.142857,10.285714,9.428571,11.142857,11.142857,10.428571,12.285714,-2.0,-17.948718,-3.476e-07,0.012976,-0.000108
2.2.2.法罗群岛,法罗群岛 活跃UV,5.428571,6.714286,5.857143,5.428571,5.142857,5.285714,6.285714,6.0,-1.285714,-19.148936,9.3e-08,-0.003473,2.9e-05
2.2.2.波兰,波兰 活跃UV,2655.142857,2785.571429,2789.857143,2584.714286,2512.571429,2571.571429,2638.428571,2455.714286,-130.428571,-4.682291,1.547e-07,-0.005776,4.8e-05
2.2.2.波多黎各,波多黎各 活跃UV,640.714286,665.285714,664.142857,667.285714,660.142857,671.142857,691.0,665.0,-24.571429,-3.693365,-6.668e-07,0.024889,-0.000206
2.2.2.波黑,波黑 活跃UV,1151.714286,1169.285714,1154.857143,1230.0,1273.142857,1265.285714,1415.857143,1248.428571,-17.571429,-1.502749,4.3e-08,-0.001603,1.3e-05
2.2.2.泰国,泰国 活跃UV,534.285714,499.571429,509.714286,509.428571,512.142857,520.0,546.857143,546.428571,34.714286,6.948813,5.683e-06,-0.212131,0.001759
2.2.2.泽西岛,泽西岛 活跃UV,33.571429,25.0,31.857143,31.0,19.142857,23.571429,29.428571,26.714286,8.571429,34.285714,1.651e-07,-0.006162,5.1e-05
2.2.2.津巴布韦,津巴布韦 活跃UV,43.571429,45.714286,43.714286,46.857143,47.285714,53.428571,55.0,49.142857,-2.142857,-4.6875,2.6e-09,-9.8e-05,1e-06
2.2.2.洪都拉斯,洪都拉斯 活跃UV,343.571429,353.571429,364.142857,348.142857,350.857143,346.142857,353.714286,336.571429,-10.0,-2.828283,-9.27e-08,0.003461,-2.9e-05
2.2.2.海地,海地 活跃UV,118.0,128.285714,126.714286,116.857143,120.714286,137.571429,132.0,143.857143,-10.285714,-8.017817,2.025e-07,-0.00756,6.3e-05
2.2.2.澳大利亚,澳大利亚 活跃UV,8887.142857,8915.0,8664.142857,8723.428571,9076.285714,9092.285714,9022.285714,9018.571429,-27.857143,-0.312475,-9.4334e-06,0.352123,-0.002919
2.2.2.爱尔兰,爱尔兰 活跃UV,2321.285714,2243.428571,2441.285714,2266.571429,2130.428571,2309.571429,2513.857143,2197.714286,77.857143,3.470453,8.7019e-06,-0.324817,0.002693
2.2.2.爱沙尼亚,爱沙尼亚 活跃UV,536.571429,542.0,541.857143,503.857143,483.285714,467.142857,418.142857,404.428571,-5.428571,-1.001581,1.798e-07,-0.00671,5.6e-05
2.2.2.牙买加,牙买加 活跃UV,360.142857,360.571429,351.142857,337.142857,332.0,313.714286,357.428571,343.285714,-0.428571,-0.118859,3.795e-07,-0.014164,0.000117
2.2.2.特克斯和凯科斯群岛,特克斯和凯科斯群岛 活跃UV,30.857143,28.428571,30.571429,25.285714,30.0,34.142857,30.142857,24.428571,2.428571,8.542714,8.442e-07,-0.031512,0.000261
2.2.2.特立尼达和多巴哥,特立尼达和多巴哥 活跃UV,124.285714,129.571429,117.857143,126.571429,122.571429,121.0,111.714286,115.714286,-5.285714,-4.079383,4.75e-08,-0.001773,1.5e-05
2.2.2.玻利维亚,玻利维亚 活跃UV,294.142857,294.857143,303.285714,309.857143,312.0,337.0,384.0,319.714286,-0.714286,-0.242248,9.44e-08,-0.003524,2.9e-05
2.2.2.瑙鲁,瑙鲁 活跃UV,0.0,0.0,0.0,0.0,0.0,0.0,2.0,1.0,0.0,,,,
2.2.2.瑞典,瑞典 活跃UV,1867.714286,1840.571429,1810.285714,1844.142857,1579.285714,1454.285714,1351.142857,1244.714286,27.142857,1.474697,3.352e-07,-0.012511,0.000104
2.2.2.瑞士,瑞士 活跃UV,1316.0,1348.714286,1280.142857,1227.428571,1182.714286,1136.857143,1260.428571,1097.857143,-32.714286,-2.425591,8.5e-09,-0.000317,3e-06
2.2.2.瓜德罗普,瓜德罗普 活跃UV,8.285714,6.571429,7.285714,7.142857,8.142857,9.0,9.714286,9.428571,1.714286,26.086957,1.903e-07,-0.007103,5.9e-05
2.2.2.瓦利斯和富图纳群岛,瓦利斯和富图纳群岛 活跃UV,0.0,0.0,0.0,0.0,0.0,0.0,0.0,0.0,0.0,,,,
2.2.2.瓦努阿图,瓦努阿图 活跃UV,4.142857,3.285714,5.166667,5.428571,4.0,3.571429,3.142857,2.833333,0.857143,26.086957,2.81e-08,-0.001048,9e-06
2.2.2.留尼汪岛,留尼汪岛 活跃UV,10.714286,12.0,13.857143,14.285714,13.142857,11.714286,14.714286,12.571429,-1.285714,-10.714286,7.75e-08,-0.002892,2.4e-05
2.2.2.白俄罗斯,白俄罗斯 活跃UV,2184.142857,2553.571429,2532.571429,2290.571429,2399.571429,2317.714286,2363.285714,2309.0,-369.428571,-14.467133,9.8787e-06,-0.368745,0.003057
2.2.2.百慕大,百慕大 活跃UV,26.571429,30.714286,23.714286,32.857143,28.857143,23.285714,28.0,23.714286,-4.142857,-13.488372,-2.745e-07,0.010245,-8.5e-05
2.2.2.直布罗陀,直布罗陀 活跃UV,28.857143,30.428571,26.142857,28.571429,22.0,24.0,27.142857,21.714286,-1.571429,-5.164319,7.2e-09,-0.00027,2e-06
2.2.2.福克兰群岛,福克兰群岛 活跃UV,3.0,2.0,2.0,0.0,1.0,1.0,0.0,1.0,1.0,50.0,-4.688e-07,0.017498,-0.000145
2.2.2.科威特,科威特 活跃UV,261.0,276.285714,250.571429,265.142857,272.571429,280.714286,325.142857,267.428571,-15.285714,-5.532575,-2.743e-07,0.01024,-8.5e-05
2.2.2.科摩罗,科摩罗 活跃UV,3.857143,1.857143,3.0,1.857143,3.428571,2.142857,4.0,2.428571,2.0,107.692308,1.335e-07,-0.004983,4.1e-05
2.2.2.科特迪瓦,科特迪瓦 活跃UV,185.428571,182.714286,192.714286,195.0,219.428571,230.0,253.571429,195.285714,2.714286,1.485536,-3.867e-07,0.014435,-0.00012
2.2.2.科索沃,科索沃 活跃UV,239.0,228.428571,206.0,217.571429,208.428571,239.714286,232.857143,206.285714,10.571429,4.627892,-1.158e-07,0.004322,-3.6e-05
2.2.2.秘鲁,秘鲁 活跃UV,1469.857143,1570.428571,1544.571429,1570.571429,1513.428571,1556.571429,1594.857143,1588.0,-100.571429,-6.404075,-3.2533e-06,0.121436,-0.001007
2.2.2.突尼斯,突尼斯 活跃UV,216.0,202.857143,200.571429,203.714286,199.714286,200.428571,193.142857,167.285714,13.142857,6.478873,-2.259e-07,0.008431,-7e-05
2.2.2.立陶宛,立陶宛 活跃UV,760.571429,809.285714,853.285714,760.428571,715.142857,726.0,699.285714,679.714286,-48.714286,-6.019417,2.518e-07,-0.009398,7.8e-05
2.2.2.索马里,索马里 活跃UV,42.571429,40.571429,37.428571,37.714286,36.0,40.571429,48.714286,37.857143,2.0,4.929577,-3.099e-07,0.011568,-9.6e-05
2.2.2.约旦,约旦 活跃UV,246.285714,233.142857,238.142857,240.857143,244.571429,262.857143,328.714286,231.285714,13.142857,5.637255,-1.0307e-06,0.038471,-0.000319
2.2.2.纳米比亚,纳米比亚 活跃UV,64.857143,62.142857,60.285714,56.857143,58.428571,60.857143,65.142857,56.428571,2.714286,4.367816,2.101e-07,-0.007843,6.5e-05
2.2.2.纽埃岛,纽埃岛 活跃UV,1.0,1.0,1.0,1.0,1.0,1.0,0.0,0.0,0.0,0.0,-1.1e-08,0.000409,-3e-06
2.2.2.缅甸,缅甸 活跃UV,45.714286,50.428571,50.285714,54.857143,60.571429,56.285714,47.142857,44.571429,-4.714286,-9.348442,3.97e-07,-0.014821,0.000123
2.2.2.罗马尼亚,罗马尼亚 活跃UV,1858.428571,1765.428571,1774.142857,1812.714286,1784.714286,1884.428571,1885.285714,1821.142857,93.0,5.267843,5.2847e-06,-0.197263,0.001635
2.2.2.美国,美国 活跃UV,101503.0,108416.857143,100175.0,100946.571429,99586.571429,100165.428571,102055.0,100199.857143,-6913.857143,-6.377105,0.0001310267,-4.890879,0.040545
2.2.2.美属维尔京群岛,美属维尔京群岛 活跃UV,23.857143,26.0,18.285714,22.857143,23.714286,21.857143,21.571429,20.0,-2.142857,-8.241758,-1.5e-07,0.005599,-4.6e-05
2.2.2.美属萨摩亚,美属萨摩亚 活跃UV,0.0,1.0,1.0,1.0,0.0,1.333333,1.0,1.25,-1.0,-100.0,,,
2.2.2.老挝,老挝 活跃UV,7.571429,9.142857,6.571429,7.285714,7.0,4.0,6.428571,7.142857,-1.571429,-17.1875,1.451e-07,-0.005417,4.5e-05
2.2.2.肯尼亚,肯尼亚 活跃UV,192.142857,171.857143,182.571429,185.285714,180.142857,182.428571,186.428571,172.142857,20.285714,11.803824,1.3181e-06,-0.0492,0.000408
2.2.2.芬兰,芬兰 活跃UV,1474.714286,1546.0,1452.285714,1399.714286,1383.285714,1306.0,1209.714286,1106.714286,-71.285714,-4.610978,1.39e-08,-0.000517,4e-06
2.2.2.苏丹,苏丹 活跃UV,5.428571,6.714286,7.428571,5.714286,6.571429,7.428571,8.0,3.285714,-1.285714,-19.148936,1.14e-08,-0.000427,4e-06
2.2.2.苏里南,苏里南 活跃UV,19.857143,23.285714,23.714286,20.142857,20.571429,22.142857,21.285714,21.571429,-3.428571,-14.723926,6.232e-07,-0.023263,0.000193
2.2.2.英国,英国 活跃UV,35358.571429,34801.285714,34738.285714,33507.714286,31734.714286,31377.857143,37756.285714,31154.714286,557.285714,1.601337,2.35e-05,-0.877194,0.007272
2.2.2.英属印度洋领地,英属印度洋领地 活跃UV,1.0,1.0,1.0,1.0,0.0,0.0,1.0,0.0,0.0,0.0,-1.1e-08,0.000409,-3e-06
2.2.2.英属维尔京群岛,英属维尔京群岛 活跃UV,7.428571,7.0,11.285714,12.714286,6.714286,7.714286,10.285714,5.285714,0.428571,6.122449,3.1e-09,-0.000116,1e-06
2.2.2.荷兰,荷兰 活跃UV,7897.142857,7675.714286,7903.571429,8205.0,7886.428571,7421.857143,7830.428571,7470.571429,221.428571,2.884794,-1.2487e-06,0.046609,-0.000386
2.2.2.荷兰加勒比,荷兰加勒比 活跃UV,3.285714,5.285714,4.571429,5.0,4.285714,2.571429,5.571429,5.0,-2.0,-37.837838,-4.011e-07,0.014973,-0.000124
2.2.2.荷属圣马丁,荷属圣马丁 活跃UV,21.857143,23.142857,18.142857,19.142857,19.428571,23.428571,19.714286,21.285714,-1.285714,-5.555556,-1.595e-07,0.005952,-4.9e-05
2.2.2.荷属安的列斯,荷属安的列斯 活跃UV,1.0,0.0,2.0,1.333333,1.0,0.0,0.0,1.0,1.0,,,,
2.2.2.莫桑比克,莫桑比克 活跃UV,86.857143,89.0,87.714286,78.714286,79.428571,81.857143,93.142857,78.0,-2.142857,-2.407705,1.4e-09,-5.4e-05,0.0
2.2.2.莱索托,莱索托 活跃UV,7.285714,6.857143,5.857143,9.428571,7.571429,8.142857,7.0,9.0,0.428571,6.25,1.054e-07,-0.003936,3.3e-05
2.2.2.菲律宾,菲律宾 活跃UV,2942.714286,3101.857143,3081.142857,3254.285714,3228.142857,3245.142857,3373.714286,3348.857143,-159.142857,-5.130567,-3.46e-07,0.012915,-0.000107
2.2.2.萨尔瓦多,萨尔瓦多 活跃UV,225.285714,245.142857,242.0,250.285714,226.285714,226.857143,238.714286,227.857143,-19.857143,-8.100233,-7.573e-07,0.028268,-0.000234
2.2.2.萨摩亚,萨摩亚 活跃UV,4.428571,2.0,1.857143,1.5,2.833333,4.285714,2.833333,3.571429,2.428571,121.428571,4.4e-07,-0.016425,0.000136
2.2.2.葡萄牙,葡萄牙 活跃UV,4970.857143,5096.571429,4946.428571,4977.428571,5288.857143,5070.428571,5146.714286,4797.428571,-125.714286,-2.466644,-1.81e-08,0.000676,-6e-06
2.2.2.蒙古,蒙古 活跃UV,58.285714,45.857143,38.142857,42.714286,41.285714,37.571429,41.428571,40.0,12.428571,27.102804,-6.363e-07,0.023752,-0.000197
2.2.2.蒙塞拉特岛,蒙塞拉特岛 活跃UV,0.0,0.0,0.0,0.0,1.0,0.0,0.0,0.0,0.0,,,,
2.2.2.西班牙,西班牙 活跃UV,7028.0,6802.285714,6939.857143,6783.571429,6738.142857,6485.571429,6620.285714,6289.714286,225.714286,3.318212,3.7912e-05,-1.415156,0.011732
2.2.2.诺福克岛,诺福克岛 活跃UV,0.0,0.0,0.0,0.0,0.0,0.0,0.0,0.0,0.0,,,,
2.2.2.贝宁,贝宁 活跃UV,97.285714,108.285714,120.285714,128.142857,119.428571,138.0,163.714286,150.0,-11.0,-10.158311,8.318e-07,-0.031048,0.000257
2.2.2.赞比亚,赞比亚 活跃UV,74.571429,80.857143,76.0,80.571429,78.285714,81.142857,82.857143,82.714286,-6.285714,-7.773852,8.77e-08,-0.003275,2.7e-05
2.2.2.赤道几内亚,赤道几内亚 活跃UV,3.857143,3.285714,4.0,4.571429,5.285714,5.428571,5.571429,4.571429,0.571429,17.391304,-5.76e-08,0.002151,-1.8e-05
2.2.2.越南,越南 活跃UV,425.714286,425.0,421.571429,439.428571,432.571429,403.285714,411.571429,404.714286,0.714286,0.168067,3.199e-07,-0.011942,9.9e-05
2.2.2.阿塞拜疆,阿塞拜疆 活跃UV,352.857143,334.428571,334.571429,336.571429,334.857143,329.285714,351.428571,285.142857,18.428571,5.510466,-3.463e-07,0.012926,-0.000107
2.2.2.阿富汗,阿富汗 活跃UV,43.714286,44.285714,50.285714,47.0,51.857143,59.285714,74.857143,38.857143,-0.571429,-1.290323,-1.066e-07,0.003977,-3.3e-05
2.2.2.阿尔及利亚,阿尔及利亚 活跃UV,101.714286,95.285714,97.285714,94.428571,93.571429,96.428571,113.714286,91.142857,6.428571,6.746627,-1.3973e-06,0.052157,-0.000432
2.2.2.阿尔巴尼亚,阿尔巴尼亚 活跃UV,1112.571429,1056.285714,1008.714286,955.857143,957.714286,953.0,948.0,833.571429,56.285714,5.328645,4.0434e-06,-0.15093,0.001251
2.2.2.阿曼,阿曼 活跃UV,119.142857,124.0,128.142857,129.428571,128.857143,141.142857,223.428571,122.142857,-4.857143,-3.917051,1.6e-09,-5.9e-05,0.0
2.2.2.阿根廷,阿根廷 活跃UV,2726.142857,2497.857143,2726.571429,2672.428571,2556.0,2565.571429,2698.714286,2650.714286,228.285714,9.139262,2.03046e-05,-0.757915,0.006283
2.2.2.阿联酋,阿联酋 活跃UV,1242.571429,1296.428571,1345.285714,1430.0,1422.571429,1409.0,1669.571429,1333.857143,-53.857143,-4.15427,-9.518e-07,0.035526,-0.000295
2.2.2.阿鲁巴,阿鲁巴 活跃UV,75.857143,77.428571,74.0,61.571429,69.285714,69.857143,70.857143,67.857143,-1.571429,-2.02952,7.08e-08,-0.002643,2.2e-05
2.2.2.韩国,韩国 活跃UV,308.714286,320.428571,322.714286,333.571429,329.142857,326.0,347.571429,359.714286,-11.714286,-3.655818,8.3e-09,-0.000311,3e-06
2.2.2.马尔代夫,马尔代夫 活跃UV,75.714286,66.142857,72.0,80.714286,81.428571,63.857143,82.0,61.857143,9.571429,14.470842,2.6783e-06,-0.099973,0.000829
2.2.2.马恩岛,马恩岛 活跃UV,30.142857,28.0,28.0,25.0,30.428571,32.285714,32.857143,25.428571,2.142857,7.653061,2.746e-07,-0.01025,8.5e-05
2.2.2.马拉维,马拉维 活跃UV,29.285714,26.714286,31.857143,31.714286,31.857143,35.0,36.571429,31.285714,2.571429,9.625668,1.469e-07,-0.005483,4.5e-05
2.2.2.马提尼克岛,马提尼克岛 活跃UV,6.428571,6.571429,5.142857,3.285714,3.571429,6.0,6.428571,5.142857,-0.142857,-2.173913,3e-09,-0.000114,1e-06
2.2.2.马来西亚,马来西亚 活跃UV,501.0,497.142857,477.428571,495.714286,488.857143,566.142857,568.142857,479.285714,3.857143,0.775862,4.341e-07,-0.016204,0.000134
2.2.2.马约特,马约特 活跃UV,1.0,1.5,1.0,1.0,1.0,0.0,0.0,1.0,-0.5,-33.333333,-1.133e-07,0.004228,-3.5e-05
2.2.2.马绍尔群岛,马绍尔群岛 活跃UV,1.0,1.2,1.0,1.0,1.0,1.0,1.0,1.25,-0.2,-16.666667,7.62e-08,-0.002846,2.4e-05
2.2.2.马耳他,马耳他 活跃UV,279.714286,280.428571,273.142857,276.714286,264.285714,253.142857,223.428571,238.571429,-0.714286,-0.254712,1.0056e-06,-0.037536,0.000311
2.2.2.马达加斯加,马达加斯加 活跃UV,28.285714,26.285714,25.428571,26.142857,29.0,25.285714,26.428571,24.857143,2.0,7.608696,-3.67e-08,0.00137,-1.1e-05
2.2.2.马里,马里 活跃UV,112.428571,117.571429,114.571429,125.714286,138.571429,107.285714,135.285714,71.0,-5.142857,-4.374241,-1.85e-08,0.000692,-6e-06
2.2.2.黎巴嫩,黎巴嫩 活跃UV,760.571429,730.0,687.714286,727.714286,706.428571,705.285714,805.714286,634.142857,30.571429,4.187867,9.243e-07,-0.034503,0.000286
2.2.2.黑山,黑山 活跃UV,790.714286,751.142857,735.285714,686.285714,664.714286,618.714286,641.571429,612.714286,39.571429,5.268163,6.4926e-06,-0.242353,0.002009
3,整体 次日留存UV,231775.0,239583.714286,235628.428571,235355.428571,240825.571429,228077.285714,235682.714286,222261.857143,-7808.714286,-3.259284,,,
3.1,新用户 次日留存UV,5726.714286,6673.142857,6039.857143,6019.142857,6373.571429,6158.285714,6539.571429,5805.571429,-946.428571,-14.182651,,,
3.2,老用户 次日留存UV,226048.285714,232910.571429,229588.571429,229336.285714,234452.0,221919.0,229143.142857,216456.285714,-6862.285714,-2.946318,,,
3.2.1,Android 次日留存UV,53419.0,54763.428571,55030.857143,54518.285714,55465.0,53145.142857,55244.285714,51987.285714,-1344.428571,-2.454975,,,
3.2.1.unknow,unknow 次日留存UV,5.714286,6.0,5.714286,6.285714,7.0,5.428571,6.571429,9.714286,-0.285714,-4.761905,,,
3.2.1.不丹,不丹 次日留存UV,0.2,0.0,0.0,0.333333,0.285714,0.333333,1.0,0.857143,0.2,,,,
3.2.1.东帝汶,东帝汶 次日留存UV,1.0,2.285714,2.0,1.285714,2.142857,1.428571,1.166667,1.714286,-1.285714,-56.25,,,
3.2.1.中国,中国 次日留存UV,75.142857,78.714286,78.142857,74.714286,64.857143,61.0,62.571429,57.571429,-3.571429,-4.537205,,,
3.2.1.中国台湾,中国台湾 次日留存UV,25.857143,21.857143,23.428571,25.714286,25.857143,21.285714,20.285714,20.142857,4.0,18.300654,,,
3.2.1.中国澳门,中国澳门 次日留存UV,0.25,0.0,0.428571,1.25,0.714286,0.857143,1.0,1.285714,0.25,,,,
3.2.1.中国香港,中国香港 次日留存UV,73.571429,69.571429,38.142857,36.142857,53.285714,38.142857,53.142857,52.0,4.0,5.749487,,,
3.2.1.中非,中非 次日留存UV,0.2,0.333333,0.5,0.166667,0.166667,0.166667,0.25,0.0,-0.133333,-40.0,,,
3.2.1.丹麦,丹麦 次日留存UV,31.428571,26.571429,33.714286,28.285714,25.142857,32.142857,29.142857,29.142857,4.857143,18.27957,,,
3.2.1.乌克兰,乌克兰 次日留存UV,412.285714,428.285714,441.285714,407.714286,408.714286,401.571429,432.142857,440.142857,-16.0,-3.735824,,,
3.2.1.乌兹别克斯坦,乌兹别克斯坦 次日留存UV,26.285714,23.857143,25.0,22.142857,24.285714,22.714286,23.285714,25.0,2.428571,10.179641,,,
3.2.1.乌干达,乌干达 次日留存UV,28.0,25.285714,26.142857,26.571429,29.714286,24.142857,26.714286,25.142857,2.714286,10.734463,,,
3.2.1.乌拉圭,乌拉圭 次日留存UV,40.428571,37.857143,38.571429,38.428571,40.857143,39.285714,33.285714,42.285714,2.571429,6.792453,,,
3.2.1.乍得,乍得 次日留存UV,1.285714,0.714286,0.714286,0.857143,0.428571,1.571429,1.142857,0.571429,0.571429,80.0,,,
3.2.1.也门,也门 次日留存UV,10.285714,13.285714,10.714286,13.857143,12.857143,12.571429,13.571429,14.142857,-3.0,-22.580645,,,
3.2.1.亚美尼亚,亚美尼亚 次日留存UV,30.0,32.571429,33.714286,31.142857,23.0,28.428571,35.428571,28.285714,-2.571429,-7.894737,,,
3.2.1.以色列,以色列 次日留存UV,86.857143,55.428571,55.142857,44.857143,52.142857,50.285714,50.571429,50.142857,31.428571,56.701031,,,
3.2.1.伊拉克,伊拉克 次日留存UV,77.142857,75.285714,80.857143,77.0,78.857143,82.0,105.714286,83.285714,1.857143,2.466793,,,
3.2.1.伊朗,伊朗 次日留存UV,980.428571,1001.0,718.0,730.285714,794.571429,765.285714,613.0,61.714286,-20.571429,-2.055088,,,
3.2.1.伯利兹,伯利兹 次日留存UV,2.571429,5.0,4.714286,4.428571,4.142857,5.428571,4.428571,6.571429,-2.428571,-48.571429,,,
3.2.1.佛得角,佛得角 次日留存UV,3.285714,3.714286,4.142857,4.714286,4.285714,5.142857,4.142857,2.714286,-0.428571,-11.538462,,,
3.2.1.俄罗斯,俄罗斯 次日留存UV,2342.857143,2388.0,2371.142857,2345.428571,2479.285714,2367.428571,2411.285714,2341.714286,-45.142857,-1.890404,,,
3.2.1.保加利亚,保加利亚 次日留存UV,95.285714,99.0,86.571429,79.0,84.571429,81.142857,84.142857,74.571429,-3.714286,-3.751804,,,
3.2.1.克罗地亚,克罗地亚 次日留存UV,171.571429,176.714286,182.428571,172.142857,150.428571,146.571429,160.571429,144.714286,-5.142857,-2.910267,,,
3.2.1.关岛,关岛 次日留存UV,0.857143,1.714286,2.0,1.285714,0.714286,1.0,1.142857,1.0,-0.857143,-50.0,,,
3.2.1.冈比亚,冈比亚 次日留存UV,14.0,14.857143,20.0,18.857143,13.428571,16.428571,38.285714,15.714286,-0.857143,-5.769231,,,
3.2.1.冰岛,冰岛 次日留存UV,3.0,6.571429,7.285714,6.142857,6.0,4.714286,6.714286,6.0,-3.571429,-54.347826,,,
3.2.1.几内亚,几内亚 次日留存UV,3.571429,4.0,4.285714,3.571429,4.142857,3.285714,5.0,2.714286,-0.428571,-10.714286,,,
3.2.1.几内亚比绍,几内亚比绍 次日留存UV,1.285714,1.5,0.166667,0.833333,0.428571,1.0,1.142857,0.857143,-0.214286,-14.285714,,,
3.2.1.列支敦士登,列支敦士登 次日留存UV,0.0,0.0,0.0,0.0,0.0,1.5,1.0,1.333333,0.0,,,,
3.2.1.刚果共和国,刚果共和国 次日留存UV,2.857143,3.142857,2.857143,2.714286,2.857143,3.142857,2.857143,1.714286,-0.285714,-9.090909,,,
3.2.1.刚果民主共和国,刚果民主共和国 次日留存UV,24.142857,25.857143,25.857143,26.571429,25.714286,29.0,26.285714,24.428571,-1.714286,-6.629834,,,
3.2.1.利比亚,利比亚 次日留存UV,8.285714,11.857143,12.428571,12.714286,11.571429,10.0,16.285714,12.857143,-3.571429,-30.120482,,,
3.2.1.利比里亚,利比里亚 次日留存UV,32.285714,35.857143,30.428571,31.285714,33.428571,35.0,40.285714,32.0,-3.571429,-9.960159,,,
3.2.1.加拿大,加拿大 次日留存UV,596.428571,614.285714,588.714286,582.285714,585.714286,569.0,549.571429,555.0,-17.857143,-2.906977,,,
3.2.1.加纳,加纳 次日留存UV,41.857143,43.857143,46.285714,47.714286,51.428571,47.285714,59.857143,56.571429,-2.0,-4.560261,,,
3.2.1.加蓬,加蓬 次日留存UV,1.285714,1.142857,1.0,1.285714,1.0,1.428571,0.714286,1.428571,0.142857,12.5,,,
3.2.1.匈牙利,匈牙利 次日留存UV,76.285714,74.571429,76.428571,78.285714,80.857143,72.0,79.428571,77.285714,1.714286,2.298851,,,
3.2.1.北马其顿,北马其顿 次日留存UV,43.285714,36.571429,40.571429,41.142857,43.428571,43.142857,51.285714,43.285714,6.714286,18.359375,,,
3.2.1.北马里亚纳群岛,北马里亚纳群岛 次日留存UV,0.0,0.0,0.0,0.0,0.0,0.0,0.75,0.0,0.0,,,,
3.2.1.南极洲,南极洲 次日留存UV,0.0,0.0,0.0,0.0,0.0,0.0,0.0,0.333333,0.0,,,,
3.2.1.南苏丹,南苏丹 次日留存UV,96.857143,75.714286,79.0,79.857143,74.0,75.0,73.857143,78.857143,21.142857,27.924528,,,
3.2.1.南非,南非 次日留存UV,319.0,294.142857,300.285714,297.285714,275.285714,296.428571,309.0,293.0,24.857143,8.450704,,,
3.2.1.博茨瓦纳,博茨瓦纳 次日留存UV,9.571429,6.0,7.857143,10.857143,8.714286,10.142857,9.285714,9.571429,3.571429,59.52381,,,
3.2.1.卡塔尔,卡塔尔 次日留存UV,13.0,13.571429,12.0,13.571429,14.285714,12.0,22.857143,14.285714,-0.571429,-4.210526,,,
3.2.1.卢旺达,卢旺达 次日留存UV,17.571429,15.571429,13.857143,15.0,10.857143,13.285714,15.428571,13.857143,2.0,12.844037,,,
3.2.1.卢森堡,卢森堡 次日留存UV,8.142857,6.857143,6.571429,8.0,7.0,7.285714,9.142857,7.142857,1.285714,18.75,,,
3.2.1.印度,印度 次日留存UV,621.428571,643.0,648.142857,657.428571,664.285714,662.428571,739.714286,717.428571,-21.571429,-3.35481,,,
3.2.1.印度尼西亚,印度尼西亚 次日留存UV,371.285714,369.285714,368.714286,352.857143,358.428571,384.857143,367.857143,352.285714,2.0,0.541586,,,
3.2.1.危地马拉,危地马拉 次日留存UV,90.285714,101.714286,106.428571,104.142857,106.857143,101.142857,104.285714,97.714286,-11.428571,-11.235955,,,
3.2.1.厄瓜多尔,厄瓜多尔 次日留存UV,251.714286,257.428571,268.857143,285.857143,276.714286,280.0,280.142857,273.714286,-5.714286,-2.219756,,,
3.2.1.厄立特里亚,厄立特里亚 次日留存UV,0.0,0.0,0.0,0.0,0.0,0.0,0.0,0.0,0.0,,,,
3.2.1.叙利亚,叙利亚 次日留存UV,82.857143,90.571429,89.0,85.714286,89.142857,91.0,122.428571,87.714286,-7.714286,-8.51735,,,
3.2.1.古巴,古巴 次日留存UV,5.0,5.285714,6.714286,6.571429,6.142857,7.428571,7.285714,9.285714,-0.285714,-5.405405,,,
3.2.1.吉尔吉斯斯坦,吉尔吉斯斯坦 次日留存UV,15.428571,12.714286,11.428571,13.857143,14.571429,16.285714,18.571429,16.571429,2.714286,21.348315,,,
3.2.1.吉布提,吉布提 次日留存UV,0.4,0.333333,0.2,0.0,0.428571,0.4,0.5,0.4,0.066667,20.0,,,
3.2.1.哈萨克斯坦,哈萨克斯坦 次日留存UV,113.0,110.571429,103.0,104.571429,93.0,98.714286,114.428571,105.428571,2.428571,2.196382,,,
3.2.1.哥伦比亚,哥伦比亚 次日留存UV,826.857143,878.142857,858.285714,888.285714,828.428571,773.714286,814.571429,849.857143,-51.285714,-5.840247,,,
3.2.1.哥斯达黎加,哥斯达黎加 次日留存UV,74.142857,74.714286,78.285714,75.142857,69.142857,72.285714,75.0,70.0,-0.571429,-0.764818,,,
3.2.1.喀麦隆,喀麦隆 次日留存UV,12.0,9.285714,11.142857,11.0,11.571429,10.428571,13.285714,8.857143,2.714286,29.230769,,,
3.2.1.图瓦卢,图瓦卢 次日留存UV,0.0,0.0,0.0,0.0,0.0,0.0,0.0,0.0,0.0,,,,
3.2.1.土库曼斯坦,土库曼斯坦 次日留存UV,2.285714,3.142857,1.714286,2.428571,5.285714,5.714286,3.0,2.0,-0.857143,-27.272727,,,
3.2.1.土耳其,土耳其 次日留存UV,1113.285714,1098.714286,1091.285714,1050.857143,1057.571429,1075.285714,1294.0,954.0,14.571429,1.326225,,,
3.2.1.圣卢西亚,圣卢西亚 次日留存UV,4.857143,5.142857,3.571429,3.571429,4.857143,2.428571,4.428571,4.571429,-0.285714,-5.555556,,,
3.2.1.圣基茨和尼维斯,圣基茨和尼维斯 次日留存UV,1.571429,1.0,1.0,1.0,0.333333,0.5,1.285714,1.571429,0.571429,57.142857,,,
3.2.1.圣多美和普林西比,圣多美和普林西比 次日留存UV,2.0,2.142857,1.833333,2.0,2.142857,1.428571,1.857143,0.5,-0.142857,-6.666667,,,
3.2.1.圣巴泰勒米岛,圣巴泰勒米岛 次日留存UV,0.0,0.0,0.0,0.0,0.0,0.0,0.0,0.0,0.0,,,,
3.2.1.圣文森特和格林纳丁斯,圣文森特和格林纳丁斯 次日留存UV,2.857143,1.857143,1.428571,0.571429,1.666667,1.142857,2.0,1.571429,1.0,53.846154,,,
3.2.1.圣皮埃尔和密克隆群岛,圣皮埃尔和密克隆群岛 次日留存UV,0.0,0.0,0.5,0.0,0.0,0.0,0.0,0.0,0.0,,,,
3.2.1.圣马力诺,圣马力诺 次日留存UV,0.0,0.0,0.333333,0.0,0.0,0.0,0.0,0.0,0.0,,,,
3.2.1.圭亚那,圭亚那 次日留存UV,6.428571,10.285714,8.142857,8.0,8.714286,8.714286,8.428571,9.571429,-3.857143,-37.5,,,
3.2.1.坦桑尼亚,坦桑尼亚 次日留存UV,38.857143,33.142857,33.428571,38.285714,39.571429,46.285714,41.714286,42.857143,5.714286,17.241379,,,
3.2.1.埃及,埃及 次日留存UV,270.428571,271.857143,268.428571,279.142857,282.714286,299.571429,417.285714,254.714286,-1.428571,-0.525486,,,
3.2.1.埃塞俄比亚,埃塞俄比亚 次日留存UV,23.714286,31.571429,27.0,28.714286,30.857143,29.428571,32.142857,33.857143,-7.857143,-24.886878,,,
3.2.1.基里巴斯,基里巴斯 次日留存UV,0.0,0.0,0.0,0.0,0.0,0.0,0.0,0.0,0.0,,,,
3.2.1.塔吉克斯坦,塔吉克斯坦 次日留存UV,5.142857,5.571429,6.857143,4.285714,5.857143,4.0,3.714286,3.0,-0.428571,-7.692308,,,
3.2.1.塞内加尔,塞内加尔 次日留存UV,26.571429,27.142857,32.571429,32.142857,40.857143,65.571429,96.714286,39.714286,-0.571429,-2.105263,,,
3.2.1.塞尔维亚,塞尔维亚 次日留存UV,308.571429,297.714286,315.428571,327.857143,321.714286,314.571429,333.0,308.857143,10.857143,3.646833,,,
3.2.1.塞拉利昂,塞拉利昂 次日留存UV,5.857143,7.285714,8.142857,7.142857,8.285714,6.571429,8.142857,6.714286,-1.428571,-19.607843,,,
3.2.1.塞浦路斯,塞浦路斯 次日留存UV,43.285714,45.285714,44.142857,45.571429,42.714286,40.714286,40.285714,37.142857,-2.0,-4.416404,,,
3.2.1.塞舌尔,塞舌尔 次日留存UV,4.428571,2.428571,2.428571,2.428571,4.714286,4.285714,4.142857,3.857143,2.0,82.352941,,,
3.2.1.墨西哥,墨西哥 次日留存UV,1958.714286,1996.714286,1962.571429,1924.285714,1928.285714,1877.285714,1900.571429,1929.142857,-38.0,-1.903127,,,
3.2.1.多哥,多哥 次日留存UV,5.714286,3.714286,5.857143,7.285714,5.0,7.857143,10.0,7.142857,2.0,53.846154,,,
3.2.1.多米尼克,多米尼克 次日留存UV,0.75,0.5,0.5,0.2,0.2,0.166667,0.6,1.142857,0.25,50.0,,,
3.2.1.多米尼加,多米尼加 次日留存UV,54.0,54.285714,58.571429,61.285714,59.857143,65.142857,64.714286,64.0,-0.285714,-0.526316,,,
3.2.1.奥兰群岛,奥兰群岛 次日留存UV,0.0,0.0,0.0,0.0,0.5,0.0,0.0,0.0,0.0,,,,
3.2.1.奥地利,奥地利 次日留存UV,82.714286,77.285714,84.571429,82.142857,79.142857,85.428571,83.428571,79.428571,5.428571,7.02403,,,
3.2.1.委内瑞拉,委内瑞拉 次日留存UV,236.714286,180.0,169.571429,272.714286,274.285714,250.857143,268.714286,271.571429,56.714286,31.507937,,,
3.2.1.孟加拉,孟加拉 次日留存UV,729.571429,798.428571,862.571429,899.0,983.0,1146.285714,1424.428571,910.428571,-68.857143,-8.624083,,,
3.2.1.安哥拉,安哥拉 次日留存UV,17.428571,15.714286,14.571429,14.285714,18.285714,15.857143,14.857143,16.142857,1.714286,10.909091,,,
3.2.1.安圭拉,安圭拉 次日留存UV,1.5,0.666667,0.0,0.0,0.5,0.4,0.666667,1.25,0.833333,125.0,,,
3.2.1.安提瓜和巴布达,安提瓜和巴布达 次日留存UV,5.714286,7.714286,5.714286,5.285714,5.0,3.142857,4.285714,5.714286,-2.0,-25.925926,,,
3.2.1.安道尔,安道尔 次日留存UV,0.857143,1.333333,1.714286,1.142857,0.428571,1.142857,2.428571,0.666667,-0.47619,-35.714286,,,
3.2.1.密克罗尼西亚联邦,密克罗尼西亚联邦 次日留存UV,0.0,0.0,0.0,0.0,0.0,0.333333,0.0,0.0,0.0,,,,
3.2.1.尼加拉瓜,尼加拉瓜 次日留存UV,43.0,42.428571,50.857143,40.0,39.285714,39.0,44.142857,40.428571,0.571429,1.346801,,,
3.2.1.尼日利亚,尼日利亚 次日留存UV,348.857143,353.714286,330.714286,340.285714,358.0,373.857143,424.571429,357.142857,-4.857143,-1.373183,,,
3.2.1.尼日尔,尼日尔 次日留存UV,3.714286,3.571429,3.714286,4.285714,3.428571,3.857143,6.857143,4.142857,0.142857,4.0,,,
3.2.1.尼泊尔,尼泊尔 次日留存UV,32.142857,31.571429,34.714286,32.285714,34.428571,34.142857,38.428571,43.0,0.571429,1.809955,,,
3.2.1.巴勒斯坦,巴勒斯坦 次日留存UV,8.142857,8.428571,7.714286,9.571429,8.0,11.142857,17.714286,9.142857,-0.285714,-3.389831,,,
3.2.1.巴哈马,巴哈马 次日留存UV,7.857143,8.285714,7.571429,9.571429,6.285714,8.428571,7.285714,8.714286,-0.428571,-5.172414,,,
3.2.1.巴基斯坦,巴基斯坦 次日留存UV,384.285714,370.285714,391.428571,400.0,397.428571,477.0,679.571429,374.142857,14.0,3.780864,,,
3.2.1.巴巴多斯,巴巴多斯 次日留存UV,3.285714,5.428571,2.571429,1.857143,1.285714,2.571429,3.714286,2.571429,-2.142857,-39.473684,,,
3.2.1.巴布亚新几内亚,巴布亚新几内亚 次日留存UV,5.142857,6.714286,6.0,6.857143,5.857143,4.0,5.857143,5.714286,-1.571429,-23.404255,,,
3.2.1.巴拉圭,巴拉圭 次日留存UV,62.285714,63.285714,70.285714,71.571429,70.428571,71.285714,70.857143,68.857143,-1.0,-1.580135,,,
3.2.1.巴拿马,巴拿马 次日留存UV,44.428571,45.857143,49.142857,50.857143,39.857143,43.142857,46.0,50.714286,-1.428571,-3.115265,,,
3.2.1.巴林,巴林 次日留存UV,3.0,4.857143,4.857143,6.0,3.571429,4.428571,9.428571,6.857143,-1.857143,-38.235294,,,
3.2.1.巴西,巴西 次日留存UV,24503.142857,25593.571429,26242.0,25483.571429,26805.142857,24395.857143,24124.285714,24168.285714,-1090.428571,-4.260557,,,
3.2.1.布基纳法索,布基纳法索 次日留存UV,18.428571,20.714286,19.714286,18.285714,23.0,22.857143,27.428571,23.714286,-2.285714,-11.034483,,,
3.2.1.布隆迪,布隆迪 次日留存UV,7.428571,7.571429,6.285714,9.428571,9.428571,8.428571,9.857143,8.0,-0.142857,-1.886792,,,
3.2.1.希腊,希腊 次日留存UV,321.857143,303.0,325.285714,300.857143,280.142857,275.857143,270.0,242.571429,18.857143,6.223479,,,
3.2.1.帕劳,帕劳 次日留存UV,0.0,0.0,0.0,0.0,0.0,0.0,0.25,0.0,0.0,,,,
3.2.1.库克群岛,库克群岛 次日留存UV,0.8,0.666667,0.0,0.75,0.2,0.333333,0.75,0.25,0.133333,20.0,,,
3.2.1.库拉索,库拉索 次日留存UV,2.142857,1.571429,2.857143,2.714286,3.142857,3.571429,4.285714,2.571429,0.571429,36.363636,,,
3.2.1.开曼群岛,开曼群岛 次日留存UV,1.0,0.714286,1.333333,2.714286,2.285714,1.857143,1.428571,0.857143,0.285714,40.0,,,
3.2.1.德国,德国 次日留存UV,1190.428571,1141.142857,1068.428571,1061.428571,1026.714286,1072.428571,1144.0,958.571429,49.285714,4.318978,,,
3.2.1.意大利,意大利 次日留存UV,518.857143,522.857143,542.428571,543.428571,542.428571,555.571429,509.428571,492.142857,-4.0,-0.765027,,,
3.2.1.所罗门群岛,所罗门群岛 次日留存UV,1.0,1.428571,1.571429,1.285714,1.285714,0.5,1.428571,1.285714,-0.428571,-30.0,,,
3.2.1.托克劳群岛,托克劳群岛 次日留存UV,0.0,0.0,0.0,0.0,0.0,0.0,0.0,0.0,0.0,,,,
3.2.1.拉脱维亚,拉脱维亚 次日留存UV,56.857143,57.714286,68.142857,61.857143,62.857143,59.142857,49.285714,56.714286,-0.857143,-1.485149,,,
3.2.1.挪威,挪威 次日留存UV,55.142857,50.0,56.714286,56.571429,53.142857,52.285714,52.142857,58.142857,5.142857,10.285714,,,
3.2.1.捷克,捷克 次日留存UV,81.142857,67.714286,75.714286,70.714286,67.428571,77.857143,69.571429,64.428571,13.428571,19.831224,,,
3.2.1.摩尔多瓦,摩尔多瓦 次日留存UV,28.0,31.857143,31.571429,25.285714,29.714286,28.571429,39.142857,32.428571,-3.857143,-12.107623,,,
3.2.1.摩洛哥,摩洛哥 次日留存UV,108.142857,103.714286,110.571429,116.142857,107.285714,113.142857,142.0,102.714286,4.428571,4.269972,,,
3.2.1.摩纳哥,摩纳哥 次日留存UV,0.4,0.5,1.2,0.833333,0.4,0.833333,0.25,0.75,-0.1,-20.0,,,
3.2.1.文莱,文莱 次日留存UV,3.142857,4.142857,4.857143,3.0,4.142857,3.714286,5.714286,4.285714,-1.0,-24.137931,,,
3.2.1.斐济,斐济 次日留存UV,4.571429,3.857143,6.571429,4.428571,4.857143,3.142857,3.285714,5.428571,0.714286,18.518519,,,
3.2.1.斯威士兰,斯威士兰 次日留存UV,3.714286,3.285714,2.571429,1.428571,0.714286,1.714286,1.428571,1.0,0.428571,13.043478,,,
3.2.1.斯洛伐克,斯洛伐克 次日留存UV,51.0,54.714286,63.285714,53.0,50.0,45.857143,53.857143,51.714286,-3.714286,-6.788512,,,
3.2.1.斯洛文尼亚,斯洛文尼亚 次日留存UV,21.142857,26.428571,21.857143,24.142857,23.0,20.714286,23.285714,24.0,-5.285714,-20.0,,,
3.2.1.斯里兰卡,斯里兰卡 次日留存UV,41.285714,33.428571,43.857143,42.0,39.571429,39.714286,50.571429,45.857143,7.857143,23.504274,,,
3.2.1.新加坡,新加坡 次日留存UV,90.142857,85.0,96.0,83.571429,83.714286,81.428571,95.428571,76.714286,5.142857,6.05042,,,
3.2.1.新喀里多尼亚,新喀里多尼亚 次日留存UV,0.0,0.0,0.0,0.0,0.0,0.5,0.2,0.0,0.0,,,,
3.2.1.新西兰,新西兰 次日留存UV,44.571429,41.285714,41.714286,42.714286,47.571429,44.714286,48.285714,41.428571,3.285714,7.958478,,,
3.2.1.日本,日本 次日留存UV,54.142857,53.714286,69.857143,73.285714,63.857143,82.428571,89.714286,61.0,0.428571,0.797872,,,
3.2.1.智利,智利 次日留存UV,260.285714,249.285714,250.571429,264.285714,238.428571,241.0,258.0,276.285714,11.0,4.412607,,,
3.2.1.柬埔寨,柬埔寨 次日留存UV,6.571429,5.857143,6.0,6.571429,6.0,7.285714,5.714286,5.714286,0.714286,12.195122,,,
3.2.1.根西岛,根西岛 次日留存UV,0.0,0.333333,0.4,0.285714,0.714286,0.75,1.0,0.0,-0.333333,-100.0,,,
3.2.1.格林纳达,格林纳达 次日留存UV,1.571429,1.714286,3.285714,2.142857,1.0,1.333333,2.571429,1.571429,-0.142857,-8.333333,,,
3.2.1.格陵兰,格陵兰 次日留存UV,0.0,0.666667,0.666667,0.0,0.0,0.0,0.0,0.0,-0.666667,-100.0,,,
3.2.1.格鲁吉亚,格鲁吉亚 次日留存UV,66.571429,70.714286,70.0,73.285714,66.142857,69.714286,57.714286,58.285714,-4.142857,-5.858586,,,
3.2.1.梵蒂冈,梵蒂冈 次日留存UV,0.0,0.0,0.0,0.0,0.5,0.0,0.0,0.0,0.0,,,,
3.2.1.比利时,比利时 次日留存UV,85.0,85.142857,73.285714,72.142857,71.857143,70.714286,83.714286,70.142857,-0.142857,-0.167785,,,
3.2.1.毛里塔尼亚,毛里塔尼亚 次日留存UV,3.285714,3.0,4.285714,2.571429,2.714286,3.0,4.571429,3.142857,0.285714,9.52381,,,
3.2.1.毛里求斯,毛里求斯 次日留存UV,14.0,11.142857,13.571429,11.0,12.285714,9.714286,13.857143,10.857143,2.857143,25.641026,,,
3.2.1.汤加,汤加 次日留存UV,0.0,0.0,0.0,0.0,0.0,0.0,0.0,0.0,0.0,,,,
3.2.1.沙特阿拉伯,沙特阿拉伯 次日留存UV,57.571429,56.428571,60.285714,65.0,67.857143,69.857143,123.428571,76.428571,1.142857,2.025316,,,
3.2.1.法国,法国 次日留存UV,381.571429,365.142857,360.142857,372.142857,382.428571,387.571429,425.0,346.857143,16.428571,4.499218,,,
3.2.1.法属圣马丁,法属圣马丁 次日留存UV,0.0,0.0,1.166667,0.0,0.0,0.0,0.0,0.0,0.0,,,,
3.2.1.法属圭亚那,法属圭亚那 次日留存UV,0.25,0.714286,0.571429,0.5,0.333333,0.285714,0.714286,1.0,-0.464286,-65.0,,,
3.2.1.法属波利尼西亚,法属波利尼西亚 次日留存UV,0.4,1.714286,0.428571,1.4,1.0,0.428571,1.285714,0.5,-1.314286,-76.666667,,,
3.2.1.法罗群岛,法罗群岛 次日留存UV,0.5,0.666667,0.333333,0.0,1.0,0.0,0.666667,0.0,-0.166667,-25.0,,,
3.2.1.波兰,波兰 次日留存UV,273.857143,274.428571,285.857143,273.0,242.285714,278.428571,291.714286,262.714286,-0.571429,-0.208225,,,
3.2.1.波多黎各,波多黎各 次日留存UV,36.571429,36.857143,33.142857,40.571429,37.857143,41.142857,39.142857,34.0,-0.285714,-0.775194,,,
3.2.1.波黑,波黑 次日留存UV,135.285714,145.428571,148.857143,154.714286,156.571429,150.142857,179.571429,160.285714,-10.142857,-6.97446,,,
3.2.1.泰国,泰国 次日留存UV,78.0,79.285714,75.571429,73.857143,72.0,74.0,75.428571,76.857143,-1.285714,-1.621622,,,
3.2.1.泽西岛,泽西岛 次日留存UV,0.714286,1.571429,2.142857,0.666667,0.5,0.285714,2.0,1.142857,-0.857143,-54.545455,,,
3.2.1.津巴布韦,津巴布韦 次日留存UV,13.571429,11.857143,11.857143,12.285714,13.0,12.571429,17.285714,12.428571,1.714286,14.457831,,,
3.2.1.洪都拉斯,洪都拉斯 次日留存UV,79.285714,83.285714,83.428571,85.857143,78.571429,74.714286,74.714286,79.571429,-4.0,-4.802744,,,
3.2.1.海地,海地 次日留存UV,54.285714,62.142857,62.285714,58.714286,56.0,65.571429,65.857143,66.857143,-7.857143,-12.643678,,,
3.2.1.澳大利亚,澳大利亚 次日留存UV,347.142857,336.428571,306.0,315.571429,320.714286,344.142857,341.0,343.571429,10.714286,3.184713,,,
3.2.1.爱尔兰,爱尔兰 次日留存UV,129.285714,107.285714,133.142857,117.428571,103.714286,107.142857,120.714286,112.714286,22.0,20.505992,,,
3.2.1.爱沙尼亚,爱沙尼亚 次日留存UV,37.0,36.142857,40.714286,35.714286,37.857143,35.857143,29.714286,28.571429,0.857143,2.371542,,,
3.2.1.牙买加,牙买加 次日留存UV,19.857143,24.857143,25.571429,22.714286,25.428571,21.428571,22.714286,22.714286,-5.0,-20.114943,,,
3.2.1.特克斯和凯科斯群岛,特克斯和凯科斯群岛 次日留存UV,1.714286,1.0,1.166667,1.333333,0.5,0.833333,0.666667,1.142857,0.714286,71.428571,,,
3.2.1.特立尼达和多巴哥,特立尼达和多巴哥 次日留存UV,29.285714,33.571429,34.285714,33.571429,28.571429,31.857143,37.285714,33.714286,-4.285714,-12.765957,,,
3.2.1.玻利维亚,玻利维亚 次日留存UV,107.285714,107.285714,100.857143,101.714286,101.428571,111.428571,136.0,105.142857,0.0,0.0,,,
3.2.1.瑙鲁,瑙鲁 次日留存UV,0.0,0.0,0.0,0.0,0.0,0.0,0.0,0.0,0.0,,,,
3.2.1.瑞典,瑞典 次日留存UV,137.428571,134.714286,142.0,144.857143,128.428571,123.285714,118.857143,108.142857,2.714286,2.014846,,,
3.2.1.瑞士,瑞士 次日留存UV,96.571429,98.142857,95.714286,89.714286,82.285714,81.0,92.0,81.857143,-1.571429,-1.601164,,,
3.2.1.瓜德罗普,瓜德罗普 次日留存UV,1.0,0.714286,1.714286,1.285714,1.166667,0.4,0.857143,1.142857,0.285714,40.0,,,
3.2.1.瓦利斯和富图纳群岛,瓦利斯和富图纳群岛 次日留存UV,0.0,0.0,0.0,0.0,0.0,0.0,0.0,0.0,0.0,,,,
3.2.1.瓦努阿图,瓦努阿图 次日留存UV,0.333333,0.5,0.4,0.4,1.0,0.4,0.333333,1.0,-0.166667,-33.333333,,,
3.2.1.留尼汪岛,留尼汪岛 次日留存UV,2.857143,1.333333,3.0,2.428571,1.571429,2.428571,1.857143,1.857143,1.52381,114.285714,,,
3.2.1.白俄罗斯,白俄罗斯 次日留存UV,203.142857,225.714286,233.714286,209.714286,206.0,197.571429,202.142857,205.142857,-22.571429,-10.0,,,
3.2.1.百慕大,百慕大 次日留存UV,1.714286,1.857143,3.0,2.142857,1.714286,1.285714,1.0,1.714286,-0.142857,-7.692308,,,
3.2.1.直布罗陀,直布罗陀 次日留存UV,2.142857,1.285714,0.571429,0.857143,1.0,0.5,1.857143,1.0,0.857143,66.666667,,,
3.2.1.福克兰群岛,福克兰群岛 次日留存UV,0.0,0.0,0.0,0.0,0.0,0.0,0.0,0.0,0.0,,,,
3.2.1.科威特,科威特 次日留存UV,9.857143,9.571429,9.285714,11.142857,11.571429,9.857143,15.0,11.142857,0.285714,2.985075,,,
3.2.1.科摩罗,科摩罗 次日留存UV,1.571429,0.857143,1.142857,1.0,0.857143,0.714286,2.428571,2.0,0.714286,83.333333,,,
3.2.1.科特迪瓦,科特迪瓦 次日留存UV,13.142857,14.142857,11.571429,15.285714,16.142857,12.285714,17.428571,14.428571,-1.0,-7.070707,,,
3.2.1.科索沃,科索沃 次日留存UV,3.142857,3.0,3.142857,2.571429,3.142857,3.571429,5.0,4.0,0.142857,4.761905,,,
3.2.1.秘鲁,秘鲁 次日留存UV,466.714286,488.142857,481.714286,510.571429,471.428571,479.571429,528.0,514.571429,-21.428571,-4.389816,,,
3.2.1.突尼斯,突尼斯 次日留存UV,54.857143,51.857143,53.857143,55.285714,56.0,57.428571,51.571429,52.857143,3.0,5.785124,,,
3.2.1.立陶宛,立陶宛 次日留存UV,55.857143,63.0,75.0,57.285714,59.428571,66.285714,59.714286,54.0,-7.142857,-11.337868,,,
3.2.1.索马里,索马里 次日留存UV,11.285714,12.571429,12.571429,11.285714,11.714286,10.0,14.714286,9.428571,-1.285714,-10.227273,,,
3.2.1.约旦,约旦 次日留存UV,39.285714,35.0,30.571429,32.428571,31.428571,31.571429,57.714286,39.142857,4.285714,12.244898,,,
3.2.1.纳米比亚,纳米比亚 次日留存UV,5.571429,6.857143,6.857143,6.857143,8.285714,5.0,4.285714,7.285714,-1.285714,-18.75,,,
3.2.1.纽埃岛,纽埃岛 次日留存UV,0.25,0.333333,0.5,0.0,0.0,0.0,0.0,0.0,-0.083333,-25.0,,,
3.2.1.缅甸,缅甸 次日留存UV,15.142857,24.285714,28.428571,25.0,27.857143,24.714286,17.285714,22.571429,-9.142857,-37.647059,,,
3.2.1.罗马尼亚,罗马尼亚 次日留存UV,186.714286,186.857143,184.714286,198.285714,184.571429,178.714286,206.714286,185.0,-0.142857,-0.076453,,,
3.2.1.美国,美国 次日留存UV,4279.857143,4674.714286,4232.857143,4454.0,4336.142857,4263.0,4416.571429,4250.0,-394.857143,-8.446658,,,
3.2.1.美属维尔京群岛,美属维尔京群岛 次日留存UV,1.142857,1.0,0.857143,0.714286,1.0,1.0,0.666667,0.6,0.142857,14.285714,,,
3.2.1.美属萨摩亚,美属萨摩亚 次日留存UV,0.0,0.0,0.0,0.0,0.0,0.0,0.0,0.0,0.0,,,,
3.2.1.老挝,老挝 次日留存UV,1.285714,1.571429,1.285714,1.428571,2.0,1.857143,2.142857,1.714286,-0.285714,-18.181818,,,
3.2.1.肯尼亚,肯尼亚 次日留存UV,221.571429,230.857143,221.142857,222.285714,223.571429,222.571429,230.142857,213.0,-9.285714,-4.022277,,,
3.2.1.芬兰,芬兰 次日留存UV,120.714286,124.714286,107.428571,114.857143,99.0,106.857143,104.142857,87.0,-4.0,-3.207331,,,
3.2.1.苏丹,苏丹 次日留存UV,6.0,6.428571,5.571429,3.428571,4.285714,4.428571,7.285714,2.142857,-0.428571,-6.666667,,,
3.2.1.苏里南,苏里南 次日留存UV,4.142857,4.428571,2.571429,2.142857,2.857143,3.142857,3.428571,2.714286,-0.285714,-6.451613,,,
3.2.1.英国,英国 次日留存UV,1703.428571,1636.571429,1722.571429,1651.714286,1514.428571,1484.428571,1874.428571,1634.857143,66.857143,4.085196,,,
3.2.1.英属印度洋领地,英属印度洋领地 次日留存UV,0.0,0.5,0.5,0.5,0.0,0.0,0.0,0.5,-0.5,-100.0,,,
3.2.1.英属维尔京群岛,英属维尔京群岛 次日留存UV,2.142857,1.571429,1.428571,2.0,1.571429,0.428571,1.142857,1.333333,0.571429,36.363636,,,
3.2.1.荷兰,荷兰 次日留存UV,502.857143,483.142857,486.571429,499.0,486.0,466.571429,528.857143,495.571429,19.714286,4.080426,,,
3.2.1.荷兰加勒比,荷兰加勒比 次日留存UV,0.5,0.0,0.25,0.0,0.75,0.5,0.0,0.8,0.5,,,,
3.2.1.荷属圣马丁,荷属圣马丁 次日留存UV,1.5,0.4,1.333333,0.714286,0.5,0.428571,0.857143,1.0,1.1,275.0,,,
3.2.1.荷属安的列斯,荷属安的列斯 次日留存UV,0.0,0.0,0.0,0.0,0.0,0.0,0.0,0.0,0.0,,,,
3.2.1.莫桑比克,莫桑比克 次日留存UV,93.285714,91.571429,99.571429,100.571429,97.285714,105.714286,110.714286,108.571429,1.714286,1.872075,,,
3.2.1.莱索托,莱索托 次日留存UV,2.0,2.285714,2.428571,1.714286,2.0,1.142857,1.857143,1.0,-0.285714,-12.5,,,
3.2.1.菲律宾,菲律宾 次日留存UV,420.428571,433.857143,429.285714,463.428571,458.428571,472.285714,487.428571,516.714286,-13.428571,-3.09516,,,
3.2.1.萨尔瓦多,萨尔瓦多 次日留存UV,87.571429,90.428571,86.285714,85.0,85.714286,76.428571,81.285714,88.285714,-2.857143,-3.159558,,,
3.2.1.萨摩亚,萨摩亚 次日留存UV,0.0,0.0,0.5,0.0,0.0,1.0,0.5,0.333333,0.0,,,,
3.2.1.葡萄牙,葡萄牙 次日留存UV,301.571429,291.142857,292.714286,298.0,330.571429,284.857143,294.571429,265.142857,10.428571,3.581943,,,
3.2.1.蒙古,蒙古 次日留存UV,1.571429,1.571429,1.571429,2.285714,2.285714,2.571429,1.857143,2.142857,0.0,0.0,,,
3.2.1.蒙塞拉特岛,蒙塞拉特岛 次日留存UV,0.0,0.666667,0.0,0.5,0.0,0.0,0.0,0.0,-0.666667,-100.0,,,
3.2.1.西班牙,西班牙 次日留存UV,570.428571,552.285714,555.142857,549.571429,549.285714,538.0,569.428571,550.142857,18.142857,3.285049,,,
3.2.1.诺福克岛,诺福克岛 次日留存UV,0.0,0.0,0.0,0.0,0.0,0.0,0.0,0.0,0.0,,,,
3.2.1.贝宁,贝宁 次日留存UV,8.714286,12.285714,13.571429,13.0,9.142857,12.857143,17.571429,10.428571,-3.571429,-29.069767,,,
3.2.1.赞比亚,赞比亚 次日留存UV,18.285714,21.142857,19.142857,22.714286,22.571429,23.857143,21.142857,23.857143,-2.857143,-13.513514,,,
3.2.1.赤道几内亚,赤道几内亚 次日留存UV,0.428571,1.428571,1.714286,0.142857,0.285714,0.857143,1.142857,0.428571,-1.0,-70.0,,,
3.2.1.越南,越南 次日留存UV,44.0,39.857143,36.714286,40.714286,42.428571,38.142857,44.857143,45.285714,4.142857,10.394265,,,
3.2.1.阿塞拜疆,阿塞拜疆 次日留存UV,63.428571,69.714286,61.714286,58.428571,67.0,62.428571,66.571429,51.714286,-6.285714,-9.016393,,,
3.2.1.阿富汗,阿富汗 次日留存UV,17.571429,17.428571,18.571429,22.571429,23.285714,27.0,39.0,20.142857,0.142857,0.819672,,,
3.2.1.阿尔及利亚,阿尔及利亚 次日留存UV,59.571429,54.0,57.428571,56.142857,62.714286,62.0,76.0,62.285714,5.571429,10.31746,,,
3.2.1.阿尔巴尼亚,阿尔巴尼亚 次日留存UV,46.142857,38.142857,35.428571,42.857143,34.857143,33.428571,41.0,35.714286,8.0,20.973783,,,
3.2.1.阿曼,阿曼 次日留存UV,10.714286,10.0,12.142857,8.571429,8.571429,11.142857,19.0,8.428571,0.714286,7.142857,,,
3.2.1.阿根廷,阿根廷 次日留存UV,752.714286,661.142857,736.0,777.857143,696.857143,710.428571,773.571429,748.285714,91.571429,13.850475,,,
3.2.1.阿联酋,阿联酋 次日留存UV,55.714286,66.0,67.714286,65.714286,71.714286,71.142857,98.285714,69.428571,-10.285714,-15.584416,,,
3.2.1.阿鲁巴,阿鲁巴 次日留存UV,4.0,5.142857,4.571429,3.142857,4.428571,3.428571,5.428571,5.857143,-1.142857,-22.222222,,,
3.2.1.韩国,韩国 次日留存UV,60.285714,59.285714,70.428571,60.142857,64.428571,64.0,68.714286,72.714286,1.0,1.686747,,,
3.2.1.马尔代夫,马尔代夫 次日留存UV,7.857143,5.0,5.571429,5.571429,3.571429,4.571429,6.714286,3.714286,2.857143,57.142857,,,
3.2.1.马恩岛,马恩岛 次日留存UV,1.0,0.0,0.428571,0.25,0.571429,1.0,0.333333,0.714286,1.0,,,,
3.2.1.马拉维,马拉维 次日留存UV,26.428571,23.857143,26.714286,29.285714,26.285714,26.142857,27.714286,26.142857,2.571429,10.778443,,,
3.2.1.马提尼克岛,马提尼克岛 次日留存UV,0.666667,0.666667,0.571429,0.6,0.5,0.0,0.428571,0.714286,0.0,0.0,,,
3.2.1.马来西亚,马来西亚 次日留存UV,111.428571,98.428571,105.0,104.714286,108.571429,119.285714,126.857143,112.142857,13.0,13.207547,,,
3.2.1.马约特,马约特 次日留存UV,0.0,0.0,0.0,0.0,0.0,0.0,0.0,0.0,0.0,,,,
3.2.1.马绍尔群岛,马绍尔群岛 次日留存UV,0.0,0.0,0.5,0.0,0.0,0.0,0.0,0.0,0.0,,,,
3.2.1.马耳他,马耳他 次日留存UV,20.428571,17.285714,25.142857,23.428571,19.571429,21.142857,20.571429,17.571429,3.142857,18.181818,,,
3.2.1.马达加斯加,马达加斯加 次日留存UV,60.285714,62.0,71.285714,55.142857,61.285714,63.0,74.142857,64.142857,-1.714286,-2.764977,,,
3.2.1.马里,马里 次日留存UV,10.857143,11.142857,10.714286,12.571429,13.571429,7.285714,8.0,3.714286,-0.285714,-2.564103,,,
3.2.1.黎巴嫩,黎巴嫩 次日留存UV,97.571429,88.857143,78.285714,90.285714,100.571429,93.571429,105.857143,86.857143,8.714286,9.807074,,,
3.2.1.黑山,黑山 次日留存UV,58.0,45.714286,48.571429,40.428571,42.857143,35.285714,34.285714,34.285714,12.285714,26.875,,,
3.2.2,iOS 次日留存UV,172629.285714,178147.142857,174557.714286,174818.0,178987.0,168773.857143,173898.857143,164469.0,-5517.857143,-3.097359,,,
3.2.2.unknow,unknow 次日留存UV,14.142857,12.428571,10.857143,8.857143,9.428571,10.142857,14.142857,11.571429,1.714286,13.793103,,,
3.2.2.不丹,不丹 次日留存UV,0.25,0.142857,1.285714,0.333333,1.2,0.571429,0.666667,0.333333,0.107143,75.0,,,
3.2.2.东帝汶,东帝汶 次日留存UV,1.428571,0.857143,0.857143,0.714286,1.142857,1.142857,1.571429,2.285714,0.571429,66.666667,,,
3.2.2.中国,中国 次日留存UV,53.571429,53.0,78.714286,46.0,50.714286,46.0,49.142857,49.857143,0.571429,1.078167,,,
3.2.2.中国台湾,中国台湾 次日留存UV,34.285714,35.0,35.428571,42.714286,32.571429,42.857143,43.428571,44.857143,-0.714286,-2.040816,,,
3.2.2.中国澳门,中国澳门 次日留存UV,6.142857,5.714286,4.714286,5.0,4.857143,6.571429,8.857143,6.428571,0.428571,7.5,,,
3.2.2.中国香港,中国香港 次日留存UV,293.714286,228.285714,309.428571,179.285714,228.285714,273.857143,179.285714,245.285714,65.428571,28.660826,,,
3.2.2.中非,中非 次日留存UV,0.166667,0.666667,0.0,0.0,1.0,0.0,0.0,0.0,-0.5,-75.0,,,
3.2.2.丹麦,丹麦 次日留存UV,283.428571,238.142857,275.428571,218.285714,217.714286,211.285714,225.714286,203.0,45.285714,19.016197,,,
3.2.2.乌克兰,乌克兰 次日留存UV,1962.571429,2032.0,2138.0,2043.428571,2004.428571,1897.714286,2008.571429,1960.571429,-69.428571,-3.41676,,,
3.2.2.乌兹别克斯坦,乌兹别克斯坦 次日留存UV,69.285714,66.714286,55.857143,61.857143,54.0,56.428571,60.857143,57.714286,2.571429,3.85439,,,
3.2.2.乌干达,乌干达 次日留存UV,35.142857,33.571429,32.428571,31.0,31.142857,34.285714,34.714286,30.857143,1.571429,4.680851,,,
3.2.2.乌拉圭,乌拉圭 次日留存UV,95.142857,89.714286,86.428571,93.0,89.857143,92.428571,83.428571,91.285714,5.428571,6.050955,,,
3.2.2.乍得,乍得 次日留存UV,1.142857,0.5,1.0,0.714286,0.666667,0.571429,0.571429,0.571429,0.642857,128.571429,,,
3.2.2.也门,也门 次日留存UV,1.714286,1.857143,1.0,1.857143,1.428571,2.428571,2.857143,2.285714,-0.142857,-7.692308,,,
3.2.2.亚美尼亚,亚美尼亚 次日留存UV,156.0,154.142857,150.285714,151.857143,115.571429,115.857143,122.0,117.0,1.857143,1.204819,,,
3.2.2.以色列,以色列 次日留存UV,699.285714,664.571429,708.428571,741.285714,750.142857,724.857143,805.428571,716.0,34.714286,5.22356,,,
3.2.2.伊拉克,伊拉克 次日留存UV,85.285714,81.285714,87.571429,89.571429,88.0,103.428571,142.571429,96.857143,4.0,4.920914,,,
3.2.2.伊朗,伊朗 次日留存UV,490.857143,498.857143,445.571429,511.0,537.571429,507.0,405.142857,61.0,-8.0,-1.603666,,,
3.2.2.伯利兹,伯利兹 次日留存UV,15.428571,15.142857,15.428571,13.285714,14.428571,17.142857,15.857143,15.857143,0.285714,1.886792,,,
3.2.2.佛得角,佛得角 次日留存UV,14.428571,16.142857,19.285714,19.285714,19.142857,19.857143,17.714286,19.428571,-1.714286,-10.619469,,,
3.2.2.俄罗斯,俄罗斯 次日留存UV,5167.428571,5179.428571,5163.142857,5233.142857,5803.0,5202.857143,5094.571429,5113.428571,-12.0,-0.231686,,,
3.2.2.保加利亚,保加利亚 次日留存UV,364.571429,349.428571,346.714286,340.142857,339.428571,319.571429,341.285714,296.857143,15.142857,4.333606,,,
3.2.2.克罗地亚,克罗地亚 次日留存UV,531.285714,512.857143,543.285714,505.857143,448.428571,441.714286,425.571429,376.571429,18.428571,3.593315,,,
3.2.2.关岛,关岛 次日留存UV,4.857143,9.0,9.857143,10.714286,10.428571,11.428571,11.571429,11.571429,-4.142857,-46.031746,,,
3.2.2.冈比亚,冈比亚 次日留存UV,55.714286,59.571429,60.285714,67.571429,70.428571,108.857143,148.857143,60.285714,-3.857143,-6.47482,,,
3.2.2.冰岛,冰岛 次日留存UV,31.285714,30.285714,33.285714,43.571429,38.142857,32.0,36.0,34.571429,1.0,3.301887,,,
3.2.2.几内亚,几内亚 次日留存UV,11.714286,13.857143,11.142857,13.428571,15.571429,19.285714,19.714286,11.0,-2.142857,-15.463918,,,
3.2.2.几内亚比绍,几内亚比绍 次日留存UV,1.285714,2.285714,1.285714,3.142857,1.285714,2.0,1.857143,1.142857,-1.0,-43.75,,,
3.2.2.列支敦士登,列支敦士登 次日留存UV,1.285714,1.571429,1.5,1.666667,1.142857,1.571429,2.142857,1.714286,-0.285714,-18.181818,,,
3.2.2.刚果共和国,刚果共和国 次日留存UV,2.714286,3.285714,3.571429,5.714286,5.0,2.285714,5.857143,4.285714,-0.571429,-17.391304,,,
3.2.2.刚果民主共和国,刚果民主共和国 次日留存UV,15.428571,17.714286,18.0,19.428571,21.428571,17.142857,20.142857,19.0,-2.285714,-12.903226,,,
3.2.2.利比亚,利比亚 次日留存UV,19.571429,17.714286,21.571429,20.571429,18.571429,20.142857,23.142857,17.428571,1.857143,10.483871,,,
3.2.2.利比里亚,利比里亚 次日留存UV,42.142857,40.428571,40.0,43.857143,40.714286,44.0,41.714286,46.142857,1.714286,4.240283,,,
3.2.2.加拿大,加拿大 次日留存UV,3266.0,3293.714286,3056.571429,2957.142857,3033.428571,2910.714286,2898.714286,2891.142857,-27.714286,-0.84143,,,
3.2.2.加纳,加纳 次日留存UV,194.857143,197.857143,201.714286,207.428571,221.857143,204.714286,252.142857,213.0,-3.0,-1.516245,,,
3.2.2.加蓬,加蓬 次日留存UV,0.333333,0.333333,0.2,0.5,0.5,0.6,0.2,0.857143,0.0,0.0,,,
3.2.2.匈牙利,匈牙利 次日留存UV,253.285714,238.0,252.571429,227.714286,240.142857,225.142857,232.142857,233.857143,15.285714,6.422569,,,
3.2.2.北马其顿,北马其顿 次日留存UV,164.0,144.285714,154.0,154.714286,173.285714,169.142857,184.428571,159.428571,19.714286,13.663366,,,
3.2.2.北马里亚纳群岛,北马里亚纳群岛 次日留存UV,0.0,0.0,0.0,0.0,0.0,0.5,0.0,0.0,0.0,,,,
3.2.2.南极洲,南极洲 次日留存UV,0.0,0.0,0.0,1.0,0.5,0.5,0.0,0.0,0.0,,,,
3.2.2.南苏丹,南苏丹 次日留存UV,31.285714,25.428571,23.571429,25.142857,17.857143,21.285714,19.571429,17.714286,5.857143,23.033708,,,
3.2.2.南非,南非 次日留存UV,601.571429,581.0,543.714286,588.0,552.285714,565.0,590.142857,576.571429,20.571429,3.540693,,,
3.2.2.博茨瓦纳,博茨瓦纳 次日留存UV,12.285714,11.714286,12.285714,14.428571,11.428571,18.571429,17.428571,15.857143,0.571429,4.878049,,,
3.2.2.卡塔尔,卡塔尔 次日留存UV,75.571429,82.714286,76.714286,85.857143,77.428571,83.428571,107.571429,85.571429,-7.142857,-8.635579,,,
3.2.2.卢旺达,卢旺达 次日留存UV,14.428571,14.142857,10.857143,11.714286,10.0,11.0,10.428571,11.714286,0.285714,2.020202,,,
3.2.2.卢森堡,卢森堡 次日留存UV,41.142857,38.857143,41.571429,40.571429,44.142857,40.571429,49.285714,37.571429,2.285714,5.882353,,,
3.2.2.印度,印度 次日留存UV,79.571429,85.428571,78.142857,86.0,86.142857,89.142857,98.428571,88.571429,-5.857143,-6.856187,,,
3.2.2.印度尼西亚,印度尼西亚 次日留存UV,391.571429,401.857143,418.714286,397.571429,388.0,392.0,427.571429,386.0,-10.285714,-2.559545,,,
3.2.2.危地马拉,危地马拉 次日留存UV,154.142857,167.857143,163.428571,186.571429,160.0,161.142857,174.428571,174.714286,-13.714286,-8.170213,,,
3.2.2.厄瓜多尔,厄瓜多尔 次日留存UV,372.714286,353.857143,372.0,402.0,378.142857,370.714286,387.0,366.142857,18.857143,5.329027,,,
3.2.2.厄立特里亚,厄立特里亚 次日留存UV,0.25,0.0,0.0,0.0,0.0,0.0,0.0,0.0,0.25,,,,
3.2.2.叙利亚,叙利亚 次日留存UV,26.0,24.285714,23.142857,20.571429,23.0,21.428571,37.857143,23.428571,1.714286,7.058824,,,
3.2.2.古巴,古巴 次日留存UV,2.428571,3.428571,4.857143,5.0,5.142857,4.0,6.428571,4.857143,-1.0,-29.166667,,,
3.2.2.吉尔吉斯斯坦,吉尔吉斯斯坦 次日留存UV,81.0,79.285714,75.285714,69.714286,73.0,70.857143,93.285714,62.428571,1.714286,2.162162,,,
3.2.2.吉布提,吉布提 次日留存UV,0.8,0.571429,0.714286,0.0,0.5,0.2,0.333333,0.0,0.228571,40.0,,,
3.2.2.哈萨克斯坦,哈萨克斯坦 次日留存UV,561.0,527.857143,518.571429,523.857143,538.428571,485.0,549.571429,402.571429,33.142857,6.278755,,,
3.2.2.哥伦比亚,哥伦比亚 次日留存UV,2072.0,2168.428571,2154.142857,2206.714286,2173.428571,1945.857143,1988.142857,2157.142857,-96.428571,-4.446933,,,
3.2.2.哥斯达黎加,哥斯达黎加 次日留存UV,156.428571,153.0,155.571429,161.142857,164.428571,164.857143,146.714286,158.857143,3.428571,2.240896,,,
3.2.2.喀麦隆,喀麦隆 次日留存UV,53.714286,55.714286,53.285714,55.142857,61.285714,64.857143,66.285714,58.571429,-2.0,-3.589744,,,
3.2.2.图瓦卢,图瓦卢 次日留存UV,0.0,0.0,0.0,0.0,0.0,0.0,0.0,0.0,0.0,,,,
3.2.2.土库曼斯坦,土库曼斯坦 次日留存UV,0.714286,0.833333,0.714286,0.6,1.428571,1.142857,1.428571,0.833333,-0.119048,-14.285714,,,
3.2.2.土耳其,土耳其 次日留存UV,2564.0,2479.714286,2524.857143,2432.142857,2421.857143,2387.428571,2959.571429,2087.428571,84.285714,3.399009,,,
3.2.2.圣卢西亚,圣卢西亚 次日留存UV,21.571429,16.857143,11.428571,12.714286,15.571429,14.857143,14.428571,12.714286,4.714286,27.966102,,,
3.2.2.圣基茨和尼维斯,圣基茨和尼维斯 次日留存UV,4.142857,2.714286,4.571429,1.285714,1.428571,2.142857,3.714286,1.857143,1.428571,52.631579,,,
3.2.2.圣多美和普林西比,圣多美和普林西比 次日留存UV,0.5,0.0,1.333333,0.833333,0.428571,1.0,0.428571,0.428571,0.5,,,,
3.2.2.圣巴泰勒米岛,圣巴泰勒米岛 次日留存UV,0.4,0.5,1.0,1.142857,1.0,0.8,1.5,0.833333,-0.1,-20.0,,,
3.2.2.圣文森特和格林纳丁斯,圣文森特和格林纳丁斯 次日留存UV,8.571429,4.857143,3.428571,3.428571,4.142857,2.571429,5.857143,3.428571,3.714286,76.470588,,,
3.2.2.圣皮埃尔和密克隆群岛,圣皮埃尔和密克隆群岛 次日留存UV,0.0,0.0,1.0,0.0,0.0,0.0,0.0,0.0,0.0,,,,
3.2.2.圣马力诺,圣马力诺 次日留存UV,0.666667,0.75,0.833333,0.25,0.5,0.285714,0.833333,1.166667,-0.083333,-11.111111,,,
3.2.2.圭亚那,圭亚那 次日留存UV,19.571429,19.285714,18.571429,19.142857,14.571429,17.0,26.714286,19.571429,0.285714,1.481481,,,
3.2.2.坦桑尼亚,坦桑尼亚 次日留存UV,50.428571,57.142857,48.714286,46.285714,50.571429,54.428571,41.571429,29.285714,-6.714286,-11.75,,,
3.2.2.埃及,埃及 次日留存UV,357.285714,361.285714,360.428571,376.285714,354.571429,379.428571,449.714286,325.285714,-4.0,-1.107157,,,
3.2.2.埃塞俄比亚,埃塞俄比亚 次日留存UV,9.142857,10.285714,12.571429,13.0,13.142857,12.857143,10.714286,11.714286,-1.142857,-11.111111,,,
3.2.2.基里巴斯,基里巴斯 次日留存UV,0.0,0.0,0.333333,0.0,0.0,0.333333,0.5,0.5,0.0,,,,
3.2.2.塔吉克斯坦,塔吉克斯坦 次日留存UV,7.142857,7.0,6.857143,6.857143,7.142857,8.714286,9.714286,6.571429,0.142857,2.040816,,,
3.2.2.塞内加尔,塞内加尔 次日留存UV,71.142857,75.0,80.857143,100.142857,120.428571,179.714286,277.571429,104.0,-3.857143,-5.142857,,,
3.2.2.塞尔维亚,塞尔维亚 次日留存UV,1079.714286,1075.571429,1079.857143,1099.714286,1144.285714,1222.571429,1244.142857,1130.0,4.142857,0.385177,,,
3.2.2.塞拉利昂,塞拉利昂 次日留存UV,20.428571,22.571429,21.857143,28.714286,26.142857,22.571429,22.0,17.142857,-2.142857,-9.493671,,,
3.2.2.塞浦路斯,塞浦路斯 次日留存UV,246.428571,227.714286,237.428571,225.285714,218.571429,211.571429,199.571429,174.285714,18.714286,8.218319,,,
3.2.2.塞舌尔,塞舌尔 次日留存UV,14.0,11.857143,11.142857,8.571429,8.428571,12.142857,14.142857,14.857143,2.142857,18.072289,,,
3.2.2.墨西哥,墨西哥 次日留存UV,3045.0,3132.142857,3095.428571,3135.857143,3087.428571,2920.285714,3033.142857,3053.428571,-87.142857,-2.782212,,,
3.2.2.多哥,多哥 次日留存UV,8.142857,8.0,7.428571,7.142857,6.428571,7.714286,12.428571,11.0,0.142857,1.785714,,,
3.2.2.多米尼克,多米尼克 次日留存UV,4.142857,4.142857,3.714286,2.285714,1.714286,1.571429,2.857143,2.0,0.0,0.0,,,
3.2.2.多米尼加,多米尼加 次日留存UV,328.857143,311.571429,318.428571,334.285714,345.857143,338.857143,357.428571,318.428571,17.285714,5.547914,,,
3.2.2.奥兰群岛,奥兰群岛 次日留存UV,0.857143,0.25,0.0,0.4,0.25,0.333333,1.0,0.25,0.607143,242.857143,,,
3.2.2.奥地利,奥地利 次日留存UV,361.142857,339.714286,348.714286,364.0,360.142857,360.571429,370.285714,338.142857,21.428571,6.307822,,,
3.2.2.委内瑞拉,委内瑞拉 次日留存UV,181.857143,123.285714,140.571429,260.428571,263.0,232.142857,243.714286,242.857143,58.571429,47.508691,,,
3.2.2.孟加拉,孟加拉 次日留存UV,92.285714,97.714286,116.571429,128.0,122.714286,134.571429,179.857143,89.571429,-5.428571,-5.555556,,,
3.2.2.安哥拉,安哥拉 次日留存UV,55.571429,54.714286,49.142857,47.714286,52.0,56.0,56.285714,50.428571,0.857143,1.56658,,,
3.2.2.安圭拉,安圭拉 次日留存UV,3.142857,2.714286,1.857143,0.857143,3.857143,3.285714,2.571429,3.857143,0.428571,15.789474,,,
3.2.2.安提瓜和巴布达,安提瓜和巴布达 次日留存UV,17.142857,14.428571,14.571429,13.714286,14.857143,14.714286,18.285714,11.142857,2.714286,18.811881,,,
3.2.2.安道尔,安道尔 次日留存UV,6.571429,6.285714,3.0,5.714286,4.428571,3.857143,3.0,2.285714,0.285714,4.545455,,,
3.2.2.密克罗尼西亚联邦,密克罗尼西亚联邦 次日留存UV,0.0,0.0,0.0,0.0,0.0,0.5,0.0,0.25,0.0,,,,
3.2.2.尼加拉瓜,尼加拉瓜 次日留存UV,47.0,46.714286,43.571429,42.857143,47.142857,42.571429,51.714286,42.571429,0.285714,0.611621,,,
3.2.2.尼日利亚,尼日利亚 次日留存UV,1556.0,1531.285714,1559.857143,1581.714286,1647.714286,1630.285714,2106.857143,1649.428571,24.714286,1.613957,,,
3.2.2.尼日尔,尼日尔 次日留存UV,4.571429,3.0,2.285714,3.142857,2.285714,3.0,5.0,3.285714,1.571429,52.380952,,,
3.2.2.尼泊尔,尼泊尔 次日留存UV,25.142857,26.714286,20.0,22.857143,24.285714,29.714286,28.285714,31.0,-1.571429,-5.882353,,,
3.2.2.巴勒斯坦,巴勒斯坦 次日留存UV,97.0,96.428571,100.428571,104.714286,112.285714,108.714286,139.0,101.571429,0.571429,0.592593,,,
3.2.2.巴哈马,巴哈马 次日留存UV,54.714286,58.857143,60.571429,55.0,52.571429,48.571429,54.714286,51.0,-4.142857,-7.038835,,,
3.2.2.巴基斯坦,巴基斯坦 次日留存UV,180.571429,186.857143,175.285714,193.142857,199.714286,227.714286,443.857143,186.0,-6.285714,-3.363914,,,
3.2.2.巴巴多斯,巴巴多斯 次日留存UV,21.857143,16.142857,16.571429,24.571429,26.0,24.285714,24.285714,23.142857,5.714286,35.39823,,,
3.2.2.巴布亚新几内亚,巴布亚新几内亚 次日留存UV,2.428571,2.857143,2.285714,2.285714,2.285714,1.142857,1.571429,2.142857,-0.428571,-15.0,,,
3.2.2.巴拉圭,巴拉圭 次日留存UV,231.714286,231.428571,244.0,252.714286,275.571429,269.571429,249.0,247.0,0.285714,0.123457,,,
3.2.2.巴拿马,巴拿马 次日留存UV,116.571429,117.142857,120.714286,133.571429,127.0,129.714286,134.285714,130.714286,-0.571429,-0.487805,,,
3.2.2.巴林,巴林 次日留存UV,23.714286,27.714286,24.714286,30.714286,32.571429,30.285714,35.571429,24.428571,-4.0,-14.43299,,,
3.2.2.巴西,巴西 次日留存UV,72214.714286,74325.428571,75062.428571,74021.0,79655.714286,71841.428571,69988.857143,68804.714286,-2110.714286,-2.839828,,,
3.2.2.布基纳法索,布基纳法索 次日留存UV,29.142857,30.571429,31.285714,29.285714,36.285714,31.714286,47.428571,33.714286,-1.428571,-4.672897,,,
3.2.2.布隆迪,布隆迪 次日留存UV,3.714286,3.0,2.714286,2.571429,2.714286,3.0,2.428571,2.571429,0.714286,23.809524,,,
3.2.2.希腊,希腊 次日留存UV,1772.857143,1653.571429,1635.142857,1573.571429,1510.285714,1464.571429,1299.142857,1106.285714,119.285714,7.213823,,,
3.2.2.帕劳,帕劳 次日留存UV,0.0,0.0,0.0,0.0,0.0,0.0,0.0,0.0,0.0,,,,
3.2.2.库克群岛,库克群岛 次日留存UV,1.714286,1.428571,1.833333,0.333333,1.428571,1.857143,1.571429,1.0,0.285714,20.0,,,
3.2.2.库拉索,库拉索 次日留存UV,19.714286,18.0,19.142857,22.285714,17.571429,25.0,25.857143,25.142857,1.714286,9.52381,,,
3.2.2.开曼群岛,开曼群岛 次日留存UV,11.142857,9.571429,12.0,12.857143,11.285714,11.571429,19.142857,14.857143,1.571429,16.41791,,,
3.2.2.德国,德国 次日留存UV,4100.571429,4202.142857,4080.857143,4125.428571,3859.857143,3822.428571,3869.857143,3503.142857,-101.571429,-2.417134,,,
3.2.2.意大利,意大利 次日留存UV,1686.857143,1596.857143,1630.714286,1622.857143,1612.285714,1581.714286,1540.285714,1441.285714,90.0,5.636071,,,
3.2.2.所罗门群岛,所罗门群岛 次日留存UV,0.571429,0.5,0.857143,0.8,0.666667,0.714286,0.8,0.75,0.071429,14.285714,,,
3.2.2.托克劳群岛,托克劳群岛 次日留存UV,0.0,0.0,0.0,0.0,0.0,0.0,0.0,0.0,0.0,,,,
3.2.2.拉脱维亚,拉脱维亚 次日留存UV,276.714286,282.571429,285.0,244.285714,222.714286,223.714286,214.571429,200.285714,-5.857143,-2.072801,,,
3.2.2.挪威,挪威 次日留存UV,178.714286,172.428571,203.0,300.0,297.142857,268.285714,249.714286,225.714286,6.285714,3.645402,,,
3.2.2.捷克,捷克 次日留存UV,280.0,284.285714,269.285714,265.285714,253.0,258.571429,275.714286,265.142857,-4.285714,-1.507538,,,
3.2.2.摩尔多瓦,摩尔多瓦 次日留存UV,158.714286,163.0,169.142857,150.714286,167.857143,156.285714,171.285714,199.857143,-4.285714,-2.629273,,,
3.2.2.摩洛哥,摩洛哥 次日留存UV,148.285714,148.428571,157.428571,153.428571,156.285714,150.571429,181.857143,153.285714,-0.142857,-0.096246,,,
3.2.2.摩纳哥,摩纳哥 次日留存UV,14.0,7.714286,8.142857,12.857143,13.857143,16.428571,11.285714,8.571429,6.285714,81.481481,,,
3.2.2.文莱,文莱 次日留存UV,4.0,5.428571,3.857143,2.857143,2.428571,3.0,5.857143,2.857143,-1.428571,-26.315789,,,
3.2.2.斐济,斐济 次日留存UV,15.714286,13.285714,14.571429,10.714286,11.571429,16.714286,13.714286,14.857143,2.428571,18.27957,,,
3.2.2.斯威士兰,斯威士兰 次日留存UV,0.857143,1.428571,2.285714,2.0,2.0,2.0,1.166667,0.142857,-0.571429,-40.0,,,
3.2.2.斯洛伐克,斯洛伐克 次日留存UV,140.285714,144.142857,160.571429,149.428571,139.428571,136.428571,147.0,141.714286,-3.857143,-2.675917,,,
3.2.2.斯洛文尼亚,斯洛文尼亚 次日留存UV,88.571429,84.0,86.571429,79.0,83.857143,74.571429,78.714286,81.142857,4.571429,5.442177,,,
3.2.2.斯里兰卡,斯里兰卡 次日留存UV,51.571429,54.285714,52.428571,54.714286,49.142857,56.857143,69.0,55.0,-2.714286,-5.0,,,
3.2.2.新加坡,新加坡 次日留存UV,203.428571,183.0,182.285714,182.142857,182.571429,195.0,228.428571,205.714286,20.428571,11.163154,,,
3.2.2.新喀里多尼亚,新喀里多尼亚 次日留存UV,0.333333,1.333333,1.0,1.285714,0.0,1.285714,0.666667,0.714286,-1.0,-75.0,,,
3.2.2.新西兰,新西兰 次日留存UV,187.0,159.142857,166.0,153.571429,160.714286,156.428571,166.142857,165.0,27.857143,17.504488,,,
3.2.2.日本,日本 次日留存UV,203.428571,201.285714,198.0,218.428571,223.857143,239.428571,298.857143,284.285714,2.142857,1.064585,,,
3.2.2.智利,智利 次日留存UV,464.285714,429.142857,416.857143,407.714286,386.714286,367.857143,365.857143,386.0,35.142857,8.189081,,,
3.2.2.柬埔寨,柬埔寨 次日留存UV,26.714286,31.285714,29.285714,33.714286,34.857143,30.0,26.857143,28.857143,-4.571429,-14.611872,,,
3.2.2.根西岛,根西岛 次日留存UV,5.0,6.142857,6.0,8.428571,7.857143,4.714286,10.428571,6.571429,-1.142857,-18.604651,,,
3.2.2.格林纳达,格林纳达 次日留存UV,5.714286,6.714286,6.0,7.0,3.428571,5.857143,6.142857,6.285714,-1.0,-14.893617,,,
3.2.2.格陵兰,格陵兰 次日留存UV,0.4,0.0,0.428571,0.25,0.0,0.166667,0.4,0.5,0.4,,,,
3.2.2.格鲁吉亚,格鲁吉亚 次日留存UV,413.0,406.0,384.142857,399.571429,398.142857,397.428571,349.571429,339.285714,7.0,1.724138,,,
3.2.2.梵蒂冈,梵蒂冈 次日留存UV,0.0,0.0,0.0,0.0,0.0,0.0,0.0,0.0,0.0,,,,
3.2.2.比利时,比利时 次日留存UV,365.142857,338.428571,336.714286,313.142857,307.714286,290.571429,358.714286,327.428571,26.714286,7.893626,,,
3.2.2.毛里塔尼亚,毛里塔尼亚 次日留存UV,4.571429,3.714286,3.714286,4.285714,5.0,5.0,8.142857,3.428571,0.857143,23.076923,,,
3.2.2.毛里求斯,毛里求斯 次日留存UV,31.857143,37.571429,29.428571,31.857143,32.857143,31.571429,31.142857,30.0,-5.714286,-15.209125,,,
3.2.2.汤加,汤加 次日留存UV,1.166667,1.571429,0.666667,0.285714,1.0,1.0,0.857143,0.5,-0.404762,-25.757576,,,
3.2.2.沙特阿拉伯,沙特阿拉伯 次日留存UV,220.571429,213.428571,208.857143,222.571429,229.285714,241.428571,310.571429,215.428571,7.142857,3.34672,,,
3.2.2.法国,法国 次日留存UV,1320.142857,1282.428571,1226.428571,1271.714286,1282.0,1167.142857,1236.428571,1093.285714,37.714286,2.940849,,,
3.2.2.法属圣马丁,法属圣马丁 次日留存UV,5.571429,2.571429,1.714286,2.714286,3.0,3.142857,3.0,4.142857,3.0,116.666667,,,
3.2.2.法属圭亚那,法属圭亚那 次日留存UV,2.0,1.571429,1.428571,1.857143,2.142857,2.142857,1.285714,1.428571,0.428571,27.272727,,,
3.2.2.法属波利尼西亚,法属波利尼西亚 次日留存UV,4.285714,4.0,3.428571,2.571429,5.714286,4.571429,3.571429,6.285714,0.285714,7.142857,,,
3.2.2.法罗群岛,法罗群岛 次日留存UV,1.428571,2.571429,1.428571,1.285714,1.142857,1.0,0.714286,1.857143,-1.142857,-44.444444,,,
3.2.2.波兰,波兰 次日留存UV,853.285714,889.285714,946.714286,870.714286,831.0,835.714286,854.285714,816.142857,-36.0,-4.048193,,,
3.2.2.波多黎各,波多黎各 次日留存UV,244.428571,259.714286,249.857143,262.285714,262.714286,264.428571,270.285714,255.714286,-15.285714,-5.885589,,,
3.2.2.波黑,波黑 次日留存UV,375.428571,385.285714,373.285714,404.428571,417.428571,417.285714,489.285714,413.857143,-9.857143,-2.558398,,,
3.2.2.泰国,泰国 次日留存UV,219.428571,188.0,203.571429,205.714286,197.571429,206.714286,220.714286,226.0,31.428571,16.717325,,,
3.2.2.泽西岛,泽西岛 次日留存UV,11.285714,5.285714,8.571429,8.142857,4.142857,6.428571,7.857143,9.142857,6.0,113.513514,,,
3.2.2.津巴布韦,津巴布韦 次日留存UV,14.0,14.571429,12.714286,15.714286,17.714286,19.0,16.714286,16.571429,-0.571429,-3.921569,,,
3.2.2.洪都拉斯,洪都拉斯 次日留存UV,128.285714,130.142857,137.571429,133.714286,133.571429,124.714286,128.285714,127.285714,-1.857143,-1.427003,,,
3.2.2.海地,海地 次日留存UV,35.714286,37.0,37.142857,32.0,31.285714,40.0,40.142857,44.714286,-1.285714,-3.474903,,,
3.2.2.澳大利亚,澳大利亚 次日留存UV,2554.0,2539.285714,2431.428571,2445.285714,2540.142857,2631.714286,2532.857143,2546.571429,14.714286,0.579466,,,
3.2.2.爱尔兰,爱尔兰 次日留存UV,860.142857,784.142857,900.285714,813.571429,767.142857,796.285714,959.714286,804.857143,76.0,9.692111,,,
3.2.2.爱沙尼亚,爱沙尼亚 次日留存UV,182.285714,170.428571,180.285714,163.428571,157.142857,154.0,137.857143,138.142857,11.857143,6.957251,,,
3.2.2.牙买加,牙买加 次日留存UV,128.142857,120.142857,125.571429,113.0,115.285714,104.714286,115.571429,124.142857,8.0,6.65874,,,
3.2.2.特克斯和凯科斯群岛,特克斯和凯科斯群岛 次日留存UV,16.0,12.428571,13.285714,12.0,12.857143,18.857143,15.0,11.714286,3.571429,28.735632,,,
3.2.2.特立尼达和多巴哥,特立尼达和多巴哥 次日留存UV,38.142857,41.142857,36.857143,39.142857,37.0,33.428571,34.142857,34.142857,-3.0,-7.291667,,,
3.2.2.玻利维亚,玻利维亚 次日留存UV,98.142857,97.857143,102.857143,105.714286,104.0,113.142857,136.285714,106.0,0.285714,0.291971,,,
3.2.2.瑙鲁,瑙鲁 次日留存UV,0.0,0.0,0.0,0.0,0.0,0.0,0.0,1.0,0.0,,,,
3.2.2.瑞典,瑞典 次日留存UV,609.857143,579.285714,560.285714,594.857143,504.571429,458.428571,421.714286,397.571429,30.571429,5.277435,,,
3.2.2.瑞士,瑞士 次日留存UV,449.285714,453.142857,433.285714,411.0,396.714286,366.714286,408.571429,368.142857,-3.857143,-0.851198,,,
3.2.2.瓜德罗普,瓜德罗普 次日留存UV,3.285714,2.428571,2.428571,2.571429,2.857143,3.428571,3.428571,3.571429,0.857143,35.294118,,,
3.2.2.瓦利斯和富图纳群岛,瓦利斯和富图纳群岛 次日留存UV,0.0,0.0,0.0,0.0,0.0,0.0,0.0,0.0,0.0,,,,
3.2.2.瓦努阿图,瓦努阿图 次日留存UV,1.428571,1.428571,2.166667,2.857143,1.571429,1.142857,0.857143,1.0,0.0,0.0,,,
3.2.2.留尼汪岛,留尼汪岛 次日留存UV,2.857143,3.571429,4.714286,5.142857,4.714286,2.428571,6.142857,4.0,-0.714286,-20.0,,,
3.2.2.白俄罗斯,白俄罗斯 次日留存UV,655.0,781.857143,791.0,714.857143,711.714286,697.857143,691.857143,721.857143,-126.857143,-16.225105,,,
3.2.2.百慕大,百慕大 次日留存UV,10.142857,11.0,10.571429,13.571429,11.142857,7.142857,9.0,7.142857,-0.857143,-7.792208,,,
3.2.2.直布罗陀,直布罗陀 次日留存UV,9.142857,11.285714,10.285714,8.571429,7.142857,8.714286,8.428571,5.0,-2.142857,-18.987342,,,
3.2.2.福克兰群岛,福克兰群岛 次日留存UV,0.0,1.0,0.0,0.0,0.0,0.0,0.0,0.0,-1.0,-100.0,,,
3.2.2.科威特,科威特 次日留存UV,90.428571,99.714286,87.428571,92.571429,90.428571,100.714286,122.142857,93.428571,-9.285714,-9.312321,,,
3.2.2.科摩罗,科摩罗 次日留存UV,1.428571,1.0,1.333333,1.0,1.428571,1.428571,1.571429,2.0,0.428571,42.857143,,,
3.2.2.科特迪瓦,科特迪瓦 次日留存UV,52.714286,52.142857,54.857143,52.714286,68.857143,73.428571,85.857143,57.285714,0.571429,1.09589,,,
3.2.2.科索沃,科索沃 次日留存UV,76.0,73.0,64.571429,66.142857,62.0,69.428571,67.285714,65.142857,3.0,4.109589,,,
3.2.2.秘鲁,秘鲁 次日留存UV,530.714286,567.285714,563.714286,598.0,555.714286,570.714286,592.714286,596.0,-36.571429,-6.446739,,,
3.2.2.突尼斯,突尼斯 次日留存UV,67.857143,62.857143,67.428571,69.714286,68.0,65.142857,62.714286,52.428571,5.0,7.954545,,,
3.2.2.立陶宛,立陶宛 次日留存UV,241.0,250.428571,295.714286,252.285714,225.571429,231.0,221.714286,226.285714,-9.428571,-3.764974,,,
3.2.2.索马里,索马里 次日留存UV,10.571429,8.857143,8.0,6.714286,6.571429,7.714286,9.571429,6.714286,1.714286,19.354839,,,
3.2.2.约旦,约旦 次日留存UV,69.857143,65.285714,66.714286,67.142857,70.428571,78.428571,108.0,64.714286,4.571429,7.002188,,,
3.2.2.纳米比亚,纳米比亚 次日留存UV,23.285714,20.0,22.142857,20.142857,20.0,20.0,22.285714,18.428571,3.285714,16.428571,,,
3.2.2.纽埃岛,纽埃岛 次日留存UV,0.0,0.333333,0.6,1.0,0.0,0.0,0.0,0.0,-0.333333,-100.0,,,
3.2.2.缅甸,缅甸 次日留存UV,11.0,11.571429,13.142857,14.714286,15.285714,12.714286,11.285714,11.571429,-0.571429,-4.938272,,,
3.2.2.罗马尼亚,罗马尼亚 次日留存UV,652.714286,621.142857,629.285714,636.285714,613.0,625.714286,672.285714,634.142857,31.571429,5.082797,,,
3.2.2.美国,美国 次日留存UV,30543.428571,34816.0,30273.857143,31529.0,30830.428571,30437.714286,31411.142857,30344.714286,-4272.571429,-12.271862,,,
3.2.2.美属维尔京群岛,美属维尔京群岛 次日留存UV,9.428571,11.857143,8.285714,9.714286,10.857143,8.857143,7.0,7.428571,-2.428571,-20.481928,,,
3.2.2.美属萨摩亚,美属萨摩亚 次日留存UV,0.0,0.333333,0.0,0.0,0.0,0.333333,0.333333,0.5,-0.333333,-100.0,,,
3.2.2.老挝,老挝 次日留存UV,1.857143,2.0,1.714286,2.571429,2.285714,1.285714,1.142857,2.142857,-0.142857,-7.142857,,,
3.2.2.肯尼亚,肯尼亚 次日留存UV,69.571429,61.142857,61.714286,70.0,65.571429,62.142857,64.0,63.428571,8.428571,13.785047,,,
3.2.2.芬兰,芬兰 次日留存UV,476.142857,508.571429,473.142857,464.428571,447.142857,422.285714,385.285714,356.428571,-32.428571,-6.376404,,,
3.2.2.苏丹,苏丹 次日留存UV,1.714286,2.142857,2.428571,1.714286,2.0,3.0,2.714286,0.571429,-0.428571,-20.0,,,
3.2.2.苏里南,苏里南 次日留存UV,3.285714,7.142857,8.571429,6.428571,5.571429,7.714286,6.142857,8.285714,-3.857143,-54.0,,,
3.2.2.英国,英国 次日留存UV,11853.0,11429.714286,11554.142857,11210.571429,10519.142857,9967.285714,12750.714286,10773.285714,423.285714,3.70338,,,
3.2.2.英属印度洋领地,英属印度洋领地 次日留存UV,0.0,0.0,0.5,0.0,0.0,0.0,0.0,0.0,0.0,,,,
3.2.2.英属维尔京群岛,英属维尔京群岛 次日留存UV,2.428571,1.714286,3.714286,5.0,2.571429,2.285714,3.142857,1.714286,0.714286,41.666667,,,
3.2.2.荷兰,荷兰 次日留存UV,2534.714286,2432.285714,2520.142857,2613.857143,2541.142857,2346.714286,2441.285714,2372.142857,102.428571,4.211206,,,
3.2.2.荷兰加勒比,荷兰加勒比 次日留存UV,1.571429,2.142857,1.285714,1.857143,1.428571,0.571429,2.714286,2.714286,-0.571429,-26.666667,,,
3.2.2.荷属圣马丁,荷属圣马丁 次日留存UV,10.571429,13.857143,10.428571,8.428571,10.428571,13.714286,10.857143,11.571429,-3.285714,-23.71134,,,
3.2.2.荷属安的列斯,荷属安的列斯 次日留存UV,0.0,0.0,0.0,0.833333,1.0,0.0,0.0,0.0,0.0,,,,
3.2.2.莫桑比克,莫桑比克 次日留存UV,30.428571,36.0,30.285714,28.285714,25.571429,26.571429,34.285714,28.0,-5.571429,-15.47619,,,
3.2.2.莱索托,莱索托 次日留存UV,3.285714,2.571429,1.571429,3.714286,2.142857,3.571429,2.285714,4.0,0.714286,27.777778,,,
3.2.2.菲律宾,菲律宾 次日留存UV,959.857143,1030.714286,1029.571429,1117.428571,1096.285714,1090.428571,1142.571429,1144.571429,-70.857143,-6.874567,,,
3.2.2.萨尔瓦多,萨尔瓦多 次日留存UV,81.714286,90.571429,94.571429,94.0,78.571429,83.285714,85.857143,85.0,-8.857143,-9.77918,,,
3.2.2.萨摩亚,萨摩亚 次日留存UV,2.0,0.5,0.857143,0.5,1.166667,2.0,1.666667,1.285714,1.5,300.0,,,
3.2.2.葡萄牙,葡萄牙 次日留存UV,1686.0,1754.714286,1662.285714,1730.285714,1857.0,1718.857143,1765.285714,1625.571429,-68.714286,-3.915981,,,
3.2.2.蒙古,蒙古 次日留存UV,16.857143,12.714286,9.142857,11.714286,10.714286,9.142857,9.142857,8.285714,4.142857,32.58427,,,
3.2.2.蒙塞拉特岛,蒙塞拉特岛 次日留存UV,0.0,0.0,0.0,0.0,0.0,0.0,0.0,0.0,0.0,,,,
3.2.2.西班牙,西班牙 次日留存UV,2762.285714,2653.714286,2664.428571,2630.142857,2633.142857,2477.428571,2562.428571,2446.571429,108.571429,4.091301,,,
3.2.2.诺福克岛,诺福克岛 次日留存UV,0.0,0.0,0.0,0.0,0.0,0.0,0.0,0.0,0.0,,,,
3.2.2.贝宁,贝宁 次日留存UV,24.428571,28.714286,33.714286,31.0,29.714286,40.142857,46.571429,42.857143,-4.285714,-14.925373,,,
3.2.2.赞比亚,赞比亚 次日留存UV,23.0,29.285714,23.857143,26.857143,27.285714,24.142857,26.285714,28.571429,-6.285714,-21.463415,,,
3.2.2.赤道几内亚,赤道几内亚 次日留存UV,1.0,1.142857,0.714286,2.142857,1.714286,3.285714,1.714286,1.285714,-0.142857,-12.5,,,
3.2.2.越南,越南 次日留存UV,146.428571,145.0,149.714286,165.428571,158.142857,143.142857,142.857143,137.571429,1.428571,0.985222,,,
3.2.2.阿塞拜疆,阿塞拜疆 次日留存UV,110.714286,97.571429,100.714286,101.285714,100.428571,93.714286,110.0,88.714286,13.142857,13.469985,,,
3.2.2.阿富汗,阿富汗 次日留存UV,7.571429,10.428571,11.0,11.0,11.571429,16.428571,20.857143,7.0,-2.857143,-27.39726,,,
3.2.2.阿尔及利亚,阿尔及利亚 次日留存UV,21.142857,21.0,21.428571,21.571429,22.857143,21.0,28.142857,19.142857,0.142857,0.680272,,,
3.2.2.阿尔巴尼亚,阿尔巴尼亚 次日留存UV,399.142857,356.285714,344.714286,316.285714,320.0,311.142857,301.285714,257.857143,42.857143,12.028869,,,
3.2.2.阿曼,阿曼 次日留存UV,38.428571,41.857143,48.142857,45.857143,44.571429,49.142857,96.285714,40.428571,-3.428571,-8.191126,,,
3.2.2.阿根廷,阿根廷 次日留存UV,1019.285714,884.714286,968.285714,978.142857,916.571429,927.428571,961.0,946.428571,134.571429,15.210722,,,
3.2.2.阿联酋,阿联酋 次日留存UV,440.285714,458.428571,477.714286,504.285714,519.857143,484.571429,649.0,471.428571,-18.142857,-3.957619,,,
3.2.2.阿鲁巴,阿鲁巴 次日留存UV,36.428571,38.857143,39.142857,28.0,36.0,36.285714,33.857143,33.428571,-2.428571,-6.25,,,
3.2.2.韩国,韩国 次日留存UV,99.285714,108.0,107.0,114.857143,106.0,98.285714,102.142857,123.714286,-8.714286,-8.068783,,,
3.2.2.马尔代夫,马尔代夫 次日留存UV,37.571429,32.714286,37.142857,40.571429,41.714286,30.571429,42.285714,26.857143,4.857143,14.847162,,,
3.2.2.马恩岛,马恩岛 次日留存UV,11.857143,9.714286,10.857143,8.285714,9.0,12.285714,12.285714,10.0,2.142857,22.058824,,,
3.2.2.马拉维,马拉维 次日留存UV,10.428571,9.714286,10.428571,9.428571,12.571429,11.428571,15.428571,11.714286,0.714286,7.352941,,,
3.2.2.马提尼克岛,马提尼克岛 次日留存UV,2.857143,1.571429,2.428571,1.571429,0.714286,2.571429,2.714286,2.0,1.285714,81.818182,,,
3.2.2.马来西亚,马来西亚 次日留存UV,171.714286,166.571429,158.571429,163.714286,155.714286,197.714286,205.0,160.285714,5.142857,3.087479,,,
3.2.2.马约特,马约特 次日留存UV,0.5,0.0,0.0,0.0,0.75,0.0,0.0,0.0,0.5,,,,
3.2.2.马绍尔群岛,马绍尔群岛 次日留存UV,0.0,0.8,0.0,0.0,0.0,0.0,0.0,0.25,-0.8,-100.0,,,
3.2.2.马耳他,马耳他 次日留存UV,123.428571,120.142857,124.428571,122.571429,120.714286,113.0,92.428571,100.857143,3.285714,2.734839,,,
3.2.2.马达加斯加,马达加斯加 次日留存UV,8.857143,7.571429,8.285714,7.285714,9.714286,6.285714,8.428571,5.142857,1.285714,16.981132,,,
3.2.2.马里,马里 次日留存UV,37.0,35.571429,33.428571,37.428571,44.714286,41.0,66.571429,25.714286,1.428571,4.016064,,,
3.2.2.黎巴嫩,黎巴嫩 次日留存UV,256.285714,244.714286,221.285714,248.428571,237.714286,228.857143,270.571429,198.857143,11.571429,4.728546,,,
3.2.2.黑山,黑山 次日留存UV,319.571429,304.142857,283.714286,259.714286,255.857143,224.142857,235.857143,232.285714,15.428571,5.072804,,,
