层级,指标,本周,上周,2周前,3周前,4周前,5周前,wow,wow%
1,整体 次留,0.32246,0.325393,0.325307,0.317409,0.321539,0.319666,-0.002933,-0.901244
1.1,新用户 次留,0.142303,0.142372,0.144165,0.134085,0.138158,0.136863,-7e-05,-0.048988
1.2,老用户 次留,0.33357,0.336754,0.336812,0.329927,0.334198,0.331543,-0.003185,-0.945711
1.2.1,Android 次留,0.320279,0.323064,0.320111,0.315694,0.321347,0.319065,-0.002786,-0.862261
1.2.1.unknow,unknow 次留,0.261438,0.273292,0.253886,0.283582,0.264368,0.350515,-0.011854,-4.337493
1.2.1.不丹,不丹 次留,0.0,0.142857,0.133333,0.153846,0.285714,0.333333,-0.142857,-100.0
1.2.1.东帝汶,东帝汶 次留,0.518519,0.346154,0.517241,0.416667,0.304348,0.387097,0.172365,49.794239
1.2.1.中国,中国 次留,0.366622,0.375718,0.351121,0.341873,0.353226,0.326845,-0.009096,-2.42107
1.2.1.中国台湾,中国台湾 次留,0.346723,0.409091,0.379455,0.357314,0.348039,0.358779,-0.062368,-15.245478
1.2.1.中国澳门,中国澳门 次留,0.375,0.5,0.357143,0.4,0.466667,0.692308,-0.125,-25.0
1.2.1.中国香港,中国香港 次留,0.347656,0.389831,0.422902,0.375,0.406114,0.426729,-0.042174,-10.818614
1.2.1.中非,中非 次留,0.214286,0.111111,0.1,0.083333,0.111111,0.0,0.103175,92.857143
1.2.1.丹麦,丹麦 次留,0.416961,0.382239,0.355556,0.39823,0.366906,0.392308,0.034722,9.083771
1.2.1.乌克兰,乌克兰 次留,0.358145,0.350313,0.352514,0.342972,0.346308,0.346881,0.007832,2.235695
1.2.1.乌兹别克斯坦,乌兹别克斯坦 次留,0.299145,0.269565,0.289116,0.265442,0.253499,0.276461,0.02958,10.973256
1.2.1.乌干达,乌干达 次留,0.25884,0.26383,0.272966,0.233748,0.243173,0.227097,-0.00499,-1.891226
1.2.1.乌拉圭,乌拉圭 次留,0.371389,0.348446,0.381842,0.362319,0.301813,0.365432,0.022944,6.584579
1.2.1.乍得,乍得 次留,0.135135,0.125,0.0625,0.234043,0.173913,0.097561,0.010135,8.108108
1.2.1.也门,也门 次留,0.251678,0.319079,0.28125,0.270769,0.25,0.274238,-0.067401,-21.123642
1.2.1.亚美尼亚,亚美尼亚 次留,0.282974,0.294993,0.279514,0.313386,0.360465,0.306502,-0.01202,-4.074539
1.2.1.以色列,以色列 次留,0.41911,0.365541,0.384211,0.377682,0.374207,0.386564,0.053568,14.654523
1.2.1.伊拉克,伊拉克 次留,0.280615,0.283535,0.271654,0.281925,0.299716,0.271795,-0.00292,-1.029928
1.2.1.伊朗,伊朗 次留,0.260806,0.260404,0.273801,0.264087,0.262848,0.2344,0.000402,0.154349
1.2.1.伯利兹,伯利兹 次留,0.317308,0.274336,0.284314,0.376238,0.298077,0.380165,0.042971,15.663772
1.2.1.佛得角,佛得角 次留,0.358025,0.445946,0.526316,0.461538,0.414286,0.306452,-0.087921,-19.715675
1.2.1.俄罗斯,俄罗斯 次留,0.309994,0.314479,0.317276,0.312614,0.306813,0.307306,-0.004485,-1.426189
1.2.1.保加利亚,保加利亚 次留,0.36484,0.367686,0.388707,0.372459,0.361128,0.36529,-0.002846,-0.773952
1.2.1.克罗地亚,克罗地亚 次留,0.402585,0.406408,0.376206,0.36669,0.389872,0.369438,-0.003823,-0.940674
1.2.1.关岛,关岛 次留,0.411765,0.375,0.3125,0.28,0.275862,0.318182,0.036765,9.803922
1.2.1.冈比亚,冈比亚 次留,0.24911,0.259843,0.200426,0.177743,0.333748,0.238095,-0.010732,-4.130271
1.2.1.冰岛,冰岛 次留,0.435897,0.364407,0.42,0.362637,0.419643,0.42,0.071491,19.618366
1.2.1.几内亚,几内亚 次留,0.275229,0.221239,0.237705,0.211009,0.236486,0.206522,0.05399,24.40367
1.2.1.几内亚比绍,几内亚比绍 次留,0.0625,0.185185,0.157895,0.315789,0.296296,0.171429,-0.122685,-66.25
1.2.1.列支敦士登,列支敦士登 次留,,,0.0,1.0,0.6,0.571429,,
1.2.1.刚果共和国,刚果共和国 次留,0.240964,0.22619,0.21978,0.282051,0.243902,0.157895,0.014773,6.531389
1.2.1.刚果民主共和国,刚果民主共和国 次留,0.266568,0.284404,0.257511,0.271754,0.258065,0.252212,-0.017835,-6.271082
1.2.1.利比亚,利比亚 次留,0.225974,0.232984,0.216578,0.178571,0.251101,0.214797,-0.00701,-3.008901
1.2.1.利比里亚,利比里亚 次留,0.156273,0.155983,0.171932,0.162575,0.182642,0.152693,0.00029,0.185932
1.2.1.加拿大,加拿大 次留,0.356642,0.36777,0.360281,0.365547,0.3596,0.358825,-0.011128,-3.025886
1.2.1.加纳,加纳 次留,0.257962,0.255743,0.288925,0.266506,0.309453,0.312057,0.002219,0.867691
1.2.1.加蓬,加蓬 次留,0.225806,0.28125,0.205882,0.3125,0.135135,0.204082,-0.055444,-19.713262
1.2.1.匈牙利,匈牙利 次留,0.362466,0.375857,0.367771,0.345916,0.349466,0.359947,-0.013391,-3.562845
1.2.1.北马其顿,北马其顿 次留,0.336095,0.338028,0.337403,0.345934,0.352306,0.347477,-0.001933,-0.571992
1.2.1.北马里亚纳群岛,北马里亚纳群岛 次留,,,,0.0,0.75,0.0,,
1.2.1.南极洲,南极洲 次留,,,,,0.0,0.25,,
1.2.1.南苏丹,南苏丹 次留,0.185633,0.190395,0.181436,0.175468,0.171306,0.178756,-0.004762,-2.50129
1.2.1.南非,南非 次留,0.36832,0.347181,0.351002,0.353733,0.352338,0.352405,0.021139,6.08879
1.2.1.博茨瓦纳,博茨瓦纳 次留,0.348101,0.404255,0.348571,0.355,0.342105,0.34715,-0.056154,-13.89074
1.2.1.卡塔尔,卡塔尔 次留,0.259259,0.266106,0.283286,0.233333,0.297398,0.257732,-0.006847,-2.573099
1.2.1.卢旺达,卢旺达 次留,0.271709,0.261194,0.202667,0.263456,0.276215,0.2343,0.010515,4.02561
1.2.1.卢森堡,卢森堡 次留,0.340741,0.421053,0.347518,0.392308,0.412903,0.387597,-0.080312,-19.074074
1.2.1.印度,印度 次留,0.295917,0.294189,0.297848,0.28927,0.295599,0.293873,0.001728,0.587358
1.2.1.印度尼西亚,印度尼西亚 次留,0.41757,0.398387,0.399332,0.415805,0.402847,0.397038,0.019183,4.815135
1.2.1.危地马拉,危地马拉 次留,0.328194,0.328823,0.34,0.33007,0.336251,0.313043,-0.000629,-0.191258
1.2.1.厄瓜多尔,厄瓜多尔 次留,0.335472,0.341351,0.351606,0.346841,0.350054,0.340865,-0.005879,-1.722187
1.2.1.厄立特里亚,厄立特里亚 次留,,,,,,,,
1.2.1.叙利亚,叙利亚 次留,0.289767,0.298507,0.29282,0.289151,0.340485,0.296618,-0.00874,-2.927907
1.2.1.古巴,古巴 次留,0.176692,0.178295,0.180672,0.185714,0.188192,0.213816,-0.001603,-0.898987
1.2.1.吉尔吉斯斯坦,吉尔吉斯斯坦 次留,0.267559,0.295732,0.319749,0.30563,0.310263,0.347305,-0.028173,-9.526601
1.2.1.吉布提,吉布提 次留,0.2,0.0,0.214286,0.2,0.157895,0.166667,0.2,
1.2.1.哈萨克斯坦,哈萨克斯坦 次留,0.318041,0.327224,0.306931,0.321994,0.334028,0.322271,-0.009182,-2.806181
1.2.1.哥伦比亚,哥伦比亚 次留,0.339339,0.339281,0.342104,0.335855,0.335057,0.335798,5.8e-05,0.017191
1.2.1.哥斯达黎加,哥斯达黎加 次留,0.377931,0.371731,0.351489,0.35963,0.378788,0.355846,0.0062,1.667759
1.2.1.喀麦隆,喀麦隆 次留,0.266212,0.255814,0.230769,0.236246,0.264205,0.185075,0.010398,4.064536
1.2.1.图瓦卢,图瓦卢 次留,,,,,,,,
1.2.1.土库曼斯坦,土库曼斯坦 次留,0.26087,0.369565,0.349057,0.300752,0.283784,0.341463,-0.108696,-29.411765
1.2.1.土耳其,土耳其 次留,0.300346,0.30176,0.296999,0.306112,0.338376,0.313036,-0.001414,-0.468539
1.2.1.圣卢西亚,圣卢西亚 次留,0.378788,0.333333,0.373626,0.239437,0.336957,0.359551,0.045455,13.636364
1.2.1.圣基茨和尼维斯,圣基茨和尼维斯 次留,0.388889,0.857143,0.181818,0.222222,0.409091,0.52381,-0.468254,-54.62963
1.2.1.圣多美和普林西比,圣多美和普林西比 次留,0.611111,0.823529,0.833333,0.526316,0.464286,0.3,-0.212418,-25.793651
1.2.1.圣巴泰勒米岛,圣巴泰勒米岛 次留,,,,,,,,
1.2.1.圣文森特和格林纳丁斯,圣文森特和格林纳丁斯 次留,0.384615,0.16,0.454545,0.258065,0.424242,0.333333,0.224615,140.384615
1.2.1.圣皮埃尔和密克隆群岛,圣皮埃尔和密克隆群岛 次留,0.5,,,,,,,
1.2.1.圣马力诺,圣马力诺 次留,0.333333,,,0.0,,0.0,,
1.2.1.圭亚那,圭亚那 次留,0.28934,0.275862,0.327957,0.296117,0.280952,0.320574,0.013478,4.885787
1.2.1.坦桑尼亚,坦桑尼亚 次留,0.245026,0.271255,0.270772,0.283465,0.251724,0.267857,-0.026229,-9.669454
1.2.1.埃及,埃及 次留,0.275432,0.285214,0.284871,0.281137,0.317569,0.274688,-0.009781,-3.429502
1.2.1.埃塞俄比亚,埃塞俄比亚 次留,0.185294,0.192529,0.207294,0.192703,0.195482,0.208627,-0.007235,-3.757682
1.2.1.基里巴斯,基里巴斯 次留,,,0.0,0.0,,,,
1.2.1.塔吉克斯坦,塔吉克斯坦 次留,0.294479,0.225564,0.292857,0.215385,0.20155,0.203883,0.068915,30.552147
1.2.1.塞内加尔,塞内加尔 次留,0.257627,0.227273,0.265552,0.300786,0.375277,0.242371,0.030354,13.355932
1.2.1.塞尔维亚,塞尔维亚 次留,0.330638,0.332995,0.322544,0.317749,0.321384,0.323798,-0.002357,-0.707777
1.2.1.塞拉利昂,塞拉利昂 次留,0.272727,0.26455,0.27619,0.248649,0.247826,0.238579,0.008177,3.090909
1.2.1.塞浦路斯,塞浦路斯 次留,0.417004,0.46165,0.426534,0.392562,0.414097,0.406886,-0.044646,-9.67091
1.2.1.塞舌尔,塞舌尔 次留,0.414634,0.414634,0.532258,0.625,0.537037,0.529412,0.0,0.0
1.2.1.墨西哥,墨西哥 次留,0.336271,0.341852,0.341143,0.341546,0.347218,0.345946,-0.005582,-1.63273
1.2.1.多哥,多哥 次留,0.224044,0.314815,0.234899,0.310734,0.313901,0.260417,-0.090771,-28.833173
1.2.1.多米尼克,多米尼克 次留,0.272727,0.125,0.2,0.111111,0.333333,0.533333,0.147727,118.181818
1.2.1.多米尼加,多米尼加 次留,0.354059,0.367609,0.366579,0.349962,0.375311,0.366312,-0.013551,-3.686124
1.2.1.奥兰群岛,奥兰群岛 次留,0.0,,0.5,,,,,
1.2.1.奥地利,奥地利 次留,0.384915,0.371928,0.359041,0.394459,0.365228,0.384243,0.012988,3.492056
1.2.1.委内瑞拉,委内瑞拉 次留,0.255984,0.322739,0.324215,0.3078,0.3135,0.319711,-0.066754,-20.683701
1.2.1.孟加拉,孟加拉 次留,0.204893,0.203637,0.208882,0.211777,0.243439,0.201869,0.001256,0.616828
1.2.1.安哥拉,安哥拉 次留,0.309091,0.291545,0.349727,0.310056,0.304094,0.297368,0.017546,6.018182
1.2.1.安圭拉,安圭拉 次留,0.0,0.0,0.333333,0.333333,0.666667,0.833333,0.0,
1.2.1.安提瓜和巴布达,安提瓜和巴布达 次留,0.5,0.445783,0.514706,0.268293,0.365854,0.487805,0.054217,12.162162
1.2.1.安道尔,安道尔 次留,0.413793,0.307692,0.1875,0.307692,0.485714,0.266667,0.106101,34.482759
1.2.1.密克罗尼西亚联邦,密克罗尼西亚联邦 次留,,,,0.333333,,0.0,,
1.2.1.尼加拉瓜,尼加拉瓜 次留,0.4,0.368421,0.358073,0.328916,0.355991,0.346389,0.031579,8.571429
1.2.1.尼日利亚,尼日利亚 次留,0.276848,0.280103,0.293511,0.288852,0.299114,0.281849,-0.003256,-1.162369
1.2.1.尼日尔,尼日尔 次留,0.292135,0.29703,0.237624,0.264706,0.335664,0.263636,-0.004895,-1.64794
1.2.1.尼泊尔,尼泊尔 次留,0.188518,0.184189,0.182024,0.186137,0.185645,0.202967,0.004329,2.350385
1.2.1.巴勒斯坦,巴勒斯坦 次留,0.243243,0.283898,0.248889,0.296578,0.369048,0.292237,-0.040655,-14.32029
1.2.1.巴哈马,巴哈马 次留,0.389706,0.471831,0.37931,0.460938,0.439655,0.472868,-0.082125,-17.405619
1.2.1.巴基斯坦,巴基斯坦 次留,0.200556,0.203414,0.197627,0.205971,0.238961,0.190044,-0.002858,-1.405097
1.2.1.巴巴多斯,巴巴多斯 次留,0.295082,0.183099,0.116883,0.243243,0.27957,0.246575,0.111983,61.160151
1.2.1.巴布亚新几内亚,巴布亚新几内亚 次留,0.385321,0.448598,0.366071,0.269231,0.372727,0.36036,-0.063277,-14.105505
1.2.1.巴拉圭,巴拉圭 次留,0.348689,0.354064,0.343554,0.343901,0.352523,0.331499,-0.005375,-1.518013
1.2.1.巴拿马,巴拿马 次留,0.345729,0.35743,0.316686,0.326134,0.344754,0.361876,-0.011701,-3.273672
1.2.1.巴林,巴林 次留,0.285714,0.362069,0.238095,0.25,0.375,0.335664,-0.076355,-21.088435
1.2.1.巴西,巴西 次留,0.316676,0.318406,0.316137,0.311084,0.312203,0.31098,-0.001731,-0.543614
1.2.1.布基纳法索,布基纳法索 次留,0.243816,0.229803,0.278066,0.276339,0.28529,0.272578,0.014014,6.098167
1.2.1.布隆迪,布隆迪 次留,0.227979,0.270492,0.285714,0.268182,0.251825,0.256881,-0.042513,-15.716753
1.2.1.希腊,希腊 次留,0.404297,0.394974,0.388163,0.37242,0.390254,0.373269,0.009323,2.360443
1.2.1.帕劳,帕劳 次留,,,0.0,0.0,0.25,0.0,,
1.2.1.库克群岛,库克群岛 次留,0.0,0.6,0.166667,0.333333,0.6,0.25,-0.6,-100.0
1.2.1.库拉索,库拉索 次留,0.363636,0.351852,0.407407,0.471698,0.434783,0.391304,0.011785,3.349282
1.2.1.开曼群岛,开曼群岛 次留,0.32,0.475,0.470588,0.382353,0.294118,0.26087,-0.155,-32.631579
1.2.1.德国,德国 次留,0.353066,0.36082,0.355704,0.359548,0.366281,0.371663,-0.007754,-2.148884
1.2.1.意大利,意大利 次留,0.382569,0.384204,0.379852,0.383228,0.389599,0.383033,-0.001634,-0.425385
1.2.1.所罗门群岛,所罗门群岛 次留,0.478261,0.45,0.321429,0.157895,0.37037,0.346154,0.028261,6.280193
1.2.1.拉脱维亚,拉脱维亚 次留,0.379777,0.387993,0.373198,0.372973,0.327324,0.371375,-0.008216,-2.117503
1.2.1.挪威,挪威 次留,0.39424,0.352941,0.357692,0.350911,0.379813,0.408635,0.041299,11.701423
1.2.1.捷克,捷克 次留,0.382948,0.386719,0.373123,0.390681,0.357562,0.357369,-0.003771,-0.975069
1.2.1.摩尔多瓦,摩尔多瓦 次留,0.323099,0.283654,0.302326,0.291121,0.323495,0.291399,0.039446,13.906235
1.2.1.摩洛哥,摩洛哥 次留,0.298496,0.3182,0.303803,0.300683,0.311404,0.282626,-0.019704,-6.192232
1.2.1.摩纳哥,摩纳哥 次留,0.6,0.333333,0.153846,0.555556,0.166667,0.375,0.266667,80.0
1.2.1.文莱,文莱 次留,0.523077,0.381818,0.439394,0.337662,0.506329,0.416667,0.141259,36.996337
1.2.1.斐济,斐济 次留,0.410714,0.313131,0.343434,0.275,0.264368,0.351852,0.097583,31.163594
1.2.1.斯威士兰,斯威士兰 次留,0.409091,0.243902,0.15625,0.285714,0.27027,0.193548,0.165188,67.727273
1.2.1.斯洛伐克,斯洛伐克 次留,0.421503,0.399354,0.37961,0.355088,0.379276,0.399558,0.022149,5.546252
1.2.1.斯洛文尼亚,斯洛文尼亚 次留,0.327623,0.370614,0.344017,0.337995,0.356674,0.352941,-0.042991,-11.599914
1.2.1.斯里兰卡,斯里兰卡 次留,0.305473,0.281609,0.278672,0.254579,0.303602,0.294495,0.023863,8.473957
1.2.1.新加坡,新加坡 次留,0.389114,0.37428,0.376849,0.350123,0.393636,0.389413,0.014834,3.963298
1.2.1.新喀里多尼亚,新喀里多尼亚 次留,0.0,0.0,0.0,0.285714,0.2,0.0,0.0,
1.2.1.新西兰,新西兰 次留,0.360494,0.355529,0.374157,0.358945,0.371837,0.344828,0.004965,1.396424
1.2.1.日本,日本 次留,0.376443,0.36827,0.412362,0.357276,0.39472,0.407832,0.008173,2.219431
1.2.1.智利,智利 次留,0.379243,0.398793,0.374215,0.379698,0.386393,0.397533,-0.01955,-4.902194
1.2.1.柬埔寨,柬埔寨 次留,0.287671,0.252747,0.247059,0.286517,0.232558,0.227273,0.034924,13.817749
1.2.1.根西岛,根西岛 次留,0.222222,0.181818,0.5,0.428571,0.5,0.0,0.040404,22.222222
1.2.1.格林纳达,格林纳达 次留,0.433962,0.348837,0.212121,0.266667,0.4,0.289474,0.085125,24.402516
1.2.1.格陵兰,格陵兰 次留,0.666667,0.0,0.0,,0.0,0.0,0.666667,
1.2.1.格鲁吉亚,格鲁吉亚 次留,0.362158,0.364088,0.339692,0.353111,0.322169,0.318999,-0.00193,-0.530047
1.2.1.梵蒂冈,梵蒂冈 次留,,,0.5,,,,,
1.2.1.比利时,比利时 次留,0.359495,0.360972,0.36161,0.358436,0.362848,0.357872,-0.001477,-0.409084
1.2.1.毛里塔尼亚,毛里塔尼亚 次留,0.365854,0.272727,0.260274,0.283784,0.340426,0.282051,0.093126,34.146341
1.2.1.毛里求斯,毛里求斯 次留,0.332168,0.295019,0.30605,0.288136,0.331058,0.291188,0.037149,12.591954
1.2.1.汤加,汤加 次留,0.0,,,0.0,0.0,0.0,,
1.2.1.沙特阿拉伯,沙特阿拉伯 次留,0.227739,0.242537,0.239899,0.229255,0.281433,0.265905,-0.014799,-6.10154
1.2.1.法国,法国 次留,0.361849,0.366385,0.370776,0.366374,0.375489,0.380684,-0.004537,-1.23822
1.2.1.法属圣马丁,法属圣马丁 次留,0.777778,0.0,0.0,0.0,0.0,0.0,0.777778,
1.2.1.法属圭亚那,法属圭亚那 次留,0.285714,0.214286,0.181818,0.142857,0.333333,0.375,0.071429,33.333333
1.2.1.法属波利尼西亚,法属波利尼西亚 次留,0.157895,0.4375,0.538462,0.142857,0.5,0.230769,-0.279605,-63.909774
1.2.1.法罗群岛,法罗群岛 次留,0.333333,0.0,1.0,0.0,0.5,0.0,0.333333,
1.2.1.波兰,波兰 次留,0.368102,0.368421,0.348541,0.354944,0.367531,0.3678,-0.00032,-0.086723
1.2.1.波多黎各,波多黎各 次留,0.379705,0.434916,0.437294,0.462279,0.408346,0.396007,-0.05521,-12.694498
1.2.1.波黑,波黑 次留,0.335264,0.347004,0.335681,0.329158,0.33422,0.340309,-0.01174,-3.38334
1.2.1.泰国,泰国 次留,0.488007,0.463262,0.454874,0.454386,0.437448,0.466205,0.024746,5.341632
1.2.1.泽西岛,泽西岛 次留,0.576923,0.25,0.176471,0.153846,0.482759,0.421053,0.326923,130.769231
1.2.1.津巴布韦,津巴布韦 次留,0.289199,0.292517,0.344697,0.31769,0.353801,0.27619,-0.003318,-1.13443
1.2.1.洪都拉斯,洪都拉斯 次留,0.394595,0.394098,0.362558,0.350536,0.353617,0.377627,0.000496,0.125916
1.2.1.海地,海地 次留,0.288551,0.270751,0.267394,0.277845,0.287049,0.284153,0.0178,6.574174
1.2.1.澳大利亚,澳大利亚 次留,0.324103,0.330689,0.327737,0.343211,0.331206,0.339641,-0.006585,-1.991338
1.2.1.爱尔兰,爱尔兰 次留,0.378708,0.390313,0.369654,0.359195,0.383394,0.389822,-0.011606,-2.973392
1.2.1.爱沙尼亚,爱沙尼亚 次留,0.393103,0.382263,0.399698,0.373512,0.339869,0.347222,0.01084,2.835862
1.2.1.牙买加,牙买加 次留,0.34357,0.312992,0.351085,0.337838,0.315476,0.307544,0.030578,9.769553
1.2.1.特克斯和凯科斯群岛,特克斯和凯科斯群岛 次留,0.35,0.5,0.333333,0.277778,0.307692,0.533333,-0.15,-30.0
1.2.1.特立尼达和多巴哥,特立尼达和多巴哥 次留,0.358209,0.352853,0.344828,0.3568,0.38326,0.37224,0.005356,1.517942
1.2.1.玻利维亚,玻利维亚 次留,0.264618,0.283327,0.265918,0.285819,0.297314,0.270787,-0.018709,-6.603335
1.2.1.瑙鲁,瑙鲁 次留,0.0,0.0,,0.0,0.0,,0.0,
1.2.1.瑞典,瑞典 次留,0.396965,0.392871,0.383532,0.384239,0.385542,0.388205,0.004094,1.042041
1.2.1.瑞士,瑞士 次留,0.385279,0.380837,0.35122,0.368661,0.374636,0.376726,0.004442,1.166385
1.2.1.瓜德罗普,瓜德罗普 次留,0.5,0.5625,0.466667,0.25,0.375,0.470588,-0.0625,-11.111111
1.2.1.瓦利斯和富图纳群岛,瓦利斯和富图纳群岛 次留,,,,,,,,
1.2.1.瓦努阿图,瓦努阿图 次留,0.285714,0.333333,0.857143,0.333333,0.25,0.666667,-0.047619,-14.285714
1.2.1.留尼汪岛,留尼汪岛 次留,0.428571,0.425,0.354839,0.472222,0.317073,0.325,0.003571,0.840336
1.2.1.白俄罗斯,白俄罗斯 次留,0.343914,0.330705,0.317132,0.315826,0.323429,0.30789,0.013209,3.994228
1.2.1.百慕大,百慕大 次留,0.567568,0.454545,0.413793,0.391304,0.291667,0.428571,0.113022,24.864865
1.2.1.直布罗陀,直布罗陀 次留,0.173913,0.3,0.388889,0.1875,0.464286,0.388889,-0.126087,-42.028986
1.2.1.福克兰群岛,福克兰群岛 次留,,0.0,0.0,0.0,0.0,,,
1.2.1.科威特,科威特 次留,0.309524,0.322314,0.331967,0.3,0.311573,0.286765,-0.01279,-3.968254
1.2.1.科摩罗,科摩罗 次留,0.163265,0.152174,0.107143,0.098039,0.207317,0.225806,0.011091,7.28863
1.2.1.科特迪瓦,科特迪瓦 次留,0.207692,0.22479,0.257403,0.224543,0.271715,0.244552,-0.017098,-7.606039
1.2.1.科索沃,科索沃 次留,0.22449,0.227848,0.234043,0.242718,0.304348,0.266667,-0.003358,-1.473923
1.2.1.秘鲁,秘鲁 次留,0.328623,0.354072,0.340733,0.3357,0.352638,0.342591,-0.025449,-7.187466
1.2.1.突尼斯,突尼斯 次留,0.322222,0.323579,0.336192,0.323411,0.294935,0.310663,-0.001356,-0.419179
1.2.1.立陶宛,立陶宛 次留,0.414038,0.370268,0.389513,0.393888,0.363478,0.364162,0.04377,11.821196
1.2.1.索马里,索马里 次留,0.226221,0.214674,0.232955,0.184211,0.236239,0.189655,0.011547,5.378933
1.2.1.约旦,约旦 次留,0.260341,0.287342,0.26699,0.259086,0.353456,0.305804,-0.027001,-9.396872
1.2.1.纳米比亚,纳米比亚 次留,0.347826,0.366412,0.411348,0.29661,0.217391,0.354167,-0.018586,-5.072464
1.2.1.纽埃岛,纽埃岛 次留,0.5,,,,,,,
1.2.1.缅甸,缅甸 次留,0.31388,0.263952,0.306122,0.284072,0.204392,0.264214,0.049928,18.915728
1.2.1.罗马尼亚,罗马尼亚 次留,0.373591,0.382475,0.378997,0.348857,0.399613,0.37,-0.008883,-2.322524
1.2.1.美国,美国 次留,0.364489,0.378567,0.37253,0.36712,0.372043,0.375129,-0.014078,-3.718825
1.2.1.美属维尔京群岛,美属维尔京群岛 次留,0.333333,0.294118,0.5,0.411765,0.25,0.3,0.039216,13.333333
1.2.1.美属萨摩亚,美属萨摩亚 次留,0.0,,,,,,,
1.2.1.老挝,老挝 次留,0.195652,0.25,0.245614,0.302326,0.3125,0.214286,-0.054348,-21.73913
1.2.1.肯尼亚,肯尼亚 次留,0.417363,0.429716,0.421492,0.416244,0.419204,0.398876,-0.012352,-2.874547
1.2.1.芬兰,芬兰 次留,0.369533,0.384138,0.36,0.373813,0.393841,0.365986,-0.014604,-3.801875
1.2.1.苏丹,苏丹 次留,0.192118,0.106195,0.14218,0.134199,0.186131,0.079365,0.085924,80.91133
1.2.1.苏里南,苏里南 次留,0.290323,0.258621,0.30303,0.285714,0.363636,0.267606,0.031702,12.258065
1.2.1.英国,英国 次留,0.390239,0.384797,0.376884,0.367641,0.389879,0.400869,0.005442,1.414256
1.2.1.英属印度洋领地,英属印度洋领地 次留,0.5,0.5,,0.0,,0.5,0.0,0.0
1.2.1.英属维尔京群岛,英属维尔京群岛 次留,0.5,0.518519,0.55,0.25,0.4,0.533333,-0.018519,-3.571429
1.2.1.荷兰,荷兰 次留,0.36459,0.375551,0.372007,0.354961,0.366535,0.369396,-0.010961,-2.918643
1.2.1.荷兰加勒比,荷兰加勒比 次留,0.25,0.0,0.5,0.4,0.0,0.666667,0.25,
1.2.1.荷属圣马丁,荷属圣马丁 次留,0.5,0.416667,0.3,0.214286,0.352941,0.5,0.083333,20.0
1.2.1.荷属安的列斯,荷属安的列斯 次留,0.0,,0.0,,,0.0,,
1.2.1.莫桑比克,莫桑比克 次留,0.253547,0.263374,0.250552,0.244871,0.245176,0.248935,-0.009828,-3.731471
1.2.1.莱索托,莱索托 次留,0.377778,0.324324,0.368421,0.216216,0.481481,0.318182,0.053453,16.481481
1.2.1.菲律宾,菲律宾 次留,0.277444,0.28632,0.282507,0.285049,0.284499,0.29772,-0.008875,-3.099731
1.2.1.萨尔瓦多,萨尔瓦多 次留,0.379874,0.361922,0.371747,0.343389,0.359899,0.381717,0.017952,4.960203
1.2.1.萨摩亚,萨摩亚 次留,0.5,,0.0,0.875,0.5,0.333333,,
1.2.1.葡萄牙,葡萄牙 次留,0.352607,0.35916,0.377673,0.340273,0.359484,0.349266,-0.006553,-1.82444
1.2.1.蒙古,蒙古 次留,0.22449,0.25,0.222222,0.230769,0.185714,0.230769,-0.02551,-10.204082
1.2.1.蒙塞拉特岛,蒙塞拉特岛 次留,0.0,0.5,0.0,0.0,,,-0.5,-100.0
1.2.1.西班牙,西班牙 次留,0.382367,0.380967,0.38107,0.387449,0.386165,0.39328,0.001401,0.367718
1.2.1.贝宁,贝宁 次留,0.288754,0.28,0.208469,0.285714,0.332432,0.239344,0.008754,3.126357
1.2.1.赞比亚,赞比亚 次留,0.279167,0.341935,0.308594,0.314501,0.278719,0.30036,-0.062769,-18.356918
1.2.1.赤道几内亚,赤道几内亚 次留,0.307692,0.038462,0.086957,0.166667,0.25,0.081081,0.269231,700.0
1.2.1.越南,越南 次留,0.385886,0.395284,0.41831,0.403323,0.430727,0.424364,-0.009398,-2.377641
1.2.1.阿塞拜疆,阿塞拜疆 次留,0.326284,0.308446,0.329354,0.319444,0.321379,0.303946,0.017838,5.783024
1.2.1.阿富汗,阿富汗 次留,0.204403,0.230994,0.232525,0.216992,0.262248,0.2,-0.026592,-11.511822
1.2.1.阿尔及利亚,阿尔及利亚 次留,0.29279,0.287912,0.318347,0.306931,0.31405,0.293999,0.004877,1.694067
1.2.1.阿尔巴尼亚,阿尔巴尼亚 次留,0.331551,0.369004,0.350072,0.315364,0.384718,0.371471,-0.037453,-10.149733
1.2.1.阿曼,阿曼 次留,0.332031,0.232558,0.258621,0.302326,0.345455,0.248945,0.099473,42.773437
1.2.1.阿根廷,阿根廷 次留,0.344685,0.35733,0.34608,0.34803,0.351236,0.350415,-0.012646,-3.538968
1.2.1.阿联酋,阿联酋 次留,0.313492,0.316369,0.327462,0.307028,0.340257,0.335172,-0.002877,-0.909248
1.2.1.阿鲁巴,阿鲁巴 次留,0.432432,0.328358,0.484375,0.421053,0.520548,0.525641,0.104074,31.695332
1.2.1.韩国,韩国 次留,0.365185,0.343113,0.372727,0.334828,0.339929,0.376758,0.022072,6.432832
1.2.1.马尔代夫,马尔代夫 次留,0.322314,0.33913,0.225225,0.244275,0.301282,0.234234,-0.016816,-4.958678
1.2.1.马恩岛,马恩岛 次留,0.2,0.1,0.307692,0.454545,0.117647,0.416667,0.1,100.0
1.2.1.马拉维,马拉维 次留,0.306056,0.337727,0.315068,0.310696,0.316476,0.313894,-0.031671,-9.37767
1.2.1.马提尼克岛,马提尼克岛 次留,0.307692,0.333333,0.2,0.0,0.2,0.333333,-0.025641,-7.692308
1.2.1.马来西亚,马来西亚 次留,0.356969,0.35055,0.363985,0.367679,0.364532,0.358775,0.006419,1.831244
1.2.1.马约特,马约特 次留,0.0,0.0,0.0,,,0.0,0.0,
1.2.1.马绍尔群岛,马绍尔群岛 次留,0.5,,,,,,,
1.2.1.马耳他,马耳他 次留,0.44557,0.432718,0.393678,0.413408,0.418605,0.38558,0.012852,2.970052
1.2.1.马达加斯加,马达加斯加 次留,0.265708,0.229352,0.248984,0.250996,0.263988,0.239594,0.036356,15.851529
1.2.1.马里,马里 次留,0.218023,0.21256,0.221445,0.262887,0.244541,0.175676,0.005463,2.570032
1.2.1.黎巴嫩,黎巴嫩 次留,0.302095,0.328312,0.372487,0.334525,0.352019,0.340426,-0.026217,-7.98536
1.2.1.黑山,黑山 次留,0.369967,0.365633,0.374532,0.354885,0.31746,0.338983,0.004334,1.185418
1.2.2,iOS 次留,0.337991,0.341264,0.342347,0.334678,0.338499,0.335693,-0.003273,-0.959008
1.2.2.unknow,unknow 次留,0.319328,0.331551,0.321951,0.316964,0.358696,0.294545,-0.012223,-3.686636
1.2.2.不丹,不丹 次留,0.45,0.125,0.333333,0.190476,0.235294,0.181818,0.325,260.0
1.2.2.东帝汶,东帝汶 次留,0.214286,0.172414,0.266667,0.186047,0.289474,0.457143,0.041872,24.285714
1.2.2.中国,中国 次留,0.308511,0.307839,0.325688,0.308134,0.341948,0.346918,0.000671,0.218052
1.2.2.中国台湾,中国台湾 次留,0.328042,0.369592,0.324786,0.345622,0.323061,0.326743,-0.04155,-11.242059
1.2.2.中国澳门,中国澳门 次留,0.428571,0.416667,0.425,0.377049,0.5,0.454545,0.011905,2.857143
1.2.2.中国香港,中国香港 次留,0.367555,0.368576,0.375029,0.371872,0.400575,0.367587,-0.001021,-0.276985
1.2.2.中非,中非 次留,0.0,0.0,0.6,0.0,0.0,0.0,0.0,
1.2.2.丹麦,丹麦 次留,0.307398,0.280934,0.291619,0.276707,0.273925,0.282449,0.026464,9.419993
1.2.2.乌克兰,乌克兰 次留,0.325327,0.331433,0.323496,0.314929,0.307222,0.322046,-0.006107,-1.842521
1.2.2.乌兹别克斯坦,乌兹别克斯坦 次留,0.286657,0.308405,0.282511,0.288321,0.282869,0.307692,-0.021748,-7.051668
1.2.2.乌干达,乌干达 次留,0.328986,0.338006,0.32106,0.334728,0.355783,0.328767,-0.009021,-2.668804
1.2.2.乌拉圭,乌拉圭 次留,0.345123,0.347571,0.337809,0.35163,0.3292,0.332812,-0.002448,-0.704344
1.2.2.乍得,乍得 次留,0.241379,0.294118,0.190476,0.153846,0.25,0.181818,-0.052738,-17.931034
1.2.2.也门,也门 次留,0.145833,0.295455,0.232558,0.309091,0.289855,0.340426,-0.149621,-50.641026
1.2.2.亚美尼亚,亚美尼亚 次留,0.29768,0.305109,0.294396,0.304201,0.317236,0.312834,-0.007429,-2.434994
1.2.2.以色列,以色列 次留,0.344208,0.345151,0.34967,0.337929,0.352949,0.340096,-0.000943,-0.273305
1.2.2.伊拉克,伊拉克 次留,0.233702,0.223211,0.213075,0.233323,0.255308,0.22668,0.010491,4.699928
1.2.2.伊朗,伊朗 次留,0.240497,0.244816,0.259017,0.242883,0.248576,0.224501,-0.004319,-1.764178
1.2.2.伯利兹,伯利兹 次留,0.352941,0.305921,0.312693,0.347826,0.341538,0.322674,0.04702,15.370019
1.2.2.佛得角,佛得角 次留,0.44702,0.428571,0.41875,0.455738,0.447653,0.468966,0.018448,4.304636
1.2.2.俄罗斯,俄罗斯 次留,0.275803,0.278551,0.287727,0.277458,0.272379,0.277211,-0.002749,-0.986777
1.2.2.保加利亚,保加利亚 次留,0.337646,0.329368,0.343253,0.327286,0.322533,0.328693,0.008278,2.513376
1.2.2.克罗地亚,克罗地亚 次留,0.380072,0.390064,0.360722,0.359702,0.353088,0.347345,-0.009992,-2.561615
1.2.2.关岛,关岛 次留,0.338235,0.320513,0.302905,0.322581,0.333333,0.34322,0.017722,5.529412
1.2.2.冈比亚,冈比亚 次留,0.379838,0.418214,0.401466,0.455197,0.516353,0.403828,-0.038376,-9.176161
1.2.2.冰岛,冰岛 次留,0.316147,0.363095,0.353642,0.321377,0.352941,0.332875,-0.046949,-12.930133
1.2.2.几内亚,几内亚 次留,0.227405,0.256131,0.279487,0.345269,0.321678,0.257525,-0.028726,-11.215185
1.2.2.几内亚比绍,几内亚比绍 次留,0.25,0.511628,0.25,0.358974,0.302326,0.266667,-0.261628,-51.136364
1.2.2.列支敦士登,列支敦士登 次留,0.428571,0.5,0.470588,0.407407,0.288462,0.285714,-0.071429,-14.285714
1.2.2.刚果共和国,刚果共和国 次留,0.186567,0.268456,0.231788,0.164948,0.280822,0.3,-0.081889,-30.503731
1.2.2.刚果民主共和国,刚果民主共和国 次留,0.308068,0.302222,0.326797,0.273973,0.305195,0.312207,0.005846,1.934417
1.2.2.利比亚,利比亚 次留,0.373762,0.37018,0.331633,0.338942,0.356044,0.319372,0.003582,0.967753
1.2.2.利比里亚,利比里亚 次留,0.301724,0.314872,0.296566,0.332973,0.317391,0.335062,-0.013148,-4.175559
1.2.2.加拿大,加拿大 次留,0.296147,0.296464,0.303343,0.294573,0.296873,0.295519,-0.000317,-0.107031
1.2.2.加纳,加纳 次留,0.238877,0.23518,0.25526,0.253046,0.277124,0.259575,0.003697,1.57194
1.2.2.加蓬,加蓬 次留,0.111111,0.333333,0.4,0.3,0.142857,0.461538,-0.222222,-66.666667
1.2.2.匈牙利,匈牙利 次留,0.344707,0.317088,0.334661,0.326226,0.317569,0.344995,0.027619,8.710159
1.2.2.北马其顿,北马其顿 次留,0.311381,0.314186,0.328815,0.315397,0.317902,0.312605,-0.002806,-0.892956
1.2.2.北马里亚纳群岛,北马里亚纳群岛 次留,,,,0.5,,,,
1.2.2.南极洲,南极洲 次留,0.0,1.0,0.5,0.5,0.0,0.0,-1.0,-100.0
1.2.2.南苏丹,南苏丹 次留,0.328685,0.33652,0.280269,0.313025,0.324645,0.285714,-0.007835,-2.328187
1.2.2.南非,南非 次留,0.331996,0.335152,0.333996,0.333305,0.338357,0.334078,-0.003156,-0.941677
1.2.2.博茨瓦纳,博茨瓦纳 次留,0.311594,0.388462,0.330579,0.401235,0.4,0.393617,-0.076867,-19.787631
1.2.2.卡塔尔,卡塔尔 次留,0.356101,0.371906,0.347436,0.355015,0.382428,0.373674,-0.015805,-4.249769
1.2.2.卢旺达,卢旺达 次留,0.269504,0.297101,0.253623,0.284133,0.25614,0.307116,-0.027598,-9.28905
1.2.2.卢森堡,卢森堡 次留,0.371173,0.37766,0.383375,0.367876,0.382908,0.378417,-0.006486,-1.717448
1.2.2.印度,印度 次留,0.273227,0.289423,0.287006,0.271186,0.300611,0.279657,-0.016196,-5.596065
1.2.2.印度尼西亚,印度尼西亚 次留,0.418475,0.410957,0.407257,0.398432,0.419246,0.409456,0.007518,1.829456
1.2.2.危地马拉,危地马拉 次留,0.378432,0.408892,0.371353,0.372154,0.384325,0.385318,-0.03046,-7.44932
1.2.2.厄瓜多尔,厄瓜多尔 次留,0.357791,0.372321,0.379389,0.368556,0.371656,0.363752,-0.01453,-3.902581
1.2.2.厄立特里亚,厄立特里亚 次留,,,,0.0,,,,
1.2.2.叙利亚,叙利亚 次留,0.269551,0.249567,0.267887,0.238095,0.343264,0.288732,0.019984,8.007488
1.2.2.古巴,古巴 次留,0.306306,0.353535,0.352941,0.307692,0.428571,0.290598,-0.047229,-13.359073
1.2.2.吉尔吉斯斯坦,吉尔吉斯斯坦 次留,0.290518,0.282407,0.27954,0.280226,0.293615,0.327832,0.008111,2.872015
1.2.2.吉布提,吉布提 次留,0.3125,0.0,0.3,0.111111,0.222222,0.0,0.3125,
1.2.2.哈萨克斯坦,哈萨克斯坦 次留,0.289728,0.292494,0.296959,0.288961,0.294699,0.312903,-0.002766,-0.945792
1.2.2.哥伦比亚,哥伦比亚 次留,0.375511,0.36529,0.379411,0.36202,0.355988,0.370225,0.010221,2.798038
1.2.2.哥斯达黎加,哥斯达黎加 次留,0.368528,0.399292,0.397994,0.385824,0.356845,0.378103,-0.030764,-7.704666
1.2.2.喀麦隆,喀麦隆 次留,0.373,0.361085,0.390355,0.393755,0.398625,0.38282,0.011915,3.299741
1.2.2.图瓦卢,图瓦卢 次留,,,0.0,,,,,
1.2.2.土库曼斯坦,土库曼斯坦 次留,0.263158,0.214286,0.37037,0.275862,0.27027,0.277778,0.048872,22.807018
1.2.2.土耳其,土耳其 次留,0.373823,0.364545,0.366631,0.368333,0.399402,0.359335,0.009278,2.545103
1.2.2.圣卢西亚,圣卢西亚 次留,0.363636,0.377119,0.400735,0.392453,0.378277,0.404545,-0.013482,-3.575077
1.2.2.圣基茨和尼维斯,圣基茨和尼维斯 次留,0.385542,0.243243,0.217391,0.227273,0.366197,0.216667,0.142299,58.500669
1.2.2.圣多美和普林西比,圣多美和普林西比 次留,0.533333,0.555556,0.230769,0.368421,0.214286,0.25,-0.022222,-4.0
1.2.2.圣巴泰勒米岛,圣巴泰勒米岛 次留,0.636364,0.666667,0.666667,0.571429,0.75,0.555556,-0.030303,-4.545455
1.2.2.圣文森特和格林纳丁斯,圣文森特和格林纳丁斯 次留,0.347826,0.413793,0.508772,0.352941,0.546667,0.333333,-0.065967,-15.942029
1.2.2.圣皮埃尔和密克隆群岛,圣皮埃尔和密克隆群岛 次留,1.0,,,,0.0,,,
1.2.2.圣马力诺,圣马力诺 次留,0.5,0.166667,0.25,0.166667,0.625,0.583333,0.333333,200.0
1.2.2.圭亚那,圭亚那 次留,0.310263,0.336683,0.297376,0.332402,0.354167,0.34596,-0.026421,-7.847398
1.2.2.坦桑尼亚,坦桑尼亚 次留,0.341341,0.345048,0.370681,0.403175,0.334099,0.297101,-0.003707,-1.074222
1.2.2.埃及,埃及 次留,0.321893,0.334774,0.317838,0.317779,0.346696,0.315112,-0.01288,-3.847502
1.2.2.埃塞俄比亚,埃塞俄比亚 次留,0.26506,0.298361,0.254848,0.251397,0.211268,0.232295,-0.0333,-11.161128
1.2.2.基里巴斯,基里巴斯 次留,0.333333,0.0,0.0,0.333333,0.5,0.5,0.333333,
1.2.2.塔吉克斯坦,塔吉克斯坦 次留,0.241206,0.20339,0.239234,0.281106,0.306306,0.238342,0.037816,18.592965
1.2.2.塞内加尔,塞内加尔 次留,0.276098,0.301376,0.313266,0.352282,0.436826,0.305113,-0.025278,-8.3876
1.2.2.塞尔维亚,塞尔维亚 次留,0.322002,0.32015,0.320567,0.32472,0.328877,0.327022,0.001852,0.578608
1.2.2.塞拉利昂,塞拉利昂 次留,0.397403,0.456818,0.410314,0.394015,0.391858,0.357143,-0.059416,-13.006397
1.2.2.塞浦路斯,塞浦路斯 次留,0.411386,0.401579,0.400943,0.387696,0.395303,0.3755,0.009807,2.442192
1.2.2.塞舌尔,塞舌尔 次留,0.4,0.394737,0.464567,0.464481,0.462617,0.52,0.005263,1.333333
1.2.2.墨西哥,墨西哥 次留,0.366014,0.37925,0.372621,0.366508,0.369953,0.370838,-0.013237,-3.490218
1.2.2.多哥,多哥 次留,0.278075,0.26738,0.227273,0.236842,0.29,0.283088,0.010695,4.0
1.2.2.多米尼克,多米尼克 次留,0.45614,0.363636,0.315789,0.323529,0.37037,0.325581,0.092504,25.438596
1.2.2.多米尼加,多米尼加 次留,0.406826,0.414159,0.43209,0.397853,0.42638,0.402565,-0.007333,-1.77063
1.2.2.奥兰群岛,奥兰群岛 次留,0.0,0.285714,0.166667,0.285714,1.0,0.2,-0.285714,-100.0
1.2.2.奥地利,奥地利 次留,0.330445,0.331944,0.326048,0.330064,0.326325,0.32962,-0.001498,-0.451385
1.2.2.委内瑞拉,委内瑞拉 次留,0.260111,0.345986,0.350266,0.322741,0.334904,0.335372,-0.085875,-24.820352
1.2.2.孟加拉,孟加拉 次留,0.25831,0.277829,0.254217,0.253498,0.299121,0.218696,-0.01952,-7.025845
1.2.2.安哥拉,安哥拉 次留,0.342629,0.32681,0.332724,0.348754,0.348673,0.338123,0.015819,4.840518
1.2.2.安圭拉,安圭拉 次留,0.382353,0.230769,0.402985,0.425926,0.4,0.5,0.151584,65.686275
1.2.2.安提瓜和巴布达,安提瓜和巴布达 次留,0.41129,0.405063,0.401544,0.447826,0.439863,0.343612,0.006227,1.537298
1.2.2.安道尔,安道尔 次留,0.308824,0.408163,0.352273,0.303371,0.328125,0.280702,-0.09934,-24.338235
1.2.2.密克罗尼西亚联邦,密克罗尼西亚联邦 次留,,0.0,,0.5,0.0,0.25,,
1.2.2.尼加拉瓜,尼加拉瓜 次留,0.383648,0.373134,0.399033,0.36253,0.386752,0.368356,0.010513,2.81761
1.2.2.尼日利亚,尼日利亚 次留,0.322656,0.32328,0.329157,0.325741,0.350417,0.329942,-0.000624,-0.192886
1.2.2.尼日尔,尼日尔 次留,0.158416,0.226804,0.163265,0.205882,0.28,0.219048,-0.068388,-30.153015
1.2.2.尼泊尔,尼泊尔 次留,0.238501,0.25,0.262346,0.284932,0.269755,0.288181,-0.011499,-4.599659
1.2.2.巴勒斯坦,巴勒斯坦 次留,0.36144,0.366317,0.378248,0.362554,0.400412,0.354084,-0.004877,-1.33143
1.2.2.巴哈马,巴哈马 次留,0.483466,0.432099,0.3987,0.420272,0.443287,0.451899,0.051368,11.88793
1.2.2.巴基斯坦,巴基斯坦 次留,0.255465,0.25723,0.255296,0.259271,0.335023,0.249856,-0.001764,-0.685962
1.2.2.巴巴多斯,巴巴多斯 次留,0.338192,0.397229,0.43128,0.439276,0.388128,0.394161,-0.059036,-14.862025
1.2.2.巴布亚新几内亚,巴布亚新几内亚 次留,0.363636,0.347826,0.410256,0.242424,0.275,0.288462,0.01581,4.545455
1.2.2.巴拉圭,巴拉圭 次留,0.364101,0.38084,0.391834,0.378688,0.368343,0.37279,-0.016738,-4.395063
1.2.2.巴拿马,巴拿马 次留,0.388327,0.404237,0.391458,0.395298,0.407456,0.392031,-0.01591,-3.93574
1.2.2.巴林,巴林 次留,0.357438,0.375218,0.389744,0.363636,0.367257,0.325095,-0.01778,-4.738612
1.2.2.巴西,巴西 次留,0.372501,0.373992,0.376425,0.368209,0.368797,0.364575,-0.001491,-0.398606
1.2.2.布基纳法索,布基纳法索 次留,0.285156,0.259823,0.287982,0.272059,0.321705,0.282297,0.025334,9.750381
1.2.2.布隆迪,布隆迪 次留,0.267606,0.268657,0.263889,0.272727,0.242857,0.276923,-0.001051,-0.391236
1.2.2.希腊,希腊 次留,0.419375,0.41402,0.409942,0.400892,0.408444,0.375339,0.005355,1.293418
1.2.2.帕劳,帕劳 次留,,,0.0,0.0,0.0,0.0,,
1.2.2.库克群岛,库克群岛 次留,0.392857,0.166667,0.384615,0.5,0.407407,0.4375,0.22619,135.714286
1.2.2.库拉索,库拉索 次留,0.376404,0.422764,0.398058,0.47043,0.47013,0.482192,-0.04636,-10.96586
1.2.2.开曼群岛,开曼群岛 次留,0.381818,0.391304,0.357466,0.350649,0.435065,0.404669,-0.009486,-2.424242
1.2.2.德国,德国 次留,0.307614,0.313465,0.309744,0.307948,0.305842,0.311533,-0.005851,-1.86654
1.2.2.意大利,意大利 次留,0.365514,0.370443,0.36767,0.36372,0.376204,0.371725,-0.004929,-1.330545
1.2.2.所罗门群岛,所罗门群岛 次留,0.461538,0.307692,0.266667,0.416667,0.363636,0.333333,0.153846,50.0
1.2.2.拉脱维亚,拉脱维亚 次留,0.337563,0.339353,0.319271,0.32741,0.323777,0.327035,-0.00179,-0.527355
1.2.2.挪威,挪威 次留,0.298467,0.312036,0.31746,0.305863,0.303789,0.292755,-0.013569,-4.348526
1.2.2.捷克,捷克 次留,0.321727,0.329431,0.323411,0.329871,0.329295,0.336049,-0.007703,-2.338366
1.2.2.摩尔多瓦,摩尔多瓦 次留,0.315145,0.315208,0.306628,0.289341,0.279813,0.298932,-6.3e-05,-0.019856
1.2.2.摩洛哥,摩洛哥 次留,0.324882,0.320215,0.326372,0.308367,0.325077,0.322998,0.004667,1.457587
1.2.2.摩纳哥,摩纳哥 次留,0.413043,0.545455,0.505208,0.506608,0.533784,0.5,-0.132411,-24.275362
1.2.2.文莱,文莱 次留,0.272727,0.235294,0.217949,0.256098,0.405941,0.240964,0.037433,15.909091
1.2.2.斐济,斐济 次留,0.434043,0.367647,0.405,0.502146,0.430493,0.460177,0.066395,18.059574
1.2.2.斯威士兰,斯威士兰 次留,0.421053,0.378378,0.368421,0.358974,0.233333,0.058824,0.042674,11.278195
1.2.2.斯洛伐克,斯洛伐克 次留,0.363284,0.354456,0.335741,0.330336,0.349406,0.343967,0.008828,2.49048
1.2.2.斯洛文尼亚,斯洛文尼亚 次留,0.334068,0.323392,0.34029,0.320049,0.307649,0.333138,0.010677,3.301427
1.2.2.斯里兰卡,斯里兰卡 次留,0.323063,0.344115,0.316176,0.33988,0.361798,0.325995,-0.021052,-6.117613
1.2.2.新加坡,新加坡 次留,0.401763,0.409441,0.397141,0.400528,0.426741,0.414747,-0.007678,-1.875241
1.2.2.新喀里多尼亚,新喀里多尼亚 次留,0.388889,0.409091,0.0,0.45,0.307692,0.25,-0.020202,-4.938272
1.2.2.新西兰,新西兰 次留,0.290864,0.280094,0.287356,0.265648,0.283866,0.274542,0.01077,3.845062
1.2.2.日本,日本 次留,0.348855,0.354181,0.376864,0.364427,0.380502,0.370301,-0.005326,-1.503856
1.2.2.智利,智利 次留,0.374968,0.373462,0.363649,0.360695,0.345941,0.344423,0.001505,0.403101
1.2.2.柬埔寨,柬埔寨 次留,0.318818,0.298357,0.309645,0.302158,0.290572,0.309816,0.020462,6.858081
1.2.2.根西岛,根西岛 次留,0.295775,0.393333,0.350318,0.268293,0.363184,0.328571,-0.097559,-24.803056
1.2.2.格林纳达,格林纳达 次留,0.381818,0.466667,0.272727,0.42268,0.380531,0.392857,-0.084848,-18.181818
1.2.2.格陵兰,格陵兰 次留,0.272727,0.142857,0.0,0.111111,0.2,0.333333,0.12987,90.909091
1.2.2.格鲁吉亚,格鲁吉亚 次留,0.31695,0.33132,0.316813,0.327333,0.312078,0.309003,-0.01437,-4.337214
1.2.2.梵蒂冈,梵蒂冈 次留,,,,,,,,
1.2.2.比利时,比利时 次留,0.344088,0.327653,0.329257,0.32082,0.3375,0.345962,0.016434,5.015784
1.2.2.毛里塔尼亚,毛里塔尼亚 次留,0.25,0.265487,0.246479,0.282258,0.311475,0.201681,-0.015487,-5.833333
1.2.2.毛里求斯,毛里求斯 次留,0.396917,0.422348,0.422018,0.425,0.391382,0.378378,-0.025431,-6.021411
1.2.2.汤加,汤加 次留,0.25,0.222222,0.461538,0.4,0.428571,0.375,0.027778,12.5
1.2.2.沙特阿拉伯,沙特阿拉伯 次留,0.323953,0.329805,0.335844,0.346099,0.369163,0.32451,-0.005852,-1.774449
1.2.2.法国,法国 次留,0.340323,0.345012,0.354018,0.342041,0.348514,0.34891,-0.004689,-1.358949
1.2.2.法属圣马丁,法属圣马丁 次留,0.444444,0.558824,0.512195,0.611111,0.538462,0.557692,-0.114379,-20.467836
1.2.2.法属圭亚那,法属圭亚那 次留,0.25,0.325,0.283019,0.319149,0.333333,0.277778,-0.075,-23.076923
1.2.2.法属波利尼西亚,法属波利尼西亚 次留,0.333333,0.272727,0.512821,0.410256,0.342466,0.511628,0.060606,22.222222
1.2.2.法罗群岛,法罗群岛 次留,0.243902,0.236842,0.222222,0.189189,0.113636,0.309524,0.00706,2.98103
1.2.2.波兰,波兰 次留,0.339341,0.336871,0.330737,0.324982,0.323786,0.332344,0.002471,0.73348
1.2.2.波多黎各,波多黎各 次留,0.37621,0.393064,0.397966,0.393997,0.391152,0.384533,-0.016854,-4.287766
1.2.2.波黑,波黑 次留,0.323231,0.328804,0.327873,0.329796,0.345576,0.331502,-0.005573,-1.694824
1.2.2.泰国,泰国 次留,0.399383,0.403814,0.385774,0.397527,0.403605,0.413595,-0.00443,-1.097137
1.2.2.泽西岛,泽西岛 次留,0.269058,0.262673,0.216418,0.272727,0.26699,0.342246,0.006385,2.430965
1.2.2.津巴布韦,津巴布韦 次留,0.29085,0.335366,0.374622,0.355615,0.303896,0.337209,-0.044516,-13.273916
1.2.2.洪都拉斯,洪都拉斯 次留,0.377795,0.384079,0.3807,0.360297,0.362682,0.378183,-0.006284,-1.636011
1.2.2.海地,海地 次留,0.293123,0.273839,0.259172,0.290758,0.304113,0.310824,0.019284,7.042197
1.2.2.澳大利亚,澳大利亚 次留,0.280631,0.280312,0.279866,0.289445,0.280733,0.28237,0.000319,0.113699
1.2.2.爱尔兰,爱尔兰 次留,0.368775,0.358944,0.360089,0.344776,0.38177,0.366225,0.009832,2.739032
1.2.2.爱沙尼亚,爱沙尼亚 次留,0.332718,0.324355,0.325155,0.329664,0.329689,0.341575,0.008363,2.578406
1.2.2.牙买加,牙买加 次留,0.357608,0.335169,0.347246,0.333789,0.323341,0.361631,0.022438,6.694619
1.2.2.特克斯和凯科斯群岛,特克斯和凯科斯群岛 次留,0.434579,0.474576,0.428571,0.552301,0.49763,0.479532,-0.039997,-8.427904
1.2.2.特立尼达和多巴哥,特立尼达和多巴哥 次留,0.312727,0.309255,0.301865,0.276269,0.305627,0.295062,0.003472,1.12276
1.2.2.玻利维亚,玻利维亚 次留,0.339143,0.341171,0.333333,0.335735,0.354911,0.331546,-0.002028,-0.594518
1.2.2.瑙鲁,瑙鲁 次留,,,,,0.0,1.0,,
1.2.2.瑞典,瑞典 次留,0.309501,0.322566,0.319493,0.315226,0.312117,0.319408,-0.013064,-4.050149
1.2.2.瑞士,瑞士 次留,0.338467,0.334846,0.335427,0.322568,0.324153,0.335329,0.00362,1.081188
1.2.2.瓜德罗普,瓜德罗普 次留,0.333333,0.36,0.350877,0.380952,0.352941,0.378788,-0.026667,-7.407407
1.2.2.瓦利斯和富图纳群岛,瓦利斯和富图纳群岛 次留,,,,,,,,
1.2.2.瓦努阿图,瓦努阿图 次留,0.419355,0.526316,0.392857,0.32,0.272727,0.352941,-0.106961,-20.322581
1.2.2.留尼汪岛,留尼汪岛 次留,0.340206,0.36,0.358696,0.207317,0.417476,0.318182,-0.019794,-5.498282
1.2.2.白俄罗斯,白俄罗斯 次留,0.312331,0.312087,0.296601,0.301097,0.292752,0.312628,0.000244,0.078171
1.2.2.百慕大,百慕大 次留,0.445783,0.413043,0.386139,0.306748,0.321429,0.301205,0.03274,7.926443
1.2.2.直布罗陀,直布罗陀 次留,0.393443,0.3,0.324675,0.363095,0.310526,0.230263,0.093443,31.147541
1.2.2.福克兰群岛,福克兰群岛 次留,0.0,,0.0,0.0,,0.0,,
1.2.2.科威特,科威特 次留,0.348917,0.349138,0.331761,0.358779,0.375659,0.349359,-0.000221,-0.063347
1.2.2.科摩罗,科摩罗 次留,0.444444,0.538462,0.416667,0.666667,0.392857,0.823529,-0.094017,-17.460317
1.2.2.科特迪瓦,科特迪瓦 次留,0.284655,0.27033,0.313802,0.319255,0.338592,0.293343,0.014326,5.299318
1.2.2.科索沃,科索沃 次留,0.313454,0.304005,0.297464,0.289631,0.288957,0.315789,0.009448,3.107934
1.2.2.秘鲁,秘鲁 次留,0.364965,0.380753,0.367189,0.366648,0.371641,0.375315,-0.015788,-4.146593
1.2.2.突尼斯,突尼斯 次留,0.336182,0.342216,0.340486,0.325018,0.324704,0.313407,-0.006034,-1.763112
1.2.2.立陶宛,立陶宛 次留,0.34656,0.331768,0.315421,0.318182,0.317058,0.332913,0.014792,4.458455
1.2.2.索马里,索马里 次留,0.21374,0.17803,0.18254,0.190141,0.196481,0.177358,0.03571,20.05847
1.2.2.约旦,约旦 次留,0.280144,0.278766,0.287967,0.29837,0.328553,0.279802,0.001378,0.494199
1.2.2.纳米比亚,纳米比亚 次留,0.367299,0.354271,0.342298,0.328638,0.342105,0.326582,0.013027,3.677187
1.2.2.纽埃岛,纽埃岛 次留,0.6,1.0,0.0,0.0,,,-0.4,-40.0
1.2.2.缅甸,缅甸 次留,0.261364,0.268229,0.252358,0.225888,0.239394,0.259615,-0.006866,-2.559576
1.2.2.罗马尼亚,罗马尼亚 次留,0.354698,0.351013,0.343472,0.332045,0.356596,0.348211,0.003686,1.050035
1.2.2.美国,美国 次留,0.30221,0.312334,0.309584,0.303874,0.307786,0.302842,-0.010124,-3.241354
1.2.2.美属维尔京群岛,美属维尔京群岛 次留,0.453125,0.425,0.457831,0.405229,0.324503,0.371429,0.028125,6.617647
1.2.2.美属萨摩亚,美属萨摩亚 次留,0.0,0.0,,0.25,0.333333,0.4,0.0,
1.2.2.老挝,老挝 次留,0.26087,0.352941,0.326531,0.321429,0.177778,0.3,-0.092072,-26.086957
1.2.2.肯尼亚,肯尼亚 次留,0.338028,0.377795,0.363997,0.340642,0.343295,0.368465,-0.039767,-10.526013
1.2.2.芬兰,芬兰 次留,0.325792,0.331802,0.323247,0.323343,0.318493,0.32206,-0.006011,-1.811486
1.2.2.苏丹,苏丹 次留,0.326923,0.3,0.304348,0.403846,0.339286,0.173913,0.026923,8.974359
1.2.2.苏里南,苏里南 次留,0.361446,0.319149,0.270833,0.348387,0.288591,0.384106,0.042297,13.253012
1.2.2.英国,英国 次留,0.332605,0.334567,0.331471,0.317653,0.337711,0.3458,-0.001961,-0.586262
1.2.2.英属印度洋领地,英属印度洋领地 次留,0.5,0.0,,,0.0,,0.5,
1.2.2.英属维尔京群岛,英属维尔京群岛 次留,0.329114,0.393258,0.382979,0.296296,0.305556,0.324324,-0.064145,-16.311031
1.2.2.荷兰,荷兰 次留,0.318861,0.318569,0.322217,0.31619,0.311769,0.317532,0.000292,0.091804
1.2.2.荷兰加勒比,荷兰加勒比 次留,0.28125,0.371429,0.333333,0.222222,0.487179,0.542857,-0.090179,-24.278846
1.2.2.荷属圣马丁,荷属圣马丁 次留,0.574803,0.440299,0.536765,0.585366,0.550725,0.543624,0.134505,30.548512
1.2.2.荷属安的列斯,荷属安的列斯 次留,0.0,0.625,1.0,,,0.0,-0.625,-100.0
1.2.2.莫桑比克,莫桑比克 次留,0.345277,0.359347,0.321942,0.324607,0.368098,0.358974,-0.01407,-3.915375
1.2.2.莱索托,莱索托 次留,0.268293,0.393939,0.283019,0.438596,0.326531,0.444444,-0.125647,-31.894934
1.2.2.菲律宾,菲律宾 次留,0.334152,0.343371,0.339603,0.336019,0.338669,0.34178,-0.009219,-2.684828
1.2.2.萨尔瓦多,萨尔瓦多 次留,0.390791,0.375571,0.347222,0.367128,0.359665,0.373041,0.01522,4.052565
1.2.2.萨摩亚,萨摩亚 次留,0.461538,0.333333,0.411765,0.466667,0.588235,0.36,0.128205,38.461538
1.2.2.葡萄牙,葡萄牙 次留,0.336058,0.347626,0.351116,0.338996,0.342993,0.338842,-0.011569,-3.327902
1.2.2.蒙古,蒙古 次留,0.2397,0.274247,0.259516,0.243346,0.22069,0.207143,-0.034547,-12.597059
1.2.2.蒙塞拉特岛,蒙塞拉特岛 次留,,,0.0,,,,,
1.2.2.西班牙,西班牙 次留,0.383931,0.387722,0.390782,0.381991,0.387057,0.38898,-0.003791,-0.97779
1.2.2.贝宁,贝宁 次留,0.280285,0.241918,0.248804,0.29089,0.284468,0.285714,0.038368,15.859759
1.2.2.赞比亚,赞比亚 次留,0.31391,0.333333,0.34854,0.297535,0.317241,0.345423,-0.019424,-5.827068
1.2.2.赤道几内亚,赤道几内亚 次留,0.178571,0.46875,0.324324,0.605263,0.307692,0.28125,-0.290179,-61.904762
1.2.2.越南,越南 次留,0.355134,0.376463,0.365588,0.354942,0.347102,0.339922,-0.021329,-5.665654
1.2.2.阿塞拜疆,阿塞拜疆 次留,0.301025,0.300934,0.299915,0.284599,0.313008,0.311122,9.1e-05,0.030232
1.2.2.阿富汗,阿富汗 次留,0.21875,0.234043,0.22314,0.277108,0.278626,0.180147,-0.015293,-6.534091
1.2.2.阿尔及利亚,阿尔及利亚 次留,0.220264,0.228442,0.244275,0.217778,0.247487,0.210031,-0.008177,-3.57966
1.2.2.阿尔巴尼亚,阿尔巴尼亚 次留,0.341736,0.330892,0.334129,0.326488,0.317812,0.30934,0.010844,3.277216
1.2.2.阿曼,阿曼 次留,0.375697,0.354305,0.345898,0.348178,0.430946,0.330994,0.021392,6.037779
1.2.2.阿根廷,阿根廷 次留,0.355129,0.366013,0.358596,0.36149,0.356095,0.357047,-0.010883,-2.973478
1.2.2.阿联酋,阿联酋 次留,0.355102,0.352647,0.365435,0.343912,0.388723,0.353433,0.002455,0.696197
1.2.2.阿鲁巴,阿鲁巴 次留,0.528958,0.454756,0.519588,0.519427,0.477823,0.492632,0.074201,16.316681
1.2.2.韩国,韩国 次留,0.331563,0.344325,0.322049,0.30149,0.293876,0.343924,-0.012763,-3.706622
1.2.2.马尔代夫,马尔代夫 次留,0.515873,0.502655,0.512281,0.478747,0.515679,0.43418,0.013218,2.629667
1.2.2.马恩岛,马恩岛 次留,0.387755,0.331429,0.295775,0.380531,0.373913,0.393258,0.056327,16.995074
1.2.2.马拉维,马拉维 次留,0.327354,0.297297,0.394619,0.326531,0.421875,0.374429,0.030057,10.110069
1.2.2.马提尼克岛,马提尼克岛 次留,0.472222,0.478261,0.2,0.428571,0.422222,0.388889,-0.006039,-1.262626
1.2.2.马来西亚,马来西亚 次留,0.332136,0.330259,0.318527,0.34923,0.360825,0.334426,0.001877,0.568365
1.2.2.马约特,马约特 次留,0.0,0.0,0.75,,,0.0,0.0,
1.2.2.马绍尔群岛,马绍尔群岛 次留,0.0,0.0,0.0,0.0,0.0,0.2,0.0,
1.2.2.马耳他,马耳他 次留,0.455544,0.442953,0.456757,0.446388,0.413683,0.422754,0.012591,2.842494
1.2.2.马达加斯加,马达加斯加 次留,0.325843,0.278689,0.334975,0.248588,0.318919,0.206897,0.047154,16.920026
1.2.2.马里,马里 次留,0.291771,0.297727,0.32268,0.382157,0.49208,0.362173,-0.005957,-2.000723
1.2.2.黎巴嫩,黎巴嫩 次留,0.32177,0.341382,0.336502,0.324489,0.335816,0.313584,-0.019612,-5.744936
1.2.2.黑山,黑山 次留,0.385856,0.378435,0.384913,0.362272,0.367624,0.379109,0.007421,1.961026
2,整体 活跃UV,730721.571429,723297.0,740301.428571,718559.285714,732984.0,695293.571429,7424.571429,1.02649
2.1,新用户 活跃UV,42443.714286,42277.428571,44210.285714,45928.142857,47333.857143,42419.0,166.285714,0.39332
2.2,老用户 活跃UV,688277.857143,681019.571429,696091.142857,672631.142857,685650.142857,652874.571429,7258.285714,1.065797
2.2.1,Android 活跃UV,171821.714286,168753.571429,173268.0,168343.857143,171914.571429,162936.285714,3068.142857,1.81812
2.2.1.unknow,unknow 活跃UV,21.857143,23.0,27.571429,19.142857,24.857143,27.714286,-1.142857,-4.968944
2.2.1.不丹,不丹 活跃UV,1.714286,2.333333,2.142857,2.166667,3.5,2.571429,-0.619048,-26.530612
2.2.1.东帝汶,东帝汶 活跃UV,3.857143,3.714286,4.142857,3.428571,3.833333,4.428571,0.142857,3.846154
2.2.1.中国,中国 活跃UV,213.142857,198.857143,184.714286,178.428571,177.142857,176.142857,14.285714,7.183908
2.2.1.中国台湾,中国台湾 活跃UV,67.571429,62.857143,68.142857,59.571429,58.285714,56.142857,4.714286,7.5
2.2.1.中国澳门,中国澳门 活跃UV,1.142857,2.5,2.0,2.142857,2.142857,1.857143,-1.357143,-54.285714
2.2.1.中国香港,中国香港 活跃UV,109.714286,92.714286,126.0,101.714286,130.857143,121.857143,17.0,18.335901
2.2.1.中非,中非 活跃UV,2.333333,1.5,1.666667,2.0,2.25,1.5,0.833333,55.555556
2.2.1.丹麦,丹麦 活跃UV,80.857143,74.0,70.714286,80.714286,79.428571,74.285714,6.857143,9.266409
2.2.1.乌克兰,乌克兰 活跃UV,1232.142857,1163.857143,1159.428571,1170.857143,1247.857143,1268.857143,68.285714,5.86719
2.2.1.乌兹别克斯坦,乌兹别克斯坦 活跃UV,83.571429,82.142857,84.0,85.571429,91.857143,90.428571,1.428571,1.73913
2.2.1.乌干达,乌干达 活跃UV,101.0,100.714286,108.857143,103.285714,109.857143,110.714286,0.285714,0.283688
2.2.1.乌拉圭,乌拉圭 活跃UV,103.857143,110.285714,107.0,108.428571,110.285714,115.714286,-6.428571,-5.829016
2.2.1.乍得,乍得 活跃UV,5.285714,6.857143,6.857143,6.714286,6.571429,5.857143,-1.571429,-22.916667
2.2.1.也门,也门 活跃UV,42.571429,43.428571,45.714286,46.428571,54.285714,51.571429,-0.857143,-1.973684
2.2.1.亚美尼亚,亚美尼亚 活跃UV,119.142857,105.571429,82.285714,90.714286,98.285714,92.285714,13.571429,12.85521
2.2.1.以色列,以色列 活跃UV,131.571429,122.714286,135.714286,133.142857,135.142857,129.714286,8.857143,7.217695
2.2.1.伊拉克,伊拉克 活跃UV,288.142857,271.571429,290.285714,290.857143,352.714286,306.428571,16.571429,6.102052
2.2.1.伊朗,伊朗 活跃UV,2753.0,2804.428571,2902.0,2897.857143,2332.142857,263.285714,-51.428571,-1.833834
2.2.1.伯利兹,伯利兹 活跃UV,14.857143,16.142857,14.571429,14.428571,14.857143,17.285714,-1.285714,-7.964602
2.2.1.佛得角,佛得角 活跃UV,11.571429,10.571429,8.142857,11.142857,10.0,8.857143,1.0,9.459459
2.2.1.俄罗斯,俄罗斯 活跃UV,7649.0,7458.142857,7814.285714,7573.0,7859.142857,7620.142857,190.857143,2.559044
2.2.1.保加利亚,保加利亚 活跃UV,237.285714,214.857143,217.571429,217.857143,233.0,204.142857,22.428571,10.43883
2.2.1.克罗地亚,克罗地亚 活跃UV,453.142857,423.571429,399.857143,399.714286,411.857143,391.714286,29.571429,6.98145
2.2.1.关岛,关岛 活跃UV,4.857143,3.428571,2.285714,3.571429,4.142857,3.142857,1.428571,41.666667
2.2.1.冈比亚,冈比亚 活跃UV,80.285714,72.571429,67.0,92.428571,114.714286,66.0,7.714286,10.629921
2.2.1.冰岛,冰岛 活跃UV,16.714286,16.857143,14.285714,13.0,16.0,14.285714,-0.142857,-0.847458
2.2.1.几内亚,几内亚 活跃UV,15.571429,16.142857,17.428571,15.571429,21.142857,13.142857,-0.571429,-3.539823
2.2.1.几内亚比绍,几内亚比绍 活跃UV,2.666667,4.5,2.714286,3.166667,3.857143,5.0,-1.833333,-40.740741
2.2.1.列支敦士登,列支敦士登 活跃UV,0.0,0.0,1.0,1.5,1.666667,2.333333,0.0,
2.2.1.刚果共和国,刚果共和国 活跃UV,11.857143,12.0,13.0,11.142857,11.714286,10.857143,-0.142857,-1.190476
2.2.1.刚果民主共和国,刚果民主共和国 活跃UV,97.0,93.428571,99.857143,106.714286,101.857143,96.857143,3.571429,3.82263
2.2.1.利比亚,利比亚 活跃UV,55.0,54.571429,53.428571,56.0,64.857143,59.857143,0.428571,0.78534
2.2.1.利比里亚,利比里亚 活跃UV,194.714286,200.571429,194.428571,215.285714,220.571429,209.571429,-5.857143,-2.920228
2.2.1.加拿大,加拿大 活跃UV,1650.714286,1583.285714,1625.714286,1556.571429,1528.285714,1546.714286,67.428571,4.258775
2.2.1.加纳,加纳 活跃UV,179.428571,186.571429,178.0,177.428571,193.428571,181.285714,-7.142857,-3.828484
2.2.1.加蓬,加蓬 活跃UV,4.428571,4.571429,4.857143,4.571429,5.285714,7.0,-0.142857,-3.125
2.2.1.匈牙利,匈牙利 活跃UV,210.857143,208.285714,219.857143,208.142857,227.285714,214.714286,2.571429,1.234568
2.2.1.北马其顿,北马其顿 活跃UV,120.714286,121.714286,128.714286,124.714286,145.571429,124.571429,-1.0,-0.821596
2.2.1.北马里亚纳群岛,北马里亚纳群岛 活跃UV,0.0,0.0,0.0,1.0,1.0,1.0,0.0,
2.2.1.南极洲,南极洲 活跃UV,0.0,0.0,0.0,0.0,1.0,1.333333,0.0,
2.2.1.南苏丹,南苏丹 活跃UV,425.571429,419.428571,407.857143,427.428571,431.142857,441.142857,6.142857,1.464578
2.2.1.南非,南非 活跃UV,815.285714,856.285714,784.285714,838.0,877.0,831.428571,-41.0,-4.788121
2.2.1.博茨瓦纳,博茨瓦纳 活跃UV,22.571429,26.857143,25.0,28.571429,27.142857,27.571429,-4.285714,-15.957447
2.2.1.卡塔尔,卡塔尔 活跃UV,46.285714,51.0,50.428571,51.428571,76.857143,55.428571,-4.714286,-9.243697
2.2.1.卢旺达,卢旺达 活跃UV,51.0,57.428571,53.571429,50.428571,55.857143,59.142857,-6.428571,-11.19403
2.2.1.卢森堡,卢森堡 活跃UV,19.285714,19.0,20.142857,18.571429,22.142857,18.428571,0.285714,1.503759
2.2.1.印度,印度 活跃UV,2190.285714,2234.714286,2230.285714,2290.0,2502.428571,2441.285714,-44.428571,-1.98811
2.2.1.印度尼西亚,印度尼西亚 活跃UV,883.0,885.714286,897.571429,925.571429,913.142857,887.285714,-2.714286,-0.306452
2.2.1.危地马拉,危地马拉 活跃UV,324.285714,316.714286,314.285714,306.428571,310.142857,312.142857,7.571429,2.390618
2.2.1.厄瓜多尔,厄瓜多尔 活跃UV,801.428571,837.428571,787.0,807.285714,800.285714,803.0,-36.0,-4.298874
2.2.1.厄立特里亚,厄立特里亚 活跃UV,0.0,0.0,0.0,0.0,0.0,0.0,0.0,
2.2.1.叙利亚,叙利亚 活跃UV,307.142857,287.142857,304.428571,314.714286,359.571429,295.714286,20.0,6.965174
2.2.1.古巴,古巴 活跃UV,38.0,36.857143,34.0,40.0,38.714286,43.428571,1.142857,3.100775
2.2.1.吉尔吉斯斯坦,吉尔吉斯斯坦 活跃UV,42.714286,46.857143,45.571429,53.285714,59.857143,47.714286,-4.142857,-8.841463
2.2.1.吉布提,吉布提 活跃UV,1.0,1.5,2.0,2.0,3.166667,2.4,-0.5,-33.333333
2.2.1.哈萨克斯坦,哈萨克斯坦 活跃UV,323.857143,319.571429,303.0,306.571429,342.571429,327.142857,4.285714,1.341082
2.2.1.哥伦比亚,哥伦比亚 活跃UV,2529.285714,2618.142857,2421.571429,2303.714286,2431.142857,2530.857143,-88.857143,-3.3939
2.2.1.哥斯达黎加,哥斯达黎加 活跃UV,207.142857,202.142857,196.714286,201.0,198.0,196.714286,5.0,2.473498
2.2.1.喀麦隆,喀麦隆 活跃UV,41.857143,43.0,50.142857,44.142857,50.285714,47.857143,-1.142857,-2.657807
2.2.1.图瓦卢,图瓦卢 活跃UV,0.0,0.0,0.0,0.0,0.0,0.0,0.0,
2.2.1.土库曼斯坦,土库曼斯坦 活跃UV,6.571429,6.571429,15.142857,19.0,10.571429,5.857143,0.0,0.0
2.2.1.土耳其,土耳其 活跃UV,3633.428571,3482.428571,3560.857143,3512.714286,3824.142857,3047.571429,151.0,4.336054
2.2.1.圣卢西亚,圣卢西亚 活跃UV,9.428571,10.714286,13.0,10.142857,13.142857,12.714286,-1.285714,-12.0
2.2.1.圣基茨和尼维斯,圣基茨和尼维斯 活跃UV,2.571429,1.166667,1.833333,2.25,3.142857,3.0,1.404762,120.408163
2.2.1.圣多美和普林西比,圣多美和普林西比 活跃UV,3.0,2.428571,2.571429,2.714286,4.0,1.666667,0.571429,23.529412
2.2.1.圣巴泰勒米岛,圣巴泰勒米岛 活跃UV,0.0,0.0,0.0,0.0,0.0,0.0,0.0,
2.2.1.圣文森特和格林纳丁斯,圣文森特和格林纳丁斯 活跃UV,3.714286,3.571429,3.666667,4.428571,4.714286,4.714286,0.142857,4.0
2.2.1.圣皮埃尔和密克隆群岛,圣皮埃尔和密克隆群岛 活跃UV,1.0,0.0,0.0,0.0,0.0,0.0,1.0,
2.2.1.圣马力诺,圣马力诺 活跃UV,1.0,0.0,0.0,1.0,0.0,1.0,1.0,
2.2.1.圭亚那,圭亚那 活跃UV,28.142857,29.0,26.571429,29.428571,30.0,29.857143,-0.857143,-2.955665
2.2.1.坦桑尼亚,坦桑尼亚 活跃UV,136.428571,141.142857,146.142857,163.285714,165.714286,160.0,-4.714286,-3.340081
2.2.1.埃及,埃及 活跃UV,974.571429,978.714286,992.428571,1065.571429,1314.0,927.285714,-4.142857,-0.423296
2.2.1.埃塞俄比亚,埃塞俄比亚 活跃UV,145.714286,149.142857,148.857143,152.714286,164.428571,162.285714,-3.428571,-2.298851
2.2.1.基里巴斯,基里巴斯 活跃UV,0.0,0.0,1.0,1.0,0.0,0.0,0.0,
2.2.1.塔吉克斯坦,塔吉克斯坦 活跃UV,23.285714,19.0,20.0,18.571429,18.428571,14.714286,4.285714,22.556391
2.2.1.塞内加尔,塞内加尔 活跃UV,126.428571,141.428571,153.857143,218.0,257.714286,163.857143,-15.0,-10.606061
2.2.1.塞尔维亚,塞尔维亚 活跃UV,954.0,984.571429,997.428571,990.0,1036.142857,953.857143,-30.571429,-3.105049
2.2.1.塞拉利昂,塞拉利昂 活跃UV,29.857143,27.0,30.0,26.428571,32.857143,28.142857,2.857143,10.582011
2.2.1.塞浦路斯,塞浦路斯 活跃UV,105.857143,98.714286,100.142857,103.714286,97.285714,91.285714,7.142857,7.23589
2.2.1.塞舌尔,塞舌尔 活跃UV,5.857143,5.857143,8.857143,6.857143,7.714286,7.285714,0.0,0.0
2.2.1.墨西哥,墨西哥 活跃UV,5836.285714,5629.0,5652.428571,5496.428571,5473.714286,5576.428571,207.285714,3.682461
2.2.1.多哥,多哥 活跃UV,26.142857,23.142857,21.285714,25.285714,31.857143,27.428571,3.0,12.962963
2.2.1.多米尼克,多米尼克 活跃UV,1.833333,1.6,1.0,1.5,1.8,2.142857,0.233333,14.583333
2.2.1.多米尼加,多米尼加 活跃UV,165.428571,166.714286,163.285714,186.142857,172.428571,174.714286,-1.285714,-0.771208
2.2.1.奥兰群岛,奥兰群岛 活跃UV,1.0,0.0,1.0,0.0,0.0,0.0,1.0,
2.2.1.奥地利,奥地利 活跃UV,219.714286,220.857143,220.428571,216.571429,228.428571,206.714286,-1.142857,-0.517464
2.2.1.委内瑞拉,委内瑞拉 活跃UV,662.428571,845.0,846.0,815.0,857.142857,849.428571,-182.571429,-21.606086
2.2.1.孟加拉,孟加拉 活跃UV,4209.857143,4414.714286,4706.0,5412.714286,5851.285714,4510.0,-204.857143,-4.640326
2.2.1.安哥拉,安哥拉 活跃UV,47.142857,49.0,52.285714,51.142857,48.857143,54.285714,-1.857143,-3.790087
2.2.1.安圭拉,安圭拉 活跃UV,1.0,1.0,1.5,1.2,1.0,1.5,0.0,0.0
2.2.1.安提瓜和巴布达,安提瓜和巴布达 活跃UV,11.428571,11.857143,9.714286,11.714286,11.714286,11.714286,-0.428571,-3.614458
2.2.1.安道尔,安道尔 活跃UV,4.142857,3.714286,2.285714,3.714286,5.0,2.5,0.428571,11.538462
2.2.1.密克罗尼西亚联邦,密克罗尼西亚联邦 活跃UV,0.0,0.0,0.0,1.0,0.0,1.0,0.0,
2.2.1.尼加拉瓜,尼加拉瓜 活跃UV,127.142857,108.571429,109.714286,118.571429,124.0,116.714286,18.571429,17.105263
2.2.1.尼日利亚,尼日利亚 活跃UV,1194.571429,1214.857143,1219.714286,1294.285714,1419.428571,1267.142857,-20.285714,-1.669802
2.2.1.尼日尔,尼日尔 活跃UV,12.714286,14.428571,14.428571,14.571429,20.428571,15.714286,-1.714286,-11.881188
2.2.1.尼泊尔,尼泊尔 活跃UV,184.142857,175.285714,189.142857,183.428571,207.0,211.857143,8.857143,5.052975
2.2.1.巴勒斯坦,巴勒斯坦 活跃UV,31.714286,33.714286,32.142857,37.571429,48.0,31.285714,-2.0,-5.932203
2.2.1.巴哈马,巴哈马 活跃UV,19.428571,20.285714,16.571429,18.285714,16.571429,18.428571,-0.857143,-4.225352
2.2.1.巴基斯坦,巴基斯坦 活跃UV,1951.714286,1966.428571,2011.0,2315.857143,2843.857143,1968.714286,-14.714286,-0.748275
2.2.1.巴巴多斯,巴巴多斯 活跃UV,8.714286,10.142857,11.0,10.571429,13.285714,10.428571,-1.428571,-14.084507
2.2.1.巴布亚新几内亚,巴布亚新几内亚 活跃UV,15.571429,15.285714,16.0,14.857143,15.714286,15.857143,0.285714,1.869159
2.2.1.巴拉圭,巴拉圭 活跃UV,201.571429,202.142857,205.0,207.285714,201.0,207.714286,-0.571429,-0.282686
2.2.1.巴拿马,巴拿马 活跃UV,142.142857,142.285714,125.857143,132.285714,133.428571,140.142857,-0.142857,-0.100402
2.2.1.巴林,巴林 活跃UV,17.0,16.571429,15.0,17.714286,25.142857,20.428571,0.428571,2.586207
2.2.1.巴西,巴西 活跃UV,82867.142857,80034.714286,84789.714286,78422.142857,77271.142857,77716.571429,2832.428571,3.539
2.2.1.布基纳法索,布基纳法索 活跃UV,80.857143,79.571429,82.714286,82.714286,96.142857,87.0,1.285714,1.615799
2.2.1.布隆迪,布隆迪 活跃UV,27.571429,34.857143,33.0,31.428571,39.142857,31.142857,-7.285714,-20.901639
2.2.1.希腊,希腊 活跃UV,804.571429,761.714286,721.714286,740.714286,691.857143,649.857143,42.857143,5.626407
2.2.1.帕劳,帕劳 活跃UV,0.0,0.0,1.0,1.0,1.0,1.0,0.0,
2.2.1.库克群岛,库克群岛 活跃UV,1.0,1.25,1.2,1.0,1.25,1.0,-0.25,-20.0
2.2.1.库拉索,库拉索 活跃UV,7.857143,7.714286,7.714286,7.571429,9.857143,6.571429,0.142857,1.851852
2.2.1.开曼群岛,开曼群岛 活跃UV,4.166667,5.714286,4.857143,4.857143,4.857143,3.285714,-1.547619,-27.083333
2.2.1.德国,德国 活跃UV,3026.142857,2941.714286,2886.428571,2982.714286,3123.285714,2579.142857,84.428571,2.870047
2.2.1.意大利,意大利 活跃UV,1417.857143,1414.428571,1428.0,1449.714286,1307.571429,1284.857143,3.428571,0.2424
2.2.1.所罗门群岛,所罗门群岛 活跃UV,3.285714,2.857143,4.0,3.166667,3.857143,3.714286,0.428571,15.0
2.2.1.拉脱维亚,拉脱维亚 活跃UV,179.428571,159.428571,168.428571,158.571429,150.571429,152.714286,20.0,12.544803
2.2.1.挪威,挪威 活跃UV,143.857143,160.285714,148.571429,149.0,137.285714,142.285714,-16.428571,-10.249554
2.2.1.捷克,捷克 活跃UV,197.714286,182.857143,180.714286,199.285714,194.571429,180.285714,14.857143,8.125
2.2.1.摩尔多瓦,摩尔多瓦 活跃UV,97.714286,89.142857,98.285714,98.142857,121.0,111.285714,8.571429,9.615385
2.2.1.摩洛哥,摩洛哥 活跃UV,370.428571,365.0,353.142857,376.285714,456.0,363.428571,5.428571,1.48728
2.2.1.摩纳哥,摩纳哥 活跃UV,2.0,2.5,2.6,1.5,1.5,2.0,-0.5,-20.0
2.2.1.文莱,文莱 活跃UV,9.285714,7.857143,9.428571,11.0,11.285714,10.285714,1.428571,18.181818
2.2.1.斐济,斐济 活跃UV,16.0,14.142857,14.142857,11.428571,12.428571,15.428571,1.857143,13.131313
2.2.1.斯威士兰,斯威士兰 活跃UV,6.285714,5.857143,4.571429,6.0,5.285714,5.166667,0.428571,7.317073
2.2.1.斯洛伐克,斯洛伐克 活跃UV,150.142857,132.714286,131.714286,129.142857,142.0,129.428571,17.428571,13.1324
2.2.1.斯洛文尼亚,斯洛文尼亚 活跃UV,66.714286,65.142857,66.857143,61.285714,65.285714,68.0,1.571429,2.412281
2.2.1.斯里兰卡,斯里兰卡 活跃UV,143.571429,149.142857,142.0,156.0,166.571429,155.714286,-5.571429,-3.735632
2.2.1.新加坡,新加坡 活跃UV,246.714286,223.285714,222.142857,232.571429,242.428571,197.0,23.428571,10.492642
2.2.1.新喀里多尼亚,新喀里多尼亚 活跃UV,1.666667,1.5,1.666667,1.75,1.0,1.0,0.166667,11.111111
2.2.1.新西兰,新西兰 活跃UV,115.714286,120.142857,127.142857,124.571429,129.857143,120.142857,-4.428571,-3.686088
2.2.1.日本,日本 活跃UV,185.571429,199.0,154.857143,230.714286,227.285714,149.571429,-13.428571,-6.748026
2.2.1.智利,智利 活跃UV,660.714286,662.714286,637.142857,634.714286,667.714286,695.0,-2.0,-0.301789
2.2.1.柬埔寨,柬埔寨 活跃UV,20.857143,26.0,24.285714,25.428571,24.571429,25.142857,-5.142857,-19.78022
2.2.1.根西岛,根西岛 活跃UV,1.8,1.571429,1.428571,1.75,2.0,1.0,0.228571,14.545455
2.2.1.格林纳达,格林纳达 活跃UV,7.571429,6.142857,4.714286,5.0,6.428571,5.428571,1.428571,23.255814
2.2.1.格陵兰,格陵兰 活跃UV,1.0,1.0,1.0,0.0,1.0,1.0,0.0,0.0
2.2.1.格鲁吉亚,格鲁吉亚 活跃UV,193.285714,201.285714,194.714286,197.428571,179.142857,182.714286,-8.0,-3.97445
2.2.1.梵蒂冈,梵蒂冈 活跃UV,0.0,0.0,1.0,0.0,0.0,0.0,0.0,
2.2.1.比利时,比利时 活跃UV,203.857143,199.857143,198.714286,197.285714,230.714286,196.0,4.0,2.00143
2.2.1.毛里塔尼亚,毛里塔尼亚 活跃UV,11.714286,9.428571,10.428571,10.571429,13.428571,11.142857,2.285714,24.242424
2.2.1.毛里求斯,毛里求斯 活跃UV,40.857143,37.285714,40.142857,33.714286,41.857143,37.285714,3.571429,9.578544
2.2.1.汤加,汤加 活跃UV,1.5,0.0,0.0,1.0,1.0,1.0,1.5,
2.2.1.沙特阿拉伯,沙特阿拉伯 活跃UV,264.714286,268.0,282.857143,304.714286,438.571429,287.428571,-3.285714,-1.226013
2.2.1.法国,法国 活跃UV,995.285714,1015.714286,1031.428571,1057.857143,1131.857143,911.142857,-20.428571,-2.011252
2.2.1.法属圣马丁,法属圣马丁 活跃UV,1.5,2.0,1.5,1.0,1.25,1.0,-0.5,-25.0
2.2.1.法属圭亚那,法属圭亚那 活跃UV,2.0,2.333333,1.833333,2.0,2.142857,2.666667,-0.333333,-14.285714
2.2.1.法属波利尼西亚,法属波利尼西亚 活跃UV,2.714286,3.2,1.857143,3.0,2.571429,2.166667,-0.485714,-15.178571
2.2.1.法罗群岛,法罗群岛 活跃UV,1.0,1.0,1.0,1.0,1.333333,1.5,0.0,0.0
2.2.1.波兰,波兰 活跃UV,776.571429,741.0,695.142857,784.428571,793.714286,714.285714,35.571429,4.800463
2.2.1.波多黎各,波多黎各 活跃UV,87.285714,93.285714,86.571429,89.0,95.857143,85.857143,-6.0,-6.431853
2.2.1.波黑,波黑 活跃UV,444.0,445.857143,466.428571,456.142857,537.285714,471.0,-1.857143,-0.416533
2.2.1.泰国,泰国 活跃UV,154.857143,159.428571,158.285714,162.857143,172.428571,164.857143,-4.571429,-2.867384
2.2.1.泽西岛,泽西岛 活跃UV,3.714286,2.666667,2.833333,1.857143,4.142857,2.714286,1.047619,39.285714
2.2.1.津巴布韦,津巴布韦 活跃UV,41.0,42.0,37.714286,39.571429,48.857143,45.0,-1.0,-2.380952
2.2.1.洪都拉斯,洪都拉斯 活跃UV,211.428571,217.857143,216.714286,213.142857,211.285714,210.714286,-6.428571,-2.95082
2.2.1.海地,海地 活跃UV,215.857143,216.857143,209.428571,236.0,229.428571,235.285714,-1.0,-0.461133
2.2.1.澳大利亚,澳大利亚 活跃UV,944.142857,954.285714,978.571429,1002.714286,1029.571429,1011.571429,-10.142857,-1.062874
2.2.1.爱尔兰,爱尔兰 活跃UV,351.571429,300.857143,280.571429,298.285714,314.857143,289.142857,50.714286,16.8566
2.2.1.爱沙尼亚,爱沙尼亚 活跃UV,103.571429,93.428571,94.714286,96.0,87.428571,82.285714,10.142857,10.856269
2.2.1.牙买加,牙买加 活跃UV,74.428571,72.571429,72.428571,63.428571,72.0,73.857143,1.857143,2.559055
2.2.1.特克斯和凯科斯群岛,特克斯和凯科斯群岛 活跃UV,3.333333,2.666667,1.5,3.0,2.166667,2.142857,0.666667,25.0
2.2.1.特立尼达和多巴哥,特立尼达和多巴哥 活跃UV,95.714286,95.142857,82.857143,89.285714,97.285714,90.571429,0.571429,0.600601
2.2.1.玻利维亚,玻利维亚 活跃UV,381.142857,359.0,381.428571,389.857143,457.428571,388.285714,22.142857,6.167927
2.2.1.瑙鲁,瑙鲁 活跃UV,1.0,1.0,0.0,1.0,1.0,0.0,0.0,0.0
2.2.1.瑞典,瑞典 活跃UV,357.714286,368.714286,334.857143,320.857143,308.285714,278.571429,-11.0,-2.98334
2.2.1.瑞士,瑞士 活跃UV,248.428571,235.571429,234.285714,219.714286,245.571429,217.285714,12.857143,5.457853
2.2.1.瓜德罗普,瓜德罗普 活跃UV,3.428571,2.285714,2.5,1.6,2.285714,2.428571,1.142857,50.0
2.2.1.瓦利斯和富图纳群岛,瓦利斯和富图纳群岛 活跃UV,0.0,0.0,0.0,0.0,0.0,0.0,0.0,
2.2.1.瓦努阿图,瓦努阿图 活跃UV,1.4,1.2,1.166667,1.2,1.333333,1.5,0.2,16.666667
2.2.1.留尼汪岛,留尼汪岛 活跃UV,7.0,5.714286,4.428571,5.142857,5.857143,5.714286,1.285714,22.5
2.2.1.白俄罗斯,白俄罗斯 活跃UV,679.571429,634.142857,649.571429,625.571429,625.0,666.285714,45.428571,7.163776
2.2.1.百慕大,百慕大 活跃UV,5.285714,4.714286,4.142857,3.285714,3.428571,4.0,0.571429,12.121212
2.2.1.直布罗陀,直布罗陀 活跃UV,3.285714,2.857143,2.571429,2.666667,4.0,2.571429,0.428571,15.0
2.2.1.福克兰群岛,福克兰群岛 活跃UV,0.0,1.0,1.0,1.0,1.0,0.0,-1.0,-100.0
2.2.1.科威特,科威特 活跃UV,30.0,34.571429,34.857143,32.857143,48.142857,38.857143,-4.571429,-13.22314
2.2.1.科摩罗,科摩罗 活跃UV,7.0,6.571429,8.0,7.285714,11.714286,8.857143,0.428571,6.521739
2.2.1.科特迪瓦,科特迪瓦 活跃UV,55.714286,68.0,62.714286,54.714286,64.142857,59.0,-12.285714,-18.067227
2.2.1.科索沃,科索沃 活跃UV,14.0,11.285714,13.428571,14.714286,16.428571,15.0,2.714286,24.050633
2.2.1.秘鲁,秘鲁 活跃UV,1465.857143,1442.0,1383.571429,1428.571429,1497.285714,1502.0,23.857143,1.654448
2.2.1.突尼斯,突尼斯 活跃UV,167.142857,170.857143,166.571429,177.571429,174.857143,170.142857,-3.714286,-2.173913
2.2.1.立陶宛,立陶宛 活跃UV,181.142857,154.714286,152.571429,168.285714,164.285714,148.285714,26.428571,17.082179
2.2.1.索马里,索马里 活跃UV,55.571429,52.571429,50.285714,54.285714,62.285714,49.714286,3.0,5.706522
2.2.1.约旦,约旦 活跃UV,117.428571,112.857143,117.714286,121.857143,163.285714,128.0,4.571429,4.050633
2.2.1.纳米比亚,纳米比亚 活跃UV,19.714286,18.714286,20.142857,16.857143,19.714286,20.571429,1.0,5.343511
2.2.1.纽埃岛,纽埃岛 活跃UV,1.0,0.0,0.0,0.0,0.0,0.0,1.0,
2.2.1.缅甸,缅甸 活跃UV,90.571429,94.714286,91.0,87.0,84.571429,85.428571,-4.142857,-4.374057
2.2.1.罗马尼亚,罗马尼亚 活跃UV,494.428571,518.428571,487.0,512.285714,517.285714,500.0,-24.0,-4.629374
2.2.1.美国,美国 活跃UV,11613.142857,11765.428571,11639.714286,11612.0,11871.142857,11329.428571,-152.285714,-1.294349
2.2.1.美属维尔京群岛,美属维尔京群岛 活跃UV,2.571429,2.428571,2.0,2.428571,2.666667,2.0,0.142857,5.882353
2.2.1.美属萨摩亚,美属萨摩亚 活跃UV,1.0,0.0,0.0,0.0,0.0,0.0,1.0,
2.2.1.老挝,老挝 活跃UV,6.571429,5.714286,8.142857,6.142857,6.857143,8.0,0.857143,15.0
2.2.1.肯尼亚,肯尼亚 活跃UV,529.857143,517.285714,530.428571,534.714286,549.0,534.0,12.571429,2.430268
2.2.1.芬兰,芬兰 活跃UV,290.714286,299.0,275.0,285.857143,264.428571,237.714286,-8.285714,-2.771142
2.2.1.苏丹,苏丹 活跃UV,29.0,32.285714,30.142857,33.0,39.142857,27.0,-3.285714,-10.176991
2.2.1.苏里南,苏里南 活跃UV,8.857143,8.285714,9.428571,11.0,9.428571,10.142857,0.571429,6.896552
2.2.1.英国,英国 活跃UV,4414.142857,4292.428571,4018.285714,4037.714286,4807.714286,4078.285714,121.714286,2.835558
2.2.1.英属印度洋领地,英属印度洋领地 活跃UV,1.0,1.0,0.0,1.0,0.0,1.0,0.0,0.0
2.2.1.英属维尔京群岛,英属维尔京群岛 活跃UV,2.857143,3.857143,2.857143,1.714286,2.857143,2.5,-1.0,-25.925926
2.2.1.荷兰,荷兰 活跃UV,1334.571429,1328.714286,1306.428571,1314.428571,1442.857143,1341.571429,5.857143,0.440813
2.2.1.荷兰加勒比,荷兰加勒比 活跃UV,1.0,1.0,1.5,1.25,1.0,1.2,0.0,0.0
2.2.1.荷属圣马丁,荷属圣马丁 活跃UV,2.666667,1.714286,1.666667,2.0,2.428571,2.0,0.952381,55.555556
2.2.1.荷属安的列斯,荷属安的列斯 活跃UV,1.0,0.0,1.0,0.0,0.0,1.0,1.0,
2.2.1.莫桑比克,莫桑比克 活跃UV,392.714286,381.857143,388.285714,431.714286,451.571429,436.142857,10.857143,2.843247
2.2.1.莱索托,莱索托 活跃UV,6.428571,5.285714,5.428571,5.285714,3.857143,3.142857,1.142857,21.621622
2.2.1.菲律宾,菲律宾 活跃UV,1547.285714,1618.571429,1622.714286,1656.857143,1713.285714,1735.571429,-71.285714,-4.404237
2.2.1.萨尔瓦多,萨尔瓦多 活跃UV,227.142857,234.857143,230.571429,222.571429,225.857143,231.285714,-7.714286,-3.284672
2.2.1.萨摩亚,萨摩亚 活跃UV,1.0,0.0,1.0,1.142857,1.0,1.0,1.0,
2.2.1.葡萄牙,葡萄牙 活跃UV,830.142857,829.714286,875.285714,837.142857,819.428571,759.142857,0.428571,0.051653
2.2.1.蒙古,蒙古 活跃UV,7.0,9.142857,10.285714,11.142857,10.0,9.285714,-2.142857,-23.4375
2.2.1.蒙塞拉特岛,蒙塞拉特岛 活跃UV,1.0,1.0,1.0,1.0,0.0,0.0,0.0,0.0
2.2.1.西班牙,西班牙 活跃UV,1451.857143,1442.571429,1441.428571,1388.571429,1474.571429,1398.857143,9.285714,0.643692
2.2.1.贝宁,贝宁 活跃UV,47.0,46.428571,43.857143,45.0,52.857143,43.571429,0.571429,1.230769
2.2.1.赞比亚,赞比亚 活跃UV,68.571429,66.428571,73.142857,75.857143,75.857143,79.428571,2.142857,3.225806
2.2.1.赤道几内亚,赤道几内亚 活跃UV,5.571429,3.714286,3.285714,5.142857,4.571429,5.285714,1.857143,50.0
2.2.1.越南,越南 活跃UV,95.142857,103.0,101.428571,94.571429,104.142857,106.714286,-7.857143,-7.628294
2.2.1.阿塞拜疆,阿塞拜疆 活跃UV,189.142857,189.428571,203.428571,195.428571,207.142857,170.142857,-0.285714,-0.15083
2.2.1.阿富汗,阿富汗 活跃UV,90.857143,97.714286,100.142857,124.428571,148.714286,100.714286,-6.857143,-7.017544
2.2.1.阿尔及利亚,阿尔及利亚 活跃UV,196.142857,195.0,197.0,202.0,242.0,211.857143,1.142857,0.586081
2.2.1.阿尔巴尼亚,阿尔巴尼亚 活跃UV,106.857143,116.142857,99.571429,106.0,106.571429,96.142857,-9.285714,-7.99508
2.2.1.阿曼,阿曼 活跃UV,36.571429,36.857143,33.142857,36.857143,55.0,33.857143,-0.285714,-0.775194
2.2.1.阿根廷,阿根廷 活跃UV,2135.285714,2176.857143,2013.571429,2041.285714,2202.428571,2135.428571,-41.571429,-1.909699
2.2.1.阿联酋,阿联酋 活跃UV,216.0,207.714286,219.0,231.714286,288.857143,207.142857,8.285714,3.988996
2.2.1.阿鲁巴,阿鲁巴 活跃UV,10.571429,9.571429,9.142857,8.142857,10.428571,11.142857,1.0,10.447761
2.2.1.韩国,韩国 活跃UV,192.857143,175.285714,172.857143,191.142857,202.142857,193.0,17.571429,10.02445
2.2.1.马尔代夫,马尔代夫 活跃UV,17.285714,16.428571,15.857143,18.714286,22.285714,15.857143,0.857143,5.217391
2.2.1.马恩岛,马恩岛 活跃UV,2.142857,2.5,1.857143,2.2,2.833333,1.714286,-0.357143,-14.285714
2.2.1.马拉维,马拉维 活跃UV,87.285714,86.714286,83.428571,84.142857,87.571429,83.285714,0.571429,0.658979
2.2.1.马提尼克岛,马提尼克岛 活跃UV,1.857143,1.8,2.5,1.4,2.142857,2.142857,0.057143,3.174603
2.2.1.马来西亚,马来西亚 活跃UV,294.142857,298.714286,298.285714,324.428571,348.0,312.571429,-4.571429,-1.530368
2.2.1.马约特,马约特 活跃UV,1.0,1.0,1.0,0.0,0.0,1.0,0.0,0.0
2.2.1.马绍尔群岛,马绍尔群岛 活跃UV,1.0,0.0,0.0,0.0,0.0,0.0,1.0,
2.2.1.马耳他,马耳他 活跃UV,56.428571,54.142857,49.714286,51.142857,49.142857,45.571429,2.285714,4.221636
2.2.1.马达加斯加,马达加斯加 活跃UV,268.285714,240.428571,246.142857,251.0,280.857143,267.714286,27.857143,11.586453
2.2.1.马里,马里 活跃UV,49.142857,59.142857,61.285714,27.714286,32.714286,21.142857,-10.0,-16.908213
2.2.1.黎巴嫩,黎巴嫩 活跃UV,259.142857,275.0,270.0,279.714286,300.714286,255.142857,-15.857143,-5.766234
2.2.1.黑山,黑山 活跃UV,131.285714,110.571429,114.428571,99.428571,108.0,101.142857,20.714286,18.73385
2.2.2,iOS 活跃UV,516456.142857,512266.0,522823.142857,504287.285714,513735.571429,489938.285714,4190.142857,0.817962
2.2.2.unknow,unknow 活跃UV,34.0,26.714286,29.285714,32.0,39.428571,39.285714,7.285714,27.272727
2.2.2.不丹,不丹 活跃UV,2.857143,2.666667,3.6,3.0,2.833333,1.833333,0.190476,7.142857
2.2.2.东帝汶,东帝汶 活跃UV,4.0,4.142857,4.285714,6.142857,5.428571,5.0,-0.142857,-3.448276
2.2.2.中国,中国 活跃UV,255.142857,149.428571,155.714286,149.285714,143.714286,143.714286,105.714286,70.745698
2.2.2.中国台湾,中国台湾 活跃UV,108.0,115.571429,100.285714,124.0,134.428571,137.285714,-7.571429,-6.551298
2.2.2.中国澳门,中国澳门 活跃UV,11.0,12.0,11.428571,17.428571,17.714286,14.142857,-1.0,-8.333333
2.2.2.中国香港,中国香港 活跃UV,841.857143,486.428571,608.714286,736.428571,447.571429,667.285714,355.428571,73.069016
2.2.2.中非,中非 活跃UV,1.333333,1.25,1.666667,1.0,1.0,1.333333,0.083333,6.666667
2.2.2.丹麦,丹麦 活跃UV,896.0,777.0,746.571429,763.571429,824.0,718.714286,119.0,15.315315
2.2.2.乌克兰,乌克兰 活跃UV,6571.857143,6165.428571,6196.142857,6025.857143,6537.857143,6087.857143,406.428571,6.592057
2.2.2.乌兹别克斯坦,乌兹别克斯坦 活跃UV,194.857143,200.571429,191.142857,195.714286,215.142857,187.571429,-5.714286,-2.849003
2.2.2.乌干达,乌干达 活跃UV,98.571429,91.714286,97.0,102.428571,97.571429,93.857143,6.857143,7.476636
2.2.2.乌拉圭,乌拉圭 活跃UV,250.428571,267.571429,266.0,262.857143,253.428571,274.285714,-17.142857,-6.406834
2.2.2.乍得,乍得 活跃UV,4.142857,2.428571,3.5,3.714286,2.285714,3.142857,1.714286,70.588235
2.2.2.也门,也门 活跃UV,6.857143,6.285714,6.142857,7.857143,9.857143,6.714286,0.571429,9.090909
2.2.2.亚美尼亚,亚美尼亚 活跃UV,504.857143,497.714286,392.571429,380.857143,384.571429,374.0,7.142857,1.435132
2.2.2.以色列,以色列 活跃UV,2058.142857,2147.714286,2145.285714,2145.0,2282.0,2105.285714,-89.571429,-4.170547
2.2.2.伊拉克,伊拉克 活跃UV,374.714286,401.285714,413.0,443.285714,558.428571,427.285714,-26.571429,-6.621574
2.2.2.伊朗,伊朗 活跃UV,1852.714286,2087.285714,2075.428571,2087.428571,1629.857143,271.714286,-234.571429,-11.238108
2.2.2.伯利兹,伯利兹 活跃UV,43.714286,43.428571,46.142857,49.285714,46.428571,49.142857,0.285714,0.657895
2.2.2.佛得角,佛得角 活跃UV,43.142857,45.0,45.714286,43.571429,39.571429,41.428571,-1.857143,-4.126984
2.2.2.俄罗斯,俄罗斯 活跃UV,18720.428571,18787.0,20168.428571,18751.857143,18704.0,18446.0,-66.571429,-0.354348
2.2.2.保加利亚,保加利亚 活跃UV,1026.857143,1032.714286,988.857143,976.428571,1058.142857,903.142857,-5.857143,-0.56716
2.2.2.克罗地亚,克罗地亚 活跃UV,1429.428571,1296.857143,1243.142857,1228.0,1205.285714,1084.142857,132.571429,10.222516
2.2.2.关岛,关岛 活跃UV,29.142857,33.428571,34.428571,35.428571,34.714286,33.714286,-4.285714,-12.820513
2.2.2.冈比亚,冈比亚 活跃UV,158.714286,161.571429,175.428571,239.142857,288.285714,149.285714,-2.857143,-1.768347
2.2.2.冰岛,冰岛 活跃UV,105.285714,120.0,107.857143,99.571429,102.0,103.857143,-14.714286,-12.261905
2.2.2.几内亚,几内亚 活跃UV,49.0,52.428571,55.714286,55.857143,61.285714,42.714286,-3.428571,-6.53951
2.2.2.几内亚比绍,几内亚比绍 活跃UV,5.142857,6.142857,5.142857,5.571429,6.142857,4.285714,-1.0,-16.27907
2.2.2.列支敦士登,列支敦士登 活跃UV,3.5,3.333333,2.428571,3.857143,7.428571,6.0,0.166667,5.0
2.2.2.刚果共和国,刚果共和国 活跃UV,19.142857,21.285714,21.571429,13.857143,20.857143,14.285714,-2.142857,-10.067114
2.2.2.刚果民主共和国,刚果民主共和国 活跃UV,58.428571,64.285714,65.571429,62.571429,66.0,60.857143,-5.857143,-9.111111
2.2.2.利比亚,利比亚 活跃UV,57.714286,55.571429,56.0,59.428571,65.0,54.571429,2.142857,3.856041
2.2.2.利比里亚,利比里亚 活跃UV,132.571429,139.285714,137.285714,132.142857,131.428571,137.714286,-6.714286,-4.820513
2.2.2.加拿大,加拿大 活跃UV,10321.142857,9974.714286,10000.0,9881.142857,9764.142857,9783.285714,346.428571,3.473068
2.2.2.加纳,加纳 活跃UV,844.428571,882.0,869.142857,809.0,909.857143,820.571429,-37.571429,-4.259799
2.2.2.加蓬,加蓬 活跃UV,1.8,1.5,1.25,2.0,1.4,1.857143,0.3,20.0
2.2.2.匈牙利,匈牙利 活跃UV,732.714286,718.142857,717.571429,690.142857,731.0,677.857143,14.571429,2.029043
2.2.2.北马其顿,北马其顿 活跃UV,494.571429,492.428571,527.0,536.285714,580.142857,510.0,2.142857,0.435161
2.2.2.北马里亚纳群岛,北马里亚纳群岛 活跃UV,0.0,0.0,0.0,1.0,0.0,0.0,0.0,
2.2.2.南极洲,南极洲 活跃UV,1.0,1.0,1.0,1.0,1.0,1.5,0.0,0.0
2.2.2.南苏丹,南苏丹 活跃UV,71.714286,74.714286,63.714286,68.0,60.285714,62.0,-3.0,-4.015296
2.2.2.南非,南非 活跃UV,1637.714286,1754.428571,1653.571429,1695.142857,1744.142857,1725.857143,-116.714286,-6.652553
2.2.2.博茨瓦纳,博茨瓦纳 活跃UV,39.428571,37.142857,34.571429,46.285714,43.571429,40.285714,2.285714,6.153846
2.2.2.卡塔尔,卡塔尔 活跃UV,215.428571,230.857143,222.857143,235.0,281.285714,229.0,-15.428571,-6.683168
2.2.2.卢旺达,卢旺达 活跃UV,40.285714,39.428571,39.428571,38.714286,40.714286,38.142857,0.857143,2.173913
2.2.2.卢森堡,卢森堡 活跃UV,112.0,107.428571,115.142857,110.285714,128.714286,99.285714,4.571429,4.255319
2.2.2.印度,印度 活跃UV,286.0,297.142857,300.142857,328.714286,327.428571,316.714286,-11.142857,-3.75
2.2.2.印度尼西亚,印度尼西亚 活跃UV,1000.571429,967.428571,952.714286,983.857143,1019.857143,942.714286,33.142857,3.425871
2.2.2.危地马拉,危地马拉 活跃UV,431.857143,456.285714,430.857143,433.0,453.857143,453.428571,-24.428571,-5.353788
2.2.2.厄瓜多尔,厄瓜多尔 活跃UV,1039.714286,1079.714286,996.714286,1005.857143,1041.285714,1006.571429,-40.0,-3.704684
2.2.2.厄立特里亚,厄立特里亚 活跃UV,0.0,0.0,0.0,1.0,0.0,0.0,0.0,
2.2.2.叙利亚,叙利亚 活跃UV,85.857143,82.428571,85.857143,90.0,110.285714,81.142857,3.428571,4.159445
2.2.2.古巴,古巴 活跃UV,15.857143,14.142857,14.571429,13.0,15.0,16.714286,1.714286,12.121212
2.2.2.吉尔吉斯斯坦,吉尔吉斯斯坦 活跃UV,259.142857,246.857143,261.142857,252.857143,317.714286,190.428571,12.285714,4.976852
2.2.2.吉布提,吉布提 活跃UV,2.285714,1.5,1.666667,1.8,1.5,1.333333,0.785714,52.380952
2.2.2.哈萨克斯坦,哈萨克斯坦 活跃UV,1789.857143,1791.0,1813.142857,1678.428571,1864.857143,1286.571429,-1.142857,-0.063811
2.2.2.哥伦比亚,哥伦比亚 活跃UV,5736.571429,6041.0,5728.428571,5375.0,5584.857143,5826.571429,-304.428571,-5.039374
2.2.2.哥斯达黎加,哥斯达黎加 活跃UV,422.142857,403.571429,413.142857,427.285714,411.142857,420.142857,18.571429,4.60177
2.2.2.喀麦隆,喀麦隆 活跃UV,142.857143,152.714286,157.0,164.714286,166.285714,153.0,-9.857143,-6.45463
2.2.2.图瓦卢,图瓦卢 活跃UV,0.0,0.0,1.0,0.0,0.0,0.0,0.0,
2.2.2.土库曼斯坦,土库曼斯坦 活跃UV,2.714286,2.8,3.857143,4.142857,5.285714,3.0,-0.085714,-3.061224
2.2.2.土耳其,土耳其 活跃UV,6754.142857,6671.714286,6605.714286,6481.714286,7410.0,5809.142857,82.428571,1.235493
2.2.2.圣卢西亚,圣卢西亚 活跃UV,31.428571,33.714286,38.857143,37.857143,38.142857,31.428571,-2.285714,-6.779661
2.2.2.圣基茨和尼维斯,圣基茨和尼维斯 活跃UV,11.857143,5.285714,6.571429,9.428571,10.142857,8.571429,6.571429,124.324324
2.2.2.圣多美和普林西比,圣多美和普林西比 活跃UV,2.5,1.5,1.857143,2.714286,2.0,1.714286,1.0,66.666667
2.2.2.圣巴泰勒米岛,圣巴泰勒米岛 活跃UV,1.571429,1.714286,1.5,1.4,2.0,1.5,-0.142857,-8.333333
2.2.2.圣文森特和格林纳丁斯,圣文森特和格林纳丁斯 活跃UV,9.857143,8.285714,8.142857,7.285714,10.714286,10.285714,1.571429,18.965517
2.2.2.圣皮埃尔和密克隆群岛,圣皮埃尔和密克隆群岛 活跃UV,1.0,0.0,0.0,0.0,1.0,0.0,1.0,
2.2.2.圣马力诺,圣马力诺 活跃UV,1.666667,1.5,2.0,1.714286,1.333333,2.0,0.166667,11.111111
2.2.2.圭亚那,圭亚那 活跃UV,59.857143,56.857143,49.0,51.142857,75.428571,56.571429,3.0,5.276382
2.2.2.坦桑尼亚,坦桑尼亚 活跃UV,142.714286,134.142857,136.428571,135.0,124.428571,98.571429,8.571429,6.389776
2.2.2.埃及,埃及 活跃UV,1119.714286,1124.0,1115.571429,1194.0,1297.142857,1032.285714,-4.285714,-0.381291
2.2.2.埃塞俄比亚,埃塞俄比亚 活跃UV,47.428571,43.571429,51.571429,51.142857,50.714286,50.428571,3.857143,8.852459
2.2.2.基里巴斯,基里巴斯 活跃UV,1.0,1.0,1.0,1.0,1.0,1.0,0.0,0.0
2.2.2.塔吉克斯坦,塔吉克斯坦 活跃UV,28.428571,33.714286,29.857143,31.0,31.714286,27.571429,-5.285714,-15.677966
2.2.2.塞内加尔,塞内加尔 活跃UV,292.857143,332.285714,384.428571,510.142857,635.428571,340.857143,-39.428571,-11.865864
2.2.2.塞尔维亚,塞尔维亚 活跃UV,3353.571429,3435.0,3569.571429,3765.0,3783.0,3455.428571,-81.428571,-2.370555
2.2.2.塞拉利昂,塞拉利昂 活跃UV,55.0,62.857143,63.714286,57.285714,56.142857,48.0,-7.857143,-12.5
2.2.2.塞浦路斯,塞浦路斯 活跃UV,577.142857,561.0,545.142857,545.714286,504.857143,464.142857,16.142857,2.877515
2.2.2.塞舌尔,塞舌尔 活跃UV,27.857143,21.714286,18.142857,26.142857,30.571429,28.571429,6.142857,28.289474
2.2.2.墨西哥,墨西哥 活跃UV,8457.142857,8268.571429,8285.714286,7967.857143,8198.714286,8233.857143,188.571429,2.280581
2.2.2.多哥,多哥 活跃UV,26.714286,26.714286,28.285714,32.571429,42.857143,38.857143,0.0,0.0
2.2.2.多米尼克,多米尼克 活跃UV,8.142857,6.285714,5.428571,4.857143,7.714286,6.142857,1.857143,29.545455
2.2.2.多米尼加,多米尼加 活跃UV,782.714286,807.142857,800.428571,851.714286,838.285714,791.0,-24.428571,-3.026549
2.2.2.奥兰群岛,奥兰群岛 活跃UV,2.0,1.4,1.5,1.166667,1.0,1.25,0.6,42.857143
2.2.2.奥地利,奥地利 活跃UV,1055.285714,1096.571429,1104.571429,1092.428571,1134.714286,1025.857143,-41.285714,-3.764982
2.2.2.委内瑞拉,委内瑞拉 活跃UV,540.428571,752.714286,750.857143,719.285714,727.714286,724.142857,-212.285714,-28.202695
2.2.2.孟加拉,孟加拉 活跃UV,451.285714,460.714286,482.714286,530.857143,601.285714,409.571429,-9.428571,-2.046512
2.2.2.安哥拉,安哥拉 活跃UV,143.428571,146.0,156.285714,160.571429,161.428571,149.142857,-2.571429,-1.761252
2.2.2.安圭拉,安圭拉 活跃UV,4.857143,3.714286,9.571429,7.714286,6.428571,7.714286,1.142857,30.769231
2.2.2.安提瓜和巴布达,安提瓜和巴布达 活跃UV,35.428571,33.857143,37.0,32.857143,41.571429,32.428571,1.571429,4.64135
2.2.2.安道尔,安道尔 活跃UV,9.714286,14.0,12.571429,12.714286,9.142857,8.142857,-4.285714,-30.612245
2.2.2.密克罗尼西亚联邦,密克罗尼西亚联邦 活跃UV,0.0,1.0,0.0,1.0,1.0,1.0,-1.0,-100.0
2.2.2.尼加拉瓜,尼加拉瓜 活跃UV,113.571429,114.857143,118.142857,117.428571,133.714286,115.571429,-1.285714,-1.119403
2.2.2.尼日利亚,尼日利亚 活跃UV,4834.428571,4892.714286,5005.857143,5004.857143,6012.428571,4999.142857,-58.285714,-1.191276
2.2.2.尼日尔,尼日尔 活跃UV,14.428571,13.857143,14.0,14.571429,17.857143,15.0,0.571429,4.123711
2.2.2.尼泊尔,尼泊尔 活跃UV,83.857143,91.428571,92.571429,104.285714,104.857143,107.571429,-7.571429,-8.28125
2.2.2.巴勒斯坦,巴勒斯坦 活跃UV,277.857143,285.857143,296.857143,299.857143,347.142857,286.857143,-8.0,-2.798601
2.2.2.巴哈马,巴哈马 活跃UV,125.285714,127.285714,131.857143,115.571429,123.428571,112.857143,-2.0,-1.571268
2.2.2.巴基斯坦,巴基斯坦 活跃UV,686.142857,750.857143,782.285714,878.285714,1324.857143,744.428571,-64.714286,-8.618721
2.2.2.巴巴多斯,巴巴多斯 活跃UV,49.0,61.857143,60.285714,55.285714,62.571429,58.714286,-12.857143,-20.785219
2.2.2.巴布亚新几内亚,巴布亚新几内亚 活跃UV,6.285714,6.571429,5.571429,4.714286,5.714286,7.428571,-0.285714,-4.347826
2.2.2.巴拉圭,巴拉圭 活跃UV,670.142857,663.571429,703.285714,711.857143,676.0,662.571429,6.571429,0.990312
2.2.2.巴拿马,巴拿马 活跃UV,310.857143,330.428571,324.428571,328.142857,329.571429,333.428571,-19.571429,-5.923044
2.2.2.巴林,巴林 活跃UV,69.142857,81.857143,83.571429,83.285714,96.857143,75.142857,-12.714286,-15.532286
2.2.2.巴西,巴西 活跃UV,201509.285714,197921.428571,211611.285714,195110.571429,189775.857143,188725.714286,3587.857143,1.812768
2.2.2.布基纳法索,布基纳法索 活跃UV,109.714286,112.714286,126.0,116.571429,147.428571,119.428571,-3.0,-2.661597
2.2.2.布隆迪,布隆迪 活跃UV,10.142857,9.571429,10.285714,11.0,10.0,9.285714,0.571429,5.970149
2.2.2.希腊,希腊 活跃UV,3899.0,3800.714286,3684.142857,3653.285714,3180.714286,2947.428571,98.285714,2.58598
2.2.2.帕劳,帕劳 活跃UV,0.0,0.0,1.0,1.0,1.0,1.0,0.0,
2.2.2.库克群岛,库克群岛 活跃UV,4.666667,2.0,3.714286,3.714286,3.857143,2.285714,2.666667,133.333333
2.2.2.库拉索,库拉索 活跃UV,50.857143,52.714286,44.142857,53.142857,55.0,52.142857,-1.857143,-3.523035
2.2.2.开曼群岛,开曼群岛 活跃UV,31.428571,32.857143,31.571429,33.0,44.0,36.714286,-1.428571,-4.347826
2.2.2.德国,德国 活跃UV,13266.142857,13160.714286,12461.428571,12412.571429,12653.142857,11244.857143,105.428571,0.801085
2.2.2.意大利,意大利 活跃UV,4461.428571,4380.857143,4385.142857,4348.714286,4094.285714,3877.285714,80.571429,1.83917
2.2.2.所罗门群岛,所罗门群岛 活跃UV,1.857143,2.6,2.5,1.714286,2.2,2.25,-0.742857,-28.571429
2.2.2.拉脱维亚,拉脱维亚 活跃UV,844.285714,719.857143,697.571429,683.285714,662.714286,612.428571,124.428571,17.285176
2.2.2.挪威,挪威 活跃UV,680.142857,961.428571,936.0,877.142857,822.0,771.0,-281.285714,-29.257058
2.2.2.捷克,捷克 活跃UV,837.0,805.285714,782.285714,783.857143,837.285714,789.0,31.714286,3.938265
2.2.2.摩尔多瓦,摩尔多瓦 活跃UV,536.714286,478.142857,547.428571,540.142857,612.142857,668.571429,58.571429,12.249776
2.2.2.摩洛哥,摩洛哥 活跃UV,484.571429,479.142857,478.857143,488.285714,559.428571,474.571429,5.428571,1.132976
2.2.2.摩纳哥,摩纳哥 活跃UV,19.714286,23.571429,27.428571,32.428571,21.142857,17.142857,-3.857143,-16.363636
2.2.2.文莱,文莱 活跃UV,14.142857,12.142857,11.142857,11.714286,14.428571,11.857143,2.0,16.470588
2.2.2.斐济,斐济 活跃UV,33.571429,29.142857,28.571429,33.285714,31.857143,32.285714,4.428571,15.196078
2.2.2.斯威士兰,斯威士兰 活跃UV,5.428571,5.285714,5.428571,5.571429,5.0,2.428571,0.142857,2.702703
2.2.2.斯洛伐克,斯洛伐克 活跃UV,442.0,421.571429,415.285714,413.0,420.714286,412.0,20.428571,4.845815
2.2.2.斯洛文尼亚,斯洛文尼亚 活跃UV,259.142857,244.285714,246.428571,233.0,255.857143,243.571429,14.857143,6.081871
2.2.2.斯里兰卡,斯里兰卡 活跃UV,162.285714,159.0,155.428571,167.285714,190.714286,168.714286,3.285714,2.066487
2.2.2.新加坡,新加坡 活跃UV,453.714286,444.857143,459.714286,486.857143,535.285714,496.0,8.857143,1.991008
2.2.2.新喀里多尼亚,新喀里多尼亚 活跃UV,2.571429,3.142857,1.5,2.857143,2.166667,2.857143,-0.571429,-18.181818
2.2.2.新西兰,新西兰 活跃UV,570.714286,548.285714,559.285714,588.857143,585.285714,601.0,22.428571,4.090672
2.2.2.日本,日本 活跃UV,567.571429,616.714286,594.0,657.0,785.428571,767.714286,-49.142857,-7.968497
2.2.2.智利,智利 活跃UV,1111.714286,1091.714286,1063.428571,1019.857143,1057.571429,1120.714286,20.0,1.831981
2.2.2.柬埔寨,柬埔寨 活跃UV,91.857143,113.0,112.571429,99.285714,92.428571,93.142857,-21.142857,-18.710493
2.2.2.根西岛,根西岛 活跃UV,20.285714,21.428571,22.428571,17.571429,28.714286,20.0,-1.142857,-5.333333
2.2.2.格林纳达,格林纳达 活跃UV,15.714286,15.0,12.571429,13.857143,16.142857,16.0,0.714286,4.761905
2.2.2.格陵兰,格陵兰 活跃UV,1.571429,1.75,1.5,1.5,2.0,1.5,-0.178571,-10.204082
2.2.2.格鲁吉亚,格鲁吉亚 活跃UV,1212.0,1206.0,1256.714286,1214.142857,1120.142857,1098.0,6.0,0.497512
2.2.2.梵蒂冈,梵蒂冈 活跃UV,0.0,0.0,0.0,0.0,0.0,0.0,0.0,
2.2.2.比利时,比利时 活跃UV,978.571429,955.714286,934.571429,905.714286,1062.857143,946.428571,22.857143,2.391629
2.2.2.毛里塔尼亚,毛里塔尼亚 活跃UV,14.857143,16.142857,20.285714,17.714286,26.142857,17.0,-1.285714,-7.964602
2.2.2.毛里求斯,毛里求斯 活跃UV,74.142857,75.428571,77.857143,74.285714,79.571429,79.285714,-1.285714,-1.704545
2.2.2.汤加,汤加 活跃UV,2.666667,1.285714,2.166667,2.5,2.0,1.333333,1.380952,107.407407
2.2.2.沙特阿拉伯,沙特阿拉伯 活跃UV,644.714286,674.857143,682.714286,697.571429,841.285714,663.857143,-30.142857,-4.466554
2.2.2.法国,法国 活跃UV,3603.714286,3686.0,3621.285714,3412.285714,3547.714286,3133.428571,-82.285714,-2.232385
2.2.2.法属圣马丁,法属圣马丁 活跃UV,3.857143,4.857143,5.857143,5.142857,5.571429,7.428571,-1.0,-20.588235
2.2.2.法属圭亚那,法属圭亚那 活跃UV,5.714286,5.714286,7.571429,6.714286,3.857143,5.142857,0.0,0.0
2.2.2.法属波利尼西亚,法属波利尼西亚 活跃UV,10.285714,9.428571,11.142857,11.142857,10.428571,12.285714,0.857143,9.090909
2.2.2.法罗群岛,法罗群岛 活跃UV,5.857143,5.428571,5.142857,5.285714,6.285714,6.0,0.428571,7.894737
2.2.2.波兰,波兰 活跃UV,2789.857143,2584.714286,2512.571429,2571.571429,2638.428571,2455.714286,205.142857,7.936771
2.2.2.波多黎各,波多黎各 活跃UV,664.142857,667.285714,660.142857,671.142857,691.0,665.0,-3.142857,-0.470991
2.2.2.波黑,波黑 活跃UV,1154.857143,1230.0,1273.142857,1265.285714,1415.857143,1248.428571,-75.142857,-6.109175
2.2.2.泰国,泰国 活跃UV,509.714286,509.428571,512.142857,520.0,546.857143,546.428571,0.285714,0.056085
2.2.2.泽西岛,泽西岛 活跃UV,31.857143,31.0,19.142857,23.571429,29.428571,26.714286,0.857143,2.764977
2.2.2.津巴布韦,津巴布韦 活跃UV,43.714286,46.857143,47.285714,53.428571,55.0,49.142857,-3.142857,-6.707317
2.2.2.洪都拉斯,洪都拉斯 活跃UV,364.142857,348.142857,350.857143,346.142857,353.714286,336.571429,16.0,4.595815
2.2.2.海地,海地 活跃UV,126.714286,116.857143,120.714286,137.571429,132.0,143.857143,9.857143,8.435208
2.2.2.澳大利亚,澳大利亚 活跃UV,8664.142857,8723.428571,9076.285714,9092.285714,9022.285714,9018.571429,-59.285714,-0.679615
2.2.2.爱尔兰,爱尔兰 活跃UV,2441.285714,2266.571429,2130.428571,2309.571429,2513.857143,2197.714286,174.714286,7.708307
2.2.2.爱沙尼亚,爱沙尼亚 活跃UV,541.857143,503.857143,483.285714,467.142857,418.142857,404.428571,38.0,7.54182
2.2.2.牙买加,牙买加 活跃UV,351.142857,337.142857,332.0,313.714286,357.428571,343.285714,14.0,4.152542
2.2.2.特克斯和凯科斯群岛,特克斯和凯科斯群岛 活跃UV,30.571429,25.285714,30.0,34.142857,30.142857,24.428571,5.285714,20.903955
2.2.2.特立尼达和多巴哥,特立尼达和多巴哥 活跃UV,117.857143,126.571429,122.571429,121.0,111.714286,115.714286,-8.714286,-6.884876
2.2.2.玻利维亚,玻利维亚 活跃UV,303.285714,309.857143,312.0,337.0,384.0,319.714286,-6.571429,-2.120793
2.2.2.瑙鲁,瑙鲁 活跃UV,0.0,0.0,0.0,0.0,2.0,1.0,0.0,
2.2.2.瑞典,瑞典 活跃UV,1810.285714,1844.142857,1579.285714,1454.285714,1351.142857,1244.714286,-33.857143,-1.835928
2.2.2.瑞士,瑞士 活跃UV,1280.142857,1227.428571,1182.714286,1136.857143,1260.428571,1097.857143,52.714286,4.294693
2.2.2.瓜德罗普,瓜德罗普 活跃UV,7.285714,7.142857,8.142857,9.0,9.714286,9.428571,0.142857,2.0
2.2.2.瓦利斯和富图纳群岛,瓦利斯和富图纳群岛 活跃UV,0.0,0.0,0.0,0.0,0.0,0.0,0.0,
2.2.2.瓦努阿图,瓦努阿图 活跃UV,5.166667,5.428571,4.0,3.571429,3.142857,2.833333,-0.261905,-4.824561
2.2.2.留尼汪岛,留尼汪岛 活跃UV,13.857143,14.285714,13.142857,11.714286,14.714286,12.571429,-0.428571,-3.0
2.2.2.白俄罗斯,白俄罗斯 活跃UV,2532.571429,2290.571429,2399.571429,2317.714286,2363.285714,2309.0,242.0,10.565049
2.2.2.百慕大,百慕大 活跃UV,23.714286,32.857143,28.857143,23.285714,28.0,23.714286,-9.142857,-27.826087
2.2.2.直布罗陀,直布罗陀 活跃UV,26.142857,28.571429,22.0,24.0,27.142857,21.714286,-2.428571,-8.5
2.2.2.福克兰群岛,福克兰群岛 活跃UV,2.0,0.0,1.0,1.0,0.0,1.0,2.0,
2.2.2.科威特,科威特 活跃UV,250.571429,265.142857,272.571429,280.714286,325.142857,267.428571,-14.571429,-5.49569
2.2.2.科摩罗,科摩罗 活跃UV,3.0,1.857143,3.428571,2.142857,4.0,2.428571,1.142857,61.538462
2.2.2.科特迪瓦,科特迪瓦 活跃UV,192.714286,195.0,219.428571,230.0,253.571429,195.285714,-2.285714,-1.172161
2.2.2.科索沃,科索沃 活跃UV,206.0,217.571429,208.428571,239.714286,232.857143,206.285714,-11.571429,-5.31845
2.2.2.秘鲁,秘鲁 活跃UV,1544.571429,1570.571429,1513.428571,1556.571429,1594.857143,1588.0,-26.0,-1.655448
2.2.2.突尼斯,突尼斯 活跃UV,200.571429,203.714286,199.714286,200.428571,193.142857,167.285714,-3.142857,-1.542777
2.2.2.立陶宛,立陶宛 活跃UV,853.285714,760.428571,715.142857,726.0,699.285714,679.714286,92.857143,12.211159
2.2.2.索马里,索马里 活跃UV,37.428571,37.714286,36.0,40.571429,48.714286,37.857143,-0.285714,-0.757576
2.2.2.约旦,约旦 活跃UV,238.142857,240.857143,244.571429,262.857143,328.714286,231.285714,-2.714286,-1.126928
2.2.2.纳米比亚,纳米比亚 活跃UV,60.285714,56.857143,58.428571,60.857143,65.142857,56.428571,3.428571,6.030151
2.2.2.纽埃岛,纽埃岛 活跃UV,1.0,1.0,1.0,1.0,0.0,0.0,0.0,0.0
2.2.2.缅甸,缅甸 活跃UV,50.285714,54.857143,60.571429,56.285714,47.142857,44.571429,-4.571429,-8.333333
2.2.2.罗马尼亚,罗马尼亚 活跃UV,1774.142857,1812.714286,1784.714286,1884.428571,1885.285714,1821.142857,-38.571429,-2.127827
2.2.2.美国,美国 活跃UV,100175.0,100946.571429,99586.571429,100165.428571,102055.0,100199.857143,-771.571429,-0.764336
2.2.2.美属维尔京群岛,美属维尔京群岛 活跃UV,18.285714,22.857143,23.714286,21.857143,21.571429,20.0,-4.571429,-20.0
2.2.2.美属萨摩亚,美属萨摩亚 活跃UV,1.0,1.0,0.0,1.333333,1.0,1.25,0.0,0.0
2.2.2.老挝,老挝 活跃UV,6.571429,7.285714,7.0,4.0,6.428571,7.142857,-0.714286,-9.803922
2.2.2.肯尼亚,肯尼亚 活跃UV,182.571429,185.285714,180.142857,182.428571,186.428571,172.142857,-2.714286,-1.464919
2.2.2.芬兰,芬兰 活跃UV,1452.285714,1399.714286,1383.285714,1306.0,1209.714286,1106.714286,52.571429,3.755869
2.2.2.苏丹,苏丹 活跃UV,7.428571,5.714286,6.571429,7.428571,8.0,3.285714,1.714286,30.0
2.2.2.苏里南,苏里南 活跃UV,23.714286,20.142857,20.571429,22.142857,21.285714,21.571429,3.571429,17.730496
2.2.2.英国,英国 活跃UV,34738.285714,33507.714286,31734.714286,31377.857143,37756.285714,31154.714286,1230.571429,3.672502
2.2.2.英属印度洋领地,英属印度洋领地 活跃UV,1.0,1.0,0.0,0.0,1.0,0.0,0.0,0.0
2.2.2.英属维尔京群岛,英属维尔京群岛 活跃UV,11.285714,12.714286,6.714286,7.714286,10.285714,5.285714,-1.428571,-11.235955
2.2.2.荷兰,荷兰 活跃UV,7903.571429,8205.0,7886.428571,7421.857143,7830.428571,7470.571429,-301.428571,-3.673718
2.2.2.荷兰加勒比,荷兰加勒比 活跃UV,4.571429,5.0,4.285714,2.571429,5.571429,5.0,-0.428571,-8.571429
2.2.2.荷属圣马丁,荷属圣马丁 活跃UV,18.142857,19.142857,19.428571,23.428571,19.714286,21.285714,-1.0,-5.223881
2.2.2.荷属安的列斯,荷属安的列斯 活跃UV,2.0,1.333333,1.0,0.0,0.0,1.0,0.666667,50.0
2.2.2.莫桑比克,莫桑比克 活跃UV,87.714286,78.714286,79.428571,81.857143,93.142857,78.0,9.0,11.433757
2.2.2.莱索托,莱索托 活跃UV,5.857143,9.428571,7.571429,8.142857,7.0,9.0,-3.571429,-37.878788
2.2.2.菲律宾,菲律宾 活跃UV,3081.142857,3254.285714,3228.142857,3245.142857,3373.714286,3348.857143,-173.142857,-5.320457
2.2.2.萨尔瓦多,萨尔瓦多 活跃UV,242.0,250.285714,226.285714,226.857143,238.714286,227.857143,-8.285714,-3.310502
2.2.2.萨摩亚,萨摩亚 活跃UV,1.857143,1.5,2.833333,4.285714,2.833333,3.571429,0.357143,23.809524
2.2.2.葡萄牙,葡萄牙 活跃UV,4946.428571,4977.428571,5288.857143,5070.428571,5146.714286,4797.428571,-31.0,-0.622812
2.2.2.蒙古,蒙古 活跃UV,38.142857,42.714286,41.285714,37.571429,41.428571,40.0,-4.571429,-10.702341
2.2.2.蒙塞拉特岛,蒙塞拉特岛 活跃UV,0.0,0.0,1.0,0.0,0.0,0.0,0.0,
2.2.2.西班牙,西班牙 活跃UV,6939.857143,6783.571429,6738.142857,6485.571429,6620.285714,6289.714286,156.285714,2.303885
2.2.2.贝宁,贝宁 活跃UV,120.285714,128.142857,119.428571,138.0,163.714286,150.0,-7.857143,-6.13155
2.2.2.赞比亚,赞比亚 活跃UV,76.0,80.571429,78.285714,81.142857,82.857143,82.714286,-4.571429,-5.673759
2.2.2.赤道几内亚,赤道几内亚 活跃UV,4.0,4.571429,5.285714,5.428571,5.571429,4.571429,-0.571429,-12.5
2.2.2.越南,越南 活跃UV,421.571429,439.428571,432.571429,403.285714,411.571429,404.714286,-17.857143,-4.063719
2.2.2.阿塞拜疆,阿塞拜疆 活跃UV,334.571429,336.571429,334.857143,329.285714,351.428571,285.142857,-2.0,-0.594228
2.2.2.阿富汗,阿富汗 活跃UV,50.285714,47.0,51.857143,59.285714,74.857143,38.857143,3.285714,6.990881
2.2.2.阿尔及利亚,阿尔及利亚 活跃UV,97.285714,94.428571,93.571429,96.428571,113.714286,91.142857,2.857143,3.025719
2.2.2.阿尔巴尼亚,阿尔巴尼亚 活跃UV,1008.714286,955.857143,957.714286,953.0,948.0,833.571429,52.857143,5.529816
2.2.2.阿曼,阿曼 活跃UV,128.142857,129.428571,128.857143,141.142857,223.428571,122.142857,-1.285714,-0.993377
2.2.2.阿根廷,阿根廷 活跃UV,2726.571429,2672.428571,2556.0,2565.571429,2698.714286,2650.714286,54.142857,2.02598
2.2.2.阿联酋,阿联酋 活跃UV,1345.285714,1430.0,1422.571429,1409.0,1669.571429,1333.857143,-84.714286,-5.924076
2.2.2.阿鲁巴,阿鲁巴 活跃UV,74.0,61.571429,69.285714,69.857143,70.857143,67.857143,12.428571,20.185615
2.2.2.韩国,韩国 活跃UV,322.714286,333.571429,329.142857,326.0,347.571429,359.714286,-10.857143,-3.254818
2.2.2.马尔代夫,马尔代夫 活跃UV,72.0,80.714286,81.428571,63.857143,82.0,61.857143,-8.714286,-10.79646
2.2.2.马恩岛,马恩岛 活跃UV,28.0,25.0,30.428571,32.285714,32.857143,25.428571,3.0,12.0
2.2.2.马拉维,马拉维 活跃UV,31.857143,31.714286,31.857143,35.0,36.571429,31.285714,0.142857,0.45045
2.2.2.马提尼克岛,马提尼克岛 活跃UV,5.142857,3.285714,3.571429,6.0,6.428571,5.142857,1.857143,56.521739
2.2.2.马来西亚,马来西亚 活跃UV,477.428571,495.714286,488.857143,566.142857,568.142857,479.285714,-18.285714,-3.688761
2.2.2.马约特,马约特 活跃UV,1.0,1.0,1.0,0.0,0.0,1.0,0.0,0.0
2.2.2.马绍尔群岛,马绍尔群岛 活跃UV,1.0,1.0,1.0,1.0,1.0,1.25,0.0,0.0
2.2.2.马耳他,马耳他 活跃UV,273.142857,276.714286,264.285714,253.142857,223.428571,238.571429,-3.571429,-1.290656
2.2.2.马达加斯加,马达加斯加 活跃UV,25.428571,26.142857,29.0,25.285714,26.428571,24.857143,-0.714286,-2.73224
2.2.2.马里,马里 活跃UV,114.571429,125.714286,138.571429,107.285714,135.285714,71.0,-11.142857,-8.863636
2.2.2.黎巴嫩,黎巴嫩 活跃UV,687.714286,727.714286,706.428571,705.285714,805.714286,634.142857,-40.0,-5.496663
2.2.2.黑山,黑山 活跃UV,735.285714,686.285714,664.714286,618.714286,641.571429,612.714286,49.0,7.139883
3,整体 次日留存UV,235628.428571,235355.428571,240825.571429,228077.285714,235682.714286,222261.857143,273.0,0.115995
3.1,新用户 次日留存UV,6039.857143,6019.142857,6373.571429,6158.285714,6539.571429,5805.571429,20.714286,0.34414
3.2,老用户 次日留存UV,229588.571429,229336.285714,234452.0,221919.0,229143.142857,216456.285714,252.285714,0.110007
3.2.1,Android 次日留存UV,55030.857143,54518.285714,55465.0,53145.142857,55244.285714,51987.285714,512.571429,0.940183
3.2.1.unknow,unknow 次日留存UV,5.714286,6.285714,7.0,5.428571,6.571429,9.714286,-0.571429,-9.090909
3.2.1.不丹,不丹 次日留存UV,0.0,0.333333,0.285714,0.333333,1.0,0.857143,-0.333333,-100.0
3.2.1.东帝汶,东帝汶 次日留存UV,2.0,1.285714,2.142857,1.428571,1.166667,1.714286,0.714286,55.555556
3.2.1.中国,中国 次日留存UV,78.142857,74.714286,64.857143,61.0,62.571429,57.571429,3.428571,4.58891
3.2.1.中国台湾,中国台湾 次日留存UV,23.428571,25.714286,25.857143,21.285714,20.285714,20.142857,-2.285714,-8.888889
3.2.1.中国澳门,中国澳门 次日留存UV,0.428571,1.25,0.714286,0.857143,1.0,1.285714,-0.821429,-65.714286
3.2.1.中国香港,中国香港 次日留存UV,38.142857,36.142857,53.285714,38.142857,53.142857,52.0,2.0,5.533597
3.2.1.中非,中非 次日留存UV,0.5,0.166667,0.166667,0.166667,0.25,0.0,0.333333,200.0
3.2.1.丹麦,丹麦 次日留存UV,33.714286,28.285714,25.142857,32.142857,29.142857,29.142857,5.428571,19.191919
3.2.1.乌克兰,乌克兰 次日留存UV,441.285714,407.714286,408.714286,401.571429,432.142857,440.142857,33.571429,8.234057
3.2.1.乌兹别克斯坦,乌兹别克斯坦 次日留存UV,25.0,22.142857,24.285714,22.714286,23.285714,25.0,2.857143,12.903226
3.2.1.乌干达,乌干达 次日留存UV,26.142857,26.571429,29.714286,24.142857,26.714286,25.142857,-0.428571,-1.612903
3.2.1.乌拉圭,乌拉圭 次日留存UV,38.571429,38.428571,40.857143,39.285714,33.285714,42.285714,0.142857,0.371747
3.2.1.乍得,乍得 次日留存UV,0.714286,0.857143,0.428571,1.571429,1.142857,0.571429,-0.142857,-16.666667
3.2.1.也门,也门 次日留存UV,10.714286,13.857143,12.857143,12.571429,13.571429,14.142857,-3.142857,-22.680412
3.2.1.亚美尼亚,亚美尼亚 次日留存UV,33.714286,31.142857,23.0,28.428571,35.428571,28.285714,2.571429,8.256881
3.2.1.以色列,以色列 次日留存UV,55.142857,44.857143,52.142857,50.285714,50.571429,50.142857,10.285714,22.929936
3.2.1.伊拉克,伊拉克 次日留存UV,80.857143,77.0,78.857143,82.0,105.714286,83.285714,3.857143,5.009276
3.2.1.伊朗,伊朗 次日留存UV,718.0,730.285714,794.571429,765.285714,613.0,61.714286,-12.285714,-1.682316
3.2.1.伯利兹,伯利兹 次日留存UV,4.714286,4.428571,4.142857,5.428571,4.428571,6.571429,0.285714,6.451613
3.2.1.佛得角,佛得角 次日留存UV,4.142857,4.714286,4.285714,5.142857,4.142857,2.714286,-0.571429,-12.121212
3.2.1.俄罗斯,俄罗斯 次日留存UV,2371.142857,2345.428571,2479.285714,2367.428571,2411.285714,2341.714286,25.714286,1.096358
3.2.1.保加利亚,保加利亚 次日留存UV,86.571429,79.0,84.571429,81.142857,84.142857,74.571429,7.571429,9.584087
3.2.1.克罗地亚,克罗地亚 次日留存UV,182.428571,172.142857,150.428571,146.571429,160.571429,144.714286,10.285714,5.975104
3.2.1.关岛,关岛 次日留存UV,2.0,1.285714,0.714286,1.0,1.142857,1.0,0.714286,55.555556
3.2.1.冈比亚,冈比亚 次日留存UV,20.0,18.857143,13.428571,16.428571,38.285714,15.714286,1.142857,6.060606
3.2.1.冰岛,冰岛 次日留存UV,7.285714,6.142857,6.0,4.714286,6.714286,6.0,1.142857,18.604651
3.2.1.几内亚,几内亚 次日留存UV,4.285714,3.571429,4.142857,3.285714,5.0,2.714286,0.714286,20.0
3.2.1.几内亚比绍,几内亚比绍 次日留存UV,0.166667,0.833333,0.428571,1.0,1.142857,0.857143,-0.666667,-80.0
3.2.1.列支敦士登,列支敦士登 次日留存UV,0.0,0.0,0.0,1.5,1.0,1.333333,0.0,
3.2.1.刚果共和国,刚果共和国 次日留存UV,2.857143,2.714286,2.857143,3.142857,2.857143,1.714286,0.142857,5.263158
3.2.1.刚果民主共和国,刚果民主共和国 次日留存UV,25.857143,26.571429,25.714286,29.0,26.285714,24.428571,-0.714286,-2.688172
3.2.1.利比亚,利比亚 次日留存UV,12.428571,12.714286,11.571429,10.0,16.285714,12.857143,-0.285714,-2.247191
3.2.1.利比里亚,利比里亚 次日留存UV,30.428571,31.285714,33.428571,35.0,40.285714,32.0,-0.857143,-2.739726
3.2.1.加拿大,加拿大 次日留存UV,588.714286,582.285714,585.714286,569.0,549.571429,555.0,6.428571,1.104024
3.2.1.加纳,加纳 次日留存UV,46.285714,47.714286,51.428571,47.285714,59.857143,56.571429,-1.428571,-2.994012
3.2.1.加蓬,加蓬 次日留存UV,1.0,1.285714,1.0,1.428571,0.714286,1.428571,-0.285714,-22.222222
3.2.1.匈牙利,匈牙利 次日留存UV,76.428571,78.285714,80.857143,72.0,79.428571,77.285714,-1.857143,-2.372263
3.2.1.北马其顿,北马其顿 次日留存UV,40.571429,41.142857,43.428571,43.142857,51.285714,43.285714,-0.571429,-1.388889
3.2.1.北马里亚纳群岛,北马里亚纳群岛 次日留存UV,0.0,0.0,0.0,0.0,0.75,0.0,0.0,
3.2.1.南极洲,南极洲 次日留存UV,0.0,0.0,0.0,0.0,0.0,0.333333,0.0,
3.2.1.南苏丹,南苏丹 次日留存UV,79.0,79.857143,74.0,75.0,73.857143,78.857143,-0.857143,-1.073345
3.2.1.南非,南非 次日留存UV,300.285714,297.285714,275.285714,296.428571,309.0,293.0,3.0,1.00913
3.2.1.博茨瓦纳,博茨瓦纳 次日留存UV,7.857143,10.857143,8.714286,10.142857,9.285714,9.571429,-3.0,-27.631579
3.2.1.卡塔尔,卡塔尔 次日留存UV,12.0,13.571429,14.285714,12.0,22.857143,14.285714,-1.571429,-11.578947
3.2.1.卢旺达,卢旺达 次日留存UV,13.857143,15.0,10.857143,13.285714,15.428571,13.857143,-1.142857,-7.619048
3.2.1.卢森堡,卢森堡 次日留存UV,6.571429,8.0,7.0,7.285714,9.142857,7.142857,-1.428571,-17.857143
3.2.1.印度,印度 次日留存UV,648.142857,657.428571,664.285714,662.428571,739.714286,717.428571,-9.285714,-1.412429
3.2.1.印度尼西亚,印度尼西亚 次日留存UV,368.714286,352.857143,358.428571,384.857143,367.857143,352.285714,15.857143,4.493927
3.2.1.危地马拉,危地马拉 次日留存UV,106.428571,104.142857,106.857143,101.142857,104.285714,97.714286,2.285714,2.194787
3.2.1.厄瓜多尔,厄瓜多尔 次日留存UV,268.857143,285.857143,276.714286,280.0,280.142857,273.714286,-17.0,-5.947026
3.2.1.厄立特里亚,厄立特里亚 次日留存UV,0.0,0.0,0.0,0.0,0.0,0.0,0.0,
3.2.1.叙利亚,叙利亚 次日留存UV,89.0,85.714286,89.142857,91.0,122.428571,87.714286,3.285714,3.833333
3.2.1.古巴,古巴 次日留存UV,6.714286,6.571429,6.142857,7.428571,7.285714,9.285714,0.142857,2.173913
3.2.1.吉尔吉斯斯坦,吉尔吉斯斯坦 次日留存UV,11.428571,13.857143,14.571429,16.285714,18.571429,16.571429,-2.428571,-17.525773
3.2.1.吉布提,吉布提 次日留存UV,0.2,0.0,0.428571,0.4,0.5,0.4,0.2,
3.2.1.哈萨克斯坦,哈萨克斯坦 次日留存UV,103.0,104.571429,93.0,98.714286,114.428571,105.428571,-1.571429,-1.502732
3.2.1.哥伦比亚,哥伦比亚 次日留存UV,858.285714,888.285714,828.428571,773.714286,814.571429,849.857143,-30.0,-3.377292
3.2.1.哥斯达黎加,哥斯达黎加 次日留存UV,78.285714,75.142857,69.142857,72.285714,75.0,70.0,3.142857,4.18251
3.2.1.喀麦隆,喀麦隆 次日留存UV,11.142857,11.0,11.571429,10.428571,13.285714,8.857143,0.142857,1.298701
3.2.1.图瓦卢,图瓦卢 次日留存UV,0.0,0.0,0.0,0.0,0.0,0.0,0.0,
3.2.1.土库曼斯坦,土库曼斯坦 次日留存UV,1.714286,2.428571,5.285714,5.714286,3.0,2.0,-0.714286,-29.411765
3.2.1.土耳其,土耳其 次日留存UV,1091.285714,1050.857143,1057.571429,1075.285714,1294.0,954.0,40.428571,3.8472
3.2.1.圣卢西亚,圣卢西亚 次日留存UV,3.571429,3.571429,4.857143,2.428571,4.428571,4.571429,0.0,0.0
3.2.1.圣基茨和尼维斯,圣基茨和尼维斯 次日留存UV,1.0,1.0,0.333333,0.5,1.285714,1.571429,0.0,0.0
3.2.1.圣多美和普林西比,圣多美和普林西比 次日留存UV,1.833333,2.0,2.142857,1.428571,1.857143,0.5,-0.166667,-8.333333
3.2.1.圣巴泰勒米岛,圣巴泰勒米岛 次日留存UV,0.0,0.0,0.0,0.0,0.0,0.0,0.0,
3.2.1.圣文森特和格林纳丁斯,圣文森特和格林纳丁斯 次日留存UV,1.428571,0.571429,1.666667,1.142857,2.0,1.571429,0.857143,150.0
3.2.1.圣皮埃尔和密克隆群岛,圣皮埃尔和密克隆群岛 次日留存UV,0.5,0.0,0.0,0.0,0.0,0.0,0.5,
3.2.1.圣马力诺,圣马力诺 次日留存UV,0.333333,0.0,0.0,0.0,0.0,0.0,0.333333,
3.2.1.圭亚那,圭亚那 次日留存UV,8.142857,8.0,8.714286,8.714286,8.428571,9.571429,0.142857,1.785714
3.2.1.坦桑尼亚,坦桑尼亚 次日留存UV,33.428571,38.285714,39.571429,46.285714,41.714286,42.857143,-4.857143,-12.686567
3.2.1.埃及,埃及 次日留存UV,268.428571,279.142857,282.714286,299.571429,417.285714,254.714286,-10.714286,-3.83828
3.2.1.埃塞俄比亚,埃塞俄比亚 次日留存UV,27.0,28.714286,30.857143,29.428571,32.142857,33.857143,-1.714286,-5.970149
3.2.1.基里巴斯,基里巴斯 次日留存UV,0.0,0.0,0.0,0.0,0.0,0.0,0.0,
3.2.1.塔吉克斯坦,塔吉克斯坦 次日留存UV,6.857143,4.285714,5.857143,4.0,3.714286,3.0,2.571429,60.0
3.2.1.塞内加尔,塞内加尔 次日留存UV,32.571429,32.142857,40.857143,65.571429,96.714286,39.714286,0.428571,1.333333
3.2.1.塞尔维亚,塞尔维亚 次日留存UV,315.428571,327.857143,321.714286,314.571429,333.0,308.857143,-12.428571,-3.79085
3.2.1.塞拉利昂,塞拉利昂 次日留存UV,8.142857,7.142857,8.285714,6.571429,8.142857,6.714286,1.0,14.0
3.2.1.塞浦路斯,塞浦路斯 次日留存UV,44.142857,45.571429,42.714286,40.714286,40.285714,37.142857,-1.428571,-3.134796
3.2.1.塞舌尔,塞舌尔 次日留存UV,2.428571,2.428571,4.714286,4.285714,4.142857,3.857143,0.0,0.0
3.2.1.墨西哥,墨西哥 次日留存UV,1962.571429,1924.285714,1928.285714,1877.285714,1900.571429,1929.142857,38.285714,1.989607
3.2.1.多哥,多哥 次日留存UV,5.857143,7.285714,5.0,7.857143,10.0,7.142857,-1.428571,-19.607843
3.2.1.多米尼克,多米尼克 次日留存UV,0.5,0.2,0.2,0.166667,0.6,1.142857,0.3,150.0
3.2.1.多米尼加,多米尼加 次日留存UV,58.571429,61.285714,59.857143,65.142857,64.714286,64.0,-2.714286,-4.428904
3.2.1.奥兰群岛,奥兰群岛 次日留存UV,0.0,0.0,0.5,0.0,0.0,0.0,0.0,
3.2.1.奥地利,奥地利 次日留存UV,84.571429,82.142857,79.142857,85.428571,83.428571,79.428571,2.428571,2.956522
3.2.1.委内瑞拉,委内瑞拉 次日留存UV,169.571429,272.714286,274.285714,250.857143,268.714286,271.571429,-103.142857,-37.820849
3.2.1.孟加拉,孟加拉 次日留存UV,862.571429,899.0,983.0,1146.285714,1424.428571,910.428571,-36.428571,-4.052121
3.2.1.安哥拉,安哥拉 次日留存UV,14.571429,14.285714,18.285714,15.857143,14.857143,16.142857,0.285714,2.0
3.2.1.安圭拉,安圭拉 次日留存UV,0.0,0.0,0.5,0.4,0.666667,1.25,0.0,
3.2.1.安提瓜和巴布达,安提瓜和巴布达 次日留存UV,5.714286,5.285714,5.0,3.142857,4.285714,5.714286,0.428571,8.108108
3.2.1.安道尔,安道尔 次日留存UV,1.714286,1.142857,0.428571,1.142857,2.428571,0.666667,0.571429,50.0
3.2.1.密克罗尼西亚联邦,密克罗尼西亚联邦 次日留存UV,0.0,0.0,0.0,0.333333,0.0,0.0,0.0,
3.2.1.尼加拉瓜,尼加拉瓜 次日留存UV,50.857143,40.0,39.285714,39.0,44.142857,40.428571,10.857143,27.142857
3.2.1.尼日利亚,尼日利亚 次日留存UV,330.714286,340.285714,358.0,373.857143,424.571429,357.142857,-9.571429,-2.812762
3.2.1.尼日尔,尼日尔 次日留存UV,3.714286,4.285714,3.428571,3.857143,6.857143,4.142857,-0.571429,-13.333333
3.2.1.尼泊尔,尼泊尔 次日留存UV,34.714286,32.285714,34.428571,34.142857,38.428571,43.0,2.428571,7.522124
3.2.1.巴勒斯坦,巴勒斯坦 次日留存UV,7.714286,9.571429,8.0,11.142857,17.714286,9.142857,-1.857143,-19.402985
3.2.1.巴哈马,巴哈马 次日留存UV,7.571429,9.571429,6.285714,8.428571,7.285714,8.714286,-2.0,-20.895522
3.2.1.巴基斯坦,巴基斯坦 次日留存UV,391.428571,400.0,397.428571,477.0,679.571429,374.142857,-8.571429,-2.142857
3.2.1.巴巴多斯,巴巴多斯 次日留存UV,2.571429,1.857143,1.285714,2.571429,3.714286,2.571429,0.714286,38.461538
3.2.1.巴布亚新几内亚,巴布亚新几内亚 次日留存UV,6.0,6.857143,5.857143,4.0,5.857143,5.714286,-0.857143,-12.5
3.2.1.巴拉圭,巴拉圭 次日留存UV,70.285714,71.571429,70.428571,71.285714,70.857143,68.857143,-1.285714,-1.796407
3.2.1.巴拿马,巴拿马 次日留存UV,49.142857,50.857143,39.857143,43.142857,46.0,50.714286,-1.714286,-3.370787
3.2.1.巴林,巴林 次日留存UV,4.857143,6.0,3.571429,4.428571,9.428571,6.857143,-1.142857,-19.047619
3.2.1.巴西,巴西 次日留存UV,26242.0,25483.571429,26805.142857,24395.857143,24124.285714,24168.285714,758.428571,2.976147
3.2.1.布基纳法索,布基纳法索 次日留存UV,19.714286,18.285714,23.0,22.857143,27.428571,23.714286,1.428571,7.8125
3.2.1.布隆迪,布隆迪 次日留存UV,6.285714,9.428571,9.428571,8.428571,9.857143,8.0,-3.142857,-33.333333
3.2.1.希腊,希腊 次日留存UV,325.285714,300.857143,280.142857,275.857143,270.0,242.571429,24.428571,8.119658
3.2.1.帕劳,帕劳 次日留存UV,0.0,0.0,0.0,0.0,0.25,0.0,0.0,
3.2.1.库克群岛,库克群岛 次日留存UV,0.0,0.75,0.2,0.333333,0.75,0.25,-0.75,-100.0
3.2.1.库拉索,库拉索 次日留存UV,2.857143,2.714286,3.142857,3.571429,4.285714,2.571429,0.142857,5.263158
3.2.1.开曼群岛,开曼群岛 次日留存UV,1.333333,2.714286,2.285714,1.857143,1.428571,0.857143,-1.380952,-50.877193
3.2.1.德国,德国 次日留存UV,1068.428571,1061.428571,1026.714286,1072.428571,1144.0,958.571429,7.0,0.659489
3.2.1.意大利,意大利 次日留存UV,542.428571,543.428571,542.428571,555.571429,509.428571,492.142857,-1.0,-0.184017
3.2.1.所罗门群岛,所罗门群岛 次日留存UV,1.571429,1.285714,1.285714,0.5,1.428571,1.285714,0.285714,22.222222
3.2.1.拉脱维亚,拉脱维亚 次日留存UV,68.142857,61.857143,62.857143,59.142857,49.285714,56.714286,6.285714,10.161663
3.2.1.挪威,挪威 次日留存UV,56.714286,56.571429,53.142857,52.285714,52.142857,58.142857,0.142857,0.252525
3.2.1.捷克,捷克 次日留存UV,75.714286,70.714286,67.428571,77.857143,69.571429,64.428571,5.0,7.070707
3.2.1.摩尔多瓦,摩尔多瓦 次日留存UV,31.571429,25.285714,29.714286,28.571429,39.142857,32.428571,6.285714,24.858757
3.2.1.摩洛哥,摩洛哥 次日留存UV,110.571429,116.142857,107.285714,113.142857,142.0,102.714286,-5.571429,-4.797048
3.2.1.摩纳哥,摩纳哥 次日留存UV,1.2,0.833333,0.4,0.833333,0.25,0.75,0.366667,44.0
3.2.1.文莱,文莱 次日留存UV,4.857143,3.0,4.142857,3.714286,5.714286,4.285714,1.857143,61.904762
3.2.1.斐济,斐济 次日留存UV,6.571429,4.428571,4.857143,3.142857,3.285714,5.428571,2.142857,48.387097
3.2.1.斯威士兰,斯威士兰 次日留存UV,2.571429,1.428571,0.714286,1.714286,1.428571,1.0,1.142857,80.0
3.2.1.斯洛伐克,斯洛伐克 次日留存UV,63.285714,53.0,50.0,45.857143,53.857143,51.714286,10.285714,19.407008
3.2.1.斯洛文尼亚,斯洛文尼亚 次日留存UV,21.857143,24.142857,23.0,20.714286,23.285714,24.0,-2.285714,-9.467456
3.2.1.斯里兰卡,斯里兰卡 次日留存UV,43.857143,42.0,39.571429,39.714286,50.571429,45.857143,1.857143,4.421769
3.2.1.新加坡,新加坡 次日留存UV,96.0,83.571429,83.714286,81.428571,95.428571,76.714286,12.428571,14.871795
3.2.1.新喀里多尼亚,新喀里多尼亚 次日留存UV,0.0,0.0,0.0,0.5,0.2,0.0,0.0,
3.2.1.新西兰,新西兰 次日留存UV,41.714286,42.714286,47.571429,44.714286,48.285714,41.428571,-1.0,-2.341137
3.2.1.日本,日本 次日留存UV,69.857143,73.285714,63.857143,82.428571,89.714286,61.0,-3.428571,-4.678363
3.2.1.智利,智利 次日留存UV,250.571429,264.285714,238.428571,241.0,258.0,276.285714,-13.714286,-5.189189
3.2.1.柬埔寨,柬埔寨 次日留存UV,6.0,6.571429,6.0,7.285714,5.714286,5.714286,-0.571429,-8.695652
3.2.1.根西岛,根西岛 次日留存UV,0.4,0.285714,0.714286,0.75,1.0,0.0,0.114286,40.0
3.2.1.格林纳达,格林纳达 次日留存UV,3.285714,2.142857,1.0,1.333333,2.571429,1.571429,1.142857,53.333333
3.2.1.格陵兰,格陵兰 次日留存UV,0.666667,0.0,0.0,0.0,0.0,0.0,0.666667,
3.2.1.格鲁吉亚,格鲁吉亚 次日留存UV,70.0,73.285714,66.142857,69.714286,57.714286,58.285714,-3.285714,-4.483431
3.2.1.梵蒂冈,梵蒂冈 次日留存UV,0.0,0.0,0.5,0.0,0.0,0.0,0.0,
3.2.1.比利时,比利时 次日留存UV,73.285714,72.142857,71.857143,70.714286,83.714286,70.142857,1.142857,1.584158
3.2.1.毛里塔尼亚,毛里塔尼亚 次日留存UV,4.285714,2.571429,2.714286,3.0,4.571429,3.142857,1.714286,66.666667
3.2.1.毛里求斯,毛里求斯 次日留存UV,13.571429,11.0,12.285714,9.714286,13.857143,10.857143,2.571429,23.376623
3.2.1.汤加,汤加 次日留存UV,0.0,0.0,0.0,0.0,0.0,0.0,0.0,
3.2.1.沙特阿拉伯,沙特阿拉伯 次日留存UV,60.285714,65.0,67.857143,69.857143,123.428571,76.428571,-4.714286,-7.252747
3.2.1.法国,法国 次日留存UV,360.142857,372.142857,382.428571,387.571429,425.0,346.857143,-12.0,-3.224568
3.2.1.法属圣马丁,法属圣马丁 次日留存UV,1.166667,0.0,0.0,0.0,0.0,0.0,1.166667,
3.2.1.法属圭亚那,法属圭亚那 次日留存UV,0.571429,0.5,0.333333,0.285714,0.714286,1.0,0.071429,14.285714
3.2.1.法属波利尼西亚,法属波利尼西亚 次日留存UV,0.428571,1.4,1.0,0.428571,1.285714,0.5,-0.971429,-69.387755
3.2.1.法罗群岛,法罗群岛 次日留存UV,0.333333,0.0,1.0,0.0,0.666667,0.0,0.333333,
3.2.1.波兰,波兰 次日留存UV,285.857143,273.0,242.285714,278.428571,291.714286,262.714286,12.857143,4.709576
3.2.1.波多黎各,波多黎各 次日留存UV,33.142857,40.571429,37.857143,41.142857,39.142857,34.0,-7.428571,-18.309859
3.2.1.波黑,波黑 次日留存UV,148.857143,154.714286,156.571429,150.142857,179.571429,160.285714,-5.857143,-3.78578
3.2.1.泰国,泰国 次日留存UV,75.571429,73.857143,72.0,74.0,75.428571,76.857143,1.714286,2.321083
3.2.1.泽西岛,泽西岛 次日留存UV,2.142857,0.666667,0.5,0.285714,2.0,1.142857,1.47619,221.428571
3.2.1.津巴布韦,津巴布韦 次日留存UV,11.857143,12.285714,13.0,12.571429,17.285714,12.428571,-0.428571,-3.488372
3.2.1.洪都拉斯,洪都拉斯 次日留存UV,83.428571,85.857143,78.571429,74.714286,74.714286,79.571429,-2.428571,-2.828619
3.2.1.海地,海地 次日留存UV,62.285714,58.714286,56.0,65.571429,65.857143,66.857143,3.571429,6.082725
3.2.1.澳大利亚,澳大利亚 次日留存UV,306.0,315.571429,320.714286,344.142857,341.0,343.571429,-9.571429,-3.033047
3.2.1.爱尔兰,爱尔兰 次日留存UV,133.142857,117.428571,103.714286,107.142857,120.714286,112.714286,15.714286,13.381995
3.2.1.爱沙尼亚,爱沙尼亚 次日留存UV,40.714286,35.714286,37.857143,35.857143,29.714286,28.571429,5.0,14.0
3.2.1.牙买加,牙买加 次日留存UV,25.571429,22.714286,25.428571,21.428571,22.714286,22.714286,2.857143,12.578616
3.2.1.特克斯和凯科斯群岛,特克斯和凯科斯群岛 次日留存UV,1.166667,1.333333,0.5,0.833333,0.666667,1.142857,-0.166667,-12.5
3.2.1.特立尼达和多巴哥,特立尼达和多巴哥 次日留存UV,34.285714,33.571429,28.571429,31.857143,37.285714,33.714286,0.714286,2.12766
3.2.1.玻利维亚,玻利维亚 次日留存UV,100.857143,101.714286,101.428571,111.428571,136.0,105.142857,-0.857143,-0.842697
3.2.1.瑙鲁,瑙鲁 次日留存UV,0.0,0.0,0.0,0.0,0.0,0.0,0.0,
3.2.1.瑞典,瑞典 次日留存UV,142.0,144.857143,128.428571,123.285714,118.857143,108.142857,-2.857143,-1.972387
3.2.1.瑞士,瑞士 次日留存UV,95.714286,89.714286,82.285714,81.0,92.0,81.857143,6.0,6.687898
3.2.1.瓜德罗普,瓜德罗普 次日留存UV,1.714286,1.285714,1.166667,0.4,0.857143,1.142857,0.428571,33.333333
3.2.1.瓦利斯和富图纳群岛,瓦利斯和富图纳群岛 次日留存UV,0.0,0.0,0.0,0.0,0.0,0.0,0.0,
3.2.1.瓦努阿图,瓦努阿图 次日留存UV,0.4,0.4,1.0,0.4,0.333333,1.0,0.0,0.0
3.2.1.留尼汪岛,留尼汪岛 次日留存UV,3.0,2.428571,1.571429,2.428571,1.857143,1.857143,0.571429,23.529412
3.2.1.白俄罗斯,白俄罗斯 次日留存UV,233.714286,209.714286,206.0,197.571429,202.142857,205.142857,24.0,11.444142
3.2.1.百慕大,百慕大 次日留存UV,3.0,2.142857,1.714286,1.285714,1.0,1.714286,0.857143,40.0
3.2.1.直布罗陀,直布罗陀 次日留存UV,0.571429,0.857143,1.0,0.5,1.857143,1.0,-0.285714,-33.333333
3.2.1.福克兰群岛,福克兰群岛 次日留存UV,0.0,0.0,0.0,0.0,0.0,0.0,0.0,
3.2.1.科威特,科威特 次日留存UV,9.285714,11.142857,11.571429,9.857143,15.0,11.142857,-1.857143,-16.666667
3.2.1.科摩罗,科摩罗 次日留存UV,1.142857,1.0,0.857143,0.714286,2.428571,2.0,0.142857,14.285714
3.2.1.科特迪瓦,科特迪瓦 次日留存UV,11.571429,15.285714,16.142857,12.285714,17.428571,14.428571,-3.714286,-24.299065
3.2.1.科索沃,科索沃 次日留存UV,3.142857,2.571429,3.142857,3.571429,5.0,4.0,0.571429,22.222222
3.2.1.秘鲁,秘鲁 次日留存UV,481.714286,510.571429,471.428571,479.571429,528.0,514.571429,-28.857143,-5.651931
3.2.1.突尼斯,突尼斯 次日留存UV,53.857143,55.285714,56.0,57.428571,51.571429,52.857143,-1.428571,-2.583979
3.2.1.立陶宛,立陶宛 次日留存UV,75.0,57.285714,59.428571,66.285714,59.714286,54.0,17.714286,30.922693
3.2.1.索马里,索马里 次日留存UV,12.571429,11.285714,11.714286,10.0,14.714286,9.428571,1.285714,11.392405
3.2.1.约旦,约旦 次日留存UV,30.571429,32.428571,31.428571,31.571429,57.714286,39.142857,-1.857143,-5.726872
3.2.1.纳米比亚,纳米比亚 次日留存UV,6.857143,6.857143,8.285714,5.0,4.285714,7.285714,0.0,0.0
3.2.1.纽埃岛,纽埃岛 次日留存UV,0.5,0.0,0.0,0.0,0.0,0.0,0.5,
3.2.1.缅甸,缅甸 次日留存UV,28.428571,25.0,27.857143,24.714286,17.285714,22.571429,3.428571,13.714286
3.2.1.罗马尼亚,罗马尼亚 次日留存UV,184.714286,198.285714,184.571429,178.714286,206.714286,185.0,-13.571429,-6.84438
3.2.1.美国,美国 次日留存UV,4232.857143,4454.0,4336.142857,4263.0,4416.571429,4250.0,-221.142857,-4.965039
3.2.1.美属维尔京群岛,美属维尔京群岛 次日留存UV,0.857143,0.714286,1.0,1.0,0.666667,0.6,0.142857,20.0
3.2.1.美属萨摩亚,美属萨摩亚 次日留存UV,0.0,0.0,0.0,0.0,0.0,0.0,0.0,
3.2.1.老挝,老挝 次日留存UV,1.285714,1.428571,2.0,1.857143,2.142857,1.714286,-0.142857,-10.0
3.2.1.肯尼亚,肯尼亚 次日留存UV,221.142857,222.285714,223.571429,222.571429,230.142857,213.0,-1.142857,-0.514139
3.2.1.芬兰,芬兰 次日留存UV,107.428571,114.857143,99.0,106.857143,104.142857,87.0,-7.428571,-6.467662
3.2.1.苏丹,苏丹 次日留存UV,5.571429,3.428571,4.285714,4.428571,7.285714,2.142857,2.142857,62.5
3.2.1.苏里南,苏里南 次日留存UV,2.571429,2.142857,2.857143,3.142857,3.428571,2.714286,0.428571,20.0
3.2.1.英国,英国 次日留存UV,1722.571429,1651.714286,1514.428571,1484.428571,1874.428571,1634.857143,70.857143,4.289915
3.2.1.英属印度洋领地,英属印度洋领地 次日留存UV,0.5,0.5,0.0,0.0,0.0,0.5,0.0,0.0
3.2.1.英属维尔京群岛,英属维尔京群岛 次日留存UV,1.428571,2.0,1.571429,0.428571,1.142857,1.333333,-0.571429,-28.571429
3.2.1.荷兰,荷兰 次日留存UV,486.571429,499.0,486.0,466.571429,528.857143,495.571429,-12.428571,-2.490696
3.2.1.荷兰加勒比,荷兰加勒比 次日留存UV,0.25,0.0,0.75,0.5,0.0,0.8,0.25,
3.2.1.荷属圣马丁,荷属圣马丁 次日留存UV,1.333333,0.714286,0.5,0.428571,0.857143,1.0,0.619048,86.666667
3.2.1.荷属安的列斯,荷属安的列斯 次日留存UV,0.0,0.0,0.0,0.0,0.0,0.0,0.0,
3.2.1.莫桑比克,莫桑比克 次日留存UV,99.571429,100.571429,97.285714,105.714286,110.714286,108.571429,-1.0,-0.994318
3.2.1.莱索托,莱索托 次日留存UV,2.428571,1.714286,2.0,1.142857,1.857143,1.0,0.714286,41.666667
3.2.1.菲律宾,菲律宾 次日留存UV,429.285714,463.428571,458.428571,472.285714,487.428571,516.714286,-34.142857,-7.367448
3.2.1.萨尔瓦多,萨尔瓦多 次日留存UV,86.285714,85.0,85.714286,76.428571,81.285714,88.285714,1.285714,1.512605
3.2.1.萨摩亚,萨摩亚 次日留存UV,0.5,0.0,0.0,1.0,0.5,0.333333,0.5,
3.2.1.葡萄牙,葡萄牙 次日留存UV,292.714286,298.0,330.571429,284.857143,294.571429,265.142857,-5.285714,-1.77373
3.2.1.蒙古,蒙古 次日留存UV,1.571429,2.285714,2.285714,2.571429,1.857143,2.142857,-0.714286,-31.25
3.2.1.蒙塞拉特岛,蒙塞拉特岛 次日留存UV,0.0,0.5,0.0,0.0,0.0,0.0,-0.5,-100.0
3.2.1.西班牙,西班牙 次日留存UV,555.142857,549.571429,549.285714,538.0,569.428571,550.142857,5.571429,1.013777
3.2.1.贝宁,贝宁 次日留存UV,13.571429,13.0,9.142857,12.857143,17.571429,10.428571,0.571429,4.395604
3.2.1.赞比亚,赞比亚 次日留存UV,19.142857,22.714286,22.571429,23.857143,21.142857,23.857143,-3.571429,-15.72327
3.2.1.赤道几内亚,赤道几内亚 次日留存UV,1.714286,0.142857,0.285714,0.857143,1.142857,0.428571,1.571429,1100.0
3.2.1.越南,越南 次日留存UV,36.714286,40.714286,42.428571,38.142857,44.857143,45.285714,-4.0,-9.824561
3.2.1.阿塞拜疆,阿塞拜疆 次日留存UV,61.714286,58.428571,67.0,62.428571,66.571429,51.714286,3.285714,5.623472
3.2.1.阿富汗,阿富汗 次日留存UV,18.571429,22.571429,23.285714,27.0,39.0,20.142857,-4.0,-17.721519
3.2.1.阿尔及利亚,阿尔及利亚 次日留存UV,57.428571,56.142857,62.714286,62.0,76.0,62.285714,1.285714,2.290076
3.2.1.阿尔巴尼亚,阿尔巴尼亚 次日留存UV,35.428571,42.857143,34.857143,33.428571,41.0,35.714286,-7.428571,-17.333333
3.2.1.阿曼,阿曼 次日留存UV,12.142857,8.571429,8.571429,11.142857,19.0,8.428571,3.571429,41.666667
3.2.1.阿根廷,阿根廷 次日留存UV,736.0,777.857143,696.857143,710.428571,773.571429,748.285714,-41.857143,-5.381084
3.2.1.阿联酋,阿联酋 次日留存UV,67.714286,65.714286,71.714286,71.142857,98.285714,69.428571,2.0,3.043478
3.2.1.阿鲁巴,阿鲁巴 次日留存UV,4.571429,3.142857,4.428571,3.428571,5.428571,5.857143,1.428571,45.454545
3.2.1.韩国,韩国 次日留存UV,70.428571,60.142857,64.428571,64.0,68.714286,72.714286,10.285714,17.102138
3.2.1.马尔代夫,马尔代夫 次日留存UV,5.571429,5.571429,3.571429,4.571429,6.714286,3.714286,0.0,0.0
3.2.1.马恩岛,马恩岛 次日留存UV,0.428571,0.25,0.571429,1.0,0.333333,0.714286,0.178571,71.428571
3.2.1.马拉维,马拉维 次日留存UV,26.714286,29.285714,26.285714,26.142857,27.714286,26.142857,-2.571429,-8.780488
3.2.1.马提尼克岛,马提尼克岛 次日留存UV,0.571429,0.6,0.5,0.0,0.428571,0.714286,-0.028571,-4.761905
3.2.1.马来西亚,马来西亚 次日留存UV,105.0,104.714286,108.571429,119.285714,126.857143,112.142857,0.285714,0.272851
3.2.1.马约特,马约特 次日留存UV,0.0,0.0,0.0,0.0,0.0,0.0,0.0,
3.2.1.马绍尔群岛,马绍尔群岛 次日留存UV,0.5,0.0,0.0,0.0,0.0,0.0,0.5,
3.2.1.马耳他,马耳他 次日留存UV,25.142857,23.428571,19.571429,21.142857,20.571429,17.571429,1.714286,7.317073
3.2.1.马达加斯加,马达加斯加 次日留存UV,71.285714,55.142857,61.285714,63.0,74.142857,64.142857,16.142857,29.274611
3.2.1.马里,马里 次日留存UV,10.714286,12.571429,13.571429,7.285714,8.0,3.714286,-1.857143,-14.772727
3.2.1.黎巴嫩,黎巴嫩 次日留存UV,78.285714,90.285714,100.571429,93.571429,105.857143,86.857143,-12.0,-13.291139
3.2.1.黑山,黑山 次日留存UV,48.571429,40.428571,42.857143,35.285714,34.285714,34.285714,8.142857,20.141343
3.2.2,iOS 次日留存UV,174557.714286,174818.0,178987.0,168773.857143,173898.857143,164469.0,-260.285714,-0.14889
3.2.2.unknow,unknow 次日留存UV,10.857143,8.857143,9.428571,10.142857,14.142857,11.571429,2.0,22.580645
3.2.2.不丹,不丹 次日留存UV,1.285714,0.333333,1.2,0.571429,0.666667,0.333333,0.952381,285.714286
3.2.2.东帝汶,东帝汶 次日留存UV,0.857143,0.714286,1.142857,1.142857,1.571429,2.285714,0.142857,20.0
3.2.2.中国,中国 次日留存UV,78.714286,46.0,50.714286,46.0,49.142857,49.857143,32.714286,71.118012
3.2.2.中国台湾,中国台湾 次日留存UV,35.428571,42.714286,32.571429,42.857143,43.428571,44.857143,-7.285714,-17.056856
3.2.2.中国澳门,中国澳门 次日留存UV,4.714286,5.0,4.857143,6.571429,8.857143,6.428571,-0.285714,-5.714286
3.2.2.中国香港,中国香港 次日留存UV,309.428571,179.285714,228.285714,273.857143,179.285714,245.285714,130.142857,72.589641
3.2.2.中非,中非 次日留存UV,0.0,0.0,1.0,0.0,0.0,0.0,0.0,
3.2.2.丹麦,丹麦 次日留存UV,275.428571,218.285714,217.714286,211.285714,225.714286,203.0,57.142857,26.17801
3.2.2.乌克兰,乌克兰 次日留存UV,2138.0,2043.428571,2004.428571,1897.714286,2008.571429,1960.571429,94.571429,4.628076
3.2.2.乌兹别克斯坦,乌兹别克斯坦 次日留存UV,55.857143,61.857143,54.0,56.428571,60.857143,57.714286,-6.0,-9.699769
3.2.2.乌干达,乌干达 次日留存UV,32.428571,31.0,31.142857,34.285714,34.714286,30.857143,1.428571,4.608295
3.2.2.乌拉圭,乌拉圭 次日留存UV,86.428571,93.0,89.857143,92.428571,83.428571,91.285714,-6.571429,-7.066052
3.2.2.乍得,乍得 次日留存UV,1.0,0.714286,0.666667,0.571429,0.571429,0.571429,0.285714,40.0
3.2.2.也门,也门 次日留存UV,1.0,1.857143,1.428571,2.428571,2.857143,2.285714,-0.857143,-46.153846
3.2.2.亚美尼亚,亚美尼亚 次日留存UV,150.285714,151.857143,115.571429,115.857143,122.0,117.0,-1.571429,-1.034807
3.2.2.以色列,以色列 次日留存UV,708.428571,741.285714,750.142857,724.857143,805.428571,716.0,-32.857143,-4.432453
3.2.2.伊拉克,伊拉克 次日留存UV,87.571429,89.571429,88.0,103.428571,142.571429,96.857143,-2.0,-2.232855
3.2.2.伊朗,伊朗 次日留存UV,445.571429,511.0,537.571429,507.0,405.142857,61.0,-65.428571,-12.804026
3.2.2.伯利兹,伯利兹 次日留存UV,15.428571,13.285714,14.428571,17.142857,15.857143,15.857143,2.142857,16.129032
3.2.2.佛得角,佛得角 次日留存UV,19.285714,19.285714,19.142857,19.857143,17.714286,19.428571,0.0,0.0
3.2.2.俄罗斯,俄罗斯 次日留存UV,5163.142857,5233.142857,5803.0,5202.857143,5094.571429,5113.428571,-70.0,-1.337628
3.2.2.保加利亚,保加利亚 次日留存UV,346.714286,340.142857,339.428571,319.571429,341.285714,296.857143,6.571429,1.931961
3.2.2.克罗地亚,克罗地亚 次日留存UV,543.285714,505.857143,448.428571,441.714286,425.571429,376.571429,37.428571,7.39904
3.2.2.关岛,关岛 次日留存UV,9.857143,10.714286,10.428571,11.428571,11.571429,11.571429,-0.857143,-8.0
3.2.2.冈比亚,冈比亚 次日留存UV,60.285714,67.571429,70.428571,108.857143,148.857143,60.285714,-7.285714,-10.782241
3.2.2.冰岛,冰岛 次日留存UV,33.285714,43.571429,38.142857,32.0,36.0,34.571429,-10.285714,-23.606557
3.2.2.几内亚,几内亚 次日留存UV,11.142857,13.428571,15.571429,19.285714,19.714286,11.0,-2.285714,-17.021277
3.2.2.几内亚比绍,几内亚比绍 次日留存UV,1.285714,3.142857,1.285714,2.0,1.857143,1.142857,-1.857143,-59.090909
3.2.2.列支敦士登,列支敦士登 次日留存UV,1.5,1.666667,1.142857,1.571429,2.142857,1.714286,-0.166667,-10.0
3.2.2.刚果共和国,刚果共和国 次日留存UV,3.571429,5.714286,5.0,2.285714,5.857143,4.285714,-2.142857,-37.5
3.2.2.刚果民主共和国,刚果民主共和国 次日留存UV,18.0,19.428571,21.428571,17.142857,20.142857,19.0,-1.428571,-7.352941
3.2.2.利比亚,利比亚 次日留存UV,21.571429,20.571429,18.571429,20.142857,23.142857,17.428571,1.0,4.861111
3.2.2.利比里亚,利比里亚 次日留存UV,40.0,43.857143,40.714286,44.0,41.714286,46.142857,-3.857143,-8.794788
3.2.2.加拿大,加拿大 次日留存UV,3056.571429,2957.142857,3033.428571,2910.714286,2898.714286,2891.142857,99.428571,3.362319
3.2.2.加纳,加纳 次日留存UV,201.714286,207.428571,221.857143,204.714286,252.142857,213.0,-5.714286,-2.754821
3.2.2.加蓬,加蓬 次日留存UV,0.2,0.5,0.5,0.6,0.2,0.857143,-0.3,-60.0
3.2.2.匈牙利,匈牙利 次日留存UV,252.571429,227.714286,240.142857,225.142857,232.142857,233.857143,24.857143,10.915935
3.2.2.北马其顿,北马其顿 次日留存UV,154.0,154.714286,173.285714,169.142857,184.428571,159.428571,-0.714286,-0.461681
3.2.2.北马里亚纳群岛,北马里亚纳群岛 次日留存UV,0.0,0.0,0.0,0.5,0.0,0.0,0.0,
3.2.2.南极洲,南极洲 次日留存UV,0.0,1.0,0.5,0.5,0.0,0.0,-1.0,-100.0
3.2.2.南苏丹,南苏丹 次日留存UV,23.571429,25.142857,17.857143,21.285714,19.571429,17.714286,-1.571429,-6.25
3.2.2.南非,南非 次日留存UV,543.714286,588.0,552.285714,565.0,590.142857,576.571429,-44.285714,-7.531584
3.2.2.博茨瓦纳,博茨瓦纳 次日留存UV,12.285714,14.428571,11.428571,18.571429,17.428571,15.857143,-2.142857,-14.851485
3.2.2.卡塔尔,卡塔尔 次日留存UV,76.714286,85.857143,77.428571,83.428571,107.571429,85.571429,-9.142857,-10.648918
3.2.2.卢旺达,卢旺达 次日留存UV,10.857143,11.714286,10.0,11.0,10.428571,11.714286,-0.857143,-7.317073
3.2.2.卢森堡,卢森堡 次日留存UV,41.571429,40.571429,44.142857,40.571429,49.285714,37.571429,1.0,2.464789
3.2.2.印度,印度 次日留存UV,78.142857,86.0,86.142857,89.142857,98.428571,88.571429,-7.857143,-9.136213
3.2.2.印度尼西亚,印度尼西亚 次日留存UV,418.714286,397.571429,388.0,392.0,427.571429,386.0,21.142857,5.318002
3.2.2.危地马拉,危地马拉 次日留存UV,163.428571,186.571429,160.0,161.142857,174.428571,174.714286,-23.142857,-12.404288
3.2.2.厄瓜多尔,厄瓜多尔 次日留存UV,372.0,402.0,378.142857,370.714286,387.0,366.142857,-30.0,-7.462687
3.2.2.厄立特里亚,厄立特里亚 次日留存UV,0.0,0.0,0.0,0.0,0.0,0.0,0.0,
3.2.2.叙利亚,叙利亚 次日留存UV,23.142857,20.571429,23.0,21.428571,37.857143,23.428571,2.571429,12.5
3.2.2.古巴,古巴 次日留存UV,4.857143,5.0,5.142857,4.0,6.428571,4.857143,-0.142857,-2.857143
3.2.2.吉尔吉斯斯坦,吉尔吉斯斯坦 次日留存UV,75.285714,69.714286,73.0,70.857143,93.285714,62.428571,5.571429,7.991803
3.2.2.吉布提,吉布提 次日留存UV,0.714286,0.0,0.5,0.2,0.333333,0.0,0.714286,
3.2.2.哈萨克斯坦,哈萨克斯坦 次日留存UV,518.571429,523.857143,538.428571,485.0,549.571429,402.571429,-5.285714,-1.008999
3.2.2.哥伦比亚,哥伦比亚 次日留存UV,2154.142857,2206.714286,2173.428571,1945.857143,1988.142857,2157.142857,-52.571429,-2.38234
3.2.2.哥斯达黎加,哥斯达黎加 次日留存UV,155.571429,161.142857,164.428571,164.857143,146.714286,158.857143,-5.571429,-3.457447
3.2.2.喀麦隆,喀麦隆 次日留存UV,53.285714,55.142857,61.285714,64.857143,66.285714,58.571429,-1.857143,-3.367876
3.2.2.图瓦卢,图瓦卢 次日留存UV,0.0,0.0,0.0,0.0,0.0,0.0,0.0,
3.2.2.土库曼斯坦,土库曼斯坦 次日留存UV,0.714286,0.6,1.428571,1.142857,1.428571,0.833333,0.114286,19.047619
3.2.2.土耳其,土耳其 次日留存UV,2524.857143,2432.142857,2421.857143,2387.428571,2959.571429,2087.428571,92.714286,3.812041
3.2.2.圣卢西亚,圣卢西亚 次日留存UV,11.428571,12.714286,15.571429,14.857143,14.428571,12.714286,-1.285714,-10.11236
3.2.2.圣基茨和尼维斯,圣基茨和尼维斯 次日留存UV,4.571429,1.285714,1.428571,2.142857,3.714286,1.857143,3.285714,255.555556
3.2.2.圣多美和普林西比,圣多美和普林西比 次日留存UV,1.333333,0.833333,0.428571,1.0,0.428571,0.428571,0.5,60.0
3.2.2.圣巴泰勒米岛,圣巴泰勒米岛 次日留存UV,1.0,1.142857,1.0,0.8,1.5,0.833333,-0.142857,-12.5
3.2.2.圣文森特和格林纳丁斯,圣文森特和格林纳丁斯 次日留存UV,3.428571,3.428571,4.142857,2.571429,5.857143,3.428571,0.0,0.0
3.2.2.圣皮埃尔和密克隆群岛,圣皮埃尔和密克隆群岛 次日留存UV,1.0,0.0,0.0,0.0,0.0,0.0,1.0,
3.2.2.圣马力诺,圣马力诺 次日留存UV,0.833333,0.25,0.5,0.285714,0.833333,1.166667,0.583333,233.333333
3.2.2.圭亚那,圭亚那 次日留存UV,18.571429,19.142857,14.571429,17.0,26.714286,19.571429,-0.571429,-2.985075
3.2.2.坦桑尼亚,坦桑尼亚 次日留存UV,48.714286,46.285714,50.571429,54.428571,41.571429,29.285714,2.428571,5.246914
3.2.2.埃及,埃及 次日留存UV,360.428571,376.285714,354.571429,379.428571,449.714286,325.285714,-15.857143,-4.214123
3.2.2.埃塞俄比亚,埃塞俄比亚 次日留存UV,12.571429,13.0,13.142857,12.857143,10.714286,11.714286,-0.428571,-3.296703
3.2.2.基里巴斯,基里巴斯 次日留存UV,0.333333,0.0,0.0,0.333333,0.5,0.5,0.333333,
3.2.2.塔吉克斯坦,塔吉克斯坦 次日留存UV,6.857143,6.857143,7.142857,8.714286,9.714286,6.571429,0.0,0.0
3.2.2.塞内加尔,塞内加尔 次日留存UV,80.857143,100.142857,120.428571,179.714286,277.571429,104.0,-19.285714,-19.258203
3.2.2.塞尔维亚,塞尔维亚 次日留存UV,1079.857143,1099.714286,1144.285714,1222.571429,1244.142857,1130.0,-19.857143,-1.805664
3.2.2.塞拉利昂,塞拉利昂 次日留存UV,21.857143,28.714286,26.142857,22.571429,22.0,17.142857,-6.857143,-23.880597
3.2.2.塞浦路斯,塞浦路斯 次日留存UV,237.428571,225.285714,218.571429,211.571429,199.571429,174.285714,12.142857,5.389981
3.2.2.塞舌尔,塞舌尔 次日留存UV,11.142857,8.571429,8.428571,12.142857,14.142857,14.857143,2.571429,30.0
3.2.2.墨西哥,墨西哥 次日留存UV,3095.428571,3135.857143,3087.428571,2920.285714,3033.142857,3053.428571,-40.428571,-1.289235
3.2.2.多哥,多哥 次日留存UV,7.428571,7.142857,6.428571,7.714286,12.428571,11.0,0.285714,4.0
3.2.2.多米尼克,多米尼克 次日留存UV,3.714286,2.285714,1.714286,1.571429,2.857143,2.0,1.428571,62.5
3.2.2.多米尼加,多米尼加 次日留存UV,318.428571,334.285714,345.857143,338.857143,357.428571,318.428571,-15.857143,-4.74359
3.2.2.奥兰群岛,奥兰群岛 次日留存UV,0.0,0.4,0.25,0.333333,1.0,0.25,-0.4,-100.0
3.2.2.奥地利,奥地利 次日留存UV,348.714286,364.0,360.142857,360.571429,370.285714,338.142857,-15.285714,-4.199372
3.2.2.委内瑞拉,委内瑞拉 次日留存UV,140.571429,260.428571,263.0,232.142857,243.714286,242.857143,-119.857143,-46.023039
3.2.2.孟加拉,孟加拉 次日留存UV,116.571429,128.0,122.714286,134.571429,179.857143,89.571429,-11.428571,-8.928571
3.2.2.安哥拉,安哥拉 次日留存UV,49.142857,47.714286,52.0,56.0,56.285714,50.428571,1.428571,2.994012
3.2.2.安圭拉,安圭拉 次日留存UV,1.857143,0.857143,3.857143,3.285714,2.571429,3.857143,1.0,116.666667
3.2.2.安提瓜和巴布达,安提瓜和巴布达 次日留存UV,14.571429,13.714286,14.857143,14.714286,18.285714,11.142857,0.857143,6.25
3.2.2.安道尔,安道尔 次日留存UV,3.0,5.714286,4.428571,3.857143,3.0,2.285714,-2.714286,-47.5
3.2.2.密克罗尼西亚联邦,密克罗尼西亚联邦 次日留存UV,0.0,0.0,0.0,0.5,0.0,0.25,0.0,
3.2.2.尼加拉瓜,尼加拉瓜 次日留存UV,43.571429,42.857143,47.142857,42.571429,51.714286,42.571429,0.714286,1.666667
3.2.2.尼日利亚,尼日利亚 次日留存UV,1559.857143,1581.714286,1647.714286,1630.285714,2106.857143,1649.428571,-21.857143,-1.381864
3.2.2.尼日尔,尼日尔 次日留存UV,2.285714,3.142857,2.285714,3.0,5.0,3.285714,-0.857143,-27.272727
3.2.2.尼泊尔,尼泊尔 次日留存UV,20.0,22.857143,24.285714,29.714286,28.285714,31.0,-2.857143,-12.5
3.2.2.巴勒斯坦,巴勒斯坦 次日留存UV,100.428571,104.714286,112.285714,108.714286,139.0,101.571429,-4.285714,-4.092769
3.2.2.巴哈马,巴哈马 次日留存UV,60.571429,55.0,52.571429,48.571429,54.714286,51.0,5.571429,10.12987
3.2.2.巴基斯坦,巴基斯坦 次日留存UV,175.285714,193.142857,199.714286,227.714286,443.857143,186.0,-17.857143,-9.245562
3.2.2.巴巴多斯,巴巴多斯 次日留存UV,16.571429,24.571429,26.0,24.285714,24.285714,23.142857,-8.0,-32.55814
3.2.2.巴布亚新几内亚,巴布亚新几内亚 次日留存UV,2.285714,2.285714,2.285714,1.142857,1.571429,2.142857,0.0,0.0
3.2.2.巴拉圭,巴拉圭 次日留存UV,244.0,252.714286,275.571429,269.571429,249.0,247.0,-8.714286,-3.448276
3.2.2.巴拿马,巴拿马 次日留存UV,120.714286,133.571429,127.0,129.714286,134.285714,130.714286,-12.857143,-9.625668
3.2.2.巴林,巴林 次日留存UV,24.714286,30.714286,32.571429,30.285714,35.571429,24.428571,-6.0,-19.534884
3.2.2.巴西,巴西 次日留存UV,75062.428571,74021.0,79655.714286,71841.428571,69988.857143,68804.714286,1041.428571,1.406937
3.2.2.布基纳法索,布基纳法索 次日留存UV,31.285714,29.285714,36.285714,31.714286,47.428571,33.714286,2.0,6.829268
3.2.2.布隆迪,布隆迪 次日留存UV,2.714286,2.571429,2.714286,3.0,2.428571,2.571429,0.142857,5.555556
3.2.2.希腊,希腊 次日留存UV,1635.142857,1573.571429,1510.285714,1464.571429,1299.142857,1106.285714,61.571429,3.912846
3.2.2.帕劳,帕劳 次日留存UV,0.0,0.0,0.0,0.0,0.0,0.0,0.0,
3.2.2.库克群岛,库克群岛 次日留存UV,1.833333,0.333333,1.428571,1.857143,1.571429,1.0,1.5,450.0
3.2.2.库拉索,库拉索 次日留存UV,19.142857,22.285714,17.571429,25.0,25.857143,25.142857,-3.142857,-14.102564
3.2.2.开曼群岛,开曼群岛 次日留存UV,12.0,12.857143,11.285714,11.571429,19.142857,14.857143,-0.857143,-6.666667
3.2.2.德国,德国 次日留存UV,4080.857143,4125.428571,3859.857143,3822.428571,3869.857143,3503.142857,-44.571429,-1.080407
3.2.2.意大利,意大利 次日留存UV,1630.714286,1622.857143,1612.285714,1581.714286,1540.285714,1441.285714,7.857143,0.484155
3.2.2.所罗门群岛,所罗门群岛 次日留存UV,0.857143,0.8,0.666667,0.714286,0.8,0.75,0.057143,7.142857
3.2.2.拉脱维亚,拉脱维亚 次日留存UV,285.0,244.285714,222.714286,223.714286,214.571429,200.285714,40.714286,16.666667
3.2.2.挪威,挪威 次日留存UV,203.0,300.0,297.142857,268.285714,249.714286,225.714286,-97.0,-32.333333
3.2.2.捷克,捷克 次日留存UV,269.285714,265.285714,253.0,258.571429,275.714286,265.142857,4.0,1.507808
3.2.2.摩尔多瓦,摩尔多瓦 次日留存UV,169.142857,150.714286,167.857143,156.285714,171.285714,199.857143,18.428571,12.227488
3.2.2.摩洛哥,摩洛哥 次日留存UV,157.428571,153.428571,156.285714,150.571429,181.857143,153.285714,4.0,2.607076
3.2.2.摩纳哥,摩纳哥 次日留存UV,8.142857,12.857143,13.857143,16.428571,11.285714,8.571429,-4.714286,-36.666667
3.2.2.文莱,文莱 次日留存UV,3.857143,2.857143,2.428571,3.0,5.857143,2.857143,1.0,35.0
3.2.2.斐济,斐济 次日留存UV,14.571429,10.714286,11.571429,16.714286,13.714286,14.857143,3.857143,36.0
3.2.2.斯威士兰,斯威士兰 次日留存UV,2.285714,2.0,2.0,2.0,1.166667,0.142857,0.285714,14.285714
3.2.2.斯洛伐克,斯洛伐克 次日留存UV,160.571429,149.428571,139.428571,136.428571,147.0,141.714286,11.142857,7.456979
3.2.2.斯洛文尼亚,斯洛文尼亚 次日留存UV,86.571429,79.0,83.857143,74.571429,78.714286,81.142857,7.571429,9.584087
3.2.2.斯里兰卡,斯里兰卡 次日留存UV,52.428571,54.714286,49.142857,56.857143,69.0,55.0,-2.285714,-4.177546
3.2.2.新加坡,新加坡 次日留存UV,182.285714,182.142857,182.571429,195.0,228.428571,205.714286,0.142857,0.078431
3.2.2.新喀里多尼亚,新喀里多尼亚 次日留存UV,1.0,1.285714,0.0,1.285714,0.666667,0.714286,-0.285714,-22.222222
3.2.2.新西兰,新西兰 次日留存UV,166.0,153.571429,160.714286,156.428571,166.142857,165.0,12.428571,8.093023
3.2.2.日本,日本 次日留存UV,198.0,218.428571,223.857143,239.428571,298.857143,284.285714,-20.428571,-9.352518
3.2.2.智利,智利 次日留存UV,416.857143,407.714286,386.714286,367.857143,365.857143,386.0,9.142857,2.242467
3.2.2.柬埔寨,柬埔寨 次日留存UV,29.285714,33.714286,34.857143,30.0,26.857143,28.857143,-4.428571,-13.135593
3.2.2.根西岛,根西岛 次日留存UV,6.0,8.428571,7.857143,4.714286,10.428571,6.571429,-2.428571,-28.813559
3.2.2.格林纳达,格林纳达 次日留存UV,6.0,7.0,3.428571,5.857143,6.142857,6.285714,-1.0,-14.285714
3.2.2.格陵兰,格陵兰 次日留存UV,0.428571,0.25,0.0,0.166667,0.4,0.5,0.178571,71.428571
3.2.2.格鲁吉亚,格鲁吉亚 次日留存UV,384.142857,399.571429,398.142857,397.428571,349.571429,339.285714,-15.428571,-3.86128
3.2.2.梵蒂冈,梵蒂冈 次日留存UV,0.0,0.0,0.0,0.0,0.0,0.0,0.0,
3.2.2.比利时,比利时 次日留存UV,336.714286,313.142857,307.714286,290.571429,358.714286,327.428571,23.571429,7.527372
3.2.2.毛里塔尼亚,毛里塔尼亚 次日留存UV,3.714286,4.285714,5.0,5.0,8.142857,3.428571,-0.571429,-13.333333
3.2.2.毛里求斯,毛里求斯 次日留存UV,29.428571,31.857143,32.857143,31.571429,31.142857,30.0,-2.428571,-7.623318
3.2.2.汤加,汤加 次日留存UV,0.666667,0.285714,1.0,1.0,0.857143,0.5,0.380952,133.333333
3.2.2.沙特阿拉伯,沙特阿拉伯 次日留存UV,208.857143,222.571429,229.285714,241.428571,310.571429,215.428571,-13.714286,-6.161746
3.2.2.法国,法国 次日留存UV,1226.428571,1271.714286,1282.0,1167.142857,1236.428571,1093.285714,-45.285714,-3.560998
3.2.2.法属圣马丁,法属圣马丁 次日留存UV,1.714286,2.714286,3.0,3.142857,3.0,4.142857,-1.0,-36.842105
3.2.2.法属圭亚那,法属圭亚那 次日留存UV,1.428571,1.857143,2.142857,2.142857,1.285714,1.428571,-0.428571,-23.076923
3.2.2.法属波利尼西亚,法属波利尼西亚 次日留存UV,3.428571,2.571429,5.714286,4.571429,3.571429,6.285714,0.857143,33.333333
3.2.2.法罗群岛,法罗群岛 次日留存UV,1.428571,1.285714,1.142857,1.0,0.714286,1.857143,0.142857,11.111111
3.2.2.波兰,波兰 次日留存UV,946.714286,870.714286,831.0,835.714286,854.285714,816.142857,76.0,8.728466
3.2.2.波多黎各,波多黎各 次日留存UV,249.857143,262.285714,262.714286,264.428571,270.285714,255.714286,-12.428571,-4.738562
3.2.2.波黑,波黑 次日留存UV,373.285714,404.428571,417.428571,417.285714,489.285714,413.857143,-31.142857,-7.700459
3.2.2.泰国,泰国 次日留存UV,203.571429,205.714286,197.571429,206.714286,220.714286,226.0,-2.142857,-1.041667
3.2.2.泽西岛,泽西岛 次日留存UV,8.571429,8.142857,4.142857,6.428571,7.857143,9.142857,0.428571,5.263158
3.2.2.津巴布韦,津巴布韦 次日留存UV,12.714286,15.714286,17.714286,19.0,16.714286,16.571429,-3.0,-19.090909
3.2.2.洪都拉斯,洪都拉斯 次日留存UV,137.571429,133.714286,133.571429,124.714286,128.285714,127.285714,3.857143,2.884615
3.2.2.海地,海地 次日留存UV,37.142857,32.0,31.285714,40.0,40.142857,44.714286,5.142857,16.071429
3.2.2.澳大利亚,澳大利亚 次日留存UV,2431.428571,2445.285714,2540.142857,2631.714286,2532.857143,2546.571429,-13.857143,-0.566688
3.2.2.爱尔兰,爱尔兰 次日留存UV,900.285714,813.571429,767.142857,796.285714,959.714286,804.857143,86.714286,10.658472
3.2.2.爱沙尼亚,爱沙尼亚 次日留存UV,180.285714,163.428571,157.142857,154.0,137.857143,138.142857,16.857143,10.314685
3.2.2.牙买加,牙买加 次日留存UV,125.571429,113.0,115.285714,104.714286,115.571429,124.142857,12.571429,11.125158
3.2.2.特克斯和凯科斯群岛,特克斯和凯科斯群岛 次日留存UV,13.285714,12.0,12.857143,18.857143,15.0,11.714286,1.285714,10.714286
3.2.2.特立尼达和多巴哥,特立尼达和多巴哥 次日留存UV,36.857143,39.142857,37.0,33.428571,34.142857,34.142857,-2.285714,-5.839416
3.2.2.玻利维亚,玻利维亚 次日留存UV,102.857143,105.714286,104.0,113.142857,136.285714,106.0,-2.857143,-2.702703
3.2.2.瑙鲁,瑙鲁 次日留存UV,0.0,0.0,0.0,0.0,0.0,1.0,0.0,
3.2.2.瑞典,瑞典 次日留存UV,560.285714,594.857143,504.571429,458.428571,421.714286,397.571429,-34.571429,-5.81172
3.2.2.瑞士,瑞士 次日留存UV,433.285714,411.0,396.714286,366.714286,408.571429,368.142857,22.285714,5.422315
3.2.2.瓜德罗普,瓜德罗普 次日留存UV,2.428571,2.571429,2.857143,3.428571,3.428571,3.571429,-0.142857,-5.555556
3.2.2.瓦利斯和富图纳群岛,瓦利斯和富图纳群岛 次日留存UV,0.0,0.0,0.0,0.0,0.0,0.0,0.0,
3.2.2.瓦努阿图,瓦努阿图 次日留存UV,2.166667,2.857143,1.571429,1.142857,0.857143,1.0,-0.690476,-24.166667
3.2.2.留尼汪岛,留尼汪岛 次日留存UV,4.714286,5.142857,4.714286,2.428571,6.142857,4.0,-0.428571,-8.333333
3.2.2.白俄罗斯,白俄罗斯 次日留存UV,791.0,714.857143,711.714286,697.857143,691.857143,721.857143,76.142857,10.651479
3.2.2.百慕大,百慕大 次日留存UV,10.571429,13.571429,11.142857,7.142857,9.0,7.142857,-3.0,-22.105263
3.2.2.直布罗陀,直布罗陀 次日留存UV,10.285714,8.571429,7.142857,8.714286,8.428571,5.0,1.714286,20.0
3.2.2.福克兰群岛,福克兰群岛 次日留存UV,0.0,0.0,0.0,0.0,0.0,0.0,0.0,
3.2.2.科威特,科威特 次日留存UV,87.428571,92.571429,90.428571,100.714286,122.142857,93.428571,-5.142857,-5.555556
3.2.2.科摩罗,科摩罗 次日留存UV,1.333333,1.0,1.428571,1.428571,1.571429,2.0,0.333333,33.333333
3.2.2.科特迪瓦,科特迪瓦 次日留存UV,54.857143,52.714286,68.857143,73.428571,85.857143,57.285714,2.142857,4.065041
3.2.2.科索沃,科索沃 次日留存UV,64.571429,66.142857,62.0,69.428571,67.285714,65.142857,-1.571429,-2.37581
3.2.2.秘鲁,秘鲁 次日留存UV,563.714286,598.0,555.714286,570.714286,592.714286,596.0,-34.285714,-5.733397
3.2.2.突尼斯,突尼斯 次日留存UV,67.428571,69.714286,68.0,65.142857,62.714286,52.428571,-2.285714,-3.278689
3.2.2.立陶宛,立陶宛 次日留存UV,295.714286,252.285714,225.571429,231.0,221.714286,226.285714,43.428571,17.214043
3.2.2.索马里,索马里 次日留存UV,8.0,6.714286,6.571429,7.714286,9.571429,6.714286,1.285714,19.148936
3.2.2.约旦,约旦 次日留存UV,66.714286,67.142857,70.428571,78.428571,108.0,64.714286,-0.428571,-0.638298
3.2.2.纳米比亚,纳米比亚 次日留存UV,22.142857,20.142857,20.0,20.0,22.285714,18.428571,2.0,9.929078
3.2.2.纽埃岛,纽埃岛 次日留存UV,0.6,1.0,0.0,0.0,0.0,0.0,-0.4,-40.0
3.2.2.缅甸,缅甸 次日留存UV,13.142857,14.714286,15.285714,12.714286,11.285714,11.571429,-1.571429,-10.679612
3.2.2.罗马尼亚,罗马尼亚 次日留存UV,629.285714,636.285714,613.0,625.714286,672.285714,634.142857,-7.0,-1.100135
3.2.2.美国,美国 次日留存UV,30273.857143,31529.0,30830.428571,30437.714286,31411.142857,30344.714286,-1255.142857,-3.980916
3.2.2.美属维尔京群岛,美属维尔京群岛 次日留存UV,8.285714,9.714286,10.857143,8.857143,7.0,7.428571,-1.428571,-14.705882
3.2.2.美属萨摩亚,美属萨摩亚 次日留存UV,0.0,0.0,0.0,0.333333,0.333333,0.5,0.0,
3.2.2.老挝,老挝 次日留存UV,1.714286,2.571429,2.285714,1.285714,1.142857,2.142857,-0.857143,-33.333333
3.2.2.肯尼亚,肯尼亚 次日留存UV,61.714286,70.0,65.571429,62.142857,64.0,63.428571,-8.285714,-11.836735
3.2.2.芬兰,芬兰 次日留存UV,473.142857,464.428571,447.142857,422.285714,385.285714,356.428571,8.714286,1.876346
3.2.2.苏丹,苏丹 次日留存UV,2.428571,1.714286,2.0,3.0,2.714286,0.571429,0.714286,41.666667
3.2.2.苏里南,苏里南 次日留存UV,8.571429,6.428571,5.571429,7.714286,6.142857,8.285714,2.142857,33.333333
3.2.2.英国,英国 次日留存UV,11554.142857,11210.571429,10519.142857,9967.285714,12750.714286,10773.285714,343.571429,3.064709
3.2.2.英属印度洋领地,英属印度洋领地 次日留存UV,0.5,0.0,0.0,0.0,0.0,0.0,0.5,
3.2.2.英属维尔京群岛,英属维尔京群岛 次日留存UV,3.714286,5.0,2.571429,2.285714,3.142857,1.714286,-1.285714,-25.714286
3.2.2.荷兰,荷兰 次日留存UV,2520.142857,2613.857143,2541.142857,2346.714286,2441.285714,2372.142857,-93.714286,-3.585287
3.2.2.荷兰加勒比,荷兰加勒比 次日留存UV,1.285714,1.857143,1.428571,0.571429,2.714286,2.714286,-0.571429,-30.769231
3.2.2.荷属圣马丁,荷属圣马丁 次日留存UV,10.428571,8.428571,10.428571,13.714286,10.857143,11.571429,2.0,23.728814
3.2.2.荷属安的列斯,荷属安的列斯 次日留存UV,0.0,0.833333,1.0,0.0,0.0,0.0,-0.833333,-100.0
3.2.2.莫桑比克,莫桑比克 次日留存UV,30.285714,28.285714,25.571429,26.571429,34.285714,28.0,2.0,7.070707
3.2.2.莱索托,莱索托 次日留存UV,1.571429,3.714286,2.142857,3.571429,2.285714,4.0,-2.142857,-57.692308
3.2.2.菲律宾,菲律宾 次日留存UV,1029.571429,1117.428571,1096.285714,1090.428571,1142.571429,1144.571429,-87.857143,-7.862439
3.2.2.萨尔瓦多,萨尔瓦多 次日留存UV,94.571429,94.0,78.571429,83.285714,85.857143,85.0,0.571429,0.607903
3.2.2.萨摩亚,萨摩亚 次日留存UV,0.857143,0.5,1.166667,2.0,1.666667,1.285714,0.357143,71.428571
3.2.2.葡萄牙,葡萄牙 次日留存UV,1662.285714,1730.285714,1857.0,1718.857143,1765.285714,1625.571429,-68.0,-3.929987
3.2.2.蒙古,蒙古 次日留存UV,9.142857,11.714286,10.714286,9.142857,9.142857,8.285714,-2.571429,-21.95122
3.2.2.蒙塞拉特岛,蒙塞拉特岛 次日留存UV,0.0,0.0,0.0,0.0,0.0,0.0,0.0,
3.2.2.西班牙,西班牙 次日留存UV,2664.428571,2630.142857,2633.142857,2477.428571,2562.428571,2446.571429,34.285714,1.303569
3.2.2.贝宁,贝宁 次日留存UV,33.714286,31.0,29.714286,40.142857,46.571429,42.857143,2.714286,8.75576
3.2.2.赞比亚,赞比亚 次日留存UV,23.857143,26.857143,27.285714,24.142857,26.285714,28.571429,-3.0,-11.170213
3.2.2.赤道几内亚,赤道几内亚 次日留存UV,0.714286,2.142857,1.714286,3.285714,1.714286,1.285714,-1.428571,-66.666667
3.2.2.越南,越南 次日留存UV,149.714286,165.428571,158.142857,143.142857,142.857143,137.571429,-15.714286,-9.499136
3.2.2.阿塞拜疆,阿塞拜疆 次日留存UV,100.714286,101.285714,100.428571,93.714286,110.0,88.714286,-0.571429,-0.564175
3.2.2.阿富汗,阿富汗 次日留存UV,11.0,11.0,11.571429,16.428571,20.857143,7.0,0.0,0.0
3.2.2.阿尔及利亚,阿尔及利亚 次日留存UV,21.428571,21.571429,22.857143,21.0,28.142857,19.142857,-0.142857,-0.662252
3.2.2.阿尔巴尼亚,阿尔巴尼亚 次日留存UV,344.714286,316.285714,320.0,311.142857,301.285714,257.857143,28.428571,8.988257
3.2.2.阿曼,阿曼 次日留存UV,48.142857,45.857143,44.571429,49.142857,96.285714,40.428571,2.285714,4.984424
3.2.2.阿根廷,阿根廷 次日留存UV,968.285714,978.142857,916.571429,927.428571,961.0,946.428571,-9.857143,-1.007741
3.2.2.阿联酋,阿联酋 次日留存UV,477.714286,504.285714,519.857143,484.571429,649.0,471.428571,-26.571429,-5.269122
3.2.2.阿鲁巴,阿鲁巴 次日留存UV,39.142857,28.0,36.0,36.285714,33.857143,33.428571,11.142857,39.795918
3.2.2.韩国,韩国 次日留存UV,107.0,114.857143,106.0,98.285714,102.142857,123.714286,-7.857143,-6.840796
3.2.2.马尔代夫,马尔代夫 次日留存UV,37.142857,40.571429,41.714286,30.571429,42.285714,26.857143,-3.428571,-8.450704
3.2.2.马恩岛,马恩岛 次日留存UV,10.857143,8.285714,9.0,12.285714,12.285714,10.0,2.571429,31.034483
3.2.2.马拉维,马拉维 次日留存UV,10.428571,9.428571,12.571429,11.428571,15.428571,11.714286,1.0,10.606061
3.2.2.马提尼克岛,马提尼克岛 次日留存UV,2.428571,1.571429,0.714286,2.571429,2.714286,2.0,0.857143,54.545455
3.2.2.马来西亚,马来西亚 次日留存UV,158.571429,163.714286,155.714286,197.714286,205.0,160.285714,-5.142857,-3.141361
3.2.2.马约特,马约特 次日留存UV,0.0,0.0,0.75,0.0,0.0,0.0,0.0,
3.2.2.马绍尔群岛,马绍尔群岛 次日留存UV,0.0,0.0,0.0,0.0,0.0,0.25,0.0,
3.2.2.马耳他,马耳他 次日留存UV,124.428571,122.571429,120.714286,113.0,92.428571,100.857143,1.857143,1.515152
3.2.2.马达加斯加,马达加斯加 次日留存UV,8.285714,7.285714,9.714286,6.285714,8.428571,5.142857,1.0,13.72549
3.2.2.马里,马里 次日留存UV,33.428571,37.428571,44.714286,41.0,66.571429,25.714286,-4.0,-10.687023
3.2.2.黎巴嫩,黎巴嫩 次日留存UV,221.285714,248.428571,237.714286,228.857143,270.571429,198.857143,-27.142857,-10.925819
3.2.2.黑山,黑山 次日留存UV,283.714286,259.714286,255.857143,224.142857,235.857143,232.285714,24.0,9.240924
