层级,指标,本周,上周,2周前,3周前,4周前,5周前,6周前,7周前,wow,wow%
1,整体 新增次留,0.141583,0.136161,0.142303,0.142372,0.144165,0.134085,0.138158,0.136863,0.005422,3.981948
1.1,渠道 新增次留,0.105862,0.101853,0.110935,0.107046,0.105954,0.095577,0.095517,0.092436,0.004009,3.936384
1.1.unknow,unknow 新增次留,,,0.0,0.0,,,,,,
1.1.不丹,不丹 新增次留,,,,,,1.0,,1.0,,
1.1.东帝汶,东帝汶 新增次留,,,,,,,,0.0,,
1.1.中国,中国 新增次留,0.333333,0.0,0.142857,0.0,0.0,0.5,1.0,0.0,0.333333,
1.1.中国台湾,中国台湾 新增次留,0.333333,0.25,0.5,0.0,0.0,0.5,0.0,0.0,0.083333,33.333333
1.1.中国澳门,中国澳门 新增次留,,,,,0.0,,0.0,0.0,,
1.1.中国香港,中国香港 新增次留,0.116608,0.131266,0.127731,0.130952,0.289157,0.2,0.146341,0.333333,-0.014658,-11.166912
1.1.中非,中非 新增次留,,,,,,,,,,
1.1.丹麦,丹麦 新增次留,0.0,0.066667,0.333333,0.25,0.0,0.428571,0.142857,0.222222,-0.066667,-100.0
1.1.乌克兰,乌克兰 新增次留,0.083333,0.134615,0.124294,0.124183,0.120805,0.134615,0.142045,0.106061,-0.051282,-38.095238
1.1.乌兹别克斯坦,乌兹别克斯坦 新增次留,0.0,0.04878,0.1,0.076923,0.15,0.115385,0.086957,0.033333,-0.04878,-100.0
1.1.乌干达,乌干达 新增次留,0.333333,0.0,0.333333,0.5,0.0,0.666667,0.0,0.285714,0.333333,
1.1.乌拉圭,乌拉圭 新增次留,0.166667,0.071429,0.0,0.0,0.0,0.111111,0.0,0.105263,0.095238,133.333333
1.1.乍得,乍得 新增次留,,,,,,0.0,,0.0,,
1.1.也门,也门 新增次留,,,1.0,,,0.0,0.0,,,
1.1.亚美尼亚,亚美尼亚 新增次留,0.222222,0.166667,0.157895,0.0,0.166667,0.222222,0.142857,0.0,0.055556,33.333333
1.1.以色列,以色列 新增次留,0.176471,0.233083,0.055556,0.25,0.0,0.0,0.16,0.153846,-0.056612,-24.288425
1.1.伊拉克,伊拉克 新增次留,0.119403,0.12069,0.137255,0.068182,0.152174,0.148936,0.206897,0.108108,-0.001287,-1.066098
1.1.伊朗,伊朗 新增次留,0.105027,0.117056,0.123519,0.134387,0.17847,0.141343,0.189024,0.5,-0.012029,-10.27626
1.1.伯利兹,伯利兹 新增次留,0.0,0.0,,,0.0,0.0,,0.0,0.0,
1.1.佛得角,佛得角 新增次留,0.25,0.333333,1.0,0.0,,1.0,0.0,0.0,-0.083333,-25.0
1.1.俄罗斯,俄罗斯 新增次留,0.103229,0.121517,0.10098,0.115464,0.103844,0.106642,0.102922,0.1034,-0.018288,-15.049732
1.1.保加利亚,保加利亚 新增次留,0.086957,0.057143,0.142857,0.333333,0.095238,0.058824,0.454545,0.0,0.029814,52.173913
1.1.克罗地亚,克罗地亚 新增次留,0.533333,0.285714,0.192308,0.473684,0.25,0.0,0.48,0.117647,0.247619,86.666667
1.1.关岛,关岛 新增次留,0.0,,0.0,0.0,,,0.5,,,
1.1.冈比亚,冈比亚 新增次留,0.153846,0.307692,0.166667,0.1,0.066667,0.3,0.333333,0.333333,-0.153846,-50.0
1.1.冰岛,冰岛 新增次留,0.0,0.0,0.0,0.0,0.5,0.0,0.0,,0.0,
1.1.几内亚,几内亚 新增次留,0.0,0.0,0.333333,0.0,0.0,1.0,,0.0,0.0,
1.1.几内亚比绍,几内亚比绍 新增次留,,1.0,,,,,,,,
1.1.列支敦士登,列支敦士登 新增次留,0.0,,,,,,,,,
1.1.刚果共和国,刚果共和国 新增次留,0.0,,0.0,,,0.0,0.0,,,
1.1.刚果民主共和国,刚果民主共和国 新增次留,0.25,0.2,1.0,0.5,0.333333,0.25,0.0,0.0,0.05,25.0
1.1.利比亚,利比亚 新增次留,0.25,0.5,0.333333,0.5,0.2,0.0,0.0,0.0,-0.25,-50.0
1.1.利比里亚,利比里亚 新增次留,0.0,0.0,0.0,1.0,0.0,1.0,0.0,0.333333,0.0,
1.1.加拿大,加拿大 新增次留,0.106908,0.079893,0.105488,0.086106,0.081408,0.072362,0.063628,0.068515,0.027014,33.813048
1.1.加纳,加纳 新增次留,0.184211,0.205882,0.2,0.184211,0.257143,0.190476,0.357143,0.354839,-0.021672,-10.526316
1.1.加蓬,加蓬 新增次留,,,,,0.0,,,0.0,,
1.1.匈牙利,匈牙利 新增次留,0.2,0.0,0.0,0.111111,0.0,0.153846,0.111111,0.0,0.2,
1.1.北马其顿,北马其顿 新增次留,0.2,0.0,0.333333,0.5,0.0,0.166667,0.428571,0.166667,0.2,
1.1.北马里亚纳群岛,北马里亚纳群岛 新增次留,,,,,,0.0,,,,
1.1.南苏丹,南苏丹 新增次留,0.280702,0.254902,0.166667,0.139535,0.348837,0.25,0.142857,0.479167,0.0258,10.121457
1.1.南非,南非 新增次留,0.260274,0.163121,0.125,0.136364,0.2,0.2,0.076923,0.214286,0.097153,59.559261
1.1.博茨瓦纳,博茨瓦纳 新增次留,,0.0,0.0,,,,0.0,0.0,,
1.1.卡塔尔,卡塔尔 新增次留,0.0,0.142857,0.153846,0.25,0.0,0.125,0.1,0.2,-0.142857,-100.0
1.1.卢旺达,卢旺达 新增次留,0.0,0.333333,0.25,,0.0,1.0,,,-0.333333,-100.0
1.1.卢森堡,卢森堡 新增次留,0.0,0.0,0.0,0.0,0.0,0.0,0.5,0.0,0.0,
1.1.印度,印度 新增次留,0.209424,0.227488,0.192513,0.154762,0.190141,0.198795,0.190751,0.177632,-0.018064,-7.940663
1.1.印度尼西亚,印度尼西亚 新增次留,0.149254,0.12987,0.090909,0.104167,0.135135,0.219512,0.15625,0.162162,0.019384,14.925373
1.1.危地马拉,危地马拉 新增次留,0.038462,0.117647,0.133333,0.0,0.0,0.0,0.142857,0.1,-0.079186,-67.307692
1.1.厄瓜多尔,厄瓜多尔 新增次留,0.117647,0.185185,0.216216,0.08,0.055556,0.035714,0.16129,0.071429,-0.067538,-36.470588
1.1.叙利亚,叙利亚 新增次留,0.138889,0.121951,0.137931,0.227273,0.166667,0.152174,0.117647,0.166667,0.016938,13.888889
1.1.古巴,古巴 新增次留,0.0,0.5,0.142857,0.0,0.166667,0.5,0.0,0.0,-0.5,-100.0
1.1.吉尔吉斯斯坦,吉尔吉斯斯坦 新增次留,0.0,0.166667,0.1875,0.166667,0.125,0.133333,0.117647,0.111111,-0.166667,-100.0
1.1.吉布提,吉布提 新增次留,,,,,,0.0,0.0,,,
1.1.哈萨克斯坦,哈萨克斯坦 新增次留,0.136364,0.117647,0.166667,0.106383,0.050847,0.145833,0.095238,0.150943,0.018717,15.909091
1.1.哥伦比亚,哥伦比亚 新增次留,0.120879,0.12037,0.132653,0.085106,0.065934,0.097826,0.028846,0.117188,0.000509,0.422654
1.1.哥斯达黎加,哥斯达黎加 新增次留,0.333333,0.0,0.1,0.0,0.2,0.384615,0.0,0.0,0.333333,
1.1.喀麦隆,喀麦隆 新增次留,0.5,0.2,0.4,0.2,0.4,0.0,1.0,0.0,0.3,150.0
1.1.图瓦卢,图瓦卢 新增次留,,,,,,,,,,
1.1.土库曼斯坦,土库曼斯坦 新增次留,,,,,0.0,0.0,0.5,,,
1.1.土耳其,土耳其 新增次留,0.101487,0.099112,0.097278,0.079014,0.08105,0.090114,0.09629,0.087531,0.002375,2.396296
1.1.圣卢西亚,圣卢西亚 新增次留,,1.0,,,,0.0,,,,
1.1.圣基茨和尼维斯,圣基茨和尼维斯 新增次留,,,,,,1.0,,,,
1.1.圣多美和普林西比,圣多美和普林西比 新增次留,0.0,,,,,,,,,
1.1.圣文森特和格林纳丁斯,圣文森特和格林纳丁斯 新增次留,1.0,,0.0,,,,,,,
1.1.圣皮埃尔和密克隆群岛,圣皮埃尔和密克隆群岛 新增次留,,,,,,,,,,
1.1.圣马力诺,圣马力诺 新增次留,,,,,,,0.0,,,
1.1.圭亚那,圭亚那 新增次留,0.0,0.0,0.0,0.0,0.0,0.0,0.0,0.0,0.0,
1.1.坦桑尼亚,坦桑尼亚 新增次留,0.0,0.25,0.285714,0.25,0.2,0.3,0.0,0.0,-0.25,-100.0
1.1.埃及,埃及 新增次留,0.292683,0.076923,0.163265,0.226415,0.23913,0.103448,0.234568,0.05,0.21576,280.487805
1.1.埃塞俄比亚,埃塞俄比亚 新增次留,0.25,0.0,0.0,0.4,0.0,0.3,0.0,0.142857,0.25,
1.1.基里巴斯,基里巴斯 新增次留,,,,,,,0.0,,,
1.1.塔吉克斯坦,塔吉克斯坦 新增次留,0.25,0.0,0.0,0.666667,0.0,0.0,0.0,0.0,0.25,
1.1.塞内加尔,塞内加尔 新增次留,0.0,1.0,0.0,0.0,0.2,0.416667,0.25,0.333333,-1.0,-100.0
1.1.塞尔维亚,塞尔维亚 新增次留,0.055556,0.055556,0.2,0.038462,0.035714,0.192308,0.066667,0.096774,-0.0,-0.0
1.1.塞拉利昂,塞拉利昂 新增次留,0.25,,,0.0,,0.0,0.5,0.333333,,
1.1.塞浦路斯,塞浦路斯 新增次留,0.166667,0.2,0.071429,0.285714,0.222222,0.416667,0.153846,0.0,-0.033333,-16.666667
1.1.塞舌尔,塞舌尔 新增次留,0.0,0.0,0.0,0.0,,0.0,1.0,,0.0,
1.1.墨西哥,墨西哥 新增次留,0.086728,0.068845,0.073175,0.066224,0.076812,0.084303,0.054595,0.054824,0.017884,25.977174
1.1.多哥,多哥 新增次留,,0.25,0.0,0.333333,0.0,0.0,0.333333,0.0,,
1.1.多米尼克,多米尼克 新增次留,,0.0,,,,,,,,
1.1.多米尼加,多米尼加 新增次留,0.25,0.15,0.28,0.071429,0.071429,0.176471,0.1875,0.333333,0.1,66.666667
1.1.奥兰群岛,奥兰群岛 新增次留,,,,,,,,,,
1.1.奥地利,奥地利 新增次留,0.166667,0.2,0.047619,0.083333,0.166667,0.071429,0.147059,0.131579,-0.033333,-16.666667
1.1.委内瑞拉,委内瑞拉 新增次留,0.0,0.08,0.093023,0.121951,0.125,0.042553,0.093023,0.098361,-0.08,-100.0
1.1.孟加拉,孟加拉 新增次留,0.176471,0.150794,0.170543,0.18,0.150794,0.139037,0.20283,0.162921,0.025677,17.027864
1.1.安哥拉,安哥拉 新增次留,0.0,0.0,0.0,0.0,,0.333333,0.333333,0.0,0.0,
1.1.安圭拉,安圭拉 新增次留,,,0.0,0.0,,0.0,,,,
1.1.安提瓜和巴布达,安提瓜和巴布达 新增次留,0.0,,0.0,1.0,0.0,,0.0,,,
1.1.安道尔,安道尔 新增次留,0.0,0.0,0.0,,0.5,1.0,0.0,,0.0,
1.1.密克罗尼西亚联邦,密克罗尼西亚联邦 新增次留,,,,,,,,,,
1.1.尼加拉瓜,尼加拉瓜 新增次留,0.0,0.0,0.2,0.333333,0.25,0.142857,0.0,0.5,0.0,
1.1.尼日利亚,尼日利亚 新增次留,0.234177,0.162651,0.235897,0.268293,0.229167,0.242775,0.296,0.193333,0.071527,43.975621
1.1.尼日尔,尼日尔 新增次留,,,1.0,0.0,0.0,,0.0,,,
1.1.尼泊尔,尼泊尔 新增次留,0.181818,0.285714,0.166667,0.153846,0.142857,0.230769,0.130435,0.103448,-0.103896,-36.363636
1.1.巴勒斯坦,巴勒斯坦 新增次留,0.111111,0.25,0.166667,0.4,0.1,0.25,0.0,0.2,-0.138889,-55.555556
1.1.巴哈马,巴哈马 新增次留,0.0,0.111111,0.125,0.833333,0.75,0.0,0.0,0.2,-0.111111,-100.0
1.1.巴基斯坦,巴基斯坦 新增次留,0.192308,0.162791,0.122449,0.148148,0.189189,0.176471,0.194805,0.12,0.029517,18.131868
1.1.巴巴多斯,巴巴多斯 新增次留,0.0,0.5,1.0,0.5,,0.333333,0.0,0.333333,-0.5,-100.0
1.1.巴布亚新几内亚,巴布亚新几内亚 新增次留,,0.0,,0.0,0.0,,,0.0,,
1.1.巴拉圭,巴拉圭 新增次留,0.142857,0.086957,0.0,0.055556,0.25,0.066667,0.111111,0.117647,0.055901,64.285714
1.1.巴拿马,巴拿马 新增次留,0.090909,0.0,0.133333,0.222222,0.1,0.2,0.0,0.0,0.090909,
1.1.巴林,巴林 新增次留,0.0,0.0,0.0,0.0,1.0,,0.25,0.0,0.0,
1.1.巴西,巴西 新增次留,0.0956,0.093253,0.108418,0.102442,0.103379,0.082692,0.085734,0.084617,0.002347,2.516854
1.1.布基纳法索,布基纳法索 新增次留,0.4,0.333333,0.0,0.571429,0.166667,0.0,0.0,1.0,0.066667,20.0
1.1.布隆迪,布隆迪 新增次留,1.0,0.0,,0.0,0.5,,0.0,0.0,1.0,
1.1.希腊,希腊 新增次留,0.273973,0.166667,0.266667,0.25,0.149254,0.292308,0.204545,0.108696,0.107306,64.383562
1.1.帕劳,帕劳 新增次留,,,,,,,,,,
1.1.库克群岛,库克群岛 新增次留,,,,,,,,,,
1.1.库拉索,库拉索 新增次留,,,0.0,0.0,,0.0,0.0,,,
1.1.开曼群岛,开曼群岛 新增次留,0.0,0.0,1.0,0.0,,,0.0,,0.0,
1.1.德国,德国 新增次留,0.132895,0.130945,0.131911,0.132012,0.125196,0.121887,0.144947,0.113944,0.00195,1.48946
1.1.意大利,意大利 新增次留,0.22449,0.107692,0.147541,0.213483,0.138298,0.241379,0.100917,0.172414,0.116797,108.45481
1.1.所罗门群岛,所罗门群岛 新增次留,,,,,,,,,,
1.1.拉脱维亚,拉脱维亚 新增次留,0.212121,0.3,0.111111,0.133333,0.095238,0.0,0.130435,0.071429,-0.087879,-29.292929
1.1.挪威,挪威 新增次留,0.0,0.076923,0.238095,0.090909,0.5,0.176471,0.277778,0.166667,-0.076923,-100.0
1.1.捷克,捷克 新增次留,0.166667,0.136364,0.12,0.071429,0.055556,0.083333,0.0,0.210526,0.030303,22.222222
1.1.摩尔多瓦,摩尔多瓦 新增次留,0.0625,0.133333,0.153846,0.0,0.0,0.166667,0.1,0.210526,-0.070833,-53.125
1.1.摩洛哥,摩洛哥 新增次留,0.263158,0.133333,0.214286,0.074074,0.230769,0.153846,0.214286,0.181818,0.129825,97.368421
1.1.摩纳哥,摩纳哥 新增次留,,,,,1.0,,,,,
1.1.文莱,文莱 新增次留,0.0,,0.0,0.0,0.0,0.0,0.0,0.0,,
1.1.斐济,斐济 新增次留,1.0,0.0,0.0,0.0,0.0,0.5,0.0,0.0,1.0,
1.1.斯威士兰,斯威士兰 新增次留,,,,,,,0.0,,,
1.1.斯洛伐克,斯洛伐克 新增次留,0.2,0.0,0.166667,0.111111,0.25,0.090909,0.0,0.125,0.2,
1.1.斯洛文尼亚,斯洛文尼亚 新增次留,0.2,,0.333333,0.0,0.0,0.0,0.0,0.0,,
1.1.斯里兰卡,斯里兰卡 新增次留,0.0,0.0,0.0,0.5,0.2,0.0,0.25,0.083333,0.0,
1.1.新加坡,新加坡 新增次留,0.0,0.045455,0.15,0.25,0.142857,0.181818,0.15,0.190476,-0.045455,-100.0
1.1.新喀里多尼亚,新喀里多尼亚 新增次留,,,,,0.0,,,,,
1.1.新西兰,新西兰 新增次留,0.083333,0.2,0.571429,0.0,0.0,0.0,0.0,0.066667,-0.116667,-58.333333
1.1.日本,日本 新增次留,0.117647,0.1,0.088,0.21875,0.347826,0.217391,0.137931,0.142857,0.017647,17.647059
1.1.智利,智利 新增次留,0.125,0.138298,0.088235,0.122449,0.085714,0.030303,0.125,0.114754,-0.013298,-9.615385
1.1.柬埔寨,柬埔寨 新增次留,1.0,1.0,0.5,0.5,0.0,0.0,0.0,,0.0,0.0
1.1.根西岛,根西岛 新增次留,,,,0.0,,,1.0,,,
1.1.格林纳达,格林纳达 新增次留,0.0,0.0,0.0,,0.0,,,,0.0,
1.1.格陵兰,格陵兰 新增次留,,,,,,,,,,
1.1.格鲁吉亚,格鲁吉亚 新增次留,0.190476,0.095238,0.125,0.0,0.130435,0.086957,0.230769,0.176471,0.095238,100.0
1.1.比利时,比利时 新增次留,0.230769,0.26087,0.047619,0.090909,0.0,0.0625,0.08,0.045455,-0.0301,-11.538462
1.1.毛里塔尼亚,毛里塔尼亚 新增次留,,0.0,0.0,,0.0,0.0,1.0,0.0,,
1.1.毛里求斯,毛里求斯 新增次留,0.0,0.333333,,0.5,0.0,0.0,0.0,0.5,-0.333333,-100.0
1.1.汤加,汤加 新增次留,,,0.0,,0.0,,,,,
1.1.沙特阿拉伯,沙特阿拉伯 新增次留,0.166667,0.0,0.2,0.052632,0.090909,0.166667,0.105263,0.060606,0.166667,
1.1.法国,法国 新增次留,0.115207,0.120968,0.119403,0.165854,0.176201,0.150215,0.152047,0.081395,-0.00576,-4.761905
1.1.法属圣马丁,法属圣马丁 新增次留,0.0,,,,0.0,,0.0,,,
1.1.法属圭亚那,法属圭亚那 新增次留,,0.0,,0.0,0.5,0.0,0.0,0.0,,
1.1.法属波利尼西亚,法属波利尼西亚 新增次留,0.0,,0.0,,,1.0,,,,
1.1.法罗群岛,法罗群岛 新增次留,,,,,,0.0,,,,
1.1.波兰,波兰 新增次留,0.168831,0.108108,0.101449,0.108696,0.140351,0.130435,0.147059,0.155172,0.060723,56.168831
1.1.波多黎各,波多黎各 新增次留,0.222222,0.142857,0.277778,0.2,0.230769,0.045455,0.117647,0.0,0.079365,55.555556
1.1.波黑,波黑 新增次留,0.142857,0.142857,0.0,0.222222,0.25,0.25,0.0,0.1,0.0,0.0
1.1.泰国,泰国 新增次留,0.125,0.25,0.076923,0.111111,0.3,0.090909,0.181818,0.318182,-0.125,-50.0
1.1.泽西岛,泽西岛 新增次留,,,0.0,,,,0.0,,,
1.1.津巴布韦,津巴布韦 新增次留,,0.0,0.0,0.333333,0.0,0.0,0.333333,0.0,,
1.1.洪都拉斯,洪都拉斯 新增次留,0.2,0.142857,0.090909,0.125,0.090909,0.4,0.083333,0.230769,0.057143,40.0
1.1.海地,海地 新增次留,0.090909,0.4,0.125,0.181818,0.0,0.2,1.0,0.25,-0.309091,-77.272727
1.1.澳大利亚,澳大利亚 新增次留,0.10472,0.102207,0.095238,0.080268,0.092031,0.098298,0.122995,0.128492,0.002513,2.458769
1.1.爱尔兰,爱尔兰 新增次留,0.166667,0.047619,0.26087,0.117647,0.142857,0.136364,0.136364,0.125,0.119048,250.0
1.1.爱沙尼亚,爱沙尼亚 新增次留,0.166667,0.1875,0.153846,0.0,0.142857,0.181818,0.0,0.181818,-0.020833,-11.111111
1.1.牙买加,牙买加 新增次留,0.105263,0.25,0.285714,0.2,0.25,0.125,0.125,0.0,-0.144737,-57.894737
1.1.特克斯和凯科斯群岛,特克斯和凯科斯群岛 新增次留,0.0,0.0,0.0,0.333333,,0.0,,1.0,0.0,
1.1.特立尼达和多巴哥,特立尼达和多巴哥 新增次留,0.25,0.0,0.142857,0.0,1.0,0.166667,0.166667,0.0,0.25,
1.1.玻利维亚,玻利维亚 新增次留,0.083333,0.222222,0.052632,0.0,0.208333,0.038462,0.058824,0.111111,-0.138889,-62.5
1.1.瑞典,瑞典 新增次留,0.181818,0.193182,0.109091,0.104762,0.083333,0.2,0.1,0.263158,-0.011364,-5.882353
1.1.瑞士,瑞士 新增次留,0.068966,0.130435,0.205128,0.157895,0.1,0.058824,0.041667,0.275,-0.061469,-47.126437
1.1.瓜德罗普,瓜德罗普 新增次留,,,,,0.0,,,0.0,,
1.1.瓦利斯和富图纳群岛,瓦利斯和富图纳群岛 新增次留,,,,,,,,,,
1.1.瓦努阿图,瓦努阿图 新增次留,,0.5,,,,,,0.0,,
1.1.留尼汪岛,留尼汪岛 新增次留,0.0,0.0,,0.0,0.0,0.0,0.0,,0.0,
1.1.白俄罗斯,白俄罗斯 新增次留,0.088,0.122951,0.11,0.078652,0.101695,0.042105,0.076271,0.092308,-0.034951,-28.426667
1.1.百慕大,百慕大 新增次留,,,,0.0,,,,0.0,,
1.1.直布罗陀,直布罗陀 新增次留,0.0,,0.0,0.0,0.0,,0.0,,,
1.1.福克兰群岛,福克兰群岛 新增次留,,,,,,,,,,
1.1.科威特,科威特 新增次留,0.0,0.0,0.0,0.0,0.375,0.142857,0.0,0.0,0.0,
1.1.科摩罗,科摩罗 新增次留,,,,,,,,,,
1.1.科特迪瓦,科特迪瓦 新增次留,0.0,0.0,0.5,0.285714,0.0,0.25,0.25,0.333333,0.0,
1.1.科索沃,科索沃 新增次留,0.0,0.333333,0.0,0.0,,0.0,0.0,0.333333,-0.333333,-100.0
1.1.秘鲁,秘鲁 新增次留,0.079365,0.079365,0.044776,0.112676,0.085714,0.084746,0.072464,0.105882,0.0,0.0
1.1.突尼斯,突尼斯 新增次留,0.111111,0.083333,0.1,0.333333,0.076923,0.2,0.444444,0.333333,0.027778,33.333333
1.1.立陶宛,立陶宛 新增次留,0.142857,0.0,0.1875,0.0,0.181818,0.0,0.0,0.0,0.142857,
1.1.索马里,索马里 新增次留,0.0,0.2,0.0,0.25,0.0,0.111111,0.25,0.333333,-0.2,-100.0
1.1.约旦,约旦 新增次留,0.111111,0.222222,0.0,0.090909,0.0,0.2,0.333333,0.217391,-0.111111,-50.0
1.1.纳米比亚,纳米比亚 新增次留,,,,,,,0.5,,,
1.1.缅甸,缅甸 新增次留,0.0625,0.1,0.125,0.0,0.125,0.294118,0.214286,0.142857,-0.0375,-37.5
1.1.罗马尼亚,罗马尼亚 新增次留,0.178571,0.038462,0.25,0.151515,0.043478,0.15,0.272727,0.129032,0.14011,364.285714
1.1.美国,美国 新增次留,0.133077,0.131589,0.12552,0.131526,0.125514,0.115726,0.108758,0.115677,0.001489,1.131368
1.1.美属维尔京群岛,美属维尔京群岛 新增次留,0.0,,,0.0,1.0,0.0,,,,
1.1.老挝,老挝 新增次留,0.0,0.0,,0.0,,0.0,0.0,0.0,0.0,
1.1.肯尼亚,肯尼亚 新增次留,0.166667,0.25,0.0,0.333333,0.214286,0.263158,0.111111,0.411765,-0.083333,-33.333333
1.1.芬兰,芬兰 新增次留,0.166667,0.15873,0.255319,0.177778,0.181818,0.230769,0.153846,0.136364,0.007937,5.0
1.1.苏丹,苏丹 新增次留,0.0,0.0,0.0,0.0,,0.0,0.0,0.0,0.0,
1.1.苏里南,苏里南 新增次留,0.0,,0.0,0.0,0.0,,0.0,0.0,,
1.1.英国,英国 新增次留,0.136621,0.128592,0.13651,0.152954,0.156833,0.14301,0.151022,0.150761,0.00803,6.244272
1.1.英属维尔京群岛,英属维尔京群岛 新增次留,1.0,0.0,0.0,,,,0.0,0.0,1.0,
1.1.荷兰,荷兰 新增次留,0.168605,0.154839,0.138889,0.190184,0.2,0.117647,0.079646,0.141509,0.013766,8.890504
1.1.荷兰加勒比,荷兰加勒比 新增次留,0.0,,,,0.0,,,,,
1.1.荷属圣马丁,荷属圣马丁 新增次留,0.0,,0.0,,0.0,1.0,0.0,,,
1.1.莫桑比克,莫桑比克 新增次留,,0.0,0.0,0.0,0.0,0.333333,0.333333,0.0,,
1.1.莱索托,莱索托 新增次留,0.0,,,,,,,,,
1.1.菲律宾,菲律宾 新增次留,0.138889,0.134615,0.088889,0.133333,0.224138,0.107143,0.181818,0.153846,0.004274,3.174603
1.1.萨尔瓦多,萨尔瓦多 新增次留,0.090909,0.166667,0.153846,0.066667,0.1,0.222222,0.090909,0.0,-0.075758,-45.454545
1.1.萨摩亚,萨摩亚 新增次留,,,,,,0.0,,1.0,,
1.1.葡萄牙,葡萄牙 新增次留,0.126984,0.101695,0.134146,0.164179,0.16129,0.126761,0.052632,0.134615,0.025289,24.867725
1.1.蒙古,蒙古 新增次留,0.0,0.0,,0.0,1.0,0.0,0.0,0.0,0.0,
1.1.西班牙,西班牙 新增次留,0.14208,0.156126,0.16726,0.153082,0.135011,0.172897,0.170663,0.155668,-0.014046,-8.996721
1.1.贝宁,贝宁 新增次留,0.0,0.0,0.0,0.333333,1.0,0.666667,0.0,,0.0,
1.1.赞比亚,赞比亚 新增次留,0.5,0.5,0.0,0.0,0.5,0.333333,0.0,0.333333,0.0,0.0
1.1.赤道几内亚,赤道几内亚 新增次留,,,,,,,,,,
1.1.越南,越南 新增次留,0.111111,0.125,0.266667,0.0,0.3,0.133333,0.235294,0.2,-0.013889,-11.111111
1.1.阿塞拜疆,阿塞拜疆 新增次留,0.2,0.075,0.142857,0.090909,0.125,0.238095,0.071429,0.076923,0.125,166.666667
1.1.阿富汗,阿富汗 新增次留,0.0,0.0,0.0,0.125,0.285714,0.333333,0.0,0.0,0.0,
1.1.阿尔及利亚,阿尔及利亚 新增次留,0.25,0.272727,0.052632,0.071429,0.0,0.090909,0.041667,0.0,-0.022727,-8.333333
1.1.阿尔巴尼亚,阿尔巴尼亚 新增次留,0.192308,0.318182,0.117647,0.333333,0.083333,0.05,0.133333,0.272727,-0.125874,-39.56044
1.1.阿曼,阿曼 新增次留,0.5,0.333333,0.0,0.333333,0.25,0.25,0.0,0.0,0.166667,50.0
1.1.阿根廷,阿根廷 新增次留,0.096774,0.054545,0.093023,0.049383,0.04,0.084337,0.036145,0.082474,0.042229,77.419355
1.1.阿联酋,阿联酋 新增次留,0.227273,0.0,0.12,0.242424,0.125,0.157895,0.205128,0.095238,0.227273,
1.1.阿鲁巴,阿鲁巴 新增次留,0.5,0.166667,0.666667,0.5,0.142857,0.0,0.0,0.333333,0.333333,200.0
1.1.韩国,韩国 新增次留,0.0,0.076923,0.0,0.090909,0.142857,0.0,0.153846,0.076923,-0.076923,-100.0
1.1.马尔代夫,马尔代夫 新增次留,0.0,0.0,,0.333333,0.5,1.0,0.0,0.5,0.0,
1.1.马恩岛,马恩岛 新增次留,,0.5,,0.0,,,0.0,0.0,,
1.1.马拉维,马拉维 新增次留,1.0,,,0.333333,0.5,0.5,0.0,,,
1.1.马提尼克岛,马提尼克岛 新增次留,,,,,,0.0,,0.0,,
1.1.马来西亚,马来西亚 新增次留,0.0,0.2,0.090909,0.117647,0.153846,0.083333,0.173913,0.076923,-0.2,-100.0
1.1.马约特,马约特 新增次留,,,,,,,,,,
1.1.马绍尔群岛,马绍尔群岛 新增次留,0.0,,,,,,,,,
1.1.马耳他,马耳他 新增次留,1.0,0.428571,0.111111,0.0,0.2,0.272727,0.25,0.166667,0.571429,133.333333
1.1.马达加斯加,马达加斯加 新增次留,0.0,0.0,0.0,0.0,0.0,0.0,0.0,,0.0,
1.1.马里,马里 新增次留,0.0,0.0,0.2,0.0,0.071429,0.333333,,0.0,0.0,
1.1.黎巴嫩,黎巴嫩 新增次留,0.285714,0.083333,0.0,0.166667,0.125,0.076923,0.5,0.25,0.202381,242.857143
1.1.黑山,黑山 新增次留,0.2,0.428571,0.0,0.333333,0.333333,0.4,0.333333,0.0,-0.228571,-53.333333
1.2,自然 新增次留,0.160017,0.158065,0.162153,0.166525,0.168695,0.161145,0.164972,0.166212,0.001952,1.234916
1.2.unknow,unknow 新增次留,0.071429,0.0,0.111111,0.0,0.0,0.071429,0.0625,0.0,0.071429,
1.2.不丹,不丹 新增次留,0.0,0.0,0.0,0.0,0.0,0.0,0.0,0.0,0.0,
1.2.东帝汶,东帝汶 新增次留,0.0,0.0,,0.0,0.0,0.5,0.0,0.0,0.0,
1.2.中国,中国 新增次留,0.166667,0.138889,0.145336,0.155789,0.128266,0.138958,0.154639,0.143631,0.027778,20.0
1.2.中国台湾,中国台湾 新增次留,0.129032,0.106667,0.122222,0.123077,0.12,0.106061,0.179104,0.181818,0.022366,20.967742
1.2.中国澳门,中国澳门 新增次留,0.375,0.0,0.666667,0.0,0.0,0.166667,0.166667,0.0,0.375,
1.2.中国香港,中国香港 新增次留,0.18602,0.183976,0.198903,0.214106,0.2225,0.230769,0.227891,0.218121,0.002044,1.11103
1.2.中非,中非 新增次留,0.0,0.222222,0.0,0.125,0.5,0.0,0.333333,0.0,-0.222222,-100.0
1.2.丹麦,丹麦 新增次留,0.179487,0.093117,0.162712,0.13806,0.131488,0.156069,0.130137,0.128889,0.08637,92.753623
1.2.乌克兰,乌克兰 新增次留,0.189387,0.183667,0.187764,0.1757,0.184575,0.180801,0.189245,0.202407,0.00572,3.114187
1.2.乌兹别克斯坦,乌兹别克斯坦 新增次留,0.15,0.20045,0.147826,0.21875,0.18677,0.172973,0.161446,0.147186,-0.05045,-25.168539
1.2.乌干达,乌干达 新增次留,0.181818,0.234568,0.210526,0.25641,0.219512,0.267442,0.282609,0.192593,-0.05275,-22.488038
1.2.乌拉圭,乌拉圭 新增次留,0.205479,0.191781,0.25,0.105882,0.076923,0.183333,0.140625,0.076923,0.013699,7.142857
1.2.乍得,乍得 新增次留,0.1,0.0,0.333333,0.0,0.285714,0.157895,0.176471,0.12,0.1,
1.2.也门,也门 新增次留,0.155172,0.147059,0.129032,0.181818,0.142857,0.172414,0.1875,0.149254,0.008114,5.517241
1.2.亚美尼亚,亚美尼亚 新增次留,0.186207,0.171662,0.198413,0.184679,0.203438,0.154982,0.176707,0.175115,0.014545,8.472906
1.2.以色列,以色列 新增次留,0.160167,0.15903,0.164894,0.150388,0.152661,0.151061,0.181495,0.139905,0.001137,0.715264
1.2.伊拉克,伊拉克 新增次留,0.111872,0.114671,0.131579,0.144712,0.132576,0.126095,0.138955,0.086142,-0.002799,-2.440908
1.2.伊朗,伊朗 新增次留,0.140456,0.161341,0.15342,0.158554,0.158042,0.158094,0.149238,0.106509,-0.020885,-12.944482
1.2.伯利兹,伯利兹 新增次留,0.083333,0.227273,0.090909,0.25,0.222222,0.166667,0.227273,0.2,-0.143939,-63.333333
1.2.佛得角,佛得角 新增次留,0.142857,0.166667,0.071429,0.133333,0.157895,0.0,0.266667,0.315789,-0.02381,-14.285714
1.2.俄罗斯,俄罗斯 新增次留,0.175159,0.178879,0.181272,0.187073,0.198983,0.179054,0.179884,0.162065,-0.00372,-2.079713
1.2.保加利亚,保加利亚 新增次留,0.151394,0.181087,0.167464,0.174447,0.174242,0.154158,0.143954,0.132353,-0.029692,-16.396636
1.2.克罗地亚,克罗地亚 新增次留,0.168085,0.156322,0.128603,0.161383,0.146277,0.18705,0.156425,0.159509,0.011763,7.525031
1.2.关岛,关岛 新增次留,0.5,0.0,0.0,0.3,0.0,0.058824,0.181818,0.4,0.5,
1.2.冈比亚,冈比亚 新增次留,0.167883,0.254098,0.266667,0.253623,0.202381,0.273846,0.246944,0.27551,-0.086215,-33.929833
1.2.冰岛,冰岛 新增次留,0.137931,0.043478,0.32,0.1,0.259259,0.150943,0.185185,0.05,0.094453,217.241379
1.2.几内亚,几内亚 新增次留,0.16,0.204301,0.184211,0.197802,0.151316,0.228571,0.156863,0.172414,-0.044301,-21.684211
1.2.几内亚比绍,几内亚比绍 新增次留,0.6,0.285714,0.230769,0.1,0.75,0.25,0.166667,0.333333,0.314286,110.0
1.2.列支敦士登,列支敦士登 新增次留,0.333333,0.5,,0.0,0.0,0.0,0.0,0.0,-0.166667,-33.333333
1.2.刚果共和国,刚果共和国 新增次留,0.115385,0.2,0.189189,0.16,0.192771,0.184211,0.09434,0.12,-0.084615,-42.307692
1.2.刚果民主共和国,刚果民主共和国 新增次留,0.173228,0.21875,0.133333,0.235955,0.25,0.189189,0.246377,0.1875,-0.045522,-20.809899
1.2.利比亚,利比亚 新增次留,0.075,0.178571,0.102941,0.22807,0.254237,0.234568,0.170455,0.229885,-0.103571,-58.0
1.2.利比里亚,利比里亚 新增次留,0.113744,0.208511,0.216346,0.122549,0.190476,0.172414,0.164609,0.160976,-0.094767,-45.44927
1.2.加拿大,加拿大 新增次留,0.13687,0.139269,0.131183,0.12294,0.146762,0.135482,0.136708,0.132928,-0.0024,-1.723083
1.2.加纳,加纳 新增次留,0.22393,0.224545,0.2185,0.242947,0.262262,0.242345,0.250727,0.258539,-0.000616,-0.274202
1.2.加蓬,加蓬 新增次留,0.4,0.0,0.25,0.166667,0.2,0.0,0.666667,0.5,0.4,
1.2.匈牙利,匈牙利 新增次留,0.167722,0.18323,0.154341,0.1673,0.1875,0.166253,0.156352,0.13806,-0.015508,-8.463849
1.2.北马其顿,北马其顿 新增次留,0.113208,0.166667,0.176471,0.179612,0.142857,0.146067,0.15,0.137931,-0.053459,-32.075472
1.2.北马里亚纳群岛,北马里亚纳群岛 新增次留,,,,0.0,,,,,,
1.2.南苏丹,南苏丹 新增次留,0.172414,0.225108,0.146552,0.20332,0.186441,0.131707,0.176991,0.234783,-0.052694,-23.408488
1.2.南非,南非 新增次留,0.159281,0.201602,0.187817,0.179331,0.176068,0.170963,0.156805,0.187592,-0.042321,-20.992188
1.2.博茨瓦纳,博茨瓦纳 新增次留,0.294118,0.142857,0.071429,0.083333,0.133333,0.117647,0.285714,0.238095,0.151261,105.882353
1.2.卡塔尔,卡塔尔 新增次留,0.166667,0.214286,0.154762,0.1125,0.125,0.102804,0.237288,0.131868,-0.047619,-22.222222
1.2.卢旺达,卢旺达 新增次留,0.233333,0.155556,0.2,0.142857,0.148148,0.34375,0.136364,0.325581,0.077778,50.0
1.2.卢森堡,卢森堡 新增次留,0.233333,0.125,0.2,0.179487,0.159091,0.2,0.073171,0.172414,0.108333,86.666667
1.2.印度,印度 新增次留,0.194534,0.237024,0.212569,0.1875,0.222025,0.208145,0.220134,0.234615,-0.04249,-17.926632
1.2.印度尼西亚,印度尼西亚 新增次留,0.178538,0.203024,0.204866,0.164482,0.187651,0.194683,0.164654,0.176608,-0.024485,-12.060346
1.2.危地马拉,危地马拉 新增次留,0.13253,0.194737,0.172185,0.131783,0.176871,0.170543,0.220588,0.157143,-0.062207,-31.943992
1.2.厄瓜多尔,厄瓜多尔 新增次留,0.127315,0.144772,0.171014,0.157895,0.200627,0.153846,0.172702,0.181303,-0.017457,-12.058471
1.2.叙利亚,叙利亚 新增次留,0.152632,0.245161,0.165605,0.201342,0.203125,0.20979,0.176471,0.22449,-0.09253,-37.742382
1.2.古巴,古巴 新增次留,0.103448,0.230769,0.133333,0.230769,0.133333,0.105263,0.233333,0.142857,-0.127321,-55.172414
1.2.吉尔吉斯斯坦,吉尔吉斯斯坦 新增次留,0.170213,0.226776,0.19281,0.227907,0.175649,0.138614,0.214505,0.273183,-0.056563,-24.942322
1.2.吉布提,吉布提 新增次留,,0.0,0.0,0.0,0.0,,0.0,0.5,,
1.2.哈萨克斯坦,哈萨克斯坦 新增次留,0.177293,0.195944,0.179136,0.168375,0.157808,0.162338,0.193184,0.245885,-0.018651,-9.518329
1.2.哥伦比亚,哥伦比亚 新增次留,0.167818,0.176546,0.174401,0.175995,0.18069,0.18527,0.198192,0.180707,-0.008728,-4.943704
1.2.哥斯达黎加,哥斯达黎加 新增次留,0.214286,0.147287,0.190909,0.174312,0.216783,0.245283,0.237288,0.177966,0.066999,45.488722
1.2.喀麦隆,喀麦隆 新增次留,0.266187,0.243697,0.223214,0.271186,0.222973,0.181102,0.272189,0.25,0.02249,9.228479
1.2.图瓦卢,图瓦卢 新增次留,,,,,1.0,0.0,,,,
1.2.土库曼斯坦,土库曼斯坦 新增次留,0.0,0.2,0.5,0.5,0.25,0.2,0.25,,-0.2,-100.0
1.2.土耳其,土耳其 新增次留,0.152011,0.144982,0.14295,0.144039,0.142228,0.154461,0.141309,0.142857,0.007029,4.8483
1.2.圣卢西亚,圣卢西亚 新增次留,0.190476,0.3,0.066667,0.0,0.294118,0.25,0.545455,0.272727,-0.109524,-36.507937
1.2.圣基茨和尼维斯,圣基茨和尼维斯 新增次留,0.222222,0.2,0.285714,0.0,1.0,0.333333,0.0,0.0,0.022222,11.111111
1.2.圣多美和普林西比,圣多美和普林西比 新增次留,0.0,0.0,,0.0,0.0,,0.333333,0.0,0.0,
1.2.圣文森特和格林纳丁斯,圣文森特和格林纳丁斯 新增次留,0.142857,0.166667,0.5,0.0,0.2,0.0,1.0,0.333333,-0.02381,-14.285714
1.2.圣皮埃尔和密克隆群岛,圣皮埃尔和密克隆群岛 新增次留,,,,,,,,0.0,,
1.2.圣马力诺,圣马力诺 新增次留,0.0,,,0.0,0.0,,0.0,,,
1.2.圭亚那,圭亚那 新增次留,0.190476,0.148148,0.1,0.285714,0.210526,0.133333,0.129032,0.266667,0.042328,28.571429
1.2.坦桑尼亚,坦桑尼亚 新增次留,0.187135,0.182432,0.248322,0.204545,0.232877,0.186567,0.246835,0.260116,0.004702,2.577431
1.2.埃及,埃及 新增次留,0.152466,0.166302,0.172273,0.166667,0.169561,0.168459,0.173193,0.120968,-0.013836,-8.319566
1.2.埃塞俄比亚,埃塞俄比亚 新增次留,0.219048,0.178947,0.170732,0.2,0.171875,0.235714,0.196262,0.22069,0.0401,22.408964
1.2.基里巴斯,基里巴斯 新增次留,,,,0.0,,,,,,
1.2.塔吉克斯坦,塔吉克斯坦 新增次留,0.1,0.137931,0.210526,0.176471,0.25,0.166667,0.159091,0.117647,-0.037931,-27.5
1.2.塞内加尔,塞内加尔 新增次留,0.20678,0.266094,0.186275,0.2375,0.26087,0.242981,0.290938,0.243328,-0.059315,-22.290869
1.2.塞尔维亚,塞尔维亚 新增次留,0.163498,0.161153,0.114914,0.15873,0.169691,0.141075,0.175615,0.184652,0.002345,1.455443
1.2.塞拉利昂,塞拉利昂 新增次留,0.231884,0.153846,0.318182,0.333333,0.333333,0.327869,0.22449,0.267857,0.078038,50.724638
1.2.塞浦路斯,塞浦路斯 新增次留,0.186207,0.117241,0.225806,0.218045,0.122449,0.186335,0.169118,0.242991,0.068966,58.823529
1.2.塞舌尔,塞舌尔 新增次留,0.444444,0.0,0.222222,0.555556,0.25,0.0,0.166667,0.5,0.444444,
1.2.墨西哥,墨西哥 新增次留,0.163606,0.15393,0.157841,0.159869,0.159003,0.155703,0.15516,0.1423,0.009676,6.285684
1.2.多哥,多哥 新增次留,0.264151,0.232143,0.156863,0.208333,0.191489,0.230769,0.247423,0.278195,0.032008,13.788099
1.2.多米尼克,多米尼克 新增次留,0.0,0.5,0.333333,0.0,,0.333333,0.333333,0.5,-0.5,-100.0
1.2.多米尼加,多米尼加 新增次留,0.217666,0.173387,0.212851,0.243446,0.2,0.180428,0.187726,0.266447,0.044279,25.537378
1.2.奥兰群岛,奥兰群岛 新增次留,,,0.0,,0.0,,,,,
1.2.奥地利,奥地利 新增次留,0.175589,0.183505,0.174877,0.175889,0.186944,0.178396,0.176245,0.173913,-0.007916,-4.313933
1.2.委内瑞拉,委内瑞拉 新增次留,0.177778,0.170213,0.136667,0.204787,0.153226,0.168449,0.175644,0.213303,0.007565,4.444444
1.2.孟加拉,孟加拉 新增次留,0.159229,0.170758,0.168539,0.18713,0.188437,0.188953,0.203774,0.200774,-0.011529,-6.751605
1.2.安哥拉,安哥拉 新增次留,0.1875,0.255319,0.148515,0.206522,0.201835,0.259259,0.184783,0.189189,-0.067819,-26.5625
1.2.安圭拉,安圭拉 新增次留,0.0,0.0,0.0,0.0,0.0,0.5,,0.0,0.0,
1.2.安提瓜和巴布达,安提瓜和巴布达 新增次留,0.25,0.3,0.2,0.0,0.153846,0.2,0.111111,0.111111,-0.05,-16.666667
1.2.安道尔,安道尔 新增次留,0.166667,0.0,0.0,0.0,0.4,0.333333,0.0,0.0,0.166667,
1.2.密克罗尼西亚联邦,密克罗尼西亚联邦 新增次留,,,0.0,,,0.0,,,,
1.2.尼加拉瓜,尼加拉瓜 新增次留,0.216216,0.15625,0.283951,0.202899,0.127273,0.209677,0.090909,0.193548,0.059966,38.378378
1.2.尼日利亚,尼日利亚 新增次留,0.23226,0.228426,0.23125,0.245866,0.244658,0.245426,0.249043,0.214087,0.003833,1.67813
1.2.尼日尔,尼日尔 新增次留,0.25,0.225,0.25,0.142857,0.0625,0.044444,0.172414,0.132075,0.025,11.111111
1.2.尼泊尔,尼泊尔 新增次留,0.137143,0.167702,0.178571,0.149254,0.177305,0.162791,0.153846,0.135371,-0.030559,-18.222222
1.2.巴勒斯坦,巴勒斯坦 新增次留,0.15,0.10101,0.123894,0.121495,0.176471,0.16875,0.177083,0.175439,0.04899,48.5
1.2.巴哈马,巴哈马 新增次留,0.255814,0.255814,0.25,0.264706,0.27027,0.138889,0.222222,0.121951,0.0,0.0
1.2.巴基斯坦,巴基斯坦 新增次留,0.171655,0.176537,0.174097,0.190616,0.157734,0.176508,0.210419,0.146991,-0.004882,-2.765434
1.2.巴巴多斯,巴巴多斯 新增次留,0.333333,0.263158,0.25,0.0,0.105263,0.115385,0.238095,0.2,0.070175,26.666667
1.2.巴布亚新几内亚,巴布亚新几内亚 新增次留,0.111111,0.0,0.25,0.5,0.2,0.333333,0.272727,0.117647,0.111111,
1.2.巴拉圭,巴拉圭 新增次留,0.181818,0.273381,0.1625,0.232877,0.2,0.215686,0.210191,0.163399,-0.091563,-33.492823
1.2.巴拿马,巴拿马 新增次留,0.185185,0.137931,0.197531,0.157303,0.215909,0.157303,0.179487,0.175926,0.047254,34.259259
1.2.巴林,巴林 新增次留,0.216216,0.122449,0.138889,0.216216,0.12,0.148936,0.111111,0.068182,0.093767,76.576577
1.2.巴西,巴西 新增次留,0.173443,0.163079,0.171188,0.17396,0.179705,0.170856,0.169921,0.169664,0.010364,6.355416
1.2.布基纳法索,布基纳法索 新增次留,0.194444,0.217213,0.233051,0.223629,0.225714,0.326425,0.268116,0.257862,-0.022769,-10.48218
1.2.布隆迪,布隆迪 新增次留,0.555556,0.090909,0.230769,0.263158,0.285714,0.4,0.454545,0.117647,0.464646,511.111111
1.2.希腊,希腊 新增次留,0.204861,0.222541,0.20764,0.215228,0.189024,0.184793,0.181514,0.175389,-0.017679,-7.944385
1.2.帕劳,帕劳 新增次留,,,,,,,,0.0,,
1.2.库克群岛,库克群岛 新增次留,0.0,0.0,0.0,0.5,,0.5,,0.5,0.0,
1.2.库拉索,库拉索 新增次留,0.25,0.285714,0.222222,0.272727,0.2,0.277778,0.2,0.25,-0.035714,-12.5
1.2.开曼群岛,开曼群岛 新增次留,0.333333,0.285714,0.363636,0.090909,0.125,0.0,0.285714,0.0,0.047619,16.666667
1.2.德国,德国 新增次留,0.158924,0.15443,0.168291,0.186253,0.179862,0.164715,0.167255,0.1665,0.004494,2.910204
1.2.意大利,意大利 新增次留,0.175552,0.161826,0.153117,0.165045,0.172005,0.174309,0.152746,0.152291,0.013726,8.481999
1.2.所罗门群岛,所罗门群岛 新增次留,0.2,0.0,1.0,1.0,0.0,0.0,0.25,0.333333,0.2,
1.2.拉脱维亚,拉脱维亚 新增次留,0.232558,0.180139,0.202326,0.173077,0.18319,0.181058,0.17602,0.172161,0.05242,29.099583
1.2.挪威,挪威 新增次留,0.145749,0.157258,0.134146,0.172061,0.194879,0.150883,0.132797,0.178674,-0.011509,-7.318592
1.2.捷克,捷克 新增次留,0.19202,0.211864,0.162393,0.16035,0.180628,0.183727,0.167048,0.145119,-0.019844,-9.366584
1.2.摩尔多瓦,摩尔多瓦 新增次留,0.140152,0.16129,0.182171,0.11828,0.205645,0.180556,0.152249,0.145695,-0.021139,-13.106061
1.2.摩洛哥,摩洛哥 新增次留,0.133443,0.167033,0.14375,0.158257,0.146453,0.153689,0.152209,0.131737,-0.03359,-20.109685
1.2.摩纳哥,摩纳哥 新增次留,0.333333,0.0,0.333333,0.3,0.5,0.166667,0.5,,0.333333,
1.2.文莱,文莱 新增次留,0.125,0.571429,0.428571,0.181818,0.571429,0.0,0.2,0.111111,-0.446429,-78.125
1.2.斐济,斐济 新增次留,0.166667,0.0,0.0,0.272727,0.3,0.15,0.25,0.181818,0.166667,
1.2.斯威士兰,斯威士兰 新增次留,0.5,0.0,0.0,0.25,0.0,0.428571,1.0,0.0,0.5,
1.2.斯洛伐克,斯洛伐克 新增次留,0.151163,0.151724,0.159722,0.206107,0.203704,0.131868,0.10559,0.135593,-0.000561,-0.369979
1.2.斯洛文尼亚,斯洛文尼亚 新增次留,0.144444,0.217391,0.153061,0.121212,0.190476,0.154639,0.126582,0.071429,-0.072947,-33.555556
1.2.斯里兰卡,斯里兰卡 新增次留,0.172043,0.189474,0.188889,0.189189,0.168421,0.1875,0.2,0.136364,-0.017431,-9.199522
1.2.新加坡,新加坡 新增次留,0.179331,0.17284,0.2,0.244813,0.182796,0.134058,0.192661,0.202429,0.006492,3.75597
1.2.新喀里多尼亚,新喀里多尼亚 新增次留,0.333333,0.0,0.0,0.0,0.5,1.0,0.0,,0.333333,
1.2.新西兰,新西兰 新增次留,0.13964,0.090909,0.182741,0.086705,0.147959,0.154412,0.137255,0.131148,0.048731,53.603604
1.2.日本,日本 新增次留,0.184783,0.148289,0.138037,0.154206,0.167213,0.192935,0.151448,0.140523,0.036494,24.60981
1.2.智利,智利 新增次留,0.171831,0.175743,0.167526,0.179412,0.137615,0.233677,0.150327,0.161194,-0.003912,-2.225749
1.2.柬埔寨,柬埔寨 新增次留,0.173077,0.133333,0.202899,0.269231,0.133333,0.120879,0.148148,0.188235,0.039744,29.807692
1.2.根西岛,根西岛 新增次留,0.25,0.0,0.0,0.25,0.0,0.5,0.111111,0.142857,0.25,
1.2.格林纳达,格林纳达 新增次留,0.5,0.4,0.2,0.0,0.5,0.0,0.285714,0.0,0.1,25.0
1.2.格陵兰,格陵兰 新增次留,,,1.0,0.0,,0.5,,0.0,,
1.2.格鲁吉亚,格鲁吉亚 新增次留,0.192488,0.175476,0.169683,0.184549,0.166951,0.189831,0.151316,0.199017,0.017013,9.695119
1.2.比利时,比利时 新增次留,0.177885,0.183099,0.160804,0.136038,0.142169,0.158317,0.136054,0.205128,-0.005214,-2.847633
1.2.毛里塔尼亚,毛里塔尼亚 新增次留,0.116279,0.04,0.25,0.166667,0.263158,0.191489,0.177778,0.258065,0.076279,190.697674
1.2.毛里求斯,毛里求斯 新增次留,0.117647,0.27907,0.111111,0.12,0.138889,0.357143,0.1875,0.05,-0.161423,-57.843137
1.2.汤加,汤加 新增次留,0.0,0.0,1.0,0.0,,0.0,0.0,,0.0,
1.2.沙特阿拉伯,沙特阿拉伯 新增次留,0.107584,0.147569,0.148893,0.159274,0.118531,0.156006,0.158771,0.139579,-0.039986,-27.096172
1.2.法国,法国 新增次留,0.176148,0.16795,0.15635,0.170901,0.17013,0.179614,0.152771,0.159664,0.008197,4.880842
1.2.法属圣马丁,法属圣马丁 新增次留,1.0,0.0,0.0,,0.333333,0.0,1.0,0.333333,1.0,
1.2.法属圭亚那,法属圭亚那 新增次留,0.0,0.0,,0.5,0.5,0.5,0.0,0.0,0.0,
1.2.法属波利尼西亚,法属波利尼西亚 新增次留,0.4,0.142857,0.571429,0.142857,0.0,0.307692,0.0,0.75,0.257143,180.0
1.2.法罗群岛,法罗群岛 新增次留,0.0,,0.0,0.0,0.0,0.0,0.333333,0.0,,
1.2.波兰,波兰 新增次留,0.177083,0.185666,0.159943,0.191278,0.159727,0.163084,0.184052,0.190316,-0.008582,-4.622396
1.2.波多黎各,波多黎各 新增次留,0.222973,0.202532,0.146667,0.182353,0.201389,0.195531,0.1875,0.179487,0.020441,10.092905
1.2.波黑,波黑 新增次留,0.150943,0.143885,0.143345,0.142857,0.186544,0.172775,0.152815,0.135417,0.007059,4.90566
1.2.泰国,泰国 新增次留,0.156051,0.267717,0.177165,0.134783,0.191235,0.152727,0.187898,0.195652,-0.111666,-41.710378
1.2.泽西岛,泽西岛 新增次留,0.0,0.0,0.0,0.0,0.0,0.0,0.0,0.0,0.0,
1.2.津巴布韦,津巴布韦 新增次留,0.118644,0.222222,0.194444,0.114286,0.090909,0.092593,0.162791,0.121212,-0.103578,-46.610169
1.2.洪都拉斯,洪都拉斯 新增次留,0.171053,0.20625,0.220588,0.154545,0.20339,0.167832,0.231405,0.153226,-0.035197,-17.065391
1.2.海地,海地 新增次留,0.255319,0.256881,0.220183,0.217391,0.275,0.181034,0.263566,0.264516,-0.001562,-0.607903
1.2.澳大利亚,澳大利亚 新增次留,0.135238,0.126062,0.128556,0.131579,0.114039,0.121961,0.135822,0.126866,0.009176,7.279298
1.2.爱尔兰,爱尔兰 新增次留,0.1797,0.201739,0.153982,0.170213,0.196396,0.170047,0.162939,0.136531,-0.022039,-10.924322
1.2.爱沙尼亚,爱沙尼亚 新增次留,0.195313,0.219608,0.197674,0.20073,0.200608,0.222642,0.179825,0.235632,-0.024295,-11.063058
1.2.牙买加,牙买加 新增次留,0.223602,0.208333,0.193548,0.182482,0.222222,0.190476,0.209877,0.223776,0.015269,7.329193
1.2.特克斯和凯科斯群岛,特克斯和凯科斯群岛 新增次留,0.3,0.5,0.25,0.0,0.1,0.142857,0.222222,0.2,-0.2,-40.0
1.2.特立尼达和多巴哥,特立尼达和多巴哥 新增次留,0.140351,0.176471,0.191489,0.121951,0.244898,0.207547,0.137255,0.107143,-0.03612,-20.467836
1.2.玻利维亚,玻利维亚 新增次留,0.183486,0.213483,0.164706,0.111801,0.151163,0.137931,0.161677,0.151351,-0.029997,-14.051183
1.2.瑞典,瑞典 新增次留,0.175361,0.1875,0.203252,0.207442,0.177273,0.155706,0.175031,0.175207,-0.012139,-6.474288
1.2.瑞士,瑞士 新增次留,0.168675,0.172673,0.161351,0.152918,0.167987,0.166359,0.174419,0.172577,-0.003998,-2.315348
1.2.瓜德罗普,瓜德罗普 新增次留,0.25,0.5,0.0,0.0,0.0,0.285714,0.0,0.0,-0.25,-50.0
1.2.瓦利斯和富图纳群岛,瓦利斯和富图纳群岛 新增次留,0.0,,,,,,,,,
1.2.瓦努阿图,瓦努阿图 新增次留,0.25,0.0,0.75,1.0,,,,0.0,0.25,
1.2.留尼汪岛,留尼汪岛 新增次留,0.125,0.076923,0.0625,0.083333,0.25,0.083333,0.285714,0.230769,0.048077,62.5
1.2.白俄罗斯,白俄罗斯 新增次留,0.184834,0.16915,0.162011,0.141457,0.17666,0.164995,0.173167,0.208543,0.015684,9.272401
1.2.百慕大,百慕大 新增次留,0.571429,0.0,0.0,0.181818,0.142857,0.5,0.0,0.0,0.571429,
1.2.直布罗陀,直布罗陀 新增次留,0.285714,0.5,0.166667,0.0,0.0,0.0,0.2,0.4,-0.214286,-42.857143
1.2.福克兰群岛,福克兰群岛 新增次留,0.0,,,,,,0.0,,,
1.2.科威特,科威特 新增次留,0.131313,0.068376,0.144068,0.204301,0.198347,0.115942,0.120482,0.141844,0.062937,92.045455
1.2.科摩罗,科摩罗 新增次留,0.2,0.333333,0.0,0.333333,0.0,0.0,0.2,0.2,-0.133333,-40.0
1.2.科特迪瓦,科特迪瓦 新增次留,0.183976,0.226415,0.176,0.211765,0.199187,0.214797,0.216285,0.242171,-0.042439,-18.743818
1.2.科索沃,科索沃 新增次留,0.202703,0.156863,0.108434,0.224138,0.222222,0.245902,0.195402,0.242857,0.04584,29.222973
1.2.秘鲁,秘鲁 新增次留,0.169257,0.179289,0.183746,0.142349,0.166667,0.208929,0.174074,0.165329,-0.010032,-5.595259
1.2.突尼斯,突尼斯 新增次留,0.186813,0.137795,0.16055,0.165957,0.173684,0.176724,0.129167,0.12,0.049018,35.572998
1.2.立陶宛,立陶宛 新增次留,0.168975,0.161383,0.181102,0.228739,0.189573,0.140449,0.175,0.158491,0.007592,4.704195
1.2.索马里,索马里 新增次留,0.173077,0.136364,0.16092,0.173913,0.166667,0.234568,0.203125,0.175,0.036713,26.923077
1.2.约旦,约旦 新增次留,0.111111,0.150538,0.145833,0.132597,0.140969,0.14218,0.183673,0.122807,-0.039427,-26.190476
1.2.纳米比亚,纳米比亚 新增次留,0.178571,0.25,0.190476,0.0,0.347826,0.333333,0.111111,0.133333,-0.071429,-28.571429
1.2.缅甸,缅甸 新增次留,0.141975,0.145455,0.141304,0.134021,0.097087,0.129252,0.109489,0.161972,-0.003479,-2.391975
1.2.罗马尼亚,罗马尼亚 新增次留,0.172952,0.164962,0.154613,0.16375,0.133249,0.157187,0.146221,0.164368,0.00799,4.843701
1.2.美国,美国 新增次留,0.141036,0.144449,0.143065,0.142087,0.141235,0.131638,0.134648,0.141733,-0.003413,-2.362544
1.2.美属维尔京群岛,美属维尔京群岛 新增次留,0.25,0.1,0.384615,0.0,0.222222,0.454545,0.375,0.2,0.15,150.0
1.2.老挝,老挝 新增次留,0.076923,0.1,0.375,0.0,0.2,0.0,0.142857,0.166667,-0.023077,-23.076923
1.2.肯尼亚,肯尼亚 新增次留,0.152263,0.251256,0.206186,0.239819,0.257576,0.19403,0.199187,0.233108,-0.098993,-39.399177
1.2.芬兰,芬兰 新增次留,0.220379,0.18612,0.183333,0.203501,0.198502,0.186441,0.186017,0.202247,0.034259,18.407101
1.2.苏丹,苏丹 新增次留,0.123288,0.181818,0.075,0.114286,0.066667,0.214286,0.127273,0.08,-0.058531,-32.191781
1.2.苏里南,苏里南 新增次留,0.0,0.15,0.285714,0.111111,0.142857,0.272727,0.176471,0.076923,-0.15,-100.0
1.2.英国,英国 新增次留,0.153513,0.1496,0.145633,0.147629,0.143048,0.122748,0.127625,0.150946,0.003913,2.61569
1.2.英属维尔京群岛,英属维尔京群岛 新增次留,0.25,0.0,,0.5,0.666667,0.0,0.0,0.166667,0.25,
1.2.荷兰,荷兰 新增次留,0.197602,0.182209,0.194245,0.206157,0.200638,0.200703,0.193769,0.188979,0.015393,8.44786
1.2.荷兰加勒比,荷兰加勒比 新增次留,0.0,0.25,,0.25,0.0,0.333333,,0.0,-0.25,-100.0
1.2.荷属圣马丁,荷属圣马丁 新增次留,0.333333,0.272727,0.75,0.75,0.4,0.333333,0.0,0.6,0.060606,22.222222
1.2.莫桑比克,莫桑比克 新增次留,0.25,0.203209,0.21659,0.263158,0.226131,0.252212,0.234568,0.256637,0.046791,23.026316
1.2.莱索托,莱索托 新增次留,0.333333,0.4,0.0,0.333333,0.0,0.0,0.0,0.333333,-0.066667,-16.666667
1.2.菲律宾,菲律宾 新增次留,0.148756,0.182747,0.178158,0.19204,0.18526,0.17693,0.182243,0.172428,-0.033991,-18.600002
1.2.萨尔瓦多,萨尔瓦多 新增次留,0.114286,0.156863,0.244681,0.118812,0.164384,0.180851,0.238636,0.135417,-0.042577,-27.142857
1.2.萨摩亚,萨摩亚 新增次留,,0.0,1.0,0.0,0.0,,1.0,0.0,,
1.2.葡萄牙,葡萄牙 新增次留,0.161376,0.161398,0.155188,0.169672,0.170312,0.168443,0.16087,0.150661,-2.2e-05,-0.013637
1.2.蒙古,蒙古 新增次留,0.132075,0.230769,0.08,0.159091,0.130435,0.130435,0.095238,0.0625,-0.098694,-42.767296
1.2.西班牙,西班牙 新增次留,0.173744,0.165546,0.159533,0.176331,0.171663,0.166932,0.158537,0.157288,0.008198,4.952241
1.2.贝宁,贝宁 新增次留,0.240385,0.286822,0.30597,0.272727,0.179012,0.277457,0.314286,0.250602,-0.046437,-16.190229
1.2.赞比亚,赞比亚 新增次留,0.168831,0.155556,0.153846,0.274194,0.155556,0.283333,0.277778,0.152778,0.013276,8.534323
1.2.赤道几内亚,赤道几内亚 新增次留,0.5,0.0,0.125,0.0,0.111111,0.142857,0.0,0.083333,0.5,
1.2.越南,越南 新增次留,0.177249,0.160377,0.164983,0.209559,0.149533,0.152249,0.15,0.162712,0.016871,10.519763
1.2.阿塞拜疆,阿塞拜疆 新增次留,0.129464,0.116592,0.112601,0.165625,0.160287,0.16129,0.113022,0.128049,0.012872,11.040522
1.2.阿富汗,阿富汗 新增次留,0.12987,0.204819,0.162791,0.28169,0.206897,0.226415,0.243697,0.207792,-0.074949,-36.592819
1.2.阿尔及利亚,阿尔及利亚 新增次留,0.108889,0.117845,0.128514,0.176,0.179487,0.114286,0.154098,0.115385,-0.008956,-7.6
1.2.阿尔巴尼亚,阿尔巴尼亚 新增次留,0.16826,0.185079,0.178322,0.167857,0.174757,0.195246,0.165577,0.154229,-0.016819,-9.087406
1.2.阿曼,阿曼 新增次留,0.126761,0.144737,0.208955,0.076923,0.126984,0.147059,0.202454,0.140625,-0.017976,-12.419974
1.2.阿根廷,阿根廷 新增次留,0.167982,0.151292,0.132121,0.177866,0.167089,0.188067,0.171533,0.168662,0.01669,11.03198
1.2.阿联酋,阿联酋 新增次留,0.205607,0.173815,0.15285,0.14,0.171548,0.141805,0.168142,0.135632,0.031793,18.291055
1.2.阿鲁巴,阿鲁巴 新增次留,0.21875,0.333333,0.105263,0.307692,0.105263,0.333333,0.357143,0.266667,-0.114583,-34.375
1.2.韩国,韩国 新增次留,0.087719,0.118182,0.117647,0.132979,0.10917,0.139535,0.12987,0.138249,-0.030463,-25.775978
1.2.马尔代夫,马尔代夫 新增次留,0.181818,0.205128,0.033333,0.344828,0.371429,0.235294,0.263158,0.225,-0.02331,-11.363636
1.2.马恩岛,马恩岛 新增次留,0.0,0.375,0.0,0.090909,0.125,0.0,0.0,0.1,-0.375,-100.0
1.2.马拉维,马拉维 新增次留,0.340426,0.272727,0.428571,0.304348,0.282051,0.289474,0.195652,0.3,0.067698,24.822695
1.2.马提尼克岛,马提尼克岛 新增次留,0.5,0.0,0.5,0.0,0.25,0.0,0.0,0.0,0.5,
1.2.马来西亚,马来西亚 新增次留,0.150943,0.161716,0.168317,0.16879,0.20462,0.161765,0.180157,0.16358,-0.010773,-6.661533
1.2.马约特,马约特 新增次留,0.0,,,0.0,,,,,,
1.2.马绍尔群岛,马绍尔群岛 新增次留,,0.0,,0.0,0.0,,,0.0,,
1.2.马耳他,马耳他 新增次留,0.273973,0.205479,0.280488,0.107692,0.226667,0.272727,0.117647,0.192982,0.068493,33.333333
1.2.马达加斯加,马达加斯加 新增次留,0.159574,0.241071,0.193878,0.194175,0.239583,0.212766,0.214286,0.207207,-0.081497,-33.806147
1.2.马里,马里 新增次留,0.191244,0.167147,0.204023,0.144279,0.186126,0.175676,0.247706,0.285714,0.024097,14.416812
1.2.黎巴嫩,黎巴嫩 新增次留,0.150685,0.150685,0.148148,0.199095,0.174545,0.169139,0.158774,0.138577,0.0,0.0
1.2.黑山,黑山 新增次留,0.189655,0.193717,0.189873,0.174825,0.239521,0.174419,0.177914,0.138211,-0.004062,-2.096925
2,整体 新增UV,40447.857143,49009.285714,42443.714286,42277.428571,44210.285714,45928.142857,47333.857143,42419.0,-8561.428571,-17.468993
2.1,渠道 新增UV,13768.571429,19097.571429,16449.714286,17167.571429,17285.142857,18954.142857,18273.571429,16875.0,-5329.0,-27.904072
2.1.unknow,unknow 新增UV,0.0,0.0,1.0,1.0,0.0,0.0,0.0,0.0,0.0,
2.1.不丹,不丹 新增UV,0.0,0.0,0.0,0.0,0.0,1.0,0.0,1.0,0.0,
2.1.东帝汶,东帝汶 新增UV,0.0,0.0,0.0,0.0,0.0,0.0,0.0,1.0,0.0,
2.1.中国,中国 新增UV,1.0,1.333333,1.4,1.0,1.0,2.0,1.0,1.0,-0.333333,-25.0
2.1.中国台湾,中国台湾 新增UV,1.5,1.0,1.0,1.4,1.5,1.0,2.0,1.0,0.5,50.0
2.1.中国澳门,中国澳门 新增UV,0.0,0.0,0.0,0.0,1.0,0.0,1.0,1.0,0.0,
2.1.中国香港,中国香港 新增UV,161.714286,552.857143,85.0,12.0,11.857143,13.571429,5.857143,3.428571,-391.142857,-70.749354
2.1.中非,中非 新增UV,0.0,0.0,0.0,0.0,0.0,0.0,0.0,0.0,0.0,
2.1.丹麦,丹麦 新增UV,1.666667,2.142857,2.0,1.333333,1.166667,1.75,1.4,1.8,-0.47619,-22.222222
2.1.乌克兰,乌克兰 新增UV,24.0,22.285714,25.285714,21.857143,21.285714,22.285714,25.142857,28.285714,1.714286,7.692308
2.1.乌兹别克斯坦,乌兹别克斯坦 新增UV,5.285714,5.857143,5.714286,3.714286,5.714286,3.714286,6.571429,4.285714,-0.571429,-9.756098
2.1.乌干达,乌干达 新增UV,1.5,1.0,1.5,1.0,1.0,1.5,1.0,1.4,0.5,50.0
2.1.乌拉圭,乌拉圭 新增UV,1.2,2.8,2.4,1.333333,1.4,1.8,2.0,3.166667,-1.6,-57.142857
2.1.乍得,乍得 新增UV,0.0,0.0,0.0,0.0,0.0,1.0,0.0,1.0,0.0,
2.1.也门,也门 新增UV,0.0,0.0,1.0,0.0,0.0,1.5,1.0,0.0,0.0,
2.1.亚美尼亚,亚美尼亚 新增UV,1.8,2.4,2.714286,2.666667,2.0,1.8,2.333333,2.666667,-0.6,-25.0
2.1.以色列,以色列 新增UV,12.142857,19.0,3.0,2.0,3.142857,2.6,3.571429,2.166667,-6.857143,-36.090226
2.1.伊拉克,伊拉克 新增UV,9.571429,8.285714,7.285714,6.285714,6.571429,6.714286,8.285714,5.285714,1.285714,15.517241
2.1.伊朗,伊朗 新增UV,986.142857,2600.714286,626.857143,108.428571,50.428571,40.428571,27.333333,1.0,-1614.571429,-62.081846
2.1.伯利兹,伯利兹 新增UV,1.0,1.0,0.0,0.0,1.0,1.0,0.0,1.0,0.0,0.0
2.1.佛得角,佛得角 新增UV,1.0,1.0,1.0,1.0,0.0,1.0,1.0,1.0,0.0,0.0
2.1.俄罗斯,俄罗斯 新增UV,314.142857,312.714286,291.428571,277.142857,286.142857,305.428571,337.285714,306.714286,1.428571,0.45683
2.1.保加利亚,保加利亚 新增UV,3.285714,5.0,4.0,2.0,3.5,2.428571,1.833333,2.5,-1.714286,-34.285714
2.1.克罗地亚,克罗地亚 新增UV,2.142857,2.8,3.714286,2.714286,1.714286,2.0,3.571429,2.428571,-0.657143,-23.469388
2.1.关岛,关岛 新增UV,1.0,0.0,1.5,1.0,0.0,0.0,1.0,0.0,1.0,
2.1.冈比亚,冈比亚 新增UV,2.6,1.857143,3.0,2.0,2.142857,2.857143,3.0,1.5,0.742857,40.0
2.1.冰岛,冰岛 新增UV,1.0,1.0,1.0,1.0,1.0,1.0,1.0,0.0,0.0,0.0
2.1.几内亚,几内亚 新增UV,1.0,1.0,3.0,1.0,1.0,1.0,0.0,1.0,0.0,0.0
2.1.几内亚比绍,几内亚比绍 新增UV,0.0,1.0,0.0,0.0,0.0,0.0,0.0,0.0,-1.0,-100.0
2.1.列支敦士登,列支敦士登 新增UV,1.0,0.0,0.0,0.0,0.0,0.0,0.0,0.0,1.0,
2.1.刚果共和国,刚果共和国 新增UV,1.5,0.0,1.0,0.0,0.0,1.0,1.0,0.0,1.5,
2.1.刚果民主共和国,刚果民主共和国 新增UV,1.333333,1.25,1.0,2.0,1.0,1.0,1.333333,1.0,0.083333,6.666667
2.1.利比亚,利比亚 新增UV,1.0,1.0,1.0,1.0,1.0,1.0,1.0,1.333333,0.0,0.0
2.1.利比里亚,利比里亚 新增UV,1.0,1.0,1.0,1.0,1.0,1.0,1.0,1.0,0.0,0.0
2.1.加拿大,加拿大 新增UV,86.857143,107.285714,200.428571,343.428571,129.857143,284.285714,300.857143,273.142857,-20.428571,-19.041278
2.1.加纳,加纳 新增UV,5.428571,4.857143,5.0,5.428571,5.0,6.0,4.0,4.428571,0.571429,11.764706
2.1.加蓬,加蓬 新增UV,0.0,0.0,0.0,0.0,1.0,0.0,0.0,1.0,0.0,
2.1.匈牙利,匈牙利 新增UV,2.0,2.0,2.0,1.5,2.166667,1.857143,2.571429,2.25,0.0,0.0
2.1.北马其顿,北马其顿 新增UV,1.25,1.0,1.5,1.0,1.5,1.2,1.75,1.5,0.25,25.0
2.1.北马里亚纳群岛,北马里亚纳群岛 新增UV,0.0,0.0,0.0,0.0,0.0,1.0,0.0,0.0,0.0,
2.1.南苏丹,南苏丹 新增UV,8.142857,7.285714,6.857143,6.142857,6.142857,6.857143,8.0,6.857143,0.857143,11.764706
2.1.南非,南非 新增UV,10.428571,20.142857,4.0,3.142857,2.857143,2.857143,3.714286,4.0,-9.714286,-48.22695
2.1.博茨瓦纳,博茨瓦纳 新增UV,0.0,1.0,1.0,0.0,0.0,0.0,1.0,1.0,-1.0,-100.0
2.1.卡塔尔,卡塔尔 新增UV,1.25,1.4,2.166667,2.0,1.0,2.0,2.0,2.5,-0.15,-10.714286
2.1.卢旺达,卢旺达 新增UV,1.0,1.0,1.0,0.0,1.0,1.0,0.0,0.0,0.0,0.0
2.1.卢森堡,卢森堡 新增UV,1.5,1.0,1.333333,1.0,1.0,1.0,1.333333,1.0,0.5,50.0
2.1.印度,印度 新增UV,27.285714,30.142857,26.714286,24.0,20.285714,23.714286,24.714286,21.714286,-2.857143,-9.478673
2.1.印度尼西亚,印度尼西亚 新增UV,9.571429,11.0,6.285714,6.857143,5.285714,5.857143,4.571429,5.285714,-1.428571,-12.987013
2.1.危地马拉,危地马拉 新增UV,3.714286,2.833333,3.0,3.857143,3.0,3.5,2.333333,2.857143,0.880952,31.092437
2.1.厄瓜多尔,厄瓜多尔 新增UV,2.428571,3.857143,5.285714,4.166667,2.571429,4.0,4.428571,6.0,-1.428571,-37.037037
2.1.叙利亚,叙利亚 新增UV,5.142857,5.857143,4.142857,3.142857,6.0,6.571429,2.428571,2.571429,-0.714286,-12.195122
2.1.古巴,古巴 新增UV,1.0,1.0,1.166667,1.0,1.5,1.6,1.5,1.0,0.0,0.0
2.1.吉尔吉斯斯坦,吉尔吉斯斯坦 新增UV,2.428571,2.571429,2.666667,1.2,2.666667,2.142857,2.428571,1.5,-0.142857,-5.555556
2.1.吉布提,吉布提 新增UV,0.0,0.0,0.0,0.0,0.0,1.0,1.0,0.0,0.0,
2.1.哈萨克斯坦,哈萨克斯坦 新增UV,9.428571,9.714286,7.714286,6.714286,8.428571,6.857143,9.0,7.571429,-0.285714,-2.941176
2.1.哥伦比亚,哥伦比亚 新增UV,13.0,15.428571,14.0,13.428571,13.0,13.142857,14.857143,18.285714,-2.428571,-15.740741
2.1.哥斯达黎加,哥斯达黎加 新增UV,2.0,3.0,4.0,3.25,1.25,1.857143,1.833333,1.285714,-1.0,-33.333333
2.1.喀麦隆,喀麦隆 新增UV,1.0,1.666667,1.25,1.666667,1.666667,1.25,1.0,2.0,-0.666667,-40.0
2.1.图瓦卢,图瓦卢 新增UV,0.0,0.0,0.0,0.0,0.0,0.0,0.0,0.0,0.0,
2.1.土库曼斯坦,土库曼斯坦 新增UV,0.0,0.0,0.0,0.0,2.0,2.0,1.0,0.0,0.0,
2.1.土耳其,土耳其 新增UV,1527.285714,1963.142857,1290.857143,1466.285714,2095.714286,2106.857143,1655.714286,1199.571429,-435.857143,-22.202008
2.1.圣卢西亚,圣卢西亚 新增UV,0.0,1.0,0.0,0.0,0.0,1.0,0.0,0.0,-1.0,-100.0
2.1.圣基茨和尼维斯,圣基茨和尼维斯 新增UV,0.0,0.0,0.0,0.0,0.0,1.0,0.0,0.0,0.0,
2.1.圣多美和普林西比,圣多美和普林西比 新增UV,1.0,0.0,0.0,0.0,0.0,0.0,0.0,0.0,1.0,
2.1.圣文森特和格林纳丁斯,圣文森特和格林纳丁斯 新增UV,1.0,0.0,1.0,0.0,0.0,0.0,0.0,0.0,1.0,
2.1.圣皮埃尔和密克隆群岛,圣皮埃尔和密克隆群岛 新增UV,0.0,0.0,0.0,0.0,0.0,0.0,0.0,0.0,0.0,
2.1.圣马力诺,圣马力诺 新增UV,0.0,0.0,0.0,0.0,0.0,0.0,1.0,0.0,0.0,
2.1.圭亚那,圭亚那 新增UV,1.2,1.0,1.0,1.5,2.0,1.2,1.0,1.5,0.2,20.0
2.1.坦桑尼亚,坦桑尼亚 新增UV,2.0,1.6,3.5,1.6,1.666667,2.0,1.0,1.25,0.4,25.0
2.1.埃及,埃及 新增UV,5.857143,4.333333,7.0,7.571429,6.571429,8.285714,11.571429,5.714286,1.52381,35.164835
2.1.埃塞俄比亚,埃塞俄比亚 新增UV,1.333333,2.333333,1.25,1.25,1.6,1.666667,2.333333,1.4,-1.0,-42.857143
2.1.基里巴斯,基里巴斯 新增UV,0.0,0.0,0.0,0.0,0.0,0.0,1.0,0.0,0.0,
2.1.塔吉克斯坦,塔吉克斯坦 新增UV,1.0,1.0,1.0,1.5,1.0,1.75,1.25,1.5,0.0,0.0
2.1.塞内加尔,塞内加尔 新增UV,1.0,1.0,1.0,1.0,1.666667,1.714286,2.0,1.5,0.0,0.0
2.1.塞尔维亚,塞尔维亚 新增UV,2.571429,3.0,3.571429,3.714286,4.0,4.333333,3.0,5.166667,-0.428571,-14.285714
2.1.塞拉利昂,塞拉利昂 新增UV,1.333333,0.0,0.0,1.0,0.0,1.0,1.0,1.0,1.333333,
2.1.塞浦路斯,塞浦路斯 新增UV,1.714286,2.0,2.0,1.75,1.5,2.4,2.166667,2.5,-0.285714,-14.285714
2.1.塞舌尔,塞舌尔 新增UV,1.0,1.0,1.0,1.0,0.0,1.0,1.0,0.0,0.0,0.0
2.1.墨西哥,墨西哥 新增UV,1742.714286,1303.142857,882.428571,1076.428571,985.714286,798.142857,520.714286,401.285714,439.571429,33.731638
2.1.多哥,多哥 新增UV,0.0,1.0,1.0,1.5,2.0,1.333333,1.0,1.5,-1.0,-100.0
2.1.多米尼克,多米尼克 新增UV,0.0,1.0,0.0,0.0,0.0,0.0,0.0,0.0,-1.0,-100.0
2.1.多米尼加,多米尼加 新增UV,4.0,2.857143,3.571429,2.333333,2.0,2.833333,2.285714,2.571429,1.142857,40.0
2.1.奥兰群岛,奥兰群岛 新增UV,0.0,0.0,0.0,0.0,0.0,0.0,0.0,0.0,0.0,
2.1.奥地利,奥地利 新增UV,4.285714,3.571429,3.0,3.428571,3.428571,4.0,4.857143,5.428571,0.714286,20.0
2.1.委内瑞拉,委内瑞拉 新增UV,5.714286,3.571429,6.142857,5.857143,6.857143,6.714286,6.142857,8.714286,2.142857,60.0
2.1.孟加拉,孟加拉 新增UV,17.0,18.0,18.428571,21.428571,18.0,26.714286,30.285714,25.428571,-1.0,-5.555556
2.1.安哥拉,安哥拉 新增UV,1.0,1.0,1.0,1.0,0.0,1.0,1.0,1.0,0.0,0.0
2.1.安圭拉,安圭拉 新增UV,0.0,0.0,1.0,1.0,0.0,1.0,0.0,0.0,0.0,
2.1.安提瓜和巴布达,安提瓜和巴布达 新增UV,2.0,0.0,1.0,1.0,1.0,0.0,1.0,0.0,2.0,
2.1.安道尔,安道尔 新增UV,1.0,1.0,1.0,0.0,1.0,1.0,1.0,0.0,0.0,0.0
2.1.密克罗尼西亚联邦,密克罗尼西亚联邦 新增UV,0.0,0.0,0.0,0.0,0.0,0.0,0.0,0.0,0.0,
2.1.尼加拉瓜,尼加拉瓜 新增UV,1.166667,1.166667,1.666667,1.5,1.142857,1.75,1.4,1.333333,0.0,0.0
2.1.尼日利亚,尼日利亚 新增UV,22.571429,23.714286,27.857143,23.428571,20.571429,24.714286,17.857143,21.428571,-1.142857,-4.819277
2.1.尼日尔,尼日尔 新增UV,0.0,0.0,1.0,1.0,1.0,0.0,1.0,0.0,0.0,
2.1.尼泊尔,尼泊尔 新增UV,1.833333,1.4,2.0,2.166667,2.8,2.6,3.285714,4.142857,0.433333,30.952381
2.1.巴勒斯坦,巴勒斯坦 新增UV,2.25,1.333333,1.5,1.25,1.666667,1.6,1.5,1.0,0.916667,68.75
2.1.巴哈马,巴哈马 新增UV,1.0,1.5,2.0,1.5,1.333333,1.0,1.25,2.0,-0.5,-33.333333
2.1.巴基斯坦,巴基斯坦 新增UV,7.428571,6.142857,7.0,7.714286,5.285714,7.285714,11.0,10.714286,1.285714,20.930233
2.1.巴巴多斯,巴巴多斯 新增UV,2.0,1.0,1.0,1.0,0.0,1.5,1.0,1.0,1.0,100.0
2.1.巴布亚新几内亚,巴布亚新几内亚 新增UV,0.0,1.0,0.0,1.0,1.0,0.0,0.0,1.0,-1.0,-100.0
2.1.巴拉圭,巴拉圭 新增UV,1.4,3.833333,2.5,2.571429,2.0,2.142857,1.8,2.428571,-2.433333,-63.478261
2.1.巴拿马,巴拿马 新增UV,2.75,1.0,2.142857,2.25,2.0,2.0,2.0,1.8,1.75,175.0
2.1.巴林,巴林 新增UV,1.0,1.0,2.0,1.0,1.0,0.0,1.333333,1.0,0.0,0.0
2.1.巴西,巴西 新增UV,5288.428571,8650.857143,8663.571429,9044.857143,8907.571429,9484.428571,9784.428571,10793.142857,-3362.428571,-38.868155
2.1.布基纳法索,布基纳法索 新增UV,1.25,1.5,1.0,1.75,1.2,1.0,1.0,1.0,-0.25,-16.666667
2.1.布隆迪,布隆迪 新增UV,1.0,1.0,0.0,1.0,1.0,0.0,1.0,1.0,0.0,0.0
2.1.希腊,希腊 新增UV,10.428571,9.428571,8.571429,9.714286,9.571429,9.285714,6.285714,6.571429,1.0,10.606061
2.1.帕劳,帕劳 新增UV,0.0,0.0,0.0,0.0,0.0,0.0,0.0,0.0,0.0,
2.1.库克群岛,库克群岛 新增UV,0.0,0.0,0.0,0.0,0.0,0.0,0.0,0.0,0.0,
2.1.库拉索,库拉索 新增UV,0.0,0.0,1.0,1.5,0.0,1.0,1.0,0.0,0.0,
2.1.开曼群岛,开曼群岛 新增UV,1.0,1.0,1.0,1.0,0.0,0.0,1.0,0.0,0.0,0.0
2.1.德国,德国 新增UV,282.714286,462.571429,294.571429,295.428571,273.857143,269.571429,214.857143,179.285714,-179.857143,-38.882026
2.1.意大利,意大利 新增UV,14.0,18.571429,17.428571,12.714286,13.428571,16.571429,15.571429,12.428571,-4.571429,-24.615385
2.1.所罗门群岛,所罗门群岛 新增UV,0.0,0.0,0.0,0.0,0.0,0.0,0.0,0.0,0.0,
2.1.拉脱维亚,拉脱维亚 新增UV,4.714286,2.857143,3.857143,2.5,3.0,3.285714,3.285714,2.333333,1.857143,65.0
2.1.挪威,挪威 新增UV,3.2,3.714286,3.0,1.833333,2.0,2.428571,2.571429,3.428571,-0.514286,-13.846154
2.1.捷克,捷克 新增UV,2.4,3.142857,3.571429,2.333333,5.142857,3.428571,2.714286,3.166667,-0.742857,-23.636364
2.1.摩尔多瓦,摩尔多瓦 新增UV,2.666667,2.142857,2.6,1.5,1.428571,3.0,1.666667,2.714286,0.52381,24.444444
2.1.摩洛哥,摩洛哥 新增UV,2.714286,3.0,2.0,4.5,2.166667,2.6,2.0,3.142857,-0.285714,-9.52381
2.1.摩纳哥,摩纳哥 新增UV,0.0,0.0,0.0,0.0,1.0,0.0,0.0,0.0,0.0,
2.1.文莱,文莱 新增UV,1.0,0.0,1.0,1.0,1.5,1.0,1.0,1.0,1.0,
2.1.斐济,斐济 新增UV,1.0,1.0,1.0,1.0,1.0,1.0,1.0,1.0,0.0,0.0
2.1.斯威士兰,斯威士兰 新增UV,0.0,0.0,0.0,0.0,0.0,0.0,1.0,0.0,0.0,
2.1.斯洛伐克,斯洛伐克 新增UV,1.666667,1.0,3.0,1.5,2.0,1.833333,1.75,1.6,0.666667,66.666667
2.1.斯洛文尼亚,斯洛文尼亚 新增UV,1.25,0.0,1.0,1.333333,3.0,1.0,1.0,1.0,1.25,
2.1.斯里兰卡,斯里兰卡 新增UV,3.0,1.5,1.0,1.0,1.666667,1.333333,2.0,1.714286,1.5,100.0
2.1.新加坡,新加坡 新增UV,2.0,3.142857,2.857143,2.857143,2.333333,3.142857,3.333333,3.0,-1.142857,-36.363636
2.1.新喀里多尼亚,新喀里多尼亚 新增UV,0.0,0.0,0.0,0.0,1.0,0.0,0.0,0.0,0.0,
2.1.新西兰,新西兰 新增UV,2.0,1.666667,1.75,2.0,1.25,1.285714,1.666667,2.142857,0.333333,20.0
2.1.日本,日本 新增UV,2.833333,2.857143,17.857143,9.142857,3.285714,3.285714,4.142857,4.0,-0.02381,-0.833333
2.1.智利,智利 新增UV,8.0,13.428571,9.714286,7.0,5.0,4.714286,8.0,8.714286,-5.428571,-40.425532
2.1.柬埔寨,柬埔寨 新增UV,1.0,1.0,1.0,1.333333,1.666667,1.0,1.0,0.0,0.0,0.0
2.1.根西岛,根西岛 新增UV,0.0,0.0,0.0,1.0,0.0,0.0,1.0,0.0,0.0,
2.1.格林纳达,格林纳达 新增UV,1.0,1.0,1.0,0.0,1.0,0.0,0.0,0.0,0.0,0.0
2.1.格陵兰,格陵兰 新增UV,0.0,0.0,0.0,0.0,0.0,0.0,0.0,0.0,0.0,
2.1.格鲁吉亚,格鲁吉亚 新增UV,3.0,3.5,2.285714,2.285714,3.285714,3.285714,2.166667,2.428571,-0.5,-14.285714
2.1.比利时,比利时 新增UV,2.166667,3.285714,3.5,3.142857,3.166667,2.666667,3.571429,3.142857,-1.119048,-34.057971
2.1.毛里塔尼亚,毛里塔尼亚 新增UV,0.0,1.0,1.0,0.0,1.0,1.0,1.0,1.0,-1.0,-100.0
2.1.毛里求斯,毛里求斯 新增UV,1.0,1.5,0.0,1.0,1.0,1.0,1.0,1.0,-0.5,-33.333333
2.1.汤加,汤加 新增UV,0.0,0.0,1.0,0.0,1.0,0.0,0.0,0.0,0.0,
2.1.沙特阿拉伯,沙特阿拉伯 新增UV,3.428571,1.8,3.333333,2.714286,3.142857,4.285714,6.333333,4.714286,1.628571,90.47619
2.1.法国,法国 新增UV,31.0,35.428571,47.857143,58.571429,62.428571,66.571429,48.857143,36.857143,-4.428571,-12.5
2.1.法属圣马丁,法属圣马丁 新增UV,1.0,0.0,0.0,0.0,1.0,0.0,1.0,0.0,1.0,
2.1.法属圭亚那,法属圭亚那 新增UV,0.0,1.0,0.0,1.0,1.0,1.333333,1.0,1.0,-1.0,-100.0
2.1.法属波利尼西亚,法属波利尼西亚 新增UV,1.0,0.0,1.0,0.0,0.0,1.0,0.0,0.0,1.0,
2.1.法罗群岛,法罗群岛 新增UV,0.0,0.0,0.0,0.0,0.0,1.0,0.0,0.0,0.0,
2.1.波兰,波兰 新增UV,11.0,10.571429,9.857143,6.571429,8.142857,9.857143,9.714286,8.285714,0.428571,4.054054
2.1.波多黎各,波多黎各 新增UV,1.8,3.0,2.571429,2.857143,2.166667,3.142857,2.428571,3.75,-1.2,-40.0
2.1.波黑,波黑 新增UV,1.4,1.4,1.5,1.5,1.333333,1.333333,1.5,2.0,0.0,0.0
2.1.泰国,泰国 新增UV,1.6,2.666667,2.166667,1.5,1.428571,1.833333,2.2,3.142857,-1.066667,-40.0
2.1.泽西岛,泽西岛 新增UV,0.0,0.0,1.0,0.0,0.0,0.0,1.0,0.0,0.0,
2.1.津巴布韦,津巴布韦 新增UV,0.0,1.0,2.0,1.0,1.0,1.0,1.0,1.0,-1.0,-100.0
2.1.洪都拉斯,洪都拉斯 新增UV,3.333333,2.333333,1.833333,1.6,2.2,1.25,2.0,2.166667,1.0,42.857143
2.1.海地,海地 新增UV,2.2,1.666667,2.0,2.2,1.0,1.25,1.0,1.333333,0.533333,32.0
2.1.澳大利亚,澳大利亚 新增UV,96.857143,123.0,165.0,170.857143,277.857143,335.714286,80.142857,76.714286,-26.142857,-21.254355
2.1.爱尔兰,爱尔兰 新增UV,2.571429,3.0,3.285714,4.857143,3.0,3.666667,3.666667,3.428571,-0.428571,-14.285714
2.1.爱沙尼亚,爱沙尼亚 新增UV,2.0,2.285714,2.6,2.0,1.4,1.833333,1.6,1.833333,-0.285714,-12.5
2.1.牙买加,牙买加 新增UV,3.166667,1.6,2.0,1.25,1.333333,1.333333,1.6,1.0,1.566667,97.916667
2.1.特克斯和凯科斯群岛,特克斯和凯科斯群岛 新增UV,1.5,1.5,1.0,1.0,0.0,1.0,0.0,1.0,0.0,0.0
2.1.特立尼达和多巴哥,特立尼达和多巴哥 新增UV,1.333333,1.0,1.75,1.0,1.0,2.0,1.5,1.0,0.333333,33.333333
2.1.玻利维亚,玻利维亚 新增UV,2.4,2.571429,2.714286,2.428571,3.428571,4.333333,3.4,3.0,-0.171429,-6.666667
2.1.瑞典,瑞典 新增UV,6.285714,12.571429,15.714286,15.0,5.142857,4.285714,4.285714,3.166667,-6.285714,-50.0
2.1.瑞士,瑞士 新增UV,4.142857,6.571429,5.571429,5.428571,4.285714,4.857143,3.428571,5.714286,-2.428571,-36.956522
2.1.瓜德罗普,瓜德罗普 新增UV,0.0,0.0,0.0,0.0,1.0,0.0,0.0,1.0,0.0,
2.1.瓦利斯和富图纳群岛,瓦利斯和富图纳群岛 新增UV,0.0,0.0,0.0,0.0,0.0,0.0,0.0,0.0,0.0,
2.1.瓦努阿图,瓦努阿图 新增UV,0.0,1.0,0.0,0.0,0.0,0.0,0.0,1.0,-1.0,-100.0
2.1.留尼汪岛,留尼汪岛 新增UV,1.0,1.0,0.0,1.0,1.5,1.0,2.0,0.0,0.0,0.0
2.1.白俄罗斯,白俄罗斯 新增UV,17.857143,17.428571,14.285714,12.714286,16.857143,13.571429,16.857143,18.571429,0.428571,2.459016
2.1.百慕大,百慕大 新增UV,0.0,0.0,0.0,1.0,0.0,0.0,0.0,1.0,0.0,
2.1.直布罗陀,直布罗陀 新增UV,1.0,0.0,1.0,1.0,1.0,0.0,1.0,0.0,1.0,
2.1.福克兰群岛,福克兰群岛 新增UV,0.0,0.0,0.0,0.0,0.0,0.0,0.0,0.0,0.0,
2.1.科威特,科威特 新增UV,1.0,1.6,1.0,1.6,2.0,1.75,1.25,1.75,-0.6,-37.5
2.1.科摩罗,科摩罗 新增UV,0.0,0.0,0.0,0.0,0.0,0.0,0.0,0.0,0.0,
2.1.科特迪瓦,科特迪瓦 新增UV,1.25,1.0,2.0,1.4,1.333333,1.0,1.333333,1.0,0.25,25.0
2.1.科索沃,科索沃 新增UV,1.0,1.5,1.5,1.0,0.0,2.0,1.0,1.0,-0.5,-33.333333
2.1.秘鲁,秘鲁 新增UV,9.0,9.0,9.571429,10.142857,10.0,8.428571,9.857143,12.142857,0.0,0.0
2.1.突尼斯,突尼斯 新增UV,1.8,1.714286,1.666667,2.0,2.166667,2.5,2.25,1.0,0.085714,5.0
2.1.立陶宛,立陶宛 新增UV,2.8,2.166667,2.285714,1.333333,1.571429,1.5,1.833333,1.4,0.633333,29.230769
2.1.索马里,索马里 新增UV,1.0,1.0,1.0,1.333333,1.6,1.5,1.333333,1.5,0.0,0.0
2.1.约旦,约旦 新增UV,1.8,1.285714,1.833333,2.75,1.857143,2.142857,3.0,3.285714,0.514286,40.0
2.1.纳米比亚,纳米比亚 新增UV,0.0,0.0,0.0,0.0,0.0,0.0,1.0,0.0,0.0,
2.1.缅甸,缅甸 新增UV,3.2,3.333333,1.333333,1.6,2.285714,4.857143,2.0,1.4,-0.133333,-4.0
2.1.罗马尼亚,罗马尼亚 新增UV,4.0,3.714286,2.666667,4.714286,4.6,2.857143,3.142857,4.428571,0.285714,7.692308
2.1.美国,美国 新增UV,2120.142857,2352.571429,2607.428571,3067.285714,3266.571429,4213.142857,4276.857143,2819.428571,-232.428571,-9.879767
2.1.美属维尔京群岛,美属维尔京群岛 新增UV,1.0,0.0,0.0,1.0,1.0,1.0,0.0,0.0,1.0,
2.1.老挝,老挝 新增UV,1.0,1.0,0.0,1.0,0.0,1.0,1.0,1.0,0.0,0.0
2.1.肯尼亚,肯尼亚 新增UV,2.0,1.714286,1.6,1.0,2.333333,2.714286,1.8,3.4,0.285714,16.666667
2.1.芬兰,芬兰 新增UV,9.428571,9.0,6.714286,6.428571,4.714286,3.714286,5.571429,3.666667,0.428571,4.761905
2.1.苏丹,苏丹 新增UV,1.0,2.0,1.0,1.0,0.0,1.0,1.0,1.0,-1.0,-50.0
2.1.苏里南,苏里南 新增UV,1.0,0.0,1.0,1.0,1.0,0.0,1.0,1.0,1.0,
2.1.英国,英国 新增UV,756.0,805.428571,887.428571,764.0,467.285714,532.428571,517.428571,281.428571,-49.428571,-6.136928
2.1.英属维尔京群岛,英属维尔京群岛 新增UV,1.0,1.0,1.0,0.0,0.0,0.0,1.0,1.0,0.0,0.0
2.1.荷兰,荷兰 新增UV,24.571429,22.142857,20.571429,23.285714,18.571429,17.0,16.142857,15.142857,2.428571,10.967742
2.1.荷兰加勒比,荷兰加勒比 新增UV,1.0,0.0,0.0,0.0,1.0,0.0,0.0,0.0,1.0,
2.1.荷属圣马丁,荷属圣马丁 新增UV,1.0,0.0,1.0,0.0,1.0,1.0,1.0,0.0,1.0,
2.1.莫桑比克,莫桑比克 新增UV,0.0,1.0,1.0,1.0,2.0,1.0,1.0,1.333333,-1.0,-100.0
2.1.莱索托,莱索托 新增UV,1.0,0.0,0.0,0.0,0.0,0.0,0.0,0.0,1.0,
2.1.菲律宾,菲律宾 新增UV,6.0,7.428571,6.428571,8.571429,8.285714,8.0,9.428571,13.0,-1.428571,-19.230769
2.1.萨尔瓦多,萨尔瓦多 新增UV,1.833333,2.0,2.166667,2.5,1.666667,1.285714,2.2,3.166667,-0.166667,-8.333333
2.1.萨摩亚,萨摩亚 新增UV,0.0,0.0,0.0,0.0,0.0,1.0,0.0,1.0,0.0,
2.1.葡萄牙,葡萄牙 新增UV,9.0,8.428571,11.714286,9.571429,8.857143,10.142857,8.142857,7.428571,0.571429,6.779661
2.1.蒙古,蒙古 新增UV,1.0,1.0,0.0,1.0,1.0,1.0,1.0,2.0,0.0,0.0
2.1.西班牙,西班牙 新增UV,210.142857,72.285714,120.428571,143.714286,124.857143,122.285714,101.285714,84.428571,137.857143,190.711462
2.1.贝宁,贝宁 新增UV,1.0,1.0,1.0,1.5,1.5,1.0,1.0,0.0,0.0,0.0
2.1.赞比亚,赞比亚 新增UV,1.0,1.333333,2.0,1.0,2.0,1.0,1.0,1.0,-0.333333,-25.0
2.1.赤道几内亚,赤道几内亚 新增UV,0.0,0.0,0.0,0.0,0.0,0.0,0.0,0.0,0.0,
2.1.越南,越南 新增UV,2.571429,2.666667,2.5,1.75,1.666667,2.142857,2.428571,3.571429,-0.095238,-3.571429
2.1.阿塞拜疆,阿塞拜疆 新增UV,2.142857,5.714286,2.333333,2.75,4.0,3.0,2.0,2.166667,-3.571429,-62.5
2.1.阿富汗,阿富汗 新增UV,1.0,1.5,1.0,1.333333,1.166667,2.0,1.285714,1.666667,-0.5,-33.333333
2.1.阿尔及利亚,阿尔及利亚 新增UV,2.0,1.571429,3.8,2.8,2.142857,2.2,3.428571,2.25,0.428571,27.272727
2.1.阿尔巴尼亚,阿尔巴尼亚 新增UV,3.714286,3.142857,2.833333,2.142857,2.0,4.0,2.142857,1.833333,0.571429,18.181818
2.1.阿曼,阿曼 新增UV,1.0,1.0,1.666667,1.0,1.333333,1.0,1.0,1.666667,0.0,0.0
2.1.阿根廷,阿根廷 新增UV,8.857143,7.857143,12.285714,11.571429,10.714286,11.857143,11.857143,13.857143,1.0,12.727273
2.1.阿联酋,阿联酋 新增UV,3.142857,2.8,3.571429,4.714286,4.571429,5.428571,5.571429,3.0,0.342857,12.244898
2.1.阿鲁巴,阿鲁巴 新增UV,1.0,1.5,1.0,1.0,2.333333,1.5,1.0,1.0,-0.5,-33.333333
2.1.韩国,韩国 新增UV,1.0,2.166667,1.25,1.833333,1.4,2.8,1.857143,1.857143,-1.166667,-53.846154
2.1.马尔代夫,马尔代夫 新增UV,1.0,1.0,0.0,1.5,2.0,1.0,1.0,1.0,0.0,0.0
2.1.马恩岛,马恩岛 新增UV,0.0,1.0,0.0,1.0,0.0,0.0,1.0,1.0,-1.0,-100.0
2.1.马拉维,马拉维 新增UV,1.0,0.0,0.0,1.5,1.0,1.0,1.0,0.0,1.0,
2.1.马提尼克岛,马提尼克岛 新增UV,0.0,0.0,0.0,0.0,0.0,1.0,0.0,1.0,0.0,
2.1.马来西亚,马来西亚 新增UV,2.6,1.428571,2.2,2.428571,1.857143,2.4,3.285714,3.714286,1.171429,82.0
2.1.马约特,马约特 新增UV,0.0,0.0,0.0,0.0,0.0,0.0,0.0,0.0,0.0,
2.1.马绍尔群岛,马绍尔群岛 新增UV,1.0,0.0,0.0,0.0,0.0,0.0,0.0,0.0,1.0,
2.1.马耳他,马耳他 新增UV,1.0,1.75,1.5,1.0,1.25,2.2,1.0,2.0,-0.75,-42.857143
2.1.马达加斯加,马达加斯加 新增UV,1.0,1.0,1.0,1.0,1.0,2.0,1.5,0.0,0.0,0.0
2.1.马里,马里 新增UV,1.0,1.0,1.666667,1.0,2.8,1.5,0.0,1.0,0.0,0.0
2.1.黎巴嫩,黎巴嫩 新增UV,2.333333,2.4,1.333333,1.0,1.6,2.166667,2.0,3.2,-0.066667,-2.777778
2.1.黑山,黑山 新增UV,1.428571,1.4,1.333333,1.0,1.0,1.666667,1.2,1.25,0.028571,2.040816
2.2,自然 新增UV,26679.285714,29911.714286,25994.0,25109.857143,26925.142857,26974.0,29060.285714,25544.0,-3232.428571,-10.806564
2.2.unknow,unknow 新增UV,2.333333,1.5,1.8,1.666667,5.285714,2.8,3.2,2.0,0.833333,55.555556
2.2.不丹,不丹 新增UV,1.5,1.25,1.0,1.5,1.0,1.0,1.0,1.0,0.25,20.0
2.2.东帝汶,东帝汶 新增UV,1.0,1.0,0.0,1.0,1.5,1.0,1.0,1.0,0.0,0.0
2.2.中国,中国 新增UV,42.0,46.285714,65.857143,67.857143,60.142857,57.571429,55.428571,52.714286,-4.285714,-9.259259
2.2.中国台湾,中国台湾 新增UV,8.857143,10.714286,12.857143,9.285714,10.714286,9.428571,9.571429,12.571429,-1.857143,-17.333333
2.2.中国澳门,中国澳门 新增UV,1.6,1.0,1.5,1.0,1.0,1.2,2.0,1.6,0.6,60.0
2.2.中国香港,中国香港 新增UV,126.714286,240.714286,104.142857,56.714286,57.142857,57.571429,42.0,42.571429,-114.0,-47.35905
2.2.中非,中非 新增UV,1.0,1.8,1.5,1.6,1.0,1.5,2.0,1.333333,-0.8,-44.444444
2.2.丹麦,丹麦 新增UV,39.0,35.285714,42.142857,38.285714,41.285714,49.428571,41.714286,32.142857,3.714286,10.526316
2.2.乌克兰,乌克兰 新增UV,449.571429,449.571429,609.428571,316.285714,433.428571,331.857143,762.428571,783.428571,0.0,0.0
2.2.乌兹别克斯坦,乌兹别克斯坦 新增UV,51.428571,126.857143,32.857143,32.0,36.714286,26.428571,59.285714,33.0,-75.428571,-59.459459
2.2.乌干达,乌干达 新增UV,18.857143,11.571429,13.571429,11.142857,11.714286,12.285714,13.142857,19.285714,7.285714,62.962963
2.2.乌拉圭,乌拉圭 新增UV,10.428571,10.428571,7.428571,12.142857,13.0,8.571429,9.142857,9.285714,0.0,0.0
2.2.乍得,乍得 新增UV,4.285714,2.0,1.5,1.5,2.8,2.714286,2.833333,3.571429,2.285714,114.285714
2.2.也门,也门 新增UV,8.285714,4.857143,4.428571,4.714286,4.0,4.142857,6.857143,9.571429,3.428571,70.588235
2.2.亚美尼亚,亚美尼亚 新增UV,62.142857,52.428571,72.0,208.857143,49.857143,38.714286,35.571429,31.0,9.714286,18.52861
2.2.以色列,以色列 新增UV,102.571429,106.0,80.571429,92.142857,102.0,114.428571,120.428571,89.857143,-3.428571,-3.234501
2.2.伊拉克,伊拉克 新增UV,125.142857,84.714286,81.428571,77.0,75.428571,81.571429,120.285714,114.428571,40.428571,47.72344
2.2.伊朗,伊朗 新增UV,1071.0,1730.142857,695.571429,616.285714,510.714286,566.571429,543.714286,24.142857,-659.142857,-38.097597
2.2.伯利兹,伯利兹 新增UV,3.428571,3.142857,3.142857,2.285714,2.571429,2.571429,3.142857,2.857143,0.285714,9.090909
2.2.佛得角,佛得角 新增UV,3.5,2.571429,2.333333,2.142857,3.166667,1.666667,2.142857,3.166667,0.928571,36.111111
2.2.俄罗斯,俄罗斯 新增UV,1909.285714,2205.0,1972.571429,2006.857143,2246.428571,1827.857143,2048.142857,1588.428571,-295.714286,-13.411079
2.2.保加利亚,保加利亚 新增UV,71.714286,71.0,59.714286,58.142857,56.571429,70.428571,74.428571,58.285714,0.714286,1.006036
2.2.克罗地亚,克罗地亚 新增UV,67.142857,62.142857,64.428571,49.571429,53.714286,59.571429,51.142857,46.571429,5.0,8.045977
2.2.关岛,关岛 新增UV,1.0,3.0,2.0,2.0,1.5,2.428571,1.833333,2.5,-2.0,-66.666667
2.2.冈比亚,冈比亚 新增UV,19.571429,17.428571,21.428571,19.714286,24.0,46.428571,58.428571,28.0,2.142857,12.295082
2.2.冰岛,冰岛 新增UV,4.142857,3.285714,3.571429,4.285714,3.857143,7.571429,3.857143,2.857143,0.857143,26.086957
2.2.几内亚,几内亚 新增UV,17.857143,13.285714,10.857143,13.0,21.714286,10.0,14.571429,8.285714,4.571429,34.408602
2.2.几内亚比绍,几内亚比绍 新增UV,1.0,1.4,2.166667,1.428571,1.0,2.0,1.2,1.0,-0.4,-28.571429
2.2.列支敦士登,列支敦士登 新增UV,1.0,1.0,0.0,1.0,1.0,1.0,1.25,1.25,0.0,0.0
2.2.刚果共和国,刚果共和国 新增UV,7.428571,4.285714,5.285714,3.571429,11.857143,5.428571,7.571429,7.142857,3.142857,73.333333
2.2.刚果民主共和国,刚果民主共和国 新增UV,18.142857,13.714286,12.857143,12.714286,18.857143,15.857143,19.714286,20.571429,4.428571,32.291667
2.2.利比亚,利比亚 新增UV,11.428571,8.0,9.714286,8.142857,8.428571,11.571429,12.571429,12.428571,3.428571,42.857143
2.2.利比里亚,利比里亚 新增UV,30.142857,33.571429,29.714286,29.142857,33.0,33.142857,34.714286,29.285714,-3.428571,-10.212766
2.2.加拿大,加拿大 新增UV,436.285714,500.571429,465.0,450.857143,381.571429,456.571429,471.285714,423.428571,-64.285714,-12.842466
2.2.加纳,加纳 新增UV,130.142857,157.142857,196.142857,182.285714,209.714286,163.285714,196.571429,242.571429,-27.0,-17.181818
2.2.加蓬,加蓬 新增UV,1.25,1.166667,1.6,1.5,1.666667,1.333333,1.0,1.333333,0.083333,7.142857
2.2.匈牙利,匈牙利 新增UV,45.142857,46.0,44.428571,37.571429,48.0,57.571429,43.857143,38.285714,-0.857143,-1.863354
2.2.北马其顿,北马其顿 新增UV,22.714286,29.142857,29.142857,29.428571,29.0,38.142857,31.428571,24.857143,-6.428571,-22.058824
2.2.北马里亚纳群岛,北马里亚纳群岛 新增UV,0.0,0.0,0.0,1.0,0.0,0.0,0.0,0.0,0.0,
2.2.南苏丹,南苏丹 新增UV,37.285714,33.0,33.142857,34.428571,33.714286,29.285714,32.285714,32.857143,4.285714,12.987013
2.2.南非,南非 新增UV,119.285714,107.0,84.428571,94.0,83.571429,105.285714,96.571429,96.714286,12.285714,11.481976
2.2.博茨瓦纳,博茨瓦纳 新增UV,2.428571,3.5,2.333333,1.714286,2.5,2.833333,3.0,4.2,-1.071429,-30.612245
2.2.卡塔尔,卡塔尔 新增UV,12.0,10.0,12.0,11.428571,12.571429,15.285714,16.857143,13.0,2.0,20.0
2.2.卢旺达,卢旺达 新增UV,8.571429,6.428571,5.0,6.0,7.714286,4.571429,6.285714,6.142857,2.142857,33.333333
2.2.卢森堡,卢森堡 新增UV,4.285714,5.714286,4.285714,5.571429,6.285714,6.428571,5.857143,4.833333,-1.428571,-25.0
2.2.印度,印度 新增UV,88.857143,82.571429,77.285714,70.857143,80.428571,94.714286,106.428571,111.428571,6.285714,7.612457
2.2.印度尼西亚,印度尼西亚 新增UV,154.428571,132.285714,111.571429,119.857143,118.0,166.571429,130.142857,122.142857,22.142857,16.738661
2.2.危地马拉,危地马拉 新增UV,23.714286,27.142857,21.571429,18.428571,21.0,18.428571,19.428571,20.0,-3.428571,-12.631579
2.2.厄瓜多尔,厄瓜多尔 新增UV,61.714286,53.285714,49.285714,46.142857,45.571429,48.285714,51.285714,50.428571,8.428571,15.817694
2.2.叙利亚,叙利亚 新增UV,27.142857,22.142857,22.428571,21.285714,18.285714,20.428571,29.142857,21.0,5.0,22.580645
2.2.古巴,古巴 新增UV,4.833333,1.857143,2.142857,3.25,2.5,2.714286,4.285714,3.0,2.97619,160.25641
2.2.吉尔吉斯斯坦,吉尔吉斯斯坦 新增UV,40.285714,52.285714,43.714286,30.714286,71.571429,28.857143,139.857143,57.0,-12.0,-22.95082
2.2.吉布提,吉布提 新增UV,0.0,1.0,1.0,2.0,1.0,0.0,1.0,1.333333,-1.0,-100.0
2.2.哈萨克斯坦,哈萨克斯坦 新增UV,255.428571,415.571429,271.142857,195.142857,521.428571,176.0,670.714286,277.714286,-160.142857,-38.535579
2.2.哥伦比亚,哥伦比亚 新增UV,206.857143,224.142857,190.857143,211.857143,207.142857,188.142857,205.428571,222.142857,-17.285714,-7.711918
2.2.哥斯达黎加,哥斯达黎加 新增UV,22.0,18.428571,15.714286,15.571429,20.428571,15.142857,16.857143,16.857143,3.571429,19.379845
2.2.喀麦隆,喀麦隆 新增UV,19.857143,17.0,16.0,16.857143,21.142857,18.142857,24.142857,30.285714,2.857143,16.806723
2.2.图瓦卢,图瓦卢 新增UV,0.0,0.0,0.0,0.0,1.0,1.0,0.0,0.0,0.0,
2.2.土库曼斯坦,土库曼斯坦 新增UV,1.5,1.25,1.0,1.0,2.0,2.5,2.666667,0.0,0.25,20.0
2.2.土耳其,土耳其 新增UV,706.714286,720.285714,656.571429,673.428571,778.428571,911.0,646.0,487.0,-13.571429,-1.884173
2.2.圣卢西亚,圣卢西亚 新增UV,3.0,1.666667,2.5,1.4,2.428571,2.4,1.833333,1.833333,1.333333,80.0
2.2.圣基茨和尼维斯,圣基茨和尼维斯 新增UV,1.285714,2.0,1.4,1.5,1.0,1.5,1.666667,1.333333,-0.714286,-35.714286
2.2.圣多美和普林西比,圣多美和普林西比 新增UV,1.0,1.0,0.0,1.0,1.0,0.0,1.5,1.0,0.0,0.0
2.2.圣文森特和格林纳丁斯,圣文森特和格林纳丁斯 新增UV,1.75,1.5,1.0,1.0,1.25,1.0,1.0,1.5,0.25,16.666667
2.2.圣皮埃尔和密克隆群岛,圣皮埃尔和密克隆群岛 新增UV,0.0,0.0,0.0,0.0,0.0,0.0,0.0,1.0,0.0,
2.2.圣马力诺,圣马力诺 新增UV,1.0,0.0,0.0,1.0,1.0,0.0,1.0,0.0,1.0,
2.2.圭亚那,圭亚那 新增UV,3.0,3.857143,2.857143,3.5,2.714286,2.142857,4.428571,2.142857,-0.857143,-22.222222
2.2.坦桑尼亚,坦桑尼亚 新增UV,24.428571,21.142857,21.285714,18.857143,20.857143,19.142857,22.571429,24.714286,3.285714,15.540541
2.2.埃及,埃及 新增UV,159.285714,130.571429,140.142857,138.0,139.857143,159.428571,189.714286,141.714286,28.714286,21.991247
2.2.埃塞俄比亚,埃塞俄比亚 新增UV,15.0,13.571429,11.714286,14.285714,18.285714,20.0,15.285714,20.714286,1.428571,10.526316
2.2.基里巴斯,基里巴斯 新增UV,0.0,0.0,0.0,1.0,0.0,0.0,0.0,0.0,0.0,
2.2.塔吉克斯坦,塔吉克斯坦 新增UV,5.714286,4.142857,6.333333,4.857143,5.142857,3.428571,6.285714,4.857143,1.571429,37.931034
2.2.塞内加尔,塞内加尔 新增UV,42.142857,33.285714,43.714286,57.142857,78.857143,132.285714,179.714286,91.0,8.857143,26.609442
2.2.塞尔维亚,塞尔维亚 新增UV,112.714286,133.857143,116.857143,117.0,133.857143,148.857143,127.714286,119.142857,-21.142857,-15.795091
2.2.塞拉利昂,塞拉利昂 新增UV,9.857143,7.428571,6.285714,8.571429,9.428571,8.714286,7.0,8.0,2.428571,32.692308
2.2.塞浦路斯,塞浦路斯 新增UV,20.714286,20.714286,22.142857,19.0,21.0,23.0,19.428571,15.285714,0.0,0.0
2.2.塞舌尔,塞舌尔 新增UV,2.25,1.571429,1.285714,1.8,1.714286,2.25,2.0,1.2,0.678571,43.181818
2.2.墨西哥,墨西哥 新增UV,513.428571,521.571429,423.571429,392.285714,407.0,408.285714,393.142857,402.571429,-8.142857,-1.561216
2.2.多哥,多哥 新增UV,7.571429,8.0,7.285714,6.857143,6.714286,9.285714,13.857143,19.0,-0.428571,-5.357143
2.2.多米尼克,多米尼克 新增UV,1.0,1.0,1.5,1.0,0.0,1.5,1.0,1.333333,0.0,0.0
2.2.多米尼加,多米尼加 新增UV,45.285714,35.428571,35.571429,38.142857,37.142857,46.714286,39.571429,43.428571,9.857143,27.822581
2.2.奥兰群岛,奥兰群岛 新增UV,0.0,0.0,1.0,0.0,1.0,0.0,0.0,0.0,0.0,
2.2.奥地利,奥地利 新增UV,66.714286,69.285714,58.0,72.285714,96.285714,87.285714,74.571429,65.714286,-2.571429,-3.71134
2.2.委内瑞拉,委内瑞拉 新增UV,70.714286,53.714286,42.857143,53.714286,53.142857,53.428571,61.0,62.285714,17.0,31.648936
2.2.孟加拉,孟加拉 新增UV,422.571429,395.714286,381.428571,410.714286,457.142857,620.714286,787.285714,701.571429,26.857143,6.787004
2.2.安哥拉,安哥拉 新增UV,16.0,13.428571,14.428571,13.142857,15.571429,11.571429,13.142857,15.857143,2.571429,19.148936
2.2.安圭拉,安圭拉 新增UV,1.0,1.0,1.0,1.0,1.333333,1.0,0.0,1.0,0.0,0.0
2.2.安提瓜和巴布达,安提瓜和巴布达 新增UV,2.0,2.5,2.0,1.0,2.166667,2.5,1.5,1.8,-0.5,-20.0
2.2.安道尔,安道尔 新增UV,1.2,1.0,1.5,1.0,1.666667,1.0,1.2,1.2,0.2,20.0
2.2.密克罗尼西亚联邦,密克罗尼西亚联邦 新增UV,0.0,0.0,1.0,0.0,0.0,1.0,0.0,0.0,0.0,
2.2.尼加拉瓜,尼加拉瓜 新增UV,15.857143,13.714286,11.571429,9.857143,7.857143,8.857143,9.428571,8.857143,2.142857,15.625
2.2.尼日利亚,尼日利亚 新增UV,567.714286,647.285714,708.571429,656.571429,655.142857,679.285714,896.0,1180.428571,-79.571429,-12.293092
2.2.尼日尔,尼日尔 新增UV,8.0,5.714286,6.285714,5.833333,6.857143,6.428571,8.285714,7.571429,2.285714,40.0
2.2.尼泊尔,尼泊尔 新增UV,25.0,23.0,20.0,19.142857,20.142857,24.571429,27.857143,32.714286,2.0,8.695652
2.2.巴勒斯坦,巴勒斯坦 新增UV,14.285714,14.142857,16.142857,15.285714,19.428571,22.857143,27.428571,16.285714,0.142857,1.010101
2.2.巴哈马,巴哈马 新增UV,6.142857,6.142857,4.571429,4.857143,5.285714,5.142857,5.142857,5.857143,0.0,0.0
2.2.巴基斯坦,巴基斯坦 新增UV,324.571429,253.285714,304.428571,194.857143,186.571429,227.428571,351.0,246.857143,71.285714,28.144388
2.2.巴巴多斯,巴巴多斯 新增UV,3.5,3.166667,2.0,2.833333,2.714286,3.714286,3.5,2.142857,0.333333,10.526316
2.2.巴布亚新几内亚,巴布亚新几内亚 新增UV,2.571429,1.5,2.666667,1.5,1.666667,1.8,2.75,2.428571,1.071429,71.428571
2.2.巴拉圭,巴拉圭 新增UV,20.428571,19.857143,22.857143,20.857143,23.571429,21.857143,22.428571,21.857143,0.571429,2.877698
2.2.巴拿马,巴拿马 新增UV,15.428571,12.428571,11.571429,12.714286,12.571429,12.714286,16.714286,15.428571,3.0,24.137931
2.2.巴林,巴林 新增UV,5.285714,7.0,5.142857,5.285714,7.142857,6.714286,7.5,6.285714,-1.714286,-24.489796
2.2.巴西,巴西 新增UV,6043.142857,6384.285714,6646.0,6526.142857,6895.428571,6563.571429,6540.0,6759.571429,-341.142857,-5.343477
2.2.布基纳法索,布基纳法索 新增UV,36.0,34.857143,33.714286,33.857143,50.0,27.571429,39.428571,45.428571,1.142857,3.278689
2.2.布隆迪,布隆迪 新增UV,1.8,1.571429,2.6,2.714286,3.5,2.5,2.2,2.833333,0.228571,14.545455
2.2.希腊,希腊 新增UV,164.571429,149.571429,145.857143,140.714286,140.571429,148.428571,128.285714,101.0,15.0,10.028653
2.2.帕劳,帕劳 新增UV,0.0,0.0,0.0,0.0,0.0,0.0,0.0,1.0,0.0,
2.2.库克群岛,库克群岛 新增UV,1.0,1.0,1.0,1.0,0.0,2.0,0.0,1.0,0.0,0.0
2.2.库拉索,库拉索 新增UV,2.4,3.0,1.8,1.571429,2.857143,2.571429,2.5,2.0,-0.6,-20.0
2.2.开曼群岛,开曼群岛 新增UV,1.2,1.75,2.2,1.833333,1.6,1.333333,1.75,1.0,-0.55,-31.428571
2.2.德国,德国 新增UV,1423.857143,2220.142857,1113.714286,1045.428571,1055.571429,951.428571,971.142857,713.0,-796.285714,-35.866418
2.2.意大利,意大利 新增UV,420.714286,413.142857,391.857143,411.142857,446.0,392.571429,249.714286,212.0,7.571429,1.832642
2.2.所罗门群岛,所罗门群岛 新增UV,1.666667,1.0,1.0,1.0,1.0,3.0,1.0,1.0,0.666667,66.666667
2.2.拉脱维亚,拉脱维亚 新增UV,55.285714,61.857143,61.428571,52.0,66.285714,51.285714,56.0,39.0,-6.571429,-10.623557
2.2.挪威,挪威 新增UV,35.285714,35.428571,46.857143,83.857143,100.428571,89.0,71.0,49.571429,-0.142857,-0.403226
2.2.捷克,捷克 新增UV,57.285714,50.571429,50.142857,49.0,54.571429,54.428571,62.428571,54.142857,6.714286,13.276836
2.2.摩尔多瓦,摩尔多瓦 新增UV,37.714286,35.428571,36.857143,26.571429,35.428571,41.142857,41.285714,43.142857,2.285714,6.451613
2.2.摩洛哥,摩洛哥 新增UV,86.714286,65.0,68.571429,62.285714,62.428571,69.714286,87.285714,71.571429,21.714286,33.406593
2.2.摩纳哥,摩纳哥 新增UV,1.5,1.5,1.2,1.666667,1.0,1.5,1.333333,0.0,0.0,0.0
2.2.文莱,文莱 新增UV,1.6,1.4,1.75,1.833333,1.166667,2.0,1.25,1.285714,0.2,14.285714
2.2.斐济,斐济 新增UV,1.714286,2.5,1.666667,2.2,1.428571,2.857143,2.666667,2.2,-0.785714,-31.428571
2.2.斯威士兰,斯威士兰 新增UV,1.333333,1.333333,1.0,1.333333,1.5,1.75,1.0,1.0,0.0,0.0
2.2.斯洛伐克,斯洛伐克 新增UV,24.571429,20.714286,20.571429,18.714286,23.142857,26.0,23.0,25.285714,3.857143,18.62069
2.2.斯洛文尼亚,斯洛文尼亚 新增UV,12.857143,13.142857,14.0,14.142857,15.0,13.857143,11.285714,10.0,-0.285714,-2.173913
2.2.斯里兰卡,斯里兰卡 新增UV,13.285714,13.571429,12.857143,10.571429,13.571429,13.714286,15.714286,12.571429,-0.285714,-2.105263
2.2.新加坡,新加坡 新增UV,47.0,34.714286,38.571429,34.428571,39.857143,39.428571,46.714286,35.285714,12.285714,35.390947
2.2.新喀里多尼亚,新喀里多尼亚 新增UV,1.0,1.0,1.0,1.0,2.0,1.0,2.0,0.0,0.0,0.0
2.2.新西兰,新西兰 新增UV,31.714286,23.571429,28.142857,24.714286,28.0,38.857143,29.142857,26.142857,8.142857,34.545455
2.2.日本,日本 新增UV,39.428571,37.571429,46.571429,61.142857,43.571429,52.571429,64.142857,43.714286,1.857143,4.942966
2.2.智利,智利 新增UV,50.714286,57.714286,55.428571,48.571429,46.714286,41.571429,43.714286,47.857143,-7.0,-12.128713
2.2.柬埔寨,柬埔寨 新增UV,7.428571,10.714286,9.857143,11.142857,12.857143,13.0,7.714286,12.142857,-3.285714,-30.666667
2.2.根西岛,根西岛 新增UV,1.333333,1.5,1.25,1.0,1.5,1.5,1.5,1.4,-0.166667,-11.111111
2.2.格林纳达,格林纳达 新增UV,1.2,1.666667,1.25,1.5,1.0,1.0,1.4,1.0,-0.466667,-28.0
2.2.格陵兰,格陵兰 新增UV,0.0,0.0,1.0,1.0,0.0,1.0,0.0,1.0,0.0,
2.2.格鲁吉亚,格鲁吉亚 新增UV,60.857143,67.571429,63.142857,66.571429,83.857143,84.285714,65.142857,58.142857,-6.714286,-9.936575
2.2.比利时,比利时 新增UV,59.428571,60.857143,56.857143,59.857143,59.285714,71.285714,63.0,50.142857,-1.428571,-2.347418
2.2.毛里塔尼亚,毛里塔尼亚 新增UV,6.142857,4.166667,4.571429,6.0,8.142857,6.714286,6.428571,4.428571,1.97619,47.428571
2.2.毛里求斯,毛里求斯 新增UV,4.857143,6.142857,3.857143,3.571429,5.142857,4.0,4.571429,2.857143,-1.285714,-20.930233
2.2.汤加,汤加 新增UV,1.0,1.0,1.0,1.0,0.0,1.0,1.0,0.0,0.0,0.0
2.2.沙特阿拉伯,沙特阿拉伯 新增UV,81.0,82.285714,71.0,70.857143,85.571429,91.571429,111.571429,74.714286,-1.285714,-1.5625
2.2.法国,法国 新增UV,364.142857,389.571429,311.571429,309.285714,330.0,318.142857,306.714286,238.0,-25.428571,-6.527319
2.2.法属圣马丁,法属圣马丁 新增UV,1.0,1.0,1.0,0.0,1.0,1.0,1.0,1.5,0.0,0.0
2.2.法属圭亚那,法属圭亚那 新增UV,1.0,1.0,0.0,2.0,1.0,1.5,1.0,1.0,0.0,0.0
2.2.法属波利尼西亚,法属波利尼西亚 新增UV,1.0,1.75,1.166667,1.4,1.333333,2.166667,1.25,1.333333,-0.75,-42.857143
2.2.法罗群岛,法罗群岛 新增UV,1.0,0.0,1.0,1.0,1.0,1.0,1.0,1.0,1.0,
2.2.波兰,波兰 新增UV,192.0,209.285714,201.857143,186.714286,209.285714,192.714286,261.571429,212.428571,-17.285714,-8.259386
2.2.波多黎各,波多黎各 新增UV,21.142857,22.571429,21.428571,24.285714,20.571429,25.571429,25.142857,22.285714,-1.428571,-6.329114
2.2.波黑,波黑 新增UV,37.857143,39.714286,41.857143,46.0,46.714286,54.571429,53.285714,41.142857,-1.857143,-4.676259
2.2.泰国,泰国 新增UV,44.857143,36.285714,36.285714,32.857143,35.857143,39.285714,44.857143,46.0,8.571429,23.622047
2.2.泽西岛,泽西岛 新增UV,1.25,1.0,1.6,1.5,2.0,1.333333,1.5,1.333333,0.25,25.0
2.2.津巴布韦,津巴布韦 新增UV,8.428571,5.142857,5.142857,5.0,6.285714,7.714286,6.142857,9.428571,3.285714,63.888889
2.2.洪都拉斯,洪都拉斯 新增UV,21.714286,22.857143,19.428571,15.714286,16.857143,20.428571,17.285714,17.714286,-1.142857,-5.0
2.2.海地,海地 新增UV,20.142857,15.571429,15.571429,16.428571,17.142857,16.571429,18.428571,22.142857,4.571429,29.357798
2.2.澳大利亚,澳大利亚 新增UV,300.0,319.571429,271.142857,271.428571,314.428571,370.142857,275.571429,268.0,-19.571429,-6.124274
2.2.爱尔兰,爱尔兰 新增UV,85.857143,82.142857,80.714286,87.285714,79.285714,91.571429,89.428571,77.428571,3.714286,4.521739
2.2.爱沙尼亚,爱沙尼亚 新增UV,36.571429,36.428571,36.857143,39.142857,47.0,37.857143,32.571429,24.857143,0.142857,0.392157
2.2.牙买加,牙买加 新增UV,23.0,24.0,22.142857,19.571429,20.571429,21.0,23.142857,20.428571,-1.0,-4.166667
2.2.特克斯和凯科斯群岛,特克斯和凯科斯群岛 新增UV,2.0,1.2,2.0,1.333333,1.666667,1.75,2.25,2.0,0.8,66.666667
2.2.特立尼达和多巴哥,特立尼达和多巴哥 新增UV,8.142857,9.714286,6.714286,5.857143,7.0,7.571429,7.285714,8.0,-1.571429,-16.176471
2.2.玻利维亚,玻利维亚 新增UV,31.142857,25.428571,24.285714,23.0,24.571429,24.857143,23.857143,26.428571,5.714286,22.47191
2.2.瑞典,瑞典 新增UV,128.714286,144.0,140.571429,153.571429,157.142857,147.714286,116.714286,86.428571,-15.285714,-10.615079
2.2.瑞士,瑞士 新增UV,83.0,95.142857,76.142857,71.0,90.142857,77.285714,73.714286,60.428571,-12.142857,-12.762763
2.2.瓜德罗普,瓜德罗普 新增UV,1.0,1.0,1.0,1.0,2.0,1.0,1.0,1.0,0.0,0.0
2.2.瓦利斯和富图纳群岛,瓦利斯和富图纳群岛 新增UV,1.0,0.0,0.0,0.0,0.0,0.0,0.0,0.0,1.0,
2.2.瓦努阿图,瓦努阿图 新增UV,1.333333,1.0,2.0,1.0,0.0,0.0,0.0,1.0,0.333333,33.333333
2.2.留尼汪岛,留尼汪岛 新增UV,2.666667,2.166667,2.285714,2.4,2.285714,2.4,1.75,2.166667,0.5,23.076923
2.2.白俄罗斯,白俄罗斯 新增UV,120.571429,163.0,179.0,102.0,221.571429,156.714286,274.714286,227.428571,-42.428571,-26.029798
2.2.百慕大,百慕大 新增UV,1.75,1.333333,1.25,2.2,1.4,1.5,1.0,1.0,0.416667,31.25
2.2.直布罗陀,直布罗陀 新增UV,2.333333,1.333333,1.5,1.0,1.0,1.0,1.25,1.25,1.0,75.0
2.2.福克兰群岛,福克兰群岛 新增UV,1.0,0.0,0.0,0.0,0.0,0.0,1.0,0.0,1.0,
2.2.科威特,科威特 新增UV,14.142857,16.714286,16.857143,13.285714,17.285714,19.714286,23.714286,20.142857,-2.571429,-15.384615
2.2.科摩罗,科摩罗 新增UV,1.666667,1.5,1.333333,1.0,1.5,1.666667,1.666667,2.5,0.166667,11.111111
2.2.科特迪瓦,科特迪瓦 新增UV,48.142857,37.857143,35.714286,36.428571,70.285714,59.857143,56.142857,68.428571,10.285714,27.169811
2.2.科索沃,科索沃 新增UV,10.571429,21.857143,11.857143,8.285714,10.285714,17.428571,12.428571,10.0,-11.285714,-51.633987
2.2.秘鲁,秘鲁 新增UV,82.714286,92.428571,80.857143,80.285714,76.285714,80.0,77.142857,89.0,-9.714286,-10.510046
2.2.突尼斯,突尼斯 新增UV,39.0,36.285714,31.142857,33.571429,27.142857,33.142857,34.285714,32.142857,2.714286,7.480315
2.2.立陶宛,立陶宛 新增UV,51.571429,49.571429,54.428571,48.714286,60.285714,50.857143,45.714286,37.857143,2.0,4.034582
2.2.索马里,索马里 新增UV,14.857143,12.571429,12.428571,13.142857,12.0,11.571429,18.285714,11.428571,2.285714,18.181818
2.2.约旦,约旦 新增UV,29.571429,26.571429,27.428571,25.857143,32.428571,30.142857,42.0,32.571429,3.0,11.290323
2.2.纳米比亚,纳米比亚 新增UV,4.0,4.0,3.0,2.25,3.833333,1.8,2.571429,5.0,0.0,0.0
2.2.缅甸,缅甸 新增UV,23.142857,15.714286,13.142857,13.857143,14.714286,21.0,19.571429,20.285714,7.428571,47.272727
2.2.罗马尼亚,罗马尼亚 新增UV,109.857143,111.714286,114.571429,114.285714,112.571429,138.142857,115.285714,124.285714,-1.857143,-1.662404
2.2.美国,美国 新增UV,4269.428571,5732.142857,3828.428571,3632.571429,3560.428571,4234.571429,4512.285714,3922.857143,-1462.714286,-25.517757
2.2.美属维尔京群岛,美属维尔京群岛 新增UV,1.333333,1.428571,2.6,2.0,1.8,1.833333,2.0,1.25,-0.095238,-6.666667
2.2.老挝,老挝 新增UV,2.166667,1.666667,2.0,1.666667,1.666667,1.8,1.4,1.5,0.5,30.0
2.2.肯尼亚,肯尼亚 新增UV,34.714286,28.428571,27.714286,31.571429,28.285714,28.714286,35.142857,42.285714,6.285714,22.110553
2.2.芬兰,芬兰 新增UV,120.571429,135.857143,128.571429,130.571429,152.571429,118.0,114.428571,76.285714,-15.285714,-11.251314
2.2.苏丹,苏丹 新增UV,10.428571,6.285714,5.714286,5.0,4.285714,6.0,7.857143,10.714286,4.142857,65.909091
2.2.苏里南,苏里南 新增UV,2.8,2.857143,2.0,2.25,2.333333,3.666667,3.4,1.857143,-0.057143,-2.0
2.2.英国,英国 新增UV,1287.0,1446.714286,1264.428571,1223.142857,1285.285714,1411.714286,1653.285714,989.0,-159.714286,-11.039795
2.2.英属维尔京群岛,英属维尔京群岛 新增UV,1.333333,1.5,0.0,1.0,1.5,1.0,1.333333,2.0,-0.166667,-11.111111
2.2.荷兰,荷兰 新增UV,595.714286,631.142857,635.428571,733.142857,806.0,610.0,669.428571,495.142857,-35.428571,-5.6134
2.2.荷兰加勒比,荷兰加勒比 新增UV,1.0,1.333333,0.0,1.333333,1.0,1.0,0.0,1.0,-0.333333,-25.0
2.2.荷属圣马丁,荷属圣马丁 新增UV,1.0,2.2,1.333333,1.333333,1.25,1.5,1.333333,1.428571,-1.2,-54.545455
2.2.莫桑比克,莫桑比克 新增UV,29.142857,26.714286,31.0,27.142857,28.428571,32.285714,34.714286,32.285714,2.428571,9.090909
2.2.莱索托,莱索托 新增UV,1.0,1.25,1.0,1.5,1.0,1.0,1.0,1.0,-0.25,-20.0
2.2.菲律宾,菲律宾 新增UV,269.857143,251.714286,259.0,287.142857,283.0,329.428571,366.857143,343.0,18.142857,7.207719
2.2.萨尔瓦多,萨尔瓦多 新增UV,15.0,14.571429,13.428571,14.428571,10.428571,13.428571,12.571429,13.714286,0.428571,2.941176
2.2.萨摩亚,萨摩亚 新增UV,0.0,1.0,1.0,1.0,1.0,0.0,1.0,1.0,-1.0,-100.0
2.2.葡萄牙,葡萄牙 新增UV,162.0,171.714286,155.571429,174.285714,182.857143,201.0,164.285714,162.142857,-9.714286,-5.657238
2.2.蒙古,蒙古 新增UV,7.571429,5.571429,7.142857,6.285714,6.571429,6.571429,6.0,4.571429,2.0,35.897436
2.2.西班牙,西班牙 新增UV,403.714286,382.285714,403.857143,362.142857,347.857143,359.428571,374.857143,322.428571,21.428571,5.605381
2.2.贝宁,贝宁 新增UV,14.857143,18.428571,19.142857,18.857143,23.142857,24.714286,35.0,59.285714,-3.571429,-19.379845
2.2.赞比亚,赞比亚 新增UV,11.0,6.428571,9.285714,8.857143,6.428571,8.571429,7.714286,10.285714,4.571429,71.111111
2.2.赤道几内亚,赤道几内亚 新增UV,1.0,1.0,2.0,1.333333,1.5,1.4,1.0,2.0,0.0,0.0
2.2.越南,越南 新增UV,54.0,45.428571,42.428571,38.857143,45.857143,41.285714,51.428571,42.142857,8.571429,18.867925
2.2.阿塞拜疆,阿塞拜疆 新增UV,64.0,63.714286,53.285714,45.714286,59.714286,66.428571,58.142857,46.857143,0.285714,0.44843
2.2.阿富汗,阿富汗 新增UV,11.0,11.857143,12.285714,10.142857,12.428571,15.142857,17.0,11.0,-0.857143,-7.228916
2.2.阿尔及利亚,阿尔及利亚 新增UV,64.285714,42.428571,35.571429,35.714286,33.428571,35.0,43.571429,52.0,21.857143,51.515152
2.2.阿尔巴尼亚,阿尔巴尼亚 新增UV,74.714286,99.571429,81.714286,80.0,73.571429,84.142857,65.571429,57.428571,-24.857143,-24.964132
2.2.阿曼,阿曼 新增UV,10.142857,10.857143,9.571429,9.285714,9.0,9.714286,23.285714,9.142857,-0.714286,-6.578947
2.2.阿根廷,阿根廷 新增UV,126.714286,116.142857,117.857143,108.428571,112.857143,110.142857,117.428571,131.285714,10.571429,9.102091
2.2.阿联酋,阿联酋 新增UV,61.142857,63.285714,55.142857,64.285714,68.285714,77.571429,96.857143,62.142857,-2.142857,-3.386005
2.2.阿鲁巴,阿鲁巴 新增UV,4.571429,3.0,2.714286,3.714286,3.166667,3.0,2.333333,2.142857,1.571429,52.380952
2.2.韩国,韩国 新增UV,32.571429,31.428571,24.285714,26.857143,32.714286,30.714286,33.0,31.0,1.142857,3.636364
2.2.马尔代夫,马尔代夫 新增UV,4.714286,5.571429,4.285714,4.142857,5.0,4.857143,5.428571,5.714286,-0.857143,-15.384615
2.2.马恩岛,马恩岛 新增UV,1.0,1.6,1.0,2.2,1.6,1.428571,1.4,1.666667,-0.6,-37.5
2.2.马拉维,马拉维 新增UV,6.714286,4.4,4.0,6.571429,5.571429,5.428571,6.571429,7.142857,2.314286,52.597403
2.2.马提尼克岛,马提尼克岛 新增UV,1.0,1.0,1.5,1.0,1.0,1.666667,1.0,1.0,0.0,0.0
2.2.马来西亚,马来西亚 新增UV,45.428571,43.285714,43.285714,44.857143,43.285714,106.857143,54.714286,46.285714,2.142857,4.950495
2.2.马约特,马约特 新增UV,1.0,0.0,0.0,1.0,0.0,0.0,0.0,0.0,1.0,
2.2.马绍尔群岛,马绍尔群岛 新增UV,0.0,1.0,0.0,1.0,1.0,0.0,0.0,1.0,-1.0,-100.0
2.2.马耳他,马耳他 新增UV,10.428571,10.428571,11.714286,9.285714,10.714286,9.428571,7.285714,8.142857,0.0,0.0
2.2.马达加斯加,马达加斯加 新增UV,13.428571,16.0,14.0,14.714286,13.714286,13.428571,14.0,15.857143,-2.571429,-16.071429
2.2.马里,马里 新增UV,62.0,49.571429,49.714286,57.428571,208.0,31.714286,31.142857,16.0,12.428571,25.072046
2.2.黎巴嫩,黎巴嫩 新增UV,41.714286,41.714286,34.714286,31.571429,39.285714,48.142857,51.285714,38.142857,0.0,0.0
2.2.黑山,黑山 新增UV,24.857143,27.285714,22.571429,20.428571,23.857143,24.571429,23.285714,17.571429,-2.428571,-8.900524
3,整体 新增次日留存UV,5726.714286,6673.142857,6039.857143,6019.142857,6373.571429,6158.285714,6539.571429,5805.571429,-946.428571,-14.182651
3.1,渠道 新增次日留存UV,1457.571429,1945.142857,1824.857143,1837.714286,1831.428571,1811.571429,1745.428571,1559.857143,-487.571429,-25.066099
3.1.unknow,unknow 新增次日留存UV,0.0,0.0,0.0,0.0,0.0,0.0,0.0,0.0,0.0,
3.1.不丹,不丹 新增次日留存UV,0.0,0.0,0.0,0.0,0.0,1.0,0.0,1.0,0.0,
3.1.东帝汶,东帝汶 新增次日留存UV,0.0,0.0,0.0,0.0,0.0,0.0,0.0,0.0,0.0,
3.1.中国,中国 新增次日留存UV,0.333333,0.0,0.2,0.0,0.0,1.0,1.0,0.0,0.333333,
3.1.中国台湾,中国台湾 新增次日留存UV,0.5,0.25,0.5,0.0,0.0,0.5,0.0,0.0,0.25,100.0
3.1.中国澳门,中国澳门 新增次日留存UV,0.0,0.0,0.0,0.0,0.0,0.0,0.0,0.0,0.0,
3.1.中国香港,中国香港 新增次日留存UV,18.857143,72.571429,10.857143,1.571429,3.428571,2.714286,0.857143,1.142857,-53.714286,-74.015748
3.1.中非,中非 新增次日留存UV,0.0,0.0,0.0,0.0,0.0,0.0,0.0,0.0,0.0,
3.1.丹麦,丹麦 新增次日留存UV,0.0,0.142857,0.666667,0.333333,0.0,0.75,0.2,0.4,-0.142857,-100.0
3.1.乌克兰,乌克兰 新增次日留存UV,2.0,3.0,3.142857,2.714286,2.571429,3.0,3.571429,3.0,-1.0,-33.333333
3.1.乌兹别克斯坦,乌兹别克斯坦 新增次日留存UV,0.0,0.285714,0.571429,0.285714,0.857143,0.428571,0.571429,0.142857,-0.285714,-100.0
3.1.乌干达,乌干达 新增次日留存UV,0.5,0.0,0.5,0.5,0.0,1.0,0.0,0.4,0.5,
3.1.乌拉圭,乌拉圭 新增次日留存UV,0.2,0.2,0.0,0.0,0.0,0.2,0.0,0.333333,0.0,0.0
3.1.乍得,乍得 新增次日留存UV,0.0,0.0,0.0,0.0,0.0,0.0,0.0,0.0,0.0,
3.1.也门,也门 新增次日留存UV,0.0,0.0,1.0,0.0,0.0,0.0,0.0,0.0,0.0,
3.1.亚美尼亚,亚美尼亚 新增次日留存UV,0.4,0.4,0.428571,0.0,0.333333,0.4,0.333333,0.0,0.0,0.0
3.1.以色列,以色列 新增次日留存UV,2.142857,4.428571,0.166667,0.5,0.0,0.0,0.571429,0.333333,-2.285714,-51.612903
3.1.伊拉克,伊拉克 新增次日留存UV,1.142857,1.0,1.0,0.428571,1.0,1.0,1.714286,0.571429,0.142857,14.285714
3.1.伊朗,伊朗 新增次日留存UV,103.571429,304.428571,77.428571,14.571429,9.0,5.714286,5.166667,0.5,-200.857143,-65.978414
3.1.伯利兹,伯利兹 新增次日留存UV,0.0,0.0,0.0,0.0,0.0,0.0,0.0,0.0,0.0,
3.1.佛得角,佛得角 新增次日留存UV,0.25,0.333333,1.0,0.0,0.0,1.0,0.0,0.0,-0.083333,-25.0
3.1.俄罗斯,俄罗斯 新增次日留存UV,32.428571,38.0,29.428571,32.0,29.714286,32.571429,34.714286,31.714286,-5.571429,-14.661654
3.1.保加利亚,保加利亚 新增次日留存UV,0.285714,0.285714,0.571429,0.666667,0.333333,0.142857,0.833333,0.0,0.0,0.0
3.1.克罗地亚,克罗地亚 新增次日留存UV,1.142857,0.8,0.714286,1.285714,0.428571,0.0,1.714286,0.285714,0.342857,42.857143
3.1.关岛,关岛 新增次日留存UV,0.0,0.0,0.0,0.0,0.0,0.0,0.5,0.0,0.0,
3.1.冈比亚,冈比亚 新增次日留存UV,0.4,0.571429,0.5,0.2,0.142857,0.857143,1.0,0.5,-0.171429,-30.0
3.1.冰岛,冰岛 新增次日留存UV,0.0,0.0,0.0,0.0,0.5,0.0,0.0,0.0,0.0,
3.1.几内亚,几内亚 新增次日留存UV,0.0,0.0,1.0,0.0,0.0,1.0,0.0,0.0,0.0,
3.1.几内亚比绍,几内亚比绍 新增次日留存UV,0.0,1.0,0.0,0.0,0.0,0.0,0.0,0.0,-1.0,-100.0
3.1.列支敦士登,列支敦士登 新增次日留存UV,0.0,0.0,0.0,0.0,0.0,0.0,0.0,0.0,0.0,
3.1.刚果共和国,刚果共和国 新增次日留存UV,0.0,0.0,0.0,0.0,0.0,0.0,0.0,0.0,0.0,
3.1.刚果民主共和国,刚果民主共和国 新增次日留存UV,0.333333,0.25,1.0,1.0,0.333333,0.25,0.0,0.0,0.083333,33.333333
3.1.利比亚,利比亚 新增次日留存UV,0.25,0.5,0.333333,0.5,0.2,0.0,0.0,0.0,-0.25,-50.0
3.1.利比里亚,利比里亚 新增次日留存UV,0.0,0.0,0.0,1.0,0.0,1.0,0.0,0.333333,0.0,
3.1.加拿大,加拿大 新增次日留存UV,9.285714,8.571429,21.142857,29.571429,10.571429,20.571429,19.142857,18.714286,0.714286,8.333333
3.1.加纳,加纳 新增次日留存UV,1.0,1.0,1.0,1.0,1.285714,1.142857,1.428571,1.571429,0.0,0.0
3.1.加蓬,加蓬 新增次日留存UV,0.0,0.0,0.0,0.0,0.0,0.0,0.0,0.0,0.0,
3.1.匈牙利,匈牙利 新增次日留存UV,0.4,0.0,0.0,0.166667,0.0,0.285714,0.285714,0.0,0.4,
3.1.北马其顿,北马其顿 新增次日留存UV,0.25,0.0,0.5,0.5,0.0,0.2,0.75,0.25,0.25,
3.1.北马里亚纳群岛,北马里亚纳群岛 新增次日留存UV,0.0,0.0,0.0,0.0,0.0,0.0,0.0,0.0,0.0,
3.1.南苏丹,南苏丹 新增次日留存UV,2.285714,1.857143,1.142857,0.857143,2.142857,1.714286,1.142857,3.285714,0.428571,23.076923
3.1.南非,南非 新增次日留存UV,2.714286,3.285714,0.5,0.428571,0.571429,0.571429,0.285714,0.857143,-0.571429,-17.391304
3.1.博茨瓦纳,博茨瓦纳 新增次日留存UV,0.0,0.0,0.0,0.0,0.0,0.0,0.0,0.0,0.0,
3.1.卡塔尔,卡塔尔 新增次日留存UV,0.0,0.2,0.333333,0.5,0.0,0.25,0.2,0.5,-0.2,-100.0
3.1.卢旺达,卢旺达 新增次日留存UV,0.0,0.333333,0.25,0.0,0.0,1.0,0.0,0.0,-0.333333,-100.0
3.1.卢森堡,卢森堡 新增次日留存UV,0.0,0.0,0.0,0.0,0.0,0.0,0.666667,0.0,0.0,
3.1.印度,印度 新增次日留存UV,5.714286,6.857143,5.142857,3.714286,3.857143,4.714286,4.714286,3.857143,-1.142857,-16.666667
3.1.印度尼西亚,印度尼西亚 新增次日留存UV,1.428571,1.428571,0.571429,0.714286,0.714286,1.285714,0.714286,0.857143,0.0,0.0
3.1.危地马拉,危地马拉 新增次日留存UV,0.142857,0.333333,0.4,0.0,0.0,0.0,0.333333,0.285714,-0.190476,-57.142857
3.1.厄瓜多尔,厄瓜多尔 新增次日留存UV,0.285714,0.714286,1.142857,0.333333,0.142857,0.142857,0.714286,0.428571,-0.428571,-60.0
3.1.叙利亚,叙利亚 新增次日留存UV,0.714286,0.714286,0.571429,0.714286,1.0,1.0,0.285714,0.428571,0.0,0.0
3.1.古巴,古巴 新增次日留存UV,0.0,0.5,0.166667,0.0,0.25,0.8,0.0,0.0,-0.5,-100.0
3.1.吉尔吉斯斯坦,吉尔吉斯斯坦 新增次日留存UV,0.0,0.428571,0.5,0.2,0.333333,0.285714,0.285714,0.166667,-0.428571,-100.0
3.1.吉布提,吉布提 新增次日留存UV,0.0,0.0,0.0,0.0,0.0,0.0,0.0,0.0,0.0,
3.1.哈萨克斯坦,哈萨克斯坦 新增次日留存UV,1.285714,1.142857,1.285714,0.714286,0.428571,1.0,0.857143,1.142857,0.142857,12.5
3.1.哥伦比亚,哥伦比亚 新增次日留存UV,1.571429,1.857143,1.857143,1.142857,0.857143,1.285714,0.428571,2.142857,-0.285714,-15.384615
3.1.哥斯达黎加,哥斯达黎加 新增次日留存UV,0.666667,0.0,0.4,0.0,0.25,0.714286,0.0,0.0,0.666667,
3.1.喀麦隆,喀麦隆 新增次日留存UV,0.5,0.333333,0.5,0.333333,0.666667,0.0,1.0,0.0,0.166667,50.0
3.1.图瓦卢,图瓦卢 新增次日留存UV,0.0,0.0,0.0,0.0,0.0,0.0,0.0,0.0,0.0,
3.1.土库曼斯坦,土库曼斯坦 新增次日留存UV,0.0,0.0,0.0,0.0,0.0,0.0,0.5,0.0,0.0,
3.1.土耳其,土耳其 新增次日留存UV,155.0,194.571429,125.571429,115.857143,169.857143,189.857143,159.428571,105.0,-39.571429,-20.337739
3.1.圣卢西亚,圣卢西亚 新增次日留存UV,0.0,1.0,0.0,0.0,0.0,0.0,0.0,0.0,-1.0,-100.0
3.1.圣基茨和尼维斯,圣基茨和尼维斯 新增次日留存UV,0.0,0.0,0.0,0.0,0.0,1.0,0.0,0.0,0.0,
3.1.圣多美和普林西比,圣多美和普林西比 新增次日留存UV,0.0,0.0,0.0,0.0,0.0,0.0,0.0,0.0,0.0,
3.1.圣文森特和格林纳丁斯,圣文森特和格林纳丁斯 新增次日留存UV,1.0,0.0,0.0,0.0,0.0,0.0,0.0,0.0,1.0,
3.1.圣皮埃尔和密克隆群岛,圣皮埃尔和密克隆群岛 新增次日留存UV,0.0,0.0,0.0,0.0,0.0,0.0,0.0,0.0,0.0,
3.1.圣马力诺,圣马力诺 新增次日留存UV,0.0,0.0,0.0,0.0,0.0,0.0,0.0,0.0,0.0,
3.1.圭亚那,圭亚那 新增次日留存UV,0.0,0.0,0.0,0.0,0.0,0.0,0.0,0.0,0.0,
3.1.坦桑尼亚,坦桑尼亚 新增次日留存UV,0.0,0.4,1.0,0.4,0.333333,0.6,0.0,0.0,-0.4,-100.0
3.1.埃及,埃及 新增次日留存UV,1.714286,0.333333,1.142857,1.714286,1.571429,0.857143,2.714286,0.285714,1.380952,414.285714
3.1.埃塞俄比亚,埃塞俄比亚 新增次日留存UV,0.333333,0.0,0.0,0.5,0.0,0.5,0.0,0.2,0.333333,
3.1.基里巴斯,基里巴斯 新增次日留存UV,0.0,0.0,0.0,0.0,0.0,0.0,0.0,0.0,0.0,
3.1.塔吉克斯坦,塔吉克斯坦 新增次日留存UV,0.25,0.0,0.0,1.0,0.0,0.0,0.0,0.0,0.25,
3.1.塞内加尔,塞内加尔 新增次日留存UV,0.0,1.0,0.0,0.0,0.333333,0.714286,0.5,0.5,-1.0,-100.0
3.1.塞尔维亚,塞尔维亚 新增次日留存UV,0.142857,0.166667,0.714286,0.142857,0.142857,0.833333,0.2,0.5,-0.02381,-14.285714
3.1.塞拉利昂,塞拉利昂 新增次日留存UV,0.333333,0.0,0.0,0.0,0.0,0.0,0.5,0.333333,0.333333,
3.1.塞浦路斯,塞浦路斯 新增次日留存UV,0.285714,0.4,0.142857,0.5,0.333333,1.0,0.333333,0.0,-0.114286,-28.571429
3.1.塞舌尔,塞舌尔 新增次日留存UV,0.0,0.0,0.0,0.0,0.0,0.0,1.0,0.0,0.0,
3.1.墨西哥,墨西哥 新增次日留存UV,151.142857,89.714286,64.571429,71.285714,75.714286,67.285714,28.428571,22.0,61.428571,68.471338
3.1.多哥,多哥 新增次日留存UV,0.0,0.25,0.0,0.5,0.0,0.0,0.333333,0.0,-0.25,-100.0
3.1.多米尼克,多米尼克 新增次日留存UV,0.0,0.0,0.0,0.0,0.0,0.0,0.0,0.0,0.0,
3.1.多米尼加,多米尼加 新增次日留存UV,1.0,0.428571,1.0,0.166667,0.142857,0.5,0.428571,0.857143,0.571429,133.333333
3.1.奥兰群岛,奥兰群岛 新增次日留存UV,0.0,0.0,0.0,0.0,0.0,0.0,0.0,0.0,0.0,
3.1.奥地利,奥地利 新增次日留存UV,0.714286,0.714286,0.142857,0.285714,0.571429,0.285714,0.714286,0.714286,0.0,0.0
3.1.委内瑞拉,委内瑞拉 新增次日留存UV,0.0,0.285714,0.571429,0.714286,0.857143,0.285714,0.571429,0.857143,-0.285714,-100.0
3.1.孟加拉,孟加拉 新增次日留存UV,3.0,2.714286,3.142857,3.857143,2.714286,3.714286,6.142857,4.142857,0.285714,10.526316
3.1.安哥拉,安哥拉 新增次日留存UV,0.0,0.0,0.0,0.0,0.0,0.333333,0.333333,0.0,0.0,
3.1.安圭拉,安圭拉 新增次日留存UV,0.0,0.0,0.0,0.0,0.0,0.0,0.0,0.0,0.0,
3.1.安提瓜和巴布达,安提瓜和巴布达 新增次日留存UV,0.0,0.0,0.0,1.0,0.0,0.0,0.0,0.0,0.0,
3.1.安道尔,安道尔 新增次日留存UV,0.0,0.0,0.0,0.0,0.5,1.0,0.0,0.0,0.0,
3.1.密克罗尼西亚联邦,密克罗尼西亚联邦 新增次日留存UV,0.0,0.0,0.0,0.0,0.0,0.0,0.0,0.0,0.0,
3.1.尼加拉瓜,尼加拉瓜 新增次日留存UV,0.0,0.0,0.333333,0.5,0.285714,0.25,0.0,0.666667,0.0,
3.1.尼日利亚,尼日利亚 新增次日留存UV,5.285714,3.857143,6.571429,6.285714,4.714286,6.0,5.285714,4.142857,1.428571,37.037037
3.1.尼日尔,尼日尔 新增次日留存UV,0.0,0.0,1.0,0.0,0.0,0.0,0.0,0.0,0.0,
3.1.尼泊尔,尼泊尔 新增次日留存UV,0.333333,0.4,0.333333,0.333333,0.4,0.6,0.428571,0.428571,-0.066667,-16.666667
3.1.巴勒斯坦,巴勒斯坦 新增次日留存UV,0.25,0.333333,0.25,0.5,0.166667,0.4,0.0,0.2,-0.083333,-25.0
3.1.巴哈马,巴哈马 新增次日留存UV,0.0,0.166667,0.25,1.25,1.0,0.0,0.0,0.4,-0.166667,-100.0
3.1.巴基斯坦,巴基斯坦 新增次日留存UV,1.428571,1.0,0.857143,1.142857,1.0,1.285714,2.142857,1.285714,0.428571,42.857143
3.1.巴巴多斯,巴巴多斯 新增次日留存UV,0.0,0.5,1.0,0.5,0.0,0.5,0.0,0.333333,-0.5,-100.0
3.1.巴布亚新几内亚,巴布亚新几内亚 新增次日留存UV,0.0,0.0,0.0,0.0,0.0,0.0,0.0,0.0,0.0,
3.1.巴拉圭,巴拉圭 新增次日留存UV,0.2,0.333333,0.0,0.142857,0.5,0.142857,0.2,0.285714,-0.133333,-40.0
3.1.巴拿马,巴拿马 新增次日留存UV,0.25,0.0,0.285714,0.5,0.2,0.4,0.0,0.0,0.25,
3.1.巴林,巴林 新增次日留存UV,0.0,0.0,0.0,0.0,1.0,0.0,0.333333,0.0,0.0,
3.1.巴西,巴西 新增次日留存UV,505.571429,806.714286,939.285714,926.571429,920.857143,784.285714,838.857143,913.285714,-301.142857,-37.329556
3.1.布基纳法索,布基纳法索 新增次日留存UV,0.5,0.5,0.0,1.0,0.2,0.0,0.0,1.0,0.0,0.0
3.1.布隆迪,布隆迪 新增次日留存UV,1.0,0.0,0.0,0.0,0.5,0.0,0.0,0.0,1.0,
3.1.希腊,希腊 新增次日留存UV,2.857143,1.571429,2.285714,2.428571,1.428571,2.714286,1.285714,0.714286,1.285714,81.818182
3.1.帕劳,帕劳 新增次日留存UV,0.0,0.0,0.0,0.0,0.0,0.0,0.0,0.0,0.0,
3.1.库克群岛,库克群岛 新增次日留存UV,0.0,0.0,0.0,0.0,0.0,0.0,0.0,0.0,0.0,
3.1.库拉索,库拉索 新增次日留存UV,0.0,0.0,0.0,0.0,0.0,0.0,0.0,0.0,0.0,
3.1.开曼群岛,开曼群岛 新增次日留存UV,0.0,0.0,1.0,0.0,0.0,0.0,0.0,0.0,0.0,
3.1.德国,德国 新增次日留存UV,37.571429,60.571429,38.857143,39.0,34.285714,32.857143,31.142857,20.428571,-23.0,-37.971698
3.1.意大利,意大利 新增次日留存UV,3.142857,2.0,2.571429,2.714286,1.857143,4.0,1.571429,2.142857,1.142857,57.142857
3.1.所罗门群岛,所罗门群岛 新增次日留存UV,0.0,0.0,0.0,0.0,0.0,0.0,0.0,0.0,0.0,
3.1.拉脱维亚,拉脱维亚 新增次日留存UV,1.0,0.857143,0.428571,0.333333,0.285714,0.0,0.428571,0.166667,0.142857,16.666667
3.1.挪威,挪威 新增次日留存UV,0.0,0.285714,0.714286,0.166667,1.0,0.428571,0.714286,0.571429,-0.285714,-100.0
3.1.捷克,捷克 新增次日留存UV,0.4,0.428571,0.428571,0.166667,0.285714,0.285714,0.0,0.666667,-0.028571,-6.666667
3.1.摩尔多瓦,摩尔多瓦 新增次日留存UV,0.166667,0.285714,0.4,0.0,0.0,0.5,0.166667,0.571429,-0.119048,-41.666667
3.1.摩洛哥,摩洛哥 新增次日留存UV,0.714286,0.4,0.428571,0.333333,0.5,0.4,0.428571,0.571429,0.314286,78.571429
3.1.摩纳哥,摩纳哥 新增次日留存UV,0.0,0.0,0.0,0.0,1.0,0.0,0.0,0.0,0.0,
3.1.文莱,文莱 新增次日留存UV,0.0,0.0,0.0,0.0,0.0,0.0,0.0,0.0,0.0,
3.1.斐济,斐济 新增次日留存UV,1.0,0.0,0.0,0.0,0.0,0.5,0.0,0.0,1.0,
3.1.斯威士兰,斯威士兰 新增次日留存UV,0.0,0.0,0.0,0.0,0.0,0.0,0.0,0.0,0.0,
3.1.斯洛伐克,斯洛伐克 新增次日留存UV,0.333333,0.0,0.5,0.166667,0.5,0.166667,0.0,0.2,0.333333,
3.1.斯洛文尼亚,斯洛文尼亚 新增次日留存UV,0.25,0.0,0.333333,0.0,0.0,0.0,0.0,0.0,0.25,
3.1.斯里兰卡,斯里兰卡 新增次日留存UV,0.0,0.0,0.0,0.5,0.333333,0.0,0.5,0.142857,0.0,
3.1.新加坡,新加坡 新增次日留存UV,0.0,0.142857,0.428571,0.714286,0.333333,0.571429,0.5,0.571429,-0.142857,-100.0
3.1.新喀里多尼亚,新喀里多尼亚 新增次日留存UV,0.0,0.0,0.0,0.0,0.0,0.0,0.0,0.0,0.0,
3.1.新西兰,新西兰 新增次日留存UV,0.166667,0.333333,1.0,0.0,0.0,0.0,0.0,0.142857,-0.166667,-50.0
3.1.日本,日本 新增次日留存UV,0.333333,0.285714,1.571429,2.0,1.142857,0.714286,0.571429,0.571429,0.047619,16.666667
3.1.智利,智利 新增次日留存UV,1.0,1.857143,0.857143,0.857143,0.428571,0.142857,1.0,1.0,-0.857143,-46.153846
3.1.柬埔寨,柬埔寨 新增次日留存UV,1.0,1.0,0.5,0.666667,0.0,0.0,0.0,0.0,0.0,0.0
3.1.根西岛,根西岛 新增次日留存UV,0.0,0.0,0.0,0.0,0.0,0.0,1.0,0.0,0.0,
3.1.格林纳达,格林纳达 新增次日留存UV,0.0,0.0,0.0,0.0,0.0,0.0,0.0,0.0,0.0,
3.1.格陵兰,格陵兰 新增次日留存UV,0.0,0.0,0.0,0.0,0.0,0.0,0.0,0.0,0.0,
3.1.格鲁吉亚,格鲁吉亚 新增次日留存UV,0.571429,0.333333,0.285714,0.0,0.428571,0.285714,0.5,0.428571,0.238095,71.428571
3.1.比利时,比利时 新增次日留存UV,0.5,0.857143,0.166667,0.285714,0.0,0.166667,0.285714,0.142857,-0.357143,-41.666667
3.1.毛里塔尼亚,毛里塔尼亚 新增次日留存UV,0.0,0.0,0.0,0.0,0.0,0.0,1.0,0.0,0.0,
3.1.毛里求斯,毛里求斯 新增次日留存UV,0.0,0.5,0.0,0.5,0.0,0.0,0.0,0.5,-0.5,-100.0
3.1.汤加,汤加 新增次日留存UV,0.0,0.0,0.0,0.0,0.0,0.0,0.0,0.0,0.0,
3.1.沙特阿拉伯,沙特阿拉伯 新增次日留存UV,0.571429,0.0,0.666667,0.142857,0.285714,0.714286,0.666667,0.285714,0.571429,
3.1.法国,法国 新增次日留存UV,3.571429,4.285714,5.714286,9.714286,11.0,10.0,7.428571,3.0,-0.714286,-16.666667
3.1.法属圣马丁,法属圣马丁 新增次日留存UV,0.0,0.0,0.0,0.0,0.0,0.0,0.0,0.0,0.0,
3.1.法属圭亚那,法属圭亚那 新增次日留存UV,0.0,0.0,0.0,0.0,0.5,0.0,0.0,0.0,0.0,
3.1.法属波利尼西亚,法属波利尼西亚 新增次日留存UV,0.0,0.0,0.0,0.0,0.0,1.0,0.0,0.0,0.0,
3.1.法罗群岛,法罗群岛 新增次日留存UV,0.0,0.0,0.0,0.0,0.0,0.0,0.0,0.0,0.0,
3.1.波兰,波兰 新增次日留存UV,1.857143,1.142857,1.0,0.714286,1.142857,1.285714,1.428571,1.285714,0.714286,62.5
3.1.波多黎各,波多黎各 新增次日留存UV,0.4,0.428571,0.714286,0.571429,0.5,0.142857,0.285714,0.0,-0.028571,-6.666667
3.1.波黑,波黑 新增次日留存UV,0.2,0.2,0.0,0.333333,0.333333,0.333333,0.0,0.2,0.0,0.0
3.1.泰国,泰国 新增次日留存UV,0.2,0.666667,0.166667,0.166667,0.428571,0.166667,0.4,1.0,-0.466667,-70.0
3.1.泽西岛,泽西岛 新增次日留存UV,0.0,0.0,0.0,0.0,0.0,0.0,0.0,0.0,0.0,
3.1.津巴布韦,津巴布韦 新增次日留存UV,0.0,0.0,0.0,0.333333,0.0,0.0,0.333333,0.0,0.0,
3.1.洪都拉斯,洪都拉斯 新增次日留存UV,0.666667,0.333333,0.166667,0.2,0.2,0.5,0.166667,0.5,0.333333,100.0
3.1.海地,海地 新增次日留存UV,0.2,0.666667,0.25,0.4,0.0,0.25,1.0,0.333333,-0.466667,-70.0
3.1.澳大利亚,澳大利亚 新增次日留存UV,10.142857,12.571429,15.714286,13.714286,25.571429,33.0,9.857143,9.857143,-2.428571,-19.318182
3.1.爱尔兰,爱尔兰 新增次日留存UV,0.428571,0.142857,0.857143,0.571429,0.428571,0.5,0.5,0.428571,0.285714,200.0
3.1.爱沙尼亚,爱沙尼亚 新增次日留存UV,0.333333,0.428571,0.4,0.0,0.2,0.333333,0.0,0.333333,-0.095238,-22.222222
3.1.牙买加,牙买加 新增次日留存UV,0.333333,0.4,0.571429,0.25,0.333333,0.166667,0.2,0.0,-0.066667,-16.666667
3.1.特克斯和凯科斯群岛,特克斯和凯科斯群岛 新增次日留存UV,0.0,0.0,0.0,0.333333,0.0,0.0,0.0,1.0,0.0,
3.1.特立尼达和多巴哥,特立尼达和多巴哥 新增次日留存UV,0.333333,0.0,0.25,0.0,1.0,0.333333,0.25,0.0,0.333333,
3.1.玻利维亚,玻利维亚 新增次日留存UV,0.2,0.571429,0.142857,0.0,0.714286,0.166667,0.2,0.333333,-0.371429,-65.0
3.1.瑞典,瑞典 新增次日留存UV,1.142857,2.428571,1.714286,1.571429,0.428571,0.857143,0.428571,0.833333,-1.285714,-52.941176
3.1.瑞士,瑞士 新增次日留存UV,0.285714,0.857143,1.142857,0.857143,0.428571,0.285714,0.142857,1.571429,-0.571429,-66.666667
3.1.瓜德罗普,瓜德罗普 新增次日留存UV,0.0,0.0,0.0,0.0,0.0,0.0,0.0,0.0,0.0,
3.1.瓦利斯和富图纳群岛,瓦利斯和富图纳群岛 新增次日留存UV,0.0,0.0,0.0,0.0,0.0,0.0,0.0,0.0,0.0,
3.1.瓦努阿图,瓦努阿图 新增次日留存UV,0.0,0.5,0.0,0.0,0.0,0.0,0.0,0.0,-0.5,-100.0
3.1.留尼汪岛,留尼汪岛 新增次日留存UV,0.0,0.0,0.0,0.0,0.0,0.0,0.0,0.0,0.0,
3.1.白俄罗斯,白俄罗斯 新增次日留存UV,1.571429,2.142857,1.571429,1.0,1.714286,0.571429,1.285714,1.714286,-0.571429,-26.666667
3.1.百慕大,百慕大 新增次日留存UV,0.0,0.0,0.0,0.0,0.0,0.0,0.0,0.0,0.0,
3.1.直布罗陀,直布罗陀 新增次日留存UV,0.0,0.0,0.0,0.0,0.0,0.0,0.0,0.0,0.0,
3.1.福克兰群岛,福克兰群岛 新增次日留存UV,0.0,0.0,0.0,0.0,0.0,0.0,0.0,0.0,0.0,
3.1.科威特,科威特 新增次日留存UV,0.0,0.0,0.0,0.0,0.75,0.25,0.0,0.0,0.0,
3.1.科摩罗,科摩罗 新增次日留存UV,0.0,0.0,0.0,0.0,0.0,0.0,0.0,0.0,0.0,
3.1.科特迪瓦,科特迪瓦 新增次日留存UV,0.0,0.0,1.0,0.4,0.0,0.25,0.333333,0.333333,0.0,
3.1.科索沃,科索沃 新增次日留存UV,0.0,0.5,0.0,0.0,0.0,0.0,0.0,0.333333,-0.5,-100.0
3.1.秘鲁,秘鲁 新增次日留存UV,0.714286,0.714286,0.428571,1.142857,0.857143,0.714286,0.714286,1.285714,0.0,0.0
3.1.突尼斯,突尼斯 新增次日留存UV,0.2,0.142857,0.166667,0.666667,0.166667,0.5,1.0,0.333333,0.057143,40.0
3.1.立陶宛,立陶宛 新增次日留存UV,0.4,0.0,0.428571,0.0,0.285714,0.0,0.0,0.0,0.4,
3.1.索马里,索马里 新增次日留存UV,0.0,0.2,0.0,0.333333,0.0,0.166667,0.333333,0.5,-0.2,-100.0
3.1.约旦,约旦 新增次日留存UV,0.2,0.285714,0.0,0.25,0.0,0.428571,1.0,0.714286,-0.085714,-30.0
3.1.纳米比亚,纳米比亚 新增次日留存UV,0.0,0.0,0.0,0.0,0.0,0.0,0.5,0.0,0.0,
3.1.缅甸,缅甸 新增次日留存UV,0.2,0.333333,0.166667,0.0,0.285714,1.428571,0.428571,0.2,-0.133333,-40.0
3.1.罗马尼亚,罗马尼亚 新增次日留存UV,0.714286,0.142857,0.666667,0.714286,0.2,0.428571,0.857143,0.571429,0.571429,400.0
3.1.美国,美国 新增次日留存UV,282.142857,309.571429,327.285714,403.428571,410.0,487.571429,465.142857,326.142857,-27.428571,-8.860175
3.1.美属维尔京群岛,美属维尔京群岛 新增次日留存UV,0.0,0.0,0.0,0.0,1.0,0.0,0.0,0.0,0.0,
3.1.老挝,老挝 新增次日留存UV,0.0,0.0,0.0,0.0,0.0,0.0,0.0,0.0,0.0,
3.1.肯尼亚,肯尼亚 新增次日留存UV,0.333333,0.428571,0.0,0.333333,0.5,0.714286,0.2,1.4,-0.095238,-22.222222
3.1.芬兰,芬兰 新增次日留存UV,1.571429,1.428571,1.714286,1.142857,0.857143,0.857143,0.857143,0.5,0.142857,10.0
3.1.苏丹,苏丹 新增次日留存UV,0.0,0.0,0.0,0.0,0.0,0.0,0.0,0.0,0.0,
3.1.苏里南,苏里南 新增次日留存UV,0.0,0.0,0.0,0.0,0.0,0.0,0.0,0.0,0.0,
3.1.英国,英国 新增次日留存UV,103.285714,103.571429,121.142857,116.857143,73.285714,76.142857,78.142857,42.428571,-0.285714,-0.275862
3.1.英属维尔京群岛,英属维尔京群岛 新增次日留存UV,1.0,0.0,0.0,0.0,0.0,0.0,0.0,0.0,1.0,
3.1.荷兰,荷兰 新增次日留存UV,4.142857,3.428571,2.857143,4.428571,3.714286,2.0,1.285714,2.142857,0.714286,20.833333
3.1.荷兰加勒比,荷兰加勒比 新增次日留存UV,0.0,0.0,0.0,0.0,0.0,0.0,0.0,0.0,0.0,
3.1.荷属圣马丁,荷属圣马丁 新增次日留存UV,0.0,0.0,0.0,0.0,0.0,1.0,0.0,0.0,0.0,
3.1.莫桑比克,莫桑比克 新增次日留存UV,0.0,0.0,0.0,0.0,0.0,0.333333,0.333333,0.0,0.0,
3.1.莱索托,莱索托 新增次日留存UV,0.0,0.0,0.0,0.0,0.0,0.0,0.0,0.0,0.0,
3.1.菲律宾,菲律宾 新增次日留存UV,0.833333,1.0,0.571429,1.142857,1.857143,0.857143,1.714286,2.0,-0.166667,-16.666667
3.1.萨尔瓦多,萨尔瓦多 新增次日留存UV,0.166667,0.333333,0.333333,0.166667,0.166667,0.285714,0.2,0.0,-0.166667,-50.0
3.1.萨摩亚,萨摩亚 新增次日留存UV,0.0,0.0,0.0,0.0,0.0,0.0,0.0,1.0,0.0,
3.1.葡萄牙,葡萄牙 新增次日留存UV,1.142857,0.857143,1.571429,1.571429,1.428571,1.285714,0.428571,1.0,0.285714,33.333333
3.1.蒙古,蒙古 新增次日留存UV,0.0,0.0,0.0,0.0,1.0,0.0,0.0,0.0,0.0,
3.1.西班牙,西班牙 新增次日留存UV,29.857143,11.285714,20.142857,22.0,16.857143,21.142857,17.285714,13.142857,18.571429,164.556962
3.1.贝宁,贝宁 新增次日留存UV,0.0,0.0,0.0,0.5,1.5,0.666667,0.0,0.0,0.0,
3.1.赞比亚,赞比亚 新增次日留存UV,0.5,0.666667,0.0,0.0,1.0,0.333333,0.0,0.333333,-0.166667,-25.0
3.1.赤道几内亚,赤道几内亚 新增次日留存UV,0.0,0.0,0.0,0.0,0.0,0.0,0.0,0.0,0.0,
3.1.越南,越南 新增次日留存UV,0.285714,0.333333,0.666667,0.0,0.5,0.285714,0.571429,0.714286,-0.047619,-14.285714
3.1.阿塞拜疆,阿塞拜疆 新增次日留存UV,0.428571,0.428571,0.333333,0.25,0.5,0.714286,0.142857,0.166667,0.0,0.0
3.1.阿富汗,阿富汗 新增次日留存UV,0.0,0.0,0.0,0.166667,0.333333,0.666667,0.0,0.0,0.0,
3.1.阿尔及利亚,阿尔及利亚 新增次日留存UV,0.5,0.428571,0.2,0.2,0.0,0.2,0.142857,0.0,0.071429,16.666667
3.1.阿尔巴尼亚,阿尔巴尼亚 新增次日留存UV,0.714286,1.0,0.333333,0.714286,0.166667,0.2,0.285714,0.5,-0.285714,-28.571429
3.1.阿曼,阿曼 新增次日留存UV,0.5,0.333333,0.0,0.333333,0.333333,0.25,0.0,0.0,0.166667,50.0
3.1.阿根廷,阿根廷 新增次日留存UV,0.857143,0.428571,1.142857,0.571429,0.428571,1.0,0.428571,1.142857,0.428571,100.0
3.1.阿联酋,阿联酋 新增次日留存UV,0.714286,0.0,0.428571,1.142857,0.571429,0.857143,1.142857,0.285714,0.714286,
3.1.阿鲁巴,阿鲁巴 新增次日留存UV,0.5,0.25,0.666667,0.5,0.333333,0.0,0.0,0.333333,0.25,100.0
3.1.韩国,韩国 新增次日留存UV,0.0,0.166667,0.0,0.166667,0.2,0.0,0.285714,0.142857,-0.166667,-100.0
3.1.马尔代夫,马尔代夫 新增次日留存UV,0.0,0.0,0.0,0.5,1.0,1.0,0.0,0.5,0.0,
3.1.马恩岛,马恩岛 新增次日留存UV,0.0,0.5,0.0,0.0,0.0,0.0,0.0,0.0,-0.5,-100.0
3.1.马拉维,马拉维 新增次日留存UV,1.0,0.0,0.0,0.5,0.5,0.5,0.0,0.0,1.0,
3.1.马提尼克岛,马提尼克岛 新增次日留存UV,0.0,0.0,0.0,0.0,0.0,0.0,0.0,0.0,0.0,
3.1.马来西亚,马来西亚 新增次日留存UV,0.0,0.285714,0.2,0.285714,0.285714,0.2,0.571429,0.285714,-0.285714,-100.0
3.1.马约特,马约特 新增次日留存UV,0.0,0.0,0.0,0.0,0.0,0.0,0.0,0.0,0.0,
3.1.马绍尔群岛,马绍尔群岛 新增次日留存UV,0.0,0.0,0.0,0.0,0.0,0.0,0.0,0.0,0.0,
3.1.马耳他,马耳他 新增次日留存UV,1.0,0.75,0.166667,0.0,0.25,0.6,0.25,0.333333,0.25,33.333333
3.1.马达加斯加,马达加斯加 新增次日留存UV,0.0,0.0,0.0,0.0,0.0,0.0,0.0,0.0,0.0,
3.1.马里,马里 新增次日留存UV,0.0,0.0,0.333333,0.0,0.2,0.5,0.0,0.0,0.0,
3.1.黎巴嫩,黎巴嫩 新增次日留存UV,0.666667,0.2,0.0,0.166667,0.2,0.166667,1.0,0.8,0.466667,233.333333
3.1.黑山,黑山 新增次日留存UV,0.285714,0.6,0.0,0.333333,0.333333,0.666667,0.4,0.0,-0.314286,-52.380952
3.2,自然 新增次日留存UV,4269.142857,4728.0,4215.0,4181.428571,4542.142857,4346.714286,4794.142857,4245.714286,-458.857143,-9.7051
3.2.unknow,unknow 新增次日留存UV,0.166667,0.0,0.2,0.0,0.0,0.2,0.2,0.0,0.166667,
3.2.不丹,不丹 新增次日留存UV,0.0,0.0,0.0,0.0,0.0,0.0,0.0,0.0,0.0,
3.2.东帝汶,东帝汶 新增次日留存UV,0.0,0.0,0.0,0.0,0.0,0.5,0.0,0.0,0.0,
3.2.中国,中国 新增次日留存UV,7.0,6.428571,9.571429,10.571429,7.714286,8.0,8.571429,7.571429,0.571429,8.888889
3.2.中国台湾,中国台湾 新增次日留存UV,1.142857,1.142857,1.571429,1.142857,1.285714,1.0,1.714286,2.285714,0.0,0.0
3.2.中国澳门,中国澳门 新增次日留存UV,0.6,0.0,1.0,0.0,0.0,0.2,0.333333,0.0,0.6,
3.2.中国香港,中国香港 新增次日留存UV,23.571429,44.285714,20.714286,12.142857,12.714286,13.285714,9.571429,9.285714,-20.714286,-46.774194
3.2.中非,中非 新增次日留存UV,0.0,0.4,0.0,0.2,0.5,0.0,0.666667,0.0,-0.4,-100.0
3.2.丹麦,丹麦 新增次日留存UV,7.0,3.285714,6.857143,5.285714,5.428571,7.714286,5.428571,4.142857,3.714286,113.043478
3.2.乌克兰,乌克兰 新增次日留存UV,85.142857,82.571429,114.428571,55.571429,80.0,60.0,144.285714,158.571429,2.571429,3.114187
3.2.乌兹别克斯坦,乌兹别克斯坦 新增次日留存UV,7.714286,25.428571,4.857143,7.0,6.857143,4.571429,9.571429,4.857143,-17.714286,-69.662921
3.2.乌干达,乌干达 新增次日留存UV,3.428571,2.714286,2.857143,2.857143,2.571429,3.285714,3.714286,3.714286,0.714286,26.315789
3.2.乌拉圭,乌拉圭 新增次日留存UV,2.142857,2.0,1.857143,1.285714,1.0,1.571429,1.285714,0.714286,0.142857,7.142857
3.2.乍得,乍得 新增次日留存UV,0.428571,0.0,0.5,0.0,0.8,0.428571,0.5,0.428571,0.428571,
3.2.也门,也门 新增次日留存UV,1.285714,0.714286,0.571429,0.857143,0.571429,0.714286,1.285714,1.428571,0.571429,80.0
3.2.亚美尼亚,亚美尼亚 新增次日留存UV,11.571429,9.0,14.285714,38.571429,10.142857,6.0,6.285714,5.428571,2.571429,28.571429
3.2.以色列,以色列 新增次日留存UV,16.428571,16.857143,13.285714,13.857143,15.571429,17.285714,21.857143,12.571429,-0.428571,-2.542373
3.2.伊拉克,伊拉克 新增次日留存UV,14.0,9.714286,10.714286,11.142857,10.0,10.285714,16.714286,9.857143,4.285714,44.117647
3.2.伊朗,伊朗 新增次日留存UV,150.428571,279.142857,106.714286,97.714286,80.714286,89.571429,81.142857,2.571429,-128.714286,-46.110542
3.2.伯利兹,伯利兹 新增次日留存UV,0.285714,0.714286,0.285714,0.571429,0.571429,0.428571,0.714286,0.571429,-0.428571,-60.0
3.2.佛得角,佛得角 新增次日留存UV,0.5,0.428571,0.166667,0.285714,0.5,0.0,0.571429,1.0,0.071429,16.666667
3.2.俄罗斯,俄罗斯 新增次日留存UV,334.428571,394.428571,357.571429,375.428571,447.0,327.285714,368.428571,257.428571,-60.0,-15.21188
3.2.保加利亚,保加利亚 新增次日留存UV,10.857143,12.857143,10.0,10.142857,9.857143,10.857143,10.714286,7.714286,-2.0,-15.555556
3.2.克罗地亚,克罗地亚 新增次日留存UV,11.285714,9.714286,8.285714,8.0,7.857143,11.142857,8.0,7.428571,1.571429,16.176471
3.2.关岛,关岛 新增次日留存UV,0.5,0.0,0.0,0.6,0.0,0.142857,0.333333,1.0,0.5,
3.2.冈比亚,冈比亚 新增次日留存UV,3.285714,4.428571,5.714286,5.0,4.857143,12.714286,14.428571,7.714286,-1.142857,-25.806452
3.2.冰岛,冰岛 新增次日留存UV,0.571429,0.142857,1.142857,0.428571,1.0,1.142857,0.714286,0.142857,0.428571,300.0
3.2.几内亚,几内亚 新增次日留存UV,2.857143,2.714286,2.0,2.571429,3.285714,2.285714,2.285714,1.428571,0.142857,5.263158
3.2.几内亚比绍,几内亚比绍 新增次日留存UV,0.6,0.4,0.5,0.142857,0.75,0.5,0.2,0.333333,0.2,50.0
3.2.列支敦士登,列支敦士登 新增次日留存UV,0.333333,0.5,0.0,0.0,0.0,0.0,0.0,0.0,-0.166667,-33.333333
3.2.刚果共和国,刚果共和国 新增次日留存UV,0.857143,0.857143,1.0,0.571429,2.285714,1.0,0.714286,0.857143,0.0,0.0
3.2.刚果民主共和国,刚果民主共和国 新增次日留存UV,3.142857,3.0,1.714286,3.0,4.714286,3.0,4.857143,3.857143,0.142857,4.761905
3.2.利比亚,利比亚 新增次日留存UV,0.857143,1.428571,1.0,1.857143,2.142857,2.714286,2.142857,2.857143,-0.571429,-40.0
3.2.利比里亚,利比里亚 新增次日留存UV,3.428571,7.0,6.428571,3.571429,6.285714,5.714286,5.714286,4.714286,-3.571429,-51.020408
3.2.加拿大,加拿大 新增次日留存UV,59.714286,69.714286,61.0,55.428571,56.0,61.857143,64.428571,56.285714,-10.0,-14.344262
3.2.加纳,加纳 新增次日留存UV,29.142857,35.285714,42.857143,44.285714,55.0,39.571429,49.285714,62.714286,-6.142857,-17.408907
3.2.加蓬,加蓬 新增次日留存UV,0.5,0.0,0.4,0.25,0.333333,0.0,0.666667,0.666667,0.5,
3.2.匈牙利,匈牙利 新增次日留存UV,7.571429,8.428571,6.857143,6.285714,9.0,9.571429,6.857143,5.285714,-0.857143,-10.169492
3.2.北马其顿,北马其顿 新增次日留存UV,2.571429,4.857143,5.142857,5.285714,4.142857,5.571429,4.714286,3.428571,-2.285714,-47.058824
3.2.北马里亚纳群岛,北马里亚纳群岛 新增次日留存UV,0.0,0.0,0.0,0.0,0.0,0.0,0.0,0.0,0.0,
3.2.南苏丹,南苏丹 新增次日留存UV,6.428571,7.428571,4.857143,7.0,6.285714,3.857143,5.714286,7.714286,-1.0,-13.461538
3.2.南非,南非 新增次日留存UV,19.0,21.571429,15.857143,16.857143,14.714286,18.0,15.142857,18.142857,-2.571429,-11.92053
3.2.博茨瓦纳,博茨瓦纳 新增次日留存UV,0.714286,0.5,0.166667,0.142857,0.333333,0.333333,0.857143,1.0,0.214286,42.857143
3.2.卡塔尔,卡塔尔 新增次日留存UV,2.0,2.142857,1.857143,1.285714,1.571429,1.571429,4.0,1.714286,-0.142857,-6.666667
3.2.卢旺达,卢旺达 新增次日留存UV,2.0,1.0,1.0,0.857143,1.142857,1.571429,0.857143,2.0,1.0,100.0
3.2.卢森堡,卢森堡 新增次日留存UV,1.0,0.714286,0.857143,1.0,1.0,1.285714,0.428571,0.833333,0.285714,40.0
3.2.印度,印度 新增次日留存UV,17.285714,19.571429,16.428571,13.285714,17.857143,19.714286,23.428571,26.142857,-2.285714,-11.678832
3.2.印度尼西亚,印度尼西亚 新增次日留存UV,27.571429,26.857143,22.857143,19.714286,22.142857,32.428571,21.428571,21.571429,0.714286,2.659574
3.2.危地马拉,危地马拉 新增次日留存UV,3.142857,5.285714,3.714286,2.428571,3.714286,3.142857,4.285714,3.142857,-2.142857,-40.540541
3.2.厄瓜多尔,厄瓜多尔 新增次日留存UV,7.857143,7.714286,8.428571,7.285714,9.142857,7.428571,8.857143,9.142857,0.142857,1.851852
3.2.叙利亚,叙利亚 新增次日留存UV,4.142857,5.428571,3.714286,4.285714,3.714286,4.285714,5.142857,4.714286,-1.285714,-23.684211
3.2.古巴,古巴 新增次日留存UV,0.5,0.428571,0.285714,0.75,0.333333,0.285714,1.0,0.428571,0.071429,16.666667
3.2.吉尔吉斯斯坦,吉尔吉斯斯坦 新增次日留存UV,6.857143,11.857143,8.428571,7.0,12.571429,4.0,30.0,15.571429,-5.0,-42.168675
3.2.吉布提,吉布提 新增次日留存UV,0.0,0.0,0.0,0.0,0.0,0.0,0.0,0.666667,0.0,
3.2.哈萨克斯坦,哈萨克斯坦 新增次日留存UV,45.285714,81.428571,48.571429,32.857143,82.285714,28.571429,129.571429,68.285714,-36.142857,-44.385965
3.2.哥伦比亚,哥伦比亚 新增次日留存UV,34.714286,39.571429,33.285714,37.285714,37.428571,34.857143,40.714286,40.142857,-4.857143,-12.274368
3.2.哥斯达黎加,哥斯达黎加 新增次日留存UV,4.714286,2.714286,3.0,2.714286,4.428571,3.714286,4.0,3.0,2.0,73.684211
3.2.喀麦隆,喀麦隆 新增次日留存UV,5.285714,4.142857,3.571429,4.571429,4.714286,3.285714,6.571429,7.571429,1.142857,27.586207
3.2.图瓦卢,图瓦卢 新增次日留存UV,0.0,0.0,0.0,0.0,1.0,0.0,0.0,0.0,0.0,
3.2.土库曼斯坦,土库曼斯坦 新增次日留存UV,0.0,0.25,0.5,0.5,0.5,0.5,0.666667,0.0,-0.25,-100.0
3.2.土耳其,土耳其 新增次日留存UV,107.428571,104.428571,93.857143,97.0,110.714286,140.714286,91.285714,69.571429,3.0,2.872777
3.2.圣卢西亚,圣卢西亚 新增次日留存UV,0.571429,0.5,0.166667,0.0,0.714286,0.6,1.0,0.5,0.071429,14.285714
3.2.圣基茨和尼维斯,圣基茨和尼维斯 新增次日留存UV,0.285714,0.4,0.4,0.0,1.0,0.5,0.0,0.0,-0.114286,-28.571429
3.2.圣多美和普林西比,圣多美和普林西比 新增次日留存UV,0.0,0.0,0.0,0.0,0.0,0.0,0.5,0.0,0.0,
3.2.圣文森特和格林纳丁斯,圣文森特和格林纳丁斯 新增次日留存UV,0.25,0.25,0.5,0.0,0.25,0.0,1.0,0.5,0.0,0.0
3.2.圣皮埃尔和密克隆群岛,圣皮埃尔和密克隆群岛 新增次日留存UV,0.0,0.0,0.0,0.0,0.0,0.0,0.0,0.0,0.0,
3.2.圣马力诺,圣马力诺 新增次日留存UV,0.0,0.0,0.0,0.0,0.0,0.0,0.0,0.0,0.0,
3.2.圭亚那,圭亚那 新增次日留存UV,0.571429,0.571429,0.285714,1.0,0.571429,0.285714,0.571429,0.571429,0.0,0.0
3.2.坦桑尼亚,坦桑尼亚 新增次日留存UV,4.571429,3.857143,5.285714,3.857143,4.857143,3.571429,5.571429,6.428571,0.714286,18.518519
3.2.埃及,埃及 新增次日留存UV,24.285714,21.714286,24.142857,23.0,23.714286,26.857143,32.857143,17.142857,2.571429,11.842105
3.2.埃塞俄比亚,埃塞俄比亚 新增次日留存UV,3.285714,2.428571,2.0,2.857143,3.142857,4.714286,3.0,4.571429,0.857143,35.294118
3.2.基里巴斯,基里巴斯 新增次日留存UV,0.0,0.0,0.0,0.0,0.0,0.0,0.0,0.0,0.0,
3.2.塔吉克斯坦,塔吉克斯坦 新增次日留存UV,0.571429,0.571429,1.333333,0.857143,1.285714,0.571429,1.0,0.571429,0.0,0.0
3.2.塞内加尔,塞内加尔 新增次日留存UV,8.714286,8.857143,8.142857,13.571429,20.571429,32.142857,52.285714,22.142857,-0.142857,-1.612903
3.2.塞尔维亚,塞尔维亚 新增次日留存UV,18.428571,21.571429,13.428571,18.571429,22.714286,21.0,22.428571,22.0,-3.142857,-14.569536
3.2.塞拉利昂,塞拉利昂 新增次日留存UV,2.285714,1.142857,2.0,2.857143,3.142857,2.857143,1.571429,2.142857,1.142857,100.0
3.2.塞浦路斯,塞浦路斯 新增次日留存UV,3.857143,2.428571,5.0,4.142857,2.571429,4.285714,3.285714,3.714286,1.428571,58.823529
3.2.塞舌尔,塞舌尔 新增次日留存UV,1.0,0.0,0.285714,1.0,0.428571,0.0,0.333333,0.6,1.0,
3.2.墨西哥,墨西哥 新增次日留存UV,84.0,80.285714,66.857143,62.714286,64.714286,63.571429,61.0,57.285714,3.714286,4.626335
3.2.多哥,多哥 新增次日留存UV,2.0,1.857143,1.142857,1.428571,1.285714,2.142857,3.428571,5.285714,0.142857,7.692308
3.2.多米尼克,多米尼克 新增次日留存UV,0.0,0.5,0.5,0.0,0.0,0.5,0.333333,0.666667,-0.5,-100.0
3.2.多米尼加,多米尼加 新增次日留存UV,9.857143,6.142857,7.571429,9.285714,7.428571,8.428571,7.428571,11.571429,3.714286,60.465116
3.2.奥兰群岛,奥兰群岛 新增次日留存UV,0.0,0.0,0.0,0.0,0.0,0.0,0.0,0.0,0.0,
3.2.奥地利,奥地利 新增次日留存UV,11.714286,12.714286,10.142857,12.714286,18.0,15.571429,13.142857,11.428571,-1.0,-7.865169
3.2.委内瑞拉,委内瑞拉 新增次日留存UV,12.571429,9.142857,5.857143,11.0,8.142857,9.0,10.714286,13.285714,3.428571,37.5
3.2.孟加拉,孟加拉 新增次日留存UV,67.285714,67.571429,64.285714,76.857143,86.142857,117.285714,160.428571,140.857143,-0.285714,-0.422833
3.2.安哥拉,安哥拉 新增次日留存UV,3.0,3.428571,2.142857,2.714286,3.142857,3.0,2.428571,3.0,-0.428571,-12.5
3.2.安圭拉,安圭拉 新增次日留存UV,0.0,0.0,0.0,0.0,0.0,0.5,0.0,0.0,0.0,
3.2.安提瓜和巴布达,安提瓜和巴布达 新增次日留存UV,0.5,0.75,0.4,0.0,0.333333,0.5,0.166667,0.2,-0.25,-33.333333
3.2.安道尔,安道尔 新增次日留存UV,0.2,0.0,0.0,0.0,0.666667,0.333333,0.0,0.0,0.2,
3.2.密克罗尼西亚联邦,密克罗尼西亚联邦 新增次日留存UV,0.0,0.0,0.0,0.0,0.0,0.0,0.0,0.0,0.0,
3.2.尼加拉瓜,尼加拉瓜 新增次日留存UV,3.428571,2.142857,3.285714,2.0,1.0,1.857143,0.857143,1.714286,1.285714,60.0
3.2.尼日利亚,尼日利亚 新增次日留存UV,131.857143,147.857143,163.857143,161.428571,160.285714,166.714286,223.142857,252.714286,-16.0,-10.821256
3.2.尼日尔,尼日尔 新增次日留存UV,2.0,1.285714,1.571429,0.833333,0.428571,0.285714,1.428571,1.0,0.714286,55.555556
3.2.尼泊尔,尼泊尔 新增次日留存UV,3.428571,3.857143,3.571429,2.857143,3.571429,4.0,4.285714,4.428571,-0.428571,-11.111111
3.2.巴勒斯坦,巴勒斯坦 新增次日留存UV,2.142857,1.428571,2.0,1.857143,3.428571,3.857143,4.857143,2.857143,0.714286,50.0
3.2.巴哈马,巴哈马 新增次日留存UV,1.571429,1.571429,1.142857,1.285714,1.428571,0.714286,1.142857,0.714286,0.0,0.0
3.2.巴基斯坦,巴基斯坦 新增次日留存UV,55.714286,44.714286,53.0,37.142857,29.428571,40.142857,73.857143,36.285714,11.0,24.600639
3.2.巴巴多斯,巴巴多斯 新增次日留存UV,1.166667,0.833333,0.5,0.0,0.285714,0.428571,0.833333,0.428571,0.333333,40.0
3.2.巴布亚新几内亚,巴布亚新几内亚 新增次日留存UV,0.285714,0.0,0.666667,0.75,0.333333,0.6,0.75,0.285714,0.285714,
3.2.巴拉圭,巴拉圭 新增次日留存UV,3.714286,5.428571,3.714286,4.857143,4.714286,4.714286,4.714286,3.571429,-1.714286,-31.578947
3.2.巴拿马,巴拿马 新增次日留存UV,2.857143,1.714286,2.285714,2.0,2.714286,2.0,3.0,2.714286,1.142857,66.666667
3.2.巴林,巴林 新增次日留存UV,1.142857,0.857143,0.714286,1.142857,0.857143,1.0,0.833333,0.428571,0.285714,33.333333
3.2.巴西,巴西 新增次日留存UV,1048.142857,1041.142857,1137.714286,1135.285714,1239.142857,1121.428571,1111.285714,1146.857143,7.0,0.672338
3.2.布基纳法索,布基纳法索 新增次日留存UV,7.0,7.571429,7.857143,7.571429,11.285714,9.0,10.571429,11.714286,-0.571429,-7.54717
3.2.布隆迪,布隆迪 新增次日留存UV,1.0,0.142857,0.6,0.714286,1.0,1.0,1.0,0.333333,0.857143,600.0
3.2.希腊,希腊 新增次日留存UV,33.714286,33.285714,30.285714,30.285714,26.571429,27.428571,23.285714,17.714286,0.428571,1.287554
3.2.帕劳,帕劳 新增次日留存UV,0.0,0.0,0.0,0.0,0.0,0.0,0.0,0.0,0.0,
3.2.库克群岛,库克群岛 新增次日留存UV,0.0,0.0,0.0,0.5,0.0,1.0,0.0,0.5,0.0,
3.2.库拉索,库拉索 新增次日留存UV,0.6,0.857143,0.4,0.428571,0.571429,0.714286,0.5,0.5,-0.257143,-30.0
3.2.开曼群岛,开曼群岛 新增次日留存UV,0.4,0.5,0.8,0.166667,0.2,0.0,0.5,0.0,-0.1,-20.0
3.2.德国,德国 新增次日留存UV,226.285714,342.857143,187.428571,194.714286,189.857143,156.714286,162.428571,118.714286,-116.571429,-34.0
3.2.意大利,意大利 新增次日留存UV,73.857143,66.857143,60.0,67.857143,76.714286,68.428571,38.142857,32.285714,7.0,10.470085
3.2.所罗门群岛,所罗门群岛 新增次日留存UV,0.333333,0.0,1.0,1.0,0.0,0.0,0.25,0.333333,0.333333,
3.2.拉脱维亚,拉脱维亚 新增次日留存UV,12.857143,11.142857,12.428571,9.0,12.142857,9.285714,9.857143,6.714286,1.714286,15.384615
3.2.挪威,挪威 新增次日留存UV,5.142857,5.571429,6.285714,14.428571,19.571429,13.428571,9.428571,8.857143,-0.428571,-7.692308
3.2.捷克,捷克 新增次日留存UV,11.0,10.714286,8.142857,7.857143,9.857143,10.0,10.428571,7.857143,0.285714,2.666667
3.2.摩尔多瓦,摩尔多瓦 新增次日留存UV,5.285714,5.714286,6.714286,3.142857,7.285714,7.428571,6.285714,6.285714,-0.428571,-7.5
3.2.摩洛哥,摩洛哥 新增次日留存UV,11.571429,10.857143,9.857143,9.857143,9.142857,10.714286,13.285714,9.428571,0.714286,6.578947
3.2.摩纳哥,摩纳哥 新增次日留存UV,0.5,0.0,0.4,0.5,0.5,0.25,0.666667,0.0,0.5,
3.2.文莱,文莱 新增次日留存UV,0.2,0.8,0.75,0.333333,0.666667,0.0,0.25,0.142857,-0.6,-75.0
3.2.斐济,斐济 新增次日留存UV,0.285714,0.0,0.0,0.6,0.428571,0.428571,0.666667,0.4,0.285714,
3.2.斯威士兰,斯威士兰 新增次日留存UV,0.666667,0.0,0.0,0.333333,0.0,0.75,1.0,0.0,0.666667,
3.2.斯洛伐克,斯洛伐克 新增次日留存UV,3.714286,3.142857,3.285714,3.857143,4.714286,3.428571,2.428571,3.428571,0.571429,18.181818
3.2.斯洛文尼亚,斯洛文尼亚 新增次日留存UV,1.857143,2.857143,2.142857,1.714286,2.857143,2.142857,1.428571,0.714286,-1.0,-35.0
3.2.斯里兰卡,斯里兰卡 新增次日留存UV,2.285714,2.571429,2.428571,2.0,2.285714,2.571429,3.142857,1.714286,-0.285714,-11.111111
3.2.新加坡,新加坡 新增次日留存UV,8.428571,6.0,7.714286,8.428571,7.285714,5.285714,9.0,7.142857,2.428571,40.47619
3.2.新喀里多尼亚,新喀里多尼亚 新增次日留存UV,0.333333,0.0,0.0,0.0,1.0,1.0,0.0,0.0,0.333333,
3.2.新西兰,新西兰 新增次日留存UV,4.428571,2.142857,5.142857,2.142857,4.142857,6.0,4.0,3.428571,2.285714,106.666667
3.2.日本,日本 新增次日留存UV,7.285714,5.571429,6.428571,9.428571,7.285714,10.142857,9.714286,6.142857,1.714286,30.769231
3.2.智利,智利 新增次日留存UV,8.714286,10.142857,9.285714,8.714286,6.428571,9.714286,6.571429,7.714286,-1.428571,-14.084507
3.2.柬埔寨,柬埔寨 新增次日留存UV,1.285714,1.428571,2.0,3.0,1.714286,1.571429,1.142857,2.285714,-0.142857,-10.0
3.2.根西岛,根西岛 新增次日留存UV,0.333333,0.0,0.0,0.25,0.0,0.75,0.166667,0.2,0.333333,
3.2.格林纳达,格林纳达 新增次日留存UV,0.6,0.666667,0.25,0.0,0.5,0.0,0.4,0.0,-0.066667,-10.0
3.2.格陵兰,格陵兰 新增次日留存UV,0.0,0.0,1.0,0.0,0.0,0.5,0.0,0.0,0.0,
3.2.格鲁吉亚,格鲁吉亚 新增次日留存UV,11.714286,11.857143,10.714286,12.285714,14.0,16.0,9.857143,11.571429,-0.142857,-1.204819
3.2.比利时,比利时 新增次日留存UV,10.571429,11.142857,9.142857,8.142857,8.428571,11.285714,8.571429,10.285714,-0.571429,-5.128205
3.2.毛里塔尼亚,毛里塔尼亚 新增次日留存UV,0.714286,0.166667,1.142857,1.0,2.142857,1.285714,1.142857,1.142857,0.547619,328.571429
3.2.毛里求斯,毛里求斯 新增次日留存UV,0.571429,1.714286,0.428571,0.428571,0.714286,1.428571,0.857143,0.142857,-1.142857,-66.666667
3.2.汤加,汤加 新增次日留存UV,0.0,0.0,1.0,0.0,0.0,0.0,0.0,0.0,0.0,
3.2.沙特阿拉伯,沙特阿拉伯 新增次日留存UV,8.714286,12.142857,10.571429,11.285714,10.142857,14.285714,17.714286,10.428571,-3.428571,-28.235294
3.2.法国,法国 新增次日留存UV,64.142857,65.428571,48.714286,52.857143,56.142857,57.142857,46.857143,38.0,-1.285714,-1.965066
3.2.法属圣马丁,法属圣马丁 新增次日留存UV,1.0,0.0,0.0,0.0,0.333333,0.0,1.0,0.5,1.0,
3.2.法属圭亚那,法属圭亚那 新增次日留存UV,0.0,0.0,0.0,1.0,0.5,0.75,0.0,0.0,0.0,
3.2.法属波利尼西亚,法属波利尼西亚 新增次日留存UV,0.4,0.25,0.666667,0.2,0.0,0.666667,0.0,1.0,0.15,60.0
3.2.法罗群岛,法罗群岛 新增次日留存UV,0.0,0.0,0.0,0.0,0.0,0.0,0.333333,0.0,0.0,
3.2.波兰,波兰 新增次日留存UV,34.0,38.857143,32.285714,35.714286,33.428571,31.428571,48.142857,40.428571,-4.857143,-12.5
3.2.波多黎各,波多黎各 新增次日留存UV,4.714286,4.571429,3.142857,4.428571,4.142857,5.0,4.714286,4.0,0.142857,3.125
3.2.波黑,波黑 新增次日留存UV,5.714286,5.714286,6.0,6.571429,8.714286,9.428571,8.142857,5.571429,0.0,0.0
3.2.泰国,泰国 新增次日留存UV,7.0,9.714286,6.428571,4.428571,6.857143,6.0,8.428571,9.0,-2.714286,-27.941176
3.2.泽西岛,泽西岛 新增次日留存UV,0.0,0.0,0.0,0.0,0.0,0.0,0.0,0.0,0.0,
3.2.津巴布韦,津巴布韦 新增次日留存UV,1.0,1.142857,1.0,0.571429,0.571429,0.714286,1.0,1.142857,-0.142857,-12.5
3.2.洪都拉斯,洪都拉斯 新增次日留存UV,3.714286,4.714286,4.285714,2.428571,3.428571,3.428571,4.0,2.714286,-1.0,-21.212121
3.2.海地,海地 新增次日留存UV,5.142857,4.0,3.428571,3.571429,4.714286,3.0,4.857143,5.857143,1.142857,28.571429
3.2.澳大利亚,澳大利亚 新增次日留存UV,40.571429,40.285714,34.857143,35.714286,35.857143,45.142857,37.428571,34.0,0.285714,0.70922
3.2.爱尔兰,爱尔兰 新增次日留存UV,15.428571,16.571429,12.428571,14.857143,15.571429,15.571429,14.571429,10.571429,-1.142857,-6.896552
3.2.爱沙尼亚,爱沙尼亚 新增次日留存UV,7.142857,8.0,7.285714,7.857143,9.428571,8.428571,5.857143,5.857143,-0.857143,-10.714286
3.2.牙买加,牙买加 新增次日留存UV,5.142857,5.0,4.285714,3.571429,4.571429,4.0,4.857143,4.571429,0.142857,2.857143
3.2.特克斯和凯科斯群岛,特克斯和凯科斯群岛 新增次日留存UV,0.6,0.6,0.5,0.0,0.166667,0.25,0.5,0.4,0.0,0.0
3.2.特立尼达和多巴哥,特立尼达和多巴哥 新增次日留存UV,1.142857,1.714286,1.285714,0.714286,1.714286,1.571429,1.0,0.857143,-0.571429,-33.333333
3.2.玻利维亚,玻利维亚 新增次日留存UV,5.714286,5.428571,4.0,2.571429,3.714286,3.428571,3.857143,4.0,0.285714,5.263158
3.2.瑞典,瑞典 新增次日留存UV,22.571429,27.0,28.571429,31.857143,27.857143,23.0,20.428571,15.142857,-4.428571,-16.402116
3.2.瑞士,瑞士 新增次日留存UV,14.0,16.428571,12.285714,10.857143,15.142857,12.857143,12.857143,10.428571,-2.428571,-14.782609
3.2.瓜德罗普,瓜德罗普 新增次日留存UV,0.25,0.5,0.0,0.0,0.0,0.285714,0.0,0.0,-0.25,-50.0
3.2.瓦利斯和富图纳群岛,瓦利斯和富图纳群岛 新增次日留存UV,0.0,0.0,0.0,0.0,0.0,0.0,0.0,0.0,0.0,
3.2.瓦努阿图,瓦努阿图 新增次日留存UV,0.333333,0.0,1.5,1.0,0.0,0.0,0.0,0.0,0.333333,
3.2.留尼汪岛,留尼汪岛 新增次日留存UV,0.333333,0.166667,0.142857,0.2,0.571429,0.2,0.5,0.5,0.166667,100.0
3.2.白俄罗斯,白俄罗斯 新增次日留存UV,22.285714,27.571429,29.0,14.428571,39.142857,25.857143,47.571429,47.428571,-5.285714,-19.170984
3.2.百慕大,百慕大 新增次日留存UV,1.0,0.0,0.0,0.4,0.2,0.75,0.0,0.0,1.0,
3.2.直布罗陀,直布罗陀 新增次日留存UV,0.666667,0.666667,0.25,0.0,0.0,0.0,0.25,0.5,0.0,0.0
3.2.福克兰群岛,福克兰群岛 新增次日留存UV,0.0,0.0,0.0,0.0,0.0,0.0,0.0,0.0,0.0,
3.2.科威特,科威特 新增次日留存UV,1.857143,1.142857,2.428571,2.714286,3.428571,2.285714,2.857143,2.857143,0.714286,62.5
3.2.科摩罗,科摩罗 新增次日留存UV,0.333333,0.5,0.0,0.333333,0.0,0.0,0.333333,0.5,-0.166667,-33.333333
3.2.科特迪瓦,科特迪瓦 新增次日留存UV,8.857143,8.571429,6.285714,7.714286,14.0,12.857143,12.142857,16.571429,0.285714,3.333333
3.2.科索沃,科索沃 新增次日留存UV,2.142857,3.428571,1.285714,1.857143,2.285714,4.285714,2.428571,2.428571,-1.285714,-37.5
3.2.秘鲁,秘鲁 新增次日留存UV,14.0,16.571429,14.857143,11.428571,12.714286,16.714286,13.428571,14.714286,-2.571429,-15.517241
3.2.突尼斯,突尼斯 新增次日留存UV,7.285714,5.0,5.0,5.571429,4.714286,5.857143,4.428571,3.857143,2.285714,45.714286
3.2.立陶宛,立陶宛 新增次日留存UV,8.714286,8.0,9.857143,11.142857,11.428571,7.142857,8.0,6.0,0.714286,8.928571
3.2.索马里,索马里 新增次日留存UV,2.571429,1.714286,2.0,2.285714,2.0,2.714286,3.714286,2.0,0.857143,50.0
3.2.约旦,约旦 新增次日留存UV,3.285714,4.0,4.0,3.428571,4.571429,4.285714,7.714286,4.0,-0.714286,-17.857143
3.2.纳米比亚,纳米比亚 新增次日留存UV,0.714286,1.0,0.571429,0.0,1.333333,0.6,0.285714,0.666667,-0.285714,-28.571429
3.2.缅甸,缅甸 新增次日留存UV,3.285714,2.285714,1.857143,1.857143,1.428571,2.714286,2.142857,3.285714,1.0,43.75
3.2.罗马尼亚,罗马尼亚 新增次日留存UV,19.0,18.428571,17.714286,18.714286,15.0,21.714286,16.857143,20.428571,0.571429,3.100775
3.2.美国,美国 新增次日留存UV,602.142857,828.0,547.714286,516.142857,502.857143,557.428571,607.571429,556.0,-225.857143,-27.277433
3.2.美属维尔京群岛,美属维尔京群岛 新增次日留存UV,0.333333,0.142857,1.0,0.0,0.4,0.833333,0.75,0.25,0.190476,133.333333
3.2.老挝,老挝 新增次日留存UV,0.166667,0.166667,0.75,0.0,0.333333,0.0,0.2,0.25,0.0,0.0
3.2.肯尼亚,肯尼亚 新增次日留存UV,5.285714,7.142857,5.714286,7.571429,7.285714,5.571429,7.0,9.857143,-1.857143,-26.0
3.2.芬兰,芬兰 新增次日留存UV,26.571429,25.285714,23.571429,26.571429,30.285714,22.0,21.285714,15.428571,1.285714,5.084746
3.2.苏丹,苏丹 新增次日留存UV,1.285714,1.142857,0.428571,0.571429,0.285714,1.285714,1.0,0.857143,0.142857,12.5
3.2.苏里南,苏里南 新增次日留存UV,0.0,0.428571,0.571429,0.25,0.333333,1.0,0.6,0.142857,-0.428571,-100.0
3.2.英国,英国 新增次日留存UV,197.571429,216.428571,184.142857,180.571429,183.857143,173.285714,211.0,149.285714,-18.857143,-8.712871
3.2.英属维尔京群岛,英属维尔京群岛 新增次日留存UV,0.333333,0.0,0.0,0.5,1.0,0.0,0.0,0.333333,0.333333,
3.2.荷兰,荷兰 新增次日留存UV,117.714286,115.0,123.428571,151.142857,161.714286,122.428571,129.714286,93.571429,2.714286,2.360248
3.2.荷兰加勒比,荷兰加勒比 新增次日留存UV,0.0,0.333333,0.0,0.333333,0.0,0.333333,0.0,0.0,-0.333333,-100.0
3.2.荷属圣马丁,荷属圣马丁 新增次日留存UV,0.333333,0.6,1.0,1.0,0.5,0.5,0.0,0.857143,-0.266667,-44.444444
3.2.莫桑比克,莫桑比克 新增次日留存UV,7.285714,5.428571,6.714286,7.142857,6.428571,8.142857,8.142857,8.285714,1.857143,34.210526
3.2.莱索托,莱索托 新增次日留存UV,0.333333,0.5,0.0,0.5,0.0,0.0,0.0,0.333333,-0.166667,-33.333333
3.2.菲律宾,菲律宾 新增次日留存UV,40.142857,46.0,46.142857,55.142857,52.428571,58.285714,66.857143,59.142857,-5.857143,-12.732919
3.2.萨尔瓦多,萨尔瓦多 新增次日留存UV,1.714286,2.285714,3.285714,1.714286,1.714286,2.428571,3.0,1.857143,-0.571429,-25.0
3.2.萨摩亚,萨摩亚 新增次日留存UV,0.0,0.0,1.0,0.0,0.0,0.0,1.0,0.0,0.0,
3.2.葡萄牙,葡萄牙 新增次日留存UV,26.142857,27.714286,24.142857,29.571429,31.142857,33.857143,26.428571,24.428571,-1.571429,-5.670103
3.2.蒙古,蒙古 新增次日留存UV,1.0,1.285714,0.571429,1.0,0.857143,0.857143,0.571429,0.285714,-0.285714,-22.222222
3.2.西班牙,西班牙 新增次日留存UV,70.142857,63.285714,64.428571,63.857143,59.714286,60.0,59.428571,50.714286,6.857143,10.835214
3.2.贝宁,贝宁 新增次日留存UV,3.571429,5.285714,5.857143,5.142857,4.142857,6.857143,11.0,14.857143,-1.714286,-32.432432
3.2.赞比亚,赞比亚 新增次日留存UV,1.857143,1.0,1.428571,2.428571,1.0,2.428571,2.142857,1.571429,0.857143,85.714286
3.2.赤道几内亚,赤道几内亚 新增次日留存UV,0.5,0.0,0.25,0.0,0.166667,0.2,0.0,0.166667,0.5,
3.2.越南,越南 新增次日留存UV,9.571429,7.285714,7.0,8.142857,6.857143,6.285714,7.714286,6.857143,2.285714,31.372549
3.2.阿塞拜疆,阿塞拜疆 新增次日留存UV,8.285714,7.428571,6.0,7.571429,9.571429,10.714286,6.571429,6.0,0.857143,11.538462
3.2.阿富汗,阿富汗 新增次日留存UV,1.428571,2.428571,2.0,2.857143,2.571429,3.428571,4.142857,2.285714,-1.0,-41.176471
3.2.阿尔及利亚,阿尔及利亚 新增次日留存UV,7.0,5.0,4.571429,6.285714,6.0,4.0,6.714286,6.0,2.0,40.0
3.2.阿尔巴尼亚,阿尔巴尼亚 新增次日留存UV,12.571429,18.428571,14.571429,13.428571,12.857143,16.428571,10.857143,8.857143,-5.857143,-31.782946
3.2.阿曼,阿曼 新增次日留存UV,1.285714,1.571429,2.0,0.714286,1.142857,1.428571,4.714286,1.285714,-0.285714,-18.181818
3.2.阿根廷,阿根廷 新增次日留存UV,21.285714,17.571429,15.571429,19.285714,18.857143,20.714286,20.142857,22.142857,3.714286,21.138211
3.2.阿联酋,阿联酋 新增次日留存UV,12.571429,11.0,8.428571,9.0,11.714286,11.0,16.285714,8.428571,1.571429,14.285714
3.2.阿鲁巴,阿鲁巴 新增次日留存UV,1.0,1.0,0.285714,1.142857,0.333333,1.0,0.833333,0.571429,0.0,0.0
3.2.韩国,韩国 新增次日留存UV,2.857143,3.714286,2.857143,3.571429,3.571429,4.285714,4.285714,4.285714,-0.857143,-23.076923
3.2.马尔代夫,马尔代夫 新增次日留存UV,0.857143,1.142857,0.142857,1.428571,1.857143,1.142857,1.428571,1.285714,-0.285714,-25.0
3.2.马恩岛,马恩岛 新增次日留存UV,0.0,0.6,0.0,0.2,0.2,0.0,0.0,0.166667,-0.6,-100.0
3.2.马拉维,马拉维 新增次日留存UV,2.285714,1.2,1.714286,2.0,1.571429,1.571429,1.285714,2.142857,1.085714,90.47619
3.2.马提尼克岛,马提尼克岛 新增次日留存UV,0.5,0.0,0.75,0.0,0.25,0.0,0.0,0.0,0.5,
3.2.马来西亚,马来西亚 新增次日留存UV,6.857143,7.0,7.285714,7.571429,8.857143,17.285714,9.857143,7.571429,-0.142857,-2.040816
3.2.马约特,马约特 新增次日留存UV,0.0,0.0,0.0,0.0,0.0,0.0,0.0,0.0,0.0,
3.2.马绍尔群岛,马绍尔群岛 新增次日留存UV,0.0,0.0,0.0,0.0,0.0,0.0,0.0,0.0,0.0,
3.2.马耳他,马耳他 新增次日留存UV,2.857143,2.142857,3.285714,1.0,2.428571,2.571429,0.857143,1.571429,0.714286,33.333333
3.2.马达加斯加,马达加斯加 新增次日留存UV,2.142857,3.857143,2.714286,2.857143,3.285714,2.857143,3.0,3.285714,-1.714286,-44.444444
3.2.马里,马里 新增次日留存UV,11.857143,8.285714,10.142857,8.285714,38.714286,5.571429,7.714286,4.571429,3.571429,43.103448
3.2.黎巴嫩,黎巴嫩 新增次日留存UV,6.285714,6.285714,5.142857,6.285714,6.857143,8.142857,8.142857,5.285714,0.0,0.0
3.2.黑山,黑山 新增次日留存UV,4.714286,5.285714,4.285714,3.571429,5.714286,4.285714,4.142857,2.428571,-0.571429,-10.810811
