层级,指标,本周,上周,2周前,3周前,4周前,5周前,6周前,7周前,wow,wow%,对整体变化绝对值贡献,对整体变化值贡献率,对整体变化率贡献
1,整体 新增次留,0.157097,0.141583,0.136161,0.142303,0.142372,0.144165,0.134085,0.138158,0.015514,10.957892,0.015514,100.0,10.957892
1.1,渠道 新增次留,0.125889,0.105862,0.101853,0.110935,0.107046,0.105954,0.095577,0.095517,0.020027,18.918223,0.0068172506,43.942572,4.81518
1.1.unknow,unknow 新增次留,,,,0.0,0.0,,,,,,,,
1.1.不丹,不丹 新增次留,,,,,,,1.0,,,,,,
1.1.东帝汶,东帝汶 新增次留,1.0,,,,,,,,,,,,
1.1.中国,中国 新增次留,0.25,0.333333,0.0,0.142857,0.0,0.0,0.5,1.0,-0.083333,-25.0,-2.0603e-06,-0.01328,-0.001455
1.1.中非,中非 新增次留,1.0,,,,,,,,,,,,
1.1.丹麦,丹麦 新增次留,0.25,0.0,0.066667,0.333333,0.25,0.0,0.428571,0.142857,0.25,,1.03013e-05,0.0664,0.007276
1.1.乌克兰,乌克兰 新增次留,0.089172,0.083333,0.134615,0.124294,0.124183,0.120805,0.134615,0.142045,0.005839,7.006369,3.4646e-06,0.022332,0.002447
1.1.乌兹别克斯坦,乌兹别克斯坦 新增次留,0.1,0.0,0.04878,0.1,0.076923,0.15,0.115385,0.086957,0.1,,1.3068e-05,0.084233,0.00923
1.1.乌干达,乌干达 新增次留,0.25,0.333333,0.0,0.333333,0.5,0.0,0.666667,0.0,-0.083333,-25.0,-3.0904e-06,-0.01992,-0.002183
1.1.乌拉圭,乌拉圭 新增次留,0.0,0.166667,0.071429,0.0,0.0,0.0,0.111111,0.0,-0.166667,-100.0,-4.9446e-06,-0.031872,-0.003492
1.1.乍得,乍得 新增次留,0.333333,,,,,,0.0,,,,,,
1.1.也门,也门 新增次留,,,,1.0,,,0.0,0.0,,,,,
1.1.亚美尼亚,亚美尼亚 新增次留,0.0,0.222222,0.166667,0.157895,0.0,0.166667,0.222222,0.142857,-0.222222,-100.0,-9.8893e-06,-0.063744,-0.006985
1.1.以色列,以色列 新增次留,0.142857,0.176471,0.233083,0.055556,0.25,0.0,0.0,0.16,-0.033613,-19.047619,-1.00913e-05,-0.065046,-0.007128
1.1.伊拉克,伊拉克 新增次留,0.066667,0.119403,0.12069,0.137255,0.068182,0.152174,0.148936,0.206897,-0.052736,-44.166667,-1.24792e-05,-0.080439,-0.008814
1.1.伊朗,伊朗 新增次留,0.13748,0.105027,0.117056,0.123519,0.134387,0.17847,0.141343,0.189024,0.032453,30.899486,0.0007912235,5.100061,0.558859
1.1.伯利兹,伯利兹 新增次留,0.0,0.0,0.0,,,0.0,0.0,,0.0,,0.0,0.0,0.0
1.1.佛得角,佛得角 新增次留,0.0,0.25,0.333333,1.0,0.0,,1.0,0.0,-0.25,-100.0,-6.1808e-06,-0.03984,-0.004366
1.1.俄罗斯,俄罗斯 新增次留,0.114549,0.103229,0.121517,0.10098,0.115464,0.103844,0.106642,0.102922,0.011321,10.96658,8.79181e-05,0.566701,0.062098
1.1.保加利亚,保加利亚 新增次留,0.235294,0.086957,0.057143,0.142857,0.333333,0.095238,0.058824,0.454545,0.148338,170.588235,1.20499e-05,0.077671,0.008511
1.1.克罗地亚,克罗地亚 新增次留,0.294118,0.533333,0.285714,0.192308,0.473684,0.25,0.0,0.48,-0.239216,-44.852941,-1.26732e-05,-0.081689,-0.008951
1.1.关岛,关岛 新增次留,0.0,0.0,,0.0,0.0,,,0.5,0.0,,0.0,0.0,0.0
1.1.冈比亚,冈比亚 新增次留,0.210526,0.153846,0.307692,0.166667,0.1,0.066667,0.3,0.333333,0.05668,36.842105,3.6434e-06,0.023485,0.002573
1.1.冰岛,冰岛 新增次留,0.0,0.0,0.0,0.0,0.0,0.5,0.0,0.0,0.0,,0.0,0.0,0.0
1.1.几内亚,几内亚 新增次留,,0.0,0.0,0.333333,0.0,0.0,1.0,,,,,,
1.1.几内亚比绍,几内亚比绍 新增次留,,,1.0,,,,,,,,,,
1.1.列支敦士登,列支敦士登 新增次留,,0.0,,,,,,,,,,,
1.1.刚果共和国,刚果共和国 新增次留,0.0,0.0,,0.0,,,0.0,0.0,0.0,,0.0,0.0,0.0
1.1.刚果民主共和国,刚果民主共和国 新增次留,0.0,0.25,0.2,1.0,0.5,0.333333,0.25,0.0,-0.25,-100.0,-8.2411e-06,-0.05312,-0.005821
1.1.利比亚,利比亚 新增次留,,0.25,0.5,0.333333,0.5,0.2,0.0,0.0,,,,,
1.1.利比里亚,利比里亚 新增次留,0.0,0.0,0.0,0.0,1.0,0.0,1.0,0.0,0.0,,0.0,0.0,0.0
1.1.加拿大,加拿大 新增次留,0.082148,0.106908,0.079893,0.105488,0.086106,0.081408,0.072362,0.063628,-0.024759,-23.159558,-5.31693e-05,-0.342718,-0.037555
1.1.加纳,加纳 新增次留,0.222222,0.184211,0.205882,0.2,0.184211,0.257143,0.190476,0.357143,0.038012,20.634921,5.1015e-06,0.032883,0.003603
1.1.加蓬,加蓬 新增次留,0.5,,,,,0.0,,,,,,,
1.1.匈牙利,匈牙利 新增次留,0.153846,0.2,0.0,0.0,0.111111,0.0,0.153846,0.111111,-0.046154,-23.076923,-2.2821e-06,-0.01471,-0.001612
1.1.北马其顿,北马其顿 新增次留,0.0,0.2,0.0,0.333333,0.5,0.0,0.166667,0.428571,-0.2,-100.0,-6.1808e-06,-0.03984,-0.004366
1.1.北马里亚纳群岛,北马里亚纳群岛 新增次留,,,,,,,0.0,,,,,,
1.1.南苏丹,南苏丹 新增次留,0.34,0.280702,0.254902,0.166667,0.139535,0.348837,0.25,0.142857,0.059298,21.125,1.19377e-05,0.076948,0.008432
1.1.南非,南非 新增次留,0.1875,0.260274,0.163121,0.125,0.136364,0.2,0.2,0.076923,-0.072774,-27.960526,-1.87631e-05,-0.120943,-0.013253
1.1.博茨瓦纳,博茨瓦纳 新增次留,,,0.0,0.0,,,,0.0,,,,,
1.1.卡塔尔,卡塔尔 新增次留,0.428571,0.0,0.142857,0.153846,0.25,0.0,0.125,0.1,0.428571,,1.32446e-05,0.085372,0.009355
1.1.卢旺达,卢旺达 新增次留,0.0,0.0,0.333333,0.25,,0.0,1.0,,0.0,,0.0,0.0,0.0
1.1.卢森堡,卢森堡 新增次留,0.0,0.0,0.0,0.0,0.0,0.0,0.0,0.5,0.0,,0.0,0.0,0.0
1.1.印度,印度 新增次留,0.210046,0.209424,0.227488,0.192513,0.154762,0.190141,0.198795,0.190751,0.000622,0.296804,4.196e-07,0.002705,0.000296
1.1.印度尼西亚,印度尼西亚 新增次留,0.166667,0.149254,0.12987,0.090909,0.104167,0.135135,0.219512,0.15625,0.017413,11.666667,4.1205e-06,0.02656,0.00291
1.1.危地马拉,危地马拉 新增次留,0.0,0.038462,0.117647,0.133333,0.0,0.0,0.0,0.142857,-0.038462,-100.0,-3.5319e-06,-0.022766,-0.002495
1.1.厄瓜多尔,厄瓜多尔 新增次留,0.15,0.117647,0.185185,0.216216,0.08,0.055556,0.035714,0.16129,0.032353,27.5,1.9425e-06,0.012521,0.001372
1.1.叙利亚,叙利亚 新增次留,0.139535,0.138889,0.121951,0.137931,0.227273,0.166667,0.152174,0.117647,0.000646,0.465116,8.21e-08,0.000529,5.8e-05
1.1.古巴,古巴 新增次留,0.0,0.0,0.5,0.142857,0.0,0.166667,0.5,0.0,0.0,,0.0,0.0,0.0
1.1.台湾,台湾 新增次留,0.25,0.333333,0.25,0.5,0.0,0.0,0.5,0.0,-0.083333,-25.0,-3.0904e-06,-0.01992,-0.002183
1.1.吉尔吉斯斯坦,吉尔吉斯斯坦 新增次留,0.0,0.0,0.166667,0.1875,0.166667,0.125,0.133333,0.117647,0.0,,0.0,0.0,0.0
1.1.吉布提,吉布提 新增次留,,,,,,,0.0,0.0,,,,,
1.1.哈萨克斯坦,哈萨克斯坦 新增次留,0.098361,0.136364,0.117647,0.166667,0.106383,0.050847,0.145833,0.095238,-0.038003,-27.868852,-8.8587e-06,-0.057101,-0.006257
1.1.哥伦比亚,哥伦比亚 新增次留,0.10989,0.120879,0.12037,0.132653,0.085106,0.065934,0.097826,0.028846,-0.010989,-9.090909,-3.5319e-06,-0.022766,-0.002495
1.1.哥斯达黎加,哥斯达黎加 新增次留,0.066667,0.333333,0.0,0.1,0.0,0.2,0.384615,0.0,-0.266667,-80.0,-1.31857e-05,-0.084992,-0.009313
1.1.喀麦隆,喀麦隆 新增次留,0.181818,0.5,0.2,0.4,0.2,0.4,0.0,1.0,-0.318182,-63.636364,-7.8665e-06,-0.050706,-0.005556
1.1.图瓦卢,图瓦卢 新增次留,,,,,,,,,,,,,
1.1.土库曼斯坦,土库曼斯坦 新增次留,0.333333,,,,,0.0,0.0,0.5,,,,,
1.1.土耳其,土耳其 新增次留,0.113983,0.101487,0.099112,0.097278,0.079014,0.08105,0.090114,0.09629,0.012496,12.312489,0.0004718411,3.041389,0.333272
1.1.圣卢西亚,圣卢西亚 新增次留,,,1.0,,,,0.0,,,,,,
1.1.圣基茨和尼维斯,圣基茨和尼维斯 新增次留,,,,,,,1.0,,,,,,
1.1.圣多美和普林西比,圣多美和普林西比 新增次留,,0.0,,,,,,,,,,,
1.1.圣巴泰勒米岛,圣巴泰勒米岛 新增次留,,,,,,,,,,,,,
1.1.圣文森特和格林纳丁斯,圣文森特和格林纳丁斯 新增次留,,1.0,,0.0,,,,,,,,,
1.1.圣马力诺,圣马力诺 新增次留,,,,,,,,0.0,,,,,
1.1.圭亚那,圭亚那 新增次留,0.0,0.0,0.0,0.0,0.0,0.0,0.0,0.0,0.0,,0.0,0.0,0.0
1.1.坦桑尼亚,坦桑尼亚 新增次留,0.181818,0.0,0.25,0.285714,0.25,0.2,0.3,0.0,0.181818,,8.9902e-06,0.057949,0.00635
1.1.埃及,埃及 新增次留,0.121212,0.292683,0.076923,0.163265,0.226415,0.23913,0.103448,0.234568,-0.171471,-58.585859,-2.48302e-05,-0.160051,-0.017538
1.1.埃塞俄比亚,埃塞俄比亚 新增次留,0.0,0.25,0.0,0.0,0.4,0.0,0.3,0.0,-0.25,-100.0,-8.2411e-06,-0.05312,-0.005821
1.1.基里巴斯,基里巴斯 新增次留,,,,,,,,0.0,,,,,
1.1.塔吉克斯坦,塔吉克斯坦 新增次留,0.0,0.25,0.0,0.0,0.666667,0.0,0.0,0.0,-0.25,-100.0,-6.1808e-06,-0.03984,-0.004366
1.1.塞内加尔,塞内加尔 新增次留,0.25,0.0,1.0,0.0,0.0,0.2,0.416667,0.25,0.25,,6.1808e-06,0.03984,0.004366
1.1.塞尔维亚,塞尔维亚 新增次留,0.137931,0.055556,0.055556,0.2,0.038462,0.035714,0.192308,0.066667,0.082375,148.275862,5.2369e-06,0.033756,0.003699
1.1.塞拉利昂,塞拉利昂 新增次留,0.0,0.25,,,0.0,,0.0,0.5,-0.25,-100.0,-8.2411e-06,-0.05312,-0.005821
1.1.塞浦路斯,塞浦路斯 新增次留,0.0,0.166667,0.2,0.071429,0.285714,0.222222,0.416667,0.153846,-0.166667,-100.0,-7.0638e-06,-0.045532,-0.004989
1.1.塞舌尔,塞舌尔 新增次留,0.0,0.0,0.0,0.0,0.0,,0.0,1.0,0.0,,0.0,0.0,0.0
1.1.墨西哥,墨西哥 新增次留,0.118529,0.086728,0.068845,0.073175,0.066224,0.076812,0.084303,0.054595,0.031801,36.667419,0.0013701605,8.831768,0.967776
1.1.多哥,多哥 新增次留,0.166667,,0.25,0.0,0.333333,0.0,0.0,0.333333,,,,,
1.1.多米尼克,多米尼克 新增次留,,,0.0,,,,,,,,,,
1.1.多米尼加,多米尼加 新增次留,0.142857,0.25,0.15,0.28,0.071429,0.071429,0.176471,0.1875,-0.107143,-42.857143,-1.05957e-05,-0.068297,-0.007484
1.1.奥兰群岛,奥兰群岛 新增次留,,,,,,,,,,,,,
1.1.奥地利,奥地利 新增次留,0.217391,0.166667,0.2,0.047619,0.083333,0.166667,0.071429,0.147059,0.050725,30.434783,5.3745e-06,0.034643,0.003796
1.1.委内瑞拉,委内瑞拉 新增次留,0.145161,0.0,0.08,0.093023,0.121951,0.125,0.042553,0.093023,0.145161,,2.05077e-05,0.132188,0.014485
1.1.孟加拉,孟加拉 新增次留,0.222222,0.176471,0.150794,0.170543,0.18,0.150794,0.139037,0.20283,0.045752,25.925926,1.92289e-05,0.123945,0.013582
1.1.安哥拉,安哥拉 新增次留,0.0,0.0,0.0,0.0,0.0,,0.333333,0.333333,0.0,,0.0,0.0,0.0
1.1.安圭拉,安圭拉 新增次留,1.0,,,0.0,0.0,,0.0,,,,,,
1.1.安提瓜和巴布达,安提瓜和巴布达 新增次留,,0.0,,0.0,1.0,0.0,,0.0,,,,,
1.1.安道尔,安道尔 新增次留,0.5,0.0,0.0,0.0,,0.5,1.0,0.0,0.5,,1.23616e-05,0.07968,0.008731
1.1.密克罗尼西亚联邦,密克罗尼西亚联邦 新增次留,,,,,,,,,,,,,
1.1.尼加拉瓜,尼加拉瓜 新增次留,0.25,0.0,0.0,0.2,0.333333,0.25,0.142857,0.0,0.25,,7.2109e-06,0.04648,0.005093
1.1.尼日利亚,尼日利亚 新增次留,0.246753,0.234177,0.162651,0.235897,0.268293,0.229167,0.242775,0.296,0.012576,5.370305,7.0179e-06,0.045236,0.004957
1.1.尼日尔,尼日尔 新增次留,,,,1.0,0.0,0.0,,0.0,,,,,
1.1.尼泊尔,尼泊尔 新增次留,0.230769,0.181818,0.285714,0.166667,0.153846,0.142857,0.230769,0.130435,0.048951,26.923077,2.2187e-06,0.014302,0.001567
1.1.巴勒斯坦,巴勒斯坦 新增次留,0.5,0.111111,0.25,0.166667,0.4,0.1,0.25,0.0,0.388889,350.0,2.16328e-05,0.13944,0.01528
1.1.巴哈马,巴哈马 新增次留,0.181818,0.0,0.111111,0.125,0.833333,0.75,0.0,0.0,0.181818,,4.4951e-06,0.028975,0.003175
1.1.巴基斯坦,巴基斯坦 新增次留,0.179487,0.192308,0.162791,0.122449,0.148148,0.189189,0.176471,0.194805,-0.012821,-6.666667,-2.3547e-06,-0.015178,-0.001663
1.1.巴巴多斯,巴巴多斯 新增次留,0.25,0.0,0.5,1.0,0.5,,0.333333,0.0,0.25,,1.23616e-05,0.07968,0.008731
1.1.巴布亚新几内亚,巴布亚新几内亚 新增次留,,,0.0,,0.0,0.0,,,,,,,
1.1.巴拉圭,巴拉圭 新增次留,0.142857,0.142857,0.086957,0.0,0.055556,0.25,0.066667,0.111111,-0.0,-0.0,0.0,0.0,0.0
1.1.巴拿马,巴拿马 新增次留,0.111111,0.090909,0.0,0.133333,0.222222,0.1,0.2,0.0,0.020202,22.222222,1.3735e-06,0.008853,0.00097
1.1.巴林,巴林 新增次留,0.0,0.0,0.0,0.0,0.0,1.0,,0.25,0.0,,0.0,0.0,0.0
1.1.巴西,巴西 新增次留,0.129323,0.0956,0.093253,0.108418,0.102442,0.103379,0.082692,0.085734,0.033724,35.276162,0.0044091749,28.420619,3.114301
1.1.布基纳法索,布基纳法索 新增次留,0.0,0.4,0.333333,0.0,0.571429,0.166667,0.0,0.0,-0.4,-100.0,-1.23616e-05,-0.07968,-0.008731
1.1.布隆迪,布隆迪 新增次留,0.0,1.0,0.0,,0.0,0.5,,0.0,-1.0,-100.0,-2.47232e-05,-0.159361,-0.017463
1.1.希腊,希腊 新增次留,0.188406,0.273973,0.166667,0.266667,0.25,0.149254,0.292308,0.204545,-0.085567,-31.231884,-2.20615e-05,-0.142204,-0.015583
1.1.帕劳,帕劳 新增次留,,,,,,,,,,,,,
1.1.库克群岛,库克群岛 新增次留,,,,,,,,,,,,,
1.1.库拉索,库拉索 新增次留,0.0,,,0.0,0.0,,0.0,0.0,,,,,
1.1.开曼群岛,开曼群岛 新增次留,0.25,0.0,0.0,1.0,0.0,,,0.0,0.25,,6.1808e-06,0.03984,0.004366
1.1.德国,德国 新增次留,0.125436,0.132895,0.130945,0.131911,0.132012,0.125196,0.121887,0.144947,-0.00746,-5.613333,-5.21354e-05,-0.336054,-0.036824
1.1.意大利,意大利 新增次留,0.135593,0.22449,0.107692,0.147541,0.213483,0.138298,0.241379,0.100917,-0.088897,-39.599384,-3.07694e-05,-0.198333,-0.021733
1.1.所罗门群岛,所罗门群岛 新增次留,,,,,,,,,,,,,
1.1.拉脱维亚,拉脱维亚 新增次留,0.113636,0.212121,0.3,0.111111,0.133333,0.095238,0.0,0.130435,-0.098485,-46.428571,-1.14786e-05,-0.073989,-0.008108
1.1.挪威,挪威 新增次留,0.071429,0.0,0.076923,0.238095,0.090909,0.5,0.176471,0.277778,0.071429,,5.651e-06,0.036425,0.003991
1.1.捷克,捷克 新增次留,0.0625,0.166667,0.136364,0.12,0.071429,0.055556,0.083333,0.0,-0.104167,-62.5,-6.1808e-06,-0.03984,-0.004366
1.1.摩尔多瓦,摩尔多瓦 新增次留,0.066667,0.0625,0.133333,0.153846,0.0,0.0,0.166667,0.1,0.004167,6.666667,2.747e-07,0.001771,0.000194
1.1.摩洛哥,摩洛哥 新增次留,0.176471,0.263158,0.133333,0.214286,0.074074,0.230769,0.153846,0.214286,-0.086687,-32.941176,-5.8172e-06,-0.037496,-0.004109
1.1.摩纳哥,摩纳哥 新增次留,0.0,,,,,1.0,,,,,,,
1.1.文莱,文莱 新增次留,1.0,0.0,,0.0,0.0,0.0,0.0,0.0,1.0,,2.47232e-05,0.159361,0.017463
1.1.斐济,斐济 新增次留,1.0,1.0,0.0,0.0,0.0,0.0,0.5,0.0,0.0,0.0,0.0,0.0,0.0
1.1.斯威士兰,斯威士兰 新增次留,,,,,,,,0.0,,,,,
1.1.斯洛伐克,斯洛伐克 新增次留,0.0,0.2,0.0,0.166667,0.111111,0.25,0.090909,0.0,-0.2,-100.0,-8.2411e-06,-0.05312,-0.005821
1.1.斯洛文尼亚,斯洛文尼亚 新增次留,0.0,0.2,,0.333333,0.0,0.0,0.0,0.0,-0.2,-100.0,-6.1808e-06,-0.03984,-0.004366
1.1.斯里兰卡,斯里兰卡 新增次留,0.4,0.0,0.0,0.0,0.5,0.2,0.0,0.25,0.4,,2.96678e-05,0.191233,0.020955
1.1.新加坡,新加坡 新增次留,0.090909,0.0,0.045455,0.15,0.25,0.142857,0.181818,0.15,0.090909,,4.4951e-06,0.028975,0.003175
1.1.新喀里多尼亚,新喀里多尼亚 新增次留,,,,,,0.0,,,,,,,
1.1.新西兰,新西兰 新增次留,0.0,0.083333,0.2,0.571429,0.0,0.0,0.0,0.0,-0.083333,-100.0,-4.1205e-06,-0.02656,-0.00291
1.1.日本,日本 新增次留,0.25,0.117647,0.1,0.088,0.21875,0.347826,0.217391,0.137931,0.132353,112.5,9.2712e-06,0.05976,0.006548
1.1.智利,智利 新增次留,0.121212,0.125,0.138298,0.088235,0.122449,0.085714,0.030303,0.125,-0.003788,-3.030303,-7.492e-07,-0.004829,-0.000529
1.1.柬埔寨,柬埔寨 新增次留,0.0,1.0,1.0,0.5,0.5,0.0,0.0,0.0,-1.0,-100.0,-2.47232e-05,-0.159361,-0.017463
1.1.根西岛,根西岛 新增次留,,,,,0.0,,,1.0,,,,,
1.1.格林纳达,格林纳达 新增次留,0.0,0.0,0.0,0.0,,0.0,,,0.0,,0.0,0.0,0.0
1.1.格陵兰,格陵兰 新增次留,,,,,,,,,,,,,
1.1.格鲁吉亚,格鲁吉亚 新增次留,0.185185,0.190476,0.095238,0.125,0.0,0.130435,0.086957,0.230769,-0.005291,-2.777778,-3.924e-07,-0.00253,-0.000277
1.1.比利时,比利时 新增次留,0.0,0.230769,0.26087,0.047619,0.090909,0.0,0.0625,0.08,-0.230769,-100.0,-1.23616e-05,-0.07968,-0.008731
1.1.毛里塔尼亚,毛里塔尼亚 新增次留,1.0,,0.0,0.0,,0.0,0.0,1.0,,,,,
1.1.毛里求斯,毛里求斯 新增次留,0.25,0.0,0.333333,,0.5,0.0,0.0,0.0,0.25,,6.1808e-06,0.03984,0.004366
1.1.汤加,汤加 新增次留,,,,0.0,,0.0,,,,,,,
1.1.沙特阿拉伯,沙特阿拉伯 新增次留,0.0,0.166667,0.0,0.2,0.052632,0.090909,0.166667,0.105263,-0.166667,-100.0,-1.41276e-05,-0.091063,-0.009979
1.1.法国,法国 新增次留,0.116751,0.115207,0.120968,0.119403,0.165854,0.176201,0.150215,0.152047,0.001544,1.340102,1.1834e-06,0.007628,0.000836
1.1.法属圣马丁,法属圣马丁 新增次留,,0.0,,,,0.0,,0.0,,,,,
1.1.法属圭亚那,法属圭亚那 新增次留,,,0.0,,0.0,0.5,0.0,0.0,,,,,
1.1.法属波利尼西亚,法属波利尼西亚 新增次留,0.0,0.0,,0.0,,,1.0,,0.0,,0.0,0.0,0.0
1.1.法罗群岛,法罗群岛 新增次留,,,,,,,0.0,,,,,,
1.1.波兰,波兰 新增次留,0.16,0.168831,0.108108,0.101449,0.108696,0.140351,0.130435,0.147059,-0.008831,-5.230769,-2.4016e-06,-0.01548,-0.001696
1.1.波多黎各,波多黎各 新增次留,0.133333,0.222222,0.142857,0.277778,0.2,0.230769,0.045455,0.117647,-0.088889,-40.0,-3.9557e-06,-0.025498,-0.002794
1.1.波黑,波黑 新增次留,0.25,0.142857,0.142857,0.0,0.222222,0.25,0.25,0.0,0.107143,75.0,3.7085e-06,0.023904,0.002619
1.1.泰国,泰国 新增次留,0.090909,0.125,0.25,0.076923,0.111111,0.3,0.090909,0.181818,-0.034091,-27.272727,-1.3485e-06,-0.008692,-0.000952
1.1.泽西岛,泽西岛 新增次留,0.0,,,0.0,,,,0.0,,,,,
1.1.津巴布韦,津巴布韦 新增次留,0.25,,0.0,0.0,0.333333,0.0,0.0,0.333333,,,,,
1.1.洪都拉斯,洪都拉斯 新增次留,0.166667,0.2,0.142857,0.090909,0.125,0.090909,0.4,0.083333,-0.033333,-16.666667,-2.747e-06,-0.017707,-0.00194
1.1.海地,海地 新增次留,0.142857,0.090909,0.4,0.125,0.181818,0.0,0.2,1.0,0.051948,57.142857,2.8255e-06,0.018213,0.001996
1.1.澳大利亚,澳大利亚 新增次留,0.088083,0.10472,0.102207,0.095238,0.080268,0.092031,0.098298,0.122995,-0.016637,-15.887032,-3.98392e-05,-0.256795,-0.028139
1.1.澳门,澳门 新增次留,,,,,,0.0,,0.0,,,,,
1.1.爱尔兰,爱尔兰 新增次留,0.076923,0.166667,0.047619,0.26087,0.117647,0.142857,0.136364,0.136364,-0.089744,-53.846154,-5.7054e-06,-0.036776,-0.00403
1.1.爱沙尼亚,爱沙尼亚 新增次留,0.222222,0.166667,0.1875,0.153846,0.0,0.142857,0.181818,0.0,0.055556,33.333333,2.747e-06,0.017707,0.00194
1.1.牙买加,牙买加 新增次留,0.166667,0.105263,0.25,0.285714,0.2,0.25,0.125,0.125,0.061404,58.333333,4.8073e-06,0.030987,0.003396
1.1.特克斯和凯科斯群岛,特克斯和凯科斯群岛 新增次留,0.0,0.0,0.0,0.0,0.333333,,0.0,,0.0,,0.0,0.0,0.0
1.1.特立尼达和多巴哥,特立尼达和多巴哥 新增次留,0.5,0.25,0.0,0.142857,0.0,1.0,0.166667,0.166667,0.25,100.0,8.2411e-06,0.05312,0.005821
1.1.玻利维亚,玻利维亚 新增次留,0.0,0.083333,0.222222,0.052632,0.0,0.208333,0.038462,0.058824,-0.083333,-100.0,-4.9446e-06,-0.031872,-0.003492
1.1.瑞典,瑞典 新增次留,0.225806,0.181818,0.193182,0.109091,0.104762,0.083333,0.2,0.1,0.043988,24.193548,6.8359e-06,0.044063,0.004828
1.1.瑞士,瑞士 新增次留,0.178571,0.068966,0.130435,0.205128,0.157895,0.1,0.058824,0.041667,0.109606,158.928571,1.12263e-05,0.072362,0.007929
1.1.瓜德罗普,瓜德罗普 新增次留,0.0,,,,,0.0,,,,,,,
1.1.瓦利斯和富图纳群岛,瓦利斯和富图纳群岛 新增次留,,,,,,,,,,,,,
1.1.瓦努阿图,瓦努阿图 新增次留,,,0.5,,,,,,,,,,
1.1.留尼汪岛,留尼汪岛 新增次留,0.0,0.0,0.0,,0.0,0.0,0.0,0.0,0.0,,0.0,0.0,0.0
1.1.白俄罗斯,白俄罗斯 新增次留,0.056604,0.088,0.122951,0.11,0.078652,0.101695,0.042105,0.076271,-0.031396,-35.67753,-1.38609e-05,-0.089344,-0.00979
1.1.百慕大,百慕大 新增次留,,,,,0.0,,,,,,,,
1.1.直布罗陀,直布罗陀 新增次留,,0.0,,0.0,0.0,0.0,,0.0,,,,,
1.1.福克兰群岛,福克兰群岛 新增次留,,,,,,,,,,,,,
1.1.科威特,科威特 新增次留,0.0,0.0,0.0,0.0,0.0,0.375,0.142857,0.0,0.0,,0.0,0.0,0.0
1.1.科摩罗,科摩罗 新增次留,,,,,,,,,,,,,
1.1.科特迪瓦,科特迪瓦 新增次留,0.0,0.0,0.0,0.5,0.285714,0.0,0.25,0.25,0.0,,0.0,0.0,0.0
1.1.科索沃,科索沃 新增次留,0.5,0.0,0.333333,0.0,0.0,,0.0,0.0,0.5,,1.23616e-05,0.07968,0.008731
1.1.秘鲁,秘鲁 新增次留,0.018182,0.079365,0.079365,0.044776,0.112676,0.085714,0.084746,0.072464,-0.061183,-77.090909,-1.36137e-05,-0.087751,-0.009616
1.1.突尼斯,突尼斯 新增次留,0.111111,0.111111,0.083333,0.1,0.333333,0.076923,0.2,0.444444,0.0,0.0,0.0,0.0,0.0
1.1.立陶宛,立陶宛 新增次留,0.0,0.142857,0.0,0.1875,0.0,0.181818,0.0,0.0,-0.142857,-100.0,-9.8893e-06,-0.063744,-0.006985
1.1.索马里,索马里 新增次留,0.333333,0.0,0.2,0.0,0.25,0.0,0.111111,0.25,0.333333,,8.2411e-06,0.05312,0.005821
1.1.约旦,约旦 新增次留,0.3,0.111111,0.222222,0.0,0.090909,0.0,0.2,0.333333,0.188889,170.0,8.4059e-06,0.054183,0.005937
1.1.纳米比亚,纳米比亚 新增次留,,,,,,,,0.5,,,,,
1.1.缅甸,缅甸 新增次留,0.052632,0.0625,0.1,0.125,0.0,0.125,0.294118,0.214286,-0.009868,-15.789474,-7.807e-07,-0.005032,-0.000551
1.1.罗马尼亚,罗马尼亚 新增次留,0.259259,0.178571,0.038462,0.25,0.151515,0.043478,0.15,0.272727,0.080688,45.185185,7.9795e-06,0.051434,0.005636
1.1.美国,美国 新增次留,0.132191,0.133077,0.131589,0.12552,0.131526,0.125514,0.115726,0.108758,-0.000886,-0.665908,-4.64412e-05,-0.29935,-0.032802
1.1.美属维尔京群岛,美属维尔京群岛 新增次留,0.0,0.0,,,0.0,1.0,0.0,,0.0,,0.0,0.0,0.0
1.1.老挝,老挝 新增次留,0.2,0.0,0.0,,0.0,,0.0,0.0,0.2,,4.9446e-06,0.031872,0.003492
1.1.肯尼亚,肯尼亚 新增次留,0.2,0.166667,0.25,0.0,0.333333,0.214286,0.263158,0.111111,0.033333,20.0,1.6482e-06,0.010624,0.001164
1.1.芬兰,芬兰 新增次留,0.22,0.166667,0.15873,0.255319,0.177778,0.181818,0.230769,0.153846,0.053333,32.0,1.24322e-05,0.080135,0.008781
1.1.苏丹,苏丹 新增次留,0.0,0.0,0.0,0.0,0.0,,0.0,0.0,0.0,,0.0,0.0,0.0
1.1.苏里南,苏里南 新增次留,,0.0,,0.0,0.0,0.0,,0.0,,,,,
1.1.英国,英国 新增次留,0.146311,0.136621,0.128592,0.13651,0.152954,0.156833,0.14301,0.151022,0.00969,7.092529,0.0001811132,1.167418,0.127924
1.1.英属维尔京群岛,英属维尔京群岛 新增次留,0.0,1.0,0.0,0.0,,,,0.0,-1.0,-100.0,-2.47232e-05,-0.159361,-0.017463
1.1.荷兰,荷兰 新增次留,0.178082,0.168605,0.154839,0.138889,0.190184,0.2,0.117647,0.079646,0.009478,5.621162,5.7571e-06,0.037109,0.004066
1.1.荷兰加勒比,荷兰加勒比 新增次留,,0.0,,,,0.0,,,,,,,
1.1.荷属圣马丁,荷属圣马丁 新增次留,1.0,0.0,,0.0,,0.0,1.0,0.0,1.0,,2.47232e-05,0.159361,0.017463
1.1.莫桑比克,莫桑比克 新增次留,0.0,,0.0,0.0,0.0,0.0,0.333333,0.333333,,,,,
1.1.莱索托,莱索托 新增次留,,0.0,,,,,,,,,,,
1.1.菲律宾,菲律宾 新增次留,0.183673,0.138889,0.134615,0.088889,0.133333,0.224138,0.107143,0.181818,0.044785,32.244898,6.6432e-06,0.042821,0.004692
1.1.萨尔瓦多,萨尔瓦多 新增次留,0.214286,0.090909,0.166667,0.153846,0.066667,0.1,0.222222,0.090909,0.123377,135.714286,5.5922e-06,0.036046,0.00395
1.1.萨摩亚,萨摩亚 新增次留,,,,,,,0.0,,,,,,
1.1.葡萄牙,葡萄牙 新增次留,0.12069,0.126984,0.101695,0.134146,0.164179,0.16129,0.126761,0.052632,-0.006294,-4.956897,-1.4005e-06,-0.009027,-0.000989
1.1.蒙古,蒙古 新增次留,0.5,0.0,0.0,,0.0,1.0,0.0,0.0,0.5,,1.23616e-05,0.07968,0.008731
1.1.西班牙,西班牙 新增次留,0.132422,0.14208,0.156126,0.16726,0.153082,0.135011,0.172897,0.170663,-0.009658,-6.797908,-5.01772e-05,-0.323432,-0.035441
1.1.贝宁,贝宁 新增次留,,0.0,0.0,0.0,0.333333,1.0,0.666667,0.0,,,,,
1.1.赞比亚,赞比亚 新增次留,,0.5,0.5,0.0,0.0,0.5,0.333333,0.0,,,,,
1.1.赤道几内亚,赤道几内亚 新增次留,,,,,,,,,,,,,
1.1.越南,越南 新增次留,0.25,0.111111,0.125,0.266667,0.0,0.3,0.133333,0.235294,0.138889,125.0,8.8297e-06,0.056915,0.006237
1.1.阿塞拜疆,阿塞拜疆 新增次留,0.111111,0.2,0.075,0.142857,0.090909,0.125,0.238095,0.071429,-0.088889,-44.444444,-4.7092e-06,-0.030354,-0.003326
1.1.阿富汗,阿富汗 新增次留,0.142857,0.0,0.0,0.0,0.125,0.285714,0.333333,0.0,0.142857,,3.5319e-06,0.022766,0.002495
1.1.阿尔及利亚,阿尔及利亚 新增次留,0.117647,0.25,0.272727,0.052632,0.071429,0.0,0.090909,0.041667,-0.132353,-52.941176,-6.5444e-06,-0.042184,-0.004622
1.1.阿尔巴尼亚,阿尔巴尼亚 新增次留,0.117647,0.192308,0.318182,0.117647,0.333333,0.083333,0.05,0.133333,-0.074661,-38.823529,-6.856e-06,-0.044193,-0.004843
1.1.阿曼,阿曼 新增次留,0.333333,0.5,0.333333,0.0,0.333333,0.25,0.25,0.0,-0.166667,-33.333333,-4.1205e-06,-0.02656,-0.00291
1.1.阿根廷,阿根廷 新增次留,0.1,0.096774,0.054545,0.093023,0.049383,0.04,0.084337,0.036145,0.003226,3.333333,7.064e-07,0.004553,0.000499
1.1.阿联酋,阿联酋 新增次留,0.2,0.227273,0.0,0.12,0.242424,0.125,0.157895,0.205128,-0.027273,-12.0,-2.1192e-06,-0.01366,-0.001497
1.1.阿鲁巴,阿鲁巴 新增次留,0.2,0.5,0.166667,0.666667,0.5,0.142857,0.0,0.0,-0.3,-60.0,-7.417e-06,-0.047808,-0.005239
1.1.韩国,韩国 新增次留,0.125,0.0,0.076923,0.0,0.090909,0.142857,0.0,0.153846,0.125,,3.0904e-06,0.01992,0.002183
1.1.香港,香港 新增次留,0.161616,0.116608,0.131266,0.127731,0.130952,0.289157,0.2,0.146341,0.045008,38.598102,0.0001799462,1.159895,0.1271
1.1.马尔代夫,马尔代夫 新增次留,0.0,0.0,0.0,,0.333333,0.5,1.0,0.0,0.0,,0.0,0.0,0.0
1.1.马恩岛,马恩岛 新增次留,0.0,,0.5,,0.0,,,0.0,,,,,
1.1.马拉维,马拉维 新增次留,0.0,1.0,,,0.333333,0.5,0.5,0.0,-1.0,-100.0,-2.47232e-05,-0.159361,-0.017463
1.1.马提尼克岛,马提尼克岛 新增次留,0.0,,,,,,0.0,,,,,,
1.1.马来西亚,马来西亚 新增次留,0.0,0.0,0.2,0.090909,0.117647,0.153846,0.083333,0.173913,0.0,,0.0,0.0,0.0
1.1.马约特,马约特 新增次留,,,,,,,,,,,,,
1.1.马绍尔群岛,马绍尔群岛 新增次留,,0.0,,,,,,,,,,,
1.1.马耳他,马耳他 新增次留,0.2,1.0,0.428571,0.111111,0.0,0.2,0.272727,0.25,-0.8,-80.0,-1.97786e-05,-0.127488,-0.01397
1.1.马达加斯加,马达加斯加 新增次留,1.0,0.0,0.0,0.0,0.0,0.0,0.0,0.0,1.0,,2.47232e-05,0.159361,0.017463
1.1.马里,马里 新增次留,0.0,0.0,0.0,0.2,0.0,0.071429,0.333333,,0.0,,0.0,0.0,0.0
1.1.黎巴嫩,黎巴嫩 新增次留,0.111111,0.285714,0.083333,0.0,0.166667,0.125,0.076923,0.5,-0.174603,-61.111111,-1.00724e-05,-0.064925,-0.007114
1.1.黑山,黑山 新增次留,0.0,0.2,0.428571,0.0,0.333333,0.333333,0.4,0.333333,-0.2,-100.0,-7.0638e-06,-0.045532,-0.004989
1.2,自然 新增次留,0.16871,0.160017,0.158065,0.162153,0.166525,0.168695,0.161145,0.164972,0.008692,5.432181,0.0057338768,36.959371,4.049968
1.2.unknow,unknow 新增次留,0.0,0.071429,0.0,0.111111,0.0,0.0,0.071429,0.0625,-0.071429,-100.0,-4.1206e-06,-0.02656,-0.00291
1.2.不丹,不丹 新增次留,0.0,0.0,0.0,0.0,0.0,0.0,0.0,0.0,0.0,,0.0,0.0,0.0
1.2.东帝汶,东帝汶 新增次留,0.25,0.0,0.0,,0.0,0.0,0.5,0.0,0.25,,6.1808e-06,0.03984,0.004366
1.2.中国,中国 新增次留,0.159468,0.166667,0.138889,0.145336,0.155789,0.128266,0.138958,0.154639,-0.007198,-4.318937,-7.4753e-06,-0.048184,-0.00528
1.2.中非,中非 新增次留,0.0,0.0,0.222222,0.0,0.125,0.5,0.0,0.333333,0.0,,0.0,0.0,0.0
1.2.丹麦,丹麦 新增次留,0.174342,0.179487,0.093117,0.162712,0.13806,0.131488,0.156069,0.130137,-0.005145,-2.866541,-4.9608e-06,-0.031976,-0.003504
1.2.乌克兰,乌克兰 新增次留,0.204203,0.189387,0.183667,0.187764,0.1757,0.184575,0.180801,0.189245,0.014816,7.823376,0.0001646775,1.061476,0.116315
1.2.乌兹别克斯坦,乌兹别克斯坦 新增次留,0.16092,0.15,0.20045,0.147826,0.21875,0.18677,0.172973,0.161446,0.01092,7.279693,1.38845e-05,0.089497,0.009807
1.2.乌干达,乌干达 新增次留,0.142857,0.181818,0.234568,0.210526,0.25641,0.219512,0.267442,0.282609,-0.038961,-21.428571,-1.8164e-05,-0.117081,-0.01283
1.2.乌拉圭,乌拉圭 新增次留,0.184783,0.205479,0.191781,0.25,0.105882,0.076923,0.183333,0.140625,-0.020697,-10.072464,-5.336e-06,-0.034395,-0.003769
1.2.乍得,乍得 新增次留,0.117647,0.1,0.0,0.333333,0.0,0.285714,0.157895,0.176471,0.017647,17.647059,1.8698e-06,0.012052,0.001321
1.2.也门,也门 新增次留,0.147059,0.155172,0.147059,0.129032,0.181818,0.142857,0.172414,0.1875,-0.008114,-5.228758,-1.6619e-06,-0.010713,-0.001174
1.2.亚美尼亚,亚美尼亚 新增次留,0.18593,0.186207,0.171662,0.198413,0.184679,0.203438,0.154982,0.176707,-0.000277,-0.148893,-4.256e-07,-0.002743,-0.000301
1.2.以色列,以色列 新增次留,0.176312,0.160167,0.15903,0.164894,0.150388,0.152661,0.151061,0.181495,0.016145,10.080169,4.0942e-05,0.263903,0.028918
1.2.伊拉克,伊拉克 新增次留,0.139496,0.111872,0.114671,0.131579,0.144712,0.132576,0.126095,0.138955,0.027624,24.692163,8.54667e-05,0.550901,0.060367
1.2.伊朗,伊朗 新增次留,0.133509,0.140456,0.161341,0.15342,0.158554,0.158042,0.158094,0.149238,-0.006947,-4.946079,-0.0001839464,-1.18568,-0.129926
1.2.伯利兹,伯利兹 新增次留,0.076923,0.083333,0.227273,0.090909,0.25,0.222222,0.166667,0.227273,-0.00641,-7.692308,-5.433e-07,-0.003502,-0.000384
1.2.佛得角,佛得角 新增次留,0.294118,0.142857,0.166667,0.071429,0.133333,0.157895,0.0,0.266667,0.151261,105.882353,1.30888e-05,0.084368,0.009245
1.2.俄罗斯,俄罗斯 新增次留,0.189187,0.175159,0.178879,0.181272,0.187073,0.198983,0.179054,0.179884,0.014028,8.008768,0.0006621725,4.268226,0.467708
1.2.保加利亚,保加利亚 新增次留,0.169734,0.151394,0.181087,0.167464,0.174447,0.174242,0.154158,0.143954,0.01834,12.113874,3.25169e-05,0.209597,0.022967
1.2.克罗地亚,克罗地亚 新增次留,0.189899,0.168085,0.156322,0.128603,0.161383,0.146277,0.18705,0.156425,0.021814,12.97788,3.62109e-05,0.233408,0.025577
1.2.关岛,关岛 新增次留,0.0,0.5,0.0,0.0,0.3,0.0,0.058824,0.181818,-0.5,-100.0,-1.23616e-05,-0.07968,-0.008731
1.2.冈比亚,冈比亚 新增次留,0.145833,0.167883,0.254098,0.266667,0.253623,0.202381,0.273846,0.246944,-0.02205,-13.134058,-1.06693e-05,-0.068772,-0.007536
1.2.冰岛,冰岛 新增次留,0.173913,0.137931,0.043478,0.32,0.1,0.259259,0.150943,0.185185,0.035982,26.086957,3.6854e-06,0.023756,0.002603
1.2.几内亚,几内亚 新增次留,0.224299,0.16,0.204301,0.184211,0.197802,0.151316,0.228571,0.156863,0.064299,40.186916,2.83871e-05,0.182977,0.02005
1.2.几内亚比绍,几内亚比绍 新增次留,0.0,0.6,0.285714,0.230769,0.1,0.75,0.25,0.166667,-0.6,-100.0,-1.48339e-05,-0.095616,-0.010477
1.2.列支敦士登,列支敦士登 新增次留,0.0,0.333333,0.5,,0.0,0.0,0.0,0.0,-0.333333,-100.0,-8.2411e-06,-0.05312,-0.005821
1.2.刚果共和国,刚果共和国 新增次留,0.181818,0.115385,0.2,0.189189,0.16,0.192771,0.184211,0.09434,0.066434,57.575758,1.22009e-05,0.078645,0.008618
1.2.刚果民主共和国,刚果民主共和国 新增次留,0.184615,0.173228,0.21875,0.133333,0.235955,0.25,0.189189,0.246377,0.011387,6.573427,5.1076e-06,0.032923,0.003608
1.2.利比亚,利比亚 新增次留,0.205882,0.075,0.178571,0.102941,0.22807,0.254237,0.234568,0.170455,0.130882,174.509804,3.69808e-05,0.238371,0.02612
1.2.利比里亚,利比里亚 新增次留,0.203297,0.113744,0.208511,0.216346,0.122549,0.190476,0.172414,0.164609,0.089553,78.731685,6.67374e-05,0.430175,0.047138
1.2.加拿大,加拿大 新增次留,0.146658,0.13687,0.139269,0.131183,0.12294,0.146762,0.135482,0.136708,0.009788,7.151573,0.000105577,0.680527,0.074571
1.2.加纳,加纳 新增次留,0.219215,0.22393,0.224545,0.2185,0.242947,0.262262,0.242345,0.250727,-0.004715,-2.105389,-1.51707e-05,-0.097787,-0.010715
1.2.加蓬,加蓬 新增次留,0.0,0.4,0.0,0.25,0.166667,0.2,0.0,0.666667,-0.4,-100.0,-1.23616e-05,-0.07968,-0.008731
1.2.匈牙利,匈牙利 新增次留,0.201166,0.167722,0.18323,0.154341,0.1673,0.1875,0.166253,0.156352,0.033445,19.940591,3.7326e-05,0.240596,0.026364
1.2.北马其顿,北马其顿 新增次留,0.147826,0.113208,0.166667,0.176471,0.179612,0.142857,0.146067,0.15,0.034619,30.57971,1.94404e-05,0.125309,0.013731
1.2.北马里亚纳群岛,北马里亚纳群岛 新增次留,,,,,0.0,,,,,,,,
1.2.南苏丹,南苏丹 新增次留,0.157658,0.172414,0.225108,0.146552,0.20332,0.186441,0.131707,0.176991,-0.014756,-8.558559,-1.36024e-05,-0.087678,-0.009608
1.2.南非,南非 新增次留,0.201125,0.159281,0.201602,0.187817,0.179331,0.176068,0.170963,0.156805,0.041844,26.270317,0.0001234031,0.795431,0.087162
1.2.博茨瓦纳,博茨瓦纳 新增次留,0.105263,0.294118,0.142857,0.071429,0.083333,0.133333,0.117647,0.285714,-0.188854,-64.210526,-1.13392e-05,-0.07309,-0.008009
1.2.卡塔尔,卡塔尔 新增次留,0.136986,0.166667,0.214286,0.154762,0.1125,0.125,0.102804,0.237288,-0.02968,-17.808219,-8.8057e-06,-0.05676,-0.00622
1.2.卢旺达,卢旺达 新增次留,0.210526,0.233333,0.155556,0.2,0.142857,0.148148,0.34375,0.136364,-0.022807,-9.774436,-4.8331e-06,-0.031153,-0.003414
1.2.卢森堡,卢森堡 新增次留,0.25,0.233333,0.125,0.2,0.179487,0.159091,0.2,0.073171,0.016667,7.142857,1.766e-06,0.011383,0.001247
1.2.印度,印度 新增次留,0.223154,0.194534,0.237024,0.212569,0.1875,0.222025,0.208145,0.220134,0.028621,14.712408,6.28733e-05,0.405268,0.044409
1.2.印度尼西亚,印度尼西亚 新增次留,0.195006,0.178538,0.203024,0.204866,0.164482,0.187651,0.194683,0.164654,0.016468,9.223537,6.28743e-05,0.405274,0.044409
1.2.危地马拉,危地马拉 新增次留,0.13253,0.13253,0.194737,0.172185,0.131783,0.176871,0.170543,0.220588,0.0,0.0,0.0,0.0,0.0
1.2.厄瓜多尔,厄瓜多尔 新增次留,0.152913,0.127315,0.144772,0.171014,0.157895,0.200627,0.153846,0.172702,0.025598,20.105914,3.90568e-05,0.251752,0.027587
1.2.叙利亚,叙利亚 新增次留,0.217949,0.152632,0.245161,0.165605,0.201342,0.203125,0.20979,0.176471,0.065317,42.793988,4.38315e-05,0.282529,0.030959
1.2.古巴,古巴 新增次留,0.2,0.103448,0.230769,0.133333,0.230769,0.133333,0.105263,0.233333,0.096552,93.333333,1.15375e-05,0.074368,0.008149
1.2.台湾,台湾 新增次留,0.130435,0.129032,0.106667,0.122222,0.123077,0.12,0.106061,0.179104,0.001403,1.086957,3.072e-07,0.00198,0.000217
1.2.吉尔吉斯斯坦,吉尔吉斯斯坦 新增次留,0.183761,0.170213,0.226776,0.19281,0.227907,0.175649,0.138614,0.214505,0.013548,7.959402,1.34937e-05,0.086978,0.009531
1.2.吉布提,吉布提 新增次留,0.0,,0.0,0.0,0.0,0.0,,0.0,,,,,
1.2.哈萨克斯坦,哈萨克斯坦 新增次留,0.159341,0.177293,0.195944,0.179136,0.168375,0.157808,0.162338,0.193184,-0.017952,-10.125836,-0.000113367,-0.73074,-0.080074
1.2.哥伦比亚,哥伦比亚 新增次留,0.191544,0.167818,0.176546,0.174401,0.175995,0.18069,0.18527,0.198192,0.023726,14.138083,0.0001213388,0.782124,0.085704
1.2.哥斯达黎加,哥斯达黎加 新增次留,0.22963,0.214286,0.147287,0.190909,0.174312,0.216783,0.245283,0.237288,0.015344,7.160494,8.3458e-06,0.053795,0.005895
1.2.喀麦隆,喀麦隆 新增次留,0.220472,0.266187,0.243697,0.223214,0.271186,0.222973,0.181102,0.272189,-0.045715,-17.173867,-2.2443e-05,-0.144663,-0.015852
1.2.图瓦卢,图瓦卢 新增次留,,,,,,1.0,0.0,,,,,,
1.2.土库曼斯坦,土库曼斯坦 新增次留,0.08,0.0,0.2,0.5,0.5,0.25,0.2,0.25,0.08,,2.9668e-06,0.019123,0.002095
1.2.土耳其,土耳其 新增次留,0.163277,0.152011,0.144982,0.14295,0.144039,0.142228,0.154461,0.141309,0.011266,7.411263,0.0001968421,1.268803,0.139034
1.2.圣卢西亚,圣卢西亚 新增次留,0.166667,0.190476,0.3,0.066667,0.0,0.294118,0.25,0.545455,-0.02381,-12.5,-1.7659e-06,-0.011383,-0.001247
1.2.圣基茨和尼维斯,圣基茨和尼维斯 新增次留,0.333333,0.222222,0.2,0.285714,0.0,1.0,0.333333,0.0,0.111111,50.0,3.5319e-06,0.022766,0.002495
1.2.圣多美和普林西比,圣多美和普林西比 新增次留,0.5,0.0,0.0,,0.0,0.0,,0.333333,0.5,,1.23616e-05,0.07968,0.008731
1.2.圣巴泰勒米岛,圣巴泰勒米岛 新增次留,0.5,,,,,,,,,,,,
1.2.圣文森特和格林纳丁斯,圣文森特和格林纳丁斯 新增次留,0.2,0.142857,0.166667,0.5,0.0,0.2,0.0,1.0,0.057143,40.0,2.4723e-06,0.015936,0.001746
1.2.圣马力诺,圣马力诺 新增次留,0.0,0.0,,,0.0,0.0,,0.0,0.0,,0.0,0.0,0.0
1.2.圭亚那,圭亚那 新增次留,0.171429,0.190476,0.148148,0.1,0.285714,0.210526,0.133333,0.129032,-0.019048,-10.0,-1.4127e-06,-0.009106,-0.000998
1.2.坦桑尼亚,坦桑尼亚 新增次留,0.198529,0.187135,0.182432,0.248322,0.204545,0.232877,0.186567,0.246835,0.011395,6.089154,6.8814e-06,0.044356,0.00486
1.2.埃及,埃及 新增次留,0.173546,0.152466,0.166302,0.172273,0.166667,0.169561,0.168459,0.173193,0.02108,13.825737,8.30141e-05,0.535092,0.058635
1.2.埃塞俄比亚,埃塞俄比亚 新增次留,0.261905,0.219048,0.178947,0.170732,0.2,0.171875,0.235714,0.196262,0.042857,19.565217,1.58934e-05,0.102446,0.011226
1.2.基里巴斯,基里巴斯 新增次留,,,,,0.0,,,,,,,,
1.2.塔吉克斯坦,塔吉克斯坦 新增次留,0.214286,0.1,0.137931,0.210526,0.176471,0.25,0.166667,0.159091,0.114286,114.285714,1.61458e-05,0.104072,0.011404
1.2.塞内加尔,塞内加尔 新增次留,0.240642,0.20678,0.266094,0.186275,0.2375,0.26087,0.242981,0.290938,0.033862,16.37591,3.5281e-05,0.227414,0.02492
1.2.塞尔维亚,塞尔维亚 新增次留,0.157191,0.163498,0.161153,0.114914,0.15873,0.169691,0.141075,0.175615,-0.006307,-3.857821,-1.75754e-05,-0.113288,-0.012414
1.2.塞拉利昂,塞拉利昂 新增次留,0.218182,0.231884,0.153846,0.318182,0.333333,0.333333,0.327869,0.22449,-0.013702,-5.909091,-3.3392e-06,-0.021524,-0.002359
1.2.塞浦路斯,塞浦路斯 新增次留,0.2,0.186207,0.117241,0.225806,0.218045,0.122449,0.186335,0.169118,0.013793,7.407407,7.0637e-06,0.045531,0.004989
1.2.塞舌尔,塞舌尔 新增次留,0.0,0.444444,0.0,0.222222,0.555556,0.25,0.0,0.166667,-0.444444,-100.0,-2.47232e-05,-0.15936,-0.017462
1.2.墨西哥,墨西哥 新增次留,0.173769,0.163606,0.15393,0.157841,0.159869,0.159003,0.155703,0.15516,0.010163,6.211895,0.000129005,0.831539,0.091119
1.2.多哥,多哥 新增次留,0.214286,0.264151,0.232143,0.156863,0.208333,0.191489,0.230769,0.247423,-0.049865,-18.877551,-9.3342e-06,-0.060166,-0.006593
1.2.多米尼克,多米尼克 新增次留,0.666667,0.0,0.5,0.333333,0.0,,0.333333,0.333333,0.666667,,1.64821e-05,0.10624,0.011642
1.2.多米尼加,多米尼加 新增次留,0.147766,0.217666,0.173387,0.212851,0.243446,0.2,0.180428,0.187726,-0.069899,-32.113153,-7.82605e-05,-0.504451,-0.055277
1.2.奥兰群岛,奥兰群岛 新增次留,,,,0.0,,0.0,,,,,,,
1.2.奥地利,奥地利 新增次留,0.184211,0.175589,0.183505,0.174877,0.175889,0.186944,0.178396,0.176245,0.008622,4.910141,1.4221e-05,0.091666,0.010045
1.2.委内瑞拉,委内瑞拉 新增次留,0.186992,0.177778,0.170213,0.136667,0.204787,0.153226,0.168449,0.175644,0.009214,5.182927,1.61087e-05,0.103833,0.011378
1.2.孟加拉,孟加拉 新增次留,0.163513,0.159229,0.170758,0.168539,0.18713,0.188437,0.188953,0.203774,0.004284,2.690349,4.47563e-05,0.28849,0.031612
1.2.安哥拉,安哥拉 新增次留,0.163636,0.1875,0.255319,0.148515,0.206522,0.201835,0.259259,0.184783,-0.023864,-12.727273,-9.4399e-06,-0.060848,-0.006668
1.2.安圭拉,安圭拉 新增次留,0.0,0.0,0.0,0.0,0.0,0.0,0.5,,0.0,,0.0,0.0,0.0
1.2.安提瓜和巴布达,安提瓜和巴布达 新增次留,0.111111,0.25,0.3,0.2,0.0,0.153846,0.2,0.111111,-0.138889,-55.555556,-6.8676e-06,-0.044267,-0.004851
1.2.安道尔,安道尔 新增次留,0.0,0.166667,0.0,0.0,0.0,0.4,0.333333,0.0,-0.166667,-100.0,-4.9446e-06,-0.031872,-0.003492
1.2.密克罗尼西亚联邦,密克罗尼西亚联邦 新增次留,,,,0.0,,,0.0,,,,,,
1.2.尼加拉瓜,尼加拉瓜 新增次留,0.215054,0.216216,0.15625,0.283951,0.202899,0.127273,0.209677,0.090909,-0.001162,-0.537634,-4.555e-07,-0.002936,-0.000322
1.2.尼日利亚,尼日利亚 新增次留,0.233554,0.23226,0.228426,0.23125,0.245866,0.244658,0.245426,0.249043,0.001295,0.557463,1.81622e-05,0.11707,0.012828
1.2.尼日尔,尼日尔 新增次留,0.217391,0.25,0.225,0.25,0.142857,0.0625,0.044444,0.172414,-0.032609,-13.043478,-6.4496e-06,-0.041573,-0.004556
1.2.尼泊尔,尼泊尔 新增次留,0.130435,0.137143,0.167702,0.178571,0.149254,0.177305,0.162791,0.153846,-0.006708,-4.891304,-4.1461e-06,-0.026725,-0.002928
1.2.巴勒斯坦,巴勒斯坦 新增次留,0.154412,0.15,0.10101,0.123894,0.121495,0.176471,0.16875,0.177083,0.004412,2.941176,1.5583e-06,0.010044,0.001101
1.2.巴哈马,巴哈马 新增次留,0.185185,0.255814,0.255814,0.25,0.264706,0.27027,0.138889,0.222222,-0.070629,-27.609428,-1.07265e-05,-0.069141,-0.007576
1.2.巴基斯坦,巴基斯坦 新增次留,0.1804,0.171655,0.176537,0.174097,0.190616,0.157734,0.176508,0.210419,0.008745,5.09445,7.01737e-05,0.452325,0.049565
1.2.巴巴多斯,巴巴多斯 新增次留,0.130435,0.333333,0.263158,0.25,0.0,0.105263,0.115385,0.238095,-0.202899,-60.869565,-1.7557e-05,-0.113169,-0.012401
1.2.巴布亚新几内亚,巴布亚新几内亚 新增次留,0.357143,0.111111,0.0,0.25,0.5,0.2,0.333333,0.272727,0.246032,221.428571,1.56412e-05,0.10082,0.011048
1.2.巴拉圭,巴拉圭 新增次留,0.196429,0.181818,0.273381,0.1625,0.232877,0.2,0.215686,0.210191,0.01461,8.035714,7.3794e-06,0.047566,0.005212
1.2.巴拿马,巴拿马 新增次留,0.257732,0.185185,0.137931,0.197531,0.157303,0.215909,0.157303,0.179487,0.072547,39.175258,2.76726e-05,0.178372,0.019546
1.2.巴林,巴林 新增次留,0.114286,0.216216,0.122449,0.138889,0.216216,0.12,0.148936,0.111111,-0.101931,-47.142857,-1.33202e-05,-0.085859,-0.009408
1.2.巴西,巴西 新增次留,0.183944,0.173443,0.163079,0.171188,0.17396,0.179705,0.170856,0.169921,0.010501,6.054234,0.0015689099,10.112865,1.108157
1.2.布基纳法索,布基纳法索 新增次留,0.215139,0.194444,0.217213,0.233051,0.223629,0.225714,0.326425,0.268116,0.020695,10.643142,1.84193e-05,0.118727,0.01301
1.2.布隆迪,布隆迪 新增次留,0.0625,0.555556,0.090909,0.230769,0.263158,0.285714,0.4,0.454545,-0.493056,-88.75,-2.19418e-05,-0.141433,-0.015498
1.2.希腊,希腊 新增次留,0.204155,0.204861,0.222541,0.20764,0.215228,0.189024,0.184793,0.181514,-0.000706,-0.344495,-2.8725e-06,-0.018516,-0.002029
1.2.帕劳,帕劳 新增次留,1.0,,,,,,,,,,,,
1.2.库克群岛,库克群岛 新增次留,0.0,0.0,0.0,0.0,0.5,,0.5,,0.0,,0.0,0.0,0.0
1.2.库拉索,库拉索 新增次留,0.235294,0.25,0.285714,0.222222,0.272727,0.2,0.277778,0.2,-0.014706,-5.882353,-8.726e-07,-0.005625,-0.000616
1.2.开曼群岛,开曼群岛 新增次留,0.2,0.333333,0.285714,0.363636,0.090909,0.125,0.0,0.285714,-0.133333,-40.0,-3.9557e-06,-0.025498,-0.002794
1.2.德国,德国 新增次留,0.17314,0.158924,0.15443,0.168291,0.186253,0.179862,0.164715,0.167255,0.014216,8.944988,0.0005004357,3.225704,0.353469
1.2.意大利,意大利 新增次留,0.162942,0.175552,0.161826,0.153117,0.165045,0.172005,0.174309,0.152746,-0.01261,-7.182787,-0.0001311616,-0.84544,-0.092642
1.2.所罗门群岛,所罗门群岛 新增次留,0.333333,0.2,0.0,1.0,1.0,0.0,0.0,0.25,0.133333,66.666667,5.494e-06,0.035413,0.003881
1.2.拉脱维亚,拉脱维亚 新增次留,0.199513,0.232558,0.180139,0.202326,0.173077,0.18319,0.181058,0.17602,-0.033045,-14.209246,-4.51672e-05,-0.291138,-0.031903
1.2.挪威,挪威 新增次留,0.162362,0.145749,0.157258,0.134146,0.172061,0.194879,0.150883,0.132797,0.016613,11.398114,1.44928e-05,0.093417,0.010237
1.2.捷克,捷克 新增次留,0.170483,0.19202,0.211864,0.162393,0.16035,0.180628,0.183727,0.167048,-0.021536,-11.215756,-3.05025e-05,-0.196613,-0.021545
1.2.摩尔多瓦,摩尔多瓦 新增次留,0.174497,0.140152,0.16129,0.182171,0.11828,0.205645,0.180556,0.152249,0.034345,24.505714,3.20239e-05,0.206419,0.022619
1.2.摩洛哥,摩洛哥 新增次留,0.17,0.133443,0.167033,0.14375,0.158257,0.146453,0.153689,0.152209,0.036557,27.395062,7.83729e-05,0.505175,0.055357
1.2.摩纳哥,摩纳哥 新增次留,0.5,0.333333,0.0,0.333333,0.3,0.5,0.166667,0.5,0.166667,50.0,6.1808e-06,0.03984,0.004366
1.2.文莱,文莱 新增次留,0.0,0.125,0.571429,0.428571,0.181818,0.571429,0.0,0.2,-0.125,-100.0,-4.9446e-06,-0.031872,-0.003492
1.2.斐济,斐济 新增次留,0.25,0.166667,0.0,0.0,0.272727,0.3,0.15,0.25,0.083333,50.0,3.5319e-06,0.022766,0.002495
1.2.斯威士兰,斯威士兰 新增次留,1.0,0.5,0.0,0.0,0.25,0.0,0.428571,1.0,0.5,100.0,1.64821e-05,0.10624,0.011642
1.2.斯洛伐克,斯洛伐克 新增次留,0.153374,0.151163,0.151724,0.159722,0.206107,0.203704,0.131868,0.10559,0.002211,1.462954,1.3431e-06,0.008658,0.000949
1.2.斯洛文尼亚,斯洛文尼亚 新增次留,0.170732,0.144444,0.217391,0.153061,0.121212,0.190476,0.154639,0.126582,0.026287,18.198874,8.3562e-06,0.053862,0.005902
1.2.斯里兰卡,斯里兰卡 新增次留,0.219298,0.172043,0.189474,0.188889,0.189189,0.168421,0.1875,0.2,0.047255,27.467105,1.55216e-05,0.100049,0.010963
1.2.新加坡,新加坡 新增次留,0.205645,0.179331,0.17284,0.2,0.244813,0.182796,0.134058,0.192661,0.026314,14.673319,3.05766e-05,0.19709,0.021597
1.2.新喀里多尼亚,新喀里多尼亚 新增次留,0.5,0.333333,0.0,0.0,0.0,0.5,1.0,0.0,0.166667,50.0,4.1205e-06,0.02656,0.00291
1.2.新西兰,新西兰 新增次留,0.107843,0.13964,0.090909,0.182741,0.086705,0.147959,0.154412,0.137255,-0.031797,-22.770398,-2.49313e-05,-0.160702,-0.01761
1.2.日本,日本 新增次留,0.161812,0.184783,0.148289,0.138037,0.154206,0.167213,0.192935,0.151448,-0.02297,-12.430992,-2.23921e-05,-0.144335,-0.015816
1.2.智利,智利 新增次留,0.203046,0.171831,0.175743,0.167526,0.179412,0.137615,0.233677,0.150327,0.031215,18.165932,3.9138e-05,0.252275,0.027644
1.2.柬埔寨,柬埔寨 新增次留,0.145455,0.173077,0.133333,0.202899,0.269231,0.133333,0.120879,0.148148,-0.027622,-15.959596,-5.073e-06,-0.032699,-0.003583
1.2.根西岛,根西岛 新增次留,0.25,0.25,0.0,0.0,0.25,0.0,0.5,0.111111,0.0,0.0,0.0,0.0,0.0
1.2.格林纳达,格林纳达 新增次留,0.166667,0.5,0.4,0.2,0.0,0.5,0.0,0.285714,-0.333333,-66.666667,-9.8893e-06,-0.063744,-0.006985
1.2.格陵兰,格陵兰 新增次留,,,,1.0,0.0,,0.5,,,,,,
1.2.格鲁吉亚,格鲁吉亚 新增次留,0.184676,0.192488,0.175476,0.169683,0.184549,0.166951,0.189831,0.151316,-0.007812,-4.058652,-1.17538e-05,-0.075763,-0.008302
1.2.比利时,比利时 新增次留,0.149485,0.177885,0.183099,0.160804,0.136038,0.142169,0.158317,0.136054,-0.0284,-15.96545,-4.17271e-05,-0.268964,-0.029473
1.2.毛里塔尼亚,毛里塔尼亚 新增次留,0.157895,0.116279,0.04,0.25,0.166667,0.263158,0.191489,0.177778,0.041616,35.789474,6.3203e-06,0.040739,0.004464
1.2.毛里求斯,毛里求斯 新增次留,0.195652,0.117647,0.27907,0.111111,0.12,0.138889,0.357143,0.1875,0.078005,66.304348,9.3672e-06,0.060379,0.006616
1.2.汤加,汤加 新增次留,,0.0,0.0,1.0,0.0,,0.0,0.0,,,,,
1.2.沙特阿拉伯,沙特阿拉伯 新增次留,0.131922,0.107584,0.147569,0.148893,0.159274,0.118531,0.156006,0.158771,0.024338,22.622417,4.87388e-05,0.31416,0.034425
1.2.法国,法国 新增次留,0.157202,0.176148,0.16795,0.15635,0.170901,0.17013,0.179614,0.152771,-0.018946,-10.75568,-0.0001705665,-1.099436,-0.120475
1.2.法属圣马丁,法属圣马丁 新增次留,0.0,1.0,0.0,0.0,,0.333333,0.0,1.0,-1.0,-100.0,-2.47232e-05,-0.159361,-0.017463
1.2.法属圭亚那,法属圭亚那 新增次留,0.25,0.0,0.0,,0.5,0.5,0.5,0.0,0.25,,6.1808e-06,0.03984,0.004366
1.2.法属波利尼西亚,法属波利尼西亚 新增次留,0.333333,0.4,0.142857,0.571429,0.142857,0.0,0.307692,0.0,-0.066667,-16.666667,-1.6482e-06,-0.010624,-0.001164
1.2.法罗群岛,法罗群岛 新增次留,0.0,0.0,,0.0,0.0,0.0,0.0,0.333333,0.0,,0.0,0.0,0.0
1.2.波兰,波兰 新增次留,0.186012,0.177083,0.185666,0.159943,0.191278,0.159727,0.163084,0.184052,0.008929,5.042017,4.23846e-05,0.273203,0.029937
1.2.波多黎各,波多黎各 新增次留,0.189781,0.222973,0.202532,0.146667,0.182353,0.201389,0.195531,0.1875,-0.033192,-14.886087,-1.73501e-05,-0.111835,-0.012255
1.2.波黑,波黑 新增次留,0.1875,0.150943,0.143885,0.143345,0.142857,0.186544,0.172775,0.152815,0.036557,24.21875,3.42155e-05,0.220546,0.024167
1.2.泰国,泰国 新增次留,0.215054,0.156051,0.267717,0.177165,0.134783,0.191235,0.152727,0.187898,0.059003,37.809963,6.5435e-05,0.42178,0.046218
1.2.泽西岛,泽西岛 新增次留,0.166667,0.0,0.0,0.0,0.0,0.0,0.0,0.0,0.166667,,5.1507e-06,0.0332,0.003638
1.2.津巴布韦,津巴布韦 新增次留,0.171429,0.118644,0.222222,0.194444,0.114286,0.090909,0.092593,0.162791,0.052785,44.489796,1.09994e-05,0.0709,0.007769
1.2.洪都拉斯,洪都拉斯 新增次留,0.145455,0.171053,0.20625,0.220588,0.154545,0.20339,0.167832,0.231405,-0.025598,-14.965035,-1.37422e-05,-0.088579,-0.009706
1.2.海地,海地 新增次留,0.240385,0.255319,0.256881,0.220183,0.217391,0.275,0.181034,0.263566,-0.014935,-5.849359,-7.4371e-06,-0.047938,-0.005253
1.2.澳大利亚,澳大利亚 新增次留,0.13717,0.135238,0.126062,0.128556,0.131579,0.114039,0.121961,0.135822,0.001932,1.428716,1.43296e-05,0.092365,0.010121
1.2.澳门,澳门 新增次留,0.166667,0.375,0.0,0.666667,0.0,0.0,0.166667,0.166667,-0.208333,-55.555556,-8.241e-06,-0.05312,-0.005821
1.2.爱尔兰,爱尔兰 新增次留,0.169776,0.1797,0.201739,0.153982,0.170213,0.196396,0.170047,0.162939,-0.009924,-5.522734,-2.10653e-05,-0.135783,-0.014879
1.2.爱沙尼亚,爱沙尼亚 新增次留,0.282392,0.195313,0.219608,0.197674,0.20073,0.200608,0.222642,0.179825,0.08708,44.584718,7.87336e-05,0.5075,0.055611
1.2.牙买加,牙买加 新增次留,0.240876,0.223602,0.208333,0.193548,0.182482,0.222222,0.190476,0.209877,0.017273,7.725061,9.8226e-06,0.063314,0.006938
1.2.特克斯和凯科斯群岛,特克斯和凯科斯群岛 新增次留,0.428571,0.3,0.5,0.25,0.0,0.1,0.142857,0.222222,0.128571,42.857143,6.3574e-06,0.040978,0.00449
1.2.特立尼达和多巴哥,特立尼达和多巴哥 新增次留,0.156863,0.140351,0.176471,0.191489,0.121951,0.244898,0.207547,0.137255,0.016512,11.764706,3.3242e-06,0.021427,0.002348
1.2.玻利维亚,玻利维亚 新增次留,0.174603,0.183486,0.213483,0.164706,0.111801,0.151163,0.137931,0.161677,-0.008883,-4.84127,-6.8395e-06,-0.044086,-0.004831
1.2.瑞典,瑞典 新增次留,0.189555,0.175361,0.1875,0.203252,0.207442,0.177273,0.155706,0.175031,0.014194,8.09441,4.51685e-05,0.291147,0.031904
1.2.瑞士,瑞士 新增次留,0.173664,0.168675,0.172673,0.161351,0.152918,0.167987,0.166359,0.174419,0.004989,2.958015,1.02376e-05,0.065989,0.007231
1.2.瓜德罗普,瓜德罗普 新增次留,0.0,0.25,0.5,0.0,0.0,0.0,0.285714,0.0,-0.25,-100.0,-6.1808e-06,-0.03984,-0.004366
1.2.瓦利斯和富图纳群岛,瓦利斯和富图纳群岛 新增次留,0.0,0.0,,,,,,,0.0,,0.0,0.0,0.0
1.2.瓦努阿图,瓦努阿图 新增次留,1.0,0.25,0.0,0.75,1.0,,,,0.75,300.0,2.47232e-05,0.15936,0.017462
1.2.留尼汪岛,留尼汪岛 新增次留,0.153846,0.125,0.076923,0.0625,0.083333,0.25,0.083333,0.285714,0.028846,23.076923,1.9018e-06,0.012258,0.001343
1.2.白俄罗斯,白俄罗斯 新增次留,0.178313,0.184834,0.16915,0.162011,0.141457,0.17666,0.164995,0.173167,-0.006521,-3.527958,-1.94385e-05,-0.125297,-0.01373
1.2.百慕大,百慕大 新增次留,0.222222,0.571429,0.0,0.0,0.181818,0.142857,0.5,0.0,-0.349206,-61.111111,-1.51086e-05,-0.097387,-0.010672
1.2.直布罗陀,直布罗陀 新增次留,0.5,0.285714,0.5,0.166667,0.0,0.0,0.0,0.2,0.214286,75.0,1.23616e-05,0.07968,0.008731
1.2.福克兰群岛,福克兰群岛 新增次留,,0.0,,,,,,0.0,,,,,
1.2.科威特,科威特 新增次留,0.137931,0.131313,0.068376,0.144068,0.204301,0.198347,0.115942,0.120482,0.006618,5.039788,2.314e-06,0.014916,0.001634
1.2.科摩罗,科摩罗 新增次留,0.0,0.2,0.333333,0.0,0.333333,0.0,0.0,0.2,-0.2,-100.0,-8.2411e-06,-0.05312,-0.005821
1.2.科特迪瓦,科特迪瓦 新增次留,0.222603,0.183976,0.226415,0.176,0.211765,0.199187,0.214797,0.216285,0.038626,20.99536,4.59756e-05,0.296349,0.032474
1.2.科索沃,科索沃 新增次留,0.163265,0.202703,0.156863,0.108434,0.224138,0.222222,0.245902,0.195402,-0.039437,-19.455782,-1.03075e-05,-0.06644,-0.00728
1.2.秘鲁,秘鲁 新增次留,0.176012,0.169257,0.179289,0.183746,0.142349,0.166667,0.208929,0.174074,0.006755,3.991036,1.38137e-05,0.08904,0.009757
1.2.突尼斯,突尼斯 新增次留,0.198312,0.186813,0.137795,0.16055,0.165957,0.173684,0.176724,0.129167,0.011499,6.155374,1.10874e-05,0.071467,0.007831
1.2.立陶宛,立陶宛 新增次留,0.209809,0.168975,0.161383,0.181102,0.228739,0.189573,0.140449,0.175,0.040834,24.165811,5.20638e-05,0.335592,0.036774
1.2.索马里,索马里 新增次留,0.202703,0.173077,0.136364,0.16092,0.173913,0.166667,0.234568,0.203125,0.029626,17.117117,1.08821e-05,0.070144,0.007686
1.2.约旦,约旦 新增次留,0.179487,0.111111,0.150538,0.145833,0.132597,0.140969,0.14218,0.183673,0.068376,61.538462,4.99897e-05,0.322223,0.035309
1.2.纳米比亚,纳米比亚 新增次留,0.142857,0.178571,0.25,0.190476,0.0,0.347826,0.333333,0.111111,-0.035714,-20.0,-3.5319e-06,-0.022766,-0.002495
1.2.缅甸,缅甸 新增次留,0.116667,0.141975,0.145455,0.141304,0.134021,0.097087,0.129252,0.109489,-0.025309,-17.826087,-1.44804e-05,-0.093337,-0.010228
1.2.罗马尼亚,罗马尼亚 新增次留,0.165459,0.172952,0.164962,0.154613,0.16375,0.133249,0.157187,0.146221,-0.007493,-4.332389,-2.03511e-05,-0.131179,-0.014374
1.2.美国,美国 新增次留,0.146744,0.141036,0.144449,0.143065,0.142087,0.141235,0.131638,0.134648,0.005709,4.047559,0.0006025016,3.883599,0.425561
1.2.美属维尔京群岛,美属维尔京群岛 新增次留,0.0,0.25,0.1,0.384615,0.0,0.222222,0.454545,0.375,-0.25,-100.0,-8.2411e-06,-0.05312,-0.005821
1.2.老挝,老挝 新增次留,0.0,0.076923,0.1,0.375,0.0,0.2,0.0,0.142857,-0.076923,-100.0,-4.1205e-06,-0.02656,-0.00291
1.2.肯尼亚,肯尼亚 新增次留,0.230047,0.152263,0.251256,0.206186,0.239819,0.257576,0.19403,0.199187,0.077784,51.084888,6.67579e-05,0.430308,0.047153
1.2.芬兰,芬兰 新增次留,0.189356,0.220379,0.18612,0.183333,0.203501,0.198502,0.186441,0.186017,-0.031023,-14.076972,-9.24768e-05,-0.596086,-0.065318
1.2.苏丹,苏丹 新增次留,0.132075,0.123288,0.181818,0.075,0.114286,0.066667,0.214286,0.127273,0.008788,7.127883,2.2655e-06,0.014603,0.0016
1.2.苏里南,苏里南 新增次留,0.111111,0.0,0.15,0.285714,0.111111,0.142857,0.272727,0.176471,0.111111,,7.6917e-06,0.049579,0.005433
1.2.英国,英国 新增次留,0.155919,0.153513,0.1496,0.145633,0.147629,0.143048,0.122748,0.127625,0.002406,1.567506,7.65559e-05,0.493463,0.054073
1.2.英属维尔京群岛,英属维尔京群岛 新增次留,1.0,0.25,0.0,,0.5,0.666667,0.0,0.0,0.75,300.0,2.47232e-05,0.15936,0.017462
1.2.荷兰,荷兰 新增次留,0.208683,0.197602,0.182209,0.194245,0.206157,0.200638,0.200703,0.193769,0.011081,5.607563,0.0001632005,1.051956,0.115272
1.2.荷兰加勒比,荷兰加勒比 新增次留,0.0,0.0,0.25,,0.25,0.0,0.333333,,0.0,,0.0,0.0,0.0
1.2.荷属圣马丁,荷属圣马丁 新增次留,0.5,0.333333,0.272727,0.75,0.75,0.4,0.333333,0.0,0.166667,50.0,4.1205e-06,0.02656,0.00291
1.2.莫桑比克,莫桑比克 新增次留,0.27044,0.25,0.203209,0.21659,0.263158,0.226131,0.252212,0.234568,0.02044,8.176101,1.47271e-05,0.094928,0.010402
1.2.莱索托,莱索托 新增次留,0.428571,0.333333,0.4,0.0,0.333333,0.0,0.0,0.0,0.095238,28.571429,2.3546e-06,0.015177,0.001663
1.2.菲律宾,菲律宾 新增次留,0.182227,0.148756,0.182747,0.178158,0.19204,0.18526,0.17693,0.182243,0.033471,22.500791,0.0002233094,1.439406,0.157729
1.2.萨尔瓦多,萨尔瓦多 新增次留,0.271845,0.114286,0.156863,0.244681,0.118812,0.164384,0.180851,0.238636,0.157559,137.864078,5.84304e-05,0.37663,0.041271
1.2.萨摩亚,萨摩亚 新增次留,0.0,,0.0,1.0,0.0,0.0,,1.0,,,,,
1.2.葡萄牙,葡萄牙 新增次留,0.176183,0.161376,0.161398,0.155188,0.169672,0.170312,0.168443,0.16087,0.014807,9.175514,5.93044e-05,0.382263,0.041888
1.2.蒙古,蒙古 新增次留,0.092308,0.132075,0.230769,0.08,0.159091,0.130435,0.130435,0.095238,-0.039768,-30.10989,-7.444e-06,-0.047982,-0.005258
1.2.西班牙,西班牙 新增次留,0.178654,0.173744,0.165546,0.159533,0.176331,0.171663,0.166932,0.158537,0.00491,2.825895,4.90072e-05,0.31589,0.034615
1.2.贝宁,贝宁 新增次留,0.295238,0.240385,0.286822,0.30597,0.272727,0.179012,0.277457,0.314286,0.054853,22.819048,2.01484e-05,0.129872,0.014231
1.2.赞比亚,赞比亚 新增次留,0.169492,0.168831,0.155556,0.153846,0.274194,0.155556,0.283333,0.277778,0.00066,0.391134,1.798e-07,0.001159,0.000127
1.2.赤道几内亚,赤道几内亚 新增次留,0.0,0.5,0.0,0.125,0.0,0.111111,0.142857,0.0,-0.5,-100.0,-1.23616e-05,-0.07968,-0.008731
1.2.越南,越南 新增次留,0.176812,0.177249,0.160377,0.164983,0.209559,0.149533,0.152249,0.15,-0.000437,-0.246593,-5.834e-07,-0.003761,-0.000412
1.2.阿塞拜疆,阿塞拜疆 新增次留,0.16358,0.129464,0.116592,0.112601,0.165625,0.160287,0.16129,0.113022,0.034116,26.351639,5.39812e-05,0.347952,0.038128
1.2.阿富汗,阿富汗 新增次留,0.186441,0.12987,0.204819,0.162791,0.28169,0.206897,0.226415,0.243697,0.056571,43.559322,1.53848e-05,0.099167,0.010867
1.2.阿尔及利亚,阿尔及利亚 新增次留,0.108392,0.108889,0.117845,0.128514,0.176,0.179487,0.114286,0.154098,-0.000497,-0.456686,-7.899e-07,-0.005092,-0.000558
1.2.阿尔巴尼亚,阿尔巴尼亚 新增次留,0.157143,0.16826,0.185079,0.178322,0.167857,0.174757,0.195246,0.165577,-0.011117,-6.607143,-2.0535e-05,-0.132365,-0.014504
1.2.阿曼,阿曼 新增次留,0.181818,0.126761,0.144737,0.208955,0.076923,0.126984,0.147059,0.202454,0.055058,43.434343,1.38063e-05,0.088993,0.009752
1.2.阿根廷,阿根廷 新增次留,0.16472,0.167982,0.151292,0.132121,0.177866,0.167089,0.188067,0.171533,-0.003262,-1.942075,-1.02191e-05,-0.06587,-0.007218
1.2.阿联酋,阿联酋 新增次留,0.157667,0.205607,0.173815,0.15285,0.14,0.171548,0.141805,0.168142,-0.04794,-23.316317,-7.24683e-05,-0.467116,-0.051186
1.2.阿鲁巴,阿鲁巴 新增次留,0.25,0.21875,0.333333,0.105263,0.307692,0.105263,0.333333,0.357143,0.03125,14.285714,3.5319e-06,0.022766,0.002495
1.2.韩国,韩国 新增次留,0.108434,0.087719,0.118182,0.117647,0.132979,0.10917,0.139535,0.12987,0.020714,23.614458,1.66812e-05,0.107523,0.011782
1.2.香港,香港 新增次留,0.224719,0.18602,0.183976,0.198903,0.214106,0.2225,0.230769,0.227891,0.038699,20.803541,0.0001212355,0.781459,0.085631
1.2.马尔代夫,马尔代夫 新增次留,0.288889,0.181818,0.205128,0.033333,0.344828,0.371429,0.235294,0.263158,0.107071,58.888889,1.24794e-05,0.080439,0.008814
1.2.马恩岛,马恩岛 新增次留,0.166667,0.0,0.375,0.0,0.090909,0.125,0.0,0.0,0.166667,,4.1205e-06,0.02656,0.00291
1.2.马拉维,马拉维 新增次留,0.184211,0.340426,0.272727,0.428571,0.304348,0.282051,0.289474,0.195652,-0.156215,-45.888158,-2.59315e-05,-0.167149,-0.018316
1.2.马提尼克岛,马提尼克岛 新增次留,0.25,0.5,0.0,0.5,0.0,0.25,0.0,0.0,-0.25,-50.0,-6.1808e-06,-0.03984,-0.004366
1.2.马来西亚,马来西亚 新增次留,0.164179,0.150943,0.161716,0.168317,0.16879,0.20462,0.161765,0.180157,0.013236,8.768657,1.48659e-05,0.095822,0.0105
1.2.马约特,马约特 新增次留,0.0,0.0,,,0.0,,,,0.0,,0.0,0.0,0.0
1.2.马绍尔群岛,马绍尔群岛 新增次留,,,0.0,,0.0,0.0,,,,,,,
1.2.马耳他,马耳他 新增次留,0.246753,0.273973,0.205479,0.280488,0.107692,0.226667,0.272727,0.117647,-0.027219,-9.935065,-7.0181e-06,-0.045237,-0.004957
1.2.马达加斯加,马达加斯加 新增次留,0.231579,0.159574,0.241071,0.193878,0.194175,0.239583,0.212766,0.214286,0.072004,45.122807,2.39055e-05,0.15409,0.016885
1.2.马里,马里 新增次留,0.192053,0.191244,0.167147,0.204023,0.144279,0.186126,0.175676,0.247706,0.000809,0.422884,1.2401e-06,0.007993,0.000876
1.2.黎巴嫩,黎巴嫩 新增次留,0.153623,0.150685,0.150685,0.148148,0.199095,0.174545,0.169139,0.158774,0.002938,1.949934,3.03e-06,0.019531,0.00214
1.2.黑山,黑山 新增次留,0.175926,0.189655,0.193717,0.189873,0.174825,0.239521,0.174419,0.177914,-0.013729,-7.239057,-8.4371e-06,-0.054384,-0.005959
2,整体 新增UV,34350.0,40447.857143,49009.285714,42443.714286,42277.428571,44210.285714,45928.142857,47333.857143,-6097.857143,-15.075847,0.0,0.0,0.0
2.1,渠道 新增UV,9315.428571,13768.571429,19097.571429,16449.714286,17167.571429,17285.142857,18954.142857,18273.571429,-4453.142857,-32.34281,0.0010862048,7.001449,0.767211
2.1.unknow,unknow 新增UV,0.0,0.0,0.0,1.0,1.0,0.0,0.0,0.0,0.0,,,,
2.1.不丹,不丹 新增UV,0.0,0.0,0.0,0.0,0.0,0.0,1.0,0.0,0.0,,,,
2.1.东帝汶,东帝汶 新增UV,1.0,0.0,0.0,0.0,0.0,0.0,0.0,0.0,1.0,,,,
2.1.中国,中国 新增UV,1.0,1.0,1.333333,1.4,1.0,1.0,2.0,1.0,0.0,0.0,4.758e-07,0.003067,0.000336
2.1.中非,中非 新增UV,1.0,0.0,0.0,0.0,0.0,0.0,0.0,0.0,1.0,,,,
2.1.丹麦,丹麦 新增UV,1.6,1.666667,2.142857,2.0,1.333333,1.166667,1.75,1.4,-0.066667,-4.0,5.826e-07,0.003756,0.000412
2.1.乌克兰,乌克兰 新增UV,22.428571,24.0,22.285714,25.285714,21.857143,21.285714,22.285714,25.142857,-1.571429,-6.547619,-3.123e-06,-0.02013,-0.002206
2.1.乌兹别克斯坦,乌兹别克斯坦 新增UV,4.285714,5.285714,5.857143,5.714286,3.714286,5.714286,3.714286,6.571429,-1.0,-18.918919,2.459e-07,0.001585,0.000174
2.1.乌干达,乌干达 新增UV,1.333333,1.5,1.0,1.5,1.0,1.0,1.5,1.0,-0.166667,-11.111111,1.877e-07,0.00121,0.000133
2.1.乌拉圭,乌拉圭 新增UV,1.0,1.2,2.8,2.4,1.333333,1.4,1.8,2.0,-0.2,-16.666667,7.87e-08,0.000507,5.6e-05
2.1.乍得,乍得 新增UV,1.0,0.0,0.0,0.0,0.0,0.0,1.0,0.0,1.0,,,,
2.1.也门,也门 新增UV,0.0,0.0,0.0,1.0,0.0,0.0,1.5,1.0,0.0,,,,
2.1.亚美尼亚,亚美尼亚 新增UV,2.0,1.8,2.4,2.714286,2.666667,2.0,1.8,2.333333,0.2,11.111111,-1.9429e-06,-0.012523,-0.001372
2.1.以色列,以色列 新增UV,4.666667,12.142857,19.0,3.0,2.0,3.142857,2.6,3.571429,-7.47619,-61.568627,-2.094e-07,-0.00135,-0.000148
2.1.伊拉克,伊拉克 新增UV,6.428571,9.571429,8.285714,7.285714,6.285714,6.571429,6.714286,8.285714,-3.142857,-32.835821,3.7074e-06,0.023897,0.002619
2.1.伊朗,伊朗 新增UV,87.285714,986.142857,2600.714286,626.857143,108.428571,50.428571,40.428571,27.333333,-898.857143,-91.148776,8.96076e-05,0.577592,0.063292
2.1.伯利兹,伯利兹 新增UV,1.333333,1.0,1.0,0.0,0.0,1.0,1.0,0.0,0.333333,33.333333,-1.9953e-06,-0.012861,-0.001409
2.1.佛得角,佛得角 新增UV,1.0,1.0,1.0,1.0,1.0,0.0,1.0,1.0,0.0,0.0,-6.214e-07,-0.004005,-0.000439
2.1.俄罗斯,俄罗斯 新增UV,263.142857,314.142857,312.714286,291.428571,277.142857,286.142857,305.428571,337.285714,-51.0,-16.234652,2.865e-06,0.018467,0.002024
2.1.保加利亚,保加利亚 新增UV,2.833333,3.285714,5.0,4.0,2.0,3.5,2.428571,1.833333,-0.452381,-13.768116,1.172e-07,0.000756,8.3e-05
2.1.克罗地亚,克罗地亚 新增UV,2.833333,2.142857,2.8,3.714286,2.714286,1.714286,2.0,3.571429,0.690476,32.222222,4.5007e-06,0.029011,0.003179
2.1.关岛,关岛 新增UV,1.0,1.0,0.0,1.5,1.0,0.0,0.0,1.0,0.0,0.0,-6.214e-07,-0.004005,-0.000439
2.1.冈比亚,冈比亚 新增UV,2.714286,2.6,1.857143,3.0,2.0,2.142857,2.857143,3.0,0.114286,4.395604,1.0161e-06,0.00655,0.000718
2.1.冰岛,冰岛 新增UV,1.0,1.0,1.0,1.0,1.0,1.0,1.0,1.0,0.0,0.0,-6.214e-07,-0.004005,-0.000439
2.1.几内亚,几内亚 新增UV,0.0,1.0,1.0,3.0,1.0,1.0,1.0,0.0,-1.0,-100.0,,,
2.1.几内亚比绍,几内亚比绍 新增UV,0.0,0.0,1.0,0.0,0.0,0.0,0.0,0.0,0.0,,,,
2.1.列支敦士登,列支敦士登 新增UV,0.0,1.0,0.0,0.0,0.0,0.0,0.0,0.0,-1.0,-100.0,,,
2.1.刚果共和国,刚果共和国 新增UV,1.0,1.5,0.0,1.0,0.0,0.0,1.0,1.0,-0.5,-33.333333,1.1288e-06,0.007276,0.000797
2.1.刚果民主共和国,刚果民主共和国 新增UV,1.0,1.333333,1.25,1.0,2.0,1.0,1.0,1.333333,-0.333333,-25.0,5.454e-07,0.003516,0.000385
2.1.利比亚,利比亚 新增UV,0.0,1.0,1.0,1.0,1.0,1.0,1.0,1.0,-1.0,-100.0,,,
2.1.利比里亚,利比里亚 新增UV,2.0,1.0,1.0,1.0,1.0,1.0,1.0,1.0,1.0,100.0,-4.7432e-06,-0.030573,-0.00335
2.1.加拿大,加拿大 新增UV,90.428571,86.857143,107.285714,200.428571,343.428571,129.857143,284.285714,300.857143,3.571429,4.111842,-2.88366e-05,-0.185875,-0.020368
2.1.加纳,加纳 新增UV,3.857143,5.428571,4.857143,5.0,5.428571,5.0,6.0,4.0,-1.571429,-28.947368,-1.7678e-06,-0.011395,-0.001249
2.1.加蓬,加蓬 新增UV,1.0,0.0,0.0,0.0,0.0,1.0,0.0,0.0,1.0,,,,
2.1.匈牙利,匈牙利 新增UV,1.857143,2.0,2.0,2.0,1.5,2.166667,1.857143,2.571429,-0.142857,-7.142857,5.66e-08,0.000365,4e-05
2.1.北马其顿,北马其顿 新增UV,1.333333,1.25,1.0,1.5,1.0,1.5,1.2,1.75,0.083333,6.666667,-1.1202e-06,-0.007221,-0.000791
2.1.北马里亚纳群岛,北马里亚纳群岛 新增UV,0.0,0.0,0.0,0.0,0.0,0.0,1.0,0.0,0.0,,,,
2.1.南苏丹,南苏丹 新增UV,7.142857,8.142857,7.285714,6.857143,6.142857,6.142857,6.857143,8.0,-1.0,-12.280702,1.3147e-06,0.008474,0.000929
2.1.南非,南非 新增UV,2.285714,10.428571,20.142857,4.0,3.142857,2.857143,2.857143,3.714286,-8.142857,-78.082192,-8.7833e-06,-0.056615,-0.006204
2.1.博茨瓦纳,博茨瓦纳 新增UV,0.0,0.0,1.0,1.0,0.0,0.0,0.0,1.0,0.0,,,,
2.1.卡塔尔,卡塔尔 新增UV,1.166667,1.25,1.4,2.166667,2.0,1.0,2.0,2.0,-0.083333,-6.666667,8.782e-07,0.005661,0.00062
2.1.卢旺达,卢旺达 新增UV,2.0,1.0,1.0,1.0,0.0,1.0,1.0,0.0,1.0,100.0,-4.7432e-06,-0.030573,-0.00335
2.1.卢森堡,卢森堡 新增UV,1.0,1.5,1.0,1.333333,1.0,1.0,1.0,1.333333,-0.5,-33.333333,1.1288e-06,0.007276,0.000797
2.1.印度,印度 新增UV,31.285714,27.285714,30.142857,26.714286,24.0,20.285714,23.714286,24.714286,4.0,14.659686,1.61711e-05,0.104236,0.011422
2.1.印度尼西亚,印度尼西亚 新增UV,4.285714,9.571429,11.0,6.285714,6.857143,5.285714,5.857143,4.571429,-5.285714,-55.223881,-2.8062e-06,-0.018088,-0.001982
2.1.危地马拉,危地马拉 新增UV,3.666667,3.714286,2.833333,3.0,3.857143,3.0,3.5,2.333333,-0.047619,-1.282051,-2.1118e-06,-0.013612,-0.001492
2.1.厄瓜多尔,厄瓜多尔 新增UV,2.857143,2.428571,3.857143,5.285714,4.166667,2.571429,4.0,4.428571,0.428571,17.647059,1.947e-07,0.001255,0.000138
2.1.叙利亚,叙利亚 新增UV,6.142857,5.142857,5.857143,4.142857,3.142857,6.0,6.571429,2.428571,1.0,19.444444,-1.058e-07,-0.000682,-7.5e-05
2.1.古巴,古巴 新增UV,1.25,1.0,1.0,1.166667,1.0,1.5,1.6,1.5,0.25,25.0,-1.6518e-06,-0.010647,-0.001167
2.1.台湾,台湾 新增UV,1.0,1.5,1.0,1.0,1.4,1.5,1.0,2.0,-0.5,-33.333333,-8.644e-07,-0.005572,-0.000611
2.1.吉尔吉斯斯坦,吉尔吉斯斯坦 新增UV,1.857143,2.428571,2.571429,2.666667,1.2,2.666667,2.142857,2.428571,-0.571429,-23.529412,8.462e-07,0.005454,0.000598
2.1.吉布提,吉布提 新增UV,0.0,0.0,0.0,0.0,0.0,0.0,1.0,1.0,0.0,,,,
2.1.哈萨克斯坦,哈萨克斯坦 新增UV,8.714286,9.428571,9.714286,7.714286,6.714286,8.428571,6.857143,9.0,-0.714286,-7.575758,-8.898e-07,-0.005735,-0.000628
2.1.哥伦比亚,哥伦比亚 新增UV,13.0,13.0,15.428571,14.0,13.428571,13.0,13.142857,14.857143,0.0,0.0,-1.8083e-06,-0.011656,-0.001277
2.1.哥斯达黎加,哥斯达黎加 新增UV,2.5,2.0,3.0,4.0,3.25,1.25,1.857143,1.833333,0.5,25.0,-1.7481e-06,-0.011268,-0.001235
2.1.喀麦隆,喀麦隆 新增UV,1.833333,1.0,1.666667,1.25,1.666667,1.666667,1.25,1.0,0.833333,83.333333,1.1527e-06,0.00743,0.000814
2.1.图瓦卢,图瓦卢 新增UV,0.0,0.0,0.0,0.0,0.0,0.0,0.0,0.0,0.0,,,,
2.1.土库曼斯坦,土库曼斯坦 新增UV,1.0,0.0,0.0,0.0,0.0,2.0,2.0,1.0,1.0,,,,
2.1.土耳其,土耳其 新增UV,1415.0,1527.285714,1963.142857,1290.857143,1466.285714,2095.714286,2106.857143,1655.714286,-112.285714,-7.351978,-9.47845e-05,-0.610961,-0.066948
2.1.圣卢西亚,圣卢西亚 新增UV,0.0,0.0,1.0,0.0,0.0,0.0,1.0,0.0,0.0,,,,
2.1.圣基茨和尼维斯,圣基茨和尼维斯 新增UV,0.0,0.0,0.0,0.0,0.0,0.0,1.0,0.0,0.0,,,,
2.1.圣多美和普林西比,圣多美和普林西比 新增UV,0.0,1.0,0.0,0.0,0.0,0.0,0.0,0.0,-1.0,-100.0,,,
2.1.圣巴泰勒米岛,圣巴泰勒米岛 新增UV,0.0,0.0,0.0,0.0,0.0,0.0,0.0,0.0,0.0,,,,
2.1.圣文森特和格林纳丁斯,圣文森特和格林纳丁斯 新增UV,0.0,1.0,0.0,1.0,0.0,0.0,0.0,0.0,-1.0,-100.0,,,
2.1.圣马力诺,圣马力诺 新增UV,0.0,0.0,0.0,0.0,0.0,0.0,0.0,1.0,0.0,,,,
2.1.圭亚那,圭亚那 新增UV,1.0,1.2,1.0,1.0,1.5,2.0,1.2,1.0,-0.2,-16.666667,7.87e-08,0.000507,5.6e-05
2.1.坦桑尼亚,坦桑尼亚 新增UV,1.833333,2.0,1.6,3.5,1.6,1.666667,2.0,1.0,-0.166667,-8.333333,1.58e-07,0.001018,0.000112
2.1.埃及,埃及 新增UV,4.714286,5.857143,4.333333,7.0,7.571429,6.571429,8.285714,11.571429,-1.142857,-19.512195,1.541e-07,0.000993,0.000109
2.1.埃塞俄比亚,埃塞俄比亚 新增UV,1.333333,1.333333,2.333333,1.25,1.25,1.6,1.666667,2.333333,0.0,0.0,-8.285e-07,-0.00534,-0.000585
2.1.基里巴斯,基里巴斯 新增UV,0.0,0.0,0.0,0.0,0.0,0.0,0.0,1.0,0.0,,,,
2.1.塔吉克斯坦,塔吉克斯坦 新增UV,1.0,1.0,1.0,1.0,1.5,1.0,1.75,1.25,0.0,0.0,-6.214e-07,-0.004005,-0.000439
2.1.塞内加尔,塞内加尔 新增UV,1.0,1.0,1.0,1.0,1.0,1.666667,1.714286,2.0,0.0,0.0,4.758e-07,0.003067,0.000336
2.1.塞尔维亚,塞尔维亚 新增UV,4.833333,2.571429,3.0,3.571429,3.714286,4.0,4.333333,3.0,2.261905,87.962963,-2.817e-07,-0.001816,-0.000199
2.1.塞拉利昂,塞拉利昂 新增UV,1.0,1.333333,0.0,0.0,1.0,0.0,1.0,1.0,-0.333333,-25.0,5.454e-07,0.003516,0.000385
2.1.塞浦路斯,塞浦路斯 新增UV,2.6,1.714286,2.0,2.0,1.75,1.5,2.4,2.166667,0.885714,51.666667,-4.716e-06,-0.030398,-0.003331
2.1.塞舌尔,塞舌尔 新增UV,1.0,1.0,1.0,1.0,1.0,0.0,1.0,1.0,0.0,0.0,-6.214e-07,-0.004005,-0.000439
2.1.墨西哥,墨西哥 新增UV,1542.714286,1742.714286,1303.142857,882.428571,1076.428571,985.714286,798.142857,520.714286,-200.0,-11.476351,-4.21005e-05,-0.271371,-0.029737
2.1.多哥,多哥 新增UV,1.5,0.0,1.0,1.0,1.5,2.0,1.333333,1.0,1.5,,,,
2.1.多米尼克,多米尼克 新增UV,0.0,0.0,1.0,0.0,0.0,0.0,0.0,0.0,0.0,,,,
2.1.多米尼加,多米尼加 新增UV,5.0,4.0,2.857143,3.571429,2.333333,2.0,2.833333,2.285714,1.0,25.0,5.95e-08,0.000383,4.2e-05
2.1.奥兰群岛,奥兰群岛 新增UV,0.0,0.0,0.0,0.0,0.0,0.0,0.0,0.0,0.0,,,,
2.1.奥地利,奥地利 新增UV,3.285714,4.285714,3.571429,3.0,3.428571,3.428571,4.0,4.857143,-1.0,-23.333333,-7.81e-07,-0.005034,-0.000552
2.1.委内瑞拉,委内瑞拉 新增UV,8.857143,5.714286,3.571429,6.142857,5.857143,6.857143,6.714286,6.142857,3.142857,55.0,4.171e-07,0.002689,0.000295
2.1.孟加拉,孟加拉 新增UV,19.285714,17.0,18.0,18.428571,21.428571,18.0,26.714286,30.285714,2.285714,13.445378,1.13824e-05,0.073369,0.00804
2.1.安哥拉,安哥拉 新增UV,1.0,1.0,1.0,1.0,1.0,0.0,1.0,1.0,0.0,0.0,-6.214e-07,-0.004005,-0.000439
2.1.安圭拉,安圭拉 新增UV,1.0,0.0,0.0,1.0,1.0,0.0,1.0,0.0,1.0,,,,
2.1.安提瓜和巴布达,安提瓜和巴布达 新增UV,0.0,2.0,0.0,1.0,1.0,1.0,0.0,1.0,-2.0,-100.0,,,
2.1.安道尔,安道尔 新增UV,1.0,1.0,1.0,1.0,0.0,1.0,1.0,1.0,0.0,0.0,1.5731e-06,0.01014,0.001111
2.1.密克罗尼西亚联邦,密克罗尼西亚联邦 新增UV,0.0,0.0,0.0,0.0,0.0,0.0,0.0,0.0,0.0,,,,
2.1.尼加拉瓜,尼加拉瓜 新增UV,1.333333,1.166667,1.166667,1.666667,1.5,1.142857,1.75,1.4,0.166667,14.285714,1.0812e-06,0.006969,0.000764
2.1.尼日利亚,尼日利亚 新增UV,22.0,22.571429,23.714286,27.857143,23.428571,20.571429,24.714286,17.857143,-0.571429,-2.531646,8.669e-06,0.055878,0.006123
2.1.尼日尔,尼日尔 新增UV,0.0,0.0,0.0,1.0,1.0,1.0,0.0,1.0,0.0,,,,
2.1.尼泊尔,尼泊尔 新增UV,2.166667,1.833333,1.4,2.0,2.166667,2.8,2.6,3.285714,0.333333,18.181818,1.5831e-06,0.010204,0.001118
2.1.巴勒斯坦,巴勒斯坦 新增UV,1.333333,2.25,1.333333,1.5,1.25,1.666667,1.6,1.5,-0.916667,-40.740741,-6.0254e-06,-0.038838,-0.004256
2.1.巴哈马,巴哈马 新增UV,2.2,1.0,1.5,2.0,1.5,1.333333,1.0,1.25,1.2,120.0,1.5822e-06,0.010198,0.001117
2.1.巴基斯坦,巴基斯坦 新增UV,5.571429,7.428571,6.142857,7.0,7.714286,5.285714,7.285714,11.0,-1.857143,-25.0,-8.135e-07,-0.005244,-0.000575
2.1.巴巴多斯,巴巴多斯 新增UV,1.0,2.0,1.0,1.0,1.0,0.0,1.5,1.0,-1.0,-50.0,-2.2046e-06,-0.01421,-0.001557
2.1.巴布亚新几内亚,巴布亚新几内亚 新增UV,0.0,0.0,1.0,0.0,1.0,1.0,0.0,0.0,0.0,,,,
2.1.巴拉圭,巴拉圭 新增UV,1.75,1.4,3.833333,2.5,2.571429,2.0,2.142857,1.8,0.35,25.0,2.08e-08,0.000134,1.5e-05
2.1.巴拿马,巴拿马 新增UV,1.8,2.75,1.0,2.142857,2.25,2.0,2.0,2.0,-0.95,-34.545455,4.75e-07,0.003062,0.000336
2.1.巴林,巴林 新增UV,3.0,1.0,1.0,2.0,1.0,1.0,0.0,1.333333,2.0,200.0,-8.8649e-06,-0.057142,-0.006262
2.1.巴西,巴西 新增UV,2073.428571,5288.428571,8650.857143,8663.571429,9044.857143,8907.571429,9484.428571,9784.428571,-3215.0,-60.793106,0.00086292,5.562202,0.6095
2.1.布基纳法索,布基纳法索 新增UV,1.2,1.25,1.5,1.0,1.75,1.2,1.0,1.0,-0.05,-4.0,-5.707e-07,-0.003678,-0.000403
2.1.布隆迪,布隆迪 新增UV,1.0,1.0,1.0,0.0,1.0,1.0,0.0,1.0,0.0,0.0,-6.214e-07,-0.004005,-0.000439
2.1.希腊,希腊 新增UV,9.857143,10.428571,9.428571,8.571429,9.714286,9.571429,9.285714,6.285714,-0.571429,-5.479452,1.3642e-06,0.008793,0.000964
2.1.帕劳,帕劳 新增UV,0.0,0.0,0.0,0.0,0.0,0.0,0.0,0.0,0.0,,,,
2.1.库克群岛,库克群岛 新增UV,0.0,0.0,0.0,0.0,0.0,0.0,0.0,0.0,0.0,,,,
2.1.库拉索,库拉索 新增UV,1.0,0.0,0.0,1.0,1.5,0.0,1.0,1.0,1.0,,,,
2.1.开曼群岛,开曼群岛 新增UV,1.333333,1.0,1.0,1.0,1.0,0.0,0.0,1.0,0.333333,33.333333,1.5279e-06,0.009849,0.001079
2.1.德国,德国 新增UV,205.0,282.714286,462.571429,294.571429,295.428571,273.857143,269.571429,214.857143,-77.714286,-27.488631,1.64961e-05,0.106331,0.011652
2.1.意大利,意大利 新增UV,16.857143,14.0,18.571429,17.428571,12.714286,13.428571,16.571429,15.571429,2.857143,20.408163,-8.663e-07,-0.005584,-0.000612
2.1.所罗门群岛,所罗门群岛 新增UV,0.0,0.0,0.0,0.0,0.0,0.0,0.0,0.0,0.0,,,,
2.1.拉脱维亚,拉脱维亚 新增UV,6.285714,4.714286,2.857143,3.857143,2.5,3.0,3.285714,3.285714,1.571429,33.333333,-1.8567e-06,-0.011968,-0.001311
2.1.挪威,挪威 新增UV,2.333333,3.2,3.714286,3.0,1.833333,2.0,2.428571,2.571429,-0.866667,-27.083333,7.847e-07,0.005058,0.000554
2.1.捷克,捷克 新增UV,2.666667,2.4,3.142857,3.571429,2.333333,5.142857,3.428571,2.714286,0.266667,11.111111,-1.4469e-06,-0.009327,-0.001022
2.1.摩尔多瓦,摩尔多瓦 新增UV,2.142857,2.666667,2.142857,2.6,1.5,1.428571,3.0,1.666667,-0.52381,-19.642857,2.656e-07,0.001712,0.000188
2.1.摩洛哥,摩洛哥 新增UV,2.833333,2.714286,3.0,2.0,4.5,2.166667,2.6,2.0,0.119048,4.385965,5.365e-07,0.003458,0.000379
2.1.摩纳哥,摩纳哥 新增UV,1.0,0.0,0.0,0.0,0.0,1.0,0.0,0.0,1.0,,,,
2.1.文莱,文莱 新增UV,1.0,1.0,0.0,1.0,1.0,1.5,1.0,1.0,0.0,0.0,3.7675e-06,0.024285,0.002661
2.1.斐济,斐济 新增UV,1.0,1.0,1.0,1.0,1.0,1.0,1.0,1.0,0.0,0.0,3.7675e-06,0.024285,0.002661
2.1.斯威士兰,斯威士兰 新增UV,0.0,0.0,0.0,0.0,0.0,0.0,0.0,1.0,0.0,,,,
2.1.斯洛伐克,斯洛伐克 新增UV,1.0,1.666667,1.0,3.0,1.5,2.0,1.833333,1.75,-0.666667,-40.0,1.7122e-06,0.011036,0.001209
2.1.斯洛文尼亚,斯洛文尼亚 新增UV,2.0,1.25,0.0,1.0,1.333333,3.0,1.0,1.0,0.75,60.0,-3.8681e-06,-0.024933,-0.002732
2.1.斯里兰卡,斯里兰卡 新增UV,1.25,3.0,1.5,1.0,1.0,1.666667,1.333333,2.0,-1.75,-58.333333,-9.7629e-06,-0.062929,-0.006896
2.1.新加坡,新加坡 新增UV,3.666667,2.0,3.142857,2.857143,2.857143,2.333333,3.142857,3.333333,1.666667,83.333333,-2.9035e-06,-0.018715,-0.002051
2.1.新喀里多尼亚,新喀里多尼亚 新增UV,0.0,0.0,0.0,0.0,0.0,1.0,0.0,0.0,0.0,,,,
2.1.新西兰,新西兰 新增UV,2.0,2.0,1.666667,1.75,2.0,1.25,1.285714,1.666667,0.0,0.0,-1.2428e-06,-0.008011,-0.000878
2.1.日本,日本 新增UV,2.285714,2.833333,2.857143,17.857143,9.142857,3.285714,3.285714,4.142857,-0.547619,-19.327731,-3.802e-07,-0.002451,-0.000269
2.1.智利,智利 新增UV,4.714286,8.0,13.428571,9.714286,7.0,5.0,4.714286,8.0,-3.285714,-41.071429,1.2333e-06,0.00795,0.000871
2.1.柬埔寨,柬埔寨 新增UV,1.0,1.0,1.0,1.0,1.333333,1.666667,1.0,1.0,0.0,0.0,-6.214e-07,-0.004005,-0.000439
2.1.根西岛,根西岛 新增UV,0.0,0.0,0.0,0.0,1.0,0.0,0.0,1.0,0.0,,,,
2.1.格林纳达,格林纳达 新增UV,1.0,1.0,1.0,1.0,0.0,1.0,0.0,0.0,0.0,0.0,-6.214e-07,-0.004005,-0.000439
2.1.格陵兰,格陵兰 新增UV,0.0,0.0,0.0,0.0,0.0,0.0,0.0,0.0,0.0,,,,
2.1.格鲁吉亚,格鲁吉亚 新增UV,4.5,3.0,3.5,2.285714,2.285714,3.285714,3.285714,2.166667,1.5,50.0,2.4781e-06,0.015973,0.00175
2.1.比利时,比利时 新增UV,3.142857,2.166667,3.285714,3.5,3.142857,3.166667,2.666667,3.571429,0.97619,45.054945,-5.37e-06,-0.034614,-0.003793
2.1.毛里塔尼亚,毛里塔尼亚 新增UV,1.0,0.0,1.0,1.0,0.0,1.0,1.0,1.0,1.0,,,,
2.1.毛里求斯,毛里求斯 新增UV,1.333333,1.0,1.5,0.0,1.0,1.0,1.0,1.0,0.333333,33.333333,1.5279e-06,0.009849,0.001079
2.1.汤加,汤加 新增UV,0.0,0.0,0.0,1.0,0.0,1.0,0.0,0.0,0.0,,,,
2.1.沙特阿拉伯,沙特阿拉伯 新增UV,3.428571,3.428571,1.8,3.333333,2.714286,3.142857,4.285714,6.333333,0.0,0.0,-2.1305e-06,-0.013733,-0.001505
2.1.法国,法国 新增UV,28.142857,31.0,35.428571,47.857143,58.571429,62.428571,66.571429,48.857143,-2.857143,-9.21659,-1.3131e-06,-0.008464,-0.000927
2.1.法属圣马丁,法属圣马丁 新增UV,0.0,1.0,0.0,0.0,0.0,1.0,0.0,1.0,-1.0,-100.0,,,
2.1.法属圭亚那,法属圭亚那 新增UV,0.0,0.0,1.0,0.0,1.0,1.0,1.333333,1.0,0.0,,,,
2.1.法属波利尼西亚,法属波利尼西亚 新增UV,1.0,1.0,0.0,1.0,0.0,0.0,1.0,0.0,0.0,0.0,-6.214e-07,-0.004005,-0.000439
2.1.法罗群岛,法罗群岛 新增UV,0.0,0.0,0.0,0.0,0.0,0.0,1.0,0.0,0.0,,,,
2.1.波兰,波兰 新增UV,10.714286,11.0,10.571429,9.857143,6.571429,8.142857,9.857143,9.714286,-0.285714,-2.597403,7.359e-07,0.004744,0.00052
2.1.波多黎各,波多黎各 新增UV,2.5,1.8,3.0,2.571429,2.857143,2.166667,3.142857,2.428571,0.7,38.888889,-2.333e-07,-0.001504,-0.000165
2.1.波黑,波黑 新增UV,1.6,1.4,1.4,1.5,1.5,1.333333,1.333333,1.5,0.2,14.285714,1.2974e-06,0.008363,0.000916
2.1.泰国,泰国 新增UV,2.75,1.6,2.666667,2.166667,1.5,1.428571,1.833333,2.2,1.15,71.875,-2.0524e-06,-0.013229,-0.00145
2.1.泽西岛,泽西岛 新增UV,1.0,0.0,0.0,1.0,0.0,0.0,0.0,1.0,1.0,,,,
2.1.津巴布韦,津巴布韦 新增UV,1.333333,0.0,1.0,2.0,1.0,1.0,1.0,1.0,1.333333,,,,
2.1.洪都拉斯,洪都拉斯 新增UV,2.0,3.333333,2.333333,1.833333,1.6,2.2,1.25,2.0,-1.333333,-40.0,-6.067e-07,-0.003911,-0.000429
2.1.海地,海地 新增UV,1.4,2.2,1.666667,2.0,2.2,1.0,1.25,1.0,-0.8,-36.363636,-1.74e-08,-0.000112,-1.2e-05
2.1.澳大利亚,澳大利亚 新增UV,110.285714,96.857143,123.0,165.0,170.857143,277.857143,335.714286,80.142857,13.428571,13.864307,-4.36576e-05,-0.281408,-0.030836
2.1.澳门,澳门 新增UV,0.0,0.0,0.0,0.0,0.0,1.0,0.0,1.0,0.0,,,,
2.1.爱尔兰,爱尔兰 新增UV,1.857143,2.571429,3.0,3.285714,4.857143,3.0,3.666667,3.666667,-0.714286,-27.777778,6.148e-07,0.003963,0.000434
2.1.爱沙尼亚,爱沙尼亚 新增UV,1.8,2.0,2.285714,2.6,2.0,1.4,1.833333,1.6,-0.2,-10.0,2.383e-07,0.001536,0.000168
2.1.牙买加,牙买加 新增UV,2.4,3.166667,1.6,2.0,1.25,1.333333,1.333333,1.6,-0.766667,-24.210526,-2.112e-07,-0.001362,-0.000149
2.1.特克斯和凯科斯群岛,特克斯和凯科斯群岛 新增UV,1.0,1.5,1.5,1.0,1.0,0.0,1.0,0.0,-0.5,-33.333333,1.1288e-06,0.007276,0.000797
2.1.特立尼达和多巴哥,特立尼达和多巴哥 新增UV,1.0,1.333333,1.0,1.75,1.0,1.0,2.0,1.5,-0.333333,-25.0,-1.3807e-06,-0.0089,-0.000975
2.1.玻利维亚,玻利维亚 新增UV,1.666667,2.4,2.571429,2.714286,2.428571,3.428571,4.333333,3.4,-0.733333,-30.555556,1.5313e-06,0.00987,0.001082
2.1.瑞典,瑞典 新增UV,4.428571,6.285714,12.571429,15.714286,15.0,5.142857,4.285714,4.285714,-1.857143,-29.545455,-2.2301e-06,-0.014374,-0.001575
2.1.瑞士,瑞士 新增UV,4.666667,4.142857,6.571429,5.571429,5.428571,4.285714,4.857143,3.428571,0.52381,12.643678,1.2366e-06,0.007971,0.000873
2.1.瓜德罗普,瓜德罗普 新增UV,1.0,0.0,0.0,0.0,0.0,1.0,0.0,0.0,1.0,,,,
2.1.瓦利斯和富图纳群岛,瓦利斯和富图纳群岛 新增UV,0.0,0.0,0.0,0.0,0.0,0.0,0.0,0.0,0.0,,,,
2.1.瓦努阿图,瓦努阿图 新增UV,0.0,0.0,1.0,0.0,0.0,0.0,0.0,0.0,0.0,,,,
2.1.留尼汪岛,留尼汪岛 新增UV,1.0,1.0,1.0,0.0,1.0,1.5,1.0,2.0,0.0,0.0,-6.214e-07,-0.004005,-0.000439
2.1.白俄罗斯,白俄罗斯 新增UV,15.142857,17.857143,17.428571,14.285714,12.714286,16.857143,13.571429,16.857143,-2.714286,-15.2,5.48e-08,0.000354,3.9e-05
2.1.百慕大,百慕大 新增UV,0.0,0.0,0.0,0.0,1.0,0.0,0.0,0.0,0.0,,,,
2.1.直布罗陀,直布罗陀 新增UV,0.0,1.0,0.0,1.0,1.0,1.0,0.0,1.0,-1.0,-100.0,,,
2.1.福克兰群岛,福克兰群岛 新增UV,0.0,0.0,0.0,0.0,0.0,0.0,0.0,0.0,0.0,,,,
2.1.科威特,科威特 新增UV,1.6,1.0,1.6,1.0,1.6,2.0,1.75,1.25,0.6,60.0,-3.0945e-06,-0.019946,-0.002186
2.1.科摩罗,科摩罗 新增UV,0.0,0.0,0.0,0.0,0.0,0.0,0.0,0.0,0.0,,,,
2.1.科特迪瓦,科特迪瓦 新增UV,1.0,1.25,1.0,2.0,1.4,1.333333,1.0,1.333333,-0.25,-20.0,2.537e-07,0.001635,0.000179
2.1.科索沃,科索沃 新增UV,1.333333,1.0,1.5,1.5,1.0,0.0,2.0,1.0,0.333333,33.333333,5.0511e-06,0.032559,0.003568
2.1.秘鲁,秘鲁 新增UV,7.857143,9.0,9.0,9.571429,10.142857,10.0,8.428571,9.857143,-1.142857,-12.698413,-7.687e-07,-0.004955,-0.000543
2.1.突尼斯,突尼斯 新增UV,1.8,1.8,1.714286,1.666667,2.0,2.166667,2.5,2.25,0.0,0.0,-2.407e-07,-0.001552,-0.00017
2.1.立陶宛,立陶宛 新增UV,2.5,2.8,2.166667,2.285714,1.333333,1.571429,1.5,1.833333,-0.3,-10.714286,-5.034e-07,-0.003245,-0.000356
2.1.索马里,索马里 新增UV,1.0,1.0,1.0,1.0,1.333333,1.6,1.5,1.333333,0.0,0.0,8.416e-07,0.005425,0.000594
2.1.约旦,约旦 新增UV,1.428571,1.8,1.285714,1.833333,2.75,1.857143,2.142857,3.0,-0.371429,-20.634921,-4.615e-07,-0.002975,-0.000326
2.1.纳米比亚,纳米比亚 新增UV,0.0,0.0,0.0,0.0,0.0,0.0,0.0,1.0,0.0,,,,
2.1.缅甸,缅甸 新增UV,3.166667,3.2,3.333333,1.333333,1.6,2.285714,4.857143,2.0,-0.033333,-1.041667,-1.163e-06,-0.007496,-0.000821
2.1.罗马尼亚,罗马尼亚 新增UV,3.857143,4.0,3.714286,2.666667,4.714286,4.6,2.857143,3.142857,-0.142857,-3.571429,1.5765e-06,0.010162,0.001114
2.1.美国,美国 新增UV,2051.142857,2120.142857,2352.571429,2607.428571,3067.285714,3266.571429,4213.142857,4276.857143,-69.0,-3.254498,-6.85273e-05,-0.441713,-0.048402
2.1.美属维尔京群岛,美属维尔京群岛 新增UV,1.0,1.0,0.0,0.0,1.0,1.0,1.0,0.0,0.0,0.0,-6.214e-07,-0.004005,-0.000439
2.1.老挝,老挝 新增UV,1.666667,1.0,1.0,0.0,1.0,0.0,1.0,1.0,0.666667,66.666667,1.3901e-06,0.008961,0.000982
2.1.肯尼亚,肯尼亚 新增UV,1.25,2.0,1.714286,1.6,1.0,2.333333,2.714286,1.8,-0.75,-37.5,-7.627e-07,-0.004916,-0.000539
2.1.芬兰,芬兰 新增UV,7.142857,9.428571,9.0,6.714286,6.428571,4.714286,3.714286,5.571429,-2.285714,-24.242424,-1.973e-06,-0.012718,-0.001394
2.1.苏丹,苏丹 新增UV,1.333333,1.0,2.0,1.0,1.0,0.0,1.0,1.0,0.333333,33.333333,-1.9953e-06,-0.012861,-0.001409
2.1.苏里南,苏里南 新增UV,0.0,1.0,0.0,1.0,1.0,1.0,0.0,1.0,-1.0,-100.0,,,
2.1.英国,英国 新增UV,691.285714,756.0,805.428571,887.428571,764.0,467.285714,532.428571,517.428571,-64.714286,-8.560091,6.7801e-06,0.043703,0.004789
2.1.英属维尔京群岛,英属维尔京群岛 新增UV,1.0,1.0,1.0,1.0,0.0,0.0,0.0,1.0,0.0,0.0,-6.214e-07,-0.004005,-0.000439
2.1.荷兰,荷兰 新增UV,20.857143,24.571429,22.142857,20.571429,23.285714,18.571429,17.0,16.142857,-3.714286,-15.116279,-1.06e-08,-6.8e-05,-7e-06
2.1.荷兰加勒比,荷兰加勒比 新增UV,0.0,1.0,0.0,0.0,0.0,1.0,0.0,0.0,-1.0,-100.0,,,
2.1.荷属圣马丁,荷属圣马丁 新增UV,1.0,1.0,0.0,1.0,0.0,1.0,1.0,1.0,0.0,0.0,3.7675e-06,0.024285,0.002661
2.1.莫桑比克,莫桑比克 新增UV,1.5,0.0,1.0,1.0,1.0,2.0,1.0,1.0,1.5,,,,
2.1.莱索托,莱索托 新增UV,0.0,1.0,0.0,0.0,0.0,0.0,0.0,0.0,-1.0,-100.0,,,
2.1.菲律宾,菲律宾 新增UV,7.0,6.0,7.428571,6.428571,8.571429,8.285714,8.0,9.428571,1.0,16.666667,2.3337e-06,0.015043,0.001648
2.1.萨尔瓦多,萨尔瓦多 新增UV,2.0,1.833333,2.0,2.166667,2.5,1.666667,1.285714,2.2,0.166667,9.090909,9.377e-07,0.006045,0.000662
2.1.萨摩亚,萨摩亚 新增UV,0.0,0.0,0.0,0.0,0.0,0.0,1.0,0.0,0.0,,,,
2.1.葡萄牙,葡萄牙 新增UV,8.285714,9.0,8.428571,11.714286,9.571429,8.857143,10.142857,8.142857,-0.714286,-7.936508,-3.908e-07,-0.002519,-0.000276
2.1.蒙古,蒙古 新增UV,1.0,1.0,1.0,0.0,1.0,1.0,1.0,1.0,0.0,0.0,1.5731e-06,0.01014,0.001111
2.1.西班牙,西班牙 新增UV,397.0,210.142857,72.285714,120.428571,143.714286,124.857143,122.285714,101.285714,186.857143,88.919103,-5.82832e-05,-0.375681,-0.041167
2.1.贝宁,贝宁 新增UV,0.0,1.0,1.0,1.0,1.5,1.5,1.0,1.0,-1.0,-100.0,,,
2.1.赞比亚,赞比亚 新增UV,0.0,1.0,1.333333,2.0,1.0,2.0,1.0,1.0,-1.0,-100.0,,,
2.1.赤道几内亚,赤道几内亚 新增UV,0.0,0.0,0.0,0.0,0.0,0.0,0.0,0.0,0.0,,,,
2.1.越南,越南 新增UV,2.666667,2.571429,2.666667,2.5,1.75,1.666667,2.142857,2.428571,0.095238,3.703704,1.5242e-06,0.009824,0.001077
2.1.阿塞拜疆,阿塞拜疆 新增UV,3.0,2.142857,5.714286,2.333333,2.75,4.0,3.0,2.0,0.857143,40.0,-1.047e-06,-0.006748,-0.000739
2.1.阿富汗,阿富汗 新增UV,1.166667,1.0,1.5,1.0,1.333333,1.166667,2.0,1.285714,0.166667,16.666667,1.18e-08,7.6e-05,8e-06
2.1.阿尔及利亚,阿尔及利亚 新增UV,2.428571,2.0,1.571429,3.8,2.8,2.142857,2.2,3.428571,0.428571,21.428571,-5.087e-07,-0.003279,-0.000359
2.1.阿尔巴尼亚,阿尔巴尼亚 新增UV,2.428571,3.714286,3.142857,2.833333,2.142857,2.0,4.0,2.142857,-1.285714,-34.615385,5.057e-07,0.00326,0.000357
2.1.阿曼,阿曼 新增UV,1.0,1.0,1.0,1.666667,1.0,1.333333,1.0,1.0,0.0,0.0,8.416e-07,0.005425,0.000594
2.1.阿根廷,阿根廷 新增UV,8.571429,8.857143,7.857143,12.285714,11.571429,10.714286,11.857143,11.857143,-0.285714,-3.225806,-1.2706e-06,-0.00819,-0.000897
2.1.阿联酋,阿联酋 新增UV,2.857143,3.142857,2.8,3.571429,4.714286,4.571429,5.428571,5.571429,-0.285714,-9.090909,3.199e-07,0.002062,0.000226
2.1.阿鲁巴,阿鲁巴 新增UV,1.666667,1.0,1.5,1.0,1.0,2.333333,1.5,1.0,0.666667,66.666667,1.3901e-06,0.008961,0.000982
2.1.韩国,韩国 新增UV,1.333333,1.0,2.166667,1.25,1.833333,1.4,2.8,1.857143,0.333333,33.333333,-2.337e-07,-0.001506,-0.000165
2.1.香港,香港 新增UV,14.142857,161.714286,552.857143,85.0,12.0,11.857143,13.571429,5.857143,-147.571429,-91.254417,-7.18456e-05,-0.463102,-0.050746
2.1.马尔代夫,马尔代夫 新增UV,1.0,1.0,1.0,0.0,1.5,2.0,1.0,1.0,0.0,0.0,-6.214e-07,-0.004005,-0.000439
2.1.马恩岛,马恩岛 新增UV,1.0,0.0,1.0,0.0,1.0,0.0,0.0,1.0,1.0,,,,
2.1.马拉维,马拉维 新增UV,1.0,1.0,0.0,0.0,1.5,1.0,1.0,1.0,0.0,0.0,-6.214e-07,-0.004005,-0.000439
2.1.马提尼克岛,马提尼克岛 新增UV,2.0,0.0,0.0,0.0,0.0,0.0,1.0,0.0,2.0,,,,
2.1.马来西亚,马来西亚 新增UV,2.2,2.6,1.428571,2.2,2.428571,1.857143,2.4,3.285714,-0.4,-15.384615,3.31e-08,0.000213,2.3e-05
2.1.马约特,马约特 新增UV,0.0,0.0,0.0,0.0,0.0,0.0,0.0,0.0,0.0,,,,
2.1.马绍尔群岛,马绍尔群岛 新增UV,0.0,1.0,0.0,0.0,0.0,0.0,0.0,0.0,-1.0,-100.0,,,
2.1.马耳他,马耳他 新增UV,1.25,1.0,1.75,1.5,1.0,1.25,2.2,1.0,0.25,25.0,6.815e-07,0.004393,0.000481
2.1.马达加斯加,马达加斯加 新增UV,1.0,1.0,1.0,1.0,1.0,1.0,2.0,1.5,0.0,0.0,3.7675e-06,0.024285,0.002661
2.1.马里,马里 新增UV,1.0,1.0,1.0,1.666667,1.0,2.8,1.5,0.0,0.0,0.0,-6.214e-07,-0.004005,-0.000439
2.1.黎巴嫩,黎巴嫩 新增UV,1.8,2.333333,2.4,1.333333,1.0,1.6,2.166667,2.0,-0.533333,-22.857143,1.611e-07,0.001038,0.000114
2.1.黑山,黑山 新增UV,1.666667,1.428571,1.4,1.333333,1.0,1.0,1.666667,1.2,0.238095,16.666667,-1.8691e-06,-0.012048,-0.00132
2.2,自然 新增UV,25034.571429,26679.285714,29911.714286,25994.0,25109.857143,26925.142857,26974.0,29060.285714,-1644.714286,-6.164761,0.0018774996,12.10197,1.326121
2.2.unknow,unknow 新增UV,2.666667,2.333333,1.5,1.8,1.666667,5.285714,2.8,3.2,0.333333,14.285714,-2.8238e-06,-0.018202,-0.001995
2.2.不丹,不丹 新增UV,1.0,1.5,1.25,1.0,1.5,1.0,1.0,1.0,-0.5,-33.333333,1.1288e-06,0.007276,0.000797
2.2.东帝汶,东帝汶 新增UV,2.0,1.0,1.0,0.0,1.0,1.5,1.0,1.0,1.0,100.0,3.6321e-06,0.023412,0.002565
2.2.中国,中国 新增UV,43.0,42.0,46.285714,65.857143,67.857143,60.142857,57.571429,55.428571,1.0,2.380952,3.8175e-06,0.024607,0.002696
2.2.中非,中非 新增UV,1.333333,1.0,1.8,1.5,1.6,1.0,1.5,2.0,0.333333,33.333333,-1.9953e-06,-0.012861,-0.001409
2.2.丹麦,丹麦 新增UV,43.428571,39.0,35.285714,42.142857,38.285714,41.285714,49.428571,41.714286,4.428571,11.355311,9.8307e-06,0.063367,0.006944
2.2.乌克兰,乌克兰 新增UV,407.857143,449.571429,449.571429,609.428571,316.285714,433.428571,331.857143,762.428571,-41.714286,-9.278678,4.75117e-05,0.306251,0.033559
2.2.乌兹别克斯坦,乌兹别克斯坦 新增UV,37.285714,51.428571,126.857143,32.857143,32.0,36.714286,26.428571,59.285714,-14.142857,-27.5,-3.5969e-06,-0.023185,-0.002541
2.2.乌干达,乌干达 新增UV,12.0,18.857143,11.571429,13.571429,11.142857,11.714286,12.285714,13.142857,-6.857143,-36.363636,-1.489e-07,-0.00096,-0.000105
2.2.乌拉圭,乌拉圭 新增UV,13.142857,10.428571,10.428571,7.428571,12.142857,13.0,8.571429,9.142857,2.714286,26.027397,5.3909e-06,0.034748,0.003808
2.2.乍得,乍得 新增UV,2.428571,4.285714,2.0,1.5,1.5,2.8,2.714286,2.833333,-1.857143,-43.333333,8.439e-07,0.005439,0.000596
2.2.也门,也门 新增UV,4.857143,8.285714,4.857143,4.428571,4.714286,4.0,4.142857,6.857143,-3.428571,-41.37931,-3.474e-07,-0.00224,-0.000245
2.2.亚美尼亚,亚美尼亚 新增UV,56.857143,62.142857,52.428571,72.0,208.857143,49.857143,38.714286,35.571429,-5.285714,-8.505747,5.2711e-06,0.033976,0.003723
2.2.以色列,以色列 新增UV,106.142857,102.571429,106.0,80.571429,92.142857,102.0,114.428571,120.428571,3.571429,3.481894,1.9245e-05,0.124049,0.013593
2.2.伊拉克,伊拉克 新增UV,85.0,125.142857,84.714286,81.428571,77.0,75.428571,81.571429,120.285714,-40.142857,-32.077626,1.2927e-06,0.008332,0.000913
2.2.伊朗,伊朗 新增UV,596.0,1071.0,1730.142857,695.571429,616.285714,510.714286,566.571429,543.714286,-475.0,-44.351074,7.36973e-05,0.475038,0.052054
2.2.伯利兹,伯利兹 新增UV,1.857143,3.428571,3.142857,3.142857,2.285714,2.571429,2.571429,3.142857,-1.571429,-45.833333,1.9851e-06,0.012795,0.001402
2.2.佛得角,佛得角 新增UV,2.428571,3.5,2.571429,2.333333,2.142857,3.166667,1.666667,2.142857,-1.071429,-30.612245,-2.4147e-06,-0.015565,-0.001706
2.2.俄罗斯,俄罗斯 新增UV,1825.857143,1909.285714,2205.0,1972.571429,2006.857143,2246.428571,1827.857143,2048.142857,-83.428571,-4.369622,0.0002832853,1.825998,0.200091
2.2.保加利亚,保加利亚 新增UV,69.857143,71.714286,71.0,59.714286,58.142857,56.571429,70.428571,74.428571,-1.857143,-2.589641,7.3384e-06,0.047302,0.005183
2.2.克罗地亚,克罗地亚 新增UV,70.714286,67.142857,62.142857,64.428571,49.571429,53.714286,59.571429,51.142857,3.571429,5.319149,1.92614e-05,0.124155,0.013605
2.2.关岛,关岛 新增UV,1.666667,1.0,3.0,2.0,2.0,1.5,2.428571,1.833333,0.666667,66.666667,-3.3692e-06,-0.021717,-0.00238
2.2.冈比亚,冈比亚 新增UV,13.714286,19.571429,17.428571,21.428571,19.714286,24.0,46.428571,58.428571,-5.857143,-29.927007,-3.596e-07,-0.002318,-0.000254
2.2.冰岛,冰岛 新增UV,3.285714,4.142857,3.285714,3.571429,4.285714,3.857143,7.571429,3.857143,-0.857143,-20.689655,-2.189e-07,-0.001411,-0.000155
2.2.几内亚,几内亚 新增UV,15.285714,17.857143,13.285714,10.857143,13.0,21.714286,10.0,14.571429,-2.571429,-14.4,2.906e-07,0.001873,0.000205
2.2.几内亚比绍,几内亚比绍 新增UV,1.666667,1.0,1.4,2.166667,1.428571,1.0,2.0,1.2,0.666667,66.666667,-3.3692e-06,-0.021717,-0.00238
2.2.列支敦士登,列支敦士登 新增UV,1.0,1.0,1.0,0.0,1.0,1.0,1.0,1.25,0.0,0.0,-6.214e-07,-0.004005,-0.000439
2.2.刚果共和国,刚果共和国 新增UV,5.5,7.428571,4.285714,5.285714,3.571429,11.857143,5.428571,7.571429,-1.928571,-25.961538,-9.472e-07,-0.006105,-0.000669
2.2.刚果民主共和国,刚果民主共和国 新增UV,18.571429,18.142857,13.714286,12.857143,12.714286,18.857143,15.857143,19.714286,0.428571,2.362205,3.9634e-06,0.025547,0.002799
2.2.利比亚,利比亚 新增UV,9.714286,11.428571,8.0,9.714286,8.142857,8.428571,11.571429,12.571429,-1.714286,-15.0,1.62e-08,0.000105,1.2e-05
2.2.利比里亚,利比里亚 新增UV,26.0,30.142857,33.571429,29.714286,29.142857,33.0,33.142857,34.714286,-4.142857,-13.744076,7.212e-07,0.004649,0.000509
2.2.加拿大,加拿大 新增UV,440.285714,436.285714,500.571429,465.0,450.857143,381.571429,456.571429,471.285714,4.0,0.91683,1.03086e-05,0.066447,0.007281
2.2.加纳,加纳 新增UV,105.571429,130.142857,157.142857,196.142857,182.285714,209.714286,163.285714,196.571429,-24.571429,-18.880351,-1.11901e-05,-0.072129,-0.007904
2.2.加蓬,加蓬 新增UV,1.666667,1.25,1.166667,1.6,1.5,1.666667,1.333333,1.0,0.416667,33.333333,-2.4941e-06,-0.016077,-0.001762
2.2.匈牙利,匈牙利 新增UV,49.0,45.142857,46.0,44.428571,37.571429,48.0,57.571429,43.857143,3.857143,8.544304,1.84956e-05,0.119218,0.013064
2.2.北马其顿,北马其顿 新增UV,32.857143,22.714286,29.142857,29.142857,29.428571,29.0,38.142857,31.428571,10.142857,44.654088,2.4658e-06,0.015894,0.001742
2.2.北马里亚纳群岛,北马里亚纳群岛 新增UV,0.0,0.0,0.0,0.0,1.0,0.0,0.0,0.0,0.0,,,,
2.2.南苏丹,南苏丹 新增UV,31.714286,37.285714,33.0,33.142857,34.428571,33.714286,29.285714,32.285714,-5.571429,-14.942529,2.33e-08,0.00015,1.6e-05
2.2.南非,南非 新增UV,101.571429,119.285714,107.0,84.428571,94.0,83.571429,105.285714,96.571429,-17.714286,-14.850299,4.664e-07,0.003006,0.000329
2.2.博茨瓦纳,博茨瓦纳 新增UV,3.166667,2.428571,3.5,2.333333,1.714286,2.5,2.833333,3.0,0.738095,30.392157,-1.1676e-06,-0.007526,-0.000825
2.2.卡塔尔,卡塔尔 新增UV,10.428571,12.0,10.0,12.0,11.428571,12.571429,15.285714,16.857143,-1.571429,-13.095238,-3.18e-08,-0.000205,-2.2e-05
2.2.卢旺达,卢旺达 新增UV,8.142857,8.571429,6.428571,5.0,6.0,7.714286,4.571429,6.285714,-0.428571,-5.0,1.7334e-06,0.011173,0.001224
2.2.卢森堡,卢森堡 新增UV,5.142857,4.285714,5.714286,4.285714,5.571429,6.285714,6.428571,5.857143,0.857143,20.0,4.7446e-06,0.030583,0.003351
2.2.印度,印度 新增UV,85.142857,88.857143,82.571429,77.285714,70.857143,80.428571,94.714286,106.428571,-3.714286,-4.180064,2.29911e-05,0.148196,0.016239
2.2.印度尼西亚,印度尼西亚 新增UV,120.142857,154.428571,132.285714,111.571429,119.857143,118.0,166.571429,130.142857,-34.285714,-22.201665,-1.71145e-05,-0.110316,-0.012088
2.2.危地马拉,危地马拉 新增UV,23.714286,23.714286,27.142857,21.571429,18.428571,21.0,18.428571,19.428571,0.0,0.0,-9.422e-07,-0.006073,-0.000665
2.2.厄瓜多尔,厄瓜多尔 新增UV,58.857143,61.714286,53.285714,49.285714,46.142857,45.571429,48.285714,51.285714,-2.857143,-4.62963,2.1264e-06,0.013706,0.001502
2.2.叙利亚,叙利亚 新增UV,22.285714,27.142857,22.142857,22.428571,21.285714,18.285714,20.428571,29.142857,-4.857143,-17.894737,-1.701e-06,-0.010964,-0.001201
2.2.古巴,古巴 新增UV,4.285714,4.833333,1.857143,2.142857,3.25,2.5,2.714286,4.285714,-0.547619,-11.330049,3.079e-07,0.001985,0.000218
2.2.台湾,台湾 新增UV,13.142857,8.857143,10.714286,12.857143,9.285714,10.714286,9.428571,9.571429,4.285714,48.387097,-1.8242e-06,-0.011759,-0.001289
2.2.吉尔吉斯斯坦,吉尔吉斯斯坦 新增UV,33.428571,40.285714,52.285714,43.714286,30.714286,71.571429,28.857143,139.857143,-6.857143,-17.021277,-9.623e-07,-0.006203,-0.00068
2.2.吉布提,吉布提 新增UV,1.0,0.0,1.0,1.0,2.0,1.0,0.0,1.0,1.0,,,,
2.2.哈萨克斯坦,哈萨克斯坦 新增UV,208.0,255.428571,415.571429,271.142857,195.142857,521.428571,176.0,670.714286,-47.428571,-18.568233,-4.6117e-06,-0.029726,-0.003257
2.2.哥伦比亚,哥伦比亚 新增UV,223.0,206.857143,224.142857,190.857143,211.857143,207.142857,188.142857,205.428571,16.142857,7.803867,6.88376e-05,0.443713,0.048622
2.2.哥斯达黎加,哥斯达黎加 新增UV,19.285714,22.0,18.428571,15.714286,15.571429,20.428571,15.142857,16.857143,-2.714286,-12.337662,1.5441e-06,0.009953,0.001091
2.2.喀麦隆,喀麦隆 新增UV,18.142857,19.857143,17.0,16.0,16.857143,21.142857,18.142857,24.142857,-1.714286,-8.633094,2.9382e-06,0.018939,0.002075
2.2.图瓦卢,图瓦卢 新增UV,0.0,0.0,0.0,0.0,0.0,1.0,1.0,0.0,0.0,,,,
2.2.土库曼斯坦,土库曼斯坦 新增UV,5.0,1.5,1.25,1.0,1.0,2.0,2.5,2.666667,3.5,233.333333,-6.6803e-06,-0.04306,-0.004718
2.2.土耳其,土耳其 新增UV,730.571429,706.714286,720.285714,656.571429,673.428571,778.428571,911.0,646.0,23.857143,3.375783,8.23553e-05,0.530845,0.058169
2.2.圣卢西亚,圣卢西亚 新增UV,2.0,3.0,1.666667,2.5,1.4,2.428571,2.4,1.833333,-1.0,-33.333333,-4e-07,-0.002578,-0.000282
2.2.圣基茨和尼维斯,圣基茨和尼维斯 新增UV,1.0,1.285714,2.0,1.4,1.5,1.0,1.5,1.666667,-0.285714,-22.222222,-5.129e-07,-0.003306,-0.000362
2.2.圣多美和普林西比,圣多美和普林西比 新增UV,1.0,1.0,1.0,0.0,1.0,1.0,0.0,1.5,0.0,0.0,1.5731e-06,0.01014,0.001111
2.2.圣巴泰勒米岛,圣巴泰勒米岛 新增UV,1.0,0.0,0.0,0.0,0.0,0.0,0.0,0.0,1.0,,,,
2.2.圣文森特和格林纳丁斯,圣文森特和格林纳丁斯 新增UV,1.666667,1.75,1.5,1.0,1.0,1.25,1.0,1.0,-0.083333,-4.761905,3.07e-07,0.001979,0.000217
2.2.圣马力诺,圣马力诺 新增UV,1.0,1.0,0.0,0.0,1.0,1.0,0.0,1.0,0.0,0.0,-6.214e-07,-0.004005,-0.000439
2.2.圭亚那,圭亚那 新增UV,5.0,3.0,3.857143,2.857143,3.5,2.714286,2.142857,4.428571,2.0,66.666667,2.1307e-06,0.013734,0.001505
2.2.坦桑尼亚,坦桑尼亚 新增UV,19.428571,24.428571,21.142857,21.285714,18.857143,20.857143,19.142857,22.571429,-5.0,-20.467836,-2.1837e-06,-0.014075,-0.001542
2.2.埃及,埃及 新增UV,152.285714,159.285714,130.571429,140.142857,138.0,139.857143,159.428571,189.714286,-7.0,-4.394619,1.58314e-05,0.102046,0.011182
2.2.埃塞俄比亚,埃塞俄比亚 新增UV,12.0,15.0,13.571429,11.714286,14.285714,18.285714,20.0,15.285714,-3.0,-20.0,-2.5873e-06,-0.016677,-0.001827
2.2.基里巴斯,基里巴斯 新增UV,0.0,0.0,0.0,0.0,1.0,0.0,0.0,0.0,0.0,,,,
2.2.塔吉克斯坦,塔吉克斯坦 新增UV,6.0,5.714286,4.142857,6.333333,4.857143,5.142857,3.428571,6.285714,0.285714,5.0,2.4281e-06,0.015651,0.001715
2.2.塞内加尔,塞内加尔 新增UV,53.428571,42.142857,33.285714,43.714286,57.142857,78.857143,132.285714,179.714286,11.285714,26.779661,5.08679e-05,0.327884,0.035929
2.2.塞尔维亚,塞尔维亚 新增UV,128.142857,112.714286,133.857143,116.857143,117.0,133.857143,148.857143,127.714286,15.428571,13.688213,1.47316e-05,0.094957,0.010405
2.2.塞拉利昂,塞拉利昂 新增UV,7.857143,9.857143,7.428571,6.285714,8.571429,9.428571,8.714286,7.0,-2.0,-20.289855,-1.1461e-06,-0.007387,-0.000809
2.2.塞浦路斯,塞浦路斯 新增UV,21.428571,20.714286,20.714286,22.142857,19.0,21.0,23.0,19.428571,0.714286,3.448276,6.5256e-06,0.042063,0.004609
2.2.塞舌尔,塞舌尔 新增UV,2.0,2.25,1.571429,1.285714,1.8,1.714286,2.25,2.0,-0.25,-11.111111,-3.677e-07,-0.00237,-0.00026
2.2.墨西哥,墨西哥 新增UV,647.0,513.428571,521.571429,423.571429,392.285714,407.0,408.285714,393.142857,133.571429,26.015582,0.000197684,1.27423,0.139629
2.2.多哥,多哥 新增UV,6.0,7.571429,8.0,7.285714,6.857143,6.714286,9.285714,13.857143,-1.571429,-20.754717,-9.101e-07,-0.005866,-0.000643
2.2.多米尼克,多米尼克 新增UV,3.0,1.0,1.0,1.5,1.0,0.0,1.5,1.0,2.0,200.0,3.28771e-05,0.211919,0.023222
2.2.多米尼加,多米尼加 新增UV,41.571429,45.285714,35.428571,35.571429,38.142857,37.142857,46.714286,39.571429,-3.714286,-8.201893,5.603e-07,0.003612,0.000396
2.2.奥兰群岛,奥兰群岛 新增UV,0.0,0.0,0.0,1.0,0.0,1.0,0.0,0.0,0.0,,,,
2.2.奥地利,奥地利 新增UV,76.0,66.714286,69.285714,58.0,72.285714,96.285714,87.285714,74.571429,9.285714,13.91863,2.4005e-05,0.154731,0.016955
2.2.委内瑞拉,委内瑞拉 新增UV,70.285714,70.714286,53.714286,42.857143,53.714286,53.142857,53.428571,61.0,-0.428571,-0.606061,1.35265e-05,0.087189,0.009554
2.2.孟加拉,孟加拉 新增UV,400.142857,422.571429,395.714286,381.428571,410.714286,457.142857,620.714286,787.285714,-22.428571,-5.30764,2.63528e-05,0.169865,0.018614
2.2.安哥拉,安哥拉 新增UV,15.714286,16.0,13.428571,14.428571,13.142857,15.571429,11.571429,13.142857,-0.285714,-1.785714,1.3652e-06,0.0088,0.000964
2.2.安圭拉,安圭拉 新增UV,1.0,1.0,1.0,1.0,1.0,1.333333,1.0,0.0,0.0,0.0,-6.214e-07,-0.004005,-0.000439
2.2.安提瓜和巴布达,安提瓜和巴布达 新增UV,1.8,2.0,2.5,2.0,1.0,2.166667,2.5,1.5,-0.2,-10.0,-9.01e-08,-0.00058,-6.4e-05
2.2.安道尔,安道尔 新增UV,1.0,1.2,1.0,1.5,1.0,1.666667,1.0,1.2,-0.2,-16.666667,7.87e-08,0.000507,5.6e-05
2.2.密克罗尼西亚联邦,密克罗尼西亚联邦 新增UV,0.0,0.0,0.0,1.0,0.0,0.0,1.0,0.0,0.0,,,,
2.2.尼加拉瓜,尼加拉瓜 新增UV,13.285714,15.857143,13.714286,11.571429,9.857143,7.857143,8.857143,9.428571,-2.571429,-16.216216,-3.868e-07,-0.002493,-0.000273
2.2.尼日利亚,尼日利亚 新增UV,516.857143,567.714286,647.285714,708.571429,656.571429,655.142857,679.285714,896.0,-50.857143,-8.958228,9.299e-05,0.599394,0.065681
2.2.尼日尔,尼日尔 新增UV,6.571429,8.0,5.714286,6.285714,5.833333,6.857143,6.428571,8.285714,-1.428571,-17.857143,-4.91e-07,-0.003165,-0.000347
2.2.尼泊尔,尼泊尔 新增UV,23.0,25.0,23.0,20.0,19.142857,20.142857,24.571429,27.857143,-2.0,-8.0,-5.741e-07,-0.003701,-0.000406
2.2.巴勒斯坦,巴勒斯坦 新增UV,19.428571,14.285714,14.142857,16.142857,15.285714,19.428571,22.857143,27.428571,5.142857,36.0,2.7251e-06,0.017565,0.001925
2.2.巴哈马,巴哈马 新增UV,3.857143,6.142857,6.142857,4.571429,4.857143,5.285714,5.142857,5.142857,-2.285714,-37.209302,-1.7258e-06,-0.011124,-0.001219
2.2.巴基斯坦,巴基斯坦 新增UV,293.0,324.571429,253.285714,304.428571,194.857143,186.571429,227.428571,351.0,-31.571429,-9.727113,1.96181e-05,0.126454,0.013857
2.2.巴巴多斯,巴巴多斯 新增UV,3.285714,3.5,3.166667,2.0,2.833333,2.714286,3.714286,3.5,-0.214286,-6.122449,-1.017e-07,-0.000656,-7.2e-05
2.2.巴布亚新几内亚,巴布亚新几内亚 新增UV,2.333333,2.571429,1.5,2.666667,1.5,1.666667,1.8,2.75,-0.238095,-9.259259,9.386e-07,0.00605,0.000663
2.2.巴拉圭,巴拉圭 新增UV,24.0,20.428571,19.857143,22.857143,20.857143,23.571429,21.857143,22.428571,3.571429,17.482517,1.06199e-05,0.068453,0.007501
2.2.巴拿马,巴拿马 新增UV,13.857143,15.428571,12.428571,11.571429,12.714286,12.571429,12.714286,16.714286,-1.571429,-10.185185,2.5514e-06,0.016446,0.001802
2.2.巴林,巴林 新增UV,5.0,5.285714,7.0,5.142857,5.285714,7.142857,6.714286,7.5,-0.285714,-5.405405,-4.062e-07,-0.002618,-0.000287
2.2.巴西,巴西 新增UV,5571.571429,6043.142857,6384.285714,6646.0,6526.142857,6895.428571,6563.571429,6540.0,-471.571429,-7.803414,0.0005419785,3.49348,0.382812
2.2.布基纳法索,布基纳法索 新增UV,35.857143,36.0,34.857143,33.714286,33.857143,50.0,27.571429,39.428571,-0.142857,-0.396825,1.13159e-05,0.07294,0.007993
2.2.布隆迪,布隆迪 新增UV,2.666667,1.8,1.571429,2.6,2.714286,3.5,2.5,2.2,0.866667,48.148148,-2.6201e-06,-0.016888,-0.001851
2.2.希腊,希腊 新增UV,158.142857,164.571429,149.571429,145.857143,140.714286,140.571429,148.428571,128.285714,-6.428571,-3.90625,3.34846e-05,0.215835,0.023651
2.2.帕劳,帕劳 新增UV,1.0,0.0,0.0,0.0,0.0,0.0,0.0,0.0,1.0,,,,
2.2.库克群岛,库克群岛 新增UV,1.0,1.0,1.0,1.0,1.0,0.0,2.0,0.0,0.0,0.0,-6.214e-07,-0.004005,-0.000439
2.2.库拉索,库拉索 新增UV,3.4,2.4,3.0,1.8,1.571429,2.857143,2.571429,2.5,1.0,41.666667,3.7152e-06,0.023947,0.002624
2.2.开曼群岛,开曼群岛 新增UV,1.666667,1.2,1.75,2.2,1.833333,1.6,1.333333,1.75,0.466667,38.888889,1.1013e-06,0.007099,0.000778
2.2.德国,德国 新增UV,1085.0,1423.857143,2220.142857,1113.714286,1045.428571,1055.571429,951.428571,971.142857,-338.857143,-23.798535,-0.0001141,-0.735465,-0.080591
2.2.意大利,意大利 新增UV,460.285714,420.714286,413.142857,391.857143,411.142857,446.0,392.571429,249.714286,39.571429,9.405772,6.40445e-05,0.412817,0.045236
2.2.所罗门群岛,所罗门群岛 新增UV,1.5,1.666667,1.0,1.0,1.0,1.0,3.0,1.0,-0.166667,-10.0,4.722e-07,0.003044,0.000334
2.2.拉脱维亚,拉脱维亚 新增UV,58.714286,55.285714,61.857143,61.428571,52.0,66.285714,51.285714,56.0,3.428571,6.20155,1.98385e-05,0.127875,0.014012
2.2.挪威,挪威 新增UV,38.714286,35.285714,35.428571,46.857143,83.857143,100.428571,89.0,71.0,3.428571,9.716599,5.292e-06,0.034111,0.003738
2.2.捷克,捷克 新增UV,56.142857,57.285714,50.571429,50.142857,49.0,54.571429,54.428571,62.428571,-1.142857,-1.995012,6.3045e-06,0.040638,0.004453
2.2.摩尔多瓦,摩尔多瓦 新增UV,42.571429,37.714286,35.428571,36.857143,26.571429,35.428571,41.142857,41.285714,4.857143,12.878788,1.01021e-05,0.065116,0.007135
2.2.摩洛哥,摩洛哥 新增UV,85.714286,86.714286,65.0,68.571429,62.285714,62.428571,69.714286,87.285714,-1.0,-1.153213,9.9877e-06,0.064378,0.007054
2.2.摩纳哥,摩纳哥 新增UV,2.0,1.5,1.5,1.2,1.666667,1.0,1.5,1.333333,0.5,33.333333,7.5767e-06,0.048838,0.005352
2.2.文莱,文莱 新增UV,1.166667,1.6,1.4,1.75,1.833333,1.166667,2.0,1.25,-0.433333,-27.083333,7.919e-07,0.005104,0.000559
2.2.斐济,斐济 新增UV,2.666667,1.714286,2.5,1.666667,2.2,1.428571,2.857143,2.666667,0.952381,55.555556,3.8217e-06,0.024634,0.002699
2.2.斯威士兰,斯威士兰 新增UV,1.0,1.333333,1.333333,1.0,1.333333,1.5,1.75,1.0,-0.333333,-25.0,-3.3068e-06,-0.021315,-0.002336
2.2.斯洛伐克,斯洛伐克 新增UV,23.285714,24.571429,20.714286,20.571429,18.714286,23.142857,26.0,23.0,-1.285714,-5.232558,8.302e-07,0.005351,0.000586
2.2.斯洛文尼亚,斯洛文尼亚 新增UV,11.714286,12.857143,13.142857,14.0,14.142857,15.0,13.857143,11.285714,-1.142857,-8.888889,6.75e-07,0.004351,0.000477
2.2.斯里兰卡,斯里兰卡 新增UV,16.285714,13.285714,13.571429,12.857143,10.571429,13.571429,13.714286,15.714286,3.0,22.580645,1.13189e-05,0.072959,0.007995
2.2.新加坡,新加坡 新增UV,35.428571,47.0,34.714286,38.571429,34.428571,39.857143,39.428571,46.714286,-11.571429,-24.620061,-8.3659e-06,-0.053925,-0.005909
2.2.新喀里多尼亚,新喀里多尼亚 新增UV,1.0,1.0,1.0,1.0,1.0,2.0,1.0,2.0,0.0,0.0,1.5731e-06,0.01014,0.001111
2.2.新西兰,新西兰 新增UV,29.142857,31.714286,23.571429,28.142857,24.714286,28.0,38.857143,29.142857,-2.571429,-8.108108,-2.1705e-06,-0.013991,-0.001533
2.2.日本,日本 新增UV,44.142857,39.428571,37.571429,46.571429,61.142857,43.571429,52.571429,64.142857,4.714286,11.956522,6.2769e-06,0.040459,0.004433
2.2.智利,智利 新增UV,56.285714,50.714286,57.714286,55.428571,48.571429,46.714286,41.571429,43.714286,5.571429,10.985915,2.36495e-05,0.152439,0.016704
2.2.柬埔寨,柬埔寨 新增UV,7.857143,7.428571,10.714286,9.857143,11.142857,12.857143,13.0,7.714286,0.428571,5.769231,1.745e-07,0.001125,0.000123
2.2.根西岛,根西岛 新增UV,1.333333,1.333333,1.5,1.25,1.0,1.5,1.5,1.5,0.0,0.0,6.344e-07,0.004089,0.000448
2.2.格林纳达,格林纳达 新增UV,1.5,1.2,1.666667,1.25,1.5,1.0,1.0,1.4,0.3,25.0,3.512e-07,0.002264,0.000248
2.2.格陵兰,格陵兰 新增UV,0.0,0.0,0.0,1.0,1.0,0.0,1.0,0.0,0.0,,,,
2.2.格鲁吉亚,格鲁吉亚 新增UV,72.714286,60.857143,67.571429,63.142857,66.571429,83.857143,84.285714,65.142857,11.857143,19.483568,2.63851e-05,0.170073,0.018636
2.2.比利时,比利时 新增UV,55.428571,59.428571,60.857143,56.857143,59.857143,59.285714,71.285714,63.0,-4.0,-6.730769,1.1409e-06,0.007354,0.000806
2.2.毛里塔尼亚,毛里塔尼亚 新增UV,2.714286,6.142857,4.166667,4.571429,6.0,8.142857,6.714286,6.428571,-3.428571,-55.813953,-1.1884e-06,-0.00766,-0.000839
2.2.毛里求斯,毛里求斯 新增UV,6.571429,4.857143,6.142857,3.857143,3.571429,5.142857,4.0,4.571429,1.714286,35.294118,3.851e-06,0.024823,0.00272
2.2.汤加,汤加 新增UV,0.0,1.0,1.0,1.0,1.0,0.0,1.0,1.0,-1.0,-100.0,,,
2.2.沙特阿拉伯,沙特阿拉伯 新增UV,87.714286,81.0,82.285714,71.0,70.857143,85.571429,91.571429,111.571429,6.714286,8.289242,-5.3229e-06,-0.03431,-0.00376
2.2.法国,法国 新增UV,347.142857,364.142857,389.571429,311.571429,309.285714,330.0,318.142857,306.714286,-17.0,-4.668497,1.72321e-05,0.111075,0.012171
2.2.法属圣马丁,法属圣马丁 新增UV,1.0,1.0,1.0,1.0,0.0,1.0,1.0,1.0,0.0,0.0,-6.214e-07,-0.004005,-0.000439
2.2.法属圭亚那,法属圭亚那 新增UV,1.0,1.0,1.0,0.0,2.0,1.0,1.5,1.0,0.0,0.0,4.758e-07,0.003067,0.000336
2.2.法属波利尼西亚,法属波利尼西亚 新增UV,2.0,1.0,1.75,1.166667,1.4,1.333333,2.166667,1.25,1.0,100.0,6.4238e-06,0.041407,0.004537
2.2.法罗群岛,法罗群岛 新增UV,1.0,1.0,0.0,1.0,1.0,1.0,1.0,1.0,0.0,0.0,-6.214e-07,-0.004005,-0.000439
2.2.波兰,波兰 新增UV,192.0,192.0,209.285714,201.857143,186.714286,209.285714,192.714286,261.571429,0.0,0.0,3.74389e-05,0.241323,0.026444
2.2.波多黎各,波多黎各 新增UV,19.571429,21.142857,22.571429,21.428571,24.285714,20.571429,25.571429,25.142857,-1.571429,-7.432432,2.2675e-06,0.014616,0.001602
2.2.波黑,波黑 新增UV,48.0,37.857143,39.714286,41.857143,46.0,46.714286,54.571429,53.285714,10.142857,26.792453,2.11875e-05,0.13657,0.014965
2.2.泰国,泰国 新增UV,39.857143,44.857143,36.285714,36.285714,32.857143,35.857143,39.285714,44.857143,-5.0,-11.146497,3.77e-06,0.024301,0.002663
2.2.泽西岛,泽西岛 新增UV,2.0,1.25,1.0,1.6,1.5,2.0,1.333333,1.5,0.75,60.0,6.853e-07,0.004417,0.000484
2.2.津巴布韦,津巴布韦 新增UV,5.0,8.428571,5.142857,5.142857,5.0,6.285714,7.714286,6.142857,-3.428571,-40.677966,-1.8749e-06,-0.012086,-0.001324
2.2.洪都拉斯,洪都拉斯 新增UV,23.571429,21.714286,22.857143,19.428571,15.714286,16.857143,20.428571,17.285714,1.857143,8.552632,5.783e-07,0.003728,0.000409
2.2.海地,海地 新增UV,14.857143,20.142857,15.571429,15.571429,16.428571,17.142857,16.571429,18.428571,-5.285714,-26.241135,-6.4689e-06,-0.041697,-0.004569
2.2.澳大利亚,澳大利亚 新增UV,297.857143,300.0,319.571429,271.142857,271.428571,314.428571,370.142857,275.571429,-2.142857,-0.714286,-5.5352e-06,-0.035678,-0.00391
2.2.澳门,澳门 新增UV,1.5,1.6,1.0,1.5,1.0,1.0,1.2,2.0,-0.1,-6.25,1.031e-07,0.000665,7.3e-05
2.2.爱尔兰,爱尔兰 新增UV,76.571429,85.857143,82.142857,80.714286,87.285714,79.285714,91.571429,89.428571,-9.285714,-10.815308,3.0023e-06,0.019352,0.002121
2.2.爱沙尼亚,爱沙尼亚 新增UV,43.0,36.571429,36.428571,36.857143,39.142857,47.0,37.857143,32.571429,6.428571,17.578125,4.89533e-05,0.315542,0.034577
2.2.牙买加,牙买加 新增UV,19.571429,23.0,24.0,22.142857,19.571429,20.571429,21.0,23.142857,-3.428571,-14.906832,1.124e-07,0.000724,7.9e-05
2.2.特克斯和凯科斯群岛,特克斯和凯科斯群岛 新增UV,2.333333,2.0,1.2,2.0,1.333333,1.666667,1.75,2.25,0.333333,16.666667,5.3041e-06,0.034189,0.003746
2.2.特立尼达和多巴哥,特立尼达和多巴哥 新增UV,7.285714,8.142857,9.714286,6.714286,5.857143,7.0,7.571429,7.285714,-0.857143,-10.526316,1.648e-07,0.001062,0.000116
2.2.玻利维亚,玻利维亚 新增UV,27.0,31.142857,25.428571,24.285714,23.0,24.571429,24.857143,23.857143,-4.142857,-13.302752,5.308e-07,0.003422,0.000375
2.2.瑞典,瑞典 新增UV,147.714286,128.714286,144.0,140.571429,153.571429,157.142857,147.714286,116.714286,19.0,14.761376,5.36347e-05,0.345718,0.037883
2.2.瑞士,瑞士 新增UV,74.857143,83.0,95.142857,76.142857,71.0,90.142857,77.285714,73.714286,-8.142857,-9.810671,4.0814e-06,0.026308,0.002883
2.2.瓜德罗普,瓜德罗普 新增UV,1.5,1.0,1.0,1.0,1.0,2.0,1.0,1.0,0.5,50.0,-2.6823e-06,-0.017289,-0.001895
2.2.瓦利斯和富图纳群岛,瓦利斯和富图纳群岛 新增UV,1.0,1.0,0.0,0.0,0.0,0.0,0.0,0.0,0.0,0.0,-6.214e-07,-0.004005,-0.000439
2.2.瓦努阿图,瓦努阿图 新增UV,1.0,1.333333,1.0,2.0,1.0,0.0,0.0,0.0,-0.333333,-25.0,-3.3068e-06,-0.021315,-0.002336
2.2.留尼汪岛,留尼汪岛 新增UV,2.166667,2.666667,2.166667,2.285714,2.4,2.285714,2.4,1.75,-0.5,-18.75,-3.5e-08,-0.000225,-2.5e-05
2.2.白俄罗斯,白俄罗斯 新增UV,118.571429,120.571429,163.0,179.0,102.0,221.571429,156.714286,274.714286,-2.0,-1.658768,1.7298e-05,0.111499,0.012218
2.2.百慕大,百慕大 新增UV,2.25,1.75,1.333333,1.25,2.2,1.4,1.5,1.0,0.5,28.571429,1.7931e-06,0.011558,0.001267
2.2.直布罗陀,直布罗陀 新增UV,1.333333,2.333333,1.333333,1.5,1.0,1.0,1.0,1.25,-1.0,-42.857143,-6.7638e-06,-0.043598,-0.004777
2.2.福克兰群岛,福克兰群岛 新增UV,0.0,1.0,0.0,0.0,0.0,0.0,0.0,1.0,-1.0,-100.0,,,
2.2.科威特,科威特 新增UV,12.428571,14.142857,16.714286,16.857143,13.285714,17.285714,19.714286,23.714286,-1.714286,-12.121212,-4.44e-08,-0.000286,-3.1e-05
2.2.科摩罗,科摩罗 新增UV,1.0,1.666667,1.5,1.333333,1.0,1.5,1.666667,1.666667,-0.666667,-40.0,1.7122e-06,0.011036,0.001209
2.2.科特迪瓦,科特迪瓦 新增UV,41.714286,48.142857,37.857143,35.714286,36.428571,70.285714,59.857143,56.142857,-6.428571,-13.353116,1.9562e-06,0.012609,0.001382
2.2.科索沃,科索沃 新增UV,14.0,10.571429,21.857143,11.857143,8.285714,10.285714,17.428571,12.428571,3.428571,32.432432,3.1701e-06,0.020434,0.002239
2.2.秘鲁,秘鲁 新增UV,91.714286,82.714286,92.428571,80.857143,80.285714,76.285714,80.0,77.142857,9.0,10.880829,2.15193e-05,0.138709,0.0152
2.2.突尼斯,突尼斯 新增UV,33.857143,39.0,36.285714,31.142857,33.571429,27.142857,33.142857,34.285714,-5.142857,-13.186813,1.2167e-06,0.007843,0.000859
2.2.立陶宛,立陶宛 新增UV,52.428571,51.571429,49.571429,54.428571,48.714286,60.285714,50.857143,45.714286,0.857143,1.66205,1.71448e-05,0.110512,0.01211
2.2.索马里,索马里 新增UV,10.571429,14.857143,12.571429,12.428571,13.142857,12.0,11.571429,18.285714,-4.285714,-28.846154,-3.6403e-06,-0.023465,-0.002571
2.2.约旦,约旦 新增UV,33.428571,29.571429,26.571429,27.428571,25.857143,32.428571,30.142857,42.0,3.857143,13.043478,9.1756e-06,0.059144,0.006481
2.2.纳米比亚,纳米比亚 新增UV,3.0,4.0,4.0,3.0,2.25,3.833333,1.8,2.571429,-1.0,-25.0,-1.47e-08,-9.5e-05,-1e-05
2.2.缅甸,缅甸 新增UV,17.142857,23.142857,15.714286,13.142857,13.857143,14.714286,21.0,19.571429,-6.0,-25.925926,1.8214e-06,0.01174,0.001286
2.2.罗马尼亚,罗马尼亚 新增UV,118.285714,109.857143,111.714286,114.571429,114.285714,112.571429,138.142857,115.285714,8.428571,7.672302,1.73704e-05,0.111966,0.012269
2.2.美国,美国 新增UV,3795.714286,4269.428571,5732.142857,3828.428571,3632.571429,3560.428571,4234.571429,4512.285714,-473.714286,-11.095496,2.55328e-05,0.164579,0.018034
2.2.美属维尔京群岛,美属维尔京群岛 新增UV,1.6,1.333333,1.428571,2.6,2.0,1.8,1.833333,2.0,0.266667,20.0,-1.9277e-06,-0.012425,-0.001362
2.2.老挝,老挝 新增UV,2.166667,2.166667,1.666667,2.0,1.666667,1.666667,1.8,1.4,0.0,0.0,-1.3464e-06,-0.008678,-0.000951
2.2.肯尼亚,肯尼亚 新增UV,30.428571,34.714286,28.428571,27.714286,31.571429,28.285714,28.714286,35.142857,-4.285714,-12.345679,2.4408e-06,0.015733,0.001724
2.2.芬兰,芬兰 新增UV,115.428571,120.571429,135.857143,128.571429,130.571429,152.571429,118.0,114.428571,-5.142857,-4.265403,1.81277e-05,0.116848,0.012804
2.2.苏丹,苏丹 新增UV,7.571429,10.428571,6.285714,5.714286,5.0,4.285714,6.0,7.857143,-2.857143,-27.39726,3.557e-07,0.002293,0.000251
2.2.苏里南,苏里南 新增UV,3.0,2.8,2.857143,2.0,2.25,2.333333,3.666667,3.4,0.2,7.142857,-5.519e-07,-0.003557,-0.00039
2.2.英国,英国 新增UV,1256.142857,1287.0,1446.714286,1264.428571,1223.142857,1285.285714,1411.714286,1653.285714,-30.857143,-2.397602,6.80987e-05,0.43895,0.0481
2.2.英属维尔京群岛,英属维尔京群岛 新增UV,1.0,1.333333,1.5,0.0,1.0,1.5,1.0,1.333333,-0.333333,-25.0,-3.3068e-06,-0.021315,-0.002336
2.2.荷兰,荷兰 新增UV,664.714286,595.714286,631.142857,635.428571,733.142857,806.0,610.0,669.428571,69.0,11.582734,0.0003102207,1.999618,0.219116
2.2.荷兰加勒比,荷兰加勒比 新增UV,1.5,1.0,1.333333,0.0,1.333333,1.0,1.0,0.0,0.5,50.0,-2.6823e-06,-0.017289,-0.001895
2.2.荷属圣马丁,荷属圣马丁 新增UV,1.6,1.0,2.2,1.333333,1.333333,1.25,1.5,1.333333,0.6,60.0,7.8336e-06,0.050494,0.005533
2.2.莫桑比克,莫桑比克 新增UV,22.714286,29.142857,26.714286,31.0,27.142857,28.428571,32.285714,34.714286,-6.428571,-22.058824,-7.634e-06,-0.049207,-0.005392
2.2.莱索托,莱索托 新增UV,1.4,1.0,1.25,1.0,1.5,1.0,1.0,1.0,0.4,40.0,4.6015e-06,0.02966,0.00325
2.2.菲律宾,菲律宾 新增UV,254.0,269.857143,251.714286,259.0,287.142857,283.0,329.428571,366.857143,-15.857143,-5.876125,2.9375e-05,0.189345,0.020748
2.2.萨尔瓦多,萨尔瓦多 新增UV,14.714286,15.0,14.571429,13.428571,14.428571,10.428571,13.428571,12.571429,-0.285714,-1.904762,7.4921e-06,0.048293,0.005292
2.2.萨摩亚,萨摩亚 新增UV,1.0,0.0,1.0,1.0,1.0,1.0,0.0,1.0,1.0,,,,
2.2.葡萄牙,葡萄牙 新增UV,175.142857,162.0,171.714286,155.571429,174.285714,182.857143,201.0,164.285714,13.142857,8.112875,3.78391e-05,0.243903,0.026727
2.2.蒙古,蒙古 新增UV,9.285714,7.571429,5.571429,7.142857,6.285714,6.571429,6.571429,6.0,1.714286,22.641509,-4.0966e-06,-0.026406,-0.002894
2.2.西班牙,西班牙 新增UV,496.571429,403.714286,382.285714,403.857143,362.142857,347.857143,359.428571,374.857143,92.857143,23.000708,0.0001658973,1.069339,0.117177
2.2.贝宁,贝宁 新增UV,15.0,14.857143,18.428571,19.142857,18.857143,23.142857,24.714286,35.0,0.142857,0.961538,1.06583e-05,0.068701,0.007528
2.2.赞比亚,赞比亚 新增UV,8.428571,11.0,6.428571,9.285714,8.857143,6.428571,8.571429,7.714286,-2.571429,-23.376623,-7.419e-07,-0.004782,-0.000524
2.2.赤道几内亚,赤道几内亚 新增UV,1.0,1.0,1.0,2.0,1.333333,1.5,1.4,1.0,0.0,0.0,-6.214e-07,-0.004005,-0.000439
2.2.越南,越南 新增UV,49.285714,54.0,45.428571,42.428571,38.857143,45.857143,41.285714,51.428571,-4.714286,-8.730159,3.5144e-06,0.022653,0.002482
2.2.阿塞拜疆,阿塞拜疆 新增UV,92.571429,64.0,63.714286,53.285714,45.714286,59.714286,66.428571,58.142857,28.571429,44.642857,2.44752e-05,0.157762,0.017287
2.2.阿富汗,阿富汗 新增UV,8.428571,11.0,11.857143,12.285714,10.142857,12.428571,15.142857,17.0,-2.571429,-23.376623,-1.1924e-06,-0.007686,-0.000842
2.2.阿尔及利亚,阿尔及利亚 新增UV,40.857143,64.285714,42.428571,35.571429,35.714286,33.428571,35.0,43.571429,-23.428571,-36.444444,1.32735e-05,0.085558,0.009375
2.2.阿尔巴尼亚,阿尔巴尼亚 新增UV,80.0,74.714286,99.571429,81.714286,80.0,73.571429,84.142857,65.571429,5.285714,7.07457,7.4967e-06,0.048322,0.005295
2.2.阿曼,阿曼 新增UV,12.571429,10.142857,10.857143,9.571429,9.285714,9.0,9.714286,23.285714,2.428571,23.943662,4.6357e-06,0.029881,0.003274
2.2.阿根廷,阿根廷 新增UV,122.285714,126.714286,116.142857,117.857143,108.428571,112.857143,110.142857,117.428571,-4.428571,-3.494927,9.8844e-06,0.063713,0.006982
2.2.阿联酋,阿联酋 新增UV,66.142857,61.142857,63.285714,55.142857,64.285714,68.285714,77.571429,96.857143,5.0,8.17757,6.6573e-06,0.042912,0.004702
2.2.阿鲁巴,阿鲁巴 新增UV,3.428571,4.571429,3.0,2.714286,3.714286,3.166667,3.0,2.333333,-1.142857,-25.0,-1.4319e-06,-0.00923,-0.001011
2.2.韩国,韩国 新增UV,35.571429,32.571429,31.428571,24.285714,26.857143,32.714286,30.714286,33.0,3.0,9.210526,-7.6338e-06,-0.049206,-0.005392
2.2.香港,香港 新增UV,76.285714,126.714286,240.714286,104.142857,56.714286,57.142857,57.571429,42.0,-50.428571,-39.797069,-7.58155e-05,-0.488691,-0.05355
2.2.马尔代夫,马尔代夫 新增UV,6.428571,4.714286,5.571429,4.285714,4.142857,5.0,4.857143,5.428571,1.714286,36.363636,1.03993e-05,0.067032,0.007345
2.2.马恩岛,马恩岛 新增UV,1.2,1.0,1.6,1.0,2.2,1.6,1.428571,1.4,0.2,20.0,2.561e-07,0.001651,0.000181
2.2.马拉维,马拉维 新增UV,5.428571,6.714286,4.4,4.0,6.571429,5.571429,5.428571,6.571429,-1.285714,-19.148936,-3.394e-07,-0.002188,-0.00024
2.2.马提尼克岛,马提尼克岛 新增UV,1.333333,1.0,1.0,1.5,1.0,1.0,1.666667,1.0,0.333333,33.333333,1.5279e-06,0.009849,0.001079
2.2.马来西亚,马来西亚 新增UV,38.285714,45.428571,43.285714,43.285714,44.857143,43.285714,106.857143,54.714286,-7.142857,-15.72327,-1.935e-07,-0.001247,-0.000137
2.2.马约特,马约特 新增UV,1.0,1.0,0.0,0.0,1.0,0.0,0.0,0.0,0.0,0.0,-6.214e-07,-0.004005,-0.000439
2.2.马绍尔群岛,马绍尔群岛 新增UV,0.0,0.0,1.0,0.0,1.0,1.0,0.0,0.0,0.0,,,,
2.2.马耳他,马耳他 新增UV,11.0,10.428571,10.428571,11.714286,9.285714,10.714286,9.428571,7.285714,0.571429,5.479452,6.5632e-06,0.042305,0.004636
2.2.马达加斯加,马达加斯加 新增UV,13.571429,13.428571,16.0,14.0,14.714286,13.714286,13.428571,14.0,0.142857,1.06383,5.6783e-06,0.036601,0.004011
2.2.马里,马里 新增UV,64.714286,62.0,49.571429,49.714286,57.428571,208.0,31.714286,31.142857,2.714286,4.37788,1.77215e-05,0.114229,0.012517
2.2.黎巴嫩,黎巴嫩 新增UV,49.285714,41.714286,41.714286,34.714286,31.571429,39.285714,48.142857,51.285714,7.571429,18.150685,4.8581e-06,0.031315,0.003431
2.2.黑山,黑山 新增UV,30.857143,24.857143,27.285714,22.571429,20.428571,23.857143,24.571429,23.285714,6.0,24.137931,9.7454e-06,0.062817,0.006883
3,整体 新增次日留存UV,5396.285714,5726.714286,6673.142857,6039.857143,6019.142857,6373.571429,6158.285714,6539.571429,-330.428571,-5.76995,,,
3.1,渠道 新增次日留存UV,1172.714286,1457.571429,1945.142857,1824.857143,1837.714286,1831.428571,1811.571429,1745.428571,-284.857143,-19.543272,,,
3.1.unknow,unknow 新增次日留存UV,0.0,0.0,0.0,0.0,0.0,0.0,0.0,0.0,0.0,,,,
3.1.不丹,不丹 新增次日留存UV,0.0,0.0,0.0,0.0,0.0,0.0,1.0,0.0,0.0,,,,
3.1.东帝汶,东帝汶 新增次日留存UV,1.0,0.0,0.0,0.0,0.0,0.0,0.0,0.0,1.0,,,,
3.1.中国,中国 新增次日留存UV,0.25,0.333333,0.0,0.2,0.0,0.0,1.0,1.0,-0.083333,-25.0,,,
3.1.中非,中非 新增次日留存UV,1.0,0.0,0.0,0.0,0.0,0.0,0.0,0.0,1.0,,,,
3.1.丹麦,丹麦 新增次日留存UV,0.4,0.0,0.142857,0.666667,0.333333,0.0,0.75,0.2,0.4,,,,
3.1.乌克兰,乌克兰 新增次日留存UV,2.0,2.0,3.0,3.142857,2.714286,2.571429,3.0,3.571429,0.0,0.0,,,
3.1.乌兹别克斯坦,乌兹别克斯坦 新增次日留存UV,0.428571,0.0,0.285714,0.571429,0.285714,0.857143,0.428571,0.571429,0.428571,,,,
3.1.乌干达,乌干达 新增次日留存UV,0.333333,0.5,0.0,0.5,0.5,0.0,1.0,0.0,-0.166667,-33.333333,,,
3.1.乌拉圭,乌拉圭 新增次日留存UV,0.0,0.2,0.2,0.0,0.0,0.0,0.2,0.0,-0.2,-100.0,,,
3.1.乍得,乍得 新增次日留存UV,0.333333,0.0,0.0,0.0,0.0,0.0,0.0,0.0,0.333333,,,,
3.1.也门,也门 新增次日留存UV,0.0,0.0,0.0,1.0,0.0,0.0,0.0,0.0,0.0,,,,
3.1.亚美尼亚,亚美尼亚 新增次日留存UV,0.0,0.4,0.4,0.428571,0.0,0.333333,0.4,0.333333,-0.4,-100.0,,,
3.1.以色列,以色列 新增次日留存UV,0.666667,2.142857,4.428571,0.166667,0.5,0.0,0.0,0.571429,-1.47619,-68.888889,,,
3.1.伊拉克,伊拉克 新增次日留存UV,0.428571,1.142857,1.0,1.0,0.428571,1.0,1.0,1.714286,-0.714286,-62.5,,,
3.1.伊朗,伊朗 新增次日留存UV,12.0,103.571429,304.428571,77.428571,14.571429,9.0,5.714286,5.166667,-91.571429,-88.413793,,,
3.1.伯利兹,伯利兹 新增次日留存UV,0.0,0.0,0.0,0.0,0.0,0.0,0.0,0.0,0.0,,,,
3.1.佛得角,佛得角 新增次日留存UV,0.0,0.25,0.333333,1.0,0.0,0.0,1.0,0.0,-0.25,-100.0,,,
3.1.俄罗斯,俄罗斯 新增次日留存UV,30.142857,32.428571,38.0,29.428571,32.0,29.714286,32.571429,34.714286,-2.285714,-7.048458,,,
3.1.保加利亚,保加利亚 新增次日留存UV,0.666667,0.285714,0.285714,0.571429,0.666667,0.333333,0.142857,0.833333,0.380952,133.333333,,,
3.1.克罗地亚,克罗地亚 新增次日留存UV,0.833333,1.142857,0.8,0.714286,1.285714,0.428571,0.0,1.714286,-0.309524,-27.083333,,,
3.1.关岛,关岛 新增次日留存UV,0.0,0.0,0.0,0.0,0.0,0.0,0.0,0.5,0.0,,,,
3.1.冈比亚,冈比亚 新增次日留存UV,0.571429,0.4,0.571429,0.5,0.2,0.142857,0.857143,1.0,0.171429,42.857143,,,
3.1.冰岛,冰岛 新增次日留存UV,0.0,0.0,0.0,0.0,0.0,0.5,0.0,0.0,0.0,,,,
3.1.几内亚,几内亚 新增次日留存UV,0.0,0.0,0.0,1.0,0.0,0.0,1.0,0.0,0.0,,,,
3.1.几内亚比绍,几内亚比绍 新增次日留存UV,0.0,0.0,1.0,0.0,0.0,0.0,0.0,0.0,0.0,,,,
3.1.列支敦士登,列支敦士登 新增次日留存UV,0.0,0.0,0.0,0.0,0.0,0.0,0.0,0.0,0.0,,,,
3.1.刚果共和国,刚果共和国 新增次日留存UV,0.0,0.0,0.0,0.0,0.0,0.0,0.0,0.0,0.0,,,,
3.1.刚果民主共和国,刚果民主共和国 新增次日留存UV,0.0,0.333333,0.25,1.0,1.0,0.333333,0.25,0.0,-0.333333,-100.0,,,
3.1.利比亚,利比亚 新增次日留存UV,0.0,0.25,0.5,0.333333,0.5,0.2,0.0,0.0,-0.25,-100.0,,,
3.1.利比里亚,利比里亚 新增次日留存UV,0.0,0.0,0.0,0.0,1.0,0.0,1.0,0.0,0.0,,,,
3.1.加拿大,加拿大 新增次日留存UV,7.428571,9.285714,8.571429,21.142857,29.571429,10.571429,20.571429,19.142857,-1.857143,-20.0,,,
3.1.加纳,加纳 新增次日留存UV,0.857143,1.0,1.0,1.0,1.0,1.285714,1.142857,1.428571,-0.142857,-14.285714,,,
3.1.加蓬,加蓬 新增次日留存UV,0.5,0.0,0.0,0.0,0.0,0.0,0.0,0.0,0.5,,,,
3.1.匈牙利,匈牙利 新增次日留存UV,0.285714,0.4,0.0,0.0,0.166667,0.0,0.285714,0.285714,-0.114286,-28.571429,,,
3.1.北马其顿,北马其顿 新增次日留存UV,0.0,0.25,0.0,0.5,0.5,0.0,0.2,0.75,-0.25,-100.0,,,
3.1.北马里亚纳群岛,北马里亚纳群岛 新增次日留存UV,0.0,0.0,0.0,0.0,0.0,0.0,0.0,0.0,0.0,,,,
3.1.南苏丹,南苏丹 新增次日留存UV,2.428571,2.285714,1.857143,1.142857,0.857143,2.142857,1.714286,1.142857,0.142857,6.25,,,
3.1.南非,南非 新增次日留存UV,0.428571,2.714286,3.285714,0.5,0.428571,0.571429,0.571429,0.285714,-2.285714,-84.210526,,,
3.1.博茨瓦纳,博茨瓦纳 新增次日留存UV,0.0,0.0,0.0,0.0,0.0,0.0,0.0,0.0,0.0,,,,
3.1.卡塔尔,卡塔尔 新增次日留存UV,0.5,0.0,0.2,0.333333,0.5,0.0,0.25,0.2,0.5,,,,
3.1.卢旺达,卢旺达 新增次日留存UV,0.0,0.0,0.333333,0.25,0.0,0.0,1.0,0.0,0.0,,,,
3.1.卢森堡,卢森堡 新增次日留存UV,0.0,0.0,0.0,0.0,0.0,0.0,0.0,0.666667,0.0,,,,
3.1.印度,印度 新增次日留存UV,6.571429,5.714286,6.857143,5.142857,3.714286,3.857143,4.714286,4.714286,0.857143,15.0,,,
3.1.印度尼西亚,印度尼西亚 新增次日留存UV,0.714286,1.428571,1.428571,0.571429,0.714286,0.714286,1.285714,0.714286,-0.714286,-50.0,,,
3.1.危地马拉,危地马拉 新增次日留存UV,0.0,0.142857,0.333333,0.4,0.0,0.0,0.0,0.333333,-0.142857,-100.0,,,
3.1.厄瓜多尔,厄瓜多尔 新增次日留存UV,0.428571,0.285714,0.714286,1.142857,0.333333,0.142857,0.142857,0.714286,0.142857,50.0,,,
3.1.叙利亚,叙利亚 新增次日留存UV,0.857143,0.714286,0.714286,0.571429,0.714286,1.0,1.0,0.285714,0.142857,20.0,,,
3.1.古巴,古巴 新增次日留存UV,0.0,0.0,0.5,0.166667,0.0,0.25,0.8,0.0,0.0,,,,
3.1.台湾,台湾 新增次日留存UV,0.25,0.5,0.25,0.5,0.0,0.0,0.5,0.0,-0.25,-50.0,,,
3.1.吉尔吉斯斯坦,吉尔吉斯斯坦 新增次日留存UV,0.0,0.0,0.428571,0.5,0.2,0.333333,0.285714,0.285714,0.0,,,,
3.1.吉布提,吉布提 新增次日留存UV,0.0,0.0,0.0,0.0,0.0,0.0,0.0,0.0,0.0,,,,
3.1.哈萨克斯坦,哈萨克斯坦 新增次日留存UV,0.857143,1.285714,1.142857,1.285714,0.714286,0.428571,1.0,0.857143,-0.428571,-33.333333,,,
3.1.哥伦比亚,哥伦比亚 新增次日留存UV,1.428571,1.571429,1.857143,1.857143,1.142857,0.857143,1.285714,0.428571,-0.142857,-9.090909,,,
3.1.哥斯达黎加,哥斯达黎加 新增次日留存UV,0.166667,0.666667,0.0,0.4,0.0,0.25,0.714286,0.0,-0.5,-75.0,,,
3.1.喀麦隆,喀麦隆 新增次日留存UV,0.333333,0.5,0.333333,0.5,0.333333,0.666667,0.0,1.0,-0.166667,-33.333333,,,
3.1.图瓦卢,图瓦卢 新增次日留存UV,0.0,0.0,0.0,0.0,0.0,0.0,0.0,0.0,0.0,,,,
3.1.土库曼斯坦,土库曼斯坦 新增次日留存UV,0.333333,0.0,0.0,0.0,0.0,0.0,0.0,0.5,0.333333,,,,
3.1.土耳其,土耳其 新增次日留存UV,161.285714,155.0,194.571429,125.571429,115.857143,169.857143,189.857143,159.428571,6.285714,4.0553,,,
3.1.圣卢西亚,圣卢西亚 新增次日留存UV,0.0,0.0,1.0,0.0,0.0,0.0,0.0,0.0,0.0,,,,
3.1.圣基茨和尼维斯,圣基茨和尼维斯 新增次日留存UV,0.0,0.0,0.0,0.0,0.0,0.0,1.0,0.0,0.0,,,,
3.1.圣多美和普林西比,圣多美和普林西比 新增次日留存UV,0.0,0.0,0.0,0.0,0.0,0.0,0.0,0.0,0.0,,,,
3.1.圣巴泰勒米岛,圣巴泰勒米岛 新增次日留存UV,0.0,0.0,0.0,0.0,0.0,0.0,0.0,0.0,0.0,,,,
3.1.圣文森特和格林纳丁斯,圣文森特和格林纳丁斯 新增次日留存UV,0.0,1.0,0.0,0.0,0.0,0.0,0.0,0.0,-1.0,-100.0,,,
3.1.圣马力诺,圣马力诺 新增次日留存UV,0.0,0.0,0.0,0.0,0.0,0.0,0.0,0.0,0.0,,,,
3.1.圭亚那,圭亚那 新增次日留存UV,0.0,0.0,0.0,0.0,0.0,0.0,0.0,0.0,0.0,,,,
3.1.坦桑尼亚,坦桑尼亚 新增次日留存UV,0.333333,0.0,0.4,1.0,0.4,0.333333,0.6,0.0,0.333333,,,,
3.1.埃及,埃及 新增次日留存UV,0.571429,1.714286,0.333333,1.142857,1.714286,1.571429,0.857143,2.714286,-1.142857,-66.666667,,,
3.1.埃塞俄比亚,埃塞俄比亚 新增次日留存UV,0.0,0.333333,0.0,0.0,0.5,0.0,0.5,0.0,-0.333333,-100.0,,,
3.1.基里巴斯,基里巴斯 新增次日留存UV,0.0,0.0,0.0,0.0,0.0,0.0,0.0,0.0,0.0,,,,
3.1.塔吉克斯坦,塔吉克斯坦 新增次日留存UV,0.0,0.25,0.0,0.0,1.0,0.0,0.0,0.0,-0.25,-100.0,,,
3.1.塞内加尔,塞内加尔 新增次日留存UV,0.25,0.0,1.0,0.0,0.0,0.333333,0.714286,0.5,0.25,,,,
3.1.塞尔维亚,塞尔维亚 新增次日留存UV,0.666667,0.142857,0.166667,0.714286,0.142857,0.142857,0.833333,0.2,0.52381,366.666667,,,
3.1.塞拉利昂,塞拉利昂 新增次日留存UV,0.0,0.333333,0.0,0.0,0.0,0.0,0.0,0.5,-0.333333,-100.0,,,
3.1.塞浦路斯,塞浦路斯 新增次日留存UV,0.0,0.285714,0.4,0.142857,0.5,0.333333,1.0,0.333333,-0.285714,-100.0,,,
3.1.塞舌尔,塞舌尔 新增次日留存UV,0.0,0.0,0.0,0.0,0.0,0.0,0.0,1.0,0.0,,,,
3.1.墨西哥,墨西哥 新增次日留存UV,182.857143,151.142857,89.714286,64.571429,71.285714,75.714286,67.285714,28.428571,31.714286,20.982987,,,
3.1.多哥,多哥 新增次日留存UV,0.25,0.0,0.25,0.0,0.5,0.0,0.0,0.333333,0.25,,,,
3.1.多米尼克,多米尼克 新增次日留存UV,0.0,0.0,0.0,0.0,0.0,0.0,0.0,0.0,0.0,,,,
3.1.多米尼加,多米尼加 新增次日留存UV,0.714286,1.0,0.428571,1.0,0.166667,0.142857,0.5,0.428571,-0.285714,-28.571429,,,
3.1.奥兰群岛,奥兰群岛 新增次日留存UV,0.0,0.0,0.0,0.0,0.0,0.0,0.0,0.0,0.0,,,,
3.1.奥地利,奥地利 新增次日留存UV,0.714286,0.714286,0.714286,0.142857,0.285714,0.571429,0.285714,0.714286,0.0,0.0,,,
3.1.委内瑞拉,委内瑞拉 新增次日留存UV,1.285714,0.0,0.285714,0.571429,0.714286,0.857143,0.285714,0.571429,1.285714,,,,
3.1.孟加拉,孟加拉 新增次日留存UV,4.285714,3.0,2.714286,3.142857,3.857143,2.714286,3.714286,6.142857,1.285714,42.857143,,,
3.1.安哥拉,安哥拉 新增次日留存UV,0.0,0.0,0.0,0.0,0.0,0.0,0.333333,0.333333,0.0,,,,
3.1.安圭拉,安圭拉 新增次日留存UV,1.0,0.0,0.0,0.0,0.0,0.0,0.0,0.0,1.0,,,,
3.1.安提瓜和巴布达,安提瓜和巴布达 新增次日留存UV,0.0,0.0,0.0,0.0,1.0,0.0,0.0,0.0,0.0,,,,
3.1.安道尔,安道尔 新增次日留存UV,0.5,0.0,0.0,0.0,0.0,0.5,1.0,0.0,0.5,,,,
3.1.密克罗尼西亚联邦,密克罗尼西亚联邦 新增次日留存UV,0.0,0.0,0.0,0.0,0.0,0.0,0.0,0.0,0.0,,,,
3.1.尼加拉瓜,尼加拉瓜 新增次日留存UV,0.333333,0.0,0.0,0.333333,0.5,0.285714,0.25,0.0,0.333333,,,,
3.1.尼日利亚,尼日利亚 新增次日留存UV,5.428571,5.285714,3.857143,6.571429,6.285714,4.714286,6.0,5.285714,0.142857,2.702703,,,
3.1.尼日尔,尼日尔 新增次日留存UV,0.0,0.0,0.0,1.0,0.0,0.0,0.0,0.0,0.0,,,,
3.1.尼泊尔,尼泊尔 新增次日留存UV,0.5,0.333333,0.4,0.333333,0.333333,0.4,0.6,0.428571,0.166667,50.0,,,
3.1.巴勒斯坦,巴勒斯坦 新增次日留存UV,0.666667,0.25,0.333333,0.25,0.5,0.166667,0.4,0.0,0.416667,166.666667,,,
3.1.巴哈马,巴哈马 新增次日留存UV,0.4,0.0,0.166667,0.25,1.25,1.0,0.0,0.0,0.4,,,,
3.1.巴基斯坦,巴基斯坦 新增次日留存UV,1.0,1.428571,1.0,0.857143,1.142857,1.0,1.285714,2.142857,-0.428571,-30.0,,,
3.1.巴巴多斯,巴巴多斯 新增次日留存UV,0.25,0.0,0.5,1.0,0.5,0.0,0.5,0.0,0.25,,,,
3.1.巴布亚新几内亚,巴布亚新几内亚 新增次日留存UV,0.0,0.0,0.0,0.0,0.0,0.0,0.0,0.0,0.0,,,,
3.1.巴拉圭,巴拉圭 新增次日留存UV,0.25,0.2,0.333333,0.0,0.142857,0.5,0.142857,0.2,0.05,25.0,,,
3.1.巴拿马,巴拿马 新增次日留存UV,0.2,0.25,0.0,0.285714,0.5,0.2,0.4,0.0,-0.05,-20.0,,,
3.1.巴林,巴林 新增次日留存UV,0.0,0.0,0.0,0.0,0.0,1.0,0.0,0.333333,0.0,,,,
3.1.巴西,巴西 新增次日留存UV,268.142857,505.571429,806.714286,939.285714,926.571429,920.857143,784.285714,838.857143,-237.428571,-46.962419,,,
3.1.布基纳法索,布基纳法索 新增次日留存UV,0.0,0.5,0.5,0.0,1.0,0.2,0.0,0.0,-0.5,-100.0,,,
3.1.布隆迪,布隆迪 新增次日留存UV,0.0,1.0,0.0,0.0,0.0,0.5,0.0,0.0,-1.0,-100.0,,,
3.1.希腊,希腊 新增次日留存UV,1.857143,2.857143,1.571429,2.285714,2.428571,1.428571,2.714286,1.285714,-1.0,-35.0,,,
3.1.帕劳,帕劳 新增次日留存UV,0.0,0.0,0.0,0.0,0.0,0.0,0.0,0.0,0.0,,,,
3.1.库克群岛,库克群岛 新增次日留存UV,0.0,0.0,0.0,0.0,0.0,0.0,0.0,0.0,0.0,,,,
3.1.库拉索,库拉索 新增次日留存UV,0.0,0.0,0.0,0.0,0.0,0.0,0.0,0.0,0.0,,,,
3.1.开曼群岛,开曼群岛 新增次日留存UV,0.333333,0.0,0.0,1.0,0.0,0.0,0.0,0.0,0.333333,,,,
3.1.德国,德国 新增次日留存UV,25.714286,37.571429,60.571429,38.857143,39.0,34.285714,32.857143,31.142857,-11.857143,-31.558935,,,
3.1.意大利,意大利 新增次日留存UV,2.285714,3.142857,2.0,2.571429,2.714286,1.857143,4.0,1.571429,-0.857143,-27.272727,,,
3.1.所罗门群岛,所罗门群岛 新增次日留存UV,0.0,0.0,0.0,0.0,0.0,0.0,0.0,0.0,0.0,,,,
3.1.拉脱维亚,拉脱维亚 新增次日留存UV,0.714286,1.0,0.857143,0.428571,0.333333,0.285714,0.0,0.428571,-0.285714,-28.571429,,,
3.1.挪威,挪威 新增次日留存UV,0.166667,0.0,0.285714,0.714286,0.166667,1.0,0.428571,0.714286,0.166667,,,,
3.1.捷克,捷克 新增次日留存UV,0.166667,0.4,0.428571,0.428571,0.166667,0.285714,0.285714,0.0,-0.233333,-58.333333,,,
3.1.摩尔多瓦,摩尔多瓦 新增次日留存UV,0.142857,0.166667,0.285714,0.4,0.0,0.0,0.5,0.166667,-0.02381,-14.285714,,,
3.1.摩洛哥,摩洛哥 新增次日留存UV,0.5,0.714286,0.4,0.428571,0.333333,0.5,0.4,0.428571,-0.214286,-30.0,,,
3.1.摩纳哥,摩纳哥 新增次日留存UV,0.0,0.0,0.0,0.0,0.0,1.0,0.0,0.0,0.0,,,,
3.1.文莱,文莱 新增次日留存UV,1.0,0.0,0.0,0.0,0.0,0.0,0.0,0.0,1.0,,,,
3.1.斐济,斐济 新增次日留存UV,1.0,1.0,0.0,0.0,0.0,0.0,0.5,0.0,0.0,0.0,,,
3.1.斯威士兰,斯威士兰 新增次日留存UV,0.0,0.0,0.0,0.0,0.0,0.0,0.0,0.0,0.0,,,,
3.1.斯洛伐克,斯洛伐克 新增次日留存UV,0.0,0.333333,0.0,0.5,0.166667,0.5,0.166667,0.0,-0.333333,-100.0,,,
3.1.斯洛文尼亚,斯洛文尼亚 新增次日留存UV,0.0,0.25,0.0,0.333333,0.0,0.0,0.0,0.0,-0.25,-100.0,,,
3.1.斯里兰卡,斯里兰卡 新增次日留存UV,0.5,0.0,0.0,0.0,0.5,0.333333,0.0,0.5,0.5,,,,
3.1.新加坡,新加坡 新增次日留存UV,0.333333,0.0,0.142857,0.428571,0.714286,0.333333,0.571429,0.5,0.333333,,,,
3.1.新喀里多尼亚,新喀里多尼亚 新增次日留存UV,0.0,0.0,0.0,0.0,0.0,0.0,0.0,0.0,0.0,,,,
3.1.新西兰,新西兰 新增次日留存UV,0.0,0.166667,0.333333,1.0,0.0,0.0,0.0,0.0,-0.166667,-100.0,,,
3.1.日本,日本 新增次日留存UV,0.571429,0.333333,0.285714,1.571429,2.0,1.142857,0.714286,0.571429,0.238095,71.428571,,,
3.1.智利,智利 新增次日留存UV,0.571429,1.0,1.857143,0.857143,0.857143,0.428571,0.142857,1.0,-0.428571,-42.857143,,,
3.1.柬埔寨,柬埔寨 新增次日留存UV,0.0,1.0,1.0,0.5,0.666667,0.0,0.0,0.0,-1.0,-100.0,,,
3.1.根西岛,根西岛 新增次日留存UV,0.0,0.0,0.0,0.0,0.0,0.0,0.0,1.0,0.0,,,,
3.1.格林纳达,格林纳达 新增次日留存UV,0.0,0.0,0.0,0.0,0.0,0.0,0.0,0.0,0.0,,,,
3.1.格陵兰,格陵兰 新增次日留存UV,0.0,0.0,0.0,0.0,0.0,0.0,0.0,0.0,0.0,,,,
3.1.格鲁吉亚,格鲁吉亚 新增次日留存UV,0.833333,0.571429,0.333333,0.285714,0.0,0.428571,0.285714,0.5,0.261905,45.833333,,,
3.1.比利时,比利时 新增次日留存UV,0.0,0.5,0.857143,0.166667,0.285714,0.0,0.166667,0.285714,-0.5,-100.0,,,
3.1.毛里塔尼亚,毛里塔尼亚 新增次日留存UV,1.0,0.0,0.0,0.0,0.0,0.0,0.0,1.0,1.0,,,,
3.1.毛里求斯,毛里求斯 新增次日留存UV,0.333333,0.0,0.5,0.0,0.5,0.0,0.0,0.0,0.333333,,,,
3.1.汤加,汤加 新增次日留存UV,0.0,0.0,0.0,0.0,0.0,0.0,0.0,0.0,0.0,,,,
3.1.沙特阿拉伯,沙特阿拉伯 新增次日留存UV,0.0,0.571429,0.0,0.666667,0.142857,0.285714,0.714286,0.666667,-0.571429,-100.0,,,
3.1.法国,法国 新增次日留存UV,3.285714,3.571429,4.285714,5.714286,9.714286,11.0,10.0,7.428571,-0.285714,-8.0,,,
3.1.法属圣马丁,法属圣马丁 新增次日留存UV,0.0,0.0,0.0,0.0,0.0,0.0,0.0,0.0,0.0,,,,
3.1.法属圭亚那,法属圭亚那 新增次日留存UV,0.0,0.0,0.0,0.0,0.0,0.5,0.0,0.0,0.0,,,,
3.1.法属波利尼西亚,法属波利尼西亚 新增次日留存UV,0.0,0.0,0.0,0.0,0.0,0.0,1.0,0.0,0.0,,,,
3.1.法罗群岛,法罗群岛 新增次日留存UV,0.0,0.0,0.0,0.0,0.0,0.0,0.0,0.0,0.0,,,,
3.1.波兰,波兰 新增次日留存UV,1.714286,1.857143,1.142857,1.0,0.714286,1.142857,1.285714,1.428571,-0.142857,-7.692308,,,
3.1.波多黎各,波多黎各 新增次日留存UV,0.333333,0.4,0.428571,0.714286,0.571429,0.5,0.142857,0.285714,-0.066667,-16.666667,,,
3.1.波黑,波黑 新增次日留存UV,0.4,0.2,0.2,0.0,0.333333,0.333333,0.333333,0.0,0.2,100.0,,,
3.1.泰国,泰国 新增次日留存UV,0.25,0.2,0.666667,0.166667,0.166667,0.428571,0.166667,0.4,0.05,25.0,,,
3.1.泽西岛,泽西岛 新增次日留存UV,0.0,0.0,0.0,0.0,0.0,0.0,0.0,0.0,0.0,,,,
3.1.津巴布韦,津巴布韦 新增次日留存UV,0.333333,0.0,0.0,0.0,0.333333,0.0,0.0,0.333333,0.333333,,,,
3.1.洪都拉斯,洪都拉斯 新增次日留存UV,0.333333,0.666667,0.333333,0.166667,0.2,0.2,0.5,0.166667,-0.333333,-50.0,,,
3.1.海地,海地 新增次日留存UV,0.2,0.2,0.666667,0.25,0.4,0.0,0.25,1.0,0.0,0.0,,,
3.1.澳大利亚,澳大利亚 新增次日留存UV,9.714286,10.142857,12.571429,15.714286,13.714286,25.571429,33.0,9.857143,-0.428571,-4.225352,,,
3.1.澳门,澳门 新增次日留存UV,0.0,0.0,0.0,0.0,0.0,0.0,0.0,0.0,0.0,,,,
3.1.爱尔兰,爱尔兰 新增次日留存UV,0.142857,0.428571,0.142857,0.857143,0.571429,0.428571,0.5,0.5,-0.285714,-66.666667,,,
3.1.爱沙尼亚,爱沙尼亚 新增次日留存UV,0.4,0.333333,0.428571,0.4,0.0,0.2,0.333333,0.0,0.066667,20.0,,,
3.1.牙买加,牙买加 新增次日留存UV,0.4,0.333333,0.4,0.571429,0.25,0.333333,0.166667,0.2,0.066667,20.0,,,
3.1.特克斯和凯科斯群岛,特克斯和凯科斯群岛 新增次日留存UV,0.0,0.0,0.0,0.0,0.333333,0.0,0.0,0.0,0.0,,,,
3.1.特立尼达和多巴哥,特立尼达和多巴哥 新增次日留存UV,0.5,0.333333,0.0,0.25,0.0,1.0,0.333333,0.25,0.166667,50.0,,,
3.1.玻利维亚,玻利维亚 新增次日留存UV,0.0,0.2,0.571429,0.142857,0.0,0.714286,0.166667,0.2,-0.2,-100.0,,,
3.1.瑞典,瑞典 新增次日留存UV,1.0,1.142857,2.428571,1.714286,1.571429,0.428571,0.857143,0.428571,-0.142857,-12.5,,,
3.1.瑞士,瑞士 新增次日留存UV,0.833333,0.285714,0.857143,1.142857,0.857143,0.428571,0.285714,0.142857,0.547619,191.666667,,,
3.1.瓜德罗普,瓜德罗普 新增次日留存UV,0.0,0.0,0.0,0.0,0.0,0.0,0.0,0.0,0.0,,,,
3.1.瓦利斯和富图纳群岛,瓦利斯和富图纳群岛 新增次日留存UV,0.0,0.0,0.0,0.0,0.0,0.0,0.0,0.0,0.0,,,,
3.1.瓦努阿图,瓦努阿图 新增次日留存UV,0.0,0.0,0.5,0.0,0.0,0.0,0.0,0.0,0.0,,,,
3.1.留尼汪岛,留尼汪岛 新增次日留存UV,0.0,0.0,0.0,0.0,0.0,0.0,0.0,0.0,0.0,,,,
3.1.白俄罗斯,白俄罗斯 新增次日留存UV,0.857143,1.571429,2.142857,1.571429,1.0,1.714286,0.571429,1.285714,-0.714286,-45.454545,,,
3.1.百慕大,百慕大 新增次日留存UV,0.0,0.0,0.0,0.0,0.0,0.0,0.0,0.0,0.0,,,,
3.1.直布罗陀,直布罗陀 新增次日留存UV,0.0,0.0,0.0,0.0,0.0,0.0,0.0,0.0,0.0,,,,
3.1.福克兰群岛,福克兰群岛 新增次日留存UV,0.0,0.0,0.0,0.0,0.0,0.0,0.0,0.0,0.0,,,,
3.1.科威特,科威特 新增次日留存UV,0.0,0.0,0.0,0.0,0.0,0.75,0.25,0.0,0.0,,,,
3.1.科摩罗,科摩罗 新增次日留存UV,0.0,0.0,0.0,0.0,0.0,0.0,0.0,0.0,0.0,,,,
3.1.科特迪瓦,科特迪瓦 新增次日留存UV,0.0,0.0,0.0,1.0,0.4,0.0,0.25,0.333333,0.0,,,,
3.1.科索沃,科索沃 新增次日留存UV,0.666667,0.0,0.5,0.0,0.0,0.0,0.0,0.0,0.666667,,,,
3.1.秘鲁,秘鲁 新增次日留存UV,0.142857,0.714286,0.714286,0.428571,1.142857,0.857143,0.714286,0.714286,-0.571429,-80.0,,,
3.1.突尼斯,突尼斯 新增次日留存UV,0.2,0.2,0.142857,0.166667,0.666667,0.166667,0.5,1.0,0.0,0.0,,,
3.1.立陶宛,立陶宛 新增次日留存UV,0.0,0.4,0.0,0.428571,0.0,0.285714,0.0,0.0,-0.4,-100.0,,,
3.1.索马里,索马里 新增次日留存UV,0.333333,0.0,0.2,0.0,0.333333,0.0,0.166667,0.333333,0.333333,,,,
3.1.约旦,约旦 新增次日留存UV,0.428571,0.2,0.285714,0.0,0.25,0.0,0.428571,1.0,0.228571,114.285714,,,
3.1.纳米比亚,纳米比亚 新增次日留存UV,0.0,0.0,0.0,0.0,0.0,0.0,0.0,0.5,0.0,,,,
3.1.缅甸,缅甸 新增次日留存UV,0.166667,0.2,0.333333,0.166667,0.0,0.285714,1.428571,0.428571,-0.033333,-16.666667,,,
3.1.罗马尼亚,罗马尼亚 新增次日留存UV,1.0,0.714286,0.142857,0.666667,0.714286,0.2,0.428571,0.857143,0.285714,40.0,,,
3.1.美国,美国 新增次日留存UV,271.142857,282.142857,309.571429,327.285714,403.428571,410.0,487.571429,465.142857,-11.0,-3.898734,,,
3.1.美属维尔京群岛,美属维尔京群岛 新增次日留存UV,0.0,0.0,0.0,0.0,0.0,1.0,0.0,0.0,0.0,,,,
3.1.老挝,老挝 新增次日留存UV,0.333333,0.0,0.0,0.0,0.0,0.0,0.0,0.0,0.333333,,,,
3.1.肯尼亚,肯尼亚 新增次日留存UV,0.25,0.333333,0.428571,0.0,0.333333,0.5,0.714286,0.2,-0.083333,-25.0,,,
3.1.芬兰,芬兰 新增次日留存UV,1.571429,1.571429,1.428571,1.714286,1.142857,0.857143,0.857143,0.857143,0.0,0.0,,,
3.1.苏丹,苏丹 新增次日留存UV,0.0,0.0,0.0,0.0,0.0,0.0,0.0,0.0,0.0,,,,
3.1.苏里南,苏里南 新增次日留存UV,0.0,0.0,0.0,0.0,0.0,0.0,0.0,0.0,0.0,,,,
3.1.英国,英国 新增次日留存UV,101.142857,103.285714,103.571429,121.142857,116.857143,73.285714,76.142857,78.142857,-2.142857,-2.074689,,,
3.1.英属维尔京群岛,英属维尔京群岛 新增次日留存UV,0.0,1.0,0.0,0.0,0.0,0.0,0.0,0.0,-1.0,-100.0,,,
3.1.荷兰,荷兰 新增次日留存UV,3.714286,4.142857,3.428571,2.857143,4.428571,3.714286,2.0,1.285714,-0.428571,-10.344828,,,
3.1.荷兰加勒比,荷兰加勒比 新增次日留存UV,0.0,0.0,0.0,0.0,0.0,0.0,0.0,0.0,0.0,,,,
3.1.荷属圣马丁,荷属圣马丁 新增次日留存UV,1.0,0.0,0.0,0.0,0.0,0.0,1.0,0.0,1.0,,,,
3.1.莫桑比克,莫桑比克 新增次日留存UV,0.0,0.0,0.0,0.0,0.0,0.0,0.333333,0.333333,0.0,,,,
3.1.莱索托,莱索托 新增次日留存UV,0.0,0.0,0.0,0.0,0.0,0.0,0.0,0.0,0.0,,,,
3.1.菲律宾,菲律宾 新增次日留存UV,1.285714,0.833333,1.0,0.571429,1.142857,1.857143,0.857143,1.714286,0.452381,54.285714,,,
3.1.萨尔瓦多,萨尔瓦多 新增次日留存UV,0.428571,0.166667,0.333333,0.333333,0.166667,0.166667,0.285714,0.2,0.261905,157.142857,,,
3.1.萨摩亚,萨摩亚 新增次日留存UV,0.0,0.0,0.0,0.0,0.0,0.0,0.0,0.0,0.0,,,,
3.1.葡萄牙,葡萄牙 新增次日留存UV,1.0,1.142857,0.857143,1.571429,1.571429,1.428571,1.285714,0.428571,-0.142857,-12.5,,,
3.1.蒙古,蒙古 新增次日留存UV,0.5,0.0,0.0,0.0,0.0,1.0,0.0,0.0,0.5,,,,
3.1.西班牙,西班牙 新增次日留存UV,52.571429,29.857143,11.285714,20.142857,22.0,16.857143,21.142857,17.285714,22.714286,76.076555,,,
3.1.贝宁,贝宁 新增次日留存UV,0.0,0.0,0.0,0.0,0.5,1.5,0.666667,0.0,0.0,,,,
3.1.赞比亚,赞比亚 新增次日留存UV,0.0,0.5,0.666667,0.0,0.0,1.0,0.333333,0.0,-0.5,-100.0,,,
3.1.赤道几内亚,赤道几内亚 新增次日留存UV,0.0,0.0,0.0,0.0,0.0,0.0,0.0,0.0,0.0,,,,
3.1.越南,越南 新增次日留存UV,0.666667,0.285714,0.333333,0.666667,0.0,0.5,0.285714,0.571429,0.380952,133.333333,,,
3.1.阿塞拜疆,阿塞拜疆 新增次日留存UV,0.333333,0.428571,0.428571,0.333333,0.25,0.5,0.714286,0.142857,-0.095238,-22.222222,,,
3.1.阿富汗,阿富汗 新增次日留存UV,0.166667,0.0,0.0,0.0,0.166667,0.333333,0.666667,0.0,0.166667,,,,
3.1.阿尔及利亚,阿尔及利亚 新增次日留存UV,0.285714,0.5,0.428571,0.2,0.2,0.0,0.2,0.142857,-0.214286,-42.857143,,,
3.1.阿尔巴尼亚,阿尔巴尼亚 新增次日留存UV,0.285714,0.714286,1.0,0.333333,0.714286,0.166667,0.2,0.285714,-0.428571,-60.0,,,
3.1.阿曼,阿曼 新增次日留存UV,0.333333,0.5,0.333333,0.0,0.333333,0.333333,0.25,0.0,-0.166667,-33.333333,,,
3.1.阿根廷,阿根廷 新增次日留存UV,0.857143,0.857143,0.428571,1.142857,0.571429,0.428571,1.0,0.428571,0.0,0.0,,,
3.1.阿联酋,阿联酋 新增次日留存UV,0.571429,0.714286,0.0,0.428571,1.142857,0.571429,0.857143,1.142857,-0.142857,-20.0,,,
3.1.阿鲁巴,阿鲁巴 新增次日留存UV,0.333333,0.5,0.25,0.666667,0.5,0.333333,0.0,0.0,-0.166667,-33.333333,,,
3.1.韩国,韩国 新增次日留存UV,0.166667,0.0,0.166667,0.0,0.166667,0.2,0.0,0.285714,0.166667,,,,
3.1.香港,香港 新增次日留存UV,2.285714,18.857143,72.571429,10.857143,1.571429,3.428571,2.714286,0.857143,-16.571429,-87.878788,,,
3.1.马尔代夫,马尔代夫 新增次日留存UV,0.0,0.0,0.0,0.0,0.5,1.0,1.0,0.0,0.0,,,,
3.1.马恩岛,马恩岛 新增次日留存UV,0.0,0.0,0.5,0.0,0.0,0.0,0.0,0.0,0.0,,,,
3.1.马拉维,马拉维 新增次日留存UV,0.0,1.0,0.0,0.0,0.5,0.5,0.5,0.0,-1.0,-100.0,,,
3.1.马提尼克岛,马提尼克岛 新增次日留存UV,0.0,0.0,0.0,0.0,0.0,0.0,0.0,0.0,0.0,,,,
3.1.马来西亚,马来西亚 新增次日留存UV,0.0,0.0,0.285714,0.2,0.285714,0.285714,0.2,0.571429,0.0,,,,
3.1.马约特,马约特 新增次日留存UV,0.0,0.0,0.0,0.0,0.0,0.0,0.0,0.0,0.0,,,,
3.1.马绍尔群岛,马绍尔群岛 新增次日留存UV,0.0,0.0,0.0,0.0,0.0,0.0,0.0,0.0,0.0,,,,
3.1.马耳他,马耳他 新增次日留存UV,0.25,1.0,0.75,0.166667,0.0,0.25,0.6,0.25,-0.75,-75.0,,,
3.1.马达加斯加,马达加斯加 新增次日留存UV,1.0,0.0,0.0,0.0,0.0,0.0,0.0,0.0,1.0,,,,
3.1.马里,马里 新增次日留存UV,0.0,0.0,0.0,0.333333,0.0,0.2,0.5,0.0,0.0,,,,
3.1.黎巴嫩,黎巴嫩 新增次日留存UV,0.2,0.666667,0.2,0.0,0.166667,0.2,0.166667,1.0,-0.466667,-70.0,,,
3.1.黑山,黑山 新增次日留存UV,0.0,0.285714,0.6,0.0,0.333333,0.333333,0.666667,0.4,-0.285714,-100.0,,,
3.2,自然 新增次日留存UV,4223.571429,4269.142857,4728.0,4215.0,4181.428571,4542.142857,4346.714286,4794.142857,-45.571429,-1.067461,,,
3.2.unknow,unknow 新增次日留存UV,0.0,0.166667,0.0,0.2,0.0,0.0,0.2,0.2,-0.166667,-100.0,,,
3.2.不丹,不丹 新增次日留存UV,0.0,0.0,0.0,0.0,0.0,0.0,0.0,0.0,0.0,,,,
3.2.东帝汶,东帝汶 新增次日留存UV,0.5,0.0,0.0,0.0,0.0,0.0,0.5,0.0,0.5,,,,
3.2.中国,中国 新增次日留存UV,6.857143,7.0,6.428571,9.571429,10.571429,7.714286,8.0,8.571429,-0.142857,-2.040816,,,
3.2.中非,中非 新增次日留存UV,0.0,0.0,0.4,0.0,0.2,0.5,0.0,0.666667,0.0,,,,
3.2.丹麦,丹麦 新增次日留存UV,7.571429,7.0,3.285714,6.857143,5.285714,5.428571,7.714286,5.428571,0.571429,8.163265,,,
3.2.乌克兰,乌克兰 新增次日留存UV,83.285714,85.142857,82.571429,114.428571,55.571429,80.0,60.0,144.285714,-1.857143,-2.181208,,,
3.2.乌兹别克斯坦,乌兹别克斯坦 新增次日留存UV,6.0,7.714286,25.428571,4.857143,7.0,6.857143,4.571429,9.571429,-1.714286,-22.222222,,,
3.2.乌干达,乌干达 新增次日留存UV,1.714286,3.428571,2.714286,2.857143,2.857143,2.571429,3.285714,3.714286,-1.714286,-50.0,,,
3.2.乌拉圭,乌拉圭 新增次日留存UV,2.428571,2.142857,2.0,1.857143,1.285714,1.0,1.571429,1.285714,0.285714,13.333333,,,
3.2.乍得,乍得 新增次日留存UV,0.285714,0.428571,0.0,0.5,0.0,0.8,0.428571,0.5,-0.142857,-33.333333,,,
3.2.也门,也门 新增次日留存UV,0.714286,1.285714,0.714286,0.571429,0.857143,0.571429,0.714286,1.285714,-0.571429,-44.444444,,,
3.2.亚美尼亚,亚美尼亚 新增次日留存UV,10.571429,11.571429,9.0,14.285714,38.571429,10.142857,6.0,6.285714,-1.0,-8.641975,,,
3.2.以色列,以色列 新增次日留存UV,18.714286,16.428571,16.857143,13.285714,13.857143,15.571429,17.285714,21.857143,2.285714,13.913043,,,
3.2.伊拉克,伊拉克 新增次日留存UV,11.857143,14.0,9.714286,10.714286,11.142857,10.0,10.285714,16.714286,-2.142857,-15.306122,,,
3.2.伊朗,伊朗 新增次日留存UV,79.571429,150.428571,279.142857,106.714286,97.714286,80.714286,89.571429,81.142857,-70.857143,-47.103514,,,
3.2.伯利兹,伯利兹 新增次日留存UV,0.142857,0.285714,0.714286,0.285714,0.571429,0.571429,0.428571,0.714286,-0.142857,-50.0,,,
3.2.佛得角,佛得角 新增次日留存UV,0.714286,0.5,0.428571,0.166667,0.285714,0.5,0.0,0.571429,0.214286,42.857143,,,
3.2.俄罗斯,俄罗斯 新增次日留存UV,345.428571,334.428571,394.428571,357.571429,375.428571,447.0,327.285714,368.428571,11.0,3.289193,,,
3.2.保加利亚,保加利亚 新增次日留存UV,11.857143,10.857143,12.857143,10.0,10.142857,9.857143,10.857143,10.714286,1.0,9.210526,,,
3.2.克罗地亚,克罗地亚 新增次日留存UV,13.428571,11.285714,9.714286,8.285714,8.0,7.857143,11.142857,8.0,2.142857,18.987342,,,
3.2.关岛,关岛 新增次日留存UV,0.0,0.5,0.0,0.0,0.6,0.0,0.142857,0.333333,-0.5,-100.0,,,
3.2.冈比亚,冈比亚 新增次日留存UV,2.0,3.285714,4.428571,5.714286,5.0,4.857143,12.714286,14.428571,-1.285714,-39.130435,,,
3.2.冰岛,冰岛 新增次日留存UV,0.571429,0.571429,0.142857,1.142857,0.428571,1.0,1.142857,0.714286,0.0,0.0,,,
3.2.几内亚,几内亚 新增次日留存UV,3.428571,2.857143,2.714286,2.0,2.571429,3.285714,2.285714,2.285714,0.571429,20.0,,,
3.2.几内亚比绍,几内亚比绍 新增次日留存UV,0.0,0.6,0.4,0.5,0.142857,0.75,0.5,0.2,-0.6,-100.0,,,
3.2.列支敦士登,列支敦士登 新增次日留存UV,0.0,0.333333,0.5,0.0,0.0,0.0,0.0,0.0,-0.333333,-100.0,,,
3.2.刚果共和国,刚果共和国 新增次日留存UV,1.0,0.857143,0.857143,1.0,0.571429,2.285714,1.0,0.714286,0.142857,16.666667,,,
3.2.刚果民主共和国,刚果民主共和国 新增次日留存UV,3.428571,3.142857,3.0,1.714286,3.0,4.714286,3.0,4.857143,0.285714,9.090909,,,
3.2.利比亚,利比亚 新增次日留存UV,2.0,0.857143,1.428571,1.0,1.857143,2.142857,2.714286,2.142857,1.142857,133.333333,,,
3.2.利比里亚,利比里亚 新增次日留存UV,5.285714,3.428571,7.0,6.428571,3.571429,6.285714,5.714286,5.714286,1.857143,54.166667,,,
3.2.加拿大,加拿大 新增次日留存UV,64.571429,59.714286,69.714286,61.0,55.428571,56.0,61.857143,64.428571,4.857143,8.133971,,,
3.2.加纳,加纳 新增次日留存UV,23.142857,29.142857,35.285714,42.857143,44.285714,55.0,39.571429,49.285714,-6.0,-20.588235,,,
3.2.加蓬,加蓬 新增次日留存UV,0.0,0.5,0.0,0.4,0.25,0.333333,0.0,0.666667,-0.5,-100.0,,,
3.2.匈牙利,匈牙利 新增次日留存UV,9.857143,7.571429,8.428571,6.857143,6.285714,9.0,9.571429,6.857143,2.285714,30.188679,,,
3.2.北马其顿,北马其顿 新增次日留存UV,4.857143,2.571429,4.857143,5.142857,5.285714,4.142857,5.571429,4.714286,2.285714,88.888889,,,
3.2.北马里亚纳群岛,北马里亚纳群岛 新增次日留存UV,0.0,0.0,0.0,0.0,0.0,0.0,0.0,0.0,0.0,,,,
3.2.南苏丹,南苏丹 新增次日留存UV,5.0,6.428571,7.428571,4.857143,7.0,6.285714,3.857143,5.714286,-1.428571,-22.222222,,,
3.2.南非,南非 新增次日留存UV,20.428571,19.0,21.571429,15.857143,16.857143,14.714286,18.0,15.142857,1.428571,7.518797,,,
3.2.博茨瓦纳,博茨瓦纳 新增次日留存UV,0.333333,0.714286,0.5,0.166667,0.142857,0.333333,0.333333,0.857143,-0.380952,-53.333333,,,
3.2.卡塔尔,卡塔尔 新增次日留存UV,1.428571,2.0,2.142857,1.857143,1.285714,1.571429,1.571429,4.0,-0.571429,-28.571429,,,
3.2.卢旺达,卢旺达 新增次日留存UV,1.714286,2.0,1.0,1.0,0.857143,1.142857,1.571429,0.857143,-0.285714,-14.285714,,,
3.2.卢森堡,卢森堡 新增次日留存UV,1.285714,1.0,0.714286,0.857143,1.0,1.0,1.285714,0.428571,0.285714,28.571429,,,
3.2.印度,印度 新增次日留存UV,19.0,17.285714,19.571429,16.428571,13.285714,17.857143,19.714286,23.428571,1.714286,9.917355,,,
3.2.印度尼西亚,印度尼西亚 新增次日留存UV,23.428571,27.571429,26.857143,22.857143,19.714286,22.142857,32.428571,21.428571,-4.142857,-15.025907,,,
3.2.危地马拉,危地马拉 新增次日留存UV,3.142857,3.142857,5.285714,3.714286,2.428571,3.714286,3.142857,4.285714,0.0,0.0,,,
3.2.厄瓜多尔,厄瓜多尔 新增次日留存UV,9.0,7.857143,7.714286,8.428571,7.285714,9.142857,7.428571,8.857143,1.142857,14.545455,,,
3.2.叙利亚,叙利亚 新增次日留存UV,4.857143,4.142857,5.428571,3.714286,4.285714,3.714286,4.285714,5.142857,0.714286,17.241379,,,
3.2.古巴,古巴 新增次日留存UV,0.857143,0.5,0.428571,0.285714,0.75,0.333333,0.285714,1.0,0.357143,71.428571,,,
3.2.台湾,台湾 新增次日留存UV,1.714286,1.142857,1.142857,1.571429,1.142857,1.285714,1.0,1.714286,0.571429,50.0,,,
3.2.吉尔吉斯斯坦,吉尔吉斯斯坦 新增次日留存UV,6.142857,6.857143,11.857143,8.428571,7.0,12.571429,4.0,30.0,-0.714286,-10.416667,,,
3.2.吉布提,吉布提 新增次日留存UV,0.0,0.0,0.0,0.0,0.0,0.0,0.0,0.0,0.0,,,,
3.2.哈萨克斯坦,哈萨克斯坦 新增次日留存UV,33.142857,45.285714,81.428571,48.571429,32.857143,82.285714,28.571429,129.571429,-12.142857,-26.81388,,,
3.2.哥伦比亚,哥伦比亚 新增次日留存UV,42.714286,34.714286,39.571429,33.285714,37.285714,37.428571,34.857143,40.714286,8.0,23.045267,,,
3.2.哥斯达黎加,哥斯达黎加 新增次日留存UV,4.428571,4.714286,2.714286,3.0,2.714286,4.428571,3.714286,4.0,-0.285714,-6.060606,,,
3.2.喀麦隆,喀麦隆 新增次日留存UV,4.0,5.285714,4.142857,3.571429,4.571429,4.714286,3.285714,6.571429,-1.285714,-24.324324,,,
3.2.图瓦卢,图瓦卢 新增次日留存UV,0.0,0.0,0.0,0.0,0.0,1.0,0.0,0.0,0.0,,,,
3.2.土库曼斯坦,土库曼斯坦 新增次日留存UV,0.4,0.0,0.25,0.5,0.5,0.5,0.5,0.666667,0.4,,,,
3.2.土耳其,土耳其 新增次日留存UV,119.285714,107.428571,104.428571,93.857143,97.0,110.714286,140.714286,91.285714,11.857143,11.037234,,,
3.2.圣卢西亚,圣卢西亚 新增次日留存UV,0.333333,0.571429,0.5,0.166667,0.0,0.714286,0.6,1.0,-0.238095,-41.666667,,,
3.2.圣基茨和尼维斯,圣基茨和尼维斯 新增次日留存UV,0.333333,0.285714,0.4,0.4,0.0,1.0,0.5,0.0,0.047619,16.666667,,,
3.2.圣多美和普林西比,圣多美和普林西比 新增次日留存UV,0.5,0.0,0.0,0.0,0.0,0.0,0.0,0.5,0.5,,,,
3.2.圣巴泰勒米岛,圣巴泰勒米岛 新增次日留存UV,0.5,0.0,0.0,0.0,0.0,0.0,0.0,0.0,0.5,,,,
3.2.圣文森特和格林纳丁斯,圣文森特和格林纳丁斯 新增次日留存UV,0.333333,0.25,0.25,0.5,0.0,0.25,0.0,1.0,0.083333,33.333333,,,
3.2.圣马力诺,圣马力诺 新增次日留存UV,0.0,0.0,0.0,0.0,0.0,0.0,0.0,0.0,0.0,,,,
3.2.圭亚那,圭亚那 新增次日留存UV,0.857143,0.571429,0.571429,0.285714,1.0,0.571429,0.285714,0.571429,0.285714,50.0,,,
3.2.坦桑尼亚,坦桑尼亚 新增次日留存UV,3.857143,4.571429,3.857143,5.285714,3.857143,4.857143,3.571429,5.571429,-0.714286,-15.625,,,
3.2.埃及,埃及 新增次日留存UV,26.428571,24.285714,21.714286,24.142857,23.0,23.714286,26.857143,32.857143,2.142857,8.823529,,,
3.2.埃塞俄比亚,埃塞俄比亚 新增次日留存UV,3.142857,3.285714,2.428571,2.0,2.857143,3.142857,4.714286,3.0,-0.142857,-4.347826,,,
3.2.基里巴斯,基里巴斯 新增次日留存UV,0.0,0.0,0.0,0.0,0.0,0.0,0.0,0.0,0.0,,,,
3.2.塔吉克斯坦,塔吉克斯坦 新增次日留存UV,1.285714,0.571429,0.571429,1.333333,0.857143,1.285714,0.571429,1.0,0.714286,125.0,,,
3.2.塞内加尔,塞内加尔 新增次日留存UV,12.857143,8.714286,8.857143,8.142857,13.571429,20.571429,32.142857,52.285714,4.142857,47.540984,,,
3.2.塞尔维亚,塞尔维亚 新增次日留存UV,20.142857,18.428571,21.571429,13.428571,18.571429,22.714286,21.0,22.428571,1.714286,9.302326,,,
3.2.塞拉利昂,塞拉利昂 新增次日留存UV,1.714286,2.285714,1.142857,2.0,2.857143,3.142857,2.857143,1.571429,-0.571429,-25.0,,,
3.2.塞浦路斯,塞浦路斯 新增次日留存UV,4.285714,3.857143,2.428571,5.0,4.142857,2.571429,4.285714,3.285714,0.428571,11.111111,,,
3.2.塞舌尔,塞舌尔 新增次日留存UV,0.0,1.0,0.0,0.285714,1.0,0.428571,0.0,0.333333,-1.0,-100.0,,,
3.2.墨西哥,墨西哥 新增次日留存UV,112.428571,84.0,80.285714,66.857143,62.714286,64.714286,63.571429,61.0,28.428571,33.843537,,,
3.2.多哥,多哥 新增次日留存UV,1.285714,2.0,1.857143,1.142857,1.428571,1.285714,2.142857,3.428571,-0.714286,-35.714286,,,
3.2.多米尼克,多米尼克 新增次日留存UV,2.0,0.0,0.5,0.5,0.0,0.0,0.5,0.333333,2.0,,,,
3.2.多米尼加,多米尼加 新增次日留存UV,6.142857,9.857143,6.142857,7.571429,9.285714,7.428571,8.428571,7.428571,-3.714286,-37.681159,,,
3.2.奥兰群岛,奥兰群岛 新增次日留存UV,0.0,0.0,0.0,0.0,0.0,0.0,0.0,0.0,0.0,,,,
3.2.奥地利,奥地利 新增次日留存UV,14.0,11.714286,12.714286,10.142857,12.714286,18.0,15.571429,13.142857,2.285714,19.512195,,,
3.2.委内瑞拉,委内瑞拉 新增次日留存UV,13.142857,12.571429,9.142857,5.857143,11.0,8.142857,9.0,10.714286,0.571429,4.545455,,,
3.2.孟加拉,孟加拉 新增次日留存UV,65.428571,67.285714,67.571429,64.285714,76.857143,86.142857,117.285714,160.428571,-1.857143,-2.760085,,,
3.2.安哥拉,安哥拉 新增次日留存UV,2.571429,3.0,3.428571,2.142857,2.714286,3.142857,3.0,2.428571,-0.428571,-14.285714,,,
3.2.安圭拉,安圭拉 新增次日留存UV,0.0,0.0,0.0,0.0,0.0,0.0,0.5,0.0,0.0,,,,
3.2.安提瓜和巴布达,安提瓜和巴布达 新增次日留存UV,0.2,0.5,0.75,0.4,0.0,0.333333,0.5,0.166667,-0.3,-60.0,,,
3.2.安道尔,安道尔 新增次日留存UV,0.0,0.2,0.0,0.0,0.0,0.666667,0.333333,0.0,-0.2,-100.0,,,
3.2.密克罗尼西亚联邦,密克罗尼西亚联邦 新增次日留存UV,0.0,0.0,0.0,0.0,0.0,0.0,0.0,0.0,0.0,,,,
3.2.尼加拉瓜,尼加拉瓜 新增次日留存UV,2.857143,3.428571,2.142857,3.285714,2.0,1.0,1.857143,0.857143,-0.571429,-16.666667,,,
3.2.尼日利亚,尼日利亚 新增次日留存UV,120.714286,131.857143,147.857143,163.857143,161.428571,160.285714,166.714286,223.142857,-11.142857,-8.450704,,,
3.2.尼日尔,尼日尔 新增次日留存UV,1.428571,2.0,1.285714,1.571429,0.833333,0.428571,0.285714,1.428571,-0.571429,-28.571429,,,
3.2.尼泊尔,尼泊尔 新增次日留存UV,3.0,3.428571,3.857143,3.571429,2.857143,3.571429,4.0,4.285714,-0.428571,-12.5,,,
3.2.巴勒斯坦,巴勒斯坦 新增次日留存UV,3.0,2.142857,1.428571,2.0,1.857143,3.428571,3.857143,4.857143,0.857143,40.0,,,
3.2.巴哈马,巴哈马 新增次日留存UV,0.714286,1.571429,1.571429,1.142857,1.285714,1.428571,0.714286,1.142857,-0.857143,-54.545455,,,
3.2.巴基斯坦,巴基斯坦 新增次日留存UV,52.857143,55.714286,44.714286,53.0,37.142857,29.428571,40.142857,73.857143,-2.857143,-5.128205,,,
3.2.巴巴多斯,巴巴多斯 新增次日留存UV,0.428571,1.166667,0.833333,0.5,0.0,0.285714,0.428571,0.833333,-0.738095,-63.265306,,,
3.2.巴布亚新几内亚,巴布亚新几内亚 新增次日留存UV,0.833333,0.285714,0.0,0.666667,0.75,0.333333,0.6,0.75,0.547619,191.666667,,,
3.2.巴拉圭,巴拉圭 新增次日留存UV,4.714286,3.714286,5.428571,3.714286,4.857143,4.714286,4.714286,4.714286,1.0,26.923077,,,
3.2.巴拿马,巴拿马 新增次日留存UV,3.571429,2.857143,1.714286,2.285714,2.0,2.714286,2.0,3.0,0.714286,25.0,,,
3.2.巴林,巴林 新增次日留存UV,0.571429,1.142857,0.857143,0.714286,1.142857,0.857143,1.0,0.833333,-0.571429,-50.0,,,
3.2.巴西,巴西 新增次日留存UV,1024.857143,1048.142857,1041.142857,1137.714286,1135.285714,1239.142857,1121.428571,1111.285714,-23.285714,-2.221616,,,
3.2.布基纳法索,布基纳法索 新增次日留存UV,7.714286,7.0,7.571429,7.857143,7.571429,11.285714,9.0,10.571429,0.714286,10.204082,,,
3.2.布隆迪,布隆迪 新增次日留存UV,0.166667,1.0,0.142857,0.6,0.714286,1.0,1.0,1.0,-0.833333,-83.333333,,,
3.2.希腊,希腊 新增次日留存UV,32.285714,33.714286,33.285714,30.285714,30.285714,26.571429,27.428571,23.285714,-1.428571,-4.237288,,,
3.2.帕劳,帕劳 新增次日留存UV,1.0,0.0,0.0,0.0,0.0,0.0,0.0,0.0,1.0,,,,
3.2.库克群岛,库克群岛 新增次日留存UV,0.0,0.0,0.0,0.0,0.5,0.0,1.0,0.0,0.0,,,,
3.2.库拉索,库拉索 新增次日留存UV,0.8,0.6,0.857143,0.4,0.428571,0.571429,0.714286,0.5,0.2,33.333333,,,
3.2.开曼群岛,开曼群岛 新增次日留存UV,0.333333,0.4,0.5,0.8,0.166667,0.2,0.0,0.5,-0.066667,-16.666667,,,
3.2.德国,德国 新增次日留存UV,187.857143,226.285714,342.857143,187.428571,194.714286,189.857143,156.714286,162.428571,-38.428571,-16.982323,,,
3.2.意大利,意大利 新增次日留存UV,75.0,73.857143,66.857143,60.0,67.857143,76.714286,68.428571,38.142857,1.142857,1.547389,,,
3.2.所罗门群岛,所罗门群岛 新增次日留存UV,0.5,0.333333,0.0,1.0,1.0,0.0,0.0,0.25,0.166667,50.0,,,
3.2.拉脱维亚,拉脱维亚 新增次日留存UV,11.714286,12.857143,11.142857,12.428571,9.0,12.142857,9.285714,9.857143,-1.142857,-8.888889,,,
3.2.挪威,挪威 新增次日留存UV,6.285714,5.142857,5.571429,6.285714,14.428571,19.571429,13.428571,9.428571,1.142857,22.222222,,,
3.2.捷克,捷克 新增次日留存UV,9.571429,11.0,10.714286,8.142857,7.857143,9.857143,10.0,10.428571,-1.428571,-12.987013,,,
3.2.摩尔多瓦,摩尔多瓦 新增次日留存UV,7.428571,5.285714,5.714286,6.714286,3.142857,7.285714,7.428571,6.285714,2.142857,40.540541,,,
3.2.摩洛哥,摩洛哥 新增次日留存UV,14.571429,11.571429,10.857143,9.857143,9.857143,9.142857,10.714286,13.285714,3.0,25.925926,,,
3.2.摩纳哥,摩纳哥 新增次日留存UV,1.0,0.5,0.0,0.4,0.5,0.5,0.25,0.666667,0.5,100.0,,,
3.2.文莱,文莱 新增次日留存UV,0.0,0.2,0.8,0.75,0.333333,0.666667,0.0,0.25,-0.2,-100.0,,,
3.2.斐济,斐济 新增次日留存UV,0.666667,0.285714,0.0,0.0,0.6,0.428571,0.428571,0.666667,0.380952,133.333333,,,
3.2.斯威士兰,斯威士兰 新增次日留存UV,1.0,0.666667,0.0,0.0,0.333333,0.0,0.75,1.0,0.333333,50.0,,,
3.2.斯洛伐克,斯洛伐克 新增次日留存UV,3.571429,3.714286,3.142857,3.285714,3.857143,4.714286,3.428571,2.428571,-0.142857,-3.846154,,,
3.2.斯洛文尼亚,斯洛文尼亚 新增次日留存UV,2.0,1.857143,2.857143,2.142857,1.714286,2.857143,2.142857,1.428571,0.142857,7.692308,,,
3.2.斯里兰卡,斯里兰卡 新增次日留存UV,3.571429,2.285714,2.571429,2.428571,2.0,2.285714,2.571429,3.142857,1.285714,56.25,,,
3.2.新加坡,新加坡 新增次日留存UV,7.285714,8.428571,6.0,7.714286,8.428571,7.285714,5.285714,9.0,-1.142857,-13.559322,,,
3.2.新喀里多尼亚,新喀里多尼亚 新增次日留存UV,0.5,0.333333,0.0,0.0,0.0,1.0,1.0,0.0,0.166667,50.0,,,
3.2.新西兰,新西兰 新增次日留存UV,3.142857,4.428571,2.142857,5.142857,2.142857,4.142857,6.0,4.0,-1.285714,-29.032258,,,
3.2.日本,日本 新增次日留存UV,7.142857,7.285714,5.571429,6.428571,9.428571,7.285714,10.142857,9.714286,-0.142857,-1.960784,,,
3.2.智利,智利 新增次日留存UV,11.428571,8.714286,10.142857,9.285714,8.714286,6.428571,9.714286,6.571429,2.714286,31.147541,,,
3.2.柬埔寨,柬埔寨 新增次日留存UV,1.142857,1.285714,1.428571,2.0,3.0,1.714286,1.571429,1.142857,-0.142857,-11.111111,,,
3.2.根西岛,根西岛 新增次日留存UV,0.333333,0.333333,0.0,0.0,0.25,0.0,0.75,0.166667,0.0,0.0,,,
3.2.格林纳达,格林纳达 新增次日留存UV,0.25,0.6,0.666667,0.25,0.0,0.5,0.0,0.4,-0.35,-58.333333,,,
3.2.格陵兰,格陵兰 新增次日留存UV,0.0,0.0,0.0,1.0,0.0,0.0,0.5,0.0,0.0,,,,
3.2.格鲁吉亚,格鲁吉亚 新增次日留存UV,13.428571,11.714286,11.857143,10.714286,12.285714,14.0,16.0,9.857143,1.714286,14.634146,,,
3.2.比利时,比利时 新增次日留存UV,8.285714,10.571429,11.142857,9.142857,8.142857,8.428571,11.285714,8.571429,-2.285714,-21.621622,,,
3.2.毛里塔尼亚,毛里塔尼亚 新增次日留存UV,0.428571,0.714286,0.166667,1.142857,1.0,2.142857,1.285714,1.142857,-0.285714,-40.0,,,
3.2.毛里求斯,毛里求斯 新增次日留存UV,1.285714,0.571429,1.714286,0.428571,0.428571,0.714286,1.428571,0.857143,0.714286,125.0,,,
3.2.汤加,汤加 新增次日留存UV,0.0,0.0,0.0,1.0,0.0,0.0,0.0,0.0,0.0,,,,
3.2.沙特阿拉伯,沙特阿拉伯 新增次日留存UV,11.571429,8.714286,12.142857,10.571429,11.285714,10.142857,14.285714,17.714286,2.857143,32.786885,,,
3.2.法国,法国 新增次日留存UV,54.571429,64.142857,65.428571,48.714286,52.857143,56.142857,57.142857,46.857143,-9.571429,-14.922049,,,
3.2.法属圣马丁,法属圣马丁 新增次日留存UV,0.0,1.0,0.0,0.0,0.0,0.333333,0.0,1.0,-1.0,-100.0,,,
3.2.法属圭亚那,法属圭亚那 新增次日留存UV,0.25,0.0,0.0,0.0,1.0,0.5,0.75,0.0,0.25,,,,
3.2.法属波利尼西亚,法属波利尼西亚 新增次日留存UV,0.666667,0.4,0.25,0.666667,0.2,0.0,0.666667,0.0,0.266667,66.666667,,,
3.2.法罗群岛,法罗群岛 新增次日留存UV,0.0,0.0,0.0,0.0,0.0,0.0,0.0,0.333333,0.0,,,,
3.2.波兰,波兰 新增次日留存UV,35.714286,34.0,38.857143,32.285714,35.714286,33.428571,31.428571,48.142857,1.714286,5.042017,,,
3.2.波多黎各,波多黎各 新增次日留存UV,3.714286,4.714286,4.571429,3.142857,4.428571,4.142857,5.0,4.714286,-1.0,-21.212121,,,
3.2.波黑,波黑 新增次日留存UV,9.0,5.714286,5.714286,6.0,6.571429,8.714286,9.428571,8.142857,3.285714,57.5,,,
3.2.泰国,泰国 新增次日留存UV,8.571429,7.0,9.714286,6.428571,4.428571,6.857143,6.0,8.428571,1.571429,22.44898,,,
3.2.泽西岛,泽西岛 新增次日留存UV,0.333333,0.0,0.0,0.0,0.0,0.0,0.0,0.0,0.333333,,,,
3.2.津巴布韦,津巴布韦 新增次日留存UV,0.857143,1.0,1.142857,1.0,0.571429,0.571429,0.714286,1.0,-0.142857,-14.285714,,,
3.2.洪都拉斯,洪都拉斯 新增次日留存UV,3.428571,3.714286,4.714286,4.285714,2.428571,3.428571,3.428571,4.0,-0.285714,-7.692308,,,
3.2.海地,海地 新增次日留存UV,3.571429,5.142857,4.0,3.428571,3.571429,4.714286,3.0,4.857143,-1.571429,-30.555556,,,
3.2.澳大利亚,澳大利亚 新增次日留存UV,40.857143,40.571429,40.285714,34.857143,35.714286,35.857143,45.142857,37.428571,0.285714,0.704225,,,
3.2.澳门,澳门 新增次日留存UV,0.25,0.6,0.0,1.0,0.0,0.0,0.2,0.333333,-0.35,-58.333333,,,
3.2.爱尔兰,爱尔兰 新增次日留存UV,13.0,15.428571,16.571429,12.428571,14.857143,15.571429,15.571429,14.571429,-2.428571,-15.740741,,,
3.2.爱沙尼亚,爱沙尼亚 新增次日留存UV,12.142857,7.142857,8.0,7.285714,7.857143,9.428571,8.428571,5.857143,5.0,70.0,,,
3.2.牙买加,牙买加 新增次日留存UV,4.714286,5.142857,5.0,4.285714,3.571429,4.571429,4.0,4.857143,-0.428571,-8.333333,,,
3.2.特克斯和凯科斯群岛,特克斯和凯科斯群岛 新增次日留存UV,1.0,0.6,0.6,0.5,0.0,0.166667,0.25,0.5,0.4,66.666667,,,
3.2.特立尼达和多巴哥,特立尼达和多巴哥 新增次日留存UV,1.142857,1.142857,1.714286,1.285714,0.714286,1.714286,1.571429,1.0,0.0,0.0,,,
3.2.玻利维亚,玻利维亚 新增次日留存UV,4.714286,5.714286,5.428571,4.0,2.571429,3.714286,3.428571,3.857143,-1.0,-17.5,,,
3.2.瑞典,瑞典 新增次日留存UV,28.0,22.571429,27.0,28.571429,31.857143,27.857143,23.0,20.428571,5.428571,24.050633,,,
3.2.瑞士,瑞士 新增次日留存UV,13.0,14.0,16.428571,12.285714,10.857143,15.142857,12.857143,12.857143,-1.0,-7.142857,,,
3.2.瓜德罗普,瓜德罗普 新增次日留存UV,0.0,0.25,0.5,0.0,0.0,0.0,0.285714,0.0,-0.25,-100.0,,,
3.2.瓦利斯和富图纳群岛,瓦利斯和富图纳群岛 新增次日留存UV,0.0,0.0,0.0,0.0,0.0,0.0,0.0,0.0,0.0,,,,
3.2.瓦努阿图,瓦努阿图 新增次日留存UV,1.0,0.333333,0.0,1.5,1.0,0.0,0.0,0.0,0.666667,200.0,,,
3.2.留尼汪岛,留尼汪岛 新增次日留存UV,0.333333,0.333333,0.166667,0.142857,0.2,0.571429,0.2,0.5,0.0,0.0,,,
3.2.白俄罗斯,白俄罗斯 新增次日留存UV,21.142857,22.285714,27.571429,29.0,14.428571,39.142857,25.857143,47.571429,-1.142857,-5.128205,,,
3.2.百慕大,百慕大 新增次日留存UV,0.5,1.0,0.0,0.0,0.4,0.2,0.75,0.0,-0.5,-50.0,,,
3.2.直布罗陀,直布罗陀 新增次日留存UV,0.666667,0.666667,0.666667,0.25,0.0,0.0,0.0,0.25,0.0,0.0,,,
3.2.福克兰群岛,福克兰群岛 新增次日留存UV,0.0,0.0,0.0,0.0,0.0,0.0,0.0,0.0,0.0,,,,
3.2.科威特,科威特 新增次日留存UV,1.714286,1.857143,1.142857,2.428571,2.714286,3.428571,2.285714,2.857143,-0.142857,-7.692308,,,
3.2.科摩罗,科摩罗 新增次日留存UV,0.0,0.333333,0.5,0.0,0.333333,0.0,0.0,0.333333,-0.333333,-100.0,,,
3.2.科特迪瓦,科特迪瓦 新增次日留存UV,9.285714,8.857143,8.571429,6.285714,7.714286,14.0,12.857143,12.142857,0.428571,4.83871,,,
3.2.科索沃,科索沃 新增次日留存UV,2.285714,2.142857,3.428571,1.285714,1.857143,2.285714,4.285714,2.428571,0.142857,6.666667,,,
3.2.秘鲁,秘鲁 新增次日留存UV,16.142857,14.0,16.571429,14.857143,11.428571,12.714286,16.714286,13.428571,2.142857,15.306122,,,
3.2.突尼斯,突尼斯 新增次日留存UV,6.714286,7.285714,5.0,5.0,5.571429,4.714286,5.857143,4.428571,-0.571429,-7.843137,,,
3.2.立陶宛,立陶宛 新增次日留存UV,11.0,8.714286,8.0,9.857143,11.142857,11.428571,7.142857,8.0,2.285714,26.229508,,,
3.2.索马里,索马里 新增次日留存UV,2.142857,2.571429,1.714286,2.0,2.285714,2.0,2.714286,3.714286,-0.428571,-16.666667,,,
3.2.约旦,约旦 新增次日留存UV,6.0,3.285714,4.0,4.0,3.428571,4.571429,4.285714,7.714286,2.714286,82.608696,,,
3.2.纳米比亚,纳米比亚 新增次日留存UV,0.428571,0.714286,1.0,0.571429,0.0,1.333333,0.6,0.285714,-0.285714,-40.0,,,
3.2.缅甸,缅甸 新增次日留存UV,2.0,3.285714,2.285714,1.857143,1.857143,1.428571,2.714286,2.142857,-1.285714,-39.130435,,,
3.2.罗马尼亚,罗马尼亚 新增次日留存UV,19.571429,19.0,18.428571,17.714286,18.714286,15.0,21.714286,16.857143,0.571429,3.007519,,,
3.2.美国,美国 新增次日留存UV,557.0,602.142857,828.0,547.714286,516.142857,502.857143,557.428571,607.571429,-45.142857,-7.497034,,,
3.2.美属维尔京群岛,美属维尔京群岛 新增次日留存UV,0.0,0.333333,0.142857,1.0,0.0,0.4,0.833333,0.75,-0.333333,-100.0,,,
3.2.老挝,老挝 新增次日留存UV,0.0,0.166667,0.166667,0.75,0.0,0.333333,0.0,0.2,-0.166667,-100.0,,,
3.2.肯尼亚,肯尼亚 新增次日留存UV,7.0,5.285714,7.142857,5.714286,7.571429,7.285714,5.571429,7.0,1.714286,32.432432,,,
3.2.芬兰,芬兰 新增次日留存UV,21.857143,26.571429,25.285714,23.571429,26.571429,30.285714,22.0,21.285714,-4.714286,-17.741935,,,
3.2.苏丹,苏丹 新增次日留存UV,1.0,1.285714,1.142857,0.428571,0.571429,0.285714,1.285714,1.0,-0.285714,-22.222222,,,
3.2.苏里南,苏里南 新增次日留存UV,0.333333,0.0,0.428571,0.571429,0.25,0.333333,1.0,0.6,0.333333,,,,
3.2.英国,英国 新增次日留存UV,195.857143,197.571429,216.428571,184.142857,180.571429,183.857143,173.285714,211.0,-1.714286,-0.867679,,,
3.2.英属维尔京群岛,英属维尔京群岛 新增次日留存UV,1.0,0.333333,0.0,0.0,0.5,1.0,0.0,0.0,0.666667,200.0,,,
3.2.荷兰,荷兰 新增次日留存UV,138.714286,117.714286,115.0,123.428571,151.142857,161.714286,122.428571,129.714286,21.0,17.839806,,,
3.2.荷兰加勒比,荷兰加勒比 新增次日留存UV,0.0,0.0,0.333333,0.0,0.333333,0.0,0.333333,0.0,0.0,,,,
3.2.荷属圣马丁,荷属圣马丁 新增次日留存UV,0.8,0.333333,0.6,1.0,1.0,0.5,0.5,0.0,0.466667,140.0,,,
3.2.莫桑比克,莫桑比克 新增次日留存UV,6.142857,7.285714,5.428571,6.714286,7.142857,6.428571,8.142857,8.142857,-1.142857,-15.686275,,,
3.2.莱索托,莱索托 新增次日留存UV,0.6,0.333333,0.5,0.0,0.5,0.0,0.0,0.0,0.266667,80.0,,,
3.2.菲律宾,菲律宾 新增次日留存UV,46.285714,40.142857,46.0,46.142857,55.142857,52.428571,58.285714,66.857143,6.142857,15.302491,,,
3.2.萨尔瓦多,萨尔瓦多 新增次日留存UV,4.0,1.714286,2.285714,3.285714,1.714286,1.714286,2.428571,3.0,2.285714,133.333333,,,
3.2.萨摩亚,萨摩亚 新增次日留存UV,0.0,0.0,0.0,1.0,0.0,0.0,0.0,1.0,0.0,,,,
3.2.葡萄牙,葡萄牙 新增次日留存UV,30.857143,26.142857,27.714286,24.142857,29.571429,31.142857,33.857143,26.428571,4.714286,18.032787,,,
3.2.蒙古,蒙古 新增次日留存UV,0.857143,1.0,1.285714,0.571429,1.0,0.857143,0.857143,0.571429,-0.142857,-14.285714,,,
3.2.西班牙,西班牙 新增次日留存UV,88.714286,70.142857,63.285714,64.428571,63.857143,59.714286,60.0,59.428571,18.571429,26.476578,,,
3.2.贝宁,贝宁 新增次日留存UV,4.428571,3.571429,5.285714,5.857143,5.142857,4.142857,6.857143,11.0,0.857143,24.0,,,
3.2.赞比亚,赞比亚 新增次日留存UV,1.428571,1.857143,1.0,1.428571,2.428571,1.0,2.428571,2.142857,-0.428571,-23.076923,,,
3.2.赤道几内亚,赤道几内亚 新增次日留存UV,0.0,0.5,0.0,0.25,0.0,0.166667,0.2,0.0,-0.5,-100.0,,,
3.2.越南,越南 新增次日留存UV,8.714286,9.571429,7.285714,7.0,8.142857,6.857143,6.285714,7.714286,-0.857143,-8.955224,,,
3.2.阿塞拜疆,阿塞拜疆 新增次日留存UV,15.142857,8.285714,7.428571,6.0,7.571429,9.571429,10.714286,6.571429,6.857143,82.758621,,,
3.2.阿富汗,阿富汗 新增次日留存UV,1.571429,1.428571,2.428571,2.0,2.857143,2.571429,3.428571,4.142857,0.142857,10.0,,,
3.2.阿尔及利亚,阿尔及利亚 新增次日留存UV,4.428571,7.0,5.0,4.571429,6.285714,6.0,4.0,6.714286,-2.571429,-36.734694,,,
3.2.阿尔巴尼亚,阿尔巴尼亚 新增次日留存UV,12.571429,12.571429,18.428571,14.571429,13.428571,12.857143,16.428571,10.857143,0.0,0.0,,,
3.2.阿曼,阿曼 新增次日留存UV,2.285714,1.285714,1.571429,2.0,0.714286,1.142857,1.428571,4.714286,1.0,77.777778,,,
3.2.阿根廷,阿根廷 新增次日留存UV,20.142857,21.285714,17.571429,15.571429,19.285714,18.857143,20.714286,20.142857,-1.142857,-5.369128,,,
3.2.阿联酋,阿联酋 新增次日留存UV,10.428571,12.571429,11.0,8.428571,9.0,11.714286,11.0,16.285714,-2.142857,-17.045455,,,
3.2.阿鲁巴,阿鲁巴 新增次日留存UV,0.857143,1.0,1.0,0.285714,1.142857,0.333333,1.0,0.833333,-0.142857,-14.285714,,,
3.2.韩国,韩国 新增次日留存UV,3.857143,2.857143,3.714286,2.857143,3.571429,3.571429,4.285714,4.285714,1.0,35.0,,,
3.2.香港,香港 新增次日留存UV,17.142857,23.571429,44.285714,20.714286,12.142857,12.714286,13.285714,9.571429,-6.428571,-27.272727,,,
3.2.马尔代夫,马尔代夫 新增次日留存UV,1.857143,0.857143,1.142857,0.142857,1.428571,1.857143,1.142857,1.428571,1.0,116.666667,,,
3.2.马恩岛,马恩岛 新增次日留存UV,0.2,0.0,0.6,0.0,0.2,0.2,0.0,0.0,0.2,,,,
3.2.马拉维,马拉维 新增次日留存UV,1.0,2.285714,1.2,1.714286,2.0,1.571429,1.571429,1.285714,-1.285714,-56.25,,,
3.2.马提尼克岛,马提尼克岛 新增次日留存UV,0.333333,0.5,0.0,0.75,0.0,0.25,0.0,0.0,-0.166667,-33.333333,,,
3.2.马来西亚,马来西亚 新增次日留存UV,6.285714,6.857143,7.0,7.285714,7.571429,8.857143,17.285714,9.857143,-0.571429,-8.333333,,,
3.2.马约特,马约特 新增次日留存UV,0.0,0.0,0.0,0.0,0.0,0.0,0.0,0.0,0.0,,,,
3.2.马绍尔群岛,马绍尔群岛 新增次日留存UV,0.0,0.0,0.0,0.0,0.0,0.0,0.0,0.0,0.0,,,,
3.2.马耳他,马耳他 新增次日留存UV,2.714286,2.857143,2.142857,3.285714,1.0,2.428571,2.571429,0.857143,-0.142857,-5.0,,,
3.2.马达加斯加,马达加斯加 新增次日留存UV,3.142857,2.142857,3.857143,2.714286,2.857143,3.285714,2.857143,3.0,1.0,46.666667,,,
3.2.马里,马里 新增次日留存UV,12.428571,11.857143,8.285714,10.142857,8.285714,38.714286,5.571429,7.714286,0.571429,4.819277,,,
3.2.黎巴嫩,黎巴嫩 新增次日留存UV,7.571429,6.285714,6.285714,5.142857,6.285714,6.857143,8.142857,8.142857,1.285714,20.454545,,,
3.2.黑山,黑山 新增次日留存UV,5.428571,4.714286,5.285714,4.285714,3.571429,5.714286,4.285714,4.142857,0.714286,15.151515,,,
