层级,指标,本周,上周,2周前,3周前,4周前,5周前,6周前,7周前,wow,wow%,对整体变化绝对值贡献,对整体变化值贡献率,对整体变化率贡献
1,整体 次留,0.329834,0.320492,0.323171,0.32246,0.325393,0.325307,0.317409,0.321539,0.009342,2.914766,0.009342,100.0,2.914766
1.1,新用户 次留,0.157097,0.141583,0.136161,0.142303,0.142372,0.144165,0.134085,0.138158,0.015514,10.957892,0.0008677016,9.288178,0.270729
1.2,老用户 次留,0.338575,0.331092,0.33641,0.33357,0.336754,0.336812,0.329927,0.334198,0.007484,2.260353,0.0070644741,75.620575,2.204163
1.2.1,Android 次留,0.323367,0.315722,0.318702,0.320279,0.323064,0.320111,0.315694,0.321347,0.007645,2.421398,0.0017886255,19.146066,0.558063
1.2.1.unknow,unknow 次留,0.322981,0.243902,0.28,0.261438,0.273292,0.253886,0.283582,0.264368,0.079079,32.42236,2.5619e-06,0.027423,0.000799
1.2.1.不丹,不丹 次留,0.166667,0.076923,0.0,0.0,0.142857,0.133333,0.153846,0.285714,0.089744,116.666667,3.226e-07,0.003454,0.000101
1.2.1.东帝汶,东帝汶 次留,0.548387,0.333333,0.592593,0.518519,0.346154,0.517241,0.416667,0.304348,0.215054,64.516129,8.921e-07,0.009549,0.000278
1.2.1.中国,中国 次留,0.377814,0.38762,0.390503,0.366622,0.375718,0.351121,0.341873,0.353226,-0.009806,-2.529862,-2.6286e-06,-0.028137,-0.00082
1.2.1.中非,中非 次留,0.294118,0.090909,0.25,0.214286,0.111111,0.1,0.083333,0.111111,0.203209,223.529412,6.182e-07,0.006617,0.000193
1.2.1.丹麦,丹麦 次留,0.380634,0.377358,0.347015,0.416961,0.382239,0.355556,0.39823,0.366906,0.003276,0.868114,3.773e-07,0.004039,0.000118
1.2.1.乌克兰,乌克兰 次留,0.366501,0.35709,0.354709,0.358145,0.350313,0.352514,0.342972,0.346308,0.009411,2.635417,1.50248e-05,0.16083,0.004688
1.2.1.乌兹别克斯坦,乌兹别克斯坦 次留,0.242604,0.267054,0.249254,0.299145,0.269565,0.289116,0.265442,0.253499,-0.02445,-9.155518,-3.3278e-06,-0.035621,-0.001038
1.2.1.乌干达,乌干达 次留,0.2694,0.293853,0.267776,0.25884,0.26383,0.272966,0.233748,0.243173,-0.024453,-8.32163,-3.2219e-06,-0.034488,-0.001005
1.2.1.乌拉圭,乌拉圭 次留,0.384888,0.387141,0.367545,0.371389,0.348446,0.381842,0.362319,0.301813,-0.002253,-0.581975,-3.253e-07,-0.003483,-0.000102
1.2.1.乍得,乍得 次留,0.098039,0.219512,0.138889,0.135135,0.125,0.0625,0.234043,0.173913,-0.121473,-55.337691,-9.838e-07,-0.010531,-0.000307
1.2.1.也门,也门 次留,0.250746,0.227129,0.312081,0.251678,0.319079,0.28125,0.270769,0.25,0.023617,10.39801,1.4789e-06,0.015831,0.000461
1.2.1.亚美尼亚,亚美尼亚 次留,0.304348,0.271318,0.292683,0.282974,0.294993,0.279514,0.313386,0.360465,0.03303,12.173913,5.0501e-06,0.054058,0.001576
1.2.1.以色列,以色列 次留,0.379417,0.391248,0.366038,0.41911,0.365541,0.384211,0.377682,0.374207,-0.011831,-3.02395,-3.6318e-06,-0.038876,-0.001133
1.2.1.伊拉克,伊拉克 次留,0.247225,0.272865,0.27207,0.280615,0.283535,0.271654,0.281925,0.299716,-0.02564,-9.396606,-1.00234e-05,-0.107294,-0.003127
1.2.1.伊朗,伊朗 次留,0.213361,0.214221,0.237687,0.260806,0.260404,0.273801,0.264087,0.262848,-0.00086,-0.401352,-5.4426e-06,-0.058259,-0.001698
1.2.1.伯利兹,伯利兹 次留,0.485714,0.211765,0.384615,0.317308,0.274336,0.284314,0.376238,0.298077,0.27395,129.365079,4.5998e-06,0.049238,0.001435
1.2.1.佛得角,佛得角 次留,0.446154,0.383333,0.376812,0.358025,0.445946,0.526316,0.461538,0.414286,0.062821,16.38796,7.446e-07,0.00797,0.000232
1.2.1.俄罗斯,俄罗斯 次留,0.324606,0.311125,0.312577,0.309994,0.314479,0.317276,0.312614,0.306813,0.013481,4.333106,0.0001403734,1.502605,0.043797
1.2.1.保加利亚,保加利亚 次留,0.368961,0.397024,0.396907,0.36484,0.367686,0.388707,0.372459,0.361128,-0.028062,-7.068205,-9.3131e-06,-0.099691,-0.002906
1.2.1.克罗地亚,克罗地亚 次留,0.391318,0.388925,0.397366,0.402585,0.406408,0.376206,0.36669,0.389872,0.002393,0.615377,1.4597e-06,0.015625,0.000455
1.2.1.关岛,关岛 次留,0.090909,0.375,0.48,0.411765,0.375,0.3125,0.28,0.275862,-0.284091,-75.757576,-8.979e-07,-0.009611,-0.00028
1.2.1.冈比亚,冈比亚 次留,0.213075,0.222727,0.214876,0.24911,0.259843,0.200426,0.177743,0.333748,-0.009652,-4.333646,-8.389e-07,-0.00898,-0.000262
1.2.1.冰岛,冰岛 次留,0.358974,0.295775,0.455446,0.435897,0.364407,0.42,0.362637,0.419643,0.0632,21.367521,8.864e-07,0.009488,0.000277
1.2.1.几内亚,几内亚 次留,0.263158,0.297619,0.259259,0.275229,0.221239,0.237705,0.211009,0.236486,-0.034461,-11.578947,-5.718e-07,-0.006121,-0.000178
1.2.1.几内亚比绍,几内亚比绍 次留,0.285714,0.321429,0.3,0.0625,0.185185,0.157895,0.315789,0.296296,-0.035714,-11.111111,-1.975e-07,-0.002115,-6.2e-05
1.2.1.列支敦士登,列支敦士登 次留,0.0,0.0,,,,0.0,1.0,0.6,0.0,,0.0,0.0,0.0
1.2.1.刚果共和国,刚果共和国 次留,0.298851,0.217391,0.244444,0.240964,0.22619,0.21978,0.282051,0.243902,0.081459,37.471264,1.4804e-06,0.015847,0.000462
1.2.1.刚果民主共和国,刚果民主共和国 次留,0.264498,0.249263,0.259684,0.266568,0.284404,0.257511,0.271754,0.258065,0.015235,6.112167,2.0404e-06,0.021842,0.000637
1.2.1.利比亚,利比亚 次留,0.209809,0.16763,0.213368,0.225974,0.232984,0.216578,0.178571,0.251101,0.042179,25.162078,2.8829e-06,0.030859,0.000899
1.2.1.利比里亚,利比里亚 次留,0.156098,0.16828,0.176636,0.156273,0.155983,0.171932,0.162575,0.182642,-0.012182,-7.23937,-3.2318e-06,-0.034595,-0.001008
1.2.1.加拿大,加拿大 次留,0.362437,0.370749,0.361314,0.356642,0.36777,0.360281,0.365547,0.3596,-0.008311,-2.241793,-1.84899e-05,-0.197923,-0.005769
1.2.1.加纳,加纳 次留,0.25,0.240756,0.247182,0.257962,0.255743,0.288925,0.266506,0.309453,0.009244,3.83959,2.2223e-06,0.023788,0.000693
1.2.1.加蓬,加蓬 次留,0.222222,0.219512,0.25,0.225806,0.28125,0.205882,0.3125,0.135135,0.00271,1.234568,2.19e-08,0.000235,7e-06
1.2.1.匈牙利,匈牙利 次留,0.366407,0.358149,0.354861,0.362466,0.375857,0.367771,0.345916,0.349466,0.008258,2.305848,2.4322e-06,0.026035,0.000759
1.2.1.北马其顿,北马其顿 次留,0.341578,0.356052,0.329049,0.336095,0.338028,0.337403,0.345934,0.352306,-0.014473,-4.064965,-2.4332e-06,-0.026045,-0.000759
1.2.1.北马里亚纳群岛,北马里亚纳群岛 次留,,,,,,,0.0,0.75,,,,,
1.2.1.南极洲,南极洲 次留,1.0,0.0,0.0,,,,,0.0,1.0,,1.3828e-06,0.014802,0.000431
1.2.1.南苏丹,南苏丹 次留,0.190196,0.189069,0.174285,0.185633,0.190395,0.181436,0.175468,0.171306,0.001127,0.596333,7.983e-07,0.008546,0.000249
1.2.1.南非,南非 次留,0.355044,0.364155,0.349457,0.36832,0.347181,0.351002,0.353733,0.352338,-0.009111,-2.501891,-1.10362e-05,-0.118136,-0.003443
1.2.1.博茨瓦纳,博茨瓦纳 次留,0.362573,0.372222,0.270968,0.348101,0.404255,0.348571,0.355,0.342105,-0.009649,-2.592302,-3.431e-07,-0.003673,-0.000107
1.2.1.卡塔尔,卡塔尔 次留,0.291176,0.275758,0.295031,0.259259,0.266106,0.283286,0.233333,0.297398,0.015419,5.591467,1.0051e-06,0.010759,0.000314
1.2.1.卢旺达,卢旺达 次留,0.24,0.284065,0.283854,0.271709,0.261194,0.202667,0.263456,0.276215,-0.044065,-15.512195,-3.7691e-06,-0.040345,-0.001176
1.2.1.卢森堡,卢森堡 次留,0.440945,0.398601,0.387097,0.340741,0.421053,0.347518,0.392308,0.412903,0.042343,10.623014,1.1961e-06,0.012804,0.000373
1.2.1.印度,印度 次留,0.285743,0.290717,0.291704,0.295917,0.294189,0.297848,0.28927,0.295599,-0.004974,-1.710935,-1.4702e-05,-0.157376,-0.004587
1.2.1.印度尼西亚,印度尼西亚 次留,0.42437,0.409872,0.410839,0.41757,0.398387,0.399332,0.415805,0.402847,0.014498,3.537241,1.81601e-05,0.194392,0.005666
1.2.1.危地马拉,危地马拉 次留,0.346843,0.300809,0.319283,0.328194,0.328823,0.34,0.33007,0.336251,0.046033,15.303213,1.91055e-05,0.204512,0.005961
1.2.1.厄瓜多尔,厄瓜多尔 次留,0.341549,0.331639,0.338658,0.335472,0.341351,0.351606,0.346841,0.350054,0.00991,2.988162,1.04008e-05,0.111334,0.003245
1.2.1.厄立特里亚,厄立特里亚 次留,,,,,,,,,,,,,
1.2.1.叙利亚,叙利亚 次留,0.291902,0.282651,0.29461,0.289767,0.298507,0.29282,0.289151,0.340485,0.009251,3.27294,3.7499e-06,0.04014,0.00117
1.2.1.古巴,古巴 次留,0.173913,0.169903,0.145098,0.176692,0.178295,0.180672,0.185714,0.188192,0.00401,2.360248,1.632e-07,0.001747,5.1e-05
1.2.1.台湾,台湾 次留,0.387879,0.381053,0.352535,0.346723,0.409091,0.379455,0.357314,0.348039,0.006826,1.791395,6.405e-07,0.006856,0.0002
1.2.1.吉尔吉斯斯坦,吉尔吉斯斯坦 次留,0.328313,0.309456,0.29085,0.267559,0.295732,0.319749,0.30563,0.310263,0.018858,6.09382,1.3e-06,0.013916,0.000406
1.2.1.吉布提,吉布提 次留,0.0,0.142857,0.166667,0.2,0.0,0.214286,0.2,0.157895,-0.142857,-100.0,-5.531e-07,-0.005921,-0.000173
1.2.1.哈萨克斯坦,哈萨克斯坦 次留,0.356991,0.334178,0.346774,0.318041,0.327224,0.306931,0.321994,0.334028,0.022813,6.826533,1.06668e-05,0.114181,0.003328
1.2.1.哥伦比亚,哥伦比亚 次留,0.343658,0.341737,0.344775,0.339339,0.339281,0.342104,0.335855,0.335057,0.001921,0.562219,6.4271e-06,0.068798,0.002005
1.2.1.哥斯达黎加,哥斯达黎加 次留,0.384506,0.359667,0.374642,0.377931,0.371731,0.351489,0.35963,0.378788,0.024839,6.906015,7.0803e-06,0.07579,0.002209
1.2.1.喀麦隆,喀麦隆 次留,0.263804,0.273616,0.224913,0.266212,0.255814,0.230769,0.236246,0.264205,-0.009812,-3.586036,-5.95e-07,-0.00637,-0.000186
1.2.1.图瓦卢,图瓦卢 次留,,,,,,,,,,,,,
1.2.1.土库曼斯坦,土库曼斯坦 次留,0.333333,0.410256,0.4,0.26087,0.369565,0.349057,0.300752,0.283784,-0.076923,-18.75,-5.926e-07,-0.006344,-0.000185
1.2.1.土耳其,土耳其 次留,0.289437,0.289897,0.292667,0.300346,0.30176,0.296999,0.306112,0.338376,-0.00046,-0.158541,-2.4427e-06,-0.026148,-0.000762
1.2.1.圣卢西亚,圣卢西亚 次留,0.345238,0.365591,0.367347,0.378788,0.333333,0.373626,0.239437,0.336957,-0.020353,-5.567227,-3.739e-07,-0.004002,-0.000117
1.2.1.圣基茨和尼维斯,圣基茨和尼维斯 次留,0.285714,0.366667,0.315789,0.388889,0.857143,0.181818,0.222222,0.409091,-0.080952,-22.077922,-4.797e-07,-0.005135,-0.00015
1.2.1.圣多美和普林西比,圣多美和普林西比 次留,0.761905,0.736842,0.555556,0.611111,0.823529,0.833333,0.526316,0.464286,0.025063,3.401361,9.41e-08,0.001007,2.9e-05
1.2.1.圣巴泰勒米岛,圣巴泰勒米岛 次留,,,,,,,,,,,,,
1.2.1.圣文森特和格林纳丁斯,圣文森特和格林纳丁斯 次留,0.241379,0.540541,0.333333,0.384615,0.16,0.454545,0.258065,0.424242,-0.299161,-55.344828,-2.1866e-06,-0.023406,-0.000682
1.2.1.圣皮埃尔和密克隆群岛,圣皮埃尔和密克隆群岛 次留,,,,0.5,,,,,,,,,
1.2.1.圣马力诺,圣马力诺 次留,0.75,0.0,,0.333333,,,0.0,,0.75,,1.0371e-06,0.011101,0.000324
1.2.1.圭亚那,圭亚那 次留,0.287293,0.260116,0.35122,0.28934,0.275862,0.327957,0.296117,0.280952,0.027177,10.448128,9.288e-07,0.009942,0.00029
1.2.1.坦桑尼亚,坦桑尼亚 次留,0.244283,0.264334,0.247335,0.245026,0.271255,0.270772,0.283465,0.251724,-0.020052,-7.585682,-4.0757e-06,-0.043628,-0.001272
1.2.1.埃及,埃及 次留,0.285149,0.289582,0.283353,0.275432,0.285214,0.284871,0.281137,0.317569,-0.004433,-1.530823,-5.7244e-06,-0.061276,-0.001786
1.2.1.埃塞俄比亚,埃塞俄比亚 次留,0.200415,0.176784,0.210276,0.185294,0.192529,0.207294,0.192703,0.195482,0.023632,13.367489,4.3833e-06,0.04692,0.001368
1.2.1.基里巴斯,基里巴斯 次留,,,,,,0.0,0.0,,,,,,
1.2.1.塔吉克斯坦,塔吉克斯坦 次留,0.236641,0.223602,0.272727,0.294479,0.225564,0.292857,0.215385,0.20155,0.013039,5.831213,4.147e-07,0.004439,0.000129
1.2.1.塞内加尔,塞内加尔 次留,0.216495,0.231631,0.236613,0.257627,0.227273,0.265552,0.300786,0.375277,-0.015137,-6.534752,-2.4009e-06,-0.0257,-0.000749
1.2.1.塞尔维亚,塞尔维亚 次留,0.33725,0.328767,0.318752,0.330638,0.332995,0.322544,0.317749,0.321384,0.008483,2.580298,1.10095e-05,0.11785,0.003435
1.2.1.塞拉利昂,塞拉利昂 次留,0.218085,0.192488,0.241706,0.272727,0.26455,0.27619,0.248649,0.247826,0.025597,13.297872,1.077e-06,0.011529,0.000336
1.2.1.塞浦路斯,塞浦路斯 次留,0.394422,0.409459,0.408505,0.417004,0.46165,0.426534,0.392562,0.414097,-0.015037,-3.672439,-2.1981e-06,-0.023529,-0.000686
1.2.1.塞舌尔,塞舌尔 次留,0.527273,0.484375,0.395349,0.414634,0.414634,0.532258,0.625,0.537037,0.042898,8.856305,5.423e-07,0.005805,0.000169
1.2.1.墨西哥,墨西哥 次留,0.337818,0.33136,0.343103,0.336271,0.341852,0.341143,0.341546,0.347218,0.006458,1.948922,5.27862e-05,0.565042,0.01647
1.2.1.多哥,多哥 次留,0.206897,0.263158,0.19403,0.224044,0.314815,0.234899,0.310734,0.313901,-0.056261,-21.37931,-1.6893e-06,-0.018083,-0.000527
1.2.1.多米尼克,多米尼克 次留,0.5,0.5,0.25,0.272727,0.125,0.2,0.111111,0.333333,0.0,0.0,0.0,0.0,0.0
1.2.1.多米尼加,多米尼加 次留,0.352445,0.339013,0.344515,0.354059,0.367609,0.366579,0.349962,0.375311,0.013432,3.962008,2.9585e-06,0.031669,0.000923
1.2.1.奥兰群岛,奥兰群岛 次留,0.8,,0.0,0.0,,0.5,,,,,,,
1.2.1.奥地利,奥地利 次留,0.385687,0.385486,0.352673,0.384915,0.371928,0.359041,0.394459,0.365228,0.000201,0.052174,5.96e-08,0.000638,1.9e-05
1.2.1.委内瑞拉,委内瑞拉 次留,0.321532,0.312112,0.296053,0.255984,0.322739,0.324215,0.3078,0.3135,0.00942,3.018243,9.8791e-06,0.105749,0.003082
1.2.1.孟加拉,孟加拉 次留,0.198422,0.189239,0.196928,0.204893,0.203637,0.208882,0.211777,0.243439,0.009182,4.852305,4.89545e-05,0.524025,0.015274
1.2.1.安哥拉,安哥拉 次留,0.292835,0.371951,0.297297,0.309091,0.291545,0.349727,0.310056,0.304094,-0.079116,-21.270619,-5.1261e-06,-0.054872,-0.001599
1.2.1.安圭拉,安圭拉 次留,0.25,0.75,0.666667,0.0,0.0,0.333333,0.333333,0.666667,-0.5,-66.666667,-1.3828e-06,-0.014802,-0.000431
1.2.1.安提瓜和巴布达,安提瓜和巴布达 次留,0.426966,0.449438,0.5,0.5,0.445783,0.514706,0.268293,0.365854,-0.022472,-5.0,-3.951e-07,-0.004229,-0.000123
1.2.1.安道尔,安道尔 次留,0.368421,0.428571,0.380952,0.413793,0.307692,0.1875,0.307692,0.485714,-0.06015,-14.035088,-1.663e-07,-0.001781,-5.2e-05
1.2.1.密克罗尼西亚联邦,密克罗尼西亚联邦 次留,,0.0,,,,,0.333333,,,,,,
1.2.1.尼加拉瓜,尼加拉瓜 次留,0.363853,0.368421,0.358696,0.4,0.368421,0.358073,0.328916,0.355991,-0.004568,-1.24002,-7.372e-07,-0.007892,-0.00023
1.2.1.尼日利亚,尼日利亚 次留,0.287807,0.291931,0.289083,0.276848,0.280103,0.293511,0.288852,0.299114,-0.004124,-1.412679,-6.8146e-06,-0.072945,-0.002126
1.2.1.尼日尔,尼日尔 次留,0.172414,0.276596,0.233645,0.292135,0.29703,0.237624,0.264706,0.335664,-0.104182,-37.665782,-1.9345e-06,-0.020708,-0.000604
1.2.1.尼泊尔,尼泊尔 次留,0.170593,0.182927,0.17837,0.188518,0.184189,0.182024,0.186137,0.185645,-0.012334,-6.742486,-2.9968e-06,-0.032079,-0.000935
1.2.1.巴勒斯坦,巴勒斯坦 次留,0.238494,0.254464,0.259912,0.243243,0.283898,0.248889,0.296578,0.369048,-0.015971,-6.276151,-7.067e-07,-0.007564,-0.00022
1.2.1.巴哈马,巴哈马 次留,0.432,0.423077,0.439394,0.389706,0.471831,0.37931,0.460938,0.439655,0.008923,2.109091,2.291e-07,0.002453,7.1e-05
1.2.1.巴基斯坦,巴基斯坦 次留,0.203303,0.201121,0.1958,0.200556,0.203414,0.197627,0.205971,0.238961,0.002182,1.084919,5.765e-06,0.061711,0.001799
1.2.1.巴巴多斯,巴巴多斯 次留,0.304762,0.270588,0.417582,0.295082,0.183099,0.116883,0.243243,0.27957,0.034174,12.6294,5.738e-07,0.006142,0.000179
1.2.1.巴布亚新几内亚,巴布亚新几内亚 次留,0.367521,0.324324,0.382114,0.385321,0.448598,0.366071,0.269231,0.372727,0.043197,13.319088,9.472e-07,0.010139,0.000296
1.2.1.巴拉圭,巴拉圭 次留,0.375,0.341425,0.349645,0.348689,0.354064,0.343554,0.343901,0.352523,0.033575,9.833716,8.4695e-06,0.090661,0.002643
1.2.1.巴拿马,巴拿马 次留,0.351554,0.349046,0.353914,0.345729,0.35743,0.316686,0.326134,0.344754,0.002508,0.718562,4.414e-07,0.004725,0.000138
1.2.1.巴林,巴林 次留,0.262295,0.201923,0.303571,0.285714,0.362069,0.238095,0.25,0.375,0.060372,29.898517,1.2403e-06,0.013276,0.000387
1.2.1.巴西,巴西 次留,0.323385,0.311527,0.315063,0.316676,0.318406,0.316137,0.311084,0.312203,0.011858,3.806323,0.0012896982,13.805376,0.402394
1.2.1.布基纳法索,布基纳法索 次留,0.229358,0.241573,0.269517,0.243816,0.229803,0.278066,0.276339,0.28529,-0.012215,-5.056539,-1.2885e-06,-0.013793,-0.000402
1.2.1.布隆迪,布隆迪 次留,0.161111,0.246445,0.240909,0.227979,0.270492,0.285714,0.268182,0.251825,-0.085334,-34.626068,-3.5568e-06,-0.038073,-0.00111
1.2.1.希腊,希腊 次留,0.411065,0.396865,0.391617,0.404297,0.394974,0.388163,0.37242,0.390254,0.014201,3.5782,1.59243e-05,0.170459,0.004968
1.2.1.帕劳,帕劳 次留,,0.0,,,,0.0,0.0,0.25,,,,,
1.2.1.库克群岛,库克群岛 次留,1.0,0.444444,0.666667,0.0,0.6,0.166667,0.333333,0.6,0.555556,125.0,1.3828e-06,0.014802,0.000431
1.2.1.库拉索,库拉索 次留,0.413043,0.365854,0.268293,0.363636,0.351852,0.407407,0.471698,0.434783,0.04719,12.898551,3.822e-07,0.004091,0.000119
1.2.1.开曼群岛,开曼群岛 次留,0.444444,0.368421,0.238095,0.32,0.475,0.470588,0.382353,0.294118,0.076023,20.634921,2.853e-07,0.003054,8.9e-05
1.2.1.德国,德国 次留,0.34094,0.33478,0.338231,0.353066,0.36082,0.355704,0.359548,0.366281,0.00616,1.840158,3.02884e-05,0.324217,0.00945
1.2.1.意大利,意大利 次留,0.382776,0.373163,0.37806,0.382569,0.384204,0.379852,0.383228,0.389599,0.009613,2.575977,1.84824e-05,0.197842,0.005767
1.2.1.所罗门群岛,所罗门群岛 次留,0.176471,0.315789,0.454545,0.478261,0.45,0.321429,0.157895,0.37037,-0.139319,-44.117647,-6.1e-07,-0.00653,-0.00019
1.2.1.拉脱维亚,拉脱维亚 次留,0.39523,0.355675,0.344123,0.379777,0.387993,0.373198,0.372973,0.327324,0.039555,11.121194,8.7435e-06,0.093593,0.002728
1.2.1.挪威,挪威 次留,0.40925,0.401247,0.372737,0.39424,0.352941,0.357692,0.350911,0.379813,0.008002,1.994321,1.5208e-06,0.01628,0.000475
1.2.1.捷克,捷克 次留,0.363958,0.391994,0.356659,0.382948,0.386719,0.373123,0.390681,0.357562,-0.028037,-7.152366,-8.0249e-06,-0.085901,-0.002504
1.2.1.摩尔多瓦,摩尔多瓦 次留,0.314714,0.285298,0.313643,0.323099,0.283654,0.302326,0.291121,0.323495,0.029415,10.310432,3.992e-06,0.042732,0.001246
1.2.1.摩洛哥,摩洛哥 次留,0.306958,0.302558,0.295964,0.298496,0.3182,0.303803,0.300683,0.311404,0.0044,1.454365,2.1747e-06,0.023278,0.000678
1.2.1.摩纳哥,摩纳哥 次留,0.333333,0.285714,0.375,0.6,0.333333,0.153846,0.555556,0.166667,0.047619,16.666667,9.22e-08,0.000987,2.9e-05
1.2.1.文莱,文莱 次留,0.558824,0.392857,0.391892,0.523077,0.381818,0.439394,0.337662,0.506329,0.165966,42.245989,1.836e-06,0.019653,0.000573
1.2.1.斐济,斐济 次留,0.271028,0.301887,0.346154,0.410714,0.313131,0.343434,0.275,0.264368,-0.030859,-10.221963,-6.462e-07,-0.006917,-0.000202
1.2.1.斯威士兰,斯威士兰 次留,0.333333,0.52,0.418182,0.409091,0.243902,0.15625,0.285714,0.27027,-0.186667,-35.897436,-1.8437e-06,-0.019736,-0.000575
1.2.1.斯洛伐克,斯洛伐克 次留,0.40492,0.383047,0.377712,0.421503,0.399354,0.37961,0.355088,0.379276,0.021872,5.710099,4.027e-06,0.043106,0.001256
1.2.1.斯洛文尼亚,斯洛文尼亚 次留,0.354626,0.331839,0.362035,0.327623,0.370614,0.344017,0.337995,0.356674,0.022787,6.866889,2.0076e-06,0.02149,0.000626
1.2.1.斯里兰卡,斯里兰卡 次留,0.25816,0.292214,0.252973,0.305473,0.281609,0.278672,0.254579,0.303602,-0.034054,-11.653815,-6.653e-06,-0.071216,-0.002076
1.2.1.新加坡,新加坡 次留,0.373659,0.355293,0.370717,0.389114,0.37428,0.376849,0.350123,0.393636,0.018366,5.169349,6.4433e-06,0.068972,0.00201
1.2.1.新喀里多尼亚,新喀里多尼亚 次留,0.0,0.0,0.0,0.0,0.0,0.0,0.285714,0.2,0.0,,0.0,0.0,0.0
1.2.1.新西兰,新西兰 次留,0.361726,0.356979,0.353733,0.360494,0.355529,0.374157,0.358945,0.371837,0.004746,1.329561,8.196e-07,0.008773,0.000256
1.2.1.日本,日本 次留,0.41939,0.406652,0.418242,0.376443,0.36827,0.412362,0.357276,0.39472,0.012738,3.132311,2.3451e-06,0.025103,0.000732
1.2.1.智利,智利 次留,0.378834,0.40044,0.378279,0.379243,0.398793,0.374215,0.379698,0.386393,-0.021605,-5.395372,-1.94195e-05,-0.207873,-0.006059
1.2.1.柬埔寨,柬埔寨 次留,0.261194,0.27381,0.261146,0.287671,0.252747,0.247059,0.286517,0.232558,-0.012615,-4.607398,-4.187e-07,-0.004482,-0.000131
1.2.1.根西岛,根西岛 次留,0.166667,0.0,0.2,0.222222,0.181818,0.5,0.428571,0.5,0.166667,,2.305e-07,0.002467,7.2e-05
1.2.1.格林纳达,格林纳达 次留,0.176471,0.289474,0.285714,0.433962,0.348837,0.212121,0.266667,0.4,-0.113003,-39.037433,-8.483e-07,-0.00908,-0.000265
1.2.1.格陵兰,格陵兰 次留,0.333333,0.0,0.285714,0.666667,0.0,0.0,,0.0,0.333333,,4.609e-07,0.004934,0.000144
1.2.1.格鲁吉亚,格鲁吉亚 次留,0.365306,0.349587,0.364775,0.362158,0.364088,0.339692,0.353111,0.322169,0.015719,4.496365,4.1391e-06,0.044307,0.001291
1.2.1.梵蒂冈,梵蒂冈 次留,0.0,,,,,0.5,,,,,,,
1.2.1.比利时,比利时 次留,0.40712,0.380435,0.389542,0.359495,0.360972,0.36161,0.358436,0.362848,0.026685,7.014332,8.2444e-06,0.08825,0.002572
1.2.1.毛里塔尼亚,毛里塔尼亚 次留,0.311475,0.319444,0.35,0.365854,0.272727,0.260274,0.283784,0.340426,-0.007969,-2.494654,-1.133e-07,-0.001213,-3.5e-05
1.2.1.毛里求斯,毛里求斯 次留,0.328358,0.356364,0.307087,0.332168,0.295019,0.30605,0.288136,0.331058,-0.028005,-7.858666,-1.5214e-06,-0.016285,-0.000475
1.2.1.汤加,汤加 次留,0.333333,0.0,0.0,0.0,,,0.0,0.0,0.333333,,9.218e-07,0.009868,0.000288
1.2.1.沙特阿拉伯,沙特阿拉伯 次留,0.220057,0.236364,0.222912,0.227739,0.242537,0.239899,0.229255,0.281433,-0.016306,-6.898832,-5.4923e-06,-0.058791,-0.001714
1.2.1.法国,法国 次留,0.366512,0.355422,0.362759,0.361849,0.366385,0.370776,0.366374,0.375489,0.01109,3.120131,1.64632e-05,0.176228,0.005137
1.2.1.法属圣马丁,法属圣马丁 次留,0.0,0.0,0.0,0.777778,0.0,0.0,0.0,0.0,0.0,,0.0,0.0,0.0
1.2.1.法属圭亚那,法属圭亚那 次留,0.3,0.125,0.294118,0.285714,0.214286,0.181818,0.142857,0.333333,0.175,140.0,4.84e-07,0.005181,0.000151
1.2.1.法属波利尼西亚,法属波利尼西亚 次留,0.421053,0.111111,0.5,0.157895,0.4375,0.538462,0.142857,0.5,0.309942,278.947368,1.5429e-06,0.016516,0.000481
1.2.1.法罗群岛,法罗群岛 次留,0.714286,0.428571,0.4,0.333333,0.0,1.0,0.0,0.5,0.285714,66.666667,4.609e-07,0.004934,0.000144
1.2.1.波兰,波兰 次留,0.376806,0.363964,0.358663,0.368102,0.368421,0.348541,0.354944,0.367531,0.012842,3.528382,1.33613e-05,0.143024,0.004169
1.2.1.波多黎各,波多黎各 次留,0.438871,0.408293,0.411483,0.379705,0.434916,0.437294,0.462279,0.408346,0.030578,7.489224,3.7873e-06,0.040541,0.001182
1.2.1.波黑,波黑 次留,0.325626,0.322218,0.343223,0.335264,0.347004,0.335681,0.329158,0.33422,0.003408,1.057594,1.9786e-06,0.021179,0.000617
1.2.1.泰国,泰国 次留,0.471511,0.471096,0.468354,0.488007,0.463262,0.454874,0.454386,0.437448,0.000415,0.088172,9.5e-08,0.001017,3e-05
1.2.1.泽西岛,泽西岛 次留,0.714286,0.25,0.52381,0.576923,0.25,0.176471,0.153846,0.482759,0.464286,185.714286,1.8343e-06,0.019635,0.000572
1.2.1.津巴布韦,津巴布韦 次留,0.318367,0.346715,0.304029,0.289199,0.292517,0.344697,0.31769,0.353801,-0.028348,-8.176155,-1.5344e-06,-0.016424,-0.000479
1.2.1.洪都拉斯,洪都拉斯 次留,0.373299,0.378323,0.385582,0.394595,0.394098,0.362558,0.350536,0.353617,-0.005024,-1.328055,-1.4559e-06,-0.015585,-0.000454
1.2.1.海地,海地 次留,0.251534,0.259563,0.297334,0.288551,0.270751,0.267394,0.277845,0.287049,-0.008029,-3.093316,-2.322e-06,-0.024855,-0.000724
1.2.1.澳大利亚,澳大利亚 次留,0.330158,0.340479,0.344248,0.324103,0.330689,0.327737,0.343211,0.331206,-0.010321,-3.031295,-1.45509e-05,-0.155758,-0.00454
1.2.1.澳门,澳门 次留,0.333333,0.166667,0.0,0.375,0.5,0.357143,0.4,0.466667,0.166667,100.0,3.457e-07,0.0037,0.000108
1.2.1.爱尔兰,爱尔兰 次留,0.391717,0.383312,0.359674,0.378708,0.390313,0.369654,0.359195,0.383394,0.008405,2.192688,3.92e-06,0.041961,0.001223
1.2.1.爱沙尼亚,爱沙尼亚 次留,0.419471,0.392424,0.359886,0.393103,0.382263,0.399698,0.373512,0.339869,0.027047,6.892263,3.5263e-06,0.037746,0.0011
1.2.1.牙买加,牙买加 次留,0.358108,0.293249,0.327068,0.34357,0.312992,0.351085,0.337838,0.315476,0.064859,22.117441,6.073e-06,0.065007,0.001895
1.2.1.特克斯和凯科斯群岛,特克斯和凯科斯群岛 次留,0.428571,0.521739,0.545455,0.35,0.5,0.333333,0.277778,0.307692,-0.093168,-17.857143,-4.233e-07,-0.004531,-0.000132
1.2.1.特立尼达和多巴哥,特立尼达和多巴哥 次留,0.366834,0.334967,0.362096,0.358209,0.352853,0.344828,0.3568,0.38326,0.031867,9.513421,3.8525e-06,0.041239,0.001202
1.2.1.玻利维亚,玻利维亚 次留,0.280236,0.288181,0.276917,0.264618,0.283327,0.265918,0.285819,0.297314,-0.007945,-2.756993,-4.09e-06,-0.043781,-0.001276
1.2.1.瑙鲁,瑙鲁 次留,,,,0.0,0.0,,0.0,0.0,,,,,
1.2.1.瑞典,瑞典 次留,0.394696,0.38853,0.37495,0.396965,0.392871,0.383532,0.384239,0.385542,0.006166,1.586982,3.0158e-06,0.032283,0.000941
1.2.1.瑞士,瑞士 次留,0.404206,0.386286,0.384443,0.385279,0.380837,0.35122,0.368661,0.374636,0.01792,4.639026,6.1948e-06,0.066312,0.001933
1.2.1.瓜德罗普,瓜德罗普 次留,0.444444,0.4,0.3125,0.5,0.5625,0.466667,0.25,0.375,0.044444,11.111111,1.536e-07,0.001645,4.8e-05
1.2.1.瓦利斯和富图纳群岛,瓦利斯和富图纳群岛 次留,,0.0,,,,,,,,,,,
1.2.1.瓦努阿图,瓦努阿图 次留,0.272727,0.2,0.285714,0.285714,0.333333,0.857143,0.333333,0.25,0.072727,36.363636,1.676e-07,0.001794,5.2e-05
1.2.1.留尼汪岛,留尼汪岛 次留,0.57377,0.454545,0.275862,0.428571,0.425,0.354839,0.472222,0.317073,0.119225,26.229508,1.0363e-06,0.011093,0.000323
1.2.1.白俄罗斯,白俄罗斯 次留,0.341927,0.332865,0.325438,0.343914,0.330705,0.317132,0.315826,0.323429,0.009062,2.722464,7.6473e-06,0.081859,0.002386
1.2.1.百慕大,百慕大 次留,0.566667,0.461538,0.393939,0.567568,0.454545,0.413793,0.391304,0.291667,0.105128,22.777778,5.399e-07,0.00578,0.000168
1.2.1.直布罗陀,直布罗陀 次留,0.5,0.6,0.36,0.173913,0.3,0.388889,0.1875,0.464286,-0.1,-16.666667,-4.938e-07,-0.005286,-0.000154
1.2.1.福克兰群岛,福克兰群岛 次留,0.0,,,,0.0,0.0,0.0,0.0,,,,,
1.2.1.科威特,科威特 次留,0.267281,0.294872,0.301802,0.309524,0.322314,0.331967,0.3,0.311573,-0.027591,-9.356842,-1.2754e-06,-0.013652,-0.000398
1.2.1.科摩罗,科摩罗 次留,0.122449,0.180328,0.117647,0.163265,0.152174,0.107143,0.098039,0.207317,-0.057879,-32.096475,-6.974e-07,-0.007466,-0.000218
1.2.1.科特迪瓦,科特迪瓦 次留,0.213656,0.239583,0.236842,0.207692,0.22479,0.257403,0.224543,0.271715,-0.025927,-10.821682,-1.9667e-06,-0.021052,-0.000614
1.2.1.科索沃,科索沃 次留,0.368,0.261905,0.241379,0.22449,0.227848,0.234043,0.242718,0.304348,0.106095,40.509091,1.7605e-06,0.018845,0.000549
1.2.1.秘鲁,秘鲁 次留,0.337561,0.336077,0.335263,0.328623,0.354072,0.340733,0.3357,0.352638,0.001484,0.441577,2.8497e-06,0.030504,0.000889
1.2.1.突尼斯,突尼斯 次留,0.306891,0.318144,0.303005,0.322222,0.323579,0.336192,0.323411,0.294935,-0.011253,-3.537118,-2.683e-06,-0.02872,-0.000837
1.2.1.立陶宛,立陶宛 次留,0.387627,0.354809,0.361179,0.414038,0.370268,0.389513,0.393888,0.363478,0.032818,9.24942,7.1441e-06,0.076473,0.002229
1.2.1.索马里,索马里 次留,0.261708,0.204134,0.22,0.226221,0.214674,0.232955,0.184211,0.236239,0.057574,28.203787,4.4014e-06,0.047114,0.001373
1.2.1.约旦,约旦 次留,0.329684,0.316456,0.296252,0.260341,0.287342,0.26699,0.259086,0.353456,0.013228,4.180049,2.2707e-06,0.024307,0.000708
1.2.1.纳米比亚,纳米比亚 次留,0.3,0.314516,0.375,0.347826,0.366412,0.411348,0.29661,0.217391,-0.014516,-4.615385,-3.556e-07,-0.003806,-0.000111
1.2.1.纽埃岛,纽埃岛 次留,0.5,0.25,0.333333,0.5,,,,,0.25,100.0,3.457e-07,0.0037,0.000108
1.2.1.缅甸,缅甸 次留,0.203636,0.198502,0.252226,0.31388,0.263952,0.306122,0.284072,0.204392,0.005134,2.586621,5.416e-07,0.005797,0.000169
1.2.1.罗马尼亚,罗马尼亚 次留,0.374056,0.377418,0.374463,0.373591,0.382475,0.378997,0.348857,0.399613,-0.003362,-0.890776,-2.2999e-06,-0.024619,-0.000718
1.2.1.美国,美国 次留,0.366664,0.363916,0.372699,0.364489,0.378567,0.37253,0.36712,0.372043,0.002748,0.755229,4.46885e-05,0.478362,0.013943
1.2.1.美属维尔京群岛,美属维尔京群岛 次留,0.318182,0.571429,0.461538,0.333333,0.294118,0.5,0.411765,0.25,-0.253247,-44.318182,-7.004e-07,-0.007497,-0.000219
1.2.1.美属萨摩亚,美属萨摩亚 次留,0.0,,,0.0,,,,,,,,,
1.2.1.老挝,老挝 次留,0.108108,0.25,0.282051,0.195652,0.25,0.245614,0.302326,0.3125,-0.141892,-56.756757,-1.0091e-06,-0.010801,-0.000315
1.2.1.肯尼亚,肯尼亚 次留,0.421523,0.420781,0.429445,0.417363,0.429716,0.421492,0.416244,0.419204,0.000742,0.176366,5.403e-07,0.005783,0.000169
1.2.1.芬兰,芬兰 次留,0.384417,0.360957,0.371964,0.369533,0.384138,0.36,0.373813,0.393841,0.02346,6.499349,1.08488e-05,0.11613,0.003385
1.2.1.苏丹,苏丹 次留,0.161049,0.166667,0.2,0.192118,0.106195,0.14218,0.134199,0.186131,-0.005618,-3.370787,-2.797e-07,-0.002994,-8.7e-05
1.2.1.苏里南,苏里南 次留,0.30137,0.341176,0.378049,0.290323,0.258621,0.30303,0.285714,0.363636,-0.039807,-11.667454,-6.684e-07,-0.007155,-0.000209
1.2.1.英国,英国 次留,0.38758,0.386779,0.383901,0.390239,0.384797,0.376884,0.367641,0.389879,0.000802,0.207273,4.878e-06,0.052216,0.001522
1.2.1.英属印度洋领地,英属印度洋领地 次留,,,0.5,0.5,0.5,,0.0,,,,,,
1.2.1.英属维尔京群岛,英属维尔京群岛 次留,0.5,0.576923,0.578947,0.5,0.518519,0.55,0.25,0.4,-0.076923,-13.333333,-3.951e-07,-0.004229,-0.000123
1.2.1.荷兰,荷兰 次留,0.364736,0.362625,0.35929,0.36459,0.375551,0.372007,0.354961,0.366535,0.002111,0.582036,4.0479e-06,0.04333,0.001263
1.2.1.荷兰加勒比,荷兰加勒比 次留,0.2,0.5,0.0,0.25,0.0,0.5,0.4,0.0,-0.3,-60.0,-4.148e-07,-0.004441,-0.000129
1.2.1.荷属圣马丁,荷属圣马丁 次留,0.538462,0.642857,0.285714,0.5,0.416667,0.3,0.214286,0.352941,-0.104396,-16.239316,-3.368e-07,-0.003606,-0.000105
1.2.1.荷属安的列斯,荷属安的列斯 次留,,,0.0,0.0,,0.0,,,,,,,
1.2.1.莫桑比克,莫桑比克 次留,0.230619,0.259642,0.246538,0.253547,0.263374,0.250552,0.244871,0.245176,-0.029024,-11.178274,-1.44189e-05,-0.154345,-0.004499
1.2.1.莱索托,莱索托 次留,0.25,0.297872,0.355556,0.377778,0.324324,0.368421,0.216216,0.481481,-0.047872,-16.071429,-4.445e-07,-0.004758,-0.000139
1.2.1.菲律宾,菲律宾 次留,0.278182,0.279726,0.283434,0.277444,0.28632,0.282507,0.285049,0.284499,-0.001545,-0.55219,-3.2089e-06,-0.034349,-0.001001
1.2.1.萨尔瓦多,萨尔瓦多 次留,0.384758,0.376304,0.389538,0.379874,0.361922,0.371747,0.343389,0.359899,0.008454,2.246554,2.7204e-06,0.02912,0.000849
1.2.1.萨摩亚,萨摩亚 次留,0.666667,0.0,0.0,0.5,,0.0,0.875,0.5,0.666667,,1.3828e-06,0.014802,0.000431
1.2.1.葡萄牙,葡萄牙 次留,0.36414,0.359503,0.362118,0.352607,0.35916,0.377673,0.340273,0.359484,0.004637,1.289869,5.3787e-06,0.057575,0.001678
1.2.1.蒙古,蒙古 次留,0.138462,0.183333,0.207547,0.22449,0.25,0.222222,0.230769,0.185714,-0.044872,-24.475524,-5.318e-07,-0.005693,-0.000166
1.2.1.蒙塞拉特岛,蒙塞拉特岛 次留,0.0,,0.666667,0.0,0.5,0.0,0.0,,,,,,
1.2.1.西班牙,西班牙 次留,0.395461,0.389675,0.388153,0.382367,0.380967,0.38107,0.387449,0.386165,0.005786,1.484853,1.17119e-05,0.125368,0.003654
1.2.1.贝宁,贝宁 次留,0.245902,0.217082,0.276527,0.288754,0.28,0.208469,0.285714,0.332432,0.02882,13.276001,1.5998e-06,0.017124,0.000499
1.2.1.赞比亚,赞比亚 次留,0.294239,0.26501,0.300813,0.279167,0.341935,0.308594,0.314501,0.278719,0.029228,11.029128,2.7888e-06,0.029852,0.00087
1.2.1.赤道几内亚,赤道几内亚 次留,0.035714,0.115385,0.3125,0.307692,0.038462,0.086957,0.166667,0.25,-0.07967,-69.047619,-4.092e-07,-0.00438,-0.000128
1.2.1.越南,越南 次留,0.406961,0.416216,0.424658,0.385886,0.395284,0.41831,0.403323,0.430727,-0.009255,-2.223613,-1.3529e-06,-0.014482,-0.000422
1.2.1.阿塞拜疆,阿塞拜疆 次留,0.316161,0.317824,0.319163,0.326284,0.308446,0.329354,0.319444,0.321379,-0.001663,-0.523247,-4.589e-07,-0.004912,-0.000143
1.2.1.阿富汗,阿富汗 次留,0.199095,0.200653,0.197092,0.204403,0.230994,0.232525,0.216992,0.262248,-0.001558,-0.77622,-1.887e-07,-0.002019,-5.9e-05
1.2.1.阿尔及利亚,阿尔及利亚 次留,0.285606,0.296586,0.293935,0.29279,0.287912,0.318347,0.306931,0.31405,-0.01098,-3.702129,-3.0496e-06,-0.032644,-0.000951
1.2.1.阿尔巴尼亚,阿尔巴尼亚 次留,0.325183,0.37212,0.340127,0.331551,0.369004,0.350072,0.315364,0.384718,-0.046936,-12.61326,-8.048e-06,-0.086149,-0.002511
1.2.1.阿曼,阿曼 次留,0.258824,0.307377,0.267176,0.332031,0.232558,0.258621,0.302326,0.345455,-0.048554,-15.796078,-2.3402e-06,-0.025051,-0.00073
1.2.1.阿根廷,阿根廷 次留,0.359788,0.357366,0.339097,0.344685,0.35733,0.34608,0.34803,0.351236,0.002423,0.677919,7.0541e-06,0.07551,0.002201
1.2.1.阿联酋,阿联酋 次留,0.343629,0.287187,0.319723,0.313492,0.316369,0.327462,0.307028,0.340257,0.056442,19.6535,1.5141e-05,0.162075,0.004724
1.2.1.阿鲁巴,阿鲁巴 次留,0.35,0.424242,0.461538,0.432432,0.328358,0.484375,0.421053,0.520548,-0.074242,-17.5,-9.679e-07,-0.010361,-0.000302
1.2.1.韩国,韩国 次留,0.37188,0.360992,0.332,0.365185,0.343113,0.372727,0.334828,0.339929,0.010888,3.016103,2.5143e-06,0.026914,0.000784
1.2.1.香港,香港 次留,0.324415,0.267116,0.271309,0.347656,0.389831,0.422902,0.375,0.406114,0.057299,21.450791,2.18226e-05,0.233597,0.006809
1.2.1.马尔代夫,马尔代夫 次留,0.327586,0.436508,0.3125,0.322314,0.33913,0.225225,0.244275,0.301282,-0.108922,-24.952978,-2.7111e-06,-0.02902,-0.000846
1.2.1.马恩岛,马恩岛 次留,0.076923,0.583333,0.0,0.2,0.1,0.307692,0.454545,0.117647,-0.50641,-86.813187,-1.2004e-06,-0.01285,-0.000375
1.2.1.马拉维,马拉维 次留,0.294776,0.341959,0.316888,0.306056,0.337727,0.315068,0.310696,0.316476,-0.047183,-13.797902,-5.0424e-06,-0.053975,-0.001573
1.2.1.马提尼克岛,马提尼克岛 次留,0.111111,0.285714,0.4,0.307692,0.333333,0.2,0.0,0.2,-0.174603,-61.111111,-5.634e-07,-0.00603,-0.000176
1.2.1.马来西亚,马来西亚 次留,0.381193,0.384615,0.34519,0.356969,0.35055,0.363985,0.367679,0.364532,-0.003422,-0.889788,-1.3709e-06,-0.014674,-0.000428
1.2.1.马约特,马约特 次留,,,,0.0,0.0,0.0,,,,,,,
1.2.1.马绍尔群岛,马绍尔群岛 次留,,,,0.5,,,,,,,,,
1.2.1.马耳他,马耳他 次留,0.353107,0.377309,0.327913,0.44557,0.432718,0.393678,0.413408,0.418605,-0.024201,-6.414207,-1.8119e-06,-0.019396,-0.000565
1.2.1.马达加斯加,马达加斯加 次留,0.263187,0.248528,0.244645,0.265708,0.229352,0.248984,0.250996,0.263988,0.01466,5.898639,4.9169e-06,0.052633,0.001534
1.2.1.马里,马里 次留,0.22664,0.198433,0.204188,0.218023,0.21256,0.221445,0.262887,0.244541,0.028207,14.214712,2.1341e-06,0.022844,0.000666
1.2.1.黎巴嫩,黎巴嫩 次留,0.347041,0.354069,0.342134,0.302095,0.328312,0.372487,0.334525,0.352019,-0.007028,-1.985018,-2.678e-06,-0.028667,-0.000836
1.2.1.黑山,黑山 次留,0.421333,0.423358,0.365714,0.369967,0.365633,0.374532,0.354885,0.31746,-0.002024,-0.478161,-3.836e-07,-0.004106,-0.00012
1.2.2,iOS 次留,0.343549,0.336155,0.342255,0.337991,0.341264,0.342347,0.334678,0.338499,0.007394,2.199548,0.0052505504,56.203708,1.638207
1.2.2.unknow,unknow 次留,0.314741,0.358696,0.334615,0.319328,0.331551,0.321951,0.316964,0.358696,-0.043955,-12.254014,-2.3965e-06,-0.025653,-0.000748
1.2.2.不丹,不丹 次留,0.0,0.166667,0.076923,0.45,0.125,0.333333,0.190476,0.235294,-0.166667,-100.0,-3.457e-07,-0.0037,-0.000108
1.2.2.东帝汶,东帝汶 次留,0.235294,0.344828,0.26087,0.214286,0.172414,0.266667,0.186047,0.289474,-0.109533,-31.764706,-6.275e-07,-0.006717,-0.000196
1.2.2.中国,中国 次留,0.350402,0.345304,0.333034,0.308511,0.307839,0.325688,0.308134,0.341948,0.005098,1.476305,1.0937e-06,0.011707,0.000341
1.2.2.中非,中非 次留,0.5,0.125,0.2,0.0,0.0,0.6,0.0,0.0,0.375,300.0,6.914e-07,0.007401,0.000216
1.2.2.丹麦,丹麦 次留,0.317077,0.32578,0.297625,0.307398,0.280934,0.291619,0.276707,0.273925,-0.008703,-2.671449,-1.04698e-05,-0.112073,-0.003267
1.2.2.乌克兰,乌克兰 次留,0.326522,0.323765,0.319676,0.325327,0.331433,0.323496,0.314929,0.307222,0.002757,0.851402,2.31091e-05,0.247368,0.00721
1.2.2.乌兹别克斯坦,乌兹别克斯坦 次留,0.282623,0.292521,0.302461,0.286657,0.308405,0.282511,0.288321,0.282869,-0.009898,-3.38359,-3.2418e-06,-0.034701,-0.001011
1.2.2.乌干达,乌干达 次留,0.335338,0.341667,0.34407,0.328986,0.338006,0.32106,0.334728,0.355783,-0.006328,-1.852191,-9.002e-07,-0.009636,-0.000281
1.2.2.乌拉圭,乌拉圭 次留,0.340381,0.348144,0.342608,0.345123,0.347571,0.337809,0.35163,0.3292,-0.007764,-2.230031,-2.9336e-06,-0.031402,-0.000915
1.2.2.乍得,乍得 次留,0.137931,0.296296,0.25,0.241379,0.294118,0.190476,0.153846,0.25,-0.158365,-53.448276,-8.446e-07,-0.009041,-0.000264
1.2.2.也门,也门 次留,0.425,0.307692,0.224138,0.145833,0.295455,0.232558,0.309091,0.289855,0.117308,38.125,9.037e-07,0.009674,0.000282
1.2.2.亚美尼亚,亚美尼亚 次留,0.309953,0.313073,0.30697,0.29768,0.305109,0.294396,0.304201,0.317236,-0.003121,-0.996739,-2.1497e-06,-0.023011,-0.000671
1.2.2.以色列,以色列 次留,0.342665,0.346745,0.335909,0.344208,0.345151,0.34967,0.337929,0.352949,-0.00408,-1.176716,-1.13777e-05,-0.121791,-0.00355
1.2.2.伊拉克,伊拉克 次留,0.223529,0.219083,0.210507,0.233702,0.223211,0.213075,0.233323,0.255308,0.004447,2.029757,2.3933e-06,0.025618,0.000747
1.2.2.伊朗,伊朗 次留,0.243057,0.24652,0.249946,0.240497,0.244816,0.259017,0.242883,0.248576,-0.003464,-1.40503,-9.5347e-06,-0.102062,-0.002975
1.2.2.伯利兹,伯利兹 次留,0.366337,0.347267,0.32716,0.352941,0.305921,0.312693,0.347826,0.341538,0.01907,5.491382,1.1716e-06,0.012541,0.000366
1.2.2.佛得角,佛得角 次留,0.425856,0.379699,0.40942,0.44702,0.428571,0.41875,0.455738,0.447653,0.046156,12.156006,2.4253e-06,0.025962,0.000757
1.2.2.俄罗斯,俄罗斯 次留,0.287675,0.281323,0.280372,0.275803,0.278551,0.287727,0.277458,0.272379,0.006351,2.25759,0.0001613356,1.726992,0.050338
1.2.2.保加利亚,保加利亚 次留,0.357243,0.341587,0.335666,0.337646,0.329368,0.343253,0.327286,0.322533,0.015655,4.583105,2.31054e-05,0.247328,0.007209
1.2.2.克罗地亚,克罗地亚 次留,0.387805,0.373694,0.372252,0.380072,0.390064,0.360722,0.359702,0.353088,0.014111,3.776188,2.77409e-05,0.296949,0.008655
1.2.2.关岛,关岛 次留,0.357955,0.244604,0.304348,0.338235,0.320513,0.302905,0.322581,0.333333,0.11335,46.340241,3.1124e-06,0.033316,0.000971
1.2.2.冈比亚,冈比亚 次留,0.341908,0.361111,0.381868,0.379838,0.418214,0.401466,0.455197,0.516353,-0.019203,-5.317833,-4.0968e-06,-0.043854,-0.001278
1.2.2.冰岛,冰岛 次留,0.300813,0.316017,0.31454,0.316147,0.363095,0.353642,0.321377,0.352941,-0.015204,-4.811226,-2.0813e-06,-0.022279,-0.000649
1.2.2.几内亚,几内亚 次留,0.260116,0.244776,0.275568,0.227405,0.256131,0.279487,0.345269,0.321678,0.015339,6.266742,1.0151e-06,0.010866,0.000317
1.2.2.几内亚比绍,几内亚比绍 次留,0.4,0.219512,0.347826,0.25,0.511628,0.25,0.358974,0.302326,0.180488,82.222222,1.4618e-06,0.015648,0.000456
1.2.2.列支敦士登,列支敦士登 次留,0.388889,0.409091,0.733333,0.428571,0.5,0.470588,0.407407,0.288462,-0.020202,-4.938272,-8.78e-08,-0.00094,-2.7e-05
1.2.2.刚果共和国,刚果共和国 次留,0.158416,0.234568,0.209091,0.186567,0.268456,0.231788,0.164948,0.280822,-0.076152,-32.464825,-1.2185e-06,-0.013043,-0.00038
1.2.2.刚果民主共和国,刚果民主共和国 次留,0.32967,0.274809,0.293144,0.308068,0.302222,0.326797,0.273973,0.305195,0.054861,19.96337,4.259e-06,0.04559,0.001329
1.2.2.利比亚,利比亚 次留,0.337029,0.343358,0.310777,0.373762,0.37018,0.331633,0.338942,0.356044,-0.00633,-1.84343,-4.988e-07,-0.00534,-0.000156
1.2.2.利比里亚,利比里亚 次留,0.307436,0.306017,0.290554,0.301724,0.314872,0.296566,0.332973,0.317391,0.00142,0.463891,2.702e-07,0.002892,8.4e-05
1.2.2.加拿大,加拿大 次留,0.300252,0.310997,0.305531,0.296147,0.296464,0.303343,0.294573,0.296873,-0.010745,-3.455101,-0.0001560335,-1.670236,-0.048683
1.2.2.加纳,加纳 次留,0.241007,0.245147,0.240702,0.238877,0.23518,0.25526,0.253046,0.277124,-0.004141,-1.689128,-4.5503e-06,-0.048708,-0.00142
1.2.2.加蓬,加蓬 次留,0.2,0.181818,0.166667,0.111111,0.333333,0.4,0.3,0.142857,0.018182,10.0,4.61e-08,0.000493,1.4e-05
1.2.2.匈牙利,匈牙利 次留,0.348802,0.338617,0.321995,0.344707,0.317088,0.334661,0.326226,0.317569,0.010185,3.007691,1.05345e-05,0.112765,0.003287
1.2.2.北马其顿,北马其顿 次留,0.323749,0.316079,0.294977,0.311381,0.314186,0.328815,0.315397,0.317902,0.007669,2.426408,5.5029e-06,0.058905,0.001717
1.2.2.北马里亚纳群岛,北马里亚纳群岛 次留,0.4,0.0,0.0,,,,0.5,,0.4,,5.531e-07,0.005921,0.000173
1.2.2.南极洲,南极洲 次留,,0.0,,0.0,1.0,0.5,0.5,0.0,,,,,
1.2.2.南苏丹,南苏丹 次留,0.386447,0.333333,0.309028,0.328685,0.33652,0.280269,0.313025,0.324645,0.053114,15.934066,6.8933e-06,0.073788,0.002151
1.2.2.南非,南非 次留,0.342349,0.345419,0.337763,0.331996,0.335152,0.333996,0.333305,0.338357,-0.00307,-0.888725,-7.3932e-06,-0.079139,-0.002307
1.2.2.博茨瓦纳,博茨瓦纳 次留,0.301653,0.330769,0.301471,0.311594,0.388462,0.330579,0.401235,0.4,-0.029116,-8.802614,-1.4954e-06,-0.016007,-0.000467
1.2.2.卡塔尔,卡塔尔 次留,0.367332,0.35361,0.364839,0.356101,0.371906,0.347436,0.355015,0.382428,0.013722,3.880615,4.0551e-06,0.043407,0.001265
1.2.2.卢旺达,卢旺达 次留,0.286567,0.312693,0.304615,0.269504,0.297101,0.253623,0.284133,0.25614,-0.026126,-8.355253,-1.667e-06,-0.017844,-0.00052
1.2.2.卢森堡,卢森堡 次留,0.402214,0.374026,0.344304,0.371173,0.37766,0.383375,0.367876,0.382908,0.028188,7.536388,4.2875e-06,0.045895,0.001338
1.2.2.印度,印度 次留,0.283963,0.287558,0.298701,0.273227,0.289423,0.287006,0.271186,0.300611,-0.003595,-1.250305,-1.3756e-06,-0.014725,-0.000429
1.2.2.印度尼西亚,印度尼西亚 次留,0.425198,0.414737,0.412705,0.418475,0.410957,0.407257,0.398432,0.419246,0.010461,2.522204,1.36572e-05,0.146192,0.004261
1.2.2.危地马拉,危地马拉 次留,0.37273,0.372969,0.374204,0.378432,0.408892,0.371353,0.372154,0.384325,-0.000239,-0.06407,-1.366e-07,-0.001462,-4.3e-05
1.2.2.厄瓜多尔,厄瓜多尔 次留,0.366634,0.36731,0.361553,0.357791,0.372321,0.379389,0.368556,0.371656,-0.000675,-0.183837,-9.485e-07,-0.010153,-0.000296
1.2.2.厄立特里亚,厄立特里亚 次留,0.25,0.25,0.0,,,,0.0,,0.0,0.0,0.0,0.0,0.0
1.2.2.叙利亚,叙利亚 次留,0.258065,0.286614,0.264386,0.269551,0.249567,0.267887,0.238095,0.343264,-0.02855,-9.961007,-3.5811e-06,-0.038333,-0.001117
1.2.2.古巴,古巴 次留,0.257426,0.209877,0.255319,0.306306,0.353535,0.352941,0.307692,0.428571,0.047549,22.655795,7.608e-07,0.008144,0.000237
1.2.2.台湾,台湾 次留,0.349398,0.337079,0.316129,0.328042,0.369592,0.324786,0.345622,0.323061,0.012319,3.654618,1.7326e-06,0.018547,0.000541
1.2.2.吉尔吉斯斯坦,吉尔吉斯斯坦 次留,0.297762,0.306156,0.294742,0.290518,0.282407,0.27954,0.280226,0.293615,-0.008394,-2.741719,-3.0709e-06,-0.032872,-0.000958
1.2.2.吉布提,吉布提 次留,0.111111,0.333333,0.333333,0.3125,0.0,0.3,0.111111,0.222222,-0.222222,-66.666667,-7.375e-07,-0.007894,-0.00023
1.2.2.哈萨克斯坦,哈萨克斯坦 次留,0.28855,0.29854,0.288649,0.289728,0.292494,0.296959,0.288961,0.294699,-0.009991,-3.346453,-2.59583e-05,-0.277867,-0.008099
1.2.2.哥伦比亚,哥伦比亚 次留,0.378442,0.370047,0.371825,0.375511,0.36529,0.379411,0.36202,0.355988,0.008394,2.268458,6.49987e-05,0.695768,0.02028
1.2.2.哥斯达黎加,哥斯达黎加 次留,0.386763,0.38087,0.385807,0.368528,0.399292,0.397994,0.385824,0.356845,0.005894,1.547412,3.3468e-06,0.035825,0.001044
1.2.2.喀麦隆,喀麦隆 次留,0.374773,0.367188,0.381605,0.373,0.361085,0.390355,0.393755,0.398625,0.007586,2.065876,1.5343e-06,0.016424,0.000479
1.2.2.图瓦卢,图瓦卢 次留,,0.0,,,,0.0,,,,,,,
1.2.2.土库曼斯坦,土库曼斯坦 次留,0.2,0.238095,0.333333,0.263158,0.214286,0.37037,0.275862,0.27027,-0.038095,-16.0,-1.58e-07,-0.001692,-4.9e-05
1.2.2.土耳其,土耳其 次留,0.382324,0.377067,0.370668,0.373823,0.364545,0.366631,0.368333,0.399402,0.005258,1.39434,4.94298e-05,0.529114,0.015422
1.2.2.圣卢西亚,圣卢西亚 次留,0.444109,0.479365,0.462745,0.363636,0.377119,0.400735,0.392453,0.378277,-0.035256,-7.354795,-2.1938e-06,-0.023483,-0.000684
1.2.2.圣基茨和尼维斯,圣基茨和尼维斯 次留,0.265823,0.414286,0.296875,0.385542,0.243243,0.217391,0.227273,0.366197,-0.148463,-35.83588,-2.0529e-06,-0.021975,-0.000641
1.2.2.圣多美和普林西比,圣多美和普林西比 次留,0.3,0.285714,0.0,0.533333,0.555556,0.230769,0.368421,0.214286,0.014286,5.0,3.46e-08,0.00037,1.1e-05
1.2.2.圣巴泰勒米岛,圣巴泰勒米岛 次留,0.6,0.285714,0.4,0.636364,0.666667,0.666667,0.571429,0.75,0.314286,110.0,6.084e-07,0.006513,0.00019
1.2.2.圣文森特和格林纳丁斯,圣文森特和格林纳丁斯 次留,0.442857,0.458015,0.425,0.347826,0.413793,0.508772,0.352941,0.546667,-0.015158,-3.309524,-3.923e-07,-0.004199,-0.000122
1.2.2.圣皮埃尔和密克隆群岛,圣皮埃尔和密克隆群岛 次留,,,,1.0,,,,0.0,,,,,
1.2.2.圣马力诺,圣马力诺 次留,0.5,0.363636,0.5,0.5,0.166667,0.25,0.166667,0.625,0.136364,37.5,3.457e-07,0.0037,0.000108
1.2.2.圭亚那,圭亚那 次留,0.351899,0.350384,0.353403,0.310263,0.336683,0.297376,0.332402,0.354167,0.001515,0.432412,1.17e-07,0.001253,3.7e-05
1.2.2.坦桑尼亚,坦桑尼亚 次留,0.405378,0.368092,0.396432,0.341341,0.345048,0.370681,0.403175,0.334099,0.037287,10.129736,7.0635e-06,0.07561,0.002204
1.2.2.埃及,埃及 次留,0.319658,0.325228,0.320654,0.321893,0.334774,0.317838,0.317779,0.346696,-0.00557,-1.712543,-8.4613e-06,-0.090572,-0.00264
1.2.2.埃塞俄比亚,埃塞俄比亚 次留,0.301994,0.207792,0.227129,0.26506,0.298361,0.254848,0.251397,0.211268,0.094202,45.334758,5.7314e-06,0.061351,0.001788
1.2.2.基里巴斯,基里巴斯 次留,0.6,0.0,0.0,0.333333,0.0,0.0,0.333333,0.5,0.6,,8.297e-07,0.008881,0.000259
1.2.2.塔吉克斯坦,塔吉克斯坦 次留,0.25,0.220264,0.256545,0.241206,0.20339,0.239234,0.281106,0.306306,0.029736,13.5,1.3334e-06,0.014273,0.000416
1.2.2.塞内加尔,塞内加尔 次留,0.281823,0.283276,0.273865,0.276098,0.301376,0.313266,0.352282,0.436826,-0.001454,-0.513105,-5.046e-07,-0.005401,-0.000157
1.2.2.塞尔维亚,塞尔维亚 次留,0.343515,0.326705,0.320424,0.322002,0.32015,0.320567,0.32472,0.328877,0.016809,5.145094,7.68195e-05,0.822303,0.023968
1.2.2.塞拉利昂,塞拉利昂 次留,0.348946,0.361111,0.386308,0.397403,0.456818,0.410314,0.394015,0.391858,-0.012165,-3.368762,-9.516e-07,-0.010186,-0.000297
1.2.2.塞浦路斯,塞浦路斯 次留,0.405432,0.410617,0.401006,0.411386,0.401579,0.400943,0.387696,0.395303,-0.005185,-1.262653,-4.3028e-06,-0.046059,-0.001343
1.2.2.塞舌尔,塞舌尔 次留,0.447581,0.431718,0.453552,0.4,0.394737,0.464567,0.464481,0.462617,0.015863,3.674292,7.113e-07,0.007614,0.000222
1.2.2.墨西哥,墨西哥 次留,0.369051,0.365935,0.378644,0.366014,0.37925,0.372621,0.366508,0.369953,0.003115,0.851316,3.58535e-05,0.383788,0.011187
1.2.2.多哥,多哥 次留,0.216495,0.292308,0.255708,0.278075,0.26738,0.227273,0.236842,0.29,-0.075813,-25.935974,-2.9203e-06,-0.03126,-0.000911
1.2.2.多米尼克,多米尼克 次留,0.375,0.508772,0.42029,0.45614,0.363636,0.315789,0.323529,0.37037,-0.133772,-26.293103,-1.5062e-06,-0.016123,-0.00047
1.2.2.多米尼加,多米尼加 次留,0.416301,0.415749,0.40359,0.406826,0.414159,0.43209,0.397853,0.42638,0.000552,0.132801,6.038e-07,0.006463,0.000188
1.2.2.奥兰群岛,奥兰群岛 次留,0.222222,0.4,0.2,0.0,0.285714,0.166667,0.285714,1.0,-0.177778,-44.444444,-5.268e-07,-0.005639,-0.000164
1.2.2.奥地利,奥地利 次留,0.337901,0.339238,0.327233,0.330445,0.331944,0.326048,0.330064,0.326325,-0.001337,-0.394128,-1.9681e-06,-0.021068,-0.000614
1.2.2.委内瑞拉,委内瑞拉 次留,0.335025,0.303456,0.29067,0.260111,0.345986,0.350266,0.322741,0.334904,0.031569,10.403101,2.61605e-05,0.280031,0.008162
1.2.2.孟加拉,孟加拉 次留,0.24499,0.22548,0.231629,0.25831,0.277829,0.254217,0.253498,0.299121,0.01951,8.652523,1.10417e-05,0.118194,0.003445
1.2.2.安哥拉,安哥拉 次留,0.352888,0.343034,0.341964,0.342629,0.32681,0.332724,0.348754,0.348673,0.009855,2.872774,2.2074e-06,0.023629,0.000689
1.2.2.安圭拉,安圭拉 次留,0.490909,0.628571,0.463415,0.382353,0.230769,0.402985,0.425926,0.4,-0.137662,-21.900826,-9.518e-07,-0.010188,-0.000297
1.2.2.安提瓜和巴布达,安提瓜和巴布达 次留,0.348659,0.425532,0.392996,0.41129,0.405063,0.401544,0.447826,0.439863,-0.076873,-18.065134,-4.2823e-06,-0.045839,-0.001336
1.2.2.安道尔,安道尔 次留,0.318966,0.340741,0.369748,0.308824,0.408163,0.352273,0.303371,0.328125,-0.021775,-6.390555,-5.807e-07,-0.006216,-0.000181
1.2.2.密克罗尼西亚联邦,密克罗尼西亚联邦 次留,,,,,0.0,,0.5,0.0,,,,,
1.2.2.尼加拉瓜,尼加拉瓜 次留,0.380675,0.377294,0.404703,0.383648,0.373134,0.399033,0.36253,0.386752,0.003382,0.896285,5.824e-07,0.006234,0.000182
1.2.2.尼日利亚,尼日利亚 次留,0.327455,0.32409,0.319922,0.322656,0.32328,0.329157,0.325741,0.350417,0.003366,1.03859,2.23399e-05,0.239134,0.00697
1.2.2.尼日尔,尼日尔 次留,0.232143,0.240602,0.216495,0.158416,0.226804,0.163265,0.205882,0.28,-0.008459,-3.515625,-2.222e-07,-0.002379,-6.9e-05
1.2.2.尼泊尔,尼泊尔 次留,0.264241,0.277165,0.284627,0.238501,0.25,0.262346,0.284932,0.269755,-0.012925,-4.663226,-1.6212e-06,-0.017353,-0.000506
1.2.2.巴勒斯坦,巴勒斯坦 次留,0.375128,0.366829,0.371491,0.36144,0.366317,0.378248,0.362554,0.400412,0.008299,2.262419,3.0345e-06,0.032482,0.000947
1.2.2.巴哈马,巴哈马 次留,0.43922,0.425083,0.44206,0.483466,0.432099,0.3987,0.420272,0.443287,0.014137,3.325688,2.5161e-06,0.026934,0.000785
1.2.2.巴基斯坦,巴基斯坦 次留,0.271258,0.260243,0.269746,0.255465,0.25723,0.255296,0.259271,0.335023,0.011015,4.232671,1.05683e-05,0.113127,0.003297
1.2.2.巴巴多斯,巴巴多斯 次留,0.378251,0.41129,0.33432,0.338192,0.397229,0.43128,0.439276,0.388128,-0.03304,-8.03319,-2.4279e-06,-0.025989,-0.000758
1.2.2.巴布亚新几内亚,巴布亚新几内亚 次留,0.292683,0.435897,0.37037,0.363636,0.347826,0.410256,0.242424,0.275,-0.143215,-32.855093,-1.1033e-06,-0.01181,-0.000344
1.2.2.巴拉圭,巴拉圭 次留,0.380051,0.379415,0.374913,0.364101,0.38084,0.391834,0.378688,0.368343,0.000636,0.167519,5.371e-07,0.005749,0.000168
1.2.2.巴拿马,巴拿马 次留,0.376623,0.384724,0.402948,0.388327,0.404237,0.391458,0.395298,0.407456,-0.008101,-2.105615,-3.3942e-06,-0.036332,-0.001059
1.2.2.巴林,巴林 次留,0.350701,0.338086,0.385686,0.357438,0.375218,0.389744,0.363636,0.367257,0.012616,3.73156,1.2236e-06,0.013097,0.000382
1.2.2.巴西,巴西 次留,0.378353,0.366286,0.375915,0.372501,0.373992,0.376425,0.368209,0.368797,0.012066,3.294262,0.0032896955,35.214038,1.026407
1.2.2.布基纳法索,布基纳法索 次留,0.259533,0.273092,0.282695,0.285156,0.259823,0.287982,0.272059,0.321705,-0.01356,-4.96527,-2.0008e-06,-0.021417,-0.000624
1.2.2.布隆迪,布隆迪 次留,0.342857,0.376812,0.355932,0.267606,0.268657,0.263889,0.272727,0.242857,-0.033954,-9.010989,-4.628e-07,-0.004954,-0.000144
1.2.2.希腊,希腊 次留,0.435219,0.426989,0.415784,0.419375,0.41402,0.409942,0.400892,0.408444,0.00823,1.927535,4.72507e-05,0.505788,0.014743
1.2.2.帕劳,帕劳 次留,0.5,0.0,,,,0.0,0.0,0.0,0.5,,1.0371e-06,0.011101,0.000324
1.2.2.库克群岛,库克群岛 次留,0.535714,0.705882,0.416667,0.392857,0.166667,0.384615,0.5,0.407407,-0.170168,-24.107143,-5.715e-07,-0.006117,-0.000178
1.2.2.库拉索,库拉索 次留,0.455587,0.420732,0.428571,0.376404,0.422764,0.398058,0.47043,0.47013,0.034856,8.28454,2.2584e-06,0.024174,0.000705
1.2.2.开曼群岛,开曼群岛 次留,0.398268,0.364486,0.322115,0.381818,0.391304,0.357466,0.350649,0.435065,0.033782,9.268509,1.4281e-06,0.015287,0.000446
1.2.2.德国,德国 次留,0.311357,0.307152,0.308738,0.307614,0.313465,0.309744,0.307948,0.305842,0.004205,1.36907,7.76261e-05,0.830936,0.02422
1.2.2.意大利,意大利 次留,0.373251,0.371753,0.363193,0.365514,0.370443,0.36767,0.36372,0.376204,0.001498,0.402917,9.3991e-06,0.100611,0.002933
1.2.2.所罗门群岛,所罗门群岛 次留,0.45,0.266667,0.272727,0.461538,0.307692,0.266667,0.416667,0.363636,0.183333,68.75,5.432e-07,0.005815,0.000169
1.2.2.拉脱维亚,拉脱维亚 次留,0.341388,0.327196,0.327972,0.337563,0.339353,0.319271,0.32741,0.323777,0.014192,4.337557,1.65966e-05,0.177655,0.005178
1.2.2.挪威,挪威 次留,0.328617,0.308204,0.30838,0.298467,0.312036,0.31746,0.305863,0.303789,0.020413,6.623332,1.63674e-05,0.175202,0.005107
1.2.2.捷克,捷克 次留,0.334533,0.326776,0.339648,0.321727,0.329431,0.323411,0.329871,0.329295,0.007757,2.373914,9.1908e-06,0.098382,0.002868
1.2.2.摩尔多瓦,摩尔多瓦 次留,0.311459,0.295479,0.299004,0.315145,0.315208,0.306628,0.289341,0.279813,0.01598,5.408219,1.18691e-05,0.127051,0.003703
1.2.2.摩洛哥,摩洛哥 次留,0.314163,0.31445,0.310149,0.324882,0.320215,0.326372,0.308367,0.325077,-0.000287,-0.091295,-1.871e-07,-0.002003,-5.8e-05
1.2.2.摩纳哥,摩纳哥 次留,0.508671,0.593939,0.469565,0.413043,0.545455,0.505208,0.506608,0.533784,-0.085269,-14.356494,-2.7792e-06,-0.02975,-0.000867
1.2.2.文莱,文莱 次留,0.244898,0.304348,0.345455,0.272727,0.235294,0.217949,0.256098,0.405941,-0.05945,-19.533528,-1.0804e-06,-0.011565,-0.000337
1.2.2.斐济,斐济 次留,0.42126,0.44,0.453659,0.434043,0.367647,0.405,0.502146,0.430493,-0.01874,-4.259127,-9.255e-07,-0.009907,-0.000289
1.2.2.斯威士兰,斯威士兰 次留,0.371429,0.206897,0.27027,0.421053,0.378378,0.368421,0.358974,0.233333,0.164532,79.52381,9.425e-07,0.010089,0.000294
1.2.2.斯洛伐克,斯洛伐克 次留,0.349591,0.333447,0.332345,0.363284,0.354456,0.335741,0.330336,0.349406,0.016144,4.841651,9.3918e-06,0.100533,0.00293
1.2.2.斯洛文尼亚,斯洛文尼亚 次留,0.347514,0.345404,0.34507,0.334068,0.323392,0.34029,0.320049,0.307649,0.00211,0.610854,7.482e-07,0.008009,0.000233
1.2.2.斯里兰卡,斯里兰卡 次留,0.334148,0.322898,0.329861,0.323063,0.344115,0.316176,0.33988,0.361798,0.01125,3.484164,2.4845e-06,0.026595,0.000775
1.2.2.新加坡,新加坡 次留,0.415812,0.427371,0.40628,0.401763,0.409441,0.397141,0.400528,0.426741,-0.011559,-2.704618,-7.6081e-06,-0.08144,-0.002374
1.2.2.新喀里多尼亚,新喀里多尼亚 次留,0.25,0.105263,0.4,0.388889,0.409091,0.0,0.45,0.307692,0.144737,137.5,6.338e-07,0.006784,0.000198
1.2.2.新西兰,新西兰 次留,0.306296,0.310116,0.280605,0.290864,0.280094,0.287356,0.265648,0.283866,-0.00382,-1.231926,-3.1852e-06,-0.034095,-0.000994
1.2.2.日本,日本 次留,0.37104,0.355201,0.368655,0.348855,0.354181,0.376864,0.364427,0.380502,0.015839,4.459095,1.25434e-05,0.134269,0.003914
1.2.2.智利,智利 次留,0.384017,0.401631,0.381025,0.374968,0.373462,0.363649,0.360695,0.345941,-0.017614,-4.38566,-2.81557e-05,-0.301389,-0.008785
1.2.2.柬埔寨,柬埔寨 次留,0.310452,0.2992,0.342187,0.318818,0.298357,0.309645,0.302158,0.290572,0.011252,3.760835,1.3892e-06,0.01487,0.000433
1.2.2.根西岛,根西岛 次留,0.289062,0.257353,0.358333,0.295775,0.393333,0.350318,0.268293,0.363184,0.03171,12.321429,8.519e-07,0.009119,0.000266
1.2.2.格林纳达,格林纳达 次留,0.342857,0.366972,0.465347,0.381818,0.466667,0.272727,0.42268,0.380531,-0.024115,-6.571429,-5.192e-07,-0.005558,-0.000162
1.2.2.格陵兰,格陵兰 次留,0.0,0.333333,0.0,0.272727,0.142857,0.0,0.111111,0.2,-0.333333,-100.0,-5.531e-07,-0.005921,-0.000173
1.2.2.格鲁吉亚,格鲁吉亚 次留,0.341833,0.332949,0.328176,0.31695,0.33132,0.316813,0.327333,0.312078,0.008884,2.668273,1.52381e-05,0.163114,0.004754
1.2.2.梵蒂冈,梵蒂冈 次留,,,,,,,,,,,,,
1.2.2.比利时,比利时 次留,0.354821,0.356884,0.33901,0.344088,0.327653,0.329257,0.32082,0.3375,-0.002063,-0.578061,-2.9187e-06,-0.031243,-0.000911
1.2.2.毛里塔尼亚,毛里塔尼亚 次留,0.324324,0.385542,0.252427,0.25,0.265487,0.246479,0.282258,0.311475,-0.061218,-15.878378,-1.0037e-06,-0.010744,-0.000313
1.2.2.毛里求斯,毛里求斯 次留,0.43299,0.390543,0.451115,0.396917,0.422348,0.422018,0.425,0.391382,0.042447,10.868661,4.7878e-06,0.05125,0.001494
1.2.2.汤加,汤加 次留,0.590909,0.411765,0.44,0.25,0.222222,0.461538,0.4,0.428571,0.179144,43.506494,7.019e-07,0.007513,0.000219
1.2.2.沙特阿拉伯,沙特阿拉伯 次留,0.34311,0.333982,0.333706,0.323953,0.329805,0.335844,0.346099,0.369163,0.009128,2.732932,8.3359e-06,0.08923,0.002601
1.2.2.法国,法国 次留,0.355866,0.344685,0.340347,0.340323,0.345012,0.354018,0.342041,0.348514,0.011182,3.24398,5.92148e-05,0.633856,0.018475
1.2.2.法属圣马丁,法属圣马丁 次留,0.575,0.65,0.461538,0.444444,0.558824,0.512195,0.611111,0.538462,-0.075,-11.538462,-8.889e-07,-0.009515,-0.000277
1.2.2.法属圭亚那,法属圭亚那 次留,0.23913,0.291667,0.323529,0.25,0.325,0.283019,0.319149,0.333333,-0.052536,-18.012422,-4.981e-07,-0.005332,-0.000155
1.2.2.法属波利尼西亚,法属波利尼西亚 次留,0.482759,0.46875,0.358974,0.333333,0.272727,0.512821,0.410256,0.342466,0.014009,2.988506,1.771e-07,0.001896,5.5e-05
1.2.2.法罗群岛,法罗群岛 次留,0.387755,0.263158,0.382979,0.243902,0.236842,0.222222,0.189189,0.113636,0.124597,47.346939,9.353e-07,0.010012,0.000292
1.2.2.波兰,波兰 次留,0.340079,0.321371,0.319247,0.339341,0.336871,0.330737,0.324982,0.323786,0.018708,5.821442,6.86857e-05,0.735236,0.02143
1.2.2.波多黎各,波多黎各 次留,0.376211,0.381494,0.39038,0.37621,0.393064,0.397966,0.393997,0.391152,-0.005282,-1.384666,-4.6805e-06,-0.050102,-0.00146
1.2.2.波黑,波黑 次留,0.333685,0.325974,0.329505,0.323231,0.328804,0.327873,0.329796,0.345576,0.007711,2.365528,1.22802e-05,0.131452,0.003832
1.2.2.泰国,泰国 次留,0.402483,0.410695,0.376323,0.399383,0.403814,0.385774,0.397527,0.403605,-0.008212,-1.999537,-6.067e-06,-0.064943,-0.001893
1.2.2.泽西岛,泽西岛 次留,0.299492,0.33617,0.211429,0.269058,0.262673,0.216418,0.272727,0.26699,-0.036678,-10.910493,-1.7027e-06,-0.018226,-0.000531
1.2.2.津巴布韦,津巴布韦 次留,0.335385,0.321311,0.31875,0.29085,0.335366,0.374622,0.355615,0.303896,0.014073,4.379906,8.48e-07,0.009077,0.000265
1.2.2.洪都拉斯,洪都拉斯 次留,0.362998,0.373389,0.368081,0.377795,0.384079,0.3807,0.360297,0.362682,-0.010391,-2.782921,-4.9366e-06,-0.052843,-0.00154
1.2.2.海地,海地 次留,0.273902,0.302663,0.288419,0.293123,0.273839,0.259172,0.290758,0.304113,-0.028762,-9.502842,-4.6929e-06,-0.050234,-0.001464
1.2.2.澳大利亚,澳大利亚 次留,0.28601,0.287381,0.284833,0.280631,0.280312,0.279866,0.289445,0.280733,-0.001371,-0.477155,-1.68481e-05,-0.180348,-0.005257
1.2.2.澳门,澳门 次留,0.477273,0.43,0.4,0.428571,0.416667,0.425,0.377049,0.5,0.047273,10.993658,9.338e-07,0.009996,0.000291
1.2.2.爱尔兰,爱尔兰 次留,0.364928,0.370546,0.349529,0.368775,0.358944,0.360089,0.344776,0.38177,-0.005618,-1.51602,-1.80327e-05,-0.193029,-0.005626
1.2.2.爱沙尼亚,爱沙尼亚 次留,0.336977,0.339723,0.314444,0.332718,0.324355,0.325155,0.329664,0.329689,-0.002746,-0.808283,-2.0374e-06,-0.021809,-0.000636
1.2.2.牙买加,牙买加 次留,0.352412,0.355811,0.333201,0.357608,0.335169,0.347246,0.333789,0.323341,-0.003399,-0.955306,-1.6927e-06,-0.018119,-0.000528
1.2.2.特克斯和凯科斯群岛,特克斯和凯科斯群岛 次留,0.533333,0.518519,0.437186,0.434579,0.474576,0.428571,0.552301,0.49763,0.014815,2.857143,6.321e-07,0.006766,0.000197
1.2.2.特立尼达和多巴哥,特立尼达和多巴哥 次留,0.325909,0.306897,0.31753,0.312727,0.309255,0.301865,0.276269,0.305627,0.019012,6.194923,3.2674e-06,0.034975,0.001019
1.2.2.玻利维亚,玻利维亚 次留,0.340268,0.333657,0.33188,0.339143,0.341171,0.333333,0.335735,0.354911,0.006611,1.981385,2.6889e-06,0.028783,0.000839
1.2.2.瑙鲁,瑙鲁 次留,,,,,,,,0.0,,,,,
1.2.2.瑞典,瑞典 次留,0.328778,0.326526,0.314731,0.309501,0.322566,0.319493,0.315226,0.312117,0.002252,0.689784,5.8161e-06,0.062257,0.001815
1.2.2.瑞士,瑞士 次留,0.340862,0.341403,0.335981,0.338467,0.334846,0.335427,0.322568,0.324153,-0.00054,-0.158268,-9.845e-07,-0.010538,-0.000307
1.2.2.瓜德罗普,瓜德罗普 次留,0.4,0.396552,0.369565,0.333333,0.36,0.350877,0.380952,0.352941,0.003448,0.869565,3.95e-08,0.000423,1.2e-05
1.2.2.瓦利斯和富图纳群岛,瓦利斯和富图纳群岛 次留,,,,,,,,,,,,,
1.2.2.瓦努阿图,瓦努阿图 次留,0.26087,0.344828,0.434783,0.419355,0.526316,0.392857,0.32,0.272727,-0.083958,-24.347826,-4.81e-07,-0.005148,-0.00015
1.2.2.留尼汪岛,留尼汪岛 次留,0.27907,0.266667,0.297619,0.340206,0.36,0.358696,0.207317,0.417476,0.012403,4.651163,1.838e-07,0.001967,5.7e-05
1.2.2.白俄罗斯,白俄罗斯 次留,0.324955,0.299889,0.306182,0.312331,0.312087,0.296601,0.301097,0.292752,0.025066,8.358568,7.57037e-05,0.810359,0.02362
1.2.2.百慕大,百慕大 次留,0.469388,0.38172,0.35814,0.445783,0.413043,0.386139,0.306748,0.321429,0.087667,22.96637,3.2211e-06,0.03448,0.001005
1.2.2.直布罗陀,直布罗陀 次留,0.291892,0.316832,0.370892,0.393443,0.3,0.324675,0.363095,0.310526,-0.02494,-7.871622,-9.952e-07,-0.010653,-0.000311
1.2.2.福克兰群岛,福克兰群岛 次留,,0.0,0.5,0.0,,0.0,0.0,,,,,,
1.2.2.科威特,科威特 次留,0.336042,0.34647,0.36091,0.348917,0.349138,0.331761,0.358779,0.375659,-0.010428,-3.00974,-3.7635e-06,-0.040286,-0.001174
1.2.2.科摩罗,科摩罗 次留,0.5,0.37037,0.538462,0.444444,0.538462,0.416667,0.666667,0.392857,0.12963,35.0,6.914e-07,0.007401,0.000216
1.2.2.科特迪瓦,科特迪瓦 次留,0.28482,0.284284,0.285379,0.284655,0.27033,0.313802,0.319255,0.338592,0.000537,0.188726,1.374e-07,0.001471,4.3e-05
1.2.2.科索沃,科索沃 次留,0.334528,0.317992,0.319575,0.313454,0.304005,0.297464,0.289631,0.288957,0.016536,5.200277,5.4649e-06,0.058498,0.001705
1.2.2.秘鲁,秘鲁 次留,0.37094,0.361065,0.36123,0.364965,0.380753,0.367189,0.366648,0.371641,0.009874,2.734776,2.00707e-05,0.214844,0.006262
1.2.2.突尼斯,突尼斯 次留,0.316667,0.314153,0.309859,0.336182,0.342216,0.340486,0.325018,0.324704,0.002513,0.8,7.509e-07,0.008038,0.000234
1.2.2.立陶宛,立陶宛 次留,0.341206,0.316867,0.309444,0.34656,0.331768,0.315421,0.318182,0.317058,0.024339,7.681279,2.55973e-05,0.274002,0.007987
1.2.2.索马里,索马里 次留,0.183333,0.248322,0.21831,0.21374,0.17803,0.18254,0.190141,0.196481,-0.064989,-26.171171,-3.8257e-06,-0.040951,-0.001194
1.2.2.约旦,约旦 次留,0.296894,0.283643,0.280025,0.280144,0.278766,0.287967,0.29837,0.328553,0.013251,4.671714,4.5127e-06,0.048306,0.001408
1.2.2.纳米比亚,纳米比亚 次留,0.329016,0.359031,0.321839,0.367299,0.354271,0.342298,0.328638,0.342105,-0.030015,-8.360088,-2.6918e-06,-0.028814,-0.00084
1.2.2.纽埃岛,纽埃岛 次留,0.0,0.0,0.333333,0.6,1.0,0.0,0.0,,0.0,,0.0,0.0,0.0
1.2.2.缅甸,缅甸 次留,0.252149,0.240625,0.229462,0.261364,0.268229,0.252358,0.225888,0.239394,0.011524,4.789194,7.285e-07,0.007798,0.000227
1.2.2.罗马尼亚,罗马尼亚 次留,0.355181,0.351218,0.351837,0.354698,0.351013,0.343472,0.332045,0.356596,0.003963,1.128335,1.01841e-05,0.109014,0.003178
1.2.2.美国,美国 次留,0.307574,0.300912,0.321131,0.30221,0.312334,0.309584,0.303874,0.307786,0.006662,2.214007,0.0009350495,10.009094,0.291742
1.2.2.美属维尔京群岛,美属维尔京群岛 次留,0.40678,0.39521,0.456044,0.453125,0.425,0.457831,0.405229,0.324503,0.01157,2.927581,3.817e-07,0.004086,0.000119
1.2.2.美属萨摩亚,美属萨摩亚 次留,0.666667,,0.333333,0.0,0.0,,0.25,0.333333,,,,,
1.2.2.老挝,老挝 次留,0.243902,0.245283,0.21875,0.26087,0.352941,0.326531,0.321429,0.177778,-0.001381,-0.562852,-1.45e-08,-0.000155,-5e-06
1.2.2.肯尼亚,肯尼亚 次留,0.369742,0.362082,0.355777,0.338028,0.377795,0.363997,0.340642,0.343295,0.00766,2.11552,2.0352e-06,0.021785,0.000635
1.2.2.芬兰,芬兰 次留,0.330279,0.322871,0.32896,0.325792,0.331802,0.323247,0.323343,0.318493,0.007408,2.294322,1.51064e-05,0.161704,0.004713
1.2.2.苏丹,苏丹 次留,0.319149,0.315789,0.319149,0.326923,0.3,0.304348,0.403846,0.339286,0.003359,1.06383,2.52e-08,0.00027,8e-06
1.2.2.苏里南,苏里南 次留,0.320652,0.165468,0.306748,0.361446,0.319149,0.270833,0.348387,0.288591,0.155185,93.785444,4.261e-06,0.045612,0.001329
1.2.2.英国,英国 次留,0.33486,0.335223,0.328428,0.332605,0.334567,0.331471,0.317653,0.337711,-0.000362,-0.10809,-1.77481e-05,-0.189982,-0.005538
1.2.2.英属印度洋领地,英属印度洋领地 次留,,0.0,0.0,0.5,0.0,,,0.0,,,,,
1.2.2.英属维尔京群岛,英属维尔京群岛 次留,0.426667,0.326923,0.244898,0.329114,0.393258,0.382979,0.296296,0.305556,0.099744,30.509804,1.0246e-06,0.010967,0.00032
1.2.2.荷兰,荷兰 次留,0.329996,0.320966,0.316881,0.318861,0.318569,0.322217,0.31619,0.311769,0.009031,2.813541,9.86073e-05,1.055526,0.030766
1.2.2.荷兰加勒比,荷兰加勒比 次留,0.354839,0.478261,0.405405,0.28125,0.371429,0.333333,0.222222,0.487179,-0.123422,-25.806452,-5.608e-07,-0.006003,-0.000175
1.2.2.荷属圣马丁,荷属圣马丁 次留,0.540373,0.48366,0.598765,0.574803,0.440299,0.536765,0.585366,0.550725,0.056713,11.725701,1.7141e-06,0.018348,0.000535
1.2.2.荷属安的列斯,荷属安的列斯 次留,0.0,0.0,,0.0,0.625,1.0,,,0.0,,0.0,0.0,0.0
1.2.2.莫桑比克,莫桑比克 次留,0.374443,0.350329,0.404494,0.345277,0.359347,0.321942,0.324607,0.368098,0.024114,6.883201,2.8962e-06,0.031002,0.000904
1.2.2.莱索托,莱索托 次留,0.346154,0.45098,0.375,0.268293,0.393939,0.283019,0.438596,0.326531,-0.104827,-23.244147,-1.0561e-06,-0.011305,-0.00033
1.2.2.菲律宾,菲律宾 次留,0.338464,0.326181,0.332289,0.334152,0.343371,0.339603,0.336019,0.338669,0.012284,3.765877,4.99809e-05,0.535012,0.015594
1.2.2.萨尔瓦多,萨尔瓦多 次留,0.380256,0.362714,0.369464,0.390791,0.375571,0.347222,0.367128,0.359665,0.017542,4.836297,5.4647e-06,0.058496,0.001705
1.2.2.萨摩亚,萨摩亚 次留,0.588235,0.451613,0.25,0.461538,0.333333,0.411765,0.466667,0.588235,0.136622,30.252101,8.366e-07,0.008956,0.000261
1.2.2.葡萄牙,葡萄牙 次留,0.344918,0.339177,0.344293,0.336058,0.347626,0.351116,0.338996,0.342993,0.005741,1.69271,3.94612e-05,0.422406,0.012312
1.2.2.蒙古,蒙古 次留,0.320513,0.289216,0.277259,0.2397,0.274247,0.259516,0.243346,0.22069,0.031297,10.821382,2.5224e-06,0.027001,0.000787
1.2.2.蒙塞拉特岛,蒙塞拉特岛 次留,,,,,,0.0,,,,,,,
1.2.2.西班牙,西班牙 次留,0.395462,0.39304,0.390121,0.383931,0.387722,0.390782,0.381991,0.387057,0.002422,0.616235,2.35373e-05,0.251952,0.007344
1.2.2.贝宁,贝宁 次留,0.254545,0.251101,0.265172,0.280285,0.241918,0.248804,0.29089,0.284468,0.003444,1.371611,4.633e-07,0.004959,0.000145
1.2.2.赞比亚,赞比亚 次留,0.288104,0.308429,0.362191,0.31391,0.333333,0.34854,0.297535,0.317241,-0.020325,-6.589854,-2.0958e-06,-0.022434,-0.000654
1.2.2.赤道几内亚,赤道几内亚 次留,0.277778,0.259259,0.347826,0.178571,0.46875,0.324324,0.605263,0.307692,0.018519,7.142857,9.88e-08,0.001057,3.1e-05
1.2.2.越南,越南 次留,0.344928,0.34396,0.341176,0.355134,0.376463,0.365588,0.354942,0.347102,0.000968,0.281372,5.698e-07,0.0061,0.000178
1.2.2.阿塞拜疆,阿塞拜疆 次留,0.317704,0.313765,0.291756,0.301025,0.300934,0.299915,0.284599,0.313008,0.003939,1.255475,1.9219e-06,0.020573,0.0006
1.2.2.阿富汗,阿富汗 次留,0.196078,0.173203,0.235484,0.21875,0.234043,0.22314,0.277108,0.278626,0.022876,13.207547,1.3827e-06,0.014801,0.000431
1.2.2.阿尔及利亚,阿尔及利亚 次留,0.203125,0.207865,0.22039,0.220264,0.228442,0.244275,0.217778,0.247487,-0.00474,-2.280405,-6.667e-07,-0.007136,-0.000208
1.2.2.阿尔巴尼亚,阿尔巴尼亚 次留,0.350895,0.358757,0.337301,0.341736,0.330892,0.334129,0.326488,0.317812,-0.007862,-2.19154,-1.20952e-05,-0.129471,-0.003774
1.2.2.阿曼,阿曼 次留,0.338425,0.322542,0.337558,0.375697,0.354305,0.345898,0.348178,0.430946,0.015883,4.924449,2.6167e-06,0.02801,0.000816
1.2.2.阿根廷,阿根廷 次留,0.368427,0.373893,0.354189,0.355129,0.366013,0.358596,0.36149,0.356095,-0.005466,-1.462021,-2.06048e-05,-0.220561,-0.006429
1.2.2.阿联酋,阿联酋 次留,0.361734,0.354334,0.353609,0.355102,0.352647,0.365435,0.343912,0.388723,0.0074,2.088459,1.27146e-05,0.136102,0.003967
1.2.2.阿鲁巴,阿鲁巴 次留,0.491651,0.480226,0.501845,0.528958,0.454756,0.519588,0.519427,0.477823,0.011425,2.379133,1.1984e-06,0.012828,0.000374
1.2.2.韩国,韩国 次留,0.313985,0.32161,0.337049,0.331563,0.344325,0.322049,0.30149,0.293876,-0.007625,-2.370878,-3.255e-06,-0.034842,-0.001016
1.2.2.香港,香港 次留,0.366415,0.370918,0.365926,0.367555,0.368576,0.375029,0.371872,0.400575,-0.004503,-1.214133,-4.9306e-06,-0.052779,-0.001538
1.2.2.马尔代夫,马尔代夫 次留,0.459459,0.496226,0.4946,0.515873,0.502655,0.512281,0.478747,0.515679,-0.036767,-7.40931,-3.8493e-06,-0.041205,-0.001201
1.2.2.马恩岛,马恩岛 次留,0.364078,0.393365,0.346939,0.387755,0.331429,0.295775,0.380531,0.373913,-0.029287,-7.445315,-1.2207e-06,-0.013067,-0.000381
1.2.2.马拉维,马拉维 次留,0.389163,0.356098,0.363636,0.327354,0.297297,0.394619,0.326531,0.421875,0.033065,9.285377,1.339e-06,0.014333,0.000418
1.2.2.马提尼克岛,马提尼克岛 次留,0.307692,0.444444,0.23913,0.472222,0.478261,0.2,0.428571,0.422222,-0.136752,-30.769231,-1.2156e-06,-0.013012,-0.000379
1.2.2.马来西亚,马来西亚 次留,0.338077,0.342743,0.335057,0.332136,0.330259,0.318527,0.34923,0.360825,-0.004666,-1.361319,-3.2325e-06,-0.034601,-0.001009
1.2.2.马约特,马约特 次留,0.5,0.5,0.0,0.0,0.0,0.75,,,0.0,0.0,0.0,0.0,0.0
1.2.2.马绍尔群岛,马绍尔群岛 次留,0.0,0.0,0.666667,0.0,0.0,0.0,0.0,0.0,0.0,,0.0,0.0,0.0
1.2.2.马耳他,马耳他 次留,0.445042,0.441267,0.428426,0.455544,0.442953,0.456757,0.446388,0.413683,0.003775,0.855475,1.4601e-06,0.015629,0.000456
1.2.2.马达加斯加,马达加斯加 次留,0.3125,0.313131,0.288043,0.325843,0.278689,0.334975,0.248588,0.318919,-0.000631,-0.201613,-2.47e-08,-0.000264,-8e-06
1.2.2.马里,马里 次留,0.342581,0.329098,0.302552,0.291771,0.297727,0.32268,0.382157,0.49208,0.013484,4.097135,2.0961e-06,0.022438,0.000654
1.2.2.黎巴嫩,黎巴嫩 次留,0.344244,0.336965,0.335225,0.32177,0.341382,0.336502,0.324489,0.335816,0.00728,2.160381,7.6553e-06,0.081945,0.002389
1.2.2.黑山,黑山 次留,0.419218,0.404155,0.404907,0.385856,0.378435,0.384913,0.362272,0.367624,0.015063,3.726961,1.64696e-05,0.176296,0.005139
2,整体 活跃UV,713123.285714,723184.142857,741351.714286,730721.571429,723297.0,740301.428571,718559.285714,732984.0,-10060.857143,-1.391189,0.0,0.0,0.0
2.1,新用户 活跃UV,34350.0,40447.857143,49009.285714,42443.714286,42277.428571,44210.285714,45928.142857,47333.857143,-6097.857143,-15.075847,0.0012682464,13.575748,0.395701
2.2,老用户 活跃UV,678773.285714,682736.285714,692342.428571,688277.857143,681019.571429,696091.142857,672631.142857,685650.142857,-3963.0,-0.580458,0.0001403574,1.502434,0.043792
2.2.1,Android 活跃UV,167276.571429,169196.285714,171832.714286,171821.714286,168753.571429,173268.0,168343.857143,171914.571429,-1919.714286,-1.134608,1.7502e-06,0.018735,0.000546
2.2.1.unknow,unknow 活跃UV,23.0,23.428571,21.428571,21.857143,23.0,27.571429,19.142857,24.857143,-0.428571,-1.829268,-4e-10,-4e-06,-0.0
2.2.1.不丹,不丹 活跃UV,2.571429,2.6,1.833333,1.714286,2.333333,2.142857,2.166667,3.5,-0.028571,-1.098901,-1.6e-09,-1.8e-05,-1e-06
2.2.1.东帝汶,东帝汶 活跃UV,4.428571,3.0,3.857143,3.857143,3.714286,4.142857,3.428571,3.833333,1.428571,47.619048,4.699e-07,0.00503,0.000147
2.2.1.中国,中国 活跃UV,177.714286,193.857143,201.571429,213.142857,198.857143,184.714286,178.428571,177.142857,-16.142857,-8.327192,-1.0808e-06,-0.011569,-0.000337
2.2.1.中非,中非 活跃UV,3.4,2.2,1.333333,2.333333,1.5,1.666667,2.0,2.25,1.2,54.545455,-4.55e-08,-0.000487,-1.4e-05
2.2.1.丹麦,丹麦 活跃UV,85.571429,83.285714,76.571429,80.857143,74.0,70.714286,80.714286,79.428571,2.285714,2.744425,2.905e-07,0.003109,9.1e-05
2.2.1.乌克兰,乌克兰 活跃UV,1233.285714,1154.571429,1207.428571,1232.142857,1163.857143,1159.428571,1170.857143,1247.857143,78.714286,6.817619,6.1148e-06,0.065454,0.001908
2.2.1.乌兹别克斯坦,乌兹别克斯坦 活跃UV,96.571429,98.428571,95.714286,83.571429,82.142857,84.0,85.571429,91.857143,-1.857143,-1.886792,5.33e-08,0.00057,1.7e-05
2.2.1.乌干达,乌干达 活跃UV,97.571429,95.285714,94.428571,101.0,100.714286,108.857143,103.285714,109.857143,2.285714,2.398801,-2.587e-07,-0.00277,-8.1e-05
2.2.1.乌拉圭,乌拉圭 活跃UV,121.0,104.428571,103.0,103.857143,110.285714,107.0,108.428571,110.285714,16.571429,15.868673,1.6276e-06,0.017423,0.000508
2.2.1.乍得,乍得 活跃UV,7.285714,5.857143,5.142857,5.285714,6.857143,6.857143,6.714286,6.571429,1.428571,24.390244,-4.71e-07,-0.005042,-0.000147
2.2.1.也门,也门 活跃UV,47.857143,45.285714,42.571429,42.571429,43.428571,45.714286,46.428571,54.285714,2.571429,5.678233,-3.131e-07,-0.003352,-9.8e-05
2.2.1.亚美尼亚,亚美尼亚 活跃UV,101.857143,110.571429,111.285714,119.142857,105.571429,82.285714,90.714286,98.285714,-8.714286,-7.881137,1.625e-07,0.001739,5.1e-05
2.2.1.以色列,以色列 活跃UV,230.428571,222.0,151.428571,131.571429,122.714286,135.714286,133.142857,135.142857,8.428571,3.796654,9.516e-07,0.010187,0.000297
2.2.1.伊拉克,伊拉克 活跃UV,283.142857,282.714286,276.714286,288.142857,271.571429,290.285714,290.857143,352.714286,0.428571,0.151592,-4.481e-07,-0.004797,-0.00014
2.2.1.伊朗,伊朗 活跃UV,3885.428571,4576.714286,4211.428571,2753.0,2804.428571,2902.0,2897.857143,2332.142857,-691.285714,-15.104411,9.42853e-05,1.009262,0.029418
2.2.1.伯利兹,伯利兹 活跃UV,15.0,12.142857,13.0,14.857143,16.142857,14.571429,14.428571,14.857143,2.857143,23.529412,7.011e-07,0.007505,0.000219
2.2.1.佛得角,佛得角 活跃UV,9.285714,8.571429,9.857143,11.571429,10.571429,8.142857,11.142857,10.0,0.714286,8.333333,1.469e-07,0.001572,4.6e-05
2.2.1.俄罗斯,俄罗斯 活跃UV,7649.714286,7530.285714,7639.714286,7649.0,7458.142857,7814.285714,7573.0,7859.142857,119.428571,1.585977,1.2933e-06,0.013844,0.000404
2.2.1.保加利亚,保加利亚 活跃UV,236.571429,240.0,249.428571,237.285714,214.857143,217.571429,217.857143,233.0,-3.428571,-1.428571,-6.1e-09,-6.5e-05,-2e-06
2.2.1.克罗地亚,克罗地亚 活跃UV,447.571429,441.142857,444.714286,453.142857,423.571429,399.857143,399.714286,411.857143,6.428571,1.457254,1.248e-06,0.013359,0.000389
2.2.1.关岛,关岛 活跃UV,3.142857,2.285714,3.571429,4.857143,3.428571,2.285714,3.571429,4.142857,0.857143,37.5,-2.862e-07,-0.003063,-8.9e-05
2.2.1.冈比亚,冈比亚 活跃UV,59.0,62.857143,69.142857,80.285714,72.571429,67.0,92.428571,114.714286,-3.857143,-6.136364,4.493e-07,0.004809,0.00014
2.2.1.冰岛,冰岛 活跃UV,11.142857,10.142857,14.428571,16.714286,16.857143,14.285714,13.0,16.0,1.0,9.859155,6.16e-08,0.000659,1.9e-05
2.2.1.几内亚,几内亚 活跃UV,16.285714,12.0,15.428571,15.571429,16.142857,17.428571,15.571429,21.142857,4.285714,35.714286,-3.58e-07,-0.003832,-0.000112
2.2.1.几内亚比绍,几内亚比绍 活跃UV,4.0,4.0,5.0,2.666667,4.5,2.714286,3.166667,3.857143,0.0,0.0,-2.7e-09,-2.9e-05,-1e-06
2.2.1.列支敦士登,列支敦士登 活跃UV,1.0,2.0,0.0,0.0,0.0,1.0,1.5,1.666667,-1.0,-50.0,4.369e-07,0.004677,0.000136
2.2.1.刚果共和国,刚果共和国 活跃UV,12.428571,13.142857,12.857143,11.857143,12.0,13.0,11.142857,11.714286,-0.714286,-5.434783,1.61e-08,0.000173,5e-06
2.2.1.刚果民主共和国,刚果民主共和国 活跃UV,101.0,96.857143,99.571429,97.0,93.428571,99.857143,106.714286,101.857143,4.142857,4.277286,-4.311e-07,-0.004615,-0.000135
2.2.1.利比亚,利比亚 活跃UV,52.428571,49.428571,55.571429,55.0,54.571429,53.428571,56.0,64.857143,3.0,6.069364,-5.724e-07,-0.006127,-0.000179
2.2.1.利比里亚,利比里亚 活跃UV,175.714286,191.857143,203.0,194.714286,200.571429,194.428571,215.285714,220.571429,-16.142857,-8.413999,3.1061e-06,0.033248,0.000969
2.2.1.加拿大,加拿大 活跃UV,1592.0,1608.714286,1700.142857,1650.714286,1583.285714,1625.714286,1556.571429,1528.285714,-16.714286,-1.038984,3.333e-07,0.003567,0.000104
2.2.1.加纳,加纳 活跃UV,172.571429,173.857143,177.428571,179.428571,186.571429,178.0,177.428571,193.428571,-1.285714,-0.739523,-1.12e-07,-0.001199,-3.5e-05
2.2.1.加蓬,加蓬 活跃UV,5.142857,5.857143,4.571429,4.428571,4.571429,4.857143,4.571429,5.285714,-0.714286,-12.195122,8.72e-08,0.000933,2.7e-05
2.2.1.匈牙利,匈牙利 活跃UV,220.285714,213.0,210.142857,210.857143,208.285714,219.857143,208.142857,227.285714,7.285714,3.420523,6.599e-07,0.007064,0.000206
2.2.1.北马其顿,北马其顿 活跃UV,121.285714,121.571429,111.142857,120.714286,121.714286,128.714286,124.714286,145.571429,-0.285714,-0.235018,4.16e-08,0.000445,1.3e-05
2.2.1.北马里亚纳群岛,北马里亚纳群岛 活跃UV,0.0,0.0,0.0,0.0,0.0,0.0,1.0,1.0,0.0,,,,
2.2.1.南极洲,南极洲 活跃UV,1.0,1.0,1.0,0.0,0.0,0.0,0.0,1.0,0.0,0.0,1.33e-08,0.000142,4e-06
2.2.1.南苏丹,南苏丹 活跃UV,437.142857,512.285714,434.428571,425.571429,419.428571,407.857143,427.428571,431.142857,-75.142857,-14.668154,1.24273e-05,0.133026,0.003877
2.2.1.南非,南非 活跃UV,851.0,876.0,841.714286,815.285714,856.285714,784.285714,838.0,877.0,-25.0,-2.853881,-6.208e-07,-0.006645,-0.000194
2.2.1.博茨瓦纳,博茨瓦纳 活跃UV,24.428571,25.714286,22.142857,22.571429,26.857143,25.0,28.571429,27.142857,-1.285714,-5.0,-5.48e-08,-0.000586,-1.7e-05
2.2.1.卡塔尔,卡塔尔 活跃UV,48.571429,47.142857,46.0,46.285714,51.0,50.428571,51.428571,76.857143,1.428571,3.030303,-8.57e-08,-0.000917,-2.7e-05
2.2.1.卢旺达,卢旺达 活跃UV,57.142857,61.857143,54.857143,51.0,57.428571,53.571429,50.428571,55.857143,-4.714286,-7.621247,4.35e-07,0.004656,0.000136
2.2.1.卢森堡,卢森堡 活跃UV,18.142857,20.428571,17.714286,19.285714,19.0,20.142857,18.571429,22.142857,-2.285714,-11.188811,-3.381e-07,-0.003619,-0.000105
2.2.1.印度,印度 活跃UV,2123.285714,2137.571429,2204.285714,2190.285714,2234.714286,2230.285714,2290.0,2502.428571,-14.285714,-0.668315,-7.529e-07,-0.00806,-0.000235
2.2.1.印度尼西亚,印度尼西亚 活跃UV,879.285714,905.857143,898.857143,883.0,885.714286,897.571429,925.571429,913.142857,-26.571429,-2.933291,-2.0348e-06,-0.021782,-0.000635
2.2.1.危地马拉,危地马拉 活跃UV,303.142857,300.142857,318.571429,324.285714,316.714286,314.285714,306.428571,310.142857,3.0,0.999524,2.651e-07,0.002838,8.3e-05
2.2.1.厄瓜多尔,厄瓜多尔 活跃UV,770.857143,759.0,760.142857,801.428571,837.428571,787.0,807.285714,800.285714,11.857143,1.562206,6.619e-07,0.007085,0.000207
2.2.1.厄立特里亚,厄立特里亚 活跃UV,0.0,0.0,0.0,0.0,0.0,0.0,0.0,0.0,0.0,,,,
2.2.1.叙利亚,叙利亚 活跃UV,303.428571,293.142857,307.428571,307.142857,287.142857,304.428571,314.714286,359.571429,10.285714,3.508772,-5.759e-07,-0.006164,-0.00018
2.2.1.古巴,古巴 活跃UV,39.428571,29.428571,36.428571,38.0,36.857143,34.0,40.0,38.714286,10.0,33.980583,-2.1396e-06,-0.022903,-0.000668
2.2.1.台湾,台湾 活跃UV,70.714286,67.857143,62.0,67.571429,62.857143,68.142857,59.571429,58.285714,2.857143,4.210526,3.592e-07,0.003845,0.000112
2.2.1.吉尔吉斯斯坦,吉尔吉斯斯坦 活跃UV,47.428571,49.857143,43.714286,42.714286,46.857143,45.571429,53.285714,59.857143,-2.428571,-4.87106,-1.9e-08,-0.000204,-6e-06
2.2.1.吉布提,吉布提 活跃UV,1.5,2.8,2.0,1.0,1.5,2.0,2.0,3.166667,-1.3,-46.428571,5.667e-07,0.006067,0.000177
2.2.1.哈萨克斯坦,哈萨克斯坦 活跃UV,336.142857,338.142857,318.857143,323.857143,319.571429,303.0,306.571429,342.571429,-2.0,-0.591466,1.384e-07,0.001482,4.3e-05
2.2.1.哥伦比亚,哥伦比亚 活跃UV,2435.142857,2419.571429,2547.0,2529.285714,2618.142857,2421.571429,2303.714286,2431.142857,15.571429,0.643561,1.5993e-06,0.01712,0.000499
2.2.1.哥斯达黎加,哥斯达黎加 活跃UV,201.0,206.142857,199.428571,207.142857,202.142857,196.714286,201.0,198.0,-5.142857,-2.494802,-2.042e-07,-0.002186,-6.4e-05
2.2.1.喀麦隆,喀麦隆 活跃UV,46.571429,43.857143,41.285714,41.857143,43.0,50.142857,44.142857,50.285714,2.714286,6.188925,-2.643e-07,-0.002829,-8.2e-05
2.2.1.图瓦卢,图瓦卢 活跃UV,0.0,0.0,0.0,0.0,0.0,0.0,0.0,0.0,0.0,,,,
2.2.1.土库曼斯坦,土库曼斯坦 活跃UV,9.857143,5.571429,7.857143,6.571429,6.571429,15.142857,19.0,10.571429,4.285714,76.923077,7.86e-08,0.000841,2.5e-05
2.2.1.土耳其,土耳其 活跃UV,3892.285714,3840.285714,3754.142857,3633.428571,3482.428571,3560.857143,3512.714286,3824.142857,52.0,1.354066,-4.5911e-06,-0.049144,-0.001432
2.2.1.圣卢西亚,圣卢西亚 活跃UV,12.0,13.285714,14.0,9.428571,10.714286,13.0,10.142857,13.142857,-1.285714,-9.677419,-3.82e-08,-0.000409,-1.2e-05
2.2.1.圣基茨和尼维斯,圣基茨和尼维斯 活跃UV,1.4,4.285714,3.166667,2.571429,1.166667,1.833333,2.25,3.142857,-2.885714,-67.333333,1.378e-07,0.001475,4.3e-05
2.2.1.圣多美和普林西比,圣多美和普林西比 活跃UV,3.0,2.714286,3.857143,3.0,2.428571,2.571429,2.714286,4.0,0.285714,10.526316,2.002e-07,0.002143,6.2e-05
2.2.1.圣巴泰勒米岛,圣巴泰勒米岛 活跃UV,0.0,0.0,0.0,0.0,0.0,0.0,0.0,0.0,0.0,,,,
2.2.1.圣文森特和格林纳丁斯,圣文森特和格林纳丁斯 活跃UV,4.142857,5.285714,5.571429,3.714286,3.571429,3.666667,4.428571,4.714286,-1.142857,-21.621622,1.186e-07,0.00127,3.7e-05
2.2.1.圣皮埃尔和密克隆群岛,圣皮埃尔和密克隆群岛 活跃UV,0.0,0.0,0.0,1.0,0.0,0.0,0.0,0.0,0.0,,,,
2.2.1.圣马力诺,圣马力诺 活跃UV,1.333333,1.0,0.0,1.0,0.0,0.0,1.0,0.0,0.333333,33.333333,2.091e-07,0.002239,6.5e-05
2.2.1.圭亚那,圭亚那 活跃UV,25.857143,24.714286,29.285714,28.142857,29.0,26.571429,29.428571,30.0,1.142857,4.624277,-6.92e-08,-0.000741,-2.2e-05
2.2.1.坦桑尼亚,坦桑尼亚 活跃UV,137.428571,147.0,134.0,136.428571,141.142857,146.142857,163.285714,165.714286,-9.571429,-6.511176,8.043e-07,0.00861,0.000251
2.2.1.埃及,埃及 活跃UV,975.428571,933.857143,959.428571,974.571429,978.714286,992.428571,1065.571429,1314.0,41.571429,4.451583,-2.7042e-06,-0.028947,-0.000844
2.2.1.埃塞俄比亚,埃塞俄比亚 活跃UV,137.571429,134.142857,150.142857,145.714286,149.142857,148.857143,152.714286,164.428571,3.428571,2.555911,-8.915e-07,-0.009543,-0.000278
2.2.1.基里巴斯,基里巴斯 活跃UV,0.0,0.0,0.0,0.0,0.0,1.0,1.0,0.0,0.0,,,,
2.2.1.塔吉克斯坦,塔吉克斯坦 活跃UV,18.714286,23.0,20.428571,23.285714,19.0,20.0,18.571429,18.428571,-4.285714,-18.63354,4.663e-07,0.004991,0.000145
2.2.1.塞内加尔,塞内加尔 活跃UV,124.714286,114.714286,114.714286,126.428571,141.428571,153.857143,218.0,257.714286,10.0,8.71731,-1.6911e-06,-0.018102,-0.000528
2.2.1.塞尔维亚,塞尔维亚 活跃UV,972.571429,938.571429,934.0,954.0,984.571429,997.428571,990.0,1036.142857,34.0,3.622527,1.1058e-06,0.011837,0.000345
2.2.1.塞拉利昂,塞拉利昂 活跃UV,26.857143,30.428571,30.142857,29.857143,27.0,30.0,26.428571,32.857143,-3.571429,-11.737089,4.521e-07,0.004839,0.000141
2.2.1.塞浦路斯,塞浦路斯 活跃UV,107.571429,105.714286,110.857143,105.857143,98.714286,100.142857,103.714286,97.285714,1.857143,1.756757,3.45e-07,0.003693,0.000108
2.2.1.塞舌尔,塞舌尔 活跃UV,7.857143,9.142857,6.142857,5.857143,5.857143,8.857143,6.857143,7.714286,-1.285714,-14.0625,-3.359e-07,-0.003596,-0.000105
2.2.1.墨西哥,墨西哥 活跃UV,5914.857143,5911.142857,5819.571429,5836.285714,5629.0,5652.428571,5496.428571,5473.714286,3.714286,0.062835,2.0882e-06,0.022353,0.000652
2.2.1.多哥,多哥 活跃UV,20.714286,21.714286,19.142857,26.142857,23.142857,21.285714,25.285714,31.857143,-1.0,-4.605263,1.112e-07,0.00119,3.5e-05
2.2.1.多米尼克,多米尼克 活跃UV,2.285714,1.5,2.0,1.833333,1.6,1.0,1.5,1.8,0.785714,52.380952,2.03e-07,0.002173,6.3e-05
2.2.1.多米尼加,多米尼加 活跃UV,169.428571,159.285714,157.571429,165.428571,166.714286,163.285714,186.142857,172.428571,10.142857,6.367713,5.538e-07,0.005928,0.000173
2.2.1.奥兰群岛,奥兰群岛 活跃UV,1.666667,0.0,1.0,1.0,0.0,1.0,0.0,0.0,1.666667,,,,
2.2.1.奥地利,奥地利 活跃UV,225.571429,214.571429,219.142857,219.714286,220.857143,220.428571,216.571429,228.428571,11.0,5.126498,1.2785e-06,0.013686,0.000399
2.2.1.委内瑞拉,委内瑞拉 活跃UV,790.857143,758.428571,608.0,662.428571,845.0,846.0,815.0,857.142857,32.428571,4.275758,6.27e-08,0.000671,2e-05
2.2.1.孟加拉,孟加拉 活跃UV,3892.142857,3855.285714,4054.428571,4209.857143,4414.714286,4706.0,5412.714286,5851.285714,36.857143,0.956016,-1.549e-05,-0.16581,-0.004833
2.2.1.安哥拉,安哥拉 活跃UV,45.857143,46.857143,52.857143,47.142857,49.0,52.285714,51.142857,48.857143,-1.0,-2.134146,1.35e-08,0.000145,4e-06
2.2.1.安圭拉,安圭拉 活跃UV,1.333333,2.0,1.0,1.0,1.0,1.5,1.2,1.0,-0.666667,-33.333333,6.31e-08,0.000676,2e-05
2.2.1.安提瓜和巴布达,安提瓜和巴布达 活跃UV,12.714286,12.714286,15.428571,11.428571,11.857143,9.714286,11.714286,11.714286,0.0,0.0,2.64e-08,0.000283,8e-06
2.2.1.安道尔,安道尔 活跃UV,2.714286,2.0,3.5,4.142857,3.714286,2.285714,3.714286,5.0,0.714286,35.714286,4.99e-08,0.000534,1.6e-05
2.2.1.密克罗尼西亚联邦,密克罗尼西亚联邦 活跃UV,0.0,2.0,0.0,0.0,0.0,0.0,1.0,0.0,-2.0,-100.0,,,
2.2.1.尼加拉瓜,尼加拉瓜 活跃UV,120.142857,116.714286,118.285714,127.142857,108.571429,109.714286,118.571429,124.0,3.428571,2.937576,3.072e-07,0.003288,9.6e-05
2.2.1.尼日利亚,尼日利亚 活跃UV,1199.714286,1195.0,1223.571429,1194.571429,1214.857143,1219.714286,1294.285714,1419.428571,4.714286,0.394501,-9.78e-07,-0.010469,-0.000305
2.2.1.尼日尔,尼日尔 活跃UV,12.428571,13.428571,15.285714,12.714286,14.428571,14.428571,14.571429,20.428571,-1.0,-7.446809,1.689e-07,0.001807,5.3e-05
2.2.1.尼泊尔,尼泊尔 活跃UV,175.857143,175.714286,177.0,184.142857,175.285714,189.142857,183.428571,207.0,0.142857,0.081301,-5.439e-07,-0.005822,-0.00017
2.2.1.巴勒斯坦,巴勒斯坦 活跃UV,34.142857,32.0,32.428571,31.714286,33.714286,32.142857,37.571429,48.0,2.142857,6.696429,-2.976e-07,-0.003185,-9.3e-05
2.2.1.巴哈马,巴哈马 活跃UV,17.857143,18.571429,18.857143,19.428571,20.285714,16.571429,18.285714,16.571429,-0.714286,-3.846154,-7.13e-08,-0.000763,-2.2e-05
2.2.1.巴基斯坦,巴基斯坦 活跃UV,1963.285714,1910.714286,1891.142857,1951.714286,1966.428571,2011.0,2315.857143,2843.857143,52.571429,2.751402,-1.30074e-05,-0.139236,-0.004058
2.2.1.巴巴多斯,巴巴多斯 活跃UV,15.0,12.142857,13.0,8.714286,10.142857,11.0,10.571429,13.285714,2.857143,23.529412,-6.67e-08,-0.000715,-2.1e-05
2.2.1.巴布亚新几内亚,巴布亚新几内亚 活跃UV,16.714286,15.857143,17.571429,15.571429,15.285714,16.0,14.857143,15.714286,0.857143,5.405405,7.11e-08,0.000761,2.2e-05
2.2.1.巴拉圭,巴拉圭 活跃UV,192.0,182.428571,181.0,201.571429,202.142857,205.0,207.285714,201.0,9.571429,5.246672,9.256e-07,0.009908,0.000289
2.2.1.巴拿马,巴拿马 活跃UV,133.285714,127.285714,129.571429,142.142857,142.285714,125.857143,132.285714,133.428571,6.0,4.713805,3.385e-07,0.003623,0.000106
2.2.1.巴林,巴林 活跃UV,17.428571,14.857143,16.0,17.0,16.571429,15.0,17.714286,25.142857,2.571429,17.307692,-2.267e-07,-0.002427,-7.1e-05
2.2.1.巴西,巴西 活跃UV,77319.571429,78654.857143,81233.142857,82867.142857,80034.714286,84789.714286,78422.142857,77271.142857,-1335.285714,-1.697652,-9.779e-07,-0.010468,-0.000305
2.2.1.布基纳法索,布基纳法索 活跃UV,77.857143,76.285714,76.857143,80.857143,79.571429,82.714286,82.714286,96.142857,1.571429,2.059925,-3.364e-07,-0.003601,-0.000105
2.2.1.布隆迪,布隆迪 活跃UV,25.714286,30.142857,31.428571,27.571429,34.857143,33.0,31.428571,39.142857,-4.428571,-14.691943,8.961e-07,0.009592,0.00028
2.2.1.希腊,希腊 活跃UV,828.857143,811.0,773.714286,804.571429,761.714286,721.714286,740.714286,691.857143,17.857143,2.201867,3.701e-06,0.039617,0.001155
2.2.1.帕劳,帕劳 活跃UV,0.0,1.0,0.0,0.0,0.0,1.0,1.0,1.0,-1.0,-100.0,,,
2.2.1.库克群岛,库克群岛 活跃UV,1.0,1.8,1.0,1.0,1.25,1.2,1.0,1.25,-0.8,-44.444444,-7.384e-07,-0.007904,-0.00023
2.2.1.库拉索,库拉索 活跃UV,6.571429,5.857143,5.857143,7.857143,7.714286,7.714286,7.571429,9.857143,0.714286,12.195122,1.033e-07,0.001106,3.2e-05
2.2.1.开曼群岛,开曼群岛 活跃UV,2.571429,2.714286,3.0,4.166667,5.714286,4.857143,4.857143,4.857143,-0.142857,-5.263158,-1.83e-08,-0.000196,-6e-06
2.2.1.德国,德国 活跃UV,3349.142857,3555.857143,3373.857143,3026.142857,2941.714286,2886.428571,2982.714286,3123.285714,-206.714286,-5.813346,-4.5088e-06,-0.048264,-0.001407
2.2.1.意大利,意大利 活跃UV,1439.857143,1390.428571,1383.0,1417.857143,1414.428571,1428.0,1449.714286,1307.571429,49.428571,3.554916,6.0065e-06,0.064296,0.001874
2.2.1.所罗门群岛,所罗门群岛 活跃UV,2.428571,3.166667,3.142857,3.285714,2.857143,4.0,3.166667,3.857143,-0.738095,-23.308271,1.402e-07,0.0015,4.4e-05
2.2.1.拉脱维亚,拉脱维亚 活跃UV,167.714286,159.857143,167.714286,179.428571,159.428571,168.428571,158.571429,150.571429,7.857143,4.915103,1.0565e-06,0.011309,0.00033
2.2.1.挪威,挪威 活跃UV,163.714286,137.428571,134.142857,143.857143,160.285714,148.571429,149.0,137.285714,26.285714,19.126819,3.5096e-06,0.037568,0.001095
2.2.1.捷克,捷克 活跃UV,202.142857,207.0,189.857143,197.714286,182.857143,180.714286,199.285714,194.571429,-4.857143,-2.346446,-1.205e-07,-0.00129,-3.8e-05
2.2.1.摩尔多瓦,摩尔多瓦 活跃UV,104.857143,98.142857,101.571429,97.714286,89.142857,98.285714,98.142857,121.0,6.714286,6.841339,-6.55e-08,-0.000701,-2e-05
2.2.1.摩洛哥,摩洛哥 活跃UV,359.285714,357.428571,350.428571,370.428571,365.0,353.142857,376.285714,456.0,1.857143,0.519584,-1.296e-07,-0.001387,-4e-05
2.2.1.摩纳哥,摩纳哥 活跃UV,1.2,1.4,1.333333,2.0,2.5,2.6,1.5,1.5,-0.2,-14.285714,-3.3e-09,-3.5e-05,-1e-06
2.2.1.文莱,文莱 活跃UV,9.714286,8.0,10.571429,9.285714,7.857143,9.428571,11.0,11.285714,1.714286,21.428571,6.101e-07,0.006531,0.00019
2.2.1.斐济,斐济 活跃UV,15.285714,15.142857,11.142857,16.0,14.142857,14.142857,11.428571,12.428571,0.142857,0.943396,-2.45e-08,-0.000262,-8e-06
2.2.1.斯威士兰,斯威士兰 活跃UV,8.142857,7.142857,7.857143,6.285714,5.857143,4.571429,6.0,5.285714,1.0,14.0,1.98e-08,0.000212,6e-06
2.2.1.斯洛伐克,斯洛伐克 活跃UV,151.0,133.142857,144.857143,150.142857,132.714286,131.714286,129.142857,142.0,17.857143,13.412017,2.3334e-06,0.024978,0.000728
2.2.1.斯洛文尼亚,斯洛文尼亚 活跃UV,64.857143,63.714286,73.0,66.714286,65.142857,66.857143,61.285714,65.285714,1.142857,1.793722,9.71e-08,0.00104,3e-05
2.2.1.斯里兰卡,斯里兰卡 活跃UV,144.428571,141.285714,132.142857,143.571429,149.142857,142.0,156.0,166.571429,3.142857,2.224469,-4.465e-07,-0.00478,-0.000139
2.2.1.新加坡,新加坡 活跃UV,239.714286,253.714286,229.285714,246.714286,223.285714,222.142857,232.571429,242.428571,-14.0,-5.518018,-7.806e-07,-0.008356,-0.000244
2.2.1.新喀里多尼亚,新喀里多尼亚 活跃UV,1.0,1.666667,1.5,1.666667,1.5,1.666667,1.75,1.0,-0.666667,-40.0,2.892e-07,0.003096,9e-05
2.2.1.新西兰,新西兰 活跃UV,129.142857,124.857143,116.714286,115.714286,120.142857,127.142857,124.571429,129.857143,4.285714,3.432494,3.482e-07,0.003728,0.000109
2.2.1.日本,日本 活跃UV,131.142857,133.142857,128.428571,185.571429,199.0,154.857143,230.714286,227.285714,-2.0,-1.502146,-2.05e-08,-0.000219,-6e-06
2.2.1.智利,智利 活跃UV,652.0,650.0,659.0,660.714286,662.714286,637.142857,634.714286,667.714286,2.0,0.307692,9.034e-07,0.009671,0.000282
2.2.1.柬埔寨,柬埔寨 活跃UV,19.142857,24.0,22.428571,20.857143,26.0,24.285714,25.428571,24.571429,-4.857143,-20.238095,3.761e-07,0.004026,0.000117
2.2.1.根西岛,根西岛 活跃UV,1.2,1.0,1.666667,1.8,1.571429,1.428571,1.75,2.0,0.2,20.0,-4.61e-08,-0.000494,-1.4e-05
2.2.1.格林纳达,格林纳达 活跃UV,4.857143,5.428571,6.0,7.571429,6.142857,4.714286,5.0,6.428571,-0.571429,-10.526316,1.002e-07,0.001072,3.1e-05
2.2.1.格陵兰,格陵兰 活跃UV,1.5,1.0,2.333333,1.0,1.0,1.0,0.0,1.0,0.5,50.0,9.3e-09,9.9e-05,3e-06
2.2.1.格鲁吉亚,格鲁吉亚 活跃UV,210.0,190.428571,193.857143,193.285714,201.285714,194.714286,197.428571,179.142857,19.571429,10.277569,1.3964e-06,0.014947,0.000436
2.2.1.梵蒂冈,梵蒂冈 活跃UV,1.0,0.0,0.0,0.0,0.0,1.0,0.0,0.0,1.0,,,,
2.2.1.比利时,比利时 活跃UV,220.714286,223.428571,218.571429,203.857143,199.857143,198.714286,197.285714,230.714286,-2.714286,-1.214834,4.79e-08,0.000512,1.5e-05
2.2.1.毛里塔尼亚,毛里塔尼亚 活跃UV,8.714286,10.285714,8.571429,11.714286,9.428571,10.428571,10.571429,13.428571,-1.571429,-15.277778,1.81e-08,0.000193,6e-06
2.2.1.毛里求斯,毛里求斯 活跃UV,38.285714,39.285714,36.285714,40.857143,37.285714,40.142857,33.714286,41.857143,-1.0,-2.545455,-5e-09,-5.4e-05,-2e-06
2.2.1.汤加,汤加 活跃UV,1.5,2.0,1.0,1.5,0.0,0.0,1.0,1.0,-0.5,-25.0,-8.5e-09,-9.1e-05,-3e-06
2.2.1.沙特阿拉伯,沙特阿拉伯 活跃UV,249.285714,243.571429,253.142857,264.714286,268.0,282.857143,304.714286,438.571429,5.714286,2.346041,-1.282e-06,-0.013723,-0.0004
2.2.1.法国,法国 活跃UV,1047.714286,1073.571429,1006.571429,995.285714,1015.714286,1031.428571,1057.857143,1131.857143,-25.857143,-2.408516,-7.048e-07,-0.007545,-0.00022
2.2.1.法属圣马丁,法属圣马丁 活跃UV,1.0,1.0,1.0,1.5,2.0,1.5,1.0,1.25,0.0,0.0,-6.3e-09,-6.7e-05,-2e-06
2.2.1.法属圭亚那,法属圭亚那 活跃UV,1.666667,2.0,2.428571,2.0,2.333333,1.833333,2.0,2.142857,-0.333333,-16.666667,8.8e-09,9.4e-05,3e-06
2.2.1.法属波利尼西亚,法属波利尼西亚 活跃UV,3.166667,3.6,3.428571,2.714286,3.2,1.857143,3.0,2.571429,-0.433333,-12.037037,-5.4e-08,-0.000579,-1.7e-05
2.2.1.法罗群岛,法罗群岛 活跃UV,1.166667,1.166667,1.666667,1.0,1.0,1.0,1.0,1.333333,0.0,0.0,9e-09,9.6e-05,3e-06
2.2.1.波兰,波兰 活跃UV,790.857143,752.428571,765.142857,776.571429,741.0,695.142857,784.428571,793.714286,38.428571,5.107272,3.8612e-06,0.041332,0.001205
2.2.1.波多黎各,波多黎各 活跃UV,91.142857,89.571429,89.571429,87.285714,93.285714,86.571429,89.0,95.857143,1.571429,1.754386,4.677e-07,0.005007,0.000146
2.2.1.波黑,波黑 活跃UV,444.857143,419.857143,423.714286,444.0,445.857143,466.428571,456.142857,537.285714,25.0,5.954406,2.22e-07,0.002377,6.9e-05
2.2.1.泰国,泰国 活跃UV,173.0,165.571429,169.285714,154.857143,159.428571,158.285714,162.857143,172.428571,7.428571,4.486626,2.061e-06,0.022061,0.000643
2.2.1.泽西岛,泽西岛 活跃UV,3.0,2.857143,3.0,3.714286,2.666667,2.833333,1.857143,4.142857,0.142857,5.0,1.008e-07,0.001079,3.1e-05
2.2.1.津巴布韦,津巴布韦 活跃UV,35.0,39.142857,39.0,41.0,42.0,37.714286,39.571429,48.857143,-4.142857,-10.583942,1.07e-08,0.000115,3e-06
2.2.1.洪都拉斯,洪都拉斯 活跃UV,220.428571,209.571429,216.0,211.428571,217.857143,216.714286,213.142857,211.285714,10.857143,5.180641,1.0199e-06,0.010917,0.000318
2.2.1.海地,海地 活跃UV,186.285714,209.142857,209.0,215.857143,216.857143,209.428571,236.0,229.428571,-22.857143,-10.928962,1.9289e-06,0.020648,0.000602
2.2.1.澳大利亚,澳大利亚 活跃UV,974.857143,1019.571429,977.285714,944.142857,954.285714,978.571429,1002.714286,1029.571429,-44.714286,-4.385596,-4.138e-07,-0.00443,-0.000129
2.2.1.澳门,澳门 活跃UV,1.5,1.5,1.0,1.142857,2.5,2.0,2.142857,2.142857,0.0,0.0,4e-10,4e-06,0.0
2.2.1.爱尔兰,爱尔兰 活跃UV,331.142857,337.285714,298.285714,351.571429,300.857143,280.571429,298.285714,314.857143,-6.142857,-1.821262,-1.449e-07,-0.001551,-4.5e-05
2.2.1.爱沙尼亚,爱沙尼亚 活跃UV,118.857143,94.285714,100.428571,103.571429,93.428571,94.714286,96.0,87.428571,24.571429,26.060606,3.5925e-06,0.038455,0.001121
2.2.1.牙买加,牙买加 活跃UV,63.428571,67.714286,76.0,74.428571,72.571429,72.428571,63.428571,72.0,-4.285714,-6.329114,-1.764e-07,-0.001888,-5.5e-05
2.2.1.特克斯和凯科斯群岛,特克斯和凯科斯群岛 活跃UV,3.0,3.285714,1.833333,3.333333,2.666667,1.5,3.0,2.166667,-0.285714,-8.695652,-3.64e-08,-0.000389,-1.1e-05
2.2.1.特立尼达和多巴哥,特立尼达和多巴哥 活跃UV,85.285714,87.428571,92.714286,95.714286,95.142857,82.857143,89.285714,97.285714,-2.142857,-2.45098,-6.02e-08,-0.000645,-1.9e-05
2.2.1.玻利维亚,玻利维亚 活跃UV,387.428571,372.285714,387.428571,381.142857,359.0,381.428571,389.857143,457.428571,15.142857,4.067536,-1.1472e-06,-0.01228,-0.000358
2.2.1.瑙鲁,瑙鲁 活跃UV,0.0,0.0,0.0,1.0,1.0,0.0,1.0,1.0,0.0,,,,
2.2.1.瑞典,瑞典 活跃UV,366.285714,353.714286,359.285714,357.714286,368.714286,334.857143,320.857143,308.285714,12.571429,3.55412,1.8202e-06,0.019484,0.000568
2.2.1.瑞士,瑞士 活跃UV,244.571429,250.0,255.285714,248.428571,235.571429,234.285714,219.714286,245.571429,-5.428571,-2.171429,-2.29e-07,-0.002451,-7.1e-05
2.2.1.瓜德罗普,瓜德罗普 活跃UV,1.5,2.5,2.285714,3.428571,2.285714,2.5,1.6,2.285714,-1.0,-40.0,-1.678e-07,-0.001796,-5.2e-05
2.2.1.瓦利斯和富图纳群岛,瓦利斯和富图纳群岛 活跃UV,0.0,1.0,0.0,0.0,0.0,0.0,0.0,0.0,-1.0,-100.0,,,
2.2.1.瓦努阿图,瓦努阿图 活跃UV,1.571429,1.666667,1.75,1.4,1.2,1.166667,1.2,1.333333,-0.095238,-5.714286,4.8e-09,5.2e-05,2e-06
2.2.1.留尼汪岛,留尼汪岛 活跃UV,8.714286,6.285714,4.833333,7.0,5.714286,4.428571,5.142857,5.857143,2.428571,38.636364,8.936e-07,0.009565,0.000279
2.2.1.白俄罗斯,白俄罗斯 活跃UV,676.0,610.285714,693.571429,679.571429,634.142857,649.571429,625.571429,625.0,65.714286,10.76779,2.2304e-06,0.023875,0.000696
2.2.1.百慕大,百慕大 活跃UV,4.285714,3.714286,4.714286,5.285714,4.714286,4.142857,3.285714,3.428571,0.571429,15.384615,2.151e-07,0.002302,6.7e-05
2.2.1.直布罗陀,直布罗陀 活跃UV,2.571429,3.571429,3.571429,3.285714,2.857143,2.571429,2.666667,4.0,-1.0,-28.0,-2.392e-07,-0.002561,-7.5e-05
2.2.1.福克兰群岛,福克兰群岛 活跃UV,3.0,0.0,0.0,0.0,1.0,1.0,1.0,1.0,3.0,,,,
2.2.1.科威特,科威特 活跃UV,31.0,33.428571,31.714286,30.0,34.571429,34.857143,32.857143,48.142857,-2.428571,-7.264957,1.465e-07,0.001568,4.6e-05
2.2.1.科摩罗,科摩罗 活跃UV,7.0,8.714286,7.285714,7.0,6.571429,8.0,7.285714,11.714286,-1.714286,-19.672131,4.424e-07,0.004736,0.000138
2.2.1.科特迪瓦,科特迪瓦 活跃UV,64.857143,54.857143,59.714286,55.714286,68.0,62.714286,54.714286,64.142857,10.0,18.229167,-1.6125e-06,-0.01726,-0.000503
2.2.1.科索沃,科索沃 活跃UV,17.857143,12.0,12.428571,14.0,11.285714,13.428571,14.714286,16.428571,5.857143,48.809524,4.013e-07,0.004296,0.000125
2.2.1.秘鲁,秘鲁 活跃UV,1385.571429,1388.714286,1456.0,1465.857143,1442.0,1383.571429,1428.571429,1497.285714,-3.142857,-0.226314,3.872e-07,0.004145,0.000121
2.2.1.突尼斯,突尼斯 活跃UV,178.285714,172.428571,171.142857,167.142857,170.857143,166.571429,177.571429,174.857143,5.857143,3.396852,-1.575e-07,-0.001686,-4.9e-05
2.2.1.立陶宛,立陶宛 活跃UV,182.428571,157.428571,174.428571,181.142857,154.714286,152.571429,168.285714,164.285714,25.0,15.880218,2.5597e-06,0.0274,0.000799
2.2.1.索马里,索马里 活跃UV,51.857143,55.285714,57.142857,55.571429,52.571429,50.285714,54.285714,62.285714,-3.428571,-6.20155,2.192e-07,0.002347,6.8e-05
2.2.1.约旦,约旦 活跃UV,117.428571,124.142857,118.142857,117.428571,112.857143,117.714286,121.857143,163.285714,-6.714286,-5.408516,-6.43e-08,-0.000688,-2e-05
2.2.1.纳米比亚,纳米比亚 活跃UV,20.0,17.714286,18.285714,19.714286,18.714286,20.142857,16.857143,19.714286,2.285714,12.903226,-7.28e-08,-0.000779,-2.3e-05
2.2.1.纽埃岛,纽埃岛 活跃UV,1.0,1.0,1.0,1.0,0.0,0.0,0.0,0.0,0.0,0.0,3.5e-09,3.7e-05,1e-06
2.2.1.缅甸,缅甸 活跃UV,78.571429,76.285714,96.285714,90.571429,94.714286,91.0,87.0,84.571429,2.285714,2.996255,-5.485e-07,-0.005871,-0.000171
2.2.1.罗马尼亚,罗马尼亚 活跃UV,511.0,494.714286,499.0,494.428571,518.428571,487.0,512.285714,517.285714,16.285714,3.291943,1.7402e-06,0.018628,0.000543
2.2.1.美国,美国 活跃UV,11328.0,11760.571429,12542.857143,11613.142857,11765.428571,11639.714286,11612.0,11871.142857,-432.571429,-3.67815,-1.74141e-05,-0.186407,-0.005433
2.2.1.美属维尔京群岛,美属维尔京群岛 活跃UV,3.142857,2.0,2.166667,2.571429,2.428571,2.0,2.428571,2.666667,1.142857,57.142857,-3.8e-09,-4.1e-05,-1e-06
2.2.1.美属萨摩亚,美属萨摩亚 活跃UV,1.0,0.0,0.0,1.0,0.0,0.0,0.0,0.0,1.0,,,,
2.2.1.老挝,老挝 活跃UV,5.285714,5.142857,5.571429,6.571429,5.714286,8.142857,6.142857,6.857143,0.142857,2.777778,-6.39e-08,-0.000684,-2e-05
2.2.1.肯尼亚,肯尼亚 活跃UV,527.0,526.571429,537.571429,529.857143,517.285714,530.428571,534.714286,549.0,0.428571,0.081389,1.0986e-06,0.011759,0.000343
2.2.1.芬兰,芬兰 活跃UV,331.857143,334.428571,335.285714,290.714286,299.0,275.0,285.857143,264.428571,-2.571429,-0.768902,1.866e-07,0.001997,5.8e-05
2.2.1.苏丹,苏丹 活跃UV,38.142857,36.0,32.142857,29.0,32.285714,30.142857,33.0,39.142857,2.142857,5.952381,-5.911e-07,-0.006327,-0.000184
2.2.1.苏里南,苏里南 活跃UV,10.428571,12.142857,11.714286,8.857143,8.285714,9.428571,11.0,9.428571,-1.714286,-14.117647,4.14e-08,0.000444,1.3e-05
2.2.1.英国,英国 活跃UV,4354.857143,4404.142857,4263.0,4414.142857,4292.428571,4018.285714,4037.714286,4807.714286,-49.285714,-1.119076,1.1274e-06,0.012068,0.000352
2.2.1.英属印度洋领地,英属印度洋领地 活跃UV,0.0,0.0,1.0,1.0,1.0,0.0,1.0,0.0,0.0,,,,
2.2.1.英属维尔京群岛,英属维尔京群岛 活跃UV,2.857143,3.714286,2.714286,2.857143,3.857143,2.857143,1.714286,2.857143,-0.857143,-23.076923,-2.028e-07,-0.00217,-6.3e-05
2.2.1.荷兰,荷兰 活跃UV,1417.857143,1386.714286,1344.714286,1334.571429,1328.714286,1306.428571,1314.428571,1442.857143,31.142857,2.245802,3.1291e-06,0.033495,0.000976
2.2.1.荷兰加勒比,荷兰加勒比 活跃UV,1.0,1.0,1.0,1.0,1.0,1.5,1.25,1.0,0.0,0.0,-2.4e-09,-2.5e-05,-1e-06
2.2.1.荷属圣马丁,荷属圣马丁 活跃UV,1.857143,2.333333,1.4,2.666667,1.714286,1.666667,2.0,2.428571,-0.47619,-20.408163,-1.356e-07,-0.001452,-4.2e-05
2.2.1.荷属安的列斯,荷属安的列斯 活跃UV,0.0,0.0,1.0,1.0,0.0,1.0,0.0,0.0,0.0,,,,
2.2.1.莫桑比克,莫桑比克 活跃UV,364.857143,359.285714,371.428571,392.714286,381.857143,388.285714,431.714286,451.571429,5.571429,1.550696,-1.3321e-06,-0.014259,-0.000416
2.2.1.莱索托,莱索托 活跃UV,6.285714,6.714286,6.428571,6.428571,5.285714,5.428571,5.285714,3.857143,-0.428571,-6.382979,3.31e-08,0.000355,1e-05
2.2.1.菲律宾,菲律宾 活跃UV,1473.857143,1503.0,1530.714286,1547.285714,1618.571429,1622.714286,1656.857143,1713.285714,-29.142857,-1.938979,4.885e-07,0.005229,0.000152
2.2.1.萨尔瓦多,萨尔瓦多 活跃UV,230.571429,232.714286,232.142857,227.142857,234.857143,230.571429,222.571429,225.857143,-2.142857,-0.92081,9.86e-08,0.001056,3.1e-05
2.2.1.萨摩亚,萨摩亚 活跃UV,1.2,1.5,1.0,1.0,0.0,1.0,1.142857,1.0,-0.3,-20.0,-1.355e-07,-0.00145,-4.2e-05
2.2.1.葡萄牙,葡萄牙 活跃UV,825.428571,838.857143,804.0,830.142857,829.714286,875.285714,837.142857,819.428571,-13.428571,-1.600817,-1.076e-07,-0.001152,-3.4e-05
2.2.1.蒙古,蒙古 活跃UV,9.285714,8.571429,7.571429,7.0,9.142857,10.285714,11.142857,10.0,0.714286,8.333333,-2.128e-07,-0.002278,-6.6e-05
2.2.1.蒙塞拉特岛,蒙塞拉特岛 活跃UV,1.0,0.0,1.0,1.0,1.0,1.0,1.0,0.0,1.0,,,,
2.2.1.西班牙,西班牙 活跃UV,1479.285714,1463.857143,1422.857143,1451.857143,1442.571429,1441.428571,1388.571429,1474.571429,15.428571,1.053967,3.7629e-06,0.040279,0.001174
2.2.1.贝宁,贝宁 活跃UV,43.571429,40.142857,44.428571,47.0,46.428571,43.857143,45.0,52.857143,3.428571,8.540925,-4.17e-07,-0.004464,-0.00013
2.2.1.赞比亚,赞比亚 活跃UV,69.428571,69.0,70.285714,68.571429,66.428571,73.142857,75.857143,75.857143,0.428571,0.621118,-5.11e-08,-0.000547,-1.6e-05
2.2.1.赤道几内亚,赤道几内亚 活跃UV,4.0,3.714286,4.571429,5.571429,3.714286,3.285714,5.142857,4.571429,0.285714,7.692308,-1.347e-07,-0.001442,-4.2e-05
2.2.1.越南,越南 活跃UV,106.714286,105.714286,93.857143,95.142857,103.0,101.428571,94.571429,104.142857,1.0,0.945946,2.996e-07,0.003207,9.3e-05
2.2.1.阿塞拜疆,阿塞拜疆 活跃UV,202.428571,199.571429,218.428571,189.142857,189.428571,203.428571,195.428571,207.142857,2.857143,1.431639,-3.42e-08,-0.000366,-1.1e-05
2.2.1.阿富汗,阿富汗 活跃UV,94.714286,87.571429,88.428571,90.857143,97.714286,100.142857,124.428571,148.714286,7.142857,8.156607,-1.4233e-06,-0.015236,-0.000444
2.2.1.阿尔及利亚,阿尔及利亚 活跃UV,188.571429,200.857143,183.714286,196.142857,195.0,197.0,202.0,242.0,-12.285714,-6.116643,4.643e-07,0.00497,0.000145
2.2.1.阿尔巴尼亚,阿尔巴尼亚 活跃UV,116.857143,124.0,112.142857,106.857143,116.142857,99.571429,106.0,106.571429,-7.142857,-5.760369,-3.56e-08,-0.000381,-1.1e-05
2.2.1.阿曼,阿曼 活跃UV,36.428571,34.857143,37.428571,36.571429,36.857143,33.142857,36.857143,55.0,1.571429,4.508197,-1.778e-07,-0.001904,-5.5e-05
2.2.1.阿根廷,阿根廷 活跃UV,2187.0,2106.285714,1949.714286,2135.285714,2176.857143,2013.571429,2041.285714,2202.428571,80.714286,3.832067,6.0624e-06,0.064894,0.001892
2.2.1.阿联酋,阿联酋 活跃UV,185.0,194.0,206.428571,216.0,207.714286,219.0,231.714286,288.857143,-9.0,-4.639175,-2.044e-07,-0.002188,-6.4e-05
2.2.1.阿鲁巴,阿鲁巴 活跃UV,8.571429,9.428571,11.142857,10.571429,9.571429,9.142857,8.142857,10.428571,-0.857143,-9.090909,-3e-08,-0.000322,-9e-06
2.2.1.韩国,韩国 活跃UV,171.714286,167.0,178.571429,192.857143,175.285714,172.857143,191.142857,202.142857,4.714286,2.822926,5.071e-07,0.005429,0.000158
2.2.1.香港,香港 活跃UV,128.142857,275.428571,256.428571,109.714286,92.714286,126.0,101.714286,130.857143,-147.285714,-53.475104,-7.892e-07,-0.008447,-0.000246
2.2.1.马尔代夫,马尔代夫 活跃UV,16.571429,18.0,16.0,17.285714,16.428571,15.857143,18.714286,22.285714,-1.428571,-7.936508,-1.17e-08,-0.000125,-4e-06
2.2.1.马恩岛,马恩岛 活跃UV,1.857143,1.714286,1.75,2.142857,2.5,1.857143,2.2,2.833333,0.142857,8.333333,-5.69e-08,-0.000609,-1.8e-05
2.2.1.马拉维,马拉维 活跃UV,76.571429,77.285714,75.285714,87.285714,86.714286,83.428571,84.142857,87.571429,-0.714286,-0.924214,-1.3e-08,-0.000139,-4e-06
2.2.1.马提尼克岛,马提尼克岛 活跃UV,1.8,2.333333,1.666667,1.857143,1.8,2.5,1.4,2.142857,-0.533333,-22.857143,1.471e-07,0.001574,4.6e-05
2.2.1.马来西亚,马来西亚 活跃UV,282.571429,289.714286,285.142857,294.142857,298.714286,298.285714,324.428571,348.0,-7.142857,-2.465483,-2.649e-07,-0.002836,-8.3e-05
2.2.1.马约特,马约特 活跃UV,0.0,0.0,0.0,1.0,1.0,1.0,0.0,0.0,0.0,,,,
2.2.1.马绍尔群岛,马绍尔群岛 活跃UV,0.0,0.0,0.0,1.0,0.0,0.0,0.0,0.0,0.0,,,,
2.2.1.马耳他,马耳他 活跃UV,50.571429,54.142857,52.714286,56.428571,54.142857,49.714286,51.142857,49.142857,-3.571429,-6.596306,-1.289e-07,-0.00138,-4e-05
2.2.1.马达加斯加,马达加斯加 活跃UV,254.571429,242.571429,253.428571,268.285714,240.428571,246.142857,251.0,280.857143,12.0,4.946996,-1.2355e-06,-0.013225,-0.000385
2.2.1.马里,马里 活跃UV,71.857143,54.714286,54.571429,49.142857,59.142857,61.285714,27.714286,32.714286,17.142857,31.331593,-2.3563e-06,-0.025223,-0.000735
2.2.1.黎巴嫩,黎巴嫩 活跃UV,284.857143,275.571429,259.714286,259.142857,275.0,270.0,279.714286,300.714286,9.285714,3.369622,4.884e-07,0.005228,0.000152
2.2.1.黑山,黑山 活跃UV,160.714286,137.0,125.0,131.285714,110.571429,114.428571,99.428571,108.0,23.714286,17.309698,3.6229e-06,0.038781,0.00113
2.2.2,iOS 活跃UV,511496.857143,513540.0,520509.714286,516456.142857,512266.0,522823.142857,504287.285714,513735.571429,-2043.142857,-0.397855,0.0001649331,1.765501,0.05146
2.2.2.unknow,unknow 活跃UV,35.857143,39.428571,37.142857,34.0,26.714286,29.285714,32.0,39.428571,-3.571429,-9.057971,2.44e-08,0.000261,8e-06
2.2.2.不丹,不丹 活跃UV,1.5,1.5,1.857143,2.857143,2.666667,3.6,3.0,2.833333,0.0,0.0,-9.4e-09,-0.0001,-3e-06
2.2.2.东帝汶,东帝汶 活跃UV,4.857143,4.142857,3.285714,4.0,4.142857,4.285714,6.142857,5.428571,0.714286,17.241379,-9.22e-08,-0.000987,-2.9e-05
2.2.2.中国,中国 活跃UV,142.285714,155.142857,159.142857,255.142857,149.428571,155.714286,149.285714,143.714286,-12.857143,-8.287293,-4.487e-07,-0.004803,-0.00014
2.2.2.中非,中非 活跃UV,2.0,1.333333,3.333333,1.333333,1.25,1.666667,1.0,1.0,0.666667,50.0,1.725e-07,0.001846,5.4e-05
2.2.2.丹麦,丹麦 活跃UV,928.571429,870.0,800.142857,896.0,777.0,746.571429,763.571429,824.0,58.571429,6.732348,-3.384e-07,-0.003623,-0.000106
2.2.2.乌克兰,乌克兰 活跃UV,6487.428571,6061.714286,6356.428571,6571.857143,6165.428571,6196.142857,6025.857143,6537.857143,425.714286,7.023002,4.3128e-06,0.046166,0.001346
2.2.2.乌兹别克斯坦,乌兹别克斯坦 活跃UV,211.285714,236.857143,220.571429,194.857143,200.571429,191.142857,195.714286,215.142857,-25.571429,-10.79614,1.1829e-06,0.012663,0.000369
2.2.2.乌干达,乌干达 活跃UV,95.0,102.857143,97.571429,98.571429,91.714286,97.0,102.428571,97.571429,-7.857143,-7.638889,-1.338e-07,-0.001432,-4.2e-05
2.2.2.乌拉圭,乌拉圭 活跃UV,270.285714,273.285714,261.857143,250.428571,267.571429,266.0,262.857143,253.428571,-3.0,-1.097752,2.24e-08,0.000239,7e-06
2.2.2.乍得,乍得 活跃UV,4.142857,3.857143,2.0,4.142857,2.428571,3.5,3.714286,2.285714,0.285714,7.407407,-8.69e-08,-0.00093,-2.7e-05
2.2.2.也门,也门 活跃UV,5.714286,5.571429,8.285714,6.857143,6.285714,6.142857,7.857143,9.857143,0.142857,2.564103,3.23e-08,0.000346,1e-05
2.2.2.亚美尼亚,亚美尼亚 活跃UV,515.285714,498.285714,502.142857,504.857143,497.714286,392.571429,380.857143,384.571429,17.0,3.411697,-3.537e-07,-0.003786,-0.00011
2.2.2.以色列,以色列 活跃UV,1995.285714,2016.714286,1978.428571,2058.142857,2147.714286,2145.285714,2145.0,2282.0,-21.428571,-1.062549,2.061e-07,0.002206,6.4e-05
2.2.2.伊拉克,伊拉克 活跃UV,388.571429,389.285714,386.142857,374.714286,401.285714,413.0,443.285714,558.428571,-0.714286,-0.183486,-6.392e-07,-0.006843,-0.000199
2.2.2.伊朗,伊朗 活跃UV,1862.0,1991.142857,1995.857143,1852.714286,2087.285714,2075.428571,2087.428571,1629.857143,-129.142857,-6.485866,1.10152e-05,0.11791,0.003437
2.2.2.伯利兹,伯利兹 活跃UV,43.285714,44.428571,46.285714,43.714286,43.428571,46.142857,49.285714,46.428571,-1.142857,-2.572347,-3.37e-08,-0.000361,-1.1e-05
2.2.2.佛得角,佛得角 活跃UV,37.571429,38.0,39.428571,43.142857,45.0,45.714286,43.571429,39.571429,-0.428571,-1.12782,1.48e-08,0.000158,5e-06
2.2.2.俄罗斯,俄罗斯 活跃UV,18406.714286,18368.285714,18473.428571,18720.428571,18787.0,20168.428571,18751.857143,18704.0,38.428571,0.209212,-1.35279e-05,-0.144808,-0.004221
2.2.2.保加利亚,保加利亚 活跃UV,1123.285714,1067.285714,1041.0,1026.857143,1032.714286,988.857143,976.428571,1058.142857,56.0,5.246955,3.6512e-06,0.039083,0.001139
2.2.2.克罗地亚,克罗地亚 活跃UV,1515.857143,1421.714286,1377.714286,1429.428571,1296.857143,1243.142857,1228.0,1205.285714,94.142857,6.621785,1.07533e-05,0.115107,0.003355
2.2.2.关岛,关岛 活跃UV,25.142857,19.857143,29.571429,29.142857,33.428571,34.428571,35.428571,34.714286,5.285714,26.618705,2.922e-07,0.003128,9.1e-05
2.2.2.冈比亚,冈比亚 活跃UV,133.285714,154.285714,156.0,158.714286,161.571429,175.428571,239.142857,288.285714,-21.0,-13.611111,-5.662e-07,-0.006061,-0.000177
2.2.2.冰岛,冰岛 活跃UV,87.857143,99.0,96.285714,105.285714,120.0,107.857143,99.571429,102.0,-11.142857,-11.255411,2.695e-07,0.002885,8.4e-05
2.2.2.几内亚,几内亚 活跃UV,49.428571,47.857143,50.285714,49.0,52.428571,55.714286,55.857143,61.285714,1.571429,3.283582,-1.894e-07,-0.002028,-5.9e-05
2.2.2.几内亚比绍,几内亚比绍 活跃UV,5.0,5.857143,6.571429,5.142857,6.142857,5.142857,5.571429,6.142857,-0.857143,-14.634146,-8.65e-08,-0.000926,-2.7e-05
2.2.2.列支敦士登,列支敦士登 活跃UV,2.571429,3.142857,2.142857,3.5,3.333333,2.428571,3.857143,7.428571,-0.571429,-18.181818,-5.06e-08,-0.000542,-1.6e-05
2.2.2.刚果共和国,刚果共和国 活跃UV,14.428571,11.571429,15.714286,19.142857,21.285714,21.571429,13.857143,20.857143,2.857143,24.691358,-6.859e-07,-0.007343,-0.000214
2.2.2.刚果民主共和国,刚果民主共和国 活跃UV,65.0,56.142857,60.428571,58.428571,64.285714,65.571429,62.571429,66.0,8.857143,15.776081,1.24e-07,0.001328,3.9e-05
2.2.2.利比亚,利比亚 活跃UV,64.428571,57.0,57.0,57.714286,55.571429,56.0,59.428571,65.0,7.428571,13.032581,1.907e-07,0.002041,5.9e-05
2.2.2.利比里亚,利比里亚 活跃UV,128.714286,137.714286,139.142857,132.571429,139.285714,137.285714,132.142857,131.428571,-9.0,-6.53527,1.297e-07,0.001388,4e-05
2.2.2.加拿大,加拿大 活跃UV,10277.571429,10501.714286,10780.285714,10321.142857,9974.714286,10000.0,9881.142857,9764.142857,-224.142857,-2.134345,2.2151e-06,0.023711,0.000691
2.2.2.加纳,加纳 活跃UV,766.428571,794.857143,822.0,844.428571,882.0,869.142857,809.0,909.857143,-28.428571,-3.576564,1.9361e-06,0.020725,0.000604
2.2.2.加蓬,加蓬 活跃UV,1.666667,1.833333,2.0,1.8,1.5,1.25,2.0,1.4,-0.166667,-9.090909,2.39e-08,0.000255,7e-06
2.2.2.匈牙利,匈牙利 活跃UV,751.142857,748.0,739.142857,732.714286,718.142857,717.571429,690.142857,731.0,3.142857,0.420168,5.379e-07,0.005758,0.000168
2.2.2.北马其顿,北马其顿 活跃UV,536.571429,518.857143,489.142857,494.571429,492.428571,527.0,536.285714,580.142857,17.714286,3.414097,1.139e-07,0.001219,3.6e-05
2.2.2.北马里亚纳群岛,北马里亚纳群岛 活跃UV,1.25,1.0,1.0,0.0,0.0,0.0,1.0,0.0,0.25,25.0,2.94e-08,0.000315,9e-06
2.2.2.南极洲,南极洲 活跃UV,0.0,1.0,0.0,1.0,1.0,1.0,1.0,1.0,-1.0,-100.0,,,
2.2.2.南苏丹,南苏丹 活跃UV,78.0,93.857143,82.285714,71.714286,74.714286,63.714286,68.0,60.285714,-15.857143,-16.894977,-1.3458e-06,-0.014406,-0.00042
2.2.2.南非,南非 活跃UV,1758.857143,1741.571429,1720.142857,1637.714286,1754.428571,1653.571429,1695.142857,1744.142857,17.285714,0.992535,1.2724e-06,0.01362,0.000397
2.2.2.博茨瓦纳,博茨瓦纳 活跃UV,34.571429,37.142857,38.857143,39.428571,37.142857,34.571429,46.285714,43.571429,-2.571429,-6.923077,5.43e-08,0.000581,1.7e-05
2.2.2.卡塔尔,卡塔尔 活跃UV,193.285714,213.714286,226.714286,215.428571,230.857143,222.857143,235.0,281.285714,-20.428571,-9.558824,-1.1465e-06,-0.012273,-0.000358
2.2.2.卢旺达,卢旺达 活跃UV,47.857143,46.142857,46.428571,40.285714,39.428571,39.428571,38.714286,40.714286,1.714286,3.71517,-1.121e-07,-0.0012,-3.5e-05
2.2.2.卢森堡,卢森堡 活跃UV,116.142857,110.0,112.857143,112.0,107.428571,115.142857,110.285714,128.714286,6.142857,5.584416,8.793e-07,0.009413,0.000274
2.2.2.印度,印度 活跃UV,291.285714,276.714286,286.0,286.0,297.142857,300.142857,328.714286,327.428571,14.571429,5.265875,-9.436e-07,-0.010101,-0.000294
2.2.2.印度尼西亚,印度尼西亚 活跃UV,974.0,944.142857,973.714286,1000.571429,967.428571,952.714286,983.857143,1019.857143,29.857143,3.162354,6.3124e-06,0.06757,0.00197
2.2.2.危地马拉,危地马拉 活跃UV,432.714286,413.285714,448.571429,431.857143,456.285714,430.857143,433.0,453.857143,19.428571,4.701002,1.8444e-06,0.019743,0.000575
2.2.2.厄瓜多尔,厄瓜多尔 活跃UV,1031.0,1014.714286,978.714286,1039.714286,1079.714286,996.714286,1005.857143,1041.285714,16.285714,1.604956,1.9672e-06,0.021057,0.000614
2.2.2.厄立特里亚,厄立特里亚 活跃UV,1.0,1.0,1.0,0.0,0.0,0.0,1.0,0.0,0.0,0.0,-1.4e-09,-1.5e-05,-0.0
2.2.2.叙利亚,叙利亚 活跃UV,93.0,90.714286,91.857143,85.857143,82.428571,85.857143,90.0,110.285714,2.285714,2.519685,-3.106e-07,-0.003324,-9.7e-05
2.2.2.古巴,古巴 活跃UV,14.428571,11.571429,13.428571,15.857143,14.142857,14.571429,13.0,15.0,2.857143,24.691358,-2.669e-07,-0.002857,-8.3e-05
2.2.2.台湾,台湾 活跃UV,106.714286,101.714286,110.714286,108.0,115.571429,100.285714,124.0,134.428571,5.0,4.91573,2.6e-07,0.002783,8.1e-05
2.2.2.吉尔吉斯斯坦,吉尔吉斯斯坦 活跃UV,274.428571,264.571429,269.0,259.142857,246.857143,261.142857,252.857143,317.714286,9.857143,3.725702,-4.315e-07,-0.004619,-0.000135
2.2.2.吉布提,吉布提 活跃UV,1.8,2.4,1.714286,2.285714,1.5,1.666667,1.8,1.5,-0.6,-25.0,1.664e-07,0.001781,5.2e-05
2.2.2.哈萨克斯坦,哈萨克斯坦 活跃UV,1835.285714,1879.142857,1828.714286,1789.857143,1791.0,1813.142857,1678.428571,1864.857143,-43.857143,-2.333891,7.935e-07,0.008494,0.000248
2.2.2.哥伦比亚,哥伦比亚 活跃UV,5743.857143,5599.285714,5831.857143,5736.571429,6041.0,5728.428571,5375.0,5584.857143,144.571429,2.581962,1.80783e-05,0.193516,0.005641
2.2.2.哥斯达黎加,哥斯达黎加 活跃UV,414.428571,410.714286,396.571429,422.142857,403.571429,413.142857,427.285714,411.142857,3.714286,0.904348,8.762e-07,0.009379,0.000273
2.2.2.喀麦隆,喀麦隆 活跃UV,157.428571,146.285714,146.0,142.857143,152.714286,157.0,164.714286,166.285714,11.142857,7.617188,1.0031e-06,0.010737,0.000313
2.2.2.图瓦卢,图瓦卢 活跃UV,0.0,1.0,0.0,0.0,0.0,1.0,0.0,0.0,-1.0,-100.0,,,
2.2.2.土库曼斯坦,土库曼斯坦 活跃UV,4.166667,3.0,2.5,2.714286,2.8,3.857143,4.142857,5.285714,1.166667,38.888889,-2.042e-07,-0.002186,-6.4e-05
2.2.2.土耳其,土耳其 活跃UV,7050.857143,6799.857143,6689.857143,6754.142857,6671.714286,6605.714286,6481.714286,7410.0,251.0,3.691254,2.99655e-05,0.320761,0.009349
2.2.2.圣卢西亚,圣卢西亚 活跃UV,47.285714,45.0,36.428571,31.428571,33.714286,38.857143,37.857143,38.142857,2.285714,5.079365,5.047e-07,0.005403,0.000157
2.2.2.圣基茨和尼维斯,圣基茨和尼维斯 活跃UV,11.285714,10.0,9.142857,11.857143,5.285714,6.571429,9.428571,10.142857,1.285714,12.857143,-1.092e-07,-0.001169,-3.4e-05
2.2.2.圣多美和普林西比,圣多美和普林西比 活跃UV,2.0,1.75,1.666667,2.5,1.5,1.857143,2.714286,2.0,0.25,14.285714,-7.9e-09,-8.4e-05,-2e-06
2.2.2.圣巴泰勒米岛,圣巴泰勒米岛 活跃UV,1.428571,1.4,1.25,1.571429,1.714286,1.5,1.4,2.0,0.028571,2.040816,1.88e-08,0.000202,6e-06
2.2.2.圣文森特和格林纳丁斯,圣文森特和格林纳丁斯 活跃UV,10.0,18.714286,11.428571,9.857143,8.285714,8.142857,7.285714,10.714286,-8.714286,-46.564885,-1.4506e-06,-0.015528,-0.000453
2.2.2.圣皮埃尔和密克隆群岛,圣皮埃尔和密克隆群岛 活跃UV,0.0,0.0,0.0,1.0,0.0,0.0,0.0,1.0,0.0,,,,
2.2.2.圣马力诺,圣马力诺 活跃UV,1.6,1.833333,1.5,1.666667,1.5,2.0,1.714286,1.333333,-0.233333,-12.727273,-5.23e-08,-0.00056,-1.6e-05
2.2.2.圭亚那,圭亚那 活跃UV,56.428571,55.857143,54.571429,59.857143,56.857143,49.0,51.142857,75.428571,0.571429,1.023018,5.94e-08,0.000636,1.9e-05
2.2.2.坦桑尼亚,坦桑尼亚 活跃UV,143.428571,137.0,144.142857,142.714286,134.142857,136.428571,135.0,124.428571,6.428571,4.692388,9.921e-07,0.01062,0.00031
2.2.2.埃及,埃及 活跃UV,1152.571429,1098.571429,1126.714286,1119.714286,1124.0,1115.571429,1194.0,1297.142857,54.0,4.915475,-8.1e-08,-0.000867,-2.5e-05
2.2.2.埃塞俄比亚,埃塞俄比亚 活跃UV,50.142857,44.0,45.285714,47.428571,43.571429,51.571429,51.142857,50.714286,6.142857,13.961039,-1.752e-07,-0.001876,-5.5e-05
2.2.2.基里巴斯,基里巴斯 活跃UV,1.25,1.0,1.0,1.0,1.0,1.0,1.0,1.0,0.25,25.0,1.034e-07,0.001107,3.2e-05
2.2.2.塔吉克斯坦,塔吉克斯坦 活跃UV,36.0,32.428571,27.285714,28.428571,33.714286,29.857143,31.0,31.714286,3.571429,11.013216,-3.976e-07,-0.004256,-0.000124
2.2.2.塞内加尔,塞内加尔 活跃UV,272.714286,251.142857,273.857143,292.857143,332.285714,384.428571,510.142857,635.428571,21.571429,8.589306,-1.3592e-06,-0.014549,-0.000424
2.2.2.塞尔维亚,塞尔维亚 活跃UV,3489.142857,3304.857143,3356.714286,3353.571429,3435.0,3569.571429,3765.0,3783.0,184.285714,5.576208,7.434e-06,0.079576,0.002319
2.2.2.塞拉利昂,塞拉利昂 活跃UV,61.0,56.571429,58.428571,55.0,62.857143,63.714286,57.285714,56.142857,4.428571,7.828283,2.081e-07,0.002228,6.5e-05
2.2.2.塞浦路斯,塞浦路斯 活跃UV,583.857143,600.142857,567.857143,577.142857,561.0,545.142857,545.714286,504.857143,-16.285714,-2.71364,-9.453e-07,-0.010119,-0.000295
2.2.2.塞舌尔,塞舌尔 活跃UV,35.428571,32.428571,26.142857,27.857143,21.714286,18.142857,26.142857,30.571429,3.0,9.251101,6.15e-07,0.006584,0.000192
2.2.2.墨西哥,墨西哥 活跃UV,8623.285714,8321.142857,8272.0,8457.142857,8268.571429,8285.714286,7967.857143,8198.714286,302.142857,3.631026,2.84566e-05,0.30461,0.008879
2.2.2.多哥,多哥 活跃UV,27.714286,27.857143,31.285714,26.714286,26.714286,28.285714,32.571429,42.857143,-0.142857,-0.512821,-3.57e-08,-0.000382,-1.1e-05
2.2.2.多米尼克,多米尼克 活跃UV,6.857143,8.142857,9.857143,8.142857,6.285714,5.428571,4.857143,7.714286,-1.285714,-15.789474,-8.96e-08,-0.000959,-2.8e-05
2.2.2.多米尼加,多米尼加 活跃UV,813.285714,791.0,772.0,782.714286,807.142857,800.428571,851.714286,838.285714,22.285714,2.81741,4.4726e-06,0.047876,0.001395
2.2.2.奥兰群岛,奥兰群岛 活跃UV,1.5,2.142857,1.25,2.0,1.4,1.5,1.166667,1.0,-0.642857,-30.0,8.45e-08,0.000904,2.6e-05
2.2.2.奥地利,奥地利 活跃UV,1073.857143,1064.571429,1038.142857,1055.285714,1096.571429,1104.571429,1092.428571,1134.714286,9.285714,0.872249,5.882e-07,0.006297,0.000184
2.2.2.委内瑞拉,委内瑞拉 活跃UV,675.428571,599.285714,424.142857,540.428571,752.714286,750.857143,719.285714,727.714286,76.142857,12.705602,1.7216e-06,0.018429,0.000537
2.2.2.孟加拉,孟加拉 活跃UV,413.428571,409.285714,421.857143,451.285714,460.714286,482.714286,530.857143,601.285714,4.142857,1.012216,-1.0415e-06,-0.011148,-0.000325
2.2.2.安哥拉,安哥拉 活跃UV,158.285714,162.0,160.0,143.428571,146.0,156.285714,160.571429,161.428571,-3.714286,-2.292769,-6.64e-08,-0.00071,-2.1e-05
2.2.2.安圭拉,安圭拉 活跃UV,7.857143,5.0,5.857143,4.857143,3.714286,9.571429,7.714286,6.428571,2.857143,57.142857,6.994e-07,0.007487,0.000218
2.2.2.安提瓜和巴布达,安提瓜和巴布达 活跃UV,37.285714,40.285714,36.714286,35.428571,33.857143,37.0,32.857143,41.571429,-3.0,-7.446809,-9.64e-08,-0.001031,-3e-05
2.2.2.安道尔,安道尔 活跃UV,16.571429,19.285714,17.0,9.714286,14.0,12.571429,12.714286,9.142857,-2.714286,-14.074074,5.2e-09,5.6e-05,2e-06
2.2.2.密克罗尼西亚联邦,密克罗尼西亚联邦 活跃UV,0.0,0.0,0.0,0.0,1.0,0.0,1.0,1.0,0.0,,,,
2.2.2.尼加拉瓜,尼加拉瓜 活跃UV,122.714286,124.571429,115.428571,113.571429,114.857143,118.142857,117.428571,133.714286,-1.857143,-1.490826,-1.05e-08,-0.000112,-3e-06
2.2.2.尼日利亚,尼日利亚 活跃UV,4747.428571,4801.142857,4786.428571,4834.428571,4892.714286,5005.857143,5004.857143,6012.428571,-53.714286,-1.118781,1.277e-07,0.001367,4e-05
2.2.2.尼日尔,尼日尔 活跃UV,16.0,19.0,13.857143,14.428571,13.857143,14.0,14.571429,17.857143,-3.0,-15.789474,3.389e-07,0.003628,0.000106
2.2.2.尼泊尔,尼泊尔 活跃UV,90.285714,90.714286,93.857143,83.857143,91.428571,92.571429,104.285714,104.857143,-0.428571,-0.472441,-6.57e-08,-0.000704,-2.1e-05
2.2.2.巴勒斯坦,巴勒斯坦 活跃UV,279.142857,264.428571,259.571429,277.857143,285.857143,296.857143,299.857143,347.142857,14.714286,5.56456,1.4092e-06,0.015084,0.00044
2.2.2.巴哈马,巴哈马 活跃UV,124.571429,128.714286,133.142857,125.285714,127.285714,131.857143,115.571429,123.428571,-4.142857,-3.218646,-3.916e-07,-0.004192,-0.000122
2.2.2.巴基斯坦,巴基斯坦 活跃UV,742.571429,693.857143,692.714286,686.142857,750.857143,782.285714,878.285714,1324.857143,48.714286,7.020795,-4.0297e-06,-0.043135,-0.001257
2.2.2.巴巴多斯,巴巴多斯 活跃UV,60.428571,53.142857,48.285714,49.0,61.857143,60.285714,55.285714,62.571429,7.285714,13.709677,6.5e-07,0.006958,0.000203
2.2.2.巴布亚新几内亚,巴布亚新几内亚 活跃UV,5.857143,5.571429,7.714286,6.285714,6.571429,5.571429,4.714286,5.714286,0.285714,5.128205,-1.42e-08,-0.000152,-4e-06
2.2.2.巴拉圭,巴拉圭 活跃UV,618.714286,610.714286,617.285714,670.142857,663.571429,703.285714,711.857143,676.0,8.0,1.309942,1.3777e-06,0.014748,0.00043
2.2.2.巴拿马,巴拿马 活跃UV,297.0,303.0,290.714286,310.857143,330.428571,324.428571,328.142857,329.571429,-6.0,-1.980198,-1.405e-07,-0.001504,-4.4e-05
2.2.2.巴林,巴林 活跃UV,71.285714,70.142857,71.857143,69.142857,81.857143,83.571429,83.285714,96.857143,1.142857,1.629328,8.98e-08,0.000961,2.8e-05
2.2.2.巴西,巴西 活跃UV,195802.285714,197153.857143,197718.714286,201509.285714,197921.428571,211611.285714,195110.571429,189775.857143,-1351.571429,-0.685541,0.0001128793,1.208299,0.035219
2.2.2.布基纳法索,布基纳法索 活跃UV,116.142857,106.714286,108.142857,109.714286,112.714286,126.0,116.571429,147.428571,9.428571,8.835341,-9.329e-07,-0.009986,-0.000291
2.2.2.布隆迪,布隆迪 活跃UV,10.0,9.857143,8.428571,10.142857,9.571429,10.285714,11.0,10.0,0.142857,1.449275,8.8e-09,9.4e-05,3e-06
2.2.2.希腊,希腊 活跃UV,4255.0,4152.0,3977.0,3899.0,3800.714286,3684.142857,3653.285714,3180.714286,103.0,2.480732,2.58634e-05,0.27685,0.00807
2.2.2.帕劳,帕劳 活跃UV,1.0,1.5,0.0,0.0,0.0,1.0,1.0,1.0,-0.5,-33.333333,-1.206e-07,-0.001291,-3.8e-05
2.2.2.库克群岛,库克群岛 活跃UV,4.0,2.428571,3.428571,4.666667,2.0,3.714286,3.714286,3.857143,1.571429,64.705882,4.845e-07,0.005186,0.000151
2.2.2.库拉索,库拉索 活跃UV,49.857143,46.857143,42.0,50.857143,52.714286,44.142857,53.142857,55.0,3.0,6.402439,6.918e-07,0.007405,0.000216
2.2.2.开曼群岛,开曼群岛 活跃UV,33.0,30.571429,29.714286,31.428571,32.857143,31.571429,33.0,44.0,2.428571,7.943925,3.113e-07,0.003332,9.7e-05
2.2.2.德国,德国 活跃UV,13363.142857,13350.285714,13610.714286,13266.142857,13160.714286,12461.428571,12412.571429,12653.142857,12.857143,0.096306,-2.5438e-06,-0.02723,-0.000794
2.2.2.意大利,意大利 活跃UV,4635.714286,4537.571429,4396.714286,4461.428571,4380.857143,4385.142857,4348.714286,4094.285714,98.142857,2.162894,1.19312e-05,0.127715,0.003723
2.2.2.所罗门群岛,所罗门群岛 活跃UV,2.857143,2.142857,1.833333,1.857143,2.6,2.5,1.714286,2.2,0.714286,33.333333,1.351e-07,0.001447,4.2e-05
2.2.2.拉脱维亚,拉脱维亚 活跃UV,880.857143,845.714286,861.571429,844.285714,719.857143,697.571429,683.285714,662.714286,35.142857,4.155405,1.3745e-06,0.014713,0.000429
2.2.2.挪威,挪威 活跃UV,666.428571,579.857143,559.142857,680.142857,961.428571,936.0,877.142857,822.0,86.571429,14.929786,1.0783e-06,0.011542,0.000336
2.2.2.捷克,捷克 活跃UV,873.285714,856.857143,837.0,837.0,805.285714,782.285714,783.857143,837.285714,16.428571,1.917306,5.582e-07,0.005975,0.000174
2.2.2.摩尔多瓦,摩尔多瓦 活跃UV,566.0,537.142857,545.142857,536.714286,478.142857,547.428571,540.142857,612.142857,28.857143,5.37234,-4.602e-07,-0.004926,-0.000144
2.2.2.摩洛哥,摩洛哥 活跃UV,499.285714,471.571429,478.571429,484.571429,479.142857,478.857143,488.285714,559.428571,27.714286,5.877007,-3.042e-07,-0.003256,-9.5e-05
2.2.2.摩纳哥,摩纳哥 活跃UV,24.714286,23.571429,16.428571,19.714286,23.571429,27.428571,32.428571,21.142857,1.142857,4.848485,3.881e-07,0.004154,0.000121
2.2.2.文莱,文莱 活跃UV,14.0,13.142857,15.714286,14.142857,12.142857,11.142857,11.714286,14.428571,0.857143,6.521739,-1.102e-07,-0.00118,-3.4e-05
2.2.2.斐济,斐济 活跃UV,36.285714,35.714286,29.285714,33.571429,29.142857,28.571429,33.285714,31.857143,0.571429,1.6,1.51e-07,0.001616,4.7e-05
2.2.2.斯威士兰,斯威士兰 活跃UV,5.0,4.142857,5.285714,5.428571,5.285714,5.428571,5.571429,5.0,0.857143,20.689655,6.53e-08,0.000699,2e-05
2.2.2.斯洛伐克,斯洛伐克 活跃UV,436.428571,420.714286,433.714286,442.0,421.571429,415.285714,413.0,420.714286,15.714286,3.735144,8.801e-07,0.00942,0.000275
2.2.2.斯洛文尼亚,斯洛文尼亚 活跃UV,258.571429,256.428571,243.428571,259.142857,244.285714,246.428571,233.0,255.857143,2.142857,0.835655,2.164e-07,0.002316,6.8e-05
2.2.2.斯里兰卡,斯里兰卡 活跃UV,175.285714,159.714286,164.571429,162.285714,159.0,155.428571,167.285714,190.714286,15.571429,9.749553,3.407e-07,0.003647,0.000106
2.2.2.新加坡,新加坡 活跃UV,529.428571,476.0,450.428571,453.714286,444.857143,459.714286,486.857143,535.285714,53.428571,11.22449,8.0267e-06,0.085921,0.002504
2.2.2.新喀里多尼亚,新喀里多尼亚 活跃UV,2.285714,3.166667,3.333333,2.571429,3.142857,1.5,2.857143,2.166667,-0.880952,-27.819549,8.27e-08,0.000886,2.6e-05
2.2.2.新西兰,新西兰 活跃UV,605.857143,603.0,567.142857,570.714286,548.285714,559.285714,588.857143,585.285714,2.857143,0.473821,-2.239e-07,-0.002396,-7e-05
2.2.2.日本,日本 活跃UV,545.571429,572.714286,546.0,567.571429,616.714286,594.0,657.0,785.428571,-27.142857,-4.739336,-1.3592e-06,-0.014549,-0.000424
2.2.2.智利,智利 活跃UV,1138.714286,1156.0,1126.285714,1111.714286,1091.714286,1063.428571,1019.857143,1057.571429,-17.285714,-1.495304,-1.072e-07,-0.001148,-3.3e-05
2.2.2.柬埔寨,柬埔寨 活跃UV,91.571429,89.285714,91.428571,91.857143,113.0,112.571429,99.285714,92.428571,2.285714,2.56,-4.97e-08,-0.000532,-1.6e-05
2.2.2.根西岛,根西岛 活跃UV,18.285714,19.428571,17.142857,20.285714,21.428571,22.428571,17.571429,28.714286,-1.142857,-5.882353,3.85e-08,0.000412,1.2e-05
2.2.2.格林纳达,格林纳达 活跃UV,15.0,15.571429,14.428571,15.714286,15.0,12.571429,13.857143,16.142857,-0.571429,-3.669725,-1.11e-08,-0.000119,-3e-06
2.2.2.格陵兰,格陵兰 活跃UV,1.8,1.2,2.5,1.571429,1.75,1.5,1.5,2.0,0.6,50.0,-2.772e-07,-0.002967,-8.6e-05
2.2.2.格鲁吉亚,格鲁吉亚 活跃UV,1327.714286,1240.428571,1237.142857,1212.0,1206.0,1256.714286,1214.142857,1120.142857,87.285714,7.036738,3.1285e-06,0.033489,0.000976
2.2.2.梵蒂冈,梵蒂冈 活跃UV,0.0,0.0,0.0,0.0,0.0,0.0,0.0,0.0,0.0,,,,
2.2.2.比利时,比利时 活跃UV,1015.0,1023.142857,998.285714,978.571429,955.714286,934.571429,905.714286,1062.857143,-8.142857,-0.795867,2.932e-07,0.003139,9.1e-05
2.2.2.毛里塔尼亚,毛里塔尼亚 活跃UV,15.857143,11.857143,14.714286,14.857143,16.142857,20.285714,17.714286,26.142857,4.0,33.73494,2.24e-08,0.00024,7e-06
2.2.2.毛里求斯,毛里求斯 活跃UV,83.142857,81.571429,83.285714,74.142857,75.428571,77.857143,74.285714,79.571429,1.571429,1.926445,4.269e-07,0.00457,0.000133
2.2.2.汤加,汤加 活跃UV,3.142857,2.833333,3.571429,2.666667,1.285714,2.166667,2.5,2.0,0.309524,10.92437,1.323e-07,0.001416,4.1e-05
2.2.2.沙特阿拉伯,沙特阿拉伯 活跃UV,662.428571,660.428571,639.571429,644.714286,674.857143,682.714286,697.571429,841.285714,2.0,0.302834,3.548e-07,0.003798,0.000111
2.2.2.法国,法国 活跃UV,3749.0,3830.0,3768.0,3603.714286,3686.0,3621.285714,3412.285714,3547.714286,-81.0,-2.114883,-1.3749e-06,-0.014717,-0.000429
2.2.2.法属圣马丁,法属圣马丁 活跃UV,5.714286,8.571429,5.571429,3.857143,4.857143,5.857143,5.142857,5.571429,-2.857143,-33.333333,-9.771e-07,-0.01046,-0.000305
2.2.2.法属圭亚那,法属圭亚那 活跃UV,6.571429,6.857143,4.857143,5.714286,5.714286,7.571429,6.714286,3.857143,-0.285714,-4.166667,2.17e-08,0.000232,7e-06
2.2.2.法属波利尼西亚,法属波利尼西亚 活跃UV,12.428571,9.142857,11.142857,10.285714,9.428571,11.142857,11.142857,10.428571,3.285714,35.9375,7.766e-07,0.008313,0.000242
2.2.2.法罗群岛,法罗群岛 活跃UV,7.0,5.428571,6.714286,5.857143,5.428571,5.142857,5.285714,6.285714,1.571429,28.947368,1.553e-07,0.001663,4.8e-05
2.2.2.波兰,波兰 活跃UV,2844.714286,2655.142857,2785.571429,2789.857143,2584.714286,2512.571429,2571.571429,2638.428571,189.571429,7.139783,6.2214e-06,0.066596,0.001941
2.2.2.波多黎各,波多黎各 活跃UV,648.571429,640.714286,665.285714,664.142857,667.285714,660.142857,671.142857,691.0,7.857143,1.22631,1.3104e-06,0.014027,0.000409
2.2.2.波黑,波黑 活跃UV,1219.714286,1151.714286,1169.285714,1154.857143,1230.0,1273.142857,1265.285714,1415.857143,68.0,5.904242,1.5544e-06,0.016639,0.000485
2.2.2.泰国,泰国 活跃UV,552.285714,534.285714,499.571429,509.714286,509.428571,512.142857,520.0,546.857143,18.0,3.368984,2.9241e-06,0.031301,0.000912
2.2.2.泽西岛,泽西岛 活跃UV,28.142857,33.571429,25.0,31.857143,31.0,19.142857,23.571429,29.428571,-5.428571,-16.170213,1.461e-07,0.001564,4.6e-05
2.2.2.津巴布韦,津巴布韦 活跃UV,46.428571,43.571429,45.714286,43.714286,46.857143,47.285714,53.428571,55.0,2.857143,6.557377,7.23e-08,0.000774,2.3e-05
2.2.2.洪都拉斯,洪都拉斯 活跃UV,366.0,343.571429,353.571429,364.142857,348.142857,350.857143,346.142857,353.714286,22.428571,6.528067,1.6218e-06,0.01736,0.000506
2.2.2.海地,海地 活跃UV,110.571429,118.0,128.285714,126.714286,116.857143,120.714286,137.571429,132.0,-7.428571,-6.2954,3.781e-07,0.004047,0.000118
2.2.2.澳大利亚,澳大利亚 活跃UV,8827.857143,8887.142857,8915.0,8664.142857,8723.428571,9076.285714,9092.285714,9022.285714,-59.285714,-0.667095,-3.1116e-06,-0.033308,-0.000971
2.2.2.澳门,澳门 活跃UV,12.571429,14.285714,14.285714,11.0,12.0,11.428571,17.428571,17.714286,-1.714286,-12.0,-3.332e-07,-0.003567,-0.000104
2.2.2.爱尔兰,爱尔兰 活跃UV,2342.142857,2321.285714,2243.428571,2441.285714,2266.571429,2130.428571,2309.571429,2513.857143,20.857143,0.898517,3.3119e-06,0.035452,0.001033
2.2.2.爱沙尼亚,爱沙尼亚 活跃UV,601.142857,536.571429,542.0,541.857143,503.857143,483.285714,467.142857,418.142857,64.571429,12.034079,1.6652e-06,0.017825,0.00052
2.2.2.牙买加,牙买加 活跃UV,349.428571,360.142857,360.571429,351.142857,337.142857,332.0,313.714286,357.428571,-10.714286,-2.97501,-2.553e-07,-0.002733,-8e-05
2.2.2.特克斯和凯科斯群岛,特克斯和凯科斯群岛 活跃UV,32.142857,30.857143,28.428571,30.571429,25.285714,30.0,34.142857,30.142857,1.285714,4.166667,5.119e-07,0.005479,0.00016
2.2.2.特立尼达和多巴哥,特立尼达和多巴哥 活跃UV,121.857143,124.285714,129.571429,117.857143,126.571429,122.571429,121.0,111.714286,-2.428571,-1.954023,-5.3e-09,-5.7e-05,-2e-06
2.2.2.玻利维亚,玻利维亚 活跃UV,309.0,294.142857,294.857143,303.285714,309.857143,312.0,337.0,384.0,14.857143,5.050996,5.255e-07,0.005625,0.000164
2.2.2.瑙鲁,瑙鲁 活跃UV,0.0,0.0,0.0,0.0,0.0,0.0,0.0,2.0,0.0,,,,
2.2.2.瑞典,瑞典 活跃UV,1934.0,1867.714286,1840.571429,1810.285714,1844.142857,1579.285714,1454.285714,1351.142857,66.285714,3.549029,1.0721e-06,0.011476,0.000334
2.2.2.瑞士,瑞士 活跃UV,1246.0,1316.0,1348.714286,1280.142857,1227.428571,1182.714286,1136.857143,1260.428571,-70.0,-5.319149,-1.4766e-06,-0.015806,-0.000461
2.2.2.瓜德罗普,瓜德罗普 活跃UV,9.285714,8.285714,6.571429,7.285714,7.142857,8.142857,9.0,9.714286,1.0,12.068966,1.243e-07,0.001331,3.9e-05
2.2.2.瓦利斯和富图纳群岛,瓦利斯和富图纳群岛 活跃UV,0.0,0.0,0.0,0.0,0.0,0.0,0.0,0.0,0.0,,,,
2.2.2.瓦努阿图,瓦努阿图 活跃UV,3.285714,4.142857,3.285714,5.166667,5.428571,4.0,3.571429,3.142857,-0.857143,-20.689655,6.68e-08,0.000716,2.1e-05
2.2.2.留尼汪岛,留尼汪岛 活跃UV,12.285714,10.714286,12.0,13.857143,14.285714,13.142857,11.714286,14.714286,1.571429,14.666667,-9.99e-08,-0.00107,-3.1e-05
2.2.2.白俄罗斯,白俄罗斯 活跃UV,2472.428571,2184.142857,2553.571429,2532.571429,2290.571429,2399.571429,2317.714286,2363.285714,288.285714,13.199032,1.9944e-06,0.021348,0.000622
2.2.2.百慕大,百慕大 活跃UV,28.0,26.571429,30.714286,23.714286,32.857143,28.857143,23.285714,28.0,1.428571,5.376344,3.755e-07,0.004019,0.000117
2.2.2.直布罗陀,直布罗陀 活跃UV,26.428571,28.857143,30.428571,26.142857,28.571429,22.0,24.0,27.142857,-2.428571,-8.415842,8.13e-08,0.00087,2.5e-05
2.2.2.福克兰群岛,福克兰群岛 活跃UV,0.0,3.0,2.0,2.0,0.0,1.0,1.0,0.0,-3.0,-100.0,,,
2.2.2.科威特,科威特 活跃UV,246.142857,261.0,276.285714,250.571429,265.142857,272.571429,280.714286,325.142857,-14.857143,-5.692392,-2.448e-07,-0.00262,-7.6e-05
2.2.2.科摩罗,科摩罗 活跃UV,3.142857,3.857143,1.857143,3.0,1.857143,3.428571,2.142857,4.0,-0.714286,-18.518519,-1.663e-07,-0.00178,-5.2e-05
2.2.2.科特迪瓦,科特迪瓦 活跃UV,182.571429,185.428571,182.714286,192.714286,195.0,219.428571,230.0,253.571429,-2.857143,-1.540832,1.39e-08,0.000149,4e-06
2.2.2.科索沃,科索沃 活跃UV,239.142857,239.0,228.428571,206.0,217.571429,208.428571,239.714286,232.857143,0.142857,0.059773,6.83e-08,0.000731,2.1e-05
2.2.2.秘鲁,秘鲁 活跃UV,1552.428571,1469.857143,1570.428571,1544.571429,1570.571429,1513.428571,1556.571429,1594.857143,82.571429,5.61765,7.2879e-06,0.078012,0.002274
2.2.2.突尼斯,突尼斯 活跃UV,222.857143,216.0,202.857143,200.571429,203.714286,199.714286,200.428571,193.142857,6.857143,3.174603,-5.29e-08,-0.000566,-1.6e-05
2.2.2.立陶宛,立陶宛 活跃UV,840.714286,760.571429,809.285714,853.285714,760.428571,715.142857,726.0,699.285714,80.142857,10.53719,2.6352e-06,0.028209,0.000822
2.2.2.索马里,索马里 活跃UV,42.857143,42.571429,40.571429,37.428571,37.714286,36.0,40.571429,48.714286,0.285714,0.671141,-1.689e-07,-0.001808,-5.3e-05
2.2.2.约旦,约旦 活跃UV,239.142857,246.285714,233.142857,238.142857,240.857143,244.571429,262.857143,328.714286,-7.142857,-2.900232,1.23e-07,0.001316,3.8e-05
2.2.2.纳米比亚,纳米比亚 活跃UV,55.142857,64.857143,62.142857,60.285714,56.857143,58.428571,60.857143,65.142857,-9.714286,-14.977974,-1.053e-07,-0.001127,-3.3e-05
2.2.2.纽埃岛,纽埃岛 活跃UV,1.0,1.0,1.0,1.0,1.0,1.0,1.0,0.0,0.0,0.0,-6.3e-09,-6.7e-05,-2e-06
2.2.2.缅甸,缅甸 活跃UV,49.857143,45.714286,50.428571,50.285714,54.857143,60.571429,56.285714,47.142857,4.142857,9.0625,-4.58e-07,-0.004902,-0.000143
2.2.2.罗马尼亚,罗马尼亚 活跃UV,1883.142857,1858.428571,1765.428571,1774.142857,1812.714286,1784.714286,1884.428571,1885.285714,24.714286,1.329849,2.4598e-06,0.026331,0.000767
2.2.2.美国,美国 活跃UV,97726.142857,101503.0,108416.857143,100175.0,100946.571429,99586.571429,100165.428571,102055.0,-3776.857143,-3.720932,4.28368e-05,0.45854,0.013365
2.2.2.美属维尔京群岛,美属维尔京群岛 活跃UV,16.857143,23.857143,26.0,18.285714,22.857143,23.714286,21.857143,21.571429,-7.0,-29.341317,-8.068e-07,-0.008637,-0.000252
2.2.2.美属萨摩亚,美属萨摩亚 活跃UV,1.0,0.0,1.0,1.0,1.0,0.0,1.333333,1.0,1.0,,,,
2.2.2.老挝,老挝 活跃UV,5.857143,7.571429,9.142857,6.571429,7.285714,7.0,4.0,6.428571,-1.714286,-22.641509,1.728e-07,0.00185,5.4e-05
2.2.2.肯尼亚,肯尼亚 活跃UV,193.571429,192.142857,171.857143,182.571429,185.285714,180.142857,182.428571,186.428571,1.428571,0.743494,2.833e-07,0.003032,8.8e-05
2.2.2.芬兰,芬兰 活跃UV,1403.142857,1474.714286,1546.0,1452.285714,1399.714286,1383.285714,1306.0,1209.714286,-71.571429,-4.85324,-7.007e-07,-0.0075,-0.000219
2.2.2.苏丹,苏丹 活跃UV,6.714286,5.428571,6.714286,7.428571,5.714286,6.571429,7.428571,8.0,1.285714,23.684211,-2.6e-09,-2.7e-05,-1e-06
2.2.2.苏里南,苏里南 活跃UV,26.285714,19.857143,23.285714,23.714286,20.142857,20.571429,22.142857,21.285714,6.428571,32.374101,1.5e-09,1.6e-05,0.0
2.2.2.英国,英国 活跃UV,35360.142857,35358.571429,34801.285714,34738.285714,33507.714286,31734.714286,31377.857143,37756.285714,1.571429,0.004444,9.9425e-06,0.106428,0.003102
2.2.2.英属印度洋领地,英属印度洋领地 活跃UV,0.0,1.0,1.0,1.0,1.0,0.0,0.0,1.0,-1.0,-100.0,,,
2.2.2.英属维尔京群岛,英属维尔京群岛 活跃UV,10.714286,7.428571,7.0,11.285714,12.714286,6.714286,7.714286,10.285714,3.285714,44.230769,5.046e-07,0.005401,0.000157
2.2.2.荷兰,荷兰 活跃UV,8162.857143,7897.142857,7675.714286,7903.571429,8205.0,7886.428571,7421.857143,7830.428571,265.714286,3.364689,5.0054e-06,0.05358,0.001562
2.2.2.荷兰加勒比,荷兰加勒比 活跃UV,4.428571,3.285714,5.285714,4.571429,5.0,4.285714,2.571429,5.571429,1.142857,34.782609,5.72e-08,0.000613,1.8e-05
2.2.2.荷属圣马丁,荷属圣马丁 活跃UV,23.0,21.857143,23.142857,18.142857,19.142857,19.428571,23.428571,19.714286,1.142857,5.228758,4.461e-07,0.004776,0.000139
2.2.2.荷属安的列斯,荷属安的列斯 活跃UV,1.0,1.0,0.0,2.0,1.333333,1.0,0.0,0.0,0.0,0.0,-6.3e-09,-6.7e-05,-2e-06
2.2.2.莫桑比克,莫桑比克 活跃UV,96.142857,86.857143,89.0,87.714286,78.714286,79.428571,81.857143,93.142857,9.285714,10.690789,7.939e-07,0.008498,0.000248
2.2.2.莱索托,莱索托 活跃UV,7.428571,7.285714,6.857143,5.857143,9.428571,7.571429,8.142857,7.0,0.142857,1.960784,8.8e-09,9.4e-05,3e-06
2.2.2.菲律宾,菲律宾 活跃UV,3016.142857,2942.714286,3101.857143,3081.142857,3254.285714,3228.142857,3245.142857,3373.714286,73.428571,2.495267,2.8823e-06,0.030853,0.000899
2.2.2.萨尔瓦多,萨尔瓦多 活跃UV,234.428571,225.285714,245.142857,242.0,250.285714,226.285714,226.857143,238.714286,9.142857,4.058339,1.0289e-06,0.011014,0.000321
2.2.2.萨摩亚,萨摩亚 活跃UV,4.857143,4.428571,2.0,1.857143,1.5,2.833333,4.285714,2.833333,0.428571,9.677419,1.84e-07,0.00197,5.7e-05
2.2.2.葡萄牙,葡萄牙 活跃UV,5055.857143,4970.857143,5096.571429,4946.428571,4977.428571,5288.857143,5070.428571,5146.714286,85.0,1.709967,5.2801e-06,0.05652,0.001647
2.2.2.蒙古,蒙古 活跃UV,55.714286,58.285714,45.857143,38.142857,42.714286,41.285714,37.571429,41.428571,-2.571429,-4.411765,-1e-10,-1e-06,-0.0
2.2.2.蒙塞拉特岛,蒙塞拉特岛 活跃UV,0.0,0.0,0.0,0.0,0.0,1.0,0.0,0.0,0.0,,,,
2.2.2.西班牙,西班牙 活跃UV,7272.142857,7028.0,6802.285714,6939.857143,6783.571429,6738.142857,6485.571429,6620.285714,244.142857,3.47386,3.59453e-05,0.384771,0.011215
2.2.2.贝宁,贝宁 活跃UV,102.142857,97.285714,108.285714,120.285714,128.142857,119.428571,138.0,163.714286,4.857143,4.992658,-5.743e-07,-0.006148,-0.000179
2.2.2.赞比亚,赞比亚 活跃UV,76.857143,74.571429,80.857143,76.0,80.571429,78.285714,81.142857,82.857143,2.285714,3.065134,-1.509e-07,-0.001616,-4.7e-05
2.2.2.赤道几内亚,赤道几内亚 活跃UV,2.571429,3.857143,3.285714,4.0,4.571429,5.285714,5.428571,5.571429,-1.285714,-33.333333,7.38e-08,0.00079,2.3e-05
2.2.2.越南,越南 活跃UV,443.571429,425.714286,425.0,421.571429,439.428571,432.571429,403.285714,411.571429,17.857143,4.194631,8.148e-07,0.008722,0.000254
2.2.2.阿塞拜疆,阿塞拜疆 活跃UV,380.857143,352.857143,334.428571,334.571429,336.571429,334.857143,329.285714,351.428571,28.0,7.935223,-1.287e-07,-0.001377,-4e-05
2.2.2.阿富汗,阿富汗 活跃UV,43.714286,43.714286,44.285714,50.285714,47.0,51.857143,59.285714,74.857143,0.0,0.0,-1.061e-07,-0.001136,-3.3e-05
2.2.2.阿尔及利亚,阿尔及利亚 活跃UV,100.571429,101.714286,95.285714,97.285714,94.428571,93.571429,96.428571,113.714286,-1.142857,-1.123596,-4.48e-08,-0.00048,-1.4e-05
2.2.2.阿尔巴尼亚,阿尔巴尼亚 活跃UV,1141.571429,1112.571429,1056.285714,1008.714286,955.857143,957.714286,953.0,948.0,29.0,2.606574,1.8963e-06,0.020298,0.000592
2.2.2.阿曼,阿曼 活跃UV,121.571429,119.142857,124.0,128.142857,129.428571,128.857143,141.142857,223.428571,2.428571,2.038369,1.028e-07,0.0011,3.2e-05
2.2.2.阿根廷,阿根廷 活跃UV,2711.142857,2726.142857,2497.857143,2726.571429,2672.428571,2556.0,2565.571429,2698.714286,-15.0,-0.550228,1.541e-06,0.016496,0.000481
2.2.2.阿联酋,阿联酋 活跃UV,1222.285714,1242.571429,1296.428571,1345.285714,1430.0,1422.571429,1409.0,1669.571429,-20.285714,-1.632559,-1.735e-07,-0.001857,-5.4e-05
2.2.2.阿鲁巴,阿鲁巴 活跃UV,77.0,75.857143,77.428571,74.0,61.571429,69.285714,69.857143,70.857143,1.142857,1.506591,5.276e-07,0.005648,0.000165
2.2.2.韩国,韩国 活跃UV,312.571429,308.714286,320.428571,322.714286,333.571429,329.142857,326.0,347.571429,3.857143,1.249422,-7.44e-08,-0.000796,-2.3e-05
2.2.2.香港,香港 活跃UV,832.0,791.857143,623.857143,841.857143,486.428571,608.714286,736.428571,447.571429,40.142857,5.069457,3.2945e-06,0.035265,0.001028
2.2.2.马尔代夫,马尔代夫 活跃UV,74.0,75.714286,66.142857,72.0,80.714286,81.428571,63.857143,82.0,-1.714286,-2.264151,-1.288e-07,-0.001379,-4e-05
2.2.2.马恩岛,马恩岛 活跃UV,29.428571,30.142857,28.0,28.0,25.0,30.428571,32.285714,32.857143,-0.714286,-2.369668,-1.8e-08,-0.000193,-6e-06
2.2.2.马拉维,马拉维 活跃UV,29.0,29.285714,26.714286,31.857143,31.714286,31.857143,35.0,36.571429,-0.285714,-0.97561,1.17e-08,0.000125,4e-06
2.2.2.马提尼克岛,马提尼克岛 活跃UV,7.428571,6.428571,6.571429,5.142857,3.285714,3.571429,6.0,6.428571,1.0,15.555556,-1.96e-08,-0.000209,-6e-06
2.2.2.马来西亚,马来西亚 活跃UV,491.857143,501.0,497.142857,477.428571,495.714286,488.857143,566.142857,568.142857,-9.142857,-1.824922,-5.36e-08,-0.000574,-1.7e-05
2.2.2.马约特,马约特 活跃UV,1.0,1.0,1.5,1.0,1.0,1.0,0.0,0.0,0.0,0.0,3.5e-09,3.7e-05,1e-06
2.2.2.马绍尔群岛,马绍尔群岛 活跃UV,1.0,1.0,1.2,1.0,1.0,1.0,1.0,1.0,0.0,0.0,-6.3e-09,-6.7e-05,-2e-06
2.2.2.马耳他,马耳他 活跃UV,292.428571,279.714286,280.428571,273.142857,276.714286,264.285714,253.142857,223.428571,12.714286,4.545455,2.9002e-06,0.031045,0.000905
2.2.2.马达加斯加,马达加斯加 活跃UV,25.142857,28.285714,26.285714,25.428571,26.142857,29.0,25.285714,26.428571,-3.142857,-11.111111,3.08e-08,0.00033,1e-05
2.2.2.马里,马里 活跃UV,118.428571,112.428571,117.571429,114.571429,125.714286,138.571429,107.285714,135.285714,6.0,5.336722,2.343e-07,0.002508,7.3e-05
2.2.2.黎巴嫩,黎巴嫩 活跃UV,785.571429,760.571429,730.0,687.714286,727.714286,706.428571,705.285714,805.714286,25.0,3.287002,1.1851e-06,0.012686,0.00037
2.2.2.黑山,黑山 活跃UV,909.857143,790.714286,751.142857,735.285714,686.285714,664.714286,618.714286,641.571429,119.142857,15.067751,1.80172e-05,0.192863,0.005622
3,整体 次日留存UV,235212.285714,231775.0,239583.714286,235628.428571,235355.428571,240825.571429,228077.285714,235682.714286,3437.285714,1.483027,,,
3.1,新用户 次日留存UV,5396.285714,5726.714286,6673.142857,6039.857143,6019.142857,6373.571429,6158.285714,6539.571429,-330.428571,-5.76995,,,
3.2,老用户 次日留存UV,229816.0,226048.285714,232910.571429,229588.571429,229336.285714,234452.0,221919.0,229143.142857,3767.714286,1.666774,,,
3.2.1,Android 次日留存UV,54091.714286,53419.0,54763.428571,55030.857143,54518.285714,55465.0,53145.142857,55244.285714,672.714286,1.259317,,,
3.2.1.unknow,unknow 次日留存UV,7.428571,5.714286,6.0,5.714286,6.285714,7.0,5.428571,6.571429,1.714286,30.0,,,
3.2.1.不丹,不丹 次日留存UV,0.428571,0.2,0.0,0.0,0.333333,0.285714,0.333333,1.0,0.228571,114.285714,,,
3.2.1.东帝汶,东帝汶 次日留存UV,2.428571,1.0,2.285714,2.0,1.285714,2.142857,1.428571,1.166667,1.428571,142.857143,,,
3.2.1.中国,中国 次日留存UV,67.142857,75.142857,78.714286,78.142857,74.714286,64.857143,61.0,62.571429,-8.0,-10.646388,,,
3.2.1.中非,中非 次日留存UV,1.0,0.2,0.333333,0.5,0.166667,0.166667,0.166667,0.25,0.8,400.0,,,
3.2.1.丹麦,丹麦 次日留存UV,32.571429,31.428571,26.571429,33.714286,28.285714,25.142857,32.142857,29.142857,1.142857,3.636364,,,
3.2.1.乌克兰,乌克兰 次日留存UV,452.0,412.285714,428.285714,441.285714,407.714286,408.714286,401.571429,432.142857,39.714286,9.63271,,,
3.2.1.乌兹别克斯坦,乌兹别克斯坦 次日留存UV,23.428571,26.285714,23.857143,25.0,22.142857,24.285714,22.714286,23.285714,-2.857143,-10.869565,,,
3.2.1.乌干达,乌干达 次日留存UV,26.285714,28.0,25.285714,26.142857,26.571429,29.714286,24.142857,26.714286,-1.714286,-6.122449,,,
3.2.1.乌拉圭,乌拉圭 次日留存UV,46.571429,40.428571,37.857143,38.571429,38.428571,40.857143,39.285714,33.285714,6.142857,15.194346,,,
3.2.1.乍得,乍得 次日留存UV,0.714286,1.285714,0.714286,0.714286,0.857143,0.428571,1.571429,1.142857,-0.571429,-44.444444,,,
3.2.1.也门,也门 次日留存UV,12.0,10.285714,13.285714,10.714286,13.857143,12.857143,12.571429,13.571429,1.714286,16.666667,,,
3.2.1.亚美尼亚,亚美尼亚 次日留存UV,31.0,30.0,32.571429,33.714286,31.142857,23.0,28.428571,35.428571,1.0,3.333333,,,
3.2.1.以色列,以色列 次日留存UV,87.428571,86.857143,55.428571,55.142857,44.857143,52.142857,50.285714,50.571429,0.571429,0.657895,,,
3.2.1.伊拉克,伊拉克 次日留存UV,70.0,77.142857,75.285714,80.857143,77.0,78.857143,82.0,105.714286,-7.142857,-9.259259,,,
3.2.1.伊朗,伊朗 次日留存UV,829.0,980.428571,1001.0,718.0,730.285714,794.571429,765.285714,613.0,-151.428571,-15.445141,,,
3.2.1.伯利兹,伯利兹 次日留存UV,7.285714,2.571429,5.0,4.714286,4.428571,4.142857,5.428571,4.428571,4.714286,183.333333,,,
3.2.1.佛得角,佛得角 次日留存UV,4.142857,3.285714,3.714286,4.142857,4.714286,4.285714,5.142857,4.142857,0.857143,26.086957,,,
3.2.1.俄罗斯,俄罗斯 次日留存UV,2483.142857,2342.857143,2388.0,2371.142857,2345.428571,2479.285714,2367.428571,2411.285714,140.285714,5.987805,,,
3.2.1.保加利亚,保加利亚 次日留存UV,87.285714,95.285714,99.0,86.571429,79.0,84.571429,81.142857,84.142857,-8.0,-8.395802,,,
3.2.1.克罗地亚,克罗地亚 次日留存UV,175.142857,171.571429,176.714286,182.428571,172.142857,150.428571,146.571429,160.571429,3.571429,2.081599,,,
3.2.1.关岛,关岛 次日留存UV,0.285714,0.857143,1.714286,2.0,1.285714,0.714286,1.0,1.142857,-0.571429,-66.666667,,,
3.2.1.冈比亚,冈比亚 次日留存UV,12.571429,14.0,14.857143,20.0,18.857143,13.428571,16.428571,38.285714,-1.428571,-10.204082,,,
3.2.1.冰岛,冰岛 次日留存UV,4.0,3.0,6.571429,7.285714,6.142857,6.0,4.714286,6.714286,1.0,33.333333,,,
3.2.1.几内亚,几内亚 次日留存UV,4.285714,3.571429,4.0,4.285714,3.571429,4.142857,3.285714,5.0,0.714286,20.0,,,
3.2.1.几内亚比绍,几内亚比绍 次日留存UV,1.142857,1.285714,1.5,0.166667,0.833333,0.428571,1.0,1.142857,-0.142857,-11.111111,,,
3.2.1.列支敦士登,列支敦士登 次日留存UV,0.0,0.0,0.0,0.0,0.0,0.0,1.5,1.0,0.0,,,,
3.2.1.刚果共和国,刚果共和国 次日留存UV,3.714286,2.857143,3.142857,2.857143,2.714286,2.857143,3.142857,2.857143,0.857143,30.0,,,
3.2.1.刚果民主共和国,刚果民主共和国 次日留存UV,26.714286,24.142857,25.857143,25.857143,26.571429,25.714286,29.0,26.285714,2.571429,10.650888,,,
3.2.1.利比亚,利比亚 次日留存UV,11.0,8.285714,11.857143,12.428571,12.714286,11.571429,10.0,16.285714,2.714286,32.758621,,,
3.2.1.利比里亚,利比里亚 次日留存UV,27.428571,32.285714,35.857143,30.428571,31.285714,33.428571,35.0,40.285714,-4.857143,-15.044248,,,
3.2.1.加拿大,加拿大 次日留存UV,577.0,596.428571,614.285714,588.714286,582.285714,585.714286,569.0,549.571429,-19.428571,-3.257485,,,
3.2.1.加纳,加纳 次日留存UV,43.142857,41.857143,43.857143,46.285714,47.714286,51.428571,47.285714,59.857143,1.285714,3.071672,,,
3.2.1.加蓬,加蓬 次日留存UV,1.142857,1.285714,1.142857,1.0,1.285714,1.0,1.428571,0.714286,-0.142857,-11.111111,,,
3.2.1.匈牙利,匈牙利 次日留存UV,80.714286,76.285714,74.571429,76.428571,78.285714,80.857143,72.0,79.428571,4.428571,5.805243,,,
3.2.1.北马其顿,北马其顿 次日留存UV,41.428571,43.285714,36.571429,40.571429,41.142857,43.428571,43.142857,51.285714,-1.857143,-4.290429,,,
3.2.1.北马里亚纳群岛,北马里亚纳群岛 次日留存UV,0.0,0.0,0.0,0.0,0.0,0.0,0.0,0.75,0.0,,,,
3.2.1.南极洲,南极洲 次日留存UV,1.0,0.0,0.0,0.0,0.0,0.0,0.0,0.0,1.0,,,,
3.2.1.南苏丹,南苏丹 次日留存UV,83.142857,96.857143,75.714286,79.0,79.857143,74.0,75.0,73.857143,-13.714286,-14.159292,,,
3.2.1.南非,南非 次日留存UV,302.142857,319.0,294.142857,300.285714,297.285714,275.285714,296.428571,309.0,-16.857143,-5.284371,,,
3.2.1.博茨瓦纳,博茨瓦纳 次日留存UV,8.857143,9.571429,6.0,7.857143,10.857143,8.714286,10.142857,9.285714,-0.714286,-7.462687,,,
3.2.1.卡塔尔,卡塔尔 次日留存UV,14.142857,13.0,13.571429,12.0,13.571429,14.285714,12.0,22.857143,1.142857,8.791209,,,
3.2.1.卢旺达,卢旺达 次日留存UV,13.714286,17.571429,15.571429,13.857143,15.0,10.857143,13.285714,15.428571,-3.857143,-21.95122,,,
3.2.1.卢森堡,卢森堡 次日留存UV,8.0,8.142857,6.857143,6.571429,8.0,7.0,7.285714,9.142857,-0.142857,-1.754386,,,
3.2.1.印度,印度 次日留存UV,606.714286,621.428571,643.0,648.142857,657.428571,664.285714,662.428571,739.714286,-14.714286,-2.367816,,,
3.2.1.印度尼西亚,印度尼西亚 次日留存UV,373.142857,371.285714,369.285714,368.714286,352.857143,358.428571,384.857143,367.857143,1.857143,0.500192,,,
3.2.1.危地马拉,危地马拉 次日留存UV,105.142857,90.285714,101.714286,106.428571,104.142857,106.857143,101.142857,104.285714,14.857143,16.455696,,,
3.2.1.厄瓜多尔,厄瓜多尔 次日留存UV,263.285714,251.714286,257.428571,268.857143,285.857143,276.714286,280.0,280.142857,11.571429,4.597049,,,
3.2.1.厄立特里亚,厄立特里亚 次日留存UV,0.0,0.0,0.0,0.0,0.0,0.0,0.0,0.0,0.0,,,,
3.2.1.叙利亚,叙利亚 次日留存UV,88.571429,82.857143,90.571429,89.0,85.714286,89.142857,91.0,122.428571,5.714286,6.896552,,,
3.2.1.古巴,古巴 次日留存UV,6.857143,5.0,5.285714,6.714286,6.571429,6.142857,7.428571,7.285714,1.857143,37.142857,,,
3.2.1.台湾,台湾 次日留存UV,27.428571,25.857143,21.857143,23.428571,25.714286,25.857143,21.285714,20.285714,1.571429,6.077348,,,
3.2.1.吉尔吉斯斯坦,吉尔吉斯斯坦 次日留存UV,15.571429,15.428571,12.714286,11.428571,13.857143,14.571429,16.285714,18.571429,0.142857,0.925926,,,
3.2.1.吉布提,吉布提 次日留存UV,0.0,0.4,0.333333,0.2,0.0,0.428571,0.4,0.5,-0.4,-100.0,,,
3.2.1.哈萨克斯坦,哈萨克斯坦 次日留存UV,120.0,113.0,110.571429,103.0,104.571429,93.0,98.714286,114.428571,7.0,6.19469,,,
3.2.1.哥伦比亚,哥伦比亚 次日留存UV,836.857143,826.857143,878.142857,858.285714,888.285714,828.428571,773.714286,814.571429,10.0,1.209399,,,
3.2.1.哥斯达黎加,哥斯达黎加 次日留存UV,77.285714,74.142857,74.714286,78.285714,75.142857,69.142857,72.285714,75.0,3.142857,4.238921,,,
3.2.1.喀麦隆,喀麦隆 次日留存UV,12.285714,12.0,9.285714,11.142857,11.0,11.571429,10.428571,13.285714,0.285714,2.380952,,,
3.2.1.图瓦卢,图瓦卢 次日留存UV,0.0,0.0,0.0,0.0,0.0,0.0,0.0,0.0,0.0,,,,
3.2.1.土库曼斯坦,土库曼斯坦 次日留存UV,3.285714,2.285714,3.142857,1.714286,2.428571,5.285714,5.714286,3.0,1.0,43.75,,,
3.2.1.土耳其,土耳其 次日留存UV,1126.571429,1113.285714,1098.714286,1091.285714,1050.857143,1057.571429,1075.285714,1294.0,13.285714,1.193379,,,
3.2.1.圣卢西亚,圣卢西亚 次日留存UV,4.142857,4.857143,5.142857,3.571429,3.571429,4.857143,2.428571,4.428571,-0.714286,-14.705882,,,
3.2.1.圣基茨和尼维斯,圣基茨和尼维斯 次日留存UV,0.4,1.571429,1.0,1.0,1.0,0.333333,0.5,1.285714,-1.171429,-74.545455,,,
3.2.1.圣多美和普林西比,圣多美和普林西比 次日留存UV,2.285714,2.0,2.142857,1.833333,2.0,2.142857,1.428571,1.857143,0.285714,14.285714,,,
3.2.1.圣巴泰勒米岛,圣巴泰勒米岛 次日留存UV,0.0,0.0,0.0,0.0,0.0,0.0,0.0,0.0,0.0,,,,
3.2.1.圣文森特和格林纳丁斯,圣文森特和格林纳丁斯 次日留存UV,1.0,2.857143,1.857143,1.428571,0.571429,1.666667,1.142857,2.0,-1.857143,-65.0,,,
3.2.1.圣皮埃尔和密克隆群岛,圣皮埃尔和密克隆群岛 次日留存UV,0.0,0.0,0.0,0.5,0.0,0.0,0.0,0.0,0.0,,,,
3.2.1.圣马力诺,圣马力诺 次日留存UV,1.0,0.0,0.0,0.333333,0.0,0.0,0.0,0.0,1.0,,,,
3.2.1.圭亚那,圭亚那 次日留存UV,7.428571,6.428571,10.285714,8.142857,8.0,8.714286,8.714286,8.428571,1.0,15.555556,,,
3.2.1.坦桑尼亚,坦桑尼亚 次日留存UV,33.571429,38.857143,33.142857,33.428571,38.285714,39.571429,46.285714,41.714286,-5.285714,-13.602941,,,
3.2.1.埃及,埃及 次日留存UV,278.142857,270.428571,271.857143,268.428571,279.142857,282.714286,299.571429,417.285714,7.714286,2.852615,,,
3.2.1.埃塞俄比亚,埃塞俄比亚 次日留存UV,27.571429,23.714286,31.571429,27.0,28.714286,30.857143,29.428571,32.142857,3.857143,16.26506,,,
3.2.1.基里巴斯,基里巴斯 次日留存UV,0.0,0.0,0.0,0.0,0.0,0.0,0.0,0.0,0.0,,,,
3.2.1.塔吉克斯坦,塔吉克斯坦 次日留存UV,4.428571,5.142857,5.571429,6.857143,4.285714,5.857143,4.0,3.714286,-0.714286,-13.888889,,,
3.2.1.塞内加尔,塞内加尔 次日留存UV,27.0,26.571429,27.142857,32.571429,32.142857,40.857143,65.571429,96.714286,0.428571,1.612903,,,
3.2.1.塞尔维亚,塞尔维亚 次日留存UV,328.0,308.571429,297.714286,315.428571,327.857143,321.714286,314.571429,333.0,19.428571,6.296296,,,
3.2.1.塞拉利昂,塞拉利昂 次日留存UV,5.857143,5.857143,7.285714,8.142857,7.142857,8.285714,6.571429,8.142857,0.0,0.0,,,
3.2.1.塞浦路斯,塞浦路斯 次日留存UV,42.428571,43.285714,45.285714,44.142857,45.571429,42.714286,40.714286,40.285714,-0.857143,-1.980198,,,
3.2.1.塞舌尔,塞舌尔 次日留存UV,4.142857,4.428571,2.428571,2.428571,2.428571,4.714286,4.285714,4.142857,-0.285714,-6.451613,,,
3.2.1.墨西哥,墨西哥 次日留存UV,1998.142857,1958.714286,1996.714286,1962.571429,1924.285714,1928.285714,1877.285714,1900.571429,39.428571,2.012982,,,
3.2.1.多哥,多哥 次日留存UV,4.285714,5.714286,3.714286,5.857143,7.285714,5.0,7.857143,10.0,-1.428571,-25.0,,,
3.2.1.多米尼克,多米尼克 次日留存UV,1.142857,0.75,0.5,0.5,0.2,0.2,0.166667,0.6,0.392857,52.380952,,,
3.2.1.多米尼加,多米尼加 次日留存UV,59.714286,54.0,54.285714,58.571429,61.285714,59.857143,65.142857,64.714286,5.714286,10.582011,,,
3.2.1.奥兰群岛,奥兰群岛 次日留存UV,1.333333,0.0,0.0,0.0,0.0,0.5,0.0,0.0,1.333333,,,,
3.2.1.奥地利,奥地利 次日留存UV,87.0,82.714286,77.285714,84.571429,82.142857,79.142857,85.428571,83.428571,4.285714,5.181347,,,
3.2.1.委内瑞拉,委内瑞拉 次日留存UV,254.285714,236.714286,180.0,169.571429,272.714286,274.285714,250.857143,268.714286,17.571429,7.423054,,,
3.2.1.孟加拉,孟加拉 次日留存UV,772.285714,729.571429,798.428571,862.571429,899.0,983.0,1146.285714,1424.428571,42.714286,5.854709,,,
3.2.1.安哥拉,安哥拉 次日留存UV,13.428571,17.428571,15.714286,14.571429,14.285714,18.285714,15.857143,14.857143,-4.0,-22.95082,,,
3.2.1.安圭拉,安圭拉 次日留存UV,0.333333,1.5,0.666667,0.0,0.0,0.5,0.4,0.666667,-1.166667,-77.777778,,,
3.2.1.安提瓜和巴布达,安提瓜和巴布达 次日留存UV,5.428571,5.714286,7.714286,5.714286,5.285714,5.0,3.142857,4.285714,-0.285714,-5.0,,,
3.2.1.安道尔,安道尔 次日留存UV,1.0,0.857143,1.333333,1.714286,1.142857,0.428571,1.142857,2.428571,0.142857,16.666667,,,
3.2.1.密克罗尼西亚联邦,密克罗尼西亚联邦 次日留存UV,0.0,0.0,0.0,0.0,0.0,0.0,0.333333,0.0,0.0,,,,
3.2.1.尼加拉瓜,尼加拉瓜 次日留存UV,43.714286,43.0,42.428571,50.857143,40.0,39.285714,39.0,44.142857,0.714286,1.66113,,,
3.2.1.尼日利亚,尼日利亚 次日留存UV,345.285714,348.857143,353.714286,330.714286,340.285714,358.0,373.857143,424.571429,-3.571429,-1.023751,,,
3.2.1.尼日尔,尼日尔 次日留存UV,2.142857,3.714286,3.571429,3.714286,4.285714,3.428571,3.857143,6.857143,-1.571429,-42.307692,,,
3.2.1.尼泊尔,尼泊尔 次日留存UV,30.0,32.142857,31.571429,34.714286,32.285714,34.428571,34.142857,38.428571,-2.142857,-6.666667,,,
3.2.1.巴勒斯坦,巴勒斯坦 次日留存UV,8.142857,8.142857,8.428571,7.714286,9.571429,8.0,11.142857,17.714286,0.0,0.0,,,
3.2.1.巴哈马,巴哈马 次日留存UV,7.714286,7.857143,8.285714,7.571429,9.571429,6.285714,8.428571,7.285714,-0.142857,-1.818182,,,
3.2.1.巴基斯坦,巴基斯坦 次日留存UV,399.142857,384.285714,370.285714,391.428571,400.0,397.428571,477.0,679.571429,14.857143,3.866171,,,
3.2.1.巴巴多斯,巴巴多斯 次日留存UV,4.571429,3.285714,5.428571,2.571429,1.857143,1.285714,2.571429,3.714286,1.285714,39.130435,,,
3.2.1.巴布亚新几内亚,巴布亚新几内亚 次日留存UV,6.142857,5.142857,6.714286,6.0,6.857143,5.857143,4.0,5.857143,1.0,19.444444,,,
3.2.1.巴拉圭,巴拉圭 次日留存UV,72.0,62.285714,63.285714,70.285714,71.571429,70.428571,71.285714,70.857143,9.714286,15.59633,,,
3.2.1.巴拿马,巴拿马 次日留存UV,46.857143,44.428571,45.857143,49.142857,50.857143,39.857143,43.142857,46.0,2.428571,5.466238,,,
3.2.1.巴林,巴林 次日留存UV,4.571429,3.0,4.857143,4.857143,6.0,3.571429,4.428571,9.428571,1.571429,52.380952,,,
3.2.1.巴西,巴西 次日留存UV,25004.0,24503.142857,25593.571429,26242.0,25483.571429,26805.142857,24395.857143,24124.285714,500.857143,2.044053,,,
3.2.1.布基纳法索,布基纳法索 次日留存UV,17.857143,18.428571,20.714286,19.714286,18.285714,23.0,22.857143,27.428571,-0.571429,-3.100775,,,
3.2.1.布隆迪,布隆迪 次日留存UV,4.142857,7.428571,7.571429,6.285714,9.428571,9.428571,8.428571,9.857143,-3.285714,-44.230769,,,
3.2.1.希腊,希腊 次日留存UV,340.714286,321.857143,303.0,325.285714,300.857143,280.142857,275.857143,270.0,18.857143,5.858855,,,
3.2.1.帕劳,帕劳 次日留存UV,0.0,0.0,0.0,0.0,0.0,0.0,0.0,0.25,0.0,,,,
3.2.1.库克群岛,库克群岛 次日留存UV,1.0,0.8,0.666667,0.0,0.75,0.2,0.333333,0.75,0.2,25.0,,,
3.2.1.库拉索,库拉索 次日留存UV,2.714286,2.142857,1.571429,2.857143,2.714286,3.142857,3.571429,4.285714,0.571429,26.666667,,,
3.2.1.开曼群岛,开曼群岛 次日留存UV,1.142857,1.0,0.714286,1.333333,2.714286,2.285714,1.857143,1.428571,0.142857,14.285714,,,
3.2.1.德国,德国 次日留存UV,1141.857143,1190.428571,1141.142857,1068.428571,1061.428571,1026.714286,1072.428571,1144.0,-48.571429,-4.080163,,,
3.2.1.意大利,意大利 次日留存UV,551.142857,518.857143,522.857143,542.428571,543.428571,542.428571,555.571429,509.428571,32.285714,6.222467,,,
3.2.1.所罗门群岛,所罗门群岛 次日留存UV,0.428571,1.0,1.428571,1.571429,1.285714,1.285714,0.5,1.428571,-0.571429,-57.142857,,,
3.2.1.拉脱维亚,拉脱维亚 次日留存UV,66.285714,56.857143,57.714286,68.142857,61.857143,62.857143,59.142857,49.285714,9.428571,16.582915,,,
3.2.1.挪威,挪威 次日留存UV,67.0,55.142857,50.0,56.714286,56.571429,53.142857,52.285714,52.142857,11.857143,21.502591,,,
3.2.1.捷克,捷克 次日留存UV,73.571429,81.142857,67.714286,75.714286,70.714286,67.428571,77.857143,69.571429,-7.571429,-9.330986,,,
3.2.1.摩尔多瓦,摩尔多瓦 次日留存UV,33.0,28.0,31.857143,31.571429,25.285714,29.714286,28.571429,39.142857,5.0,17.857143,,,
3.2.1.摩洛哥,摩洛哥 次日留存UV,110.285714,108.142857,103.714286,110.571429,116.142857,107.285714,113.142857,142.0,2.142857,1.981506,,,
3.2.1.摩纳哥,摩纳哥 次日留存UV,0.4,0.4,0.5,1.2,0.833333,0.4,0.833333,0.25,0.0,0.0,,,
3.2.1.文莱,文莱 次日留存UV,5.428571,3.142857,4.142857,4.857143,3.0,4.142857,3.714286,5.714286,2.285714,72.727273,,,
3.2.1.斐济,斐济 次日留存UV,4.142857,4.571429,3.857143,6.571429,4.428571,4.857143,3.142857,3.285714,-0.428571,-9.375,,,
3.2.1.斯威士兰,斯威士兰 次日留存UV,2.714286,3.714286,3.285714,2.571429,1.428571,0.714286,1.714286,1.428571,-1.0,-26.923077,,,
3.2.1.斯洛伐克,斯洛伐克 次日留存UV,61.142857,51.0,54.714286,63.285714,53.0,50.0,45.857143,53.857143,10.142857,19.887955,,,
3.2.1.斯洛文尼亚,斯洛文尼亚 次日留存UV,23.0,21.142857,26.428571,21.857143,24.142857,23.0,20.714286,23.285714,1.857143,8.783784,,,
3.2.1.斯里兰卡,斯里兰卡 次日留存UV,37.285714,41.285714,33.428571,43.857143,42.0,39.571429,39.714286,50.571429,-4.0,-9.688581,,,
3.2.1.新加坡,新加坡 次日留存UV,89.571429,90.142857,85.0,96.0,83.571429,83.714286,81.428571,95.428571,-0.571429,-0.633914,,,
3.2.1.新喀里多尼亚,新喀里多尼亚 次日留存UV,0.0,0.0,0.0,0.0,0.0,0.0,0.5,0.2,0.0,,,,
3.2.1.新西兰,新西兰 次日留存UV,46.714286,44.571429,41.285714,41.714286,42.714286,47.571429,44.714286,48.285714,2.142857,4.807692,,,
3.2.1.日本,日本 次日留存UV,55.0,54.142857,53.714286,69.857143,73.285714,63.857143,82.428571,89.714286,0.857143,1.583113,,,
3.2.1.智利,智利 次日留存UV,247.0,260.285714,249.285714,250.571429,264.285714,238.428571,241.0,258.0,-13.285714,-5.104281,,,
3.2.1.柬埔寨,柬埔寨 次日留存UV,5.0,6.571429,5.857143,6.0,6.571429,6.0,7.285714,5.714286,-1.571429,-23.913043,,,
3.2.1.根西岛,根西岛 次日留存UV,0.2,0.0,0.333333,0.4,0.285714,0.714286,0.75,1.0,0.2,,,,
3.2.1.格林纳达,格林纳达 次日留存UV,0.857143,1.571429,1.714286,3.285714,2.142857,1.0,1.333333,2.571429,-0.714286,-45.454545,,,
3.2.1.格陵兰,格陵兰 次日留存UV,0.5,0.0,0.666667,0.666667,0.0,0.0,0.0,0.0,0.5,,,,
3.2.1.格鲁吉亚,格鲁吉亚 次日留存UV,76.714286,66.571429,70.714286,70.0,73.285714,66.142857,69.714286,57.714286,10.142857,15.236052,,,
3.2.1.梵蒂冈,梵蒂冈 次日留存UV,0.0,0.0,0.0,0.0,0.0,0.5,0.0,0.0,0.0,,,,
3.2.1.比利时,比利时 次日留存UV,89.857143,85.0,85.142857,73.285714,72.142857,71.857143,70.714286,83.714286,4.857143,5.714286,,,
3.2.1.毛里塔尼亚,毛里塔尼亚 次日留存UV,2.714286,3.285714,3.0,4.285714,2.571429,2.714286,3.0,4.571429,-0.571429,-17.391304,,,
3.2.1.毛里求斯,毛里求斯 次日留存UV,12.571429,14.0,11.142857,13.571429,11.0,12.285714,9.714286,13.857143,-1.428571,-10.204082,,,
3.2.1.汤加,汤加 次日留存UV,0.5,0.0,0.0,0.0,0.0,0.0,0.0,0.0,0.5,,,,
3.2.1.沙特阿拉伯,沙特阿拉伯 次日留存UV,54.857143,57.571429,56.428571,60.285714,65.0,67.857143,69.857143,123.428571,-2.714286,-4.71464,,,
3.2.1.法国,法国 次日留存UV,384.0,381.571429,365.142857,360.142857,372.142857,382.428571,387.571429,425.0,2.428571,0.636466,,,
3.2.1.法属圣马丁,法属圣马丁 次日留存UV,0.0,0.0,0.0,1.166667,0.0,0.0,0.0,0.0,0.0,,,,
3.2.1.法属圭亚那,法属圭亚那 次日留存UV,0.5,0.25,0.714286,0.571429,0.5,0.333333,0.285714,0.714286,0.25,100.0,,,
3.2.1.法属波利尼西亚,法属波利尼西亚 次日留存UV,1.333333,0.4,1.714286,0.428571,1.4,1.0,0.428571,1.285714,0.933333,233.333333,,,
3.2.1.法罗群岛,法罗群岛 次日留存UV,0.833333,0.5,0.666667,0.333333,0.0,1.0,0.0,0.666667,0.333333,66.666667,,,
3.2.1.波兰,波兰 次日留存UV,298.0,273.857143,274.428571,285.857143,273.0,242.285714,278.428571,291.714286,24.142857,8.815858,,,
3.2.1.波多黎各,波多黎各 次日留存UV,40.0,36.571429,36.857143,33.142857,40.571429,37.857143,41.142857,39.142857,3.428571,9.375,,,
3.2.1.波黑,波黑 次日留存UV,144.857143,135.285714,145.428571,148.857143,154.714286,156.571429,150.142857,179.571429,9.571429,7.074974,,,
3.2.1.泰国,泰国 次日留存UV,81.571429,78.0,79.285714,75.571429,73.857143,72.0,74.0,75.428571,3.571429,4.578755,,,
3.2.1.泽西岛,泽西岛 次日留存UV,2.142857,0.714286,1.571429,2.142857,0.666667,0.5,0.285714,2.0,1.428571,200.0,,,
3.2.1.津巴布韦,津巴布韦 次日留存UV,11.142857,13.571429,11.857143,11.857143,12.285714,13.0,12.571429,17.285714,-2.428571,-17.894737,,,
3.2.1.洪都拉斯,洪都拉斯 次日留存UV,82.285714,79.285714,83.285714,83.428571,85.857143,78.571429,74.714286,74.714286,3.0,3.783784,,,
3.2.1.海地,海地 次日留存UV,46.857143,54.285714,62.142857,62.285714,58.714286,56.0,65.571429,65.857143,-7.428571,-13.684211,,,
3.2.1.澳大利亚,澳大利亚 次日留存UV,321.857143,347.142857,336.428571,306.0,315.571429,320.714286,344.142857,341.0,-25.285714,-7.283951,,,
3.2.1.澳门,澳门 次日留存UV,0.5,0.25,0.0,0.428571,1.25,0.714286,0.857143,1.0,0.25,100.0,,,
3.2.1.爱尔兰,爱尔兰 次日留存UV,129.714286,129.285714,107.285714,133.142857,117.428571,103.714286,107.142857,120.714286,0.428571,0.331492,,,
3.2.1.爱沙尼亚,爱沙尼亚 次日留存UV,49.857143,37.0,36.142857,40.714286,35.714286,37.857143,35.857143,29.714286,12.857143,34.749035,,,
3.2.1.牙买加,牙买加 次日留存UV,22.714286,19.857143,24.857143,25.571429,22.714286,25.428571,21.428571,22.714286,2.857143,14.388489,,,
3.2.1.特克斯和凯科斯群岛,特克斯和凯科斯群岛 次日留存UV,1.285714,1.714286,1.0,1.166667,1.333333,0.5,0.833333,0.666667,-0.428571,-25.0,,,
3.2.1.特立尼达和多巴哥,特立尼达和多巴哥 次日留存UV,31.285714,29.285714,33.571429,34.285714,33.571429,28.571429,31.857143,37.285714,2.0,6.829268,,,
3.2.1.玻利维亚,玻利维亚 次日留存UV,108.571429,107.285714,107.285714,100.857143,101.714286,101.428571,111.428571,136.0,1.285714,1.198402,,,
3.2.1.瑙鲁,瑙鲁 次日留存UV,0.0,0.0,0.0,0.0,0.0,0.0,0.0,0.0,0.0,,,,
3.2.1.瑞典,瑞典 次日留存UV,144.571429,137.428571,134.714286,142.0,144.857143,128.428571,123.285714,118.857143,7.142857,5.197505,,,
3.2.1.瑞士,瑞士 次日留存UV,98.857143,96.571429,98.142857,95.714286,89.714286,82.285714,81.0,92.0,2.285714,2.366864,,,
3.2.1.瓜德罗普,瓜德罗普 次日留存UV,0.666667,1.0,0.714286,1.714286,1.285714,1.166667,0.4,0.857143,-0.333333,-33.333333,,,
3.2.1.瓦利斯和富图纳群岛,瓦利斯和富图纳群岛 次日留存UV,0.0,0.0,0.0,0.0,0.0,0.0,0.0,0.0,0.0,,,,
3.2.1.瓦努阿图,瓦努阿图 次日留存UV,0.428571,0.333333,0.5,0.4,0.4,1.0,0.4,0.333333,0.095238,28.571429,,,
3.2.1.留尼汪岛,留尼汪岛 次日留存UV,5.0,2.857143,1.333333,3.0,2.428571,1.571429,2.428571,1.857143,2.142857,75.0,,,
3.2.1.白俄罗斯,白俄罗斯 次日留存UV,231.142857,203.142857,225.714286,233.714286,209.714286,206.0,197.571429,202.142857,28.0,13.783404,,,
3.2.1.百慕大,百慕大 次日留存UV,2.428571,1.714286,1.857143,3.0,2.142857,1.714286,1.285714,1.0,0.714286,41.666667,,,
3.2.1.直布罗陀,直布罗陀 次日留存UV,1.285714,2.142857,1.285714,0.571429,0.857143,1.0,0.5,1.857143,-0.857143,-40.0,,,
3.2.1.福克兰群岛,福克兰群岛 次日留存UV,0.0,0.0,0.0,0.0,0.0,0.0,0.0,0.0,0.0,,,,
3.2.1.科威特,科威特 次日留存UV,8.285714,9.857143,9.571429,9.285714,11.142857,11.571429,9.857143,15.0,-1.571429,-15.942029,,,
3.2.1.科摩罗,科摩罗 次日留存UV,0.857143,1.571429,0.857143,1.142857,1.0,0.857143,0.714286,2.428571,-0.714286,-45.454545,,,
3.2.1.科特迪瓦,科特迪瓦 次日留存UV,13.857143,13.142857,14.142857,11.571429,15.285714,16.142857,12.285714,17.428571,0.714286,5.434783,,,
3.2.1.科索沃,科索沃 次日留存UV,6.571429,3.142857,3.0,3.142857,2.571429,3.142857,3.571429,5.0,3.428571,109.090909,,,
3.2.1.秘鲁,秘鲁 次日留存UV,467.714286,466.714286,488.142857,481.714286,510.571429,471.428571,479.571429,528.0,1.0,0.214264,,,
3.2.1.突尼斯,突尼斯 次日留存UV,54.714286,54.857143,51.857143,53.857143,55.285714,56.0,57.428571,51.571429,-0.142857,-0.260417,,,
3.2.1.立陶宛,立陶宛 次日留存UV,70.714286,55.857143,63.0,75.0,57.285714,59.428571,66.285714,59.714286,14.857143,26.598465,,,
3.2.1.索马里,索马里 次日留存UV,13.571429,11.285714,12.571429,12.571429,11.285714,11.714286,10.0,14.714286,2.285714,20.253165,,,
3.2.1.约旦,约旦 次日留存UV,38.714286,39.285714,35.0,30.571429,32.428571,31.428571,31.571429,57.714286,-0.571429,-1.454545,,,
3.2.1.纳米比亚,纳米比亚 次日留存UV,6.0,5.571429,6.857143,6.857143,6.857143,8.285714,5.0,4.285714,0.428571,7.692308,,,
3.2.1.纽埃岛,纽埃岛 次日留存UV,0.5,0.25,0.333333,0.5,0.0,0.0,0.0,0.0,0.25,100.0,,,
3.2.1.缅甸,缅甸 次日留存UV,16.0,15.142857,24.285714,28.428571,25.0,27.857143,24.714286,17.285714,0.857143,5.660377,,,
3.2.1.罗马尼亚,罗马尼亚 次日留存UV,191.142857,186.714286,186.857143,184.714286,198.285714,184.571429,178.714286,206.714286,4.428571,2.371844,,,
3.2.1.美国,美国 次日留存UV,4153.571429,4279.857143,4674.714286,4232.857143,4454.0,4336.142857,4263.0,4416.571429,-126.285714,-2.950699,,,
3.2.1.美属维尔京群岛,美属维尔京群岛 次日留存UV,1.0,1.142857,1.0,0.857143,0.714286,1.0,1.0,0.666667,-0.142857,-12.5,,,
3.2.1.美属萨摩亚,美属萨摩亚 次日留存UV,0.0,0.0,0.0,0.0,0.0,0.0,0.0,0.0,0.0,,,,
3.2.1.老挝,老挝 次日留存UV,0.571429,1.285714,1.571429,1.285714,1.428571,2.0,1.857143,2.142857,-0.714286,-55.555556,,,
3.2.1.肯尼亚,肯尼亚 次日留存UV,222.142857,221.571429,230.857143,221.142857,222.285714,223.571429,222.571429,230.142857,0.571429,0.257898,,,
3.2.1.芬兰,芬兰 次日留存UV,127.571429,120.714286,124.714286,107.428571,114.857143,99.0,106.857143,104.142857,6.857143,5.680473,,,
3.2.1.苏丹,苏丹 次日留存UV,6.142857,6.0,6.428571,5.571429,3.428571,4.285714,4.428571,7.285714,0.142857,2.380952,,,
3.2.1.苏里南,苏里南 次日留存UV,3.142857,4.142857,4.428571,2.571429,2.142857,2.857143,3.142857,3.428571,-1.0,-24.137931,,,
3.2.1.英国,英国 次日留存UV,1687.857143,1703.428571,1636.571429,1722.571429,1651.714286,1514.428571,1484.428571,1874.428571,-15.571429,-0.914123,,,
3.2.1.英属印度洋领地,英属印度洋领地 次日留存UV,0.0,0.0,0.5,0.5,0.5,0.0,0.0,0.0,0.0,,,,
3.2.1.英属维尔京群岛,英属维尔京群岛 次日留存UV,1.428571,2.142857,1.571429,1.428571,2.0,1.571429,0.428571,1.142857,-0.714286,-33.333333,,,
3.2.1.荷兰,荷兰 次日留存UV,517.142857,502.857143,483.142857,486.571429,499.0,486.0,466.571429,528.857143,14.285714,2.840909,,,
3.2.1.荷兰加勒比,荷兰加勒比 次日留存UV,0.2,0.5,0.0,0.25,0.0,0.75,0.5,0.0,-0.3,-60.0,,,
3.2.1.荷属圣马丁,荷属圣马丁 次日留存UV,1.0,1.5,0.4,1.333333,0.714286,0.5,0.428571,0.857143,-0.5,-33.333333,,,
3.2.1.荷属安的列斯,荷属安的列斯 次日留存UV,0.0,0.0,0.0,0.0,0.0,0.0,0.0,0.0,0.0,,,,
3.2.1.莫桑比克,莫桑比克 次日留存UV,84.142857,93.285714,91.571429,99.571429,100.571429,97.285714,105.714286,110.714286,-9.142857,-9.800919,,,
3.2.1.莱索托,莱索托 次日留存UV,1.571429,2.0,2.285714,2.428571,1.714286,2.0,1.142857,1.857143,-0.428571,-21.428571,,,
3.2.1.菲律宾,菲律宾 次日留存UV,410.0,420.428571,433.857143,429.285714,463.428571,458.428571,472.285714,487.428571,-10.428571,-2.480462,,,
3.2.1.萨尔瓦多,萨尔瓦多 次日留存UV,88.714286,87.571429,90.428571,86.285714,85.0,85.714286,76.428571,81.285714,1.142857,1.305057,,,
3.2.1.萨摩亚,萨摩亚 次日留存UV,0.8,0.0,0.0,0.5,0.0,0.0,1.0,0.5,0.8,,,,
3.2.1.葡萄牙,葡萄牙 次日留存UV,300.571429,301.571429,291.142857,292.714286,298.0,330.571429,284.857143,294.571429,-1.0,-0.331596,,,
3.2.1.蒙古,蒙古 次日留存UV,1.285714,1.571429,1.571429,1.571429,2.285714,2.285714,2.571429,1.857143,-0.285714,-18.181818,,,
3.2.1.蒙塞拉特岛,蒙塞拉特岛 次日留存UV,0.0,0.0,0.666667,0.0,0.5,0.0,0.0,0.0,0.0,,,,
3.2.1.西班牙,西班牙 次日留存UV,585.0,570.428571,552.285714,555.142857,549.571429,549.285714,538.0,569.428571,14.571429,2.55447,,,
3.2.1.贝宁,贝宁 次日留存UV,10.714286,8.714286,12.285714,13.571429,13.0,9.142857,12.857143,17.571429,2.0,22.95082,,,
3.2.1.赞比亚,赞比亚 次日留存UV,20.428571,18.285714,21.142857,19.142857,22.714286,22.571429,23.857143,21.142857,2.142857,11.71875,,,
3.2.1.赤道几内亚,赤道几内亚 次日留存UV,0.142857,0.428571,1.428571,1.714286,0.142857,0.285714,0.857143,1.142857,-0.285714,-66.666667,,,
3.2.1.越南,越南 次日留存UV,43.428571,44.0,39.857143,36.714286,40.714286,42.428571,38.142857,44.857143,-0.571429,-1.298701,,,
3.2.1.阿塞拜疆,阿塞拜疆 次日留存UV,64.0,63.428571,69.714286,61.714286,58.428571,67.0,62.428571,66.571429,0.571429,0.900901,,,
3.2.1.阿富汗,阿富汗 次日留存UV,18.857143,17.571429,17.428571,18.571429,22.571429,23.285714,27.0,39.0,1.285714,7.317073,,,
3.2.1.阿尔及利亚,阿尔及利亚 次日留存UV,53.857143,59.571429,54.0,57.428571,56.142857,62.714286,62.0,76.0,-5.714286,-9.592326,,,
3.2.1.阿尔巴尼亚,阿尔巴尼亚 次日留存UV,38.0,46.142857,38.142857,35.428571,42.857143,34.857143,33.428571,41.0,-8.142857,-17.647059,,,
3.2.1.阿曼,阿曼 次日留存UV,9.428571,10.714286,10.0,12.142857,8.571429,8.571429,11.142857,19.0,-1.285714,-12.0,,,
3.2.1.阿根廷,阿根廷 次日留存UV,786.857143,752.714286,661.142857,736.0,777.857143,696.857143,710.428571,773.571429,34.142857,4.535965,,,
3.2.1.阿联酋,阿联酋 次日留存UV,63.571429,55.714286,66.0,67.714286,65.714286,71.714286,71.142857,98.285714,7.857143,14.102564,,,
3.2.1.阿鲁巴,阿鲁巴 次日留存UV,3.0,4.0,5.142857,4.571429,3.142857,4.428571,3.428571,5.428571,-1.0,-25.0,,,
3.2.1.韩国,韩国 次日留存UV,63.857143,60.285714,59.285714,70.428571,60.142857,64.428571,64.0,68.714286,3.571429,5.924171,,,
3.2.1.香港,香港 次日留存UV,41.571429,73.571429,69.571429,38.142857,36.142857,53.285714,38.142857,53.142857,-32.0,-43.495146,,,
3.2.1.马尔代夫,马尔代夫 次日留存UV,5.428571,7.857143,5.0,5.571429,5.571429,3.571429,4.571429,6.714286,-2.428571,-30.909091,,,
3.2.1.马恩岛,马恩岛 次日留存UV,0.142857,1.0,0.0,0.428571,0.25,0.571429,1.0,0.333333,-0.857143,-85.714286,,,
3.2.1.马拉维,马拉维 次日留存UV,22.571429,26.428571,23.857143,26.714286,29.285714,26.285714,26.142857,27.714286,-3.857143,-14.594595,,,
3.2.1.马提尼克岛,马提尼克岛 次日留存UV,0.2,0.666667,0.666667,0.571429,0.6,0.5,0.0,0.428571,-0.466667,-70.0,,,
3.2.1.马来西亚,马来西亚 次日留存UV,107.714286,111.428571,98.428571,105.0,104.714286,108.571429,119.285714,126.857143,-3.714286,-3.333333,,,
3.2.1.马约特,马约特 次日留存UV,0.0,0.0,0.0,0.0,0.0,0.0,0.0,0.0,0.0,,,,
3.2.1.马绍尔群岛,马绍尔群岛 次日留存UV,0.0,0.0,0.0,0.5,0.0,0.0,0.0,0.0,0.0,,,,
3.2.1.马耳他,马耳他 次日留存UV,17.857143,20.428571,17.285714,25.142857,23.428571,19.571429,21.142857,20.571429,-2.571429,-12.587413,,,
3.2.1.马达加斯加,马达加斯加 次日留存UV,67.0,60.285714,62.0,71.285714,55.142857,61.285714,63.0,74.142857,6.714286,11.137441,,,
3.2.1.马里,马里 次日留存UV,16.285714,10.857143,11.142857,10.714286,12.571429,13.571429,7.285714,8.0,5.428571,50.0,,,
3.2.1.黎巴嫩,黎巴嫩 次日留存UV,98.857143,97.571429,88.857143,78.285714,90.285714,100.571429,93.571429,105.857143,1.285714,1.317716,,,
3.2.1.黑山,黑山 次日留存UV,67.714286,58.0,45.714286,48.571429,40.428571,42.857143,35.285714,34.285714,9.714286,16.748768,,,
3.2.2,iOS 次日留存UV,175724.428571,172629.285714,178147.142857,174557.714286,174818.0,178987.0,168773.857143,173898.857143,3095.142857,1.792942,,,
3.2.2.unknow,unknow 次日留存UV,11.285714,14.142857,12.428571,10.857143,8.857143,9.428571,10.142857,14.142857,-2.857143,-20.20202,,,
3.2.2.不丹,不丹 次日留存UV,0.0,0.25,0.142857,1.285714,0.333333,1.2,0.571429,0.666667,-0.25,-100.0,,,
3.2.2.东帝汶,东帝汶 次日留存UV,1.142857,1.428571,0.857143,0.857143,0.714286,1.142857,1.142857,1.571429,-0.285714,-20.0,,,
3.2.2.中国,中国 次日留存UV,49.857143,53.571429,53.0,78.714286,46.0,50.714286,46.0,49.142857,-3.714286,-6.933333,,,
3.2.2.中非,中非 次日留存UV,1.0,0.166667,0.666667,0.0,0.0,1.0,0.0,0.0,0.833333,500.0,,,
3.2.2.丹麦,丹麦 次日留存UV,294.428571,283.428571,238.142857,275.428571,218.285714,217.714286,211.285714,225.714286,11.0,3.881048,,,
3.2.2.乌克兰,乌克兰 次日留存UV,2118.285714,1962.571429,2032.0,2138.0,2043.428571,2004.428571,1897.714286,2008.571429,155.714286,7.934197,,,
3.2.2.乌兹别克斯坦,乌兹别克斯坦 次日留存UV,59.714286,69.285714,66.714286,55.857143,61.857143,54.0,56.428571,60.857143,-9.571429,-13.814433,,,
3.2.2.乌干达,乌干达 次日留存UV,31.857143,35.142857,33.571429,32.428571,31.0,31.142857,34.285714,34.714286,-3.285714,-9.349593,,,
3.2.2.乌拉圭,乌拉圭 次日留存UV,92.0,95.142857,89.714286,86.428571,93.0,89.857143,92.428571,83.428571,-3.142857,-3.303303,,,
3.2.2.乍得,乍得 次日留存UV,0.571429,1.142857,0.5,1.0,0.714286,0.666667,0.571429,0.571429,-0.571429,-50.0,,,
3.2.2.也门,也门 次日留存UV,2.428571,1.714286,1.857143,1.0,1.857143,1.428571,2.428571,2.857143,0.714286,41.666667,,,
3.2.2.亚美尼亚,亚美尼亚 次日留存UV,159.714286,156.0,154.142857,150.285714,151.857143,115.571429,115.857143,122.0,3.714286,2.380952,,,
3.2.2.以色列,以色列 次日留存UV,683.714286,699.285714,664.571429,708.428571,741.285714,750.142857,724.857143,805.428571,-15.571429,-2.226762,,,
3.2.2.伊拉克,伊拉克 次日留存UV,86.857143,85.285714,81.285714,87.571429,89.571429,88.0,103.428571,142.571429,1.571429,1.842546,,,
3.2.2.伊朗,伊朗 次日留存UV,452.571429,490.857143,498.857143,445.571429,511.0,537.571429,507.0,405.142857,-38.285714,-7.799767,,,
3.2.2.伯利兹,伯利兹 次日留存UV,15.857143,15.428571,15.142857,15.428571,13.285714,14.428571,17.142857,15.857143,0.428571,2.777778,,,
3.2.2.佛得角,佛得角 次日留存UV,16.0,14.428571,16.142857,19.285714,19.285714,19.142857,19.857143,17.714286,1.571429,10.891089,,,
3.2.2.俄罗斯,俄罗斯 次日留存UV,5295.142857,5167.428571,5179.428571,5163.142857,5233.142857,5803.0,5202.857143,5094.571429,127.714286,2.471525,,,
3.2.2.保加利亚,保加利亚 次日留存UV,401.285714,364.571429,349.428571,346.714286,340.142857,339.428571,319.571429,341.285714,36.714286,10.070533,,,
3.2.2.克罗地亚,克罗地亚 次日留存UV,587.857143,531.285714,512.857143,543.285714,505.857143,448.428571,441.714286,425.571429,56.571429,10.648024,,,
3.2.2.关岛,关岛 次日留存UV,9.0,4.857143,9.0,9.857143,10.714286,10.428571,11.428571,11.571429,4.142857,85.294118,,,
3.2.2.冈比亚,冈比亚 次日留存UV,45.571429,55.714286,59.571429,60.285714,67.571429,70.428571,108.857143,148.857143,-10.142857,-18.205128,,,
3.2.2.冰岛,冰岛 次日留存UV,26.428571,31.285714,30.285714,33.285714,43.571429,38.142857,32.0,36.0,-4.857143,-15.525114,,,
3.2.2.几内亚,几内亚 次日留存UV,12.857143,11.714286,13.857143,11.142857,13.428571,15.571429,19.285714,19.714286,1.142857,9.756098,,,
3.2.2.几内亚比绍,几内亚比绍 次日留存UV,2.0,1.285714,2.285714,1.285714,3.142857,1.285714,2.0,1.857143,0.714286,55.555556,,,
3.2.2.列支敦士登,列支敦士登 次日留存UV,1.0,1.285714,1.571429,1.5,1.666667,1.142857,1.571429,2.142857,-0.285714,-22.222222,,,
3.2.2.刚果共和国,刚果共和国 次日留存UV,2.285714,2.714286,3.285714,3.571429,5.714286,5.0,2.285714,5.857143,-0.428571,-15.789474,,,
3.2.2.刚果民主共和国,刚果民主共和国 次日留存UV,21.428571,15.428571,17.714286,18.0,19.428571,21.428571,17.142857,20.142857,6.0,38.888889,,,
3.2.2.利比亚,利比亚 次日留存UV,21.714286,19.571429,17.714286,21.571429,20.571429,18.571429,20.142857,23.142857,2.142857,10.948905,,,
3.2.2.利比里亚,利比里亚 次日留存UV,39.571429,42.142857,40.428571,40.0,43.857143,40.714286,44.0,41.714286,-2.571429,-6.101695,,,
3.2.2.加拿大,加拿大 次日留存UV,3085.857143,3266.0,3293.714286,3056.571429,2957.142857,3033.428571,2910.714286,2898.714286,-180.142857,-5.515703,,,
3.2.2.加纳,加纳 次日留存UV,184.714286,194.857143,197.857143,201.714286,207.428571,221.857143,204.714286,252.142857,-10.142857,-5.205279,,,
3.2.2.加蓬,加蓬 次日留存UV,0.333333,0.333333,0.333333,0.2,0.5,0.5,0.6,0.2,0.0,0.0,,,
3.2.2.匈牙利,匈牙利 次日留存UV,262.0,253.285714,238.0,252.571429,227.714286,240.142857,225.142857,232.142857,8.714286,3.440496,,,
3.2.2.北马其顿,北马其顿 次日留存UV,173.714286,164.0,144.285714,154.0,154.714286,173.285714,169.142857,184.428571,9.714286,5.923345,,,
3.2.2.北马里亚纳群岛,北马里亚纳群岛 次日留存UV,0.5,0.0,0.0,0.0,0.0,0.0,0.5,0.0,0.5,,,,
3.2.2.南极洲,南极洲 次日留存UV,0.0,0.0,0.0,0.0,1.0,0.5,0.5,0.0,0.0,,,,
3.2.2.南苏丹,南苏丹 次日留存UV,30.142857,31.285714,25.428571,23.571429,25.142857,17.857143,21.285714,19.571429,-1.142857,-3.652968,,,
3.2.2.南非,南非 次日留存UV,602.142857,601.571429,581.0,543.714286,588.0,552.285714,565.0,590.142857,0.571429,0.094989,,,
3.2.2.博茨瓦纳,博茨瓦纳 次日留存UV,10.428571,12.285714,11.714286,12.285714,14.428571,11.428571,18.571429,17.428571,-1.857143,-15.116279,,,
3.2.2.卡塔尔,卡塔尔 次日留存UV,71.0,75.571429,82.714286,76.714286,85.857143,77.428571,83.428571,107.571429,-4.571429,-6.049149,,,
3.2.2.卢旺达,卢旺达 次日留存UV,13.714286,14.428571,14.142857,10.857143,11.714286,10.0,11.0,10.428571,-0.714286,-4.950495,,,
3.2.2.卢森堡,卢森堡 次日留存UV,46.714286,41.142857,38.857143,41.571429,40.571429,44.142857,40.571429,49.285714,5.571429,13.541667,,,
3.2.2.印度,印度 次日留存UV,82.714286,79.571429,85.428571,78.142857,86.0,86.142857,89.142857,98.428571,3.142857,3.949731,,,
3.2.2.印度尼西亚,印度尼西亚 次日留存UV,414.142857,391.571429,401.857143,418.714286,397.571429,388.0,392.0,427.571429,22.571429,5.76432,,,
3.2.2.危地马拉,危地马拉 次日留存UV,161.285714,154.142857,167.857143,163.428571,186.571429,160.0,161.142857,174.428571,7.142857,4.63392,,,
3.2.2.厄瓜多尔,厄瓜多尔 次日留存UV,378.0,372.714286,353.857143,372.0,402.0,378.142857,370.714286,387.0,5.285714,1.418168,,,
3.2.2.厄立特里亚,厄立特里亚 次日留存UV,0.25,0.25,0.0,0.0,0.0,0.0,0.0,0.0,0.0,0.0,,,
3.2.2.叙利亚,叙利亚 次日留存UV,24.0,26.0,24.285714,23.142857,20.571429,23.0,21.428571,37.857143,-2.0,-7.692308,,,
3.2.2.古巴,古巴 次日留存UV,3.714286,2.428571,3.428571,4.857143,5.0,5.142857,4.0,6.428571,1.285714,52.941176,,,
3.2.2.台湾,台湾 次日留存UV,37.285714,34.285714,35.0,35.428571,42.714286,32.571429,42.857143,43.428571,3.0,8.75,,,
3.2.2.吉尔吉斯斯坦,吉尔吉斯斯坦 次日留存UV,81.714286,81.0,79.285714,75.285714,69.714286,73.0,70.857143,93.285714,0.714286,0.881834,,,
3.2.2.吉布提,吉布提 次日留存UV,0.2,0.8,0.571429,0.714286,0.0,0.5,0.2,0.333333,-0.6,-75.0,,,
3.2.2.哈萨克斯坦,哈萨克斯坦 次日留存UV,529.571429,561.0,527.857143,518.571429,523.857143,538.428571,485.0,549.571429,-31.428571,-5.602241,,,
3.2.2.哥伦比亚,哥伦比亚 次日留存UV,2173.714286,2072.0,2168.428571,2154.142857,2206.714286,2173.428571,1945.857143,1988.142857,101.714286,4.908991,,,
3.2.2.哥斯达黎加,哥斯达黎加 次日留存UV,160.285714,156.428571,153.0,155.571429,161.142857,164.428571,164.857143,146.714286,3.857143,2.465753,,,
3.2.2.喀麦隆,喀麦隆 次日留存UV,59.0,53.714286,55.714286,53.285714,55.142857,61.285714,64.857143,66.285714,5.285714,9.840426,,,
3.2.2.图瓦卢,图瓦卢 次日留存UV,0.0,0.0,0.0,0.0,0.0,0.0,0.0,0.0,0.0,,,,
3.2.2.土库曼斯坦,土库曼斯坦 次日留存UV,0.833333,0.714286,0.833333,0.714286,0.6,1.428571,1.142857,1.428571,0.119048,16.666667,,,
3.2.2.土耳其,土耳其 次日留存UV,2695.714286,2564.0,2479.714286,2524.857143,2432.142857,2421.857143,2387.428571,2959.571429,131.714286,5.137063,,,
3.2.2.圣卢西亚,圣卢西亚 次日留存UV,21.0,21.571429,16.857143,11.428571,12.714286,15.571429,14.857143,14.428571,-0.571429,-2.649007,,,
3.2.2.圣基茨和尼维斯,圣基茨和尼维斯 次日留存UV,3.0,4.142857,2.714286,4.571429,1.285714,1.428571,2.142857,3.714286,-1.142857,-27.586207,,,
3.2.2.圣多美和普林西比,圣多美和普林西比 次日留存UV,0.6,0.5,0.0,1.333333,0.833333,0.428571,1.0,0.428571,0.1,20.0,,,
3.2.2.圣巴泰勒米岛,圣巴泰勒米岛 次日留存UV,0.857143,0.4,0.5,1.0,1.142857,1.0,0.8,1.5,0.457143,114.285714,,,
3.2.2.圣文森特和格林纳丁斯,圣文森特和格林纳丁斯 次日留存UV,4.428571,8.571429,4.857143,3.428571,3.428571,4.142857,2.571429,5.857143,-4.142857,-48.333333,,,
3.2.2.圣皮埃尔和密克隆群岛,圣皮埃尔和密克隆群岛 次日留存UV,0.0,0.0,0.0,1.0,0.0,0.0,0.0,0.0,0.0,,,,
3.2.2.圣马力诺,圣马力诺 次日留存UV,0.8,0.666667,0.75,0.833333,0.25,0.5,0.285714,0.833333,0.133333,20.0,,,
3.2.2.圭亚那,圭亚那 次日留存UV,19.857143,19.571429,19.285714,18.571429,19.142857,14.571429,17.0,26.714286,0.285714,1.459854,,,
3.2.2.坦桑尼亚,坦桑尼亚 次日留存UV,58.142857,50.428571,57.142857,48.714286,46.285714,50.571429,54.428571,41.571429,7.714286,15.29745,,,
3.2.2.埃及,埃及 次日留存UV,368.428571,357.285714,361.285714,360.428571,376.285714,354.571429,379.428571,449.714286,11.142857,3.118752,,,
3.2.2.埃塞俄比亚,埃塞俄比亚 次日留存UV,15.142857,9.142857,10.285714,12.571429,13.0,13.142857,12.857143,10.714286,6.0,65.625,,,
3.2.2.基里巴斯,基里巴斯 次日留存UV,0.75,0.0,0.0,0.333333,0.0,0.0,0.333333,0.5,0.75,,,,
3.2.2.塔吉克斯坦,塔吉克斯坦 次日留存UV,9.0,7.142857,7.0,6.857143,6.857143,7.142857,8.714286,9.714286,1.857143,26.0,,,
3.2.2.塞内加尔,塞内加尔 次日留存UV,76.857143,71.142857,75.0,80.857143,100.142857,120.428571,179.714286,277.571429,5.714286,8.032129,,,
3.2.2.塞尔维亚,塞尔维亚 次日留存UV,1198.571429,1079.714286,1075.571429,1079.857143,1099.714286,1144.285714,1222.571429,1244.142857,118.857143,11.008203,,,
3.2.2.塞拉利昂,塞拉利昂 次日留存UV,21.285714,20.428571,22.571429,21.857143,28.714286,26.142857,22.571429,22.0,0.857143,4.195804,,,
3.2.2.塞浦路斯,塞浦路斯 次日留存UV,236.714286,246.428571,227.714286,237.428571,225.285714,218.571429,211.571429,199.571429,-9.714286,-3.942029,,,
3.2.2.塞舌尔,塞舌尔 次日留存UV,15.857143,14.0,11.857143,11.142857,8.571429,8.428571,12.142857,14.142857,1.857143,13.265306,,,
3.2.2.墨西哥,墨西哥 次日留存UV,3182.428571,3045.0,3132.142857,3095.428571,3135.857143,3087.428571,2920.285714,3033.142857,137.428571,4.513254,,,
3.2.2.多哥,多哥 次日留存UV,6.0,8.142857,8.0,7.428571,7.142857,6.428571,7.714286,12.428571,-2.142857,-26.315789,,,
3.2.2.多米尼克,多米尼克 次日留存UV,2.571429,4.142857,4.142857,3.714286,2.285714,1.714286,1.571429,2.857143,-1.571429,-37.931034,,,
3.2.2.多米尼加,多米尼加 次日留存UV,338.571429,328.857143,311.571429,318.428571,334.285714,345.857143,338.857143,357.428571,9.714286,2.953953,,,
3.2.2.奥兰群岛,奥兰群岛 次日留存UV,0.333333,0.857143,0.25,0.0,0.4,0.25,0.333333,1.0,-0.52381,-61.111111,,,
3.2.2.奥地利,奥地利 次日留存UV,362.857143,361.142857,339.714286,348.714286,364.0,360.142857,360.571429,370.285714,1.714286,0.474684,,,
3.2.2.委内瑞拉,委内瑞拉 次日留存UV,226.285714,181.857143,123.285714,140.571429,260.428571,263.0,232.142857,243.714286,44.428571,24.430479,,,
3.2.2.孟加拉,孟加拉 次日留存UV,101.285714,92.285714,97.714286,116.571429,128.0,122.714286,134.571429,179.857143,9.0,9.752322,,,
3.2.2.安哥拉,安哥拉 次日留存UV,55.857143,55.571429,54.714286,49.142857,47.714286,52.0,56.0,56.285714,0.285714,0.514139,,,
3.2.2.安圭拉,安圭拉 次日留存UV,3.857143,3.142857,2.714286,1.857143,0.857143,3.857143,3.285714,2.571429,0.714286,22.727273,,,
3.2.2.安提瓜和巴布达,安提瓜和巴布达 次日留存UV,13.0,17.142857,14.428571,14.571429,13.714286,14.857143,14.714286,18.285714,-4.142857,-24.166667,,,
3.2.2.安道尔,安道尔 次日留存UV,5.285714,6.571429,6.285714,3.0,5.714286,4.428571,3.857143,3.0,-1.285714,-19.565217,,,
3.2.2.密克罗尼西亚联邦,密克罗尼西亚联邦 次日留存UV,0.0,0.0,0.0,0.0,0.0,0.0,0.5,0.0,0.0,,,,
3.2.2.尼加拉瓜,尼加拉瓜 次日留存UV,46.714286,47.0,46.714286,43.571429,42.857143,47.142857,42.571429,51.714286,-0.285714,-0.607903,,,
3.2.2.尼日利亚,尼日利亚 次日留存UV,1554.571429,1556.0,1531.285714,1559.857143,1581.714286,1647.714286,1630.285714,2106.857143,-1.428571,-0.091811,,,
3.2.2.尼日尔,尼日尔 次日留存UV,3.714286,4.571429,3.0,2.285714,3.142857,2.285714,3.0,5.0,-0.857143,-18.75,,,
3.2.2.尼泊尔,尼泊尔 次日留存UV,23.857143,25.142857,26.714286,20.0,22.857143,24.285714,29.714286,28.285714,-1.285714,-5.113636,,,
3.2.2.巴勒斯坦,巴勒斯坦 次日留存UV,104.714286,97.0,96.428571,100.428571,104.714286,112.285714,108.714286,139.0,7.714286,7.952872,,,
3.2.2.巴哈马,巴哈马 次日留存UV,54.714286,54.714286,58.857143,60.571429,55.0,52.571429,48.571429,54.714286,0.0,0.0,,,
3.2.2.巴基斯坦,巴基斯坦 次日留存UV,201.428571,180.571429,186.857143,175.285714,193.142857,199.714286,227.714286,443.857143,20.857143,11.550633,,,
3.2.2.巴巴多斯,巴巴多斯 次日留存UV,22.857143,21.857143,16.142857,16.571429,24.571429,26.0,24.285714,24.285714,1.0,4.575163,,,
3.2.2.巴布亚新几内亚,巴布亚新几内亚 次日留存UV,1.714286,2.428571,2.857143,2.285714,2.285714,2.285714,1.142857,1.571429,-0.714286,-29.411765,,,
3.2.2.巴拉圭,巴拉圭 次日留存UV,235.142857,231.714286,231.428571,244.0,252.714286,275.571429,269.571429,249.0,3.428571,1.479655,,,
3.2.2.巴拿马,巴拿马 次日留存UV,111.857143,116.571429,117.142857,120.714286,133.571429,127.0,129.714286,134.285714,-4.714286,-4.044118,,,
3.2.2.巴林,巴林 次日留存UV,25.0,23.714286,27.714286,24.714286,30.714286,32.571429,30.285714,35.571429,1.285714,5.421687,,,
3.2.2.巴西,巴西 次日留存UV,74082.285714,72214.714286,74325.428571,75062.428571,74021.0,79655.714286,71841.428571,69988.857143,1867.571429,2.586137,,,
3.2.2.布基纳法索,布基纳法索 次日留存UV,30.142857,29.142857,30.571429,31.285714,29.285714,36.285714,31.714286,47.428571,1.0,3.431373,,,
3.2.2.布隆迪,布隆迪 次日留存UV,3.428571,3.714286,3.0,2.714286,2.571429,2.714286,3.0,2.428571,-0.285714,-7.692308,,,
3.2.2.希腊,希腊 次日留存UV,1851.857143,1772.857143,1653.571429,1635.142857,1573.571429,1510.285714,1464.571429,1299.142857,79.0,4.456084,,,
3.2.2.帕劳,帕劳 次日留存UV,0.5,0.0,0.0,0.0,0.0,0.0,0.0,0.0,0.5,,,,
3.2.2.库克群岛,库克群岛 次日留存UV,2.142857,1.714286,1.428571,1.833333,0.333333,1.428571,1.857143,1.571429,0.428571,25.0,,,
3.2.2.库拉索,库拉索 次日留存UV,22.714286,19.714286,18.0,19.142857,22.285714,17.571429,25.0,25.857143,3.0,15.217391,,,
3.2.2.开曼群岛,开曼群岛 次日留存UV,13.142857,11.142857,9.571429,12.0,12.857143,11.285714,11.571429,19.142857,2.0,17.948718,,,
3.2.2.德国,德国 次日留存UV,4160.714286,4100.571429,4202.142857,4080.857143,4125.428571,3859.857143,3822.428571,3869.857143,60.142857,1.466695,,,
3.2.2.意大利,意大利 次日留存UV,1730.285714,1686.857143,1596.857143,1630.714286,1622.857143,1612.285714,1581.714286,1540.285714,43.428571,2.574526,,,
3.2.2.所罗门群岛,所罗门群岛 次日留存UV,1.285714,0.571429,0.5,0.857143,0.8,0.666667,0.714286,0.8,0.714286,125.0,,,
3.2.2.拉脱维亚,拉脱维亚 次日留存UV,300.714286,276.714286,282.571429,285.0,244.285714,222.714286,223.714286,214.571429,24.0,8.673206,,,
3.2.2.挪威,挪威 次日留存UV,219.0,178.714286,172.428571,203.0,300.0,297.142857,268.285714,249.714286,40.285714,22.541966,,,
3.2.2.捷克,捷克 次日留存UV,292.142857,280.0,284.285714,269.285714,265.285714,253.0,258.571429,275.714286,12.142857,4.336735,,,
3.2.2.摩尔多瓦,摩尔多瓦 次日留存UV,176.285714,158.714286,163.0,169.142857,150.714286,167.857143,156.285714,171.285714,17.571429,11.071107,,,
3.2.2.摩洛哥,摩洛哥 次日留存UV,156.857143,148.285714,148.428571,157.428571,153.428571,156.285714,150.571429,181.857143,8.571429,5.780347,,,
3.2.2.摩纳哥,摩纳哥 次日留存UV,12.571429,14.0,7.714286,8.142857,12.857143,13.857143,16.428571,11.285714,-1.428571,-10.204082,,,
3.2.2.文莱,文莱 次日留存UV,3.428571,4.0,5.428571,3.857143,2.857143,2.428571,3.0,5.857143,-0.571429,-14.285714,,,
3.2.2.斐济,斐济 次日留存UV,15.285714,15.714286,13.285714,14.571429,10.714286,11.571429,16.714286,13.714286,-0.428571,-2.727273,,,
3.2.2.斯威士兰,斯威士兰 次日留存UV,1.857143,0.857143,1.428571,2.285714,2.0,2.0,2.0,1.166667,1.0,116.666667,,,
3.2.2.斯洛伐克,斯洛伐克 次日留存UV,152.571429,140.285714,144.142857,160.571429,149.428571,139.428571,136.428571,147.0,12.285714,8.757637,,,
3.2.2.斯洛文尼亚,斯洛文尼亚 次日留存UV,89.857143,88.571429,84.0,86.571429,79.0,83.857143,74.571429,78.714286,1.285714,1.451613,,,
3.2.2.斯里兰卡,斯里兰卡 次日留存UV,58.571429,51.571429,54.285714,52.428571,54.714286,49.142857,56.857143,69.0,7.0,13.573407,,,
3.2.2.新加坡,新加坡 次日留存UV,220.142857,203.428571,183.0,182.285714,182.142857,182.571429,195.0,228.428571,16.714286,8.216292,,,
3.2.2.新喀里多尼亚,新喀里多尼亚 次日留存UV,0.571429,0.333333,1.333333,1.0,1.285714,0.0,1.285714,0.666667,0.238095,71.428571,,,
3.2.2.新西兰,新西兰 次日留存UV,185.571429,187.0,159.142857,166.0,153.571429,160.714286,156.428571,166.142857,-1.428571,-0.763942,,,
3.2.2.日本,日本 次日留存UV,202.428571,203.428571,201.285714,198.0,218.428571,223.857143,239.428571,298.857143,-1.0,-0.491573,,,
3.2.2.智利,智利 次日留存UV,437.285714,464.285714,429.142857,416.857143,407.714286,386.714286,367.857143,365.857143,-27.0,-5.815385,,,
3.2.2.柬埔寨,柬埔寨 次日留存UV,28.428571,26.714286,31.285714,29.285714,33.714286,34.857143,30.0,26.857143,1.714286,6.417112,,,
3.2.2.根西岛,根西岛 次日留存UV,5.285714,5.0,6.142857,6.0,8.428571,7.857143,4.714286,10.428571,0.285714,5.714286,,,
3.2.2.格林纳达,格林纳达 次日留存UV,5.142857,5.714286,6.714286,6.0,7.0,3.428571,5.857143,6.142857,-0.571429,-10.0,,,
3.2.2.格陵兰,格陵兰 次日留存UV,0.0,0.4,0.0,0.428571,0.25,0.0,0.166667,0.4,-0.4,-100.0,,,
3.2.2.格鲁吉亚,格鲁吉亚 次日留存UV,453.857143,413.0,406.0,384.142857,399.571429,398.142857,397.428571,349.571429,40.857143,9.892771,,,
3.2.2.梵蒂冈,梵蒂冈 次日留存UV,0.0,0.0,0.0,0.0,0.0,0.0,0.0,0.0,0.0,,,,
3.2.2.比利时,比利时 次日留存UV,360.142857,365.142857,338.428571,336.714286,313.142857,307.714286,290.571429,358.714286,-5.0,-1.369327,,,
3.2.2.毛里塔尼亚,毛里塔尼亚 次日留存UV,5.142857,4.571429,3.714286,3.714286,4.285714,5.0,5.0,8.142857,0.571429,12.5,,,
3.2.2.毛里求斯,毛里求斯 次日留存UV,36.0,31.857143,37.571429,29.428571,31.857143,32.857143,31.571429,31.142857,4.142857,13.004484,,,
3.2.2.汤加,汤加 次日留存UV,1.857143,1.166667,1.571429,0.666667,0.285714,1.0,1.0,0.857143,0.690476,59.183673,,,
3.2.2.沙特阿拉伯,沙特阿拉伯 次日留存UV,227.285714,220.571429,213.428571,208.857143,222.571429,229.285714,241.428571,310.571429,6.714286,3.044041,,,
3.2.2.法国,法国 次日留存UV,1334.142857,1320.142857,1282.428571,1226.428571,1271.714286,1282.0,1167.142857,1236.428571,14.0,1.060491,,,
3.2.2.法属圣马丁,法属圣马丁 次日留存UV,3.285714,5.571429,2.571429,1.714286,2.714286,3.0,3.142857,3.0,-2.285714,-41.025641,,,
3.2.2.法属圭亚那,法属圭亚那 次日留存UV,1.571429,2.0,1.571429,1.428571,1.857143,2.142857,2.142857,1.285714,-0.428571,-21.428571,,,
3.2.2.法属波利尼西亚,法属波利尼西亚 次日留存UV,6.0,4.285714,4.0,3.428571,2.571429,5.714286,4.571429,3.571429,1.714286,40.0,,,
3.2.2.法罗群岛,法罗群岛 次日留存UV,2.714286,1.428571,2.571429,1.428571,1.285714,1.142857,1.0,0.714286,1.285714,90.0,,,
3.2.2.波兰,波兰 次日留存UV,967.428571,853.285714,889.285714,946.714286,870.714286,831.0,835.714286,854.285714,114.142857,13.376863,,,
3.2.2.波多黎各,波多黎各 次日留存UV,244.0,244.428571,259.714286,249.857143,262.285714,262.714286,264.428571,270.285714,-0.428571,-0.175336,,,
3.2.2.波黑,波黑 次日留存UV,407.0,375.428571,385.285714,373.285714,404.428571,417.428571,417.285714,489.285714,31.571429,8.409437,,,
3.2.2.泰国,泰国 次日留存UV,222.285714,219.428571,188.0,203.571429,205.714286,197.571429,206.714286,220.714286,2.857143,1.302083,,,
3.2.2.泽西岛,泽西岛 次日留存UV,8.428571,11.285714,5.285714,8.571429,8.142857,4.142857,6.428571,7.857143,-2.857143,-25.316456,,,
3.2.2.津巴布韦,津巴布韦 次日留存UV,15.571429,14.0,14.571429,12.714286,15.714286,17.714286,19.0,16.714286,1.571429,11.22449,,,
3.2.2.洪都拉斯,洪都拉斯 次日留存UV,132.857143,128.285714,130.142857,137.571429,133.714286,133.571429,124.714286,128.285714,4.571429,3.563474,,,
3.2.2.海地,海地 次日留存UV,30.285714,35.714286,37.0,37.142857,32.0,31.285714,40.0,40.142857,-5.428571,-15.2,,,
3.2.2.澳大利亚,澳大利亚 次日留存UV,2524.857143,2554.0,2539.285714,2431.428571,2445.285714,2540.142857,2631.714286,2532.857143,-29.142857,-1.141067,,,
3.2.2.澳门,澳门 次日留存UV,6.0,6.142857,5.714286,4.714286,5.0,4.857143,6.571429,8.857143,-0.142857,-2.325581,,,
3.2.2.爱尔兰,爱尔兰 次日留存UV,854.714286,860.142857,784.142857,900.285714,813.571429,767.142857,796.285714,959.714286,-5.428571,-0.631124,,,
3.2.2.爱沙尼亚,爱沙尼亚 次日留存UV,202.571429,182.285714,170.428571,180.285714,163.428571,157.142857,154.0,137.857143,20.285714,11.128527,,,
3.2.2.牙买加,牙买加 次日留存UV,123.142857,128.142857,120.142857,125.571429,113.0,115.285714,104.714286,115.571429,-5.0,-3.901895,,,
3.2.2.特克斯和凯科斯群岛,特克斯和凯科斯群岛 次日留存UV,17.142857,16.0,12.428571,13.285714,12.0,12.857143,18.857143,15.0,1.142857,7.142857,,,
3.2.2.特立尼达和多巴哥,特立尼达和多巴哥 次日留存UV,39.714286,38.142857,41.142857,36.857143,39.142857,37.0,33.428571,34.142857,1.571429,4.11985,,,
3.2.2.玻利维亚,玻利维亚 次日留存UV,105.142857,98.142857,97.857143,102.857143,105.714286,104.0,113.142857,136.285714,7.0,7.13246,,,
3.2.2.瑙鲁,瑙鲁 次日留存UV,0.0,0.0,0.0,0.0,0.0,0.0,0.0,0.0,0.0,,,,
3.2.2.瑞典,瑞典 次日留存UV,635.857143,609.857143,579.285714,560.285714,594.857143,504.571429,458.428571,421.714286,26.0,4.263294,,,
3.2.2.瑞士,瑞士 次日留存UV,424.714286,449.285714,453.142857,433.285714,411.0,396.714286,366.714286,408.571429,-24.571429,-5.468998,,,
3.2.2.瓜德罗普,瓜德罗普 次日留存UV,3.714286,3.285714,2.428571,2.428571,2.571429,2.857143,3.428571,3.428571,0.428571,13.043478,,,
3.2.2.瓦利斯和富图纳群岛,瓦利斯和富图纳群岛 次日留存UV,0.0,0.0,0.0,0.0,0.0,0.0,0.0,0.0,0.0,,,,
3.2.2.瓦努阿图,瓦努阿图 次日留存UV,0.857143,1.428571,1.428571,2.166667,2.857143,1.571429,1.142857,0.857143,-0.571429,-40.0,,,
3.2.2.留尼汪岛,留尼汪岛 次日留存UV,3.428571,2.857143,3.571429,4.714286,5.142857,4.714286,2.428571,6.142857,0.571429,20.0,,,
3.2.2.白俄罗斯,白俄罗斯 次日留存UV,803.428571,655.0,781.857143,791.0,714.857143,711.714286,697.857143,691.857143,148.428571,22.660851,,,
3.2.2.百慕大,百慕大 次日留存UV,13.142857,10.142857,11.0,10.571429,13.571429,11.142857,7.142857,9.0,3.0,29.577465,,,
3.2.2.直布罗陀,直布罗陀 次日留存UV,7.714286,9.142857,11.285714,10.285714,8.571429,7.142857,8.714286,8.428571,-1.428571,-15.625,,,
3.2.2.福克兰群岛,福克兰群岛 次日留存UV,0.0,0.0,1.0,0.0,0.0,0.0,0.0,0.0,0.0,,,,
3.2.2.科威特,科威特 次日留存UV,82.714286,90.428571,99.714286,87.428571,92.571429,90.428571,100.714286,122.142857,-7.714286,-8.530806,,,
3.2.2.科摩罗,科摩罗 次日留存UV,1.571429,1.428571,1.0,1.333333,1.0,1.428571,1.428571,1.571429,0.142857,10.0,,,
3.2.2.科特迪瓦,科特迪瓦 次日留存UV,52.0,52.714286,52.142857,54.857143,52.714286,68.857143,73.428571,85.857143,-0.714286,-1.355014,,,
3.2.2.科索沃,科索沃 次日留存UV,80.0,76.0,73.0,64.571429,66.142857,62.0,69.428571,67.285714,4.0,5.263158,,,
3.2.2.秘鲁,秘鲁 次日留存UV,575.857143,530.714286,567.285714,563.714286,598.0,555.714286,570.714286,592.714286,45.142857,8.506057,,,
3.2.2.突尼斯,突尼斯 次日留存UV,70.571429,67.857143,62.857143,67.428571,69.714286,68.0,65.142857,62.714286,2.714286,4.0,,,
3.2.2.立陶宛,立陶宛 次日留存UV,286.857143,241.0,250.428571,295.714286,252.285714,225.571429,231.0,221.714286,45.857143,19.02786,,,
3.2.2.索马里,索马里 次日留存UV,7.857143,10.571429,8.857143,8.0,6.714286,6.571429,7.714286,9.571429,-2.714286,-25.675676,,,
3.2.2.约旦,约旦 次日留存UV,71.0,69.857143,65.285714,66.714286,67.142857,70.428571,78.428571,108.0,1.142857,1.635992,,,
3.2.2.纳米比亚,纳米比亚 次日留存UV,18.142857,23.285714,20.0,22.142857,20.142857,20.0,20.0,22.285714,-5.142857,-22.08589,,,
3.2.2.纽埃岛,纽埃岛 次日留存UV,0.0,0.0,0.333333,0.6,1.0,0.0,0.0,0.0,0.0,,,,
3.2.2.缅甸,缅甸 次日留存UV,12.571429,11.0,11.571429,13.142857,14.714286,15.285714,12.714286,11.285714,1.571429,14.285714,,,
3.2.2.罗马尼亚,罗马尼亚 次日留存UV,668.857143,652.714286,621.142857,629.285714,636.285714,613.0,625.714286,672.285714,16.142857,2.473189,,,
3.2.2.美国,美国 次日留存UV,30058.0,30543.428571,34816.0,30273.857143,31529.0,30830.428571,30437.714286,31411.142857,-485.428571,-1.589306,,,
3.2.2.美属维尔京群岛,美属维尔京群岛 次日留存UV,6.857143,9.428571,11.857143,8.285714,9.714286,10.857143,8.857143,7.0,-2.571429,-27.272727,,,
3.2.2.美属萨摩亚,美属萨摩亚 次日留存UV,0.666667,0.0,0.333333,0.0,0.0,0.0,0.333333,0.333333,0.666667,,,,
3.2.2.老挝,老挝 次日留存UV,1.428571,1.857143,2.0,1.714286,2.571429,2.285714,1.285714,1.142857,-0.428571,-23.076923,,,
3.2.2.肯尼亚,肯尼亚 次日留存UV,71.571429,69.571429,61.142857,61.714286,70.0,65.571429,62.142857,64.0,2.0,2.874743,,,
3.2.2.芬兰,芬兰 次日留存UV,463.428571,476.142857,508.571429,473.142857,464.428571,447.142857,422.285714,385.285714,-12.714286,-2.670267,,,
3.2.2.苏丹,苏丹 次日留存UV,2.142857,1.714286,2.142857,2.428571,1.714286,2.0,3.0,2.714286,0.428571,25.0,,,
3.2.2.苏里南,苏里南 次日留存UV,8.428571,3.285714,7.142857,8.571429,6.428571,5.571429,7.714286,6.142857,5.142857,156.521739,,,
3.2.2.英国,英国 次日留存UV,11840.714286,11853.0,11429.714286,11554.142857,11210.571429,10519.142857,9967.285714,12750.714286,-12.285714,-0.103651,,,
3.2.2.英属印度洋领地,英属印度洋领地 次日留存UV,0.0,0.0,0.0,0.5,0.0,0.0,0.0,0.0,0.0,,,,
3.2.2.英属维尔京群岛,英属维尔京群岛 次日留存UV,4.571429,2.428571,1.714286,3.714286,5.0,2.571429,2.285714,3.142857,2.142857,88.235294,,,
3.2.2.荷兰,荷兰 次日留存UV,2693.714286,2534.714286,2432.285714,2520.142857,2613.857143,2541.142857,2346.714286,2441.285714,159.0,6.272896,,,
3.2.2.荷兰加勒比,荷兰加勒比 次日留存UV,1.571429,1.571429,2.142857,1.285714,1.857143,1.428571,0.571429,2.714286,0.0,0.0,,,
3.2.2.荷属圣马丁,荷属圣马丁 次日留存UV,12.428571,10.571429,13.857143,10.428571,8.428571,10.428571,13.714286,10.857143,1.857143,17.567568,,,
3.2.2.荷属安的列斯,荷属安的列斯 次日留存UV,0.0,0.0,0.0,0.0,0.833333,1.0,0.0,0.0,0.0,,,,
3.2.2.莫桑比克,莫桑比克 次日留存UV,36.0,30.428571,36.0,30.285714,28.285714,25.571429,26.571429,34.285714,5.571429,18.309859,,,
3.2.2.莱索托,莱索托 次日留存UV,2.571429,3.285714,2.571429,1.571429,3.714286,2.142857,3.571429,2.285714,-0.714286,-21.73913,,,
3.2.2.菲律宾,菲律宾 次日留存UV,1020.857143,959.857143,1030.714286,1029.571429,1117.428571,1096.285714,1090.428571,1142.571429,61.0,6.355112,,,
3.2.2.萨尔瓦多,萨尔瓦多 次日留存UV,89.142857,81.714286,90.571429,94.571429,94.0,78.571429,83.285714,85.857143,7.428571,9.090909,,,
3.2.2.萨摩亚,萨摩亚 次日留存UV,2.857143,2.0,0.5,0.857143,0.5,1.166667,2.0,1.666667,0.857143,42.857143,,,
3.2.2.葡萄牙,葡萄牙 次日留存UV,1743.857143,1686.0,1754.714286,1662.285714,1730.285714,1857.0,1718.857143,1765.285714,57.857143,3.431622,,,
3.2.2.蒙古,蒙古 次日留存UV,17.857143,16.857143,12.714286,9.142857,11.714286,10.714286,9.142857,9.142857,1.0,5.932203,,,
3.2.2.蒙塞拉特岛,蒙塞拉特岛 次日留存UV,0.0,0.0,0.0,0.0,0.0,0.0,0.0,0.0,0.0,,,,
3.2.2.西班牙,西班牙 次日留存UV,2875.857143,2762.285714,2653.714286,2664.428571,2630.142857,2633.142857,2477.428571,2562.428571,113.571429,4.111502,,,
3.2.2.贝宁,贝宁 次日留存UV,26.0,24.428571,28.714286,33.714286,31.0,29.714286,40.142857,46.571429,1.571429,6.432749,,,
3.2.2.赞比亚,赞比亚 次日留存UV,22.142857,23.0,29.285714,23.857143,26.857143,27.285714,24.142857,26.285714,-0.857143,-3.726708,,,
3.2.2.赤道几内亚,赤道几内亚 次日留存UV,0.714286,1.0,1.142857,0.714286,2.142857,1.714286,3.285714,1.714286,-0.285714,-28.571429,,,
3.2.2.越南,越南 次日留存UV,153.0,146.428571,145.0,149.714286,165.428571,158.142857,143.142857,142.857143,6.571429,4.487805,,,
3.2.2.阿塞拜疆,阿塞拜疆 次日留存UV,121.0,110.714286,97.571429,100.714286,101.285714,100.428571,93.714286,110.0,10.285714,9.290323,,,
3.2.2.阿富汗,阿富汗 次日留存UV,8.571429,7.571429,10.428571,11.0,11.0,11.571429,16.428571,20.857143,1.0,13.207547,,,
3.2.2.阿尔及利亚,阿尔及利亚 次日留存UV,20.428571,21.142857,21.0,21.428571,21.571429,22.857143,21.0,28.142857,-0.714286,-3.378378,,,
3.2.2.阿尔巴尼亚,阿尔巴尼亚 次日留存UV,400.571429,399.142857,356.285714,344.714286,316.285714,320.0,311.142857,301.285714,1.428571,0.35791,,,
3.2.2.阿曼,阿曼 次日留存UV,41.142857,38.428571,41.857143,48.142857,45.857143,44.571429,49.142857,96.285714,2.714286,7.063197,,,
3.2.2.阿根廷,阿根廷 次日留存UV,998.857143,1019.285714,884.714286,968.285714,978.142857,916.571429,927.428571,961.0,-20.428571,-2.004205,,,
3.2.2.阿联酋,阿联酋 次日留存UV,442.142857,440.285714,458.428571,477.714286,504.285714,519.857143,484.571429,649.0,1.857143,0.421804,,,
3.2.2.阿鲁巴,阿鲁巴 次日留存UV,37.857143,36.428571,38.857143,39.142857,28.0,36.0,36.285714,33.857143,1.428571,3.921569,,,
3.2.2.韩国,韩国 次日留存UV,98.142857,99.285714,108.0,107.0,114.857143,106.0,98.285714,102.142857,-1.142857,-1.151079,,,
3.2.2.香港,香港 次日留存UV,304.857143,293.714286,228.285714,309.428571,179.285714,228.285714,273.857143,179.285714,11.142857,3.793774,,,
3.2.2.马尔代夫,马尔代夫 次日留存UV,34.0,37.571429,32.714286,37.142857,40.571429,41.714286,30.571429,42.285714,-3.571429,-9.505703,,,
3.2.2.马恩岛,马恩岛 次日留存UV,10.714286,11.857143,9.714286,10.857143,8.285714,9.0,12.285714,12.285714,-1.142857,-9.638554,,,
3.2.2.马拉维,马拉维 次日留存UV,11.285714,10.428571,9.714286,10.428571,9.428571,12.571429,11.428571,15.428571,0.857143,8.219178,,,
3.2.2.马提尼克岛,马提尼克岛 次日留存UV,2.285714,2.857143,1.571429,2.428571,1.571429,0.714286,2.571429,2.714286,-0.571429,-20.0,,,
3.2.2.马来西亚,马来西亚 次日留存UV,166.285714,171.714286,166.571429,158.571429,163.714286,155.714286,197.714286,205.0,-5.428571,-3.161398,,,
3.2.2.马约特,马约特 次日留存UV,0.5,0.5,0.0,0.0,0.0,0.75,0.0,0.0,0.0,0.0,,,
3.2.2.马绍尔群岛,马绍尔群岛 次日留存UV,0.0,0.0,0.8,0.0,0.0,0.0,0.0,0.0,0.0,,,,
3.2.2.马耳他,马耳他 次日留存UV,130.142857,123.428571,120.142857,124.428571,122.571429,120.714286,113.0,92.428571,6.714286,5.439815,,,
3.2.2.马达加斯加,马达加斯加 次日留存UV,7.857143,8.857143,7.571429,8.285714,7.285714,9.714286,6.285714,8.428571,-1.0,-11.290323,,,
3.2.2.马里,马里 次日留存UV,40.571429,37.0,35.571429,33.428571,37.428571,44.714286,41.0,66.571429,3.571429,9.65251,,,
3.2.2.黎巴嫩,黎巴嫩 次日留存UV,270.428571,256.285714,244.714286,221.285714,248.428571,237.714286,228.857143,270.571429,14.142857,5.518395,,,
3.2.2.黑山,黑山 次日留存UV,381.428571,319.571429,304.142857,283.714286,259.714286,255.857143,224.142857,235.857143,61.857143,19.356281,,,
