月份,西班牙_iOS_新增月,西班牙_iOS_新增季,西班牙_iOS_新增年,西班牙_iOS_新增周,西班牙_iOS_续费月,西班牙_iOS_续费季,西班牙_iOS_续费年,西班牙_iOS_续费周,西班牙_Android_新增月,西班牙_Android_新增季,西班牙_Android_新增年,西班牙_Android_新增周,西班牙_Android_续费月,西班牙_Android_续费季,西班牙_Android_续费年,西班牙_Android_续费周,其他_iOS_新增月,其他_iOS_新增季,其他_iOS_新增年,其他_iOS_新增周,其他_iOS_续费月,其他_iOS_续费季,其他_iOS_续费年,其他_iOS_续费周,其他_Android_新增月,其他_Android_新增季,其他_Android_新增年,其他_Android_新增周,其他_Android_续费月,其他_Android_续费季,其他_Android_续费年,其他_Android_续费周,墨西哥_iOS_新增月,墨西哥_iOS_新增季,墨西哥_iOS_新增年,墨西哥_iOS_新增周,墨西哥_iOS_续费月,墨西哥_iOS_续费季,墨西哥_iOS_续费年,墨西哥_iOS_续费周,墨西哥_Android_新增月,墨西哥_Android_新增季,墨西哥_Android_新增年,墨西哥_Android_新增周,墨西哥_Android_续费月,墨西哥_Android_续费季,墨西哥_Android_续费年,墨西哥_Android_续费周,美国_iOS_新增月,美国_iOS_新增季,美国_iOS_新增年,美国_iOS_新增周,美国_iOS_续费月,美国_iOS_续费季,美国_iOS_续费年,美国_iOS_续费周,美国_Android_新增月,美国_Android_新增季,美国_Android_新增年,美国_Android_新增周,美国_Android_续费月,美国_Android_续费季,美国_Android_续费年,美国_Android_续费周,巴西_iOS_新增月,巴西_iOS_新增季,巴西_iOS_新增年,巴西_iOS_新增周,巴西_iOS_续费月,巴西_iOS_续费季,巴西_iOS_续费年,巴西_iOS_续费周,巴西_Android_新增月,巴西_Android_新增季,巴西_Android_新增年,巴西_Android_新增周,巴西_Android_续费月,巴西_Android_续费季,巴西_Android_续费年,巴西_Android_续费周,加拿大_iOS_新增月,加拿大_iOS_新增季,加拿大_iOS_新增年,加拿大_iOS_新增周,加拿大_iOS_续费月,加拿大_iOS_续费季,加拿大_iOS_续费年,加拿大_iOS_续费周,加拿大_Android_新增月,加拿大_Android_新增季,加拿大_Android_新增年,加拿大_Android_新增周,加拿大_Android_续费月,加拿大_Android_续费季,加拿大_Android_续费年,加拿大_Android_续费周,英国_iOS_新增月,英国_iOS_新增季,英国_iOS_新增年,英国_iOS_新增周,英国_iOS_续费月,英国_iOS_续费季,英国_iOS_续费年,英国_iOS_续费周,英国_Android_新增月,英国_Android_新增季,英国_Android_新增年,英国_Android_新增周,英国_Android_续费月,英国_Android_续费季,英国_Android_续费年,英国_Android_续费周,澳大利亚_iOS_新增月,澳大利亚_iOS_新增季,澳大利亚_iOS_新增年,澳大利亚_iOS_新增周,澳大利亚_iOS_续费月,澳大利亚_iOS_续费季,澳大利亚_iOS_续费年,澳大利亚_iOS_续费周,澳大利亚_Android_新增月,澳大利亚_Android_新增季,澳大利亚_Android_新增年,澳大利亚_Android_新增周,澳大利亚_Android_续费月,澳大利亚_Android_续费季,澳大利亚_Android_续费年,澳大利亚_Android_续费周
202101,4.6759375,,18.1278,,4.352894736842106,,16.728571428571428,,3.3514,7.2700000000000005,17.448875,,3.3506666666666667,7.766249999999999,19.01,,4.8537904703726324,,19.004355086794114,,4.576010269882971,,18.140955937266618,,3.2898495575221243,7.55030612244898,17.757517466231953,,3.3033417828474865,7.614808743169399,17.435526315789474,,4.8762393162393165,,18.811242603550294,,4.560075075075075,,17.758921568627454,,2.7561809045226133,6.365428571428571,13.158342857142857,,2.7602333333333333,6.341052631578948,14.793333333333335,,5.722858435097241,,22.030414155736736,,5.297745075584059,,21.03968998960859,,3.5430966292134833,7.950362694300519,18.06623502567028,,3.549763157894737,7.947612687813021,17.770350877192982,,4.928396101019052,,18.939264214046823,,4.704610791685095,,18.270809061488674,,2.3954572940287227,5.425033333333333,11.913538461538462,,2.3999935732647812,5.4151945080091535,13.377,,5.713846153846154,,22.017040540540542,,5.308952051408799,,21.174296296296298,,3.3914166666666667,8.099666666666668,18.169483282674772,,3.390824175824176,8.127333333333333,18.525,,4.75804897314376,,18.313725265271007,,4.430487170792358,,17.29918048780488,,3.421357048748353,8.12653846153846,18.220611353711792,,3.4315649978965084,8.4,18.655,,5.196817375886525,,19.830208728652753,,4.884621274268526,,19.077769423558898,,3.570588235294118,8.362333333333334,18.59375,,3.5732590051457978,8.353243243243243,17.673333333333336,
202102,4.666219512195122,,18.952765957446807,,4.4420819112627985,,18.339411764705883,,3.3495081967213114,7.203,17.379166666666666,,3.3249411764705883,7.99,16.015,,4.840183963901423,,19.309791666666666,,4.652736388014457,,19.019866539561487,,3.2808861386138615,7.589208633093526,17.781512605042018,,3.29833937326796,7.726040955631399,17.38939393939394,,4.92,,19.046303501945523,,4.645957767722473,,18.579891304347825,,2.709214285714286,6.487777777777778,13.150748299319728,,2.7180067567567567,6.2755882352941175,14.1,,5.737944222169923,,22.346412234402493,,5.375781236131246,,22.22745594028613,,3.545351913084554,7.9045367412140575,17.98608551541266,,3.5509055787358985,7.936118299445471,17.590434782608696,,4.936219709208401,,19.19571928460342,,4.779115834218916,,19.327277108433734,,2.3607329317269077,5.349456869009585,11.887615526802218,,2.3724893487522825,5.362054794520548,12.353333333333333,,5.706657101865137,,22.34851762820513,,5.401513903192585,,22.230617283950618,,3.4174,8.11107142857143,18.183409961685822,,3.392723880597015,8.263157894736842,18.726666666666667,,4.749405158069884,,18.429145325516817,,4.500061477786799,,18.46512168141593,,3.4755754475703324,8.383015873015873,18.65657458563536,,3.481806108897742,8.622673267326732,19.105999999999998,,5.206518771331058,,20.130007818608288,,4.969772972972973,,20.523408450704228,,3.5904907975460123,8.372916666666667,18.780590551181103,,3.5861698440207967,8.405263157894737,19.086666666666666,
202103,4.665612244897959,,17.779328859060403,,4.6919883040935675,,17.048292682926828,,3.3894117647058826,7.947500000000001,17.28515789473684,,3.3824193548387096,7.593999999999999,18.44,,4.825691362239673,,18.70197648624667,,4.908485845295056,,18.015555555555558,,3.2403508771929825,7.5006367041198505,17.447745945945947,,3.4192022086824068,7.524453125,17.398809523809526,,4.8809767441860465,,18.8827969348659,,5.050012594458439,,17.914545454545454,,2.6579881656804734,6.1866666666666665,13.112083333333334,,2.7031111111111112,6.162571428571429,15.1525,,5.695717054263566,,21.912677210475046,,5.834110832110981,,21.109858700040373,,3.545777871979652,7.905055248618785,17.82789251844046,,3.6937897209173807,7.943754385964912,17.989538461538462,,4.924672789896671,,18.98214025131739,,5.0513048347955944,,18.308337129840545,,2.2686016096579475,5.1396126760563385,11.568528138528139,,2.366848520023215,5.138802816901409,11.67,,5.703309455587393,,21.786965317919076,,5.837678268251273,,20.971342857142858,,3.4261658031088085,8.286,18.12462897526502,,3.5283778966131907,8.159705882352942,18.16,,4.731247747747748,,18.18832165498832,,4.8080351935646055,,17.50329283110571,,3.4843501326259942,8.630535714285715,18.60458947368421,,3.7045299469294917,8.524335664335664,19.150833333333335,,5.166845637583893,,19.706678726483357,,5.2240644692195835,,19.090057636887607,,3.5687407407407403,8.324347826086957,18.3923487544484,,3.6178762541806018,8.306923076923077,19.091666666666665,
202104,4.619545454545454,,18.682087912087912,,4.522653631284916,,17.544594594594592,,3.3240000000000003,7.143333333333334,17.577966101694912,,3.2903783783783784,7.4655555555555555,18.47,,4.814848484848485,,19.480046114825917,,4.736362395162864,,18.318523206751053,,3.235473948524796,7.541538461538462,17.680913705583755,,3.247083495145631,7.4974535809018565,17.98111111111111,,4.85765,,19.578034188034188,,4.781832718327183,,18.42553571428571,,2.7621666666666664,6.038571428571428,13.290422535211267,,2.7557371794871792,6.307894736842105,14.66,,5.672339212166015,,22.785800828933173,,5.508518269392462,,21.427152442860137,,3.543349106203996,7.915068965517241,18.180552845528453,,3.5537180363735814,7.97820895522388,17.82913043478261,,4.910559903672486,,19.68512594962015,,4.8439821156773215,,18.642175324675325,,2.29903078677309,5.217971360381862,11.771889168765743,,2.3005091137649276,5.2076975945017185,12.804444444444444,,5.659838945827233,,22.75494313874147,,5.5318129848917925,,21.452852233676975,,3.512137931034483,8.271739130434783,18.717671957671957,,3.4804659498207884,8.414242424242424,18.89,,4.718516411378555,,18.905753551575046,,4.5975613844788485,,17.842352941176472,,3.4661561561561562,8.241764705882353,18.845852660300135,,3.4695278310940503,8.459999999999999,19.04576923076923,,5.141482720178372,,20.58988911988912,,5.060142348754448,,19.485954692556636,,3.5605839416058394,8.34153846153846,18.696815642458102,,3.562945454545454,8.325714285714286,19.064,
202105,4.610408163265306,,16.438097826086956,,4.55609022556391,,17.634583333333335,,3.3971014492753624,7.335263157894737,17.46688172043011,,3.338323699421965,7.941666666666666,18.364166666666666,,4.805618022328549,,17.356980570975416,,4.828358788974243,,18.63294559099437,,3.2714581373471305,7.547463235294117,16.729053010808027,,3.3134962906600722,7.6765063291139235,17.927788778877886,,4.850591397849462,,17.668464163822524,,4.914130688448075,,18.45013698630137,,2.761027397260274,6.419375,13.006932515337423,,2.77959375,6.495581395348837,14.9035,,5.677057024251694,,20.229668846910304,,5.66161992556046,,21.492638815441566,,3.547846545146249,7.938497409326425,17.283630295250322,,3.5639159350891196,7.954503937007874,17.861531165311654,,4.925448933782267,,17.9433981981982,,4.93733194009056,,18.81489898989899,,2.414763406940063,5.457913533834587,11.390924092409241,,2.4362889879057925,5.468097731239092,13.061222222222222,,5.673182552504039,,20.262540540540538,,5.690917838638046,,21.3985,,3.607175925925926,8.559583333333334,18.372887537993922,,3.614213286713287,8.704102564102564,19.39910714285714,,4.72830223880597,,16.97670832291927,,4.713538711717409,,17.937292659675883,,3.5311802030456856,8.596301369863014,18.15819387755102,,3.5472590139808684,8.647238805970149,19.690212765957448,,5.197843915343916,,17.833153935185184,,5.153499335989375,,19.578591160220995,,3.593961038961039,8.385555555555555,17.11532786885246,,3.6002836879432625,8.373888888888889,19.368399999999998,
202106,4.607830188679245,,18.574177215189874,,4.570406091370558,,18.09441860465116,,3.3322000000000003,7.716666666666666,17.930519480519482,,3.3445698924731184,7.9471428571428575,18.2625,,4.794173172462739,,19.300189916346373,,4.801096820292962,,18.60123203285421,,3.283336698637052,7.5093856655290105,17.82567842605156,,3.298395750810227,7.65394472361809,17.50238219895288,,4.881049723756906,,19.081672597864767,,4.817477578475336,,19.066865671641793,,2.7360689655172417,6.366190476190476,14.080123456790124,,2.7595975232198144,6.378125,14.391052631578948,,5.652445057861769,,22.747097075477207,,5.608898610841057,,21.729280392156863,,3.53613698630137,7.961693811074918,18.005675675675676,,3.55872604140046,7.984391447368421,17.843974522292996,,4.930185070943862,,19.55095666394113,,4.910537855429942,,18.80601750547046,,2.5281952117863717,5.736283185840708,13.169848484848485,,2.5493831352574987,5.743599290780142,13.807956989247312,,5.64136638452237,,22.712669014084508,,5.634413511507053,,21.677471590909093,,3.544,8.60375,19.192638888888887,,3.5673121869782976,8.525454545454545,19.34176470588235,,4.690493975903615,,18.93324316015985,,4.685512682137075,,18.167436170212767,,3.4938746803069054,8.62718309859155,19.296461352657005,,3.5226312130691695,8.689302325581396,19.457268292682926,,5.155099502487562,,20.564832775919733,,5.148749722899579,,19.781901840490796,,3.4745967741935484,8.18764705882353,18.68780346820809,,3.544900332225914,8.26575,18.765283018867922,
202107,4.608897637795276,,18.797512437810948,,4.6866742081447965,,17.807966101694916,,3.28109756097561,7.5425,16.820289855072463,,3.2950510204081636,7.568965517241379,17.995454545454546,,4.7908543194134525,,19.340700164744646,,4.906439580259059,,18.82339344262295,,3.2237812789620017,7.28509375,17.447641395908544,,3.2666984126984127,7.49962703962704,17.586810897435896,,4.853481012658228,,19.62444015444015,,5.049989316239317,,19.060147058823528,,2.7504371584699454,6.4350000000000005,13.545714285714284,,2.7979885057471265,6.246,14.749722222222223,,5.705587293770007,,22.92602424242424,,5.833402894982427,,22.080792537075425,,3.5440357142857146,7.918559322033898,18.249135638297872,,3.5848835516739443,7.979616477272727,17.994524475524475,,4.923259436788496,,19.770528957528956,,5.060373240550372,,18.984100227790435,,2.474078164825828,5.622125850340136,12.579007263922518,,2.510793231094659,5.631143847487002,13.266971830985916,,5.686869806094183,,22.91447963800905,,5.870266666666667,,22.226302521008403,,3.4851515151515153,8.401785714285714,18.74176029962547,,3.5116773162939294,8.415277777777778,18.965607476635512,,4.742294007490637,,19.046033668044892,,4.84175172975173,,18.407982978723407,,3.4477830188679244,8.4,18.630037735849054,,3.507260450160772,8.437659574468086,19.377023411371237,,5.198559892328398,,20.82183399209486,,5.278441641727234,,20.32087818696884,,3.437865168539326,8.025882352941176,18.002031249999998,,3.439898648648649,8.019285714285715,18.364117647058823,
202108,4.5092763157894735,,18.28987603305785,,4.6460612691466086,,17.827638888888888,,3.1748958333333337,7.115294117647059,17.0294,,3.2827354260089683,7.229655172413793,17.473076923076924,,4.655825740318907,,19.109979867123013,,4.839926734092538,,18.584074319840745,,3.1763562231759654,7.304608150470219,17.49971369078605,,3.233957055214724,7.504977168949772,17.632883435582823,,4.7408791208791214,,19.25968503937008,,4.87210355987055,,18.150392156862743,,2.717564766839378,6.442857142857143,13.735974025974027,,2.751256544502618,6.397200000000001,14.499,,5.535175470552519,,22.47482680007599,,5.686357638200911,,21.35791512915129,,3.5088109074653553,7.92330303030303,18.23404657016992,,3.5561545745058587,7.9768845618915165,17.91253829321663,,4.755737791932059,,19.476639544344998,,4.965404348506179,,18.532049808429118,,2.434200913242009,5.505473321858863,12.34934131736527,,2.4344829317269077,5.512309058614565,12.86293103448276,,5.551383647798742,,22.455261797026502,,5.7120754119138155,,21.35272407732865,,3.6107766990291266,8.495185185185186,19.694589041095888,,3.686431718061674,8.797948717948717,19.96891891891892,,4.610674587964738,,18.716398148148148,,4.744207667731629,,17.69992460589445,,3.3847865168539326,8.45225352112676,18.726360505166475,,3.4625428921568626,8.50362962962963,19.304986666666668,,5.116991774383079,,20.671978221415607,,5.2053707672524645,,19.344073226544623,,3.257465753424657,7.898695652173912,17.78017857142857,,3.377392,7.905757575757575,18.19659793814433,
202109,4.583962264150943,,18.538,,4.647194092827005,,16.80272727272727,,3.2385135135135137,7.010909090909092,17.508125,,3.2651666666666666,7.62047619047619,16.592499999999998,,4.79236690923018,,19.366725583503285,,4.842737481732175,,17.59643564356436,,3.2071994062345373,7.425058365758755,17.596349124613802,,3.2362390670553935,7.543986636971047,17.294473684210526,,4.848333333333334,,19.68080568720379,,4.895102481121899,,17.49111111111111,,2.752175732217573,6.2711538461538465,13.263533333333333,,2.7546055979643764,6.401794871794872,15.146666666666667,,5.706287649517222,,22.895696812971764,,5.699033109167014,,20.23307104372886,,3.551959367945824,7.974792332268371,18.23748760842627,,3.5524681696063545,7.9976898222940225,17.908457792207795,,4.925751146788991,,19.728306609307783,,4.952205882352941,,17.451883289124666,,2.4305560235888795,5.503604436229205,12.274488017429194,,2.435404466501241,5.507790143084261,12.839935064935064,,5.721917562724014,,22.887720530835285,,5.73308968058968,,20.105007898894154,,3.7308152173913043,8.91074074074074,20.209964157706093,,3.7297941176470593,9.02344827586207,19.806527777777777,,4.739036208732695,,18.995636301603547,,4.7464020748192395,,16.74397583081571,,3.4498486932599723,8.476739130434783,18.720168539325844,,3.4386560565870914,8.518235294117646,18.968067796610168,,5.198725617685306,,20.7086176727909,,5.228016991297141,,18.335192926045014,,3.385,7.920434782608695,17.788951612903226,,3.368554817275747,7.873243243243243,18.00661971830986,
202110,4.687176470588236,,18.235113636363636,,4.714019607843137,,17.020517241379313,,3.287090909090909,7.1345,17.012613636363636,,3.2600396825396825,7.536969696969697,17.294074074074075,,4.78838229683327,,19.15330592105263,,4.927230255839822,,17.99561669829222,,3.190538258575198,7.274064748201439,17.095076660988074,,3.2737747064942786,7.39792490118577,17.254150943396226,,4.86237037037037,,19.237476635514017,,5.022407592407593,,17.845175438596492,,2.6976878612716764,6.2888,12.787481481481482,,2.754061135371179,6.209142857142857,14.444615384615386,,5.705719499478623,,22.57060168397763,,5.857314378370225,,20.82369186687238,,3.556099417823556,7.93117166212534,18.032417456215907,,3.6072616769836805,7.957472677595629,17.830667793744716,,4.91239224137931,,19.652080433101315,,5.060443695591126,,17.948404118404117,,2.3170272727272727,5.255318761384335,11.344237995824635,,2.36618029739777,5.241819620253165,12.41993006993007,,5.674269662921349,,22.55227205882353,,5.860289940828402,,20.798534107402034,,3.8075510204081633,8.921111111111111,20.225163636363636,,3.8872987721691676,9.109545454545454,20.350749999999998,,4.756199788583509,,18.67363440860215,,4.864558702020582,,17.202853470437017,,3.422857142857143,8.278245614035088,18.06234536082474,,3.4789110340843443,8.274225352112676,18.831666666666667,,5.180728323699422,,20.230304243394716,,5.327842519685039,,18.92596638655462,,3.4196103896103898,8.0,17.60573122529644,,3.429662379421222,7.998636363636364,17.964285714285715,
202111,4.622631578947368,,17.58754098360656,,4.684058577405858,,18.10422680412371,,3.1847222222222222,6.815,15.327042253521126,,3.159082969432314,7.0661764705882355,16.2996,,4.805967957276368,,18.279432155074115,,4.884753488372093,,19.222536978933217,,3.1405405405405404,7.080577777777778,15.917510141987831,,3.1693946919137046,7.247530120481928,16.70505,,4.856643835616438,,18.292291666666667,,4.943237113402062,,18.576785714285716,,2.6420289855072467,6.098571428571428,11.249430379746835,,2.6583018867924526,6.16574074074074,13.55925925925926,,5.646993027740691,,20.91826598000606,,5.770568976231163,,21.954296894513362,,3.5425421133231243,7.9452573529411765,17.117526142814462,,3.551871657754011,7.946666666666666,17.139654882154883,,4.905545876887341,,18.746221735959153,,5.007629588119921,,19.37676834295136,,2.303756194251734,5.223656462585034,10.564705882352941,,2.312824858757062,5.2286863711001645,11.89102189781022,,5.670195227765727,,20.470219690805536,,5.788553164951668,,22.245993413830952,,3.7519886363636363,8.817368421052631,19.27245733788396,,3.7630790190735692,8.953191489361702,20.129080459770115,,4.689264609323703,,17.35975832789027,,4.795955789804909,,18.460936873747496,,3.3708112324492983,8.208703703703703,16.7976844783715,,3.3665095168374815,8.260069444444445,17.94395,,5.167773386034256,,19.01064381270903,,5.287952316862142,,20.01055679287305,,3.385302013422819,7.959444444444445,16.71185873605948,,3.3580094786729857,7.8875,17.942894736842106,
202112,4.700659340659341,,16.0676,,4.740170212765958,,15.02195804195804,,3.1297297297297297,6.74,14.391949152542374,,3.211076233183857,7.337272727272727,14.838108108108107,,4.81359660865685,,16.36878328674415,,4.976119129438717,,16.322306590257877,,3.045270132517839,6.868599221789883,14.897577592732778,,3.170896759608139,7.268551587301587,15.350038461538462,,4.845147928994083,,16.370275862068965,,5.095767716535433,,16.112125,,2.6247191011235955,6.0874999999999995,10.336966824644549,,2.7245758928571426,6.0368085106382985,12.728679245283018,,5.677554427893273,,19.158477214586135,,5.936323596618173,,19.196505098662428,,3.5371937984496125,7.899065743944637,16.715426874536004,,3.607853529799868,7.957027439024391,16.75768618944324,,4.92340490797546,,16.720663944993554,,5.116077355460385,,16.210976070528968,,2.2611635475996743,5.111481994459833,9.62973849372385,,2.3075830678197544,5.129055232558139,11.00520737327189,,5.689197247706422,,19.578866822429905,,5.953889570552147,,19.58776536312849,,3.6775384615384614,8.667727272727273,18.423159509202453,,3.755244845360825,8.870263157894737,17.917951807228917,,4.738998189499095,,15.993890710382514,,4.912247989380807,,15.787186266771903,,3.315019556714472,7.901515151515151,15.776543967280162,,3.3870889333714613,8.203716216216216,16.756344827586208,,5.151106918238994,,17.64237783375315,,5.378649935885694,,17.377903930131005,,3.3051295336787563,7.842777777777777,15.69854794520548,,3.329984848484848,7.713953488372093,16.106494845360825,
202201,4.666031746031746,,16.087820512820514,,4.751777301927195,,17.73543859649123,,3.1822950819672133,7.200666666666667,15.559999999999999,,3.1380349344978167,7.143170731707317,16.304000000000002,,4.825093167701864,,17.01045904343046,,4.932580043518806,,19.156561616161614,,2.9887989690721652,6.777292418772563,15.546195933456561,,3.0989630746043706,7.164529058116233,16.66204678362573,,4.905695364238411,,16.61417283950617,,4.987779922779923,,18.539166666666667,,2.687709923664122,6.26,11.063436123348017,,2.7016268980477225,6.292,13.21271186440678,,5.7017139761646805,,19.800737312480052,,5.82684090909091,,22.090206274917662,,3.5285765124555164,7.870038461538462,17.411445857896368,,3.5490465582535085,7.942007926023779,17.998510638297873,,4.915695443645084,,17.252099869573318,,5.058319883582484,,19.075747051114025,,2.303108552631579,5.223417015341702,10.374570791527313,,2.3202030905077264,5.2427444794952685,11.603106796116505,,5.766581920903954,,19.799798206278027,,5.854569431204322,,22.067388825541617,,3.7497461928934013,8.854761904761904,18.849666666666668,,3.750217948717949,8.857272727272727,19.65277777777778,,4.772697368421053,,16.38015209125475,,4.846562922868742,,18.545,,3.355530434782609,8.223728813559323,16.61119419642857,,3.391056357972246,8.221085271317829,18.133547169811322,,5.187776073619632,,18.06606993736952,,5.3459330406147085,,19.98879954699887,,3.3223529411764705,7.733684210526316,16.21867741935484,,3.3181381381381385,7.758095238095238,17.36897435897436,
202202,4.571960784313725,,18.603977272727274,,4.767452380952381,,19.237435897435898,,3.1199999999999997,6.7299999999999995,16.524852941176473,,3.1343891402714936,6.938888888888889,15.911470588235295,,4.821974595842956,,19.019709526711356,,4.94984455073454,,19.89630852636767,,2.9222381262199084,6.897025641025642,16.293034090909092,,3.0817333333333337,7.173719912472648,16.88278215223097,,4.879292929292929,,18.843055555555555,,5.028714285714286,,19.692434210526315,,2.6824812030075185,6.207272727272727,11.910567375886526,,2.7083037974683544,6.281666666666666,13.331785714285715,,5.693593593593593,,22.47479415397283,,5.848357357023875,,23.037405102040818,,3.543981723237598,7.903816425120772,18.499240097008894,,3.5447457218606893,7.9543413173652695,18.04846857142857,,4.933493449781659,,19.272722580645162,,5.07485722485292,,19.80837147887324,,2.4517194570135747,5.5391224018475755,11.524280701754385,,2.460234411626817,5.573333333333333,12.358512396694216,,5.68734375,,22.372483050847457,,5.889153343023256,,23.127278911564623,,3.6939333333333337,8.487333333333334,19.866091549295774,,3.7187551867219915,8.878863636363636,19.835573770491802,,4.734397849462366,,18.564183417085427,,4.87090519167188,,19.061363373772387,,3.3917857142857146,8.215,17.624912790697675,,3.377076041998091,8.252945736434109,18.29286274509804,,5.1754393305439335,,20.436324981017464,,5.364481319554849,,20.752275204359673,,3.3080141843971633,7.7005,17.052978723404255,,3.3073444613050076,7.753243243243244,17.331774193548387,
202203,4.638461538461538,,18.19779761904762,,5.017852193995381,,18.705000000000002,,3.029672131147541,6.9316666666666675,15.729298245614036,,3.1621610169491525,6.924375,16.1112,,4.855124223602484,,19.3577223476298,,5.236262607738859,,19.441104206500956,,2.8058177905308463,6.538201058201058,15.447928743961352,,3.07399389148401,6.915178571428571,16.465235732009926,,4.865284552845528,,19.157389705882355,,5.421567239635996,,19.36439189189189,,2.683795620437956,6.320909090909091,11.470588235294118,,2.810925925925926,6.176734693877552,13.573823529411765,,5.678919631093544,,22.51936061863448,,6.293572509902324,,22.595286347597938,,3.5295300261096605,7.962388059701492,18.46772696929239,,3.728222427959727,7.944640804597702,18.004063636363636,,4.909769618430525,,19.44178416609628,,5.375070422535211,,19.704837576821774,,2.5541762854144805,5.791529411764706,12.025533980582525,,2.685132823052679,5.794236276849642,12.941443298969071,,5.698395061728395,,22.491103100216293,,6.2587758562224485,,22.694233128834355,,3.7316107382550334,9.07,20.080874125874125,,3.885435630689207,8.960714285714285,20.05695652173913,,4.724675324675324,,18.62727191679049,,5.176718935412782,,18.788230944254835,,3.276648841354724,7.925652173913043,17.166166056166055,,3.5453611940298506,8.107651006711409,17.8726953125,,5.166067864271457,,20.425562218890555,,5.619367739478195,,20.339015047879617,,3.4123529411764704,7.955,17.57498269896194,,3.4743593519882183,7.955227272727272,17.6628125,
202204,4.592162162162162,,18.15758139534884,,4.788413461538462,,19.00358490566038,,3.064814814814815,7.1691666666666665,15.629692307692308,,3.0016260162601625,7.037692307692309,15.925454545454546,,4.839370995923122,,19.363532338308456,,5.01605890464933,,20.195218564490016,,2.772633504023409,6.450631578947368,15.198797210923882,,2.951486191138486,6.879811764705883,16.55494318181818,,4.803730158730159,,19.344295302013425,,5.042297435897436,,20.08816176470588,,2.7449122807017545,6.275882352941176,11.65835294117647,,2.7596464646464645,6.390909090909091,13.427916666666667,,5.6906251328938975,,22.559460277876735,,5.895857357324688,,23.40468780531131,,3.5448714285714282,7.974577656675749,18.497679102013866,,3.550950624628198,7.960188953488371,18.191234567901237,,4.904358390280941,,19.50611912943872,,5.112292975442604,,20.233627362736275,,2.709538638985006,6.110340136054422,12.759292452830188,,2.706706976744186,6.124544217687075,13.82268817204301,,5.6883229813664595,,22.461603498542274,,5.921820778293466,,23.61675816993464,,3.751858407079646,8.972000000000001,20.072445255474452,,3.753167115902965,8.977954545454544,20.673728813559322,,4.719683604985619,,18.641457050718266,,4.90807533632287,,19.486742976066594,,3.2469311064718163,7.899433962264151,16.864344827586205,,3.259169764560099,8.00453781512605,17.928498023715413,,5.155540275049116,,20.496007272727272,,5.3913675718221175,,21.13884371029225,,3.391278195488722,7.927826086956522,17.56764258555133,,3.3921221374045802,7.96925,17.890869565217393,
202205,4.637894736842106,,17.416567164179103,,4.844342723004695,,17.67625,,2.9879166666666666,6.963333333333334,14.718837209302325,,2.92890243902439,6.434864864864865,15.552647058823528,,4.845603543743079,,18.265511902457906,,5.087147314029443,,19.017962802768167,,2.660340831629175,6.384647887323944,14.376633954857704,,2.887753408417309,6.764620689655173,15.204110429447853,,4.84858407079646,,18.434907407407408,,5.123040404040404,,19.174387096774193,,2.739909090909091,6.447619047619048,11.282874251497006,,2.762354430379747,6.335272727272727,13.602631578947369,,5.660898048586221,,21.15929976937043,,6.021973974696443,,21.92342762063228,,3.531916548797737,8.012530487804879,17.764427067669175,,3.553846894559461,7.965984615384616,17.2090110701107,,4.926587360594795,,18.338756260434057,,5.192243095471751,,19.162193494578815,,2.5768714448236634,5.856413793103448,11.662345132743363,,2.598297084683017,5.82981679389313,12.151329113924051,,5.664802955665024,,21.13962762762763,,6.049073102483385,,21.885312843029638,,3.6957485029940123,8.8895,19.055068965517243,,3.6955728429985855,8.741016949152543,19.11228260869565,,4.707133580705009,,17.497020240840378,,4.989345275414241,,18.477596153846154,,3.134442307692308,7.783272727272727,15.670095541401274,,3.141934156378601,7.773214285714285,16.530460992907802,,5.143025751072962,,18.918625792811838,,5.468590551181102,,19.221573875803,,3.257196261682243,7.59375,16.17667664670659,,3.2646261682242987,7.612682926829269,15.980405405405405,
202206,4.5597619047619045,,13.460811808118082,,4.812941176470589,,19.084615384615386,,2.9667924528301888,6.82,11.503870967741936,,2.944058577405858,6.784400000000001,16.007333333333335,,4.815318374772589,,16.321471191497295,,5.0544894277983765,,20.080781010719754,,2.6224548736462094,6.213399339933994,12.868267716535433,,2.8458293269230768,6.817522935779817,16.073442136498517,,4.8374999999999995,,13.283144208037825,,5.078530042918454,,19.760687022900765,,2.7527049180327867,6.429600000000001,10.528392857142856,,2.7678074866310163,6.311000000000001,13.429499999999999,,5.668935677926886,,21.724927655087576,,5.946789564754425,,23.384900205853395,,3.533124504361618,7.982010178117048,17.973421226104154,,3.5420960752754733,7.924484732824428,17.887616136919316,,4.894042553191489,,13.251495016611296,,5.141334317343174,,20.351163227016887,,2.5518026315789473,5.778069306930694,8.544103367267033,,2.549872110181997,5.779005524861878,13.445,,5.658092783505155,,22.328789297658865,,5.950545582541358,,23.252443693693692,,3.645120481927711,8.917222222222222,19.547076923076922,,3.6953791130185984,8.874814814814815,20.024423076923078,,4.706735537190083,,12.742037480063795,,4.951763323620641,,19.700610561056106,,3.1022391304347825,7.8660000000000005,12.84495254529767,,3.1044110929853184,7.633177570093458,17.031223404255318,,5.129856115107914,,20.29721685689201,,5.427376247708291,,21.34450819672131,,3.2551376146788993,7.604400000000001,16.527303370786516,,3.2353709677419356,7.598181818181819,17.2353488372093,
202207,4.60398119122257,,17.481166982922204,,4.874894613583138,,19.112461538461538,,2.8005,6.5902666666666665,14.280701030927835,,2.858458333333333,6.632121212121213,15.096785714285714,,4.800254545454545,,18.559297512693618,,5.100806150978565,,20.105343356359203,,2.433587353060397,5.776703397612488,13.408328441444086,,2.7599960079840318,6.422654639175257,15.325357142857143,,4.839873595505618,,17.906762331838564,,5.146379310344828,,20.453939393939393,,2.6734635879218476,6.258333333333333,10.90323782234957,,2.723780821917808,6.130857142857143,13.818928571428572,,5.643708211897823,,21.156305663022877,,6.0717532313402245,,23.640669266770672,,3.4679510461902883,7.827853107344633,17.413409337676438,,3.5561447468837444,7.918231797919763,17.985543595263724,,4.9150066137566135,,15.588690245478036,,5.223028395784544,,20.397167034584253,,2.387171635777599,5.387893518518519,10.634230617866983,,2.411023582538886,5.41671669793621,12.200000000000001,,5.624523597506679,,22.28961752786221,,6.051556866601114,,23.658267020335987,,3.67371335504886,8.734230769230768,19.621335927367056,,3.655718270571827,8.838055555555556,19.879538461538463,,4.661979381443299,,17.22663041631266,,5.022266787658802,,19.622674897119342,,2.9890496453900712,7.378469387755103,14.917621621621622,,3.0396473302570866,7.4134188034188035,16.594634146341463,,5.122853759621077,,20.2715691651432,,5.492579070675518,,21.40901524032825,,3.1731836734693877,7.412950819672131,16.29399293286219,,3.1814545454545455,7.419999999999999,16.878771929824563,
202208,4.593118971061093,,18.208414634146344,,4.777702702702703,,18.465337837837836,,2.8465714285714285,6.71074074074074,14.561870503597122,,2.810182926829268,6.222666666666667,14.974444444444444,,4.798367346938776,,19.055788598215635,,5.0042171062662,,19.782484894259817,,2.4856003819527333,6.002444794952682,13.75073127361636,,2.6186073096119786,6.434010554089709,15.22114832535885,,4.81431906614786,,18.855617848970255,,5.017569601203913,,19.605106382978725,,2.72712158808933,6.3412727272727265,11.783610315186245,,2.739715909090909,6.256136363636363,13.974186046511628,,5.650914854082414,,22.392863174054884,,5.946828152090641,,23.151034992607197,,3.521838549075391,7.926168384879725,18.297614909672994,,3.5240966658051174,7.965219594594594,17.910300107181136,,4.912590027700831,,18.80898445187955,,5.167483540599854,,20.053310397553517,,2.4919668587896253,5.663423423423423,11.782561531449407,,2.4918193330519207,5.631297539149888,12.900948275862069,,5.640154696132597,,22.35612297921478,,5.914715447154471,,23.084031551270815,,3.673387533875339,8.851803278688525,19.612555147058824,,3.6724725274725274,8.75404761904762,19.792272727272728,,4.668842943854324,,18.45473486572599,,4.928802083333333,,19.267230066445183,,3.0244125683060106,7.4715894039735105,15.644600804135555,,3.0113683886838865,7.472307692307692,16.607347826086958,,5.11435773480663,,20.305573553719007,,5.388971835765185,,20.960539273153575,,3.2145263157894735,7.514545454545455,16.560818965517242,,3.2125822368421053,7.534375,17.054310344827584,
202209,4.620451127819549,,18.261977777777776,,4.790717488789237,,18.88390243902439,,2.8437614678899084,6.632333333333333,14.710895522388059,,2.7725,6.62,,,4.843111239860949,,19.158068886337542,,5.00634051163463,,19.538781766841467,,2.494754616875829,5.966781456953642,13.587383233532934,,2.4590922401171302,6.401875,13.014285714285714,,4.838226221079691,,19.176655791190868,,5.005190735694823,,19.72446540880503,,2.7410090702947847,6.397794117647059,11.962961672473867,,2.7275862068965515,6.3,,,5.658727396329028,,22.470267613085266,,5.953225767609873,,22.701786223676486,,3.5495068027210888,7.99871033776868,18.32939821344617,,3.534756944444444,7.960000000000001,18.208333333333332,,4.920607446113651,,19.458758771929826,,5.189681717246485,,19.813301565690946,,2.444652661064426,5.5379970104633784,11.740286278381046,,2.4523880597014927,5.547391304347826,12.49,,5.656671850699844,,22.413303650934996,,5.918771779491574,,22.53368978805395,,3.585287539936102,8.624864864864865,19.229457364341084,,3.5292063492063495,,19.55,,4.6732808256382405,,18.504691975841244,,4.934430124848973,,18.85281971580817,,2.8755710745663436,7.218181818181819,15.069182522903452,,2.853307984790874,7.329999999999999,15.775,,5.122303839732888,,20.349159802306424,,5.387814337943093,,20.262349841938885,,3.088347338935574,7.25872340425532,16.10168880455408,,3.0597014925373136,,16.46,
202210,4.624159292035398,,18.258847184986596,,4.826917293233083,,18.8536,,2.8197752808988765,6.520392156862745,14.425344827586207,,2.8666274509803924,4.906666666666667,15.205,,4.821003991403132,,19.221279525072628,,5.075717378069404,,19.888983124188663,,2.372362512203059,5.577617579028527,13.109547900968783,,2.514519422310757,5.674571428571429,14.654444444444444,,4.821117318435754,,19.081332179930797,,5.070811470408786,,19.549306358381504,,2.738754716981132,6.413577981651376,11.64875,,2.7934319526627216,6.4125,,,5.6684239733629305,,22.473520457545096,,6.083391122374534,,22.95482187618686,,3.5502531152647974,7.989688779688779,17.852858122001372,,3.5876552397218493,7.84111111111111,18.46857142857143,,4.920043134435658,,19.495337671079202,,5.276051926061803,,20.005255066387143,,2.4178867623604465,5.491240506329114,11.296259168704157,,2.447724729578516,5.5,11.926666666666668,,5.6548134991119,,22.425234864300627,,6.0416389811738656,,23.062248062015506,,3.465780821917808,8.323546099290779,18.11061264822134,,3.5124538745387452,8.456666666666667,18.36,,4.693359756097561,,18.57593683764307,,5.0190150863753615,,18.93377033492823,,2.8609125117591723,7.161637168141593,14.596306001690618,,2.906006074411541,7.15125,15.14,,5.119628670120898,,20.348581405499782,,5.466106961458022,,20.536283448959367,,2.9389274447949525,6.858796296296297,14.941380090497738,,2.9532829373650107,6.79,,
202211,4.621515151515151,,16.217397769516726,,4.809716981132076,,18.67086206896552,,2.9372222222222226,6.8374999999999995,13.718870967741937,,2.921164658634538,6.843333333333334,,,4.8529342934293425,,17.207616076610563,,5.023951923750789,,20.02195512820513,,2.4301184210526316,5.8886358381502895,12.807299771167047,,2.536543684653287,5.725681818181818,13.259411764705883,,4.826501901140684,,16.846884498480243,,5.001801091570648,,19.488883720930232,,2.8216190476190475,6.577625,10.63872131147541,,2.8247024673439767,6.62,,,5.678087804878049,,19.273106750257643,,5.980841601026196,,22.913921540554085,,3.5524240750966314,7.994109289617486,16.51370088116218,,3.55081847649919,7.960975609756097,17.26772727272727,,4.918897827835881,,17.731713495104298,,5.223311461067366,,20.234830508474577,,2.413963782696177,5.475860306643952,10.227744593202884,,2.4171080392870135,5.436111111111111,12.0625,,5.657289972899729,,19.293268929503917,,5.950080862533692,,23.218153701968134,,3.541906779661017,8.523363636363637,17.11486590038314,,3.544723183391003,8.608571428571429,11.91,,4.702820512820513,,15.941630648330058,,4.954567809852784,,19.177832263978,,2.978282967032967,7.475893719806764,14.263629032258066,,2.987632552404439,7.587142857142857,16.044285714285714,,5.146072727272728,,17.644893355209188,,5.395851015801354,,21.012266419981497,,3.061,7.114137931034482,14.761350210970464,,3.0665024630541873,7.27,16.026666666666667,
202212,4.641917808219178,,15.111433823529413,,4.8584265734265735,,16.196376811594202,,3.038227848101266,7.063,13.793955223880598,,3.120833333333333,7.055217391304348,15.69,,4.864442706296441,,15.784822608930257,,5.097483091787439,,17.14166896551724,,2.5128246013667423,5.664897959183674,12.749249846907533,,2.648002775529085,6.202217821782178,14.230857142857142,,4.843985765124556,,15.512401960784313,,5.071906636670416,,16.42849230769231,,2.8074297188755017,6.550434782608695,10.3692,,2.843744740532959,6.5284905660377355,11.9375,,5.688870605833957,,18.3351777881872,,6.1166387445021995,,20.12459400306413,,3.553313811615422,8.013778625954199,16.108001619761083,,3.595914467697907,7.99662447257384,18.528888888888886,,4.9249237983587335,,16.23508187967248,,5.307984212010149,,16.8737896749522,,2.431112759643917,5.513048780487805,9.879453174104336,,2.4638610438990667,5.511078838174274,11.363846153846152,,5.677755102040816,,18.795545691906007,,6.070119367353029,,20.556947960618846,,3.5048214285714288,8.406315789473684,16.516945454545453,,3.566871165644172,8.43421052631579,18.250999999999998,,4.722617021276596,,15.180690041029466,,5.043164205889551,,16.44913126796551,,3.094520697167756,7.758301886792453,14.235283540802214,,3.1571281928861303,7.746554054054054,15.412307692307694,,5.157885416666667,,16.281439267886856,,5.469859566998244,,18.11210746685276,,3.124742268041237,7.288965517241379,14.239349736379612,,3.143128054740958,7.284520547945205,16.231666666666666,
202301,4.624155844155844,,15.332549668874174,,4.822888888888889,,17.488034188034188,,3.0959999999999996,7.131428571428572,14.73320610687023,,3.095349794238683,7.164864864864866,16.02,,4.843608009241432,,16.649386673093144,,5.043557672395941,,18.805576451349143,,2.447468776019983,5.444545454545454,13.621352776915918,,2.626418145070739,6.100394036208733,14.69439024390244,,4.872015503875969,,15.828335832083958,,5.009067415730336,,18.321494661921708,,2.8902803738317755,6.742857142857143,11.617916666666666,,2.8954339118825096,6.758750000000001,12.455,,5.713269613699722,,19.20109241391925,,6.004220314443606,,22.29285500260552,,3.55451290152712,8.020136363636365,17.26059035277178,,3.551860334568317,7.995546697038725,18.43372881355932,,4.9327942794279425,,16.656396237507348,,5.226875083679207,,18.803612926652143,,2.4480911233307148,5.562129032258064,10.7005544005544,,2.4526053252443547,5.563262032085561,11.699473684210526,,5.690820045558087,,19.52081092616304,,5.97169736034377,,22.132597785977858,,3.5388990825688076,8.400625,17.626989247311826,,3.5499323181049074,8.52287234042553,19.256999999999998,,4.707019969278034,,15.598114951025687,,4.976124845995893,,18.26829676071055,,3.1081222056631894,7.772222222222222,15.120488573680063,,3.1048803716608595,7.780886075949367,15.819444444444445,,5.155199543899657,,17.48604183757178,,5.406150429799427,,19.943939393939395,,3.218045977011494,7.5132,15.558294736842104,,3.2181139122315594,7.532432432432432,16.708571428571428,
202302,4.688552631578947,,18.360353535353536,,4.85003745318352,,19.615714285714287,,3.0795238095238093,7.108,15.641011235955055,,3.078482142857143,7.135454545454545,15.75,,4.8248374512353704,,18.953009777777776,,5.044683432605338,,20.423750889679713,,2.5174689826302727,5.47092050209205,14.122737030411448,,2.590137213153537,6.140402576489533,15.46275,,4.875330188679245,,18.750397022332507,,5.018468523002421,,19.762349999999998,,2.9525257731958763,6.90625,12.653550295857988,,2.9533758865248227,6.869206349206349,12.76,,5.723247162673392,,22.34826446280992,,6.017406190947539,,24.13895910780669,,3.551802358225716,7.993952380952381,18.407332490518332,,3.551384074941452,7.996731927710843,18.530862068965515,,4.92907681465821,,19.064744910781602,,5.231984419263456,,20.4281103117506,,2.46390368852459,5.585299145299145,11.638304020100502,,2.4637461086129364,5.584684466019417,11.620909090909091,,5.7117902813299235,,22.279774844720496,,5.993427597955707,,24.021496945010185,,3.5250925925925922,8.395454545454545,18.889801136363637,,3.5415555555555556,8.495180722891567,19.18,,4.7288897893030795,,18.45846623981374,,4.98424023542001,,19.896527159394477,,3.069904502046384,7.683947368421053,15.819564777327935,,3.064849412965799,7.694866666666667,15.882142857142856,,5.191168639053254,,20.143343261355174,,5.414109212934717,,21.66071572580645,,3.185841584158416,7.442727272727273,16.44327217125382,,3.1786187322611164,7.467733333333334,16.4375,
202303,4.678219178082192,,18.623303964757707,,4.995945485519591,,20.136396396396396,,3.0819117647058825,7.13,15.483164556962027,,3.2467768595041324,7.121428571428571,16.0,,4.854743786437558,,19.060502912345505,,5.262109259508131,,20.55990636099451,,2.393014950166113,5.58140221402214,13.880528025995126,,2.725800397438728,6.150942760942761,14.984444444444444,,4.968251121076234,,19.384801061007956,,5.350854132002219,,20.67941176470588,,2.986741573033708,6.982380952380952,12.713125,,3.119433198380567,6.930000000000001,12.4925,,5.841683294032287,,22.467117610062893,,6.438251389570051,,24.302184556094776,,3.5509424920127795,7.993800738007381,18.336699764828847,,3.732253490870032,7.99865556978233,18.4890625,,4.908384925975773,,19.1235498489426,,5.45276907001045,,20.274432576769026,,2.4416964285714284,5.5408130081300815,11.544521276595745,,2.552646285338593,5.539188596491228,11.550416666666665,,5.8229782082324455,,22.74662033650329,,6.364662120272784,,23.943642261353105,,3.4789592760180996,8.332592592592592,18.550154639175258,,3.7282663092046473,8.391228070175439,18.375,,4.915655281969817,,19.052396694214877,,5.293455736074271,,20.090529801324504,,3.0815730337078655,7.719245283018868,15.921927710843372,,3.3017036359478618,7.715548387096775,15.886800000000001,,5.256027607361963,,20.65259318001586,,5.668342139083251,,22.217193675889327,,3.0905284552845527,7.234999999999999,15.916869806094182,,3.158593466424682,7.212266666666666,15.958571428571428,
202304,6.8281395348837215,,28.700295857988166,,5.260815602836879,,23.951458333333335,,3.1571428571428575,7.325,16.222749999999998,,3.1475933609958506,7.306206896551724,,,5.600167445482866,,22.118017621145373,,5.039791000068078,,22.42529411764706,,2.3756595576619275,5.378699999999999,13.92735739231665,,2.6097160466651994,6.072067307692308,15.771199999999999,,5.975236220472441,,23.530527638190954,,5.3906001121705,,21.995,,3.0403125,7.1022727272727275,13.057958115183247,,3.0414617486338797,7.09041095890411,12.974285714285713,,7.690465363365917,,29.4091307480676,,6.188748393079176,,26.91791086350975,,3.5572173006774364,7.989294117647058,18.451720930232558,,3.5514147875108413,8.010983606557376,18.596,,4.685342667649226,,16.211933466022177,,4.8047941692536105,,19.262523105360444,,2.5390571715145436,5.769368421052632,12.02011566771819,,2.538983162759987,5.757654320987654,11.98090909090909,,7.7585323383084575,,29.423364806866953,,6.157191407502404,,27.237741626794257,,3.515201793721973,8.459047619047618,18.784005102040815,,3.519893522626442,8.453164556962024,19.06,,8.435722831505485,,28.22986416184971,,5.737773854633138,,24.07241908713693,,3.162407643312102,7.928529411764706,16.382284991568298,,3.1595983662355343,7.919602649006622,16.315625,,7.676464088397791,,28.217173553719007,,5.6001700628159945,,24.97574833174452,,3.093627906976744,7.226999999999999,15.90718918918919,,3.090314232902033,7.220769230769231,16.054444444444446,
202305,6.81359375,,27.634210526315787,,5.470422535211267,,22.11177966101695,,3.129625,7.225714285714285,15.488999999999999,,3.140542635658915,7.261363636363637,16.06,,5.636021465581051,,22.369067055393586,,5.235519736842105,,21.29261269276394,,2.364582484725051,5.416107142857143,13.479610437339213,,2.584202150084317,6.090542168674698,15.651851851851852,,6.049067796610169,,23.89770234986945,,5.6638023630504835,,21.768341013824884,,3.0995544554455448,7.232380952380952,13.199867841409691,,3.107823765020027,7.225686274509804,12.608571428571429,,7.712797368901882,,28.5974614921781,,6.514229227781681,,25.146222796681496,,3.5513893053473264,7.994788732394366,17.595338007010515,,3.561994465730098,7.993859154929578,18.19862385321101,,4.742056737588653,,16.48606171548117,,4.953797235023041,,18.4128330449827,,2.5631260945709284,5.82068376068376,11.888671328671329,,2.5679268690825987,5.81033096926714,12.165999999999999,,7.755173116089613,,28.68943025540275,,6.517251696483652,,25.815966319165998,,3.5149999999999997,8.455,17.965873015873015,,3.5372719374456993,8.444605263157895,18.779285714285717,,8.431864406779662,,28.214913344887346,,6.132504708097929,,22.444639737991267,,3.1730540242557885,7.923265306122449,15.87782307025152,,3.1858290788013317,7.952133333333333,16.0825,,7.442248677248678,,27.62773684210526,,5.857769829915753,,22.80590134529148,,3.079417989417989,7.145925925925926,15.082518159806295,,3.076253418413856,7.18917808219178,15.879999999999999,
202306,6.791578947368421,,29.58328571428571,,5.604497257769652,,19.485621301775147,,3.1179411764705884,7.247142857142856,15.254831460674158,,3.1079422382671478,7.223142857142857,10.629000000000001,,5.587249898744431,,22.704709926224012,,5.260938247011952,,20.63860579710145,,2.3239761904761904,5.363217054263566,13.103841642228739,,2.5361591768164637,6.082408088235294,13.149375,,6.190622009569378,,25.15525885558583,,5.736723851687881,,17.726725978647686,,3.1796129032258063,7.422666666666667,13.162763157894737,,3.1882614555256064,7.429310344827586,11.408181818181818,,7.660066287878788,,30.410718172657035,,6.536144575725028,,26.66010378720187,,3.5499949773982924,7.966309963099631,18.334476305463326,,3.5510937833796192,8.004608938547486,17.709612903225803,,4.808515309069902,,15.569231141199225,,4.97813528095802,,15.13304207119741,,2.620590163934426,5.939268292682927,11.35222442899702,,2.6209377027903957,5.946502590673575,9.02359756097561,,7.867185501066098,,30.812990264255912,,6.661962123564111,,27.880556003223205,,3.5769516728624535,8.54551724137931,19.124261363636364,,3.5801466781708373,8.660317460317462,19.20843137254902,,8.540821256038647,,29.848996314148003,,6.31279123210182,,20.087867533271435,,3.2090424374319912,8.063962264150943,15.802947925860549,,3.2081187689640225,8.032430555555557,13.549583333333333,,7.453351206434316,,29.623879966187662,,5.959526467106376,,25.03009259259259,,3.1044041450777202,7.256666666666667,16.00202572347267,,3.109206927985415,7.243488372093024,16.083214285714284,
202307,6.748932038834951,,30.389765625,,5.964360269360269,,21.370600375234524,,3.176,7.39,16.044736842105266,,3.213857142857143,7.366666666666666,15.976106194690265,,5.612984644913627,,23.21841924851681,,5.451971803785245,,20.901438161338035,,2.3705882352941177,5.467440476190476,13.584577259475218,,2.554304042358212,5.945574136008919,14.39694547379566,,6.334254545454546,,25.401141439205954,,6.077791443850267,,20.249112903225807,,3.23647577092511,7.583636363636364,13.556762589928057,,3.2722437673130194,7.5616216216216205,13.135714285714286,,7.611837598614586,,30.3747800655124,,6.825435065350419,,25.41313281824871,,3.548486021505376,7.995259515570934,18.160661276349988,,3.577248315080034,8.006933497536947,17.524611307420496,,4.753269513991164,,16.769793977812995,,5.115582231351906,,16.714487870619944,,2.1805292479108638,6.01175572519084,12.198424778761062,,2.6707726269315675,6.011188340807174,11.86225621414914,,7.902654205607477,,31.12530113297555,,7.0198769138396875,,26.37642205184374,,3.595649717514124,8.588157894736844,19.224539325842695,,3.6155398671096344,8.624938271604938,19.26709677419355,,8.586049107142857,,30.3762965599051,,6.735150636802811,,22.00567168674699,,3.2678412132024977,8.21096153846154,16.564034229828852,,3.2972303511705685,8.185342465753424,16.36056316590563,,7.55509765625,,29.526571428571426,,6.231699745547075,,24.193636796949477,,3.1088931297709923,7.286216216216215,16.0875,,3.1163333333333334,7.261126760563379,16.078922155688623,
202308,6.808458333333333,,28.89315573770492,,6.090545746388443,,23.016653543307086,,3.1272847682119207,7.271764705882354,15.346092715231789,,3.130316455696202,7.270714285714286,16.093150684931505,,5.60805254713197,,21.661669301822418,,5.4560623052959505,,21.48703405017921,,2.410917848541611,5.330073349633252,13.12155474894132,,2.4958715777033684,6.022307692307693,14.593578780680918,,6.302677304964539,,24.07496527777778,,6.105189021232523,,21.85052738336714,,3.242484076433121,7.5696875,13.390284810126582,,3.2360107816711587,7.532093023255814,14.046610169491526,,7.628186646433991,,29.38260860205795,,6.8381228470547715,,26.155675539296077,,3.5499922088040514,8.008771428571428,18.186824970131422,,3.55175209692451,8.001418439716312,18.316768558951967,,4.775491150442478,,15.939447788143244,,5.000122730759396,,18.45839102320274,,2.601266829865361,5.894799999999999,11.87101515151515,,2.449090650753055,5.890983606557377,12.475848214285715,,7.6781457800511514,,29.626435643564356,,6.997501471453796,,26.699093395857755,,3.524484679665738,8.496875000000001,18.577318181818182,,3.530015748031496,8.474603174603175,19.021648936170212,,8.582322232223222,,28.45659206371001,,6.829601769911505,,23.71744140969163,,3.2203992015968064,8.072289156626505,16.26647416413374,,3.2251406752411573,8.079864864864865,16.785769980506824,,7.2061911357340716,,27.4418025930573,,6.218890434782609,,24.151333992094862,,2.993795379537954,6.998125000000001,15.287112462006078,,2.9963315696649033,7.011891891891892,15.557956204379563,
202309,6.723186813186812,,28.728877721943046,,6.261697841726619,,23.086702127659574,,3.075714285714286,7.147272727272727,14.328969696969699,,3.0664931506849316,7.119411764705882,15.91,,5.574383842144453,,20.886856718232792,,5.496304296920735,,21.256872004260607,,2.3426349350945115,5.446535947712419,11.78305527297389,,2.4549783150318354,5.868156521739131,14.45132530120482,,6.191376404494382,,23.549126050420167,,6.133830682881197,,22.367270270270268,,3.1824086021505376,7.436470588235294,12.73595930232558,,3.1763244613434725,7.421052631578948,13.986557377049179,,7.661090478564307,,28.94273951707127,,6.96929725520732,,26.112399135446687,,3.55547958522359,7.9975000000000005,17.538699772554963,,3.5521431419457734,7.994176136363635,18.223928934010154,,4.71782892588965,,15.405039879284327,,4.979742761277494,,18.470685192234487,,2.5772565496786948,5.8566331658291455,11.398409986859397,,2.4499972444199507,5.843010752688172,12.487185628742516,,7.729148148148147,,29.474917825537293,,7.141068266209655,,26.47844891476972,,3.5117351598173516,8.444565217391304,17.7516,,3.517018072289157,8.488450704225352,18.853891213389122,,8.423540996784567,,27.880358240593534,,6.997958031350076,,23.7200449704142,,3.1543256379100852,7.9085567010309274,15.439147217235188,,3.145820702402957,7.891012658227848,16.5585346215781,,7.282990291262135,,26.731903199343726,,6.356349940078754,,23.804553026096613,,2.972760180995475,6.9513953488372096,14.650451977401131,,2.9704291845493564,6.943611111111111,15.497746478873239,
202310,5.872608695652175,,27.788988235294116,,6.342148760330578,,23.08350785340314,,2.944662576687117,7.031333333333333,14.299000000000001,,3.098997493734336,7.0329411764705885,15.664583333333333,,4.945266178507818,,19.898187419768934,,5.605750841008107,,20.87477631578947,,2.2228541953232464,5.09171581769437,11.490990476190476,,2.4388161734055855,5.70551763367463,13.92855716878403,,5.372982731554161,,22.06976602238047,,6.1026410466067045,,21.87388732394366,,2.92117381489842,7.110263157894737,11.990774193548386,,3.071893860561915,7.077972972972972,13.1798,,7.04275334936448,,29.88857319271077,,7.217559628054374,,25.82680631717482,,3.5995036661026507,8.351139896373057,18.232696842906048,,3.5920999066293184,8.004962216624685,17.842252036415907,,3.6408252902503846,,13.520400926585888,,4.973303924895374,,18.523006879805745,,2.417791551882461,5.562259615384615,10.031738066095471,,2.4479263565891474,5.706699029126213,11.77941605839416,,6.718145240431796,,28.122020648967553,,7.337167614405632,,26.377523105360446,,3.38324942791762,8.291,17.578655737704917,,3.49816425120773,8.326590909090909,18.108899082568808,,7.126028505392911,,26.61005843785633,,7.223660015961692,,23.222256484149856,,3.025211352657005,7.742183908045978,14.957214452214453,,3.1250696748506965,7.743355704697986,15.823852295409182,,6.422680577849117,,25.900675043834017,,6.540140681893413,,23.473272626931568,,2.8409511568123396,6.8657894736842096,14.27780564263323,,2.9498620689655173,6.860666666666666,14.979736842105263,
202311,6.0251190476190475,,25.483823529411765,,6.483760683760685,,22.494771573604062,,2.8424305555555556,7.233333333333333,14.283298969072165,,3.1010073710073707,7.20258064516129,14.185121951219513,,4.911633548983364,,18.172844793713164,,5.652160511283299,,20.114753649635038,,2.1611423886307732,4.932554517133956,10.683582713754646,,2.449217767616559,5.801278600269179,13.165669599217987,,5.5337377690802345,,20.6942037470726,,6.204287464271131,,21.39,,2.8492105263157894,7.346153846153846,11.34731343283582,,3.164242424242424,7.3619642857142855,11.850657894736841,,6.97592038471814,,26.073492156403656,,7.208051044561078,,24.54418951717015,,3.365907297830375,8.021881188118812,16.17506843957763,,3.5808891064435744,8.012430647291941,16.33284046692607,,4.20042902911269,,15.165336079992594,,4.911365047479912,,18.041028416779433,,2.394530358069538,5.8850819672131145,10.240023201856149,,2.512964236588721,5.892676767676767,11.012,,6.968155802861686,,26.12287916459473,,7.229483581251754,,24.526155878467634,,3.2885833333333334,8.256451612903225,15.599007936507936,,3.472268456375839,8.329268292682928,16.843870967741935,,7.637235726399096,,24.883302830028807,,7.326071922544951,,22.431017841474112,,2.948157700810612,7.88056338028169,15.315723076923076,,3.156124939778384,7.906167664670658,15.17261386138614,,6.773840345199569,,24.32735499650594,,6.698359271523178,,22.829284457478007,,2.8406424581005587,7.022368421052632,13.765506072874494,,3.0057434402332364,7.015106382978723,14.57860824742268,
202312,6.464034090909092,,28.554005847953214,,6.647937158469945,,20.794933920704846,,2.9131677018633537,7.3614999999999995,14.93978494623656,,3.231981981981982,7.268461538461539,14.486206896551725,,5.137141724479683,,19.377045537010158,,5.79851853844912,,18.33856802783373,,2.3456593046140393,4.958583815028902,11.555528183716076,,2.495379067032536,5.867119113573407,12.89147676161919,,5.672310030395137,,22.24771948608137,,6.429505247376311,,19.562045454545455,,3.0433076923076925,7.4978125,12.358808664259927,,3.236757469244288,7.449295774647887,11.615089820359282,,7.31127147766323,,28.86798650044261,,7.42287748948663,,22.661737219218427,,3.472673237753883,8.019775561097257,17.812505298855445,,3.620641299700727,7.986282208588957,15.853478984602582,,4.175405940594059,,13.82297281993205,,4.98060555597608,,15.958235446313067,,2.4434332520041826,5.923301435406699,9.522397003745319,,2.555574395930479,5.891538461538461,10.330457627118644,,7.484744069912609,,28.959798122065727,,7.595661303517862,,23.78838307107976,,3.4764547677261612,8.5545,18.27124463519313,,3.576173001310616,8.55987012987013,16.414906367041198,,8.138543200309957,,28.009640625000003,,7.694335278101906,,20.695394825646794,,3.1056706281833617,7.956046511627907,15.81059662775616,,3.258574969021066,8.061743589743589,14.636707882534777,,7.0677352206494595,,27.881030589949017,,7.036380615037836,,20.9962342079689,,3.0661310782241014,7.251764705882353,15.395560344827587,,3.115049295774648,7.236249999999999,14.035213675213674,
202401,6.623970588235294,,29.682640264026404,,6.575903448275862,,21.936652173913046,,3.0737647058823527,7.414444444444445,15.14830357142857,,3.1384070796460177,7.2787096774193545,14.446923076923078,,5.126909677419355,,19.6163700697263,,5.568636119755339,,19.528761921900305,,2.2587099678456592,5.243068362480127,10.35880809053696,,2.46402044036973,5.805156599552573,13.822979835698284,,5.639543650793651,,22.761420911528152,,6.410467599410899,,22.471344902386118,,3.0531328806983513,7.570224719101123,12.475860215053762,,3.2247151898734177,7.529054054054054,13.019109589041095,,7.488682689781981,,30.45370965448599,,7.097504931167009,,24.247521246458923,,3.6417418844022174,8.005636363636365,19.080384160756502,,3.576977707798127,8.076713286713286,17.214280630401625,,4.050764347384459,,14.402571255306247,,4.7285332926550225,,17.06450765864333,,2.441339684070903,5.958388520971303,8.964174356960534,,2.5326934042957614,5.857004830917875,11.437938517179024,,7.502162921348314,,29.98996374935267,,7.170990941531704,,24.256734279918863,,3.714016393442623,8.524615384615384,19.510460251046027,,3.5570849673202614,8.499583333333334,17.668708133971293,,8.269995342338147,,29.591792364990688,,7.811807257490711,,23.738257229832573,,3.289256993006993,7.85,17.231417322834645,,3.236522700471698,8.088538011695906,15.660305602716468,,7.16869341563786,,28.63763795986622,,6.677933106023705,,22.749463440294583,,3.1553672316384183,7.39047619047619,16.317659574468085,,3.08833440929632,7.188705882352941,14.98986784140969,
202402,6.544353741496598,,29.545446685878964,,6.495181268882176,,23.697105263157894,,3.0471999999999997,7.29764705882353,15.247142857142858,,3.1312954545454543,7.198571428571428,15.631282051282051,,5.037215279415233,,20.288094129554654,,5.534193403634732,,20.799191539365452,,2.277636288829459,5.487785547785548,11.19594186902134,,2.4110542777089985,5.747221438645981,14.518882352941176,,5.4786,,23.53597355769231,,6.3880533751962325,,24.79688888888889,,3.029221014492754,7.53608695652174,12.690032894736841,,3.2307263294422826,7.5015789473684205,13.775205479452055,,7.401919016437257,,30.62286455530786,,7.150005046404986,,26.548664598367843,,3.6267874794069193,8.007335243553008,18.76543119266055,,3.5947084548104953,8.023684895833332,18.31507422402159,,4.1811778516924285,,16.180119402985074,,4.659715327888351,,18.198464543269232,,2.4575647475312095,5.918389830508475,8.916691116544417,,2.52904541015625,5.8198,12.088284671532847,,7.434583333333333,,30.088539276257723,,7.164366068713894,,26.234959765910755,,3.6719875776397517,8.390967741935484,19.747803738317756,,3.559784595300261,8.437042253521126,18.751954022988507,,8.05464604090194,,29.051277304701962,,7.817831466309981,,25.909913134120917,,3.2632011070110702,7.804743589743589,17.083827586206898,,3.2363295593635253,8.036153846153846,16.56618390804598,,6.938360465116279,,28.521091058244462,,6.624318614718615,,24.17354714064915,,3.137880794701987,7.212439024390243,16.859684210526318,,3.059511228533686,7.0546808510638295,15.456304347826086,
202403,6.784097222222222,,29.820880281690137,,6.791243016759776,,25.946946107784434,,3.1735042735042738,7.326315789473684,15.931839080459769,,3.304625,7.264375,15.793333333333335,,5.066208304969367,,20.289502017291067,,5.722672445689518,,22.12230510752688,,2.3264326702371845,5.50374251497006,11.243781805507146,,2.4768775547556587,5.480221642764016,14.18324917672887,,5.6200375939849625,,23.59356495468278,,6.751593328601846,,27.516171617161714,,3.1511747851002867,7.663953488372093,12.829003215434085,,3.4190837854128993,7.647142857142857,14.11778947368421,,7.503294179065517,,31.15720281085302,,7.538902337651806,,27.812981195045246,,3.6208527131782944,8.005142857142857,19.035640279394645,,3.6956503092783506,7.999840182648401,18.32661529342027,,3.943526331998768,,15.062818590704648,,4.787999567785621,,19.503110530246452,,2.3941458153580673,5.895258215962442,9.349814241486069,,2.596720617793293,5.801659090909091,12.110960264900664,,7.48517037037037,,30.381446135831382,,7.5283207388748945,,27.346110271903324,,3.5496959459459463,8.431935483870967,19.538969957081544,,3.6518389346861126,8.451688311688311,18.75360465116279,,8.249235505387379,,29.599550228310502,,8.204356475193736,,27.393585492227977,,3.3094718614718617,7.824893617021276,17.511774193548387,,3.355452656574651,8.067815533980582,16.68514606741573,,7.070921895006403,,29.08069096844396,,6.914252126063031,,25.63730964467005,,3.1891156462585033,7.228235294117646,16.282487562189054,,3.1178658146964855,7.090833333333333,15.58393103448276,
202404,6.8365248226950355,,30.01185328185328,,6.5918972895863055,,27.945757575757575,,3.1377215189873415,,15.228058252427184,,3.133856209150327,7.173513513513514,15.925161290322581,,5.004243665216279,,19.938419543662647,,5.52825932885906,,23.693483061480553,,2.181483102358376,5.257574257425742,10.910875679130712,,2.385561885344207,5.4936132075471695,13.873723175965665,,5.683552036199095,,24.182753623188404,,6.496019736842105,,28.642857142857142,,3.1629464285714284,7.734285714285714,12.969549295774646,,3.294101983002833,7.656161616161617,14.131463414634146,,7.542685295875673,,30.818049832054946,,7.27289626348949,,29.869945318751668,,3.6519215291750506,8.046194690265487,18.984423660262895,,3.616832544778642,8.063754512635379,18.42765318627451,,3.870966947960619,,14.611233716475095,,4.496105754514845,,19.743031709203404,,2.354620898814447,5.832393162393163,9.29325408192495,,2.465390963919162,5.648148148148148,11.811295681063122,,7.484255691768827,,30.03090487238979,,7.188591878469179,,29.288590272052758,,3.5917624521072797,8.317692307692308,18.54351931330472,,3.5500573979591836,8.351340206185567,18.642439024390246,,8.18550469483568,,29.22593923318061,,7.867611124704347,,29.107892481495913,,3.2207947805456705,7.7541935483870965,16.79925608011445,,3.231581443604565,7.916629213483146,16.609114173228345,,7.112541856925418,,28.635338753387533,,6.698308210675652,,27.65287467134093,,3.079772727272727,7.22375,15.910335195530726,,3.084768253968254,7.0635365853658545,15.493558282208587,
202405,6.54304347826087,,30.11069090909091,,6.747879999999999,,28.187857142857144,,3.2239080459770117,7.248571428571429,14.962317073170732,,3.172961373390558,7.270588235294118,15.881515151515153,,5.14197906755471,,20.36412599318956,,5.667760152939961,,24.048623413933445,,2.283950953678474,5.45655737704918,11.097267939433838,,2.4022157015390144,5.583550368550369,13.938021978021977,,5.687278225806451,,23.87483552631579,,6.646035257518147,,29.191903225806453,,3.145096525096525,7.699090909090909,13.021716171617161,,3.3178897017445133,7.644637681159421,14.295350877192982,,7.536272291722119,,30.736912627792503,,7.474599082019556,,29.688759011021745,,3.702347222222222,7.978108108108109,19.085461441213656,,3.63886656979229,8.0179792147806,17.864176285414484,,3.8841751152073734,,14.61245324881141,,4.565946519203091,,19.913822652757077,,2.3576678349959557,5.770673076923076,9.336753017368267,,2.4687319762510604,5.661203883495146,11.614922118380061,,7.4748435171385985,,29.98868069815195,,7.3924603624009055,,29.54504978662873,,3.616910569105691,8.38076923076923,19.0364,,3.565988372093023,8.358809523809523,18.411504854368932,,8.275122910521139,,29.37588306942753,,8.1434275673565,,29.382282069454288,,3.2370560190703217,7.809375,16.349760273972603,,3.27630980861244,7.995990566037737,16.432643678160918,,7.271320182094082,,29.44298275862069,,6.966982990152193,,27.540795551753636,,3.2074019607843134,7.3425,16.097526315789473,,3.1474622950819673,7.1804,15.459483870967741,
202406,6.783493150684931,,29.52165254237288,,6.701050531914893,,26.858474576271185,,3.139866666666667,7.249230769230769,15.371125000000001,,3.144301310043668,7.221081081081081,14.207826086956521,,5.151106173994387,,19.80163106556365,,5.599506445483026,,23.557831325301205,,2.2193241452425125,5.150898203592814,10.254355005159958,,2.3779934963266287,5.64190093708166,13.28474907063197,,5.252389791183295,,21.98615678776291,,6.014061724015608,,24.747919254658385,,2.9473672566371683,7.076875,11.958215767634854,,3.0495992928697704,7.068688524590164,12.429459459459459,,7.610378508647576,,30.248051569106178,,7.3671948818897635,,30.372763794433148,,3.724960876369327,7.97969387755102,19.26049011177988,,3.629242569511026,8.004903969270167,18.11725417439703,,3.6754327062228658,,13.975383992597733,,4.28981231349144,,17.14131551901336,,2.2529921942758024,5.45816091954023,8.842330898698,,2.3400107388316154,5.3845433255269315,9.804285714285713,,7.49558108108108,,29.48575623268698,,7.288909657320872,,30.4105737704918,,3.6561648745519717,8.395384615384616,18.87561797752809,,3.5542009440323667,8.384202898550724,18.54728813559322,,8.375463871543266,,29.281126695792135,,8.1292598671356,,27.92503766786767,,3.2749936948297607,7.82,16.509349005424955,,3.2818705472184324,8.036,15.257667844522969,,7.29062893081761,,28.887364447494853,,6.907910196445275,,28.845015384615383,,3.178900523560209,7.4375,16.408842105263158,,3.15074931880109,7.204444444444444,15.76486301369863,
202407,6.697447916666667,,30.02421195652174,,6.862480620155039,,27.21847545219638,,3.158023255813953,7.5225,14.816562500000002,,3.2027074235807858,7.2706060606060605,15.631521739130436,,5.317958298926507,,20.339043506078053,,5.728051430819156,,23.95377636291285,,2.300241533864542,5.521185567010309,10.972399999999999,,2.3946851641451894,5.492291457286432,13.958177761249535,,5.287170923379175,,22.224114832535886,,6.1898280605226965,,26.0035477582846,,2.9072379032258064,7.077142857142857,11.964812499999999,,3.096662721893491,7.103164556962025,12.430811965811966,,7.676154340010272,,30.551801927088505,,7.552094738306796,,29.443910042306836,,3.6557491112239715,7.974148936170213,18.335815634884774,,3.659831664747054,8.058646820027064,17.805547866205305,,3.6198853211009174,,13.657525566684239,,4.228573503554774,,17.189483956334765,,2.186930283824745,5.4247826086956525,8.73770728828563,,2.3002011555745776,5.242186046511628,10.323604060913706,,7.61871186440678,,29.77755338078292,,7.485462319615179,,29.065183268650284,,3.557352941176471,8.228,18.731305732484078,,3.5730093833780163,8.355189873417721,18.550986666666667,,8.628492597577388,,29.925183615819208,,8.388828246825573,,28.69280271595624,,3.262990762124711,7.931052631578948,16.326072463768117,,3.347396992481203,8.128757062146892,16.51793467819404,,7.297731213872832,,29.176022346368715,,7.085752551020408,,28.627619624470018,,3.285211267605634,7.416666666666667,16.625512195121953,,3.1755661664392907,7.269102564102564,16.013155893536123,
202408,7.056135265700482,,30.3704012345679,,6.988746928746929,,28.033935643564355,,3.316229508196721,7.411666666666666,15.737727272727273,,3.2512556053811656,7.377419354838709,15.50456896551724,,5.423748178980229,,20.61962783527857,,5.736456790123457,,24.00663361427863,,2.343376554644086,5.29734375,11.287568947906026,,2.4115320185339195,5.7756162464986,14.044494180841541,,5.190081466395112,,20.62455479452055,,5.759697490546579,,25.037056737588653,,2.773679653679654,6.809230769230769,11.38046875,,2.898798105387803,6.734561403508772,11.953165137614679,,7.7930202556064625,,31.247642004773272,,7.459514750863344,,29.866152628715565,,3.6303822372119168,7.941617647058823,18.554193548387097,,3.638885913229781,8.001895604395605,18.184515437392797,,3.614360449908449,,13.412379369504611,,4.15467385721623,,18.00951211734694,,2.187210571674806,5.279390243902439,8.622660579345087,,2.2694734651404787,5.20800925925926,10.651520467836257,,7.748828402366864,,29.98232945932289,,7.4434049715173485,,29.320651760228355,,3.562709923664122,8.265,18.268158844765342,,3.5781149732620317,8.336760563380281,18.41700934579439,,8.71259122591226,,30.230664001776592,,8.430438411845829,,30.104729283912288,,3.3297181372549023,7.933333333333334,16.626722817764165,,3.346322883537786,8.180287356321838,16.7504126984127,,7.445823591923486,,29.52130144605117,,7.007922407541696,,28.60136961722488,,3.246303317535545,7.357777777777778,16.370338983050846,,3.174606512890095,7.2159523809523805,15.707767441860465,
202409,7.065367231638418,,29.913132075471697,,7.140965435041717,,30.33846405228758,,3.2651282051282053,7.5175,15.462282608695652,,3.2935886214442016,7.4425,15.28049504950495,,5.369007769145394,,20.131523628139508,,5.820531361793465,,23.371256410256407,,2.3207245526547378,5.4889743589743585,11.056305189775369,,2.427954886315916,5.621575931232092,13.309387320191796,,5.027692307692308,,20.056644295302014,,5.664508224236321,,24.26679509632224,,2.7244469525959367,6.525,11.128198529411764,,2.827663663663664,6.555901639344262,11.58207729468599,,7.818581246931763,,31.130939280903533,,7.525281931433325,,29.822286704629857,,3.6268812170860154,8.015106382978724,18.31894825646794,,3.6427807583886516,8.009027982326952,17.90311769991015,,3.5973100150981376,,13.452882650530702,,4.170796579978624,,17.930726392251813,,2.1942377701934013,5.2090000000000005,8.64200379266751,,2.273257391120059,5.226037234042553,10.382715447154471,,7.860206451612903,,30.157444208289053,,7.584783861671469,,30.02568181818182,,3.689205020920502,8.296666666666667,18.830311284046694,,3.6012837837837837,8.51765625,18.326534296028882,,8.909817866435386,,30.857003397508496,,8.699103045172464,,31.026434800243358,,3.4538370565045993,8.202727272727273,17.086696914700546,,3.4237638036809814,8.364525139664805,16.96491145218418,,7.66258064516129,,29.802328492739107,,7.233095450490634,,29.216392075078208,,3.356903553299492,7.3933333333333335,16.612901554404147,,3.239105409153953,7.343552631578947,15.819632653061225,
202410,7.100357142857143,,29.538098591549296,,7.136839622641509,,30.85963963963964,,3.2593684210526312,7.390000000000001,15.281882352941176,,3.258791946308725,7.334333333333333,15.308205128205127,,5.1753767972236,,19.28211713764813,,5.8281291160374735,,22.789827970691306,,2.308929707839167,5.563968253968254,10.952041928721174,,2.424661270983213,5.54074074074074,12.976045602605863,,5.02239406779661,,19.67230414746544,,5.779220945083014,,24.201882352941176,,2.708369565217391,6.487058823529412,11.086625514403293,,2.845230224321133,6.5422972972972975,11.616779661016949,,7.890503299407226,,30.588338882389994,,7.751090075015511,,30.717066014669925,,3.6851533082302312,7.986891891891892,18.256592551417455,,3.6778504417524367,8.053525073746313,18.065753951302863,,3.602054442732409,,12.602107405113687,,4.2102147096085885,,17.579347689405846,,2.1791278621044508,5.234691358024691,8.329166919115421,,2.287897820723684,5.180326633165829,9.536395939086296,,7.723103448275862,,28.6894075587334,,7.6894095757876455,,29.674643705463183,,3.6428136882129274,8.328333333333333,18.468166666666665,,3.5832796780684104,8.307837837837837,17.930869565217392,,8.880822722820763,,29.7786959798995,,8.775938873770148,,30.55846352819452,,3.410157819225251,8.235714285714286,17.006745182012846,,3.414666358452766,8.250060975609756,16.459022556390977,,7.597904564315352,,29.055806451612906,,7.336021013387562,,29.046014138118544,,3.2770388349514565,7.3275,16.113555555555557,,3.230489853044087,7.31394366197183,15.455236051502146,
202411,6.58640350877193,,28.288801843317973,,6.903627204030226,,28.589951690821255,,3.2438983050847456,7.29,15.215747126436781,,3.1629424778761064,7.135714285714286,14.543000000000001,,5.097036409822184,,18.770138688996468,,5.628406493132264,,21.367592790863668,,2.288459993304319,5.334338235294118,10.332267384916749,,2.3499981498612397,5.623987034035657,11.843555389221557,,4.86267942583732,,18.90220930232558,,5.506744645799012,,22.541425925925928,,2.643243243243243,6.325,10.74657894736842,,2.7271255306246207,6.327999999999999,10.426132596685083,,7.944886503410488,,30.403446976921607,,7.6463024330853955,,28.756085219707057,,3.700216754540129,8.00967032967033,18.30804707379135,,3.644949551569507,8.002767295597485,16.88432918395574,,3.516856042368801,,12.548427594260927,,4.02401840284774,,17.55496144278607,,2.105220550077841,5.177411764705882,7.981450032658393,,2.1712385986733,4.9916353887399465,9.566692160611854,,7.578164556962025,,28.424552616769837,,7.437708333333333,,27.521666666666665,,3.5967894736842103,8.163333333333334,18.506076555023924,,3.5019170632222973,8.17859649122807,16.93877118644068,,8.515990888382689,,29.236548698449838,,8.514392111536516,,28.77398331895312,,3.350552995391705,7.993529411764705,16.538470588235295,,3.3084509927513395,8.061176470588236,15.569730700179534,,7.395274725274725,,28.57336998087954,,7.125401160805736,,27.339293598233997,,3.237589743589744,7.42375,16.0015,,3.1397762237762237,7.088571428571428,14.750134529147983,
202412,6.573543307086615,,25.59812324929972,,6.905945273631841,,26.28779411764706,,3.219042553191489,7.095555555555555,15.187941176470588,,3.1458371040723985,7.0172,14.161234567901234,,4.955926117282356,,17.642943047123445,,5.688974490749392,,20.205474851846226,,2.3282249426166794,4.920739130434782,9.964278506559031,,2.3614628685159844,5.374584664536741,11.786301035953686,,4.887233606557377,,17.19182339449541,,5.620162044250545,,21.45473591549296,,2.6733215547703177,6.347368421052631,10.428753799392098,,2.7644277456647397,6.354561403508772,10.47641592920354,,7.984714285714285,,28.190946770169113,,7.841626521578753,,27.523973233558785,,3.6959444444444443,7.9693814432989685,17.935755995828988,,3.690781613473528,8.006926829268293,16.68642915980231,,3.3380210918114144,,11.160886366455774,,3.896147326436495,,14.777289800137837,,2.011799448022079,4.8067586206896555,6.998180803571429,,2.0910049309664696,4.751676136363636,8.155340022296544,,7.424133790737565,,25.54542953872196,,7.467217368961974,,25.996585820895525,,3.5294402985074624,7.98125,18.422355212355214,,3.4743557422969187,8.074193548387097,16.1455859375,,8.51457127545552,,25.80894774389156,,8.631109315722917,,27.038145584725537,,3.3342298850574714,7.800333333333333,16.115767857142856,,3.3218165924984104,8.010316455696204,15.017706552706553,,7.174922760041195,,24.210160965794767,,7.028868852459016,,24.85211967545639,,3.137781954887218,7.128461538461538,15.158971962616823,,3.058707824838478,6.855277777777777,13.649848484848485,
202501,6.583529411764706,,24.637985611510793,,6.780458015267175,,27.452807017543858,,3.1526666666666667,6.8933333333333335,14.999638554216867,,3.09803611738149,6.9848,13.988888888888887,,4.8613213859020314,,17.470915302597987,,5.5570825110421955,,20.849024661893395,,2.2292294372294372,4.850409356725146,10.263064189189189,,2.3253492964700073,5.466679012345679,11.051306252489049,,4.7510845986984815,,16.74137896825397,,5.448395788169711,,21.764680073126144,,2.6096170212765957,6.235,10.560193905817174,,2.6928153669724773,6.2388059701492535,10.68196261682243,,7.842844595551778,,27.455001145175537,,7.708501295900414,,29.134698416202195,,3.6867824377457405,8.0249,18.735170225043277,,3.6545967514787345,8.042658862876255,17.850149015433743,,3.358746686861038,,11.159983178779383,,3.8882171502712906,,15.001370078740157,,2.0118590004063392,4.87,7.301228346456693,,2.082234933035714,4.756666666666667,7.757141439205955,,7.306454849498328,,24.532326007326006,,7.261859026096315,,26.723216520650812,,3.4508173076923074,7.9372727272727275,18.520176211453744,,3.402996587030717,7.9347540983606555,17.0347533632287,,8.280197165742452,,25.467960880195598,,8.33995995709689,,27.466872862029646,,3.266730462519936,7.689411764705882,16.6875,,3.213993383742911,7.83445945945946,15.628522920203736,,6.9766846071044135,,24.34113051762464,,6.871962755438365,,25.757344280860703,,3.0555066079295155,6.82625,15.717162790697675,,3.006650417827298,6.768333333333333,14.436460905349794,
202502,6.664056603773584,,27.64835616438356,,6.8275231788079465,,29.34850678733032,,3.131764705882353,7.155714285714287,16.019591836734694,,3.126167076167076,7.010000000000001,14.696842105263158,,4.989375529810681,,18.740014127363615,,5.586360411493437,,22.346927336801475,,2.239901768172888,4.938264462809917,10.284154611211573,,2.3387384351044145,5.42305410122164,11.958277777777777,,4.873899204244032,,18.312973372781066,,5.488279100972828,,23.028933054393306,,2.6345161290322583,6.279285714285714,10.697729083665338,,2.707360248447205,6.262708333333333,10.80545945945946,,7.726078108633847,,29.66306592497242,,7.724900301486642,,31.514872182133466,,3.7038225701239402,7.974947368421053,19.072135714285714,,3.6537546393820843,8.001353790613718,18.222921412300686,,3.5053571428571426,,12.3671138996139,,4.0691197007481295,,16.931461864406778,,2.112257901390645,5.204144144144144,7.806680779000847,,2.1837889389437364,5.000353697749196,8.07819881053526,,7.44760147601476,,27.60452085682074,,7.318623038199586,,29.43427685950413,,3.4875401069518714,8.061666666666666,18.675060240963855,,3.4361143270622287,8.002641509433962,17.725634517766498,,8.299586206896551,,28.23923384253819,,8.469677394218031,,30.16820451843044,,3.2800000000000002,7.848333333333334,16.693692722371967,,3.264861278648975,7.912857142857143,16.229869888475836,,7.1670595690747785,,26.77349472674976,,6.984742105263158,,28.169112903225805,,3.1096858638743456,7.2457142857142856,15.799386503067486,,3.049309593023256,6.856190476190476,15.122873563218391,
202503,6.989127516778524,,29.62256317689531,,7.460582524271845,,27.5128,,3.243883495145631,7.392,14.838589743589745,,3.410115740740741,7.146428571428571,15.625681818181818,,5.15767461313258,,19.2314158845494,,5.95954789947139,,20.75020031909236,,2.318247365501941,5.42390625,10.702984229680549,,2.4860544047916147,5.46480117820324,11.935063597819504,,4.732910447761195,,19.22258620689655,,5.91452194828623,,21.312505910165484,,2.6416472545757075,6.386153846153846,10.902027491408933,,2.85854031783402,6.348392857142857,10.942228571428572,,7.6516354259644945,,30.727325290822918,,8.264183439396183,,28.55866781369055,,3.772771020624009,7.987246376811594,19.209655172413793,,3.824155483128834,8.008391376451078,18.30647435897436,,3.475344093252634,,11.978022444470287,,4.266295453252148,,14.92175260115607,,2.1349551692589204,5.162936507936508,7.428235416666666,,2.2654690154699098,5.021150684931507,8.480623229461756,,7.343667546174142,,28.207757871878393,,7.722098308668076,,26.849138062547674,,3.5530204081632655,8.0,18.747305699481867,,3.543962526023595,7.9815068493150685,17.736649746192892,,8.530282744282745,,29.837337305224565,,9.16526023890785,,28.20621113989637,,3.358450331125828,7.978,16.805717255717255,,3.543722356739306,8.133812500000001,17.024171428571428,,6.98180602006689,,27.744155069582504,,7.228047424366313,,25.612679687500002,,3.06745,6.91,15.465464480874315,,3.104291814946619,6.8405555555555555,15.135769230769231,
202504,7.155301204819277,,30.132389078498296,,7.382949999999999,,29.085549738219896,,3.341505376344086,7.616666666666667,16.82767441860465,,3.3927272727272726,7.5088888888888885,15.674754098360655,,5.248147901399067,,19.74682274247492,,5.825959225854942,,21.299574052364203,,2.3047406133562625,5.568214285714286,10.849181236673775,,2.4186278981375904,5.673572359843546,11.991707175925924,,4.798089171974523,,19.246024279210925,,5.618470441038474,,21.657263157894736,,2.6711265164644713,6.527272727272727,10.924804804804804,,2.77334670487106,6.421525423728814,11.133128834355828,,7.766097872835058,,30.12705762739436,,7.768358441363525,,29.358122623257056,,3.7418926553672316,8.013614457831325,19.507232876712326,,3.6671153846153848,8.047594254937163,18.43053161723559,,3.452733003151734,,12.28832314153098,,4.049538774047078,,14.889690747154873,,2.1075094040784004,5.127017543859649,7.352028492451626,,2.1787048087048086,4.994515151515151,8.407713178294575,,7.492276422764228,,28.78323611890073,,7.530078314879828,,28.36266782911944,,3.61852534562212,8.249090909090908,18.86979797979798,,3.5097960618846695,8.177636363636363,17.959687499999998,,8.765661033797215,,30.16843307943417,,8.94719745677954,,29.619946732954546,,3.467476510067114,8.055333333333333,17.531311475409836,,3.430167377748605,8.308455284552846,17.396850258175558,,6.902970297029703,,27.74368040089087,,6.997569246264898,,26.327370550161813,,3.1244262295081966,6.840000000000001,15.209493670886076,,3.059955947136564,6.821929824561404,14.933093922651933,
202505,7.120807453416149,,30.46188271604938,,7.513631221719457,,29.88031746031746,,3.364158415841584,7.68,16.399882352941177,,3.4137556561085973,7.611428571428571,15.621538461538462,,5.249726642186863,,19.907045947730918,,5.958927982897608,,21.619491555874955,,2.3548497267759565,5.228881118881119,11.092768795472917,,2.4456362838515546,5.684112627986348,12.429923034634413,,4.936706827309237,,19.678227040816324,,5.8990103703703705,,22.16877108433735,,2.7906803797468354,6.6545000000000005,11.549919354838709,,2.8680688124306326,6.608679245283018,11.567580645161291,,7.736909722222223,,30.193049452515563,,7.9411867894074035,,28.94981954096829,,3.7404650024473813,8.005247524752475,19.662075023741693,,3.6800625592417067,8.009927140255009,18.092024291497975,,3.361022143139581,,11.778311715627849,,4.011158312092892,,14.328115774907749,,2.1616617925339754,5.21436974789916,7.566850028951939,,2.241003723764387,5.107818181818182,8.627790507364976,,7.409975369458127,,28.67894191805493,,7.755536665820857,,28.417365010799138,,3.6172075471698113,8.221764705882354,19.362331606217616,,3.5507238229093465,8.276078431372548,18.35012244897959,,8.874932625561453,,30.631426392067127,,9.24855323206866,,29.82893643410853,,3.53573748308525,8.286,17.674618395303327,,3.5062580749354004,8.440751445086706,16.980049668874173,,7.132115143929913,,27.774141732283464,,7.260978695073235,,26.384541666666667,,3.1324157303370788,7.206666666666667,16.52863354037267,,3.1393910491562727,7.034354838709677,14.918944444444444,
202506,7.168099999999999,,31.41760517799353,,7.638507972665147,,29.318743718592966,,3.425084745762712,7.88,17.17105263157895,,3.4871618625277163,7.7057692307692305,15.221940298507462,,5.362609992542879,,20.32499769393967,,5.977242827461208,,21.295515562510868,,2.4171243187126916,5.620077519379845,11.245024549918167,,2.477913809374017,5.7355805892547655,11.998524390243903,,5.05079766536965,,20.59916532905297,,5.896123698714024,,21.665131894484414,,2.840195035460993,6.803157894736842,11.705734265734266,,2.9166518847006655,6.751951219512195,11.291346153846154,,7.753776849642004,,31.209982263213906,,7.818996586176696,,29.442992012570382,,3.7753446502057617,8.015542168674699,19.40318961038961,,3.677793084059601,8.00664761904762,18.282280701754384,,3.27175572519084,,11.898979027425675,,3.797949003451731,,13.364353244520842,,2.21718415980375,5.33508064516129,7.964932009497086,,2.2763116435546076,5.21927392739274,8.681636060100168,,7.657957099080695,,29.749230429013707,,7.720322906155399,,29.107209464161446,,3.6740926640926643,8.3,18.755695652173916,,3.6022032693674486,8.373035714285715,18.347252252252254,,9.032176554681914,,32.19642677985723,,9.303609772423025,,29.09761890780975,,3.560968169761273,8.400526315789474,17.89261044176707,,3.5411684019170386,8.574632352941178,16.6047308319739,,7.155283446712018,,28.852747252747253,,7.2879532967032965,,27.233444846292947,,3.243186274509804,7.08909090909091,16.060075757575756,,3.1538461538461537,7.062741935483871,15.43120218579235,
202507,7.7547311827957,,31.99364089775561,,7.7849685534591195,,29.667193396226413,,3.594,7.921666666666667,17.417,,3.590817610062893,7.810588235294118,16.41813953488372,,5.449623717217787,,20.483476852246568,,6.141444337207839,,23.073757399883924,,2.6399299679019554,5.8776,12.001795491143318,,2.5184893368569847,5.823754993342211,13.690833603632823,,5.144883720930232,,20.99569678407351,,6.13596076168494,,23.439934640522875,,3.0192348754448397,6.890714285714286,12.343427672955976,,2.9954944444444447,6.8784,11.709742647058825,,7.828920556765458,,31.165014436103583,,7.982964808630876,,28.909925294427843,,4.127523703290574,8.001891891891892,20.475713575335657,,3.7006580526072907,8.047649186256782,17.732902072909223,,3.2796295686532764,,11.9838319958772,,3.8610320008285006,,13.641433516595399,,2.3242378622506585,5.355772357723577,8.272682389243995,,2.312351016592662,5.260380952380952,9.09583076923077,,7.722419855222337,,29.774339457567805,,7.9099746485365285,,28.535148955091152,,3.885953307392996,8.327692307692308,19.92132075471698,,3.616355272469922,8.359464285714285,18.498166259168705,,9.042408759124088,,32.02460224036453,,9.412568656053784,,29.50636628471548,,3.7709866666666665,8.405294117647058,18.35199600798403,,3.559375309866138,8.540952380952382,17.19186741363212,,7.274936585365854,,28.83092664092664,,7.451597544790976,,27.27737841043891,,3.435321637426901,7.07,17.333184713375797,,3.188501461988304,7.094181818181818,15.740661764705882,
202508,7.697427536231883,,32.80942604856512,,7.736117404737384,,29.65120987654321,,3.5025210084033613,7.904375,17.344639175257733,,3.5366457023060796,7.85578947368421,16.37563492063492,,5.573572309589887,,21.260353186707334,,6.048387934884099,,22.92177161391343,,2.6156479791395046,6.087151162790698,12.46797692030292,,2.5199013096642044,5.833369763205829,13.59421376393695,,5.2026666666666666,,21.022486772486772,,5.997384526558891,,23.627722602739727,,3.02111658456486,6.912857142857142,12.197163323782236,,2.9862882582081243,6.874814814814815,12.067086956521738,,7.956217856110951,,31.741931608570216,,7.852396307061036,,29.456363722382555,,4.085166031573217,8.042266666666666,20.77321372854914,,3.7185106971597195,7.997461240310077,18.157963395638628,,3.318105507631055,,12.157767949284978,,3.8175343014521785,,13.97309199669967,,2.3618661723163843,5.434814814814815,8.34686860246501,,2.3373118861650295,5.3083067092651754,9.353102585487907,,7.718914405010438,,30.01192640692641,,7.717335555555556,,28.603144063819805,,3.89205533596838,8.248000000000001,20.089019607843138,,3.5895909732016924,8.301372549019607,18.04473537604457,,9.045449330783939,,32.365265368461245,,9.290957440198818,,30.48154764196343,,3.8068866749688666,8.329259259259258,18.2340380952381,,3.5398097780744204,8.491972789115646,17.27328781512605,,7.279649769585253,,29.287096597145993,,7.3309841740850645,,27.605050732807214,,3.513768115942029,7.265,16.987785714285714,,3.1721370670596905,7.120535714285714,15.468274509803921,
202509,7.362459893048128,,31.85458781362007,,7.875945945945946,,31.71178125,,3.7672058823529415,8.083333333333334,19.224177215189872,,3.5456709956709953,7.863703703703703,16.139811320754717,,5.300327252209893,,20.30080841638981,,6.078328963820433,,22.34951802969597,,2.575763125763126,5.958346456692913,11.946243760399335,,2.549604078058544,5.770786516853932,13.071703076237183,,5.189007936507937,,21.392463295269167,,6.05198408018868,,23.788829953198128,,3.068980769230769,6.972799999999999,12.626824925816024,,3.0363779527559056,6.946585365853658,12.001288888888888,,7.735745405037441,,30.971418225364964,,7.884701889944659,,29.295056480949643,,4.127868051313378,7.979464285714286,20.69516596258298,,3.741711005320638,8.004869739478957,17.894264585045192,,3.2688842211393045,,11.855923946716233,,3.792807069656914,,14.04779973895208,,2.396255723846425,5.593361344537815,8.629936088623774,,2.383873740135948,5.430804195804196,9.410219039595619,,7.420378890392422,,29.300346020761246,,7.785595797004248,,28.65186600496278,,3.9667489711934154,8.2875,20.129032258064516,,3.6176044568245125,8.28290909090909,17.91616564417178,,8.923281821878811,,31.888058696175126,,9.351729192546584,,30.695762575452715,,3.804142640364188,8.268749999999999,18.567990543735224,,3.5629974853310977,8.813955223880596,17.351209068010075,,7.255474525474525,,29.00352386237514,,7.49318262554497,,28.0944483805668,,3.5525906735751294,7.109999999999999,18.443313609467456,,3.251721611721612,7.16125,15.427215189873417,
202510,7.470062893081761,,32.293983739837394,,8.351934493346981,,32.74472440944882,,3.551546391752577,7.808333333333334,17.256999999999998,,3.614887892376682,7.707058823529413,16.53,,5.249137860919072,,20.03996760138532,,6.203723028796022,,21.843318324464455,,2.5436081560283688,5.935912408759124,11.666393728222998,,2.587404456616457,5.926277372262773,12.847502612330198,,5.22441717791411,,21.541945392491467,,6.233111495246327,,23.401105610561057,,3.003810375670841,7.01,12.460028089887642,,3.088598979013046,6.979056603773585,12.216481481481482,,7.696864542745817,,31.784470996732026,,8.055992258020893,,29.702479452705592,,3.9692701118806606,8.052588235294118,20.515856922285124,,3.798640570053674,8.040139720558882,18.075798084596965,,3.250602006688963,,11.760533163061696,,3.8267427737501176,,14.25257697002577,,2.317942351102622,5.600416666666667,8.471526933101652,,2.417018264840183,5.38679180887372,9.235945730247407,,7.481424936386768,,29.31383826879271,,7.7790887025595765,,28.49185267857143,,3.7067241379310345,8.10375,19.657669902912623,,3.6256070175438593,8.184727272727272,18.027491525423727,,8.903547651618787,,31.705106154259607,,9.429633440118284,,30.11426282853567,,3.6667086834733897,8.289565217391305,18.08004662004662,,3.5736121479470646,8.44135593220339,16.94466049382716,,7.192992495309568,,29.090042440318303,,7.534109824780976,,27.67771255060729,,3.5002840909090907,7.33625,17.19901554404145,,3.2536103151862465,7.107872340425532,15.300774907749078,
202511,7.423103448275861,,29.39926517571885,,7.765949506037321,,30.439203980099503,,3.785054945054945,8.065,18.497179487179487,,3.5343280182232344,7.795238095238095,15.76364864864865,,5.274637572579135,,18.913033653846153,,6.010552358531694,,21.09015169720637,,2.6620079883805374,6.031100917431193,11.104456993918332,,2.54809724746819,5.91775,11.980526315789474,,5.401415607985481,,19.28183080808081,,6.1020171149144256,,23.313257443082314,,2.9627676767676765,7.040000000000001,11.959450867052023,,3.0564111300397503,6.993265306122449,11.463589743589743,,7.729086471408647,,28.495706797357766,,7.892472624012778,,28.380596048881802,,3.9936390532544377,7.941844660194175,20.516127764127763,,3.7238296065666576,7.933656565656565,17.111156043956044,,3.39356051527861,,11.360548453081055,,3.8086506855975886,,14.82937945299931,,2.3253805774278216,5.7781666666666665,7.353826549321599,,2.4001489443378117,5.442185430463576,9.066159663865546,,7.528514588859417,,26.7294656133829,,7.599956532238589,,27.096917293233084,,3.891917098445596,7.933333333333334,20.595990566037738,,3.4779985496736763,7.87531914893617,16.9418,,8.926958224543082,,27.855460640138407,,9.105800570178348,,28.73,,3.813068592057762,8.006071428571428,18.1789972899729,,3.484976169461606,8.300689655172413,16.469773156899812,,7.281141114982578,,26.294978956228956,,7.3735392347600515,,26.71567005076142,,3.5476923076923073,6.676,18.125975609756097,,3.2219526627218933,7.157872340425532,15.032962962962964,
202512,8.26792899408284,,28.293580645161292,,7.963424036281179,,27.924113207547173,,3.886041666666667,8.0525,18.382727272727273,,3.6573509933774835,7.880625,16.582087912087914,,5.434179910507638,,18.5731527926005,,6.12773036867777,,20.05961986432868,,2.8084504557483094,6.131733333333333,11.091225997045791,,2.619969771031644,5.766416819012797,11.736423870118474,,5.642705167173252,,19.08266418835192,,6.375111382361917,,21.41124812030075,,3.0414104595879556,7.222105263157895,11.364257425742574,,3.175716568993074,7.117222222222222,11.608349834983498,,8.082631156009644,,27.430445027218184,,8.076497167062861,,26.540686312692024,,4.406449567723342,8.198545454545455,19.767741935483873,,3.666066795473365,7.65112087912088,16.105578055964653,,3.4029978423657825,,10.78324254367904,1.77,3.7847884869040893,,12.508766039093418,,2.492206664799776,5.81864,7.990790135883241,,2.3853272673906663,5.350175438596491,8.12524623115578,,8.101719576719576,,27.40041611332448,,7.917096694009445,,25.491305785123966,,4.024174311926606,7.161851851851852,17.956535714285714,,3.315387453874539,7.404642857142858,15.081378091872791,,9.379060503570086,,28.460810034469553,,9.447952603471295,,27.066136114160262,,4.554688427299704,8.458461538461538,19.501956912028724,,3.6186606670195873,8.446846153846153,16.081697054698456,,7.725965865011637,,26.463789103690683,,7.643408796895213,,24.689684165599658,,3.9389719626168227,7.606111111111111,18.01992932862191,,3.345757575757576,7.227118644067796,14.916474576271185,
202601,9.155068493150686,,32.60795238095238,5.426842105263158,8.073850782190132,,28.76823741007194,5.446666666666666,4.26910447761194,8.285714285714286,19.334324324324324,3.302142857142857,3.6757596371882086,7.844285714285713,15.80345238095238,3.32,5.390466467171273,,19.73720399942454,2.9260837887067397,6.092221702087819,,20.368656087279938,3.1370588235294115,3.08496107266436,7.483076923076923,12.4748271446863,2.088888888888889,2.6281544925662574,6.041112877583466,11.998960144927535,2.141439393939394,5.862953020134229,,20.16101545253863,3.086261682242991,6.375582368082369,,22.072895125553917,3.0993333333333335,3.0985450346420325,7.439,11.866131805157593,1.584742268041237,3.214989384288747,7.289583333333333,12.29404891304348,1.6470967741935485,8.558874421296297,,31.531440337999317,5.595292125317528,7.973350290274353,,27.56060178700797,5.6,5.376204379562044,8.756823529411765,23.955306666666665,4.143055555555556,3.7005839416058395,7.736972860125261,17.278352350524877,4.324925373134328,3.612551990493167,,11.972938039614018,1.83871921182266,3.818419270212259,,12.41555141007352,1.8503583061889248,2.7791790429042904,6.5813749999999995,10.991362356508557,1.9142158092848183,2.4420256888633753,5.452454212454213,8.549647626112758,1.9393513513513512,8.601679104477611,,29.688876276958002,4.590746268656716,7.855877756070332,,26.057251693002257,4.621428571428572,5.162307692307692,7.486111111111111,19.607786885245904,3.197619047619048,3.395671863400149,7.5535,16.267531380753137,3.3016666666666663,9.685145317545748,,31.71019054100034,5.499651162790698,9.466609096142776,,28.27824592220828,5.542526315789473,5.810700636942675,8.565000000000001,22.252815013404824,4.572325581395349,3.673216783216783,8.553846153846154,17.26014106583072,4.8378571428571435,8.175069444444444,,31.48629604822505,5.245578512396694,7.775947213057822,,26.519654012493994,5.304025974025975,4.5275,7.843571428571429,20.026493506493505,3.064117647058824,3.4189535740604278,7.387291666666666,15.82617747440273,3.2088235294117644
202602,9.330220588235294,,36.46063063063063,5.44625,8.246270949720671,,32.32704433497537,5.4430555555555555,4.270121951219512,8.275,19.350266666666666,3.321,3.7429455445544555,8.022083333333333,17.631911764705883,3.3143478260869568,5.786525102159953,,21.37343757860317,2.9682541499713797,6.155381847049484,,22.485248663534747,3.1326614173228347,3.1488506304558683,7.3934482758620685,13.505579954954955,2.08727868852459,2.6861364602522317,6.138615384615385,12.392064128256514,2.169258241758242,6.063553398058253,,23.366530278232407,3.109816513761468,6.56559866962306,,25.348905263157892,3.119402390438247,3.243633952254642,7.600909090909091,13.20656652360515,1.6267692307692307,3.2842074927953893,7.463333333333333,12.81164658634538,1.6593627450980393,8.277656565656565,,34.98031203566122,5.581076876143991,8.039889934315639,,30.397919986244055,5.598955336866011,5.223348837209302,9.322750000000001,26.27060382916053,4.407644736842105,3.9073963085856493,8.035329218106996,18.304893401015228,4.437281105990784,3.772190476190476,,14.037851515151516,1.8683873649210307,3.9485523526918187,,14.42183844011142,1.8692727272727272,2.917049338146811,6.888222222222223,12.874960341671752,1.9448376623376622,2.5744098234842667,5.587078189300412,8.954929017603634,1.959274322169059,8.724072900158479,,33.4281547277937,4.580782608695652,7.998737992712819,,29.940582822085887,4.609210526315789,5.865182481751825,8.362222222222222,23.11433526011561,3.2606666666666664,3.8058788898233806,8.393333333333333,18.529857819905214,3.461875,9.763230633802818,,35.99253370013755,5.497302798982188,9.542099176304186,,31.487426229508195,5.499531442663378,5.984067796610169,9.144545454545455,22.648714285714288,4.821578947368421,3.7139405052974737,8.549090909090909,17.546537717601545,4.79421052631579,8.54540404040404,,36.631027111574554,5.359162011173185,8.148503591380686,,30.612330623306235,5.38601754385965,4.752805755395683,8.213333333333333,22.60570652173913,3.2428571428571424,3.6236236391912904,7.80108695652174,17.187892156862745,3.2689855072463767
202603,9.07228310502283,,35.334305177111716,5.306666666666667,8.54225,,30.568323699421963,5.333157894736842,4.187325581395349,8.114,19.92641975308642,,3.873441860465116,7.78375,16.27423076923077,3.2470588235294118,5.698066264318266,,20.857780759213952,2.838115468409586,6.3750942726811965,,22.030216972878392,2.977028907922912,3.0841734733566706,7.448833333333334,12.72671354899203,2.810769230769231,2.7883471575966015,5.7729369369369365,11.891603911980441,2.165996376811594,5.835990566037736,,22.415756718528996,3.0108450704225356,6.799432013769363,,24.23477024070022,3.0194811320754718,3.112206477732794,7.33125,12.351270903010034,1.5966666666666667,3.3303191489361703,7.269629629629629,12.268722466960352,1.607313432835821,7.738809643395278,,34.39970554327985,5.594565860316979,8.61150984444686,,29.810612414498497,5.599868558910372,4.505822784810126,9.124313725490195,26.2517504898759,4.414890510948905,4.103237899073121,8.131574952561671,18.40992039800995,4.440742459396751,3.682504455269098,,13.502755742521368,1.85466,4.12765504550654,,13.178289495180525,1.8549462365591398,2.8070408798505913,6.904528301886792,12.138058645096057,1.95,2.693744288817317,5.641648351648352,8.650208444681988,1.9461159062885327,8.613435784851811,,32.83385880077369,4.5724,8.544438791732908,,29.140949367088606,4.586666666666667,5.634171122994652,8.241333333333333,23.118599033816427,3.47,4.061392712550607,8.315,18.75378640776699,3.4448000000000003,9.543401777505363,,34.56098048436398,5.399636363636364,9.952244032663316,,30.355235866042495,5.403682719546742,6.006475583864119,8.929756097560976,23.898056872037913,,3.9604968944099377,8.492388059701492,17.527069597069598,4.715714285714286,8.515798438608943,,35.28695837275308,5.352647058823529,8.512603766333589,,29.811630867143993,5.346038394415358,4.775666666666667,8.136111111111111,21.792227722772274,,3.7089236641221373,7.679830508474576,16.796453201970444,3.2523636363636363
202604,9.564041666666666,,35.76826086956522,5.37375,8.345648414985591,,31.68683615819209,5.375,4.327471264367817,8.22764705882353,20.715915492957745,,3.7613701923076923,7.835714285714286,16.13057971014493,3.28,6.129687829889911,,21.995628533735392,2.8898635477582846,6.219094074759236,,22.001905300886627,2.9593003618817857,3.2912444641275465,7.611022727272727,13.58580121703854,3.410833333333333,2.71908614179835,6.119982394366198,11.896774683544304,2.2045780051150894,6.05430693069307,,22.862478134110788,3.0695588235294116,6.483591985428051,,25.05414438502674,3.0755203619909506,3.2779425837320577,7.520714285714286,12.990488599348534,1.6325,3.250408505875769,7.379736842105263,12.423675213675214,1.6363366336633665,7.930824008138352,,34.95846391998094,5.6000000000000005,8.061209359368988,,30.429490371523052,5.6,4.70728,9.19095238095238,27.687579169598877,4.429260700389105,3.8893043575669317,8.189636752136753,18.450388538125303,4.444394128669582,3.919001823154057,,13.946966386554621,1.931081081081081,4.109620392156863,,14.174280546623795,1.9310487641950569,3.153452636602243,7.3527848101265825,12.903383869011522,,2.7517082475013352,5.966996047430831,9.036392914653783,2.0189142857142857,8.7703125,,32.69298315163528,4.571267605633802,8.035045871559634,,29.950268872802482,4.572193877551021,6.037692307692308,8.323529411764707,23.586346153846154,3.355,3.9475510204081634,8.284406779661017,18.338897637795274,3.43,9.863415393322015,,35.08400838296934,5.445702479338842,9.546009975062343,,31.26364461247637,5.445771929824562,6.42006833712984,8.736875,24.547422434367544,4.68,3.844932027189124,8.535045045045045,17.55365811965812,4.750612244897959,8.7326893676164,,36.26088595203133,5.414166666666667,8.270465069860279,,31.37029560810811,5.400817307692307,4.988159509202454,6.861666666666667,22.37924107142857,,3.7602658326817826,7.77811320754717,17.02509708737864,3.28
202605,9.280403463,,35.04278726,5.388377193,8.302005037,,30.8376104,5.399470029,4.263505819,8.225590336,19.83173156,3.311571429,3.763379309,7.871458333,16.46004366,3.290351662,5.751186416,,20.99101272,2.905579239,6.210447974,,21.72150676,3.051512378,3.15230741,7.484095315,13.07323047,2.599442535,2.705431063,6.018161898,12.04485072,2.170318004,5.954200979,,22.20144515,3.069120522,6.556051259,,24.17767875,3.078434304,3.183082012,7.472968344,12.60361446,1.610169541,3.269981133,7.350570785,12.4495233,1.637527396,8.12654116,,33.96748046,5.592733715,8.171489857,,29.54965614,5.599705974,4.953164,9.098709909,26.04131004,4.348712876,3.900130627,8.023378446,18.11088867,4.411835767,3.746562186,,13.36512792,1.873211914,4.001061765,,13.54748997,1.876406509,2.914180474,6.931727584,12.2269413,1.936351157,2.615472012,5.6620442,8.797794501,1.965913966,8.677375072,,32.16096824,4.578799121,8.108525103,,28.77226319,4.59737491,5.674838401,8.10329902,22.35676683,3.320821429,3.802623622,8.136560028,17.97251831,3.409585417,9.713798281,,34.33692828,5.460573201,9.62674057,,30.34613816,5.472878102,6.055328089,8.844044138,23.33675215,4.69130151,3.798146553,8.532592542,17.47185163,4.77459855,8.492240323,,34.91629187,5.342888562,8.17687991,,29.57847778,5.359224805,4.761032983,7.763670635,21.70091721,3.153487395,3.627941678,7.661580585,16.70890498,3.252543168
202606,9.280403463,,35.04278726,5.388377193,8.302005037,,30.8376104,5.399470029,4.263505819,8.225590336,19.83173156,3.311571429,3.763379309,7.871458333,16.46004366,3.290351662,5.751186416,,20.99101272,2.905579239,6.210447974,,21.72150676,3.051512378,3.15230741,7.484095315,13.07323047,2.599442535,2.705431063,6.018161898,12.04485072,2.170318004,5.954200979,,22.20144515,3.069120522,6.556051259,,24.17767875,3.078434304,3.183082012,7.472968344,12.60361446,1.610169541,3.269981133,7.350570785,12.4495233,1.637527396,8.12654116,,33.96748046,5.592733715,8.171489857,,29.54965614,5.599705974,4.953164,9.098709909,26.04131004,4.348712876,3.900130627,8.023378446,18.11088867,4.411835767,3.746562186,,13.36512792,1.873211914,4.001061765,,13.54748997,1.876406509,2.914180474,6.931727584,12.2269413,1.936351157,2.615472012,5.6620442,8.797794501,1.965913966,8.677375072,,32.16096824,4.578799121,8.108525103,,28.77226319,4.59737491,5.674838401,8.10329902,22.35676683,3.320821429,3.802623622,8.136560028,17.97251831,3.409585417,9.713798281,,34.33692828,5.460573201,9.62674057,,30.34613816,5.472878102,6.055328089,8.844044138,23.33675215,4.69130151,3.798146553,8.532592542,17.47185163,4.77459855,8.492240323,,34.91629187,5.342888562,8.17687991,,29.57847778,5.359224805,4.761032983,7.763670635,21.70091721,3.153487395,3.627941678,7.661580585,16.70890498,3.252543168
202607,9.280403463,,35.04278726,5.388377193,8.302005037,,30.8376104,5.399470029,4.263505819,8.225590336,19.83173156,3.311571429,3.763379309,7.871458333,16.46004366,3.290351662,5.751186416,,20.99101272,2.905579239,6.210447974,,21.72150676,3.051512378,3.15230741,7.484095315,13.07323047,2.599442535,2.705431063,6.018161898,12.04485072,2.170318004,5.954200979,,22.20144515,3.069120522,6.556051259,,24.17767875,3.078434304,3.183082012,7.472968344,12.60361446,1.610169541,3.269981133,7.350570785,12.4495233,1.637527396,8.12654116,,33.96748046,5.592733715,8.171489857,,29.54965614,5.599705974,4.953164,9.098709909,26.04131004,4.348712876,3.900130627,8.023378446,18.11088867,4.411835767,3.746562186,,13.36512792,1.873211914,4.001061765,,13.54748997,1.876406509,2.914180474,6.931727584,12.2269413,1.936351157,2.615472012,5.6620442,8.797794501,1.965913966,8.677375072,,32.16096824,4.578799121,8.108525103,,28.77226319,4.59737491,5.674838401,8.10329902,22.35676683,3.320821429,3.802623622,8.136560028,17.97251831,3.409585417,9.713798281,,34.33692828,5.460573201,9.62674057,,30.34613816,5.472878102,6.055328089,8.844044138,23.33675215,4.69130151,3.798146553,8.532592542,17.47185163,4.77459855,8.492240323,,34.91629187,5.342888562,8.17687991,,29.57847778,5.359224805,4.761032983,7.763670635,21.70091721,3.153487395,3.627941678,7.661580585,16.70890498,3.252543168
202608,9.280403463,,35.04278726,5.388377193,8.302005037,,30.8376104,5.399470029,4.263505819,8.225590336,19.83173156,3.311571429,3.763379309,7.871458333,16.46004366,3.290351662,5.751186416,,20.99101272,2.905579239,6.210447974,,21.72150676,3.051512378,3.15230741,7.484095315,13.07323047,2.599442535,2.705431063,6.018161898,12.04485072,2.170318004,5.954200979,,22.20144515,3.069120522,6.556051259,,24.17767875,3.078434304,3.183082012,7.472968344,12.60361446,1.610169541,3.269981133,7.350570785,12.4495233,1.637527396,8.12654116,,33.96748046,5.592733715,8.171489857,,29.54965614,5.599705974,4.953164,9.098709909,26.04131004,4.348712876,3.900130627,8.023378446,18.11088867,4.411835767,3.746562186,,13.36512792,1.873211914,4.001061765,,13.54748997,1.876406509,2.914180474,6.931727584,12.2269413,1.936351157,2.615472012,5.6620442,8.797794501,1.965913966,8.677375072,,32.16096824,4.578799121,8.108525103,,28.77226319,4.59737491,5.674838401,8.10329902,22.35676683,3.320821429,3.802623622,8.136560028,17.97251831,3.409585417,9.713798281,,34.33692828,5.460573201,9.62674057,,30.34613816,5.472878102,6.055328089,8.844044138,23.33675215,4.69130151,3.798146553,8.532592542,17.47185163,4.77459855,8.492240323,,34.91629187,5.342888562,8.17687991,,29.57847778,5.359224805,4.761032983,7.763670635,21.70091721,3.153487395,3.627941678,7.661580585,16.70890498,3.252543168
202609,9.280403463,,35.04278726,5.388377193,8.302005037,,30.8376104,5.399470029,4.263505819,8.225590336,19.83173156,3.311571429,3.763379309,7.871458333,16.46004366,3.290351662,5.751186416,,20.99101272,2.905579239,6.210447974,,21.72150676,3.051512378,3.15230741,7.484095315,13.07323047,2.599442535,2.705431063,6.018161898,12.04485072,2.170318004,5.954200979,,22.20144515,3.069120522,6.556051259,,24.17767875,3.078434304,3.183082012,7.472968344,12.60361446,1.610169541,3.269981133,7.350570785,12.4495233,1.637527396,8.12654116,,33.96748046,5.592733715,8.171489857,,29.54965614,5.599705974,4.953164,9.098709909,26.04131004,4.348712876,3.900130627,8.023378446,18.11088867,4.411835767,3.746562186,,13.36512792,1.873211914,4.001061765,,13.54748997,1.876406509,2.914180474,6.931727584,12.2269413,1.936351157,2.615472012,5.6620442,8.797794501,1.965913966,8.677375072,,32.16096824,4.578799121,8.108525103,,28.77226319,4.59737491,5.674838401,8.10329902,22.35676683,3.320821429,3.802623622,8.136560028,17.97251831,3.409585417,9.713798281,,34.33692828,5.460573201,9.62674057,,30.34613816,5.472878102,6.055328089,8.844044138,23.33675215,4.69130151,3.798146553,8.532592542,17.47185163,4.77459855,8.492240323,,34.91629187,5.342888562,8.17687991,,29.57847778,5.359224805,4.761032983,7.763670635,21.70091721,3.153487395,3.627941678,7.661580585,16.70890498,3.252543168
202610,9.280403463,,35.04278726,5.388377193,8.302005037,,30.8376104,5.399470029,4.263505819,8.225590336,19.83173156,3.311571429,3.763379309,7.871458333,16.46004366,3.290351662,5.751186416,,20.99101272,2.905579239,6.210447974,,21.72150676,3.051512378,3.15230741,7.484095315,13.07323047,2.599442535,2.705431063,6.018161898,12.04485072,2.170318004,5.954200979,,22.20144515,3.069120522,6.556051259,,24.17767875,3.078434304,3.183082012,7.472968344,12.60361446,1.610169541,3.269981133,7.350570785,12.4495233,1.637527396,8.12654116,,33.96748046,5.592733715,8.171489857,,29.54965614,5.599705974,4.953164,9.098709909,26.04131004,4.348712876,3.900130627,8.023378446,18.11088867,4.411835767,3.746562186,,13.36512792,1.873211914,4.001061765,,13.54748997,1.876406509,2.914180474,6.931727584,12.2269413,1.936351157,2.615472012,5.6620442,8.797794501,1.965913966,8.677375072,,32.16096824,4.578799121,8.108525103,,28.77226319,4.59737491,5.674838401,8.10329902,22.35676683,3.320821429,3.802623622,8.136560028,17.97251831,3.409585417,9.713798281,,34.33692828,5.460573201,9.62674057,,30.34613816,5.472878102,6.055328089,8.844044138,23.33675215,4.69130151,3.798146553,8.532592542,17.47185163,4.77459855,8.492240323,,34.91629187,5.342888562,8.17687991,,29.57847778,5.359224805,4.761032983,7.763670635,21.70091721,3.153487395,3.627941678,7.661580585,16.70890498,3.252543168
202611,9.280403463,,35.04278726,5.388377193,8.302005037,,30.8376104,5.399470029,4.263505819,8.225590336,19.83173156,3.311571429,3.763379309,7.871458333,16.46004366,3.290351662,5.751186416,,20.99101272,2.905579239,6.210447974,,21.72150676,3.051512378,3.15230741,7.484095315,13.07323047,2.599442535,2.705431063,6.018161898,12.04485072,2.170318004,5.954200979,,22.20144515,3.069120522,6.556051259,,24.17767875,3.078434304,3.183082012,7.472968344,12.60361446,1.610169541,3.269981133,7.350570785,12.4495233,1.637527396,8.12654116,,33.96748046,5.592733715,8.171489857,,29.54965614,5.599705974,4.953164,9.098709909,26.04131004,4.348712876,3.900130627,8.023378446,18.11088867,4.411835767,3.746562186,,13.36512792,1.873211914,4.001061765,,13.54748997,1.876406509,2.914180474,6.931727584,12.2269413,1.936351157,2.615472012,5.6620442,8.797794501,1.965913966,8.677375072,,32.16096824,4.578799121,8.108525103,,28.77226319,4.59737491,5.674838401,8.10329902,22.35676683,3.320821429,3.802623622,8.136560028,17.97251831,3.409585417,9.713798281,,34.33692828,5.460573201,9.62674057,,30.34613816,5.472878102,6.055328089,8.844044138,23.33675215,4.69130151,3.798146553,8.532592542,17.47185163,4.77459855,8.492240323,,34.91629187,5.342888562,8.17687991,,29.57847778,5.359224805,4.761032983,7.763670635,21.70091721,3.153487395,3.627941678,7.661580585,16.70890498,3.252543168
202612,9.280403463,,35.04278726,5.388377193,8.302005037,,30.8376104,5.399470029,4.263505819,8.225590336,19.83173156,3.311571429,3.763379309,7.871458333,16.46004366,3.290351662,5.751186416,,20.99101272,2.905579239,6.210447974,,21.72150676,3.051512378,3.15230741,7.484095315,13.07323047,2.599442535,2.705431063,6.018161898,12.04485072,2.170318004,5.954200979,,22.20144515,3.069120522,6.556051259,,24.17767875,3.078434304,3.183082012,7.472968344,12.60361446,1.610169541,3.269981133,7.350570785,12.4495233,1.637527396,8.12654116,,33.96748046,5.592733715,8.171489857,,29.54965614,5.599705974,4.953164,9.098709909,26.04131004,4.348712876,3.900130627,8.023378446,18.11088867,4.411835767,3.746562186,,13.36512792,1.873211914,4.001061765,,13.54748997,1.876406509,2.914180474,6.931727584,12.2269413,1.936351157,2.615472012,5.6620442,8.797794501,1.965913966,8.677375072,,32.16096824,4.578799121,8.108525103,,28.77226319,4.59737491,5.674838401,8.10329902,22.35676683,3.320821429,3.802623622,8.136560028,17.97251831,3.409585417,9.713798281,,34.33692828,5.460573201,9.62674057,,30.34613816,5.472878102,6.055328089,8.844044138,23.33675215,4.69130151,3.798146553,8.532592542,17.47185163,4.77459855,8.492240323,,34.91629187,5.342888562,8.17687991,,29.57847778,5.359224805,4.761032983,7.763670635,21.70091721,3.153487395,3.627941678,7.661580585,16.70890498,3.252543168
