层级,指标,本周,上周,2周前,3周前,4周前,5周前,6周前,7周前,wow,wow%
1,整体 新增次留,0.157918,0.167233,0.160996,0.157097,0.141583,0.136161,0.142303,0.142372,-0.009316,-5.570376
1.1,渠道 新增次留,0.13191,0.142202,0.127378,0.125889,0.105862,0.101853,0.110935,0.107046,-0.010292,-7.237582
1.1.unknow,unknow 新增次留,,0.0,,,,,0.0,0.0,,
1.1.不丹,不丹 新增次留,,0.0,,,,,,,,
1.1.东帝汶,东帝汶 新增次留,,,0.0,1.0,,,,,,
1.1.中国,中国 新增次留,0.266667,0.125,0.0,0.25,0.333333,0.0,0.142857,0.0,0.141667,113.333333
1.1.中非,中非 新增次留,,,,1.0,,,,,,
1.1.丹麦,丹麦 新增次留,0.2,0.1,0.0,0.25,0.0,0.066667,0.333333,0.25,0.1,100.0
1.1.乌克兰,乌克兰 新增次留,0.131387,0.099099,0.109589,0.089172,0.083333,0.134615,0.124294,0.124183,0.032288,32.581287
1.1.乌兹别克斯坦,乌兹别克斯坦 新增次留,0.0,0.125,0.153846,0.1,0.0,0.04878,0.1,0.076923,-0.125,-100.0
1.1.乌干达,乌干达 新增次留,1.0,0.0,0.666667,0.25,0.333333,0.0,0.333333,0.5,1.0,
1.1.乌拉圭,乌拉圭 新增次留,0.0,0.333333,0.181818,0.0,0.166667,0.071429,0.0,0.0,-0.333333,-100.0
1.1.乍得,乍得 新增次留,0.0,0.0,0.0,0.333333,,,,,0.0,
1.1.也门,也门 新增次留,0.0,0.0,,,,,1.0,,0.0,
1.1.亚美尼亚,亚美尼亚 新增次留,0.181818,0.153846,0.0,0.0,0.222222,0.166667,0.157895,0.0,0.027972,18.181818
1.1.以色列,以色列 新增次留,0.0,0.125,0.076923,0.142857,0.176471,0.233083,0.055556,0.25,-0.125,-100.0
1.1.伊拉克,伊拉克 新增次留,0.172414,0.085714,0.157895,0.066667,0.119403,0.12069,0.137255,0.068182,0.0867,101.149425
1.1.伊朗,伊朗 新增次留,0.183746,0.11194,0.134409,0.13748,0.105027,0.117056,0.123519,0.134387,0.071805,64.146054
1.1.伯利兹,伯利兹 新增次留,1.0,0.333333,0.333333,0.0,0.0,0.0,,,0.666667,200.0
1.1.佛得角,佛得角 新增次留,0.333333,0.0,0.0,0.0,0.25,0.333333,1.0,0.0,0.333333,
1.1.俄罗斯,俄罗斯 新增次留,0.117647,0.129583,0.120073,0.114549,0.103229,0.121517,0.10098,0.115464,-0.011936,-9.210904
1.1.保加利亚,保加利亚 新增次留,0.153846,0.052632,0.166667,0.235294,0.086957,0.057143,0.142857,0.333333,0.101215,192.307692
1.1.克罗地亚,克罗地亚 新增次留,0.136364,0.24,0.225806,0.294118,0.533333,0.285714,0.192308,0.473684,-0.103636,-43.181818
1.1.关岛,关岛 新增次留,0.0,,0.0,0.0,0.0,,0.0,0.0,,
1.1.冈比亚,冈比亚 新增次留,0.25,0.2,0.230769,0.210526,0.153846,0.307692,0.166667,0.1,0.05,25.0
1.1.冰岛,冰岛 新增次留,,,0.0,0.0,0.0,0.0,0.0,0.0,,
1.1.几内亚,几内亚 新增次留,0.142857,0.0,0.0,,0.0,0.0,0.333333,0.0,0.142857,
1.1.几内亚比绍,几内亚比绍 新增次留,,0.0,,,,1.0,,,,
1.1.列支敦士登,列支敦士登 新增次留,,,0.0,,0.0,,,,,
1.1.刚果共和国,刚果共和国 新增次留,1.0,,0.0,0.0,0.0,,0.0,,,
1.1.刚果民主共和国,刚果民主共和国 新增次留,,0.0,0.25,0.0,0.25,0.2,1.0,0.5,,
1.1.利比亚,利比亚 新增次留,1.0,0.0,0.5,,0.25,0.5,0.333333,0.5,1.0,
1.1.利比里亚,利比里亚 新增次留,1.0,0.0,0.25,0.0,0.0,0.0,0.0,1.0,1.0,
1.1.加拿大,加拿大 新增次留,0.112828,0.099469,0.084211,0.082148,0.106908,0.079893,0.105488,0.086106,0.013359,13.430191
1.1.加纳,加纳 新增次留,0.166667,0.113208,0.282609,0.222222,0.184211,0.205882,0.2,0.184211,0.053459,47.222222
1.1.加蓬,加蓬 新增次留,,0.0,,0.5,,,,,,
1.1.匈牙利,匈牙利 新增次留,0.133333,0.0,0.0,0.153846,0.2,0.0,0.0,0.111111,0.133333,
1.1.北马其顿,北马其顿 新增次留,0.5,0.4,0.5,0.0,0.2,0.0,0.333333,0.5,0.1,25.0
1.1.北马里亚纳群岛,北马里亚纳群岛 新增次留,,,,,,,,,,
1.1.南苏丹,南苏丹 新增次留,0.245283,0.170213,0.176471,0.34,0.280702,0.254902,0.166667,0.139535,0.07507,44.103774
1.1.南非,南非 新增次留,0.133333,0.333333,0.142857,0.1875,0.260274,0.163121,0.125,0.136364,-0.2,-60.0
1.1.博茨瓦纳,博茨瓦纳 新增次留,,0.5,0.0,,,0.0,0.0,,,
1.1.卡塔尔,卡塔尔 新增次留,0.0,0.0,0.0,0.428571,0.0,0.142857,0.153846,0.25,0.0,
1.1.卢旺达,卢旺达 新增次留,,,0.0,0.0,0.0,0.333333,0.25,,,
1.1.卢森堡,卢森堡 新增次留,0.0,0.0,0.0,0.0,0.0,0.0,0.0,0.0,0.0,
1.1.印度,印度 新增次留,0.218341,0.248658,0.186567,0.210046,0.209424,0.227488,0.192513,0.154762,-0.030318,-12.192517
1.1.印度尼西亚,印度尼西亚 新增次留,0.142857,0.153846,0.064516,0.166667,0.149254,0.12987,0.090909,0.104167,-0.010989,-7.142857
1.1.危地马拉,危地马拉 新增次留,0.0,0.185185,0.1875,0.0,0.038462,0.117647,0.133333,0.0,-0.185185,-100.0
1.1.厄瓜多尔,厄瓜多尔 新增次留,0.133333,0.181818,0.083333,0.15,0.117647,0.185185,0.216216,0.08,-0.048485,-26.666667
1.1.叙利亚,叙利亚 新增次留,0.428571,0.181818,0.076923,0.139535,0.138889,0.121951,0.137931,0.227273,0.246753,135.714286
1.1.古巴,古巴 新增次留,0.0,0.0,0.2,0.0,0.0,0.5,0.142857,0.0,0.0,
1.1.台湾,台湾 新增次留,0.0,0.0,0.0,0.25,0.333333,0.25,0.5,0.0,0.0,
1.1.吉尔吉斯斯坦,吉尔吉斯斯坦 新增次留,0.071429,0.090909,0.125,0.0,0.0,0.166667,0.1875,0.166667,-0.019481,-21.428571
1.1.吉布提,吉布提 新增次留,,,,,,,,,,
1.1.哈萨克斯坦,哈萨克斯坦 新增次留,0.075472,0.086957,0.092308,0.098361,0.136364,0.117647,0.166667,0.106383,-0.011485,-13.207547
1.1.哥伦比亚,哥伦比亚 新增次留,0.132075,0.128571,0.08,0.10989,0.120879,0.12037,0.132653,0.085106,0.003504,2.725367
1.1.哥斯达黎加,哥斯达黎加 新增次留,0.307692,0.142857,0.142857,0.066667,0.333333,0.0,0.1,0.0,0.164835,115.384615
1.1.喀麦隆,喀麦隆 新增次留,0.0,0.0,0.166667,0.181818,0.5,0.2,0.4,0.2,0.0,
1.1.图瓦卢,图瓦卢 新增次留,,,,,,,,,,
1.1.土库曼斯坦,土库曼斯坦 新增次留,0.0,0.0,,0.333333,,,,,0.0,
1.1.土耳其,土耳其 新增次留,0.140569,0.117979,0.106998,0.113983,0.101487,0.099112,0.097278,0.079014,0.022591,19.148154
1.1.圣卢西亚,圣卢西亚 新增次留,0.5,,0.5,,,1.0,,,,
1.1.圣基茨和尼维斯,圣基茨和尼维斯 新增次留,,0.0,,,,,,,,
1.1.圣多美和普林西比,圣多美和普林西比 新增次留,,,,,0.0,,,,,
1.1.圣巴泰勒米岛,圣巴泰勒米岛 新增次留,,,,,,,,,,
1.1.圣文森特和格林纳丁斯,圣文森特和格林纳丁斯 新增次留,,0.0,0.0,,1.0,,0.0,,,
1.1.圣皮埃尔和密克隆群岛,圣皮埃尔和密克隆群岛 新增次留,,,,,,,,,,
1.1.圣马力诺,圣马力诺 新增次留,,,,,,,,,,
1.1.圭亚那,圭亚那 新增次留,0.5,0.0,0.0,0.0,0.0,0.0,0.0,0.0,0.5,
1.1.坦桑尼亚,坦桑尼亚 新增次留,0.5,0.25,0.25,0.181818,0.0,0.25,0.285714,0.25,0.25,100.0
1.1.埃及,埃及 新增次留,0.128205,0.108108,0.114286,0.121212,0.292683,0.076923,0.163265,0.226415,0.020097,18.589744
1.1.埃塞俄比亚,埃塞俄比亚 新增次留,0.166667,0.0,0.222222,0.0,0.25,0.0,0.0,0.4,0.166667,
1.1.基里巴斯,基里巴斯 新增次留,,,,,,,,,,
1.1.塔吉克斯坦,塔吉克斯坦 新增次留,0.2,0.0,0.0,0.0,0.25,0.0,0.0,0.666667,0.2,
1.1.塞内加尔,塞内加尔 新增次留,,0.0,0.25,0.25,0.0,1.0,0.0,0.0,,
1.1.塞尔维亚,塞尔维亚 新增次留,0.083333,0.173913,0.076923,0.137931,0.055556,0.055556,0.2,0.038462,-0.09058,-52.083333
1.1.塞拉利昂,塞拉利昂 新增次留,,0.0,,0.0,0.25,,,0.0,,
1.1.塞浦路斯,塞浦路斯 新增次留,0.153846,0.555556,0.166667,0.0,0.166667,0.2,0.071429,0.285714,-0.401709,-72.307692
1.1.塞舌尔,塞舌尔 新增次留,,,0.0,0.0,0.0,0.0,0.0,0.0,,
1.1.墨西哥,墨西哥 新增次留,0.153261,0.161992,0.132378,0.118529,0.086728,0.068845,0.073175,0.066224,-0.00873,-5.389469
1.1.多哥,多哥 新增次留,0.5,0.5,0.0,0.166667,,0.25,0.0,0.333333,0.0,0.0
1.1.多米尼克,多米尼克 新增次留,0.0,,,,,0.0,,,,
1.1.多米尼加,多米尼加 新增次留,0.217391,0.15625,0.259259,0.142857,0.25,0.15,0.28,0.071429,0.061141,39.130435
1.1.奥兰群岛,奥兰群岛 新增次留,,,,,,,,,,
1.1.奥地利,奥地利 新增次留,0.117647,0.25,0.25,0.217391,0.166667,0.2,0.047619,0.083333,-0.132353,-52.941176
1.1.委内瑞拉,委内瑞拉 新增次留,0.134615,0.1875,0.034483,0.145161,0.0,0.08,0.093023,0.121951,-0.052885,-28.205128
1.1.孟加拉,孟加拉 新增次留,0.145985,0.235294,0.230088,0.222222,0.176471,0.150794,0.170543,0.18,-0.089309,-37.956204
1.1.安哥拉,安哥拉 新增次留,0.0,0.5,0.5,0.0,0.0,0.0,0.0,0.0,-0.5,-100.0
1.1.安圭拉,安圭拉 新增次留,,,,1.0,,,0.0,0.0,,
1.1.安提瓜和巴布达,安提瓜和巴布达 新增次留,,,0.666667,,0.0,,0.0,1.0,,
1.1.安道尔,安道尔 新增次留,0.0,0.5,,0.5,0.0,0.0,0.0,,-0.5,-100.0
1.1.密克罗尼西亚联邦,密克罗尼西亚联邦 新增次留,,0.0,,,,,,,,
1.1.尼加拉瓜,尼加拉瓜 新增次留,0.0,0.428571,0.333333,0.25,0.0,0.0,0.2,0.333333,-0.428571,-100.0
1.1.尼日利亚,尼日利亚 新增次留,0.216867,0.217391,0.25,0.246753,0.234177,0.162651,0.235897,0.268293,-0.000524,-0.240964
1.1.尼日尔,尼日尔 新增次留,,,,,,,1.0,0.0,,
1.1.尼泊尔,尼泊尔 新增次留,0.2,0.1,0.052632,0.230769,0.181818,0.285714,0.166667,0.153846,0.1,100.0
1.1.巴勒斯坦,巴勒斯坦 新增次留,0.0,0.0,0.0,0.5,0.111111,0.25,0.166667,0.4,0.0,
1.1.巴哈马,巴哈马 新增次留,0.5,0.25,0.125,0.181818,0.0,0.111111,0.125,0.833333,0.25,100.0
1.1.巴基斯坦,巴基斯坦 新增次留,0.204545,0.078431,0.090909,0.179487,0.192308,0.162791,0.122449,0.148148,0.126114,160.795455
1.1.巴巴多斯,巴巴多斯 新增次留,0.0,0.0,0.0,0.25,0.0,0.5,1.0,0.5,0.0,
1.1.巴布亚新几内亚,巴布亚新几内亚 新增次留,,,,,,0.0,,0.0,,
1.1.巴拉圭,巴拉圭 新增次留,0.230769,0.5,0.142857,0.142857,0.142857,0.086957,0.0,0.055556,-0.269231,-53.846154
1.1.巴拿马,巴拿马 新增次留,0.166667,0.333333,0.181818,0.111111,0.090909,0.0,0.133333,0.222222,-0.166667,-50.0
1.1.巴林,巴林 新增次留,0.0,,0.0,0.0,0.0,0.0,0.0,0.0,,
1.1.巴西,巴西 新增次留,0.127736,0.147069,0.131792,0.129323,0.0956,0.093253,0.108418,0.102442,-0.019333,-13.145254
1.1.布基纳法索,布基纳法索 新增次留,0.25,0.4,0.2,0.0,0.4,0.333333,0.0,0.571429,-0.15,-37.5
1.1.布隆迪,布隆迪 新增次留,,,,0.0,1.0,0.0,,0.0,,
1.1.希腊,希腊 新增次留,0.217949,0.243902,0.304348,0.188406,0.273973,0.166667,0.266667,0.25,-0.025954,-10.641026
1.1.帕劳,帕劳 新增次留,,,,,,,,,,
1.1.库克群岛,库克群岛 新增次留,,,0.0,,,,,,,
1.1.库拉索,库拉索 新增次留,1.0,0.0,0.0,0.0,,,0.0,0.0,1.0,
1.1.开曼群岛,开曼群岛 新增次留,0.0,1.0,0.0,0.25,0.0,0.0,1.0,0.0,-1.0,-100.0
1.1.德国,德国 新增次留,0.122722,0.112697,0.117647,0.125436,0.132895,0.130945,0.131911,0.132012,0.010025,8.895099
1.1.意大利,意大利 新增次留,0.12766,0.178571,0.19469,0.135593,0.22449,0.107692,0.147541,0.213483,-0.050912,-28.510638
1.1.所罗门群岛,所罗门群岛 新增次留,,,,,,,,,,
1.1.拉脱维亚,拉脱维亚 新增次留,0.088235,0.105263,0.21875,0.113636,0.212121,0.3,0.111111,0.133333,-0.017028,-16.176471
1.1.挪威,挪威 新增次留,0.235294,0.052632,0.294118,0.071429,0.0,0.076923,0.238095,0.090909,0.182663,347.058824
1.1.捷克,捷克 新增次留,0.058824,0.176471,0.1875,0.0625,0.166667,0.136364,0.12,0.071429,-0.117647,-66.666667
1.1.摩尔多瓦,摩尔多瓦 新增次留,0.071429,0.071429,0.090909,0.066667,0.0625,0.133333,0.153846,0.0,0.0,0.0
1.1.摩洛哥,摩洛哥 新增次留,0.25,0.064516,0.04,0.176471,0.263158,0.133333,0.214286,0.074074,0.185484,287.5
1.1.摩纳哥,摩纳哥 新增次留,,0.5,0.0,0.0,,,,,,
1.1.文莱,文莱 新增次留,,0.0,0.0,1.0,0.0,,0.0,0.0,,
1.1.斐济,斐济 新增次留,,0.0,0.5,1.0,1.0,0.0,0.0,0.0,,
1.1.斯威士兰,斯威士兰 新增次留,,,,,,,,,,
1.1.斯洛伐克,斯洛伐克 新增次留,0.0,0.2,0.0,0.0,0.2,0.0,0.166667,0.111111,-0.2,-100.0
1.1.斯洛文尼亚,斯洛文尼亚 新增次留,0.0,0.0,0.0,0.0,0.2,,0.333333,0.0,0.0,
1.1.斯里兰卡,斯里兰卡 新增次留,0.0,0.2,0.166667,0.4,0.0,0.0,0.0,0.5,-0.2,-100.0
1.1.新加坡,新加坡 新增次留,0.2,0.217391,0.2,0.090909,0.0,0.045455,0.15,0.25,-0.017391,-8.0
1.1.新喀里多尼亚,新喀里多尼亚 新增次留,0.0,0.0,,,,,,,0.0,
1.1.新西兰,新西兰 新增次留,0.0,0.0,0.0,0.0,0.083333,0.2,0.571429,0.0,0.0,
1.1.日本,日本 新增次留,0.071429,0.222222,0.0625,0.25,0.117647,0.1,0.088,0.21875,-0.150794,-67.857143
1.1.智利,智利 新增次留,0.133333,0.081081,0.121212,0.121212,0.125,0.138298,0.088235,0.122449,0.052252,64.444444
1.1.柬埔寨,柬埔寨 新增次留,,0.0,0.0,0.0,1.0,1.0,0.5,0.5,,
1.1.根西岛,根西岛 新增次留,0.0,0.0,,,,,,0.0,0.0,
1.1.格林纳达,格林纳达 新增次留,0.0,,0.0,0.0,0.0,0.0,0.0,,,
1.1.格陵兰,格陵兰 新增次留,,,,,,,,,,
1.1.格鲁吉亚,格鲁吉亚 新增次留,0.176471,0.166667,0.142857,0.185185,0.190476,0.095238,0.125,0.0,0.009804,5.882353
1.1.比利时,比利时 新增次留,0.076923,0.047619,0.0,0.0,0.230769,0.26087,0.047619,0.090909,0.029304,61.538462
1.1.毛里塔尼亚,毛里塔尼亚 新增次留,0.333333,0.0,,1.0,,0.0,0.0,,0.333333,
1.1.毛里求斯,毛里求斯 新增次留,0.0,0.0,0.0,0.25,0.0,0.333333,,0.5,0.0,
1.1.汤加,汤加 新增次留,,,,,,,0.0,,,
1.1.沙特阿拉伯,沙特阿拉伯 新增次留,0.117647,0.0,0.166667,0.0,0.166667,0.0,0.2,0.052632,0.117647,
1.1.法国,法国 新增次留,0.155589,0.161884,0.100503,0.116751,0.115207,0.120968,0.119403,0.165854,-0.006295,-3.888355
1.1.法属圣马丁,法属圣马丁 新增次留,,,,,0.0,,,,,
1.1.法属圭亚那,法属圭亚那 新增次留,0.0,0.0,1.0,,,0.0,,0.0,0.0,
1.1.法属波利尼西亚,法属波利尼西亚 新增次留,0.5,0.0,0.0,0.0,0.0,,0.0,,0.5,
1.1.法罗群岛,法罗群岛 新增次留,,,,,,,,,,
1.1.波兰,波兰 新增次留,0.117647,0.142857,0.192982,0.16,0.168831,0.108108,0.101449,0.108696,-0.02521,-17.647059
1.1.波多黎各,波多黎各 新增次留,0.4,0.133333,0.25,0.133333,0.222222,0.142857,0.277778,0.2,0.266667,200.0
1.1.波黑,波黑 新增次留,0.25,0.0,0.333333,0.25,0.142857,0.142857,0.0,0.222222,0.25,
1.1.泰国,泰国 新增次留,0.076923,0.125,0.083333,0.090909,0.125,0.25,0.076923,0.111111,-0.048077,-38.461538
1.1.泽西岛,泽西岛 新增次留,0.0,0.333333,0.0,0.0,,,0.0,,-0.333333,-100.0
1.1.津巴布韦,津巴布韦 新增次留,0.0,0.0,0.0,0.25,,0.0,0.0,0.333333,0.0,
1.1.洪都拉斯,洪都拉斯 新增次留,0.166667,0.125,0.0,0.166667,0.2,0.142857,0.090909,0.125,0.041667,33.333333
1.1.海地,海地 新增次留,0.0,0.0,0.0,0.142857,0.090909,0.4,0.125,0.181818,0.0,
1.1.澳大利亚,澳大利亚 新增次留,0.148936,0.088889,0.08046,0.088083,0.10472,0.102207,0.095238,0.080268,0.060047,67.553191
1.1.澳门,澳门 新增次留,0.0,,1.0,,,,,,,
1.1.爱尔兰,爱尔兰 新增次留,0.1,0.0625,0.416667,0.076923,0.166667,0.047619,0.26087,0.117647,0.0375,60.0
1.1.爱沙尼亚,爱沙尼亚 新增次留,0.230769,0.083333,0.166667,0.222222,0.166667,0.1875,0.153846,0.0,0.147436,176.923077
1.1.牙买加,牙买加 新增次留,0.071429,0.285714,0.1875,0.166667,0.105263,0.25,0.285714,0.2,-0.214286,-75.0
1.1.特克斯和凯科斯群岛,特克斯和凯科斯群岛 新增次留,0.0,0.0,0.5,0.0,0.0,0.0,0.0,0.333333,0.0,
1.1.特立尼达和多巴哥,特立尼达和多巴哥 新增次留,,0.0,0.0,0.5,0.25,0.0,0.142857,0.0,,
1.1.玻利维亚,玻利维亚 新增次留,0.083333,0.285714,0.0,0.0,0.083333,0.222222,0.052632,0.0,-0.202381,-70.833333
1.1.瑞典,瑞典 新增次留,0.166667,0.136364,0.128205,0.225806,0.181818,0.193182,0.109091,0.104762,0.030303,22.222222
1.1.瑞士,瑞士 新增次留,0.225806,0.179487,0.15625,0.178571,0.068966,0.130435,0.205128,0.157895,0.046319,25.806452
1.1.瓜德罗普,瓜德罗普 新增次留,0.0,0.0,,0.0,,,,,0.0,
1.1.瓦利斯和富图纳群岛,瓦利斯和富图纳群岛 新增次留,,,,,,,,,,
1.1.瓦努阿图,瓦努阿图 新增次留,,,,,,0.5,,,,
1.1.留尼汪岛,留尼汪岛 新增次留,0.0,,0.0,0.0,0.0,0.0,,0.0,,
1.1.白俄罗斯,白俄罗斯 新增次留,0.076336,0.0625,0.116667,0.056604,0.088,0.122951,0.11,0.078652,0.013836,22.137405
1.1.百慕大,百慕大 新增次留,0.0,0.0,0.0,,,,,0.0,0.0,
1.1.直布罗陀,直布罗陀 新增次留,,0.0,,,0.0,,0.0,0.0,,
1.1.福克兰群岛,福克兰群岛 新增次留,,,,,,,,,,
1.1.科威特,科威特 新增次留,0.0,0.0,0.333333,0.0,0.0,0.0,0.0,0.0,0.0,
1.1.科摩罗,科摩罗 新增次留,,,,,,,,,,
1.1.科特迪瓦,科特迪瓦 新增次留,0.25,0.0,0.0,0.0,0.0,0.0,0.5,0.285714,0.25,
1.1.科索沃,科索沃 新增次留,0.333333,1.0,0.125,0.5,0.0,0.333333,0.0,0.0,-0.666667,-66.666667
1.1.秘鲁,秘鲁 新增次留,0.074074,0.127273,0.113208,0.018182,0.079365,0.079365,0.044776,0.112676,-0.053199,-41.798942
1.1.突尼斯,突尼斯 新增次留,0.230769,0.142857,0.066667,0.111111,0.111111,0.083333,0.1,0.333333,0.087912,61.538462
1.1.立陶宛,立陶宛 新增次留,0.142857,0.058824,0.125,0.0,0.142857,0.0,0.1875,0.0,0.084034,142.857143
1.1.索马里,索马里 新增次留,0.4,0.0,0.25,0.333333,0.0,0.2,0.0,0.25,0.4,
1.1.约旦,约旦 新增次留,0.0,0.0,0.0,0.3,0.111111,0.222222,0.0,0.090909,0.0,
1.1.纳米比亚,纳米比亚 新增次留,,,,,,,,,,
1.1.缅甸,缅甸 新增次留,0.0,0.217391,0.166667,0.052632,0.0625,0.1,0.125,0.0,-0.217391,-100.0
1.1.罗马尼亚,罗马尼亚 新增次留,0.277778,0.263158,0.291667,0.259259,0.178571,0.038462,0.25,0.151515,0.01462,5.555556
1.1.美国,美国 新增次留,0.123316,0.127435,0.132542,0.132191,0.133077,0.131589,0.12552,0.131526,-0.004119,-3.232409
1.1.美属维尔京群岛,美属维尔京群岛 新增次留,0.0,0.0,,0.0,0.0,,,0.0,0.0,
1.1.美属萨摩亚,美属萨摩亚 新增次留,,,,,,,,,,
1.1.老挝,老挝 新增次留,0.428571,0.125,0.222222,0.2,0.0,0.0,,0.0,0.303571,242.857143
1.1.肯尼亚,肯尼亚 新增次留,0.166667,0.5,0.0,0.2,0.166667,0.25,0.0,0.333333,-0.333333,-66.666667
1.1.芬兰,芬兰 新增次留,0.1,0.151515,0.083333,0.22,0.166667,0.15873,0.255319,0.177778,-0.051515,-34.0
1.1.苏丹,苏丹 新增次留,0.0,0.25,0.25,0.0,0.0,0.0,0.0,0.0,-0.25,-100.0
1.1.苏里南,苏里南 新增次留,0.0,,0.0,,0.0,,0.0,0.0,,
1.1.英国,英国 新增次留,0.12662,0.155027,0.144669,0.146311,0.136621,0.128592,0.13651,0.152954,-0.028407,-18.323915
1.1.英属维尔京群岛,英属维尔京群岛 新增次留,0.0,,,0.0,1.0,0.0,0.0,,,
1.1.荷兰,荷兰 新增次留,0.182609,0.217877,0.144578,0.178082,0.168605,0.154839,0.138889,0.190184,-0.035268,-16.187291
1.1.荷兰加勒比,荷兰加勒比 新增次留,0.0,,0.0,,0.0,,,,,
1.1.荷属圣马丁,荷属圣马丁 新增次留,0.0,1.0,1.0,1.0,0.0,,0.0,,-1.0,-100.0
1.1.莫桑比克,莫桑比克 新增次留,0.0,0.0,,0.0,,0.0,0.0,0.0,0.0,
1.1.莱索托,莱索托 新增次留,,,,,0.0,,,,,
1.1.菲律宾,菲律宾 新增次留,0.111111,0.129032,0.151515,0.183673,0.138889,0.134615,0.088889,0.133333,-0.017921,-13.888889
1.1.萨尔瓦多,萨尔瓦多 新增次留,0.333333,0.1,0.142857,0.214286,0.090909,0.166667,0.153846,0.066667,0.233333,233.333333
1.1.萨摩亚,萨摩亚 新增次留,,,1.0,,,,,,,
1.1.葡萄牙,葡萄牙 新增次留,0.08,0.133333,0.151515,0.12069,0.126984,0.101695,0.134146,0.164179,-0.053333,-40.0
1.1.蒙古,蒙古 新增次留,,0.0,1.0,0.5,0.0,0.0,,0.0,,
1.1.西班牙,西班牙 新增次留,0.152739,0.155931,0.134371,0.132422,0.14208,0.156126,0.16726,0.153082,-0.003192,-2.04713
1.1.贝宁,贝宁 新增次留,0.0,1.0,0.0,,0.0,0.0,0.0,0.333333,-1.0,-100.0
1.1.赞比亚,赞比亚 新增次留,0.5,,,,0.5,0.5,0.0,0.0,,
1.1.赤道几内亚,赤道几内亚 新增次留,,,,,,,,,,
1.1.越南,越南 新增次留,0.272727,0.125,0.25,0.25,0.111111,0.125,0.266667,0.0,0.147727,118.181818
1.1.阿塞拜疆,阿塞拜疆 新增次留,0.0,0.0,0.25,0.111111,0.2,0.075,0.142857,0.090909,0.0,
1.1.阿富汗,阿富汗 新增次留,0.0,1.0,0.0,0.142857,0.0,0.0,0.0,0.125,-1.0,-100.0
1.1.阿尔及利亚,阿尔及利亚 新增次留,0.0,0.230769,0.166667,0.117647,0.25,0.272727,0.052632,0.071429,-0.230769,-100.0
1.1.阿尔巴尼亚,阿尔巴尼亚 新增次留,0.2,0.25,0.115385,0.117647,0.192308,0.318182,0.117647,0.333333,-0.05,-20.0
1.1.阿曼,阿曼 新增次留,0.0,0.0,0.5,0.333333,0.5,0.333333,0.0,0.333333,0.0,
1.1.阿根廷,阿根廷 新增次留,0.142857,0.071429,0.035088,0.1,0.096774,0.054545,0.093023,0.049383,0.071429,100.0
1.1.阿联酋,阿联酋 新增次留,0.25,0.125,0.181818,0.2,0.227273,0.0,0.12,0.242424,0.125,100.0
1.1.阿鲁巴,阿鲁巴 新增次留,0.333333,0.142857,0.285714,0.2,0.5,0.166667,0.666667,0.5,0.190476,133.333333
1.1.韩国,韩国 新增次留,0.142857,0.166667,0.2,0.125,0.0,0.076923,0.0,0.090909,-0.02381,-14.285714
1.1.香港,香港 新增次留,0.229167,0.181818,0.15873,0.161616,0.116608,0.131266,0.127731,0.130952,0.047348,26.041667
1.1.马尔代夫,马尔代夫 新增次留,0.0,0.5,1.0,0.0,0.0,0.0,,0.333333,-0.5,-100.0
1.1.马恩岛,马恩岛 新增次留,0.0,,0.0,0.0,,0.5,,0.0,,
1.1.马拉维,马拉维 新增次留,1.0,,0.0,0.0,1.0,,,0.333333,,
1.1.马提尼克岛,马提尼克岛 新增次留,,,0.0,0.0,,,,,,
1.1.马来西亚,马来西亚 新增次留,0.222222,0.1875,0.111111,0.0,0.0,0.2,0.090909,0.117647,0.034722,18.518519
1.1.马约特,马约特 新增次留,,,,,,,,,,
1.1.马绍尔群岛,马绍尔群岛 新增次留,,,,,0.0,,,,,
1.1.马耳他,马耳他 新增次留,1.0,0.125,0.666667,0.2,1.0,0.428571,0.111111,0.0,0.875,700.0
1.1.马达加斯加,马达加斯加 新增次留,0.0,0.2,0.0,1.0,0.0,0.0,0.0,0.0,-0.2,-100.0
1.1.马里,马里 新增次留,0.0,0.333333,0.333333,0.0,0.0,0.0,0.2,0.0,-0.333333,-100.0
1.1.黎巴嫩,黎巴嫩 新增次留,0.0,0.0,0.285714,0.111111,0.285714,0.083333,0.0,0.166667,0.0,
1.1.黑山,黑山 新增次留,0.238095,0.0,0.111111,0.0,0.2,0.428571,0.0,0.333333,0.238095,
1.2,自然 新增次留,0.167617,0.176502,0.173113,0.16871,0.160017,0.158065,0.162153,0.166525,-0.008886,-5.034319
1.2.unknow,unknow 新增次留,0.090909,0.0,0.0,0.0,0.071429,0.0,0.111111,0.0,0.090909,
1.2.不丹,不丹 新增次留,0.333333,0.0,0.5,0.0,0.0,0.0,0.0,0.0,0.333333,
1.2.东帝汶,东帝汶 新增次留,,0.166667,0.0,0.25,0.0,0.0,,0.0,,
1.2.中国,中国 新增次留,0.243879,0.297203,0.281911,0.159468,0.166667,0.138889,0.145336,0.155789,-0.053324,-17.942041
1.2.中非,中非 新增次留,0.2,0.5,0.25,0.0,0.0,0.222222,0.0,0.125,-0.3,-60.0
1.2.丹麦,丹麦 新增次留,0.137681,0.144444,0.190476,0.174342,0.179487,0.093117,0.162712,0.13806,-0.006763,-4.682274
1.2.乌克兰,乌克兰 新增次留,0.216181,0.198361,0.202481,0.204203,0.189387,0.183667,0.187764,0.1757,0.017821,8.983926
1.2.乌兹别克斯坦,乌兹别克斯坦 新增次留,0.162228,0.149091,0.151394,0.16092,0.15,0.20045,0.147826,0.21875,0.013137,8.811197
1.2.乌干达,乌干达 新增次留,0.208,0.171429,0.222222,0.142857,0.181818,0.234568,0.210526,0.25641,0.036571,21.333333
1.2.乌拉圭,乌拉圭 新增次留,0.145833,0.169811,0.149425,0.184783,0.205479,0.191781,0.25,0.105882,-0.023978,-14.12037
1.2.乍得,乍得 新增次留,0.071429,0.0,0.066667,0.117647,0.1,0.0,0.333333,0.0,0.071429,
1.2.也门,也门 新增次留,0.127119,0.192308,0.291667,0.147059,0.155172,0.147059,0.129032,0.181818,-0.065189,-33.898305
1.2.亚美尼亚,亚美尼亚 新增次留,0.170918,0.181406,0.219873,0.18593,0.186207,0.171662,0.198413,0.184679,-0.010488,-5.78125
1.2.以色列,以色列 新增次留,0.157509,0.154804,0.177099,0.176312,0.160167,0.15903,0.164894,0.150388,0.002705,1.747295
1.2.伊拉克,伊拉克 新增次留,0.108498,0.125604,0.121429,0.139496,0.111872,0.114671,0.131579,0.144712,-0.017106,-13.61912
1.2.伊朗,伊朗 新增次留,0.144708,0.150215,0.139935,0.133509,0.140456,0.161341,0.15342,0.158554,-0.005506,-3.665535
1.2.伯利兹,伯利兹 新增次留,0.071429,0.214286,0.055556,0.076923,0.083333,0.227273,0.090909,0.25,-0.142857,-66.666667
1.2.佛得角,佛得角 新增次留,0.136364,0.076923,0.333333,0.294118,0.142857,0.166667,0.071429,0.133333,0.059441,77.272727
1.2.俄罗斯,俄罗斯 新增次留,0.182663,0.212054,0.188259,0.189187,0.175159,0.178879,0.181272,0.187073,-0.029391,-13.860336
1.2.保加利亚,保加利亚 新增次留,0.211679,0.18,0.164032,0.169734,0.151394,0.181087,0.167464,0.174447,0.031679,17.599351
1.2.克罗地亚,克罗地亚 新增次留,0.17913,0.193798,0.199601,0.189899,0.168085,0.156322,0.128603,0.161383,-0.014668,-7.568696
1.2.关岛,关岛 新增次留,0.111111,0.3,0.222222,0.0,0.5,0.0,0.0,0.3,-0.188889,-62.962963
1.2.冈比亚,冈比亚 新增次留,0.238411,0.235294,0.23301,0.145833,0.167883,0.254098,0.266667,0.253623,0.003116,1.324503
1.2.冰岛,冰岛 新增次留,0.026316,0.263158,0.117647,0.173913,0.137931,0.043478,0.32,0.1,-0.236842,-90.0
1.2.几内亚,几内亚 新增次留,0.126126,0.157895,0.125,0.224299,0.16,0.204301,0.184211,0.197802,-0.031769,-20.12012
1.2.几内亚比绍,几内亚比绍 新增次留,0.105263,0.333333,0.333333,0.0,0.6,0.285714,0.230769,0.1,-0.22807,-68.421053
1.2.列支敦士登,列支敦士登 新增次留,0.0,0.0,1.0,0.0,0.333333,0.5,,0.0,0.0,
1.2.刚果共和国,刚果共和国 新增次留,0.054545,0.27027,0.269231,0.181818,0.115385,0.2,0.189189,0.16,-0.215725,-79.818182
1.2.刚果民主共和国,刚果民主共和国 新增次留,0.101626,0.191176,0.224,0.184615,0.173228,0.21875,0.133333,0.235955,-0.08955,-46.841776
1.2.利比亚,利比亚 新增次留,0.177419,0.176471,0.173913,0.205882,0.075,0.178571,0.102941,0.22807,0.000949,0.537634
1.2.利比里亚,利比里亚 新增次留,0.179487,0.188596,0.187166,0.203297,0.113744,0.208511,0.216346,0.122549,-0.009109,-4.830054
1.2.加拿大,加拿大 新增次留,0.129915,0.134862,0.146568,0.146658,0.13687,0.139269,0.131183,0.12294,-0.004948,-3.668818
1.2.加纳,加纳 新增次留,0.217484,0.226036,0.227568,0.219215,0.22393,0.224545,0.2185,0.242947,-0.008551,-3.783253
1.2.加蓬,加蓬 新增次留,0.0,0.142857,0.0,0.0,0.4,0.0,0.25,0.166667,-0.142857,-100.0
1.2.匈牙利,匈牙利 新增次留,0.16035,0.188235,0.164671,0.201166,0.167722,0.18323,0.154341,0.1673,-0.027885,-14.81414
1.2.北马其顿,北马其顿 新增次留,0.17551,0.192,0.15812,0.147826,0.113208,0.166667,0.176471,0.179612,-0.01649,-8.588435
1.2.北马里亚纳群岛,北马里亚纳群岛 新增次留,,,,,,,,0.0,,
1.2.南苏丹,南苏丹 新增次留,0.237154,0.144068,0.154206,0.157658,0.172414,0.225108,0.146552,0.20332,0.093086,64.612881
1.2.南非,南非 新增次留,0.174006,0.192504,0.157439,0.201125,0.159281,0.201602,0.187817,0.179331,-0.018498,-9.609042
1.2.博茨瓦纳,博茨瓦纳 新增次留,0.060606,0.181818,0.071429,0.105263,0.294118,0.142857,0.071429,0.083333,-0.121212,-66.666667
1.2.卡塔尔,卡塔尔 新增次留,0.120301,0.015385,0.239437,0.136986,0.166667,0.214286,0.154762,0.1125,0.104916,681.954887
1.2.卢旺达,卢旺达 新增次留,0.164384,0.26087,0.209302,0.210526,0.233333,0.155556,0.2,0.142857,-0.096486,-36.986301
1.2.卢森堡,卢森堡 新增次留,0.178571,0.119048,0.222222,0.25,0.233333,0.125,0.2,0.179487,0.059524,50.0
1.2.印度,印度 新增次留,0.204322,0.272903,0.207987,0.223154,0.194534,0.237024,0.212569,0.1875,-0.068581,-25.130163
1.2.印度尼西亚,印度尼西亚 新增次留,0.170414,0.156863,0.18144,0.195006,0.178538,0.203024,0.204866,0.164482,0.013551,8.639053
1.2.危地马拉,危地马拉 新增次留,0.121212,0.16726,0.185897,0.13253,0.13253,0.194737,0.172185,0.131783,-0.046048,-27.530625
1.2.厄瓜多尔,厄瓜多尔 新增次留,0.111429,0.169611,0.134855,0.152913,0.127315,0.144772,0.171014,0.157895,-0.058183,-34.303571
1.2.叙利亚,叙利亚 新增次留,0.184713,0.19375,0.154362,0.217949,0.152632,0.245161,0.165605,0.201342,-0.009037,-4.664064
1.2.古巴,古巴 新增次留,0.185185,0.166667,0.310345,0.2,0.103448,0.230769,0.133333,0.230769,0.018519,11.111111
1.2.台湾,台湾 新增次留,0.117117,0.202703,0.140351,0.130435,0.129032,0.106667,0.122222,0.123077,-0.085586,-42.222222
1.2.吉尔吉斯斯坦,吉尔吉斯斯坦 新增次留,0.136842,0.226244,0.201923,0.183761,0.170213,0.226776,0.19281,0.227907,-0.089402,-39.515789
1.2.吉布提,吉布提 新增次留,0.2,0.0,0.0,0.0,,0.0,0.0,0.0,0.2,
1.2.哈萨克斯坦,哈萨克斯坦 新增次留,0.168792,0.174306,0.169182,0.159341,0.177293,0.195944,0.179136,0.168375,-0.005513,-3.163042
1.2.哥伦比亚,哥伦比亚 新增次留,0.171259,0.179341,0.183252,0.191544,0.167818,0.176546,0.174401,0.175995,-0.008082,-4.506589
1.2.哥斯达黎加,哥斯达黎加 新增次留,0.146018,0.157534,0.193939,0.22963,0.214286,0.147287,0.190909,0.174312,-0.011517,-7.310504
1.2.喀麦隆,喀麦隆 新增次留,0.222222,0.247934,0.235294,0.220472,0.266187,0.243697,0.223214,0.271186,-0.025712,-10.37037
1.2.图瓦卢,图瓦卢 新增次留,,,0.0,,,,,,,
1.2.土库曼斯坦,土库曼斯坦 新增次留,0.095238,0.142857,0.210526,0.08,0.0,0.2,0.5,0.5,-0.047619,-33.333333
1.2.土耳其,土耳其 新增次留,0.185371,0.197854,0.166086,0.163277,0.152011,0.144982,0.14295,0.144039,-0.012483,-6.309108
1.2.圣卢西亚,圣卢西亚 新增次留,0.1875,0.4,0.272727,0.166667,0.190476,0.3,0.066667,0.0,-0.2125,-53.125
1.2.圣基茨和尼维斯,圣基茨和尼维斯 新增次留,0.0,0.0,0.0,0.333333,0.222222,0.2,0.285714,0.0,0.0,
1.2.圣多美和普林西比,圣多美和普林西比 新增次留,1.0,0.0,0.0,0.5,0.0,0.0,,0.0,1.0,
1.2.圣巴泰勒米岛,圣巴泰勒米岛 新增次留,0.0,,1.0,0.5,,,,,,
1.2.圣文森特和格林纳丁斯,圣文森特和格林纳丁斯 新增次留,0.0,0.4,0.333333,0.2,0.142857,0.166667,0.5,0.0,-0.4,-100.0
1.2.圣皮埃尔和密克隆群岛,圣皮埃尔和密克隆群岛 新增次留,,1.0,,,,,,,,
1.2.圣马力诺,圣马力诺 新增次留,,,0.0,0.0,0.0,,,0.0,,
1.2.圭亚那,圭亚那 新增次留,0.228571,0.076923,0.095238,0.171429,0.190476,0.148148,0.1,0.285714,0.151648,197.142857
1.2.坦桑尼亚,坦桑尼亚 新增次留,0.125654,0.198347,0.258065,0.198529,0.187135,0.182432,0.248322,0.204545,-0.072693,-36.649215
1.2.埃及,埃及 新增次留,0.163342,0.175347,0.191261,0.173546,0.152466,0.166302,0.172273,0.166667,-0.012006,-6.846745
1.2.埃塞俄比亚,埃塞俄比亚 新增次留,0.140187,0.179487,0.1625,0.261905,0.219048,0.178947,0.170732,0.2,-0.0393,-21.895861
1.2.基里巴斯,基里巴斯 新增次留,,,,,,,,0.0,,
1.2.塔吉克斯坦,塔吉克斯坦 新增次留,0.219178,0.216216,0.230769,0.214286,0.1,0.137931,0.210526,0.176471,0.002962,1.369863
1.2.塞内加尔,塞内加尔 新增次留,0.208768,0.260355,0.200717,0.240642,0.20678,0.266094,0.186275,0.2375,-0.051587,-19.814006
1.2.塞尔维亚,塞尔维亚 新增次留,0.176653,0.179058,0.187104,0.157191,0.163498,0.161153,0.114914,0.15873,-0.002405,-1.342975
1.2.塞拉利昂,塞拉利昂 新增次留,0.152542,0.232558,0.297872,0.218182,0.231884,0.153846,0.318182,0.333333,-0.080016,-34.40678
1.2.塞浦路斯,塞浦路斯 新增次留,0.155844,0.156627,0.182482,0.2,0.186207,0.117241,0.225806,0.218045,-0.000782,-0.4995
1.2.塞舌尔,塞舌尔 新增次留,0.076923,0.2,0.210526,0.0,0.444444,0.0,0.222222,0.555556,-0.123077,-61.538462
1.2.墨西哥,墨西哥 新增次留,0.165289,0.167915,0.175958,0.173769,0.163606,0.15393,0.157841,0.159869,-0.002626,-1.564007
1.2.多哥,多哥 新增次留,0.161765,0.113636,0.205882,0.214286,0.264151,0.232143,0.156863,0.208333,0.048128,42.352941
1.2.多米尼克,多米尼克 新增次留,0.0,,0.5,0.666667,0.0,0.5,0.333333,0.0,,
1.2.多米尼加,多米尼加 新增次留,0.159449,0.18323,0.206061,0.147766,0.217666,0.173387,0.212851,0.243446,-0.023781,-12.97878
1.2.奥兰群岛,奥兰群岛 新增次留,0.0,,,,,,0.0,,,
1.2.奥地利,奥地利 新增次留,0.181818,0.173996,0.165975,0.184211,0.175589,0.183505,0.174877,0.175889,0.007822,4.495504
1.2.委内瑞拉,委内瑞拉 新增次留,0.160942,0.19969,0.209732,0.186992,0.177778,0.170213,0.136667,0.204787,-0.038748,-19.404189
1.2.孟加拉,孟加拉 新增次留,0.148766,0.168771,0.166728,0.163513,0.159229,0.170758,0.168539,0.18713,-0.020005,-11.853309
1.2.安哥拉,安哥拉 新增次留,0.140127,0.176471,0.136364,0.163636,0.1875,0.255319,0.148515,0.206522,-0.036343,-20.59448
1.2.安圭拉,安圭拉 新增次留,0.0,0.2,0.25,0.0,0.0,0.0,0.0,0.0,-0.2,-100.0
1.2.安提瓜和巴布达,安提瓜和巴布达 新增次留,0.272727,0.285714,0.125,0.111111,0.25,0.3,0.2,0.0,-0.012987,-4.545455
1.2.安道尔,安道尔 新增次留,0.75,0.181818,0.2,0.0,0.166667,0.0,0.0,0.0,0.568182,312.5
1.2.密克罗尼西亚联邦,密克罗尼西亚联邦 新增次留,,1.0,,,,,0.0,,,
1.2.尼加拉瓜,尼加拉瓜 新增次留,0.164319,0.24026,0.214634,0.215054,0.216216,0.15625,0.283951,0.202899,-0.07594,-31.607664
1.2.尼日利亚,尼日利亚 新增次留,0.230949,0.228374,0.228104,0.233554,0.23226,0.228426,0.23125,0.245866,0.002575,1.127726
1.2.尼日尔,尼日尔 新增次留,0.142857,0.214286,0.181818,0.217391,0.25,0.225,0.25,0.142857,-0.071429,-33.333333
1.2.尼泊尔,尼泊尔 新增次留,0.123116,0.177215,0.217617,0.130435,0.137143,0.167702,0.178571,0.149254,-0.0541,-30.527638
1.2.巴勒斯坦,巴勒斯坦 新增次留,0.226891,0.115385,0.182609,0.154412,0.15,0.10101,0.123894,0.121495,0.111506,96.638655
1.2.巴哈马,巴哈马 新增次留,0.176471,0.16129,0.176471,0.185185,0.255814,0.255814,0.25,0.264706,0.01518,9.411765
1.2.巴基斯坦,巴基斯坦 新增次留,0.132202,0.184405,0.185016,0.1804,0.171655,0.176537,0.174097,0.190616,-0.052203,-28.308812
1.2.巴巴多斯,巴巴多斯 新增次留,0.222222,0.3,0.117647,0.130435,0.333333,0.263158,0.25,0.0,-0.077778,-25.925926
1.2.巴布亚新几内亚,巴布亚新几内亚 新增次留,0.225806,0.25,0.125,0.357143,0.111111,0.0,0.25,0.5,-0.024194,-9.677419
1.2.巴拉圭,巴拉圭 新增次留,0.154762,0.212291,0.185366,0.196429,0.181818,0.273381,0.1625,0.232877,-0.057529,-27.098997
1.2.巴拿马,巴拿马 新增次留,0.134529,0.188679,0.178571,0.257732,0.185185,0.137931,0.197531,0.157303,-0.05415,-28.699552
1.2.巴林,巴林 新增次留,0.2,0.175,0.060606,0.114286,0.216216,0.122449,0.138889,0.216216,0.025,14.285714
1.2.巴西,巴西 新增次留,0.18383,0.183229,0.186704,0.183944,0.173443,0.163079,0.171188,0.17396,0.000601,0.327956
1.2.布基纳法索,布基纳法索 新增次留,0.228883,0.219388,0.216102,0.215139,0.194444,0.217213,0.233051,0.223629,0.009495,4.327989
1.2.布隆迪,布隆迪 新增次留,0.5,0.347826,0.384615,0.0625,0.555556,0.090909,0.230769,0.263158,0.152174,43.75
1.2.希腊,希腊 新增次留,0.214685,0.215063,0.204712,0.204155,0.204861,0.222541,0.20764,0.215228,-0.000378,-0.175765
1.2.帕劳,帕劳 新增次留,0.0,,0.0,1.0,,,,,,
1.2.库克群岛,库克群岛 新增次留,0.0,,0.0,0.0,0.0,0.0,0.0,0.5,,
1.2.库拉索,库拉索 新增次留,0.130435,0.307692,0.166667,0.235294,0.25,0.285714,0.222222,0.272727,-0.177258,-57.608696
1.2.开曼群岛,开曼群岛 新增次留,0.333333,0.25,0.222222,0.2,0.333333,0.285714,0.363636,0.090909,0.083333,33.333333
1.2.德国,德国 新增次留,0.174448,0.200324,0.181357,0.17314,0.158924,0.15443,0.168291,0.186253,-0.025875,-12.916823
1.2.意大利,意大利 新增次留,0.184095,0.159546,0.183108,0.162942,0.175552,0.161826,0.153117,0.165045,0.024549,15.386587
1.2.所罗门群岛,所罗门群岛 新增次留,0.375,1.0,,0.333333,0.2,0.0,1.0,1.0,-0.625,-62.5
1.2.拉脱维亚,拉脱维亚 新增次留,0.195219,0.243243,0.225895,0.199513,0.232558,0.180139,0.202326,0.173077,-0.048024,-19.743249
1.2.挪威,挪威 新增次留,0.199387,0.191542,0.172727,0.162362,0.145749,0.157258,0.134146,0.172061,0.007844,4.095291
1.2.捷克,捷克 新增次留,0.168224,0.206311,0.186047,0.170483,0.19202,0.211864,0.162393,0.16035,-0.038086,-18.460693
1.2.摩尔多瓦,摩尔多瓦 新增次留,0.14527,0.163522,0.151639,0.174497,0.140152,0.16129,0.182171,0.11828,-0.018252,-11.161642
1.2.摩洛哥,摩洛哥 新增次留,0.145872,0.148198,0.183851,0.17,0.133443,0.167033,0.14375,0.158257,-0.002326,-1.569551
1.2.摩纳哥,摩纳哥 新增次留,0.25,0.0,0.0,0.5,0.333333,0.0,0.333333,0.3,0.25,
1.2.文莱,文莱 新增次留,0.125,0.125,0.285714,0.0,0.125,0.571429,0.428571,0.181818,0.0,0.0
1.2.斐济,斐济 新增次留,0.238095,0.076923,0.181818,0.25,0.166667,0.0,0.0,0.272727,0.161172,209.52381
1.2.斯威士兰,斯威士兰 新增次留,0.333333,0.333333,0.0,1.0,0.5,0.0,0.0,0.25,-0.0,-0.0
1.2.斯洛伐克,斯洛伐克 新增次留,0.140909,0.161491,0.189542,0.153374,0.151163,0.151724,0.159722,0.206107,-0.020582,-12.744755
1.2.斯洛文尼亚,斯洛文尼亚 新增次留,0.16129,0.119565,0.191011,0.170732,0.144444,0.217391,0.153061,0.121212,0.041725,34.897361
1.2.斯里兰卡,斯里兰卡 新增次留,0.207101,0.163265,0.126582,0.219298,0.172043,0.189474,0.188889,0.189189,0.043835,26.849112
1.2.新加坡,新加坡 新增次留,0.148241,0.215753,0.167808,0.205645,0.179331,0.17284,0.2,0.244813,-0.067512,-31.291378
1.2.新喀里多尼亚,新喀里多尼亚 新增次留,0.0,0.0,0.0,0.5,0.333333,0.0,0.0,0.0,0.0,
1.2.新西兰,新西兰 新增次留,0.140187,0.152542,0.139037,0.107843,0.13964,0.090909,0.182741,0.086705,-0.012355,-8.099688
1.2.日本,日本 新增次留,0.170588,0.147929,0.135036,0.161812,0.184783,0.148289,0.138037,0.154206,0.022659,15.317647
1.2.智利,智利 新增次留,0.156863,0.170082,0.15601,0.203046,0.171831,0.175743,0.167526,0.179412,-0.013219,-7.772266
1.2.柬埔寨,柬埔寨 新增次留,0.174312,0.183099,0.141176,0.145455,0.173077,0.133333,0.202899,0.269231,-0.008787,-4.798871
1.2.根西岛,根西岛 新增次留,0.333333,0.2,0.0,0.25,0.25,0.0,0.0,0.25,0.133333,66.666667
1.2.格林纳达,格林纳达 新增次留,0.363636,0.2,0.0,0.166667,0.5,0.4,0.2,0.0,0.163636,81.818182
1.2.格陵兰,格陵兰 新增次留,0.0,0.5,,,,,1.0,0.0,-0.5,-100.0
1.2.格鲁吉亚,格鲁吉亚 新增次留,0.163904,0.19963,0.18315,0.184676,0.192488,0.175476,0.169683,0.184549,-0.035726,-17.896119
1.2.比利时,比利时 新增次留,0.19666,0.176367,0.172589,0.149485,0.177885,0.183099,0.160804,0.136038,0.020294,11.506494
1.2.毛里塔尼亚,毛里塔尼亚 新增次留,0.25,0.0,0.090909,0.157895,0.116279,0.04,0.25,0.166667,0.25,
1.2.毛里求斯,毛里求斯 新增次留,0.162162,0.148148,0.294118,0.195652,0.117647,0.27907,0.111111,0.12,0.014014,9.459459
1.2.汤加,汤加 新增次留,0.0,0.0,,,0.0,0.0,1.0,0.0,0.0,
1.2.沙特阿拉伯,沙特阿拉伯 新增次留,0.110568,0.173759,0.139576,0.131922,0.107584,0.147569,0.148893,0.159274,-0.063191,-36.367267
1.2.法国,法国 新增次留,0.1676,0.184172,0.17996,0.157202,0.176148,0.16795,0.15635,0.170901,-0.016571,-8.997818
1.2.法属圣马丁,法属圣马丁 新增次留,0.0,0.0,0.0,0.0,1.0,0.0,0.0,,0.0,
1.2.法属圭亚那,法属圭亚那 新增次留,0.5,0.25,0.0,0.25,0.0,0.0,,0.5,0.25,100.0
1.2.法属波利尼西亚,法属波利尼西亚 新增次留,0.181818,0.0,0.222222,0.333333,0.4,0.142857,0.571429,0.142857,0.181818,
1.2.法罗群岛,法罗群岛 新增次留,0.0,0.25,0.0,0.0,0.0,,0.0,0.0,-0.25,-100.0
1.2.波兰,波兰 新增次留,0.198994,0.187189,0.187106,0.186012,0.177083,0.185666,0.159943,0.191278,0.011805,6.30635
1.2.波多黎各,波多黎各 新增次留,0.21831,0.210191,0.154321,0.189781,0.222973,0.202532,0.146667,0.182353,0.008119,3.862569
1.2.波黑,波黑 新增次留,0.172973,0.182891,0.184358,0.1875,0.150943,0.143885,0.143345,0.142857,-0.009918,-5.422842
1.2.泰国,泰国 新增次留,0.208723,0.192547,0.183051,0.215054,0.156051,0.267717,0.177165,0.134783,0.016176,8.401166
1.2.泽西岛,泽西岛 新增次留,0.0,0.0,0.0,0.166667,0.0,0.0,0.0,0.0,0.0,
1.2.津巴布韦,津巴布韦 新增次留,0.2,0.142857,0.230769,0.171429,0.118644,0.222222,0.194444,0.114286,0.057143,40.0
1.2.洪都拉斯,洪都拉斯 新增次留,0.171598,0.210526,0.215827,0.145455,0.171053,0.20625,0.220588,0.154545,-0.038929,-18.491124
1.2.海地,海地 新增次留,0.244186,0.245614,0.283019,0.240385,0.255319,0.256881,0.220183,0.217391,-0.001428,-0.581395
1.2.澳大利亚,澳大利亚 新增次留,0.141807,0.145119,0.135,0.13717,0.135238,0.126062,0.128556,0.131579,-0.003312,-2.282277
1.2.澳门,澳门 新增次留,0.25,0.6,0.2,0.166667,0.375,0.0,0.666667,0.0,-0.35,-58.333333
1.2.爱尔兰,爱尔兰 新增次留,0.158163,0.14611,0.180467,0.169776,0.1797,0.201739,0.153982,0.170213,0.012053,8.249404
1.2.爱沙尼亚,爱沙尼亚 新增次留,0.202778,0.239782,0.232,0.282392,0.195313,0.219608,0.197674,0.20073,-0.037004,-15.432449
1.2.牙买加,牙买加 新增次留,0.199095,0.218935,0.225352,0.240876,0.223602,0.208333,0.193548,0.182482,-0.01984,-9.062003
1.2.特克斯和凯科斯群岛,特克斯和凯科斯群岛 新增次留,0.272727,0.0,0.142857,0.428571,0.3,0.5,0.25,0.0,0.272727,
1.2.特立尼达和多巴哥,特立尼达和多巴哥 新增次留,0.161765,0.069767,0.179487,0.156863,0.140351,0.176471,0.191489,0.121951,0.091997,131.862745
1.2.玻利维亚,玻利维亚 新增次留,0.149701,0.181818,0.175,0.174603,0.183486,0.213483,0.164706,0.111801,-0.032118,-17.664671
1.2.瑞典,瑞典 新增次留,0.206679,0.2135,0.201446,0.189555,0.175361,0.1875,0.203252,0.207442,-0.006821,-3.194822
1.2.瑞士,瑞士 新增次留,0.185124,0.238782,0.149813,0.173664,0.168675,0.172673,0.161351,0.152918,-0.053658,-22.471574
1.2.瓜德罗普,瓜德罗普 新增次留,0.2,0.333333,0.153846,0.0,0.25,0.5,0.0,0.0,-0.133333,-40.0
1.2.瓦利斯和富图纳群岛,瓦利斯和富图纳群岛 新增次留,,,,0.0,0.0,,,,,
1.2.瓦努阿图,瓦努阿图 新增次留,0.0,0.0,0.5,1.0,0.25,0.0,0.75,1.0,0.0,
1.2.留尼汪岛,留尼汪岛 新增次留,0.333333,0.272727,0.238095,0.153846,0.125,0.076923,0.0625,0.083333,0.060606,22.222222
1.2.白俄罗斯,白俄罗斯 新增次留,0.206365,0.180676,0.165854,0.178313,0.184834,0.16915,0.162011,0.141457,0.025688,14.217792
1.2.百慕大,百慕大 新增次留,0.0,0.1,0.3,0.222222,0.571429,0.0,0.0,0.181818,-0.1,-100.0
1.2.直布罗陀,直布罗陀 新增次留,0.166667,0.4,0.25,0.5,0.285714,0.5,0.166667,0.0,-0.233333,-58.333333
1.2.福克兰群岛,福克兰群岛 新增次留,,0.0,,,0.0,,,,,
1.2.科威特,科威特 新增次留,0.097403,0.153846,0.137931,0.137931,0.131313,0.068376,0.144068,0.204301,-0.056444,-36.688312
1.2.科摩罗,科摩罗 新增次留,0.083333,0.0,0.0,0.0,0.2,0.333333,0.0,0.333333,0.083333,
1.2.科特迪瓦,科特迪瓦 新增次留,0.193359,0.226586,0.195122,0.222603,0.183976,0.226415,0.176,0.211765,-0.033227,-14.664062
1.2.科索沃,科索沃 新增次留,0.171171,0.223214,0.166667,0.163265,0.202703,0.156863,0.108434,0.224138,-0.052043,-23.315315
1.2.秘鲁,秘鲁 新增次留,0.139253,0.153763,0.22208,0.176012,0.169257,0.179289,0.183746,0.142349,-0.01451,-9.436678
1.2.突尼斯,突尼斯 新增次留,0.186404,0.185965,0.180645,0.198312,0.186813,0.137795,0.16055,0.165957,0.000439,0.235849
1.2.立陶宛,立陶宛 新增次留,0.179894,0.214815,0.143678,0.209809,0.168975,0.161383,0.181102,0.228739,-0.034921,-16.256158
1.2.索马里,索马里 新增次留,0.222222,0.194444,0.106061,0.202703,0.173077,0.136364,0.16092,0.173913,0.027778,14.285714
1.2.约旦,约旦 新增次留,0.12426,0.155556,0.131915,0.179487,0.111111,0.150538,0.145833,0.132597,-0.031295,-20.118343
1.2.纳米比亚,纳米比亚 新增次留,0.206897,0.083333,0.117647,0.142857,0.178571,0.25,0.190476,0.0,0.123563,148.275862
1.2.缅甸,缅甸 新增次留,0.136364,0.171171,0.137615,0.116667,0.141975,0.145455,0.141304,0.134021,-0.034808,-20.334928
1.2.罗马尼亚,罗马尼亚 新增次留,0.175915,0.190722,0.181601,0.165459,0.172952,0.164962,0.154613,0.16375,-0.014807,-7.76349
1.2.美国,美国 新增次留,0.145534,0.146789,0.149259,0.146744,0.141036,0.144449,0.143065,0.142087,-0.001255,-0.85511
1.2.美属维尔京群岛,美属维尔京群岛 新增次留,0.125,0.285714,0.0,0.0,0.25,0.1,0.384615,0.0,-0.160714,-56.25
1.2.美属萨摩亚,美属萨摩亚 新增次留,1.0,,,,,,,,,
1.2.老挝,老挝 新增次留,0.090909,0.0,0.25,0.0,0.076923,0.1,0.375,0.0,0.090909,
1.2.肯尼亚,肯尼亚 新增次留,0.156177,0.264865,0.215,0.230047,0.152263,0.251256,0.206186,0.239819,-0.108688,-41.035155
1.2.芬兰,芬兰 新增次留,0.223776,0.206597,0.196862,0.189356,0.220379,0.18612,0.183333,0.203501,0.017179,8.315214
1.2.苏丹,苏丹 新增次留,0.115385,0.096774,0.028571,0.132075,0.123288,0.181818,0.075,0.114286,0.01861,19.230769
1.2.苏里南,苏里南 新增次留,0.269231,0.105263,0.111111,0.111111,0.0,0.15,0.285714,0.111111,0.163968,155.769231
1.2.英国,英国 新增次留,0.169476,0.165218,0.155676,0.155919,0.153513,0.1496,0.145633,0.147629,0.004258,2.576999
1.2.英属维尔京群岛,英属维尔京群岛 新增次留,0.333333,0.0,0.5,1.0,0.25,0.0,,0.5,0.333333,
1.2.荷兰,荷兰 新增次留,0.197332,0.224493,0.207366,0.208683,0.197602,0.182209,0.194245,0.206157,-0.027161,-12.098986
1.2.荷兰加勒比,荷兰加勒比 新增次留,,0.0,1.0,0.0,0.0,0.25,,0.25,,
1.2.荷属圣马丁,荷属圣马丁 新增次留,0.2,0.5,0.428571,0.5,0.333333,0.272727,0.75,0.75,-0.3,-60.0
1.2.莫桑比克,莫桑比克 新增次留,0.2,0.26,0.187817,0.27044,0.25,0.203209,0.21659,0.263158,-0.06,-23.076923
1.2.莱索托,莱索托 新增次留,0.0,1.0,0.666667,0.428571,0.333333,0.4,0.0,0.333333,-1.0,-100.0
1.2.菲律宾,菲律宾 新增次留,0.16558,0.168109,0.178082,0.182227,0.148756,0.182747,0.178158,0.19204,-0.002529,-1.504531
1.2.萨尔瓦多,萨尔瓦多 新增次留,0.152249,0.248276,0.191781,0.271845,0.114286,0.156863,0.244681,0.118812,-0.096027,-38.677432
1.2.萨摩亚,萨摩亚 新增次留,0.333333,0.0,1.0,0.0,,0.0,1.0,0.0,0.333333,
1.2.葡萄牙,葡萄牙 新增次留,0.166216,0.179518,0.188828,0.176183,0.161376,0.161398,0.155188,0.169672,-0.013302,-7.409759
1.2.蒙古,蒙古 新增次留,0.021277,0.065217,0.069767,0.092308,0.132075,0.230769,0.08,0.159091,-0.043941,-67.375887
1.2.西班牙,西班牙 新增次留,0.171629,0.178995,0.179502,0.178654,0.173744,0.165546,0.159533,0.176331,-0.007367,-4.115587
1.2.贝宁,贝宁 新增次留,0.24,0.202128,0.21978,0.295238,0.240385,0.286822,0.30597,0.272727,0.037872,18.736842
1.2.赞比亚,赞比亚 新增次留,0.197802,0.238095,0.162162,0.169492,0.168831,0.155556,0.153846,0.274194,-0.040293,-16.923077
1.2.赤道几内亚,赤道几内亚 新增次留,0.2,0.0,0.6,0.0,0.5,0.0,0.125,0.0,0.2,
1.2.越南,越南 新增次留,0.17,0.220056,0.2,0.176812,0.177249,0.160377,0.164983,0.209559,-0.050056,-22.746835
1.2.阿塞拜疆,阿塞拜疆 新增次留,0.165708,0.178611,0.20298,0.16358,0.129464,0.116592,0.112601,0.165625,-0.012903,-7.22414
1.2.阿富汗,阿富汗 新增次留,0.181818,0.169231,0.202703,0.186441,0.12987,0.204819,0.162791,0.28169,0.012587,7.438017
1.2.阿尔及利亚,阿尔及利亚 新增次留,0.123775,0.140468,0.160105,0.108392,0.108889,0.117845,0.128514,0.176,-0.016694,-11.884337
1.2.阿尔巴尼亚,阿尔巴尼亚 新增次留,0.174324,0.203366,0.171667,0.157143,0.16826,0.185079,0.178322,0.167857,-0.029042,-14.280522
1.2.阿曼,阿曼 新增次留,0.131034,0.179104,0.17284,0.181818,0.126761,0.144737,0.208955,0.076923,-0.04807,-26.83908
1.2.阿根廷,阿根廷 新增次留,0.147204,0.165082,0.174619,0.16472,0.167982,0.151292,0.132121,0.177866,-0.017878,-10.82986
1.2.阿联酋,阿联酋 新增次留,0.153333,0.188544,0.164589,0.157667,0.205607,0.173815,0.15285,0.14,-0.035211,-18.675105
1.2.阿鲁巴,阿鲁巴 新增次留,0.34375,0.3125,0.269231,0.25,0.21875,0.333333,0.105263,0.307692,0.03125,10.0
1.2.韩国,韩国 新增次留,0.10299,0.072072,0.085308,0.108434,0.087719,0.118182,0.117647,0.132979,0.030918,42.898671
1.2.香港,香港 新增次留,0.267281,0.269406,0.247863,0.224719,0.18602,0.183976,0.198903,0.214106,-0.002125,-0.788878
1.2.马尔代夫,马尔代夫 新增次留,0.234043,0.285714,0.428571,0.288889,0.181818,0.205128,0.033333,0.344828,-0.051672,-18.085106
1.2.马恩岛,马恩岛 新增次留,0.166667,0.0,0.0,0.166667,0.0,0.375,0.0,0.090909,0.166667,
1.2.马拉维,马拉维 新增次留,0.263158,0.333333,0.291667,0.184211,0.340426,0.272727,0.428571,0.304348,-0.070175,-21.052632
1.2.马提尼克岛,马提尼克岛 新增次留,0.0,0.25,0.0,0.25,0.5,0.0,0.5,0.0,-0.25,-100.0
1.2.马来西亚,马来西亚 新增次留,0.111872,0.181548,0.194757,0.164179,0.150943,0.161716,0.168317,0.16879,-0.069675,-38.378621
1.2.马约特,马约特 新增次留,0.0,0.0,0.0,0.0,0.0,,,0.0,0.0,
1.2.马绍尔群岛,马绍尔群岛 新增次留,0.0,,,,,0.0,,0.0,,
1.2.马耳他,马耳他 新增次留,0.247191,0.236111,0.142857,0.246753,0.273973,0.205479,0.280488,0.107692,0.01108,4.692664
1.2.马达加斯加,马达加斯加 新增次留,0.191489,0.188976,0.234783,0.231579,0.159574,0.241071,0.193878,0.194175,0.002513,1.329787
1.2.马里,马里 新增次留,0.193384,0.172662,0.23622,0.192053,0.191244,0.167147,0.204023,0.144279,0.020722,12.001696
1.2.黎巴嫩,黎巴嫩 新增次留,0.19708,0.146269,0.144886,0.153623,0.150685,0.150685,0.148148,0.199095,0.050812,34.738567
1.2.黑山,黑山 新增次留,0.221344,0.232653,0.212121,0.175926,0.189655,0.193717,0.189873,0.174825,-0.011309,-4.860967
2,整体 新增UV,41222.142857,38060.571429,35197.857143,34350.0,40447.857143,49009.285714,42443.714286,42277.428571,3161.571429,8.306684
2.1,渠道 新增UV,11197.0,10285.142857,9325.428571,9315.428571,13768.571429,19097.571429,16449.714286,17167.571429,911.857143,8.86577
2.1.unknow,unknow 新增UV,0.0,1.0,0.0,0.0,0.0,0.0,1.0,1.0,-1.0,-100.0
2.1.不丹,不丹 新增UV,0.0,1.0,0.0,0.0,0.0,0.0,0.0,0.0,-1.0,-100.0
2.1.东帝汶,东帝汶 新增UV,0.0,0.0,1.0,1.0,0.0,0.0,0.0,0.0,0.0,
2.1.中国,中国 新增UV,8.571429,3.2,1.25,1.0,1.0,1.333333,1.4,1.0,5.371429,167.857143
2.1.中非,中非 新增UV,0.0,0.0,0.0,1.0,0.0,0.0,0.0,0.0,0.0,
2.1.丹麦,丹麦 新增UV,1.25,2.0,1.6,1.6,1.666667,2.142857,2.0,1.333333,-0.75,-37.5
2.1.乌克兰,乌克兰 新增UV,19.571429,15.857143,20.857143,22.428571,24.0,22.285714,25.285714,21.857143,3.714286,23.423423
2.1.乌兹别克斯坦,乌兹别克斯坦 新增UV,2.833333,3.428571,3.714286,4.285714,5.285714,5.857143,5.714286,3.714286,-0.595238,-17.361111
2.1.乌干达,乌干达 新增UV,1.0,1.0,1.5,1.333333,1.5,1.0,1.5,1.0,0.0,0.0
2.1.乌拉圭,乌拉圭 新增UV,1.0,1.5,1.571429,1.0,1.2,2.8,2.4,1.333333,-0.5,-33.333333
2.1.乍得,乍得 新增UV,1.0,1.5,1.0,1.0,0.0,0.0,0.0,0.0,-0.5,-33.333333
2.1.也门,也门 新增UV,1.0,1.0,0.0,0.0,0.0,0.0,1.0,0.0,0.0,0.0
2.1.亚美尼亚,亚美尼亚 新增UV,1.833333,2.166667,1.666667,2.0,1.8,2.4,2.714286,2.666667,-0.333333,-15.384615
2.1.以色列,以色列 新增UV,1.571429,2.666667,2.166667,4.666667,12.142857,19.0,3.0,2.0,-1.095238,-41.071429
2.1.伊拉克,伊拉克 新增UV,4.142857,5.0,5.428571,6.428571,9.571429,8.285714,7.285714,6.285714,-0.857143,-17.142857
2.1.伊朗,伊朗 新增UV,40.428571,57.428571,79.714286,87.285714,986.142857,2600.714286,626.857143,108.428571,-17.0,-29.60199
2.1.伯利兹,伯利兹 新增UV,1.0,1.5,1.5,1.333333,1.0,1.0,0.0,0.0,-0.5,-33.333333
2.1.佛得角,佛得角 新增UV,1.5,1.0,1.333333,1.0,1.0,1.0,1.0,1.0,0.5,50.0
2.1.俄罗斯,俄罗斯 新增UV,223.428571,226.0,235.571429,263.142857,314.142857,312.714286,291.428571,277.142857,-2.571429,-1.1378
2.1.保加利亚,保加利亚 新增UV,1.857143,2.714286,3.0,2.833333,3.285714,5.0,4.0,2.0,-0.857143,-31.578947
2.1.克罗地亚,克罗地亚 新增UV,3.142857,3.571429,4.428571,2.833333,2.142857,2.8,3.714286,2.714286,-0.428571,-12.0
2.1.关岛,关岛 新增UV,3.0,0.0,1.0,1.0,1.0,0.0,1.5,1.0,3.0,
2.1.冈比亚,冈比亚 新增UV,1.0,1.25,2.166667,2.714286,2.6,1.857143,3.0,2.0,-0.25,-20.0
2.1.冰岛,冰岛 新增UV,0.0,0.0,1.0,1.0,1.0,1.0,1.0,1.0,0.0,
2.1.几内亚,几内亚 新增UV,1.4,1.0,1.0,0.0,1.0,1.0,3.0,1.0,0.4,40.0
2.1.几内亚比绍,几内亚比绍 新增UV,0.0,1.0,0.0,0.0,0.0,1.0,0.0,0.0,-1.0,-100.0
2.1.列支敦士登,列支敦士登 新增UV,0.0,0.0,1.0,0.0,1.0,0.0,0.0,0.0,0.0,
2.1.刚果共和国,刚果共和国 新增UV,1.0,0.0,1.0,1.0,1.5,0.0,1.0,0.0,1.0,
2.1.刚果民主共和国,刚果民主共和国 新增UV,0.0,1.0,1.333333,1.0,1.333333,1.25,1.0,2.0,-1.0,-100.0
2.1.利比亚,利比亚 新增UV,2.0,1.0,1.0,0.0,1.0,1.0,1.0,1.0,1.0,100.0
2.1.利比里亚,利比里亚 新增UV,1.0,1.0,1.333333,2.0,1.0,1.0,1.0,1.0,0.0,0.0
2.1.加拿大,加拿大 新增UV,92.428571,107.714286,122.142857,90.428571,86.857143,107.285714,200.428571,343.428571,-15.285714,-14.190981
2.1.加纳,加纳 新增UV,11.142857,7.571429,6.571429,3.857143,5.428571,4.857143,5.0,5.428571,3.571429,47.169811
2.1.加蓬,加蓬 新增UV,0.0,1.0,0.0,1.0,0.0,0.0,0.0,0.0,-1.0,-100.0
2.1.匈牙利,匈牙利 新增UV,2.5,1.666667,1.8,1.857143,2.0,2.0,2.0,1.5,0.833333,50.0
2.1.北马其顿,北马其顿 新增UV,1.333333,1.666667,1.333333,1.333333,1.25,1.0,1.5,1.0,-0.333333,-20.0
2.1.北马里亚纳群岛,北马里亚纳群岛 新增UV,0.0,0.0,0.0,0.0,0.0,0.0,0.0,0.0,0.0,
2.1.南苏丹,南苏丹 新增UV,7.571429,6.714286,7.285714,7.142857,8.142857,7.285714,6.857143,6.142857,0.857143,12.765957
2.1.南非,南非 新增UV,2.5,4.0,2.0,2.285714,10.428571,20.142857,4.0,3.142857,-1.5,-37.5
2.1.博茨瓦纳,博茨瓦纳 新增UV,0.0,1.0,1.0,0.0,0.0,1.0,1.0,0.0,-1.0,-100.0
2.1.卡塔尔,卡塔尔 新增UV,1.0,1.0,1.6,1.166667,1.25,1.4,2.166667,2.0,0.0,0.0
2.1.卢旺达,卢旺达 新增UV,0.0,0.0,1.0,2.0,1.0,1.0,1.0,0.0,0.0,
2.1.卢森堡,卢森堡 新增UV,1.0,1.0,1.0,1.0,1.5,1.0,1.333333,1.0,0.0,0.0
2.1.印度,印度 新增UV,32.714286,79.857143,19.142857,31.285714,27.285714,30.142857,26.714286,24.0,-47.142857,-59.033989
2.1.印度尼西亚,印度尼西亚 新增UV,4.0,3.714286,4.428571,4.285714,9.571429,11.0,6.285714,6.857143,0.285714,7.692308
2.1.危地马拉,危地马拉 新增UV,3.0,4.5,2.285714,3.666667,3.714286,2.833333,3.0,3.857143,-1.5,-33.333333
2.1.厄瓜多尔,厄瓜多尔 新增UV,4.285714,3.142857,4.0,2.857143,2.428571,3.857143,5.285714,4.166667,1.142857,36.363636
2.1.叙利亚,叙利亚 新增UV,1.4,3.666667,5.571429,6.142857,5.142857,5.857143,4.142857,3.142857,-2.266667,-61.818182
2.1.古巴,古巴 新增UV,1.0,1.0,1.25,1.25,1.0,1.0,1.166667,1.0,0.0,0.0
2.1.台湾,台湾 新增UV,1.333333,1.0,1.0,1.0,1.5,1.0,1.0,1.4,0.333333,33.333333
2.1.吉尔吉斯斯坦,吉尔吉斯斯坦 新增UV,2.0,1.833333,2.285714,1.857143,2.428571,2.571429,2.666667,1.2,0.166667,9.090909
2.1.吉布提,吉布提 新增UV,0.0,0.0,0.0,0.0,0.0,0.0,0.0,0.0,0.0,
2.1.哈萨克斯坦,哈萨克斯坦 新增UV,7.571429,6.571429,9.285714,8.714286,9.428571,9.714286,7.714286,6.714286,1.0,15.217391
2.1.哥伦比亚,哥伦比亚 新增UV,7.571429,10.0,10.714286,13.0,13.0,15.428571,14.0,13.428571,-2.428571,-24.285714
2.1.哥斯达黎加,哥斯达黎加 新增UV,2.166667,3.5,2.333333,2.5,2.0,3.0,4.0,3.25,-1.333333,-38.095238
2.1.喀麦隆,喀麦隆 新增UV,1.0,1.0,1.5,1.833333,1.0,1.666667,1.25,1.666667,0.0,0.0
2.1.图瓦卢,图瓦卢 新增UV,0.0,0.0,0.0,0.0,0.0,0.0,0.0,0.0,0.0,
2.1.土库曼斯坦,土库曼斯坦 新增UV,2.0,2.0,0.0,1.0,0.0,0.0,0.0,0.0,0.0,0.0
2.1.土耳其,土耳其 新增UV,401.428571,709.571429,1447.285714,1415.0,1527.285714,1963.142857,1290.857143,1466.285714,-308.142857,-43.426616
2.1.圣卢西亚,圣卢西亚 新增UV,1.0,0.0,2.0,0.0,0.0,1.0,0.0,0.0,1.0,
2.1.圣基茨和尼维斯,圣基茨和尼维斯 新增UV,0.0,1.0,0.0,0.0,0.0,0.0,0.0,0.0,-1.0,-100.0
2.1.圣多美和普林西比,圣多美和普林西比 新增UV,0.0,0.0,0.0,0.0,1.0,0.0,0.0,0.0,0.0,
2.1.圣巴泰勒米岛,圣巴泰勒米岛 新增UV,0.0,0.0,0.0,0.0,0.0,0.0,0.0,0.0,0.0,
2.1.圣文森特和格林纳丁斯,圣文森特和格林纳丁斯 新增UV,0.0,1.0,1.0,0.0,1.0,0.0,1.0,0.0,-1.0,-100.0
2.1.圣皮埃尔和密克隆群岛,圣皮埃尔和密克隆群岛 新增UV,0.0,0.0,0.0,0.0,0.0,0.0,0.0,0.0,0.0,
2.1.圣马力诺,圣马力诺 新增UV,0.0,0.0,0.0,0.0,0.0,0.0,0.0,0.0,0.0,
2.1.圭亚那,圭亚那 新增UV,1.0,1.0,1.5,1.0,1.2,1.0,1.0,1.5,0.0,0.0
2.1.坦桑尼亚,坦桑尼亚 新增UV,1.5,1.6,1.714286,1.833333,2.0,1.6,3.5,1.6,-0.1,-6.25
2.1.埃及,埃及 新增UV,5.571429,5.285714,5.0,4.714286,5.857143,4.333333,7.0,7.571429,0.285714,5.405405
2.1.埃塞俄比亚,埃塞俄比亚 新增UV,1.2,1.0,2.25,1.333333,1.333333,2.333333,1.25,1.25,0.2,20.0
2.1.基里巴斯,基里巴斯 新增UV,0.0,0.0,0.0,0.0,0.0,0.0,0.0,0.0,0.0,
2.1.塔吉克斯坦,塔吉克斯坦 新增UV,2.5,1.333333,2.0,1.0,1.0,1.0,1.0,1.5,1.166667,87.5
2.1.塞内加尔,塞内加尔 新增UV,0.0,1.0,2.0,1.0,1.0,1.0,1.0,1.0,-1.0,-100.0
2.1.塞尔维亚,塞尔维亚 新增UV,3.428571,3.833333,3.714286,4.833333,2.571429,3.0,3.571429,3.714286,-0.404762,-10.559006
2.1.塞拉利昂,塞拉利昂 新增UV,0.0,1.0,0.0,1.0,1.333333,0.0,0.0,1.0,-1.0,-100.0
2.1.塞浦路斯,塞浦路斯 新增UV,2.6,1.5,1.714286,2.6,1.714286,2.0,2.0,1.75,1.1,73.333333
2.1.塞舌尔,塞舌尔 新增UV,0.0,0.0,1.0,1.0,1.0,1.0,1.0,1.0,0.0,
2.1.墨西哥,墨西哥 新增UV,976.857143,1064.428571,1415.857143,1542.714286,1742.714286,1303.142857,882.428571,1076.428571,-87.571429,-8.227084
2.1.多哥,多哥 新增UV,2.0,2.0,2.0,1.5,0.0,1.0,1.0,1.5,0.0,0.0
2.1.多米尼克,多米尼克 新增UV,1.0,0.0,0.0,0.0,0.0,1.0,0.0,0.0,1.0,
2.1.多米尼加,多米尼加 新增UV,3.285714,4.571429,4.5,5.0,4.0,2.857143,3.571429,2.333333,-1.285714,-28.125
2.1.奥兰群岛,奥兰群岛 新增UV,0.0,0.0,0.0,0.0,0.0,0.0,0.0,0.0,0.0,
2.1.奥地利,奥地利 新增UV,2.833333,4.0,2.857143,3.285714,4.285714,3.571429,3.0,3.428571,-1.166667,-29.166667
2.1.委内瑞拉,委内瑞拉 新增UV,7.428571,6.857143,8.285714,8.857143,5.714286,3.571429,6.142857,5.857143,0.571429,8.333333
2.1.孟加拉,孟加拉 新增UV,19.571429,17.0,16.142857,19.285714,17.0,18.0,18.428571,21.428571,2.571429,15.12605
2.1.安哥拉,安哥拉 新增UV,1.0,1.0,1.333333,1.0,1.0,1.0,1.0,1.0,0.0,0.0
2.1.安圭拉,安圭拉 新增UV,0.0,0.0,0.0,1.0,0.0,0.0,1.0,1.0,0.0,
2.1.安提瓜和巴布达,安提瓜和巴布达 新增UV,0.0,0.0,1.0,0.0,2.0,0.0,1.0,1.0,0.0,
2.1.安道尔,安道尔 新增UV,1.333333,1.0,0.0,1.0,1.0,1.0,1.0,0.0,0.333333,33.333333
2.1.密克罗尼西亚联邦,密克罗尼西亚联邦 新增UV,0.0,1.0,0.0,0.0,0.0,0.0,0.0,0.0,-1.0,-100.0
2.1.尼加拉瓜,尼加拉瓜 新增UV,1.0,1.4,1.5,1.333333,1.166667,1.166667,1.666667,1.5,-0.4,-28.571429
2.1.尼日利亚,尼日利亚 新增UV,11.857143,13.142857,16.0,22.0,22.571429,23.714286,27.857143,23.428571,-1.285714,-9.782609
2.1.尼日尔,尼日尔 新增UV,0.0,0.0,0.0,0.0,0.0,0.0,1.0,1.0,0.0,
2.1.尼泊尔,尼泊尔 新增UV,2.5,2.0,3.8,2.166667,1.833333,1.4,2.0,2.166667,0.5,25.0
2.1.巴勒斯坦,巴勒斯坦 新增UV,1.5,1.0,1.0,1.333333,2.25,1.333333,1.5,1.25,0.5,50.0
2.1.巴哈马,巴哈马 新增UV,1.0,1.6,1.333333,2.2,1.0,1.5,2.0,1.5,-0.6,-37.5
2.1.巴基斯坦,巴基斯坦 新增UV,6.285714,7.285714,9.428571,5.571429,7.428571,6.142857,7.0,7.714286,-1.0,-13.72549
2.1.巴巴多斯,巴巴多斯 新增UV,1.0,2.0,1.0,1.0,2.0,1.0,1.0,1.0,-1.0,-50.0
2.1.巴布亚新几内亚,巴布亚新几内亚 新增UV,0.0,0.0,0.0,0.0,0.0,1.0,0.0,1.0,0.0,
2.1.巴拉圭,巴拉圭 新增UV,2.166667,2.0,2.8,1.75,1.4,3.833333,2.5,2.571429,0.166667,8.333333
2.1.巴拿马,巴拿马 新增UV,1.2,2.0,2.75,1.8,2.75,1.0,2.142857,2.25,-0.8,-40.0
2.1.巴林,巴林 新增UV,1.0,0.0,1.0,3.0,1.0,1.0,2.0,1.0,1.0,
2.1.巴西,巴西 新增UV,5782.0,4167.142857,2440.0,2073.428571,5288.428571,8650.857143,8663.571429,9044.857143,1614.857143,38.752143
2.1.布基纳法索,布基纳法索 新增UV,1.333333,1.25,2.0,1.2,1.25,1.5,1.0,1.75,0.083333,6.666667
2.1.布隆迪,布隆迪 新增UV,0.0,0.0,0.0,1.0,1.0,1.0,0.0,1.0,0.0,
2.1.希腊,希腊 新增UV,11.142857,11.714286,9.857143,9.857143,10.428571,9.428571,8.571429,9.714286,-0.571429,-4.878049
2.1.帕劳,帕劳 新增UV,0.0,0.0,0.0,0.0,0.0,0.0,0.0,0.0,0.0,
2.1.库克群岛,库克群岛 新增UV,0.0,0.0,1.0,0.0,0.0,0.0,0.0,0.0,0.0,
2.1.库拉索,库拉索 新增UV,1.0,1.0,1.0,1.0,0.0,0.0,1.0,1.5,0.0,0.0
2.1.开曼群岛,开曼群岛 新增UV,1.0,1.0,1.0,1.333333,1.0,1.0,1.0,1.0,0.0,0.0
2.1.德国,德国 新增UV,117.571429,190.142857,184.571429,205.0,282.714286,462.571429,294.571429,295.428571,-72.571429,-38.166792
2.1.意大利,意大利 新增UV,13.428571,16.0,16.142857,16.857143,14.0,18.571429,17.428571,12.714286,-2.571429,-16.071429
2.1.所罗门群岛,所罗门群岛 新增UV,0.0,0.0,0.0,0.0,0.0,0.0,0.0,0.0,0.0,
2.1.拉脱维亚,拉脱维亚 新增UV,4.857143,5.428571,4.571429,6.285714,4.714286,2.857143,3.857143,2.5,-0.571429,-10.526316
2.1.挪威,挪威 新增UV,2.833333,2.714286,2.428571,2.333333,3.2,3.714286,3.0,1.833333,0.119048,4.385965
2.1.捷克,捷克 新增UV,2.833333,2.833333,2.666667,2.666667,2.4,3.142857,3.571429,2.333333,0.0,0.0
2.1.摩尔多瓦,摩尔多瓦 新增UV,2.0,2.0,1.571429,2.142857,2.666667,2.142857,2.6,1.5,0.0,0.0
2.1.摩洛哥,摩洛哥 新增UV,3.428571,4.428571,4.166667,2.833333,2.714286,3.0,2.0,4.5,-1.0,-22.580645
2.1.摩纳哥,摩纳哥 新增UV,0.0,1.0,1.0,1.0,0.0,0.0,0.0,0.0,-1.0,-100.0
2.1.文莱,文莱 新增UV,0.0,1.0,1.0,1.0,1.0,0.0,1.0,1.0,-1.0,-100.0
2.1.斐济,斐济 新增UV,0.0,1.0,1.0,1.0,1.0,1.0,1.0,1.0,-1.0,-100.0
2.1.斯威士兰,斯威士兰 新增UV,0.0,0.0,0.0,0.0,0.0,0.0,0.0,0.0,0.0,
2.1.斯洛伐克,斯洛伐克 新增UV,1.75,1.0,1.75,1.0,1.666667,1.0,3.0,1.5,0.75,75.0
2.1.斯洛文尼亚,斯洛文尼亚 新增UV,1.0,1.0,1.0,2.0,1.25,0.0,1.0,1.333333,0.0,0.0
2.1.斯里兰卡,斯里兰卡 新增UV,1.6,1.25,1.5,1.25,3.0,1.5,1.0,1.0,0.35,28.0
2.1.新加坡,新加坡 新增UV,2.0,3.285714,2.0,3.666667,2.0,3.142857,2.857143,2.857143,-1.285714,-39.130435
2.1.新喀里多尼亚,新喀里多尼亚 新增UV,1.0,1.0,0.0,0.0,0.0,0.0,0.0,0.0,0.0,0.0
2.1.新西兰,新西兰 新增UV,1.0,1.5,1.333333,2.0,2.0,1.666667,1.75,2.0,-0.5,-33.333333
2.1.日本,日本 新增UV,2.0,2.571429,2.285714,2.285714,2.833333,2.857143,17.857143,9.142857,-0.571429,-22.222222
2.1.智利,智利 新增UV,4.285714,5.285714,4.714286,4.714286,8.0,13.428571,9.714286,7.0,-1.0,-18.918919
2.1.柬埔寨,柬埔寨 新增UV,0.0,1.0,1.0,1.0,1.0,1.0,1.0,1.333333,-1.0,-100.0
2.1.根西岛,根西岛 新增UV,1.0,1.0,0.0,0.0,0.0,0.0,0.0,1.0,0.0,0.0
2.1.格林纳达,格林纳达 新增UV,1.0,0.0,1.0,1.0,1.0,1.0,1.0,0.0,1.0,
2.1.格陵兰,格陵兰 新增UV,0.0,0.0,0.0,0.0,0.0,0.0,0.0,0.0,0.0,
2.1.格鲁吉亚,格鲁吉亚 新增UV,2.428571,3.0,4.0,4.5,3.0,3.5,2.285714,2.285714,-0.571429,-19.047619
2.1.比利时,比利时 新增UV,2.6,3.0,1.6,3.142857,2.166667,3.285714,3.5,3.142857,-0.4,-13.333333
2.1.毛里塔尼亚,毛里塔尼亚 新增UV,1.5,1.5,0.0,1.0,0.0,1.0,1.0,0.0,0.0,0.0
2.1.毛里求斯,毛里求斯 新增UV,1.0,1.0,1.0,1.333333,1.0,1.5,0.0,1.0,0.0,0.0
2.1.汤加,汤加 新增UV,0.0,0.0,0.0,0.0,0.0,0.0,1.0,0.0,0.0,
2.1.沙特阿拉伯,沙特阿拉伯 新增UV,2.428571,2.571429,2.571429,3.428571,3.428571,1.8,3.333333,2.714286,-0.142857,-5.555556
2.1.法国,法国 新增UV,472.857143,388.285714,28.428571,28.142857,31.0,35.428571,47.857143,58.571429,84.571429,21.780721
2.1.法属圣马丁,法属圣马丁 新增UV,0.0,0.0,0.0,0.0,1.0,0.0,0.0,0.0,0.0,
2.1.法属圭亚那,法属圭亚那 新增UV,1.0,1.0,1.0,0.0,0.0,1.0,0.0,1.0,0.0,0.0
2.1.法属波利尼西亚,法属波利尼西亚 新增UV,1.0,1.0,1.0,1.0,1.0,0.0,1.0,0.0,0.0,0.0
2.1.法罗群岛,法罗群岛 新增UV,0.0,0.0,0.0,0.0,0.0,0.0,0.0,0.0,0.0,
2.1.波兰,波兰 新增UV,9.714286,11.0,8.142857,10.714286,11.0,10.571429,9.857143,6.571429,-1.285714,-11.688312
2.1.波多黎各,波多黎各 新增UV,2.0,2.142857,3.333333,2.5,1.8,3.0,2.571429,2.857143,-0.142857,-6.666667
2.1.波黑,波黑 新增UV,1.333333,1.0,1.5,1.6,1.4,1.4,1.5,1.5,0.333333,33.333333
2.1.泰国,泰国 新增UV,2.166667,2.666667,2.0,2.75,1.6,2.666667,2.166667,1.5,-0.5,-18.75
2.1.泽西岛,泽西岛 新增UV,1.0,1.0,1.0,1.0,0.0,0.0,1.0,0.0,0.0,0.0
2.1.津巴布韦,津巴布韦 新增UV,1.0,1.5,1.0,1.333333,0.0,1.0,2.0,1.0,-0.5,-33.333333
2.1.洪都拉斯,洪都拉斯 新增UV,2.4,2.0,2.5,2.0,3.333333,2.333333,1.833333,1.6,0.4,20.0
2.1.海地,海地 新增UV,1.0,1.0,1.25,1.4,2.2,1.666667,2.0,2.2,0.0,0.0
2.1.澳大利亚,澳大利亚 新增UV,6.714286,38.571429,74.571429,110.285714,96.857143,123.0,165.0,170.857143,-31.857143,-82.592593
2.1.澳门,澳门 新增UV,1.0,0.0,1.0,0.0,0.0,0.0,0.0,0.0,1.0,
2.1.爱尔兰,爱尔兰 新增UV,2.857143,2.666667,2.0,1.857143,2.571429,3.0,3.285714,4.857143,0.190476,7.142857
2.1.爱沙尼亚,爱沙尼亚 新增UV,2.166667,2.0,2.4,1.8,2.0,2.285714,2.6,2.0,0.166667,8.333333
2.1.牙买加,牙买加 新增UV,2.0,1.4,2.285714,2.4,3.166667,1.6,2.0,1.25,0.6,42.857143
2.1.特克斯和凯科斯群岛,特克斯和凯科斯群岛 新增UV,1.0,1.0,1.0,1.0,1.5,1.5,1.0,1.0,0.0,0.0
2.1.特立尼达和多巴哥,特立尼达和多巴哥 新增UV,0.0,1.0,1.5,1.0,1.333333,1.0,1.75,1.0,-1.0,-100.0
2.1.玻利维亚,玻利维亚 新增UV,2.4,1.75,2.8,1.666667,2.4,2.571429,2.714286,2.428571,0.65,37.142857
2.1.瑞典,瑞典 新增UV,6.0,6.285714,5.571429,4.428571,6.285714,12.571429,15.714286,15.0,-0.285714,-4.545455
2.1.瑞士,瑞士 新增UV,4.428571,5.571429,4.571429,4.666667,4.142857,6.571429,5.571429,5.428571,-1.142857,-20.512821
2.1.瓜德罗普,瓜德罗普 新增UV,1.0,1.0,0.0,1.0,0.0,0.0,0.0,0.0,0.0,0.0
2.1.瓦利斯和富图纳群岛,瓦利斯和富图纳群岛 新增UV,0.0,0.0,0.0,0.0,0.0,0.0,0.0,0.0,0.0,
2.1.瓦努阿图,瓦努阿图 新增UV,0.0,0.0,0.0,0.0,0.0,1.0,0.0,0.0,0.0,
2.1.留尼汪岛,留尼汪岛 新增UV,1.0,0.0,1.0,1.0,1.0,1.0,0.0,1.0,1.0,
2.1.白俄罗斯,白俄罗斯 新增UV,18.714286,16.0,17.142857,15.142857,17.857143,17.428571,14.285714,12.714286,2.714286,16.964286
2.1.百慕大,百慕大 新增UV,1.0,1.0,1.0,0.0,0.0,0.0,0.0,1.0,0.0,0.0
2.1.直布罗陀,直布罗陀 新增UV,0.0,1.0,0.0,0.0,1.0,0.0,1.0,1.0,-1.0,-100.0
2.1.福克兰群岛,福克兰群岛 新增UV,0.0,0.0,0.0,0.0,0.0,0.0,0.0,0.0,0.0,
2.1.科威特,科威特 新增UV,1.0,1.0,1.5,1.6,1.0,1.6,1.0,1.6,0.0,0.0
2.1.科摩罗,科摩罗 新增UV,0.0,0.0,0.0,0.0,0.0,0.0,0.0,0.0,0.0,
2.1.科特迪瓦,科特迪瓦 新增UV,1.0,1.4,1.333333,1.0,1.25,1.0,2.0,1.4,-0.4,-28.571429
2.1.科索沃,科索沃 新增UV,1.5,1.0,1.6,1.333333,1.0,1.5,1.5,1.0,0.5,50.0
2.1.秘鲁,秘鲁 新增UV,7.714286,7.857143,7.571429,7.857143,9.0,9.0,9.571429,10.142857,-0.142857,-1.818182
2.1.突尼斯,突尼斯 新增UV,2.166667,1.4,2.142857,1.8,1.8,1.714286,1.666667,2.0,0.766667,54.761905
2.1.立陶宛,立陶宛 新增UV,1.75,2.428571,1.333333,2.5,2.8,2.166667,2.285714,1.333333,-0.678571,-27.941176
2.1.索马里,索马里 新增UV,1.0,1.166667,1.6,1.0,1.0,1.0,1.0,1.333333,-0.166667,-14.285714
2.1.约旦,约旦 新增UV,1.5,1.2,1.4,1.428571,1.8,1.285714,1.833333,2.75,0.3,25.0
2.1.纳米比亚,纳米比亚 新增UV,0.0,0.0,0.0,0.0,0.0,0.0,0.0,0.0,0.0,
2.1.缅甸,缅甸 新增UV,1.571429,3.285714,2.4,3.166667,3.2,3.333333,1.333333,1.6,-1.714286,-52.173913
2.1.罗马尼亚,罗马尼亚 新增UV,3.0,3.166667,3.428571,3.857143,4.0,3.714286,2.666667,4.714286,-0.166667,-5.263158
2.1.美国,美国 新增UV,1802.571429,2031.285714,1901.285714,2051.142857,2120.142857,2352.571429,2607.428571,3067.285714,-228.714286,-11.259582
2.1.美属维尔京群岛,美属维尔京群岛 新增UV,1.0,1.0,0.0,1.0,1.0,0.0,0.0,1.0,0.0,0.0
2.1.美属萨摩亚,美属萨摩亚 新增UV,0.0,0.0,0.0,0.0,0.0,0.0,0.0,0.0,0.0,
2.1.老挝,老挝 新增UV,1.4,1.333333,1.8,1.666667,1.0,1.0,0.0,1.0,0.066667,5.0
2.1.肯尼亚,肯尼亚 新增UV,1.5,1.6,1.333333,1.25,2.0,1.714286,1.6,1.0,-0.1,-6.25
2.1.芬兰,芬兰 新增UV,3.333333,4.714286,3.428571,7.142857,9.428571,9.0,6.714286,6.428571,-1.380952,-29.292929
2.1.苏丹,苏丹 新增UV,1.0,2.0,1.333333,1.333333,1.0,2.0,1.0,1.0,-1.0,-50.0
2.1.苏里南,苏里南 新增UV,2.0,0.0,1.0,0.0,1.0,0.0,1.0,1.0,2.0,
2.1.英国,英国 新增UV,529.142857,558.428571,608.285714,691.285714,756.0,805.428571,887.428571,764.0,-29.285714,-5.244308
2.1.英属维尔京群岛,英属维尔京群岛 新增UV,1.0,0.0,0.0,1.0,1.0,1.0,1.0,0.0,1.0,
2.1.荷兰,荷兰 新增UV,16.428571,25.571429,23.714286,20.857143,24.571429,22.142857,20.571429,23.285714,-9.142857,-35.75419
2.1.荷兰加勒比,荷兰加勒比 新增UV,1.0,0.0,1.0,0.0,1.0,0.0,0.0,0.0,1.0,
2.1.荷属圣马丁,荷属圣马丁 新增UV,1.0,1.0,1.0,1.0,1.0,0.0,1.0,0.0,0.0,0.0
2.1.莫桑比克,莫桑比克 新增UV,1.0,1.0,0.0,1.5,0.0,1.0,1.0,1.0,0.0,0.0
2.1.莱索托,莱索托 新增UV,0.0,0.0,0.0,0.0,1.0,0.0,0.0,0.0,0.0,
2.1.菲律宾,菲律宾 新增UV,7.714286,4.428571,4.714286,7.0,6.0,7.428571,6.428571,8.571429,3.285714,74.193548
2.1.萨尔瓦多,萨尔瓦多 新增UV,1.8,2.0,1.4,2.0,1.833333,2.0,2.166667,2.5,-0.2,-10.0
2.1.萨摩亚,萨摩亚 新增UV,0.0,0.0,1.0,0.0,0.0,0.0,0.0,0.0,0.0,
2.1.葡萄牙,葡萄牙 新增UV,7.142857,8.571429,9.428571,8.285714,9.0,8.428571,11.714286,9.571429,-1.428571,-16.666667
2.1.蒙古,蒙古 新增UV,0.0,1.0,1.0,1.0,1.0,1.0,0.0,1.0,-1.0,-100.0
2.1.西班牙,西班牙 新增UV,406.857143,363.714286,449.714286,397.0,210.142857,72.285714,120.428571,143.714286,43.142857,11.861744
2.1.贝宁,贝宁 新增UV,1.0,1.0,1.0,0.0,1.0,1.0,1.0,1.5,0.0,0.0
2.1.赞比亚,赞比亚 新增UV,1.0,0.0,0.0,0.0,1.0,1.333333,2.0,1.0,1.0,
2.1.赤道几内亚,赤道几内亚 新增UV,0.0,0.0,0.0,0.0,0.0,0.0,0.0,0.0,0.0,
2.1.越南,越南 新增UV,1.833333,1.6,1.333333,2.666667,2.571429,2.666667,2.5,1.75,0.233333,14.583333
2.1.阿塞拜疆,阿塞拜疆 新增UV,1.5,1.166667,2.0,3.0,2.142857,5.714286,2.333333,2.75,0.333333,28.571429
2.1.阿富汗,阿富汗 新增UV,1.333333,1.0,1.333333,1.166667,1.0,1.5,1.0,1.333333,0.333333,33.333333
2.1.阿尔及利亚,阿尔及利亚 新增UV,2.2,2.6,1.5,2.428571,2.0,1.571429,3.8,2.8,-0.4,-15.384615
2.1.阿尔巴尼亚,阿尔巴尼亚 新增UV,2.857143,2.857143,3.714286,2.428571,3.714286,3.142857,2.833333,2.142857,0.0,0.0
2.1.阿曼,阿曼 新增UV,1.0,1.0,1.0,1.0,1.0,1.0,1.666667,1.0,0.0,0.0
2.1.阿根廷,阿根廷 新增UV,10.0,12.0,8.142857,8.571429,8.857143,7.857143,12.285714,11.571429,-2.0,-16.666667
2.1.阿联酋,阿联酋 新增UV,2.666667,2.285714,2.2,2.857143,3.142857,2.8,3.571429,4.714286,0.380952,16.666667
2.1.阿鲁巴,阿鲁巴 新增UV,1.0,1.75,1.166667,1.666667,1.0,1.5,1.0,1.0,-0.75,-42.857143
2.1.韩国,韩国 新增UV,1.4,1.0,1.666667,1.333333,1.0,2.166667,1.25,1.833333,0.4,40.0
2.1.香港,香港 新增UV,6.857143,7.857143,9.0,14.142857,161.714286,552.857143,85.0,12.0,-1.0,-12.727273
2.1.马尔代夫,马尔代夫 新增UV,1.0,1.0,1.0,1.0,1.0,1.0,0.0,1.5,0.0,0.0
2.1.马恩岛,马恩岛 新增UV,1.0,0.0,1.0,1.0,0.0,1.0,0.0,1.0,1.0,
2.1.马拉维,马拉维 新增UV,1.0,0.0,1.0,1.0,1.0,0.0,0.0,1.5,1.0,
2.1.马提尼克岛,马提尼克岛 新增UV,0.0,0.0,1.0,2.0,0.0,0.0,0.0,0.0,0.0,
2.1.马来西亚,马来西亚 新增UV,1.8,2.285714,1.8,2.2,2.6,1.428571,2.2,2.428571,-0.485714,-21.25
2.1.马约特,马约特 新增UV,0.0,0.0,0.0,0.0,0.0,0.0,0.0,0.0,0.0,
2.1.马绍尔群岛,马绍尔群岛 新增UV,0.0,0.0,0.0,0.0,1.0,0.0,0.0,0.0,0.0,
2.1.马耳他,马耳他 新增UV,1.0,2.0,1.2,1.25,1.0,1.75,1.5,1.0,-1.0,-50.0
2.1.马达加斯加,马达加斯加 新增UV,1.666667,1.25,1.0,1.0,1.0,1.0,1.0,1.0,0.416667,33.333333
2.1.马里,马里 新增UV,1.333333,1.0,1.5,1.0,1.0,1.0,1.666667,1.0,0.333333,33.333333
2.1.黎巴嫩,黎巴嫩 新增UV,2.25,1.333333,1.75,1.8,2.333333,2.4,1.333333,1.0,0.916667,68.75
2.1.黑山,黑山 新增UV,3.0,1.75,1.8,1.666667,1.428571,1.4,1.333333,1.0,1.25,71.428571
2.2,自然 新增UV,30025.142857,27775.428571,25872.428571,25034.571429,26679.285714,29911.714286,25994.0,25109.857143,2249.714286,8.099656
2.2.unknow,unknow 新增UV,2.75,1.6,2.0,2.666667,2.333333,1.5,1.8,1.666667,1.15,71.875
2.2.不丹,不丹 新增UV,1.5,1.0,1.333333,1.0,1.5,1.25,1.0,1.5,0.5,50.0
2.2.东帝汶,东帝汶 新增UV,0.0,1.5,1.5,2.0,1.0,1.0,0.0,1.0,-1.5,-100.0
2.2.中国,中国 新增UV,145.857143,204.285714,182.428571,43.0,42.0,46.285714,65.857143,67.857143,-58.428571,-28.601399
2.2.中非,中非 新增UV,1.666667,1.0,1.333333,1.333333,1.0,1.8,1.5,1.6,0.666667,66.666667
2.2.丹麦,丹麦 新增UV,39.428571,38.571429,39.0,43.428571,39.0,35.285714,42.142857,38.285714,0.857143,2.222222
2.2.乌克兰,乌克兰 新增UV,662.142857,435.714286,426.142857,407.857143,449.571429,449.571429,609.428571,316.285714,226.428571,51.967213
2.2.乌兹别克斯坦,乌兹别克斯坦 新增UV,59.0,39.285714,35.857143,37.285714,51.428571,126.857143,32.857143,32.0,19.714286,50.181818
2.2.乌干达,乌干达 新增UV,17.857143,10.0,10.285714,12.0,18.857143,11.571429,13.571429,11.142857,7.857143,78.571429
2.2.乌拉圭,乌拉圭 新增UV,20.571429,15.142857,12.428571,13.142857,10.428571,10.428571,7.428571,12.142857,5.428571,35.849057
2.2.乍得,乍得 新增UV,10.0,1.666667,3.0,2.428571,4.285714,2.0,1.5,1.5,8.333333,500.0
2.2.也门,也门 新增UV,16.857143,3.714286,3.428571,4.857143,8.285714,4.857143,4.428571,4.714286,13.142857,353.846154
2.2.亚美尼亚,亚美尼亚 新增UV,56.0,63.0,67.571429,56.857143,62.142857,52.428571,72.0,208.857143,-7.0,-11.111111
2.2.以色列,以色列 新增UV,78.0,80.285714,93.571429,106.142857,102.571429,106.0,80.571429,92.142857,-2.285714,-2.846975
2.2.伊拉克,伊拉克 新增UV,188.285714,88.714286,80.0,85.0,125.142857,84.714286,81.428571,77.0,99.571429,112.238325
2.2.伊朗,伊朗 新增UV,529.142857,432.714286,523.714286,596.0,1071.0,1730.142857,695.571429,616.285714,96.428571,22.284582
2.2.伯利兹,伯利兹 新增UV,2.8,2.8,2.571429,1.857143,3.428571,3.142857,3.142857,2.285714,0.0,0.0
2.2.佛得角,佛得角 新增UV,3.142857,3.714286,3.0,2.428571,3.5,2.571429,2.333333,2.142857,-0.571429,-15.384615
2.2.俄罗斯,俄罗斯 新增UV,2198.428571,2332.285714,1752.142857,1825.857143,1909.285714,2205.0,1972.571429,2006.857143,-133.857143,-5.739312
2.2.保加利亚,保加利亚 新增UV,78.285714,78.571429,72.285714,69.857143,71.714286,71.0,59.714286,58.142857,-0.285714,-0.363636
2.2.克罗地亚,克罗地亚 新增UV,82.142857,73.714286,71.571429,70.714286,67.142857,62.142857,64.428571,49.571429,8.428571,11.434109
2.2.关岛,关岛 新增UV,1.8,1.666667,3.0,1.666667,1.0,3.0,2.0,2.0,0.133333,8.0
2.2.冈比亚,冈比亚 新增UV,21.571429,14.571429,14.714286,13.714286,19.571429,17.428571,21.428571,19.714286,7.0,48.039216
2.2.冰岛,冰岛 新增UV,5.428571,2.714286,4.857143,3.285714,4.142857,3.285714,3.571429,4.285714,2.714286,100.0
2.2.几内亚,几内亚 新增UV,15.857143,10.857143,10.285714,15.285714,17.857143,13.285714,10.857143,13.0,5.0,46.052632
2.2.几内亚比绍,几内亚比绍 新增UV,3.8,1.2,1.5,1.666667,1.0,1.4,2.166667,1.428571,2.6,216.666667
2.2.列支敦士登,列支敦士登 新增UV,1.0,1.0,1.0,1.0,1.0,1.0,0.0,1.0,0.0,0.0
2.2.刚果共和国,刚果共和国 新增UV,7.857143,5.285714,3.714286,5.5,7.428571,4.285714,5.285714,3.571429,2.571429,48.648649
2.2.刚果民主共和国,刚果民主共和国 新增UV,35.142857,19.428571,17.857143,18.571429,18.142857,13.714286,12.857143,12.714286,15.714286,80.882353
2.2.利比亚,利比亚 新增UV,17.714286,9.714286,6.571429,9.714286,11.428571,8.0,9.714286,8.142857,8.0,82.352941
2.2.利比里亚,利比里亚 新增UV,33.428571,32.571429,26.714286,26.0,30.142857,33.571429,29.714286,29.142857,0.857143,2.631579
2.2.加拿大,加拿大 新增UV,501.428571,467.142857,445.428571,440.285714,436.285714,500.571429,465.0,450.857143,34.285714,7.33945
2.2.加纳,加纳 新增UV,134.0,120.714286,109.857143,105.571429,130.142857,157.142857,196.142857,182.285714,13.285714,11.005917
2.2.加蓬,加蓬 新增UV,2.8,1.4,1.5,1.666667,1.25,1.166667,1.6,1.5,1.4,100.0
2.2.匈牙利,匈牙利 新增UV,49.0,48.571429,47.714286,49.0,45.142857,46.0,44.428571,37.571429,0.428571,0.882353
2.2.北马其顿,北马其顿 新增UV,35.0,35.714286,33.428571,32.857143,22.714286,29.142857,29.142857,29.428571,-0.714286,-2.0
2.2.北马里亚纳群岛,北马里亚纳群岛 新增UV,0.0,0.0,0.0,0.0,0.0,0.0,0.0,1.0,0.0,
2.2.南苏丹,南苏丹 新增UV,36.142857,33.714286,30.571429,31.714286,37.285714,33.0,33.142857,34.428571,2.428571,7.20339
2.2.南非,南非 新增UV,133.0,83.857143,82.571429,101.571429,119.285714,107.0,84.428571,94.0,49.142857,58.603066
2.2.博茨瓦纳,博茨瓦纳 新增UV,4.714286,3.666667,2.8,3.166667,2.428571,3.5,2.333333,1.714286,1.047619,28.571429
2.2.卡塔尔,卡塔尔 新增UV,19.0,9.285714,10.142857,10.428571,12.0,10.0,12.0,11.428571,9.714286,104.615385
2.2.卢旺达,卢旺达 新增UV,10.428571,6.571429,6.142857,8.142857,8.571429,6.428571,5.0,6.0,3.857143,58.695652
2.2.卢森堡,卢森堡 新增UV,8.0,6.0,6.428571,5.142857,4.285714,5.714286,4.285714,5.571429,2.0,33.333333
2.2.印度,印度 新增UV,145.428571,221.428571,85.857143,85.142857,88.857143,82.571429,77.285714,70.857143,-76.0,-34.322581
2.2.印度尼西亚,印度尼西亚 新增UV,120.714286,109.285714,103.142857,120.142857,154.428571,132.285714,111.571429,119.857143,11.428571,10.457516
2.2.危地马拉,危地马拉 新增UV,51.857143,40.142857,44.571429,23.714286,23.714286,27.142857,21.571429,18.428571,11.714286,29.181495
2.2.厄瓜多尔,厄瓜多尔 新增UV,100.0,80.857143,68.857143,58.857143,61.714286,53.285714,49.285714,46.142857,19.142857,23.674912
2.2.叙利亚,叙利亚 新增UV,22.428571,22.857143,21.285714,22.285714,27.142857,22.142857,22.428571,21.285714,-0.428571,-1.875
2.2.古巴,古巴 新增UV,10.8,4.0,4.142857,4.285714,4.833333,1.857143,2.142857,3.25,6.8,170.0
2.2.台湾,台湾 新增UV,15.857143,10.571429,8.142857,13.142857,8.857143,10.714286,12.857143,9.285714,5.285714,50.0
2.2.吉尔吉斯斯坦,吉尔吉斯斯坦 新增UV,40.714286,31.571429,29.714286,33.428571,40.285714,52.285714,43.714286,30.714286,9.142857,28.959276
2.2.吉布提,吉布提 新增UV,1.25,1.0,1.0,1.0,0.0,1.0,1.0,2.0,0.25,25.0
2.2.哈萨克斯坦,哈萨克斯坦 新增UV,190.428571,205.714286,179.857143,208.0,255.428571,415.571429,271.142857,195.142857,-15.285714,-7.430556
2.2.哥伦比亚,哥伦比亚 新增UV,264.428571,225.428571,235.428571,223.0,206.857143,224.142857,190.857143,211.857143,39.0,17.30038
2.2.哥斯达黎加,哥斯达黎加 新增UV,32.285714,20.857143,23.571429,19.285714,22.0,18.428571,15.714286,15.571429,11.428571,54.794521
2.2.喀麦隆,喀麦隆 新增UV,21.857143,17.285714,12.142857,18.142857,19.857143,17.0,16.0,16.857143,4.571429,26.446281
2.2.图瓦卢,图瓦卢 新增UV,0.0,0.0,1.0,0.0,0.0,0.0,0.0,0.0,0.0,
2.2.土库曼斯坦,土库曼斯坦 新增UV,9.0,2.8,3.166667,5.0,1.5,1.25,1.0,1.0,6.2,221.428571
2.2.土耳其,土耳其 新增UV,998.0,1131.428571,738.0,730.571429,706.714286,720.285714,656.571429,673.428571,-133.428571,-11.792929
2.2.圣卢西亚,圣卢西亚 新增UV,2.666667,2.5,3.142857,2.0,3.0,1.666667,2.5,1.4,0.166667,6.666667
2.2.圣基茨和尼维斯,圣基茨和尼维斯 新增UV,1.0,1.25,1.5,1.0,1.285714,2.0,1.4,1.5,-0.25,-20.0
2.2.圣多美和普林西比,圣多美和普林西比 新增UV,1.0,1.0,1.0,1.0,1.0,1.0,0.0,1.0,0.0,0.0
2.2.圣巴泰勒米岛,圣巴泰勒米岛 新增UV,1.0,0.0,1.0,1.0,0.0,0.0,0.0,0.0,1.0,
2.2.圣文森特和格林纳丁斯,圣文森特和格林纳丁斯 新增UV,1.333333,1.25,1.0,1.666667,1.75,1.5,1.0,1.0,0.083333,6.666667
2.2.圣皮埃尔和密克隆群岛,圣皮埃尔和密克隆群岛 新增UV,0.0,1.0,0.0,0.0,0.0,0.0,0.0,0.0,-1.0,-100.0
2.2.圣马力诺,圣马力诺 新增UV,0.0,0.0,1.333333,1.0,1.0,0.0,0.0,1.0,0.0,
2.2.圭亚那,圭亚那 新增UV,5.0,1.857143,3.0,5.0,3.0,3.857143,2.857143,3.5,3.142857,169.230769
2.2.坦桑尼亚,坦桑尼亚 新增UV,27.285714,17.285714,17.714286,19.428571,24.428571,21.142857,21.285714,18.857143,10.0,57.85124
2.2.埃及,埃及 新增UV,229.142857,164.571429,173.285714,152.285714,159.285714,130.571429,140.142857,138.0,64.571429,39.236111
2.2.埃塞俄比亚,埃塞俄比亚 新增UV,15.285714,16.714286,11.428571,12.0,15.0,13.571429,11.714286,14.285714,-1.428571,-8.547009
2.2.基里巴斯,基里巴斯 新增UV,0.0,0.0,0.0,0.0,0.0,0.0,0.0,1.0,0.0,
2.2.塔吉克斯坦,塔吉克斯坦 新增UV,10.428571,5.285714,5.571429,6.0,5.714286,4.142857,6.333333,4.857143,5.142857,97.297297
2.2.塞内加尔,塞内加尔 新增UV,68.428571,48.285714,39.857143,53.428571,42.142857,33.285714,43.714286,57.142857,20.142857,41.715976
2.2.塞尔维亚,塞尔维亚 新增UV,138.285714,136.428571,135.142857,128.142857,112.714286,133.857143,116.857143,117.0,1.857143,1.361257
2.2.塞拉利昂,塞拉利昂 新增UV,8.428571,6.142857,6.714286,7.857143,9.857143,7.428571,6.285714,8.571429,2.285714,37.209302
2.2.塞浦路斯,塞浦路斯 新增UV,22.0,23.714286,19.571429,21.428571,20.714286,20.714286,22.142857,19.0,-1.714286,-7.228916
2.2.塞舌尔,塞舌尔 新增UV,3.714286,2.142857,2.714286,2.0,2.25,1.571429,1.285714,1.8,1.571429,73.333333
2.2.墨西哥,墨西哥 新增UV,743.285714,743.571429,902.0,647.0,513.428571,521.571429,423.571429,392.285714,-0.285714,-0.038425
2.2.多哥,多哥 新增UV,9.714286,6.285714,4.857143,6.0,7.571429,8.0,7.285714,6.857143,3.428571,54.545455
2.2.多米尼克,多米尼克 新增UV,2.0,0.0,1.0,3.0,1.0,1.0,1.5,1.0,2.0,
2.2.多米尼加,多米尼加 新增UV,72.571429,46.0,47.142857,41.571429,45.285714,35.428571,35.571429,38.142857,26.571429,57.763975
2.2.奥兰群岛,奥兰群岛 新增UV,1.0,0.0,0.0,0.0,0.0,0.0,1.0,0.0,1.0,
2.2.奥地利,奥地利 新增UV,75.428571,74.714286,68.857143,76.0,66.714286,69.285714,58.0,72.285714,0.714286,0.956023
2.2.委内瑞拉,委内瑞拉 新增UV,145.571429,92.285714,85.142857,70.285714,70.714286,53.714286,42.857143,53.714286,53.285714,57.739938
2.2.孟加拉,孟加拉 新增UV,642.428571,430.0,387.285714,400.142857,422.571429,395.714286,381.428571,410.714286,212.428571,49.401993
2.2.安哥拉,安哥拉 新增UV,22.428571,12.142857,12.571429,15.714286,16.0,13.428571,14.428571,13.142857,10.285714,84.705882
2.2.安圭拉,安圭拉 新增UV,1.0,1.666667,1.333333,1.0,1.0,1.0,1.0,1.0,-0.666667,-40.0
2.2.安提瓜和巴布达,安提瓜和巴布达 新增UV,1.571429,2.0,1.6,1.8,2.0,2.5,2.0,1.0,-0.428571,-21.428571
2.2.安道尔,安道尔 新增UV,1.333333,1.833333,1.25,1.0,1.2,1.0,1.5,1.0,-0.5,-27.272727
2.2.密克罗尼西亚联邦,密克罗尼西亚联邦 新增UV,0.0,1.0,0.0,0.0,0.0,0.0,1.0,0.0,-1.0,-100.0
2.2.尼加拉瓜,尼加拉瓜 新增UV,30.428571,22.0,29.285714,13.285714,15.857143,13.714286,11.571429,9.857143,8.428571,38.311688
2.2.尼日利亚,尼日利亚 新增UV,733.0,536.714286,515.428571,516.857143,567.714286,647.285714,708.571429,656.571429,196.285714,36.571733
2.2.尼日尔,尼日尔 新增UV,11.0,4.0,4.714286,6.571429,8.0,5.714286,6.285714,5.833333,7.0,175.0
2.2.尼泊尔,尼泊尔 新增UV,56.857143,22.571429,27.571429,23.0,25.0,23.0,20.0,19.142857,34.285714,151.898734
2.2.巴勒斯坦,巴勒斯坦 新增UV,17.0,14.857143,16.428571,19.428571,14.285714,14.142857,16.142857,15.285714,2.142857,14.423077
2.2.巴哈马,巴哈马 新增UV,4.857143,4.428571,4.857143,3.857143,6.142857,6.142857,4.571429,4.857143,0.428571,9.677419
2.2.巴基斯坦,巴基斯坦 新增UV,446.285714,251.0,219.285714,293.0,324.571429,253.285714,304.428571,194.857143,195.285714,77.803073
2.2.巴巴多斯,巴巴多斯 新增UV,5.142857,2.857143,2.833333,3.285714,3.5,3.166667,2.0,2.833333,2.285714,80.0
2.2.巴布亚新几内亚,巴布亚新几内亚 新增UV,6.2,1.6,2.0,2.333333,2.571429,1.5,2.666667,1.5,4.6,287.5
2.2.巴拉圭,巴拉圭 新增UV,36.0,25.571429,29.285714,24.0,20.428571,19.857143,22.857143,20.857143,10.428571,40.782123
2.2.巴拿马,巴拿马 新增UV,31.857143,22.714286,20.0,13.857143,15.428571,12.428571,11.571429,12.714286,9.142857,40.251572
2.2.巴林,巴林 新增UV,7.5,5.714286,4.714286,5.0,5.285714,7.0,5.142857,5.285714,1.785714,31.25
2.2.巴西,巴西 新增UV,6088.714286,6141.428571,6042.428571,5571.571429,6043.142857,6384.285714,6646.0,6526.142857,-52.714286,-0.858339
2.2.布基纳法索,布基纳法索 新增UV,52.428571,28.0,33.714286,35.857143,36.0,34.857143,33.714286,33.857143,24.428571,87.244898
2.2.布隆迪,布隆迪 新增UV,2.0,3.285714,3.25,2.666667,1.8,1.571429,2.6,2.714286,-1.285714,-39.130435
2.2.希腊,希腊 新增UV,179.0,170.714286,175.857143,158.142857,164.571429,149.571429,145.857143,140.714286,8.285714,4.853556
2.2.帕劳,帕劳 新增UV,1.0,0.0,1.0,1.0,0.0,0.0,0.0,0.0,1.0,
2.2.库克群岛,库克群岛 新增UV,1.0,0.0,1.0,1.0,1.0,1.0,1.0,1.0,1.0,
2.2.库拉索,库拉索 新增UV,3.285714,2.6,2.571429,3.4,2.4,3.0,1.8,1.571429,0.685714,26.373626
2.2.开曼群岛,开曼群岛 新增UV,1.5,2.0,2.25,1.666667,1.2,1.75,2.2,1.833333,-0.5,-25.0
2.2.德国,德国 新增UV,1171.857143,1235.142857,1097.285714,1085.0,1423.857143,2220.142857,1113.714286,1045.428571,-63.285714,-5.123757
2.2.意大利,意大利 新增UV,422.142857,428.0,443.142857,460.285714,420.714286,413.142857,391.857143,411.142857,-5.857143,-1.368491
2.2.所罗门群岛,所罗门群岛 新增UV,1.6,1.0,0.0,1.5,1.666667,1.0,1.0,1.0,0.6,60.0
2.2.拉脱维亚,拉脱维亚 新增UV,71.714286,74.0,51.857143,58.714286,55.285714,61.857143,61.428571,52.0,-2.285714,-3.088803
2.2.挪威,挪威 新增UV,46.571429,57.428571,47.142857,38.714286,35.285714,35.428571,46.857143,83.857143,-10.857143,-18.905473
2.2.捷克,捷克 新增UV,61.142857,58.857143,49.142857,56.142857,57.285714,50.571429,50.142857,49.0,2.285714,3.883495
2.2.摩尔多瓦,摩尔多瓦 新增UV,42.285714,45.428571,34.857143,42.571429,37.714286,35.428571,36.857143,26.571429,-3.142857,-6.918239
2.2.摩洛哥,摩洛哥 新增UV,155.714286,107.0,115.0,85.714286,86.714286,65.0,68.571429,62.285714,48.714286,45.52737
2.2.摩纳哥,摩纳哥 新增UV,1.333333,1.5,1.25,2.0,1.5,1.5,1.2,1.666667,-0.166667,-11.111111
2.2.文莱,文莱 新增UV,2.0,2.0,1.4,1.166667,1.6,1.4,1.75,1.833333,0.0,0.0
2.2.斐济,斐济 新增UV,3.0,2.166667,2.75,2.666667,1.714286,2.5,1.666667,2.2,0.833333,38.461538
2.2.斯威士兰,斯威士兰 新增UV,1.0,1.2,1.0,1.0,1.333333,1.333333,1.0,1.333333,-0.2,-16.666667
2.2.斯洛伐克,斯洛伐克 新增UV,31.428571,23.0,21.857143,23.285714,24.571429,20.714286,20.571429,18.714286,8.428571,36.645963
2.2.斯洛文尼亚,斯洛文尼亚 新增UV,13.285714,13.142857,12.714286,11.714286,12.857143,13.142857,14.0,14.142857,0.142857,1.086957
2.2.斯里兰卡,斯里兰卡 新增UV,24.142857,14.0,11.285714,16.285714,13.285714,13.571429,12.857143,10.571429,10.142857,72.44898
2.2.新加坡,新加坡 新增UV,56.857143,41.714286,41.714286,35.428571,47.0,34.714286,38.571429,34.428571,15.142857,36.30137
2.2.新喀里多尼亚,新喀里多尼亚 新增UV,3.0,1.333333,1.333333,1.0,1.0,1.0,1.0,1.0,1.666667,125.0
2.2.新西兰,新西兰 新增UV,30.571429,25.285714,26.714286,29.142857,31.714286,23.571429,28.142857,24.714286,5.285714,20.903955
2.2.日本,日本 新增UV,48.571429,48.285714,39.142857,44.142857,39.428571,37.571429,46.571429,61.142857,0.285714,0.591716
2.2.智利,智利 新增UV,80.142857,69.714286,55.857143,56.285714,50.714286,57.714286,55.428571,48.571429,10.428571,14.959016
2.2.柬埔寨,柬埔寨 新增UV,15.571429,10.142857,12.142857,7.857143,7.428571,10.714286,9.857143,11.142857,5.428571,53.521127
2.2.根西岛,根西岛 新增UV,1.5,1.25,1.4,1.333333,1.333333,1.5,1.25,1.0,0.25,20.0
2.2.格林纳达,格林纳达 新增UV,2.75,1.666667,2.0,1.5,1.2,1.666667,1.25,1.5,1.083333,65.0
2.2.格陵兰,格陵兰 新增UV,1.0,1.0,0.0,0.0,0.0,0.0,1.0,1.0,0.0,0.0
2.2.格鲁吉亚,格鲁吉亚 新增UV,77.571429,77.285714,78.0,72.714286,60.857143,67.571429,63.142857,66.571429,0.285714,0.369686
2.2.比利时,比利时 新增UV,77.0,81.0,84.428571,55.428571,59.428571,60.857143,56.857143,59.857143,-4.0,-4.938272
2.2.毛里塔尼亚,毛里塔尼亚 新增UV,4.571429,2.428571,5.5,2.714286,6.142857,4.166667,4.571429,6.0,2.142857,88.235294
2.2.毛里求斯,毛里求斯 新增UV,5.285714,3.857143,4.857143,6.571429,4.857143,6.142857,3.857143,3.571429,1.428571,37.037037
2.2.汤加,汤加 新增UV,1.333333,1.0,0.0,0.0,1.0,1.0,1.0,1.0,0.333333,33.333333
2.2.沙特阿拉伯,沙特阿拉伯 新增UV,146.0,80.571429,80.857143,87.714286,81.0,82.285714,71.0,70.857143,65.428571,81.205674
2.2.法国,法国 新增UV,663.142857,579.428571,496.142857,347.142857,364.142857,389.571429,311.571429,309.285714,83.714286,14.447732
2.2.法属圣马丁,法属圣马丁 新增UV,1.0,1.0,2.0,1.0,1.0,1.0,1.0,0.0,0.0,0.0
2.2.法属圭亚那,法属圭亚那 新增UV,1.0,1.0,1.25,1.0,1.0,1.0,0.0,2.0,0.0,0.0
2.2.法属波利尼西亚,法属波利尼西亚 新增UV,2.2,1.2,1.285714,2.0,1.0,1.75,1.166667,1.4,1.0,83.333333
2.2.法罗群岛,法罗群岛 新增UV,1.0,1.333333,1.0,1.0,1.0,0.0,1.0,1.0,-0.333333,-25.0
2.2.波兰,波兰 新增UV,255.571429,229.714286,203.857143,192.0,192.0,209.285714,201.857143,186.714286,25.857143,11.256219
2.2.波多黎各,波多黎各 新增UV,20.285714,22.428571,23.142857,19.571429,21.142857,22.571429,21.428571,24.285714,-2.142857,-9.55414
2.2.波黑,波黑 新增UV,52.857143,48.428571,51.142857,48.0,37.857143,39.714286,41.857143,46.0,4.428571,9.144543
2.2.泰国,泰国 新增UV,45.857143,46.0,42.142857,39.857143,44.857143,36.285714,36.285714,32.857143,-0.142857,-0.310559
2.2.泽西岛,泽西岛 新增UV,3.0,1.0,1.6,2.0,1.25,1.0,1.6,1.5,2.0,200.0
2.2.津巴布韦,津巴布韦 新增UV,10.0,4.0,5.571429,5.0,8.428571,5.142857,5.142857,5.0,6.0,150.0
2.2.洪都拉斯,洪都拉斯 新增UV,48.285714,40.714286,59.571429,23.571429,21.714286,22.857143,19.428571,15.714286,7.571429,18.596491
2.2.海地,海地 新增UV,24.571429,16.285714,15.142857,14.857143,20.142857,15.571429,15.571429,16.428571,8.285714,50.877193
2.2.澳大利亚,澳大利亚 新增UV,272.0,270.714286,285.714286,297.857143,300.0,319.571429,271.142857,271.428571,1.285714,0.474934
2.2.澳门,澳门 新增UV,2.0,1.666667,1.428571,1.5,1.6,1.0,1.5,1.0,0.333333,20.0
2.2.爱尔兰,爱尔兰 新增UV,84.0,75.285714,67.285714,76.571429,85.857143,82.142857,80.714286,87.285714,8.714286,11.574953
2.2.爱沙尼亚,爱沙尼亚 新增UV,51.428571,52.428571,35.714286,43.0,36.571429,36.428571,36.857143,39.142857,-1.0,-1.907357
2.2.牙买加,牙买加 新增UV,31.571429,24.142857,20.285714,19.571429,23.0,24.0,22.142857,19.571429,7.428571,30.769231
2.2.特克斯和凯科斯群岛,特克斯和凯科斯群岛 新增UV,1.571429,1.75,2.0,2.333333,2.0,1.2,2.0,1.333333,-0.178571,-10.204082
2.2.特立尼达和多巴哥,特立尼达和多巴哥 新增UV,9.714286,6.142857,5.571429,7.285714,8.142857,9.714286,6.714286,5.857143,3.571429,58.139535
2.2.玻利维亚,玻利维亚 新增UV,47.714286,33.0,34.285714,27.0,31.142857,25.428571,24.285714,23.0,14.714286,44.588745
2.2.瑞典,瑞典 新增UV,158.285714,194.714286,138.285714,147.714286,128.714286,144.0,140.571429,153.571429,-36.428571,-18.708731
2.2.瑞士,瑞士 新增UV,86.428571,89.142857,76.285714,74.857143,83.0,95.142857,76.142857,71.0,-2.714286,-3.044872
2.2.瓜德罗普,瓜德罗普 新增UV,1.25,1.5,2.166667,1.5,1.0,1.0,1.0,1.0,-0.25,-16.666667
2.2.瓦利斯和富图纳群岛,瓦利斯和富图纳群岛 新增UV,0.0,0.0,0.0,1.0,1.0,0.0,0.0,0.0,0.0,
2.2.瓦努阿图,瓦努阿图 新增UV,1.0,1.0,1.0,1.0,1.333333,1.0,2.0,1.0,0.0,0.0
2.2.留尼汪岛,留尼汪岛 新增UV,6.6,3.142857,3.0,2.166667,2.666667,2.166667,2.285714,2.4,3.457143,110.0
2.2.白俄罗斯,白俄罗斯 新增UV,148.142857,147.857143,117.142857,118.571429,120.571429,163.0,179.0,102.0,0.285714,0.193237
2.2.百慕大,百慕大 新增UV,1.0,1.428571,2.0,2.25,1.75,1.333333,1.25,2.2,-0.428571,-30.0
2.2.直布罗陀,直布罗陀 新增UV,2.0,1.666667,1.333333,1.333333,2.333333,1.333333,1.5,1.0,0.333333,20.0
2.2.福克兰群岛,福克兰群岛 新增UV,0.0,1.0,0.0,0.0,1.0,0.0,0.0,0.0,-1.0,-100.0
2.2.科威特,科威特 新增UV,22.0,18.571429,16.571429,12.428571,14.142857,16.714286,16.857143,13.285714,3.428571,18.461538
2.2.科摩罗,科摩罗 新增UV,2.4,1.0,1.0,1.0,1.666667,1.5,1.333333,1.0,1.4,140.0
2.2.科特迪瓦,科特迪瓦 新增UV,73.142857,47.285714,35.142857,41.714286,48.142857,37.857143,35.714286,36.428571,25.857143,54.682779
2.2.科索沃,科索沃 新增UV,15.857143,16.0,13.714286,14.0,10.571429,21.857143,11.857143,8.285714,-0.142857,-0.892857
2.2.秘鲁,秘鲁 新增UV,141.571429,132.857143,111.285714,91.714286,82.714286,92.428571,80.857143,80.285714,8.714286,6.55914
2.2.突尼斯,突尼斯 新增UV,65.142857,40.714286,44.285714,33.857143,39.0,36.285714,31.142857,33.571429,24.428571,60.0
2.2.立陶宛,立陶宛 新增UV,54.0,57.857143,49.714286,52.428571,51.571429,49.571429,54.428571,48.714286,-3.857143,-6.666667
2.2.索马里,索马里 新增UV,16.714286,10.285714,9.428571,10.571429,14.857143,12.571429,12.428571,13.142857,6.428571,62.5
2.2.约旦,约旦 新增UV,48.285714,32.142857,33.571429,33.428571,29.571429,26.571429,27.428571,25.857143,16.142857,50.222222
2.2.纳米比亚,纳米比亚 新增UV,4.142857,3.428571,3.4,3.0,4.0,4.0,3.0,2.25,0.714286,20.833333
2.2.缅甸,缅甸 新增UV,25.142857,15.857143,15.571429,17.142857,23.142857,15.714286,13.142857,13.857143,9.285714,58.558559
2.2.罗马尼亚,罗马尼亚 新增UV,121.0,110.857143,119.571429,118.285714,109.857143,111.714286,114.571429,114.285714,10.142857,9.149485
2.2.美国,美国 新增UV,4163.0,3970.714286,3818.857143,3795.714286,4269.428571,5732.142857,3828.428571,3632.571429,192.285714,4.842598
2.2.美属维尔京群岛,美属维尔京群岛 新增UV,1.333333,1.166667,1.5,1.6,1.333333,1.428571,2.6,2.0,0.166667,14.285714
2.2.美属萨摩亚,美属萨摩亚 新增UV,1.0,0.0,0.0,0.0,0.0,0.0,0.0,0.0,1.0,
2.2.老挝,老挝 新增UV,3.142857,1.2,2.4,2.166667,2.166667,1.666667,2.0,1.666667,1.942857,161.904762
2.2.肯尼亚,肯尼亚 新增UV,61.285714,26.428571,28.571429,30.428571,34.714286,28.428571,27.714286,31.571429,34.857143,131.891892
2.2.芬兰,芬兰 新增UV,143.0,164.571429,100.142857,115.428571,120.571429,135.857143,128.571429,130.571429,-21.571429,-13.107639
2.2.苏丹,苏丹 新增UV,22.285714,4.428571,5.0,7.571429,10.428571,6.285714,5.714286,5.0,17.857143,403.225806
2.2.苏里南,苏里南 新增UV,3.714286,2.714286,2.571429,3.0,2.8,2.857143,2.0,2.25,1.0,36.842105
2.2.英国,英国 新增UV,1406.857143,1282.285714,1260.857143,1256.142857,1287.0,1446.714286,1264.428571,1223.142857,124.571429,9.714795
2.2.英属维尔京群岛,英属维尔京群岛 新增UV,1.5,1.5,1.0,1.0,1.333333,1.5,0.0,1.0,0.0,0.0
2.2.荷兰,荷兰 新增UV,717.428571,873.714286,609.0,664.714286,595.714286,631.142857,635.428571,733.142857,-156.285714,-17.887508
2.2.荷兰加勒比,荷兰加勒比 新增UV,0.0,1.0,1.0,1.5,1.0,1.333333,0.0,1.333333,-1.0,-100.0
2.2.荷属圣马丁,荷属圣马丁 新增UV,2.5,2.5,1.4,1.6,1.0,2.2,1.333333,1.333333,0.0,0.0
2.2.莫桑比克,莫桑比克 新增UV,32.142857,28.571429,28.142857,22.714286,29.142857,26.714286,31.0,27.142857,3.571429,12.5
2.2.莱索托,莱索托 新增UV,1.0,1.0,1.5,1.4,1.0,1.25,1.0,1.5,0.0,0.0
2.2.菲律宾,菲律宾 新增UV,284.714286,231.142857,250.285714,254.0,269.857143,251.714286,259.0,287.142857,53.571429,23.176761
2.2.萨尔瓦多,萨尔瓦多 新增UV,41.285714,20.714286,20.857143,14.714286,15.0,14.571429,13.428571,14.428571,20.571429,99.310345
2.2.萨摩亚,萨摩亚 新增UV,1.5,1.0,1.0,1.0,0.0,1.0,1.0,1.0,0.5,50.0
2.2.葡萄牙,葡萄牙 新增UV,211.428571,237.142857,181.571429,175.142857,162.0,171.714286,155.571429,174.285714,-25.714286,-10.843373
2.2.蒙古,蒙古 新增UV,6.714286,6.571429,6.142857,9.285714,7.571429,5.571429,7.142857,6.285714,0.142857,2.173913
2.2.西班牙,西班牙 新增UV,571.0,469.285714,499.0,496.571429,403.714286,382.285714,403.857143,362.142857,101.714286,21.674277
2.2.贝宁,贝宁 新增UV,17.857143,13.428571,13.0,15.0,14.857143,18.428571,19.142857,18.857143,4.428571,32.978723
2.2.赞比亚,赞比亚 新增UV,13.0,6.0,5.285714,8.428571,11.0,6.428571,9.285714,8.857143,7.0,116.666667
2.2.赤道几内亚,赤道几内亚 新增UV,1.0,1.5,1.0,1.0,1.0,1.0,2.0,1.333333,-0.5,-33.333333
2.2.越南,越南 新增UV,57.142857,51.285714,45.0,49.285714,54.0,45.428571,42.428571,38.857143,5.857143,11.420613
2.2.阿塞拜疆,阿塞拜疆 新增UV,124.142857,129.571429,76.714286,92.571429,64.0,63.714286,53.285714,45.714286,-5.428571,-4.189636
2.2.阿富汗,阿富汗 新增UV,11.0,9.285714,10.571429,8.428571,11.0,11.857143,12.285714,10.142857,1.714286,18.461538
2.2.阿尔及利亚,阿尔及利亚 新增UV,116.571429,42.714286,54.428571,40.857143,64.285714,42.428571,35.571429,35.714286,73.857143,172.909699
2.2.阿尔巴尼亚,阿尔巴尼亚 新增UV,105.714286,101.857143,85.714286,80.0,74.714286,99.571429,81.714286,80.0,3.857143,3.786816
2.2.阿曼,阿曼 新增UV,20.714286,9.571429,11.571429,12.571429,10.142857,10.857143,9.571429,9.285714,11.142857,116.41791
2.2.阿根廷,阿根廷 新增UV,173.714286,165.285714,140.714286,122.285714,126.714286,116.142857,117.857143,108.428571,8.428571,5.099395
2.2.阿联酋,阿联酋 新增UV,85.714286,59.857143,57.285714,66.142857,61.142857,63.285714,55.142857,64.285714,25.857143,43.198091
2.2.阿鲁巴,阿鲁巴 新增UV,4.571429,2.285714,3.714286,3.428571,4.571429,3.0,2.714286,3.714286,2.285714,100.0
2.2.韩国,韩国 新增UV,43.0,31.714286,30.142857,35.571429,32.571429,31.428571,24.285714,26.857143,11.285714,35.585586
2.2.香港,香港 新增UV,62.0,93.857143,50.142857,76.285714,126.714286,240.714286,104.142857,56.714286,-31.857143,-33.942161
2.2.马尔代夫,马尔代夫 新增UV,6.714286,9.0,6.0,6.428571,4.714286,5.571429,4.285714,4.142857,-2.285714,-25.396825
2.2.马恩岛,马恩岛 新增UV,1.5,1.833333,2.0,1.2,1.0,1.6,1.0,2.2,-0.333333,-18.181818
2.2.马拉维,马拉维 新增UV,5.428571,5.571429,6.857143,5.428571,6.714286,4.4,4.0,6.571429,-0.142857,-2.564103
2.2.马提尼克岛,马提尼克岛 新增UV,1.25,1.6,1.666667,1.333333,1.0,1.0,1.5,1.0,-0.35,-21.875
2.2.马来西亚,马来西亚 新增UV,62.571429,48.0,38.142857,38.285714,45.428571,43.285714,43.285714,44.857143,14.571429,30.357143
2.2.马约特,马约特 新增UV,1.0,1.0,1.0,1.0,1.0,0.0,0.0,1.0,0.0,0.0
2.2.马绍尔群岛,马绍尔群岛 新增UV,1.0,0.0,0.0,0.0,0.0,1.0,0.0,1.0,1.0,
2.2.马耳他,马耳他 新增UV,12.714286,10.285714,10.0,11.0,10.428571,10.428571,11.714286,9.285714,2.428571,23.611111
2.2.马达加斯加,马达加斯加 新增UV,13.428571,18.142857,16.428571,13.571429,13.428571,16.0,14.0,14.714286,-4.714286,-25.984252
2.2.马里,马里 新增UV,56.142857,59.571429,36.285714,64.714286,62.0,49.571429,49.714286,57.428571,-3.428571,-5.755396
2.2.黎巴嫩,黎巴嫩 新增UV,58.714286,47.857143,50.285714,49.285714,41.714286,41.714286,34.714286,31.571429,10.857143,22.686567
2.2.黑山,黑山 新增UV,36.142857,35.0,33.0,30.857143,24.857143,27.285714,22.571429,20.428571,1.142857,3.265306
3,整体 新增次日留存UV,6509.714286,6365.0,5666.714286,5396.285714,5726.714286,6673.142857,6039.857143,6019.142857,144.714286,2.273594
3.1,渠道 新增次日留存UV,1477.0,1462.571429,1187.857143,1172.714286,1457.571429,1945.142857,1824.857143,1837.714286,14.428571,0.986521
3.1.unknow,unknow 新增次日留存UV,0.0,0.0,0.0,0.0,0.0,0.0,0.0,0.0,0.0,
3.1.不丹,不丹 新增次日留存UV,0.0,0.0,0.0,0.0,0.0,0.0,0.0,0.0,0.0,
3.1.东帝汶,东帝汶 新增次日留存UV,0.0,0.0,0.0,1.0,0.0,0.0,0.0,0.0,0.0,
3.1.中国,中国 新增次日留存UV,2.285714,0.4,0.0,0.25,0.333333,0.0,0.2,0.0,1.885714,471.428571
3.1.中非,中非 新增次日留存UV,0.0,0.0,0.0,1.0,0.0,0.0,0.0,0.0,0.0,
3.1.丹麦,丹麦 新增次日留存UV,0.25,0.2,0.0,0.4,0.0,0.142857,0.666667,0.333333,0.05,25.0
3.1.乌克兰,乌克兰 新增次日留存UV,2.571429,1.571429,2.285714,2.0,2.0,3.0,3.142857,2.714286,1.0,63.636364
3.1.乌兹别克斯坦,乌兹别克斯坦 新增次日留存UV,0.0,0.428571,0.571429,0.428571,0.0,0.285714,0.571429,0.285714,-0.428571,-100.0
3.1.乌干达,乌干达 新增次日留存UV,1.0,0.0,1.0,0.333333,0.5,0.0,0.5,0.5,1.0,
3.1.乌拉圭,乌拉圭 新增次日留存UV,0.0,0.5,0.285714,0.0,0.2,0.2,0.0,0.0,-0.5,-100.0
3.1.乍得,乍得 新增次日留存UV,0.0,0.0,0.0,0.333333,0.0,0.0,0.0,0.0,0.0,
3.1.也门,也门 新增次日留存UV,0.0,0.0,0.0,0.0,0.0,0.0,1.0,0.0,0.0,
3.1.亚美尼亚,亚美尼亚 新增次日留存UV,0.333333,0.333333,0.0,0.0,0.4,0.4,0.428571,0.0,0.0,0.0
3.1.以色列,以色列 新增次日留存UV,0.0,0.333333,0.166667,0.666667,2.142857,4.428571,0.166667,0.5,-0.333333,-100.0
3.1.伊拉克,伊拉克 新增次日留存UV,0.714286,0.428571,0.857143,0.428571,1.142857,1.0,1.0,0.428571,0.285714,66.666667
3.1.伊朗,伊朗 新增次日留存UV,7.428571,6.428571,10.714286,12.0,103.571429,304.428571,77.428571,14.571429,1.0,15.555556
3.1.伯利兹,伯利兹 新增次日留存UV,1.0,0.5,0.5,0.0,0.0,0.0,0.0,0.0,0.5,100.0
3.1.佛得角,佛得角 新增次日留存UV,0.5,0.0,0.0,0.0,0.25,0.333333,1.0,0.0,0.5,
3.1.俄罗斯,俄罗斯 新增次日留存UV,26.285714,29.285714,28.285714,30.142857,32.428571,38.0,29.428571,32.0,-3.0,-10.243902
3.1.保加利亚,保加利亚 新增次日留存UV,0.285714,0.142857,0.5,0.666667,0.285714,0.285714,0.571429,0.666667,0.142857,100.0
3.1.克罗地亚,克罗地亚 新增次日留存UV,0.428571,0.857143,1.0,0.833333,1.142857,0.8,0.714286,1.285714,-0.428571,-50.0
3.1.关岛,关岛 新增次日留存UV,0.0,0.0,0.0,0.0,0.0,0.0,0.0,0.0,0.0,
3.1.冈比亚,冈比亚 新增次日留存UV,0.25,0.25,0.5,0.571429,0.4,0.571429,0.5,0.2,0.0,0.0
3.1.冰岛,冰岛 新增次日留存UV,0.0,0.0,0.0,0.0,0.0,0.0,0.0,0.0,0.0,
3.1.几内亚,几内亚 新增次日留存UV,0.2,0.0,0.0,0.0,0.0,0.0,1.0,0.0,0.2,
3.1.几内亚比绍,几内亚比绍 新增次日留存UV,0.0,0.0,0.0,0.0,0.0,1.0,0.0,0.0,0.0,
3.1.列支敦士登,列支敦士登 新增次日留存UV,0.0,0.0,0.0,0.0,0.0,0.0,0.0,0.0,0.0,
3.1.刚果共和国,刚果共和国 新增次日留存UV,1.0,0.0,0.0,0.0,0.0,0.0,0.0,0.0,1.0,
3.1.刚果民主共和国,刚果民主共和国 新增次日留存UV,0.0,0.0,0.333333,0.0,0.333333,0.25,1.0,1.0,0.0,
3.1.利比亚,利比亚 新增次日留存UV,2.0,0.0,0.5,0.0,0.25,0.5,0.333333,0.5,2.0,
3.1.利比里亚,利比里亚 新增次日留存UV,1.0,0.0,0.333333,0.0,0.0,0.0,0.0,1.0,1.0,
3.1.加拿大,加拿大 新增次日留存UV,10.428571,10.714286,10.285714,7.428571,9.285714,8.571429,21.142857,29.571429,-0.285714,-2.666667
3.1.加纳,加纳 新增次日留存UV,1.857143,0.857143,1.857143,0.857143,1.0,1.0,1.0,1.0,1.0,116.666667
3.1.加蓬,加蓬 新增次日留存UV,0.0,0.0,0.0,0.5,0.0,0.0,0.0,0.0,0.0,
3.1.匈牙利,匈牙利 新增次日留存UV,0.333333,0.0,0.0,0.285714,0.4,0.0,0.0,0.166667,0.333333,
3.1.北马其顿,北马其顿 新增次日留存UV,0.666667,0.666667,0.666667,0.0,0.25,0.0,0.5,0.5,0.0,0.0
3.1.北马里亚纳群岛,北马里亚纳群岛 新增次日留存UV,0.0,0.0,0.0,0.0,0.0,0.0,0.0,0.0,0.0,
3.1.南苏丹,南苏丹 新增次日留存UV,1.857143,1.142857,1.285714,2.428571,2.285714,1.857143,1.142857,0.857143,0.714286,62.5
3.1.南非,南非 新增次日留存UV,0.333333,1.333333,0.285714,0.428571,2.714286,3.285714,0.5,0.428571,-1.0,-75.0
3.1.博茨瓦纳,博茨瓦纳 新增次日留存UV,0.0,0.5,0.0,0.0,0.0,0.0,0.0,0.0,-0.5,-100.0
3.1.卡塔尔,卡塔尔 新增次日留存UV,0.0,0.0,0.0,0.5,0.0,0.2,0.333333,0.5,0.0,
3.1.卢旺达,卢旺达 新增次日留存UV,0.0,0.0,0.0,0.0,0.0,0.333333,0.25,0.0,0.0,
3.1.卢森堡,卢森堡 新增次日留存UV,0.0,0.0,0.0,0.0,0.0,0.0,0.0,0.0,0.0,
3.1.印度,印度 新增次日留存UV,7.142857,19.857143,3.571429,6.571429,5.714286,6.857143,5.142857,3.714286,-12.714286,-64.028777
3.1.印度尼西亚,印度尼西亚 新增次日留存UV,0.571429,0.571429,0.285714,0.714286,1.428571,1.428571,0.571429,0.714286,0.0,0.0
3.1.危地马拉,危地马拉 新增次日留存UV,0.0,0.833333,0.428571,0.0,0.142857,0.333333,0.4,0.0,-0.833333,-100.0
3.1.厄瓜多尔,厄瓜多尔 新增次日留存UV,0.571429,0.571429,0.333333,0.428571,0.285714,0.714286,1.142857,0.333333,0.0,0.0
3.1.叙利亚,叙利亚 新增次日留存UV,0.6,0.666667,0.428571,0.857143,0.714286,0.714286,0.571429,0.714286,-0.066667,-10.0
3.1.古巴,古巴 新增次日留存UV,0.0,0.0,0.25,0.0,0.0,0.5,0.166667,0.0,0.0,
3.1.台湾,台湾 新增次日留存UV,0.0,0.0,0.0,0.25,0.5,0.25,0.5,0.0,0.0,
3.1.吉尔吉斯斯坦,吉尔吉斯斯坦 新增次日留存UV,0.142857,0.166667,0.285714,0.0,0.0,0.428571,0.5,0.2,-0.02381,-14.285714
3.1.吉布提,吉布提 新增次日留存UV,0.0,0.0,0.0,0.0,0.0,0.0,0.0,0.0,0.0,
3.1.哈萨克斯坦,哈萨克斯坦 新增次日留存UV,0.571429,0.571429,0.857143,0.857143,1.285714,1.142857,1.285714,0.714286,0.0,0.0
3.1.哥伦比亚,哥伦比亚 新增次日留存UV,1.0,1.285714,0.857143,1.428571,1.571429,1.857143,1.857143,1.142857,-0.285714,-22.222222
3.1.哥斯达黎加,哥斯达黎加 新增次日留存UV,0.666667,0.5,0.333333,0.166667,0.666667,0.0,0.4,0.0,0.166667,33.333333
3.1.喀麦隆,喀麦隆 新增次日留存UV,0.0,0.0,0.25,0.333333,0.5,0.333333,0.5,0.333333,0.0,
3.1.图瓦卢,图瓦卢 新增次日留存UV,0.0,0.0,0.0,0.0,0.0,0.0,0.0,0.0,0.0,
3.1.土库曼斯坦,土库曼斯坦 新增次日留存UV,0.0,0.0,0.0,0.333333,0.0,0.0,0.0,0.0,0.0,
3.1.土耳其,土耳其 新增次日留存UV,56.428571,83.714286,154.857143,161.285714,155.0,194.571429,125.571429,115.857143,-27.285714,-32.593857
3.1.圣卢西亚,圣卢西亚 新增次日留存UV,0.5,0.0,1.0,0.0,0.0,1.0,0.0,0.0,0.5,
3.1.圣基茨和尼维斯,圣基茨和尼维斯 新增次日留存UV,0.0,0.0,0.0,0.0,0.0,0.0,0.0,0.0,0.0,
3.1.圣多美和普林西比,圣多美和普林西比 新增次日留存UV,0.0,0.0,0.0,0.0,0.0,0.0,0.0,0.0,0.0,
3.1.圣巴泰勒米岛,圣巴泰勒米岛 新增次日留存UV,0.0,0.0,0.0,0.0,0.0,0.0,0.0,0.0,0.0,
3.1.圣文森特和格林纳丁斯,圣文森特和格林纳丁斯 新增次日留存UV,0.0,0.0,0.0,0.0,1.0,0.0,0.0,0.0,0.0,
3.1.圣皮埃尔和密克隆群岛,圣皮埃尔和密克隆群岛 新增次日留存UV,0.0,0.0,0.0,0.0,0.0,0.0,0.0,0.0,0.0,
3.1.圣马力诺,圣马力诺 新增次日留存UV,0.0,0.0,0.0,0.0,0.0,0.0,0.0,0.0,0.0,
3.1.圭亚那,圭亚那 新增次日留存UV,0.5,0.0,0.0,0.0,0.0,0.0,0.0,0.0,0.5,
3.1.坦桑尼亚,坦桑尼亚 新增次日留存UV,0.75,0.4,0.428571,0.333333,0.0,0.4,1.0,0.4,0.35,87.5
3.1.埃及,埃及 新增次日留存UV,0.714286,0.571429,0.571429,0.571429,1.714286,0.333333,1.142857,1.714286,0.142857,25.0
3.1.埃塞俄比亚,埃塞俄比亚 新增次日留存UV,0.2,0.0,0.5,0.0,0.333333,0.0,0.0,0.5,0.2,
3.1.基里巴斯,基里巴斯 新增次日留存UV,0.0,0.0,0.0,0.0,0.0,0.0,0.0,0.0,0.0,
3.1.塔吉克斯坦,塔吉克斯坦 新增次日留存UV,0.5,0.0,0.0,0.0,0.25,0.0,0.0,1.0,0.5,
3.1.塞内加尔,塞内加尔 新增次日留存UV,0.0,0.0,0.5,0.25,0.0,1.0,0.0,0.0,0.0,
3.1.塞尔维亚,塞尔维亚 新增次日留存UV,0.285714,0.666667,0.285714,0.666667,0.142857,0.166667,0.714286,0.142857,-0.380952,-57.142857
3.1.塞拉利昂,塞拉利昂 新增次日留存UV,0.0,0.0,0.0,0.0,0.333333,0.0,0.0,0.0,0.0,
3.1.塞浦路斯,塞浦路斯 新增次日留存UV,0.4,0.833333,0.285714,0.0,0.285714,0.4,0.142857,0.5,-0.433333,-52.0
3.1.塞舌尔,塞舌尔 新增次日留存UV,0.0,0.0,0.0,0.0,0.0,0.0,0.0,0.0,0.0,
3.1.墨西哥,墨西哥 新增次日留存UV,149.714286,172.428571,187.428571,182.857143,151.142857,89.714286,64.571429,71.285714,-22.714286,-13.173157
3.1.多哥,多哥 新增次日留存UV,1.0,1.0,0.0,0.25,0.0,0.25,0.0,0.5,0.0,0.0
3.1.多米尼克,多米尼克 新增次日留存UV,0.0,0.0,0.0,0.0,0.0,0.0,0.0,0.0,0.0,
3.1.多米尼加,多米尼加 新增次日留存UV,0.714286,0.714286,1.166667,0.714286,1.0,0.428571,1.0,0.166667,0.0,0.0
3.1.奥兰群岛,奥兰群岛 新增次日留存UV,0.0,0.0,0.0,0.0,0.0,0.0,0.0,0.0,0.0,
3.1.奥地利,奥地利 新增次日留存UV,0.333333,1.0,0.714286,0.714286,0.714286,0.714286,0.142857,0.285714,-0.666667,-66.666667
3.1.委内瑞拉,委内瑞拉 新增次日留存UV,1.0,1.285714,0.285714,1.285714,0.0,0.285714,0.571429,0.714286,-0.285714,-22.222222
3.1.孟加拉,孟加拉 新增次日留存UV,2.857143,4.0,3.714286,4.285714,3.0,2.714286,3.142857,3.857143,-1.142857,-28.571429
3.1.安哥拉,安哥拉 新增次日留存UV,0.0,0.5,0.666667,0.0,0.0,0.0,0.0,0.0,-0.5,-100.0
3.1.安圭拉,安圭拉 新增次日留存UV,0.0,0.0,0.0,1.0,0.0,0.0,0.0,0.0,0.0,
3.1.安提瓜和巴布达,安提瓜和巴布达 新增次日留存UV,0.0,0.0,0.666667,0.0,0.0,0.0,0.0,1.0,0.0,
3.1.安道尔,安道尔 新增次日留存UV,0.0,0.5,0.0,0.5,0.0,0.0,0.0,0.0,-0.5,-100.0
3.1.密克罗尼西亚联邦,密克罗尼西亚联邦 新增次日留存UV,0.0,0.0,0.0,0.0,0.0,0.0,0.0,0.0,0.0,
3.1.尼加拉瓜,尼加拉瓜 新增次日留存UV,0.0,0.6,0.5,0.333333,0.0,0.0,0.333333,0.5,-0.6,-100.0
3.1.尼日利亚,尼日利亚 新增次日留存UV,2.571429,2.857143,4.0,5.428571,5.285714,3.857143,6.571429,6.285714,-0.285714,-10.0
3.1.尼日尔,尼日尔 新增次日留存UV,0.0,0.0,0.0,0.0,0.0,0.0,1.0,0.0,0.0,
3.1.尼泊尔,尼泊尔 新增次日留存UV,0.5,0.2,0.2,0.5,0.333333,0.4,0.333333,0.333333,0.3,150.0
3.1.巴勒斯坦,巴勒斯坦 新增次日留存UV,0.0,0.0,0.0,0.666667,0.25,0.333333,0.25,0.5,0.0,
3.1.巴哈马,巴哈马 新增次日留存UV,0.5,0.4,0.166667,0.4,0.0,0.166667,0.25,1.25,0.1,25.0
3.1.巴基斯坦,巴基斯坦 新增次日留存UV,1.285714,0.571429,0.857143,1.0,1.428571,1.0,0.857143,1.142857,0.714286,125.0
3.1.巴巴多斯,巴巴多斯 新增次日留存UV,0.0,0.0,0.0,0.25,0.0,0.5,1.0,0.5,0.0,
3.1.巴布亚新几内亚,巴布亚新几内亚 新增次日留存UV,0.0,0.0,0.0,0.0,0.0,0.0,0.0,0.0,0.0,
3.1.巴拉圭,巴拉圭 新增次日留存UV,0.5,1.0,0.4,0.25,0.2,0.333333,0.0,0.142857,-0.5,-50.0
3.1.巴拿马,巴拿马 新增次日留存UV,0.2,0.666667,0.5,0.2,0.25,0.0,0.285714,0.5,-0.466667,-70.0
3.1.巴林,巴林 新增次日留存UV,0.0,0.0,0.0,0.0,0.0,0.0,0.0,0.0,0.0,
3.1.巴西,巴西 新增次日留存UV,738.571429,612.857143,321.571429,268.142857,505.571429,806.714286,939.285714,926.571429,125.714286,20.512821
3.1.布基纳法索,布基纳法索 新增次日留存UV,0.333333,0.5,0.4,0.0,0.5,0.5,0.0,1.0,-0.166667,-33.333333
3.1.布隆迪,布隆迪 新增次日留存UV,0.0,0.0,0.0,0.0,1.0,0.0,0.0,0.0,0.0,
3.1.希腊,希腊 新增次日留存UV,2.428571,2.857143,3.0,1.857143,2.857143,1.571429,2.285714,2.428571,-0.428571,-15.0
3.1.帕劳,帕劳 新增次日留存UV,0.0,0.0,0.0,0.0,0.0,0.0,0.0,0.0,0.0,
3.1.库克群岛,库克群岛 新增次日留存UV,0.0,0.0,0.0,0.0,0.0,0.0,0.0,0.0,0.0,
3.1.库拉索,库拉索 新增次日留存UV,1.0,0.0,0.0,0.0,0.0,0.0,0.0,0.0,1.0,
3.1.开曼群岛,开曼群岛 新增次日留存UV,0.0,1.0,0.0,0.333333,0.0,0.0,1.0,0.0,-1.0,-100.0
3.1.德国,德国 新增次日留存UV,14.428571,21.428571,21.714286,25.714286,37.571429,60.571429,38.857143,39.0,-7.0,-32.666667
3.1.意大利,意大利 新增次日留存UV,1.714286,2.857143,3.142857,2.285714,3.142857,2.0,2.571429,2.714286,-1.142857,-40.0
3.1.所罗门群岛,所罗门群岛 新增次日留存UV,0.0,0.0,0.0,0.0,0.0,0.0,0.0,0.0,0.0,
3.1.拉脱维亚,拉脱维亚 新增次日留存UV,0.428571,0.571429,1.0,0.714286,1.0,0.857143,0.428571,0.333333,-0.142857,-25.0
3.1.挪威,挪威 新增次日留存UV,0.666667,0.142857,0.714286,0.166667,0.0,0.285714,0.714286,0.166667,0.52381,366.666667
3.1.捷克,捷克 新增次日留存UV,0.166667,0.5,0.5,0.166667,0.4,0.428571,0.428571,0.166667,-0.333333,-66.666667
3.1.摩尔多瓦,摩尔多瓦 新增次日留存UV,0.142857,0.142857,0.142857,0.142857,0.166667,0.285714,0.4,0.0,0.0,0.0
3.1.摩洛哥,摩洛哥 新增次日留存UV,0.857143,0.285714,0.166667,0.5,0.714286,0.4,0.428571,0.333333,0.571429,200.0
3.1.摩纳哥,摩纳哥 新增次日留存UV,0.0,0.5,0.0,0.0,0.0,0.0,0.0,0.0,-0.5,-100.0
3.1.文莱,文莱 新增次日留存UV,0.0,0.0,0.0,1.0,0.0,0.0,0.0,0.0,0.0,
3.1.斐济,斐济 新增次日留存UV,0.0,0.0,0.5,1.0,1.0,0.0,0.0,0.0,0.0,
3.1.斯威士兰,斯威士兰 新增次日留存UV,0.0,0.0,0.0,0.0,0.0,0.0,0.0,0.0,0.0,
3.1.斯洛伐克,斯洛伐克 新增次日留存UV,0.0,0.2,0.0,0.0,0.333333,0.0,0.5,0.166667,-0.2,-100.0
3.1.斯洛文尼亚,斯洛文尼亚 新增次日留存UV,0.0,0.0,0.0,0.0,0.25,0.0,0.333333,0.0,0.0,
3.1.斯里兰卡,斯里兰卡 新增次日留存UV,0.0,0.25,0.25,0.5,0.0,0.0,0.0,0.5,-0.25,-100.0
3.1.新加坡,新加坡 新增次日留存UV,0.4,0.714286,0.4,0.333333,0.0,0.142857,0.428571,0.714286,-0.314286,-44.0
3.1.新喀里多尼亚,新喀里多尼亚 新增次日留存UV,0.0,0.0,0.0,0.0,0.0,0.0,0.0,0.0,0.0,
3.1.新西兰,新西兰 新增次日留存UV,0.0,0.0,0.0,0.0,0.166667,0.333333,1.0,0.0,0.0,
3.1.日本,日本 新增次日留存UV,0.142857,0.571429,0.142857,0.571429,0.333333,0.285714,1.571429,2.0,-0.428571,-75.0
3.1.智利,智利 新增次日留存UV,0.571429,0.428571,0.571429,0.571429,1.0,1.857143,0.857143,0.857143,0.142857,33.333333
3.1.柬埔寨,柬埔寨 新增次日留存UV,0.0,0.0,0.0,0.0,1.0,1.0,0.5,0.666667,0.0,
3.1.根西岛,根西岛 新增次日留存UV,0.0,0.0,0.0,0.0,0.0,0.0,0.0,0.0,0.0,
3.1.格林纳达,格林纳达 新增次日留存UV,0.0,0.0,0.0,0.0,0.0,0.0,0.0,0.0,0.0,
3.1.格陵兰,格陵兰 新增次日留存UV,0.0,0.0,0.0,0.0,0.0,0.0,0.0,0.0,0.0,
3.1.格鲁吉亚,格鲁吉亚 新增次日留存UV,0.428571,0.5,0.571429,0.833333,0.571429,0.333333,0.285714,0.0,-0.071429,-14.285714
3.1.比利时,比利时 新增次日留存UV,0.2,0.142857,0.0,0.0,0.5,0.857143,0.166667,0.285714,0.057143,40.0
3.1.毛里塔尼亚,毛里塔尼亚 新增次日留存UV,0.5,0.0,0.0,1.0,0.0,0.0,0.0,0.0,0.5,
3.1.毛里求斯,毛里求斯 新增次日留存UV,0.0,0.0,0.0,0.333333,0.0,0.5,0.0,0.5,0.0,
3.1.汤加,汤加 新增次日留存UV,0.0,0.0,0.0,0.0,0.0,0.0,0.0,0.0,0.0,
3.1.沙特阿拉伯,沙特阿拉伯 新增次日留存UV,0.285714,0.0,0.428571,0.0,0.571429,0.0,0.666667,0.142857,0.285714,
3.1.法国,法国 新增次日留存UV,73.571429,62.857143,2.857143,3.285714,3.571429,4.285714,5.714286,9.714286,10.714286,17.045455
3.1.法属圣马丁,法属圣马丁 新增次日留存UV,0.0,0.0,0.0,0.0,0.0,0.0,0.0,0.0,0.0,
3.1.法属圭亚那,法属圭亚那 新增次日留存UV,0.0,0.0,1.0,0.0,0.0,0.0,0.0,0.0,0.0,
3.1.法属波利尼西亚,法属波利尼西亚 新增次日留存UV,0.5,0.0,0.0,0.0,0.0,0.0,0.0,0.0,0.5,
3.1.法罗群岛,法罗群岛 新增次日留存UV,0.0,0.0,0.0,0.0,0.0,0.0,0.0,0.0,0.0,
3.1.波兰,波兰 新增次日留存UV,1.142857,1.571429,1.571429,1.714286,1.857143,1.142857,1.0,0.714286,-0.428571,-27.272727
3.1.波多黎各,波多黎各 新增次日留存UV,0.8,0.285714,0.833333,0.333333,0.4,0.428571,0.714286,0.571429,0.514286,180.0
3.1.波黑,波黑 新增次日留存UV,0.333333,0.0,0.5,0.4,0.2,0.2,0.0,0.333333,0.333333,
3.1.泰国,泰国 新增次日留存UV,0.166667,0.333333,0.166667,0.25,0.2,0.666667,0.166667,0.166667,-0.166667,-50.0
3.1.泽西岛,泽西岛 新增次日留存UV,0.0,0.333333,0.0,0.0,0.0,0.0,0.0,0.0,-0.333333,-100.0
3.1.津巴布韦,津巴布韦 新增次日留存UV,0.0,0.0,0.0,0.333333,0.0,0.0,0.0,0.333333,0.0,
3.1.洪都拉斯,洪都拉斯 新增次日留存UV,0.4,0.25,0.0,0.333333,0.666667,0.333333,0.166667,0.2,0.15,60.0
3.1.海地,海地 新增次日留存UV,0.0,0.0,0.0,0.2,0.2,0.666667,0.25,0.4,0.0,
3.1.澳大利亚,澳大利亚 新增次日留存UV,1.0,3.428571,6.0,9.714286,10.142857,12.571429,15.714286,13.714286,-2.428571,-70.833333
3.1.澳门,澳门 新增次日留存UV,0.0,0.0,1.0,0.0,0.0,0.0,0.0,0.0,0.0,
3.1.爱尔兰,爱尔兰 新增次日留存UV,0.285714,0.166667,0.833333,0.142857,0.428571,0.142857,0.857143,0.571429,0.119048,71.428571
3.1.爱沙尼亚,爱沙尼亚 新增次日留存UV,0.5,0.166667,0.4,0.4,0.333333,0.428571,0.4,0.0,0.333333,200.0
3.1.牙买加,牙买加 新增次日留存UV,0.142857,0.4,0.428571,0.4,0.333333,0.4,0.571429,0.25,-0.257143,-64.285714
3.1.特克斯和凯科斯群岛,特克斯和凯科斯群岛 新增次日留存UV,0.0,0.0,0.5,0.0,0.0,0.0,0.0,0.333333,0.0,
3.1.特立尼达和多巴哥,特立尼达和多巴哥 新增次日留存UV,0.0,0.0,0.0,0.5,0.333333,0.0,0.25,0.0,0.0,
3.1.玻利维亚,玻利维亚 新增次日留存UV,0.2,0.5,0.0,0.0,0.2,0.571429,0.142857,0.0,-0.3,-60.0
3.1.瑞典,瑞典 新增次日留存UV,1.0,0.857143,0.714286,1.0,1.142857,2.428571,1.714286,1.571429,0.142857,16.666667
3.1.瑞士,瑞士 新增次日留存UV,1.0,1.0,0.714286,0.833333,0.285714,0.857143,1.142857,0.857143,0.0,0.0
3.1.瓜德罗普,瓜德罗普 新增次日留存UV,0.0,0.0,0.0,0.0,0.0,0.0,0.0,0.0,0.0,
3.1.瓦利斯和富图纳群岛,瓦利斯和富图纳群岛 新增次日留存UV,0.0,0.0,0.0,0.0,0.0,0.0,0.0,0.0,0.0,
3.1.瓦努阿图,瓦努阿图 新增次日留存UV,0.0,0.0,0.0,0.0,0.0,0.5,0.0,0.0,0.0,
3.1.留尼汪岛,留尼汪岛 新增次日留存UV,0.0,0.0,0.0,0.0,0.0,0.0,0.0,0.0,0.0,
3.1.白俄罗斯,白俄罗斯 新增次日留存UV,1.428571,1.0,2.0,0.857143,1.571429,2.142857,1.571429,1.0,0.428571,42.857143
3.1.百慕大,百慕大 新增次日留存UV,0.0,0.0,0.0,0.0,0.0,0.0,0.0,0.0,0.0,
3.1.直布罗陀,直布罗陀 新增次日留存UV,0.0,0.0,0.0,0.0,0.0,0.0,0.0,0.0,0.0,
3.1.福克兰群岛,福克兰群岛 新增次日留存UV,0.0,0.0,0.0,0.0,0.0,0.0,0.0,0.0,0.0,
3.1.科威特,科威特 新增次日留存UV,0.0,0.0,0.5,0.0,0.0,0.0,0.0,0.0,0.0,
3.1.科摩罗,科摩罗 新增次日留存UV,0.0,0.0,0.0,0.0,0.0,0.0,0.0,0.0,0.0,
3.1.科特迪瓦,科特迪瓦 新增次日留存UV,0.25,0.0,0.0,0.0,0.0,0.0,1.0,0.4,0.25,
3.1.科索沃,科索沃 新增次日留存UV,0.5,1.0,0.2,0.666667,0.0,0.5,0.0,0.0,-0.5,-50.0
3.1.秘鲁,秘鲁 新增次日留存UV,0.571429,1.0,0.857143,0.142857,0.714286,0.714286,0.428571,1.142857,-0.428571,-42.857143
3.1.突尼斯,突尼斯 新增次日留存UV,0.5,0.2,0.142857,0.2,0.2,0.142857,0.166667,0.666667,0.3,150.0
3.1.立陶宛,立陶宛 新增次日留存UV,0.25,0.142857,0.166667,0.0,0.4,0.0,0.428571,0.0,0.107143,75.0
3.1.索马里,索马里 新增次日留存UV,0.4,0.0,0.4,0.333333,0.0,0.2,0.0,0.333333,0.4,
3.1.约旦,约旦 新增次日留存UV,0.0,0.0,0.0,0.428571,0.2,0.285714,0.0,0.25,0.0,
3.1.纳米比亚,纳米比亚 新增次日留存UV,0.0,0.0,0.0,0.0,0.0,0.0,0.0,0.0,0.0,
3.1.缅甸,缅甸 新增次日留存UV,0.0,0.714286,0.4,0.166667,0.2,0.333333,0.166667,0.0,-0.714286,-100.0
3.1.罗马尼亚,罗马尼亚 新增次日留存UV,0.833333,0.833333,1.0,1.0,0.714286,0.142857,0.666667,0.714286,0.0,0.0
3.1.美国,美国 新增次日留存UV,222.285714,258.857143,252.0,271.142857,282.142857,309.571429,327.285714,403.428571,-36.571429,-14.128035
3.1.美属维尔京群岛,美属维尔京群岛 新增次日留存UV,0.0,0.0,0.0,0.0,0.0,0.0,0.0,0.0,0.0,
3.1.美属萨摩亚,美属萨摩亚 新增次日留存UV,0.0,0.0,0.0,0.0,0.0,0.0,0.0,0.0,0.0,
3.1.老挝,老挝 新增次日留存UV,0.6,0.166667,0.4,0.333333,0.0,0.0,0.0,0.0,0.433333,260.0
3.1.肯尼亚,肯尼亚 新增次日留存UV,0.25,0.8,0.0,0.25,0.333333,0.428571,0.0,0.333333,-0.55,-68.75
3.1.芬兰,芬兰 新增次日留存UV,0.333333,0.714286,0.285714,1.571429,1.571429,1.428571,1.714286,1.142857,-0.380952,-53.333333
3.1.苏丹,苏丹 新增次日留存UV,0.0,0.5,0.333333,0.0,0.0,0.0,0.0,0.0,-0.5,-100.0
3.1.苏里南,苏里南 新增次日留存UV,0.0,0.0,0.0,0.0,0.0,0.0,0.0,0.0,0.0,
3.1.英国,英国 新增次日留存UV,67.0,86.571429,88.0,101.142857,103.285714,103.571429,121.142857,116.857143,-19.571429,-22.607261
3.1.英属维尔京群岛,英属维尔京群岛 新增次日留存UV,0.0,0.0,0.0,0.0,1.0,0.0,0.0,0.0,0.0,
3.1.荷兰,荷兰 新增次日留存UV,3.0,5.571429,3.428571,3.714286,4.142857,3.428571,2.857143,4.428571,-2.571429,-46.153846
3.1.荷兰加勒比,荷兰加勒比 新增次日留存UV,0.0,0.0,0.0,0.0,0.0,0.0,0.0,0.0,0.0,
3.1.荷属圣马丁,荷属圣马丁 新增次日留存UV,0.0,1.0,1.0,1.0,0.0,0.0,0.0,0.0,-1.0,-100.0
3.1.莫桑比克,莫桑比克 新增次日留存UV,0.0,0.0,0.0,0.0,0.0,0.0,0.0,0.0,0.0,
3.1.莱索托,莱索托 新增次日留存UV,0.0,0.0,0.0,0.0,0.0,0.0,0.0,0.0,0.0,
3.1.菲律宾,菲律宾 新增次日留存UV,0.857143,0.571429,0.714286,1.285714,0.833333,1.0,0.571429,1.142857,0.285714,50.0
3.1.萨尔瓦多,萨尔瓦多 新增次日留存UV,0.6,0.2,0.2,0.428571,0.166667,0.333333,0.333333,0.166667,0.4,200.0
3.1.萨摩亚,萨摩亚 新增次日留存UV,0.0,0.0,1.0,0.0,0.0,0.0,0.0,0.0,0.0,
3.1.葡萄牙,葡萄牙 新增次日留存UV,0.571429,1.142857,1.428571,1.0,1.142857,0.857143,1.571429,1.571429,-0.571429,-50.0
3.1.蒙古,蒙古 新增次日留存UV,0.0,0.0,1.0,0.5,0.0,0.0,0.0,0.0,0.0,
3.1.西班牙,西班牙 新增次日留存UV,62.142857,56.714286,60.428571,52.571429,29.857143,11.285714,20.142857,22.0,5.428571,9.571788
3.1.贝宁,贝宁 新增次日留存UV,0.0,1.0,0.0,0.0,0.0,0.0,0.0,0.5,-1.0,-100.0
3.1.赞比亚,赞比亚 新增次日留存UV,0.5,0.0,0.0,0.0,0.5,0.666667,0.0,0.0,0.5,
3.1.赤道几内亚,赤道几内亚 新增次日留存UV,0.0,0.0,0.0,0.0,0.0,0.0,0.0,0.0,0.0,
3.1.越南,越南 新增次日留存UV,0.5,0.2,0.333333,0.666667,0.285714,0.333333,0.666667,0.0,0.3,150.0
3.1.阿塞拜疆,阿塞拜疆 新增次日留存UV,0.0,0.0,0.5,0.333333,0.428571,0.428571,0.333333,0.25,0.0,
3.1.阿富汗,阿富汗 新增次日留存UV,0.0,1.0,0.0,0.166667,0.0,0.0,0.0,0.166667,-1.0,-100.0
3.1.阿尔及利亚,阿尔及利亚 新增次日留存UV,0.0,0.6,0.25,0.285714,0.5,0.428571,0.2,0.2,-0.6,-100.0
3.1.阿尔巴尼亚,阿尔巴尼亚 新增次日留存UV,0.571429,0.714286,0.428571,0.285714,0.714286,1.0,0.333333,0.714286,-0.142857,-20.0
3.1.阿曼,阿曼 新增次日留存UV,0.0,0.0,0.5,0.333333,0.5,0.333333,0.0,0.333333,0.0,
3.1.阿根廷,阿根廷 新增次日留存UV,1.428571,0.857143,0.285714,0.857143,0.857143,0.428571,1.142857,0.571429,0.571429,66.666667
3.1.阿联酋,阿联酋 新增次日留存UV,0.666667,0.285714,0.4,0.571429,0.714286,0.0,0.428571,1.142857,0.380952,133.333333
3.1.阿鲁巴,阿鲁巴 新增次日留存UV,0.333333,0.25,0.333333,0.333333,0.5,0.25,0.666667,0.5,0.083333,33.333333
3.1.韩国,韩国 新增次日留存UV,0.2,0.166667,0.333333,0.166667,0.0,0.166667,0.0,0.166667,0.033333,20.0
3.1.香港,香港 新增次日留存UV,1.571429,1.428571,1.428571,2.285714,18.857143,72.571429,10.857143,1.571429,0.142857,10.0
3.1.马尔代夫,马尔代夫 新增次日留存UV,0.0,0.5,1.0,0.0,0.0,0.0,0.0,0.5,-0.5,-100.0
3.1.马恩岛,马恩岛 新增次日留存UV,0.0,0.0,0.0,0.0,0.0,0.5,0.0,0.0,0.0,
3.1.马拉维,马拉维 新增次日留存UV,1.0,0.0,0.0,0.0,1.0,0.0,0.0,0.5,1.0,
3.1.马提尼克岛,马提尼克岛 新增次日留存UV,0.0,0.0,0.0,0.0,0.0,0.0,0.0,0.0,0.0,
3.1.马来西亚,马来西亚 新增次日留存UV,0.4,0.428571,0.2,0.0,0.0,0.285714,0.2,0.285714,-0.028571,-6.666667
3.1.马约特,马约特 新增次日留存UV,0.0,0.0,0.0,0.0,0.0,0.0,0.0,0.0,0.0,
3.1.马绍尔群岛,马绍尔群岛 新增次日留存UV,0.0,0.0,0.0,0.0,0.0,0.0,0.0,0.0,0.0,
3.1.马耳他,马耳他 新增次日留存UV,1.0,0.25,0.8,0.25,1.0,0.75,0.166667,0.0,0.75,300.0
3.1.马达加斯加,马达加斯加 新增次日留存UV,0.0,0.25,0.0,1.0,0.0,0.0,0.0,0.0,-0.25,-100.0
3.1.马里,马里 新增次日留存UV,0.0,0.333333,0.5,0.0,0.0,0.0,0.333333,0.0,-0.333333,-100.0
3.1.黎巴嫩,黎巴嫩 新增次日留存UV,0.0,0.0,0.5,0.2,0.666667,0.2,0.0,0.166667,0.0,
3.1.黑山,黑山 新增次日留存UV,0.714286,0.0,0.2,0.0,0.285714,0.6,0.0,0.333333,0.714286,
3.2,自然 新增次日留存UV,5032.714286,4902.428571,4478.857143,4223.571429,4269.142857,4728.0,4215.0,4181.428571,130.285714,2.657575
3.2.unknow,unknow 新增次日留存UV,0.25,0.0,0.0,0.0,0.166667,0.0,0.2,0.0,0.25,
3.2.不丹,不丹 新增次日留存UV,0.5,0.0,0.666667,0.0,0.0,0.0,0.0,0.0,0.5,
3.2.东帝汶,东帝汶 新增次日留存UV,0.0,0.25,0.0,0.5,0.0,0.0,0.0,0.0,-0.25,-100.0
3.2.中国,中国 新增次日留存UV,35.571429,60.714286,51.428571,6.857143,7.0,6.428571,9.571429,10.571429,-25.142857,-41.411765
3.2.中非,中非 新增次日留存UV,0.333333,0.5,0.333333,0.0,0.0,0.4,0.0,0.2,-0.166667,-33.333333
3.2.丹麦,丹麦 新增次日留存UV,5.428571,5.571429,7.428571,7.571429,7.0,3.285714,6.857143,5.285714,-0.142857,-2.564103
3.2.乌克兰,乌克兰 新增次日留存UV,143.142857,86.428571,86.285714,83.285714,85.142857,82.571429,114.428571,55.571429,56.714286,65.619835
3.2.乌兹别克斯坦,乌兹别克斯坦 新增次日留存UV,9.571429,5.857143,5.428571,6.0,7.714286,25.428571,4.857143,7.0,3.714286,63.414634
3.2.乌干达,乌干达 新增次日留存UV,3.714286,1.714286,2.285714,1.714286,3.428571,2.714286,2.857143,2.857143,2.0,116.666667
3.2.乌拉圭,乌拉圭 新增次日留存UV,3.0,2.571429,1.857143,2.428571,2.142857,2.0,1.857143,1.285714,0.428571,16.666667
3.2.乍得,乍得 新增次日留存UV,0.714286,0.0,0.2,0.285714,0.428571,0.0,0.5,0.0,0.714286,
3.2.也门,也门 新增次日留存UV,2.142857,0.714286,1.0,0.714286,1.285714,0.714286,0.571429,0.857143,1.428571,200.0
3.2.亚美尼亚,亚美尼亚 新增次日留存UV,9.571429,11.428571,14.857143,10.571429,11.571429,9.0,14.285714,38.571429,-1.857143,-16.25
3.2.以色列,以色列 新增次日留存UV,12.285714,12.428571,16.571429,18.714286,16.428571,16.857143,13.285714,13.857143,-0.142857,-1.149425
3.2.伊拉克,伊拉克 新增次日留存UV,20.428571,11.142857,9.714286,11.857143,14.0,9.714286,10.714286,11.142857,9.285714,83.333333
3.2.伊朗,伊朗 新增次日留存UV,76.571429,65.0,73.285714,79.571429,150.428571,279.142857,106.714286,97.714286,11.571429,17.802198
3.2.伯利兹,伯利兹 新增次日留存UV,0.2,0.6,0.142857,0.142857,0.285714,0.714286,0.285714,0.571429,-0.4,-66.666667
3.2.佛得角,佛得角 新增次日留存UV,0.428571,0.285714,1.0,0.714286,0.5,0.428571,0.166667,0.285714,0.142857,50.0
3.2.俄罗斯,俄罗斯 新增次日留存UV,401.571429,494.571429,329.857143,345.428571,334.428571,394.428571,357.571429,375.428571,-93.0,-18.804159
3.2.保加利亚,保加利亚 新增次日留存UV,16.571429,14.142857,11.857143,11.857143,10.857143,12.857143,10.0,10.142857,2.428571,17.171717
3.2.克罗地亚,克罗地亚 新增次日留存UV,14.714286,14.285714,14.285714,13.428571,11.285714,9.714286,8.285714,8.0,0.428571,3.0
3.2.关岛,关岛 新增次日留存UV,0.2,0.5,0.666667,0.0,0.5,0.0,0.0,0.6,-0.3,-60.0
3.2.冈比亚,冈比亚 新增次日留存UV,5.142857,3.428571,3.428571,2.0,3.285714,4.428571,5.714286,5.0,1.714286,50.0
3.2.冰岛,冰岛 新增次日留存UV,0.142857,0.714286,0.571429,0.571429,0.571429,0.142857,1.142857,0.428571,-0.571429,-80.0
3.2.几内亚,几内亚 新增次日留存UV,2.0,1.714286,1.285714,3.428571,2.857143,2.714286,2.0,2.571429,0.285714,16.666667
3.2.几内亚比绍,几内亚比绍 新增次日留存UV,0.4,0.4,0.5,0.0,0.6,0.4,0.5,0.142857,0.0,0.0
3.2.列支敦士登,列支敦士登 新增次日留存UV,0.0,0.0,1.0,0.0,0.333333,0.5,0.0,0.0,0.0,
3.2.刚果共和国,刚果共和国 新增次日留存UV,0.428571,1.428571,1.0,1.0,0.857143,0.857143,1.0,0.571429,-1.0,-70.0
3.2.刚果民主共和国,刚果民主共和国 新增次日留存UV,3.571429,3.714286,4.0,3.428571,3.142857,3.0,1.714286,3.0,-0.142857,-3.846154
3.2.利比亚,利比亚 新增次日留存UV,3.142857,1.714286,1.142857,2.0,0.857143,1.428571,1.0,1.857143,1.428571,83.333333
3.2.利比里亚,利比里亚 新增次日留存UV,6.0,6.142857,5.0,5.285714,3.428571,7.0,6.428571,3.571429,-0.142857,-2.325581
3.2.加拿大,加拿大 新增次日留存UV,65.142857,63.0,65.285714,64.571429,59.714286,69.714286,61.0,55.428571,2.142857,3.401361
3.2.加纳,加纳 新增次日留存UV,29.142857,27.285714,25.0,23.142857,29.142857,35.285714,42.857143,44.285714,1.857143,6.806283
3.2.加蓬,加蓬 新增次日留存UV,0.0,0.2,0.0,0.0,0.5,0.0,0.4,0.25,-0.2,-100.0
3.2.匈牙利,匈牙利 新增次日留存UV,7.857143,9.142857,7.857143,9.857143,7.571429,8.428571,6.857143,6.285714,-1.285714,-14.0625
3.2.北马其顿,北马其顿 新增次日留存UV,6.142857,6.857143,5.285714,4.857143,2.571429,4.857143,5.142857,5.285714,-0.714286,-10.416667
3.2.北马里亚纳群岛,北马里亚纳群岛 新增次日留存UV,0.0,0.0,0.0,0.0,0.0,0.0,0.0,0.0,0.0,
3.2.南苏丹,南苏丹 新增次日留存UV,8.571429,4.857143,4.714286,5.0,6.428571,7.428571,4.857143,7.0,3.714286,76.470588
3.2.南非,南非 新增次日留存UV,23.142857,16.142857,13.0,20.428571,19.0,21.571429,15.857143,16.857143,7.0,43.362832
3.2.博茨瓦纳,博茨瓦纳 新增次日留存UV,0.285714,0.666667,0.2,0.333333,0.714286,0.5,0.166667,0.142857,-0.380952,-57.142857
3.2.卡塔尔,卡塔尔 新增次日留存UV,2.285714,0.142857,2.428571,1.428571,2.0,2.142857,1.857143,1.285714,2.142857,1500.0
3.2.卢旺达,卢旺达 新增次日留存UV,1.714286,1.714286,1.285714,1.714286,2.0,1.0,1.0,0.857143,0.0,0.0
3.2.卢森堡,卢森堡 新增次日留存UV,1.428571,0.714286,1.428571,1.285714,1.0,0.714286,0.857143,1.0,0.714286,100.0
3.2.印度,印度 新增次日留存UV,29.714286,60.428571,17.857143,19.0,17.285714,19.571429,16.428571,13.285714,-30.714286,-50.827423
3.2.印度尼西亚,印度尼西亚 新增次日留存UV,20.571429,17.142857,18.714286,23.428571,27.571429,26.857143,22.857143,19.714286,3.428571,20.0
3.2.危地马拉,危地马拉 新增次日留存UV,6.285714,6.714286,8.285714,3.142857,3.142857,5.285714,3.714286,2.428571,-0.428571,-6.382979
3.2.厄瓜多尔,厄瓜多尔 新增次日留存UV,11.142857,13.714286,9.285714,9.0,7.857143,7.714286,8.428571,7.285714,-2.571429,-18.75
3.2.叙利亚,叙利亚 新增次日留存UV,4.142857,4.428571,3.285714,4.857143,4.142857,5.428571,3.714286,4.285714,-0.285714,-6.451613
3.2.古巴,古巴 新增次日留存UV,2.0,0.666667,1.285714,0.857143,0.5,0.428571,0.285714,0.75,1.333333,200.0
3.2.台湾,台湾 新增次日留存UV,1.857143,2.142857,1.142857,1.714286,1.142857,1.142857,1.571429,1.142857,-0.285714,-13.333333
3.2.吉尔吉斯斯坦,吉尔吉斯斯坦 新增次日留存UV,5.571429,7.142857,6.0,6.142857,6.857143,11.857143,8.428571,7.0,-1.571429,-22.0
3.2.吉布提,吉布提 新增次日留存UV,0.25,0.0,0.0,0.0,0.0,0.0,0.0,0.0,0.25,
3.2.哈萨克斯坦,哈萨克斯坦 新增次日留存UV,32.142857,35.857143,30.428571,33.142857,45.285714,81.428571,48.571429,32.857143,-3.714286,-10.358566
3.2.哥伦比亚,哥伦比亚 新增次日留存UV,45.285714,40.428571,43.142857,42.714286,34.714286,39.571429,33.285714,37.285714,4.857143,12.014134
3.2.哥斯达黎加,哥斯达黎加 新增次日留存UV,4.714286,3.285714,4.571429,4.428571,4.714286,2.714286,3.0,2.714286,1.428571,43.478261
3.2.喀麦隆,喀麦隆 新增次日留存UV,4.857143,4.285714,2.857143,4.0,5.285714,4.142857,3.571429,4.571429,0.571429,13.333333
3.2.图瓦卢,图瓦卢 新增次日留存UV,0.0,0.0,0.0,0.0,0.0,0.0,0.0,0.0,0.0,
3.2.土库曼斯坦,土库曼斯坦 新增次日留存UV,0.857143,0.4,0.666667,0.4,0.0,0.25,0.5,0.5,0.457143,114.285714
3.2.土耳其,土耳其 新增次日留存UV,185.0,223.857143,122.571429,119.285714,107.428571,104.428571,93.857143,97.0,-38.857143,-17.358009
3.2.圣卢西亚,圣卢西亚 新增次日留存UV,0.5,1.0,0.857143,0.333333,0.571429,0.5,0.166667,0.0,-0.5,-50.0
3.2.圣基茨和尼维斯,圣基茨和尼维斯 新增次日留存UV,0.0,0.0,0.0,0.333333,0.285714,0.4,0.4,0.0,0.0,
3.2.圣多美和普林西比,圣多美和普林西比 新增次日留存UV,1.0,0.0,0.0,0.5,0.0,0.0,0.0,0.0,1.0,
3.2.圣巴泰勒米岛,圣巴泰勒米岛 新增次日留存UV,0.0,0.0,1.0,0.5,0.0,0.0,0.0,0.0,0.0,
3.2.圣文森特和格林纳丁斯,圣文森特和格林纳丁斯 新增次日留存UV,0.0,0.5,0.333333,0.333333,0.25,0.25,0.5,0.0,-0.5,-100.0
3.2.圣皮埃尔和密克隆群岛,圣皮埃尔和密克隆群岛 新增次日留存UV,0.0,1.0,0.0,0.0,0.0,0.0,0.0,0.0,-1.0,-100.0
3.2.圣马力诺,圣马力诺 新增次日留存UV,0.0,0.0,0.0,0.0,0.0,0.0,0.0,0.0,0.0,
3.2.圭亚那,圭亚那 新增次日留存UV,1.142857,0.142857,0.285714,0.857143,0.571429,0.571429,0.285714,1.0,1.0,700.0
3.2.坦桑尼亚,坦桑尼亚 新增次日留存UV,3.428571,3.428571,4.571429,3.857143,4.571429,3.857143,5.285714,3.857143,0.0,0.0
3.2.埃及,埃及 新增次日留存UV,37.428571,28.857143,33.142857,26.428571,24.285714,21.714286,24.142857,23.0,8.571429,29.70297
3.2.埃塞俄比亚,埃塞俄比亚 新增次日留存UV,2.142857,3.0,1.857143,3.142857,3.285714,2.428571,2.0,2.857143,-0.857143,-28.571429
3.2.基里巴斯,基里巴斯 新增次日留存UV,0.0,0.0,0.0,0.0,0.0,0.0,0.0,0.0,0.0,
3.2.塔吉克斯坦,塔吉克斯坦 新增次日留存UV,2.285714,1.142857,1.285714,1.285714,0.571429,0.571429,1.333333,0.857143,1.142857,100.0
3.2.塞内加尔,塞内加尔 新增次日留存UV,14.285714,12.571429,8.0,12.857143,8.714286,8.857143,8.142857,13.571429,1.714286,13.636364
3.2.塞尔维亚,塞尔维亚 新增次日留存UV,24.428571,24.428571,25.285714,20.142857,18.428571,21.571429,13.428571,18.571429,0.0,0.0
3.2.塞拉利昂,塞拉利昂 新增次日留存UV,1.285714,1.428571,2.0,1.714286,2.285714,1.142857,2.0,2.857143,-0.142857,-10.0
3.2.塞浦路斯,塞浦路斯 新增次日留存UV,3.428571,3.714286,3.571429,4.285714,3.857143,2.428571,5.0,4.142857,-0.285714,-7.692308
3.2.塞舌尔,塞舌尔 新增次日留存UV,0.285714,0.428571,0.571429,0.0,1.0,0.0,0.285714,1.0,-0.142857,-33.333333
3.2.墨西哥,墨西哥 新增次日留存UV,122.857143,124.857143,158.714286,112.428571,84.0,80.285714,66.857143,62.714286,-2.0,-1.601831
3.2.多哥,多哥 新增次日留存UV,1.571429,0.714286,1.0,1.285714,2.0,1.857143,1.142857,1.428571,0.857143,120.0
3.2.多米尼克,多米尼克 新增次日留存UV,0.0,0.0,0.5,2.0,0.0,0.5,0.5,0.0,0.0,
3.2.多米尼加,多米尼加 新增次日留存UV,11.571429,8.428571,9.714286,6.142857,9.857143,6.142857,7.571429,9.285714,3.142857,37.288136
3.2.奥兰群岛,奥兰群岛 新增次日留存UV,0.0,0.0,0.0,0.0,0.0,0.0,0.0,0.0,0.0,
3.2.奥地利,奥地利 新增次日留存UV,13.714286,13.0,11.428571,14.0,11.714286,12.714286,10.142857,12.714286,0.714286,5.494505
3.2.委内瑞拉,委内瑞拉 新增次日留存UV,23.428571,18.428571,17.857143,13.142857,12.571429,9.142857,5.857143,11.0,5.0,27.131783
3.2.孟加拉,孟加拉 新增次日留存UV,95.571429,72.571429,64.571429,65.428571,67.285714,67.571429,64.285714,76.857143,23.0,31.692913
3.2.安哥拉,安哥拉 新增次日留存UV,3.142857,2.142857,1.714286,2.571429,3.0,3.428571,2.142857,2.714286,1.0,46.666667
3.2.安圭拉,安圭拉 新增次日留存UV,0.0,0.333333,0.333333,0.0,0.0,0.0,0.0,0.0,-0.333333,-100.0
3.2.安提瓜和巴布达,安提瓜和巴布达 新增次日留存UV,0.428571,0.571429,0.2,0.2,0.5,0.75,0.4,0.0,-0.142857,-25.0
3.2.安道尔,安道尔 新增次日留存UV,1.0,0.333333,0.25,0.0,0.2,0.0,0.0,0.0,0.666667,200.0
3.2.密克罗尼西亚联邦,密克罗尼西亚联邦 新增次日留存UV,0.0,1.0,0.0,0.0,0.0,0.0,0.0,0.0,-1.0,-100.0
3.2.尼加拉瓜,尼加拉瓜 新增次日留存UV,5.0,5.285714,6.285714,2.857143,3.428571,2.142857,3.285714,2.0,-0.285714,-5.405405
3.2.尼日利亚,尼日利亚 新增次日留存UV,169.285714,122.571429,117.571429,120.714286,131.857143,147.857143,163.857143,161.428571,46.714286,38.111888
3.2.尼日尔,尼日尔 新增次日留存UV,1.571429,0.857143,0.857143,1.428571,2.0,1.285714,1.571429,0.833333,0.714286,83.333333
3.2.尼泊尔,尼泊尔 新增次日留存UV,7.0,4.0,6.0,3.0,3.428571,3.857143,3.571429,2.857143,3.0,75.0
3.2.巴勒斯坦,巴勒斯坦 新增次日留存UV,3.857143,1.714286,3.0,3.0,2.142857,1.428571,2.0,1.857143,2.142857,125.0
3.2.巴哈马,巴哈马 新增次日留存UV,0.857143,0.714286,0.857143,0.714286,1.571429,1.571429,1.142857,1.285714,0.142857,20.0
3.2.巴基斯坦,巴基斯坦 新增次日留存UV,59.0,46.285714,40.571429,52.857143,55.714286,44.714286,53.0,37.142857,12.714286,27.469136
3.2.巴巴多斯,巴巴多斯 新增次日留存UV,1.142857,0.857143,0.333333,0.428571,1.166667,0.833333,0.5,0.0,0.285714,33.333333
3.2.巴布亚新几内亚,巴布亚新几内亚 新增次日留存UV,1.4,0.4,0.25,0.833333,0.285714,0.0,0.666667,0.75,1.0,250.0
3.2.巴拉圭,巴拉圭 新增次日留存UV,5.571429,5.428571,5.428571,4.714286,3.714286,5.428571,3.714286,4.857143,0.142857,2.631579
3.2.巴拿马,巴拿马 新增次日留存UV,4.285714,4.285714,3.571429,3.571429,2.857143,1.714286,2.285714,2.0,0.0,0.0
3.2.巴林,巴林 新增次日留存UV,1.5,1.0,0.285714,0.571429,1.142857,0.857143,0.714286,1.142857,0.5,50.0
3.2.巴西,巴西 新增次日留存UV,1119.285714,1125.285714,1128.142857,1024.857143,1048.142857,1041.142857,1137.714286,1135.285714,-6.0,-0.533198
3.2.布基纳法索,布基纳法索 新增次日留存UV,12.0,6.142857,7.285714,7.714286,7.0,7.571429,7.857143,7.571429,5.857143,95.348837
3.2.布隆迪,布隆迪 新增次日留存UV,1.0,1.142857,1.25,0.166667,1.0,0.142857,0.6,0.714286,-0.142857,-12.5
3.2.希腊,希腊 新增次日留存UV,38.428571,36.714286,36.0,32.285714,33.714286,33.285714,30.285714,30.285714,1.714286,4.669261
3.2.帕劳,帕劳 新增次日留存UV,0.0,0.0,0.0,1.0,0.0,0.0,0.0,0.0,0.0,
3.2.库克群岛,库克群岛 新增次日留存UV,0.0,0.0,0.0,0.0,0.0,0.0,0.0,0.5,0.0,
3.2.库拉索,库拉索 新增次日留存UV,0.428571,0.8,0.428571,0.8,0.6,0.857143,0.4,0.428571,-0.371429,-46.428571
3.2.开曼群岛,开曼群岛 新增次日留存UV,0.5,0.5,0.5,0.333333,0.4,0.5,0.8,0.166667,0.0,0.0
3.2.德国,德国 新增次日留存UV,204.428571,247.428571,199.0,187.857143,226.285714,342.857143,187.428571,194.714286,-43.0,-17.378753
3.2.意大利,意大利 新增次日留存UV,77.714286,68.285714,81.142857,75.0,73.857143,66.857143,60.0,67.857143,9.428571,13.807531
3.2.所罗门群岛,所罗门群岛 新增次日留存UV,0.6,1.0,0.0,0.5,0.333333,0.0,1.0,1.0,-0.4,-40.0
3.2.拉脱维亚,拉脱维亚 新增次日留存UV,14.0,18.0,11.714286,11.714286,12.857143,11.142857,12.428571,9.0,-4.0,-22.222222
3.2.挪威,挪威 新增次日留存UV,9.285714,11.0,8.142857,6.285714,5.142857,5.571429,6.285714,14.428571,-1.714286,-15.584416
3.2.捷克,捷克 新增次日留存UV,10.285714,12.142857,9.142857,9.571429,11.0,10.714286,8.142857,7.857143,-1.857143,-15.294118
3.2.摩尔多瓦,摩尔多瓦 新增次日留存UV,6.142857,7.428571,5.285714,7.428571,5.285714,5.714286,6.714286,3.142857,-1.285714,-17.307692
3.2.摩洛哥,摩洛哥 新增次日留存UV,22.714286,15.857143,21.142857,14.571429,11.571429,10.857143,9.857143,9.857143,6.857143,43.243243
3.2.摩纳哥,摩纳哥 新增次日留存UV,0.333333,0.0,0.0,1.0,0.5,0.0,0.4,0.5,0.333333,
3.2.文莱,文莱 新增次日留存UV,0.25,0.25,0.4,0.0,0.2,0.8,0.75,0.333333,0.0,0.0
3.2.斐济,斐济 新增次日留存UV,0.714286,0.166667,0.5,0.666667,0.285714,0.0,0.0,0.6,0.547619,328.571429
3.2.斯威士兰,斯威士兰 新增次日留存UV,0.333333,0.4,0.0,1.0,0.666667,0.0,0.0,0.333333,-0.066667,-16.666667
3.2.斯洛伐克,斯洛伐克 新增次日留存UV,4.428571,3.714286,4.142857,3.571429,3.714286,3.142857,3.285714,3.857143,0.714286,19.230769
3.2.斯洛文尼亚,斯洛文尼亚 新增次日留存UV,2.142857,1.571429,2.428571,2.0,1.857143,2.857143,2.142857,1.714286,0.571429,36.363636
3.2.斯里兰卡,斯里兰卡 新增次日留存UV,5.0,2.285714,1.428571,3.571429,2.285714,2.571429,2.428571,2.0,2.714286,118.75
3.2.新加坡,新加坡 新增次日留存UV,8.428571,9.0,7.0,7.285714,8.428571,6.0,7.714286,8.428571,-0.571429,-6.349206
3.2.新喀里多尼亚,新喀里多尼亚 新增次日留存UV,0.0,0.0,0.0,0.5,0.333333,0.0,0.0,0.0,0.0,
3.2.新西兰,新西兰 新增次日留存UV,4.285714,3.857143,3.714286,3.142857,4.428571,2.142857,5.142857,2.142857,0.428571,11.111111
3.2.日本,日本 新增次日留存UV,8.285714,7.142857,5.285714,7.142857,7.285714,5.571429,6.428571,9.428571,1.142857,16.0
3.2.智利,智利 新增次日留存UV,12.571429,11.857143,8.714286,11.428571,8.714286,10.142857,9.285714,8.714286,0.714286,6.024096
3.2.柬埔寨,柬埔寨 新增次日留存UV,2.714286,1.857143,1.714286,1.142857,1.285714,1.428571,2.0,3.0,0.857143,46.153846
3.2.根西岛,根西岛 新增次日留存UV,0.5,0.25,0.0,0.333333,0.333333,0.0,0.0,0.25,0.25,100.0
3.2.格林纳达,格林纳达 新增次日留存UV,1.0,0.333333,0.0,0.25,0.6,0.666667,0.25,0.0,0.666667,200.0
3.2.格陵兰,格陵兰 新增次日留存UV,0.0,0.5,0.0,0.0,0.0,0.0,1.0,0.0,-0.5,-100.0
3.2.格鲁吉亚,格鲁吉亚 新增次日留存UV,12.714286,15.428571,14.285714,13.428571,11.714286,11.857143,10.714286,12.285714,-2.714286,-17.592593
3.2.比利时,比利时 新增次日留存UV,15.142857,14.285714,14.571429,8.285714,10.571429,11.142857,9.142857,8.142857,0.857143,6.0
3.2.毛里塔尼亚,毛里塔尼亚 新增次日留存UV,1.142857,0.0,0.5,0.428571,0.714286,0.166667,1.142857,1.0,1.142857,
3.2.毛里求斯,毛里求斯 新增次日留存UV,0.857143,0.571429,1.428571,1.285714,0.571429,1.714286,0.428571,0.428571,0.285714,50.0
3.2.汤加,汤加 新增次日留存UV,0.0,0.0,0.0,0.0,0.0,0.0,1.0,0.0,0.0,
3.2.沙特阿拉伯,沙特阿拉伯 新增次日留存UV,16.142857,14.0,11.285714,11.571429,8.714286,12.142857,10.571429,11.285714,2.142857,15.306122
3.2.法国,法国 新增次日留存UV,111.142857,106.714286,89.285714,54.571429,64.142857,65.428571,48.714286,52.857143,4.428571,4.149933
3.2.法属圣马丁,法属圣马丁 新增次日留存UV,0.0,0.0,0.0,0.0,1.0,0.0,0.0,0.0,0.0,
3.2.法属圭亚那,法属圭亚那 新增次日留存UV,0.5,0.25,0.0,0.25,0.0,0.0,0.0,1.0,0.25,100.0
3.2.法属波利尼西亚,法属波利尼西亚 新增次日留存UV,0.4,0.0,0.285714,0.666667,0.4,0.25,0.666667,0.2,0.4,
3.2.法罗群岛,法罗群岛 新增次日留存UV,0.0,0.333333,0.0,0.0,0.0,0.0,0.0,0.0,-0.333333,-100.0
3.2.波兰,波兰 新增次日留存UV,50.857143,43.0,38.142857,35.714286,34.0,38.857143,32.285714,35.714286,7.857143,18.272425
3.2.波多黎各,波多黎各 新增次日留存UV,4.428571,4.714286,3.571429,3.714286,4.714286,4.571429,3.142857,4.428571,-0.285714,-6.060606
3.2.波黑,波黑 新增次日留存UV,9.142857,8.857143,9.428571,9.0,5.714286,5.714286,6.0,6.571429,0.285714,3.225806
3.2.泰国,泰国 新增次日留存UV,9.571429,8.857143,7.714286,8.571429,7.0,9.714286,6.428571,4.428571,0.714286,8.064516
3.2.泽西岛,泽西岛 新增次日留存UV,0.0,0.0,0.0,0.333333,0.0,0.0,0.0,0.0,0.0,
3.2.津巴布韦,津巴布韦 新增次日留存UV,2.0,0.571429,1.285714,0.857143,1.0,1.142857,1.0,0.571429,1.428571,250.0
3.2.洪都拉斯,洪都拉斯 新增次日留存UV,8.285714,8.571429,12.857143,3.428571,3.714286,4.714286,4.285714,2.428571,-0.285714,-3.333333
3.2.海地,海地 新增次日留存UV,6.0,4.0,4.285714,3.571429,5.142857,4.0,3.428571,3.571429,2.0,50.0
3.2.澳大利亚,澳大利亚 新增次日留存UV,38.571429,39.285714,38.571429,40.857143,40.571429,40.285714,34.857143,35.714286,-0.714286,-1.818182
3.2.澳门,澳门 新增次日留存UV,0.5,1.0,0.285714,0.25,0.6,0.0,1.0,0.0,-0.5,-50.0
3.2.爱尔兰,爱尔兰 新增次日留存UV,13.285714,11.0,12.142857,13.0,15.428571,16.571429,12.428571,14.857143,2.285714,20.779221
3.2.爱沙尼亚,爱沙尼亚 新增次日留存UV,10.428571,12.571429,8.285714,12.142857,7.142857,8.0,7.285714,7.857143,-2.142857,-17.045455
3.2.牙买加,牙买加 新增次日留存UV,6.285714,5.285714,4.571429,4.714286,5.142857,5.0,4.285714,3.571429,1.0,18.918919
3.2.特克斯和凯科斯群岛,特克斯和凯科斯群岛 新增次日留存UV,0.428571,0.0,0.285714,1.0,0.6,0.6,0.5,0.0,0.428571,
3.2.特立尼达和多巴哥,特立尼达和多巴哥 新增次日留存UV,1.571429,0.428571,1.0,1.142857,1.142857,1.714286,1.285714,0.714286,1.142857,266.666667
3.2.玻利维亚,玻利维亚 新增次日留存UV,7.142857,6.0,6.0,4.714286,5.714286,5.428571,4.0,2.571429,1.142857,19.047619
3.2.瑞典,瑞典 新增次日留存UV,32.714286,41.571429,27.857143,28.0,22.571429,27.0,28.571429,31.857143,-8.857143,-21.305842
3.2.瑞士,瑞士 新增次日留存UV,16.0,21.285714,11.428571,13.0,14.0,16.428571,12.285714,10.857143,-5.285714,-24.832215
3.2.瓜德罗普,瓜德罗普 新增次日留存UV,0.25,0.5,0.333333,0.0,0.25,0.5,0.0,0.0,-0.25,-50.0
3.2.瓦利斯和富图纳群岛,瓦利斯和富图纳群岛 新增次日留存UV,0.0,0.0,0.0,0.0,0.0,0.0,0.0,0.0,0.0,
3.2.瓦努阿图,瓦努阿图 新增次日留存UV,0.0,0.0,0.5,1.0,0.333333,0.0,1.5,1.0,0.0,
3.2.留尼汪岛,留尼汪岛 新增次日留存UV,2.2,0.857143,0.714286,0.333333,0.333333,0.166667,0.142857,0.2,1.342857,156.666667
3.2.白俄罗斯,白俄罗斯 新增次日留存UV,30.571429,26.714286,19.428571,21.142857,22.285714,27.571429,29.0,14.428571,3.857143,14.438503
3.2.百慕大,百慕大 新增次日留存UV,0.0,0.142857,0.6,0.5,1.0,0.0,0.0,0.4,-0.142857,-100.0
3.2.直布罗陀,直布罗陀 新增次日留存UV,0.333333,0.666667,0.333333,0.666667,0.666667,0.666667,0.25,0.0,-0.333333,-50.0
3.2.福克兰群岛,福克兰群岛 新增次日留存UV,0.0,0.0,0.0,0.0,0.0,0.0,0.0,0.0,0.0,
3.2.科威特,科威特 新增次日留存UV,2.142857,2.857143,2.285714,1.714286,1.857143,1.142857,2.428571,2.714286,-0.714286,-25.0
3.2.科摩罗,科摩罗 新增次日留存UV,0.2,0.0,0.0,0.0,0.333333,0.5,0.0,0.333333,0.2,
3.2.科特迪瓦,科特迪瓦 新增次日留存UV,14.142857,10.714286,6.857143,9.285714,8.857143,8.571429,6.285714,7.714286,3.428571,32.0
3.2.科索沃,科索沃 新增次日留存UV,2.714286,3.571429,2.285714,2.285714,2.142857,3.428571,1.285714,1.857143,-0.857143,-24.0
3.2.秘鲁,秘鲁 新增次日留存UV,19.714286,20.428571,24.714286,16.142857,14.0,16.571429,14.857143,11.428571,-0.714286,-3.496503
3.2.突尼斯,突尼斯 新增次日留存UV,12.142857,7.571429,8.0,6.714286,7.285714,5.0,5.0,5.571429,4.571429,60.377358
3.2.立陶宛,立陶宛 新增次日留存UV,9.714286,12.428571,7.142857,11.0,8.714286,8.0,9.857143,11.142857,-2.714286,-21.83908
3.2.索马里,索马里 新增次日留存UV,3.714286,2.0,1.0,2.142857,2.571429,1.714286,2.0,2.285714,1.714286,85.714286
3.2.约旦,约旦 新增次日留存UV,6.0,5.0,4.428571,6.0,3.285714,4.0,4.0,3.428571,1.0,20.0
3.2.纳米比亚,纳米比亚 新增次日留存UV,0.857143,0.285714,0.4,0.428571,0.714286,1.0,0.571429,0.0,0.571429,200.0
3.2.缅甸,缅甸 新增次日留存UV,3.428571,2.714286,2.142857,2.0,3.285714,2.285714,1.857143,1.857143,0.714286,26.315789
3.2.罗马尼亚,罗马尼亚 新增次日留存UV,21.285714,21.142857,21.714286,19.571429,19.0,18.428571,17.714286,18.714286,0.142857,0.675676
3.2.美国,美国 新增次日留存UV,605.857143,582.857143,570.0,557.0,602.142857,828.0,547.714286,516.142857,23.0,3.946078
3.2.美属维尔京群岛,美属维尔京群岛 新增次日留存UV,0.166667,0.333333,0.0,0.0,0.333333,0.142857,1.0,0.0,-0.166667,-50.0
3.2.美属萨摩亚,美属萨摩亚 新增次日留存UV,1.0,0.0,0.0,0.0,0.0,0.0,0.0,0.0,1.0,
3.2.老挝,老挝 新增次日留存UV,0.285714,0.0,0.6,0.0,0.166667,0.166667,0.75,0.0,0.285714,
3.2.肯尼亚,肯尼亚 新增次日留存UV,9.571429,7.0,6.142857,7.0,5.285714,7.142857,5.714286,7.571429,2.571429,36.734694
3.2.芬兰,芬兰 新增次日留存UV,32.0,34.0,19.714286,21.857143,26.571429,25.285714,23.571429,26.571429,-2.0,-5.882353
3.2.苏丹,苏丹 新增次日留存UV,2.571429,0.428571,0.142857,1.0,1.285714,1.142857,0.428571,0.571429,2.142857,500.0
3.2.苏里南,苏里南 新增次日留存UV,1.0,0.285714,0.285714,0.333333,0.0,0.428571,0.571429,0.25,0.714286,250.0
3.2.英国,英国 新增次日留存UV,238.428571,211.857143,196.285714,195.857143,197.571429,216.428571,184.142857,180.571429,26.571429,12.542144
3.2.英属维尔京群岛,英属维尔京群岛 新增次日留存UV,0.5,0.0,0.5,1.0,0.333333,0.0,0.0,0.5,0.5,
3.2.荷兰,荷兰 新增次日留存UV,141.571429,196.142857,126.285714,138.714286,117.714286,115.0,123.428571,151.142857,-54.571429,-27.822287
3.2.荷兰加勒比,荷兰加勒比 新增次日留存UV,0.0,0.0,1.0,0.0,0.0,0.333333,0.0,0.333333,0.0,
3.2.荷属圣马丁,荷属圣马丁 新增次日留存UV,0.5,1.25,0.6,0.8,0.333333,0.6,1.0,1.0,-0.75,-60.0
3.2.莫桑比克,莫桑比克 新增次日留存UV,6.428571,7.428571,5.285714,6.142857,7.285714,5.428571,6.714286,7.142857,-1.0,-13.461538
3.2.莱索托,莱索托 新增次日留存UV,0.0,1.0,1.0,0.6,0.333333,0.5,0.0,0.5,-1.0,-100.0
3.2.菲律宾,菲律宾 新增次日留存UV,47.142857,38.857143,44.571429,46.285714,40.142857,46.0,46.142857,55.142857,8.285714,21.323529
3.2.萨尔瓦多,萨尔瓦多 新增次日留存UV,6.285714,5.142857,4.0,4.0,1.714286,2.285714,3.285714,1.714286,1.142857,22.222222
3.2.萨摩亚,萨摩亚 新增次日留存UV,0.5,0.0,1.0,0.0,0.0,0.0,1.0,0.0,0.5,
3.2.葡萄牙,葡萄牙 新增次日留存UV,35.142857,42.571429,34.285714,30.857143,26.142857,27.714286,24.142857,29.571429,-7.428571,-17.449664
3.2.蒙古,蒙古 新增次日留存UV,0.142857,0.428571,0.428571,0.857143,1.0,1.285714,0.571429,1.0,-0.285714,-66.666667
3.2.西班牙,西班牙 新增次日留存UV,98.0,84.0,89.571429,88.714286,70.142857,63.285714,64.428571,63.857143,14.0,16.666667
3.2.贝宁,贝宁 新增次日留存UV,4.285714,2.714286,2.857143,4.428571,3.571429,5.285714,5.857143,5.142857,1.571429,57.894737
3.2.赞比亚,赞比亚 新增次日留存UV,2.571429,1.428571,0.857143,1.428571,1.857143,1.0,1.428571,2.428571,1.142857,80.0
3.2.赤道几内亚,赤道几内亚 新增次日留存UV,0.2,0.0,0.6,0.0,0.5,0.0,0.25,0.0,0.2,
3.2.越南,越南 新增次日留存UV,9.714286,11.285714,9.0,8.714286,9.571429,7.285714,7.0,8.142857,-1.571429,-13.924051
3.2.阿塞拜疆,阿塞拜疆 新增次日留存UV,20.571429,23.142857,15.571429,15.142857,8.285714,7.428571,6.0,7.571429,-2.571429,-11.111111
3.2.阿富汗,阿富汗 新增次日留存UV,2.0,1.571429,2.142857,1.571429,1.428571,2.428571,2.0,2.857143,0.428571,27.272727
3.2.阿尔及利亚,阿尔及利亚 新增次日留存UV,14.428571,6.0,8.714286,4.428571,7.0,5.0,4.571429,6.285714,8.428571,140.47619
3.2.阿尔巴尼亚,阿尔巴尼亚 新增次日留存UV,18.428571,20.714286,14.714286,12.571429,12.571429,18.428571,14.571429,13.428571,-2.285714,-11.034483
3.2.阿曼,阿曼 新增次日留存UV,2.714286,1.714286,2.0,2.285714,1.285714,1.571429,2.0,0.714286,1.0,58.333333
3.2.阿根廷,阿根廷 新增次日留存UV,25.571429,27.285714,24.571429,20.142857,21.285714,17.571429,15.571429,19.285714,-1.714286,-6.282723
3.2.阿联酋,阿联酋 新增次日留存UV,13.142857,11.285714,9.428571,10.428571,12.571429,11.0,8.428571,9.0,1.857143,16.455696
3.2.阿鲁巴,阿鲁巴 新增次日留存UV,1.571429,0.714286,1.0,0.857143,1.0,1.0,0.285714,1.142857,0.857143,120.0
3.2.韩国,韩国 新增次日留存UV,4.428571,2.285714,2.571429,3.857143,2.857143,3.714286,2.857143,3.571429,2.142857,93.75
3.2.香港,香港 新增次日留存UV,16.571429,25.285714,12.428571,17.142857,23.571429,44.285714,20.714286,12.142857,-8.714286,-34.463277
3.2.马尔代夫,马尔代夫 新增次日留存UV,1.571429,2.571429,2.571429,1.857143,0.857143,1.142857,0.142857,1.428571,-1.0,-38.888889
3.2.马恩岛,马恩岛 新增次日留存UV,0.25,0.0,0.0,0.2,0.0,0.6,0.0,0.2,0.25,
3.2.马拉维,马拉维 新增次日留存UV,1.428571,1.857143,2.0,1.0,2.285714,1.2,1.714286,2.0,-0.428571,-23.076923
3.2.马提尼克岛,马提尼克岛 新增次日留存UV,0.0,0.4,0.0,0.333333,0.5,0.0,0.75,0.0,-0.4,-100.0
3.2.马来西亚,马来西亚 新增次日留存UV,7.0,8.714286,7.428571,6.285714,6.857143,7.0,7.285714,7.571429,-1.714286,-19.672131
3.2.马约特,马约特 新增次日留存UV,0.0,0.0,0.0,0.0,0.0,0.0,0.0,0.0,0.0,
3.2.马绍尔群岛,马绍尔群岛 新增次日留存UV,0.0,0.0,0.0,0.0,0.0,0.0,0.0,0.0,0.0,
3.2.马耳他,马耳他 新增次日留存UV,3.142857,2.428571,1.428571,2.714286,2.857143,2.142857,3.285714,1.0,0.714286,29.411765
3.2.马达加斯加,马达加斯加 新增次日留存UV,2.571429,3.428571,3.857143,3.142857,2.142857,3.857143,2.714286,2.857143,-0.857143,-25.0
3.2.马里,马里 新增次日留存UV,10.857143,10.285714,8.571429,12.428571,11.857143,8.285714,10.142857,8.285714,0.571429,5.555556
3.2.黎巴嫩,黎巴嫩 新增次日留存UV,11.571429,7.0,7.285714,7.571429,6.285714,6.285714,5.142857,6.285714,4.571429,65.306122
3.2.黑山,黑山 新增次日留存UV,8.0,8.142857,7.0,5.428571,4.714286,5.285714,4.285714,3.571429,-0.142857,-1.754386
