月份,市场,平台,渠道/自然,功能,进入人数,打勾人数,活跃人数,打勾渗透率,进入渗透率,进入排名,打勾排名
2026-01,墨西哥,Android,Organic,AI Expand,13.774193548387096,6.419354838709677,439.51612903225805,0.020010953734946723,0.04129977918953019,20,17
2026-01,墨西哥,Android,Organic,AI Image,23.838709677419356,3.4516129032258065,439.51612903225805,0.012187212857520995,0.07511319849249132,8,20
2026-01,墨西哥,Android,Organic,AI Repair,16.70967741935484,8.387096774193548,439.51612903225805,0.029595893721315273,0.05502156585021886,13,13
2026-01,墨西哥,Android,Organic,AI Replace,8.03225806451613,4.193548387096774,439.51612903225805,0.011794529384779585,0.023960553649050316,32,21
2026-01,墨西哥,Android,Organic,AI Retouch,47.96774193548387,21.774193548387096,439.51612903225805,0.06339090214479705,0.13255893024925244,4,4
2026-01,墨西哥,Android,Organic,AI Tattoo,7.612903225806452,2.2580645161290325,439.51612903225805,0.005771571685805392,0.01846663586771392,39,35
2026-01,墨西哥,Android,Organic,Acne,10.419354838709678,6.516129032258065,439.51612903225805,0.019443390546243552,0.030064653297538376,27,18
2026-01,墨西哥,Android,Organic,Adjust,22.0,9.096774193548388,439.51612903225805,0.0315307418591773,0.07053559249356318,10,12
2026-01,墨西哥,Android,Organic,Background,15.612903225806452,2.4193548387096775,439.51612903225805,0.006293583894910173,0.04796995334467104,17,33
2026-01,墨西哥,Android,Organic,Blur,11.387096774193548,6.193548387096774,439.51612903225805,0.021382931506542156,0.038983569548734706,23,16
2026-01,墨西哥,Android,Organic,Body,17.387096774193548,10.387096774193548,439.51612903225805,0.034096967722369205,0.05324273520865352,14,11
2026-01,墨西哥,Android,Organic,Bokeh,7.709677419354839,2.3548387096774195,439.51612903225805,0.007239286436521701,0.023770254932933894,33,31
2026-01,墨西哥,Android,Organic,Brighten,8.64516129032258,4.0,439.51612903225805,0.011633873161873812,0.02362234416972944,34,22
2026-01,墨西哥,Android,Organic,Concealer,10.612903225806452,3.7419354838709675,439.51612903225805,0.008686538841925714,0.027477883534584763,29,27
2026-01,墨西哥,Android,Organic,Contour,3.6129032258064515,1.6451612903225807,439.51612903225805,0.00413367968626934,0.01084276354457067,44,40
2026-01,墨西哥,Android,Organic,Crop,20.64516129032258,14.580645161290322,439.51612903225805,0.04559403143441296,0.062427982138338924,12,6
2026-01,墨西哥,Android,Organic,Dark Circles,6.516129032258065,3.6774193548387095,439.51612903225805,0.011473347398690643,0.01861481758176902,38,23
2026-01,墨西哥,Android,Organic,Details,3.870967741935484,1.903225806451613,439.51612903225805,0.007609365202777269,0.014248776782502599,41,30
2026-01,墨西哥,Android,Organic,Effects,16.096774193548388,1.5161290322580645,439.51612903225805,0.0046076771766859585,0.05098977359863984,15,37
2026-01,墨西哥,Android,Organic,Eraser,55.0,25.548387096774192,439.51612903225805,0.06404635999737843,0.12840956141210408,6,3
2026-01,墨西哥,Android,Organic,Expression,10.580645161290322,3.5806451612903225,439.51612903225805,0.010995733654872766,0.03301589653894643,25,24
2026-01,墨西哥,Android,Organic,Eye Brighten,4.32258064516129,2.4193548387096775,439.51612903225805,0.007066901774799139,0.012202181728637324,43,32
2026-01,墨西哥,Android,Organic,Face,53.0,22.516129032258064,439.51612903225805,0.06506183567875796,0.1488984485918647,3,2
2026-01,墨西哥,Android,Organic,Face Fix,10.806451612903226,2.5483870967741935,439.51612903225805,0.008190979098170613,0.03391938074943956,24,29
2026-01,墨西哥,Android,Organic,Filters,57.32258064516129,13.225806451612904,439.51612903225805,0.04017441701251611,0.1707408825195849,2,8
2026-01,墨西哥,Android,Organic,Glitter,9.387096774193548,2.0,439.51612903225805,0.004876497844010943,0.0242907136222696,30,36
2026-01,墨西哥,Android,Organic,Glowup,13.806451612903226,2.967741935483871,439.51612903225805,0.008806370777879324,0.040042006733043936,22,26
2026-01,墨西哥,Android,Organic,Hair,42.0,14.161290322580646,439.51612903225805,0.044635822102976716,0.13052599096446277,5,7
2026-01,墨西哥,Android,Organic,Magic,70.12903225806451,30.806451612903224,439.51612903225805,0.08010271551287679,0.18112216391348296,1,1
2026-01,墨西哥,Android,Organic,Makeup,39.87096774193548,21.387096774193548,439.51612903225805,0.05967663424581703,0.10534027551796168,7,5
2026-01,墨西哥,Android,Organic,Matte,4.032258064516129,1.8387096774193548,439.51612903225805,0.006006629965655576,0.012549634194951004,42,34
2026-01,墨西哥,Android,Organic,Muscle,7.838709677419355,2.5161290322580645,439.51612903225805,0.008651067510949512,0.023204918202199196,35,28
2026-01,墨西哥,Android,Organic,Mykit,9.419354838709678,0.0,439.51612903225805,0.0,0.03050437289873563,26,43
2026-01,墨西哥,Android,Organic,Plump,16.967741935483872,6.612903225806452,439.51612903225805,0.015302909431070922,0.04124696317525937,21,19
2026-01,墨西哥,Android,Organic,Preset,12.451612903225806,0.967741935483871,439.51612903225805,0.0030826390168611733,0.04229961384911791,18,41
2026-01,墨西哥,Android,Organic,Prism,5.161290322580645,1.2580645161290323,439.51612903225805,0.0044012155540049,0.01767619522297812,40,39
2026-01,墨西哥,Android,Organic,Relight,22.70967741935484,7.967741935483871,439.51612903225805,0.022444553414587863,0.06336880459259002,11,15
2026-01,墨西哥,Android,Organic,Reshape,23.967741935483872,12.451612903225806,439.51612903225805,0.039109581057997334,0.0707531763426105,9,9
2026-01,墨西哥,Android,Organic,Resize,8.0,3.064516129032258,439.51612903225805,0.010150784017664503,0.024283877253582543,31,25
2026-01,墨西哥,Android,Organic,Skin Tone,14.419354838709678,9.387096774193548,439.51612903225805,0.027613169248774,0.04175775327597232,19,14
2026-01,墨西哥,Android,Organic,Smooth,17.161290322580644,11.0,439.51612903225805,0.034545959194531003,0.05024173204095209,16,10
2026-01,墨西哥,Android,Organic,Stamp,7.580645161290323,1.2258064516129032,439.51612903225805,0.00448307677096532,0.02282501062978581,36,38
2026-01,墨西哥,Android,Organic,Teeth,10.225806451612904,0.0,439.51612903225805,0.0,0.02900575319032915,28,43
2026-01,墨西哥,Android,Organic,Text,5.838709677419355,0.7096774193548387,439.51612903225805,0.0023876575845042116,0.020159762971989334,37,42
2026-01,墨西哥,Android,non-Organic,AI Expand,35.03225806451613,14.709677419354838,1107.8387096774193,0.017479386051854062,0.042279474137986266,22,18
2026-01,墨西哥,Android,non-Organic,AI Image,82.35483870967742,12.67741935483871,1107.8387096774193,0.014078133123563876,0.11105660599499416,8,20
2026-01,墨西哥,Android,non-Organic,AI Repair,46.774193548387096,18.806451612903224,1107.8387096774193,0.03042813958179708,0.06655834921135798,12,11
2026-01,墨西哥,Android,non-Organic,AI Replace,20.451612903225808,10.03225806451613,1107.8387096774193,0.009252498350855528,0.02241942505278675,36,27
2026-01,墨西哥,Android,non-Organic,AI Retouch,158.74193548387098,72.19354838709677,1107.8387096774193,0.0779691872292788,0.1750614015883026,5,3
2026-01,墨西哥,Android,non-Organic,AI Tattoo,23.225806451612904,7.451612903225806,1107.8387096774193,0.006385263423663346,0.02373865780743782,33,32
2026-01,墨西哥,Android,non-Organic,Acne,20.580645161290324,9.161290322580646,1107.8387096774193,0.01601465258314391,0.02892711371983627,30,19
2026-01,墨西哥,Android,non-Organic,Adjust,52.806451612903224,16.774193548387096,1107.8387096774193,0.020911137239146824,0.06687243157389744,11,15
2026-01,墨西哥,Android,non-Organic,Background,54.483870967741936,11.225806451612904,1107.8387096774193,0.010492093149885487,0.06487412903813998,13,26
2026-01,墨西哥,Android,non-Organic,Blur,24.64516129032258,12.064516129032258,1107.8387096774193,0.0184173112187933,0.03265817746379238,29,17
2026-01,墨西哥,Android,non-Organic,Body,44.03225806451613,23.129032258064516,1107.8387096774193,0.03394150501594696,0.060381084068655326,16,9
2026-01,墨西哥,Android,non-Organic,Bokeh,17.258064516129032,4.483870967741935,1107.8387096774193,0.0055346408199737985,0.023611328767548987,34,36
2026-01,墨西哥,Android,non-Organic,Brighten,23.387096774193548,10.193548387096774,1107.8387096774193,0.013984739786461907,0.02870579740094727,31,21
2026-01,墨西哥,Android,non-Organic,Concealer,34.806451612903224,12.516129032258064,1107.8387096774193,0.013345989193273285,0.03824680641608815,23,22
2026-01,墨西哥,Android,non-Organic,Contour,10.806451612903226,4.354838709677419,1107.8387096774193,0.005925258918551314,0.013061769951019042,43,34
2026-01,墨西哥,Android,non-Organic,Crop,52.096774193548384,33.193548387096776,1107.8387096774193,0.038704315058589074,0.055539540065345706,17,7
2026-01,墨西哥,Android,non-Organic,Dark Circles,17.419354838709676,8.419354838709678,1107.8387096774193,0.011579696046661207,0.021903219703045297,39,24
2026-01,墨西哥,Android,non-Organic,Details,10.67741935483871,4.032258064516129,1107.8387096774193,0.00622496188369826,0.014318311484463837,41,33
2026-01,墨西哥,Android,non-Organic,Effects,44.806451612903224,5.193548387096774,1107.8387096774193,0.004716572542153492,0.06349265412126767,14,38
2026-01,墨西哥,Android,non-Organic,Eraser,182.67741935483872,88.06451612903226,1107.8387096774193,0.08220442412424553,0.1572198776096425,6,2
2026-01,墨西哥,Android,non-Organic,Expression,23.838709677419356,7.935483870967742,1107.8387096774193,0.011091293053945335,0.03675867272734825,25,25
2026-01,墨西哥,Android,non-Organic,Eye Brighten,10.516129032258064,4.354838709677419,1107.8387096774193,0.006476112939358372,0.01270678845142725,44,31
2026-01,墨西哥,Android,non-Organic,Face,151.41935483870967,59.58064516129032,1107.8387096774193,0.07104280927861316,0.1757896049190918,4,4
2026-01,墨西哥,Android,non-Organic,Face Fix,23.903225806451612,5.161290322580645,1107.8387096774193,0.007902807680493657,0.03459042023331017,27,30
2026-01,墨西哥,Android,non-Organic,Filters,175.3548387096774,35.45161290322581,1107.8387096774193,0.037787151302642055,0.20362423900333002,2,8
2026-01,墨西哥,Android,non-Organic,Glitter,28.387096774193548,6.0,1107.8387096774193,0.005076588403561525,0.03440539075645283,28,37
2026-01,墨西哥,Android,non-Organic,Glowup,38.32258064516129,8.064516129032258,1107.8387096774193,0.012849097389337325,0.06225357138394761,15,23
2026-01,墨西哥,Android,non-Organic,Hair,139.80645161290323,42.0,1107.8387096774193,0.05800974986004124,0.19200309963645804,3,6
2026-01,墨西哥,Android,non-Organic,Magic,222.6451612903226,87.61290322580645,1107.8387096774193,0.08463598372197342,0.22969375960046212,1,1
2026-01,墨西哥,Android,non-Organic,Makeup,121.58064516129032,60.32258064516129,1107.8387096774193,0.06178243160970204,0.12125569048641807,7,5
2026-01,墨西哥,Android,non-Organic,Matte,10.96774193548387,4.483870967741935,1107.8387096774193,0.005878147593805427,0.01383619413318431,42,35
2026-01,墨西哥,Android,non-Organic,Muscle,18.161290322580644,4.774193548387097,1107.8387096774193,0.008386694137192374,0.02625565216259436,32,28
2026-01,墨西哥,Android,non-Organic,Mykit,27.322580645161292,0.0,1107.8387096774193,0.0,0.036787702201204545,24,43
2026-01,墨西哥,Android,non-Organic,Plump,51.483870967741936,20.06451612903226,1107.8387096774193,0.01997497239912322,0.055216813573395564,18,16
2026-01,墨西哥,Android,non-Organic,Preset,35.83870967741935,3.3225806451612905,1107.8387096774193,0.004306732444782403,0.051138090017271036,20,40
2026-01,墨西哥,Android,non-Organic,Prism,12.161290322580646,4.193548387096774,1107.8387096774193,0.004387800714344161,0.01466747979853359,40,39
2026-01,墨西哥,Android,non-Organic,Relight,64.83870967741936,21.70967741935484,1107.8387096774193,0.024474981154366346,0.07143379656278752,10,14
2026-01,墨西哥,Android,non-Organic,Reshape,62.58064516129032,20.580645161290324,1107.8387096774193,0.029999962874393663,0.08079546732369224,9,12
2026-01,墨西哥,Android,non-Organic,Resize,14.774193548387096,4.774193548387097,1107.8387096774193,0.008050407729324586,0.022021932507925293,38,29
2026-01,墨西哥,Android,non-Organic,Skin Tone,37.903225806451616,20.548387096774192,1107.8387096774193,0.024659395138142286,0.04504414270300529,21,13
2026-01,墨西哥,Android,non-Organic,Smooth,41.064516129032256,22.096774193548388,1107.8387096774193,0.031323494284736894,0.05115256079821499,19,10
2026-01,墨西哥,Android,non-Organic,Stamp,19.419354838709676,3.4193548387096775,1107.8387096774193,0.0038121537042117393,0.022633626379226605,35,41
2026-01,墨西哥,Android,non-Organic,Teeth,29.612903225806452,0.0,1107.8387096774193,0.0,0.035072315417241484,26,43
2026-01,墨西哥,Android,non-Organic,Text,17.612903225806452,2.3870967741935485,1107.8387096774193,0.0023646656178339756,0.022283162699830952,37,42
2026-01,墨西哥,iOS,Organic,AI Expand,7.580645161290323,2.3548387096774195,253.2258064516129,0.009302454593936815,0.030429967975833663,32,30
2026-01,墨西哥,iOS,Organic,AI Image,14.870967741935484,1.5161290322580645,253.2258064516129,0.0057272787958705775,0.05681921886495215,17,33
2026-01,墨西哥,iOS,Organic,AI Repair,10.96774193548387,4.419354838709677,253.2258064516129,0.017465882066620312,0.04328478020387928,27,22
2026-01,墨西哥,iOS,Organic,AI Replace,3.3870967741935485,1.032258064516129,253.2258064516129,0.0041610172637833905,0.014575433997071367,42,36
2026-01,墨西哥,iOS,Organic,AI Retouch,50.32258064516129,20.161290322580644,253.2258064516129,0.07882049864515854,0.19687334853839814,4,8
2026-01,墨西哥,iOS,Organic,AI Tattoo,4.516129032258065,0.8387096774193549,253.2258064516129,0.003243437946699876,0.017715922654738155,41,37
2026-01,墨西哥,iOS,Organic,Acne,29.225806451612904,22.225806451612904,253.2258064516129,0.08745071128740547,0.11501112217588463,10,7
2026-01,墨西哥,iOS,Organic,Adjust,22.387096774193548,7.806451612903226,253.2258064516129,0.030952061876015336,0.08767827117024292,13,16
2026-01,墨西哥,iOS,Organic,Background,10.483870967741936,1.096774193548387,253.2258064516129,0.004359026336214112,0.04104425084557243,30,35
2026-01,墨西哥,iOS,Organic,Blur,11.838709677419354,7.741935483870968,253.2258064516129,0.030565222706235576,0.04636658569017521,26,17
2026-01,墨西哥,iOS,Organic,Body,33.25806451612903,23.774193548387096,253.2258064516129,0.09361071698149075,0.1315865020303171,9,6
2026-01,墨西哥,iOS,Organic,Bokeh,5.516129032258065,2.193548387096774,253.2258064516129,0.008524694862652595,0.022010307010165406,38,31
2026-01,墨西哥,iOS,Organic,Brighten,10.548387096774194,5.290322580645161,253.2258064516129,0.02020968314907399,0.041210858110876235,29,19
2026-01,墨西哥,iOS,Organic,Concealer,12.516129032258064,4.096774193548387,253.2258064516129,0.01574483599489936,0.04877058265044006,21,23
2026-01,墨西哥,iOS,Organic,Contour,4.774193548387097,2.4516129032258065,253.2258064516129,0.009677862613107498,0.018950581685101688,40,28
2026-01,墨西哥,iOS,Organic,Crop,12.419354838709678,9.32258064516129,253.2258064516129,0.03616893933104195,0.04840733791636619,23,13
2026-01,墨西哥,iOS,Organic,Dark Circles,12.290322580645162,8.548387096774194,253.2258064516129,0.03300354128699973,0.04755466345302819,24,14
2026-01,墨西哥,iOS,Organic,Details,5.483870967741935,1.7741935483870968,253.2258064516129,0.006951750037924201,0.02107873249804177,39,32
2026-01,墨西哥,iOS,Organic,Effects,14.064516129032258,0.25806451612903225,253.2258064516129,0.001049709398126114,0.055428805783636514,19,42
2026-01,墨西哥,iOS,Organic,Eraser,27.387096774193548,16.096774193548388,253.2258064516129,0.06319528010266662,0.10807357135882054,11,10
2026-01,墨西哥,iOS,Organic,Expression,12.064516129032258,3.806451612903226,253.2258064516129,0.01445775727672195,0.046455274849980924,25,25
2026-01,墨西哥,iOS,Organic,Eye Brighten,5.741935483870968,3.774193548387097,253.2258064516129,0.014789260662408316,0.022461481804298224,35,24
2026-01,墨西哥,iOS,Organic,Face,78.80645161290323,38.193548387096776,253.2258064516129,0.14731952767254727,0.3062342034155525,1,1
2026-01,墨西哥,iOS,Organic,Face Fix,12.32258064516129,2.4516129032258065,253.2258064516129,0.009652133499799629,0.048623309395417876,22,29
2026-01,墨西哥,iOS,Organic,Filters,59.41935483870968,12.0,253.2258064516129,0.046173872670033055,0.23150286438662462,3,11
2026-01,墨西哥,iOS,Organic,Glitter,6.225806451612903,0.6451612903225806,253.2258064516129,0.0024183745223281443,0.024370888452786333,33,39
2026-01,墨西哥,iOS,Organic,Glowup,18.516129032258064,4.451612903225806,253.2258064516129,0.01757619546899062,0.07281488338286987,15,21
2026-01,墨西哥,iOS,Organic,Hair,34.12903225806452,9.709677419354838,253.2258064516129,0.039460348015266294,0.13900801773095592,8,12
2026-01,墨西哥,iOS,Organic,Magic,63.67741935483871,36.41935483870968,253.2258064516129,0.14164707612587096,0.24856091923806736,2,2
2026-01,墨西哥,iOS,Organic,Makeup,43.74193548387097,24.516129032258064,253.2258064516129,0.09445661112660879,0.1702501895463378,6,5
2026-01,墨西哥,iOS,Organic,Matte,5.548387096774194,2.6129032258064515,253.2258064516129,0.009891273106767063,0.02232484573701099,36,27
2026-01,墨西哥,iOS,Organic,Muscle,8.096774193548388,2.4838709677419355,253.2258064516129,0.010162718776126692,0.03282525946131302,31,26
2026-01,墨西哥,iOS,Organic,Mykit,5.967741935483871,0.0,253.2258064516129,0.0,0.024029281648350338,34,43
2026-01,墨西哥,iOS,Organic,Plump,14.935483870967742,5.225806451612903,253.2258064516129,0.02016354109647326,0.05797844569769928,16,20
2026-01,墨西哥,iOS,Organic,Preset,10.774193548387096,0.8064516129032258,253.2258064516129,0.0031874304058548066,0.04317978201581467,28,38
2026-01,墨西哥,iOS,Organic,Prism,2.225806451612903,0.5161290322580645,253.2258064516129,0.002129270586246021,0.009930875658457376,44,40
2026-01,墨西哥,iOS,Organic,Relight,20.258064516129032,7.935483870967742,253.2258064516129,0.03177488561814442,0.08014117831305122,14,15
2026-01,墨西哥,iOS,Organic,Reshape,45.16129032258065,30.193548387096776,253.2258064516129,0.11765197910257254,0.17634287528324283,5,4
2026-01,墨西哥,iOS,Organic,Resize,13.903225806451612,6.774193548387097,253.2258064516129,0.026467095658099078,0.05436044284180951,20,18
2026-01,墨西哥,iOS,Organic,Skin Tone,25.35483870967742,17.774193548387096,253.2258064516129,0.07012620489033934,0.09959723052732092,12,9
2026-01,墨西哥,iOS,Organic,Smooth,41.12903225806452,32.74193548387097,253.2258064516129,0.12816576458622567,0.16201522617695827,7,3
2026-01,墨西哥,iOS,Organic,Stamp,5.419354838709677,1.2580645161290323,253.2258064516129,0.005325680004984301,0.022053308141340575,37,34
2026-01,墨西哥,iOS,Organic,Teeth,14.516129032258064,0.0,253.2258064516129,0.0,0.05637856333111542,18,43
2026-01,墨西哥,iOS,Organic,Text,2.806451612903226,0.2903225806451613,253.2258064516129,0.0011290176188445138,0.011727238470889413,43,41
2026-01,墨西哥,iOS,non-Organic,AI Expand,1.1935483870967742,0.4838709677419355,14.129032258064516,0.03658720311946118,0.12726161404732833,14,13
2026-01,墨西哥,iOS,non-Organic,AI Image,2.935483870967742,0.3870967741935484,14.129032258064516,0.02837153885540982,0.21995864756158875,5,15
2026-01,墨西哥,iOS,non-Organic,AI Repair,2.0689655172413794,1.2413793103448276,14.689655172413794,0.08423019959531117,0.1646413009648304,7,2
2026-01,墨西哥,iOS,non-Organic,AI Replace,0.4482758620689655,0.20689655172413793,14.689655172413794,0.011416256157635469,0.08197619047619047,32,29
2026-01,墨西哥,iOS,non-Organic,AI Retouch,2.6774193548387095,1.032258064516129,14.129032258064516,0.06503910910931783,0.19401865874554952,6,6
2026-01,墨西哥,iOS,non-Organic,AI Tattoo,0.4666666666666667,0.1,14.4,0.005555555555555556,0.08185714285714285,33,37
2026-01,墨西哥,iOS,non-Organic,Acne,0.5217391304347826,0.30434782608695654,15.043478260869565,0.019287119530086282,0.08683509301156361,27,23
2026-01,墨西哥,iOS,non-Organic,Adjust,1.4193548387096775,0.3548387096774194,14.129032258064516,0.024580486454300495,0.12906735557470853,12,17
2026-01,墨西哥,iOS,non-Organic,Background,1.032258064516129,0.12903225806451613,14.129032258064516,0.00956221198156682,0.11170702754036088,19,32
2026-01,墨西哥,iOS,non-Organic,Blur,0.4827586206896552,0.20689655172413793,14.689655172413794,0.012315270935960592,0.08095238095238094,35,28
2026-01,墨西哥,iOS,non-Organic,Body,1.8333333333333333,1.1,14.4,0.0722087912087912,0.14942053436759323,8,4
2026-01,墨西哥,iOS,non-Organic,Bokeh,0.41935483870967744,0.03225806451612903,14.129032258064516,0.0015360983102918587,0.0864084249084249,28,41
2026-01,墨西哥,iOS,non-Organic,Brighten,0.4782608695652174,0.13043478260869565,15.043478260869565,0.009679089026915113,0.07042857142857142,42,31
2026-01,墨西哥,iOS,non-Organic,Concealer,0.7391304347826086,0.391304347826087,15.043478260869565,0.0235979174278407,0.07370259642318466,38,18
2026-01,墨西哥,iOS,non-Organic,Contour,0.3,0.2,15.4,0.01467948717948718,0.08157509157509157,34,27
2026-01,墨西哥,iOS,non-Organic,Crop,0.5483870967741935,0.3225806451612903,14.129032258064516,0.022010910236716686,0.08022059422059422,36,20
2026-01,墨西哥,iOS,non-Organic,Dark Circles,0.5217391304347826,0.21739130434782608,15.043478260869565,0.017681955725433986,0.0845631868131868,30,25
2026-01,墨西哥,iOS,non-Organic,Details,0.5909090909090909,0.22727272727272727,15.136363636363637,0.01773976023976024,0.07185821123321123,40,24
2026-01,墨西哥,iOS,non-Organic,Effects,1.3225806451612903,0.03225806451612903,14.129032258064516,0.002304147465437788,0.12876010233153093,13,39
2026-01,墨西哥,iOS,non-Organic,Eraser,1.7741935483870968,0.967741935483871,14.129032258064516,0.07029737287801803,0.14523029439696108,10,5
2026-01,墨西哥,iOS,non-Organic,Expression,0.9,0.3333333333333333,14.4,0.022401871004812182,0.10789235886662357,20,19
2026-01,墨西哥,iOS,non-Organic,Eye Brighten,0.18181818181818182,0.13636363636363635,15.136363636363637,0.009772727272727273,0.07160714285714286,41,30
2026-01,墨西哥,iOS,non-Organic,Face,3.225806451612903,1.3548387096774193,14.129032258064516,0.08821897162504373,0.24783755762513937,2,1
2026-01,墨西哥,iOS,non-Organic,Face Fix,1.3333333333333333,0.4666666666666667,14.4,0.028400793650793652,0.13001882534390274,11,14
2026-01,墨西哥,iOS,non-Organic,Filters,3.6774193548387095,0.41935483870967744,14.129032258064516,0.02665701681830714,0.25573858410196165,1,16
2026-01,墨西哥,iOS,non-Organic,Glitter,0.4666666666666667,0.1,14.4,0.008333333333333333,0.07611263736263736,37,33
2026-01,墨西哥,iOS,non-Organic,Glowup,1.1666666666666667,0.23333333333333334,14.4,0.015683760683760685,0.10677838827838829,21,26
2026-01,墨西哥,iOS,non-Organic,Hair,2.967741935483871,0.8387096774193549,14.129032258064516,0.06226046249765415,0.24107015883276392,3,7
2026-01,墨西哥,iOS,non-Organic,Magic,3.3870967741935485,1.1290322580645162,14.129032258064516,0.08224656115547956,0.23837531538670056,4,3
2026-01,墨西哥,iOS,non-Organic,Makeup,1.2258064516129032,0.4838709677419355,14.129032258064516,0.03957906735895351,0.14730416098063157,9,12
2026-01,墨西哥,iOS,non-Organic,Matte,0.21052631578947367,0.15789473684210525,16.05263157894737,0.008233819843726965,0.05834141348847231,44,34
2026-01,墨西哥,iOS,non-Organic,Muscle,0.6666666666666666,0.3,14.4,0.019472832722832723,0.08535172241973712,29,21
2026-01,墨西哥,iOS,non-Organic,Mykit,0.967741935483871,0.0,14.129032258064516,0.0,0.12326773818501759,16,42
2026-01,墨西哥,iOS,non-Organic,Plump,0.967741935483871,0.3225806451612903,14.129032258064516,0.01934893063925322,0.10069393569393568,24,22
2026-01,墨西哥,iOS,non-Organic,Preset,1.0,0.0967741935483871,14.129032258064516,0.006978908188585608,0.10527136752136752,22,35
2026-01,墨西哥,iOS,non-Organic,Prism,0.20689655172413793,0.034482758620689655,14.689655172413794,0.0016420361247947454,0.07345238095238096,39,40
2026-01,墨西哥,iOS,non-Organic,Relight,1.2903225806451613,0.5806451612903226,14.129032258064516,0.04161152467604081,0.11886699049742529,17,11
2026-01,墨西哥,iOS,non-Organic,Reshape,1.6666666666666667,0.6333333333333333,14.4,0.04456853767147885,0.1270306880148509,15,10
2026-01,墨西哥,iOS,non-Organic,Resize,0.4666666666666667,0.1,14.4,0.006191553544494721,0.09326217899747312,26,36
2026-01,墨西哥,iOS,non-Organic,Skin Tone,1.0869565217391304,0.6521739130434783,15.043478260869565,0.04462435475862586,0.10449206124757593,23,9
2026-01,墨西哥,iOS,non-Organic,Smooth,1.4583333333333333,0.875,15.041666666666666,0.057001117754794224,0.11790366753989046,18,8
2026-01,墨西哥,iOS,non-Organic,Stamp,0.2413793103448276,0.034482758620689655,14.689655172413794,0.0026525198938992045,0.06283097854526426,43,38
2026-01,墨西哥,iOS,non-Organic,Teeth,0.6333333333333333,0.0,14.4,0.0,0.09665257819103973,25,42
2026-01,墨西哥,iOS,non-Organic,Text,0.3548387096774194,0.0,14.129032258064516,0.0,0.0828615520282187,31,42
2026-01,巴西,Android,Organic,AI Expand,86.2258064516129,38.483870967741936,4043.064516129032,0.010584523859770323,0.023805931738170576,32,24
2026-01,巴西,Android,Organic,AI Image,257.51612903225805,64.2258064516129,4043.064516129032,0.020574942686943546,0.07837975949518693,9,16
2026-01,巴西,Android,Organic,AI Repair,112.2258064516129,50.25806451612903,4043.064516129032,0.01357594099785637,0.03067036806928311,24,21
2026-01,巴西,Android,Organic,AI Replace,41.70967741935484,18.35483870967742,4043.064516129032,0.00525635450065742,0.01163891747027428,38,32
2026-01,巴西,Android,Organic,AI Retouch,527.741935483871,237.83870967741936,4043.064516129032,0.06599027898197125,0.1440763452854439,5,2
2026-01,巴西,Android,Organic,AI Tattoo,96.58064516129032,33.45161290322581,4043.064516129032,0.008404393683331611,0.02483709677106837,30,27
2026-01,巴西,Android,Organic,Acne,168.3548387096774,117.87096774193549,4043.064516129032,0.032375980974277595,0.04556397468718066,15,12
2026-01,巴西,Android,Organic,Adjust,249.70967741935485,136.32258064516128,4043.064516129032,0.03664270710604541,0.06726543598777107,10,11
2026-01,巴西,Android,Organic,Background,137.8709677419355,19.193548387096776,4043.064516129032,0.005444952137011545,0.03746686650797377,19,31
2026-01,巴西,Android,Organic,Blur,113.58064516129032,71.06451612903226,4043.064516129032,0.019069156197374714,0.030490539096987134,25,17
2026-01,巴西,Android,Organic,Body,197.6451612903226,120.83870967741936,4043.064516129032,0.03126855351006528,0.05172738620301706,14,13
2026-01,巴西,Android,Organic,Bokeh,49.38709677419355,15.35483870967742,4043.064516129032,0.004119275966195861,0.013222097638067169,36,34
2026-01,巴西,Android,Organic,Brighten,96.03225806451613,47.935483870967744,4043.064516129032,0.012714331205289102,0.025522301277730988,29,23
2026-01,巴西,Android,Organic,Concealer,137.41935483870967,57.38709677419355,4043.064516129032,0.015210607701056877,0.03670216389601082,20,19
2026-01,巴西,Android,Organic,Contour,39.12903225806452,17.612903225806452,4043.064516129032,0.004618530592506664,0.010320841607391973,40,33
2026-01,巴西,Android,Organic,Crop,195.1290322580645,151.32258064516128,4043.064516129032,0.04093421984683412,0.05268703401901234,13,10
2026-01,巴西,Android,Organic,Dark Circles,81.35483870967742,51.45161290322581,4043.064516129032,0.013815410680549577,0.02165196135813812,33,20
2026-01,巴西,Android,Organic,Details,35.935483870967744,13.709677419354838,4043.064516129032,0.0035200535245452284,0.009493820963897897,41,38
2026-01,巴西,Android,Organic,Effects,151.70967741935485,10.516129032258064,4043.064516129032,0.0029470534252745866,0.04141280148232991,17,39
2026-01,巴西,Android,Organic,Eraser,309.4193548387097,168.09677419354838,4043.064516129032,0.04484695740848074,0.08247799727952763,8,8
2026-01,巴西,Android,Organic,Expression,92.41935483870968,28.838709677419356,4043.064516129032,0.007707017215408137,0.024762990274768488,31,28
2026-01,巴西,Android,Organic,Eye Brighten,45.83870967741935,26.677419354838708,4043.064516129032,0.007140054449370149,0.012294701982385395,37,29
2026-01,巴西,Android,Organic,Face,559.7096774193549,242.29032258064515,4043.064516129032,0.06501935431876975,0.15138153426905926,3,3
2026-01,巴西,Android,Organic,Face Fix,110.48387096774194,23.64516129032258,4043.064516129032,0.006253686890059274,0.02935503811583181,26,30
2026-01,巴西,Android,Organic,Filters,592.516129032258,168.6451612903226,4043.064516129032,0.04642081703135372,0.1617719851891085,2,7
2026-01,巴西,Android,Organic,Glitter,62.61290322580645,14.548387096774194,4043.064516129032,0.0038699981079735307,0.01658068016456679,35,35
2026-01,巴西,Android,Organic,Glowup,134.2258064516129,34.03225806451613,4043.064516129032,0.00921173917706395,0.03624171492483457,21,26
2026-01,巴西,Android,Organic,Hair,531.3870967741935,187.74193548387098,4043.064516129032,0.05171975245034184,0.1456106765290094,4,6
2026-01,巴西,Android,Organic,Magic,604.8709677419355,319.64516129032256,4043.064516129032,0.08659297512492659,0.16400105723226815,1,1
2026-01,巴西,Android,Organic,Makeup,387.7741935483871,213.0,4043.064516129032,0.05733350119466257,0.10492379465230674,6,4
2026-01,巴西,Android,Organic,Matte,34.67741935483871,13.741935483870968,4043.064516129032,0.003577695033830436,0.00926302467622802,42,37
2026-01,巴西,Android,Organic,Muscle,103.48387096774194,36.193548387096776,4043.064516129032,0.010136847072776132,0.028916193592332252,27,25
2026-01,巴西,Android,Organic,Mykit,63.0,0.0,4043.064516129032,0.0,0.017051190933728446,34,43
2026-01,巴西,Android,Organic,Plump,157.74193548387098,63.03225806451613,4043.064516129032,0.017065111813747792,0.04266385571688181,16,18
2026-01,巴西,Android,Organic,Preset,123.12903225806451,14.903225806451612,4043.064516129032,0.0038691050682028686,0.03240255243421641,23,36
2026-01,巴西,Android,Organic,Prism,30.580645161290324,10.741935483870968,4043.064516129032,0.002869071481078971,0.00822508684029342,44,40
2026-01,巴西,Android,Organic,Relight,234.29032258064515,110.70967741935483,4043.064516129032,0.02813106625117304,0.06046538454840758,12,14
2026-01,巴西,Android,Organic,Reshape,314.6774193548387,213.1290322580645,4043.064516129032,0.05719691751872813,0.0844871197005109,7,5
2026-01,巴西,Android,Organic,Resize,102.96774193548387,50.935483870967744,4043.064516129032,0.013444120086361595,0.02733340626226016,28,22
2026-01,巴西,Android,Organic,Skin Tone,141.58064516129033,84.25806451612904,4043.064516129032,0.022354516621556533,0.037793799338413744,18,15
2026-01,巴西,Android,Organic,Smooth,226.38709677419354,161.09677419354838,4043.064516129032,0.043387696253200346,0.06085721141678985,11,9
2026-01,巴西,Android,Organic,Stamp,33.483870967741936,7.161290322580645,4043.064516129032,0.0019161195197572312,0.009042713353942357,43,41
2026-01,巴西,Android,Organic,Teeth,127.74193548387096,0.0,4043.064516129032,0.0,0.033603620909486126,22,43
2026-01,巴西,Android,Organic,Text,38.483870967741936,5.32258064516129,4043.064516129032,0.0015752927970415903,0.010689962711299931,39,42
2026-01,巴西,Android,non-Organic,AI Expand,640.258064516129,291.0,19178.83870967742,0.01523199009070755,0.03340626692338817,24,20
2026-01,巴西,Android,non-Organic,AI Image,3964.935483870968,1556.225806451613,19178.83870967742,0.08122453044768593,0.20677874353689446,2,4
2026-01,巴西,Android,non-Organic,AI Repair,604.0645161290323,262.93548387096774,19178.83870967742,0.013817755495172708,0.03173961470201456,25,21
2026-01,巴西,Android,non-Organic,AI Replace,210.70967741935485,101.3225806451613,19178.83870967742,0.005250931841535138,0.010938552856782002,38,35
2026-01,巴西,Android,non-Organic,AI Retouch,3893.3225806451615,1941.7096774193549,19178.83870967742,0.10084410588605185,0.20229172362750575,4,1
2026-01,巴西,Android,non-Organic,AI Tattoo,763.483870967742,299.03225806451616,19178.83870967742,0.015603202746309582,0.03985004282420529,21,19
2026-01,巴西,Android,non-Organic,Acne,455.2903225806452,225.96774193548387,19178.83870967742,0.01162558676056816,0.02347149259537385,31,25
2026-01,巴西,Android,non-Organic,Adjust,833.741935483871,364.9032258064516,19178.83870967742,0.01878353009080162,0.042960388482252525,17,16
2026-01,巴西,Android,non-Organic,Background,993.4193548387096,243.4516129032258,19178.83870967742,0.012679270548968311,0.051620558506055333,14,23
2026-01,巴西,Android,non-Organic,Blur,302.4516129032258,141.29032258064515,19178.83870967742,0.007190001094357188,0.015466348073309646,34,30
2026-01,巴西,Android,non-Organic,Body,1039.2903225806451,584.0,19178.83870967742,0.029933800450538353,0.05351992414535231,12,10
2026-01,巴西,Android,non-Organic,Bokeh,172.90322580645162,53.61290322580645,19178.83870967742,0.002754283845386843,0.00889732294928657,43,39
2026-01,巴西,Android,non-Organic,Brighten,576.6451612903226,265.38709677419354,19178.83870967742,0.013766261959172714,0.029895230305446184,27,22
2026-01,巴西,Android,non-Organic,Concealer,860.9354838709677,362.1290322580645,19178.83870967742,0.018765416615183307,0.044637615261709764,16,17
2026-01,巴西,Android,non-Organic,Contour,210.83870967741936,100.41935483870968,19178.83870967742,0.005229813295366676,0.010935033460078767,39,36
2026-01,巴西,Android,non-Organic,Crop,679.3548387096774,458.4193548387097,19178.83870967742,0.023734275758524187,0.03513750975649099,23,14
2026-01,巴西,Android,non-Organic,Dark Circles,382.80645161290323,180.61290322580646,19178.83870967742,0.00933745686475962,0.019812043971748367,33,26
2026-01,巴西,Android,non-Organic,Details,182.16129032258064,68.19354838709677,19178.83870967742,0.003523801218137368,0.009408719126571667,42,38
2026-01,巴西,Android,non-Organic,Effects,1028.5806451612902,147.29032258064515,19178.83870967742,0.007696677614180865,0.053402668466425135,13,28
2026-01,巴西,Android,non-Organic,Eraser,1582.7096774193549,695.516129032258,19178.83870967742,0.036296378605393705,0.0828633490604883,8,8
2026-01,巴西,Android,non-Organic,Expression,454.5483870967742,172.67741935483872,19178.83870967742,0.008922574378582853,0.02348020240170891,30,27
2026-01,巴西,Android,non-Organic,Eye Brighten,239.29032258064515,109.06451612903226,19178.83870967742,0.005640004600848236,0.012394021443372236,37,34
2026-01,巴西,Android,non-Organic,Face,3446.8709677419356,1365.225806451613,19178.83870967742,0.07074797810987783,0.1787891474193445,6,5
2026-01,巴西,Android,non-Organic,Face Fix,523.3225806451613,147.09677419354838,19178.83870967742,0.007601334340426388,0.027001019734533536,28,29
2026-01,巴西,Android,non-Organic,Filters,3804.0,1037.225806451613,19178.83870967742,0.05393683930862586,0.1977527614030676,5,7
2026-01,巴西,Android,non-Organic,Glitter,438.4193548387097,116.06451612903226,19178.83870967742,0.006000449483410913,0.022690045857204355,32,32
2026-01,巴西,Android,non-Organic,Glowup,815.258064516129,228.48387096774192,19178.83870967742,0.011859616274534263,0.042289002897383535,18,24
2026-01,巴西,Android,non-Organic,Hair,4596.903225806452,1783.3870967741937,19178.83870967742,0.0933224722961197,0.24074117706970358,1,3
2026-01,巴西,Android,non-Organic,Magic,3916.2580645161293,1855.5806451612902,19178.83870967742,0.096213896481609,0.2031454082311939,3,2
2026-01,巴西,Android,non-Organic,Makeup,2640.548387096774,1320.3870967741937,19178.83870967742,0.06863994146650854,0.13727167233031365,7,6
2026-01,巴西,Android,non-Organic,Matte,192.7741935483871,68.87096774193549,19178.83870967742,0.003564972305602312,0.00999708062598882,40,37
2026-01,巴西,Android,non-Organic,Muscle,805.4516129032259,302.1290322580645,19178.83870967742,0.01575816677779579,0.04197198500689758,19,18
2026-01,巴西,Android,non-Organic,Mykit,468.7741935483871,0.0,19178.83870967742,0.0,0.024370992148489923,29,44
2026-01,巴西,Android,non-Organic,Plump,1093.0645161290322,516.4516129032259,19178.83870967742,0.026717419520013896,0.05652961016408278,11,11
2026-01,巴西,Android,non-Organic,Preset,798.5806451612904,132.2258064516129,19178.83870967742,0.006740484076451424,0.0409647226324365,20,31
2026-01,巴西,Android,non-Organic,Prism,131.3548387096774,51.774193548387096,19178.83870967742,0.0026652264118756175,0.006771803904286891,44,40
2026-01,巴西,Android,non-Organic,Relight,1471.6129032258063,680.9354838709677,19178.83870967742,0.03545740495709188,0.07669323151438655,9,9
2026-01,巴西,Android,non-Organic,Reshape,1114.4193548387098,491.2903225806452,19178.83870967742,0.025146329148262692,0.057392017508218436,10,12
2026-01,巴西,Android,non-Organic,Resize,268.35483870967744,113.12903225806451,19178.83870967742,0.005796467187510982,0.013736784254874852,36,33
2026-01,巴西,Android,non-Organic,Skin Tone,761.9677419354839,396.83870967741933,19178.83870967742,0.020547741734475152,0.03947791306821473,22,15
2026-01,巴西,Android,non-Organic,Smooth,915.7741935483871,478.258064516129,19178.83870967742,0.024683822201057436,0.047364770649561676,15,13
2026-01,巴西,Android,non-Organic,Stamp,183.6451612903226,34.935483870967744,19178.83870967742,0.0018185412950131278,0.009522575854575378,41,41
2026-01,巴西,Android,non-Organic,Teeth,600.9354838709677,0.12903225806451613,19178.83870967742,7.007747620912865e-06,0.030983554198639008,26,43
2026-01,巴西,Android,non-Organic,Text,278.38709677419354,32.38709677419355,19178.83870967742,0.0016809576646635482,0.014489980454817182,35,42
2026-01,巴西,iOS,Organic,AI Expand,134.48387096774192,53.54838709677419,5051.774193548387,0.010687257715479013,0.026699316506166578,32,26
2026-01,巴西,iOS,Organic,AI Image,248.19354838709677,25.838709677419356,5051.774193548387,0.005233554560146184,0.04683408789447724,25,33
2026-01,巴西,iOS,Organic,AI Repair,212.09677419354838,78.90322580645162,5051.774193548387,0.015692055280336657,0.04237178536712152,28,24
2026-01,巴西,iOS,Organic,AI Replace,63.354838709677416,22.677419354838708,5051.774193548387,0.004508289177546984,0.01264464652624785,41,34
2026-01,巴西,iOS,Organic,AI Retouch,1050.225806451613,398.8709677419355,5051.774193548387,0.08009040247471806,0.2059111481323408,5,7
2026-01,巴西,iOS,Organic,AI Tattoo,99.38709677419355,19.64516129032258,5051.774193548387,0.004081647529153852,0.020423374524244843,35,35
2026-01,巴西,iOS,Organic,Acne,707.5806451612904,558.6129032258065,5051.774193548387,0.11550106523542357,0.1457696575411073,9,4
2026-01,巴西,iOS,Organic,Adjust,653.3225806451613,278.5483870967742,5051.774193548387,0.055431340412396904,0.12878542622685396,12,11
2026-01,巴西,iOS,Organic,Background,238.48387096774192,17.258064516129032,5051.774193548387,0.003583216548795289,0.04662136447534947,26,37
2026-01,巴西,iOS,Organic,Blur,328.16129032258067,217.03225806451613,5051.774193548387,0.043362400412074315,0.06503371826452158,20,15
2026-01,巴西,iOS,Organic,Body,652.4516129032259,455.16129032258067,5051.774193548387,0.0903330301201473,0.12991167611763382,11,6
2026-01,巴西,iOS,Organic,Bokeh,124.48387096774194,37.38709677419355,5051.774193548387,0.007573360174615458,0.02498564441087853,34,30
2026-01,巴西,iOS,Organic,Brighten,221.83870967741936,118.41935483870968,5051.774193548387,0.023726918199297804,0.044612817530817715,27,21
2026-01,巴西,iOS,Organic,Concealer,318.7741935483871,143.41935483870967,5051.774193548387,0.029350603163325377,0.06469772955310592,21,19
2026-01,巴西,iOS,Organic,Contour,88.83870967741936,45.87096774193548,5051.774193548387,0.009007532672132399,0.017652552841655907,38,28
2026-01,巴西,iOS,Organic,Crop,329.64516129032256,241.19354838709677,5051.774193548387,0.04834925688890142,0.06618867852667475,19,12
2026-01,巴西,iOS,Organic,Dark Circles,255.06451612903226,206.16129032258064,5051.774193548387,0.042599936446275896,0.052344654582006225,24,16
2026-01,巴西,iOS,Organic,Details,88.29032258064517,28.580645161290324,5051.774193548387,0.005885311382191744,0.017883850833754936,37,32
2026-01,巴西,iOS,Organic,Effects,316.5806451612903,2.5161290322580645,5051.774193548387,0.00048471610915785804,0.05807563872060694,22,42
2026-01,巴西,iOS,Organic,Eraser,617.4516129032259,353.2258064516129,5051.774193548387,0.07086449326890118,0.12334852934083301,13,9
2026-01,巴西,iOS,Organic,Expression,203.48387096774192,45.16129032258065,5051.774193548387,0.008869045282161207,0.03970747924705729,29,29
2026-01,巴西,iOS,Organic,Eye Brighten,122.45161290322581,87.93548387096774,5051.774193548387,0.018395079590865036,0.025353176782592808,33,22
2026-01,巴西,iOS,Organic,Face,1463.8064516129032,585.1290322580645,5051.774193548387,0.11497517322566451,0.28889240587789894,1,5
2026-01,巴西,iOS,Organic,Face Fix,288.38709677419354,52.903225806451616,5051.774193548387,0.010255265565159414,0.05642261067006192,23,27
2026-01,巴西,iOS,Organic,Filters,1484.2903225806451,239.0,5051.774193548387,0.04601009408423004,0.27522395192138005,3,14
2026-01,巴西,iOS,Organic,Glitter,105.06451612903226,13.35483870967742,5051.774193548387,0.002499972456224622,0.019937259445982135,36,40
2026-01,巴西,iOS,Organic,Glowup,358.38709677419354,88.0,5051.774193548387,0.017334729901968365,0.06991483190802954,18,23
2026-01,巴西,iOS,Organic,Hair,722.5483870967741,202.7741935483871,5051.774193548387,0.04129912870129629,0.14660835979929165,8,18
2026-01,巴西,iOS,Organic,Magic,1410.3870967741937,799.516129032258,5051.774193548387,0.16128871029023226,0.27815781506324977,2,2
2026-01,巴西,iOS,Organic,Makeup,791.8709677419355,388.0967741935484,5051.774193548387,0.07789677094050011,0.15644759864123786,7,8
2026-01,巴西,iOS,Organic,Matte,81.87096774193549,37.38709677419355,5051.774193548387,0.007322917022601504,0.01636471612064253,40,31
2026-01,巴西,iOS,Organic,Muscle,193.8709677419355,57.193548387096776,5051.774193548387,0.011748007802600307,0.039019127560743896,30,25
2026-01,巴西,iOS,Organic,Mykit,84.58064516129032,0.0,5051.774193548387,0.0,0.017012782165811396,39,43
2026-01,巴西,iOS,Organic,Plump,385.7741935483871,128.16129032258064,5051.774193548387,0.025988572540900777,0.07772319613554486,16,20
2026-01,巴西,iOS,Organic,Preset,200.58064516129033,18.64516129032258,5051.774193548387,0.003537218786036093,0.037039911417612106,31,38
2026-01,巴西,iOS,Organic,Prism,59.58064516129032,18.612903225806452,5051.774193548387,0.003672950892523313,0.011866678253886315,42,36
2026-01,巴西,iOS,Organic,Relight,835.3225806451613,395.83870967741933,5051.774193548387,0.06244557672682888,0.13664330809846764,10,10
2026-01,巴西,iOS,Organic,Reshape,1271.5483870967741,991.9354838709677,5051.774193548387,0.19683097513554432,0.25164593640764477,4,1
2026-01,巴西,iOS,Organic,Resize,411.5483870967742,212.09677419354838,5051.774193548387,0.0413487713567844,0.08012653099838817,15,17
2026-01,巴西,iOS,Organic,Skin Tone,374.38709677419354,239.16129032258064,5051.774193548387,0.04816346172952499,0.07567365458386527,17,13
2026-01,巴西,iOS,Organic,Smooth,948.8387096774194,776.1290322580645,5051.774193548387,0.15761405983217913,0.19176252572380814,6,3
2026-01,巴西,iOS,Organic,Stamp,59.0,12.870967741935484,5051.774193548387,0.002699690111536507,0.011864702740765901,43,39
2026-01,巴西,iOS,Organic,Teeth,413.7096774193548,0.0,5051.774193548387,0.0,0.0810077479862545,14,43
2026-01,巴西,iOS,Organic,Text,43.29032258064516,3.064516129032258,5051.774193548387,0.0006807219879505699,0.00873209816943499,44,41
2026-01,巴西,iOS,non-Organic,AI Expand,1.3548387096774193,0.4838709677419355,34.41935483870968,0.015291149031678644,0.06397848700104423,26,28
2026-01,巴西,iOS,non-Organic,AI Image,5.612903225806452,0.6774193548387096,34.41935483870968,0.022950474173118095,0.1660074534161904,7,23
2026-01,巴西,iOS,non-Organic,AI Repair,2.967741935483871,1.2580645161290323,34.41935483870968,0.03876084388206634,0.09195144688274516,15,13
2026-01,巴西,iOS,non-Organic,AI Replace,1.0,0.3870967741935484,34.41935483870968,0.01125043060875486,0.05463195626191071,31,31
2026-01,巴西,iOS,non-Organic,AI Retouch,6.935483870967742,2.3548387096774195,34.41935483870968,0.06523990952614829,0.19587038236032905,5,7
2026-01,巴西,iOS,non-Organic,AI Tattoo,0.8709677419354839,0.41935483870967744,34.41935483870968,0.012844126468713088,0.046966134131419986,36,30
2026-01,巴西,iOS,non-Organic,Acne,2.064516129032258,1.4838709677419355,34.41935483870968,0.04331630812014561,0.07756302444306222,21,10
2026-01,巴西,iOS,non-Organic,Adjust,3.6774193548387095,1.1290322580645162,34.41935483870968,0.032777298061102494,0.11387880824330317,14,16
2026-01,巴西,iOS,non-Organic,Background,2.225806451612903,0.22580645161290322,34.41935483870968,0.0057542179025065286,0.07237515503807788,23,34
2026-01,巴西,iOS,non-Organic,Blur,1.2903225806451613,0.6451612903225806,34.41935483870968,0.017861209711669556,0.04854652317372644,35,26
2026-01,巴西,iOS,non-Organic,Body,4.645161290322581,3.3548387096774195,34.41935483870968,0.09692907900891451,0.13854636579250065,8,4
2026-01,巴西,iOS,non-Organic,Bokeh,0.8064516129032258,0.16129032258064516,34.41935483870968,0.004402653608054873,0.04448783532228893,38,36
2026-01,巴西,iOS,non-Organic,Brighten,1.3548387096774193,0.7419354838709677,34.41935483870968,0.023265347153947406,0.0517808423764041,33,22
2026-01,巴西,iOS,non-Organic,Concealer,1.6451612903225807,0.7419354838709677,34.41935483870968,0.02033450544999517,0.0568358836492059,30,24
2026-01,巴西,iOS,non-Organic,Contour,0.5714285714285714,0.35714285714285715,35.464285714285715,0.010364094336576772,0.028836906810699448,43,32
2026-01,巴西,iOS,non-Organic,Crop,1.7419354838709677,1.2903225806451613,34.41935483870968,0.0394051145665078,0.06259184860480552,27,11
2026-01,巴西,iOS,non-Organic,Dark Circles,0.7096774193548387,0.6451612903225806,34.41935483870968,0.019269699318212173,0.05292471066009843,32,25
2026-01,巴西,iOS,non-Organic,Details,0.5714285714285714,0.25,35.464285714285715,0.007189039258887078,0.03230065373266268,41,33
2026-01,巴西,iOS,non-Organic,Effects,3.032258064516129,0.03225806451612903,34.41935483870968,0.0007501875468867217,0.0905103417096616,17,42
2026-01,巴西,iOS,non-Organic,Eraser,4.419354838709677,2.5806451612903225,34.41935483870968,0.07780977440753217,0.12899368841248784,9,6
2026-01,巴西,iOS,non-Organic,Expression,2.806451612903226,0.6451612903225806,34.41935483870968,0.017721043090055275,0.09149801382668545,16,27
2026-01,巴西,iOS,non-Organic,Eye Brighten,0.9285714285714286,0.42857142857142855,35.464285714285715,0.013167727257999152,0.04129237832263692,40,29
2026-01,巴西,iOS,non-Organic,Face,10.03225806451613,4.387096774193548,34.41935483870968,0.1222559214082491,0.28189430455806597,1,2
2026-01,巴西,iOS,non-Organic,Face Fix,4.129032258064516,1.1935483870967742,34.41935483870968,0.03344275444464108,0.12200274888547806,10,15
2026-01,巴西,iOS,non-Organic,Filters,9.225806451612904,1.3225806451612903,34.41935483870968,0.03912138998844325,0.2729555190826179,2,12
2026-01,巴西,iOS,non-Organic,Glitter,0.8387096774193549,0.1935483870967742,34.41935483870968,0.0053596965502530295,0.04945072062702887,34,35
2026-01,巴西,iOS,non-Organic,Glowup,3.967741935483871,0.8064516129032258,34.41935483870968,0.02382430374054302,0.11831645159866482,12,20
2026-01,巴西,iOS,non-Organic,Hair,7.129032258064516,2.129032258064516,34.41935483870968,0.061163373962761086,0.207164411547675,4,8
2026-01,巴西,iOS,non-Organic,Magic,9.612903225806452,4.451612903225806,34.41935483870968,0.12470865599642232,0.2686529229125264,3,1
2026-01,巴西,iOS,non-Organic,Makeup,4.0,1.7096774193548387,34.41935483870968,0.046546997435383555,0.12162322246448037,11,9
2026-01,巴西,iOS,non-Organic,Matte,0.3448275862068966,0.13793103448275862,35.241379310344826,0.004206925883343687,0.03169571473639432,42,37
2026-01,巴西,iOS,non-Organic,Muscle,2.193548387096774,0.8064516129032258,34.41935483870968,0.023826366708593918,0.07335465925546034,22,19
2026-01,巴西,iOS,non-Organic,Mykit,1.2580645161290323,0.0,34.41935483870968,0.0,0.05977267123768443,29,43
2026-01,巴西,iOS,non-Organic,Plump,2.4193548387096775,0.8064516129032258,34.41935483870968,0.023368977998806762,0.07976456302922612,20,21
2026-01,巴西,iOS,non-Organic,Preset,2.0,0.03225806451612903,34.41935483870968,0.0008960573476702509,0.06652890297732655,24,41
2026-01,巴西,iOS,non-Organic,Prism,0.3548387096774194,0.12903225806451613,34.41935483870968,0.0039466394701719925,0.028420100760255605,44,39
2026-01,巴西,iOS,non-Organic,Relight,3.0,1.2580645161290323,34.41935483870968,0.03449422433340737,0.08599774193697671,18,14
2026-01,巴西,iOS,non-Organic,Reshape,5.903225806451613,3.7096774193548385,34.41935483870968,0.10824440043423139,0.17497135070011907,6,3
2026-01,巴西,iOS,non-Organic,Resize,2.0,0.8709677419354839,34.41935483870968,0.024432145282911932,0.08064226739087757,19,18
2026-01,巴西,iOS,non-Organic,Skin Tone,1.8064516129032258,0.9032258064516129,34.41935483870968,0.02503982943081725,0.06536576364263119,25,17
2026-01,巴西,iOS,non-Organic,Smooth,3.7096774193548385,2.774193548387097,34.41935483870968,0.08191458905639636,0.11393848185532314,13,5
2026-01,巴西,iOS,non-Organic,Stamp,0.7741935483870968,0.16129032258064516,34.41935483870968,0.00413012913012913,0.04347735167446902,39,38
2026-01,巴西,iOS,non-Organic,Teeth,1.7741935483870968,0.0,34.41935483870968,0.0,0.062371515465945854,28,43
2026-01,巴西,iOS,non-Organic,Text,0.7741935483870968,0.06451612903225806,34.41935483870968,0.0016411677820529188,0.04488996604165498,37,40
2026-01,整体,Android,Organic,AI Expand,367.83870967741933,141.80645161290323,9377.838709677419,0.0159830626664969,0.041597139823004246,28,24
2026-01,整体,Android,Organic,AI Image,941.516129032258,187.0,9377.838709677419,0.021805782094451474,0.10910266963650456,7,20
2026-01,整体,Android,Organic,AI Repair,513.6774193548387,245.80645161290323,9377.838709677419,0.02793750147086708,0.05816378591960262,19,16
2026-01,整体,Android,Organic,AI Replace,272.7096774193548,119.87096774193549,9377.838709677419,0.013606092427807586,0.03109728012209013,34,26
2026-01,整体,Android,Organic,AI Retouch,1637.967741935484,703.8709677419355,9377.838709677419,0.07880449336601994,0.18184505383526306,4,3
2026-01,整体,Android,Organic,AI Tattoo,250.19354838709677,69.06451612903226,9377.838709677419,0.007442701974434418,0.02741819030502023,38,35
2026-01,整体,Android,Organic,Acne,528.4193548387096,349.16129032258067,9377.838709677419,0.03939232586563389,0.05916830694914265,16,12
2026-01,整体,Android,Organic,Adjust,813.1935483870968,405.1290322580645,9377.838709677419,0.04549943426995387,0.09153614701676177,10,10
2026-01,整体,Android,Organic,Background,624.8064516129032,83.06451612903226,9377.838709677419,0.00936888784350774,0.07043951546519504,14,31
2026-01,整体,Android,Organic,Blur,496.8709677419355,235.58064516129033,9377.838709677419,0.02661865255474619,0.05635846871974582,22,18
2026-01,整体,Android,Organic,Body,480.51612903225805,271.48387096774195,9377.838709677419,0.029708471244119957,0.05286530552350037,23,15
2026-01,整体,Android,Organic,Bokeh,417.741935483871,236.06451612903226,9377.838709677419,0.027032724917067794,0.04760879954758487,25,17
2026-01,整体,Android,Organic,Brighten,329.2258064516129,166.61290322580646,9377.838709677419,0.01860131879860019,0.03669454225706068,32,22
2026-01,整体,Android,Organic,Concealer,408.8709677419355,177.80645161290323,9377.838709677419,0.019637551388449706,0.045136391193826106,27,21
2026-01,整体,Android,Organic,Contour,160.7741935483871,73.6774193548387,9377.838709677419,0.008153110967712898,0.01781451878403297,41,33
2026-01,整体,Android,Organic,Crop,527.9677419354839,392.0,9377.838709677419,0.043573743162588136,0.058621328584812976,17,11
2026-01,整体,Android,Organic,Dark Circles,256.06451612903226,159.3548387096774,9377.838709677419,0.01773903897178789,0.02829856752213442,37,23
2026-01,整体,Android,Organic,Details,155.09677419354838,68.45161290322581,9377.838709677419,0.007556636591884514,0.017209066590737017,42,34
2026-01,整体,Android,Organic,Effects,632.2258064516129,34.064516129032256,9377.838709677419,0.003777388642373139,0.07109484303231031,13,40
2026-01,整体,Android,Organic,Eraser,883.5483870967741,432.35483870967744,9377.838709677419,0.04761272826194762,0.09757239000064073,8,8
2026-01,整体,Android,Organic,Expression,345.16129032258067,98.51612903225806,9377.838709677419,0.010891735763566375,0.03847465808197634,30,29
2026-01,整体,Android,Organic,Eye Brighten,184.61290322580646,115.48387096774194,9377.838709677419,0.012935401639227993,0.020592034202626796,39,27
2026-01,整体,Android,Organic,Face,1817.967741935484,746.1935483870968,9377.838709677419,0.08241716475612325,0.20179391074477088,3,2
2026-01,整体,Android,Organic,Face Fix,431.2903225806452,88.6774193548387,9377.838709677419,0.009827360061131751,0.04822625780655027,24,30
2026-01,整体,Android,Organic,Filters,2097.3870967741937,480.51612903225805,9377.838709677419,0.0537765276070537,0.23560296633694158,1,7
2026-01,整体,Android,Organic,Glitter,335.741935483871,51.67741935483871,9377.838709677419,0.005673216745830971,0.03740008249643121,31,39
2026-01,整体,Android,Organic,Glowup,508.93548387096774,136.19354838709677,9377.838709677419,0.015285188543534906,0.056861977706443356,21,25
2026-01,整体,Android,Organic,Hair,1591.5483870967741,488.3225806451613,9377.838709677419,0.05522833033080746,0.1807494691420441,5,6
2026-01,整体,Android,Organic,Magic,1984.4193548387098,949.1935483870968,9377.838709677419,0.10524743928888804,0.22034467466243707,2,1
2026-01,整体,Android,Organic,Makeup,1132.516129032258,544.8064516129032,9377.838709677419,0.05972803054461392,0.1246220428253956,6,5
2026-01,整体,Android,Organic,Matte,144.51612903225808,60.516129032258064,9377.838709677419,0.00666113570616609,0.016015232819347268,44,37
2026-01,整体,Android,Organic,Muscle,273.2258064516129,80.64516129032258,9377.838709677419,0.009049548902154815,0.030719255615258304,35,32
2026-01,整体,Android,Organic,Mykit,420.9032258064516,0.0,9377.838709677419,0.0,0.04736719670789817,26,43
2026-01,整体,Android,Organic,Plump,533.5483870967741,204.83870967741936,9377.838709677419,0.022260186194037964,0.05826416990540081,18,19
2026-01,整体,Android,Organic,Preset,623.8387096774194,63.61290322580645,9377.838709677419,0.007123313364822688,0.07007762952193863,15,36
2026-01,整体,Android,Organic,Prism,145.93548387096774,52.87096774193548,9377.838709677419,0.005924407226235751,0.01645039320463986,43,38
2026-01,整体,Android,Organic,Relight,689.1290322580645,301.2258064516129,9377.838709677419,0.03304673643339009,0.0761922273802383,12,14
2026-01,整体,Android,Organic,Reshape,741.1935483870968,417.19354838709677,9377.838709677419,0.045845297708091357,0.08174817933749408,11,9
2026-01,整体,Android,Organic,Resize,278.83870967741933,115.25806451612904,9377.838709677419,0.012563216166051036,0.030675474060527987,36,28
2026-01,整体,Android,Organic,Skin Tone,517.7741935483871,326.1290322580645,9377.838709677419,0.0365282306173692,0.057856057299381695,20,13
2026-01,整体,Android,Organic,Smooth,845.1290322580645,598.4516129032259,9377.838709677419,0.06735303906899189,0.09475065722817652,9,4
2026-01,整体,Android,Organic,Stamp,172.29032258064515,29.806451612903224,9377.838709677419,0.003342543766154341,0.01924943519436036,40,41
2026-01,整体,Android,Organic,Teeth,358.5483870967742,0.0,9377.838709677419,0.0,0.03939369708821295,29,43
2026-01,整体,Android,Organic,Text,278.48387096774195,22.93548387096774,9377.838709677419,0.0026121753725339273,0.03145586575819414,33,42
2026-01,整体,Android,non-Organic,AI Expand,782.1935483870968,342.0,21614.129032258064,0.016000435703766774,0.036527424156400284,24,19
2026-01,整体,Android,non-Organic,AI Image,4297.774193548387,1607.774193548387,21614.129032258064,0.07627777871253028,0.20305995378424932,3,4
2026-01,整体,Android,non-Organic,AI Repair,798.6129032258065,362.741935483871,21614.129032258064,0.01700993342081541,0.03730502307862343,23,18
2026-01,整体,Android,non-Organic,AI Replace,300.4516129032258,142.32258064516128,21614.129032258064,0.006582561399954268,0.013915443478759375,37,32
2026-01,整体,Android,non-Organic,AI Retouch,4355.645161290323,2128.0,21614.129032258064,0.09857099870627863,0.20165995536736364,5,1
2026-01,整体,Android,non-Organic,AI Tattoo,824.5483870967741,315.258064516129,21614.129032258064,0.014504716981483999,0.03808221845459566,22,21
2026-01,整体,Android,non-Organic,Acne,533.2258064516129,266.0,21614.129032258064,0.012136810653522649,0.024387870840561564,31,25
2026-01,整体,Android,non-Organic,Adjust,1007.516129032258,423.3225806451613,21614.129032258064,0.019344374741864248,0.0461224916793955,16,16
2026-01,整体,Android,non-Organic,Background,1158.9032258064517,273.4193548387097,21614.129032258064,0.012742688891489705,0.053770201000174746,13,23
2026-01,整体,Android,non-Organic,Blur,375.64516129032256,170.90322580645162,21614.129032258064,0.007684989360139283,0.01698541834235836,34,29
2026-01,整体,Android,non-Organic,Body,1166.5806451612902,647.0967741935484,21614.129032258064,0.029284549046017346,0.05313518145725988,14,10
2026-01,整体,Android,non-Organic,Bokeh,223.74193548387098,68.51612903225806,21614.129032258064,0.003123776538256852,0.010209330558067942,43,39
2026-01,整体,Android,non-Organic,Brighten,648.516129032258,300.19354838709677,21614.129032258064,0.01384168137594357,0.029867383712594717,27,22
2026-01,整体,Android,non-Organic,Concealer,954.9032258064516,400.35483870967744,21614.129032258064,0.018431445297814736,0.04395688361840458,18,17
2026-01,整体,Android,non-Organic,Contour,248.3548387096774,116.19354838709677,21614.129032258064,0.005362843009375941,0.011421560163224839,39,36
2026-01,整体,Android,non-Organic,Crop,797.3225806451613,537.8709677419355,21614.129032258064,0.024677658518768204,0.036507408287858034,25,14
2026-01,整体,Android,non-Organic,Dark Circles,431.93548387096774,206.70967741935485,21614.129032258064,0.00948872653738995,0.019852065767864097,33,26
2026-01,整体,Android,non-Organic,Details,223.25806451612902,84.06451612903226,21614.129032258064,0.0038610071724663572,0.010223369987387813,42,37
2026-01,整体,Android,non-Organic,Effects,1186.516129032258,158.83870967741936,21614.129032258064,0.007431827326825835,0.05507419775228139,12,30
2026-01,整体,Android,non-Organic,Eraser,1905.483870967742,851.9354838709677,21614.129032258064,0.03891062765893741,0.08741467066661465,8,8
2026-01,整体,Android,non-Organic,Expression,539.5483870967741,195.96774193548387,21614.129032258064,0.009004602990654984,0.024778491946123245,30,27
2026-01,整体,Android,non-Organic,Eye Brighten,277.1290322580645,129.1290322580645,21614.129032258064,0.005932895520688783,0.012735950690014257,38,35
2026-01,整体,Android,non-Organic,Face,3924.3548387096776,1542.4516129032259,21614.129032258064,0.07105541210174489,0.18128073879562964,6,5
2026-01,整体,Android,non-Organic,Face Fix,644.0322580645161,173.8709677419355,21614.129032258064,0.007991160964005836,0.029552373832244242,28,28
2026-01,整体,Android,non-Organic,Filters,4361.677419354839,1134.4193548387098,21614.129032258064,0.052724278043994696,0.20239024772176376,4,7
2026-01,整体,Android,non-Organic,Glitter,524.7741935483871,130.25806451612902,21614.129032258064,0.0059669616466354715,0.024102648904926277,32,34
2026-01,整体,Android,non-Organic,Glowup,958.0,263.3225806451613,21614.129032258064,0.012198770878796264,0.04430376942378651,17,24
2026-01,整体,Android,non-Organic,Hair,5072.5161290322585,1926.8064516129032,21614.129032258064,0.09017470464934814,0.23710520942787983,1,3
2026-01,整体,Android,non-Organic,Magic,4522.935483870968,2089.4193548387098,21614.129032258064,0.09647678465597312,0.20898783533366036,2,2
2026-01,整体,Android,non-Organic,Makeup,2929.7096774193546,1446.9354838709678,21614.129032258064,0.06690733770543586,0.13547833029838813,7,6
2026-01,整体,Android,non-Organic,Matte,226.48387096774192,82.3225806451613,21614.129032258064,0.0037790424868507314,0.010408250526047318,40,38
2026-01,整体,Android,non-Organic,Muscle,876.741935483871,325.19354838709677,21614.129032258064,0.015188915677932015,0.04087677343171323,20,20
2026-01,整体,Android,non-Organic,Mykit,602.7096774193549,0.0,21614.129032258064,0.0,0.027991645098424976,29,44
2026-01,整体,Android,non-Organic,Plump,1240.967741935484,573.5483870967741,21614.129032258064,0.026549634661922023,0.05733830144249304,11,11
2026-01,整体,Android,non-Organic,Preset,951.7096774193549,146.48387096774192,21614.129032258064,0.006656008183959905,0.04352343863882685,19,31
2026-01,整体,Android,non-Organic,Prism,163.96774193548387,61.935483870967744,21614.129032258064,0.002821255423884971,0.007491812048805245,44,40
2026-01,整体,Android,non-Organic,Relight,1658.258064516129,752.4193548387096,21614.129032258064,0.0346316876478548,0.07638761755768733,9,9
2026-01,整体,Android,non-Organic,Reshape,1279.516129032258,547.2903225806451,21614.129032258064,0.02478822061148889,0.058390306139510934,10,13
2026-01,整体,Android,non-Organic,Resize,320.8709677419355,131.8709677419355,21614.129032258064,0.005974719280303663,0.01454733963516311,36,33
2026-01,整体,Android,non-Organic,Skin Tone,869.0322580645161,453.96774193548384,21614.129032258064,0.02087363511048547,0.040008819105159195,21,15
2026-01,整体,Android,non-Organic,Smooth,1072.032258064516,572.3548387096774,21614.129032258064,0.026254351359257074,0.049262954090902616,15,12
2026-01,整体,Android,non-Organic,Stamp,226.83870967741936,42.0,21614.129032258064,0.0019241525266422367,0.010389259553940431,41,41
2026-01,整体,Android,non-Organic,Teeth,681.5806451612904,0.12903225806451613,21614.129032258064,6.418678209947622e-06,0.031191961750311633,26,43
2026-01,整体,Android,non-Organic,Text,346.5806451612903,37.74193548387097,21614.129032258064,0.0017365429662040154,0.016081947269198225,35,42
2026-01,整体,iOS,Organic,AI Expand,446.5483870967742,147.96774193548387,15920.09677419355,0.009415174265566893,0.028306384402461922,33,29
2026-01,整体,iOS,Organic,AI Image,1100.6129032258063,166.19354838709677,15920.09677419355,0.0103776463779682,0.06853169744312657,18,27
2026-01,整体,iOS,Organic,AI Repair,654.8709677419355,240.09677419354838,15920.09677419355,0.015172187440330009,0.041513207979611756,29,24
2026-01,整体,iOS,Organic,AI Replace,295.83870967741933,113.2258064516129,15920.09677419355,0.007254127476135329,0.018850795689076667,41,33
2026-01,整体,iOS,Organic,AI Retouch,3950.6451612903224,1559.483870967742,15920.09677419355,0.09810657456879841,0.24732319311298753,4,6
2026-01,整体,iOS,Organic,AI Tattoo,314.51612903225805,56.03225806451613,15920.09677419355,0.0036229923314015583,0.020296089965630495,40,38
2026-01,整体,iOS,Organic,Acne,2062.0,1556.6451612903227,15920.09677419355,0.09830070188692613,0.13029862761949426,9,5
2026-01,整体,iOS,Organic,Adjust,1483.9354838709678,596.5806451612904,15920.09677419355,0.037052162891320586,0.09234596650139483,14,15
2026-01,整体,iOS,Organic,Background,802.3870967741935,87.25806451612904,15920.09677419355,0.005635398731036736,0.05057267117201803,24,35
2026-01,整体,iOS,Organic,Blur,777.2903225806451,468.4516129032258,15920.09677419355,0.029318385853060777,0.04866176555959225,27,18
2026-01,整体,iOS,Organic,Body,1516.7096774193549,1014.3225806451613,15920.09677419355,0.06305490142778554,0.0949115801851131,12,8
2026-01,整体,iOS,Organic,Bokeh,326.64516129032256,100.35483870967742,15920.09677419355,0.006331437657163346,0.02068164822785045,39,34
2026-01,整体,iOS,Organic,Brighten,837.3870967741935,429.8709677419355,15920.09677419355,0.02706007853199897,0.05282311875087515,23,21
2026-01,整体,iOS,Organic,Concealer,1092.6774193548388,499.741935483871,15920.09677419355,0.031724293607303305,0.06918056477033518,17,17
2026-01,整体,iOS,Organic,Contour,413.16129032258067,219.8709677419355,15920.09677419355,0.013853433610879292,0.026081079756635966,36,25
2026-01,整体,iOS,Organic,Crop,753.8064516129032,544.4193548387096,15920.09677419355,0.03406067851208974,0.047286422800486595,28,16
2026-01,整体,iOS,Organic,Dark Circles,798.5806451612904,595.8064516129032,15920.09677419355,0.03742835428594217,0.050237004947468945,26,14
2026-01,整体,iOS,Organic,Details,405.03225806451616,143.6451612903226,15920.09677419355,0.009215440632040585,0.025804408476483617,37,30
2026-01,整体,iOS,Organic,Effects,976.0,20.032258064516128,15920.09677419355,0.0012315192476387731,0.06031954414441751,21,42
2026-01,整体,iOS,Organic,Eraser,1701.5483870967741,967.3225806451613,15920.09677419355,0.06098613874475304,0.10732785194948963,10,9
2026-01,整体,iOS,Organic,Expression,631.4516129032259,138.09677419354838,15920.09677419355,0.008590960104836459,0.039440561963797076,30,31
2026-01,整体,iOS,Organic,Eye Brighten,523.7741935483871,357.96774193548384,15920.09677419355,0.02271660058770582,0.03319878067438881,31,23
2026-01,整体,iOS,Organic,Face,5128.5161290322585,2196.935483870968,15920.09677419355,0.13645699965822303,0.3198875713878892,1,3
2026-01,整体,iOS,Organic,Face Fix,992.0645161290323,165.32258064516128,15920.09677419355,0.010191304972812943,0.062089749259310295,20,28
2026-01,整体,iOS,Organic,Filters,4097.322580645161,728.9677419354839,15920.09677419355,0.04484307419975444,0.2518089459945522,3,12
2026-01,整体,iOS,Organic,Glitter,419.258064516129,65.58064516129032,15920.09677419355,0.004069828981626595,0.0261507472620861,35,37
2026-01,整体,iOS,Organic,Glowup,1367.6451612903227,418.83870967741933,15920.09677419355,0.02635794643950671,0.08579223532942129,15,22
2026-01,整体,iOS,Organic,Hair,2548.967741935484,714.9677419354839,15920.09677419355,0.045859103240672716,0.16409267879376677,7,11
2026-01,整体,iOS,Organic,Magic,4493.903225806452,2474.6129032258063,15920.09677419355,0.15440558884333302,0.2801132519246697,2,1
2026-01,整体,iOS,Organic,Makeup,2702.2258064516127,1211.483870967742,15920.09677419355,0.07541758654886672,0.1684721021445162,6,7
2026-01,整体,iOS,Organic,Matte,359.6774193548387,175.19354838709677,15920.09677419355,0.010948446462772687,0.022623048100990632,38,26
2026-01,整体,iOS,Organic,Muscle,442.4516129032258,128.51612903225808,15920.09677419355,0.008241058472996568,0.02808077432307249,34,32
2026-01,整体,iOS,Organic,Mykit,455.19354838709677,0.0,15920.09677419355,0.0,0.029045687255404046,32,43
2026-01,整体,iOS,Organic,Plump,1258.7096774193549,443.6774193548387,15920.09677419355,0.028139396325526235,0.07976235718265416,16,19
2026-01,整体,iOS,Organic,Preset,807.3225806451613,85.12903225806451,15920.09677419355,0.005304510900760898,0.05039893656498366,25,36
2026-01,整体,iOS,Organic,Prism,158.83870967741936,44.32258064516129,15920.09677419355,0.0027872484386969633,0.010033422038676578,44,40
2026-01,整体,iOS,Organic,Relight,1707.7096774193549,750.8709677419355,15920.09677419355,0.042969937895046155,0.09971005250467975,11,13
2026-01,整体,iOS,Organic,Reshape,2651.6129032258063,1875.7096774193549,15920.09677419355,0.11548013170296015,0.163726560706956,8,4
2026-01,整体,iOS,Organic,Resize,965.9354838709677,450.4193548387097,15920.09677419355,0.02769067995231204,0.05952148799944181,22,20
2026-01,整体,iOS,Organic,Skin Tone,1486.8387096774193,968.1612903225806,15920.09677419355,0.06088911415302249,0.0937252227621366,13,10
2026-01,整体,iOS,Organic,Smooth,2898.1290322580644,2267.7741935483873,15920.09677419355,0.1421328524957828,0.18180549256226636,5,2
2026-01,整体,iOS,Organic,Stamp,200.4516129032258,44.483870967741936,15920.09677419355,0.002850163308996658,0.012807636417887265,43,39
2026-01,整体,iOS,Organic,Teeth,1086.4516129032259,0.0,15920.09677419355,0.0,0.06663286556815294,19,43
2026-01,整体,iOS,Organic,Text,216.4516129032258,20.387096774193548,15920.09677419355,0.0013204733549625743,0.013875594947128105,42,41
2026-01,整体,iOS,non-Organic,AI Expand,119.83870967741936,45.61290322580645,2895.6774193548385,0.015891756020209948,0.04157929319846783,28,23
2026-01,整体,iOS,non-Organic,AI Image,313.7096774193548,43.064516129032256,2895.6774193548385,0.014847828393793899,0.10868096875086931,7,24
2026-01,整体,iOS,non-Organic,AI Repair,151.06451612903226,62.25806451612903,2895.6774193548385,0.021672187341039068,0.052559273624314486,22,18
2026-01,整体,iOS,non-Organic,AI Replace,77.93548387096774,34.29032258064516,2895.6774193548385,0.011885610798427733,0.02709886506005732,35,29
2026-01,整体,iOS,non-Organic,AI Retouch,724.3548387096774,250.83870967741936,2895.6774193548385,0.08549240846450802,0.24886027749184464,3,4
2026-01,整体,iOS,non-Organic,AI Tattoo,95.2258064516129,23.225806451612904,2895.6774193548385,0.00805687181595991,0.03308802541126109,32,33
2026-01,整体,iOS,non-Organic,Acne,187.80645161290323,110.7741935483871,2895.6774193548385,0.03830638469975638,0.06483729296885093,16,11
2026-01,整体,iOS,non-Organic,Adjust,175.83870967741936,52.96774193548387,2895.6774193548385,0.01818241581950324,0.060855090682477096,18,21
2026-01,整体,iOS,non-Organic,Background,174.19354838709677,22.225806451612904,2895.6774193548385,0.007700445342238631,0.0601467503181052,20,34
2026-01,整体,iOS,non-Organic,Blur,83.70967741935483,39.96774193548387,2895.6774193548385,0.013862696081375503,0.0290187919532381,34,27
2026-01,整体,iOS,non-Organic,Body,256.2258064516129,151.61290322580646,2895.6774193548385,0.052250515482579495,0.088543713813423,12,7
2026-01,整体,iOS,non-Organic,Bokeh,36.38709677419355,7.129032258064516,2895.6774193548385,0.0024234722266289178,0.012588218790910126,42,38
2026-01,整体,iOS,non-Organic,Brighten,121.48387096774194,61.064516129032256,2895.6774193548385,0.021115776692225845,0.041884813355875586,27,19
2026-01,整体,iOS,non-Organic,Concealer,148.74193548387098,66.74193548387096,2895.6774193548385,0.02307930867097808,0.05129814366169298,24,16
2026-01,整体,iOS,non-Organic,Contour,61.67741935483871,32.096774193548384,2895.6774193548385,0.011093050728404356,0.021324759116160084,39,30
2026-01,整体,iOS,non-Organic,Crop,103.6774193548387,71.19354838709677,2895.6774193548385,0.024452252759047246,0.03572617576202147,31,15
2026-01,整体,iOS,non-Organic,Dark Circles,94.35483870967742,57.064516129032256,2895.6774193548385,0.019737273407458886,0.032676834059987794,33,20
2026-01,整体,iOS,non-Organic,Details,64.45161290322581,21.870967741935484,2895.6774193548385,0.007568444606735174,0.022316622543131503,38,35
2026-01,整体,iOS,non-Organic,Effects,173.25806451612902,5.419354838709677,2895.6774193548385,0.0018431581428044086,0.060147558902753924,19,40
2026-01,整体,iOS,non-Organic,Eraser,297.0,177.19354838709677,2895.6774193548385,0.06101826383953524,0.10239463740425954,9,6
2026-01,整体,iOS,non-Organic,Expression,123.16129032258064,29.548387096774192,2895.6774193548385,0.010173648975707893,0.04250015431634341,26,31
2026-01,整体,iOS,non-Organic,Eye Brighten,74.25806451612904,42.483870967741936,2895.6774193548385,0.014667286247739966,0.025642875151824167,36,25
2026-01,整体,iOS,non-Organic,Face,822.2258064516129,357.93548387096774,2895.6774193548385,0.12283571046381751,0.28244409685468524,2,1
2026-01,整体,iOS,non-Organic,Face Fix,206.41935483870967,41.67741935483871,2895.6774193548385,0.014312092124286748,0.07083028906460467,14,26
2026-01,整体,iOS,non-Organic,Filters,649.1612903225806,96.25806451612904,2895.6774193548385,0.03290989671853269,0.22387407577792764,5,12
2026-01,整体,iOS,non-Organic,Glitter,74.09677419354838,14.64516129032258,2895.6774193548385,0.0049365229409193785,0.025418773326946836,37,36
2026-01,整体,iOS,non-Organic,Glowup,285.5806451612903,79.54838709677419,2895.6774193548385,0.02745399810160973,0.09829611147448955,11,14
2026-01,整体,iOS,non-Organic,Hair,1055.4516129032259,262.61290322580646,2895.6774193548385,0.09089458779471636,0.3645803307641548,1,3
2026-01,整体,iOS,non-Organic,Magic,695.5483870967741,304.51612903225805,2895.6774193548385,0.10469713598769353,0.23939444803061857,4,2
2026-01,整体,iOS,non-Organic,Makeup,398.48387096774195,151.19354838709677,2895.6774193548385,0.05193833516629989,0.13720513545446225,6,8
2026-01,整体,iOS,non-Organic,Matte,50.354838709677416,24.322580645161292,2895.6774193548385,0.008458061175954733,0.017471293764883062,41,32
2026-01,整体,iOS,non-Organic,Muscle,123.19354838709677,40.03225806451613,2895.6774193548385,0.013814616764532354,0.04252685223307788,25,28
2026-01,整体,iOS,non-Organic,Mykit,111.06451612903226,0.0,2895.6774193548385,0.0,0.03862273181724539,30,43
2026-01,整体,iOS,non-Organic,Plump,175.93548387096774,62.74193548387097,2895.6774193548385,0.021940688520847924,0.061689880751695444,17,17
2026-01,整体,iOS,non-Organic,Preset,158.58064516129033,12.548387096774194,2895.6774193548385,0.0042742284353348885,0.05487820656230066,21,37
2026-01,整体,iOS,non-Organic,Prism,21.967741935483872,5.516129032258065,2895.6774193548385,0.0018412886581730817,0.00752811020192292,44,41
2026-01,整体,iOS,non-Organic,Relight,208.3548387096774,79.58064516129032,2895.6774193548385,0.027563202334949927,0.07194957758494083,13,13
2026-01,整体,iOS,non-Organic,Reshape,291.83870967741933,149.48387096774192,2895.6774193548385,0.05136412940537245,0.10062297001216915,10,9
2026-01,整体,iOS,non-Organic,Resize,116.58064516129032,51.32258064516129,2895.6774193548385,0.01756919419374039,0.04010125299985699,29,22
2026-01,整体,iOS,non-Organic,Skin Tone,193.3548387096774,113.29032258064517,2895.6774193548385,0.039211344337867195,0.06672957830761263,15,10
2026-01,整体,iOS,non-Organic,Smooth,310.64516129032256,206.03225806451613,2895.6774193548385,0.0710472704198034,0.10711405930923287,8,5
2026-01,整体,iOS,non-Organic,Stamp,28.806451612903224,5.32258064516129,2895.6774193548385,0.001852931182292135,0.009998153640474862,43,39
2026-01,整体,iOS,non-Organic,Teeth,151.5483870967742,0.0,2895.6774193548385,0.0,0.05188265403965816,23,43
2026-01,整体,iOS,non-Organic,Text,50.903225806451616,4.0,2895.6774193548385,0.0014094541238131354,0.017603238440973796,40,42
2026-01,美国,Android,Organic,AI Expand,10.129032258064516,4.258064516129032,301.35483870967744,0.015202948646238194,0.03518589996433697,30,26
2026-01,美国,Android,Organic,AI Image,24.967741935483872,4.258064516129032,301.35483870967744,0.014314028803135438,0.08544617265504732,8,27
2026-01,美国,Android,Organic,AI Repair,16.06451612903226,8.03225806451613,301.35483870967744,0.028530548369514217,0.055655091600938664,21,15
2026-01,美国,Android,Organic,AI Replace,9.838709677419354,4.838709677419355,301.35483870967744,0.01587201659178976,0.03384229916625184,32,25
2026-01,美国,Android,Organic,AI Retouch,53.354838709677416,23.258064516129032,301.35483870967744,0.0781669342512319,0.17926107993307597,4,4
2026-01,美国,Android,Organic,AI Tattoo,7.32258064516129,2.0,301.35483870967744,0.006525623300103294,0.025082004544690072,38,37
2026-01,美国,Android,Organic,Acne,18.35483870967742,13.387096774193548,301.35483870967744,0.047519589746709064,0.06423172966344598,15,10
2026-01,美国,Android,Organic,Adjust,20.322580645161292,10.67741935483871,301.35483870967744,0.03802715101012813,0.07121611409779524,12,13
2026-01,美国,Android,Organic,Background,16.677419354838708,3.7096774193548385,301.35483870967744,0.013289110524857739,0.058053240322034946,19,29
2026-01,美国,Android,Organic,Blur,9.774193548387096,5.67741935483871,301.35483870967744,0.019758520471575336,0.03383360651828311,33,23
2026-01,美国,Android,Organic,Body,14.483870967741936,8.290322580645162,301.35483870967744,0.02859462038329798,0.04991173409513579,24,14
2026-01,美国,Android,Organic,Bokeh,5.935483870967742,2.5483870967741935,301.35483870967744,0.008772352360073022,0.020909230634672017,41,35
2026-01,美国,Android,Organic,Brighten,12.838709677419354,6.967741935483871,301.35483870967744,0.023723848577573176,0.04321293836277906,26,17
2026-01,美国,Android,Organic,Concealer,14.96774193548387,6.129032258064516,301.35483870967744,0.020762353805394807,0.050868002909986464,23,21
2026-01,美国,Android,Organic,Contour,7.451612903225806,3.6451612903225805,301.35483870967744,0.01210342564453988,0.025644406374071536,37,31
2026-01,美国,Android,Organic,Crop,18.483870967741936,15.806451612903226,301.35483870967744,0.05433727111400965,0.06286141113573829,16,7
2026-01,美国,Android,Organic,Dark Circles,10.225806451612904,6.483870967741935,301.35483870967744,0.021605056274243216,0.033919568920599316,31,19
2026-01,美国,Android,Organic,Details,8.580645161290322,3.935483870967742,301.35483870967744,0.013002548722270314,0.02932580000194908,34,30
2026-01,美国,Android,Organic,Effects,21.451612903225808,1.7741935483870968,301.35483870967744,0.00619717936213795,0.07401271203457546,10,38
2026-01,美国,Android,Organic,Eraser,22.612903225806452,14.161290322580646,301.35483870967744,0.05036815151107162,0.07944777143216106,9,9
2026-01,美国,Android,Organic,Expression,10.741935483870968,3.161290322580645,301.35483870967744,0.010658105957358534,0.035820878983855664,28,32
2026-01,美国,Android,Organic,Eye Brighten,8.451612903225806,5.806451612903226,301.35483870967744,0.02010256952603541,0.02867885043109007,35,22
2026-01,美国,Android,Organic,Face,62.32258064516129,30.838709677419356,301.35483870967744,0.10436660586227868,0.21064860382256248,2,2
2026-01,美国,Android,Organic,Face Fix,16.258064516129032,4.193548387096774,301.35483870967744,0.014118516360971651,0.055819617370792926,20,28
2026-01,美国,Android,Organic,Filters,60.96774193548387,18.903225806451612,301.35483870967744,0.06639572639262786,0.20942430185108057,3,6
2026-01,美国,Android,Organic,Glitter,8.129032258064516,1.6774193548387097,301.35483870967744,0.0056439806294668925,0.02679725343189522,36,39
2026-01,美国,Android,Organic,Glowup,19.096774193548388,6.32258064516129,301.35483870967744,0.022669919690262545,0.06615507756827768,13,18
2026-01,美国,Android,Organic,Hair,44.064516129032256,15.225806451612904,301.35483870967744,0.05285634801658861,0.15399298411423906,5,8
2026-01,美国,Android,Organic,Magic,64.51612903225806,33.354838709677416,301.35483870967744,0.11283960127116321,0.21807399167000388,1,1
2026-01,美国,Android,Organic,Makeup,39.16129032258065,22.29032258064516,301.35483870967744,0.07538250339056309,0.13217410543946814,6,5
2026-01,美国,Android,Organic,Matte,5.870967741935484,2.935483870967742,301.35483870967744,0.009644309992738844,0.020010291920782162,42,33
2026-01,美国,Android,Organic,Muscle,6.451612903225806,2.4516129032258065,301.35483870967744,0.008535107848478773,0.02250840705598339,40,36
2026-01,美国,Android,Organic,Mykit,11.838709677419354,0.0,301.35483870967744,0.0,0.0416087737767474,27,43
2026-01,美国,Android,Organic,Plump,16.258064516129032,6.451612903225806,301.35483870967744,0.021286997941972686,0.05427726202899089,22,20
2026-01,美国,Android,Organic,Preset,17.161290322580644,2.806451612903226,301.35483870967744,0.00939711841160387,0.05861404748062139,18,34
2026-01,美国,Android,Organic,Prism,3.7096774193548385,1.5483870967741935,301.35483870967744,0.0053816043457380015,0.013573247232924714,44,40
2026-01,美国,Android,Organic,Relight,17.258064516129032,8.129032258064516,301.35483870967744,0.028378083666755306,0.060662276987927005,17,16
2026-01,美国,Android,Organic,Reshape,21.322580645161292,12.096774193548388,301.35483870967744,0.04140436442880367,0.07281975193687457,11,12
2026-01,美国,Android,Organic,Resize,10.290322580645162,5.0,301.35483870967744,0.017329745705414724,0.0355774008589131,29,24
2026-01,美国,Android,Organic,Skin Tone,19.387096774193548,12.903225806451612,301.35483870967744,0.04427709800797337,0.06586787182171222,14,11
2026-01,美国,Android,Organic,Smooth,30.838709677419356,23.774193548387096,301.35483870967744,0.08176892269681886,0.10503950086529634,7,3
2026-01,美国,Android,Organic,Stamp,4.258064516129032,1.064516129032258,301.35483870967744,0.0038537499708470196,0.01459814847344511,43,42
2026-01,美国,Android,Organic,Teeth,14.32258064516129,0.0,301.35483870967744,0.0,0.0489568806229959,25,43
2026-01,美国,Android,Organic,Text,6.870967741935484,1.1935483870967742,301.35483870967744,0.00437823163002976,0.023083193137702095,39,41
2026-01,美国,Android,non-Organic,AI Expand,9.709677419354838,3.4516129032258065,276.1290322580645,0.011886409487679028,0.036258243731584185,33,32
2026-01,美国,Android,non-Organic,AI Image,31.70967741935484,4.709677419354839,276.1290322580645,0.017239683250089247,0.11689662506465502,8,26
2026-01,美国,Android,non-Organic,AI Repair,15.64516129032258,6.870967741935484,276.1290322580645,0.02701452300121952,0.058238212301248274,23,18
2026-01,美国,Android,non-Organic,AI Replace,8.64516129032258,3.967741935483871,276.1290322580645,0.014958559588874147,0.03239205942127725,36,28
2026-01,美国,Android,non-Organic,AI Retouch,70.12903225806451,29.903225806451612,276.1290322580645,0.10578655689529298,0.2521935664497827,3,3
2026-01,美国,Android,non-Organic,AI Tattoo,7.741935483870968,1.8709677419354838,276.1290322580645,0.006839005762862896,0.028123171548356397,38,36
2026-01,美国,Android,non-Organic,Acne,17.903225806451612,11.419354838709678,276.1290322580645,0.041707067040943666,0.06526233096377515,20,11
2026-01,美国,Android,non-Organic,Adjust,19.548387096774192,8.064516129032258,276.1290322580645,0.029246922373934222,0.07141981337097507,16,17
2026-01,美国,Android,non-Organic,Background,18.741935483870968,3.7419354838709675,276.1290322580645,0.01283211677907705,0.06721195998548386,18,31
2026-01,美国,Android,non-Organic,Blur,11.193548387096774,5.774193548387097,276.1290322580645,0.020100691662834184,0.03998514481763687,30,23
2026-01,美国,Android,non-Organic,Body,17.741935483870968,9.516129032258064,276.1290322580645,0.03404935112835703,0.06492121044471673,21,13
2026-01,美国,Android,non-Organic,Bokeh,4.774193548387097,0.9354838709677419,276.1290322580645,0.003384583152494275,0.017926232290219266,42,41
2026-01,美国,Android,non-Organic,Brighten,15.483870967741936,8.870967741935484,276.1290322580645,0.030958419315456166,0.05539894909108859,24,15
2026-01,美国,Android,non-Organic,Concealer,19.806451612903224,8.580645161290322,276.1290322580645,0.030404359294058648,0.07094224987838979,17,16
2026-01,美国,Android,non-Organic,Contour,9.0,3.838709677419355,276.1290322580645,0.013335586593849187,0.03289424149141405,35,30
2026-01,美国,Android,non-Organic,Crop,14.612903225806452,12.0,276.1290322580645,0.043379633181037394,0.05343963182790282,26,10
2026-01,美国,Android,non-Organic,Dark Circles,10.64516129032258,6.516129032258065,276.1290322580645,0.022625782074483576,0.038591322944023024,31,21
2026-01,美国,Android,non-Organic,Details,11.129032258064516,4.935483870967742,276.1290322580645,0.017485682701378395,0.04023295317227158,29,24
2026-01,美国,Android,non-Organic,Effects,24.483870967741936,1.8387096774193548,276.1290322580645,0.006502924289225085,0.08928079324451058,10,37
2026-01,美国,Android,non-Organic,Eraser,25.93548387096774,14.193548387096774,276.1290322580645,0.05180285252440519,0.09329881732786852,9,8
2026-01,美国,Android,non-Organic,Expression,11.387096774193548,3.903225806451613,276.1290322580645,0.014253526549024193,0.040348044240486644,28,29
2026-01,美国,Android,non-Organic,Eye Brighten,9.774193548387096,5.903225806451613,276.1290322580645,0.020411498321528304,0.03399275159088207,34,22
2026-01,美国,Android,non-Organic,Face,79.03225806451613,35.70967741935484,276.1290322580645,0.12438662418335364,0.2802181170204743,1,2
2026-01,美国,Android,non-Organic,Face Fix,21.483870967741936,5.129032258064516,276.1290322580645,0.017450762875253455,0.07657474945524437,14,25
2026-01,美国,Android,non-Organic,Filters,67.74193548387096,16.419354838709676,276.1290322580645,0.05828409089455293,0.24629389106653668,4,7
2026-01,美国,Android,non-Organic,Glitter,7.935483870967742,1.6774193548387097,276.1290322580645,0.005770266359893179,0.02784263597732018,39,38
2026-01,美国,Android,non-Organic,Glowup,23.774193548387096,8.96774193548387,276.1290322580645,0.031022198577121952,0.08444405112800621,11,14
2026-01,美国,Android,non-Organic,Hair,60.193548387096776,18.161290322580644,276.1290322580645,0.06416356780905828,0.22325025736405976,5,6
2026-01,美国,Android,non-Organic,Magic,75.96774193548387,36.83870967741935,276.1290322580645,0.12884574557788994,0.27233079452337783,2,1
2026-01,美国,Android,non-Organic,Makeup,42.41935483870968,21.677419354838708,276.1290322580645,0.07791587666704256,0.1525516042291173,6,5
2026-01,美国,Android,non-Organic,Matte,7.032258064516129,3.225806451612903,276.1290322580645,0.011467923085749687,0.025435136018098627,40,33
2026-01,美国,Android,non-Organic,Muscle,7.903225806451613,3.064516129032258,276.1290322580645,0.010912718993084655,0.02873384971674306,37,34
2026-01,美国,Android,non-Organic,Mykit,12.387096774193548,0.0,276.1290322580645,0.0,0.046980731404125495,27,43
2026-01,美国,Android,non-Organic,Plump,18.096774193548388,7.451612903225806,276.1290322580645,0.026600151364741895,0.06654573727605351,19,19
2026-01,美国,Android,non-Organic,Preset,19.70967741935484,2.161290322580645,276.1290322580645,0.007662322738264845,0.07224052286860606,15,35
2026-01,美国,Android,non-Organic,Prism,3.2903225806451615,1.096774193548387,276.1290322580645,0.0035345959566245354,0.013068023277594628,44,40
2026-01,美国,Android,non-Organic,Relight,17.193548387096776,7.548387096774194,276.1290322580645,0.02641624990827433,0.061385242571368855,22,20
2026-01,美国,Android,non-Organic,Reshape,23.612903225806452,11.483870967741936,276.1290322580645,0.040405082513263774,0.08296766370774272,12,12
2026-01,美国,Android,non-Organic,Resize,10.193548387096774,4.483870967741935,276.1290322580645,0.015835717798711207,0.036282164484139345,32,27
2026-01,美国,Android,non-Organic,Skin Tone,22.161290322580644,12.225806451612904,276.1290322580645,0.04412643657843034,0.08010688242561205,13,9
2026-01,美国,Android,non-Organic,Smooth,33.67741935483871,24.29032258064516,276.1290322580645,0.08659186699930936,0.12020732355587951,7,4
2026-01,美国,Android,non-Organic,Stamp,4.064516129032258,0.9032258064516129,276.1290322580645,0.003329958175234441,0.015538272842671374,43,42
2026-01,美国,Android,non-Organic,Teeth,15.096774193548388,0.0,276.1290322580645,0.0,0.05425233045145681,25,43
2026-01,美国,Android,non-Organic,Text,5.548387096774194,1.064516129032258,276.1290322580645,0.003613988016843576,0.020373787458099694,41,39
2026-01,美国,iOS,Organic,AI Expand,65.19354838709677,22.870967741935484,2834.3870967741937,0.008212879517743894,0.023124278689920157,35,29
2026-01,美国,iOS,Organic,AI Image,170.48387096774192,19.0,2834.3870967741937,0.006464693710067678,0.05906247510463141,20,34
2026-01,美国,iOS,Organic,AI Repair,95.12903225806451,34.645161290322584,2834.3870967741937,0.01221946570022002,0.03357043044410501,30,25
2026-01,美国,iOS,Organic,AI Replace,52.16129032258065,20.70967741935484,2834.3870967741937,0.007299851717188663,0.018212407668572555,40,30
2026-01,美国,iOS,Organic,AI Retouch,657.2258064516129,228.70967741935485,2834.3870967741937,0.07958642896373387,0.2301998373437673,3,6
2026-01,美国,iOS,Organic,AI Tattoo,54.38709677419355,8.35483870967742,2834.3870967741937,0.0030599041201557413,0.01958681671760465,38,38
2026-01,美国,iOS,Organic,Acne,308.64516129032256,232.61290322580646,2834.3870967741937,0.0815209863901133,0.10829322058493356,9,5
2026-01,美国,iOS,Organic,Adjust,189.90322580645162,70.90322580645162,2834.3870967741937,0.024727359766806394,0.0663150094569088,15,19
2026-01,美国,iOS,Organic,Background,133.03225806451613,20.419354838709676,2834.3870967741937,0.007295796595605661,0.04691941353152572,24,31
2026-01,美国,iOS,Organic,Blur,113.19354838709677,65.7741935483871,2834.3870967741937,0.023252433477455602,0.0399111004597234,27,21
2026-01,美国,iOS,Organic,Body,209.93548387096774,134.06451612903226,2834.3870967741937,0.04700857215746242,0.07411138492898282,14,11
2026-01,美国,iOS,Organic,Bokeh,36.806451612903224,10.03225806451613,2834.3870967741937,0.003513777472604923,0.01308627309535184,41,37
2026-01,美国,iOS,Organic,Brighten,154.67741935483872,80.90322580645162,2834.3870967741937,0.028254911768594158,0.05414662151064567,23,15
2026-01,美国,iOS,Organic,Concealer,178.67741935483872,79.87096774193549,2834.3870967741937,0.02808309475848567,0.06264868968560608,16,16
2026-01,美国,iOS,Organic,Contour,75.25806451612904,38.96774193548387,2834.3870967741937,0.013669266078901548,0.02644929544992303,33,24
2026-01,美国,iOS,Organic,Crop,108.80645161290323,83.90322580645162,2834.3870967741937,0.02960388515439053,0.03835688526636621,28,14
2026-01,美国,iOS,Organic,Dark Circles,124.12903225806451,88.41935483870968,2834.3870967741937,0.030753203967476963,0.04328737734114116,26,13
2026-01,美国,iOS,Organic,Details,80.29032258064517,28.806451612903224,2834.3870967741937,0.010152424507402382,0.02834984400183434,32,27
2026-01,美国,iOS,Organic,Effects,167.32258064516128,5.129032258064516,2834.3870967741937,0.0017521028746788792,0.059016423321170436,21,41
2026-01,美国,iOS,Organic,Eraser,252.25806451612902,150.25806451612902,2834.3870967741937,0.05277712684752227,0.08876964660741718,11,9
2026-01,美国,iOS,Organic,Expression,93.6774193548387,20.483870967741936,2834.3870967741937,0.007149238422307204,0.03285163338018858,31,32
2026-01,美国,iOS,Organic,Eye Brighten,97.45161290322581,64.7741935483871,2834.3870967741937,0.022653839502335772,0.034130473129225444,29,22
2026-01,美国,iOS,Organic,Face,861.1612903225806,398.9032258064516,2834.3870967741937,0.13859758173330586,0.3000764008957478,1,1
2026-01,美国,iOS,Organic,Face Fix,178.09677419354838,28.419354838709676,2834.3870967741937,0.009877936991466456,0.06229444645109779,17,28
2026-01,美国,iOS,Organic,Filters,567.8064516129032,127.3225806451613,2834.3870967741937,0.04438542323186844,0.1987486019603745,4,12
2026-01,美国,iOS,Organic,Glitter,54.03225806451613,10.580645161290322,2834.3870967741937,0.003580352052309815,0.018827742049302827,39,36
2026-01,美国,iOS,Organic,Glowup,241.80645161290323,78.03225806451613,2834.3870967741937,0.027413445358853584,0.08513662819732845,12,17
2026-01,美国,iOS,Organic,Hair,541.9032258064516,135.96774193548387,2834.3870967741937,0.04853205391091411,0.1945749222661438,5,10
2026-01,美国,iOS,Organic,Magic,713.5806451612904,393.83870967741933,2834.3870967741937,0.13667445509464043,0.24867523758845164,2,2
2026-01,美国,iOS,Organic,Makeup,440.48387096774195,198.3548387096774,2834.3870967741937,0.06868163738897003,0.15301015020438585,7,7
2026-01,美国,iOS,Organic,Matte,63.225806451612904,33.935483870967744,2834.3870967741937,0.011699993596758232,0.022039376177322923,37,26
2026-01,美国,iOS,Organic,Muscle,64.0,19.225806451612904,2834.3870967741937,0.006825793055738233,0.022853243788264387,36,33
2026-01,美国,iOS,Organic,Mykit,72.16129032258064,0.0,2834.3870967741937,0.0,0.02546115084817311,34,43
2026-01,美国,iOS,Organic,Plump,169.67741935483872,55.774193548387096,2834.3870967741937,0.019941778831632444,0.06040011270581831,19,23
2026-01,美国,iOS,Organic,Preset,126.58064516129032,12.935483870967742,2834.3870967741937,0.004562492060886316,0.04454119719807866,25,35
2026-01,美国,iOS,Organic,Prism,18.225806451612904,5.0,2834.3870967741937,0.0018064594584030552,0.006503563354383044,44,40
2026-01,美国,iOS,Organic,Relight,177.3548387096774,69.48387096774194,2834.3870967741937,0.024353706324532917,0.06213960233727539,18,20
2026-01,美国,iOS,Organic,Reshape,375.1290322580645,249.2258064516129,2834.3870967741937,0.08656135267871494,0.13064416476939456,8,4
2026-01,美国,iOS,Organic,Resize,161.96774193548387,72.83870967741936,2834.3870967741937,0.025323546054864067,0.05635671166776203,22,18
2026-01,美国,iOS,Organic,Skin Tone,261.06451612903226,177.2258064516129,2834.3870967741937,0.06162074312186074,0.09103178530661146,10,8
2026-01,美国,iOS,Organic,Smooth,476.03225806451616,370.1290322580645,2834.3870967741937,0.1289250004395297,0.16602753653194055,6,3
2026-01,美国,iOS,Organic,Stamp,26.774193548387096,6.806451612903226,2834.3870967741937,0.00238387597943689,0.009562903909227717,43,39
2026-01,美国,iOS,Organic,Teeth,236.7741935483871,0.0,2834.3870967741937,0.0,0.08115660536291826,13,43
2026-01,美国,iOS,Organic,Text,32.25806451612903,3.967741935483871,2834.3870967741937,0.0013887554808013308,0.011397852354961215,42,42
2026-01,美国,iOS,non-Organic,AI Expand,54.12903225806452,23.225806451612904,1812.4193548387098,0.013029966443094242,0.029980385273350483,32,23
2026-01,美国,iOS,non-Organic,AI Image,139.51612903225808,15.548387096774194,1812.4193548387098,0.008484958098436664,0.07698333038104836,12,30
2026-01,美国,iOS,non-Organic,AI Repair,58.61290322580645,21.161290322580644,1812.4193548387098,0.01182908880846283,0.03256408561472255,29,27
2026-01,美国,iOS,non-Organic,AI Replace,35.16129032258065,16.29032258064516,1812.4193548387098,0.009144955583277629,0.01963791415786346,38,29
2026-01,美国,iOS,non-Organic,AI Retouch,432.80645161290323,137.74193548387098,1812.4193548387098,0.07532990755236736,0.23823346074923088,3,4
2026-01,美国,iOS,non-Organic,AI Tattoo,57.774193548387096,12.741935483870968,1812.4193548387098,0.007057873990715394,0.03191820047002202,30,33
2026-01,美国,iOS,non-Organic,Acne,117.25806451612904,66.93548387096774,1812.4193548387098,0.03696706385609319,0.06485872714052184,13,10
2026-01,美国,iOS,non-Organic,Adjust,91.87096774193549,29.129032258064516,1812.4193548387098,0.01602359372408007,0.050908868010915015,19,21
2026-01,美国,iOS,non-Organic,Background,86.45161290322581,10.096774193548388,1812.4193548387098,0.005634277380479441,0.047684643181936874,21,35
2026-01,美国,iOS,non-Organic,Blur,44.193548387096776,21.806451612903224,1812.4193548387098,0.01212853073555923,0.024528417274842514,33,25
2026-01,美国,iOS,non-Organic,Body,147.61290322580646,84.6774193548387,1812.4193548387098,0.04648081048819384,0.08134524425632879,11,9
2026-01,美国,iOS,non-Organic,Bokeh,15.838709677419354,3.3548387096774195,1812.4193548387098,0.0018467581451596198,0.008649145922708887,42,38
2026-01,美国,iOS,non-Organic,Brighten,70.51612903225806,35.45161290322581,1812.4193548387098,0.019653595416969614,0.03902248679171862,25,17
2026-01,美国,iOS,non-Organic,Concealer,85.7741935483871,37.483870967741936,1812.4193548387098,0.020834599672006848,0.04738676603459165,22,16
2026-01,美国,iOS,non-Organic,Contour,34.38709677419355,17.225806451612904,1812.4193548387098,0.009505660945616926,0.018981815430938805,39,28
2026-01,美国,iOS,non-Organic,Crop,60.193548387096776,40.54838709677419,1812.4193548387098,0.022181779988183714,0.03321086918194467,28,14
2026-01,美国,iOS,non-Organic,Dark Circles,56.354838709677416,32.193548387096776,1812.4193548387098,0.01785218474525695,0.03125019727696857,31,18
2026-01,美国,iOS,non-Organic,Details,36.45161290322581,12.35483870967742,1812.4193548387098,0.0068256310275386384,0.020163766298921658,37,34
2026-01,美国,iOS,non-Organic,Effects,90.54838709677419,3.129032258064516,1812.4193548387098,0.001730426029221488,0.050172383705932584,20,39
2026-01,美国,iOS,non-Organic,Eraser,168.4516129032258,102.16129032258064,1812.4193548387098,0.05638139511434865,0.09311128947509814,9,6
2026-01,美国,iOS,non-Organic,Expression,64.80645161290323,15.35483870967742,1812.4193548387098,0.008465690551420324,0.03567790448940858,27,31
2026-01,美国,iOS,non-Organic,Eye Brighten,42.774193548387096,23.516129032258064,1812.4193548387098,0.01303050974199566,0.02363385425552177,35,22
2026-01,美国,iOS,non-Organic,Face,493.38709677419354,211.74193548387098,1812.4193548387098,0.11621364315525125,0.2711704660690734,2,1
2026-01,美国,iOS,non-Organic,Face Fix,115.16129032258064,22.419354838709676,1812.4193548387098,0.012247703037287718,0.0630691499781188,14,24
2026-01,美国,iOS,non-Organic,Filters,363.51612903225805,53.74193548387097,1812.4193548387098,0.02932060411484153,0.1999621228086743,5,12
2026-01,美国,iOS,non-Organic,Glitter,38.32258064516129,6.935483870967742,1812.4193548387098,0.003719540767936438,0.020984586929781494,36,36
2026-01,美国,iOS,non-Organic,Glowup,173.83870967741936,45.903225806451616,1812.4193548387098,0.02526781863803954,0.09526150387472798,8,13
2026-01,美国,iOS,non-Organic,Hair,795.0967741935484,182.90322580645162,1812.4193548387098,0.10083193712703886,0.43765217965254466,1,2
2026-01,美国,iOS,non-Organic,Magic,380.83870967741933,166.93548387096774,1812.4193548387098,0.09187601253433204,0.2097388543088436,4,3
2026-01,美国,iOS,non-Organic,Makeup,235.61290322580646,87.74193548387096,1812.4193548387098,0.04822966694352291,0.129635719686274,6,7
2026-01,美国,iOS,non-Organic,Matte,28.0,13.096774193548388,1812.4193548387098,0.007231958897641641,0.015459271560327706,40,32
2026-01,美国,iOS,non-Organic,Muscle,75.87096774193549,21.741935483870968,1812.4193548387098,0.011851957238041437,0.04152351550825629,24,26
2026-01,美国,iOS,non-Organic,Mykit,44.0,0.0,1812.4193548387098,0.0,0.024450523572895497,34,43
2026-01,美国,iOS,non-Organic,Plump,95.90322580645162,31.774193548387096,1812.4193548387098,0.017782025265446637,0.05388779306823935,17,19
2026-01,美国,iOS,non-Organic,Preset,79.25806451612904,6.387096774193548,1812.4193548387098,0.003436998641471651,0.043699380605647466,23,37
2026-01,美国,iOS,non-Organic,Prism,9.96774193548387,2.967741935483871,1812.4193548387098,0.0015812018069367032,0.005427314724505163,44,40
2026-01,美国,iOS,non-Organic,Relight,104.54838709677419,38.96774193548387,1812.4193548387098,0.021634970437102205,0.05781324620219331,16,15
2026-01,美国,iOS,non-Organic,Reshape,167.2258064516129,87.29032258064517,1812.4193548387098,0.04774484818685948,0.09163903923366444,10,8
2026-01,美国,iOS,non-Organic,Resize,67.35483870967742,30.096774193548388,1812.4193548387098,0.016414482409536777,0.036703737763155976,26,20
2026-01,美国,iOS,non-Organic,Skin Tone,112.0,63.0,1812.4193548387098,0.035077404544377806,0.06187095116071852,15,11
2026-01,美国,iOS,non-Organic,Smooth,185.80645161290323,122.29032258064517,1812.4193548387098,0.06758618577242785,0.10253603744606395,7,5
2026-01,美国,iOS,non-Organic,Stamp,12.935483870967742,2.4838709677419355,1812.4193548387098,0.00139408319088572,0.007131814421541508,43,41
2026-01,美国,iOS,non-Organic,Teeth,97.35483870967742,0.0,1812.4193548387098,0.0,0.053315922985167345,18,43
2026-01,美国,iOS,non-Organic,Text,23.161290322580644,2.2903225806451615,1812.4193548387098,0.001304441773205834,0.012840564648974347,41,42
2026-01,英国,Android,Organic,AI Expand,3.2580645161290325,1.3870967741935485,107.38709677419355,0.013196780291366299,0.03172269093879528,33,26
2026-01,英国,Android,Organic,AI Image,8.419354838709678,1.3870967741935485,107.38709677419355,0.01329229110054883,0.07972060091820347,9,25
2026-01,英国,Android,Organic,AI Repair,4.419354838709677,1.8387096774193548,107.38709677419355,0.01841688286210019,0.042148213980488916,26,24
2026-01,英国,Android,Organic,AI Replace,2.806451612903226,1.1612903225806452,107.38709677419355,0.010832765628783882,0.028700818031743264,35,29
2026-01,英国,Android,Organic,AI Retouch,19.677419354838708,7.161290322580645,107.38709677419355,0.0682014934622793,0.18562744156936578,4,5
2026-01,英国,Android,Organic,AI Tattoo,2.161290322580645,0.5483870967741935,107.38709677419355,0.00521777620449938,0.023041495604868498,38,37
2026-01,英国,Android,Organic,Acne,7.709677419354839,5.967741935483871,107.38709677419355,0.05590193307520685,0.07183304041562666,12,7
2026-01,英国,Android,Organic,Adjust,7.612903225806452,3.4516129032258065,107.38709677419355,0.03296588254919314,0.07257084692756796,11,13
2026-01,英国,Android,Organic,Background,5.741935483870968,0.8064516129032258,107.38709677419355,0.007495030262988913,0.05456475451220274,17,32
2026-01,英国,Android,Organic,Blur,4.064516129032258,2.4838709677419355,107.38709677419355,0.024034121910769018,0.041782315794157567,27,17
2026-01,英国,Android,Organic,Body,5.483870967741935,3.3548387096774195,107.38709677419355,0.03222518999481249,0.05249622833073385,19,14
2026-01,英国,Android,Organic,Bokeh,2.129032258064516,0.6774193548387096,107.38709677419355,0.006627028195443434,0.022525622734225113,39,35
2026-01,英国,Android,Organic,Brighten,4.32258064516129,2.4838709677419355,107.38709677419355,0.022241942432104245,0.04141319027760955,28,20
2026-01,英国,Android,Organic,Concealer,5.612903225806452,2.4838709677419355,107.38709677419355,0.02269228868937767,0.05195407341740176,21,19
2026-01,英国,Android,Organic,Contour,2.6129032258064515,1.1935483870967742,107.38709677419355,0.010312111319583638,0.024567363973653424,37,30
2026-01,英国,Android,Organic,Crop,6.387096774193548,5.129032258064516,107.38709677419355,0.050650330411437613,0.061783047655590895,15,8
2026-01,英国,Android,Organic,Dark Circles,4.193548387096774,2.806451612903226,107.38709677419355,0.02664776666887946,0.039464866504654014,29,15
2026-01,英国,Android,Organic,Details,3.225806451612903,1.2580645161290323,107.38709677419355,0.01216541449527929,0.030423569239941082,34,28
2026-01,英国,Android,Organic,Effects,6.064516129032258,0.25806451612903225,107.38709677419355,0.002763751553306906,0.05956693865511519,16,40
2026-01,英国,Android,Organic,Eraser,7.612903225806452,4.096774193548387,107.38709677419355,0.03983685953534498,0.07020363976605586,13,12
2026-01,英国,Android,Organic,Expression,3.6129032258064515,0.8387096774193549,107.38709677419355,0.0072389465421319014,0.03459504762184335,31,33
2026-01,英国,Android,Organic,Eye Brighten,3.5161290322580645,2.4838709677419355,107.38709677419355,0.023560922502446593,0.033038017396359635,32,18
2026-01,英国,Android,Organic,Face,24.870967741935484,11.451612903225806,107.38709677419355,0.10947186338145626,0.23772071387353721,2,2
2026-01,英国,Android,Organic,Face Fix,5.741935483870968,1.3870967741935485,107.38709677419355,0.012633807649365782,0.05432644590652214,18,27
2026-01,英国,Android,Organic,Filters,21.612903225806452,5.935483870967742,107.38709677419355,0.05598223828306194,0.2064281719356505,3,6
2026-01,英国,Android,Organic,Glitter,2.2580645161290325,0.3225806451612903,107.38709677419355,0.0026763685033310883,0.022134729197856227,40,41
2026-01,英国,Android,Organic,Glowup,7.032258064516129,2.5161290322580645,107.38709677419355,0.024663896700579283,0.0659943532879928,14,16
2026-01,英国,Android,Organic,Hair,14.387096774193548,4.32258064516129,107.38709677419355,0.04261848008423974,0.13847013621479506,5,11
2026-01,英国,Android,Organic,Magic,25.870967741935484,13.35483870967742,107.38709677419355,0.1263119614983534,0.24532906479578126,1,1
2026-01,英国,Android,Organic,Makeup,14.516129032258064,8.064516129032258,107.38709677419355,0.07668158355436071,0.1368895692777449,6,4
2026-01,英国,Android,Organic,Matte,1.8387096774193548,0.8709677419354839,107.38709677419355,0.008228040063507082,0.020141426012708886,42,31
2026-01,英国,Android,Organic,Muscle,2.5483870967741935,0.7741935483870968,107.38709677419355,0.0069057641873841395,0.025164781019261846,36,34
2026-01,英国,Android,Organic,Mykit,4.32258064516129,0.0,107.38709677419355,0.0,0.042327188140354084,25,43
2026-01,英国,Android,Organic,Plump,5.32258064516129,1.935483870967742,107.38709677419355,0.018608871091487296,0.051060251297637374,22,23
2026-01,英国,Android,Organic,Preset,5.451612903225806,0.6129032258064516,107.38709677419355,0.005554529448518198,0.05249414410896786,20,36
2026-01,英国,Android,Organic,Prism,1.064516129032258,0.3548387096774194,107.38709677419355,0.0033995036729017073,0.013998590776219167,44,38
2026-01,英国,Android,Organic,Relight,5.161290322580645,1.903225806451613,107.38709677419355,0.0190060989827125,0.04991070287674949,23,22
2026-01,英国,Android,Organic,Reshape,9.03225806451613,5.419354838709677,107.38709677419355,0.05058248468302638,0.08548027515651366,8,9
2026-01,英国,Android,Organic,Resize,4.064516129032258,2.193548387096774,107.38709677419355,0.02086168746859004,0.03807451777015501,30,21
2026-01,英国,Android,Organic,Skin Tone,7.838709677419355,5.354838709677419,107.38709677419355,0.04998995738827044,0.07283024983409565,10,10
2026-01,英国,Android,Organic,Smooth,12.32258064516129,9.258064516129032,107.38709677419355,0.08846917345888965,0.1176695229293273,7,3
2026-01,英国,Android,Organic,Stamp,1.3870967741935485,0.12903225806451613,107.38709677419355,0.0013184746147254201,0.016424550401385896,43,42
2026-01,英国,Android,Organic,Teeth,4.806451612903226,0.0,107.38709677419355,0.0,0.04456581763266415,24,43
2026-01,英国,Android,Organic,Text,1.6774193548387097,0.2903225806451613,107.38709677419355,0.002865394031735609,0.021020573096838916,41,39
2026-01,英国,Android,non-Organic,AI Expand,0.7333333333333333,0.23333333333333334,17.466666666666665,0.010805866030184018,0.08827764006723783,24,29
2026-01,英国,Android,non-Organic,AI Image,3.193548387096774,0.41935483870967744,17.225806451612904,0.01924602201666587,0.20715489340318452,3,17
2026-01,英国,Android,non-Organic,AI Repair,1.2857142857142858,0.4642857142857143,16.928571428571427,0.02798337554269034,0.12720339286097718,9,10
2026-01,英国,Android,non-Organic,AI Replace,0.6,0.26666666666666666,17.466666666666665,0.021690384966247034,0.08923343597278689,22,14
2026-01,英国,Android,non-Organic,AI Retouch,2.935483870967742,1.096774193548387,17.225806451612904,0.06723304216876572,0.20316063537171222,4,3
2026-01,英国,Android,non-Organic,AI Tattoo,0.5806451612903226,0.06451612903225806,17.225806451612904,0.005282022259950952,0.08182325274980987,28,33
2026-01,英国,Android,non-Organic,Acne,0.391304347826087,0.2608695652173913,18.391304347826086,0.016908388338298382,0.06553080839179977,40,22
2026-01,英国,Android,non-Organic,Adjust,0.5666666666666667,0.13333333333333333,17.466666666666665,0.005619646424244126,0.0752310141820986,34,32
2026-01,英国,Android,non-Organic,Background,0.8064516129032258,0.1935483870967742,17.225806451612904,0.00949074074074074,0.08809890638998144,25,30
2026-01,英国,Android,non-Organic,Blur,0.25,0.07142857142857142,16.928571428571427,0.004855889724310776,0.06470759321458584,41,34
2026-01,英国,Android,non-Organic,Body,0.967741935483871,0.41935483870967744,17.225806451612904,0.026987053302154018,0.10305220551969596,13,13
2026-01,英国,Android,non-Organic,Bokeh,0.13333333333333333,0.0,17.466666666666665,0.0,0.09009287925696595,21,39
2026-01,英国,Android,non-Organic,Brighten,0.6521739130434783,0.34782608695652173,18.391304347826086,0.017475170235003553,0.07784493312637328,33,20
2026-01,英国,Android,non-Organic,Concealer,0.7391304347826086,0.30434782608695654,18.391304347826086,0.014569860147071541,0.08850734833493452,23,24
2026-01,英国,Android,non-Organic,Contour,0.47368421052631576,0.3157894736842105,19.94736842105263,0.020016885715615298,0.08031597917681661,31,16
2026-01,英国,Android,non-Organic,Crop,0.4,0.36666666666666664,17.466666666666665,0.027436737379266114,0.08132097207332317,29,12
2026-01,英国,Android,non-Organic,Dark Circles,0.4782608695652174,0.43478260869565216,18.391304347826086,0.01706504292270233,0.06447421666198831,42,21
2026-01,英国,Android,non-Organic,Details,0.4,0.25,19.45,0.01343568428697739,0.07018920119289578,38,25
2026-01,英国,Android,non-Organic,Effects,0.967741935483871,0.0967741935483871,17.225806451612904,0.004710045032625678,0.08640370875817442,26,35
2026-01,英国,Android,non-Organic,Eraser,0.8666666666666667,0.3,17.466666666666665,0.01767752917972216,0.09844724512606504,17,19
2026-01,英国,Android,non-Organic,Expression,0.5806451612903226,0.2903225806451613,17.225806451612904,0.012497327213685079,0.0709259785147151,37,28
2026-01,英国,Android,non-Organic,Eye Brighten,0.42857142857142855,0.2857142857142857,18.80952380952381,0.013305504931120694,0.06105224181144204,43,26
2026-01,英国,Android,non-Organic,Face,3.6129032258064515,1.5483870967741935,17.225806451612904,0.08707381174966417,0.22888209956771427,2,2
2026-01,英国,Android,non-Organic,Face Fix,1.4516129032258065,0.5161290322580645,17.225806451612904,0.03340310503221545,0.13472522911088458,8,9
2026-01,英国,Android,non-Organic,Filters,3.225806451612903,0.5806451612903226,17.225806451612904,0.027710399891499808,0.20007723742862984,5,11
2026-01,英国,Android,non-Organic,Glitter,0.3225806451612903,0.03225806451612903,17.225806451612904,0.0020161290322580645,0.060884161829885514,44,38
2026-01,英国,Android,non-Organic,Glowup,1.1290322580645162,0.2903225806451613,17.225806451612904,0.016189532148440742,0.11326103949137922,10,23
2026-01,英国,Android,non-Organic,Hair,3.4193548387096775,1.1290322580645162,17.225806451612904,0.06372829387446367,0.1992252282987575,6,4
2026-01,英国,Android,non-Organic,Magic,3.967741935483871,1.6129032258064515,17.225806451612904,0.09392894119986812,0.24750207495351048,1,1
2026-01,英国,Android,non-Organic,Makeup,1.967741935483871,0.8387096774193549,17.225806451612904,0.04490980329779976,0.1484143037830155,7,7
2026-01,英国,Android,non-Organic,Matte,0.4444444444444444,0.1111111111111111,19.555555555555557,0.003340210236761961,0.0665248903395455,39,36
2026-01,英国,Android,non-Organic,Muscle,0.8387096774193549,0.5806451612903226,17.225806451612904,0.034290977557031165,0.10313380508228517,12,8
2026-01,英国,Android,non-Organic,Mykit,1.0333333333333334,0.0,17.466666666666665,0.0,0.09836764510874824,18,39
2026-01,英国,Android,non-Organic,Plump,0.7419354838709677,0.2903225806451613,17.225806451612904,0.013288857817500754,0.0943151592483308,19,27
2026-01,英国,Android,non-Organic,Preset,1.0,0.0967741935483871,17.225806451612904,0.002947541427797268,0.09856447622121794,16,37
2026-01,英国,Android,non-Organic,Prism,0.07142857142857142,0.0,16.928571428571427,0.0,0.07142857142857142,36,39
2026-01,英国,Android,non-Organic,Relight,0.7,0.3333333333333333,17.466666666666665,0.0181130224752715,0.10195215975644481,15,18
2026-01,英国,Android,non-Organic,Reshape,0.8064516129032258,0.3225806451612903,17.225806451612904,0.021625214169217307,0.10220896134453603,14,15
2026-01,英国,Android,non-Organic,Resize,0.3225806451612903,0.0967741935483871,17.225806451612904,0.006198608475648323,0.09422864716982363,20,31
2026-01,英国,Android,non-Organic,Skin Tone,1.0,0.6956521739130435,18.391304347826086,0.048427689484985915,0.07826260000301147,32,6
2026-01,英国,Android,non-Organic,Smooth,1.2608695652173914,1.0,18.391304347826086,0.06040854821974131,0.11277412271135247,11,5
2026-01,英国,Android,non-Organic,Stamp,0.10714285714285714,0.0,16.928571428571427,0.0,0.08045440398381574,30,39
2026-01,英国,Android,non-Organic,Teeth,0.5161290322580645,0.0,17.225806451612904,0.0,0.0836156804933191,27,39
2026-01,英国,Android,non-Organic,Text,0.3,0.0,17.466666666666665,0.0,0.07196093871898893,35,39
2026-01,英国,iOS,Organic,AI Expand,16.451612903225808,4.290322580645161,780.1290322580645,0.005577769938091176,0.021547750685974938,37,34
2026-01,英国,iOS,Organic,AI Image,46.03225806451613,4.67741935483871,780.1290322580645,0.005708104607124075,0.058455179180697044,22,33
2026-01,英国,iOS,Organic,AI Repair,24.096774193548388,6.838709677419355,780.1290322580645,0.008929083706037002,0.031405380758163244,33,28
2026-01,英国,iOS,Organic,AI Replace,13.0,5.548387096774194,780.1290322580645,0.007247315266347013,0.016616960580383592,40,30
2026-01,英国,iOS,Organic,AI Retouch,198.80645161290323,65.80645161290323,780.1290322580645,0.08302758552995454,0.2517472189903911,3,6
2026-01,英国,iOS,Organic,AI Tattoo,15.741935483870968,1.7741935483870968,780.1290322580645,0.002293497549603553,0.020409942086938776,39,39
2026-01,英国,iOS,Organic,Acne,88.96774193548387,64.58064516129032,780.1290322580645,0.08271305186639848,0.1139072446066002,10,7
2026-01,英国,iOS,Organic,Adjust,51.61290322580645,18.870967741935484,780.1290322580645,0.024069855444931024,0.06617573847678658,19,23
2026-01,英国,iOS,Organic,Background,41.483870967741936,4.774193548387097,780.1290322580645,0.00632252860236937,0.05395231203463444,24,32
2026-01,英国,iOS,Organic,Blur,38.29032258064516,24.580645161290324,780.1290322580645,0.03155538985237042,0.0493316695028259,26,17
2026-01,英国,iOS,Organic,Body,59.935483870967744,37.74193548387097,780.1290322580645,0.0483140074393349,0.07717818754759127,13,10
2026-01,英国,iOS,Organic,Bokeh,10.290322580645162,2.6774193548387095,780.1290322580645,0.0035062476885942408,0.013504319928867378,41,37
2026-01,英国,iOS,Organic,Brighten,51.354838709677416,26.677419354838708,780.1290322580645,0.034122539448163874,0.06569160812747617,20,14
2026-01,英国,iOS,Organic,Concealer,56.54838709677419,26.096774193548388,780.1290322580645,0.03348291636575025,0.072281640029667,15,15
2026-01,英国,iOS,Organic,Contour,25.93548387096774,14.0,780.1290322580645,0.017843248753974413,0.032894818086680905,31,24
2026-01,英国,iOS,Organic,Crop,26.193548387096776,19.903225806451612,780.1290322580645,0.025950671017972056,0.034005621591379265,30,20
2026-01,英国,iOS,Organic,Dark Circles,40.41935483870968,30.322580645161292,780.1290322580645,0.038643521531086945,0.05137611825135733,25,12
2026-01,英国,iOS,Organic,Details,24.096774193548388,8.903225806451612,780.1290322580645,0.011806848350972687,0.030941662769876165,34,25
2026-01,英国,iOS,Organic,Effects,44.483870967741936,1.0,780.1290322580645,0.0012542419188365296,0.05729423306008812,23,41
2026-01,英国,iOS,Organic,Eraser,73.80645161290323,43.87096774193548,780.1290322580645,0.05676007367024348,0.09569134394839982,12,9
2026-01,英国,iOS,Organic,Expression,29.419354838709676,6.354838709677419,780.1290322580645,0.007909179421816034,0.037172458890307465,29,29
2026-01,英国,iOS,Organic,Eye Brighten,33.70967741935484,23.096774193548388,780.1290322580645,0.02936185773658681,0.04294372025112095,28,18
2026-01,英国,iOS,Organic,Face,257.51612903225805,120.61290322580645,780.1290322580645,0.1522574754862193,0.32472278380776154,1,1
2026-01,英国,iOS,Organic,Face Fix,53.45161290322581,7.806451612903226,780.1290322580645,0.009402843220290856,0.06765332901777785,17,27
2026-01,英国,iOS,Organic,Filters,162.32258064516128,27.580645161290324,780.1290322580645,0.03514720617133665,0.2066395040365642,4,13
2026-01,英国,iOS,Organic,Glitter,16.258064516129032,2.903225806451613,780.1290322580645,0.003747179679087995,0.020730862772620644,38,36
2026-01,英国,iOS,Organic,Glowup,76.35483870967742,25.70967741935484,780.1290322580645,0.03254874058243334,0.09651254991716454,11,16
2026-01,英国,iOS,Organic,Hair,120.90322580645162,32.354838709677416,780.1290322580645,0.04200084949035569,0.1573172176846817,7,11
2026-01,英国,iOS,Organic,Magic,219.58064516129033,117.3225806451613,780.1290322580645,0.14748917738934272,0.27831643511341303,2,2
2026-01,英国,iOS,Organic,Makeup,129.29032258064515,51.225806451612904,780.1290322580645,0.06504464271188398,0.16402508477806263,6,8
2026-01,英国,iOS,Organic,Matte,18.870967741935484,9.258064516129032,780.1290322580645,0.011772681717100117,0.02359411285434509,35,26
2026-01,英国,iOS,Organic,Muscle,17.483870967741936,5.387096774193548,780.1290322580645,0.007066435642971107,0.022641379217349183,36,31
2026-01,英国,iOS,Organic,Mykit,24.451612903225808,0.0,780.1290322580645,0.0,0.03167832980941205,32,43
2026-01,英国,iOS,Organic,Plump,56.16129032258065,19.516129032258064,780.1290322580645,0.025311553179352592,0.07295993844672496,14,21
2026-01,英国,iOS,Organic,Preset,37.903225806451616,3.2580645161290325,780.1290322580645,0.004137764459898598,0.048258087749380216,27,35
2026-01,英国,iOS,Organic,Prism,5.161290322580645,1.2903225806451613,780.1290322580645,0.001771101585943446,0.006883941120349777,44,40
2026-01,英国,iOS,Organic,Relight,51.87096774193548,19.0,780.1290322580645,0.0245536710171004,0.06700519233683215,18,22
2026-01,英国,iOS,Organic,Reshape,112.38709677419355,73.64516129032258,780.1290322580645,0.09336177488511418,0.1421938122906437,8,5
2026-01,英国,iOS,Organic,Resize,47.25806451612903,21.64516129032258,780.1290322580645,0.027537378530281206,0.0594056506860343,21,19
2026-01,英国,iOS,Organic,Skin Tone,103.06451612903226,75.12903225806451,780.1290322580645,0.0941420106369535,0.12985148607540217,9,4
2026-01,英国,iOS,Organic,Smooth,146.2258064516129,112.54838709677419,780.1290322580645,0.14257596803785702,0.18542790373935408,5,3
2026-01,英国,iOS,Organic,Stamp,7.161290322580645,1.8064516129032258,780.1290322580645,0.002468602452725187,0.009656888520777538,43,38
2026-01,英国,iOS,Organic,Teeth,55.483870967741936,0.0,780.1290322580645,0.0,0.06785561737082355,16,43
2026-01,英国,iOS,Organic,Text,9.387096774193548,0.8709677419354839,780.1290322580645,0.0011934986989404013,0.012388108544716194,42,42
2026-01,英国,iOS,non-Organic,AI Expand,8.935483870967742,2.935483870967742,289.96774193548384,0.009807613762091381,0.03055685464728862,35,31
2026-01,英国,iOS,non-Organic,AI Image,26.032258064516128,2.4193548387096775,289.96774193548384,0.008109440272962938,0.08844372792675409,14,34
2026-01,英国,iOS,non-Organic,AI Repair,11.903225806451612,4.32258064516129,289.96774193548384,0.014719683592904872,0.04062983102341194,29,25
2026-01,英国,iOS,non-Organic,AI Replace,6.032258064516129,2.806451612903226,289.96774193548384,0.009710556943758459,0.020811866533711233,40,32
2026-01,英国,iOS,non-Organic,AI Retouch,83.87096774193549,32.74193548387097,289.96774193548384,0.11174664583668271,0.28755137182880086,3,4
2026-01,英国,iOS,non-Organic,AI Tattoo,7.935483870967742,2.193548387096774,289.96774193548384,0.008133585943256649,0.028859720210442124,37,33
2026-01,英国,iOS,non-Organic,Acne,25.677419354838708,17.032258064516128,289.96774193548384,0.05927256214201358,0.08854405329847854,13,9
2026-01,英国,iOS,non-Organic,Adjust,18.870967741935484,6.032258064516129,289.96774193548384,0.02080541181911734,0.065071005845372,21,23
2026-01,英国,iOS,non-Organic,Background,19.903225806451612,2.225806451612903,289.96774193548384,0.007643854969862135,0.06882417248523377,20,35
2026-01,英国,iOS,non-Organic,Blur,13.774193548387096,7.67741935483871,289.96774193548384,0.02676975856997866,0.04770640417281194,28,19
2026-01,英国,iOS,non-Organic,Body,27.387096774193548,18.193548387096776,289.96774193548384,0.06410244916329524,0.09610647397823043,12,8
2026-01,英国,iOS,non-Organic,Bokeh,4.516129032258065,1.1290322580645162,289.96774193548384,0.0038349443033225995,0.016085808044243394,42,38
2026-01,英国,iOS,non-Organic,Brighten,18.0,10.03225806451613,289.96774193548384,0.0347022345963174,0.0622627487906831,23,15
2026-01,英国,iOS,non-Organic,Concealer,21.774193548387096,10.741935483870968,289.96774193548384,0.0372300172311116,0.0751173654925135,18,13
2026-01,英国,iOS,non-Organic,Contour,9.451612903225806,5.193548387096774,289.96774193548384,0.01813080278796317,0.03271387970101068,34,24
2026-01,英国,iOS,non-Organic,Crop,9.806451612903226,6.806451612903226,289.96774193548384,0.02339060779193012,0.03368618020515561,33,22
2026-01,英国,iOS,non-Organic,Dark Circles,14.32258064516129,9.741935483870968,289.96774193548384,0.03447125812499503,0.050686431873968804,26,16
2026-01,英国,iOS,non-Organic,Details,8.419354838709678,3.3870967741935485,289.96774193548384,0.011895538957712287,0.029411797727687723,36,30
2026-01,英国,iOS,non-Organic,Effects,20.225806451612904,0.6451612903225806,289.96774193548384,0.0023143008522359784,0.07089848967491964,19,41
2026-01,英国,iOS,non-Organic,Eraser,28.838709677419356,16.096774193548388,289.96774193548384,0.05548705923458014,0.09949338465983136,11,11
2026-01,英国,iOS,non-Organic,Expression,13.806451612903226,3.6774193548387095,289.96774193548384,0.012959889130454285,0.048347222297031506,27,29
2026-01,英国,iOS,non-Organic,Eye Brighten,11.290322580645162,7.419354838709677,289.96774193548384,0.026042680341965503,0.03979379103989054,30,21
2026-01,英国,iOS,non-Organic,Face,102.3225806451613,50.16129032258065,289.96774193548384,0.17083632112869562,0.3503130216191973,1,1
2026-01,英国,iOS,non-Organic,Face Fix,24.032258064516128,4.129032258064516,289.96774193548384,0.014606364191440421,0.08324533681475607,15,26
2026-01,英国,iOS,non-Organic,Filters,66.80645161290323,11.483870967741936,289.96774193548384,0.03918959629757411,0.23037214322310268,4,12
2026-01,英国,iOS,non-Organic,Glitter,7.516129032258065,1.7096774193548387,289.96774193548384,0.005800808324788564,0.026194944057945525,38,37
2026-01,英国,iOS,non-Organic,Glowup,29.032258064516128,10.129032258064516,289.96774193548384,0.035961816896134376,0.1007976793340779,10,14
2026-01,英国,iOS,non-Organic,Hair,52.70967741935484,16.322580645161292,289.96774193548384,0.05761257384317313,0.18574397037600282,5,10
2026-01,英国,iOS,non-Organic,Magic,88.06451612903226,45.96774193548387,289.96774193548384,0.15750555912653907,0.3022674685749974,2,2
2026-01,英国,iOS,non-Organic,Makeup,50.54838709677419,20.06451612903226,289.96774193548384,0.06938255667669246,0.17461675437415564,6,7
2026-01,英国,iOS,non-Organic,Matte,6.709677419354839,3.903225806451613,289.96774193548384,0.01385212251060127,0.02374048165785639,39,27
2026-01,英国,iOS,non-Organic,Muscle,9.419354838709678,3.5483870967741935,289.96774193548384,0.01304238298776928,0.03378007797932889,32,28
2026-01,英国,iOS,non-Organic,Mykit,11.161290322580646,0.0,289.96774193548384,0.0,0.03955767013572579,31,43
2026-01,英国,iOS,non-Organic,Plump,22.806451612903224,8.774193548387096,289.96774193548384,0.030519015958911006,0.07949804708128452,16,18
2026-01,英国,iOS,non-Organic,Preset,17.29032258064516,2.064516129032258,289.96774193548384,0.006994207317178215,0.06036327613096874,25,36
2026-01,英国,iOS,non-Organic,Prism,2.064516129032258,0.7741935483870968,289.96774193548384,0.002545378178382727,0.007806743960122725,44,40
2026-01,英国,iOS,non-Organic,Relight,23.0,9.193548387096774,289.96774193548384,0.03240614253615894,0.0792759286381526,17,17
2026-01,英国,iOS,non-Organic,Reshape,39.87096774193548,23.70967741935484,289.96774193548384,0.08177138080531306,0.1384489909081614,8,5
2026-01,英国,iOS,non-Organic,Resize,17.548387096774192,7.709677419354839,289.96774193548384,0.02648954900586375,0.06055542158630018,24,20
2026-01,英国,iOS,non-Organic,Skin Tone,32.096774193548384,22.516129032258064,289.96774193548384,0.0758498104106878,0.1086593289519486,9,6
2026-01,英国,iOS,non-Organic,Smooth,46.61290322580645,33.354838709677416,289.96774193548384,0.11515532711838376,0.16076378011631454,7,3
2026-01,英国,iOS,non-Organic,Stamp,2.7419354838709675,0.7419354838709677,289.96774193548384,0.0025618484801346302,0.010635655916923758,43,39
2026-01,英国,iOS,non-Organic,Teeth,18.516129032258064,0.0,289.96774193548384,0.0,0.06253458795263273,22,43
2026-01,英国,iOS,non-Organic,Text,4.903225806451613,0.5483870967741935,289.96774193548384,0.001840073503857072,0.017470473180429994,41,42
2026-02,墨西哥,Android,Organic,AI Expand,6.607142857142857,2.75,119.46428571428571,0.023660529042457922,0.056525660501564656,20,18
2026-02,墨西哥,Android,Organic,AI Image,13.607142857142858,1.75,119.46428571428571,0.014596689574020747,0.114117315695815,8,23
2026-02,墨西哥,Android,Organic,AI Repair,10.035714285714286,5.785714285714286,119.46428571428571,0.049031440755142756,0.08454996717986914,12,12
2026-02,墨西哥,Android,Organic,AI Replace,4.25,2.0357142857142856,119.46428571428571,0.017494829345544038,0.03599897494068848,32,20
2026-02,墨西哥,Android,Organic,AI Retouch,20.071428571428573,8.785714285714286,119.46428571428571,0.07464503165904879,0.16880693714778708,4,4
2026-02,墨西哥,Android,Organic,AI Tattoo,3.25,0.9642857142857143,119.46428571428571,0.008257805506711378,0.029335394815885006,37,33
2026-02,墨西哥,Android,Organic,Acne,6.142857142857143,4.142857142857143,119.46428571428571,0.03499619802354571,0.0523316529862663,25,15
2026-02,墨西哥,Android,Organic,Adjust,12.428571428571429,5.321428571428571,119.46428571428571,0.04489025366852154,0.10542770123122742,10,13
2026-02,墨西哥,Android,Organic,Background,7.535714285714286,0.8571428571428571,119.46428571428571,0.0067801067931951885,0.06341565207603797,19,36
2026-02,墨西哥,Android,Organic,Blur,6.178571428571429,3.6785714285714284,119.46428571428571,0.03159938831325061,0.05308927973613477,24,17
2026-02,墨西哥,Android,Organic,Body,10.25,6.821428571428571,119.46428571428571,0.057821154825083786,0.08693367628594639,11,10
2026-02,墨西哥,Android,Organic,Bokeh,4.285714285714286,1.0714285714285714,119.46428571428571,0.00892611122502192,0.03644126813796012,31,30
2026-02,墨西哥,Android,Organic,Brighten,3.5,1.6071428571428572,119.46428571428571,0.013892097265356586,0.02995479519658476,35,25
2026-02,墨西哥,Android,Organic,Concealer,4.25,1.2142857142857142,119.46428571428571,0.010013970794742127,0.035598193958807825,34,29
2026-02,墨西哥,Android,Organic,Contour,1.3571428571428572,0.7857142857142857,119.46428571428571,0.006968316112701957,0.013069390633981081,44,34
2026-02,墨西哥,Android,Organic,Crop,9.785714285714286,7.571428571428571,119.46428571428571,0.06379276426012746,0.08246634365934082,14,8
2026-02,墨西哥,Android,Organic,Dark Circles,3.2857142857142856,1.9285714285714286,119.46428571428571,0.016034795434336706,0.027080947201826838,38,21
2026-02,墨西哥,Android,Organic,Details,2.392857142857143,1.0357142857142858,119.46428571428571,0.008419902297858096,0.021888389453755742,40,31
2026-02,墨西哥,Android,Organic,Effects,9.035714285714286,0.5,119.46428571428571,0.004377581816419817,0.0758461453393717,16,41
2026-02,墨西哥,Android,Organic,Eraser,14.392857142857142,7.785714285714286,119.46428571428571,0.0646183285202044,0.11916756534087584,7,7
2026-02,墨西哥,Android,Organic,Expression,6.535714285714286,2.25,119.46428571428571,0.019037978785030107,0.0544700652281732,23,19
2026-02,墨西哥,Android,Organic,Eye Brighten,1.5714285714285714,1.0,119.46428571428571,0.008342944998295321,0.014715412171025373,43,32
2026-02,墨西哥,Android,Organic,Face,23.5,11.178571428571429,119.46428571428571,0.09288934946748136,0.1977304966313766,3,2
2026-02,墨西哥,Android,Organic,Face Fix,6.607142857142857,1.4642857142857142,119.46428571428571,0.011736455985801338,0.054769596618304,22,28
2026-02,墨西哥,Android,Organic,Filters,27.107142857142858,7.678571428571429,119.46428571428571,0.06527066925048407,0.22719416537979673,1,6
2026-02,墨西哥,Android,Organic,Glitter,4.464285714285714,0.5,119.46428571428571,0.00435212316606381,0.03798074008266376,30,42
2026-02,墨西哥,Android,Organic,Glowup,7.607142857142857,1.7142857142857142,119.46428571428571,0.014265150231814582,0.063869908851067,18,24
2026-02,墨西哥,Android,Organic,Hair,19.642857142857142,7.535714285714286,119.46428571428571,0.06255175757229489,0.16385084466247174,5,9
2026-02,墨西哥,Android,Organic,Magic,25.642857142857142,11.857142857142858,119.46428571428571,0.09979229023943188,0.21512476910246572,2,1
2026-02,墨西哥,Android,Organic,Makeup,16.678571428571427,9.285714285714286,119.46428571428571,0.07850852430318525,0.13983700493343773,6,3
2026-02,墨西哥,Android,Organic,Matte,1.8214285714285714,0.8214285714285714,119.46428571428571,0.006841183378032724,0.017145205690189343,42,35
2026-02,墨西哥,Android,Organic,Muscle,4.321428571428571,1.6428571428571428,119.46428571428571,0.013594197622594525,0.03592666399584273,33,27
2026-02,墨西哥,Android,Organic,Mykit,5.535714285714286,0.0,119.46428571428571,0.0,0.04622054174402912,26,43
2026-02,墨西哥,Android,Organic,Plump,5.214285714285714,1.6071428571428572,119.46428571428571,0.013778692767782255,0.043620619628924495,28,26
2026-02,墨西哥,Android,Organic,Preset,7.75,0.5714285714285714,119.46428571428571,0.004668332821747923,0.06532138526078175,17,38
2026-02,墨西哥,Android,Organic,Prism,2.142857142857143,0.7142857142857143,119.46428571428571,0.006037571975431269,0.020685754654663963,41,37
2026-02,墨西哥,Android,Organic,Relight,9.178571428571429,3.892857142857143,119.46428571428571,0.03237512673196496,0.07614460121127117,15,16
2026-02,墨西哥,Android,Organic,Reshape,13.321428571428571,7.928571428571429,119.46428571428571,0.06638810845665985,0.11188897987965143,9,5
2026-02,墨西哥,Android,Organic,Resize,5.178571428571429,1.8928571428571428,119.46428571428571,0.01564648371940789,0.043388653120827965,29,22
2026-02,墨西哥,Android,Organic,Skin Tone,6.607142857142857,4.214285714285714,119.46428571428571,0.03609643895711362,0.05592984172335523,21,14
2026-02,墨西哥,Android,Organic,Smooth,9.928571428571429,6.642857142857143,119.46428571428571,0.05631960974857659,0.0839800005283927,13,11
2026-02,墨西哥,Android,Organic,Stamp,3.4285714285714284,0.5357142857142857,119.46428571428571,0.004425809475021012,0.029695982293299377,36,40
2026-02,墨西哥,Android,Organic,Teeth,5.214285714285714,0.0,119.46428571428571,0.0,0.04385502944383488,27,43
2026-02,墨西哥,Android,Organic,Text,2.892857142857143,0.5357142857142857,119.46428571428571,0.00456037779807363,0.02553383556256756,39,39
2026-02,墨西哥,Android,non-Organic,AI Expand,13.464285714285714,4.785714285714286,214.32142857142858,0.022413434802802865,0.06289749791204373,21,18
2026-02,墨西哥,Android,non-Organic,AI Image,35.214285714285715,3.7857142857142856,214.32142857142858,0.017520487664130075,0.1638620838470293,7,22
2026-02,墨西哥,Android,non-Organic,AI Repair,21.535714285714285,11.214285714285714,214.32142857142858,0.05226781718911231,0.1005233572249311,10,12
2026-02,墨西哥,Android,non-Organic,AI Replace,5.857142857142857,2.7857142857142856,214.32142857142858,0.01329135099905661,0.027544646097818808,38,25
2026-02,墨西哥,Android,non-Organic,AI Retouch,46.75,21.821428571428573,214.32142857142858,0.1014989099900041,0.2174744757779719,5,2
2026-02,墨西哥,Android,non-Organic,AI Tattoo,4.75,0.7857142857142857,214.32142857142858,0.003775989098504211,0.022206134482443202,39,41
2026-02,墨西哥,Android,non-Organic,Acne,10.142857142857142,6.142857142857143,214.32142857142858,0.02890864429387551,0.04776481954062077,25,16
2026-02,墨西哥,Android,non-Organic,Adjust,21.392857142857142,6.928571428571429,214.32142857142858,0.032502417873856784,0.09992468331976423,11,15
2026-02,墨西哥,Android,non-Organic,Background,17.464285714285715,2.3214285714285716,214.32142857142858,0.010914407530717225,0.08115161106121668,18,28
2026-02,墨西哥,Android,non-Organic,Blur,9.642857142857142,5.321428571428571,214.32142857142858,0.025034735482518302,0.04525984533268986,28,17
2026-02,墨西哥,Android,non-Organic,Body,19.535714285714285,11.857142857142858,214.32142857142858,0.05536796757183924,0.09163331719758164,13,9
2026-02,墨西哥,Android,non-Organic,Bokeh,6.428571428571429,1.1785714285714286,214.32142857142858,0.005436812021964518,0.029957086050920328,36,39
2026-02,墨西哥,Android,non-Organic,Brighten,7.892857142857143,4.142857142857143,214.32142857142858,0.01924955751425807,0.03696356933947888,31,19
2026-02,墨西哥,Android,non-Organic,Concealer,10.142857142857142,3.5,214.32142857142858,0.016275189739096266,0.04702808433976537,27,24
2026-02,墨西哥,Android,non-Organic,Contour,3.392857142857143,1.4642857142857142,214.32142857142858,0.006701002340851142,0.01591982205755127,43,36
2026-02,墨西哥,Android,non-Organic,Crop,17.25,12.75,214.32142857142858,0.0603831540452266,0.08143261874829276,17,7
2026-02,墨西哥,Android,non-Organic,Dark Circles,6.25,3.6785714285714284,214.32142857142858,0.016797310086506943,0.028997920860985044,37,23
2026-02,墨西哥,Android,non-Organic,Details,4.142857142857143,1.5714285714285714,214.32142857142858,0.007222587521848982,0.019457012132536384,41,34
2026-02,墨西哥,Android,non-Organic,Effects,19.607142857142858,0.8214285714285714,214.32142857142858,0.0039090004342558346,0.09133089013578521,14,40
2026-02,墨西哥,Android,non-Organic,Eraser,36.07142857142857,20.75,214.32142857142858,0.09711639380900093,0.168530269311633,6,3
2026-02,墨西哥,Android,non-Organic,Expression,11.642857142857142,3.892857142857143,214.32142857142858,0.018157994821548024,0.05441624983996819,23,21
2026-02,墨西哥,Android,non-Organic,Eye Brighten,3.2857142857142856,1.6428571428571428,214.32142857142858,0.007552825709372897,0.015833391243513812,44,33
2026-02,墨西哥,Android,non-Organic,Face,52.535714285714285,22.714285714285715,214.32142857142858,0.1052850369141641,0.24372118784772215,4,1
2026-02,墨西哥,Android,non-Organic,Face Fix,11.428571428571429,2.357142857142857,214.32142857142858,0.010974454770952049,0.05323310642173179,24,27
2026-02,墨西哥,Android,non-Organic,Filters,58.714285714285715,12.25,214.32142857142858,0.057698790213390416,0.27400036429900193,2,8
2026-02,墨西哥,Android,non-Organic,Glitter,10.071428571428571,1.4285714285714286,214.32142857142858,0.0067890773625911725,0.04703861190769069,26,35
2026-02,墨西哥,Android,non-Organic,Glowup,19.464285714285715,4.071428571428571,214.32142857142858,0.018864079063811812,0.0907549815743282,15,20
2026-02,墨西哥,Android,non-Organic,Hair,53.607142857142854,15.928571428571429,214.32142857142858,0.07380766544218585,0.24834816374253824,3,5
2026-02,墨西哥,Android,non-Organic,Magic,58.857142857142854,20.785714285714285,214.32142857142858,0.09687845934946303,0.27446271811286593,1,4
2026-02,墨西哥,Android,non-Organic,Makeup,30.0,15.464285714285714,214.32142857142858,0.0716232868173833,0.13995227290173823,8,6
2026-02,墨西哥,Android,non-Organic,Matte,4.035714285714286,1.7142857142857142,214.32142857142858,0.007891219275966902,0.01876125452578929,42,31
2026-02,墨西哥,Android,non-Organic,Muscle,7.178571428571429,2.2142857142857144,214.32142857142858,0.010259073878161409,0.03356994020865888,33,30
2026-02,墨西哥,Android,non-Organic,Mykit,11.857142857142858,0.0,214.32142857142858,0.0,0.05558228457484566,22,43
2026-02,墨西哥,Android,non-Organic,Plump,9.321428571428571,2.2857142857142856,214.32142857142858,0.010658375704486652,0.043364638056820295,30,29
2026-02,墨西哥,Android,non-Organic,Preset,17.857142857142858,1.3928571428571428,214.32142857142858,0.006445485181890069,0.08314745041279023,16,38
2026-02,墨西哥,Android,non-Organic,Prism,4.071428571428571,1.4285714285714286,214.32142857142858,0.006550033366831221,0.019458149549543783,40,37
2026-02,墨西哥,Android,non-Organic,Relight,19.892857142857142,7.535714285714286,214.32142857142858,0.03480965024659153,0.09255640849143289,12,14
2026-02,墨西哥,Android,non-Organic,Reshape,25.571428571428573,11.428571428571429,214.32142857142858,0.053422501748040974,0.11920761177464598,9,10
2026-02,墨西哥,Android,non-Organic,Resize,6.535714285714286,2.5,214.32142857142858,0.011501924035015735,0.03021658603619558,35,26
2026-02,墨西哥,Android,non-Organic,Skin Tone,14.392857142857142,8.785714285714286,214.32142857142858,0.04094173847952538,0.06679232384849337,20,13
2026-02,墨西哥,Android,non-Organic,Smooth,15.714285714285714,11.428571428571429,214.32142857142858,0.053175855286800966,0.07285232875235069,19,11
2026-02,墨西哥,Android,non-Organic,Stamp,7.285714285714286,1.6428571428571428,214.32142857142858,0.00772648972393953,0.03367381519830124,32,32
2026-02,墨西哥,Android,non-Organic,Teeth,9.428571428571429,0.0,214.32142857142858,0.0,0.04415954378247026,29,43
2026-02,墨西哥,Android,non-Organic,Text,7.035714285714286,0.8214285714285714,214.32142857142858,0.003735543542497727,0.03328562821016436,34,42
2026-02,墨西哥,iOS,Organic,AI Expand,6.25,2.392857142857143,219.71428571428572,0.010966141426849227,0.02839436252153643,32,26
2026-02,墨西哥,iOS,Organic,AI Image,18.0,1.6785714285714286,219.71428571428572,0.007743314555932655,0.08282675635371699,14,31
2026-02,墨西哥,iOS,Organic,AI Repair,9.642857142857142,3.9285714285714284,219.71428571428572,0.017585282181656805,0.0435157730165774,27,20
2026-02,墨西哥,iOS,Organic,AI Replace,3.142857142857143,1.3928571428571428,219.71428571428572,0.0062317399060531214,0.015352462060660014,42,34
2026-02,墨西哥,iOS,Organic,AI Retouch,44.714285714285715,18.464285714285715,219.71428571428572,0.0842095818705266,0.20295827744851772,4,8
2026-02,墨西哥,iOS,Organic,AI Tattoo,3.75,0.75,219.71428571428572,0.003316403002203883,0.01756561980148946,41,39
2026-02,墨西哥,iOS,Organic,Acne,24.071428571428573,18.714285714285715,219.71428571428572,0.08473281268921243,0.10955290663278669,11,7
2026-02,墨西哥,iOS,Organic,Adjust,20.107142857142858,6.571428571428571,219.71428571428572,0.029645502281367468,0.09118935205032519,13,17
2026-02,墨西哥,iOS,Organic,Background,9.392857142857142,0.9285714285714286,219.71428571428572,0.004481867152803176,0.04268158844929172,30,38
2026-02,墨西哥,iOS,Organic,Blur,9.714285714285714,6.035714285714286,219.71428571428572,0.027014392717007063,0.043429857543508234,28,18
2026-02,墨西哥,iOS,Organic,Body,32.107142857142854,23.785714285714285,219.71428571428572,0.10750358630129184,0.146028783777874,8,5
2026-02,墨西哥,iOS,Organic,Bokeh,4.928571428571429,1.5,219.71428571428572,0.007031253007702386,0.022467203021423972,36,33
2026-02,墨西哥,iOS,Organic,Brighten,9.464285714285714,5.428571428571429,219.71428571428572,0.024553369914507822,0.04286588565499428,29,19
2026-02,墨西哥,iOS,Organic,Concealer,11.392857142857142,3.607142857142857,219.71428571428572,0.016074884253256736,0.051583095608308274,21,21
2026-02,墨西哥,iOS,Organic,Contour,4.25,1.8214285714285714,219.71428571428572,0.008563906716270223,0.019642094280478233,39,30
2026-02,墨西哥,iOS,Organic,Crop,12.285714285714286,9.071428571428571,219.71428571428572,0.04109369899673193,0.05552681478753986,20,12
2026-02,墨西哥,iOS,Organic,Dark Circles,10.178571428571429,7.392857142857143,219.71428571428572,0.0335014638034653,0.046412470288937566,25,15
2026-02,墨西哥,iOS,Organic,Details,5.107142857142857,1.6428571428571428,219.71428571428572,0.007651222118707521,0.023705191183483167,35,32
2026-02,墨西哥,iOS,Organic,Effects,12.928571428571429,0.25,219.71428571428572,0.0012193120250199546,0.059698661555678115,18,41
2026-02,墨西哥,iOS,Organic,Eraser,25.678571428571427,14.857142857142858,219.71428571428572,0.06729357958608966,0.11647780029836852,10,10
2026-02,墨西哥,iOS,Organic,Expression,10.964285714285714,3.142857142857143,219.71428571428572,0.014037777202478851,0.04932926918614688,23,24
2026-02,墨西哥,iOS,Organic,Eye Brighten,4.535714285714286,3.1785714285714284,219.71428571428572,0.014879272269769336,0.021028632976621144,38,23
2026-02,墨西哥,iOS,Organic,Face,66.71428571428571,30.714285714285715,219.71428571428572,0.13911245296683544,0.3019279797643814,1,2
2026-02,墨西哥,iOS,Organic,Face Fix,11.214285714285714,2.142857142857143,219.71428571428572,0.009341009799292465,0.05090659664246404,22,28
2026-02,墨西哥,iOS,Organic,Filters,51.5,9.964285714285714,219.71428571428572,0.04530613589722693,0.23402392483380674,3,11
2026-02,墨西哥,iOS,Organic,Glitter,5.964285714285714,1.0,219.71428571428572,0.004539988074301075,0.026551441052546487,33,37
2026-02,墨西哥,iOS,Organic,Glowup,16.0,3.5357142857142856,219.71428571428572,0.015965021904158962,0.07216750805026347,16,22
2026-02,墨西哥,iOS,Organic,Hair,27.928571428571427,7.821428571428571,219.71428571428572,0.035191755445617964,0.12690090908366713,9,13
2026-02,墨西哥,iOS,Organic,Magic,54.92857142857143,31.785714285714285,219.71428571428572,0.14403280601202442,0.24890342116128908,2,1
2026-02,墨西哥,iOS,Organic,Makeup,34.785714285714285,19.464285714285715,219.71428571428572,0.08745437338823685,0.15644798161897877,7,6
2026-02,墨西哥,iOS,Organic,Matte,4.142857142857143,2.25,219.71428571428572,0.010236747682787874,0.019530215096853754,40,27
2026-02,墨西哥,iOS,Organic,Muscle,7.035714285714286,2.3214285714285716,219.71428571428572,0.011151602812588141,0.03254843493014102,31,25
2026-02,墨西哥,iOS,Organic,Mykit,5.392857142857143,0.0,219.71428571428572,0.0,0.024740732642221774,34,43
2026-02,墨西哥,iOS,Organic,Plump,9.964285714285714,1.8928571428571428,219.71428571428572,0.00858631434925145,0.04513948434748248,26,29
2026-02,墨西哥,iOS,Organic,Preset,10.428571428571429,1.0714285714285714,219.71428571428572,0.0048646680160544875,0.04767411097412838,24,36
2026-02,墨西哥,iOS,Organic,Prism,2.4285714285714284,0.5,219.71428571428572,0.002256888650864426,0.012338600896024527,43,40
2026-02,墨西哥,iOS,Organic,Relight,17.535714285714285,7.428571428571429,219.71428571428572,0.0342512475570886,0.08034680607862034,15,14
2026-02,墨西哥,iOS,Organic,Reshape,39.42857142857143,26.75,219.71428571428572,0.12131635243678138,0.17886484086377105,5,4
2026-02,墨西哥,iOS,Organic,Resize,14.357142857142858,6.607142857142857,219.71428571428572,0.030224419153993366,0.06561862985935499,17,16
2026-02,墨西哥,iOS,Organic,Skin Tone,21.392857142857142,15.214285714285714,219.71428571428572,0.06901684800972119,0.09666557325919693,12,9
2026-02,墨西哥,iOS,Organic,Smooth,36.035714285714285,29.107142857142858,219.71428571428572,0.13277491307773184,0.1640508006794036,6,3
2026-02,墨西哥,iOS,Organic,Stamp,4.821428571428571,1.25,219.71428571428572,0.005551406039350168,0.021871148023577543,37,35
2026-02,墨西哥,iOS,Organic,Teeth,12.964285714285714,0.0,219.71428571428572,0.0,0.05887226557125983,19,43
2026-02,墨西哥,iOS,Organic,Text,2.392857142857143,0.21428571428571427,219.71428571428572,0.0009699955410359137,0.010813106973884256,44,42
2026-02,墨西哥,iOS,non-Organic,AI Expand,1.1071428571428572,0.17857142857142858,15.535714285714286,0.009231366459627329,0.11362743194101622,16,30
2026-02,墨西哥,iOS,non-Organic,AI Image,3.6785714285714284,0.4642857142857143,15.535714285714286,0.029957544022393645,0.23942700490994714,3,13
2026-02,墨西哥,iOS,non-Organic,AI Repair,2.5357142857142856,1.6428571428571428,15.535714285714286,0.1038043032898618,0.17533364040574967,6,1
2026-02,墨西哥,iOS,non-Organic,AI Replace,0.5,0.25,15.535714285714286,0.017745052566481137,0.10749925999925998,21,21
2026-02,墨西哥,iOS,non-Organic,AI Retouch,3.0357142857142856,1.0357142857142858,15.535714285714286,0.06712988232530374,0.19322620864984877,5,5
2026-02,墨西哥,iOS,non-Organic,AI Tattoo,0.4642857142857143,0.10714285714285714,15.535714285714286,0.005570652173913044,0.0776351928961787,37,32
2026-02,墨西哥,iOS,non-Organic,Acne,0.6363636363636364,0.3181818181818182,15.818181818181818,0.020332558855286127,0.109237123987124,19,18
2026-02,墨西哥,iOS,non-Organic,Adjust,2.142857142857143,0.4642857142857143,15.535714285714286,0.03414347757446954,0.15317209953918948,10,12
2026-02,墨西哥,iOS,non-Organic,Background,1.0,0.07142857142857142,15.535714285714286,0.005126452494873548,0.13520244586866945,12,33
2026-02,墨西哥,iOS,non-Organic,Blur,0.39285714285714285,0.17857142857142858,15.535714285714286,0.012878009595446572,0.06651263932146285,42,25
2026-02,墨西哥,iOS,non-Organic,Body,1.8571428571428572,1.25,15.535714285714286,0.08495260414071588,0.1579035671048151,9,3
2026-02,墨西哥,iOS,non-Organic,Bokeh,0.2857142857142857,0.03571428571428571,15.535714285714286,0.002551020408163265,0.09769057195527785,28,37
2026-02,墨西哥,iOS,non-Organic,Brighten,0.4090909090909091,0.18181818181818182,15.818181818181818,0.012487846378220709,0.08112108479755538,35,26
2026-02,墨西哥,iOS,non-Organic,Concealer,0.45454545454545453,0.09090909090909091,15.818181818181818,0.011363636363636364,0.09678755272505274,29,27
2026-02,墨西哥,iOS,non-Organic,Contour,0.2777777777777778,0.1111111111111111,15.777777777777779,0.013333333333333334,0.11357142857142856,17,24
2026-02,墨西哥,iOS,non-Organic,Crop,0.75,0.42857142857142855,15.535714285714286,0.025630130510702304,0.07344153797798299,38,15
2026-02,墨西哥,iOS,non-Organic,Dark Circles,0.22727272727272727,0.13636363636363635,15.818181818181818,0.014037433155080214,0.11292016806722689,18,23
2026-02,墨西哥,iOS,non-Organic,Details,0.3888888888888889,0.05555555555555555,15.777777777777779,0.0022222222222222222,0.10846753246753246,20,40
2026-02,墨西哥,iOS,non-Organic,Effects,1.0714285714285714,0.0,15.535714285714286,0.0,0.10159275864576041,24,42
2026-02,墨西哥,iOS,non-Organic,Eraser,2.2857142857142856,1.2857142857142858,15.535714285714286,0.08185923661896201,0.16821684139820836,8,4
2026-02,墨西哥,iOS,non-Organic,Expression,0.75,0.10714285714285714,15.535714285714286,0.005892857142857143,0.08849280197909123,31,31
2026-02,墨西哥,iOS,non-Organic,Eye Brighten,0.2222222222222222,0.16666666666666666,15.777777777777779,0.020435120435120437,0.10666392431098315,22,17
2026-02,墨西哥,iOS,non-Organic,Face,2.892857142857143,1.2142857142857142,15.535714285714286,0.08951489329389403,0.1961854584037559,4,2
2026-02,墨西哥,iOS,non-Organic,Face Fix,0.7857142857142857,0.2857142857142857,15.535714285714286,0.01691279582008242,0.08626342751246004,33,22
2026-02,墨西哥,iOS,non-Organic,Filters,3.9285714285714284,0.39285714285714285,15.535714285714286,0.024245041655479516,0.253216672137696,2,16
2026-02,墨西哥,iOS,non-Organic,Glitter,0.6785714285714286,0.07142857142857142,15.535714285714286,0.004613095238095237,0.10142010552227271,25,34
2026-02,墨西哥,iOS,non-Organic,Glowup,1.0357142857142858,0.35714285714285715,15.535714285714286,0.020250357389332542,0.09289261498562176,30,19
2026-02,墨西哥,iOS,non-Organic,Hair,2.3214285714285716,0.7142857142857143,15.535714285714286,0.041451020200743774,0.17036559840091606,7,10
2026-02,墨西哥,iOS,non-Organic,Magic,3.892857142857143,1.0357142857142858,15.535714285714286,0.06469363437074435,0.25718794302616016,1,6
2026-02,墨西哥,iOS,non-Organic,Makeup,1.1428571428571428,0.5714285714285714,15.535714285714286,0.03742116583475496,0.10428033357251623,23,11
2026-02,墨西哥,iOS,non-Organic,Matte,0.16,0.04,15.6,0.002,0.08720588235294117,32,41
2026-02,墨西哥,iOS,non-Organic,Muscle,0.8571428571428571,0.5,15.535714285714286,0.0286446713326052,0.08200966882439727,34,14
2026-02,墨西哥,iOS,non-Organic,Mykit,0.7142857142857143,0.0,15.535714285714286,0.0,0.11772759103641457,14,42
2026-02,墨西哥,iOS,non-Organic,Plump,0.42857142857142855,0.17857142857142858,15.535714285714286,0.011244202226345085,0.06462096234753145,43,28
2026-02,墨西哥,iOS,non-Organic,Preset,0.9285714285714286,0.03571428571428571,15.535714285714286,0.002232142857142857,0.11686510012303716,15,38
2026-02,墨西哥,iOS,non-Organic,Prism,0.25,0.07142857142857142,15.535714285714286,0.003979591836734694,0.0700030525030525,41,35
2026-02,墨西哥,iOS,non-Organic,Relight,1.8928571428571428,0.7142857142857143,15.535714285714286,0.05019493603664228,0.1516733493291284,11,7
2026-02,墨西哥,iOS,non-Organic,Reshape,1.8214285714285714,0.75,15.535714285714286,0.04860278336529707,0.13218987128295248,13,8
2026-02,墨西哥,iOS,non-Organic,Resize,0.6428571428571429,0.14285714285714285,15.535714285714286,0.009365450725744842,0.07029640306486112,40,29
2026-02,墨西哥,iOS,non-Organic,Skin Tone,0.5454545454545454,0.2727272727272727,15.818181818181818,0.018832808605535878,0.10081088664421997,26,20
2026-02,墨西哥,iOS,non-Organic,Smooth,1.0833333333333333,0.7083333333333334,16.083333333333332,0.04857666570901865,0.10027251457136722,27,9
2026-02,墨西哥,iOS,non-Organic,Stamp,0.39285714285714285,0.03571428571428571,15.535714285714286,0.002232142857142857,0.06233901783715779,44,38
2026-02,墨西哥,iOS,non-Organic,Teeth,0.6428571428571429,0.0,15.535714285714286,0.0,0.07155011724816292,39,42
2026-02,墨西哥,iOS,non-Organic,Text,0.6071428571428571,0.03571428571428571,15.535714285714286,0.003246753246753247,0.08031306857393815,36,36
2026-02,巴西,Android,Organic,AI Expand,57.25,26.678571428571427,2078.785714285714,0.01285903520316559,0.02767807633835776,30,24
2026-02,巴西,Android,Organic,AI Image,257.7857142857143,63.714285714285715,2078.785714285714,0.03088853306720109,0.12448049608600752,6,15
2026-02,巴西,Android,Organic,AI Repair,71.0,33.464285714285715,2078.785714285714,0.01613207590926023,0.0342333256559427,25,21
2026-02,巴西,Android,Organic,AI Replace,28.321428571428573,12.678571428571429,2078.785714285714,0.006116230752438592,0.013589112871590025,37,31
2026-02,巴西,Android,Organic,AI Retouch,349.5357142857143,164.10714285714286,2078.785714285714,0.07935204526203263,0.16888349044722265,4,2
2026-02,巴西,Android,Organic,AI Tattoo,49.357142857142854,17.928571428571427,2078.785714285714,0.0086799403705304,0.023776804699403298,33,27
2026-02,巴西,Android,Organic,Acne,111.46428571428571,81.42857142857143,2078.785714285714,0.03939026762236448,0.05392428753598847,15,12
2026-02,巴西,Android,Organic,Adjust,169.14285714285714,91.82142857142857,2078.785714285714,0.044312291412367165,0.08154118618674004,10,11
2026-02,巴西,Android,Organic,Background,89.17857142857143,12.571428571428571,2078.785714285714,0.0060839508172141074,0.043064060795229994,19,32
2026-02,巴西,Android,Organic,Blur,74.21428571428571,48.035714285714285,2078.785714285714,0.023093834226762092,0.035751092970361754,24,17
2026-02,巴西,Android,Organic,Body,117.92857142857143,72.75,2078.785714285714,0.035097811796482234,0.056901792439611056,14,13
2026-02,巴西,Android,Organic,Bokeh,35.0,11.107142857142858,2078.785714285714,0.005446662734568077,0.016971300087792993,36,34
2026-02,巴西,Android,Organic,Brighten,56.892857142857146,29.428571428571427,2078.785714285714,0.014114521458413526,0.02733420336288674,31,22
2026-02,巴西,Android,Organic,Concealer,86.64285714285714,38.67857142857143,2078.785714285714,0.018683868885642753,0.04184702510624204,20,18
2026-02,巴西,Android,Organic,Contour,25.428571428571427,11.964285714285714,2078.785714285714,0.005736198932085881,0.012193684225814492,40,33
2026-02,巴西,Android,Organic,Crop,130.28571428571428,101.39285714285714,2078.785714285714,0.04904735931219733,0.06308302589129153,13,9
2026-02,巴西,Android,Organic,Dark Circles,53.57142857142857,35.25,2078.785714285714,0.016929491598947664,0.02572347761645014,32,20
2026-02,巴西,Android,Organic,Details,23.285714285714285,9.178571428571429,2078.785714285714,0.004463202549568896,0.011199723669496139,42,36
2026-02,巴西,Android,Organic,Effects,100.82142857142857,6.857142857142857,2078.785714285714,0.003322088342152217,0.04878381384165072,16,40
2026-02,巴西,Android,Organic,Eraser,184.82142857142858,97.32142857142857,2078.785714285714,0.04694014224146922,0.08925140238541764,9,10
2026-02,巴西,Android,Organic,Expression,57.964285714285715,17.714285714285715,2078.785714285714,0.008444902843400465,0.027758173091828136,29,28
2026-02,巴西,Android,Organic,Eye Brighten,27.785714285714285,16.285714285714285,2078.785714285714,0.00784166226696535,0.0133432024128652,39,29
2026-02,巴西,Android,Organic,Face,365.64285714285717,159.82142857142858,2078.785714285714,0.07717666606728324,0.17659997287743187,3,3
2026-02,巴西,Android,Organic,Face Fix,68.14285714285714,15.25,2078.785714285714,0.00736128117245692,0.03273219351162375,27,30
2026-02,巴西,Android,Organic,Filters,398.0,125.78571428571429,2078.785714285714,0.06069456850373324,0.19208993432593505,1,6
2026-02,巴西,Android,Organic,Glitter,38.142857142857146,8.25,2078.785714285714,0.003975324201756622,0.018426151052356066,35,38
2026-02,巴西,Android,Organic,Glowup,98.75,26.642857142857142,2078.785714285714,0.012437538240769291,0.046884445102892025,17,25
2026-02,巴西,Android,Organic,Hair,314.67857142857144,113.28571428571429,2078.785714285714,0.05479894477597229,0.15197355374858493,5,7
2026-02,巴西,Android,Organic,Magic,397.0,214.71428571428572,2078.785714285714,0.10369742739339258,0.1918185367509774,2,1
2026-02,巴西,Android,Organic,Makeup,252.5,141.32142857142858,2078.785714285714,0.06840113721146274,0.12212743013701702,7,4
2026-02,巴西,Android,Organic,Matte,23.5,9.357142857142858,2078.785714285714,0.004496056215819876,0.011329854143141652,41,35
2026-02,巴西,Android,Organic,Muscle,77.35714285714286,28.214285714285715,2078.785714285714,0.013673644324606795,0.037590866754725984,23,23
2026-02,巴西,Android,Organic,Mykit,44.42857142857143,0.0,2078.785714285714,0.0,0.02148108804853771,34,43
2026-02,巴西,Android,Organic,Plump,61.107142857142854,22.464285714285715,2078.785714285714,0.010858943652158368,0.029534658477102297,28,26
2026-02,巴西,Android,Organic,Preset,78.21428571428571,8.464285714285714,2078.785714285714,0.004141390061048771,0.03789908555451484,22,37
2026-02,巴西,Android,Organic,Prism,20.607142857142858,7.928571428571429,2078.785714285714,0.0038332152854236375,0.009958902514598893,44,39
2026-02,巴西,Android,Organic,Relight,148.92857142857142,71.46428571428571,2078.785714285714,0.034626317838004086,0.07209705811682386,12,14
2026-02,巴西,Android,Organic,Reshape,204.67857142857142,138.75,2078.785714285714,0.06658548306739151,0.09827866375347691,8,5
2026-02,巴西,Android,Organic,Resize,69.46428571428571,35.857142857142854,2078.785714285714,0.01708597562387258,0.0331970192416027,26,19
2026-02,巴西,Android,Organic,Skin Tone,89.57142857142857,56.714285714285715,2078.785714285714,0.027249504253570277,0.04310553775543361,18,16
2026-02,巴西,Android,Organic,Smooth,149.39285714285714,108.46428571428571,2078.785714285714,0.052322372301702925,0.07214458446043792,11,8
2026-02,巴西,Android,Organic,Stamp,22.535714285714285,4.607142857142857,2078.785714285714,0.0022281203084050277,0.010883925566557952,43,41
2026-02,巴西,Android,Organic,Teeth,83.75,0.0,2078.785714285714,0.0,0.04016449192636653,21,43
2026-02,巴西,Android,Organic,Text,27.928571428571427,3.75,2078.785714285714,0.001831212595425917,0.013478811914775873,38,42
2026-02,巴西,Android,non-Organic,AI Expand,546.0,242.92857142857142,14378.5,0.016941157971576963,0.03802707914824656,23,19
2026-02,巴西,Android,non-Organic,AI Image,4065.0,1393.2142857142858,14378.5,0.09664128953917547,0.28186547382750665,1,3
2026-02,巴西,Android,non-Organic,AI Repair,471.07142857142856,205.5,14378.5,0.014310347859348278,0.03285805757164511,24,21
2026-02,巴西,Android,non-Organic,AI Replace,183.10714285714286,85.07142857142857,14378.5,0.0059225918039163055,0.012750164337470239,37,35
2026-02,巴西,Android,non-Organic,AI Retouch,3090.5714285714284,1489.8214285714287,14378.5,0.10355617867587319,0.2147643866674843,4,1
2026-02,巴西,Android,non-Organic,AI Tattoo,611.3214285714286,259.67857142857144,14378.5,0.018124475082509722,0.042591863956367396,20,18
2026-02,巴西,Android,non-Organic,Acne,364.2142857142857,193.17857142857142,14378.5,0.01339827993798733,0.025267964012110077,29,23
2026-02,巴西,Android,non-Organic,Adjust,681.2857142857143,294.7142857142857,14378.5,0.02046072438447658,0.047379380607940204,17,16
2026-02,巴西,Android,non-Organic,Background,727.3571428571429,154.14285714285714,14378.5,0.010650518165858141,0.05052534033829469,15,25
2026-02,巴西,Android,non-Organic,Blur,234.17857142857142,113.5,14378.5,0.007906306856209815,0.016309875658076584,35,29
2026-02,巴西,Android,non-Organic,Body,756.3928571428571,399.14285714285717,14378.5,0.027723873350959414,0.0525603223426822,14,10
2026-02,巴西,Android,non-Organic,Bokeh,142.28571428571428,41.214285714285715,14378.5,0.0029003485208277738,0.00994192292656489,42,39
2026-02,巴西,Android,non-Organic,Brighten,436.5357142857143,198.89285714285714,14378.5,0.013810062390543358,0.030284642437540563,26,22
2026-02,巴西,Android,non-Organic,Concealer,653.8571428571429,275.64285714285717,14378.5,0.019120395139391864,0.04544461943636099,18,17
2026-02,巴西,Android,non-Organic,Contour,158.53571428571428,72.75,14378.5,0.00507282179584013,0.01102235078662967,40,36
2026-02,巴西,Android,non-Organic,Crop,560.3571428571429,391.25,14378.5,0.027240569521108766,0.039012661258882295,22,11
2026-02,巴西,Android,non-Organic,Dark Circles,297.75,146.96428571428572,14378.5,0.010226612021276196,0.020697660377562228,33,26
2026-02,巴西,Android,non-Organic,Details,134.53571428571428,48.392857142857146,14378.5,0.003361428024304765,0.009352301403307256,43,38
2026-02,巴西,Android,non-Organic,Effects,841.6071428571429,110.39285714285714,14378.5,0.007698672580709658,0.058468799195770645,11,30
2026-02,巴西,Android,non-Organic,Eraser,1106.9285714285713,462.39285714285717,14378.5,0.032308748912060724,0.07745461900612224,9,9
2026-02,巴西,Android,non-Organic,Expression,352.0,130.28571428571428,14378.5,0.009030655699491108,0.0244640249623549,31,27
2026-02,巴西,Android,non-Organic,Eye Brighten,181.35714285714286,85.89285714285714,14378.5,0.005979579922690319,0.012616727127174331,38,34
2026-02,巴西,Android,non-Organic,Face,2710.3571428571427,1054.357142857143,14378.5,0.07321587750778207,0.1882679578075316,6,5
2026-02,巴西,Android,non-Organic,Face Fix,424.0,115.71428571428571,14378.5,0.008039120711841057,0.029476931609007193,27,28
2026-02,巴西,Android,non-Organic,Filters,3105.0,888.4642857142857,14378.5,0.06171020986819627,0.21565219519116322,3,7
2026-02,巴西,Android,non-Organic,Glitter,328.5357142857143,88.07142857142857,14378.5,0.006122137516256137,0.022840271746814626,32,33
2026-02,巴西,Android,non-Organic,Glowup,829.3928571428571,240.89285714285714,14378.5,0.016476164849011453,0.05705624449907951,12,20
2026-02,巴西,Android,non-Organic,Hair,3528.464285714286,1384.142857142857,14378.5,0.09649937457570427,0.245910768525862,2,4
2026-02,巴西,Android,non-Organic,Magic,3043.535714285714,1425.857142857143,14378.5,0.09899650083062217,0.21140408766218272,5,2
2026-02,巴西,Android,non-Organic,Makeup,2056.9285714285716,1010.2142857142857,14378.5,0.07022474834589977,0.1430716502091586,7,6
2026-02,巴西,Android,non-Organic,Matte,149.42857142857142,53.857142857142854,14378.5,0.003722659043891078,0.010362111578894244,41,37
2026-02,巴西,Android,non-Organic,Muscle,808.7857142857143,311.64285714285717,14378.5,0.021817072683309263,0.056625389256838334,13,14
2026-02,巴西,Android,non-Organic,Mykit,393.5,0.0,14378.5,0.0,0.027391557579573195,28,44
2026-02,巴西,Android,non-Organic,Plump,357.14285714285717,154.28571428571428,14378.5,0.010679969729189975,0.02476761617189103,30,24
2026-02,巴西,Android,non-Organic,Preset,622.0,94.75,14378.5,0.006584223360364468,0.043249870408638466,19,31
2026-02,巴西,Android,non-Organic,Prism,108.10714285714286,40.642857142857146,14378.5,0.0028331410881476276,0.0075373011588666895,44,40
2026-02,巴西,Android,non-Organic,Relight,1256.357142857143,591.0357142857143,14378.5,0.041017001993379536,0.08728032107074125,8,8
2026-02,巴西,Android,non-Organic,Reshape,847.3928571428571,379.67857142857144,14378.5,0.026355692901843843,0.05885375011252479,10,13
2026-02,巴西,Android,non-Organic,Resize,211.75,89.46428571428571,14378.5,0.006180803108847373,0.014689595341875859,36,32
2026-02,巴西,Android,non-Organic,Skin Tone,579.2857142857143,307.64285714285717,14378.5,0.02137099302609847,0.04028300947115687,21,15
2026-02,巴西,Android,non-Organic,Smooth,717.8214285714286,384.5357142857143,14378.5,0.026670411074761095,0.04981307075246934,16,12
2026-02,巴西,Android,non-Organic,Stamp,167.07142857142858,28.642857142857142,14378.5,0.001993512029600347,0.011648130066240858,39,42
2026-02,巴西,Android,non-Organic,Teeth,468.82142857142856,0.10714285714285714,14378.5,7.524228869097716e-06,0.03255865098939698,25,43
2026-02,巴西,Android,non-Organic,Text,238.03571428571428,28.642857142857142,14378.5,0.001994906193727188,0.016561038936034805,34,41
2026-02,巴西,iOS,Organic,AI Expand,101.96428571428571,38.642857142857146,3975.964285714286,0.009719285394015786,0.02549421937870702,33,27
2026-02,巴西,iOS,Organic,AI Image,250.25,22.071428571428573,3975.964285714286,0.005649054761044976,0.06337166872898277,21,33
2026-02,巴西,iOS,Organic,AI Repair,159.53571428571428,61.607142857142854,3975.964285714286,0.015414140525845972,0.03982923475503686,28,24
2026-02,巴西,iOS,Organic,AI Replace,49.785714285714285,17.642857142857142,3975.964285714286,0.004475282997607619,0.012539070655802748,41,34
2026-02,巴西,iOS,Organic,AI Retouch,813.4642857142857,342.14285714285717,3975.964285714286,0.08564501448933624,0.20292976999097395,6,6
2026-02,巴西,iOS,Organic,AI Tattoo,66.39285714285714,12.321428571428571,3975.964285714286,0.0031062994234773884,0.016521049623842998,39,39
2026-02,巴西,iOS,Organic,Acne,631.6071428571429,504.4642857142857,3975.964285714286,0.1268684592720923,0.15857450589227895,8,4
2026-02,巴西,iOS,Organic,Adjust,504.67857142857144,225.17857142857142,3975.964285714286,0.05659966972847474,0.12606308475645578,9,10
2026-02,巴西,iOS,Organic,Background,175.75,14.607142857142858,3975.964285714286,0.00381413885149554,0.04404268598922687,27,36
2026-02,巴西,iOS,Organic,Blur,269.7857142857143,182.71428571428572,3975.964285714286,0.04602344319371454,0.0677547089808745,18,14
2026-02,巴西,iOS,Organic,Body,491.57142857142856,345.35714285714283,3975.964285714286,0.08517693672255298,0.1211156971735985,10,7
2026-02,巴西,iOS,Organic,Bokeh,100.46428571428571,31.714285714285715,3975.964285714286,0.007961176162799715,0.025103290462107134,34,31
2026-02,巴西,iOS,Organic,Brighten,180.25,100.03571428571429,3975.964285714286,0.025188402158262985,0.04525905112527532,26,20
2026-02,巴西,iOS,Organic,Concealer,263.82142857142856,124.67857142857143,3975.964285714286,0.031199840025633998,0.06591761900481295,20,19
2026-02,巴西,iOS,Organic,Contour,70.92857142857143,37.964285714285715,3975.964285714286,0.00948498974970176,0.017698175338333046,37,28
2026-02,巴西,iOS,Organic,Crop,268.07142857142856,196.28571428571428,3975.964285714286,0.049444213444738594,0.06728641381813047,19,11
2026-02,巴西,iOS,Organic,Dark Circles,227.28571428571428,189.28571428571428,3975.964285714286,0.04773832747341641,0.05732930979898761,23,13
2026-02,巴西,iOS,Organic,Details,70.75,22.642857142857142,3975.964285714286,0.005692911894427084,0.01778488454510962,36,32
2026-02,巴西,iOS,Organic,Effects,206.25,2.4642857142857144,3975.964285714286,0.0006413644520906408,0.05155771539767579,25,42
2026-02,巴西,iOS,Organic,Eraser,484.17857142857144,275.5,3975.964285714286,0.0688826892085689,0.1209687982024765,11,9
2026-02,巴西,iOS,Organic,Expression,150.42857142857142,32.535714285714285,3975.964285714286,0.008097218304284119,0.03729251561245068,29,30
2026-02,巴西,iOS,Organic,Eye Brighten,107.78571428571429,80.28571428571429,3975.964285714286,0.020290307932152352,0.027188124296106394,32,21
2026-02,巴西,iOS,Organic,Face,1173.392857142857,476.7857142857143,3975.964285714286,0.11871582686440643,0.2927422973722113,1,5
2026-02,巴西,iOS,Organic,Face Fix,213.67857142857142,39.92857142857143,3975.964285714286,0.009886433200355552,0.05311154597905582,24,26
2026-02,巴西,iOS,Organic,Filters,1004.5,183.10714285714286,3975.964285714286,0.04551577728922336,0.24988301175234082,4,15
2026-02,巴西,iOS,Organic,Glitter,79.71428571428571,12.821428571428571,3975.964285714286,0.0031494980248665335,0.019787816250856453,35,38
2026-02,巴西,iOS,Organic,Glowup,288.39285714285717,70.89285714285714,3975.964285714286,0.017519756367707702,0.07146128227090152,17,22
2026-02,巴西,iOS,Organic,Hair,469.7857142857143,136.07142857142858,3975.964285714286,0.03409950931632846,0.11699040224605275,12,18
2026-02,巴西,iOS,Organic,Magic,1107.392857142857,677.25,3975.964285714286,0.1700598956869512,0.2770974475979674,2,3
2026-02,巴西,iOS,Organic,Makeup,640.6428571428571,326.0,3975.964285714286,0.08177724848932141,0.16028358958442232,7,8
2026-02,巴西,iOS,Organic,Matte,68.89285714285714,33.0,3975.964285714286,0.008303181669656304,0.017309292599257068,38,29
2026-02,巴西,iOS,Organic,Muscle,140.96428571428572,43.607142857142854,3975.964285714286,0.010807095826847163,0.03480155261279353,30,25
2026-02,巴西,iOS,Organic,Mykit,63.0,0.0,3975.964285714286,0.0,0.015943584050655844,40,43
2026-02,巴西,iOS,Organic,Plump,233.96428571428572,70.35714285714286,3975.964285714286,0.017507663229266973,0.05812149514401936,22,23
2026-02,巴西,iOS,Organic,Preset,129.64285714285714,14.607142857142858,3975.964285714286,0.003712759782768793,0.032246072807730744,31,37
2026-02,巴西,iOS,Organic,Prism,46.785714285714285,15.178571428571429,3975.964285714286,0.003871507495042566,0.011884398596995029,42,35
2026-02,巴西,iOS,Organic,Relight,377.7857142857143,180.89285714285714,3975.964285714286,0.04493708437591112,0.09417141369029529,13,16
2026-02,巴西,iOS,Organic,Reshape,1040.8214285714287,832.75,3975.964285714286,0.207258734555762,0.25877306762595703,3,1
2026-02,巴西,iOS,Organic,Resize,327.75,174.89285714285714,3975.964285714286,0.043231844852613235,0.08110226646326861,15,17
2026-02,巴西,iOS,Organic,Skin Tone,303.07142857142856,193.53571428571428,3975.964285714286,0.048322753497452624,0.0755875186457701,16,12
2026-02,巴西,iOS,Organic,Smooth,829.6071428571429,692.6785714285714,3975.964285714286,0.17286772467505562,0.20711294142612555,5,2
2026-02,巴西,iOS,Organic,Stamp,46.92857142857143,10.107142857142858,3975.964285714286,0.002564266596132908,0.011868379560329758,43,40
2026-02,巴西,iOS,Organic,Teeth,341.85714285714283,0.0,3975.964285714286,0.0,0.08490790680816489,14,43
2026-02,巴西,iOS,Organic,Text,34.0,3.4642857142857144,3975.964285714286,0.0009098822229076246,0.008652852541173312,44,41
2026-02,巴西,iOS,non-Organic,AI Expand,2.0357142857142856,0.6428571428571429,33.5,0.019898287007275178,0.07162976494505982,21,22
2026-02,巴西,iOS,non-Organic,AI Image,5.392857142857143,0.39285714285714285,33.5,0.012582800490148094,0.1589225046639398,7,29
2026-02,巴西,iOS,non-Organic,AI Repair,4.464285714285714,1.8928571428571428,33.5,0.05611934658092025,0.13551450790365582,9,8
2026-02,巴西,iOS,non-Organic,AI Replace,1.75,1.1071428571428572,33.5,0.032300347334262805,0.0627358246111254,26,18
2026-02,巴西,iOS,non-Organic,AI Retouch,7.178571428571429,2.892857142857143,33.5,0.08605013315581735,0.20951005926038085,4,5
2026-02,巴西,iOS,non-Organic,AI Tattoo,1.0714285714285714,0.21428571428571427,33.5,0.006187572869903697,0.04623334687497831,34,37
2026-02,巴西,iOS,non-Organic,Acne,2.0357142857142856,1.3571428571428572,33.5,0.03756381658653107,0.07750375710630901,19,12
2026-02,巴西,iOS,non-Organic,Adjust,4.214285714285714,1.25,33.5,0.03569004261345698,0.12609539459531502,10,14
2026-02,巴西,iOS,non-Organic,Background,2.107142857142857,0.10714285714285714,33.5,0.002919823232323232,0.07157241413063317,22,40
2026-02,巴西,iOS,non-Organic,Blur,1.75,0.9642857142857143,33.5,0.030070446358929605,0.06266808419831318,27,19
2026-02,巴西,iOS,non-Organic,Body,4.071428571428571,2.857142857142857,33.5,0.08076475058646197,0.12092920760439971,11,7
2026-02,巴西,iOS,non-Organic,Bokeh,0.9285714285714286,0.35714285714285715,33.5,0.011710786111790066,0.043240617382124605,36,30
2026-02,巴西,iOS,non-Organic,Brighten,1.0714285714285714,0.5714285714285714,33.5,0.016892631777388607,0.04883383201368749,33,27
2026-02,巴西,iOS,non-Organic,Concealer,1.3928571428571428,0.5714285714285714,33.5,0.017209602840191348,0.05849825900712662,29,26
2026-02,巴西,iOS,non-Organic,Contour,0.38461538461538464,0.2692307692307692,34.42307692307692,0.007742486858340517,0.03781343868996308,39,32
2026-02,巴西,iOS,non-Organic,Crop,1.6785714285714286,1.1071428571428572,33.5,0.03428579797364854,0.06198394707435084,28,15
2026-02,巴西,iOS,non-Organic,Dark Circles,0.75,0.6071428571428571,33.5,0.01806118335266821,0.039181094066192565,37,25
2026-02,巴西,iOS,non-Organic,Details,0.5384615384615384,0.23076923076923078,34.42307692307692,0.00689749538433749,0.03611171104027536,41,34
2026-02,巴西,iOS,non-Organic,Effects,1.9642857142857142,0.0,33.5,0.0,0.06740478888972315,23,42
2026-02,巴西,iOS,non-Organic,Eraser,6.75,3.5357142857142856,33.5,0.10610047435365762,0.20139348076172275,5,4
2026-02,巴西,iOS,non-Organic,Expression,2.357142857142857,0.5357142857142857,33.5,0.0184448054513844,0.08783442119783383,17,24
2026-02,巴西,iOS,non-Organic,Eye Brighten,0.4230769230769231,0.23076923076923078,34.42307692307692,0.0066504295162831744,0.031160777486996992,43,36
2026-02,巴西,iOS,non-Organic,Face,9.214285714285714,3.857142857142857,33.5,0.11584753723966887,0.272756375862094,3,2
2026-02,巴西,iOS,non-Organic,Face Fix,2.9642857142857144,1.1785714285714286,33.5,0.033878517951680245,0.09712779237317784,16,17
2026-02,巴西,iOS,non-Organic,Filters,9.357142857142858,1.5357142857142858,33.5,0.04501205162642132,0.27996643837513296,2,10
2026-02,巴西,iOS,non-Organic,Glitter,0.7857142857142857,0.21428571428571427,33.5,0.007205020390867551,0.044773810960135156,35,33
2026-02,巴西,iOS,non-Organic,Glowup,3.6785714285714284,0.75,33.5,0.022358801483524034,0.11965724900795308,12,21
2026-02,巴西,iOS,non-Organic,Hair,6.035714285714286,1.5357142857142858,33.5,0.04702955535378727,0.18323769838673196,6,9
2026-02,巴西,iOS,non-Organic,Magic,9.678571428571429,4.714285714285714,33.5,0.14009392523088937,0.2876716454535881,1,1
2026-02,巴西,iOS,non-Organic,Makeup,3.6785714285714284,1.5,33.5,0.04309965165773354,0.10837568661242925,14,11
2026-02,巴西,iOS,non-Organic,Matte,0.35714285714285715,0.25,33.5,0.006771825470265212,0.03095307801489055,44,35
2026-02,巴西,iOS,non-Organic,Muscle,1.6071428571428572,0.6428571428571429,33.5,0.01846956148758449,0.06477245957951397,25,23
2026-02,巴西,iOS,non-Organic,Mykit,1.3571428571428572,0.0,33.5,0.0,0.05557931340844483,32,42
2026-02,巴西,iOS,non-Organic,Plump,1.6428571428571428,0.4642857142857143,33.5,0.013420034453052896,0.06597291202624253,24,28
2026-02,巴西,iOS,non-Organic,Preset,1.6428571428571428,0.17857142857142858,33.5,0.005134399852444966,0.05698565134911141,31,38
2026-02,巴西,iOS,non-Organic,Prism,0.5357142857142857,0.32142857142857145,33.5,0.010920628804992918,0.03856868231099971,38,31
2026-02,巴西,iOS,non-Organic,Relight,3.0357142857142856,1.2142857142857142,33.5,0.03580262651048293,0.10082317817198898,15,13
2026-02,巴西,iOS,non-Organic,Reshape,5.428571428571429,3.857142857142857,33.5,0.10810700210132453,0.15489317690605495,8,3
2026-02,巴西,iOS,non-Organic,Resize,2.392857142857143,1.1785714285714286,33.5,0.034264692180332575,0.08340169319023594,18,16
2026-02,巴西,iOS,non-Organic,Skin Tone,1.5357142857142858,0.8928571428571429,33.5,0.026955053389699456,0.05805353181865128,30,20
2026-02,巴西,iOS,non-Organic,Smooth,3.4642857142857144,2.8214285714285716,33.5,0.08109079259151095,0.11138383343695885,13,6
2026-02,巴西,iOS,non-Organic,Stamp,0.42857142857142855,0.10714285714285714,33.5,0.003224206349206349,0.032704563227780446,42,39
2026-02,巴西,iOS,non-Organic,Teeth,2.4285714285714284,0.0,33.5,0.0,0.07578272567664203,20,42
2026-02,巴西,iOS,non-Organic,Text,0.9285714285714286,0.10714285714285714,33.5,0.0027690027690027686,0.037109354352619174,40,41
2026-02,整体,Android,Organic,AI Expand,328.9642857142857,122.92857142857143,6586.071428571428,0.01870404301827586,0.049768207646657084,27,24
2026-02,整体,Android,Organic,AI Image,992.4285714285714,174.03571428571428,6586.071428571428,0.026486344137368934,0.15059557654652292,6,19
2026-02,整体,Android,Organic,AI Repair,471.32142857142856,226.14285714285714,6586.071428571428,0.03419412809762657,0.07108090822759962,18,16
2026-02,整体,Android,Organic,AI Replace,267.0,119.39285714285714,6586.071428571428,0.017973243585089095,0.04020159559160893,34,25
2026-02,整体,Android,Organic,AI Retouch,1367.5,608.7142857142857,6586.071428571428,0.0921431599901436,0.20734883660736309,4,3
2026-02,整体,Android,Organic,AI Tattoo,179.89285714285714,47.464285714285715,6586.071428571428,0.007218107008572666,0.027340218058601307,38,38
2026-02,整体,Android,Organic,Acne,439.92857142857144,284.75,6586.071428571428,0.04331042261669974,0.06682866927895141,21,13
2026-02,整体,Android,Organic,Adjust,735.3928571428571,359.75,6586.071428571428,0.05441084152836687,0.1111454852068663,8,8
2026-02,整体,Android,Organic,Background,585.75,70.32142857142857,6586.071428571428,0.0106273519004899,0.08812536080120628,15,33
2026-02,整体,Android,Organic,Blur,526.8214285714286,223.92857142857142,6586.071428571428,0.033639462648695384,0.07821539031916333,17,17
2026-02,整体,Android,Organic,Body,382.85714285714283,210.32142857142858,6586.071428571428,0.03202052712644227,0.05817359002876819,24,18
2026-02,整体,Android,Organic,Bokeh,534.6071428571429,317.5,6586.071428571428,0.04639246911711755,0.07841695561005271,16,12
2026-02,整体,Android,Organic,Brighten,276.14285714285717,142.32142857142858,6586.071428571428,0.021603228488985347,0.04192385621792595,33,21
2026-02,整体,Android,Organic,Concealer,333.85714285714283,147.25,6586.071428571428,0.02236007529830416,0.05070906931425934,26,20
2026-02,整体,Android,Organic,Contour,142.78571428571428,64.28571428571429,6586.071428571428,0.009790849633943477,0.021703317243597232,42,34
2026-02,整体,Android,Organic,Crop,454.67857142857144,329.39285714285717,6586.071428571428,0.05001095639757057,0.06889964327804221,19,9
2026-02,整体,Android,Organic,Dark Circles,213.25,133.60714285714286,6586.071428571428,0.02031724797697195,0.03239032586961859,37,22
2026-02,整体,Android,Organic,Details,135.60714285714286,55.42857142857143,6586.071428571428,0.008404535288316198,0.020598525762785164,43,36
2026-02,整体,Android,Organic,Effects,585.5357142857143,26.964285714285715,6586.071428571428,0.00408056705425154,0.08830197478834236,14,41
2026-02,整体,Android,Organic,Eraser,732.7857142857143,326.9642857142857,6586.071428571428,0.04974265232275995,0.11077777195799277,9,10
2026-02,整体,Android,Organic,Expression,287.82142857142856,79.42857142857143,6586.071428571428,0.012073419554729226,0.0437468043047184,30,29
2026-02,整体,Android,Organic,Eye Brighten,153.53571428571428,94.53571428571429,6586.071428571428,0.01440730690194878,0.02335209785818764,40,27
2026-02,整体,Android,Organic,Face,1511.107142857143,616.1071428571429,6586.071428571428,0.0935709815360425,0.22924007822550108,3,2
2026-02,整体,Android,Organic,Face Fix,378.42857142857144,73.28571428571429,6586.071428571428,0.011130216665714829,0.05735893415508997,25,31
2026-02,整体,Android,Organic,Filters,1876.0714285714287,451.0357142857143,6586.071428571428,0.06814336593210357,0.28335745981002824,1,5
2026-02,整体,Android,Organic,Glitter,323.2142857142857,43.67857142857143,6586.071428571428,0.006543690887149361,0.04860168767781804,28,39
2026-02,整体,Android,Organic,Glowup,444.42857142857144,123.28571428571429,6586.071428571428,0.018746776160807832,0.06745707078282592,20,23
2026-02,整体,Android,Organic,Hair,1343.2142857142858,384.67857142857144,6586.071428571428,0.05833674420048223,0.20292181814137328,5,7
2026-02,整体,Android,Organic,Magic,1657.75,790.3571428571429,6586.071428571428,0.11990109354702341,0.25116825598857156,2,1
2026-02,整体,Android,Organic,Makeup,923.6785714285714,427.2142857142857,6586.071428571428,0.06492170657594162,0.14015535937289572,7,6
2026-02,整体,Android,Organic,Matte,125.39285714285714,51.67857142857143,6586.071428571428,0.007853833111231497,0.01903779811153589,44,37
2026-02,整体,Android,Organic,Muscle,239.96428571428572,71.78571428571429,6586.071428571428,0.01091389571713157,0.036427490393983006,36,32
2026-02,整体,Android,Organic,Mykit,406.7857142857143,0.0,6586.071428571428,0.0,0.061480181528016695,23,43
2026-02,整体,Android,Organic,Plump,277.0,92.64285714285714,6586.071428571428,0.014007608200160827,0.041977283236483746,32,28
2026-02,整体,Android,Organic,Preset,662.3571428571429,75.0,6586.071428571428,0.011259656305518081,0.09977245412951573,11,30
2026-02,整体,Android,Organic,Prism,148.5,58.285714285714285,6586.071428571428,0.008695779174118816,0.02223513672147601,41,35
2026-02,整体,Android,Organic,Relight,608.75,275.07142857142856,6586.071428571428,0.04161520869116654,0.0919533931856746,13,15
2026-02,整体,Android,Organic,Reshape,607.25,325.35714285714283,6586.071428571428,0.04951227775648638,0.09216252975283513,12,11
2026-02,整体,Android,Organic,Resize,250.92857142857142,99.75,6586.071428571428,0.015179659295713752,0.03796292789649495,35,26
2026-02,整体,Android,Organic,Skin Tone,435.10714285714283,276.2857142857143,6586.071428571428,0.042028928142300116,0.06613387784067475,22,14
2026-02,整体,Android,Organic,Smooth,724.8571428571429,512.5,6586.071428571428,0.0778798482501766,0.11007862545856097,10,4
2026-02,整体,Android,Organic,Stamp,172.60714285714286,30.214285714285715,6586.071428571428,0.004542528359489402,0.025847151163034644,39,40
2026-02,整体,Android,Organic,Teeth,302.89285714285717,0.0,6586.071428571428,0.0,0.045907395775060124,29,43
2026-02,整体,Android,Organic,Text,285.75,23.035714285714285,6586.071428571428,0.00350450664604109,0.043119097197753246,31,42
2026-02,整体,Android,non-Organic,AI Expand,653.1071428571429,279.82142857142856,15915.75,0.017634910251823347,0.04109635124759191,21,19
2026-02,整体,Android,non-Organic,AI Image,4368.428571428572,1433.357142857143,15915.75,0.08980638614427126,0.27374350952971527,1,4
2026-02,整体,Android,non-Organic,AI Repair,622.7142857142857,285.17857142857144,15915.75,0.01796034853601105,0.03927166974584244,24,18
2026-02,整体,Android,non-Organic,AI Replace,250.96428571428572,115.25,15915.75,0.007272128695061746,0.015823388075576997,37,31
2026-02,整体,Android,non-Organic,AI Retouch,3450.964285714286,1637.357142857143,15915.75,0.10278528111752232,0.21663103831601907,5,1
2026-02,整体,Android,non-Organic,AI Tattoo,648.5357142857143,267.4642857142857,15915.75,0.01685098377849009,0.04080653393338563,23,21
2026-02,整体,Android,non-Organic,Acne,438.57142857142856,235.64285714285714,15915.75,0.014780573002792946,0.027518447269493724,29,22
2026-02,整体,Android,non-Organic,Adjust,823.3928571428571,346.07142857142856,15915.75,0.02173100753394081,0.05177097412460956,17,15
2026-02,整体,Android,non-Organic,Background,858.3214285714286,173.39285714285714,15915.75,0.010843300270049807,0.05390497180921246,14,25
2026-02,整体,Android,non-Organic,Blur,297.7857142857143,139.5,15915.75,0.008785078170795534,0.0187635889231545,34,29
2026-02,整体,Android,non-Organic,Body,857.6785714285714,451.67857142857144,15915.75,0.02834611696476729,0.05385047625948891,15,12
2026-02,整体,Android,non-Organic,Bokeh,193.53571428571428,59.32142857142857,15915.75,0.0038311092320545033,0.012295980252662186,40,39
2026-02,整体,Android,non-Organic,Brighten,496.67857142857144,229.35714285714286,15915.75,0.014384376664003351,0.031130289463669504,28,23
2026-02,整体,Android,non-Organic,Concealer,729.1071428571429,308.35714285714283,15915.75,0.019314360095954396,0.04576415785313096,19,17
2026-02,整体,Android,non-Organic,Contour,191.46428571428572,86.85714285714286,15915.75,0.005460031310972985,0.012016278040265022,41,36
2026-02,整体,Android,non-Organic,Crop,650.8571428571429,455.7142857142857,15915.75,0.028669316985549836,0.04094513268366456,22,11
2026-02,整体,Android,non-Organic,Dark Circles,339.85714285714283,170.75,15915.75,0.010726419163932199,0.021328328920261142,33,26
2026-02,整体,Android,non-Organic,Details,170.21428571428572,62.07142857142857,15915.75,0.0039000333117999463,0.010698513160739814,43,38
2026-02,整体,Android,non-Organic,Effects,979.2857142857143,117.10714285714286,15915.75,0.00737078567148444,0.061510807691570586,10,30
2026-02,整体,Android,non-Organic,Eraser,1279.6785714285713,549.0,15915.75,0.034629625877960125,0.08080598036339716,9,9
2026-02,整体,Android,non-Organic,Expression,425.0357142857143,149.75,15915.75,0.009382019054655185,0.02669155329269115,31,27
2026-02,整体,Android,non-Organic,Eye Brighten,216.0,106.10714285714286,15915.75,0.006670358432185637,0.013572006080640802,38,34
2026-02,整体,Android,non-Organic,Face,3093.3928571428573,1201.607142857143,15915.75,0.07538586619715316,0.19408634481785642,6,5
2026-02,整体,Android,non-Organic,Face Fix,534.5,140.0,15915.75,0.0087969912582344,0.03359268230110074,25,28
2026-02,整体,Android,non-Organic,Filters,3547.5,973.1071428571429,15915.75,0.06105625492360628,0.2226589469207754,3,7
2026-02,整体,Android,non-Organic,Glitter,392.5357142857143,96.57142857142857,15915.75,0.006065909433493828,0.02466384708061803,32,35
2026-02,整体,Android,non-Organic,Glowup,956.6071428571429,273.7142857142857,15915.75,0.016975394859572588,0.05958434320214134,12,20
2026-02,整体,Android,non-Organic,Hair,3930.8214285714284,1503.7142857142858,15915.75,0.09466169848656818,0.24742090524275065,2,3
2026-02,整体,Android,non-Organic,Magic,3484.285714285714,1597.7857142857142,15915.75,0.10021609416872236,0.21863816573635125,4,2
2026-02,整体,Android,non-Organic,Makeup,2257.9285714285716,1095.857142857143,15915.75,0.06877760721684,0.1418200178047469,7,6
2026-02,整体,Android,non-Organic,Matte,177.35714285714286,65.78571428571429,15915.75,0.004106882271507595,0.01110829895414366,42,37
2026-02,整体,Android,non-Organic,Muscle,865.2142857142857,330.07142857142856,15915.75,0.0208491164944292,0.054667743736666975,13,16
2026-02,整体,Android,non-Organic,Mykit,508.2857142857143,0.0,15915.75,0.0,0.03198118370516984,27,44
2026-02,整体,Android,non-Organic,Plump,428.85714285714283,178.46428571428572,15915.75,0.011165757713272509,0.0268836208242513,30,24
2026-02,整体,Android,non-Organic,Preset,773.1071428571429,112.07142857142857,15915.75,0.007032994268338926,0.04858019968501788,18,32
2026-02,整体,Android,non-Organic,Prism,135.10714285714286,48.535714285714285,15915.75,0.003062572633518599,0.008519375535888952,44,40
2026-02,整体,Android,non-Organic,Relight,1399.9285714285713,650.3928571428571,15915.75,0.04078641435132852,0.08784361090978601,8,8
2026-02,整体,Android,non-Organic,Reshape,979.3928571428571,429.35714285714283,15915.75,0.026948053764835656,0.06147905626204997,11,13
2026-02,整体,Android,non-Organic,Resize,260.5,107.85714285714286,15915.75,0.0067482670709560644,0.01634697275163102,36,33
2026-02,整体,Android,non-Organic,Skin Tone,670.5,358.89285714285717,15915.75,0.022532623908655902,0.04212667717306098,20,14
2026-02,整体,Android,non-Organic,Smooth,855.9642857142857,476.0357142857143,15915.75,0.029833255453204928,0.05366880397882554,16,10
2026-02,整体,Android,non-Organic,Stamp,201.42857142857142,34.07142857142857,15915.75,0.00214357222680834,0.01268132367433793,39,41
2026-02,整体,Android,non-Organic,Teeth,532.9285714285714,0.10714285714285714,15915.75,6.823763913037106e-06,0.033428555635207254,26,43
2026-02,整体,Android,non-Organic,Text,294.7142857142857,33.892857142857146,15915.75,0.002128920032433202,0.018549760993561377,35,42
2026-02,整体,iOS,Organic,AI Expand,389.92857142857144,124.25,13886.607142857143,0.009005463994200411,0.028149887782424447,33,30
2026-02,整体,iOS,Organic,AI Image,1253.75,142.75,13886.607142857143,0.010307366600582063,0.09086720272279433,14,27
2026-02,整体,iOS,Organic,AI Repair,569.7142857142857,210.35714285714286,13886.607142857143,0.015184806344688734,0.041039151308738926,29,24
2026-02,整体,iOS,Organic,AI Replace,278.5357142857143,117.14285714285714,13886.607142857143,0.008486188805407453,0.02015687778367783,40,31
2026-02,整体,iOS,Organic,AI Retouch,3539.6428571428573,1484.5714285714287,13886.607142857143,0.10639614706590265,0.25356760229561043,3,5
2026-02,整体,iOS,Organic,AI Tattoo,252.71428571428572,46.57142857142857,13886.607142857143,0.003370782737823993,0.018225466197575636,41,38
2026-02,整体,iOS,Organic,Acne,1865.2142857142858,1405.3214285714287,13886.607142857143,0.10093776204987645,0.13393083488772628,9,6
2026-02,整体,iOS,Organic,Adjust,1298.8214285714287,528.75,13886.607142857143,0.038028694472493504,0.0933619696416894,13,15
2026-02,整体,iOS,Organic,Background,725.5714285714286,82.53571428571429,13886.607142857143,0.00606334228361194,0.0523632834728683,25,36
2026-02,整体,iOS,Organic,Blur,716.8571428571429,432.5357142857143,13886.607142857143,0.03109332413047308,0.05161401368060272,27,18
2026-02,整体,iOS,Organic,Body,1308.857142857143,877.5357142857143,13886.607142857143,0.06270407898114203,0.0936711495142852,12,8
2026-02,整体,iOS,Organic,Bokeh,305.85714285714283,100.21428571428571,13886.607142857143,0.007356438637174798,0.022227606545040548,39,34
2026-02,整体,iOS,Organic,Brighten,754.9285714285714,392.92857142857144,13886.607142857143,0.02820786271844317,0.054226894504680066,24,19
2026-02,整体,iOS,Organic,Concealer,990.1785714285714,458.32142857142856,13886.607142857143,0.03293242666547691,0.0710704011993393,17,17
2026-02,整体,iOS,Organic,Contour,362.89285714285717,190.46428571428572,13886.607142857143,0.013635205768461797,0.02595791317910624,37,25
2026-02,整体,iOS,Organic,Crop,668.1071428571429,471.9642857142857,13886.607142857143,0.0339628015828484,0.048102515178641565,28,16
2026-02,整体,iOS,Organic,Dark Circles,718.8928571428571,540.4642857142857,13886.607142857143,0.038766555364686074,0.05163385783514812,26,14
2026-02,整体,iOS,Organic,Details,366.32142857142856,126.92857142857143,13886.607142857143,0.009135333355347742,0.026354660787198576,36,29
2026-02,整体,iOS,Organic,Effects,838.4642857142857,17.892857142857142,13886.607142857143,0.0012947888349726096,0.060289639400654356,20,42
2026-02,整体,iOS,Organic,Eraser,1536.5357142857142,862.7857142857143,13886.607142857143,0.06208155183424487,0.11063718371604847,10,9
2026-02,整体,iOS,Organic,Expression,535.75,114.92857142857143,13886.607142857143,0.008234298076060808,0.03834680644322327,30,32
2026-02,整体,iOS,Organic,Eye Brighten,466.67857142857144,319.39285714285717,13886.607142857143,0.022949680111536443,0.03351879664333069,31,22
2026-02,整体,iOS,Organic,Face,4519.035714285715,1948.142857142857,13886.607142857143,0.1391507422180882,0.3233255521624206,1,3
2026-02,整体,iOS,Organic,Face Fix,863.9285714285714,139.5,13886.607142857143,0.009972890047472002,0.061877308222195594,19,28
2026-02,整体,iOS,Organic,Filters,3439.785714285714,617.8214285714286,13886.607142857143,0.04405603822182501,0.24673185320752836,4,11
2026-02,整体,iOS,Organic,Glitter,367.4642857142857,59.392857142857146,13886.607142857143,0.004253821767775409,0.026432063564685564,35,37
2026-02,整体,iOS,Organic,Glowup,1223.6785714285713,379.17857142857144,13886.607142857143,0.027113151713240396,0.08756411656848746,15,21
2026-02,整体,iOS,Organic,Hair,2025.5357142857142,568.4642857142857,13886.607142857143,0.04094314244080299,0.1455632501942822,8,12
2026-02,整体,iOS,Organic,Magic,3939.1785714285716,2202.8928571428573,13886.607142857143,0.15782413642863927,0.28228852750589734,2,1
2026-02,整体,iOS,Organic,Makeup,2351.6428571428573,1047.857142857143,13886.607142857143,0.07501850597137169,0.16842240664284464,6,7
2026-02,整体,iOS,Organic,Matte,322.35714285714283,155.5,13886.607142857143,0.011145259131808328,0.02313762648927306,38,26
2026-02,整体,iOS,Organic,Muscle,368.25,106.28571428571429,13886.607142857143,0.0077037986767012874,0.02650489464639705,34,33
2026-02,整体,iOS,Organic,Mykit,419.0357142857143,0.0,13886.607142857143,0.0,0.030294679737172547,32,43
2026-02,整体,iOS,Organic,Plump,809.9285714285714,253.21428571428572,13886.607142857143,0.018097179396477203,0.05792340226363463,22,23
2026-02,整体,iOS,Organic,Preset,792.7857142857143,99.21428571428571,13886.607142857143,0.00706734208066112,0.05682758558080352,23,35
2026-02,整体,iOS,Organic,Prism,143.46428571428572,38.714285714285715,13886.607142857143,0.0028199338183989135,0.01041926457516246,44,40
2026-02,整体,iOS,Organic,Relight,1179.892857142857,542.8571428571429,13886.607142857143,0.03885021255090747,0.08471692889618569,16,13
2026-02,整体,iOS,Organic,Reshape,2316.8928571428573,1644.607142857143,13886.607142857143,0.11732037155616926,0.16546280030172764,7,4
2026-02,整体,iOS,Organic,Resize,843.4642857142857,395.25,13886.607142857143,0.02814653384269947,0.06013448229504669,21,20
2026-02,整体,iOS,Organic,Skin Tone,1317.8214285714287,838.4285714285714,13886.607142857143,0.06010366827708199,0.09452153600884058,11,10
2026-02,整体,iOS,Organic,Smooth,2604.6428571428573,2051.714285714286,13886.607142857143,0.14681308610911334,0.18647812871239489,5,2
2026-02,整体,iOS,Organic,Stamp,183.82142857142858,40.07142857142857,13886.607142857143,0.002895123249548897,0.01333403164753585,43,39
2026-02,整体,iOS,Organic,Teeth,958.0,0.0,13886.607142857143,0.0,0.06813329313080675,18,43
2026-02,整体,iOS,Organic,Text,207.32142857142858,21.428571428571427,13886.607142857143,0.0015595814140726347,0.015027085671319046,42,41
2026-02,整体,iOS,non-Organic,AI Expand,105.57142857142857,35.82142857142857,3114.035714285714,0.011464873146975701,0.03392315895894772,30,28
2026-02,整体,iOS,non-Organic,AI Image,356.64285714285717,36.0,3114.035714285714,0.011694429685172827,0.11509890946309033,7,27
2026-02,整体,iOS,non-Organic,AI Repair,149.42857142857142,59.5,3114.035714285714,0.019170884311135457,0.04797786541124033,23,19
2026-02,整体,iOS,non-Organic,AI Replace,83.39285714285714,39.07142857142857,3114.035714285714,0.012657268445511492,0.026972257160053505,34,25
2026-02,整体,iOS,non-Organic,AI Retouch,766.2142857142857,272.0357142857143,3114.035714285714,0.08668336628295782,0.24455226124248913,3,3
2026-02,整体,iOS,non-Organic,AI Tattoo,80.07142857142857,16.392857142857142,3114.035714285714,0.005383486919730832,0.025809556274440502,35,36
2026-02,整体,iOS,non-Organic,Acne,206.85714285714286,126.25,3114.035714285714,0.04014633333629252,0.06589652500623827,13,10
2026-02,整体,iOS,non-Organic,Adjust,189.10714285714286,57.0,3114.035714285714,0.01806777790178506,0.060431986128740234,17,20
2026-02,整体,iOS,non-Organic,Background,170.28571428571428,22.642857142857142,3114.035714285714,0.007393339241037967,0.05464384095225333,20,34
2026-02,整体,iOS,non-Organic,Blur,89.60714285714286,46.17857142857143,3114.035714285714,0.014776460873805537,0.028679949760004354,33,22
2026-02,整体,iOS,non-Organic,Body,253.67857142857142,148.89285714285714,3114.035714285714,0.04739352773840895,0.08123460306260669,12,9
2026-02,整体,iOS,non-Organic,Bokeh,38.5,6.892857142857143,3114.035714285714,0.0022019510883118628,0.012382418896745573,42,38
2026-02,整体,iOS,non-Organic,Brighten,130.85714285714286,65.21428571428571,3114.035714285714,0.020689017303313562,0.041647873068081265,24,17
2026-02,整体,iOS,non-Organic,Concealer,159.28571428571428,70.89285714285714,3114.035714285714,0.022696211141112088,0.05085116393706985,21,15
2026-02,整体,iOS,non-Organic,Contour,62.607142857142854,31.214285714285715,3114.035714285714,0.009985463970139757,0.01995272493508082,39,30
2026-02,整体,iOS,non-Organic,Crop,102.71428571428571,67.57142857142857,3114.035714285714,0.0217423464019752,0.03300921939697739,31,16
2026-02,整体,iOS,non-Organic,Dark Circles,101.28571428571429,61.5,3114.035714285714,0.0196034451914112,0.032180077423275916,32,18
2026-02,整体,iOS,non-Organic,Details,67.32142857142857,24.392857142857142,3114.035714285714,0.007767438178730329,0.021415491866992674,38,33
2026-02,整体,iOS,non-Organic,Effects,175.67857142857142,5.321428571428571,3114.035714285714,0.001753241138042799,0.05644212078994403,19,41
2026-02,整体,iOS,non-Organic,Eraser,332.0357142857143,194.57142857142858,3114.035714285714,0.06213162451065746,0.10619716201927734,9,6
2026-02,整体,iOS,non-Organic,Expression,121.42857142857143,26.75,3114.035714285714,0.008705689038032363,0.038957461889188895,27,31
2026-02,整体,iOS,non-Organic,Eye Brighten,73.71428571428571,41.92857142857143,3114.035714285714,0.01332399752943223,0.023442693654836647,36,23
2026-02,整体,iOS,non-Organic,Face,864.25,374.0,3114.035714285714,0.11898415183159064,0.27544316370688576,2,1
2026-02,整体,iOS,non-Organic,Face Fix,205.82142857142858,40.17857142857143,3114.035714285714,0.012755781032678899,0.06558383697421295,15,24
2026-02,整体,iOS,non-Organic,Filters,667.6428571428571,99.10714285714286,3114.035714285714,0.03152136967727479,0.21378569415815982,5,12
2026-02,整体,iOS,non-Organic,Glitter,68.32142857142857,13.357142857142858,3114.035714285714,0.0042700578811056674,0.021802794607570793,37,37
2026-02,整体,iOS,non-Organic,Glowup,293.35714285714283,79.5,3114.035714285714,0.025534428423179552,0.0938593346094565,11,14
2026-02,整体,iOS,non-Organic,Hair,1031.4285714285713,239.64285714285714,3114.035714285714,0.07733132398804855,0.33177439069067255,1,4
2026-02,整体,iOS,non-Organic,Magic,720.7142857142857,314.57142857142856,3114.035714285714,0.10013398894699917,0.22986710824183995,4,2
2026-02,整体,iOS,non-Organic,Makeup,413.42857142857144,151.96428571428572,3114.035714285714,0.0484206098210356,0.13176412053242825,6,8
2026-02,整体,iOS,non-Organic,Matte,53.785714285714285,25.0,3114.035714285714,0.007974205839605052,0.017224952626043483,40,32
2026-02,整体,iOS,non-Organic,Muscle,111.78571428571429,34.67857142857143,3114.035714285714,0.011147836158191565,0.03605278987174609,28,29
2026-02,整体,iOS,non-Organic,Mykit,109.07142857142857,0.0,3114.035714285714,0.0,0.035166625819034084,29,43
2026-02,整体,iOS,non-Organic,Plump,126.85714285714286,38.75,3114.035714285714,0.012427102321017588,0.040454103727398306,26,26
2026-02,整体,iOS,non-Organic,Preset,181.39285714285714,17.5,3114.035714285714,0.005538129649954463,0.05793664600209344,18,35
2026-02,整体,iOS,non-Organic,Prism,24.928571428571427,6.642857142857143,3114.035714285714,0.0021420107883060235,0.008060209932921584,44,39
2026-02,整体,iOS,non-Organic,Relight,205.28571428571428,82.67857142857143,3114.035714285714,0.026262525345557293,0.06568166195426138,14,13
2026-02,整体,iOS,non-Organic,Reshape,307.0,163.28571428571428,3114.035714285714,0.05161027323192273,0.09755521261229491,10,7
2026-02,整体,iOS,non-Organic,Resize,127.85714285714286,54.0,3114.035714285714,0.01721369719713694,0.04074295903750474,25,21
2026-02,整体,iOS,non-Organic,Skin Tone,205.92857142857142,120.10714285714286,3114.035714285714,0.0380447382893496,0.06555950998862348,16,11
2026-02,整体,iOS,non-Organic,Smooth,336.2857142857143,224.46428571428572,3114.035714285714,0.07109917566637122,0.10680372579069883,8,5
2026-02,整体,iOS,non-Organic,Stamp,32.464285714285715,5.75,3114.035714285714,0.0018458072514349164,0.010474217890463476,43,40
2026-02,整体,iOS,non-Organic,Teeth,159.85714285714286,0.0,3114.035714285714,0.0,0.05059989553241218,22,43
2026-02,整体,iOS,non-Organic,Text,50.892857142857146,3.3214285714285716,3114.035714285714,0.00107918162923111,0.016496638392877246,41,42
2026-02,美国,Android,Organic,AI Expand,10.464285714285714,4.214285714285714,260.39285714285717,0.01618101113589141,0.03995983976307201,30,28
2026-02,美国,Android,Organic,AI Image,28.321428571428573,4.392857142857143,260.39285714285717,0.017000958825287314,0.10894248622884554,8,27
2026-02,美国,Android,Organic,AI Repair,14.464285714285714,7.214285714285714,260.39285714285717,0.027913959212290392,0.05576587616509691,23,17
2026-02,美国,Android,Organic,AI Replace,9.142857142857142,4.642857142857143,260.39285714285717,0.018220202292286953,0.03568670408448605,33,25
2026-02,美国,Android,Organic,AI Retouch,50.392857142857146,22.75,260.39285714285717,0.08576835046319296,0.191733315423463,4,4
2026-02,美国,Android,Organic,AI Tattoo,6.785714285714286,1.7142857142857142,260.39285714285717,0.006576766831048723,0.025727280055946312,40,38
2026-02,美国,Android,Organic,Acne,16.428571428571427,11.25,260.39285714285717,0.04312790243355872,0.06275798040639295,18,12
2026-02,美国,Android,Organic,Adjust,21.25,10.107142857142858,260.39285714285717,0.03898407756575735,0.08228556925569766,11,13
2026-02,美国,Android,Organic,Background,16.214285714285715,3.7857142857142856,260.39285714285717,0.014142028656313305,0.062222981342343754,20,30
2026-02,美国,Android,Organic,Blur,10.607142857142858,6.285714285714286,260.39285714285717,0.02409204771364395,0.04057408663335423,29,21
2026-02,美国,Android,Organic,Body,15.035714285714286,9.071428571428571,260.39285714285717,0.03511308128674182,0.057521665570482314,22,14
2026-02,美国,Android,Organic,Bokeh,6.321428571428571,2.107142857142857,260.39285714285717,0.008191243090320162,0.024342402698699937,41,36
2026-02,美国,Android,Organic,Brighten,12.428571428571429,7.714285714285714,260.39285714285717,0.029406491788709247,0.04713966452240235,25,15
2026-02,美国,Android,Organic,Concealer,15.071428571428571,6.964285714285714,260.39285714285717,0.027195410419823172,0.05787460978983976,21,18
2026-02,美国,Android,Organic,Contour,7.642857142857143,3.607142857142857,260.39285714285717,0.013573166483435718,0.029010846892279347,37,31
2026-02,美国,Android,Organic,Crop,18.678571428571427,15.75,260.39285714285717,0.05997515713673278,0.07165813524403887,14,7
2026-02,美国,Android,Organic,Dark Circles,10.142857142857142,7.178571428571429,260.39285714285717,0.027031746878727506,0.03855371078661778,32,19
2026-02,美国,Android,Organic,Details,9.285714285714286,4.5,260.39285714285717,0.01734814170869427,0.035562886023999686,34,26
2026-02,美国,Android,Organic,Effects,19.892857142857142,1.3928571428571428,260.39285714285717,0.0052629699968621884,0.07594571748684213,12,39
2026-02,美国,Android,Organic,Eraser,21.571428571428573,12.785714285714286,260.39285714285717,0.049640241899067336,0.08301718948818908,10,10
2026-02,美国,Android,Organic,Expression,10.428571428571429,4.0,260.39285714285717,0.015322254706937462,0.03951633614323881,31,29
2026-02,美国,Android,Organic,Eye Brighten,8.428571428571429,6.107142857142857,260.39285714285717,0.02344716390213748,0.03209961263980156,35,22
2026-02,美国,Android,Organic,Face,58.214285714285715,28.321428571428573,260.39285714285717,0.10781037812606402,0.22207206976160546,3,2
2026-02,美国,Android,Organic,Face Fix,16.464285714285715,3.107142857142857,260.39285714285717,0.012436664381499722,0.0626214612566751,19,32
2026-02,美国,Android,Organic,Filters,58.25,19.75,260.39285714285717,0.07472137458944528,0.22410448924962792,2,5
2026-02,美国,Android,Organic,Glitter,8.357142857142858,1.9285714285714286,260.39285714285717,0.007271891197113589,0.03166632039899259,36,37
2026-02,美国,Android,Organic,Glowup,18.857142857142858,6.678571428571429,260.39285714285717,0.025279126427206453,0.07143203661557641,15,20
2026-02,美国,Android,Organic,Hair,42.107142857142854,14.321428571428571,260.39285714285717,0.05518876944979966,0.16211073772038034,5,8
2026-02,美国,Android,Organic,Magic,61.714285714285715,33.892857142857146,260.39285714285717,0.1292164583946234,0.2357448976351187,1,1
2026-02,美国,Android,Organic,Makeup,36.142857142857146,19.607142857142858,260.39285714285717,0.07382406425465639,0.13703329209986778,6,6
2026-02,美国,Android,Organic,Matte,6.035714285714286,2.75,260.39285714285717,0.010417818063501042,0.023030262006465314,42,34
2026-02,美国,Android,Organic,Muscle,7.178571428571429,2.75,260.39285714285717,0.01089880719249889,0.028257938969816997,38,33
2026-02,美国,Android,Organic,Mykit,11.821428571428571,0.0,260.39285714285717,0.0,0.04596894485292027,27,43
2026-02,美国,Android,Organic,Plump,12.285714285714286,5.25,260.39285714285717,0.019714822745440196,0.04674849504049056,26,24
2026-02,美国,Android,Organic,Preset,18.821428571428573,2.6785714285714284,260.39285714285717,0.010144338522839061,0.07192715171393603,13,35
2026-02,美国,Android,Organic,Prism,4.071428571428571,1.1428571428571428,260.39285714285717,0.004519220352457553,0.01568361909203656,44,41
2026-02,美国,Android,Organic,Relight,17.142857142857142,7.678571428571429,260.39285714285717,0.02916317319712831,0.06592390988076015,17,16
2026-02,美国,Android,Organic,Reshape,22.25,13.25,260.39285714285717,0.051066003105578524,0.08497213496206243,9,9
2026-02,美国,Android,Organic,Resize,11.214285714285714,5.75,260.39285714285717,0.022141501020670577,0.04319591560983667,28,23
2026-02,美国,Android,Organic,Skin Tone,18.392857142857142,11.642857142857142,260.39285714285717,0.04510972367215531,0.07102975975962914,16,11
2026-02,美国,Android,Organic,Smooth,30.428571428571427,22.607142857142858,260.39285714285717,0.08654593864138904,0.11643117941097995,7,3
2026-02,美国,Android,Organic,Stamp,4.607142857142857,1.2142857142857142,260.39285714285717,0.004653932506605646,0.01803717820910194,43,40
2026-02,美国,Android,Organic,Teeth,13.607142857142858,0.0,260.39285714285717,0.0,0.052422782587846786,24,43
2026-02,美国,Android,Organic,Text,7.0,1.1785714285714286,260.39285714285717,0.004373085765510164,0.027149842611654457,39,42
2026-02,美国,Android,non-Organic,AI Expand,13.392857142857142,4.642857142857143,329.89285714285717,0.014033230212622167,0.04101663817421757,32,32
2026-02,美国,Android,non-Organic,AI Image,44.035714285714285,5.214285714285714,329.89285714285717,0.015924729524185405,0.13496684767618886,8,29
2026-02,美国,Android,non-Organic,AI Repair,20.571428571428573,8.607142857142858,329.89285714285717,0.027036043132763362,0.06289362822139785,22,20
2026-02,美国,Android,non-Organic,AI Replace,11.607142857142858,5.321428571428571,329.89285714285717,0.015932499291752118,0.03537340766393208,36,28
2026-02,美国,Android,non-Organic,AI Retouch,86.78571428571429,37.92857142857143,329.89285714285717,0.11505598632197332,0.26366109958465106,3,3
2026-02,美国,Android,non-Organic,AI Tattoo,7.678571428571429,1.7857142857142858,329.89285714285717,0.005380770486104177,0.023726110245315808,41,37
2026-02,美国,Android,non-Organic,Acne,23.928571428571427,16.25,329.89285714285717,0.04927489096867986,0.07254023085415416,19,11
2026-02,美国,Android,non-Organic,Adjust,25.571428571428573,10.464285714285714,329.89285714285717,0.03152721807533666,0.07768469617854898,17,18
2026-02,美国,Android,non-Organic,Background,24.535714285714285,4.571428571428571,329.89285714285717,0.014434221288786056,0.07509844762410092,18,31
2026-02,美国,Android,non-Organic,Blur,14.214285714285714,7.25,329.89285714285717,0.021836274733394535,0.042691169146428135,30,22
2026-02,美国,Android,non-Organic,Body,20.357142857142858,11.607142857142858,329.89285714285717,0.03532411601485787,0.061907720886836264,23,14
2026-02,美国,Android,non-Organic,Bokeh,7.5,1.5,329.89285714285717,0.004197319767300733,0.022548108695805702,42,39
2026-02,美国,Android,non-Organic,Brighten,19.857142857142858,10.964285714285714,329.89285714285717,0.03271968146905719,0.05954518842583699,24,16
2026-02,美国,Android,non-Organic,Concealer,27.214285714285715,12.714285714285714,329.89285714285717,0.03840185707582775,0.08284161718400994,15,13
2026-02,美国,Android,non-Organic,Contour,12.821428571428571,5.678571428571429,329.89285714285717,0.017040228084234006,0.03840391548246823,34,27
2026-02,美国,Android,non-Organic,Crop,21.607142857142858,17.214285714285715,329.89285714285717,0.051970593752879525,0.06525527129390722,21,8
2026-02,美国,Android,non-Organic,Dark Circles,14.035714285714286,9.464285714285714,329.89285714285717,0.02860874622727197,0.042264962344131206,31,19
2026-02,美国,Android,non-Organic,Details,14.535714285714286,5.75,329.89285714285717,0.017481696927609182,0.04428230845624097,29,26
2026-02,美国,Android,non-Organic,Effects,31.678571428571427,2.142857142857143,329.89285714285717,0.006471624227691771,0.09627776195758082,9,36
2026-02,美国,Android,non-Organic,Eraser,31.392857142857142,17.142857142857142,329.89285714285717,0.051012637994307795,0.09426517405659998,10,10
2026-02,美国,Android,non-Organic,Expression,15.214285714285714,5.071428571428571,329.89285714285717,0.015667252046769765,0.04603408331500546,28,30
2026-02,美国,Android,non-Organic,Eye Brighten,12.357142857142858,8.035714285714286,329.89285714285717,0.024305892434943584,0.037054808593874895,35,21
2026-02,美国,Android,non-Organic,Face,96.85714285714286,42.67857142857143,329.89285714285717,0.12823570723927394,0.29158987281203513,2,2
2026-02,美国,Android,non-Organic,Face Fix,28.892857142857142,6.678571428571429,329.89285714285717,0.020489927381720088,0.08811723386471886,13,23
2026-02,美国,Android,non-Organic,Filters,82.60714285714286,25.25,329.89285714285717,0.07622101957728333,0.2504759716382975,4,6
2026-02,美国,Android,non-Organic,Glitter,9.0,1.25,329.89285714285717,0.0037457344489253233,0.027438273790119833,39,41
2026-02,美国,Android,non-Organic,Glowup,28.5,10.928571428571429,329.89285714285717,0.033221204881256475,0.08584340720698581,14,15
2026-02,美国,Android,non-Organic,Hair,68.60714285714286,22.035714285714285,329.89285714285717,0.06671483216632737,0.20988435404831537,5,7
2026-02,美国,Android,non-Organic,Magic,98.71428571428571,48.142857142857146,329.89285714285717,0.14482972976625966,0.29905225537408126,1,1
2026-02,美国,Android,non-Organic,Makeup,53.285714285714285,26.892857142857142,329.89285714285717,0.08092563569669395,0.16107216173882294,6,5
2026-02,美国,Android,non-Organic,Matte,9.464285714285714,4.571428571428571,329.89285714285717,0.013914414824294953,0.028948153527495968,37,33
2026-02,美国,Android,non-Organic,Muscle,9.142857142857142,3.142857142857143,329.89285714285717,0.009766691621451587,0.028376278972154313,38,35
2026-02,美国,Android,non-Organic,Mykit,16.535714285714285,0.0,329.89285714285717,0.0,0.050327874974545106,27,43
2026-02,美国,Android,non-Organic,Plump,16.571428571428573,6.321428571428571,329.89285714285717,0.019293036174376655,0.05074595629896772,26,24
2026-02,美国,Android,non-Organic,Preset,25.964285714285715,4.535714285714286,329.89285714285717,0.013846791489183176,0.07819162704656893,16,34
2026-02,美国,Android,non-Organic,Prism,5.142857142857143,1.25,329.89285714285717,0.0038627412693373773,0.015360224299688365,43,40
2026-02,美国,Android,non-Organic,Relight,23.357142857142858,10.571428571428571,329.89285714285717,0.03226441922783186,0.07094528462391257,20,17
2026-02,美国,Android,non-Organic,Reshape,29.892857142857142,14.428571428571429,329.89285714285717,0.043855600271024635,0.09070392860212384,12,12
2026-02,美国,Android,non-Organic,Resize,13.214285714285714,5.964285714285714,329.89285714285717,0.01785336076037433,0.039904970902195726,33,25
2026-02,美国,Android,non-Organic,Skin Tone,29.964285714285715,16.964285714285715,329.89285714285717,0.051505217628894685,0.09071775582174611,11,9
2026-02,美国,Android,non-Organic,Smooth,44.82142857142857,32.714285714285715,329.89285714285717,0.0985919439589812,0.135130755023752,7,4
2026-02,美国,Android,non-Organic,Stamp,5.142857142857143,1.0714285714285714,329.89285714285717,0.003152957806023054,0.015297993123510188,44,42
2026-02,美国,Android,non-Organic,Teeth,19.25,0.0,329.89285714285717,0.0,0.05793838656623213,25,43
2026-02,美国,Android,non-Organic,Text,8.035714285714286,1.7857142857142858,329.89285714285717,0.005362141553769151,0.024353959972297723,40,38
2026-02,美国,iOS,Organic,AI Expand,60.714285714285715,19.607142857142858,2625.3928571428573,0.007481818010751379,0.02303330527509748,35,33
2026-02,美国,iOS,Organic,AI Image,225.89285714285714,20.142857142857142,2625.3928571428573,0.007653581432733194,0.08640712944055776,12,31
2026-02,美国,iOS,Organic,AI Repair,91.71428571428571,30.607142857142858,2625.3928571428573,0.011683770955663328,0.03484455506572547,30,25
2026-02,美国,iOS,Organic,AI Replace,53.57142857142857,24.0,2625.3928571428573,0.009157781891486642,0.020425932157271308,39,29
2026-02,美国,iOS,Organic,AI Retouch,663.4285714285714,240.46428571428572,2625.3928571428573,0.09030617624820877,0.24992093353611497,3,4
2026-02,美国,iOS,Organic,AI Tattoo,48.07142857142857,8.785714285714286,2625.3928571428573,0.003402150996670492,0.018468945812405546,40,38
2026-02,美国,iOS,Organic,Acne,293.82142857142856,220.07142857142858,2625.3928571428573,0.08310763767663246,0.1109668642981327,9,6
2026-02,美国,iOS,Organic,Adjust,183.21428571428572,70.64285714285714,2625.3928571428573,0.026630981175226113,0.06942111228390344,16,19
2026-02,美国,iOS,Organic,Background,136.14285714285714,19.964285714285715,2625.3928571428573,0.0077825707893069826,0.051840927965078,24,30
2026-02,美国,iOS,Organic,Blur,117.60714285714286,69.46428571428571,2625.3928571428573,0.026174541543777404,0.04440388441087763,27,20
2026-02,美国,iOS,Organic,Body,198.57142857142858,126.85714285714286,2625.3928571428573,0.047928621641905644,0.0753356112481185,15,10
2026-02,美国,iOS,Organic,Bokeh,36.964285714285715,9.142857142857142,2625.3928571428573,0.0034164827910822017,0.014074585471090402,41,37
2026-02,美国,iOS,Organic,Brighten,149.39285714285714,78.07142857142857,2625.3928571428573,0.029674355693153374,0.05686443306822788,22,16
2026-02,美国,iOS,Organic,Concealer,176.78571428571428,79.92857142857143,2625.3928571428573,0.030202167021511458,0.06679870097660744,17,14
2026-02,美国,iOS,Organic,Contour,69.5,34.17857142857143,2625.3928571428573,0.012813104659792162,0.026148326764871294,34,24
2026-02,美国,iOS,Organic,Crop,104.07142857142857,78.53571428571429,2625.3928571428573,0.02978094769892999,0.03953357228882297,28,15
2026-02,美国,iOS,Organic,Dark Circles,119.5,86.10714285714286,2625.3928571428573,0.032681373959353104,0.045318970784221715,26,13
2026-02,美国,iOS,Organic,Details,79.32142857142857,28.392857142857142,2625.3928571428573,0.010835394177829635,0.030101025607841232,32,27
2026-02,美国,iOS,Organic,Effects,171.07142857142858,5.178571428571429,2625.3928571428573,0.001960719181037887,0.06487240169334699,19,40
2026-02,美国,iOS,Organic,Eraser,256.42857142857144,152.75,2625.3928571428573,0.05827302855544806,0.09779534341614163,10,9
2026-02,美国,iOS,Organic,Expression,87.14285714285714,19.821428571428573,2625.3928571428573,0.0074914228037269255,0.03292064993473295,31,32
2026-02,美国,iOS,Organic,Eye Brighten,93.25,60.32142857142857,2625.3928571428573,0.022759636543664512,0.03525758183926889,29,22
2026-02,美国,iOS,Organic,Face,819.3928571428571,374.35714285714283,2625.3928571428573,0.14035675056192523,0.30822310441172773,1,2
2026-02,美国,iOS,Organic,Face Fix,173.5,25.642857142857142,2625.3928571428573,0.009677413631601505,0.06546425966343102,18,28
2026-02,美国,iOS,Organic,Filters,548.8571428571429,128.03571428571428,2625.3928571428573,0.047852857251085956,0.20687486666304303,4,11
2026-02,美国,iOS,Organic,Glitter,55.464285714285715,10.714285714285714,2625.3928571428573,0.004052405426068632,0.020946843943568164,38,36
2026-02,美国,iOS,Organic,Glowup,227.46428571428572,74.85714285714286,2625.3928571428573,0.028274538042683237,0.08581987760740505,13,17
2026-02,美国,iOS,Organic,Hair,440.5,114.89285714285714,2625.3928571428573,0.043653279151608104,0.16704992396010127,6,12
2026-02,美国,iOS,Organic,Magic,697.4642857142857,375.7857142857143,2625.3928571428573,0.1410495030488936,0.26247726071661764,2,1
2026-02,美国,iOS,Organic,Makeup,411.92857142857144,177.89285714285714,2625.3928571428573,0.06695307797911641,0.15490746768343164,7,7
2026-02,美国,iOS,Organic,Matte,59.07142857142857,31.25,2625.3928571428573,0.011663552797844942,0.022164651802782587,36,26
2026-02,美国,iOS,Organic,Muscle,56.67857142857143,15.642857142857142,2625.3928571428573,0.006079121776372634,0.021787620897982213,37,34
2026-02,美国,iOS,Organic,Mykit,71.42857142857143,0.0,2625.3928571428573,0.0,0.027305012253217808,33,43
2026-02,美国,iOS,Organic,Plump,125.10714285714286,37.892857142857146,2625.3928571428573,0.014309580708963302,0.047280023694591534,25,23
2026-02,美国,iOS,Organic,Preset,138.75,15.928571428571429,2625.3928571428573,0.00592445859327511,0.05206414209728929,23,35
2026-02,美国,iOS,Organic,Prism,18.178571428571427,3.7142857142857144,2625.3928571428573,0.0013947728412299827,0.0069431438415873264,44,42
2026-02,美国,iOS,Organic,Relight,171.03571428571428,74.32142857142857,2625.3928571428573,0.02781378251464643,0.06447029031082825,20,18
2026-02,美国,iOS,Organic,Reshape,359.2142857142857,237.89285714285714,2625.3928571428573,0.08963984454477562,0.13538078168506645,8,5
2026-02,美国,iOS,Organic,Resize,154.0,68.67857142857143,2625.3928571428573,0.025902754702605852,0.05789764466156693,21,21
2026-02,美国,iOS,Organic,Skin Tone,244.39285714285714,158.64285714285714,2625.3928571428573,0.05953712615119334,0.0919280300923874,11,8
2026-02,美国,iOS,Organic,Smooth,454.0357142857143,358.17857142857144,2625.3928571428573,0.1348202056373094,0.1709738550445974,5,3
2026-02,美国,iOS,Organic,Stamp,26.392857142857142,6.25,2625.3928571428573,0.0023668385131552848,0.010072645901620145,43,39
2026-02,美国,iOS,Organic,Teeth,225.32142857142858,0.0,2625.3928571428573,0.0,0.08394476903216017,14,43
2026-02,美国,iOS,Organic,Text,33.92857142857143,4.464285714285714,2625.3928571428573,0.001712179351263195,0.013074620072138804,42,41
2026-02,美国,iOS,non-Organic,AI Expand,42.17857142857143,14.607142857142858,1784.5,0.00786167529389272,0.023150069183908124,34,29
2026-02,美国,iOS,non-Organic,AI Image,162.03571428571428,13.5,1784.5,0.007685238725197998,0.09130501591281277,11,32
2026-02,美国,iOS,non-Organic,AI Repair,55.5,18.714285714285715,1784.5,0.010383858460949013,0.03089588471634974,30,25
2026-02,美国,iOS,non-Organic,AI Replace,36.82142857142857,16.642857142857142,1784.5,0.009416753692955129,0.020730760476376262,37,27
2026-02,美国,iOS,non-Organic,AI Retouch,436.92857142857144,145.64285714285714,1784.5,0.08083091253882677,0.24322560639048113,3,4
2026-02,美国,iOS,non-Organic,AI Tattoo,46.964285714285715,9.428571428571429,1784.5,0.0053346838429832845,0.026281641475310782,32,35
2026-02,美国,iOS,non-Organic,Acne,122.07142857142857,73.03571428571429,1784.5,0.040423527817194826,0.06771903833418616,13,10
2026-02,美国,iOS,non-Organic,Adjust,94.71428571428571,29.607142857142858,1784.5,0.01636960816974722,0.052542879150486645,19,20
2026-02,美国,iOS,non-Organic,Background,82.28571428571429,10.5,1784.5,0.006021691910969109,0.046061943966072647,22,34
2026-02,美国,iOS,non-Organic,Blur,47.535714285714285,25.892857142857142,1784.5,0.014423630606248539,0.026476007687740253,31,21
2026-02,美国,iOS,non-Organic,Body,140.85714285714286,81.67857142857143,1784.5,0.04530729006686735,0.0785427638517812,12,9
2026-02,美国,iOS,non-Organic,Bokeh,16.035714285714285,2.5357142857142856,1784.5,0.001396875877899816,0.00891611551797844,42,41
2026-02,美国,iOS,non-Organic,Brighten,76.96428571428571,38.75,1784.5,0.02135814959659329,0.04269826332725591,23,16
2026-02,美国,iOS,non-Organic,Concealer,90.25,38.642857142857146,1784.5,0.02150168912964457,0.05014929979284806,20,15
2026-02,美国,iOS,non-Organic,Contour,32.785714285714285,16.035714285714285,1784.5,0.008978518914018713,0.018242822070097815,38,28
2026-02,美国,iOS,non-Organic,Crop,55.92857142857143,37.392857142857146,1784.5,0.02091395677029195,0.031188895991240476,29,17
2026-02,美国,iOS,non-Organic,Dark Circles,56.464285714285715,31.535714285714285,1784.5,0.017519039360108006,0.03125736772396659,28,19
2026-02,美国,iOS,non-Organic,Details,38.535714285714285,13.964285714285714,1784.5,0.007721974373445401,0.02134232095855554,36,31
2026-02,美国,iOS,non-Organic,Effects,93.85714285714286,2.9285714285714284,1784.5,0.0016801697309308443,0.05264778944575538,18,39
2026-02,美国,iOS,non-Organic,Eraser,173.57142857142858,101.0,1784.5,0.05610141805535755,0.0965400591388368,8,6
2026-02,美国,iOS,non-Organic,Expression,60.142857142857146,13.714285714285714,1784.5,0.007733852326897423,0.033646486321144024,27,30
2026-02,美国,iOS,non-Organic,Eye Brighten,41.892857142857146,23.107142857142858,1784.5,0.012771572284640155,0.02314744670174843,35,22
2026-02,美国,iOS,non-Organic,Face,489.42857142857144,208.85714285714286,1784.5,0.11584307946482043,0.2719751824218096,2,1
2026-02,美国,iOS,non-Organic,Face Fix,112.5,20.214285714285715,1784.5,0.011124561510887004,0.06246793104470131,15,24
2026-02,美国,iOS,non-Organic,Filters,352.5357142857143,57.285714285714285,1784.5,0.03185262107084717,0.19663941014240954,5,12
2026-02,美国,iOS,non-Organic,Glitter,32.785714285714285,6.642857142857143,1784.5,0.0037304297240479114,0.018217140880357984,39,37
2026-02,美国,iOS,non-Organic,Glowup,168.39285714285714,44.535714285714285,1784.5,0.025061202174337643,0.09440479524906191,10,13
2026-02,美国,iOS,non-Organic,Hair,691.1785714285714,149.46428571428572,1784.5,0.08422875170417118,0.3880677672870152,1,3
2026-02,美国,iOS,non-Organic,Magic,382.82142857142856,167.92857142857142,1784.5,0.09314175040167479,0.21272720377620638,4,2
2026-02,美国,iOS,non-Organic,Makeup,232.14285714285714,86.17857142857143,1784.5,0.04795566865153337,0.12889318436205469,6,8
2026-02,美国,iOS,non-Organic,Matte,29.357142857142858,13.642857142857142,1784.5,0.007535971269807067,0.016356951165957756,40,33
2026-02,美国,iOS,non-Organic,Muscle,63.607142857142854,18.428571428571427,1784.5,0.010359333836269798,0.035846349431671656,26,26
2026-02,美国,iOS,non-Organic,Mykit,43.785714285714285,0.0,1784.5,0.0,0.02459617675073214,33,43
2026-02,美国,iOS,non-Organic,Plump,68.75,20.428571428571427,1784.5,0.011403951100121004,0.03812802022240154,25,23
2026-02,美国,iOS,non-Organic,Preset,87.42857142857143,8.285714285714286,1784.5,0.004596815996371704,0.04888235543549831,21,36
2026-02,美国,iOS,non-Organic,Prism,10.714285714285714,3.25,1784.5,0.0018197408575131807,0.00605432197515089,44,38
2026-02,美国,iOS,non-Organic,Relight,100.10714285714286,40.92857142857143,1784.5,0.022719228125149517,0.055769602468937494,16,14
2026-02,美国,iOS,non-Organic,Reshape,173.28571428571428,94.82142857142857,1784.5,0.05230912956217316,0.09595615714327939,9,7
2026-02,美国,iOS,non-Organic,Resize,74.39285714285714,32.035714285714285,1784.5,0.017831569818034985,0.04135890709476181,24,18
2026-02,美国,iOS,non-Organic,Skin Tone,117.82142857142857,66.78571428571429,1784.5,0.03689499846289964,0.06532011109538817,14,11
2026-02,美国,iOS,non-Organic,Smooth,194.82142857142858,129.71428571428572,1784.5,0.07157405656678326,0.10775069452151012,7,5
2026-02,美国,iOS,non-Organic,Stamp,13.75,2.7142857142857144,1784.5,0.0014914886826846107,0.007657466426851175,43,40
2026-02,美国,iOS,non-Organic,Teeth,95.89285714285714,0.0,1784.5,0.0,0.05287282451911527,17,43
2026-02,美国,iOS,non-Organic,Text,21.785714285714285,1.4285714285714286,1784.5,0.0008267818528377443,0.012246094029892666,41,42
2026-02,英国,Android,Organic,AI Expand,3.0357142857142856,0.9285714285714286,99.10714285714286,0.009069945816393412,0.032164441115174996,35,33
2026-02,英国,Android,Organic,AI Image,9.75,1.6428571428571428,99.10714285714286,0.01626294181017394,0.09846775002141286,9,24
2026-02,英国,Android,Organic,AI Repair,4.214285714285714,1.7857142857142858,99.10714285714286,0.01761438066407691,0.045474931292482375,26,23
2026-02,英国,Android,Organic,AI Replace,2.9285714285714284,1.3571428571428572,99.10714285714286,0.01309006615328786,0.030175162189214285,36,25
2026-02,英国,Android,Organic,AI Retouch,21.25,9.357142857142858,99.10714285714286,0.09283997074895156,0.21199207971499506,4,4
2026-02,英国,Android,Organic,AI Tattoo,2.107142857142857,0.2857142857142857,99.10714285714286,0.0025007578829350373,0.02292759288449115,41,39
2026-02,英国,Android,Organic,Acne,8.642857142857142,6.035714285714286,99.10714285714286,0.060892130427370406,0.0857629200753831,10,8
2026-02,英国,Android,Organic,Adjust,6.428571428571429,3.1785714285714284,99.10714285714286,0.03139088336048779,0.06558290945526275,16,15
2026-02,英国,Android,Organic,Background,4.607142857142857,0.8928571428571429,99.10714285714286,0.008625042168673418,0.0462667275041412,24,34
2026-02,英国,Android,Organic,Blur,4.285714285714286,2.2142857142857144,99.10714285714286,0.021855035364566004,0.04437722862166967,27,21
2026-02,英国,Android,Organic,Body,5.25,3.2142857142857144,99.10714285714286,0.031486104989553884,0.05136706138108825,21,14
2026-02,英国,Android,Organic,Bokeh,2.2142857142857144,0.75,99.10714285714286,0.0074803771910036026,0.023334245438892003,40,35
2026-02,英国,Android,Organic,Brighten,4.571428571428571,2.8214285714285716,99.10714285714286,0.027463850697172866,0.04560418275046925,25,17
2026-02,英国,Android,Organic,Concealer,5.821428571428571,2.892857142857143,99.10714285714286,0.028681401777968567,0.06011883606893157,18,16
2026-02,英国,Android,Organic,Contour,2.8214285714285716,1.2142857142857142,99.10714285714286,0.011913838949580235,0.0322951850452322,34,28
2026-02,英国,Android,Organic,Crop,5.107142857142857,4.0,99.10714285714286,0.03843432484934909,0.05078117380477299,22,11
2026-02,英国,Android,Organic,Dark Circles,4.357142857142857,3.142857142857143,99.10714285714286,0.03151187290470362,0.04357567589472644,28,13
2026-02,英国,Android,Organic,Details,2.8214285714285716,1.2857142857142858,99.10714285714286,0.012195857029706965,0.03274758909147908,33,26
2026-02,英国,Android,Organic,Effects,6.714285714285714,0.32142857142857145,99.10714285714286,0.0030528422328629586,0.06758294676964913,14,38
2026-02,英国,Android,Organic,Eraser,7.571428571428571,4.107142857142857,99.10714285714286,0.039761209459768285,0.07488225586376888,13,10
2026-02,英国,Android,Organic,Expression,3.5,1.0,99.10714285714286,0.009903015288482345,0.03605462982388586,32,31
2026-02,英国,Android,Organic,Eye Brighten,3.892857142857143,2.75,99.10714285714286,0.0265567466413098,0.04032456877379632,31,19
2026-02,英国,Android,Organic,Face,27.035714285714285,12.571428571428571,99.10714285714286,0.1248438986439989,0.2675364491991849,1,2
2026-02,英国,Android,Organic,Face Fix,5.857142857142857,1.2142857142857142,99.10714285714286,0.011718543472132931,0.058862112030233775,19,30
2026-02,英国,Android,Organic,Filters,21.928571428571427,6.678571428571429,99.10714285714286,0.06601617766240328,0.2196026955302544,3,6
2026-02,英国,Android,Organic,Glitter,1.9285714285714286,0.21428571428571427,99.10714285714286,0.002113592691259465,0.024581086233046483,39,41
2026-02,英国,Android,Organic,Glowup,7.785714285714286,2.6785714285714284,99.10714285714286,0.026035238843465553,0.07632919700437295,12,20
2026-02,英国,Android,Organic,Hair,14.607142857142858,3.892857142857143,99.10714285714286,0.03839306282215138,0.1466986731139159,6,12
2026-02,英国,Android,Organic,Magic,26.107142857142858,13.75,99.10714285714286,0.1359975477462341,0.2587752859105916,2,1
2026-02,英国,Android,Organic,Makeup,15.035714285714286,8.071428571428571,99.10714285714286,0.07920610484660032,0.149193308933615,5,5
2026-02,英国,Android,Organic,Matte,2.2142857142857144,1.1428571428571428,99.10714285714286,0.011730398428249984,0.02517593096829192,38,29
2026-02,英国,Android,Organic,Muscle,2.25,0.8928571428571429,99.10714285714286,0.009613705178430907,0.02548796387945357,37,32
2026-02,英国,Android,Organic,Mykit,4.142857142857143,0.0,99.10714285714286,0.0,0.042469133289855625,29,43
2026-02,英国,Android,Organic,Plump,4.214285714285714,1.2857142857142858,99.10714285714286,0.012124521914112507,0.04171669603876743,30,27
2026-02,英国,Android,Organic,Preset,6.035714285714286,0.5357142857142857,99.10714285714286,0.005199126684640204,0.06285368933262123,17,36
2026-02,英国,Android,Organic,Prism,0.9642857142857143,0.32142857142857145,99.10714285714286,0.0033665671225365664,0.013801532971861142,44,37
2026-02,英国,Android,Organic,Relight,5.071428571428571,1.9642857142857142,99.10714285714286,0.0192694649825589,0.0496248345531752,23,22
2026-02,英国,Android,Organic,Reshape,10.392857142857142,6.285714285714286,99.10714285714286,0.06173498793144067,0.10278279049050987,8,7
2026-02,英国,Android,Organic,Resize,5.357142857142857,2.7142857142857144,99.10714285714286,0.02727234544708997,0.05329096501164558,20,18
2026-02,英国,Android,Organic,Skin Tone,8.535714285714286,5.678571428571429,99.10714285714286,0.05557974461536349,0.08485329452522272,11,9
2026-02,英国,Android,Organic,Smooth,13.357142857142858,10.428571428571429,99.10714285714286,0.10278088272459189,0.13248662062198155,7,3
2026-02,英国,Android,Organic,Stamp,1.1428571428571428,0.21428571428571427,99.10714285714286,0.00214587980615926,0.018090738134088055,43,40
2026-02,英国,Android,Organic,Teeth,6.642857142857143,0.0,99.10714285714286,0.0,0.06693200303406427,15,43
2026-02,英国,Android,Organic,Text,1.5714285714285714,0.17857142857142858,99.10714285714286,0.0019503928539619335,0.021386434629824636,42,42
2026-02,英国,Android,non-Organic,AI Expand,0.39285714285714285,0.17857142857142858,16.357142857142858,0.010454392620746005,0.09215637250176725,25,27
2026-02,英国,Android,non-Organic,AI Image,2.5357142857142856,0.07142857142857142,16.357142857142858,0.006349206349206348,0.17869945388607236,6,32
2026-02,英国,Android,non-Organic,AI Repair,0.96,0.44,17.04,0.030900560224089636,0.1041823483779477,18,13
2026-02,英国,Android,non-Organic,AI Replace,0.8461538461538461,0.5,16.692307692307693,0.032594041665249096,0.08483957715639863,30,12
2026-02,英国,Android,non-Organic,AI Retouch,3.0,1.0357142857142858,16.357142857142858,0.05194427172782989,0.20928043483577538,4,5
2026-02,英国,Android,non-Organic,AI Tattoo,0.4642857142857143,0.14285714285714285,16.357142857142858,0.007635510344488672,0.07709296525627793,37,31
2026-02,英国,Android,non-Organic,Acne,1.0416666666666667,0.625,17.125,0.03489875070176928,0.09363677155318022,24,11
2026-02,英国,Android,non-Organic,Adjust,1.2142857142857142,0.25,16.357142857142858,0.01760502446592672,0.12541251790864794,10,24
2026-02,英国,Android,non-Organic,Background,0.7857142857142857,0.0,16.357142857142858,0.0,0.0881091859998492,27,37
2026-02,英国,Android,non-Organic,Blur,0.4,0.2,17.04,0.012746198830409356,0.06343567251461987,42,25
2026-02,英国,Android,non-Organic,Body,1.0714285714285714,0.39285714285714285,16.357142857142858,0.024658124812923572,0.12443149568439818,11,18
2026-02,英国,Android,non-Organic,Bokeh,0.2857142857142857,0.03571428571428571,16.357142857142858,0.003968253968253968,0.08154454764361885,32,35
2026-02,英国,Android,non-Organic,Brighten,0.7916666666666666,0.3333333333333333,17.125,0.019584551656920076,0.08910539867196215,26,22
2026-02,英国,Android,non-Organic,Concealer,0.9166666666666666,0.4166666666666667,17.125,0.021583935070777174,0.07893805355820123,35,20
2026-02,英国,Android,non-Organic,Contour,0.45454545454545453,0.13636363636363635,17.40909090909091,0.00950956937799043,0.0635063455206644,41,28
2026-02,英国,Android,non-Organic,Crop,0.7142857142857143,0.5,16.357142857142858,0.030741733695072927,0.09642520963728396,22,14
2026-02,英国,Android,non-Organic,Dark Circles,0.4166666666666667,0.375,17.125,0.02118577873221836,0.06205096550813785,43,21
2026-02,英国,Android,non-Organic,Details,0.5652173913043478,0.08695652173913043,17.47826086956522,0.008540372670807454,0.08582014283446171,29,30
2026-02,英国,Android,non-Organic,Effects,1.25,0.0,16.357142857142858,0.0,0.11986368951539228,12,37
2026-02,英国,Android,non-Organic,Eraser,1.6785714285714286,0.6785714285714286,16.357142857142858,0.04164633710188775,0.13369518987204748,8,8
2026-02,英国,Android,non-Organic,Expression,0.7142857142857143,0.14285714285714285,16.357142857142858,0.010930205415499534,0.10066043909518545,19,26
2026-02,英国,Android,non-Organic,Eye Brighten,0.5652173913043478,0.391304347826087,17.47826086956522,0.025888586966793994,0.0778556286812221,36,15
2026-02,英国,Android,non-Organic,Face,4.321428571428571,1.8214285714285714,16.357142857142858,0.10900408369089262,0.2732567700433136,1,1
2026-02,英国,Android,non-Organic,Face Fix,1.75,0.6785714285714286,16.357142857142858,0.0406078606451782,0.13299806391541485,9,9
2026-02,英国,Android,non-Organic,Filters,2.9642857142857144,0.6071428571428571,16.357142857142858,0.037510888725506154,0.20560925600027766,5,10
2026-02,英国,Android,non-Organic,Glitter,0.25,0.0,16.357142857142858,0.0,0.07908103592314118,34,37
2026-02,英国,Android,non-Organic,Glowup,1.1428571428571428,0.39285714285714285,16.357142857142858,0.02580593640965158,0.11452034382503941,14,16
2026-02,英国,Android,non-Organic,Hair,3.2857142857142856,0.8928571428571429,16.357142857142858,0.059433767863666144,0.22713373562186778,3,4
2026-02,英国,Android,non-Organic,Magic,3.9285714285714284,1.8214285714285714,16.357142857142858,0.10798330735803094,0.23587882260052884,2,2
2026-02,英国,Android,non-Organic,Makeup,1.75,0.6785714285714286,16.357142857142858,0.043727173485023994,0.135041320796133,7,7
2026-02,英国,Android,non-Organic,Matte,0.04,0.0,17.0,0.0,0.017543859649122806,44,37
2026-02,英国,Android,non-Organic,Muscle,0.7857142857142857,0.14285714285714285,16.357142857142858,0.008742444346159516,0.10816721132897604,17,29
2026-02,英国,Android,non-Organic,Mykit,0.9285714285714286,0.0,16.357142857142858,0.0,0.09753343132918803,21,37
2026-02,英国,Android,non-Organic,Plump,0.42857142857142855,0.25,16.357142857142858,0.017663002202475887,0.08256417559049137,31,23
2026-02,英国,Android,non-Organic,Preset,1.1428571428571428,0.10714285714285714,16.357142857142858,0.005198412698412698,0.10881016856697157,16,33
2026-02,英国,Android,non-Organic,Prism,0.08,0.0,17.04,0.0,0.075,38,37
2026-02,英国,Android,non-Organic,Relight,0.8214285714285714,0.4642857142857143,16.357142857142858,0.025454057220974515,0.11023262942767584,15,17
2026-02,英国,Android,non-Organic,Reshape,0.8571428571428571,0.32142857142857145,16.357142857142858,0.024341710368357868,0.08674799481665262,28,19
2026-02,英国,Android,non-Organic,Resize,0.35714285714285715,0.10714285714285714,16.357142857142858,0.004559389545291801,0.08114631817639337,33,34
2026-02,英国,Android,non-Organic,Skin Tone,1.0833333333333333,0.75,17.125,0.04800862264097558,0.10064030694680849,20,6
2026-02,英国,Android,non-Organic,Smooth,1.6666666666666667,1.375,17.125,0.07780962630420835,0.117479079680481,13,3
2026-02,英国,Android,non-Organic,Stamp,0.16,0.0,17.04,0.0,0.07202380952380952,40,37
2026-02,英国,Android,non-Organic,Teeth,0.8214285714285714,0.0,16.357142857142858,0.0,0.09503881382304817,23,37
2026-02,英国,Android,non-Organic,Text,0.2857142857142857,0.03571428571428571,16.357142857142858,0.002551020408163265,0.07399931563534505,39,36
2026-02,英国,iOS,Organic,AI Expand,15.607142857142858,4.214285714285714,777.1785714285714,0.005411939751898445,0.020078614503842657,37,33
2026-02,英国,iOS,Organic,AI Image,64.17857142857143,4.25,777.1785714285714,0.005364017023974194,0.08271471617935719,13,34
2026-02,英国,iOS,Organic,AI Repair,25.892857142857142,7.821428571428571,777.1785714285714,0.010209616951777089,0.033518846092459954,31,27
2026-02,英国,iOS,Organic,AI Replace,13.928571428571429,6.25,777.1785714285714,0.008148168790214353,0.018079556908758072,39,29
2026-02,英国,iOS,Organic,AI Retouch,204.85714285714286,69.92857142857143,777.1785714285714,0.08847156003516096,0.26012130128770244,3,5
2026-02,英国,iOS,Organic,AI Tattoo,13.714285714285714,2.392857142857143,777.1785714285714,0.0030422571773131824,0.017563058523030934,40,37
2026-02,英国,iOS,Organic,Acne,87.21428571428571,65.28571428571429,777.1785714285714,0.08401268224431882,0.11174512253049132,10,6
2026-02,英国,iOS,Organic,Adjust,51.964285714285715,18.285714285714285,777.1785714285714,0.02346984556984814,0.06648689445314489,19,22
2026-02,英国,iOS,Organic,Background,41.964285714285715,4.571428571428571,777.1785714285714,0.0060295135849115,0.05385054298717208,25,32
2026-02,英国,iOS,Organic,Blur,42.392857142857146,25.857142857142858,777.1785714285714,0.03330568677410331,0.05452858611062567,23,17
2026-02,英国,iOS,Organic,Body,60.535714285714285,39.17857142857143,777.1785714285714,0.05018691161977716,0.07762920656958745,14,10
2026-02,英国,iOS,Organic,Bokeh,12.0,2.3214285714285716,777.1785714285714,0.0029561620795389644,0.01552281492005003,41,38
2026-02,英国,iOS,Organic,Brighten,51.107142857142854,27.428571428571427,777.1785714285714,0.035253047229038444,0.06537063197658431,20,15
2026-02,英国,iOS,Organic,Concealer,58.107142857142854,27.5,777.1785714285714,0.03528067350246268,0.07403644690163066,15,14
2026-02,英国,iOS,Organic,Contour,25.642857142857142,13.714285714285714,777.1785714285714,0.017525268808519016,0.03289850206468382,32,23
2026-02,英国,iOS,Organic,Crop,26.178571428571427,18.571428571428573,777.1785714285714,0.024078401322101185,0.03392626689765818,30,21
2026-02,英国,iOS,Organic,Dark Circles,40.464285714285715,29.357142857142858,777.1785714285714,0.037619984563092713,0.05196754772268023,27,12
2026-02,英国,iOS,Organic,Details,24.25,8.714285714285714,777.1785714285714,0.011186591454924765,0.031032202486963197,33,26
2026-02,英国,iOS,Organic,Effects,44.214285714285715,0.6785714285714286,777.1785714285714,0.0008461052494077942,0.056572600220892,22,42
2026-02,英国,iOS,Organic,Eraser,76.28571428571429,45.32142857142857,777.1785714285714,0.058467281584024665,0.09820893541860924,12,9
2026-02,英国,iOS,Organic,Expression,29.214285714285715,5.678571428571429,777.1785714285714,0.007305876646237578,0.037495913864081694,29,30
2026-02,英国,iOS,Organic,Eye Brighten,32.285714285714285,21.785714285714285,777.1785714285714,0.028026795546709032,0.04159606412090119,28,18
2026-02,英国,iOS,Organic,Face,258.89285714285717,122.14285714285714,777.1785714285714,0.15535489928954274,0.3291358827338953,1,1
2026-02,英国,iOS,Organic,Face Fix,56.32142857142857,7.785714285714286,777.1785714285714,0.010021335476665002,0.07161869686190277,16,28
2026-02,英国,iOS,Organic,Filters,166.67857142857142,27.964285714285715,777.1785714285714,0.035375511873598844,0.212494357367175,4,13
2026-02,英国,iOS,Organic,Glitter,15.321428571428571,2.857142857142857,777.1785714285714,0.0035648590967800936,0.01972606271907972,38,36
2026-02,英国,iOS,Organic,Glowup,80.92857142857143,26.75,777.1785714285714,0.03388232834354776,0.1029507729863306,11,16
2026-02,英国,iOS,Organic,Hair,116.60714285714286,31.071428571428573,777.1785714285714,0.039734844479274334,0.14929549765289818,7,11
2026-02,英国,iOS,Organic,Magic,226.32142857142858,120.60714285714286,777.1785714285714,0.15289394583311783,0.28782445008602914,2,2
2026-02,英国,iOS,Organic,Makeup,127.89285714285714,51.107142857142854,777.1785714285714,0.06494422454638964,0.16201904327127287,6,8
2026-02,英国,iOS,Organic,Matte,19.607142857142858,8.964285714285714,777.1785714285714,0.011439340633499637,0.025250645297222558,35,25
2026-02,英国,iOS,Organic,Muscle,17.678571428571427,4.821428571428571,777.1785714285714,0.006417972860286311,0.022794705912425498,36,31
2026-02,英国,iOS,Organic,Mykit,23.821428571428573,0.0,777.1785714285714,0.0,0.030694803117498698,34,43
2026-02,英国,iOS,Organic,Plump,42.75,13.714285714285714,777.1785714285714,0.017336988176118843,0.054127206659198034,24,24
2026-02,英国,iOS,Organic,Preset,41.607142857142854,4.035714285714286,777.1785714285714,0.0050161308756799606,0.05298223960232793,26,35
2026-02,英国,iOS,Organic,Prism,5.321428571428571,1.5,777.1785714285714,0.002021239149854658,0.007199262071415304,44,40
2026-02,英国,iOS,Organic,Relight,51.964285714285715,20.571428571428573,777.1785714285714,0.02609049395027412,0.06656686917052453,18,20
2026-02,英国,iOS,Organic,Reshape,112.75,72.67857142857143,777.1785714285714,0.09241173736415663,0.1434059052488245,8,4
2026-02,英国,iOS,Organic,Resize,46.25,21.035714285714285,777.1785714285714,0.026910801361316634,0.05879168933094719,21,19
2026-02,英国,iOS,Organic,Skin Tone,93.89285714285714,65.57142857142857,777.1785714285714,0.08306760825810625,0.11933016152032881,9,7
2026-02,英国,iOS,Organic,Smooth,144.14285714285714,109.35714285714286,777.1785714285714,0.13929018332250534,0.18338042294052473,5,3
2026-02,英国,iOS,Organic,Stamp,7.607142857142857,2.0357142857142856,777.1785714285714,0.0027007332423228223,0.009973256949782945,43,39
2026-02,英国,iOS,Organic,Teeth,53.214285714285715,0.0,777.1785714285714,0.0,0.067131225535537,17,43
2026-02,英国,iOS,Organic,Text,9.392857142857142,0.75,777.1785714285714,0.000955976036542048,0.012138785145805103,42,41
2026-02,英国,iOS,non-Organic,AI Expand,7.035714285714286,2.4285714285714284,279.7142857142857,0.009044039878711716,0.026186510301823257,35,32
2026-02,英国,iOS,non-Organic,AI Image,29.535714285714285,2.0,279.7142857142857,0.007001312125260996,0.10612771569788829,10,34
2026-02,英国,iOS,non-Organic,AI Repair,12.071428571428571,4.428571428571429,279.7142857142857,0.01567047173528615,0.04259076741377936,29,25
2026-02,英国,iOS,non-Organic,AI Replace,6.535714285714286,2.75,279.7142857142857,0.009936215011569502,0.02315318784635152,40,30
2026-02,英国,iOS,non-Organic,AI Retouch,78.14285714285714,29.857142857142858,279.7142857142857,0.10571349449277287,0.27595033679769126,3,4
2026-02,英国,iOS,non-Organic,AI Tattoo,6.892857142857143,1.6428571428571428,279.7142857142857,0.006170849905977446,0.025575250958097425,37,36
2026-02,英国,iOS,non-Organic,Acne,25.0,16.785714285714285,279.7142857142857,0.05977149231926953,0.08893363076942803,14,9
2026-02,英国,iOS,non-Organic,Adjust,19.821428571428573,6.107142857142857,279.7142857142857,0.02153453096182292,0.07128209541116451,18,22
2026-02,英国,iOS,non-Organic,Background,16.214285714285715,2.107142857142857,279.7142857142857,0.007905402758082991,0.05770447409391003,24,33
2026-02,英国,iOS,non-Organic,Blur,13.464285714285714,7.857142857142857,279.7142857142857,0.02838895401310457,0.04801997348269764,27,18
2026-02,英国,iOS,non-Organic,Body,27.464285714285715,18.214285714285715,279.7142857142857,0.0642734244940362,0.09762272267732561,13,8
2026-02,英国,iOS,non-Organic,Bokeh,3.642857142857143,0.6428571428571429,279.7142857142857,0.0023490766313301148,0.013706553251857986,42,39
2026-02,英国,iOS,non-Organic,Brighten,17.428571428571427,9.0,279.7142857142857,0.0323109519835836,0.06163980326959984,22,16
2026-02,英国,iOS,non-Organic,Concealer,20.464285714285715,10.214285714285714,279.7142857142857,0.036354777758043785,0.07256657924934348,16,14
2026-02,英国,iOS,non-Organic,Contour,9.25,5.142857142857143,279.7142857142857,0.0177630070813713,0.032596945250127914,33,24
2026-02,英国,iOS,non-Organic,Crop,9.107142857142858,6.428571428571429,279.7142857142857,0.02312557750647187,0.03296790938381726,32,21
2026-02,英国,iOS,non-Organic,Dark Circles,13.785714285714286,9.607142857142858,279.7142857142857,0.034111212418102166,0.04897122796383252,26,15
2026-02,英国,iOS,non-Organic,Details,7.25,2.8214285714285716,279.7142857142857,0.009916453206277919,0.025709756817020698,36,31
2026-02,英国,iOS,non-Organic,Effects,18.642857142857142,0.35714285714285715,279.7142857142857,0.0013162278959974187,0.06597302283962987,19,42
2026-02,英国,iOS,non-Organic,Eraser,28.785714285714285,16.035714285714285,279.7142857142857,0.05734098855998849,0.1029638865352918,12,10
2026-02,英国,iOS,non-Organic,Expression,12.285714285714286,3.0,279.7142857142857,0.011170071341647245,0.0440432729335939,28,27
2026-02,英国,iOS,non-Organic,Eye Brighten,10.071428571428571,6.714285714285714,279.7142857142857,0.02400092062300307,0.0361200239047744,31,20
2026-02,英国,iOS,non-Organic,Face,95.57142857142857,47.5,279.7142857142857,0.1673108359659811,0.3375083020026051,1,1
2026-02,英国,iOS,non-Organic,Face Fix,21.464285714285715,4.035714285714286,279.7142857142857,0.014192173787498447,0.07560754132465707,15,26
2026-02,英国,iOS,non-Organic,Filters,63.714285714285715,11.071428571428571,279.7142857142857,0.03874317285719277,0.22671777805535664,4,12
2026-02,英国,iOS,non-Organic,Glitter,6.5,1.25,279.7142857142857,0.004155154435679602,0.0232542780469831,39,37
2026-02,英国,iOS,non-Organic,Glowup,29.607142857142858,10.357142857142858,279.7142857142857,0.03663599001682102,0.10360561545670553,11,13
2026-02,英国,iOS,non-Organic,Hair,46.964285714285715,14.357142857142858,279.7142857142857,0.05069824304163286,0.1668161497647682,5,11
2026-02,英国,iOS,non-Organic,Magic,83.35714285714286,42.785714285714285,279.7142857142857,0.15126169582063434,0.2937462416421829,2,2
2026-02,英国,iOS,non-Organic,Makeup,47.32142857142857,18.857142857142858,279.7142857142857,0.06609080384160547,0.16607200034148187,6,7
2026-02,英国,iOS,non-Organic,Matte,6.678571428571429,3.107142857142857,279.7142857142857,0.010788939786937906,0.02394743171041535,38,29
2026-02,英国,iOS,non-Organic,Muscle,8.607142857142858,2.9642857142857144,279.7142857142857,0.010824754827101468,0.03158280210412622,34,28
2026-02,英国,iOS,non-Organic,Mykit,10.678571428571429,0.0,279.7142857142857,0.0,0.03793274906533524,30,43
2026-02,英国,iOS,non-Organic,Plump,15.642857142857142,5.178571428571429,279.7142857142857,0.01805615306518708,0.05507604747079088,25,23
2026-02,英国,iOS,non-Organic,Preset,18.25,1.8928571428571428,279.7142857142857,0.0066328606253553265,0.06462587868514454,20,35
2026-02,英国,iOS,non-Organic,Prism,2.0357142857142856,0.39285714285714285,279.7142857142857,0.0014189479277028003,0.008439745714089172,44,40
2026-02,英国,iOS,non-Organic,Relight,20.178571428571427,8.25,279.7142857142857,0.02960251168177324,0.07161135594652343,17,17
2026-02,英国,iOS,non-Organic,Reshape,39.785714285714285,23.392857142857142,279.7142857142857,0.081907638923961,0.13964710436590966,8,5
2026-02,英国,iOS,non-Organic,Resize,17.357142857142858,7.678571428571429,279.7142857142857,0.027560977711022987,0.06077107211927733,23,19
2026-02,英国,iOS,non-Organic,Skin Tone,32.285714285714285,22.142857142857142,279.7142857142857,0.07676789239968451,0.1131045800308169,9,6
2026-02,英国,iOS,non-Organic,Smooth,46.535714285714285,33.17857142857143,279.7142857142857,0.116866650086986,0.16450434973378192,7,3
2026-02,英国,iOS,non-Organic,Stamp,3.142857142857143,0.8214285714285714,279.7142857142857,0.0028726315893277967,0.012320389559541114,43,38
2026-02,英国,iOS,non-Organic,Teeth,18.357142857142858,0.0,279.7142857142857,0.0,0.06414734441491696,21,43
2026-02,英国,iOS,non-Organic,Text,4.0,0.35714285714285715,279.7142857142857,0.0013269442269473735,0.014844937786234589,41,41
2026-03,墨西哥,Android,Organic,AI Expand,8.741935483870968,3.7419354838709675,243.32258064516128,0.01593309410817716,0.03629388595226918,24,18
2026-03,墨西哥,Android,Organic,AI Image,22.580645161290324,3.838709677419355,243.32258064516128,0.015553767853269264,0.09341625348432839,8,19
2026-03,墨西哥,Android,Organic,AI Repair,11.935483870967742,6.096774193548387,243.32258064516128,0.02553777133689742,0.050381338046700044,17,15
2026-03,墨西哥,Android,Organic,AI Replace,4.709677419354839,2.3548387096774195,243.32258064516128,0.010008437740557093,0.020549314582096932,38,24
2026-03,墨西哥,Android,Organic,AI Retouch,42.806451612903224,18.096774193548388,243.32258064516128,0.07524044613637332,0.17500118138378273,5,3
2026-03,墨西哥,Android,Organic,AI Tattoo,5.774193548387097,1.1935483870967742,243.32258064516128,0.005338917416194144,0.02395969299735084,34,35
2026-03,墨西哥,Android,Organic,Acne,9.129032258064516,4.967741935483871,243.32258064516128,0.020882759537920046,0.03744040349962428,23,16
2026-03,墨西哥,Android,Organic,Adjust,16.548387096774192,6.548387096774194,243.32258064516128,0.02802339584462043,0.06988299666802796,11,14
2026-03,墨西哥,Android,Organic,Background,11.387096774193548,1.7741935483870968,243.32258064516128,0.007468451221607835,0.047268470701957055,18,26
2026-03,墨西哥,Android,Organic,Blur,7.129032258064516,4.129032258064516,243.32258064516128,0.01891630649196167,0.03156158389331673,27,17
2026-03,墨西哥,Android,Organic,Body,13.193548387096774,7.645161290322581,243.32258064516128,0.032664657250750025,0.05506008227532276,14,12
2026-03,墨西哥,Android,Organic,Bokeh,4.967741935483871,1.5161290322580645,243.32258064516128,0.006049048264578223,0.020441465697536913,39,34
2026-03,墨西哥,Android,Organic,Brighten,6.354838709677419,2.870967741935484,243.32258064516128,0.011339861390609251,0.025375813938491094,32,23
2026-03,墨西哥,Android,Organic,Concealer,9.516129032258064,3.096774193548387,243.32258064516128,0.01275797743982228,0.0378261937214026,21,20
2026-03,墨西哥,Android,Organic,Contour,3.6774193548387095,1.6451612903225807,243.32258064516128,0.006767497880700331,0.01618230227669076,40,30
2026-03,墨西哥,Android,Organic,Crop,15.064516129032258,10.516129032258064,243.32258064516128,0.04464709852815271,0.06280196910311532,12,8
2026-03,墨西哥,Android,Organic,Dark Circles,6.0,3.064516129032258,243.32258064516128,0.012408643480350028,0.02457782396146763,33,21
2026-03,墨西哥,Android,Organic,Details,3.3548387096774195,1.6451612903225807,243.32258064516128,0.0067546766591677085,0.013981483899273858,43,32
2026-03,墨西哥,Android,Organic,Effects,12.290322580645162,0.967741935483871,243.32258064516128,0.003981152177615391,0.05140863019220201,16,41
2026-03,墨西哥,Android,Organic,Eraser,33.96774193548387,16.903225806451612,243.32258064516128,0.07056531127043829,0.13984095169783384,6,4
2026-03,墨西哥,Android,Organic,Expression,8.419354838709678,1.7096774193548387,243.32258064516128,0.007369211218611121,0.03492449764901694,25,28
2026-03,墨西哥,Android,Organic,Eye Brighten,3.7096774193548385,1.8064516129032258,243.32258064516128,0.007384305271775924,0.015410591261524182,42,27
2026-03,墨西哥,Android,Organic,Face,44.03225806451613,18.838709677419356,243.32258064516128,0.07797766534000589,0.18086063403347932,4,2
2026-03,墨西哥,Android,Organic,Face Fix,8.193548387096774,1.7096774193548387,243.32258064516128,0.00675713982899818,0.03397171872990627,26,31
2026-03,墨西哥,Android,Organic,Filters,45.67741935483871,11.483870967741936,243.32258064516128,0.047924053641573074,0.18951291053140107,3,7
2026-03,墨西哥,Android,Organic,Glitter,7.129032258064516,0.9032258064516129,243.32258064516128,0.0035188714392626786,0.029464764426139812,28,42
2026-03,墨西哥,Android,Organic,Glowup,11.419354838709678,1.5806451612903225,243.32258064516128,0.006468704390107999,0.046990516196773205,19,33
2026-03,墨西哥,Android,Organic,Hair,52.935483870967744,15.129032258064516,243.32258064516128,0.0613393125658652,0.2110329711040928,1,6
2026-03,墨西哥,Android,Organic,Magic,48.903225806451616,21.193548387096776,243.32258064516128,0.08740713089461918,0.20101237537028832,2,1
2026-03,墨西哥,Android,Organic,Makeup,30.096774193548388,15.225806451612904,243.32258064516128,0.06333047835005315,0.1246458712196828,7,5
2026-03,墨西哥,Android,Organic,Matte,2.870967741935484,1.096774193548387,243.32258064516128,0.004641624382156956,0.012057100202633304,44,37
2026-03,墨西哥,Android,Organic,Muscle,5.67741935483871,1.7741935483870968,243.32258064516128,0.007576214151423927,0.023525591765911628,35,25
2026-03,墨西哥,Android,Organic,Mykit,6.580645161290323,0.0,243.32258064516128,0.0,0.027042179684611926,30,43
2026-03,墨西哥,Android,Organic,Plump,6.612903225806452,1.7741935483870968,243.32258064516128,0.006883359646907401,0.02690751395828651,31,29
2026-03,墨西哥,Android,Organic,Preset,10.96774193548387,1.032258064516129,243.32258064516128,0.00419231086039906,0.0452020897204955,20,40
2026-03,墨西哥,Android,Organic,Prism,3.5806451612903225,1.096774193548387,243.32258064516128,0.004405925978666996,0.015579364703966935,41,38
2026-03,墨西哥,Android,Organic,Relight,19.032258064516128,6.774193548387097,243.32258064516128,0.028206018709587943,0.07797442110025027,10,13
2026-03,墨西哥,Android,Organic,Reshape,19.096774193548388,9.709677419354838,243.32258064516128,0.041629778232956285,0.07973425194557358,9,9
2026-03,墨西哥,Android,Organic,Resize,6.645161290322581,2.6774193548387095,243.32258064516128,0.012041317380289247,0.028403621216212822,29,22
2026-03,墨西哥,Android,Organic,Skin Tone,12.806451612903226,8.580645161290322,243.32258064516128,0.034051770640487394,0.0515445668500024,15,11
2026-03,墨西哥,Android,Organic,Smooth,13.709677419354838,8.612903225806452,243.32258064516128,0.03684412154789474,0.05671734672868219,13,10
2026-03,墨西哥,Android,Organic,Stamp,5.32258064516129,1.1612903225806452,243.32258064516128,0.0050583226958891845,0.022774360994474278,36,36
2026-03,墨西哥,Android,Organic,Teeth,9.419354838709678,0.0,243.32258064516128,0.0,0.03752524139657753,22,43
2026-03,墨西哥,Android,Organic,Text,5.032258064516129,1.032258064516129,243.32258064516128,0.004331041340276921,0.020808338456325026,37,39
2026-03,墨西哥,Android,non-Organic,AI Expand,57.806451612903224,23.29032258064516,1425.774193548387,0.016518039049706848,0.04163213739781909,23,17
2026-03,墨西哥,Android,non-Organic,AI Image,190.58064516129033,26.774193548387096,1425.774193548387,0.01845204186217815,0.13373552013914408,8,16
2026-03,墨西哥,Android,non-Organic,AI Repair,67.87096774193549,27.93548387096774,1425.774193548387,0.021123620010606504,0.0504969293867141,20,14
2026-03,墨西哥,Android,non-Organic,AI Replace,30.0,15.580645161290322,1425.774193548387,0.011533662562218472,0.022435727955464644,36,22
2026-03,墨西哥,Android,non-Organic,AI Retouch,287.1290322580645,117.6774193548387,1425.774193548387,0.08233609562558898,0.1993357692987743,4,4
2026-03,墨西哥,Android,non-Organic,AI Tattoo,39.67741935483871,8.96774193548387,1425.774193548387,0.006124122539544744,0.02727179560666609,32,30
2026-03,墨西哥,Android,non-Organic,Acne,45.903225806451616,18.580645161290324,1425.774193548387,0.013646701805557557,0.032194064807927913,27,20
2026-03,墨西哥,Android,non-Organic,Adjust,88.54838709677419,28.193548387096776,1425.774193548387,0.02000357066765889,0.06401857553078609,11,15
2026-03,墨西哥,Android,non-Organic,Background,79.7741935483871,11.774193548387096,1425.774193548387,0.008276636645104729,0.05785769089109686,14,26
2026-03,墨西哥,Android,non-Organic,Blur,42.58064516129032,19.677419354838708,1425.774193548387,0.01417806091292205,0.031100562291637837,28,19
2026-03,墨西哥,Android,non-Organic,Body,88.6774193548387,41.87096774193548,1425.774193548387,0.030655238350465748,0.0635112954293535,12,10
2026-03,墨西哥,Android,non-Organic,Bokeh,29.258064516129032,7.741935483870968,1425.774193548387,0.005144068554141529,0.02045481470735349,38,36
2026-03,墨西哥,Android,non-Organic,Brighten,40.806451612903224,17.225806451612904,1425.774193548387,0.012201545664352557,0.027944306091722822,31,21
2026-03,墨西哥,Android,non-Organic,Concealer,64.45161290322581,21.161290322580644,1425.774193548387,0.014630005660978891,0.04424313008595951,22,18
2026-03,墨西哥,Android,non-Organic,Contour,22.129032258064516,8.35483870967742,1425.774193548387,0.005575802638657686,0.014687088097990617,40,31
2026-03,墨西哥,Android,non-Organic,Crop,88.58064516129032,55.935483870967744,1425.774193548387,0.040242049419806095,0.06282718162059164,13,8
2026-03,墨西哥,Android,non-Organic,Dark Circles,32.32258064516129,13.419354838709678,1425.774193548387,0.009208829226888031,0.022075898788166775,37,25
2026-03,墨西哥,Android,non-Organic,Details,20.096774193548388,6.870967741935484,1425.774193548387,0.0046657207575615,0.01409806151479115,42,39
2026-03,墨西哥,Android,non-Organic,Effects,73.93548387096774,6.548387096774194,1425.774193548387,0.004734388509104128,0.05392526684763448,15,38
2026-03,墨西哥,Android,non-Organic,Eraser,252.0,120.06451612903226,1425.774193548387,0.08479259570492335,0.1762134035123342,6,2
2026-03,墨西哥,Android,non-Organic,Expression,47.29032258064516,13.483870967741936,1425.774193548387,0.009775719244952788,0.03365916294625381,25,23
2026-03,墨西哥,Android,non-Organic,Eye Brighten,19.838709677419356,7.838709677419355,1425.774193548387,0.005479928884997594,0.013498271703302553,44,32
2026-03,墨西哥,Android,non-Organic,Face,272.6774193548387,100.93548387096774,1425.774193548387,0.07080537197570116,0.19016119871783108,5,5
2026-03,墨西哥,Android,non-Organic,Face Fix,43.38709677419355,7.451612903225806,1425.774193548387,0.005201526132402681,0.03043162580856669,29,34
2026-03,墨西哥,Android,non-Organic,Filters,321.61290322580646,70.93548387096774,1425.774193548387,0.049647803755496774,0.22694729551652473,3,7
2026-03,墨西哥,Android,non-Organic,Glitter,49.806451612903224,10.161290322580646,1425.774193548387,0.006666236294555398,0.034235475225933724,24,29
2026-03,墨西哥,Android,non-Organic,Glowup,73.96774193548387,13.161290322580646,1425.774193548387,0.00932906864850164,0.05190364792551053,17,24
2026-03,墨西哥,Android,non-Organic,Hair,455.35483870967744,123.16129032258064,1425.774193548387,0.08442750124711988,0.30968749316020305,1,3
2026-03,墨西哥,Android,non-Organic,Magic,327.1290322580645,126.03225806451613,1425.774193548387,0.08780119137633773,0.2317124708246791,2,1
2026-03,墨西哥,Android,non-Organic,Makeup,218.80645161290323,93.54838709677419,1425.774193548387,0.06513020222233225,0.1501080270175867,7,6
2026-03,墨西哥,Android,non-Organic,Matte,19.870967741935484,6.419354838709677,1425.774193548387,0.004588155230228537,0.01397060452033264,43,40
2026-03,墨西哥,Android,non-Organic,Muscle,34.516129032258064,9.516129032258064,1425.774193548387,0.007068494334169043,0.02446596219168171,34,28
2026-03,墨西哥,Android,non-Organic,Mykit,44.935483870967744,0.0,1425.774193548387,0.0,0.03276748865297139,26,43
2026-03,墨西哥,Android,non-Organic,Plump,41.32258064516129,10.419354838709678,1425.774193548387,0.007162225687045878,0.029018413280491744,30,27
2026-03,墨西哥,Android,non-Organic,Preset,71.96774193548387,7.419354838709677,1425.774193548387,0.005108934043059775,0.05154108528722299,18,37
2026-03,墨西哥,Android,non-Organic,Prism,20.419354838709676,7.483870967741935,1425.774193548387,0.005198711631163348,0.014583648391805419,41,35
2026-03,墨西哥,Android,non-Organic,Relight,140.80645161290323,49.774193548387096,1425.774193548387,0.03566987080888658,0.1004880631258277,9,9
2026-03,墨西哥,Android,non-Organic,Reshape,108.93548387096774,35.903225806451616,1425.774193548387,0.025851248343684304,0.07739867845889598,10,12
2026-03,墨西哥,Android,non-Organic,Resize,22.29032258064516,6.741935483870968,1425.774193548387,0.005366316021327062,0.016546251006520647,39,33
2026-03,墨西哥,Android,non-Organic,Skin Tone,75.3225806451613,39.225806451612904,1425.774193548387,0.027330597477663688,0.05199699476513362,16,11
2026-03,墨西哥,Android,non-Organic,Smooth,72.58064516129032,34.87096774193548,1425.774193548387,0.024564158230372866,0.05101783806957916,19,13
2026-03,墨西哥,Android,non-Organic,Stamp,34.32258064516129,6.258064516129032,1425.774193548387,0.004319251161604978,0.02454608421400391,33,41
2026-03,墨西哥,Android,non-Organic,Teeth,66.38709677419355,0.0,1425.774193548387,0.0,0.045594165364910136,21,43
2026-03,墨西哥,Android,non-Organic,Text,31.70967741935484,3.967741935483871,1425.774193548387,0.002957637919568792,0.023131363939943934,35,42
2026-03,墨西哥,iOS,Organic,AI Expand,6.193548387096774,2.064516129032258,214.09677419354838,0.009411483622183943,0.02865719875117118,34,28
2026-03,墨西哥,iOS,Organic,AI Image,13.709677419354838,1.3548387096774193,214.09677419354838,0.006298362811671445,0.06406223300545004,17,33
2026-03,墨西哥,iOS,Organic,AI Repair,8.193548387096774,3.6129032258064515,214.09677419354838,0.01663083994061108,0.037708551907110845,30,22
2026-03,墨西哥,iOS,Organic,AI Replace,3.193548387096774,1.032258064516129,214.09677419354838,0.004645381964445087,0.014760134695419386,42,35
2026-03,墨西哥,iOS,Organic,AI Retouch,44.61290322580645,16.258064516129032,214.09677419354838,0.0751731329162405,0.20743717666817732,4,8
2026-03,墨西哥,iOS,Organic,AI Tattoo,3.4193548387096775,0.6774193548387096,214.09677419354838,0.0032811161641823233,0.016247291497789033,41,39
2026-03,墨西哥,iOS,Organic,Acne,24.580645161290324,18.580645161290324,214.09677419354838,0.08608772826560089,0.11347231206433307,11,6
2026-03,墨西哥,iOS,Organic,Adjust,20.93548387096774,6.741935483870968,214.09677419354838,0.032027430324758153,0.0978794691359144,13,16
2026-03,墨西哥,iOS,Organic,Background,9.64516129032258,0.8064516129032258,214.09677419354838,0.0038515183333271853,0.045110952569582634,28,37
2026-03,墨西哥,iOS,Organic,Blur,9.741935483870968,6.225806451612903,214.09677419354838,0.029544465179955407,0.0462495093045835,27,17
2026-03,墨西哥,iOS,Organic,Body,30.483870967741936,21.129032258064516,214.09677419354838,0.0994148960076283,0.1434137193007858,8,5
2026-03,墨西哥,iOS,Organic,Bokeh,5.161290322580645,1.4516129032258065,214.09677419354838,0.006771043715349812,0.023908378553566017,36,32
2026-03,墨西哥,iOS,Organic,Brighten,10.548387096774194,5.354838709677419,214.09677419354838,0.024946022816945516,0.04896900067180584,24,19
2026-03,墨西哥,iOS,Organic,Concealer,13.193548387096774,4.096774193548387,214.09677419354838,0.01910329035015496,0.06170575818178956,18,20
2026-03,墨西哥,iOS,Organic,Contour,4.32258064516129,1.8387096774193548,214.09677419354838,0.008729954950750267,0.02114516856762448,40,30
2026-03,墨西哥,iOS,Organic,Crop,10.774193548387096,7.612903225806452,214.09677419354838,0.036059670454972215,0.05075622442376725,23,13
2026-03,墨西哥,iOS,Organic,Dark Circles,11.32258064516129,7.483870967741935,214.09677419354838,0.03454921215830824,0.05203270261577831,22,15
2026-03,墨西哥,iOS,Organic,Details,6.612903225806452,1.935483870967742,214.09677419354838,0.008854035247902452,0.031007229879031623,33,29
2026-03,墨西哥,iOS,Organic,Effects,12.129032258064516,0.22580645161290322,214.09677419354838,0.0010966675422691436,0.05619604798702436,21,42
2026-03,墨西哥,iOS,Organic,Eraser,26.387096774193548,14.838709677419354,214.09677419354838,0.06845625301193348,0.122481277090731,10,10
2026-03,墨西哥,iOS,Organic,Expression,10.193548387096774,2.2903225806451615,214.09677419354838,0.010635122406213678,0.04727798227644802,26,26
2026-03,墨西哥,iOS,Organic,Eye Brighten,5.193548387096774,3.3548387096774195,214.09677419354838,0.01561402416152254,0.023867646941028844,37,23
2026-03,墨西哥,iOS,Organic,Face,66.7741935483871,32.193548387096776,214.09677419354838,0.14887425804547041,0.30897496470542657,1,1
2026-03,墨西哥,iOS,Organic,Face Fix,12.387096774193548,1.935483870967742,214.09677419354838,0.008709726323166736,0.05735628361192153,20,31
2026-03,墨西哥,iOS,Organic,Filters,52.193548387096776,8.387096774193548,214.09677419354838,0.03876819062042963,0.2430197172851039,2,12
2026-03,墨西哥,iOS,Organic,Glitter,6.774193548387097,0.7419354838709677,214.09677419354838,0.003480426586258653,0.031274720619263015,32,38
2026-03,墨西哥,iOS,Organic,Glowup,17.516129032258064,3.7096774193548385,214.09677419354838,0.016737601088686917,0.08186312520853785,15,21
2026-03,墨西哥,iOS,Organic,Hair,28.903225806451612,7.548387096774194,214.09677419354838,0.03534842135833307,0.13499178495813602,9,14
2026-03,墨西哥,iOS,Organic,Magic,51.935483870967744,27.580645161290324,214.09677419354838,0.12856163340091725,0.24158854522906908,3,3
2026-03,墨西哥,iOS,Organic,Makeup,36.354838709677416,18.548387096774192,214.09677419354838,0.08608165649002054,0.16792581789579392,7,7
2026-03,墨西哥,iOS,Organic,Matte,5.290322580645161,2.7096774193548385,214.09677419354838,0.012577699370891326,0.025350044489903186,35,25
2026-03,墨西哥,iOS,Organic,Muscle,7.516129032258065,2.806451612903226,214.09677419354838,0.013488071720024261,0.0355705499111806,31,24
2026-03,墨西哥,iOS,Organic,Mykit,4.709677419354839,0.0,214.09677419354838,0.0,0.02192655804260771,38,43
2026-03,墨西哥,iOS,Organic,Plump,8.774193548387096,2.064516129032258,214.09677419354838,0.009765714823632895,0.04120634957577271,29,27
2026-03,墨西哥,iOS,Organic,Preset,10.35483870967742,0.9032258064516129,214.09677419354838,0.0039573677572178395,0.047631787446815003,25,36
2026-03,墨西哥,iOS,Organic,Prism,2.6451612903225805,0.5483870967741935,214.09677419354838,0.0025619133180676107,0.01350856040843776,43,40
2026-03,墨西哥,iOS,Organic,Relight,20.741935483870968,9.096774193548388,214.09677419354838,0.04232244175173469,0.09690732959142186,14,11
2026-03,墨西哥,iOS,Organic,Reshape,39.806451612903224,26.483870967741936,214.09677419354838,0.12386278594276907,0.18528938165991982,5,4
2026-03,墨西哥,iOS,Organic,Resize,14.096774193548388,6.290322580645161,214.09677419354838,0.029524499115156397,0.06619638345387106,16,18
2026-03,墨西哥,iOS,Organic,Skin Tone,22.516129032258064,15.709677419354838,214.09677419354838,0.07294030655782331,0.10449444253361904,12,9
2026-03,墨西哥,iOS,Organic,Smooth,37.935483870967744,29.838709677419356,214.09677419354838,0.13872035761519458,0.17637547031285983,6,2
2026-03,墨西哥,iOS,Organic,Stamp,4.774193548387097,1.1290322580645162,214.09677419354838,0.005211862229602648,0.021918343557987798,39,34
2026-03,墨西哥,iOS,Organic,Teeth,13.03225806451613,0.0,214.09677419354838,0.0,0.06064878876884144,19,43
2026-03,墨西哥,iOS,Organic,Text,2.4516129032258065,0.2903225806451613,214.09677419354838,0.001366414902912298,0.011897587649875587,44,41
2026-03,墨西哥,iOS,non-Organic,AI Expand,1.6774193548387097,0.7096774193548387,20.516129032258064,0.03664976734933617,0.10545630671507641,15,10
2026-03,墨西哥,iOS,non-Organic,AI Image,3.774193548387097,0.3548387096774194,20.516129032258064,0.017949454316915747,0.1905509691584197,4,18
2026-03,墨西哥,iOS,non-Organic,AI Repair,3.4516129032258065,2.129032258064516,20.516129032258064,0.10678989069748474,0.18194695130776703,7,1
2026-03,墨西哥,iOS,non-Organic,AI Replace,0.3225806451612903,0.1935483870967742,20.516129032258064,0.009474290565122483,0.05873668546365914,33,26
2026-03,墨西哥,iOS,non-Organic,AI Retouch,3.7419354838709675,1.2258064516129032,20.516129032258064,0.058995897394707196,0.18370161584223524,6,6
2026-03,墨西哥,iOS,non-Organic,AI Tattoo,0.3870967741935484,0.06451612903225806,20.516129032258064,0.003883914122343295,0.05900124848264204,32,33
2026-03,墨西哥,iOS,non-Organic,Acne,0.4,0.13333333333333333,20.366666666666667,0.005474747474747475,0.05158736432649476,39,31
2026-03,墨西哥,iOS,non-Organic,Adjust,2.0,0.5483870967741935,20.516129032258064,0.0285238417496482,0.11759312205426448,13,14
2026-03,墨西哥,iOS,non-Organic,Background,1.3225806451612903,0.0967741935483871,20.516129032258064,0.004282708875976758,0.09414046586375066,17,32
2026-03,墨西哥,iOS,non-Organic,Blur,0.5806451612903226,0.2903225806451613,20.516129032258064,0.015687884977547546,0.06570205223402154,26,21
2026-03,墨西哥,iOS,non-Organic,Body,2.3548387096774195,1.5161290322580645,20.516129032258064,0.07172377547284733,0.130545323510505,8,4
2026-03,墨西哥,iOS,non-Organic,Bokeh,0.4838709677419355,0.03225806451612903,20.516129032258064,0.0015360983102918587,0.05817680648507717,34,39
2026-03,墨西哥,iOS,non-Organic,Brighten,0.5,0.23333333333333334,20.366666666666667,0.01053823953823954,0.06961438561438561,24,24
2026-03,墨西哥,iOS,non-Organic,Concealer,0.3333333333333333,0.13333333333333333,20.366666666666667,0.006240740740740741,0.05237701375382534,38,28
2026-03,墨西哥,iOS,non-Organic,Contour,0.34782608695652173,0.043478260869565216,21.17391304347826,0.0018115942028985505,0.04898138202649481,40,38
2026-03,墨西哥,iOS,non-Organic,Crop,0.9032258064516129,0.5161290322580645,20.516129032258064,0.028652146759107707,0.07729961789518576,22,13
2026-03,墨西哥,iOS,non-Organic,Dark Circles,0.3333333333333333,0.23333333333333334,20.366666666666667,0.010097162097162098,0.04405339105339105,44,25
2026-03,墨西哥,iOS,non-Organic,Details,0.20833333333333334,0.08333333333333333,21.25,0.0035477053140096615,0.053190993788819876,37,34
2026-03,墨西哥,iOS,non-Organic,Effects,2.032258064516129,0.0,20.516129032258064,0.0,0.11854498248079708,12,41
2026-03,墨西哥,iOS,non-Organic,Eraser,2.2580645161290325,1.1612903225806452,20.516129032258064,0.05740103642603219,0.12223189117891106,10,7
2026-03,墨西哥,iOS,non-Organic,Expression,0.7741935483870968,0.25806451612903225,20.516129032258064,0.012861128664073965,0.06436293632798323,28,23
2026-03,墨西哥,iOS,non-Organic,Eye Brighten,0.16,0.16,21.24,0.0072,0.045000000000000005,43,27
2026-03,墨西哥,iOS,non-Organic,Face,4.258064516129032,1.7741935483870968,20.516129032258064,0.08633982353246224,0.20791113589041496,3,2
2026-03,墨西哥,iOS,non-Organic,Face Fix,1.2903225806451613,0.3870967741935484,20.516129032258064,0.01884539384514417,0.08149061814885782,20,17
2026-03,墨西哥,iOS,non-Organic,Filters,5.064516129032258,0.4838709677419355,20.516129032258064,0.02412233583135324,0.2564021927841082,1,16
2026-03,墨西哥,iOS,non-Organic,Glitter,0.5161290322580645,0.06451612903225806,20.516129032258064,0.003015427769985975,0.055764365034551365,35,36
2026-03,墨西哥,iOS,non-Organic,Glowup,1.7741935483870968,0.3225806451612903,20.516129032258064,0.016172317562260636,0.09680493616567759,16,20
2026-03,墨西哥,iOS,non-Organic,Hair,3.6774193548387095,0.5806451612903226,20.516129032258064,0.029324863803248426,0.18642799113087846,5,12
2026-03,墨西哥,iOS,non-Organic,Magic,4.580645161290323,1.5483870967741935,20.516129032258064,0.0756776800599505,0.22634423636633808,2,3
2026-03,墨西哥,iOS,non-Organic,Makeup,1.6129032258064515,0.6774193548387096,20.516129032258064,0.03314092618271099,0.09093135036957062,18,11
2026-03,墨西哥,iOS,non-Organic,Matte,0.12903225806451613,0.03225806451612903,20.516129032258064,0.001466275659824047,0.048268398268398266,42,40
2026-03,墨西哥,iOS,non-Organic,Muscle,0.7741935483870968,0.3870967741935484,20.516129032258064,0.017205717766727587,0.06892346461091364,25,19
2026-03,墨西哥,iOS,non-Organic,Mykit,1.0,0.0,20.516129032258064,0.0,0.07025235491175376,23,41
2026-03,墨西哥,iOS,non-Organic,Plump,0.3870967741935484,0.0967741935483871,20.516129032258064,0.005630391114262082,0.04849168005060453,41,30
2026-03,墨西哥,iOS,non-Organic,Preset,1.7741935483870968,0.0,20.516129032258064,0.0,0.10634410161642317,14,41
2026-03,墨西哥,iOS,non-Organic,Prism,0.25806451612903225,0.06451612903225806,20.516129032258064,0.0029377880184331797,0.055674603174603175,36,37
2026-03,墨西哥,iOS,non-Organic,Relight,2.161290322580645,0.8387096774193549,20.516129032258064,0.04294789153171082,0.1212464255439981,11,8
2026-03,墨西哥,iOS,non-Organic,Reshape,2.5806451612903225,1.3225806451612903,20.516129032258064,0.06451376895745956,0.12815612290011874,9,5
2026-03,墨西哥,iOS,non-Organic,Resize,1.0,0.2903225806451613,20.516129032258064,0.015030888721341134,0.07864736488067355,21,22
2026-03,墨西哥,iOS,non-Organic,Skin Tone,1.1,0.5666666666666667,20.366666666666667,0.025630965912935223,0.06305561017437615,29,15
2026-03,墨西哥,iOS,non-Organic,Smooth,1.5666666666666667,0.8,20.366666666666667,0.036969627795714756,0.09088722843938886,19,9
2026-03,墨西哥,iOS,non-Organic,Stamp,0.41935483870967744,0.12903225806451613,20.516129032258064,0.006073988735279058,0.06107539682539683,31,29
2026-03,墨西哥,iOS,non-Organic,Teeth,0.6129032258064516,0.0,20.516129032258064,0.0,0.06487961799378929,27,41
2026-03,墨西哥,iOS,non-Organic,Text,0.6774193548387096,0.06451612903225806,20.516129032258064,0.0033282130056323605,0.06273370407904785,30,35
2026-03,巴西,Android,Organic,AI Expand,54.25806451612903,24.838709677419356,1869.258064516129,0.01326236097674104,0.029054698737300117,30,23
2026-03,巴西,Android,Organic,AI Image,205.80645161290323,48.096774193548384,1869.258064516129,0.0251400869809648,0.1088776707637238,7,17
2026-03,巴西,Android,Organic,AI Repair,70.48387096774194,32.29032258064516,1869.258064516129,0.017394759403237668,0.03768263922702234,24,21
2026-03,巴西,Android,Organic,AI Replace,31.838709677419356,14.870967741935484,1869.258064516129,0.008053730100801976,0.017160256735633556,37,31
2026-03,巴西,Android,Organic,AI Retouch,338.3225806451613,153.61290322580646,1869.258064516129,0.0815714415020443,0.18037172503865773,4,3
2026-03,巴西,Android,Organic,AI Tattoo,53.32258064516129,17.193548387096776,1869.258064516129,0.009090713988141756,0.028156311081486116,32,28
2026-03,巴西,Android,Organic,Acne,110.48387096774194,81.09677419354838,1869.258064516129,0.04363205689844992,0.059369387702519545,15,13
2026-03,巴西,Android,Organic,Adjust,169.38709677419354,93.70967741935483,1869.258064516129,0.050292597409824356,0.09092242323478171,10,10
2026-03,巴西,Android,Organic,Background,89.83870967741936,12.935483870967742,1869.258064516129,0.006944747799477804,0.0480326038100411,17,32
2026-03,巴西,Android,Organic,Blur,77.25806451612904,48.516129032258064,1869.258064516129,0.026087494736570408,0.04140969982629144,23,16
2026-03,巴西,Android,Organic,Body,115.96774193548387,70.93548387096774,1869.258064516129,0.037928237174970694,0.06177948476652461,14,14
2026-03,巴西,Android,Organic,Bokeh,35.03225806451613,11.741935483870968,1869.258064516129,0.006351293699746852,0.018764726279069454,36,33
2026-03,巴西,Android,Organic,Brighten,53.61290322580645,26.677419354838708,1869.258064516129,0.014330080000511499,0.028685891190324077,31,22
2026-03,巴西,Android,Organic,Concealer,79.61290322580645,35.064516129032256,1869.258064516129,0.01877007633619359,0.04249749622077408,21,18
2026-03,巴西,Android,Organic,Contour,21.774193548387096,9.935483870967742,1869.258064516129,0.005289429981311824,0.011648224297095501,41,34
2026-03,巴西,Android,Organic,Crop,133.29032258064515,105.64516129032258,1869.258064516129,0.05658864111971663,0.07141311376623999,13,8
2026-03,巴西,Android,Organic,Dark Circles,52.03225806451613,34.193548387096776,1869.258064516129,0.01838109230146959,0.027917534061489484,33,19
2026-03,巴西,Android,Organic,Details,20.35483870967742,7.903225806451613,1869.258064516129,0.004211400031258037,0.010863049671456874,44,38
2026-03,巴西,Android,Organic,Effects,103.54838709677419,6.483870967741935,1869.258064516129,0.0034669726483829905,0.05522157935462322,16,40
2026-03,巴西,Android,Organic,Eraser,162.7741935483871,88.7741935483871,1869.258064516129,0.04761404356230491,0.08714305794153997,11,12
2026-03,巴西,Android,Organic,Expression,57.45161290322581,16.70967741935484,1869.258064516129,0.00893648254122894,0.030686385233701215,29,29
2026-03,巴西,Android,Organic,Eye Brighten,29.096774193548388,17.870967741935484,1869.258064516129,0.009543546042947578,0.015601583591363545,39,27
2026-03,巴西,Android,Organic,Face,362.16129032258067,161.51612903225808,1869.258064516129,0.08618547061040167,0.1929276921685002,3,2
2026-03,巴西,Android,Organic,Face Fix,69.87096774193549,15.64516129032258,1869.258064516129,0.008280044194829328,0.03723140540523601,25,30
2026-03,巴西,Android,Organic,Filters,395.258064516129,133.0,1869.258064516129,0.07068551268294225,0.21072087685497734,1,6
2026-03,巴西,Android,Organic,Glitter,37.225806451612904,8.612903225806452,1869.258064516129,0.004601087202374508,0.019722017056958092,35,37
2026-03,巴西,Android,Organic,Glowup,87.90322580645162,21.548387096774192,1869.258064516129,0.011459015109299295,0.046870217692318146,18,26
2026-03,巴西,Android,Organic,Hair,302.6774193548387,103.96774193548387,1869.258064516129,0.05547526985233387,0.16136056025759485,5,9
2026-03,巴西,Android,Organic,Magic,380.48387096774195,204.29032258064515,1869.258064516129,0.10904319347442656,0.20304075262893057,2,1
2026-03,巴西,Android,Organic,Makeup,255.32258064516128,142.74193548387098,1869.258064516129,0.0763187424045751,0.13635048402323152,6,4
2026-03,巴西,Android,Organic,Matte,20.35483870967742,9.03225806451613,1869.258064516129,0.0048522077270571826,0.010900541363333897,43,35
2026-03,巴西,Android,Organic,Muscle,66.38709677419355,23.483870967741936,1869.258064516129,0.012261638969813056,0.034641102261687644,27,24
2026-03,巴西,Android,Organic,Mykit,46.0,0.0,1869.258064516129,0.0,0.024540327546104204,34,43
2026-03,巴西,Android,Organic,Plump,59.25806451612903,22.258064516129032,1869.258064516129,0.011848524168495227,0.03153005267072911,28,25
2026-03,巴西,Android,Organic,Preset,78.96774193548387,8.612903225806452,1869.258064516129,0.004622423337145711,0.042309273338750196,22,36
2026-03,巴西,Android,Organic,Prism,21.225806451612904,7.806451612903226,1869.258064516129,0.00417441180805117,0.011356373359450108,42,39
2026-03,巴西,Android,Organic,Relight,191.6451612903226,91.83870967741936,1869.258064516129,0.04942683943764506,0.10281599140089845,9,11
2026-03,巴西,Android,Organic,Reshape,201.61290322580646,142.5483870967742,1869.258064516129,0.076128678232863,0.10778214424945763,8,5
2026-03,巴西,Android,Organic,Resize,67.25806451612904,34.32258064516129,1869.258064516129,0.018206425975711326,0.03585125842475353,26,20
2026-03,巴西,Android,Organic,Skin Tone,84.54838709677419,50.935483870967744,1869.258064516129,0.027336097418500935,0.04535845076029534,19,15
2026-03,巴西,Android,Organic,Smooth,148.16129032258064,108.2258064516129,1869.258064516129,0.057758688794915115,0.0791478690101563,12,7
2026-03,巴西,Android,Organic,Stamp,24.322580645161292,4.193548387096774,1869.258064516129,0.002214874432185432,0.01292943217555801,40,42
2026-03,巴西,Android,Organic,Teeth,83.58064516129032,0.0,1869.258064516129,0.0,0.04469973477829542,20,43
2026-03,巴西,Android,Organic,Text,29.451612903225808,4.354838709677419,1869.258064516129,0.0023422782856368667,0.015805061825117338,38,41
2026-03,巴西,Android,non-Organic,AI Expand,418.03225806451616,180.90322580645162,10415.354838709678,0.017434028075186205,0.040255438476610325,24,19
2026-03,巴西,Android,non-Organic,AI Image,2411.4193548387098,721.0,10415.354838709678,0.0684934542309637,0.23102195199428052,3,6
2026-03,巴西,Android,non-Organic,AI Repair,371.96774193548384,154.90322580645162,10415.354838709678,0.014854501463614575,0.03575273870174065,25,21
2026-03,巴西,Android,non-Organic,AI Replace,186.25806451612902,92.80645161290323,10415.354838709678,0.008904813572541389,0.017891802812022396,36,28
2026-03,巴西,Android,non-Organic,AI Retouch,2258.6451612903224,1038.9354838709678,10415.354838709678,0.09996342591646787,0.21751332901282647,4,1
2026-03,巴西,Android,non-Organic,AI Tattoo,721.7741935483871,290.06451612903226,10415.354838709678,0.027656232725852374,0.06886964864277999,10,14
2026-03,巴西,Android,non-Organic,Acne,313.80645161290323,173.70967741935485,10415.354838709678,0.01684004468310628,0.030420330668968494,29,20
2026-03,巴西,Android,non-Organic,Adjust,583.5806451612904,246.61290322580646,10415.354838709678,0.023884104485208404,0.0565106850065604,15,15
2026-03,巴西,Android,non-Organic,Background,581.6451612903226,100.3225806451613,10415.354838709678,0.009661341143217385,0.055882887167903135,16,27
2026-03,巴西,Android,non-Organic,Blur,238.29032258064515,115.7741935483871,10415.354838709678,0.011243459961547448,0.023127218129937274,34,25
2026-03,巴西,Android,non-Organic,Body,654.2903225806451,339.5806451612903,10415.354838709678,0.03265297315057701,0.06297278319813705,13,10
2026-03,巴西,Android,non-Organic,Bokeh,143.38709677419354,38.903225806451616,10415.354838709678,0.003777843573694763,0.013869300627262455,39,38
2026-03,巴西,Android,non-Organic,Brighten,329.4193548387097,141.6451612903226,10415.354838709678,0.013643234997280018,0.03181182942936653,28,22
2026-03,巴西,Android,non-Organic,Concealer,510.51612903225805,207.03225806451613,10415.354838709678,0.02002829127016086,0.04953586518824869,20,18
2026-03,巴西,Android,non-Organic,Contour,131.16129032258064,58.32258064516129,10415.354838709678,0.005601259260481633,0.012676825560089124,41,36
2026-03,巴西,Android,non-Organic,Crop,500.1290322580645,350.3225806451613,10415.354838709678,0.0338869597732414,0.048434668817767215,21,9
2026-03,巴西,Android,non-Organic,Dark Circles,243.06451612903226,117.87096774193549,10415.354838709678,0.011452635793761486,0.02356997789936233,33,24
2026-03,巴西,Android,non-Organic,Details,109.6774193548387,37.225806451612904,10415.354838709678,0.003596841630032638,0.010643628135116455,43,40
2026-03,巴西,Android,non-Organic,Effects,702.8064516129032,83.25806451612904,10415.354838709678,0.008049841918495101,0.06783620536834628,12,31
2026-03,巴西,Android,non-Organic,Eraser,779.741935483871,328.64516129032256,10415.354838709678,0.03178584377851985,0.07557540178955305,9,12
2026-03,巴西,Android,non-Organic,Expression,279.741935483871,92.83870967741936,10415.354838709678,0.008798099892661058,0.02680344405633509,30,29
2026-03,巴西,Android,non-Organic,Eye Brighten,141.67741935483872,65.48387096774194,10415.354838709678,0.006303324753898056,0.013649346825044735,40,35
2026-03,巴西,Android,non-Organic,Face,1975.3870967741937,767.4516129032259,10415.354838709678,0.07373365401371917,0.19002552121312033,6,4
2026-03,巴西,Android,non-Organic,Face Fix,341.1290322580645,86.09677419354838,10415.354838709678,0.008239574283975312,0.03270857371976001,27,30
2026-03,巴西,Android,non-Organic,Filters,2399.483870967742,678.3225806451613,10415.354838709678,0.06544375259819762,0.23124867434034252,2,8
2026-03,巴西,Android,non-Organic,Glitter,267.51612903225805,67.38709677419355,10415.354838709678,0.006454060803189435,0.025732625122177246,32,34
2026-03,巴西,Android,non-Organic,Glowup,565.8387096774194,142.61290322580646,10415.354838709678,0.013545271298786504,0.053960366018124005,17,23
2026-03,巴西,Android,non-Organic,Hair,2697.9032258064517,945.8387096774194,10415.354838709678,0.09074547821447172,0.2590081213149167,1,3
2026-03,巴西,Android,non-Organic,Magic,2202.483870967742,1003.8064516129032,10415.354838709678,0.0964345051424442,0.21177639386969935,5,2
2026-03,巴西,Android,non-Organic,Makeup,1575.3548387096773,757.0322580645161,10415.354838709678,0.07296801753041329,0.1517324571649966,7,5
2026-03,巴西,Android,non-Organic,Matte,117.90322580645162,39.096774193548384,10415.354838709678,0.00377456485962738,0.011396382606639137,42,39
2026-03,巴西,Android,non-Organic,Muscle,601.2258064516129,219.38709677419354,10415.354838709678,0.020657432698535688,0.05676917887079895,14,17
2026-03,巴西,Android,non-Organic,Mykit,367.0967741935484,0.0,10415.354838709678,0.0,0.03537742192345811,26,44
2026-03,巴西,Android,non-Organic,Plump,273.93548387096774,107.64516129032258,10415.354838709678,0.010362105969221118,0.026438266777849044,31,26
2026-03,巴西,Android,non-Organic,Preset,547.9032258064516,69.06451612903226,10415.354838709678,0.006704181823430362,0.05295183180251575,19,33
2026-03,巴西,Android,non-Organic,Prism,109.74193548387096,39.903225806451616,10415.354838709678,0.0038274027899616553,0.010570105850594995,44,37
2026-03,巴西,Android,non-Organic,Relight,1459.3225806451612,679.9032258064516,10415.354838709678,0.06617101834525674,0.14204551788811295,8,7
2026-03,巴西,Android,non-Organic,Reshape,711.6451612903226,330.2903225806452,10415.354838709678,0.031893999184517,0.0686173455044284,11,11
2026-03,巴西,Android,non-Organic,Resize,183.41935483870967,76.87096774193549,10415.354838709678,0.007459388582461474,0.017708702290332792,37,32
2026-03,巴西,Android,non-Organic,Skin Tone,448.4193548387097,230.7741935483871,10415.354838709678,0.022265469431032154,0.043356089500912805,23,16
2026-03,巴西,Android,non-Organic,Smooth,557.1612903225806,306.6774193548387,10415.354838709678,0.029565518942679968,0.053784832390100706,18,13
2026-03,巴西,Android,non-Organic,Stamp,183.48387096774192,28.096774193548388,10415.354838709678,0.002710895667699107,0.0176152755457862,38,42
2026-03,巴西,Android,non-Organic,Teeth,466.83870967741933,0.03225806451612903,10415.354838709678,2.5252907872341503e-06,0.04498794163175487,22,43
2026-03,巴西,Android,non-Organic,Text,224.48387096774192,29.06451612903226,10415.354838709678,0.0028150899558189086,0.02178885317768327,35,41
2026-03,巴西,iOS,Organic,AI Expand,102.41935483870968,39.774193548387096,4206.870967741936,0.009518047814662742,0.024461798860232174,33,27
2026-03,巴西,iOS,Organic,AI Image,220.90322580645162,35.12903225806452,4206.870967741936,0.008365376045325891,0.05206543123655464,23,29
2026-03,巴西,iOS,Organic,AI Repair,156.29032258064515,59.516129032258064,4206.870967741936,0.014038721634230065,0.03671211800844063,28,23
2026-03,巴西,iOS,Organic,AI Replace,58.25806451612903,21.516129032258064,4206.870967741936,0.005062841116050979,0.013716135375411173,41,35
2026-03,巴西,iOS,Organic,AI Retouch,841.9354838709677,353.96774193548384,4206.870967741936,0.0833422699725874,0.19764720202706446,5,6
2026-03,巴西,iOS,Organic,AI Tattoo,91.45161290322581,25.387096774193548,4206.870967741936,0.005965738514701197,0.02144456269553581,35,33
2026-03,巴西,iOS,Organic,Acne,641.9032258064516,515.4516129032259,4206.870967741936,0.12225727993798861,0.15201545719026924,8,4
2026-03,巴西,iOS,Organic,Adjust,504.51612903225805,235.4516129032258,4206.870967741936,0.05568038665539102,0.11922377972046912,10,10
2026-03,巴西,iOS,Organic,Background,180.7741935483871,16.64516129032258,4206.870967741936,0.0040691089273893226,0.04272119845373899,27,36
2026-03,巴西,iOS,Organic,Blur,274.83870967741933,191.03225806451613,4206.870967741936,0.0454682291737676,0.06524360029207366,18,14
2026-03,巴西,iOS,Organic,Body,452.6774193548387,314.80645161290323,4206.870967741936,0.0741349930719157,0.1062593610491204,13,8
2026-03,巴西,iOS,Organic,Bokeh,101.87096774193549,33.87096774193548,4206.870967741936,0.008066241711844871,0.024161749644598596,34,30
2026-03,巴西,iOS,Organic,Brighten,179.48387096774192,99.93548387096774,4206.870967741936,0.023896194708418167,0.042733375193315,26,20
2026-03,巴西,iOS,Organic,Concealer,255.74193548387098,119.58064516129032,4206.870967741936,0.02829237024164483,0.06036204616168197,19,19
2026-03,巴西,iOS,Organic,Contour,70.29032258064517,36.903225806451616,4206.870967741936,0.008703413093810158,0.016563460160290252,38,28
2026-03,巴西,iOS,Organic,Crop,281.0967741935484,205.96774193548387,4206.870967741936,0.04901854095331157,0.06678107622209538,17,12
2026-03,巴西,iOS,Organic,Dark Circles,234.19354838709677,195.93548387096774,4206.870967741936,0.04669686897383043,0.05565941206733665,21,13
2026-03,巴西,iOS,Organic,Details,67.93548387096774,21.483870967741936,4206.870967741936,0.005105170281582599,0.015924466632901244,40,34
2026-03,巴西,iOS,Organic,Effects,218.6451612903226,3.5806451612903225,4206.870967741936,0.0008596979285075824,0.05139451347912366,25,42
2026-03,巴西,iOS,Organic,Eraser,485.2258064516129,267.03225806451616,4206.870967741936,0.06318375236663948,0.11432302215439315,11,9
2026-03,巴西,iOS,Organic,Expression,153.80645161290323,30.93548387096774,4206.870967741936,0.0073101281943291725,0.03606876017485099,29,32
2026-03,巴西,iOS,Organic,Eye Brighten,111.80645161290323,82.74193548387096,4206.870967741936,0.01981145558998384,0.02672459133372805,32,21
2026-03,巴西,iOS,Organic,Face,1209.032258064516,487.16129032258067,4206.870967741936,0.11459862117779353,0.2841800594776821,1,5
2026-03,巴西,iOS,Organic,Face Fix,219.83870967741936,41.70967741935484,4206.870967741936,0.0096924665635216,0.051446517433508775,24,25
2026-03,巴西,iOS,Organic,Filters,1053.9032258064517,182.2258064516129,4206.870967741936,0.042447752181265425,0.2471605903709409,3,15
2026-03,巴西,iOS,Organic,Glitter,76.38709677419355,10.580645161290322,4206.870967741936,0.0024907405644696004,0.017825513650630585,36,40
2026-03,巴西,iOS,Organic,Glowup,250.1290322580645,57.38709677419355,4206.870967741936,0.01347616256730885,0.058549537137885854,20,24
2026-03,巴西,iOS,Organic,Hair,519.0,146.48387096774192,4206.870967741936,0.034627546797689576,0.12216424228678859,9,18
2026-03,巴西,iOS,Organic,Magic,1122.4516129032259,687.3870967741935,4206.870967741936,0.1630696411199563,0.26531375981139393,2,2
2026-03,巴西,iOS,Organic,Makeup,673.483870967742,341.80645161290323,4206.870967741936,0.08035177956373057,0.15805603222206052,7,7
2026-03,巴西,iOS,Organic,Matte,68.7741935483871,32.645161290322584,4206.870967741936,0.007748914224066916,0.01621682050013049,39,31
2026-03,巴西,iOS,Organic,Muscle,135.48387096774192,40.67741935483871,4206.870967741936,0.009631006832833631,0.03198334161012271,31,26
2026-03,巴西,iOS,Organic,Mykit,73.6774193548387,0.0,4206.870967741936,0.0,0.01739727630828745,37,43
2026-03,巴西,iOS,Organic,Plump,223.93548387096774,68.90322580645162,4206.870967741936,0.01613754911254557,0.05230533957482239,22,22
2026-03,巴西,iOS,Organic,Preset,141.51612903225808,15.32258064516129,4206.870967741936,0.003591642852504087,0.03313232145938139,30,38
2026-03,巴西,iOS,Organic,Prism,47.32258064516129,15.838709677419354,4206.870967741936,0.0037568330799603897,0.011215349682997465,43,37
2026-03,巴西,iOS,Organic,Relight,460.16129032258067,216.61290322580646,4206.870967741936,0.05071493282841562,0.10776634526157812,12,11
2026-03,巴西,iOS,Organic,Reshape,1011.9677419354839,813.3870967741935,4206.870967741936,0.19230709263411408,0.2388785888311853,4,1
2026-03,巴西,iOS,Organic,Resize,302.8709677419355,160.93548387096774,4206.870967741936,0.03789816592695206,0.0711330405442171,15,17
2026-03,巴西,iOS,Organic,Skin Tone,287.8709677419355,175.7741935483871,4206.870967741936,0.04171925296334976,0.06816796293072032,16,16
2026-03,巴西,iOS,Organic,Smooth,801.9677419354839,659.0,4206.870967741936,0.15574244852588712,0.1894341711039237,6,3
2026-03,巴西,iOS,Organic,Stamp,50.12903225806452,10.451612903225806,4206.870967741936,0.0024966704714414834,0.011885779044787936,42,39
2026-03,巴西,iOS,Organic,Teeth,346.38709677419354,0.0,4206.870967741936,0.0,0.08090836239525538,14,43
2026-03,巴西,iOS,Organic,Text,38.354838709677416,3.935483870967742,4206.870967741936,0.0009750699891854991,0.009172204205032742,44,41
2026-03,巴西,iOS,non-Organic,AI Expand,29.70967741935484,11.483870967741936,723.9354838709677,0.01666929559180819,0.042943536552171986,22,19
2026-03,巴西,iOS,non-Organic,AI Image,175.67741935483872,52.83870967741935,723.9354838709677,0.0691920855285356,0.23319264372181003,2,5
2026-03,巴西,iOS,non-Organic,AI Repair,26.70967741935484,9.129032258064516,723.9354838709677,0.013574918190870755,0.04642979104521129,20,22
2026-03,巴西,iOS,non-Organic,AI Replace,15.225806451612904,7.161290322580645,723.9354838709677,0.012179366265522516,0.02539830268738821,32,24
2026-03,巴西,iOS,non-Organic,AI Retouch,125.09677419354838,53.03225806451613,723.9354838709677,0.07385973806415828,0.18967545681999878,5,3
2026-03,巴西,iOS,non-Organic,AI Tattoo,107.54838709677419,54.45161290322581,723.9354838709677,0.05661384258307629,0.12247717944036811,7,6
2026-03,巴西,iOS,non-Organic,Acne,14.96774193548387,6.258064516129032,723.9354838709677,0.017589576151994486,0.033547816156957184,29,17
2026-03,巴西,iOS,non-Organic,Adjust,34.935483870967744,10.419354838709678,723.9354838709677,0.01861886446932507,0.05624791383121405,18,16
2026-03,巴西,iOS,non-Organic,Background,39.935483870967744,5.774193548387097,723.9354838709677,0.008109079534945303,0.06580334620252219,14,30
2026-03,巴西,iOS,non-Organic,Blur,13.580645161290322,5.741935483870968,723.9354838709677,0.010889614664301446,0.022962937121386823,35,28
2026-03,巴西,iOS,non-Organic,Body,57.806451612903224,29.419354838709676,723.9354838709677,0.04984768037542838,0.09032425860044858,10,8
2026-03,巴西,iOS,non-Organic,Bokeh,9.516129032258064,2.193548387096774,723.9354838709677,0.002518224137229567,0.01550998500527666,39,41
2026-03,巴西,iOS,non-Organic,Brighten,13.64516129032258,6.451612903225806,723.9354838709677,0.0116041252339272,0.02249734883464781,36,26
2026-03,巴西,iOS,non-Organic,Concealer,18.516129032258064,8.064516129032258,723.9354838709677,0.013878562444214945,0.03556095789463987,26,21
2026-03,巴西,iOS,non-Organic,Contour,4.387096774193548,2.193548387096774,723.9354838709677,0.0033031691545232027,0.008379223755283775,43,36
2026-03,巴西,iOS,non-Organic,Crop,22.806451612903224,14.838709677419354,723.9354838709677,0.01972084462089148,0.036595656123526374,25,15
2026-03,巴西,iOS,non-Organic,Dark Circles,8.290322580645162,4.258064516129032,723.9354838709677,0.012138697103759836,0.0191348167929594,38,25
2026-03,巴西,iOS,non-Organic,Details,5.32258064516129,1.7419354838709677,723.9354838709677,0.004963923168537616,0.012318858712939498,41,33
2026-03,巴西,iOS,non-Organic,Effects,47.645161290322584,1.5483870967741935,723.9354838709677,0.002897652334957341,0.06322599553375118,15,38
2026-03,巴西,iOS,non-Organic,Eraser,40.645161290322584,14.096774193548388,723.9354838709677,0.0354867796677764,0.0742075654909102,12,12
2026-03,巴西,iOS,non-Organic,Expression,16.838709677419356,5.129032258064516,723.9354838709677,0.009213359762257034,0.034131963574460085,28,29
2026-03,巴西,iOS,non-Organic,Eye Brighten,6.096774193548387,2.903225806451613,723.9354838709677,0.007514961782974903,0.013596000884878742,40,31
2026-03,巴西,iOS,non-Organic,Face,105.2258064516129,40.903225806451616,723.9354838709677,0.07479458328722677,0.17534649725669743,6,2
2026-03,巴西,iOS,non-Organic,Face Fix,21.193548387096776,6.0,723.9354838709677,0.011454792317581322,0.04074407943197441,24,27
2026-03,巴西,iOS,non-Organic,Filters,179.7741935483871,20.70967741935484,723.9354838709677,0.0294186136473242,0.24217982989739995,1,13
2026-03,巴西,iOS,non-Organic,Glitter,16.35483870967742,3.5806451612903225,723.9354838709677,0.0039040038915144105,0.024106485714835153,34,34
2026-03,巴西,iOS,non-Organic,Glowup,39.806451612903224,8.580645161290322,723.9354838709677,0.015731243293922795,0.06113293334129441,16,20
2026-03,巴西,iOS,non-Organic,Hair,176.61290322580646,53.903225806451616,723.9354838709677,0.07008151590776174,0.22179776000382828,3,4
2026-03,巴西,iOS,non-Organic,Magic,129.41935483870967,51.483870967741936,723.9354838709677,0.08775355147184946,0.20748243522481594,4,1
2026-03,巴西,iOS,non-Organic,Makeup,73.93548387096774,26.516129032258064,723.9354838709677,0.04282211944561597,0.11540108951238845,8,9
2026-03,巴西,iOS,non-Organic,Matte,4.612903225806452,1.2903225806451613,723.9354838709677,0.0025103694330171544,0.00764299796569156,44,42
2026-03,巴西,iOS,non-Organic,Muscle,50.806451612903224,16.419354838709676,723.9354838709677,0.025962625004170764,0.07128866686998506,13,14
2026-03,巴西,iOS,non-Organic,Mykit,31.161290322580644,0.0,723.9354838709677,0.0,0.04214152815171398,23,43
2026-03,巴西,iOS,non-Organic,Plump,16.774193548387096,6.387096774193548,723.9354838709677,0.013541254950560461,0.03345426565719254,30,23
2026-03,巴西,iOS,non-Organic,Preset,35.483870967741936,1.935483870967742,723.9354838709677,0.003301818481585422,0.04977230816143491,19,37
2026-03,巴西,iOS,non-Organic,Prism,8.129032258064516,2.3225806451612905,723.9354838709677,0.002540543295069567,0.012072424296011916,42,40
2026-03,巴西,iOS,non-Organic,Relight,91.12903225806451,37.61290322580645,723.9354838709677,0.051537312383116624,0.11424028682724592,9,7
2026-03,巴西,iOS,non-Organic,Reshape,39.70967741935484,15.35483870967742,723.9354838709677,0.03732651857799486,0.07591202151528269,11,11
2026-03,巴西,iOS,non-Organic,Resize,8.709677419354838,3.129032258064516,723.9354838709677,0.006990540901261087,0.02111629732107829,37,32
2026-03,巴西,iOS,non-Organic,Skin Tone,17.129032258064516,7.548387096774194,723.9354838709677,0.017086395322395708,0.03547723132292752,27,18
2026-03,巴西,iOS,non-Organic,Smooth,26.806451612903224,13.03225806451613,723.9354838709677,0.037373995678254994,0.059951303617186334,17,10
2026-03,巴西,iOS,non-Organic,Stamp,21.387096774193548,2.5161290322580645,723.9354838709677,0.0026409784387032955,0.029002401912004497,31,39
2026-03,巴西,iOS,non-Organic,Teeth,25.129032258064516,0.0,723.9354838709677,0.0,0.0456475089036589,21,43
2026-03,巴西,iOS,non-Organic,Text,15.903225806451612,1.6451612903225807,723.9354838709677,0.0033598343481918416,0.024232987793863046,33,35
2026-03,整体,Android,Organic,AI Expand,298.9032258064516,111.51612903225806,6246.193548387097,0.018024027499353935,0.04802093206828732,28,23
2026-03,整体,Android,Organic,AI Image,848.7741935483871,140.25806451612902,6246.193548387097,0.022605247838245156,0.13568302920420855,7,19
2026-03,整体,Android,Organic,AI Repair,429.61290322580646,206.03225806451613,6246.193548387097,0.03301978312263083,0.06861880307852722,21,18
2026-03,整体,Android,Organic,AI Replace,217.1290322580645,93.58064516129032,6246.193548387097,0.014973545176695633,0.034638969130202736,36,27
2026-03,整体,Android,Organic,AI Retouch,1338.0967741935483,584.8064516129032,6246.193548387097,0.09307218730285545,0.21295323218200732,4,3
2026-03,整体,Android,Organic,AI Tattoo,170.2258064516129,37.74193548387097,6246.193548387097,0.006056615821242923,0.027203541712731403,38,39
2026-03,整体,Android,Organic,Acne,445.16129032258067,295.19354838709677,6246.193548387097,0.04704955711989101,0.07080032157061619,19,13
2026-03,整体,Android,Organic,Adjust,728.8709677419355,366.61290322580646,6246.193548387097,0.05796861604978932,0.11557259679849823,9,8
2026-03,整体,Android,Organic,Background,568.5806451612904,72.0,6246.193548387097,0.01147327746266965,0.08960684629911979,15,31
2026-03,整体,Android,Organic,Blur,494.61290322580646,223.06451612903226,6246.193548387097,0.03518992177065197,0.0774876733907971,16,16
2026-03,整体,Android,Organic,Body,369.8709677419355,208.03225806451613,6246.193548387097,0.033424871612475336,0.05914032989331749,24,17
2026-03,整体,Android,Organic,Bokeh,461.83870967741933,283.03225806451616,6246.193548387097,0.043565986052375875,0.07185960811774592,17,15
2026-03,整体,Android,Organic,Brighten,264.1290322580645,136.51612903225808,6246.193548387097,0.021641193758484528,0.04195979519389496,32,21
2026-03,整体,Android,Organic,Concealer,308.6774193548387,138.3548387096774,6246.193548387097,0.022114396131901474,0.04931807428990321,27,20
2026-03,整体,Android,Organic,Contour,129.7741935483871,56.935483870967744,6246.193548387097,0.009103589922649143,0.02071943586055702,42,33
2026-03,整体,Android,Organic,Crop,447.96774193548384,328.96774193548384,6246.193548387097,0.05243894969916532,0.071317810340301,18,11
2026-03,整体,Android,Organic,Dark Circles,206.4516129032258,131.51612903225808,6246.193548387097,0.02097383607019841,0.03295929998098864,37,22
2026-03,整体,Android,Organic,Details,124.74193548387096,55.806451612903224,6246.193548387097,0.008937674072817746,0.02000842210208175,43,35
2026-03,整体,Android,Organic,Effects,566.4193548387096,25.387096774193548,6246.193548387097,0.0040544720066533965,0.08964888912806802,14,41
2026-03,整体,Android,Organic,Eraser,699.2903225806451,328.03225806451616,6246.193548387097,0.05274737451107164,0.11176328636282475,10,10
2026-03,整体,Android,Organic,Expression,277.5483870967742,74.12903225806451,6246.193548387097,0.01191770554248536,0.0442593892562333,30,30
2026-03,整体,Android,Organic,Eye Brighten,151.74193548387098,97.93548387096774,6246.193548387097,0.015629944422886923,0.02420784099461,40,25
2026-03,整体,Android,Organic,Face,1509.225806451613,622.5806451612904,6246.193548387097,0.09934532953765515,0.2398241058544008,3,2
2026-03,整体,Android,Organic,Face Fix,365.61290322580646,75.41935483870968,6246.193548387097,0.012083432593363084,0.05819238595879392,25,29
2026-03,整体,Android,Organic,Filters,1802.516129032258,470.2258064516129,6246.193548387097,0.07464471686068017,0.2856550838020335,1,5
2026-03,整体,Android,Organic,Glitter,287.741935483871,38.83870967741935,6246.193548387097,0.0061616037255603166,0.04521164853746728,29,38
2026-03,整体,Android,Organic,Glowup,414.51612903225805,113.06451612903226,6246.193548387097,0.01801463687381621,0.06605303289123503,22,24
2026-03,整体,Android,Organic,Hair,1298.1612903225807,365.0967741935484,6246.193548387097,0.05834244087935232,0.2060975181920099,5,7
2026-03,整体,Android,Organic,Magic,1597.1612903225807,763.2903225806451,6246.193548387097,0.12140885471537696,0.25413718896134935,2,1
2026-03,整体,Android,Organic,Makeup,898.5806451612904,417.2258064516129,6246.193548387097,0.06676768890805652,0.14333717683190977,6,6
2026-03,整体,Android,Organic,Matte,113.35483870967742,49.87096774193548,6246.193548387097,0.007982385752968953,0.01812472188547871,44,37
2026-03,整体,Android,Organic,Muscle,217.61290322580646,63.903225806451616,6246.193548387097,0.01028100624790951,0.03479375666582451,35,32
2026-03,整体,Android,Organic,Mykit,374.2903225806452,0.0,6246.193548387097,0.0,0.059509549918379576,23,43
2026-03,整体,Android,Organic,Plump,262.4516129032258,84.35483870967742,6246.193548387097,0.013458546142288927,0.04171284624853526,33,28
2026-03,整体,Android,Organic,Preset,577.4193548387096,57.16129032258065,6246.193548387097,0.009066770053723573,0.09114092897120525,13,34
2026-03,整体,Android,Organic,Prism,136.70967741935485,51.16129032258065,6246.193548387097,0.008077935526151126,0.021754227638980998,41,36
2026-03,整体,Android,Organic,Relight,698.258064516129,324.8709677419355,6246.193548387097,0.05160483870476654,0.11070036297633161,11,12
2026-03,整体,Android,Organic,Reshape,593.5806451612904,331.4193548387097,6246.193548387097,0.05311534620354506,0.09482521511538083,12,9
2026-03,整体,Android,Organic,Resize,237.48387096774192,94.93548387096774,6246.193548387097,0.015140862150496604,0.03774678561078033,34,26
2026-03,整体,Android,Organic,Skin Tone,444.0967741935484,284.5483870967742,6246.193548387097,0.044936875027959,0.07030556729752692,20,14
2026-03,整体,Android,Organic,Smooth,730.483870967742,528.8387096774194,6246.193548387097,0.08365745338924727,0.1157271673553892,8,4
2026-03,整体,Android,Organic,Stamp,160.19354838709677,26.387096774193548,6246.193548387097,0.004170034893222556,0.025430278949496232,39,40
2026-03,整体,Android,Organic,Teeth,321.8709677419355,0.0,6246.193548387097,0.0,0.05122037106469315,26,43
2026-03,整体,Android,Organic,Text,266.5483870967742,21.612903225806452,6246.193548387097,0.00350418428017892,0.042015965473406525,31,42
2026-03,整体,Android,non-Organic,AI Expand,580.7096774193549,241.83870967741936,13372.064516129032,0.018169269306019337,0.04355695437111899,25,20
2026-03,整体,Android,non-Organic,AI Image,2895.7419354838707,785.0322580645161,13372.064516129032,0.058340088513686064,0.21636581780607517,5,8
2026-03,整体,Android,non-Organic,AI Repair,585.258064516129,256.9032258064516,13372.064516129032,0.01926192118192822,0.04387819872451339,24,18
2026-03,整体,Android,non-Organic,AI Replace,274.96774193548384,134.51612903225808,13372.064516129032,0.010040466364704244,0.02055713538669515,36,27
2026-03,整体,Android,non-Organic,AI Retouch,2901.548387096774,1296.8064516129032,13372.064516129032,0.09703226291809822,0.21707150481420281,4,2
2026-03,整体,Android,non-Organic,AI Tattoo,799.8709677419355,305.4516129032258,13372.064516129032,0.022618920704939132,0.05933958128271086,15,16
2026-03,整体,Android,non-Organic,Acne,431.61290322580646,235.19354838709677,13372.064516129032,0.017645022900394946,0.03240708971822671,28,21
2026-03,整体,Android,non-Organic,Adjust,816.516129032258,326.258064516129,13372.064516129032,0.024474357581245276,0.061335845215389415,13,14
2026-03,整体,Android,non-Organic,Background,799.0322580645161,133.67741935483872,13372.064516129032,0.01002035744661521,0.05979845235532391,14,28
2026-03,整体,Android,non-Organic,Blur,355.2903225806452,165.74193548387098,13372.064516129032,0.012455658943983625,0.02669457510133179,33,24
2026-03,整体,Android,non-Organic,Body,840.258064516129,430.9032258064516,13372.064516129032,0.03218187993958535,0.06279401603786892,12,12
2026-03,整体,Android,non-Organic,Bokeh,231.4516129032258,73.06451612903226,13372.064516129032,0.005504528759572583,0.01739993814672032,39,37
2026-03,整体,Android,non-Organic,Brighten,427.16129032258067,187.3548387096774,13372.064516129032,0.014002214389586046,0.031999887776107586,29,23
2026-03,整体,Android,non-Organic,Concealer,646.5483870967741,259.2903225806452,13372.064516129032,0.01944531843721986,0.04860395500761624,21,17
2026-03,整体,Android,non-Organic,Contour,183.5483870967742,79.64516129032258,13372.064516129032,0.00593378253395156,0.013750720413611155,41,36
2026-03,整体,Android,non-Organic,Crop,672.258064516129,464.35483870967744,13372.064516129032,0.034836800444503,0.0504885560388074,20,10
2026-03,整体,Android,non-Organic,Dark Circles,315.19354838709677,154.61290322580646,13372.064516129032,0.011624200967111977,0.02368197437375406,35,25
2026-03,整体,Android,non-Organic,Details,164.5483870967742,56.935483870967744,13372.064516129032,0.004259567725516954,0.012346569835603227,42,39
2026-03,整体,Android,non-Organic,Effects,919.8709677419355,97.41935483870968,13372.064516129032,0.007310322194820521,0.06896921790483582,11,32
2026-03,整体,Android,non-Organic,Eraser,1200.3548387096773,530.516129032258,13372.064516129032,0.03987895924970336,0.09022273870500169,9,9
2026-03,整体,Android,non-Organic,Expression,396.2258064516129,125.45161290322581,13372.064516129032,0.009313684878571291,0.029599936417119912,30,29
2026-03,整体,Android,non-Organic,Eye Brighten,196.3548387096774,93.83870967741936,13372.064516129032,0.007018821717740404,0.014689561797484714,40,33
2026-03,整体,Android,non-Organic,Face,2628.1290322580644,1015.6451612903226,13372.064516129032,0.0759050761658702,0.196553536228048,6,4
2026-03,整体,Android,non-Organic,Face Fix,496.6774193548387,120.12903225806451,13372.064516129032,0.00895573031234196,0.03710208146197348,27,30
2026-03,整体,Android,non-Organic,Filters,3165.6129032258063,839.516129032258,13372.064516129032,0.06283637449136549,0.2369009388425771,2,6
2026-03,整体,Android,non-Organic,Glitter,383.4516129032258,86.35483870967742,13372.064516129032,0.006432423950817259,0.028666283162291164,31,35
2026-03,整体,Android,non-Organic,Glowup,760.7096774193549,188.38709677419354,13372.064516129032,0.014039037405961964,0.05675181034899392,18,22
2026-03,整体,Android,non-Organic,Hair,3555.3870967741937,1181.6129032258063,13372.064516129032,0.08826845383846389,0.26558297199275765,1,3
2026-03,整体,Android,non-Organic,Magic,2961.1290322580644,1299.3548387096773,13372.064516129032,0.09711868896906546,0.2216140259222407,3,1
2026-03,整体,Android,non-Organic,Makeup,1984.9032258064517,924.741935483871,13372.064516129032,0.06924947338556647,0.14848726258712527,7,5
2026-03,整体,Android,non-Organic,Matte,164.80645161290323,57.38709677419355,13372.064516129032,0.004298682356307402,0.012337072500973767,43,38
2026-03,整体,Android,non-Organic,Muscle,689.6451612903226,246.09677419354838,13372.064516129032,0.018232683801861542,0.051149172878372326,19,19
2026-03,整体,Android,non-Organic,Mykit,525.7741935483871,0.0,13372.064516129032,0.0,0.03939250912694093,26,44
2026-03,整体,Android,non-Organic,Plump,376.7741935483871,137.58064516129033,13372.064516129032,0.010300935226397072,0.02822246656025522,32,26
2026-03,整体,Android,non-Organic,Preset,765.9677419354839,90.51612903225806,13372.064516129032,0.006796343510783038,0.05742713291857911,17,34
2026-03,整体,Android,non-Organic,Prism,155.67741935483872,55.516129032258064,13372.064516129032,0.004133131856159687,0.01164352755058558,44,40
2026-03,整体,Android,non-Organic,Relight,1766.1612903225807,803.9677419354839,13372.064516129032,0.06043966190088059,0.13281748470524649,8,7
2026-03,整体,Android,non-Organic,Reshape,947.5483870967741,411.8709677419355,13372.064516129032,0.030812568529531632,0.07097942784124521,10,13
2026-03,整体,Android,non-Organic,Resize,256.83870967741933,103.80645161290323,13372.064516129032,0.007784167573248973,0.019231251590733973,37,31
2026-03,整体,Android,non-Organic,Skin Tone,610.3870967741935,318.5806451612903,13372.064516129032,0.02386015250230843,0.045752435408691415,22,15
2026-03,整体,Android,non-Organic,Smooth,773.6129032258065,433.7096774193548,13372.064516129032,0.032461407264636664,0.05796167418300176,16,11
2026-03,整体,Android,non-Organic,Stamp,247.96774193548387,38.516129032258064,13372.064516129032,0.0028890431542005456,0.018533214408976487,38,41
2026-03,整体,Android,non-Organic,Teeth,606.1290322580645,0.03225806451612903,13372.064516129032,2.021561980079528e-06,0.04531996050778269,23,43
2026-03,整体,Android,non-Organic,Text,315.8709677419355,36.903225806451616,13372.064516129032,0.0027742414658640615,0.02376960341862525,34,42
2026-03,整体,iOS,Organic,AI Expand,363.7741935483871,116.25806451612904,13913.741935483871,0.008373521092683252,0.02618969012468823,35,30
2026-03,整体,iOS,Organic,AI Image,1023.1290322580645,143.41935483870967,13913.741935483871,0.010388214175143844,0.07372046086201937,16,27
2026-03,整体,iOS,Organic,AI Repair,539.5806451612904,196.16129032258064,13913.741935483871,0.014136583871067495,0.03874502672349089,29,24
2026-03,整体,iOS,Organic,AI Replace,261.1290322580645,108.6774193548387,13913.741935483871,0.007780537458454375,0.018705782881564728,41,32
2026-03,整体,iOS,Organic,AI Retouch,3655.8709677419356,1539.9032258064517,13913.741935483871,0.10998089585302846,0.2610901049893571,3,5
2026-03,整体,iOS,Organic,AI Tattoo,274.35483870967744,55.96774193548387,13913.741935483871,0.004048222583975535,0.01977348056881132,40,38
2026-03,整体,iOS,Organic,Acne,1880.3870967741937,1401.967741935484,13913.741935483871,0.1004347370388472,0.1346383889885125,9,6
2026-03,整体,iOS,Organic,Adjust,1291.1935483870968,543.0,13913.741935483871,0.03886512120594258,0.0923801839214095,13,14
2026-03,整体,iOS,Organic,Background,725.9032258064516,80.29032258064517,13913.741935483871,0.00589715964310555,0.05214309564495578,25,35
2026-03,整体,iOS,Organic,Blur,702.6774193548387,428.19354838709677,13913.741935483871,0.03072915244023406,0.05044314209471774,27,18
2026-03,整体,iOS,Organic,Body,1269.258064516129,840.9677419354839,13913.741935483871,0.06013076432134234,0.09081095381389168,14,8
2026-03,整体,iOS,Organic,Bokeh,291.19354838709677,94.41935483870968,13913.741935483871,0.006792722190460361,0.02089448258423123,39,34
2026-03,整体,iOS,Organic,Brighten,767.1612903225806,403.9032258064516,13913.741935483871,0.028983053664671007,0.054976438730454824,23,19
2026-03,整体,iOS,Organic,Concealer,991.9032258064516,454.3225806451613,13913.741935483871,0.03255844830827532,0.07099085350235092,17,17
2026-03,整体,iOS,Organic,Contour,366.83870967741933,190.67741935483872,13913.741935483871,0.01364888739543541,0.026217188312204747,34,25
2026-03,整体,iOS,Organic,Crop,669.3870967741935,477.03225806451616,13913.741935483871,0.03431568113307039,0.04809682242964418,28,16
2026-03,整体,iOS,Organic,Dark Circles,717.5806451612904,534.741935483871,13913.741935483871,0.03833128037521601,0.051413179873545586,26,15
2026-03,整体,iOS,Organic,Details,364.9032258064516,125.3225806451613,13913.741935483871,0.008992837910775809,0.026113313688153422,36,29
2026-03,整体,iOS,Organic,Effects,866.258064516129,17.032258064516128,13913.741935483871,0.0012293225356535124,0.06206596482801887,20,42
2026-03,整体,iOS,Organic,Eraser,1546.3870967741937,835.1290322580645,13913.741935483871,0.05990230818735233,0.11083930151989566,10,10
2026-03,整体,iOS,Organic,Expression,540.2258064516129,112.35483870967742,13913.741935483871,0.008037212841626059,0.03864126912645509,30,31
2026-03,整体,iOS,Organic,Eye Brighten,465.61290322580646,315.96774193548384,13913.741935483871,0.022710765235880316,0.0334293006582849,31,22
2026-03,整体,iOS,Organic,Face,4618.322580645161,1982.6451612903227,13913.741935483871,0.14151304069801848,0.32960035447317854,1,3
2026-03,整体,iOS,Organic,Face Fix,884.8064516129032,145.19354838709677,13913.741935483871,0.010314296625314483,0.06316025065990283,19,28
2026-03,整体,iOS,Organic,Filters,3494.935483870968,620.5806451612904,13913.741935483871,0.04415338034799444,0.24975797476657138,4,12
2026-03,整体,iOS,Organic,Glitter,367.1290322580645,57.0,13913.741935483871,0.004090894165551495,0.026237880391369286,33,37
2026-03,整体,iOS,Organic,Glowup,1194.1935483870968,368.80645161290323,13913.741935483871,0.026437717300659698,0.08530840373250696,15,21
2026-03,整体,iOS,Organic,Hair,2068.6774193548385,565.741935483871,13913.741935483871,0.040678311273233715,0.1484364905880912,8,13
2026-03,整体,iOS,Organic,Magic,3943.1290322580644,2188.4193548387098,13913.741935483871,0.1566584906753193,0.282073119517437,2,1
2026-03,整体,iOS,Organic,Makeup,2438.2258064516127,1062.3870967741937,13913.741935483871,0.07581640254640214,0.17396962513378864,6,7
2026-03,整体,iOS,Organic,Matte,332.8709677419355,164.83870967741936,13913.741935483871,0.011797656720273456,0.023838230141178425,38,26
2026-03,整体,iOS,Organic,Muscle,360.06451612903226,100.90322580645162,13913.741935483871,0.007290073405151704,0.025896983227886132,37,33
2026-03,整体,iOS,Organic,Mykit,415.7096774193548,0.0,13913.741935483871,0.0,0.029940687121069814,32,43
2026-03,整体,iOS,Organic,Plump,805.5806451612904,256.06451612903226,13913.741935483871,0.0183157075087336,0.05754664486383759,22,23
2026-03,整体,iOS,Organic,Preset,755.7096774193549,79.64516129032258,13913.741935483871,0.005682589882267076,0.05403530746811652,24,36
2026-03,整体,iOS,Organic,Prism,134.70967741935485,35.58064516129032,13913.741935483871,0.002560094566143441,0.00969900923818178,44,40
2026-03,整体,iOS,Organic,Relight,1423.3548387096773,647.8387096774194,13913.741935483871,0.046176798168125484,0.10140931471259895,11,11
2026-03,整体,iOS,Organic,Reshape,2273.8064516129034,1601.6451612903227,13913.741935483871,0.11431580326069343,0.1622940909164367,7,4
2026-03,整体,iOS,Organic,Resize,816.8064516129032,380.96774193548384,13913.741935483871,0.0271006332339405,0.05819791003139742,21,20
2026-03,整体,iOS,Organic,Skin Tone,1329.967741935484,838.9032258064516,13913.741935483871,0.060050324776459364,0.09520995402574159,12,9
2026-03,整体,iOS,Organic,Smooth,2613.935483870968,2024.967741935484,13913.741935483871,0.14447008791398858,0.18661944886435877,5,2
2026-03,整体,iOS,Organic,Stamp,178.5483870967742,39.32258064516129,13913.741935483871,0.0028528634637258817,0.012872621577726876,43,39
2026-03,整体,iOS,Organic,Teeth,961.258064516129,0.0,13913.741935483871,0.0,0.06821887339312038,18,43
2026-03,整体,iOS,Organic,Text,197.80645161290323,19.741935483870968,13913.741935483871,0.0014535370963894452,0.014314082505346916,42,41
2026-03,整体,iOS,non-Organic,AI Expand,141.61290322580646,50.806451612903224,4404.709677419355,0.01151505399252514,0.032172808871751814,32,28
2026-03,整体,iOS,non-Organic,AI Image,546.1935483870968,98.19354838709677,4404.709677419355,0.02184142917543474,0.12253736854950412,7,17
2026-03,整体,iOS,non-Organic,AI Repair,184.90322580645162,71.7741935483871,4404.709677419355,0.016252219483756065,0.041978373818851195,24,21
2026-03,整体,iOS,non-Organic,AI Replace,102.12903225806451,49.74193548387097,4404.709677419355,0.011350387575275176,0.02325870561083777,36,30
2026-03,整体,iOS,non-Organic,AI Retouch,1058.6129032258063,382.4516129032258,4404.709677419355,0.08636784756696335,0.23961465525261574,3,3
2026-03,整体,iOS,non-Organic,AI Tattoo,200.51612903225808,71.93548387096774,4404.709677419355,0.015316212666712218,0.043706406470639676,23,23
2026-03,整体,iOS,non-Organic,Acne,270.5806451612903,162.7741935483871,4404.709677419355,0.037015962759148334,0.06145426183848432,15,12
2026-03,整体,iOS,non-Organic,Adjust,258.35483870967744,83.35483870967742,4404.709677419355,0.018752642423312378,0.05826687524509954,18,19
2026-03,整体,iOS,non-Organic,Background,245.70967741935485,30.93548387096774,4404.709677419355,0.007071149800938636,0.055250105070823986,19,34
2026-03,整体,iOS,non-Organic,Blur,128.7741935483871,62.58064516129032,4404.709677419355,0.01396385024405125,0.028836238193371576,34,24
2026-03,整体,iOS,non-Organic,Body,372.61290322580646,216.8709677419355,4404.709677419355,0.04896792759103444,0.08414179307400456,13,9
2026-03,整体,iOS,non-Organic,Bokeh,56.064516129032256,12.741935483870968,4404.709677419355,0.0028296570470071345,0.012593635231472097,43,38
2026-03,整体,iOS,non-Organic,Brighten,177.4516129032258,88.64516129032258,4404.709677419355,0.019886092455539187,0.04006984674453821,26,18
2026-03,整体,iOS,non-Organic,Concealer,226.09677419354838,98.2258064516129,4404.709677419355,0.022240518357214068,0.05121061607214531,21,16
2026-03,整体,iOS,non-Organic,Contour,82.41935483870968,41.483870967741936,4404.709677419355,0.009406346300876636,0.018710669137333283,39,31
2026-03,整体,iOS,non-Organic,Crop,145.61290322580646,99.58064516129032,4404.709677419355,0.022619402778860268,0.033059032717570755,31,15
2026-03,整体,iOS,non-Organic,Dark Circles,130.0,79.54838709677419,4404.709677419355,0.017960208293763165,0.029427185791005266,33,20
2026-03,整体,iOS,non-Organic,Details,88.12903225806451,29.451612903225808,4404.709677419355,0.006620018836389728,0.01990356649334926,38,35
2026-03,整体,iOS,non-Organic,Effects,272.5806451612903,7.225806451612903,4404.709677419355,0.0016329906880410852,0.0610445067643802,16,41
2026-03,整体,iOS,non-Organic,Eraser,421.7096774193548,222.3548387096774,4404.709677419355,0.050210509248064826,0.09467560926547322,10,6
2026-03,整体,iOS,non-Organic,Expression,159.93548387096774,37.54838709677419,4404.709677419355,0.008508738531654443,0.036382917935265595,29,32
2026-03,整体,iOS,non-Organic,Eye Brighten,94.45161290322581,53.45161290322581,4404.709677419355,0.012101145942688844,0.021355819551565743,37,26
2026-03,整体,iOS,non-Organic,Face,1152.6129032258063,490.5483870967742,4404.709677419355,0.11097335637384793,0.26174716542935716,2,1
2026-03,整体,iOS,non-Organic,Face Fix,264.93548387096774,51.16129032258065,4404.709677419355,0.01146141342854671,0.060006706385822214,17,29
2026-03,整体,iOS,non-Organic,Filters,991.3548387096774,145.58064516129033,4404.709677419355,0.032824382909247815,0.22296828429207832,5,13
2026-03,整体,iOS,non-Organic,Glitter,105.6774193548387,20.774193548387096,4404.709677419355,0.004744928951515499,0.02394288017131287,35,36
2026-03,整体,iOS,non-Organic,Glowup,386.93548387096774,105.74193548387096,4404.709677419355,0.02398145376002365,0.0877791989130639,12,14
2026-03,整体,iOS,non-Organic,Hair,1376.032258064516,329.2903225806452,4404.709677419355,0.07501981780196144,0.31549904655578,1,4
2026-03,整体,iOS,non-Organic,Magic,999.8709677419355,443.06451612903226,4404.709677419355,0.10009846979930824,0.22598537378429057,4,2
2026-03,整体,iOS,non-Organic,Makeup,595.4193548387096,217.2258064516129,4404.709677419355,0.04912480659136919,0.13470395547185005,6,7
2026-03,整体,iOS,non-Organic,Matte,69.38709677419355,31.870967741935484,4404.709677419355,0.0071739730020448315,0.015671339386185004,41,33
2026-03,整体,iOS,non-Organic,Muscle,181.96774193548387,57.29032258064516,4404.709677419355,0.01286364041495914,0.04085528555862032,25,25
2026-03,整体,iOS,non-Organic,Mykit,150.19354838709677,0.0,4404.709677419355,0.0,0.033833236289182674,30,43
2026-03,整体,iOS,non-Organic,Plump,172.03225806451613,52.58064516129032,4404.709677419355,0.011905447266700567,0.039068571263194345,27,27
2026-03,整体,iOS,non-Organic,Preset,238.90322580645162,18.64516129032258,4404.709677419355,0.00421140761142037,0.053747855057302306,20,37
2026-03,整体,iOS,non-Organic,Prism,35.67741935483871,9.193548387096774,4404.709677419355,0.002081888078529466,0.008002651601675426,44,40
2026-03,整体,iOS,non-Organic,Relight,407.0,169.58064516129033,4404.709677419355,0.037715913555151255,0.09037916015196554,11,10
2026-03,整体,iOS,non-Organic,Reshape,421.80645161290323,216.58064516129033,4404.709677419355,0.0490651380800566,0.09551679332763342,9,8
2026-03,整体,iOS,non-Organic,Resize,162.16129032258064,69.48387096774194,4404.709677419355,0.01580118221586021,0.036782409780013334,28,22
2026-03,整体,iOS,non-Organic,Skin Tone,286.83870967741933,164.67741935483872,4404.709677419355,0.037525461682487465,0.06520384324734227,14,11
2026-03,整体,iOS,non-Organic,Smooth,452.80645161290323,299.3225806451613,4404.709677419355,0.06817739627464221,0.10279410020743522,8,5
2026-03,整体,iOS,non-Organic,Stamp,58.25806451612903,9.709677419354838,4404.709677419355,0.0021609647868325787,0.012833769248303688,42,39
2026-03,整体,iOS,non-Organic,Teeth,221.70967741935485,0.0,4404.709677419355,0.0,0.05013868150570057,22,43
2026-03,整体,iOS,non-Organic,Text,72.58064516129032,5.838709677419355,4404.709677419355,0.0013097974386999558,0.016300128705089192,40,42
2026-03,美国,Android,Organic,AI Expand,10.225806451612904,4.290322580645161,276.258064516129,0.015379266065107193,0.037303424265297924,32,28
2026-03,美国,Android,Organic,AI Image,27.258064516129032,4.290322580645161,276.258064516129,0.01545310900379432,0.09928470083216169,8,27
2026-03,美国,Android,Organic,AI Repair,15.741935483870968,8.612903225806452,276.258064516129,0.03121021731601417,0.05706058162229773,23,16
2026-03,美国,Android,Organic,AI Replace,9.870967741935484,4.935483870967742,276.258064516129,0.017827938521714697,0.03604465646425252,33,25
2026-03,美国,Android,Organic,AI Retouch,56.12903225806452,25.483870967741936,276.258064516129,0.09250254838334525,0.20334343250702072,4,4
2026-03,美国,Android,Organic,AI Tattoo,6.32258064516129,1.3225806451612903,276.258064516129,0.00486307066895636,0.02365727727642959,40,41
2026-03,美国,Android,Organic,Acne,20.903225806451612,15.258064516129032,276.258064516129,0.05504996314046182,0.07596005466694589,15,11
2026-03,美国,Android,Organic,Adjust,25.451612903225808,14.451612903225806,276.258064516129,0.0522830362950219,0.09285388147320749,11,12
2026-03,美国,Android,Organic,Background,17.225806451612904,3.903225806451613,276.258064516129,0.014058044235248967,0.06242530365181158,20,31
2026-03,美国,Android,Organic,Blur,10.709677419354838,6.483870967741935,276.258064516129,0.023970963165574767,0.039089603003028696,30,21
2026-03,美国,Android,Organic,Body,16.516129032258064,10.709677419354838,276.258064516129,0.03927762052383603,0.060503588739779506,21,14
2026-03,美国,Android,Organic,Bokeh,6.806451612903226,2.2903225806451615,276.258064516129,0.008200018699437532,0.024490217352236814,39,36
2026-03,美国,Android,Organic,Brighten,12.32258064516129,7.32258064516129,276.258064516129,0.02699602522276896,0.04498970118147868,26,18
2026-03,美国,Android,Organic,Concealer,13.709677419354838,6.67741935483871,276.258064516129,0.023966203928575316,0.04986496277789296,24,22
2026-03,美国,Android,Organic,Contour,7.387096774193548,3.2903225806451615,276.258064516129,0.012042008057784678,0.02712826229926015,37,32
2026-03,美国,Android,Organic,Crop,21.387096774193548,18.516129032258064,276.258064516129,0.0671518964130094,0.07746628411339451,13,7
2026-03,美国,Android,Organic,Dark Circles,10.709677419354838,7.516129032258065,276.258064516129,0.02727222981377202,0.038934576484407186,31,17
2026-03,美国,Android,Organic,Details,9.32258064516129,5.0,276.258064516129,0.018702227312998934,0.03440396223579844,34,24
2026-03,美国,Android,Organic,Effects,22.903225806451612,1.7741935483870968,276.258064516129,0.006505864627205997,0.08268811874976002,12,37
2026-03,美国,Android,Organic,Eraser,27.258064516129032,16.483870967741936,276.258064516129,0.059434881378011714,0.09877968193815195,9,8
2026-03,美国,Android,Organic,Expression,10.96774193548387,3.967741935483871,276.258064516129,0.014718108640554095,0.0402536295397106,28,29
2026-03,美国,Android,Organic,Eye Brighten,9.387096774193548,7.032258064516129,276.258064516129,0.025734470323449853,0.034235891022070516,35,20
2026-03,美国,Android,Organic,Face,65.29032258064517,32.225806451612904,276.258064516129,0.11628265345411856,0.23586344951058677,2,2
2026-03,美国,Android,Organic,Face Fix,17.096774193548388,4.0,276.258064516129,0.014568473774361797,0.062629061715315,19,30
2026-03,美国,Android,Organic,Filters,64.03225806451613,24.129032258064516,276.258064516129,0.08795692370175281,0.23238100230572586,3,6
2026-03,美国,Android,Organic,Glitter,7.096774193548387,1.2258064516129032,276.258064516129,0.004425232544616606,0.026423188864401453,38,42
2026-03,美国,Android,Organic,Glowup,19.838709677419356,7.225806451612903,276.258064516129,0.026415526211993275,0.07247645673764647,16,19
2026-03,美国,Android,Organic,Hair,44.064516129032256,15.548387096774194,276.258064516129,0.05671061383607457,0.15966746871189436,5,10
2026-03,美国,Android,Organic,Magic,68.19354838709677,36.45161290322581,276.258064516129,0.13200999262591176,0.24634967088225998,1,1
2026-03,美国,Android,Organic,Makeup,40.25806451612903,24.387096774193548,276.258064516129,0.08905592313932899,0.14653796072791947,6,5
2026-03,美国,Android,Organic,Matte,5.741935483870968,3.193548387096774,276.258064516129,0.011741547349892474,0.020891138278708768,42,33
2026-03,美国,Android,Organic,Muscle,7.451612903225806,2.4516129032258065,276.258064516129,0.008922077631002447,0.02728388808208057,36,35
2026-03,美国,Android,Organic,Mykit,11.0,0.0,276.258064516129,0.0,0.040155223741239275,29,43
2026-03,美国,Android,Organic,Plump,12.225806451612904,4.548387096774194,276.258064516129,0.016658968987843043,0.04477815103544826,27,26
2026-03,美国,Android,Organic,Preset,17.29032258064516,3.129032258064516,276.258064516129,0.011531823098428257,0.06342294562418874,18,34
2026-03,美国,Android,Organic,Prism,4.0,1.3225806451612903,276.258064516129,0.005049044868080972,0.01482194542457489,44,40
2026-03,美国,Android,Organic,Relight,21.29032258064516,10.516129032258064,276.258064516129,0.037241314033115216,0.07682898887227801,14,15
2026-03,美国,Android,Organic,Reshape,25.677419354838708,15.935483870967742,276.258064516129,0.05757637682336099,0.09286428499854775,10,9
2026-03,美国,Android,Organic,Resize,12.741935483870968,6.516129032258065,276.258064516129,0.023481981826802886,0.04612592225301633,25,23
2026-03,美国,Android,Organic,Skin Tone,19.161290322580644,11.935483870967742,276.258064516129,0.04316138935158834,0.06968337564400968,17,13
2026-03,美国,Android,Organic,Smooth,34.58064516129032,27.322580645161292,276.258064516129,0.09915529723182206,0.12583355407894478,7,3
2026-03,美国,Android,Organic,Stamp,5.032258064516129,1.4838709677419355,276.258064516129,0.005359832296247666,0.018524228254818746,43,38
2026-03,美国,Android,Organic,Teeth,16.129032258064516,0.0,276.258064516129,0.0,0.05811905862189371,22,43
2026-03,美国,Android,Organic,Text,6.193548387096774,1.3870967741935485,276.258064516129,0.0051113511308505085,0.022911552315458366,41,39
2026-03,美国,Android,non-Organic,AI Expand,14.741935483870968,5.870967741935484,370.16129032258067,0.015642283426692355,0.03972650948496576,32,27
2026-03,美国,Android,non-Organic,AI Image,43.935483870967744,5.290322580645161,370.16129032258067,0.014431068966126049,0.117400263333081,8,29
2026-03,美国,Android,non-Organic,AI Repair,21.129032258064516,9.64516129032258,370.16129032258067,0.02583452133032873,0.057164967957618024,24,19
2026-03,美国,Android,non-Organic,AI Replace,10.548387096774194,5.225806451612903,370.16129032258067,0.014084536120945464,0.028972259326098017,35,30
2026-03,美国,Android,non-Organic,AI Retouch,96.41935483870968,41.774193548387096,370.16129032258067,0.11128038988002414,0.25965247260555685,3,3
2026-03,美国,Android,non-Organic,AI Tattoo,8.806451612903226,1.3548387096774193,370.16129032258067,0.003515220978366514,0.02369334386635965,41,41
2026-03,美国,Android,non-Organic,Acne,24.258064516129032,16.70967741935484,370.16129032258067,0.04624218155326299,0.06730703451242989,21,11
2026-03,美国,Android,non-Organic,Adjust,29.870967741935484,11.838709677419354,370.16129032258067,0.03205329455070092,0.08050096059243422,16,16
2026-03,美国,Android,non-Organic,Background,27.258064516129032,4.935483870967742,370.16129032258067,0.013216481186244172,0.0726214693240568,18,32
2026-03,美国,Android,non-Organic,Blur,17.451612903225808,8.96774193548387,370.16129032258067,0.024016671810186584,0.04701745359954864,26,20
2026-03,美国,Android,non-Organic,Body,25.29032258064516,14.64516129032258,370.16129032258067,0.03957867625469926,0.06879114659387478,20,13
2026-03,美国,Android,non-Organic,Bokeh,7.258064516129032,1.5483870967741935,370.16129032258067,0.004111012004597789,0.019554711997075876,42,39
2026-03,美国,Android,non-Organic,Brighten,19.838709677419356,11.258064516129032,370.16129032258067,0.030539207668695195,0.05354791472792768,25,17
2026-03,美国,Android,non-Organic,Concealer,26.29032258064516,12.161290322580646,370.16129032258067,0.033013165417825445,0.07210637711726454,19,15
2026-03,美国,Android,non-Organic,Contour,10.741935483870968,4.516129032258065,370.16129032258067,0.011870345529414726,0.028668294079567946,37,33
2026-03,美国,Android,non-Organic,Crop,23.322580645161292,18.096774193548388,370.16129032258067,0.04873673727488941,0.06321577824971385,22,9
2026-03,美国,Android,non-Organic,Dark Circles,13.290322580645162,8.451612903225806,370.16129032258067,0.0231507339159761,0.036125450107163094,33,21
2026-03,美国,Android,non-Organic,Details,14.935483870967742,5.580645161290323,370.16129032258067,0.015315869116701788,0.04139745638721829,31,28
2026-03,美国,Android,non-Organic,Effects,37.74193548387097,2.7419354838709675,370.16129032258067,0.00710960836088945,0.10035314700190026,10,36
2026-03,美国,Android,non-Organic,Eraser,38.0,19.903225806451612,370.16129032258067,0.0524974440115379,0.10052065087804364,9,8
2026-03,美国,Android,non-Organic,Expression,17.225806451612904,6.258064516129032,370.16129032258067,0.01671767583027286,0.04674328160396465,28,25
2026-03,美国,Android,non-Organic,Eye Brighten,12.516129032258064,8.03225806451613,370.16129032258067,0.021696787361338985,0.034001858722028676,34,22
2026-03,美国,Android,non-Organic,Face,106.54838709677419,48.83870967741935,370.16129032258067,0.13095632893984022,0.2878095750583243,2,2
2026-03,美国,Android,non-Organic,Face Fix,30.161290322580644,7.935483870967742,370.16129032258067,0.020829821387591825,0.08132777701345426,14,23
2026-03,美国,Android,non-Organic,Filters,94.74193548387096,29.06451612903226,370.16129032258067,0.07800084678142842,0.2556973920406501,4,5
2026-03,美国,Android,non-Organic,Glitter,11.096774193548388,1.935483870967742,370.16129032258067,0.005101887063844648,0.028882074028988406,36,37
2026-03,美国,Android,non-Organic,Glowup,31.483870967741936,10.96774193548387,370.16129032258067,0.03001229123975771,0.08506038915026701,12,18
2026-03,美国,Android,non-Organic,Hair,76.74193548387096,21.774193548387096,370.16129032258067,0.0581868501964812,0.2074914325780938,5,7
2026-03,美国,Android,non-Organic,Magic,107.58064516129032,51.903225806451616,370.16129032258067,0.13897125082046483,0.2888890673226082,1,1
2026-03,美国,Android,non-Organic,Makeup,54.12903225806452,26.612903225806452,370.16129032258067,0.07148530246388778,0.1465547882139321,6,6
2026-03,美国,Android,non-Organic,Matte,9.64516129032258,5.0,370.16129032258067,0.013581912244901318,0.026482245208499237,38,31
2026-03,美国,Android,non-Organic,Muscle,8.935483870967742,3.129032258064516,370.16129032258067,0.008573873310391689,0.024676371385571706,39,35
2026-03,美国,Android,non-Organic,Mykit,17.516129032258064,0.0,370.16129032258067,0.0,0.04689733487715571,27,43
2026-03,美国,Android,non-Organic,Plump,17.193548387096776,5.838709677419355,370.16129032258067,0.015871842789562152,0.04665168128939814,29,26
2026-03,美国,Android,non-Organic,Preset,27.516129032258064,3.193548387096774,370.16129032258067,0.008791132492041066,0.0736196396432279,17,34
2026-03,美国,Android,non-Organic,Prism,4.838709677419355,1.6129032258064515,370.16129032258067,0.004088944265064365,0.013408028090246795,44,40
2026-03,美国,Android,non-Organic,Relight,31.516129032258064,14.741935483870968,370.16129032258067,0.03885738516672037,0.08415240365394744,13,14
2026-03,美国,Android,non-Organic,Reshape,33.70967741935484,16.096774193548388,370.16129032258067,0.04438600629061164,0.09138620111005681,11,12
2026-03,美国,Android,non-Organic,Resize,15.258064516129032,7.387096774193548,370.16129032258067,0.020316442131622734,0.042041125036309565,30,24
2026-03,美国,Android,non-Organic,Skin Tone,29.838709677419356,17.806451612903224,370.16129032258067,0.048606521565550224,0.0808996970077639,15,10
2026-03,美国,Android,non-Organic,Smooth,46.774193548387096,34.516129032258064,370.16129032258067,0.09371386152667756,0.12770816622129932,7,4
2026-03,美国,Android,non-Organic,Stamp,5.290322580645161,0.9032258064516129,370.16129032258067,0.0024796457651029133,0.014342488926885203,43,42
2026-03,美国,Android,non-Organic,Teeth,22.129032258064516,0.0,370.16129032258067,0.0,0.05939776443094669,23,43
2026-03,美国,Android,non-Organic,Text,8.870967741935484,1.4838709677419355,370.16129032258067,0.004249982669255025,0.024139410239218492,40,38
2026-03,美国,iOS,Organic,AI Expand,59.54838709677419,18.870967741935484,2591.0967741935483,0.007247287345150842,0.022831729258169745,37,30
2026-03,美国,iOS,Organic,AI Image,165.06451612903226,17.387096774193548,2591.0967741935483,0.006729157643031379,0.06389168373877069,21,34
2026-03,美国,iOS,Organic,AI Repair,93.09677419354838,31.612903225806452,2591.0967741935483,0.012296886070667486,0.035883948728839925,29,26
2026-03,美国,iOS,Organic,AI Replace,52.064516129032256,22.64516129032258,2591.0967741935483,0.008731179205193411,0.020003534575982883,39,29
2026-03,美国,iOS,Organic,AI Retouch,690.258064516129,245.2258064516129,2591.0967741935483,0.09359446677401405,0.2637277539948848,3,5
2026-03,美国,iOS,Organic,AI Tattoo,47.58064516129032,6.935483870967742,2591.0967741935483,0.002748947298808996,0.018595206025536392,40,39
2026-03,美国,iOS,Organic,Acne,309.741935483871,229.96774193548387,2591.0967741935483,0.0885311870489618,0.11924523541774036,9,6
2026-03,美国,iOS,Organic,Adjust,188.90322580645162,69.19354838709677,2591.0967741935483,0.026567540862295253,0.07240041948908114,17,20
2026-03,美国,iOS,Organic,Background,138.83870967741936,17.967741935483872,2591.0967741935483,0.007123545211772845,0.05352569024057832,23,32
2026-03,美国,iOS,Organic,Blur,116.54838709677419,67.6774193548387,2591.0967741935483,0.026085334034754094,0.04502395860098143,26,21
2026-03,美国,iOS,Organic,Body,228.7741935483871,148.8709677419355,2591.0967741935483,0.05716476002895431,0.08808556827275196,13,10
2026-03,美国,iOS,Organic,Bokeh,35.064516129032256,7.870967741935484,2591.0967741935483,0.0030371134865525154,0.013457273592810976,41,37
2026-03,美国,iOS,Organic,Brighten,161.2258064516129,84.54838709677419,2591.0967741935483,0.03243491494386548,0.06188072414111642,22,14
2026-03,美国,iOS,Organic,Concealer,189.48387096774192,83.83870967741936,2591.0967741935483,0.03209939190281142,0.07262728452740509,16,15
2026-03,美国,iOS,Organic,Contour,72.58064516129032,33.74193548387097,2591.0967741935483,0.012978745258745827,0.02783201882752187,33,25
2026-03,美国,iOS,Organic,Crop,100.48387096774194,75.96774193548387,2591.0967741935483,0.0293231074856445,0.03872475688155147,28,19
2026-03,美国,iOS,Organic,Dark Circles,113.6774193548387,79.6774193548387,2591.0967741935483,0.03058970050584155,0.043627959900050264,27,16
2026-03,美国,iOS,Organic,Details,84.19354838709677,27.903225806451612,2591.0967741935483,0.010686755967879,0.03238316655668891,32,27
2026-03,美国,iOS,Organic,Effects,179.6451612903226,4.516129032258065,2591.0967741935483,0.0017116822115685764,0.06885263429829522,19,40
2026-03,美国,iOS,Organic,Eraser,276.64516129032256,156.38709677419354,2591.0967741935483,0.05999922264746086,0.10641556415142747,10,9
2026-03,美国,iOS,Organic,Expression,85.87096774193549,18.516129032258064,2591.0967741935483,0.007131316413295278,0.03313278328771056,31,31
2026-03,美国,iOS,Organic,Eye Brighten,89.0,58.29032258064516,2591.0967741935483,0.022394835209718633,0.03421800775856663,30,22
2026-03,美国,iOS,Organic,Face,836.3870967741935,373.64516129032256,2591.0967741935483,0.14297732059767745,0.3203820924613752,1,2
2026-03,美国,iOS,Organic,Face Fix,180.16129032258064,26.032258064516128,2591.0967741935483,0.009962589976200881,0.06916074337199378,18,28
2026-03,美国,iOS,Organic,Filters,571.3548387096774,129.3548387096774,2591.0967741935483,0.04941131713118321,0.2191559619022574,4,11
2026-03,美国,iOS,Organic,Glitter,56.74193548387097,10.096774193548388,2591.0967741935483,0.003865339047530299,0.021842920440474704,38,36
2026-03,美国,iOS,Organic,Glowup,239.09677419354838,77.80645161290323,2591.0967741935483,0.02986036454760779,0.09148800085370676,12,18
2026-03,美国,iOS,Organic,Hair,408.4193548387097,101.51612903225806,2591.0967741935483,0.039363494928551866,0.15729468645335737,7,12
2026-03,美国,iOS,Organic,Magic,714.258064516129,374.96774193548384,2591.0967741935483,0.14379300170460804,0.273637981187152,2,1
2026-03,美国,iOS,Organic,Makeup,423.64516129032256,172.67741935483872,2591.0967741935483,0.06647705853953031,0.16247922459641065,6,8
2026-03,美国,iOS,Organic,Matte,65.61290322580645,35.67741935483871,2591.0967741935483,0.013662474891744115,0.025300401371087116,35,24
2026-03,美国,iOS,Organic,Muscle,62.38709677419355,17.451612903225808,2591.0967741935483,0.006784724365055185,0.02419375735472684,36,33
2026-03,美国,iOS,Organic,Mykit,71.25806451612904,0.0,2591.0967741935483,0.0,0.027572695144936755,34,43
2026-03,美国,iOS,Organic,Plump,123.38709677419355,36.41935483870968,2591.0967741935483,0.014072856228811508,0.04747447066769486,25,23
2026-03,美国,iOS,Organic,Preset,134.96774193548387,11.580645161290322,2591.0967741935483,0.004409813551020247,0.05170127213771257,24,35
2026-03,美国,iOS,Organic,Prism,17.903225806451612,4.032258064516129,2591.0967741935483,0.0015965566785468989,0.0069821508923603405,44,41
2026-03,美国,iOS,Organic,Relight,223.16129032258064,95.6774193548387,2591.0967741935483,0.03660660960210796,0.08526429172217301,15,13
2026-03,美国,iOS,Organic,Reshape,392.16129032258067,255.2258064516129,2591.0967741935483,0.09735988642837252,0.1497909003682271,8,4
2026-03,美国,iOS,Organic,Resize,173.29032258064515,79.35483870967742,2591.0967741935483,0.030180176737828888,0.06607536762949785,20,17
2026-03,美国,iOS,Organic,Skin Tone,266.741935483871,176.74193548387098,2591.0967741935483,0.06790519008922162,0.1026558940384308,11,7
2026-03,美国,iOS,Organic,Smooth,483.7741935483871,374.0,2591.0967741935483,0.1429369580518188,0.18514223820975753,5,3
2026-03,美国,iOS,Organic,Stamp,26.225806451612904,7.870967741935484,2591.0967741935483,0.003030014299444384,0.010079768927247726,43,38
2026-03,美国,iOS,Organic,Teeth,225.90322580645162,0.0,2591.0967741935483,0.0,0.08567811148029897,14,43
2026-03,美国,iOS,Organic,Text,31.483870967741936,3.935483870967742,2591.0967741935483,0.0015798897111714805,0.012272553144596061,42,42
2026-03,美国,iOS,non-Organic,AI Expand,46.54838709677419,16.29032258064516,1919.9354838709678,0.008444487409493225,0.02427333553123554,34,31
2026-03,美国,iOS,non-Organic,AI Image,161.61290322580646,18.64516129032258,1919.9354838709678,0.009724020342231578,0.08410687921312504,13,29
2026-03,美国,iOS,non-Organic,AI Repair,65.64516129032258,23.032258064516128,1919.9354838709678,0.011838454060002666,0.03398223802055719,28,23
2026-03,美国,iOS,non-Organic,AI Replace,42.354838709677416,21.258064516129032,1919.9354838709678,0.010914389531563647,0.021780596068944547,37,27
2026-03,美国,iOS,non-Organic,AI Retouch,493.741935483871,162.19354838709677,1919.9354838709678,0.08396535127193351,0.2556253023499448,3,3
2026-03,美国,iOS,non-Organic,AI Tattoo,48.193548387096776,8.903225806451612,1919.9354838709678,0.004663468480416521,0.02519044302090443,33,35
2026-03,美国,iOS,non-Organic,Acne,141.70967741935485,87.7741935483871,1919.9354838709678,0.04549429832932446,0.07352185103163666,15,10
2026-03,美国,iOS,non-Organic,Adjust,115.7741935483871,39.225806451612904,1919.9354838709678,0.020303752723189097,0.059961352496698844,18,19
2026-03,美国,iOS,non-Organic,Background,98.2258064516129,10.741935483870968,1919.9354838709678,0.005761586851054482,0.05067277928256222,22,34
2026-03,美国,iOS,non-Organic,Blur,61.03225806451613,31.387096774193548,1919.9354838709678,0.01599210644214776,0.03130806078250318,31,21
2026-03,美国,iOS,non-Organic,Body,180.5483870967742,109.6774193548387,1919.9354838709678,0.05676192330609861,0.09379540204861163,11,8
2026-03,美国,iOS,non-Organic,Bokeh,19.032258064516128,3.3548387096774195,1919.9354838709678,0.00170682928852056,0.009795207663183671,42,39
2026-03,美国,iOS,non-Organic,Brighten,90.45161290322581,45.32258064516129,1919.9354838709678,0.023364977898580983,0.046720577346869775,24,16
2026-03,美国,iOS,non-Organic,Concealer,112.83870967741936,47.38709677419355,1919.9354838709678,0.024527271801448838,0.05853569405962525,20,15
2026-03,美国,iOS,non-Organic,Contour,40.225806451612904,19.29032258064516,1919.9354838709678,0.009976023715844808,0.020856618888122142,39,28
2026-03,美国,iOS,non-Organic,Crop,63.483870967741936,43.61290322580645,1919.9354838709678,0.022796461989787426,0.03319712939066956,29,17
2026-03,美国,iOS,non-Organic,Dark Circles,61.935483870967744,37.58064516129032,1919.9354838709678,0.019406970912480826,0.032053853465478,30,20
2026-03,美国,iOS,non-Organic,Details,45.096774193548384,14.96774193548387,1919.9354838709678,0.007788433301371273,0.023370460924915817,35,33
2026-03,美国,iOS,non-Organic,Effects,119.12903225806451,2.838709677419355,1919.9354838709678,0.0014460146342611929,0.061457458890251324,17,41
2026-03,美国,iOS,non-Organic,Eraser,206.67741935483872,114.58064516129032,1919.9354838709678,0.05894318915651722,0.10639746313317472,9,7
2026-03,美国,iOS,non-Organic,Expression,67.25806451612904,15.03225806451613,1919.9354838709678,0.007873468915090847,0.03510397444199271,27,32
2026-03,美国,iOS,non-Organic,Eye Brighten,44.83870967741935,25.741935483870968,1919.9354838709678,0.013294734727215785,0.023174542202853574,36,22
2026-03,美国,iOS,non-Organic,Face,551.6451612903226,235.41935483870967,1919.9354838709678,0.12127393117156744,0.2857272416428684,2,1
2026-03,美国,iOS,non-Organic,Face Fix,122.80645161290323,21.903225806451612,1919.9354838709678,0.011222856901293645,0.063842533047558,16,26
2026-03,美国,iOS,non-Organic,Filters,419.38709677419354,71.74193548387096,1919.9354838709678,0.037225390376487456,0.21707749632111079,5,12
2026-03,美国,iOS,non-Organic,Glitter,41.354838709677416,8.193548387096774,1919.9354838709678,0.004347996974616391,0.02153643220412578,38,37
2026-03,美国,iOS,non-Organic,Glowup,185.4516129032258,50.903225806451616,1919.9354838709678,0.026585242258930383,0.09642205241261818,10,14
2026-03,美国,iOS,non-Organic,Hair,674.7096774193549,144.6451612903226,1919.9354838709678,0.07548341768406293,0.35256660867881545,1,5
2026-03,美国,iOS,non-Organic,Magic,444.741935483871,200.03225806451613,1919.9354838709678,0.10334372901178752,0.23013845239162742,4,2
2026-03,美国,iOS,non-Organic,Makeup,269.5483870967742,99.74193548387096,1919.9354838709678,0.051654792212877554,0.13970866133507037,6,9
2026-03,美国,iOS,non-Organic,Matte,34.32258064516129,16.387096774193548,1919.9354838709678,0.00847898107287531,0.017770468774732425,40,30
2026-03,美国,iOS,non-Organic,Muscle,69.74193548387096,21.774193548387096,1919.9354838709678,0.011352610084812894,0.036420263379788924,26,25
2026-03,美国,iOS,non-Organic,Mykit,48.645161290322584,0.0,1919.9354838709678,0.0,0.025266912836016786,32,43
2026-03,美国,iOS,non-Organic,Plump,79.12903225806451,22.29032258064516,1919.9354838709678,0.011530973413730524,0.0411523145806702,25,24
2026-03,美国,iOS,non-Organic,Preset,100.45161290322581,8.612903225806452,1919.9354838709678,0.0044007601959895285,0.052019655178775964,21,36
2026-03,美国,iOS,non-Organic,Prism,11.806451612903226,2.935483870967742,1919.9354838709678,0.0015160653838479257,0.006094814588259393,44,40
2026-03,美国,iOS,non-Organic,Relight,163.6451612903226,68.58064516129032,1919.9354838709678,0.03535839490902578,0.0844098850034239,12,13
2026-03,美国,iOS,non-Organic,Reshape,221.6451612903226,123.12903225806451,1919.9354838709678,0.06359137202971007,0.11455573138763671,8,6
2026-03,美国,iOS,non-Organic,Resize,92.03225806451613,41.29032258064516,1919.9354838709678,0.021344557965465482,0.04758647076526128,23,18
2026-03,美国,iOS,non-Organic,Skin Tone,146.48387096774192,86.16129032258064,1919.9354838709678,0.04484390021549292,0.07593654862888385,14,11
2026-03,美国,iOS,non-Organic,Smooth,235.4516129032258,160.93548387096774,1919.9354838709678,0.08336380364981556,0.12177051136686927,7,4
2026-03,美国,iOS,non-Organic,Stamp,16.258064516129032,3.3225806451612905,1919.9354838709678,0.0017474054452607665,0.008437101465333283,43,38
2026-03,美国,iOS,non-Organic,Teeth,113.41935483870968,0.0,1919.9354838709678,0.0,0.05863097220495449,19,43
2026-03,美国,iOS,non-Organic,Text,23.580645161290324,2.032258064516129,1919.9354838709678,0.0010356500147387616,0.012243425741617447,41,42
2026-03,英国,Android,Organic,AI Expand,4.161290322580645,1.2903225806451613,156.8709677419355,0.007971641886968351,0.028226373080612547,35,32
2026-03,英国,Android,Organic,AI Image,13.483870967741936,0.9032258064516129,156.8709677419355,0.006047751202373334,0.08620861173329238,10,34
2026-03,英国,Android,Organic,AI Repair,7.806451612903226,3.2903225806451615,156.8709677419355,0.020778553415477526,0.04965277241032474,24,22
2026-03,英国,Android,Organic,AI Replace,4.290322580645161,1.8709677419354838,156.8709677419355,0.011840862871151055,0.027144001899246786,36,27
2026-03,英国,Android,Organic,AI Retouch,37.225806451612904,14.548387096774194,156.8709677419355,0.09085802379924304,0.23452153034231746,4,4
2026-03,英国,Android,Organic,AI Tattoo,2.838709677419355,0.45161290322580644,156.8709677419355,0.002841074967796277,0.019411067009521405,40,40
2026-03,英国,Android,Organic,Acne,10.290322580645162,6.838709677419355,156.8709677419355,0.0441613707141916,0.06611279362413773,17,11
2026-03,英国,Android,Organic,Adjust,10.548387096774194,3.967741935483871,156.8709677419355,0.02492780430145723,0.06703830489614408,16,18
2026-03,英国,Android,Organic,Background,9.419354838709678,1.4193548387096775,156.8709677419355,0.009034389014616858,0.06004175569132957,19,30
2026-03,英国,Android,Organic,Blur,7.419354838709677,4.290322580645161,156.8709677419355,0.027108533897152377,0.04690519638028575,26,16
2026-03,英国,Android,Organic,Body,8.258064516129032,4.741935483870968,156.8709677419355,0.03030424237124743,0.05280458286437521,22,13
2026-03,英国,Android,Organic,Bokeh,2.870967741935484,0.7419354838709677,156.8709677419355,0.0046376471923677024,0.0199348169502381,39,36
2026-03,英国,Android,Organic,Brighten,7.806451612903226,4.258064516129032,156.8709677419355,0.026400320473379778,0.04878750417036291,25,17
2026-03,英国,Android,Organic,Concealer,9.290322580645162,3.5483870967741935,156.8709677419355,0.02177538514488168,0.058333169710440905,21,20
2026-03,英国,Android,Organic,Contour,4.67741935483871,2.161290322580645,156.8709677419355,0.013202580086327203,0.028762163332462776,34,25
2026-03,英国,Android,Organic,Crop,8.064516129032258,6.580645161290323,156.8709677419355,0.042224643544064126,0.05156078022625831,23,12
2026-03,英国,Android,Organic,Dark Circles,5.580645161290323,3.774193548387097,156.8709677419355,0.024226708832514,0.03566424399266663,31,19
2026-03,英国,Android,Organic,Details,4.903225806451613,1.935483870967742,156.8709677419355,0.011673552479388258,0.03038134170261557,33,28
2026-03,英国,Android,Organic,Effects,11.64516129032258,0.5161290322580645,156.8709677419355,0.0030205348792820682,0.07370560022075735,14,39
2026-03,英国,Android,Organic,Eraser,14.64516129032258,7.967741935483871,156.8709677419355,0.05132400977583986,0.09302297841328114,8,7
2026-03,英国,Android,Organic,Expression,6.193548387096774,1.5483870967741935,156.8709677419355,0.00994347153333388,0.038772841216450055,29,29
2026-03,英国,Android,Organic,Eye Brighten,5.161290322580645,3.5161290322580645,156.8709677419355,0.021501556595153456,0.03221053127588042,32,21
2026-03,英国,Android,Organic,Face,46.41935483870968,22.870967741935484,156.8709677419355,0.14417706822745763,0.29180384362439943,1,1
2026-03,英国,Android,Organic,Face Fix,12.290322580645162,2.5806451612903225,156.8709677419355,0.01624462979003298,0.07622668343295778,12,24
2026-03,英国,Android,Organic,Filters,36.903225806451616,10.258064516129032,156.8709677419355,0.06598491835274597,0.23553709758283445,3,6
2026-03,英国,Android,Organic,Glitter,3.3225806451612905,0.5483870967741935,156.8709677419355,0.003603786520127888,0.021294497924726343,38,37
2026-03,英国,Android,Organic,Glowup,12.193548387096774,4.290322580645161,156.8709677419355,0.027718125688118125,0.0774963797615178,11,15
2026-03,英国,Android,Organic,Hair,24.0,7.419354838709677,156.8709677419355,0.047386013945695006,0.15292284220890542,5,10
2026-03,英国,Android,Organic,Magic,43.483870967741936,22.06451612903226,156.8709677419355,0.13687056901271508,0.27250540349813657,2,2
2026-03,英国,Android,Organic,Makeup,22.322580645161292,11.096774193548388,156.8709677419355,0.06895632978541143,0.13965194501578107,6,5
2026-03,英国,Android,Organic,Matte,2.967741935483871,1.4516129032258065,156.8709677419355,0.009032491170440875,0.01880416293893005,42,31
2026-03,英国,Android,Organic,Muscle,3.4838709677419355,1.2258064516129032,156.8709677419355,0.007879830148652636,0.023365137861656376,37,33
2026-03,英国,Android,Organic,Mykit,6.870967741935484,0.0,156.8709677419355,0.0,0.04381463181037775,27,43
2026-03,英国,Android,Organic,Plump,6.290322580645161,2.0,156.8709677419355,0.01281277923919883,0.0394625557289649,28,26
2026-03,英国,Android,Organic,Preset,9.35483870967742,0.7419354838709677,156.8709677419355,0.004996677893760026,0.059855748822621284,20,35
2026-03,英国,Android,Organic,Prism,1.2258064516129032,0.45161290322580644,156.8709677419355,0.0030360998731736887,0.011147715531114625,44,38
2026-03,英国,Android,Organic,Relight,10.290322580645162,4.451612903225806,156.8709677419355,0.02836236974495778,0.06534380502228662,18,14
2026-03,英国,Android,Organic,Reshape,13.838709677419354,7.741935483870968,156.8709677419355,0.0493877251119592,0.08794468216812543,9,9
2026-03,英国,Android,Organic,Resize,6.032258064516129,3.096774193548387,156.8709677419355,0.019267108145182583,0.03806284228778318,30,23
2026-03,英国,Android,Organic,Skin Tone,11.870967741935484,7.903225806451613,156.8709677419355,0.049407760598607714,0.07403405274427854,13,8
2026-03,英国,Android,Organic,Smooth,19.741935483870968,14.35483870967742,156.8709677419355,0.09097737412274481,0.12468632689429214,7,3
2026-03,英国,Android,Organic,Stamp,1.6774193548387097,0.22580645161290322,156.8709677419355,0.0014775859464387325,0.011833668106644723,43,42
2026-03,英国,Android,Organic,Teeth,10.870967741935484,0.0,156.8709677419355,0.0,0.06806216986054074,15,43
2026-03,英国,Android,Organic,Text,2.6774193548387095,0.2903225806451613,156.8709677419355,0.001953392952027954,0.018867646072965333,41,41
2026-03,英国,Android,non-Organic,AI Expand,1.7096774193548387,0.5483870967741935,52.12903225806452,0.010491415263275884,0.03857906448631116,34,31
2026-03,英国,Android,non-Organic,AI Image,6.064516129032258,0.5161290322580645,52.12903225806452,0.010584669886147284,0.11728701768188053,7,30
2026-03,英国,Android,non-Organic,AI Repair,3.032258064516129,1.032258064516129,52.12903225806452,0.019979409206885686,0.06102564709849388,20,23
2026-03,英国,Android,non-Organic,AI Replace,1.5161290322580645,0.7419354838709677,52.12903225806452,0.013630068088937894,0.03382137210757562,37,26
2026-03,英国,Android,non-Organic,AI Retouch,13.35483870967742,4.516129032258065,52.12903225806452,0.0852449548607077,0.24821323823756014,3,4
2026-03,英国,Android,non-Organic,AI Tattoo,0.9032258064516129,0.0967741935483871,52.12903225806452,0.0014853563240660014,0.026503878261808694,42,40
2026-03,英国,Android,non-Organic,Acne,3.6129032258064515,2.4516129032258065,52.12903225806452,0.046728038218330964,0.06979705450568063,17,9
2026-03,英国,Android,non-Organic,Adjust,2.806451612903226,1.0,52.12903225806452,0.0181887410757856,0.057439756610204194,24,24
2026-03,英国,Android,non-Organic,Background,2.806451612903226,0.5483870967741935,52.12903225806452,0.011289341041645237,0.0557534240798124,25,29
2026-03,英国,Android,non-Organic,Blur,2.2580645161290325,1.4193548387096775,52.12903225806452,0.026817816048606218,0.04604894432968783,30,17
2026-03,英国,Android,non-Organic,Body,2.967741935483871,1.6129032258064515,52.12903225806452,0.03133585231347693,0.06420458244402645,19,14
2026-03,英国,Android,non-Organic,Bokeh,0.9032258064516129,0.12903225806451613,52.12903225806452,0.002169463441657301,0.028280584802239297,39,39
2026-03,英国,Android,non-Organic,Brighten,2.935483870967742,1.3225806451612903,52.12903225806452,0.024087551204115352,0.05913884217099419,22,20
2026-03,英国,Android,non-Organic,Concealer,4.290322580645161,1.6129032258064515,52.12903225806452,0.029005216160771948,0.07966310495610726,13,16
2026-03,英国,Android,non-Organic,Contour,1.4193548387096775,0.8064516129032258,52.12903225806452,0.015847540000249277,0.03669116253487275,35,25
2026-03,英国,Android,non-Organic,Crop,2.3548387096774195,1.7419354838709677,52.12903225806452,0.03260437209830334,0.050980804668125004,26,12
2026-03,英国,Android,non-Organic,Dark Circles,2.3870967741935485,1.6774193548387097,52.12903225806452,0.031422990062203456,0.04957614817932915,27,13
2026-03,英国,Android,non-Organic,Details,1.967741935483871,0.7096774193548387,52.12903225806452,0.012738891512308755,0.04382145621533118,32,28
2026-03,英国,Android,non-Organic,Effects,3.903225806451613,0.1935483870967742,52.12903225806452,0.003852099869307116,0.07137450192228995,16,36
2026-03,英国,Android,non-Organic,Eraser,5.193548387096774,3.161290322580645,52.12903225806452,0.059864668805804315,0.10251831868866162,9,5
2026-03,英国,Android,non-Organic,Expression,2.3548387096774195,0.5161290322580645,52.12903225806452,0.00906757451570276,0.04873569276711415,28,32
2026-03,英国,Android,non-Organic,Eye Brighten,1.7419354838709677,1.1290322580645162,52.12903225806452,0.021210626461933203,0.04106184961627591,33,21
2026-03,英国,Android,non-Organic,Face,17.225806451612904,8.161290322580646,52.12903225806452,0.15532941087229485,0.3251417400723504,1,1
2026-03,英国,Android,non-Organic,Face Fix,4.903225806451613,1.3870967741935485,52.12903225806452,0.024502248481058638,0.08941182328458024,11,19
2026-03,英国,Android,non-Organic,Filters,11.870967741935484,3.064516129032258,52.12903225806452,0.056404500724157196,0.22351088841657027,4,7
2026-03,英国,Android,non-Organic,Glitter,0.8064516129032258,0.16129032258064516,52.12903225806452,0.003246541653728214,0.02536237878742962,44,37
2026-03,英国,Android,non-Organic,Glowup,3.806451612903226,1.4193548387096775,52.12903225806452,0.026734287428097844,0.07145763671345055,15,18
2026-03,英国,Android,non-Organic,Hair,8.67741935483871,2.225806451612903,52.12903225806452,0.04448184090514501,0.1697129229456668,5,11
2026-03,英国,Android,non-Organic,Magic,15.32258064516129,6.806451612903226,52.12903225806452,0.1259070447637871,0.29120926725418966,2,2
2026-03,英国,Android,non-Organic,Makeup,6.32258064516129,3.064516129032258,52.12903225806452,0.05811377309204282,0.1169493429749519,8,6
2026-03,英国,Android,non-Organic,Matte,0.9354838709677419,0.4838709677419355,52.12903225806452,0.008670445056844302,0.026890203988638645,41,33
2026-03,英国,Android,non-Organic,Muscle,1.2580645161290323,0.3870967741935484,52.12903225806452,0.007412091208539251,0.03519879233807974,36,34
2026-03,英国,Android,non-Organic,Mykit,2.2903225806451615,0.0,52.12903225806452,0.0,0.0471959717527043,29,43
2026-03,英国,Android,non-Organic,Plump,2.096774193548387,0.6774193548387096,52.12903225806452,0.01327007092072527,0.04482705959420622,31,27
2026-03,英国,Android,non-Organic,Preset,3.129032258064516,0.25806451612903225,52.12903225806452,0.004685046565721254,0.060767632966926936,21,35
2026-03,英国,Android,non-Organic,Prism,0.3225806451612903,0.0967741935483871,52.12903225806452,0.002186379928315412,0.027808035367596427,40,38
2026-03,英国,Android,non-Organic,Relight,3.5483870967741935,1.5483870967741935,52.12903225806452,0.02920397336873193,0.07191904051665318,14,15
2026-03,英国,Android,non-Organic,Reshape,4.967741935483871,2.7096774193548385,52.12903225806452,0.051462368900968544,0.09517655891502856,10,8
2026-03,英国,Android,non-Organic,Resize,2.4516129032258065,1.1935483870967742,52.12903225806452,0.02074096739958675,0.058414536574060226,23,22
2026-03,英国,Android,non-Organic,Skin Tone,4.032258064516129,2.3548387096774195,52.12903225806452,0.04568668355130878,0.08216343999818074,12,10
2026-03,英国,Android,non-Organic,Smooth,7.354838709677419,5.096774193548387,52.12903225806452,0.09243630025391308,0.13752465041990447,6,3
2026-03,英国,Android,non-Organic,Stamp,0.5483870967741935,0.06451612903225806,52.12903225806452,0.0012877725360193803,0.025643120845393465,43,41
2026-03,英国,Android,non-Organic,Teeth,3.2580645161290325,0.0,52.12903225806452,0.0,0.06621289488957492,18,43
2026-03,英国,Android,non-Organic,Text,0.7741935483870968,0.03225806451612903,52.12903225806452,0.0008271298593879239,0.029610949079969286,38,42
2026-03,英国,iOS,Organic,AI Expand,13.838709677419354,4.161290322580645,729.258064516129,0.00570729681482365,0.018917829685978788,39,31
2026-03,英国,iOS,Organic,AI Image,46.483870967741936,4.096774193548387,729.258064516129,0.00546048354979365,0.06404940916727841,19,32
2026-03,英国,iOS,Organic,AI Repair,23.483870967741936,7.096774193548387,729.258064516129,0.009750250227976915,0.03226525610673542,31,27
2026-03,英国,iOS,Organic,AI Replace,12.064516129032258,5.67741935483871,729.258064516129,0.007825803769877229,0.01655971717593543,40,29
2026-03,英国,iOS,Organic,AI Retouch,197.32258064516128,67.25806451612904,729.258064516129,0.09151960415524497,0.268252499928385,3,4
2026-03,英国,iOS,Organic,AI Tattoo,14.0,2.2903225806451615,729.258064516129,0.003108580091821691,0.0191966994693952,38,37
2026-03,英国,iOS,Organic,Acne,81.41935483870968,59.16129032258065,729.258064516129,0.08065114236570148,0.11066099569552106,10,7
2026-03,英国,iOS,Organic,Adjust,48.16129032258065,17.258064516129032,729.258064516129,0.02353748196690745,0.06585877112294493,18,22
2026-03,英国,iOS,Organic,Background,37.41935483870968,3.774193548387097,729.258064516129,0.005334170315064077,0.051009498494630344,27,34
2026-03,英国,iOS,Organic,Blur,39.54838709677419,24.806451612903224,729.258064516129,0.03394108331998408,0.05435339639929414,24,15
2026-03,英国,iOS,Organic,Body,55.16129032258065,34.12903225806452,729.258064516129,0.04674229500237977,0.07552712653467684,14,10
2026-03,英国,iOS,Organic,Bokeh,9.709677419354838,2.129032258064516,729.258064516129,0.002928452756613557,0.013269912908401885,41,38
2026-03,英国,iOS,Organic,Brighten,46.193548387096776,23.774193548387096,729.258064516129,0.032168838798548996,0.06270206223080706,20,17
2026-03,英国,iOS,Organic,Concealer,54.70967741935484,25.612903225806452,729.258064516129,0.034983337877426614,0.07436522321910938,15,14
2026-03,英国,iOS,Organic,Contour,23.677419354838708,12.064516129032258,729.258064516129,0.016003028477013796,0.03158123891282936,32,24
2026-03,英国,iOS,Organic,Crop,24.64516129032258,18.580645161290324,729.258064516129,0.02557060098922012,0.0338887070707175,30,21
2026-03,英国,iOS,Organic,Dark Circles,39.25806451612903,28.548387096774192,729.258064516129,0.038780121496774976,0.05350258975503935,25,12
2026-03,英国,iOS,Organic,Details,22.032258064516128,7.870967741935484,729.258064516129,0.010705032847763234,0.02989169828944141,34,26
2026-03,英国,iOS,Organic,Effects,43.96774193548387,0.7741935483870968,729.258064516129,0.001084400859199013,0.06026833372318982,21,40
2026-03,英国,iOS,Organic,Eraser,72.3225806451613,40.12903225806452,729.258064516129,0.05511858999523155,0.09927299480922155,12,9
2026-03,英国,iOS,Organic,Expression,27.580645161290324,4.870967741935484,729.258064516129,0.006704897974098619,0.03735622210838382,29,30
2026-03,英国,iOS,Organic,Eye Brighten,30.580645161290324,20.419354838709676,729.258064516129,0.02795715737970441,0.04178451995975009,28,19
2026-03,英国,iOS,Organic,Face,242.29032258064515,112.58064516129032,729.258064516129,0.15237837743532745,0.3279074648409123,1,1
2026-03,英国,iOS,Organic,Face Fix,52.0,6.67741935483871,729.258064516129,0.009030656269719859,0.07066581850889658,16,28
2026-03,英国,iOS,Organic,Filters,153.67741935483872,28.06451612903226,729.258064516129,0.03810289575152867,0.20863012377756054,4,13
2026-03,英国,iOS,Organic,Glitter,14.67741935483871,2.3870967741935485,729.258064516129,0.003293167095224051,0.020063726390955584,37,36
2026-03,英国,iOS,Organic,Glowup,73.45161290322581,24.032258064516128,729.258064516129,0.03261177426009355,0.09968103402150195,11,16
2026-03,英国,iOS,Organic,Hair,115.83870967741936,30.870967741935484,729.258064516129,0.04183091892855657,0.1575292628692562,7,11
2026-03,英国,iOS,Organic,Magic,207.19354838709677,108.96774193548387,729.258064516129,0.14777118734952793,0.28130398149056013,2,2
2026-03,英国,iOS,Organic,Makeup,123.93548387096774,47.193548387096776,729.258064516129,0.06372403415587843,0.1671056428589349,6,8
2026-03,英国,iOS,Organic,Matte,17.93548387096774,9.129032258064516,729.258064516129,0.012400185964494775,0.02427344469323686,35,25
2026-03,英国,iOS,Organic,Muscle,15.67741935483871,3.967741935483871,729.258064516129,0.00544258646880103,0.021280916116307363,36,33
2026-03,英国,iOS,Organic,Mykit,22.032258064516128,0.0,729.258064516129,0.0,0.030040488981397214,33,43
2026-03,英国,iOS,Organic,Plump,41.774193548387096,13.193548387096774,729.258064516129,0.017791974348592653,0.05692735238140389,22,23
2026-03,英国,iOS,Organic,Preset,38.41935483870968,3.4193548387096775,729.258064516129,0.004562768021390942,0.05180266453917661,26,35
2026-03,英国,iOS,Organic,Prism,3.5806451612903225,0.5806451612903226,729.258064516129,0.0008590978050660872,0.005063404649481542,44,41
2026-03,英国,iOS,Organic,Relight,55.70967741935484,21.451612903225808,729.258064516129,0.02930218690691148,0.07604786916416854,13,18
2026-03,英国,iOS,Organic,Reshape,99.93548387096774,64.0,729.258064516129,0.0872295034111804,0.13602817532740968,8,5
2026-03,英国,iOS,Organic,Resize,41.25806451612903,19.129032258064516,729.258064516129,0.026316359579679687,0.056441414643062106,23,20
2026-03,英国,iOS,Organic,Skin Tone,89.41935483870968,62.74193548387097,729.258064516129,0.08457976728612877,0.1207211972835828,9,6
2026-03,英国,iOS,Organic,Smooth,134.09677419354838,101.38709677419355,729.258064516129,0.1365226403661814,0.18102287286046964,5,3
2026-03,英国,iOS,Organic,Stamp,5.548387096774194,1.1290322580645162,729.258064516129,0.001517093401099963,0.007727075663184329,43,39
2026-03,英国,iOS,Organic,Teeth,50.903225806451616,0.0,729.258064516129,0.0,0.06904973630204737,17,43
2026-03,英国,iOS,Organic,Text,7.870967741935484,0.4838709677419355,729.258064516129,0.0006666958035839339,0.010791490643137454,42,42
2026-03,英国,iOS,non-Organic,AI Expand,10.32258064516129,3.4516129032258065,415.5483870967742,0.008398797752116863,0.024670332163836243,36,32
2026-03,英国,iOS,non-Organic,AI Image,37.67741935483871,3.4838709677419355,415.5483870967742,0.00829849691706166,0.09056095573990817,12,33
2026-03,英国,iOS,non-Organic,AI Repair,15.451612903225806,5.645161290322581,415.5483870967742,0.01291473308579361,0.03625298272793059,29,26
2026-03,英国,iOS,non-Organic,AI Replace,8.516129032258064,4.354838709677419,415.5483870967742,0.010440630418490172,0.020870637905272542,39,27
2026-03,英国,iOS,non-Organic,AI Retouch,116.25806451612904,44.483870967741936,415.5483870967742,0.10705146061388106,0.2778968425104108,3,4
2026-03,英国,iOS,non-Organic,AI Tattoo,9.258064516129032,1.5483870967741935,415.5483870967742,0.003513539546756749,0.022227072392289108,37,37
2026-03,英国,iOS,non-Organic,Acne,35.29032258064516,23.322580645161292,415.5483870967742,0.056074632026336634,0.08502753080093216,13,9
2026-03,英国,iOS,non-Organic,Adjust,26.903225806451612,8.903225806451612,415.5483870967742,0.021682965286231388,0.06500297504114626,18,21
2026-03,英国,iOS,non-Organic,Background,24.64516129032258,2.903225806451613,415.5483870967742,0.006845444687429713,0.0582957987445108,21,34
2026-03,英国,iOS,non-Organic,Blur,17.483870967741936,10.129032258064516,415.5483870967742,0.024805031143987813,0.04255100155794099,27,18
2026-03,英国,iOS,non-Organic,Body,33.45161290322581,21.096774193548388,415.5483870967742,0.05026887328362211,0.0803740117268263,15,11
2026-03,英国,iOS,non-Organic,Bokeh,5.032258064516129,0.8387096774193549,415.5483870967742,0.0020482473433845673,0.012377022844726741,42,39
2026-03,英国,iOS,non-Organic,Brighten,24.387096774193548,13.225806451612904,415.5483870967742,0.031224965426141282,0.05821004620572638,22,17
2026-03,英国,iOS,non-Organic,Concealer,28.93548387096774,13.612903225806452,415.5483870967742,0.033129077832873416,0.06942637531006793,17,15
2026-03,英国,iOS,non-Organic,Contour,12.064516129032258,6.870967741935484,415.5483870967742,0.016036390655617027,0.02843452465430377,34,24
2026-03,英国,iOS,non-Organic,Crop,12.387096774193548,8.903225806451612,415.5483870967742,0.021230258628049652,0.029728068270152508,32,22
2026-03,英国,iOS,non-Organic,Dark Circles,19.612903225806452,13.580645161290322,415.5483870967742,0.032696932092521065,0.04722064194569094,26,16
2026-03,英国,iOS,non-Organic,Details,12.129032258064516,4.0,415.5483870967742,0.009429996421598195,0.02881049001590553,33,29
2026-03,英国,iOS,non-Organic,Effects,27.129032258064516,0.5161290322580645,415.5483870967742,0.0012317195088545774,0.06399713768923239,19,42
2026-03,英国,iOS,non-Organic,Eraser,44.70967741935484,25.612903225806452,415.5483870967742,0.06147166739401082,0.10740801441080508,10,8
2026-03,英国,iOS,non-Organic,Expression,16.741935483870968,4.225806451612903,415.5483870967742,0.009771734357134656,0.0397495231033186,28,28
2026-03,英国,iOS,non-Organic,Eye Brighten,14.870967741935484,9.32258064516129,415.5483870967742,0.02292265957652886,0.035886991069410824,30,20
2026-03,英国,iOS,non-Organic,Face,137.67741935483872,65.3225806451613,415.5483870967742,0.1575957856071686,0.33096984037109195,1,1
2026-03,英国,iOS,non-Organic,Face Fix,32.516129032258064,6.129032258064516,415.5483870967742,0.014645101472635709,0.07733643628818716,16,25
2026-03,英国,iOS,non-Organic,Filters,88.6774193548387,15.516129032258064,415.5483870967742,0.03718259173162004,0.21160286298758874,4,12
2026-03,英国,iOS,non-Organic,Glitter,8.903225806451612,1.8709677419354838,415.5483870967742,0.004738831165259487,0.021384186687846408,38,36
2026-03,英国,iOS,non-Organic,Glowup,42.193548387096776,15.451612903225806,415.5483870967742,0.03658648784567792,0.10035705608940859,11,13
2026-03,英国,iOS,non-Organic,Hair,82.6774193548387,22.35483870967742,415.5483870967742,0.05241187024606812,0.1974180493585636,5,10
2026-03,英国,iOS,non-Organic,Magic,119.90322580645162,59.96774193548387,415.5483870967742,0.14335517900718556,0.2866511505641555,2,2
2026-03,英国,iOS,non-Organic,Makeup,69.70967741935483,27.516129032258064,415.5483870967742,0.06563996958006323,0.1657200759257763,6,7
2026-03,英国,iOS,non-Organic,Matte,8.193548387096774,3.7096774193548385,415.5483870967742,0.008709971779553677,0.019382271804740878,40,31
2026-03,英国,iOS,non-Organic,Muscle,10.387096774193548,3.6451612903225805,415.5483870967742,0.008920519787694495,0.025192834794039096,35,30
2026-03,英国,iOS,non-Organic,Mykit,12.806451612903226,0.0,415.5483870967742,0.0,0.030057938651768132,31,43
2026-03,英国,iOS,non-Organic,Plump,22.35483870967742,7.451612903225806,415.5483870967742,0.018096412112777724,0.05331178187366478,24,23
2026-03,英国,iOS,non-Organic,Preset,23.741935483870968,2.225806451612903,415.5483870967742,0.00511089625008506,0.056062384216434,23,35
2026-03,英国,iOS,non-Organic,Prism,3.2580645161290325,1.032258064516129,415.5483870967742,0.0026125225272921725,0.007864124984264526,44,38
2026-03,英国,iOS,non-Organic,Relight,34.903225806451616,14.741935483870968,415.5483870967742,0.03557888401583214,0.0831509967853397,14,14
2026-03,英国,iOS,non-Organic,Reshape,50.29032258064516,28.774193548387096,415.5483870967742,0.07089689227488741,0.12251379965703096,8,5
2026-03,英国,iOS,non-Organic,Resize,21.322580645161292,9.64516129032258,415.5483870967742,0.023754473094822433,0.05199391979846301,25,19
2026-03,英国,iOS,non-Organic,Skin Tone,44.903225806451616,29.483870967741936,415.5483870967742,0.07074909222979658,0.10828036978406301,9,6
2026-03,英国,iOS,non-Organic,Smooth,63.483870967741936,45.16129032258065,415.5483870967742,0.11040994678156477,0.15456922290341846,7,3
2026-03,英国,iOS,non-Organic,Stamp,3.2580645161290325,0.6774193548387096,415.5483870967742,0.0014885690927753732,0.008335423149563514,43,40
2026-03,英国,iOS,non-Organic,Teeth,25.93548387096774,0.0,415.5483870967742,0.0,0.06247716036620199,20,43
2026-03,英国,iOS,non-Organic,Text,5.580645161290323,0.5806451612903226,415.5483870967742,0.0012830057589204894,0.013769027610232805,41,41
2026-04,墨西哥,Android,Organic,AI Expand,9.133333333333333,4.0,342.73333333333335,0.011927281653571268,0.02725476626232007,28,18
2026-04,墨西哥,Android,Organic,AI Image,24.766666666666666,3.1,342.73333333333335,0.009170880268017477,0.07286469744891753,10,23
2026-04,墨西哥,Android,Organic,AI Repair,14.8,6.866666666666666,342.73333333333335,0.021458705942985417,0.0456154129602359,18,15
2026-04,墨西哥,Android,Organic,AI Replace,5.133333333333334,2.6,342.73333333333335,0.007554381926623357,0.01545114988900887,39,27
2026-04,墨西哥,Android,Organic,AI Retouch,54.7,19.133333333333333,342.73333333333335,0.055860347565406004,0.1589605082148588,5,5
2026-04,墨西哥,Android,Organic,AI Tattoo,7.4,1.8333333333333333,342.73333333333335,0.005329378971977749,0.02220519681184715,33,31
2026-04,墨西哥,Android,Organic,Acne,11.833333333333334,6.666666666666667,342.73333333333335,0.020190182208943145,0.034936208258597376,21,17
2026-04,墨西哥,Android,Organic,Adjust,19.8,9.0,342.73333333333335,0.02735966822753167,0.060207223410629125,12,14
2026-04,墨西哥,Android,Organic,Background,14.566666666666666,1.6666666666666667,342.73333333333335,0.004961485558679362,0.04256968016604382,20,34
2026-04,墨西哥,Android,Organic,Blur,10.666666666666666,6.7,342.73333333333335,0.021129025488620376,0.0332013985461207,22,16
2026-04,墨西哥,Android,Organic,Body,21.166666666666668,12.0,342.73333333333335,0.03625197483409699,0.06353154507641745,11,10
2026-04,墨西哥,Android,Organic,Bokeh,6.3,1.9333333333333333,342.73333333333335,0.005682855673765027,0.018561854619204888,35,30
2026-04,墨西哥,Android,Organic,Brighten,7.033333333333333,3.5,342.73333333333335,0.010403523456639833,0.020715850965391372,34,20
2026-04,墨西哥,Android,Organic,Concealer,10.966666666666667,3.033333333333333,342.73333333333335,0.008532555312841418,0.030900713392480673,27,25
2026-04,墨西哥,Android,Organic,Contour,4.166666666666667,1.4333333333333333,342.73333333333335,0.004039474000810021,0.012423869907581367,42,37
2026-04,墨西哥,Android,Organic,Crop,19.966666666666665,14.166666666666666,342.73333333333335,0.04326946735026273,0.06005079718134534,13,8
2026-04,墨西哥,Android,Organic,Dark Circles,5.933333333333334,2.966666666666667,342.73333333333335,0.008796517023777735,0.01718345279799478,37,24
2026-04,墨西哥,Android,Organic,Details,4.633333333333334,1.7333333333333334,342.73333333333335,0.005268272063914229,0.01408259107538059,40,32
2026-04,墨西哥,Android,Organic,Effects,15.9,1.0666666666666667,342.73333333333335,0.0028647322956488527,0.048074911847172434,16,41
2026-04,墨西哥,Android,Organic,Eraser,44.46666666666667,21.833333333333332,342.73333333333335,0.06266863332574063,0.12357596325319714,6,3
2026-04,墨西哥,Android,Organic,Expression,10.1,3.0,342.73333333333335,0.0093081327232596,0.031213471135261416,26,22
2026-04,墨西哥,Android,Organic,Eye Brighten,3.5,1.7333333333333334,342.73333333333335,0.004985144714631346,0.01076300743388182,44,33
2026-04,墨西哥,Android,Organic,Face,56.333333333333336,22.466666666666665,342.73333333333335,0.06706831565834802,0.16749441863303643,4,2
2026-04,墨西哥,Android,Organic,Face Fix,10.4,2.566666666666667,342.73333333333335,0.0076956959991433035,0.03131603942069149,25,26
2026-04,墨西哥,Android,Organic,Filters,61.86666666666667,15.666666666666666,342.73333333333335,0.047385391539466616,0.18551888139280565,2,7
2026-04,墨西哥,Android,Organic,Glitter,8.3,1.2,342.73333333333335,0.00337083656521142,0.02466962139570343,29,39
2026-04,墨西哥,Android,Organic,Glowup,15.866666666666667,2.566666666666667,342.73333333333335,0.00753394155051616,0.048579307967987456,15,28
2026-04,墨西哥,Android,Organic,Hair,71.56666666666666,19.633333333333333,342.73333333333335,0.058252214432284476,0.2125612125089346,1,4
2026-04,墨西哥,Android,Organic,Magic,64.03333333333333,27.2,342.73333333333335,0.07811481355755863,0.18528603597930265,3,1
2026-04,墨西哥,Android,Organic,Makeup,35.833333333333336,18.3,342.73333333333335,0.05274334725054929,0.10325092389007384,7,6
2026-04,墨西哥,Android,Organic,Matte,3.933333333333333,1.6,342.73333333333335,0.0045978257253989135,0.012613052925523019,41,35
2026-04,墨西哥,Android,Organic,Muscle,10.7,3.1333333333333333,342.73333333333335,0.009737886137281404,0.03278044409799971,23,21
2026-04,墨西哥,Android,Organic,Mykit,8.3,0.0,342.73333333333335,0.0,0.024560119510495627,30,43
2026-04,墨西哥,Android,Organic,Plump,8.033333333333333,2.033333333333333,342.73333333333335,0.0060903962843431485,0.024327335601573293,31,29
2026-04,墨西哥,Android,Organic,Preset,14.5,1.0666666666666667,342.73333333333335,0.003069660955671088,0.04314508906696742,19,40
2026-04,墨西哥,Android,Organic,Prism,3.966666666666667,1.3,342.73333333333335,0.004029698142431716,0.01163867260145866,43,38
2026-04,墨西哥,Android,Organic,Relight,33.46666666666667,11.566666666666666,342.73333333333335,0.033551137692358936,0.0963026312019794,8,12
2026-04,墨西哥,Android,Organic,Reshape,28.566666666666666,13.2,342.73333333333335,0.040574860165033075,0.08639181658391212,9,9
2026-04,墨西哥,Android,Organic,Resize,7.7,3.566666666666667,342.73333333333335,0.01078471656028016,0.023167577357253277,32,19
2026-04,墨西哥,Android,Organic,Skin Tone,15.566666666666666,9.466666666666667,342.73333333333335,0.028580664578958283,0.04652676998236679,17,13
2026-04,墨西哥,Android,Organic,Smooth,19.266666666666666,11.7,342.73333333333335,0.03560637852914346,0.05768075750961214,14,11
2026-04,墨西哥,Android,Organic,Stamp,6.0,1.4333333333333333,342.73333333333335,0.004399547888793571,0.01764256989285953,36,36
2026-04,墨西哥,Android,Organic,Teeth,11.1,0.0,342.73333333333335,0.0,0.032191035503260815,24,43
2026-04,墨西哥,Android,Organic,Text,5.7,0.5333333333333333,342.73333333333335,0.0014824849002690536,0.01686009123001663,38,42
2026-04,墨西哥,Android,non-Organic,AI Expand,53.233333333333334,20.866666666666667,2235.0,0.008114059161760435,0.020883317707585957,30,18
2026-04,墨西哥,Android,non-Organic,AI Image,184.36666666666667,21.9,2235.0,0.008810609198491644,0.07532253378457118,8,17
2026-04,墨西哥,Android,non-Organic,AI Repair,66.03333333333333,25.366666666666667,2235.0,0.010584073181848236,0.02694072109250978,25,16
2026-04,墨西哥,Android,non-Organic,AI Replace,24.833333333333332,12.3,2235.0,0.004509529225009507,0.009371423116180815,39,28
2026-04,墨西哥,Android,non-Organic,AI Retouch,484.73333333333335,110.66666666666667,2235.0,0.04694260669591168,0.22358321345605914,2,4
2026-04,墨西哥,Android,non-Organic,AI Tattoo,66.93333333333334,14.633333333333333,2235.0,0.006446215133455941,0.030831424490486703,22,22
2026-04,墨西哥,Android,non-Organic,Acne,52.3,17.266666666666666,2235.0,0.007062344718802107,0.021937018546951015,29,19
2026-04,墨西哥,Android,non-Organic,Adjust,85.8,27.6,2235.0,0.010689889451080624,0.03364406573991552,18,15
2026-04,墨西哥,Android,non-Organic,Background,82.13333333333334,9.0,2235.0,0.003554433793904226,0.03268703872665784,20,30
2026-04,墨西哥,Android,non-Organic,Blur,41.03333333333333,17.233333333333334,2235.0,0.0064832592050327095,0.015735643338419623,32,20
2026-04,墨西哥,Android,non-Organic,Body,114.66666666666667,49.233333333333334,2235.0,0.01949174077561096,0.04747655296878687,13,10
2026-04,墨西哥,Android,non-Organic,Bokeh,25.633333333333333,6.333333333333333,2235.0,0.002345962467664748,0.009830733581288418,38,35
2026-04,墨西哥,Android,non-Organic,Brighten,36.8,14.0,2235.0,0.005435396519770152,0.0146855692003387,33,25
2026-04,墨西哥,Android,non-Organic,Concealer,59.13333333333333,17.1,2235.0,0.006470548799943245,0.02312074053214992,27,21
2026-04,墨西哥,Android,non-Organic,Contour,16.833333333333332,5.8,2235.0,0.0021865141614824763,0.006572428513126364,44,38
2026-04,墨西哥,Android,non-Organic,Crop,86.16666666666667,54.766666666666666,2235.0,0.021581180601937238,0.033418043417806485,19,9
2026-04,墨西哥,Android,non-Organic,Dark Circles,31.4,10.8,2235.0,0.00420995622606221,0.01254724905498349,35,29
2026-04,墨西哥,Android,non-Organic,Details,18.366666666666667,5.6,2235.0,0.00231147863679089,0.007537560783521112,42,36
2026-04,墨西哥,Android,non-Organic,Effects,85.7,5.066666666666666,2235.0,0.0019743302353588264,0.03572542694942522,15,41
2026-04,墨西哥,Android,non-Organic,Eraser,243.7,104.03333333333333,2235.0,0.037334384485324536,0.08901159537860728,6,5
2026-04,墨西哥,Android,non-Organic,Expression,63.766666666666666,14.366666666666667,2235.0,0.005986076425635685,0.028299620521749353,24,24
2026-04,墨西哥,Android,non-Organic,Eye Brighten,19.166666666666668,5.7,2235.0,0.002242296343694292,0.007785186495939567,41,37
2026-04,墨西哥,Android,non-Organic,Face,463.2,123.7,2235.0,0.05256824800096412,0.20867091410955466,3,2
2026-04,墨西哥,Android,non-Organic,Face Fix,64.1,10.6,2235.0,0.0046787426969063335,0.029134752136222995,23,27
2026-04,墨西哥,Android,non-Organic,Filters,420.1666666666667,74.6,2235.0,0.029359068752703176,0.18015639221266747,4,6
2026-04,墨西哥,Android,non-Organic,Glitter,54.96666666666667,8.2,2235.0,0.0031794434223345034,0.02285540734246211,28,31
2026-04,墨西哥,Android,non-Organic,Glowup,126.33333333333333,14.333333333333334,2235.0,0.006168601755770742,0.05927467372783154,12,23
2026-04,墨西哥,Android,non-Organic,Hair,881.3,159.6,2235.0,0.07037340487900069,0.4131184863305742,1,1
2026-04,墨西哥,Android,non-Organic,Magic,369.46666666666664,118.46666666666667,2235.0,0.04732800136281222,0.15507424055518854,5,3
2026-04,墨西哥,Android,non-Organic,Makeup,183.7,71.06666666666666,2235.0,0.026387843028954368,0.07049853409223578,9,7
2026-04,墨西哥,Android,non-Organic,Matte,17.5,5.666666666666667,2235.0,0.0021858619719387694,0.006912621576453156,43,39
2026-04,墨西哥,Android,non-Organic,Muscle,122.23333333333333,26.433333333333334,2235.0,0.013392384947580724,0.061358458817504576,11,13
2026-04,墨西哥,Android,non-Organic,Mykit,49.333333333333336,0.0,2235.0,0.0,0.020608540121749744,31,43
2026-04,墨西哥,Android,non-Organic,Plump,58.833333333333336,11.766666666666667,2235.0,0.004976702392344656,0.025943513937238545,26,26
2026-04,墨西哥,Android,non-Organic,Preset,84.1,6.166666666666667,2235.0,0.0023505995233293465,0.03436510829103218,16,34
2026-04,墨西哥,Android,non-Organic,Prism,20.666666666666668,7.333333333333333,2235.0,0.0027524147106770505,0.007971514091061569,40,33
2026-04,墨西哥,Android,non-Organic,Relight,206.53333333333333,66.8,2235.0,0.02570922392115752,0.08141907403065343,7,8
2026-04,墨西哥,Android,non-Organic,Reshape,146.13333333333333,37.7,2235.0,0.015267535234561867,0.06463548950481526,10,11
2026-04,墨西哥,Android,non-Organic,Resize,26.066666666666666,7.433333333333334,2235.0,0.0028543203115429356,0.010462104784032752,37,32
2026-04,墨西哥,Android,non-Organic,Skin Tone,81.93333333333334,37.733333333333334,2235.0,0.015176763696845381,0.03396337436024133,17,12
2026-04,墨西哥,Android,non-Organic,Smooth,75.63333333333334,28.7,2235.0,0.01137410577902558,0.031623640144234265,21,14
2026-04,墨西哥,Android,non-Organic,Stamp,31.866666666666667,5.6,2235.0,0.0020854831125936965,0.012379953883722828,36,40
2026-04,墨西哥,Android,non-Organic,Teeth,87.36666666666666,0.0,2235.0,0.0,0.03904752109083307,14,43
2026-04,墨西哥,Android,non-Organic,Text,33.4,3.7333333333333334,2235.0,0.001407647080215973,0.013565621612306048,34,42
2026-04,墨西哥,iOS,Organic,AI Expand,6.1,1.8333333333333333,308.9,0.0059414938699930185,0.020967864488841973,34,30
2026-04,墨西哥,iOS,Organic,AI Image,16.666666666666668,1.3,308.9,0.004377983313499162,0.055650610549951025,17,33
2026-04,墨西哥,iOS,Organic,AI Repair,11.733333333333333,4.5,308.9,0.014724561978013232,0.03847304294481643,26,20
2026-04,墨西哥,iOS,Organic,AI Replace,2.8666666666666667,0.9333333333333333,308.9,0.0030494584759072963,0.010057824696113942,43,36
2026-04,墨西哥,iOS,Organic,AI Retouch,68.63333333333334,20.833333333333332,308.9,0.067655249275722,0.21820295791117755,5,6
2026-04,墨西哥,iOS,Organic,AI Tattoo,7.666666666666667,1.3333333333333333,308.9,0.004078091161050933,0.023974177768359424,33,34
2026-04,墨西哥,iOS,Organic,Acne,27.6,19.466666666666665,308.9,0.06525639998940727,0.09205761751786062,12,7
2026-04,墨西哥,iOS,Organic,Adjust,24.3,10.466666666666667,308.9,0.033749059029147585,0.08010182264966499,14,14
2026-04,墨西哥,iOS,Organic,Background,11.233333333333333,0.5,308.9,0.0016187819106989502,0.03709813069118029,28,39
2026-04,墨西哥,iOS,Organic,Blur,10.333333333333334,5.833333333333333,308.9,0.019526288554616095,0.034345410823950755,31,18
2026-04,墨西哥,iOS,Organic,Body,35.7,22.9,308.9,0.07734251199470264,0.1196349139382103,10,5
2026-04,墨西哥,iOS,Organic,Bokeh,5.3,1.4333333333333333,308.9,0.004596347704427944,0.017550912073788484,40,32
2026-04,墨西哥,iOS,Organic,Brighten,11.466666666666667,5.8,308.9,0.01925888863860803,0.03823307398233021,27,19
2026-04,墨西哥,iOS,Organic,Concealer,13.766666666666667,4.4,308.9,0.014216661737722923,0.04660693183745014,22,21
2026-04,墨西哥,iOS,Organic,Contour,4.533333333333333,2.066666666666667,308.9,0.00688294878508624,0.014994783095786597,41,29
2026-04,墨西哥,iOS,Organic,Crop,12.233333333333333,8.066666666666666,308.9,0.026460414746448526,0.04052428887755624,25,15
2026-04,墨西哥,iOS,Organic,Dark Circles,10.333333333333334,7.366666666666666,308.9,0.02513624190351076,0.035307886078184365,29,16
2026-04,墨西哥,iOS,Organic,Details,6.166666666666667,1.7333333333333334,308.9,0.00575440713314092,0.020635232775917105,35,31
2026-04,墨西哥,iOS,Organic,Effects,18.833333333333332,0.16666666666666666,308.9,0.00047695163602678943,0.06180440733886136,16,42
2026-04,墨西哥,iOS,Organic,Eraser,28.566666666666666,15.533333333333333,308.9,0.05153729756986113,0.09638936913578161,11,11
2026-04,墨西哥,iOS,Organic,Expression,12.633333333333333,3.3333333333333335,308.9,0.011158173825823238,0.04187028978561389,24,25
2026-04,墨西哥,iOS,Organic,Eye Brighten,5.433333333333334,3.3333333333333335,308.9,0.011185150258534806,0.018206987652640175,39,24
2026-04,墨西哥,iOS,Organic,Face,88.93333333333334,37.166666666666664,308.9,0.12109852271066604,0.2872004766742788,1,1
2026-04,墨西哥,iOS,Organic,Face Fix,15.3,2.2333333333333334,308.9,0.007447091415819358,0.04877157909582387,20,27
2026-04,墨西哥,iOS,Organic,Filters,76.5,12.3,308.9,0.040308824940687486,0.24733142680161052,2,13
2026-04,墨西哥,iOS,Organic,Glitter,8.466666666666667,0.8666666666666667,308.9,0.0027911105035361827,0.02760315158842889,32,38
2026-04,墨西哥,iOS,Organic,Glowup,23.4,4.1,308.9,0.013284893741630248,0.07565717038163437,15,22
2026-04,墨西哥,iOS,Organic,Hair,71.26666666666667,13.033333333333333,308.9,0.04111878805063531,0.21882208892588556,4,12
2026-04,墨西哥,iOS,Organic,Magic,68.0,31.466666666666665,308.9,0.1039285792887509,0.22034135391666604,3,2
2026-04,墨西哥,iOS,Organic,Makeup,36.56666666666667,18.5,308.9,0.061380142119924534,0.12141159087711895,9,8
2026-04,墨西哥,iOS,Organic,Matte,5.566666666666666,2.7333333333333334,308.9,0.008855970331490413,0.018427917330721903,38,26
2026-04,墨西哥,iOS,Organic,Muscle,16.0,4.366666666666666,308.9,0.013125608777637984,0.04904396512396972,19,23
2026-04,墨西哥,iOS,Organic,Mykit,6.466666666666667,0.0,308.9,0.0,0.020604950230093455,36,43
2026-04,墨西哥,iOS,Organic,Plump,10.433333333333334,2.2,308.9,0.007110908828952361,0.034631304621435335,30,28
2026-04,墨西哥,iOS,Organic,Preset,13.0,0.8,308.9,0.0028050804141560607,0.04335881367306459,23,37
2026-04,墨西哥,iOS,Organic,Prism,2.533333333333333,0.4666666666666667,308.9,0.0015207817377085168,0.00985145212813383,44,40
2026-04,墨西哥,iOS,Organic,Relight,42.8,18.333333333333332,308.9,0.05976291681614831,0.13979459928168553,7,9
2026-04,墨西哥,iOS,Organic,Reshape,47.13333333333333,28.233333333333334,308.9,0.09480616254370235,0.15678626655797642,6,4
2026-04,墨西哥,iOS,Organic,Resize,14.066666666666666,6.066666666666666,308.9,0.02011912634170944,0.047409914251114384,21,17
2026-04,墨西哥,iOS,Organic,Skin Tone,25.8,16.966666666666665,308.9,0.056797858978824875,0.08604502138352488,13,10
2026-04,墨西哥,iOS,Organic,Smooth,38.733333333333334,29.066666666666666,308.9,0.09804313326652794,0.12963228579931707,8,3
2026-04,墨西哥,iOS,Organic,Stamp,5.733333333333333,1.1666666666666667,308.9,0.0036791176209634885,0.019197365870411945,37,35
2026-04,墨西哥,iOS,Organic,Teeth,15.466666666666667,0.0,308.9,0.0,0.05087384519252243,18,43
2026-04,墨西哥,iOS,Organic,Text,3.5,0.16666666666666666,308.9,0.0005304221395047497,0.012526335102195075,42,41
2026-04,墨西哥,iOS,non-Organic,AI Expand,2.1333333333333333,0.8,165.36666666666667,0.015616069720928273,0.043965408578839446,25,17
2026-04,墨西哥,iOS,non-Organic,AI Image,9.4,0.8666666666666667,165.36666666666667,0.008574904359703938,0.11784437835262564,6,22
2026-04,墨西哥,iOS,non-Organic,AI Repair,5.233333333333333,2.6,165.36666666666667,0.053118220436051945,0.09530755492449981,8,4
2026-04,墨西哥,iOS,non-Organic,AI Replace,0.7,0.26666666666666666,165.36666666666667,0.0029836438153157,0.015302327133673152,40,34
2026-04,墨西哥,iOS,non-Organic,AI Retouch,47.03333333333333,6.2,165.36666666666667,0.0504934264689952,0.2547452957354182,2,6
2026-04,墨西哥,iOS,non-Organic,AI Tattoo,7.2,1.5,165.36666666666667,0.004760822616380137,0.04680447125355867,21,27
2026-04,墨西哥,iOS,non-Organic,Acne,5.133333333333334,1.3666666666666667,165.36666666666667,0.01258462358177654,0.040168532669305285,29,20
2026-04,墨西哥,iOS,non-Organic,Adjust,3.8,0.7666666666666667,165.36666666666667,0.013434990986672935,0.06269414111600265,15,18
2026-04,墨西哥,iOS,non-Organic,Background,3.6,0.3,165.36666666666667,0.006724876012536953,0.04655357863198437,23,24
2026-04,墨西哥,iOS,non-Organic,Blur,0.8666666666666667,0.2,165.36666666666667,0.0019032078415691343,0.021534658182362703,36,38
2026-04,墨西哥,iOS,non-Organic,Body,8.666666666666666,3.066666666666667,165.36666666666667,0.05205902025255675,0.09397052256710015,9,5
2026-04,墨西哥,iOS,non-Organic,Bokeh,0.7333333333333333,0.23333333333333334,165.36666666666667,0.0032661349079383317,0.029155819099085392,35,32
2026-04,墨西哥,iOS,non-Organic,Brighten,1.8666666666666667,0.7,165.36666666666667,0.009192902668192737,0.029923190112232073,34,21
2026-04,墨西哥,iOS,non-Organic,Concealer,2.533333333333333,0.4666666666666667,165.36666666666667,0.004019830730688283,0.030506015442641927,33,29
2026-04,墨西哥,iOS,non-Organic,Contour,0.41379310344827586,0.20689655172413793,170.3793103448276,0.004012893178629565,0.015098464108071709,41,30
2026-04,墨西哥,iOS,non-Organic,Crop,3.1,2.3,165.36666666666667,0.025117188148785108,0.04665753712869986,22,10
2026-04,墨西哥,iOS,non-Organic,Dark Circles,1.2666666666666666,0.43333333333333335,165.36666666666667,0.003089262247047271,0.01743287120479165,38,33
2026-04,墨西哥,iOS,non-Organic,Details,0.7241379310344828,0.2413793103448276,170.3793103448276,0.0007347810000852301,0.01468987389599267,42,40
2026-04,墨西哥,iOS,non-Organic,Effects,3.8666666666666667,0.03333333333333333,165.36666666666667,0.00011337868480725623,0.04805768030637569,19,41
2026-04,墨西哥,iOS,non-Organic,Eraser,5.433333333333334,2.033333333333333,165.36666666666667,0.034092712504567184,0.06467736010833483,14,8
2026-04,墨西哥,iOS,non-Organic,Expression,5.966666666666667,0.7666666666666667,165.36666666666667,0.0059452393060328,0.042591432919981284,27,26
2026-04,墨西哥,iOS,non-Organic,Eye Brighten,0.7586206896551724,0.3103448275862069,170.3793103448276,0.0026343487065235804,0.009716409431169592,44,36
2026-04,墨西哥,iOS,non-Organic,Face,47.166666666666664,11.333333333333334,165.36666666666667,0.07736457633678834,0.24812985678505398,3,1
2026-04,墨西哥,iOS,non-Organic,Face Fix,7.166666666666667,0.8333333333333334,165.36666666666667,0.008355828696716245,0.0484167042741474,18,23
2026-04,墨西哥,iOS,non-Organic,Filters,31.066666666666666,1.9333333333333333,165.36666666666667,0.02452173582318477,0.20190841643055452,4,12
2026-04,墨西哥,iOS,non-Organic,Glitter,3.3333333333333335,0.5333333333333333,165.36666666666667,0.00462396651329879,0.031016759714751527,32,28
2026-04,墨西哥,iOS,non-Organic,Glowup,14.266666666666667,1.1666666666666667,165.36666666666667,0.016857742727094664,0.09379008541298936,10,16
2026-04,墨西哥,iOS,non-Organic,Hair,76.76666666666667,10.3,165.36666666666667,0.05517616369585125,0.34096210482825273,1,3
2026-04,墨西哥,iOS,non-Organic,Magic,22.5,5.8,165.36666666666667,0.06111563901770636,0.18392900258769387,5,2
2026-04,墨西哥,iOS,non-Organic,Makeup,5.966666666666667,1.1,165.36666666666667,0.022550734832122048,0.06478327825684732,13,14
2026-04,墨西哥,iOS,non-Organic,Matte,0.7333333333333333,0.2,165.36666666666667,0.0018152692966757163,0.010521649561264957,43,39
2026-04,墨西哥,iOS,non-Organic,Muscle,14.8,3.8,165.36666666666667,0.026012437242596505,0.09283839818532712,11,9
2026-04,墨西哥,iOS,non-Organic,Mykit,2.3666666666666667,0.0,165.36666666666667,0.0,0.04191820041256469,28,42
2026-04,墨西哥,iOS,non-Organic,Plump,5.666666666666667,0.9,165.36666666666667,0.0064312748460076995,0.04427348500558314,24,25
2026-04,墨西哥,iOS,non-Organic,Preset,4.1,0.13333333333333333,165.36666666666667,0.0019599484435261017,0.042941375689479734,26,37
2026-04,墨西哥,iOS,non-Organic,Prism,0.6,0.23333333333333334,165.36666666666667,0.003678660168137034,0.01591237656212477,39,31
2026-04,墨西哥,iOS,non-Organic,Relight,11.333333333333334,2.7,165.36666666666667,0.03515432286352864,0.10992570444889768,7,7
2026-04,墨西哥,iOS,non-Organic,Reshape,10.3,1.9,165.36666666666667,0.024866844470134195,0.08780566407324743,12,11
2026-04,墨西哥,iOS,non-Organic,Resize,1.8666666666666667,0.7666666666666667,165.36666666666667,0.012638245072280093,0.03328724091590162,30,19
2026-04,墨西哥,iOS,non-Organic,Skin Tone,5.833333333333333,2.3,165.36666666666667,0.023716590846471163,0.04769066965296781,20,13
2026-04,墨西哥,iOS,non-Organic,Smooth,5.4,1.4,165.36666666666667,0.01698734813066692,0.04931384600210284,17,15
2026-04,墨西哥,iOS,non-Organic,Stamp,1.0666666666666667,0.2,165.36666666666667,0.0028033523840762806,0.02051244814428655,37,35
2026-04,墨西哥,iOS,non-Organic,Teeth,7.866666666666666,0.0,165.36666666666667,0.0,0.05277009277253907,16,42
2026-04,墨西哥,iOS,non-Organic,Text,1.2,0.0,165.36666666666667,0.0,0.03302108405909707,31,42
2026-04,巴西,Android,Organic,AI Expand,53.6,24.6,1959.2666666666667,0.012628455668004074,0.02741022563385972,33,23
2026-04,巴西,Android,Organic,AI Image,158.33333333333334,30.266666666666666,1959.2666666666667,0.015479220197127956,0.08064761205232672,12,21
2026-04,巴西,Android,Organic,AI Repair,84.6,38.333333333333336,1959.2666666666667,0.019573318079254776,0.042965341838253415,24,19
2026-04,巴西,Android,Organic,AI Replace,33.36666666666667,15.866666666666667,1959.2666666666667,0.008155440675299473,0.017227109552760564,37,31
2026-04,巴西,Android,Organic,AI Retouch,373.6666666666667,144.3,1959.2666666666667,0.07324218797213704,0.1894457329387901,5,5
2026-04,巴西,Android,Organic,AI Tattoo,59.333333333333336,18.333333333333332,1959.2666666666667,0.009376879525923863,0.03013404261146946,31,28
2026-04,巴西,Android,Organic,Acne,128.8,94.6,1959.2666666666667,0.04797866245237335,0.06542727602144427,15,13
2026-04,巴西,Android,Organic,Adjust,194.46666666666667,107.03333333333333,1959.2666666666667,0.054520780105416965,0.09901863176747575,10,12
2026-04,巴西,Android,Organic,Background,96.23333333333333,11.233333333333333,1959.2666666666667,0.0057542156339193285,0.04866514679754806,17,33
2026-04,巴西,Android,Organic,Blur,93.3,61.13333333333333,1959.2666666666667,0.031145741242898043,0.047400681220690105,18,15
2026-04,巴西,Android,Organic,Body,141.83333333333334,83.03333333333333,1959.2666666666667,0.04187829513560404,0.07156884984509738,14,14
2026-04,巴西,Android,Organic,Bokeh,38.9,12.666666666666666,1959.2666666666667,0.0064669420091025874,0.01970968450853713,36,32
2026-04,巴西,Android,Organic,Brighten,60.1,28.866666666666667,1959.2666666666667,0.014620472704561231,0.030321978139362455,30,22
2026-04,巴西,Android,Organic,Concealer,86.66666666666667,37.46666666666667,1959.2666666666667,0.018975173278973814,0.04396661863804188,23,20
2026-04,巴西,Android,Organic,Contour,24.8,11.266666666666667,1959.2666666666667,0.005730003740484121,0.012548787232091279,41,34
2026-04,巴西,Android,Organic,Crop,148.5,115.8,1959.2666666666667,0.05922739500101548,0.07590521418873676,13,9
2026-04,巴西,Android,Organic,Dark Circles,58.833333333333336,39.733333333333334,1959.2666666666667,0.020044015616495003,0.029710262879296883,32,18
2026-04,巴西,Android,Organic,Details,23.766666666666666,8.633333333333333,1959.2666666666667,0.004416374913800714,0.011994003279168922,43,37
2026-04,巴西,Android,Organic,Effects,113.4,6.166666666666667,1959.2666666666667,0.0030998727429038587,0.057369805988977,16,40
2026-04,巴西,Android,Organic,Eraser,218.06666666666666,114.96666666666667,1959.2666666666667,0.05828321445707956,0.11014831658240058,9,10
2026-04,巴西,Android,Organic,Expression,63.5,16.633333333333333,1959.2666666666667,0.00847355289277694,0.032263346305852356,29,30
2026-04,巴西,Android,Organic,Eye Brighten,30.866666666666667,18.766666666666666,1959.2666666666667,0.009561559238797661,0.01568684055699874,38,26
2026-04,巴西,Android,Organic,Face,399.93333333333334,172.2,1959.2666666666667,0.08715783563979233,0.20265286366963398,3,2
2026-04,巴西,Android,Organic,Face Fix,74.8,17.966666666666665,1959.2666666666667,0.009113379263352085,0.037924644553392964,26,29
2026-04,巴西,Android,Organic,Filters,459.23333333333335,169.23333333333332,1959.2666666666667,0.08561176435899817,0.23242132104400645,1,3
2026-04,巴西,Android,Organic,Glitter,39.8,7.366666666666666,1959.2666666666667,0.003719081608885543,0.020076839843077274,35,39
2026-04,巴西,Android,Organic,Glowup,91.8,18.9,1959.2666666666667,0.009535695129742875,0.04657710476270336,20,27
2026-04,巴西,Android,Organic,Hair,386.46666666666664,122.06666666666666,1959.2666666666667,0.06155144271647053,0.1956665762674494,4,8
2026-04,巴西,Android,Organic,Magic,400.3333333333333,209.23333333333332,1959.2666666666667,0.1060944997253349,0.20279544569328667,2,1
2026-04,巴西,Android,Organic,Makeup,255.76666666666668,139.53333333333333,1959.2666666666667,0.07099833025241235,0.12991176048339312,6,6
2026-04,巴西,Android,Organic,Matte,24.0,10.666666666666666,1959.2666666666667,0.005428520416436841,0.012137580268658625,42,35
2026-04,巴西,Android,Organic,Muscle,73.6,24.6,1959.2666666666667,0.012554674674531967,0.037307449354631275,27,24
2026-04,巴西,Android,Organic,Mykit,48.06666666666667,0.0,1959.2666666666667,0.0,0.02435891967480979,34,43
2026-04,巴西,Android,Organic,Plump,65.43333333333334,21.733333333333334,1959.2666666666667,0.011138071700421947,0.03324996137537903,28,25
2026-04,巴西,Android,Organic,Preset,90.1,8.0,1959.2666666666667,0.004092768289191695,0.04544561367350542,21,38
2026-04,巴西,Android,Organic,Prism,23.366666666666667,8.733333333333333,1959.2666666666667,0.004480155939656453,0.011929637392841596,44,36
2026-04,巴西,Android,Organic,Relight,249.83333333333334,112.4,1959.2666666666667,0.05694292908257817,0.1267039578042358,7,11
2026-04,巴西,Android,Organic,Reshape,238.2,166.23333333333332,1959.2666666666667,0.08420573372369997,0.12043174974756769,8,4
2026-04,巴西,Android,Organic,Resize,76.23333333333333,39.93333333333333,1959.2666666666667,0.02020465482146749,0.03859586227367939,25,17
2026-04,巴西,Android,Organic,Skin Tone,92.76666666666667,56.2,1959.2666666666667,0.028471994367063585,0.04711548791715898,19,16
2026-04,巴西,Android,Organic,Smooth,165.63333333333333,121.7,1959.2666666666667,0.06165901427013022,0.0838789617231822,11,7
2026-04,巴西,Android,Organic,Stamp,26.9,5.433333333333334,1959.2666666666667,0.002788230641244337,0.013643643605082809,40,41
2026-04,巴西,Android,Organic,Teeth,89.2,0.0,1959.2666666666667,0.0,0.04495551066124696,22,43
2026-04,巴西,Android,Organic,Text,28.833333333333332,3.7333333333333334,1959.2666666666667,0.0019104702524038756,0.01466296994357363,39,42
2026-04,巴西,Android,non-Organic,AI Expand,223.26666666666668,93.06666666666666,8336.866666666667,0.010512515608785243,0.025331782929732517,31,25
2026-04,巴西,Android,non-Organic,AI Image,1117.5666666666666,254.2,8336.866666666667,0.027639567817509956,0.12506474271793652,7,13
2026-04,巴西,Android,non-Organic,AI Repair,291.46666666666664,112.26666666666667,8336.866666666667,0.013489335799907869,0.03499118221397075,26,20
2026-04,巴西,Android,non-Organic,AI Replace,129.96666666666667,62.666666666666664,8336.866666666667,0.006923829674510246,0.014683025380498408,37,30
2026-04,巴西,Android,non-Organic,AI Retouch,2073.4333333333334,671.3333333333334,8336.866666666667,0.07905576986049306,0.25029470494132194,2,2
2026-04,巴西,Android,non-Organic,AI Tattoo,490.0,174.46666666666667,8336.866666666667,0.019186298407575665,0.05603163772046194,15,17
2026-04,巴西,Android,non-Organic,Acne,290.7,154.06666666666666,8336.866666666667,0.01880171832556937,0.03511697828799869,25,18
2026-04,巴西,Android,non-Organic,Adjust,467.46666666666664,202.56666666666666,8336.866666666667,0.02430516740494397,0.05584558633341764,16,14
2026-04,巴西,Android,non-Organic,Background,425.4,55.733333333333334,8336.866666666667,0.006316353651379539,0.05001809514551382,18,31
2026-04,巴西,Android,non-Organic,Blur,210.36666666666667,99.8,8336.866666666667,0.012109592452423228,0.025301484380911673,32,21
2026-04,巴西,Android,non-Organic,Body,580.6333333333333,283.76666666666665,8336.866666666667,0.03372883152201046,0.06882510610665578,11,10
2026-04,巴西,Android,non-Organic,Bokeh,111.6,28.166666666666668,8336.866666666667,0.00324709684904901,0.013097739007229048,40,40
2026-04,巴西,Android,non-Organic,Brighten,237.33333333333334,101.03333333333333,8336.866666666667,0.011812523307304123,0.027685119756503587,30,22
2026-04,巴西,Android,non-Organic,Concealer,378.56666666666666,155.53333333333333,8336.866666666667,0.01818266740266206,0.04401117316259295,21,19
2026-04,巴西,Android,non-Organic,Contour,101.1,43.63333333333333,8336.866666666667,0.0050747748982979315,0.011848490914852468,41,33
2026-04,巴西,Android,non-Organic,Crop,402.9,281.73333333333335,8336.866666666667,0.03373100580288622,0.0479505639192006,20,9
2026-04,巴西,Android,non-Organic,Dark Circles,200.7,93.43333333333334,8336.866666666667,0.011236235002273942,0.023864787537480506,34,23
2026-04,巴西,Android,non-Organic,Details,85.33333333333333,28.066666666666666,8336.866666666667,0.0032972187903604244,0.0100346517860859,43,39
2026-04,巴西,Android,non-Organic,Effects,504.0,39.93333333333333,8336.866666666667,0.004463465503165716,0.059010066713525135,13,36
2026-04,巴西,Android,non-Organic,Eraser,788.7,336.93333333333334,8336.866666666667,0.04065921553271403,0.09373574649621576,9,8
2026-04,巴西,Android,non-Organic,Expression,265.8666666666667,71.5,8336.866666666667,0.008369172220078646,0.031949899869539895,27,28
2026-04,巴西,Android,non-Organic,Eye Brighten,115.56666666666666,49.6,8336.866666666667,0.005878483321672455,0.013625346163905452,39,32
2026-04,巴西,Android,non-Organic,Face,1799.7666666666667,636.7666666666667,8336.866666666667,0.07603056696545271,0.2175526524742716,4,4
2026-04,巴西,Android,non-Organic,Face Fix,315.8666666666667,82.73333333333333,8336.866666666667,0.00993139817764303,0.0382792880914038,24,27
2026-04,巴西,Android,non-Organic,Filters,1937.5333333333333,567.3666666666667,8336.866666666667,0.06685266045824229,0.22928837838908264,3,5
2026-04,巴西,Android,non-Organic,Glitter,210.0,43.6,8336.866666666667,0.004979944832956746,0.024616708770189778,33,34
2026-04,巴西,Android,non-Organic,Glowup,471.9,90.53333333333333,8336.866666666667,0.010678232387095928,0.057235814480697776,14,24
2026-04,巴西,Android,non-Organic,Hair,3205.766666666667,849.2333333333333,8336.866666666667,0.10180175177875819,0.3932606538275364,1,1
2026-04,巴西,Android,non-Organic,Magic,1593.2666666666667,665.0,8336.866666666667,0.07821506851682301,0.18887636632422983,5,3
2026-04,巴西,Android,non-Organic,Makeup,1048.8,469.73333333333335,8336.866666666667,0.05363552705860832,0.12034604276669487,8,7
2026-04,巴西,Android,non-Organic,Matte,88.16666666666667,30.7,8336.866666666667,0.0035626000244731717,0.010239576804441897,42,38
2026-04,巴西,Android,non-Organic,Muscle,546.6333333333333,173.9,8336.866666666667,0.02094703035726797,0.06657744699336013,12,16
2026-04,巴西,Android,non-Organic,Mykit,249.7,0.0,8336.866666666667,0.0,0.028845447187076854,28,43
2026-04,巴西,Android,non-Organic,Plump,233.4,86.23333333333333,8336.866666666667,0.010227405343711016,0.02788739275300782,29,26
2026-04,巴西,Android,non-Organic,Preset,417.4,40.9,8336.866666666667,0.004671460600794723,0.04883265522835565,19,35
2026-04,巴西,Android,non-Organic,Prism,84.06666666666666,31.4,8336.866666666667,0.003675572891168423,0.009871505597167646,44,37
2026-04,巴西,Android,non-Organic,Relight,1213.1,521.5333333333333,8336.866666666667,0.06082718656375199,0.14150540532893993,6,6
2026-04,巴西,Android,non-Organic,Reshape,597.1666666666666,263.6333333333333,8336.866666666667,0.03224347526901067,0.07280649906503016,10,11
2026-04,巴西,Android,non-Organic,Resize,150.7,59.7,8336.866666666667,0.007267407449853971,0.018196811468745824,35,29
2026-04,巴西,Android,non-Organic,Skin Tone,370.0,186.8,8336.866666666667,0.02215861512420196,0.04383580897117265,22,15
2026-04,巴西,Android,non-Organic,Smooth,459.0,247.1,8336.866666666667,0.029829177000618653,0.05487938182210113,17,12
2026-04,巴西,Android,non-Organic,Stamp,121.73333333333333,20.266666666666666,8336.866666666667,0.0022818222630619192,0.013898119446339995,38,41
2026-04,巴西,Android,non-Organic,Teeth,342.6,0.0,8336.866666666667,0.0,0.04080237710018543,23,43
2026-04,巴西,Android,non-Organic,Text,155.83333333333334,17.033333333333335,8336.866666666667,0.0019240887169546977,0.017964115331547223,36,42
2026-04,巴西,iOS,Organic,AI Expand,98.7,41.4,4623.966666666666,0.008994429199320957,0.02130397586924349,35,26
2026-04,巴西,iOS,Organic,AI Image,245.96666666666667,32.333333333333336,4623.966666666666,0.00702903257586381,0.05307145491912445,22,29
2026-04,巴西,iOS,Organic,AI Repair,195.73333333333332,71.53333333333333,4623.966666666666,0.015488935655078594,0.04209959668435607,27,22
2026-04,巴西,iOS,Organic,AI Replace,57.03333333333333,21.233333333333334,4623.966666666666,0.004598879871570851,0.012349121238263924,41,35
2026-04,巴西,iOS,Organic,AI Retouch,958.4666666666667,361.6666666666667,4623.966666666666,0.07794719514645744,0.20585215017807218,5,6
2026-04,巴西,iOS,Organic,AI Tattoo,110.03333333333333,25.233333333333334,4623.966666666666,0.005557598399680594,0.023802086600073897,33,33
2026-04,巴西,iOS,Organic,Acne,646.9,509.23333333333335,4623.966666666666,0.11020749213064572,0.13968646691422115,9,5
2026-04,巴西,iOS,Organic,Adjust,533.1,246.1,4623.966666666666,0.05316859217616129,0.11481135691263238,12,12
2026-04,巴西,iOS,Organic,Background,219.33333333333334,16.5,4623.966666666666,0.00371038979377698,0.04734793897173491,26,36
2026-04,巴西,iOS,Organic,Blur,285.56666666666666,194.46666666666667,4623.966666666666,0.042151362868630256,0.061631990649742695,19,15
2026-04,巴西,iOS,Organic,Body,497.2,328.3333333333333,4623.966666666666,0.070186725550291,0.10632724620270734,13,8
2026-04,巴西,iOS,Organic,Bokeh,103.53333333333333,31.4,4623.966666666666,0.006868455707804132,0.022430473532475577,34,31
2026-04,巴西,iOS,Organic,Brighten,187.86666666666667,101.23333333333333,4623.966666666666,0.021951574467100984,0.04057341399210599,28,20
2026-04,巴西,iOS,Organic,Concealer,279.6333333333333,130.83333333333334,4623.966666666666,0.02818458744947233,0.060094552797978956,20,19
2026-04,巴西,iOS,Organic,Contour,78.33333333333333,40.0,4623.966666666666,0.008603638823857934,0.016849697750640144,38,27
2026-04,巴西,iOS,Organic,Crop,293.5,213.66666666666666,4623.966666666666,0.04637410612805982,0.06364219633624547,17,13
2026-04,巴西,iOS,Organic,Dark Circles,240.03333333333333,196.43333333333334,4623.966666666666,0.04240899237006373,0.05186644878897633,23,14
2026-04,巴西,iOS,Organic,Details,74.36666666666666,23.7,4623.966666666666,0.005095640154674218,0.015953340026610762,39,34
2026-04,巴西,iOS,Organic,Effects,287.0,3.6666666666666665,4623.966666666666,0.0007903168197290531,0.061728355384688245,18,42
2026-04,巴西,iOS,Organic,Eraser,569.4666666666667,314.9,4623.966666666666,0.06743158953060484,0.12265118578724869,11,10
2026-04,巴西,iOS,Organic,Expression,163.56666666666666,31.866666666666667,4623.966666666666,0.006767088539136985,0.034999654945481434,30,32
2026-04,巴西,iOS,Organic,Eye Brighten,110.9,79.63333333333334,4623.966666666666,0.017278689942866757,0.02400479329728923,32,21
2026-04,巴西,iOS,Organic,Face,1315.6333333333334,521.6666666666666,4623.966666666666,0.1118376038603692,0.2818956550114838,1,4
2026-04,巴西,iOS,Organic,Face Fix,234.06666666666666,43.666666666666664,4623.966666666666,0.009252881759973032,0.04999312920682513,25,25
2026-04,巴西,iOS,Organic,Filters,1309.6,276.43333333333334,4623.966666666666,0.05880077624691446,0.2810335689436592,2,11
2026-04,巴西,iOS,Organic,Glitter,84.36666666666666,11.7,4623.966666666666,0.002512173863369835,0.018127661836864168,37,39
2026-04,巴西,iOS,Organic,Glowup,277.8333333333333,64.23333333333333,4623.966666666666,0.013759536926984941,0.05938393765587935,21,24
2026-04,巴西,iOS,Organic,Hair,626.9333333333333,170.86666666666667,4623.966666666666,0.03665604258389323,0.13472030992563522,10,17
2026-04,巴西,iOS,Organic,Magic,1263.2666666666667,728.9666666666667,4623.966666666666,0.1572180945819896,0.27168163270581647,3,2
2026-04,巴西,iOS,Organic,Makeup,686.1,349.93333333333334,4623.966666666666,0.07504039061386449,0.14727158890521927,8,7
2026-04,巴西,iOS,Organic,Matte,70.9,32.233333333333334,4623.966666666666,0.006982122051889148,0.015275450615873064,40,30
2026-04,巴西,iOS,Organic,Muscle,141.56666666666666,39.666666666666664,4623.966666666666,0.008530038348646372,0.030376345289127867,31,28
2026-04,巴西,iOS,Organic,Mykit,85.06666666666666,0.0,4623.966666666666,0.0,0.018436070134897134,36,43
2026-04,巴西,iOS,Organic,Plump,235.03333333333333,71.3,4623.966666666666,0.015238573968765812,0.050217144963962915,24,23
2026-04,巴西,iOS,Organic,Preset,180.7,15.733333333333333,4623.966666666666,0.0034044018323136963,0.03876722706653613,29,37
2026-04,巴西,iOS,Organic,Prism,47.333333333333336,15.7,4623.966666666666,0.003372894389467363,0.010222530797760426,43,38
2026-04,巴西,iOS,Organic,Relight,758.4333333333333,326.3666666666667,4623.966666666666,0.07003693585283091,0.16340525844949977,7,9
2026-04,巴西,iOS,Organic,Reshape,1049.9333333333334,821.5666666666667,4623.966666666666,0.17603817933210222,0.22473541869514238,4,1
2026-04,巴西,iOS,Organic,Resize,305.2,158.5,4623.966666666666,0.03377557860678097,0.06487930361672577,16,18
2026-04,巴西,iOS,Organic,Skin Tone,308.26666666666665,186.33333333333334,4623.966666666666,0.039995508476315694,0.06620572346381189,15,16
2026-04,巴西,iOS,Organic,Smooth,823.9,660.3,4623.966666666666,0.1415624319237963,0.17670117819241515,6,3
2026-04,巴西,iOS,Organic,Stamp,50.0,10.2,4623.966666666666,0.0022375309841223563,0.010959924151243838,42,40
2026-04,巴西,iOS,Organic,Teeth,357.56666666666666,0.0,4623.966666666666,0.0,0.0758271077038433,14,43
2026-04,巴西,iOS,Organic,Text,45.63333333333333,4.033333333333333,4623.966666666666,0.0009008804522225028,0.009948296008787523,44,41
2026-04,巴西,iOS,non-Organic,AI Expand,21.133333333333333,7.533333333333333,735.6,0.008618323142624482,0.02615958314228766,27,24
2026-04,巴西,iOS,non-Organic,AI Image,123.56666666666666,32.1,735.6,0.04287386542029625,0.15418627906812798,7,6
2026-04,巴西,iOS,non-Organic,AI Repair,25.433333333333334,9.233333333333333,735.6,0.01476260318097476,0.041194157977332654,18,17
2026-04,巴西,iOS,non-Organic,AI Replace,9.6,4.433333333333334,735.6,0.006445401201039343,0.014551731673983598,36,28
2026-04,巴西,iOS,non-Organic,AI Retouch,158.8,47.9,735.6,0.06551772450914223,0.2285338539689767,3,5
2026-04,巴西,iOS,non-Organic,AI Tattoo,57.6,24.633333333333333,735.6,0.024285260359133472,0.06432963404199547,13,12
2026-04,巴西,iOS,non-Organic,Acne,16.333333333333332,7.033333333333333,735.6,0.011716309514686486,0.026479283750671694,25,19
2026-04,巴西,iOS,non-Organic,Adjust,40.766666666666666,12.333333333333334,735.6,0.016266139333602492,0.051838528852315026,16,16
2026-04,巴西,iOS,non-Organic,Background,38.333333333333336,4.266666666666667,735.6,0.005542334463651127,0.04814367003853137,17,29
2026-04,巴西,iOS,non-Organic,Blur,14.733333333333333,5.533333333333333,735.6,0.009827229895784769,0.020407054594176657,30,22
2026-04,巴西,iOS,non-Organic,Body,50.6,24.9,735.6,0.03438428078718227,0.06983831332106076,10,9
2026-04,巴西,iOS,non-Organic,Bokeh,8.5,1.6333333333333333,735.6,0.0015436027824302263,0.01274816718707178,39,41
2026-04,巴西,iOS,non-Organic,Brighten,12.5,5.533333333333333,735.6,0.007245100505517758,0.017556220354124536,33,26
2026-04,巴西,iOS,non-Organic,Concealer,16.033333333333335,6.133333333333334,735.6,0.0070818276916913715,0.020310177211820112,31,27
2026-04,巴西,iOS,non-Organic,Contour,4.233333333333333,2.1666666666666665,735.6,0.0030040813501778616,0.007616584737946597,41,34
2026-04,巴西,iOS,non-Organic,Crop,21.066666666666666,13.2,735.6,0.018497302428137064,0.028654012073079917,24,14
2026-04,巴西,iOS,non-Organic,Dark Circles,8.2,4.733333333333333,735.6,0.008870331635322666,0.013244446839329696,37,23
2026-04,巴西,iOS,non-Organic,Details,3.8,1.5333333333333334,735.6,0.0026681716186290412,0.006838135705788627,43,35
2026-04,巴西,iOS,non-Organic,Effects,60.166666666666664,1.6,735.6,0.002319189469048635,0.06827783576892453,11,37
2026-04,巴西,iOS,non-Organic,Eraser,57.5,23.966666666666665,735.6,0.03489621941922805,0.08024028283481273,9,8
2026-04,巴西,iOS,non-Organic,Expression,20.333333333333332,4.8,735.6,0.0053102676682537184,0.03066695284639179,23,30
2026-04,巴西,iOS,non-Organic,Eye Brighten,4.933333333333334,2.2333333333333334,735.6,0.00352228747031183,0.007959701311724795,40,33
2026-04,巴西,iOS,non-Organic,Face,138.66666666666666,52.1,735.6,0.07467715456606411,0.2027018527562561,4,2
2026-04,巴西,iOS,non-Organic,Face Fix,24.5,5.9,735.6,0.010266663378732669,0.03734835692367399,21,21
2026-04,巴西,iOS,non-Organic,Filters,239.53333333333333,32.5,735.6,0.04259118726218446,0.28144544890008827,2,7
2026-04,巴西,iOS,non-Organic,Glitter,14.533333333333333,3.1333333333333333,735.6,0.004551342774007964,0.01902429769944081,32,32
2026-04,巴西,iOS,non-Organic,Glowup,41.9,7.6,735.6,0.012162015286961508,0.06317858814569512,14,18
2026-04,巴西,iOS,non-Organic,Hair,223.06666666666666,59.766666666666666,735.6,0.08636579707581753,0.3219461702310294,1,1
2026-04,巴西,iOS,non-Organic,Magic,133.06666666666666,49.53333333333333,735.6,0.07192853287399739,0.18245613235268499,5,3
2026-04,巴西,iOS,non-Organic,Makeup,66.8,23.466666666666665,735.6,0.030761854123831867,0.08117270342107344,8,10
2026-04,巴西,iOS,non-Organic,Matte,3.566666666666667,1.4333333333333333,735.6,0.002403724978661682,0.006097143203803668,44,36
2026-04,巴西,iOS,non-Organic,Muscle,44.36666666666667,13.666666666666666,735.6,0.017448675740815427,0.06069065276125847,15,15
2026-04,巴西,iOS,non-Organic,Mykit,21.9,0.0,735.6,0.0,0.025045783234638904,28,43
2026-04,巴西,iOS,non-Organic,Plump,16.9,6.2,735.6,0.008399018880952232,0.024270149489862138,29,25
2026-04,巴西,iOS,non-Organic,Preset,35.4,1.5,735.6,0.0018094289270655795,0.038846681752160266,19,39
2026-04,巴西,iOS,non-Organic,Prism,6.2,2.0,735.6,0.0019020435757645072,0.007519029157696719,42,38
2026-04,巴西,iOS,non-Organic,Relight,141.63333333333333,58.86666666666667,735.6,0.0699077916709141,0.16525872797167696,6,4
2026-04,巴西,iOS,non-Organic,Reshape,38.93333333333333,13.8,735.6,0.028739780288888173,0.06756993221230706,12,11
2026-04,巴西,iOS,non-Organic,Resize,7.933333333333334,3.1,735.6,0.004891167787164707,0.012907273626296003,38,31
2026-04,巴西,iOS,non-Organic,Skin Tone,17.266666666666666,8.033333333333333,735.6,0.011421133487855376,0.02629976302335841,26,20
2026-04,巴西,iOS,non-Organic,Smooth,25.766666666666666,12.466666666666667,735.6,0.020903177541765412,0.03883160063448501,20,13
2026-04,巴西,iOS,non-Organic,Stamp,12.3,1.8666666666666667,735.6,0.001773902272062871,0.01493300294532096,34,40
2026-04,巴西,iOS,non-Organic,Teeth,25.266666666666666,0.0,735.6,0.0,0.03624220469644051,22,43
2026-04,巴西,iOS,non-Organic,Text,11.033333333333333,0.43333333333333335,735.6,0.0004197489938813824,0.014693591031032852,35,42
2026-04,整体,Android,Organic,AI Expand,269.5,105.26666666666667,6607.5,0.01593754110679382,0.04079234120368651,31,24
2026-04,整体,Android,Organic,AI Image,730.8666666666667,106.9,6607.5,0.01608508685541631,0.11051694480418296,11,23
2026-04,整体,Android,Organic,AI Repair,440.73333333333335,197.33333333333334,6607.5,0.029985153738773588,0.06692494908232303,20,18
2026-04,整体,Android,Organic,AI Replace,204.26666666666668,88.93333333333334,6607.5,0.013444042090677493,0.030974891855370355,37,27
2026-04,整体,Android,Organic,AI Retouch,1425.3666666666666,562.6,6607.5,0.08492413574686847,0.21520172588836803,4,4
2026-04,整体,Android,Organic,AI Tattoo,197.86666666666667,49.233333333333334,6607.5,0.007416236883220064,0.02988277399999668,38,38
2026-04,整体,Android,Organic,Acne,463.56666666666666,303.7,6607.5,0.04597204444488601,0.07019046317960746,18,13
2026-04,整体,Android,Organic,Adjust,736.0333333333333,372.6333333333333,6607.5,0.05655082364670559,0.11158235093115554,10,10
2026-04,整体,Android,Organic,Background,544.7,67.5,6607.5,0.010182061525908647,0.08243087158259034,15,32
2026-04,整体,Android,Organic,Blur,465.56666666666666,220.13333333333333,6607.5,0.03336108096652405,0.07068848630627769,17,16
2026-04,整体,Android,Organic,Body,432.2,233.5,6607.5,0.035307626889105645,0.06539636533432626,21,15
2026-04,整体,Android,Organic,Bokeh,380.6666666666667,212.9,6607.5,0.03234811970385521,0.0577882646566767,23,17
2026-04,整体,Android,Organic,Brighten,290.23333333333335,150.13333333333333,6607.5,0.022609305533518958,0.043793501831508715,28,20
2026-04,整体,Android,Organic,Concealer,343.0,151.5,6607.5,0.022834575021204014,0.05177519292705328,26,19
2026-04,整体,Android,Organic,Contour,137.53333333333333,61.1,6607.5,0.009251968580897241,0.020818882184607996,42,33
2026-04,整体,Android,Organic,Crop,475.76666666666665,345.5,6607.5,0.05233657340646245,0.07198682850076339,16,12
2026-04,整体,Android,Organic,Dark Circles,218.36666666666667,140.26666666666668,6607.5,0.021216332266532724,0.03302200271592957,36,21
2026-04,整体,Android,Organic,Details,134.6,55.9,6607.5,0.008455321514031817,0.020309631567021116,43,35
2026-04,整体,Android,Organic,Effects,570.0,27.433333333333334,6607.5,0.004136408658668498,0.08633329330332012,14,41
2026-04,整体,Android,Organic,Eraser,823.0666666666667,375.3333333333333,6607.5,0.056698837759548655,0.12426996428709113,8,9
2026-04,整体,Android,Organic,Expression,275.3333333333333,73.1,6607.5,0.011088539796507176,0.041714716093316964,30,30
2026-04,整体,Android,Organic,Eye Brighten,158.0,97.43333333333334,6607.5,0.014763694809346497,0.023866347291253063,40,26
2026-04,整体,Android,Organic,Face,1585.9,639.6,6607.5,0.09651890297534178,0.23952585130730047,3,2
2026-04,整体,Android,Organic,Face Fix,364.26666666666665,88.23333333333333,6607.5,0.013338995436123763,0.05512865488613252,24,28
2026-04,整体,Android,Organic,Filters,1884.8,565.9,6607.5,0.08572756744214745,0.2853305013617663,1,3
2026-04,整体,Android,Organic,Glitter,289.4,41.266666666666666,6607.5,0.0061800385998033,0.04378029035816067,29,39
2026-04,整体,Android,Organic,Glowup,416.1333333333333,111.0,6607.5,0.01673236172689527,0.06296296692212125,22,22
2026-04,整体,Android,Organic,Hair,1380.6333333333334,389.96666666666664,6607.5,0.05898503196585271,0.20908839948602834,5,8
2026-04,整体,Android,Organic,Magic,1638.4666666666667,778.0666666666667,6607.5,0.11748621671574845,0.24744536991106844,2,1
2026-04,整体,Android,Organic,Makeup,916.6,421.93333333333334,6607.5,0.06366617917474653,0.13825825671375216,7,6
2026-04,整体,Android,Organic,Matte,124.16666666666667,53.63333333333333,6607.5,0.0081067861519841,0.01875969734982528,44,36
2026-04,整体,Android,Organic,Muscle,243.0,71.0,6607.5,0.01074880347403884,0.03679676990524862,35,31
2026-04,整体,Android,Organic,Mykit,360.03333333333336,0.0,6607.5,0.0,0.054479034774939074,25,43
2026-04,整体,Android,Organic,Plump,264.8,84.2,6607.5,0.012762033184255525,0.04004332790233405,32,29
2026-04,整体,Android,Organic,Preset,573.0,57.5,6607.5,0.00870035140286644,0.08680047156216122,13,34
2026-04,整体,Android,Organic,Prism,137.96666666666667,52.43333333333333,6607.5,0.007943180783818851,0.020888387580082577,41,37
2026-04,整体,Android,Organic,Relight,916.9,407.46666666666664,6607.5,0.06156704628760696,0.13843767291951925,6,7
2026-04,整体,Android,Organic,Reshape,667.1,362.1,6607.5,0.05476481974473894,0.10092103126289163,12,11
2026-04,整体,Android,Organic,Resize,246.03333333333333,103.56666666666666,6607.5,0.01561398036589694,0.03720342428550302,34,25
2026-04,整体,Android,Organic,Skin Tone,460.6,290.93333333333334,6607.5,0.044016727857222646,0.06967622281754456,19,14
2026-04,整体,Android,Organic,Smooth,760.6666666666666,550.6333333333333,6607.5,0.08330626083801872,0.11510025698857711,9,5
2026-04,整体,Android,Organic,Stamp,159.73333333333332,30.366666666666667,6607.5,0.0046011480312586756,0.024128978853537635,39,40
2026-04,整体,Android,Organic,Teeth,320.26666666666665,0.0,6607.5,0.0,0.048243560370077675,27,43
2026-04,整体,Android,Organic,Text,245.86666666666667,21.733333333333334,6607.5,0.0032912694662797664,0.03727565895815659,33,42
2026-04,整体,Android,non-Organic,AI Expand,382.3333333333333,152.83333333333334,13076.1,0.011018182499919992,0.02763911599444219,30,23
2026-04,整体,Android,non-Organic,AI Image,1651.7333333333333,321.0,13076.1,0.022259447642190358,0.11879846658169922,8,13
2026-04,整体,Android,non-Organic,AI Repair,532.6333333333333,216.96666666666667,13076.1,0.016775274973237112,0.04085117944366014,24,19
2026-04,整体,Android,non-Organic,AI Replace,225.53333333333333,109.36666666666666,13076.1,0.007620929404336016,0.016145653502193394,37,29
2026-04,整体,Android,non-Organic,AI Retouch,3117.4666666666667,985.5333333333333,13076.1,0.07386824708618152,0.2404860532200235,2,4
2026-04,整体,Android,non-Organic,AI Tattoo,637.6333333333333,206.8,13076.1,0.014686936561997476,0.047179696717756035,19,20
2026-04,整体,Android,non-Organic,Acne,454.8333333333333,226.86666666666667,13076.1,0.017466690330071786,0.034758019799671566,26,17
2026-04,整体,Android,non-Organic,Adjust,721.8,287.3666666666667,13076.1,0.0217386712080756,0.05431701333869949,16,15
2026-04,整体,Android,non-Organic,Background,692.5666666666667,93.86666666666666,13076.1,0.006800552067949564,0.05172649242344807,18,31
2026-04,整体,Android,non-Organic,Blur,329.9,147.8,13076.1,0.011212847153822253,0.024903235076161313,33,22
2026-04,整体,Android,non-Organic,Body,853.0,407.8,13076.1,0.03070108033739107,0.06433152068819456,11,10
2026-04,整体,Android,non-Organic,Bokeh,194.73333333333332,54.13333333333333,13076.1,0.003918947542239221,0.01439524602477248,38,38
2026-04,整体,Android,non-Organic,Brighten,370.7,159.7,13076.1,0.01186603312716202,0.02752063201463982,31,21
2026-04,整体,Android,non-Organic,Concealer,591.0666666666667,239.76666666666668,13076.1,0.017853445123810884,0.04374118370477176,22,16
2026-04,整体,Android,non-Organic,Contour,173.46666666666667,71.93333333333334,13076.1,0.005308991934840262,0.012878607975305384,41,33
2026-04,整体,Android,non-Organic,Crop,623.0666666666667,417.0,13076.1,0.03143143061469363,0.046523152377447884,20,9
2026-04,整体,Android,non-Organic,Dark Circles,300.2,137.1,13076.1,0.010406437555509067,0.02253809125289193,34,25
2026-04,整体,Android,non-Organic,Details,150.36666666666667,49.266666666666666,13076.1,0.0036818045197906874,0.011224004893235084,42,40
2026-04,整体,Android,non-Organic,Effects,766.1333333333333,57.666666666666664,13076.1,0.004105411862188047,0.05738257516299993,13,36
2026-04,整体,Android,non-Organic,Eraser,1432.7,609.4333333333333,13076.1,0.04520457006880667,0.10527796375982917,9,8
2026-04,整体,Android,non-Organic,Expression,427.8,112.03333333333333,13076.1,0.008334903312857044,0.03272643104325159,27,28
2026-04,整体,Android,non-Organic,Eye Brighten,182.2,79.06666666666666,13076.1,0.005935935487389246,0.013612870858965318,40,32
2026-04,整体,Android,non-Organic,Face,2893.8,1008.8666666666667,13076.1,0.07646649165413494,0.22272489195714593,3,2
2026-04,整体,Android,non-Organic,Face Fix,520.7,134.36666666666667,13076.1,0.010253031040067532,0.04016456699298248,25,26
2026-04,整体,Android,non-Organic,Filters,2944.366666666667,777.6,13076.1,0.05829171848292733,0.22251093934691796,4,5
2026-04,整体,Android,non-Organic,Glitter,362.96666666666664,68.36666666666666,13076.1,0.004940635544385415,0.027058040715742717,32,35
2026-04,整体,Android,non-Organic,Glowup,732.9666666666667,144.03333333333333,13076.1,0.010813203704417941,0.05692148192029459,14,24
2026-04,整体,Android,non-Organic,Hair,4779.1,1212.4333333333334,13076.1,0.09254155229709206,0.374649828065986,1,1
2026-04,整体,Android,non-Organic,Magic,2582.1666666666665,1019.3,13076.1,0.07588066764865022,0.19422436354437844,5,3
2026-04,整体,Android,non-Organic,Makeup,1649.2,717.2333333333333,13076.1,0.051866864535172745,0.11998678241551321,7,7
2026-04,整体,Android,non-Organic,Matte,150.36666666666667,53.166666666666664,13076.1,0.003922367697405947,0.011093260182218411,43,37
2026-04,整体,Android,non-Organic,Muscle,754.4333333333333,222.56666666666666,13076.1,0.017310354463972385,0.05941331366768656,12,18
2026-04,整体,Android,non-Organic,Mykit,431.8333333333333,0.0,13076.1,0.0,0.03212733283596201,28,44
2026-04,整体,Android,non-Organic,Plump,375.6333333333333,123.56666666666666,13076.1,0.009319072023789803,0.028518013715353955,29,27
2026-04,整体,Android,non-Organic,Preset,700.4,68.43333333333334,13076.1,0.005004247806725092,0.052496296366922185,17,34
2026-04,整体,Android,non-Organic,Prism,140.43333333333334,49.96666666666667,13076.1,0.0037029050048270045,0.0104196692890026,44,39
2026-04,整体,Android,non-Organic,Relight,1784.0666666666666,726.9666666666667,13076.1,0.053700715407128,0.13172965767752434,6,6
2026-04,整体,Android,non-Organic,Reshape,952.0333333333333,374.06666666666666,13076.1,0.028896701932688038,0.0737915147644602,10,12
2026-04,整体,Android,non-Organic,Resize,243.33333333333334,92.73333333333333,13076.1,0.007091846286467468,0.01849872554539628,36,30
2026-04,整体,Android,non-Organic,Skin Tone,586.3,295.5,13076.1,0.022190808978829208,0.04410883345125224,21,14
2026-04,整体,Android,non-Organic,Smooth,744.5,400.1666666666667,13076.1,0.03056969556175149,0.05658331844962495,15,11
2026-04,整体,Android,non-Organic,Stamp,197.9,32.5,13076.1,0.002304046652457223,0.01432879233473936,39,41
2026-04,整体,Android,non-Organic,Teeth,543.2666666666667,0.03333333333333333,13076.1,2.99895036737142e-06,0.041116545030972944,23,43
2026-04,整体,Android,non-Organic,Text,259.3,26.766666666666666,13076.1,0.0019141675405887606,0.019137036046586113,35,42
2026-04,整体,iOS,Organic,AI Expand,371.0,125.86666666666666,16087.566666666668,0.007798090215052204,0.022917145239003976,38,30
2026-04,整体,iOS,Organic,AI Image,1100.1,134.33333333333334,16087.566666666668,0.008172917447170183,0.06824583525267833,18,28
2026-04,整体,iOS,Organic,AI Repair,737.6333333333333,252.76666666666668,16087.566666666668,0.015603559501551371,0.04535645255352841,29,24
2026-04,整体,iOS,Organic,AI Replace,266.93333333333334,108.4,16087.566666666668,0.006799345675898798,0.016669836539901103,41,33
2026-04,整体,iOS,Organic,AI Retouch,4376.566666666667,1710.5666666666666,16087.566666666668,0.10532098462157644,0.2695791976388218,4,4
2026-04,整体,iOS,Organic,AI Tattoo,388.23333333333335,82.93333333333334,16087.566666666668,0.005022603470483017,0.023740751259610282,37,37
2026-04,整体,iOS,Organic,Acne,1953.1333333333334,1411.1333333333334,16087.566666666668,0.0887393749905627,0.122331708070149,10,6
2026-04,整体,iOS,Organic,Adjust,1798.8666666666666,904.4333333333333,16087.566666666668,0.055135449035708745,0.10994412226657382,12,13
2026-04,整体,iOS,Organic,Background,908.4333333333333,83.66666666666667,16087.566666666668,0.005246765808423687,0.05600408528512439,22,36
2026-04,整体,iOS,Organic,Blur,824.7333333333333,474.6666666666667,16087.566666666668,0.029480681343218684,0.05089664653544484,26,18
2026-04,整体,iOS,Organic,Body,1488.3333333333333,930.8,16087.566666666668,0.058162217124007834,0.09267430817341625,14,11
2026-04,整体,iOS,Organic,Bokeh,329.8666666666667,101.73333333333333,16087.566666666668,0.006273605743463555,0.020448816616916093,40,34
2026-04,整体,iOS,Organic,Brighten,890.9333333333333,462.03333333333336,16087.566666666668,0.028595671663177957,0.05519970208631098,23,19
2026-04,整体,iOS,Organic,Concealer,1118.6,514.1,16087.566666666668,0.03206201125987427,0.0697593987376693,17,17
2026-04,整体,iOS,Organic,Contour,413.23333333333335,211.5,16087.566666666668,0.01321812070577349,0.025793368663434884,35,25
2026-04,整体,iOS,Organic,Crop,762.3,522.1333333333333,16087.566666666668,0.03263855663845541,0.04737121953374849,28,16
2026-04,整体,iOS,Organic,Dark Circles,760.4666666666667,552.1,16087.566666666668,0.03455515454683122,0.04755563468557832,27,15
2026-04,整体,iOS,Organic,Details,395.8,129.33333333333334,16087.566666666668,0.008117414627436736,0.024809359812481082,36,29
2026-04,整体,iOS,Organic,Effects,1268.3666666666666,24.0,16087.566666666668,0.0014440622090460438,0.07771834534118734,16,41
2026-04,整体,iOS,Organic,Eraser,1850.3,952.8666666666667,16087.566666666668,0.05960338198824531,0.11505101597324725,11,9
2026-04,整体,iOS,Organic,Expression,604.5666666666667,120.8,16087.566666666668,0.007505500712701246,0.03747685350959726,30,31
2026-04,整体,iOS,Organic,Eye Brighten,489.56666666666666,321.1333333333333,16087.566666666668,0.02012307187766206,0.030622460104351896,32,22
2026-04,整体,iOS,Organic,Face,5231.766666666666,2205.4,16087.566666666668,0.13682400153830115,0.3234087677124115,1,2
2026-04,整体,iOS,Organic,Face Fix,992.9333333333333,169.1,16087.566666666668,0.010403409981166302,0.06144108853154815,21,27
2026-04,整体,iOS,Organic,Filters,4809.133333333333,957.5666666666667,16087.566666666668,0.05852902147887072,0.29473052611592787,2,10
2026-04,整体,iOS,Organic,Glitter,464.6,73.7,16087.566666666668,0.0044380053528610035,0.02835897913792237,33,38
2026-04,整体,iOS,Organic,Glowup,1378.2666666666667,421.56666666666666,16087.566666666668,0.026220581280210646,0.08553922852737082,15,20
2026-04,整体,iOS,Organic,Hair,2499.2,667.8,16087.566666666668,0.04152226670015161,0.1545765476729009,9,14
2026-04,整体,iOS,Organic,Magic,4688.333333333333,2456.766666666667,16087.566666666668,0.15145636239224378,0.2882476998767149,3,1
2026-04,整体,iOS,Organic,Makeup,2600.0,1107.1666666666667,16087.566666666668,0.06910748613838551,0.16178827288507905,7,8
2026-04,整体,iOS,Organic,Matte,360.73333333333335,172.8,16087.566666666668,0.01082485084915299,0.022534396532367364,39,26
2026-04,整体,iOS,Organic,Muscle,424.3333333333333,110.8,16087.566666666668,0.006895845855470228,0.02632836877928866,34,32
2026-04,整体,iOS,Organic,Mykit,500.1666666666667,0.0,16087.566666666668,0.0,0.030934059069067446,31,43
2026-04,整体,iOS,Organic,Plump,858.2333333333333,269.6,16087.566666666668,0.0169028011261155,0.05354240070086411,24,23
2026-04,整体,iOS,Organic,Preset,1015.2,94.4,16087.566666666668,0.005818165035546831,0.06243023154873802,20,35
2026-04,整体,iOS,Organic,Prism,170.36666666666667,50.96666666666667,16087.566666666668,0.003048001372977996,0.010427537649395519,44,39
2026-04,整体,iOS,Organic,Relight,3092.133333333333,1463.8666666666666,16087.566666666668,0.08866724370568481,0.18872019765161102,5,7
2026-04,整体,iOS,Organic,Reshape,2521.233333333333,1670.5333333333333,16087.566666666668,0.10421306419199636,0.1563747576563711,8,5
2026-04,整体,iOS,Organic,Resize,841.9666666666667,379.6666666666667,16087.566666666668,0.023722276142325905,0.05244234259861582,25,21
2026-04,整体,iOS,Organic,Skin Tone,1507.7,918.3333333333334,16087.566666666668,0.05694022742448317,0.09343125777413923,13,12
2026-04,整体,iOS,Organic,Smooth,2897.0,2177.9,16087.566666666668,0.1345683965655561,0.17895109297740205,6,3
2026-04,整体,iOS,Organic,Stamp,219.53333333333333,47.2,16087.566666666668,0.0029194778112269634,0.01355368245006985,43,40
2026-04,整体,iOS,Organic,Teeth,1019.5333333333333,0.0,16087.566666666668,0.0,0.06302482958747241,19,43
2026-04,整体,iOS,Organic,Text,254.73333333333332,18.666666666666668,16087.566666666668,0.0011684326780417348,0.01567767072793089,42,42
2026-04,整体,iOS,non-Organic,AI Expand,108.4,41.733333333333334,4173.7,0.009687041392162643,0.024971135729674118,34,28
2026-04,整体,iOS,non-Organic,AI Image,420.3666666666667,64.2,4173.7,0.015144162245226099,0.09883727234743543,10,22
2026-04,整体,iOS,non-Organic,AI Repair,189.16666666666666,67.7,4173.7,0.01682815737508373,0.04712149346688166,23,21
2026-04,整体,iOS,non-Organic,AI Replace,69.83333333333333,32.5,4173.7,0.007807675060861691,0.01676199238034407,40,33
2026-04,整体,iOS,non-Organic,AI Retouch,1082.5666666666666,341.1666666666667,4173.7,0.08232707989714541,0.26200027879500587,3,3
2026-04,整体,iOS,non-Organic,AI Tattoo,146.46666666666667,39.666666666666664,4173.7,0.008745422055328649,0.03377395605351629,29,30
2026-04,整体,iOS,non-Organic,Acne,263.43333333333334,158.73333333333332,4173.7,0.03919084609951729,0.06455701378290589,16,12
2026-04,整体,iOS,non-Organic,Adjust,261.4,95.16666666666667,4173.7,0.02271406494255823,0.06270335292909508,17,15
2026-04,整体,iOS,non-Organic,Background,225.76666666666668,25.866666666666667,4173.7,0.006266456465537993,0.0543404515460022,20,35
2026-04,整体,iOS,non-Organic,Blur,118.66666666666667,58.4,4173.7,0.014434902457647412,0.02890070489217459,33,23
2026-04,整体,iOS,non-Organic,Body,357.1333333333333,201.66666666666666,4173.7,0.04964686583702016,0.08739905373768814,13,9
2026-04,整体,iOS,non-Organic,Bokeh,48.833333333333336,9.8,4173.7,0.0022481789930014,0.011682777268239136,42,38
2026-04,整体,iOS,non-Organic,Brighten,166.63333333333333,81.63333333333334,4173.7,0.020049489932392913,0.040804670402543125,25,18
2026-04,整体,iOS,non-Organic,Concealer,210.33333333333334,88.13333333333334,4173.7,0.02135685181889402,0.051185578620904996,22,17
2026-04,整体,iOS,non-Organic,Contour,78.2,38.3,4173.7,0.009337909917690361,0.01924376668990826,38,29
2026-04,整体,iOS,non-Organic,Crop,135.06666666666666,89.83333333333333,4173.7,0.02160495559320156,0.032419959171631686,30,16
2026-04,整体,iOS,non-Organic,Dark Circles,121.8,77.33333333333333,4173.7,0.018784584542613916,0.02961201141288695,32,19
2026-04,整体,iOS,non-Organic,Details,86.06666666666666,27.7,4173.7,0.006995302166221007,0.021377169504481715,37,34
2026-04,整体,iOS,non-Organic,Effects,278.8333333333333,5.9,4173.7,0.0014282124832296261,0.06733680653848606,15,41
2026-04,整体,iOS,non-Organic,Eraser,396.8666666666667,209.5,4173.7,0.04994960011683008,0.0947710435234688,11,8
2026-04,整体,iOS,non-Organic,Expression,157.16666666666666,35.7,4173.7,0.00865727937919627,0.03789711106954871,28,31
2026-04,整体,iOS,non-Organic,Eye Brighten,89.1,51.13333333333333,4173.7,0.012433830777106287,0.021598197973415615,36,25
2026-04,整体,iOS,non-Organic,Face,1174.1,494.73333333333335,4173.7,0.11985901088593606,0.2847280748848048,2,1
2026-04,整体,iOS,non-Organic,Face Fix,257.5,50.93333333333333,4173.7,0.012155490255653998,0.062167195450120484,18,26
2026-04,整体,iOS,non-Organic,Filters,1049.2666666666667,181.33333333333334,4173.7,0.044847206346838524,0.2504219851848563,4,10
2026-04,整体,iOS,non-Organic,Glitter,98.73333333333333,17.4,4173.7,0.004222231092095382,0.023872052388176492,35,36
2026-04,整体,iOS,non-Organic,Glowup,376.56666666666666,99.33333333333333,4173.7,0.023958281729208334,0.09077806129895687,12,14
2026-04,整体,iOS,non-Organic,Hair,1284.0333333333333,291.6666666666667,4173.7,0.06847632827869644,0.3020504798709454,1,5
2026-04,整体,iOS,non-Organic,Magic,977.3666666666667,427.8666666666667,4173.7,0.10667982997685219,0.24081154043219535,5,2
2026-04,整体,iOS,non-Organic,Makeup,503.1333333333333,186.6,4173.7,0.0448429797095324,0.11992731098948158,7,11
2026-04,整体,iOS,non-Organic,Matte,68.53333333333333,31.6,4173.7,0.007830323846249689,0.016893380185849363,39,32
2026-04,整体,iOS,non-Organic,Muscle,183.8,55.333333333333336,4173.7,0.013107213271758159,0.0436638965102779,24,24
2026-04,整体,iOS,non-Organic,Mykit,130.33333333333334,0.0,4173.7,0.0,0.031363833578942533,31,43
2026-04,整体,iOS,non-Organic,Plump,158.86666666666667,48.56666666666667,4173.7,0.011611728769210706,0.03804248869841018,27,27
2026-04,整体,iOS,non-Organic,Preset,226.86666666666667,15.133333333333333,4173.7,0.0036916604689766893,0.055019888241555424,19,37
2026-04,整体,iOS,non-Organic,Prism,30.866666666666667,7.633333333333334,4173.7,0.0017976223738265884,0.007285162061108481,44,40
2026-04,整体,iOS,non-Organic,Relight,588.7333333333333,239.6,4173.7,0.05835298348694762,0.14208187742137,6,6
2026-04,整体,iOS,non-Organic,Reshape,438.6666666666667,219.73333333333332,4173.7,0.05434602235104399,0.10849979013083895,8,7
2026-04,整体,iOS,non-Organic,Resize,159.96666666666667,69.56666666666666,4173.7,0.016906121333989173,0.03878184494633793,26,20
2026-04,整体,iOS,non-Organic,Skin Tone,274.46666666666664,158.36666666666667,4173.7,0.03904335128519893,0.06751375760313601,14,13
2026-04,整体,iOS,non-Organic,Smooth,434.6,287.26666666666665,4173.7,0.07106624319929616,0.10716948806359916,9,4
2026-04,整体,iOS,non-Organic,Stamp,44.6,8.633333333333333,4173.7,0.0020846391975663623,0.010403078776649631,43,39
2026-04,整体,iOS,non-Organic,Teeth,217.33333333333334,0.0,4173.7,0.0,0.05226918232285846,21,43
2026-04,整体,iOS,non-Organic,Text,61.2,3.3,4173.7,0.0007346057991750314,0.014668955630589835,41,42
2026-04,美国,Android,Organic,AI Expand,10.5,4.7,306.6333333333333,0.015457910253220882,0.03445342577880888,32,28
2026-04,美国,Android,Organic,AI Image,28.7,4.566666666666666,306.6333333333333,0.014836797315733941,0.09318514283450806,10,29
2026-04,美国,Android,Organic,AI Repair,18.066666666666666,8.966666666666667,306.6333333333333,0.029911637668348645,0.05973724004598886,20,16
2026-04,美国,Android,Organic,AI Replace,10.233333333333333,5.3,306.6333333333333,0.017226889558944743,0.03313677440442862,33,26
2026-04,美国,Android,Organic,AI Retouch,64.13333333333334,28.233333333333334,306.6333333333333,0.0906097124010248,0.20702325835840601,4,5
2026-04,美国,Android,Organic,AI Tattoo,6.733333333333333,1.6666666666666667,306.6333333333333,0.005360661998349549,0.021565519199103985,41,40
2026-04,美国,Android,Organic,Acne,21.866666666666667,16.166666666666668,306.6333333333333,0.0523469139136858,0.07109562063398908,15,11
2026-04,美国,Android,Organic,Adjust,26.533333333333335,14.933333333333334,306.6333333333333,0.047969410986302294,0.08678030620249408,12,12
2026-04,美国,Android,Organic,Background,19.2,4.133333333333334,306.6333333333333,0.013081878466585754,0.06208775172197926,19,32
2026-04,美国,Android,Organic,Blur,13.5,7.9,306.6333333333333,0.02558272410192954,0.04360179854145551,28,19
2026-04,美国,Android,Organic,Body,18.033333333333335,9.733333333333333,306.6333333333333,0.03163432816840851,0.05851951085548295,22,15
2026-04,美国,Android,Organic,Bokeh,7.733333333333333,2.8,306.6333333333333,0.009386890119298807,0.025303080368592818,39,35
2026-04,美国,Android,Organic,Brighten,14.766666666666667,8.4,306.6333333333333,0.02728426130251642,0.048076308721714985,25,17
2026-04,美国,Android,Organic,Concealer,16.0,8.066666666666666,306.6333333333333,0.02650205382746808,0.052495491380041864,24,18
2026-04,美国,Android,Organic,Contour,7.966666666666667,4.466666666666667,306.6333333333333,0.014200080832236398,0.02563651684723919,38,31
2026-04,美国,Android,Organic,Crop,22.866666666666667,19.333333333333332,306.6333333333333,0.06209006652391673,0.07386108604834742,14,7
2026-04,美国,Android,Organic,Dark Circles,11.4,7.7,306.6333333333333,0.025175957718376447,0.03693370957131743,31,21
2026-04,美国,Android,Organic,Details,10.033333333333333,5.2,306.6333333333333,0.016971898415543786,0.03290260846524883,35,27
2026-04,美国,Android,Organic,Effects,24.666666666666668,2.1,306.6333333333333,0.006607977781520674,0.08086728887259269,13,39
2026-04,美国,Android,Organic,Eraser,29.633333333333333,16.966666666666665,306.6333333333333,0.05522812831132461,0.09646332593187625,9,8
2026-04,美国,Android,Organic,Expression,12.633333333333333,4.6,306.6333333333333,0.014739812852808398,0.040859985283894874,30,30
2026-04,美国,Android,Organic,Eye Brighten,10.2,6.833333333333333,306.6333333333333,0.022368659872130343,0.033109028959113836,34,23
2026-04,美国,Android,Organic,Face,74.8,35.1,306.6333333333333,0.11359664865517072,0.2427738819231514,2,2
2026-04,美国,Android,Organic,Face Fix,18.066666666666666,5.766666666666667,306.6333333333333,0.018326301287642663,0.05797415587788527,23,24
2026-04,美国,Android,Organic,Filters,71.33333333333333,28.133333333333333,306.6333333333333,0.09101533167540292,0.23136305242075558,3,4
2026-04,美国,Android,Organic,Glitter,8.6,2.1333333333333333,306.6333333333333,0.006734941683344503,0.027630500855808975,36,38
2026-04,美国,Android,Organic,Glowup,21.1,7.833333333333333,306.6333333333333,0.025238101380197494,0.0679712663792213,17,20
2026-04,美国,Android,Organic,Hair,49.1,16.766666666666666,306.6333333333333,0.05464482417918092,0.1598851769818786,5,9
2026-04,美国,Android,Organic,Magic,75.16666666666667,40.43333333333333,306.6333333333333,0.13031304169425964,0.2430258743092099,1,1
2026-04,美国,Android,Organic,Makeup,42.13333333333333,25.166666666666668,306.6333333333333,0.08141529799925683,0.13668439436785196,6,6
2026-04,美国,Android,Organic,Matte,6.533333333333333,3.533333333333333,306.6333333333333,0.011376868905502628,0.02119112543582972,42,33
2026-04,美国,Android,Organic,Muscle,8.333333333333334,3.1333333333333333,306.6333333333333,0.010355280063286823,0.027425398459447397,37,34
2026-04,美国,Android,Organic,Mykit,14.2,0.0,306.6333333333333,0.0,0.04661210145200385,26,43
2026-04,美国,Android,Organic,Plump,12.933333333333334,5.333333333333333,306.6333333333333,0.017347791120994587,0.04209797899440649,29,25
2026-04,美国,Android,Organic,Preset,19.166666666666668,2.6,306.6333333333333,0.008421049156680079,0.06250585769304798,18,36
2026-04,美国,Android,Organic,Prism,5.233333333333333,2.1666666666666665,306.6333333333333,0.006879911369809471,0.01689955008176076,44,37
2026-04,美国,Android,Organic,Relight,30.033333333333335,14.0,306.6333333333333,0.045061771946106714,0.09762713014433981,8,14
2026-04,美国,Android,Organic,Reshape,28.233333333333334,16.733333333333334,306.6333333333333,0.05422417810696389,0.0919942678127437,11,10
2026-04,美国,Android,Organic,Resize,14.033333333333333,7.5,306.6333333333333,0.02422166431182765,0.045664196706050715,27,22
2026-04,美国,Android,Organic,Skin Tone,21.5,14.266666666666667,306.6333333333333,0.04666857722999155,0.07099883872283487,16,13
2026-04,美国,Android,Organic,Smooth,38.0,30.466666666666665,306.6333333333333,0.09913066762023526,0.12376558781781247,7,3
2026-04,美国,Android,Organic,Stamp,5.233333333333333,1.3,306.6333333333333,0.004284170039271067,0.01745430945371026,43,41
2026-04,美国,Android,Organic,Teeth,18.4,0.0,306.6333333333333,0.0,0.05864950885194073,21,43
2026-04,美国,Android,Organic,Text,7.6,1.3,306.6333333333333,0.004246544471218959,0.02512057704922878,40,42
2026-04,美国,Android,non-Organic,AI Expand,11.7,4.7,362.3333333333333,0.012640470734751382,0.03172973902674355,34,31
2026-04,美国,Android,non-Organic,AI Image,39.43333333333333,4.166666666666667,362.3333333333333,0.0113614435547576,0.10948576632747337,10,33
2026-04,美国,Android,non-Organic,AI Repair,22.7,10.333333333333334,362.3333333333333,0.029507665664583203,0.06531640188410283,22,19
2026-04,美国,Android,non-Organic,AI Replace,8.766666666666667,4.066666666666666,362.3333333333333,0.011817778366126352,0.025111549438937404,39,32
2026-04,美国,Android,non-Organic,AI Retouch,93.03333333333333,36.266666666666666,362.3333333333333,0.09917054057143414,0.2564522621796522,3,3
2026-04,美国,Android,non-Organic,AI Tattoo,8.6,1.6333333333333333,362.3333333333333,0.004304743967581122,0.02404192331273271,40,38
2026-04,美国,Android,non-Organic,Acne,24.833333333333332,16.333333333333332,362.3333333333333,0.04496936669194707,0.0689409448389811,21,12
2026-04,美国,Android,non-Organic,Adjust,27.6,11.4,362.3333333333333,0.031671655504431684,0.07598579162802126,18,17
2026-04,美国,Android,non-Organic,Background,27.366666666666667,4.833333333333333,362.3333333333333,0.012847101143756754,0.07651055994390422,17,29
2026-04,美国,Android,non-Organic,Blur,17.466666666666665,9.9,362.3333333333333,0.028106412568179487,0.04968803959080318,26,20
2026-04,美国,Android,non-Organic,Body,26.1,14.566666666666666,362.3333333333333,0.04063908534478255,0.07346077543550801,19,14
2026-04,美国,Android,non-Organic,Bokeh,7.433333333333334,1.5666666666666667,362.3333333333333,0.004201015271101003,0.020785078881536814,42,39
2026-04,美国,Android,non-Organic,Brighten,20.666666666666668,11.0,362.3333333333333,0.030307799017634317,0.05695187859595918,25,18
2026-04,美国,Android,non-Organic,Concealer,26.233333333333334,11.766666666666667,362.3333333333333,0.03248775306517523,0.07258583536413532,20,16
2026-04,美国,Android,non-Organic,Contour,11.9,4.6,362.3333333333333,0.012839149685102325,0.03336589376961829,33,30
2026-04,美国,Android,non-Organic,Crop,23.133333333333333,18.6,362.3333333333333,0.05232464479906029,0.06430147414437827,24,9
2026-04,美国,Android,non-Organic,Dark Circles,13.8,8.666666666666666,362.3333333333333,0.02378188088918174,0.03708820120429055,32,22
2026-04,美国,Android,non-Organic,Details,15.333333333333334,6.4,362.3333333333333,0.017435321998642575,0.04268867228273109,31,25
2026-04,美国,Android,non-Organic,Effects,36.56666666666667,2.5,362.3333333333333,0.0067599918803974025,0.1026808718955287,12,36
2026-04,美国,Android,non-Organic,Eraser,38.766666666666666,19.566666666666666,362.3333333333333,0.05537950414999271,0.10859918666971476,11,8
2026-04,美国,Android,non-Organic,Expression,15.4,5.1,362.3333333333333,0.014027111487408067,0.04355571832194678,29,27
2026-04,美国,Android,non-Organic,Eye Brighten,11.233333333333333,7.466666666666667,362.3333333333333,0.020776903092643097,0.03105934145904382,35,24
2026-04,美国,Android,non-Organic,Face,103.0,47.5,362.3333333333333,0.13017727733389592,0.2838941039050045,1,1
2026-04,美国,Android,non-Organic,Face Fix,29.0,9.433333333333334,362.3333333333333,0.026082497062457185,0.08068500318791076,14,21
2026-04,美国,Android,non-Organic,Filters,90.66666666666667,30.666666666666668,362.3333333333333,0.08551537307930189,0.25302298548607205,4,5
2026-04,美国,Android,non-Organic,Glitter,10.833333333333334,1.7333333333333334,362.3333333333333,0.0048589860782821325,0.030310136260463885,36,37
2026-04,美国,Android,non-Organic,Glowup,30.333333333333332,11.7,362.3333333333333,0.03264949840718984,0.08382454977247221,13,15
2026-04,美国,Android,non-Organic,Hair,72.3,20.666666666666668,362.3333333333333,0.0573070260381108,0.20082333130790617,5,7
2026-04,美国,Android,non-Organic,Magic,100.56666666666666,46.7,362.3333333333333,0.12841616885261278,0.27780557189501914,2,2
2026-04,美国,Android,non-Organic,Makeup,49.5,23.333333333333332,362.3333333333333,0.06419907898495868,0.1363946486135754,6,6
2026-04,美国,Android,non-Organic,Matte,9.3,4.766666666666667,362.3333333333333,0.013201735856650817,0.0264407788978307,37,28
2026-04,美国,Android,non-Organic,Muscle,9.066666666666666,2.933333333333333,362.3333333333333,0.00783902824681262,0.02534510146166694,38,35
2026-04,美国,Android,non-Organic,Mykit,17.2,0.0,362.3333333333333,0.0,0.04776130026535768,27,43
2026-04,美国,Android,non-Organic,Plump,15.7,5.066666666666666,362.3333333333333,0.014234358319361528,0.04325195166041909,30,26
2026-04,美国,Android,non-Organic,Preset,27.866666666666667,3.6333333333333333,362.3333333333333,0.010130670494358101,0.07841456150018974,16,34
2026-04,美国,Android,non-Organic,Prism,4.733333333333333,1.2333333333333334,362.3333333333333,0.003567882357165095,0.013846457026315966,44,40
2026-04,美国,Android,non-Organic,Relight,39.166666666666664,16.6,362.3333333333333,0.04590243875924672,0.10963071855537092,9,11
2026-04,美国,Android,non-Organic,Reshape,39.96666666666667,17.933333333333334,362.3333333333333,0.05078087157325332,0.1116783537408175,8,10
2026-04,美国,Android,non-Organic,Resize,16.766666666666666,8.433333333333334,362.3333333333333,0.02270033551806527,0.04567252518190938,28,23
2026-04,美国,Android,non-Organic,Skin Tone,28.4,16.1,362.3333333333333,0.04434976696757539,0.07914029983708404,15,13
2026-04,美国,Android,non-Organic,Smooth,48.56666666666667,35.666666666666664,362.3333333333333,0.09806166216230633,0.13401082602043407,7,4
2026-04,美国,Android,non-Organic,Stamp,5.133333333333334,0.9,362.3333333333333,0.002377434228163061,0.01460532998338005,43,42
2026-04,美国,Android,non-Organic,Teeth,23.733333333333334,0.0,362.3333333333333,0.0,0.06445365081574596,23,43
2026-04,美国,Android,non-Organic,Text,8.066666666666666,1.1333333333333333,362.3333333333333,0.0030350856336367857,0.021847009719210688,41,41
2026-04,美国,iOS,Organic,AI Expand,48.1,16.133333333333333,2735.766666666667,0.005976300726597585,0.01773838432356762,40,33
2026-04,美国,iOS,Organic,AI Image,164.93333333333334,14.6,2735.766666666667,0.005315021286959971,0.060086652801687936,22,34
2026-04,美国,iOS,Organic,AI Repair,121.9,38.6,2735.766666666667,0.014034236503870767,0.044385506410695844,28,26
2026-04,美国,iOS,Organic,AI Replace,51.666666666666664,22.966666666666665,2735.766666666667,0.008456384501047158,0.01890282245639634,39,29
2026-04,美国,iOS,Organic,AI Retouch,771.3,258.53333333333336,2735.766666666667,0.092931050648711,0.27792469585700824,3,5
2026-04,美国,iOS,Organic,AI Tattoo,57.6,8.6,2735.766666666667,0.0031809385530788665,0.021374418956522253,38,37
2026-04,美国,iOS,Organic,Acne,318.6333333333333,231.66666666666666,2735.766666666667,0.08424802775445774,0.11588029850432859,10,6
2026-04,美国,iOS,Organic,Adjust,209.56666666666666,89.13333333333334,2735.766666666667,0.03241764171599094,0.07642997942862285,17,16
2026-04,美国,iOS,Organic,Background,158.2,17.233333333333334,2735.766666666667,0.006328765835865533,0.05773301909199748,24,31
2026-04,美国,iOS,Organic,Blur,131.0,73.96666666666667,2735.766666666667,0.026977324426203975,0.04775798557555924,25,20
2026-04,美国,iOS,Organic,Body,250.8,154.83333333333334,2735.766666666667,0.05666599370821807,0.09188732575453422,14,12
2026-04,美国,iOS,Organic,Bokeh,37.96666666666667,8.333333333333334,2735.766666666667,0.002981970134817709,0.013817558837505638,41,39
2026-04,美国,iOS,Organic,Brighten,177.6,91.53333333333333,2735.766666666667,0.033136541352973295,0.06438280200459363,20,15
2026-04,美国,iOS,Organic,Concealer,208.6,92.33333333333333,2735.766666666667,0.033570884880341496,0.07585553818534302,18,14
2026-04,美国,iOS,Organic,Contour,79.23333333333333,39.266666666666666,2735.766666666667,0.0141900586639346,0.028739351280248012,33,25
2026-04,美国,iOS,Organic,Crop,110.16666666666667,82.8,2735.766666666667,0.03034353163351341,0.04043526239164911,29,19
2026-04,美国,iOS,Organic,Dark Circles,128.8,89.13333333333334,2735.766666666667,0.03216602267443824,0.046616209890792154,27,17
2026-04,美国,iOS,Organic,Details,91.7,30.333333333333332,2735.766666666667,0.011012975227410753,0.03339337483263791,32,28
2026-04,美国,iOS,Organic,Effects,222.56666666666666,4.866666666666666,2735.766666666667,0.0017690956622227647,0.08094388589235998,16,41
2026-04,美国,iOS,Organic,Eraser,294.26666666666665,164.16666666666666,2735.766666666667,0.06037095712558516,0.10829872382274167,11,10
2026-04,美国,iOS,Organic,Expression,101.06666666666666,20.866666666666667,2735.766666666667,0.007569195240991777,0.036533350897993574,30,30
2026-04,美国,iOS,Organic,Eye Brighten,96.46666666666667,61.06666666666667,2735.766666666667,0.022007714281816578,0.034913889970017,31,22
2026-04,美国,iOS,Organic,Face,907.9,411.3666666666667,2735.766666666667,0.14722697702219698,0.32631336346590273,1,1
2026-04,美国,iOS,Organic,Face Fix,201.6,32.4,2735.766666666667,0.01144734100770987,0.07221189346509369,19,27
2026-04,美国,iOS,Organic,Filters,668.9666666666667,176.46666666666667,2735.766666666667,0.06340166073374212,0.24212219662277687,4,9
2026-04,美国,iOS,Organic,Glitter,60.666666666666664,9.8,2735.766666666667,0.0035632924981070426,0.021930992532178912,37,36
2026-04,美国,iOS,Organic,Glowup,260.3666666666667,85.56666666666666,2735.766666666667,0.03088512027345912,0.093961651231131,13,18
2026-04,美国,iOS,Organic,Hair,446.8333333333333,114.53333333333333,2735.766666666667,0.042048573206433584,0.16331109613931885,6,13
2026-04,美国,iOS,Organic,Magic,798.1666666666666,409.43333333333334,2735.766666666667,0.14686749350877262,0.28742454195216793,2,2
2026-04,美国,iOS,Organic,Makeup,433.7,183.23333333333332,2735.766666666667,0.06643058236483589,0.1569746317947393,7,7
2026-04,美国,iOS,Organic,Matte,74.2,39.53333333333333,2735.766666666667,0.014442124649090428,0.02717314213763304,35,24
2026-04,美国,iOS,Organic,Muscle,67.26666666666667,17.033333333333335,2735.766666666667,0.006292690535746682,0.024824485296298097,36,32
2026-04,美国,iOS,Organic,Mykit,78.1,0.0,2735.766666666667,0.0,0.02857182310159236,34,43
2026-04,美国,iOS,Organic,Plump,130.6,40.13333333333333,2735.766666666667,0.014616197177051761,0.047425677785998974,26,23
2026-04,美国,iOS,Organic,Preset,162.76666666666668,14.033333333333333,2735.766666666667,0.004936177325634223,0.058778342990633003,23,35
2026-04,美国,iOS,Organic,Prism,20.033333333333335,5.166666666666667,2735.766666666667,0.0018828619631715933,0.007402811054566763,44,40
2026-04,美国,iOS,Organic,Relight,416.8,160.93333333333334,2735.766666666667,0.05852134798015402,0.15158935737924342,9,11
2026-04,美国,iOS,Organic,Reshape,426.2,266.4,2735.766666666667,0.09626467437157508,0.15387579590970665,8,4
2026-04,美国,iOS,Organic,Resize,166.6,74.26666666666667,2735.766666666667,0.026714660691481432,0.06023083366409942,21,21
2026-04,美国,iOS,Organic,Skin Tone,283.93333333333334,178.83333333333334,2735.766666666667,0.06479754263627543,0.10303978389885511,12,8
2026-04,美国,iOS,Organic,Smooth,515.7333333333333,385.8333333333333,2735.766666666667,0.13963200398145584,0.18668033870642478,5,3
2026-04,美国,iOS,Organic,Stamp,30.233333333333334,8.466666666666667,2735.766666666667,0.003079261238471252,0.011117253434525659,43,38
2026-04,美国,iOS,Organic,Teeth,243.56666666666666,0.0,2735.766666666667,0.0,0.08599157086372584,15,43
2026-04,美国,iOS,Organic,Text,37.3,3.6666666666666665,2735.766666666667,0.0013651375344245745,0.013796172117464233,42,42
2026-04,美国,iOS,non-Organic,AI Expand,39.766666666666666,16.633333333333333,1822.0,0.00880715165983171,0.02126015973596924,38,29
2026-04,美国,iOS,non-Organic,AI Image,138.13333333333333,14.466666666666667,1822.0,0.008013225627110761,0.07550614113383342,14,31
2026-04,美国,iOS,non-Organic,AI Repair,72.93333333333334,23.4,1822.0,0.013298072321151499,0.04110671864065079,25,23
2026-04,美国,iOS,non-Organic,AI Replace,29.9,14.033333333333333,1822.0,0.0076942118579924525,0.016445676245643123,40,33
2026-04,美国,iOS,non-Organic,AI Retouch,494.8,150.33333333333334,1822.0,0.08229770181857383,0.27163820512404363,3,4
2026-04,美国,iOS,non-Organic,AI Tattoo,45.766666666666666,7.4,1822.0,0.004129060264325353,0.02541930817569468,33,35
2026-04,美国,iOS,non-Organic,Acne,136.76666666666668,84.06666666666666,1822.0,0.04618940578351306,0.07522481053963403,15,12
2026-04,美国,iOS,non-Organic,Adjust,111.1,38.96666666666667,1822.0,0.021366027172546428,0.06131632888858656,18,18
2026-04,美国,iOS,non-Organic,Background,91.5,9.866666666666667,1822.0,0.005518995738397761,0.050718996046214535,22,34
2026-04,美国,iOS,non-Organic,Blur,56.733333333333334,29.233333333333334,1822.0,0.016375882641078674,0.03151997798912698,31,21
2026-04,美国,iOS,non-Organic,Body,171.56666666666666,100.26666666666667,1822.0,0.055838876460476104,0.09550010485931765,12,7
2026-04,美国,iOS,non-Organic,Bokeh,19.266666666666666,3.6333333333333333,1822.0,0.002015584149217751,0.01072688805008402,42,39
2026-04,美国,iOS,non-Organic,Brighten,85.63333333333334,42.86666666666667,1822.0,0.023540655090587028,0.046904960653528595,24,16
2026-04,美国,iOS,non-Organic,Concealer,106.26666666666667,45.166666666666664,1822.0,0.0245910138910842,0.05831352130191501,20,15
2026-04,美国,iOS,non-Organic,Contour,39.96666666666667,18.5,1822.0,0.01013212651647775,0.02205815047404381,37,27
2026-04,美国,iOS,non-Organic,Crop,62.8,41.93333333333333,1822.0,0.022818927106306414,0.034405989202935104,29,17
2026-04,美国,iOS,non-Organic,Dark Circles,60.166666666666664,38.166666666666664,1822.0,0.02080922592757463,0.03300775031421374,30,20
2026-04,美国,iOS,non-Organic,Details,45.6,14.1,1822.0,0.007965055373629319,0.02534681815410437,34,32
2026-04,美国,iOS,non-Organic,Effects,115.76666666666667,2.4,1822.0,0.0013451368137259528,0.06478926543489207,17,41
2026-04,美国,iOS,non-Organic,Eraser,178.46666666666667,97.23333333333333,1822.0,0.053021241648476485,0.09803966239255758,11,8
2026-04,美国,iOS,non-Organic,Expression,65.8,15.466666666666667,1822.0,0.008493358150889214,0.035877024743776444,28,30
2026-04,美国,iOS,non-Organic,Eye Brighten,45.6,25.666666666666668,1822.0,0.013883939944074091,0.024759601893516163,35,22
2026-04,美国,iOS,non-Organic,Face,546.2333333333333,236.5,1822.0,0.1290487284935816,0.299716365310468,2,1
2026-04,美国,iOS,non-Organic,Face Fix,122.13333333333334,23.333333333333332,1822.0,0.01242348282412607,0.06670809349112386,16,24
2026-04,美国,iOS,non-Organic,Filters,412.7,86.56666666666666,1822.0,0.04839850896310884,0.22820119846069614,5,10
2026-04,美国,iOS,non-Organic,Glitter,41.2,7.0,1822.0,0.0038667520631722394,0.02296886714155992,36,36
2026-04,美国,iOS,non-Organic,Glowup,180.93333333333334,48.06666666666667,1822.0,0.025996134214882893,0.09850814922358062,10,14
2026-04,美国,iOS,non-Organic,Hair,601.5666666666667,129.06666666666666,1822.0,0.07013833072154904,0.3251056837761755,1,5
2026-04,美国,iOS,non-Organic,Magic,438.8333333333333,202.66666666666666,1822.0,0.11256123915158311,0.24364481060385162,4,2
2026-04,美国,iOS,non-Organic,Makeup,232.7,87.73333333333333,1822.0,0.0476329582007589,0.12658257884599453,7,11
2026-04,美国,iOS,non-Organic,Matte,35.3,16.766666666666666,1822.0,0.009298814056582888,0.019551676988289964,39,28
2026-04,美国,iOS,non-Organic,Muscle,74.03333333333333,21.7,1822.0,0.011901809277698508,0.040342725719003374,26,25
2026-04,美国,iOS,non-Organic,Mykit,47.3,0.0,1822.0,0.0,0.026061740278326532,32,43
2026-04,美国,iOS,non-Organic,Plump,71.5,20.433333333333334,1822.0,0.01118263996672044,0.03910375502493219,27,26
2026-04,美国,iOS,non-Organic,Preset,97.33333333333333,6.7,1822.0,0.003656612604681363,0.054196400906632816,21,37
2026-04,美国,iOS,non-Organic,Prism,12.566666666666666,2.8,1822.0,0.0016311627329626697,0.0069929968633171136,44,40
2026-04,美国,iOS,non-Organic,Relight,235.06666666666666,91.3,1822.0,0.051421965719256425,0.13159678533836136,6,9
2026-04,美国,iOS,non-Organic,Reshape,226.9,120.86666666666666,1822.0,0.06603640980095546,0.12451550046015511,9,6
2026-04,美国,iOS,non-Organic,Resize,88.43333333333334,39.56666666666667,1822.0,0.021352030759553813,0.047846852916153065,23,19
2026-04,美国,iOS,non-Organic,Skin Tone,140.63333333333333,81.9,1822.0,0.044841074124809845,0.0771788033151628,13,13
2026-04,美国,iOS,non-Organic,Smooth,228.73333333333332,156.8,1822.0,0.08593370818132184,0.12568320135460062,8,3
2026-04,美国,iOS,non-Organic,Stamp,16.3,3.7,1822.0,0.002075790557553677,0.009086458966964603,43,38
2026-04,美国,iOS,non-Organic,Teeth,113.2,0.0,1822.0,0.0,0.061090966801036456,19,43
2026-04,美国,iOS,non-Organic,Text,23.733333333333334,1.5666666666666667,1822.0,0.0008246802527103599,0.013081213662981206,41,42
2026-04,英国,Android,Organic,AI Expand,4.166666666666667,1.0666666666666667,158.63333333333333,0.006747607885696422,0.02583256593686971,36,34
2026-04,英国,Android,Organic,AI Image,14.533333333333333,1.5333333333333334,158.63333333333333,0.010928425832377773,0.0915423110029778,11,28
2026-04,英国,Android,Organic,AI Repair,8.866666666666667,4.066666666666666,158.63333333333333,0.02634184815155407,0.05686725586073315,21,19
2026-04,英国,Android,Organic,AI Replace,4.333333333333333,1.7666666666666666,158.63333333333333,0.011739370580793076,0.02685048963420979,35,27
2026-04,英国,Android,Organic,AI Retouch,36.5,14.0,158.63333333333333,0.08683676011496085,0.224574710973312,4,4
2026-04,英国,Android,Organic,AI Tattoo,2.8333333333333335,0.5333333333333333,158.63333333333333,0.0034374225873848884,0.018617855012771602,40,37
2026-04,英国,Android,Organic,Acne,11.233333333333333,7.6,158.63333333333333,0.04703126253494197,0.07064763752886187,15,10
2026-04,英国,Android,Organic,Adjust,10.033333333333333,4.333333333333333,158.63333333333333,0.027123930836985048,0.06162203496545902,18,16
2026-04,英国,Android,Organic,Background,8.866666666666667,1.3,158.63333333333333,0.00849230042336323,0.05397408045824302,23,31
2026-04,英国,Android,Organic,Blur,7.066666666666666,4.3,158.63333333333333,0.026398038760923618,0.04440394818238005,26,18
2026-04,英国,Android,Organic,Body,8.933333333333334,4.766666666666667,158.63333333333333,0.02950542754071132,0.05574726167024982,22,14
2026-04,英国,Android,Organic,Bokeh,2.566666666666667,0.5,158.63333333333333,0.002806882465831624,0.016864518120055717,42,39
2026-04,英国,Android,Organic,Brighten,7.666666666666667,4.166666666666667,158.63333333333333,0.026880871713788425,0.0488702616159327,25,17
2026-04,英国,Android,Organic,Concealer,9.7,4.433333333333334,158.63333333333333,0.026021505128413416,0.05902312686667814,19,20
2026-04,英国,Android,Organic,Contour,4.2,1.6333333333333333,158.63333333333333,0.009545531892193282,0.027081530174568245,34,29
2026-04,英国,Android,Organic,Crop,8.5,6.766666666666667,158.63333333333333,0.04298702070230458,0.052601064655712806,24,11
2026-04,英国,Android,Organic,Dark Circles,6.533333333333333,4.8,158.63333333333333,0.02815789867494881,0.03981334394414113,29,15
2026-04,英国,Android,Organic,Details,4.7,2.3,158.63333333333333,0.01435084952466708,0.02985678515399048,33,25
2026-04,英国,Android,Organic,Effects,11.866666666666667,0.36666666666666664,158.63333333333333,0.002538970162577357,0.07462139306964302,13,40
2026-04,英国,Android,Organic,Eraser,15.166666666666666,8.266666666666667,158.63333333333333,0.05201976884958041,0.09578033925024387,9,8
2026-04,英国,Android,Organic,Expression,5.7,1.5,158.63333333333333,0.009226495616222534,0.036414599298017686,31,30
2026-04,英国,Android,Organic,Eye Brighten,5.166666666666667,3.1666666666666665,158.63333333333333,0.01848518576675205,0.03237778236364429,32,23
2026-04,英国,Android,Organic,Face,44.9,20.9,158.63333333333333,0.12693512098127202,0.27735090051470224,1,2
2026-04,英国,Android,Organic,Face Fix,10.7,3.6,158.63333333333333,0.02156019040172003,0.06547320651034406,16,22
2026-04,英国,Android,Organic,Filters,35.46666666666667,11.133333333333333,158.63333333333333,0.0712872048562066,0.22497126418733326,3,5
2026-04,英国,Android,Organic,Glitter,3.466666666666667,0.7,158.63333333333333,0.003912545511811871,0.024060143413914357,37,36
2026-04,英国,Android,Organic,Glowup,11.933333333333334,3.9,158.63333333333333,0.024729733338568895,0.07665675696314223,12,21
2026-04,英国,Android,Organic,Hair,22.233333333333334,6.666666666666667,158.63333333333333,0.04261244021551958,0.14089467626942204,5,12
2026-04,英国,Android,Organic,Magic,44.166666666666664,21.5,158.63333333333333,0.1358593609225979,0.2770527682576088,2,1
2026-04,英国,Android,Organic,Makeup,20.566666666666666,9.933333333333334,158.63333333333333,0.06205739069767192,0.12844917007630904,6,6
2026-04,英国,Android,Organic,Matte,2.8666666666666667,1.3666666666666667,158.63333333333333,0.007993829584729929,0.01824782895502141,41,32
2026-04,英国,Android,Organic,Muscle,3.033333333333333,1.2666666666666666,158.63333333333333,0.007736173205112763,0.019569089976002766,38,33
2026-04,英国,Android,Organic,Mykit,7.1,0.0,158.63333333333333,0.0,0.0424144117999529,28,43
2026-04,英国,Android,Organic,Plump,6.9,2.1333333333333333,158.63333333333333,0.013696598687213764,0.042971923754082944,27,26
2026-04,英国,Android,Organic,Preset,9.266666666666667,0.7333333333333333,158.63333333333333,0.004601378945590774,0.057402517371302184,20,35
2026-04,英国,Android,Organic,Prism,1.6666666666666667,0.5666666666666667,158.63333333333333,0.0032526061808223895,0.013229248141934678,44,38
2026-04,英国,Android,Organic,Relight,14.6,5.733333333333333,158.63333333333333,0.03756593325813788,0.09326284479928618,10,13
2026-04,英国,Android,Organic,Reshape,15.166666666666666,8.133333333333333,158.63333333333333,0.05212484265553973,0.09679739939798244,8,7
2026-04,英国,Android,Organic,Resize,6.233333333333333,3.0,158.63333333333333,0.017871207151278424,0.03786411592597428,30,24
2026-04,英国,Android,Organic,Skin Tone,11.733333333333333,7.8,158.63333333333333,0.04851494808854165,0.07384628893277742,14,9
2026-04,英国,Android,Organic,Smooth,19.866666666666667,14.9,158.63333333333333,0.0941693653456778,0.1269671852707536,7,3
2026-04,英国,Android,Organic,Stamp,1.9333333333333333,0.26666666666666666,158.63333333333333,0.0017131453469377762,0.015124092104917075,43,41
2026-04,英国,Android,Organic,Teeth,10.666666666666666,0.0,158.63333333333333,0.0,0.06545676445365854,17,43
2026-04,英国,Android,Organic,Text,2.933333333333333,0.2,158.63333333333333,0.0014296878207806633,0.01954906796098605,39,42
2026-04,英国,Android,non-Organic,AI Expand,1.4,0.3333333333333333,54.46666666666667,0.005114776691691499,0.03187188500614719,38,34
2026-04,英国,Android,non-Organic,AI Image,5.4,0.5333333333333333,54.46666666666667,0.010281014936338324,0.09653103926421634,10,29
2026-04,英国,Android,non-Organic,AI Repair,3.1333333333333333,1.1,54.46666666666667,0.02181458677274713,0.0692515419790488,22,22
2026-04,英国,Android,non-Organic,AI Replace,1.3793103448275863,0.6206896551724138,55.827586206896555,0.01072512488656416,0.0322192879107819,37,28
2026-04,英国,Android,non-Organic,AI Retouch,14.333333333333334,5.7,54.46666666666667,0.09620180800325165,0.2522967574665977,3,4
2026-04,英国,Android,non-Organic,AI Tattoo,1.1,0.13333333333333333,54.46666666666667,0.0023844910063663075,0.036168350922099114,36,37
2026-04,英国,Android,non-Organic,Acne,3.4,2.433333333333333,54.46666666666667,0.045201740245442566,0.07180739935241305,21,11
2026-04,英国,Android,non-Organic,Adjust,3.7666666666666666,1.3333333333333333,54.46666666666667,0.022696078511347313,0.07223082360397903,20,21
2026-04,英国,Android,non-Organic,Background,3.6333333333333333,0.4,54.46666666666667,0.005905435792665995,0.07249112224624778,19,33
2026-04,英国,Android,non-Organic,Blur,2.6551724137931036,1.6896551724137931,55.827586206896555,0.029256829291153134,0.0524560479331972,27,17
2026-04,英国,Android,non-Organic,Body,4.033333333333333,2.433333333333333,54.46666666666667,0.046005642374218926,0.08178309403870608,14,10
2026-04,英国,Android,non-Organic,Bokeh,0.9333333333333333,0.13333333333333333,54.46666666666667,0.0019243835538087792,0.02852092979503632,39,38
2026-04,英国,Android,non-Organic,Brighten,2.8333333333333335,1.5,54.46666666666667,0.028685965145357664,0.06536744345591403,24,18
2026-04,英国,Android,non-Organic,Concealer,3.8333333333333335,1.9333333333333333,54.46666666666667,0.0324422318029231,0.07518745428721586,18,15
2026-04,英国,Android,non-Organic,Contour,1.6206896551724137,0.6551724137931034,55.96551724137931,0.010784415249332225,0.036283747847707964,35,27
2026-04,英国,Android,non-Organic,Crop,2.6333333333333333,1.9666666666666666,54.46666666666667,0.03416323801128598,0.05217910710903208,28,14
2026-04,英国,Android,non-Organic,Dark Circles,1.9333333333333333,1.5333333333333334,54.46666666666667,0.02449746219702233,0.041277998463382336,32,20
2026-04,英国,Android,non-Organic,Details,1.7586206896551724,0.3448275862068966,55.96551724137931,0.006294421714547001,0.03908203685442528,34,32
2026-04,英国,Android,non-Organic,Effects,4.266666666666667,0.13333333333333333,54.46666666666667,0.002998038606557876,0.07736559088138804,15,36
2026-04,英国,Android,non-Organic,Eraser,5.066666666666666,3.066666666666667,54.46666666666667,0.05507543496192669,0.09360637972691625,11,7
2026-04,英国,Android,non-Organic,Expression,2.6666666666666665,0.7666666666666667,54.46666666666667,0.014810567512770075,0.05490330251869793,26,26
2026-04,英国,Android,non-Organic,Eye Brighten,1.6551724137931034,1.1379310344827587,55.96551724137931,0.01860506016432029,0.04318155528159138,31,24
2026-04,英国,Android,non-Organic,Face,18.933333333333334,9.066666666666666,54.46666666666667,0.15751924658071845,0.33480553978536326,1,1
2026-04,英国,Android,non-Organic,Face Fix,4.8,1.8333333333333333,54.46666666666667,0.030325619511920955,0.09061282208842159,12,16
2026-04,英国,Android,non-Organic,Filters,13.466666666666667,4.433333333333334,54.46666666666667,0.08131271302322794,0.24081738691346358,4,5
2026-04,英国,Android,non-Organic,Glitter,1.1666666666666667,0.13333333333333333,54.46666666666667,0.0015019436280153324,0.025651542937015027,42,41
2026-04,英国,Android,non-Organic,Glowup,5.2,1.6,54.46666666666667,0.024969103229407548,0.09843918364717517,9,19
2026-04,英国,Android,non-Organic,Hair,9.5,2.2,54.46666666666667,0.035873417972774366,0.17125974352769335,5,12
2026-04,英国,Android,non-Organic,Magic,15.966666666666667,7.0,54.46666666666667,0.1240450041926111,0.28348044469705047,2,2
2026-04,英国,Android,non-Organic,Makeup,7.266666666666667,3.3333333333333335,54.46666666666667,0.055719317428552434,0.13198509316781656,7,6
2026-04,英国,Android,non-Organic,Matte,0.6333333333333333,0.43333333333333335,54.46666666666667,0.007210389785675895,0.025017869176404472,43,31
2026-04,英国,Android,non-Organic,Muscle,1.4333333333333333,0.5,54.46666666666667,0.010072139662998992,0.0407784868795171,33,30
2026-04,英国,Android,non-Organic,Mykit,2.586206896551724,0.0,55.96551724137931,0.0,0.051350493113246784,29,43
2026-04,英国,Android,non-Organic,Plump,2.933333333333333,0.9666666666666667,54.46666666666667,0.01729290150228274,0.05900433042074212,25,25
2026-04,英国,Android,non-Organic,Preset,3.566666666666667,0.36666666666666664,54.46666666666667,0.005070091684833943,0.06867306259468209,23,35
2026-04,英国,Android,non-Organic,Prism,0.5357142857142857,0.10714285714285714,57.42857142857143,0.0015391733114737808,0.028078568912232586,40,40
2026-04,英国,Android,non-Organic,Relight,4.633333333333334,2.066666666666667,54.46666666666667,0.03515853311712956,0.08548659036828092,13,13
2026-04,英国,Android,non-Organic,Reshape,6.333333333333333,3.033333333333333,54.46666666666667,0.05213782866068239,0.1141820529230924,8,8
2026-04,英国,Android,non-Organic,Resize,2.2666666666666666,1.1,54.46666666666667,0.019120110781242323,0.04612994985547525,30,23
2026-04,英国,Android,non-Organic,Skin Tone,3.8666666666666667,2.7333333333333334,54.46666666666667,0.04745685201628957,0.07640594040881196,16,9
2026-04,英国,Android,non-Organic,Smooth,7.133333333333334,5.533333333333333,54.46666666666667,0.1023876588347456,0.13363039615192812,6,3
2026-04,英国,Android,non-Organic,Stamp,0.5,0.03571428571428571,57.42857142857143,0.0005952380952380952,0.020210276768811146,44,42
2026-04,英国,Android,non-Organic,Teeth,4.066666666666666,0.0,54.46666666666667,0.0,0.07580558691973474,17,43
2026-04,英国,Android,non-Organic,Text,0.8666666666666667,0.1,54.46666666666667,0.001750293054640881,0.026671246188338493,41,39
2026-04,英国,iOS,Organic,AI Expand,13.633333333333333,4.333333333333333,792.8,0.005503662990937486,0.01730615542896354,39,32
2026-04,英国,iOS,Organic,AI Image,47.5,3.966666666666667,792.8,0.0048959516454773885,0.06040308379153662,22,33
2026-04,英国,iOS,Organic,AI Repair,29.7,9.3,792.8,0.011870781908149485,0.03755951818855503,28,25
2026-04,英国,iOS,Organic,AI Replace,12.766666666666667,4.9,792.8,0.006217005130329572,0.0165474504728881,40,31
2026-04,英国,iOS,Organic,AI Retouch,212.53333333333333,69.43333333333334,792.8,0.0870383772322909,0.26655787655805324,3,5
2026-04,英国,iOS,Organic,AI Tattoo,17.033333333333335,2.7,792.8,0.0034753409988511805,0.02176589382037899,36,36
2026-04,英国,iOS,Organic,Acne,82.36666666666666,57.733333333333334,792.8,0.07369710901034732,0.10503750810430099,11,8
2026-04,英国,iOS,Organic,Adjust,79.53333333333333,45.4,792.8,0.05131654384745941,0.09423416086768735,14,13
2026-04,英国,iOS,Organic,Background,42.93333333333333,3.7666666666666666,792.8,0.00488177800021925,0.05441921746829581,24,34
2026-04,英国,iOS,Organic,Blur,40.36666666666667,23.7,792.8,0.030445350107870726,0.05172544930119885,25,19
2026-04,英国,iOS,Organic,Body,67.1,41.766666666666666,792.8,0.05271902076729264,0.08481337297847834,15,11
2026-04,英国,iOS,Organic,Bokeh,10.6,2.1666666666666665,792.8,0.002769666423458773,0.01370032767338217,41,38
2026-04,英国,iOS,Organic,Brighten,48.63333333333333,24.8,792.8,0.03118596658849736,0.0614807771682984,20,18
2026-04,英国,iOS,Organic,Concealer,57.13333333333333,26.566666666666666,792.8,0.03358353993573036,0.07238138648113902,17,16
2026-04,英国,iOS,Organic,Contour,24.733333333333334,12.9,792.8,0.015979604904899598,0.03101175405679877,32,24
2026-04,英国,iOS,Organic,Crop,27.033333333333335,20.1,792.8,0.025226643167888144,0.03403407572375449,30,20
2026-04,英国,iOS,Organic,Dark Circles,35.833333333333336,25.5,792.8,0.03192135633429925,0.0447704564096014,27,17
2026-04,英国,iOS,Organic,Details,22.4,7.166666666666667,792.8,0.009161228214531619,0.02870310469943003,34,28
2026-04,英国,iOS,Organic,Effects,60.46666666666667,0.7666666666666667,792.8,0.0009775714639140235,0.07443102648846003,16,42
2026-04,英国,iOS,Organic,Eraser,80.53333333333333,44.46666666666667,792.8,0.0562270729060971,0.10177646164777521,12,9
2026-04,英国,iOS,Organic,Expression,26.933333333333334,5.5,792.8,0.0070716918162068735,0.03375555184095465,31,29
2026-04,英国,iOS,Organic,Eye Brighten,28.933333333333334,18.966666666666665,792.8,0.02395727859839447,0.0365585383379836,29,22
2026-04,英国,iOS,Organic,Face,252.13333333333333,118.26666666666667,792.8,0.14868439846221848,0.3173830592498232,1,1
2026-04,英国,iOS,Organic,Face Fix,54.1,8.233333333333333,792.8,0.010311483527278448,0.06811779529168828,18,27
2026-04,英国,iOS,Organic,Filters,209.33333333333334,41.4,792.8,0.051375459928194284,0.2579058541829666,4,12
2026-04,英国,iOS,Organic,Glitter,17.0,2.6,792.8,0.003281771256471137,0.021395717662949697,38,37
2026-04,英国,iOS,Organic,Glowup,80.56666666666666,26.866666666666667,792.8,0.03382520213115839,0.10089643350094996,13,15
2026-04,英国,iOS,Organic,Hair,108.4,29.666666666666668,792.8,0.037404719177041655,0.136770202000906,9,14
2026-04,英国,iOS,Organic,Magic,226.16666666666666,112.6,792.8,0.14174002566557384,0.28468422860556564,2,2
2026-04,英国,iOS,Organic,Makeup,119.3,44.233333333333334,792.8,0.055625735643317645,0.14970806602204903,7,10
2026-04,英国,iOS,Organic,Matte,18.2,8.833333333333334,792.8,0.011285118546350826,0.022946239434302733,35,26
2026-04,英国,iOS,Organic,Muscle,17.066666666666666,4.866666666666666,792.8,0.006317186517662961,0.021578349343812458,37,30
2026-04,英国,iOS,Organic,Mykit,23.9,0.0,792.8,0.0,0.030136676292708938,33,43
2026-04,英国,iOS,Organic,Plump,40.93333333333333,13.3,792.8,0.01695119877398368,0.0516089985131977,26,23
2026-04,英国,iOS,Organic,Preset,49.06666666666667,3.6666666666666665,792.8,0.004668055349095634,0.06112577661304552,21,35
2026-04,英国,iOS,Organic,Prism,4.933333333333334,1.2,792.8,0.0015645674755098136,0.0063136069008081965,44,40
2026-04,英国,iOS,Organic,Relight,141.76666666666668,68.06666666666666,792.8,0.07863206058232922,0.17026840721620992,6,7
2026-04,英国,iOS,Organic,Reshape,114.33333333333333,70.13333333333334,792.8,0.0886093668670526,0.1439531708880223,8,4
2026-04,英国,iOS,Organic,Resize,43.766666666666666,19.6,792.8,0.024574406575436792,0.054679782456318576,23,21
2026-04,英国,iOS,Organic,Skin Tone,93.06666666666666,64.5,792.8,0.08099639687050322,0.11736231623036301,10,6
2026-04,英国,iOS,Organic,Smooth,139.46666666666667,104.9,792.8,0.13167580079963292,0.17552826527218565,5,3
2026-04,英国,iOS,Organic,Stamp,6.733333333333333,1.9666666666666666,792.8,0.0025423285166084803,0.008684470766615264,43,39
2026-04,英国,iOS,Organic,Teeth,51.0,0.0,792.8,0.0,0.06365299197804099,19,43
2026-04,英国,iOS,Organic,Text,9.8,0.9,792.8,0.0011648816411762447,0.012691593263435353,42,41
2026-04,英国,iOS,non-Organic,AI Expand,7.9,2.4,385.1333333333333,0.0063101867988938215,0.020448942114835975,39,34
2026-04,英国,iOS,non-Organic,AI Image,30.866666666666667,2.7333333333333334,385.1333333333333,0.00721899518657824,0.079981842234792,18,33
2026-04,英国,iOS,non-Organic,AI Repair,20.033333333333335,6.233333333333333,385.1333333333333,0.016293804512619477,0.05293227032405772,25,26
2026-04,英国,iOS,non-Organic,AI Replace,6.566666666666666,3.1333333333333333,385.1333333333333,0.00832192073811355,0.01716136453597943,40,31
2026-04,英国,iOS,non-Organic,AI Retouch,111.86666666666666,39.6,385.1333333333333,0.10283864305054287,0.2900065911113386,3,4
2026-04,英国,iOS,non-Organic,AI Tattoo,8.4,1.2333333333333334,385.1333333333333,0.003392770047988528,0.0219652612398129,37,37
2026-04,英国,iOS,non-Organic,Acne,37.4,25.766666666666666,385.1333333333333,0.06703672065559546,0.09731352810615114,13,8
2026-04,英国,iOS,non-Organic,Adjust,33.233333333333334,16.866666666666667,385.1333333333333,0.04134302713158801,0.08353003352683412,15,14
2026-04,英国,iOS,non-Organic,Background,26.566666666666666,3.1,385.1333333333333,0.008117855440784662,0.06906891478392667,20,32
2026-04,英国,iOS,non-Organic,Blur,18.2,10.7,385.1333333333333,0.02798158191817508,0.047439209866790365,27,19
2026-04,英国,iOS,non-Organic,Body,34.6,21.4,385.1333333333333,0.056184178327072905,0.090472010312581,14,11
2026-04,英国,iOS,non-Organic,Bokeh,4.433333333333334,0.36666666666666664,385.1333333333333,0.0009139154695810722,0.01161310801213403,42,41
2026-04,英国,iOS,non-Organic,Brighten,24.266666666666666,12.133333333333333,385.1333333333333,0.0316958024149558,0.06336553833317157,22,18
2026-04,英国,iOS,non-Organic,Concealer,29.2,13.133333333333333,385.1333333333333,0.03399237600529772,0.07564037313498292,19,16
2026-04,英国,iOS,non-Organic,Contour,11.5,6.366666666666666,385.1333333333333,0.016440794661298632,0.030120545348934276,34,25
2026-04,英国,iOS,non-Organic,Crop,12.733333333333333,8.966666666666667,385.1333333333333,0.023728360709569855,0.03345562829279424,32,21
2026-04,英国,iOS,non-Organic,Dark Circles,17.5,12.566666666666666,385.1333333333333,0.03242895184758124,0.04539742679589541,28,17
2026-04,英国,iOS,non-Organic,Details,12.633333333333333,4.566666666666666,385.1333333333333,0.01212476418996664,0.03315657832890544,33,27
2026-04,英国,iOS,non-Organic,Effects,31.466666666666665,0.43333333333333335,385.1333333333333,0.0011681936809258477,0.08175510131722162,17,39
2026-04,英国,iOS,non-Organic,Eraser,43.733333333333334,24.533333333333335,385.1333333333333,0.063429635637583,0.11294611804272718,11,9
2026-04,英国,iOS,non-Organic,Expression,16.2,3.533333333333333,385.1333333333333,0.009163674226760907,0.04200831072970903,29,29
2026-04,英国,iOS,non-Organic,Eye Brighten,13.866666666666667,8.833333333333334,385.1333333333333,0.022686746515498804,0.035854817515124524,30,22
2026-04,英国,iOS,non-Organic,Face,126.96666666666667,62.5,385.1333333333333,0.16128524893499768,0.32857498716164846,1,1
2026-04,英国,iOS,non-Organic,Face Fix,31.766666666666666,6.666666666666667,385.1333333333333,0.01710251376970151,0.08207505612652534,16,24
2026-04,英国,iOS,non-Organic,Filters,101.83333333333333,19.8,385.1333333333333,0.05126178472652632,0.26340047443830283,4,12
2026-04,英国,iOS,non-Organic,Glitter,8.066666666666666,1.5,385.1333333333333,0.004073025493671585,0.021022995965676628,38,36
2026-04,英国,iOS,non-Organic,Glowup,40.13333333333333,14.8,385.1333333333333,0.03841965088015104,0.10366310760776214,12,15
2026-04,英国,iOS,non-Organic,Hair,62.63333333333333,17.6,385.1333333333333,0.045655707248055184,0.16280688597660065,6,13
2026-04,英国,iOS,non-Organic,Magic,119.2,58.266666666666666,385.1333333333333,0.15189214893261946,0.3105179733624635,2,2
2026-04,英国,iOS,non-Organic,Makeup,56.96666666666667,22.266666666666666,385.1333333333333,0.05763793645732559,0.1468034191381035,8,10
2026-04,英国,iOS,non-Organic,Matte,8.666666666666666,3.933333333333333,385.1333333333333,0.010177183512183614,0.02265995017649648,36,28
2026-04,英国,iOS,non-Organic,Muscle,9.8,3.533333333333333,385.1333333333333,0.009066458745971505,0.025649364320426932,35,30
2026-04,英国,iOS,non-Organic,Mykit,13.9,0.0,385.1333333333333,0.0,0.03583981086913005,31,43
2026-04,英国,iOS,non-Organic,Plump,20.3,7.0,385.1333333333333,0.018021793571160856,0.052203399615951475,26,23
2026-04,英国,iOS,non-Organic,Preset,25.3,2.2333333333333334,385.1333333333333,0.005618179909158009,0.06537825697453685,21,35
2026-04,英国,iOS,non-Organic,Prism,2.6333333333333333,0.4666666666666667,385.1333333333333,0.0011531927948343396,0.007379088776712509,44,40
2026-04,英国,iOS,non-Organic,Relight,58.13333333333333,27.933333333333334,385.1333333333333,0.0709561089679951,0.14987084457824462,7,7
2026-04,英国,iOS,non-Organic,Reshape,55.266666666666666,32.5,385.1333333333333,0.08445169110613558,0.14420110769820502,9,5
2026-04,英国,iOS,non-Organic,Resize,21.766666666666666,10.266666666666667,385.1333333333333,0.026700389375755258,0.05625253099935057,24,20
2026-04,英国,iOS,non-Organic,Skin Tone,43.7,29.366666666666667,385.1333333333333,0.07617561165697379,0.11359848703498084,10,6
2026-04,英国,iOS,non-Organic,Smooth,63.96666666666667,46.1,385.1333333333333,0.1196090634912021,0.16687417384844921,5,3
2026-04,英国,iOS,non-Organic,Stamp,3.433333333333333,0.8,385.1333333333333,0.002091762556732391,0.009148641960395642,43,38
2026-04,英国,iOS,non-Organic,Teeth,24.766666666666666,0.0,385.1333333333333,0.0,0.06268656936164906,23,43
2026-04,英国,iOS,non-Organic,Text,5.8,0.1,385.1333333333333,0.0002545085699920461,0.015336850400507107,41,42
2026-05,墨西哥,Android,Organic,AI Expand,6.612903225806452,2.6451612903225805,253.51612903225808,0.010511089845459193,0.026177856135759816,31,24
2026-05,墨西哥,Android,Organic,AI Image,19.774193548387096,3.193548387096774,253.51612903225808,0.012507016509003108,0.08001671009855922,10,21
2026-05,墨西哥,Android,Organic,AI Repair,18.612903225806452,10.096774193548388,253.51612903225808,0.04056052963584141,0.07534666051276252,12,12
2026-05,墨西哥,Android,Organic,AI Replace,3.6129032258064515,1.6451612903225807,253.51612903225808,0.006477167729998161,0.014653956277135826,40,33
2026-05,墨西哥,Android,Organic,AI Retouch,41.67741935483871,15.580645161290322,253.51612903225808,0.061156946051126995,0.1638235248133152,5,5
2026-05,墨西哥,Android,Organic,AI Tattoo,6.096774193548387,1.5161290322580645,253.51612903225808,0.0061259298685335676,0.024484430959267816,33,34
2026-05,墨西哥,Android,Organic,Acne,11.838709677419354,8.35483870967742,253.51612903225808,0.033008122977470154,0.04694251351837684,20,15
2026-05,墨西哥,Android,Organic,Adjust,19.967741935483872,9.32258064516129,253.51612903225808,0.03795177080452152,0.07965271188181562,11,14
2026-05,墨西哥,Android,Organic,Background,11.612903225806452,1.5806451612903225,253.51612903225808,0.006536921337873338,0.04717330611913355,19,32
2026-05,墨西哥,Android,Organic,Blur,10.838709677419354,7.193548387096774,253.51612903225808,0.028926615418875635,0.04307152390019774,22,16
2026-05,墨西哥,Android,Organic,Body,23.93548387096774,14.161290322580646,253.51612903225808,0.05558530383247807,0.09419216474680263,9,8
2026-05,墨西哥,Android,Organic,Bokeh,4.903225806451613,1.3225806451612903,253.51612903225808,0.005338658823933258,0.019520523245940405,36,35
2026-05,墨西哥,Android,Organic,Brighten,5.967741935483871,3.129032258064516,253.51612903225808,0.012229305762657081,0.023147951994678194,35,22
2026-05,墨西哥,Android,Organic,Concealer,7.064516129032258,2.2580645161290325,253.51612903225808,0.009309684351851286,0.028636951589864876,30,27
2026-05,墨西哥,Android,Organic,Contour,2.935483870967742,1.2903225806451613,253.51612903225808,0.005116405733382469,0.011885112492076643,44,36
2026-05,墨西哥,Android,Organic,Crop,15.516129032258064,12.387096774193548,253.51612903225808,0.04946965407532096,0.062055544402364014,15,11
2026-05,墨西哥,Android,Organic,Dark Circles,5.870967741935484,4.032258064516129,253.51612903225808,0.016415830389210923,0.023720632734018584,34,19
2026-05,墨西哥,Android,Organic,Details,3.7419354838709675,1.6774193548387097,253.51612903225808,0.007101325614052497,0.015269020649113986,39,30
2026-05,墨西哥,Android,Organic,Effects,14.516129032258064,0.6451612903225806,253.51612903225808,0.0027125027492362697,0.057979044860810194,16,40
2026-05,墨西哥,Android,Organic,Eraser,25.161290322580644,13.35483870967742,253.51612903225808,0.05354300447947096,0.10091765455165563,8,10
2026-05,墨西哥,Android,Organic,Expression,10.64516129032258,3.0,253.51612903225808,0.012056788851837252,0.04167356718370766,23,23
2026-05,墨西哥,Android,Organic,Eye Brighten,3.3225806451612905,2.064516129032258,253.51612903225808,0.00810538733457725,0.013075095760326267,42,28
2026-05,墨西哥,Android,Organic,Face,48.83870967741935,20.677419354838708,253.51612903225808,0.08220937736542787,0.1927551032556252,3,1
2026-05,墨西哥,Android,Organic,Face Fix,9.774193548387096,2.4193548387096775,253.51612903225808,0.009558041545686671,0.038160559915915535,24,26
2026-05,墨西哥,Android,Organic,Filters,54.774193548387096,16.64516129032258,253.51612903225808,0.06640550052390903,0.21709658372883034,1,3
2026-05,墨西哥,Android,Organic,Glitter,6.387096774193548,0.8387096774193549,253.51612903225808,0.0030512225218053725,0.024834552962835016,32,39
2026-05,墨西哥,Android,Organic,Glowup,14.516129032258064,2.6451612903225805,253.51612903225808,0.010456767148857776,0.056927870672697604,17,25
2026-05,墨西哥,Android,Organic,Hair,53.54838709677419,14.451612903225806,253.51612903225808,0.05482896530152449,0.20712505490560829,2,9
2026-05,墨西哥,Android,Organic,Magic,43.87096774193548,19.161290322580644,253.51612903225808,0.07570044902109904,0.17475238967909784,4,2
2026-05,墨西哥,Android,Organic,Makeup,28.451612903225808,15.612903225806452,253.51612903225808,0.06247690207391782,0.11309167214134594,6,4
2026-05,墨西哥,Android,Organic,Matte,3.3870967741935485,1.6451612903225807,253.51612903225808,0.006859503591769277,0.013691632338234935,41,31
2026-05,墨西哥,Android,Organic,Muscle,9.258064516129032,3.2903225806451615,253.51612903225808,0.012864789591716094,0.03652247711805549,25,20
2026-05,墨西哥,Android,Organic,Mykit,7.741935483870968,0.0,253.51612903225808,0.0,0.03070889252145273,29,43
2026-05,墨西哥,Android,Organic,Plump,8.193548387096774,2.096774193548387,253.51612903225808,0.008032307156174806,0.03240940358145371,27,29
2026-05,墨西哥,Android,Organic,Preset,11.516129032258064,1.096774193548387,253.51612903225808,0.004614057332622269,0.04583836652364368,21,37
2026-05,墨西哥,Android,Organic,Prism,3.0,0.6451612903225806,253.51612903225808,0.0026669014349218327,0.012379946321084917,43,41
2026-05,墨西哥,Android,Organic,Relight,18.419354838709676,7.193548387096774,253.51612903225808,0.028867163358764544,0.07234737199638988,14,17
2026-05,墨西哥,Android,Organic,Reshape,25.580645161290324,14.612903225806452,253.51612903225808,0.059517813250074734,0.10187780958309338,7,6
2026-05,墨西哥,Android,Organic,Resize,8.612903225806452,4.387096774193548,253.51612903225808,0.017567208982851846,0.034160897813793195,26,18
2026-05,墨西哥,Android,Organic,Skin Tone,14.03225806451613,9.64516129032258,253.51612903225808,0.038378145691887244,0.05615413485323816,18,13
2026-05,墨西哥,Android,Organic,Smooth,18.580645161290324,14.193548387096774,253.51612903225808,0.056605869444343745,0.0740395647794305,13,7
2026-05,墨西哥,Android,Organic,Stamp,4.67741935483871,1.1935483870967742,253.51612903225808,0.004410357157779558,0.017888999982841217,37,38
2026-05,墨西哥,Android,Organic,Teeth,7.741935483870968,0.0,253.51612903225808,0.0,0.030848861392385008,28,43
2026-05,墨西哥,Android,Organic,Text,4.451612903225806,0.5161290322580645,253.51612903225808,0.0021088895739951197,0.017793146887855313,38,42
2026-05,墨西哥,Android,non-Organic,AI Expand,4.709677419354839,1.2580645161290323,898.3870967741935,0.0016068481334821966,0.005982843047341281,37,30
2026-05,墨西哥,Android,non-Organic,AI Image,50.0,5.806451612903226,898.3870967741935,0.00890468304687434,0.06692669446828417,8,12
2026-05,墨西哥,Android,non-Organic,AI Repair,26.06451612903226,10.387096774193548,898.3870967741935,0.014443988834379301,0.03600585350225933,12,7
2026-05,墨西哥,Android,non-Organic,AI Replace,3.2580645161290325,1.2580645161290323,898.3870967741935,0.001489925909926171,0.00428461000441078,40,32
2026-05,墨西哥,Android,non-Organic,AI Retouch,208.51612903225808,27.64516129032258,898.3870967741935,0.02738689090685907,0.2270977970161918,2,3
2026-05,墨西哥,Android,non-Organic,AI Tattoo,29.612903225806452,5.387096774193548,898.3870967741935,0.006168058308290745,0.03309720889968388,14,16
2026-05,墨西哥,Android,non-Organic,Acne,16.70967741935484,4.903225806451613,898.3870967741935,0.005771574863154433,0.018943938643653995,24,18
2026-05,墨西哥,Android,non-Organic,Adjust,13.903225806451612,2.838709677419355,898.3870967741935,0.0037631794232716536,0.017354473747045164,27,22
2026-05,墨西哥,Android,non-Organic,Background,15.193548387096774,1.3548387096774193,898.3870967741935,0.0016474795369628844,0.01885794744937836,25,29
2026-05,墨西哥,Android,non-Organic,Blur,4.483870967741935,1.3225806451612903,898.3870967741935,0.00190776196296288,0.006208427309886846,36,27
2026-05,墨西哥,Android,non-Organic,Body,35.54838709677419,11.67741935483871,898.3870967741935,0.015155341033871884,0.044247406575131494,10,6
2026-05,墨西哥,Android,non-Organic,Bokeh,2.193548387096774,0.3548387096774194,898.3870967741935,0.00039682307343469233,0.003531132261740749,44,41
2026-05,墨西哥,Android,non-Organic,Brighten,7.225806451612903,2.6129032258064515,898.3870967741935,0.0027045133178887513,0.007745624996351614,33,24
2026-05,墨西哥,Android,non-Organic,Concealer,10.225806451612904,2.3870967741935485,898.3870967741935,0.0026688452545395864,0.011838606440082262,30,25
2026-05,墨西哥,Android,non-Organic,Contour,2.7096774193548385,0.41935483870967744,898.3870967741935,0.0004966926920713367,0.0039338907124318555,43,40
2026-05,墨西哥,Android,non-Organic,Crop,13.0,9.483870967741936,898.3870967741935,0.01112863062414087,0.01543243475671716,29,11
2026-05,墨西哥,Android,non-Organic,Dark Circles,7.806451612903226,2.3225806451612905,898.3870967741935,0.002479280394127331,0.009332214880810069,32,26
2026-05,墨西哥,Android,non-Organic,Details,4.709677419354839,1.3870967741935485,898.3870967741935,0.0018425773594698302,0.0062352710710411345,35,28
2026-05,墨西哥,Android,non-Organic,Effects,20.838709677419356,0.6774193548387096,898.3870967741935,0.0008443620304028421,0.02511232237983439,21,36
2026-05,墨西哥,Android,non-Organic,Eraser,19.35483870967742,5.064516129032258,898.3870967741935,0.005997402635581321,0.023858088659523772,22,17
2026-05,墨西哥,Android,non-Organic,Expression,26.838709677419356,4.419354838709677,898.3870967741935,0.004945755457080139,0.030478048336128657,15,20
2026-05,墨西哥,Android,non-Organic,Eye Brighten,4.838709677419355,1.2903225806451613,898.3870967741935,0.0012670271713312528,0.0058203933678090975,38,34
2026-05,墨西哥,Android,non-Organic,Face,180.41935483870967,36.29032258064516,898.3870967741935,0.04039438606599971,0.20409738243558392,3,2
2026-05,墨西哥,Android,non-Organic,Face Fix,25.806451612903224,3.7419354838709675,898.3870967741935,0.0042076478714344326,0.02933134350738196,16,21
2026-05,墨西哥,Android,non-Organic,Filters,132.5483870967742,11.451612903225806,898.3870967741935,0.012775099082640937,0.15128164281054216,4,8
2026-05,墨西哥,Android,non-Organic,Glitter,15.32258064516129,1.2258064516129032,898.3870967741935,0.0014930240161283006,0.017698748667184325,26,31
2026-05,墨西哥,Android,non-Organic,Glowup,62.225806451612904,4.67741935483871,898.3870967741935,0.005290823474936711,0.06749531293035546,7,19
2026-05,墨西哥,Android,non-Organic,Hair,461.7741935483871,68.41935483870968,898.3870967741935,0.07276175095078008,0.5163004361749622,1,1
2026-05,墨西哥,Android,non-Organic,Magic,98.7741935483871,22.903225806451612,898.3870967741935,0.024596160252596408,0.11066019188989233,5,4
2026-05,墨西哥,Android,non-Organic,Makeup,33.96774193548387,6.612903225806452,898.3870967741935,0.008369128509124149,0.03880563250612894,11,13
2026-05,墨西哥,Android,non-Organic,Matte,3.032258064516129,0.7096774193548387,898.3870967741935,0.000720838846769001,0.004076470171148198,41,37
2026-05,墨西哥,Android,non-Organic,Muscle,68.38709677419355,14.419354838709678,898.3870967741935,0.015289305405736888,0.07371047572920163,6,5
2026-05,墨西哥,Android,non-Organic,Mykit,13.35483870967742,0.0,898.3870967741935,0.0,0.017171985675280693,28,43
2026-05,墨西哥,Android,non-Organic,Plump,23.129032258064516,2.7419354838709675,898.3870967741935,0.0030740794013702833,0.02680013324567951,19,23
2026-05,墨西哥,Android,non-Organic,Preset,21.903225806451612,0.6451612903225806,898.3870967741935,0.0005383158121760156,0.025736430848143036,20,39
2026-05,墨西哥,Android,non-Organic,Prism,2.3548387096774195,0.7096774193548387,898.3870967741935,0.0009932713470270883,0.003994053838415553,42,35
2026-05,墨西哥,Android,non-Organic,Relight,25.838709677419356,6.483870967741935,898.3870967741935,0.007007494752554913,0.0273567766383445,18,15
2026-05,墨西哥,Android,non-Organic,Reshape,46.806451612903224,9.32258064516129,898.3870967741935,0.012003192437497291,0.055958479361329735,9,10
2026-05,墨西哥,Android,non-Organic,Resize,6.096774193548387,1.096774193548387,898.3870967741935,0.0014007101428447966,0.007718497517188087,34,33
2026-05,墨西哥,Android,non-Organic,Skin Tone,24.419354838709676,10.03225806451613,898.3870967741935,0.012019095875396452,0.028441747354472597,17,9
2026-05,墨西哥,Android,non-Organic,Smooth,21.193548387096776,6.935483870967742,898.3870967741935,0.007349367019676451,0.023185963663125832,23,14
2026-05,墨西哥,Android,non-Organic,Stamp,3.7096774193548385,0.41935483870967744,898.3870967741935,0.0006956200775637868,0.005204600252346257,39,38
2026-05,墨西哥,Android,non-Organic,Teeth,30.903225806451612,0.0,898.3870967741935,0.0,0.034445667952702944,13,43
2026-05,墨西哥,Android,non-Organic,Text,7.32258064516129,0.2903225806451613,898.3870967741935,0.0003011684798480967,0.00935686204581947,31,42
2026-05,墨西哥,iOS,Organic,AI Expand,3.5161290322580645,1.2258064516129032,213.93548387096774,0.005979433991647987,0.017527263929622953,41,31
2026-05,墨西哥,iOS,Organic,AI Image,13.612903225806452,2.129032258064516,213.93548387096774,0.010197747110318267,0.06438133982822371,17,27
2026-05,墨西哥,iOS,Organic,AI Repair,18.387096774193548,6.225806451612903,213.93548387096774,0.02969571270100413,0.08844611824530126,15,17
2026-05,墨西哥,iOS,Organic,AI Replace,1.7741935483870968,0.7741935483870968,213.93548387096774,0.0036234532685178364,0.010651309396216129,44,35
2026-05,墨西哥,iOS,Organic,AI Retouch,43.774193548387096,16.612903225806452,213.93548387096774,0.07927285623966666,0.20279505677540233,4,8
2026-05,墨西哥,iOS,Organic,AI Tattoo,3.806451612903226,0.5806451612903226,213.93548387096774,0.002678896379524675,0.018048225713557443,40,39
2026-05,墨西哥,iOS,Organic,Acne,22.258064516129032,16.29032258064516,213.93548387096774,0.07557547942292875,0.10301560688268026,12,10
2026-05,墨西哥,iOS,Organic,Adjust,20.870967741935484,9.225806451612904,213.93548387096774,0.042502637345203785,0.09810342388431409,13,13
2026-05,墨西哥,iOS,Organic,Background,9.612903225806452,0.6774193548387096,213.93548387096774,0.003414142459727901,0.04445351604928354,25,37
2026-05,墨西哥,iOS,Organic,Blur,8.96774193548387,5.741935483870968,213.93548387096774,0.02662309690812408,0.041500241581340164,28,18
2026-05,墨西哥,iOS,Organic,Body,34.54838709677419,22.096774193548388,213.93548387096774,0.1040136602979887,0.16235910625089134,7,5
2026-05,墨西哥,iOS,Organic,Bokeh,4.354838709677419,1.1290322580645162,213.93548387096774,0.005133198335401838,0.02081075630895326,36,33
2026-05,墨西哥,iOS,Organic,Brighten,8.96774193548387,4.580645161290323,213.93548387096774,0.0214454480841065,0.04150969629382229,27,20
2026-05,墨西哥,iOS,Organic,Concealer,10.806451612903226,3.225806451612903,213.93548387096774,0.015066253472935852,0.04989058214357058,21,21
2026-05,墨西哥,iOS,Organic,Contour,4.225806451612903,2.2903225806451615,213.93548387096774,0.010283591975808398,0.019074068382791156,39,25
2026-05,墨西哥,iOS,Organic,Crop,9.64516129032258,6.419354838709677,213.93548387096774,0.02998556505712007,0.04533224122733932,24,16
2026-05,墨西哥,iOS,Organic,Dark Circles,9.96774193548387,6.67741935483871,213.93548387096774,0.03076927445052257,0.04572242932975237,23,15
2026-05,墨西哥,iOS,Organic,Details,5.032258064516129,1.6129032258064515,213.93548387096774,0.007675468478972302,0.023943109992686017,34,30
2026-05,墨西哥,iOS,Organic,Effects,17.258064516129032,0.0967741935483871,213.93548387096774,0.0004530388689541738,0.07970415342691452,16,42
2026-05,墨西哥,iOS,Organic,Eraser,25.387096774193548,13.0,213.93548387096774,0.0615641807903815,0.11879009338365931,11,12
2026-05,墨西哥,iOS,Organic,Expression,8.290322580645162,2.3548387096774195,213.93548387096774,0.010793114109716609,0.03809684824999374,29,24
2026-05,墨西哥,iOS,Organic,Eye Brighten,4.290322580645161,3.0,213.93548387096774,0.013849969674204095,0.0207744280185619,37,22
2026-05,墨西哥,iOS,Organic,Face,60.58064516129032,30.387096774193548,213.93548387096774,0.1418518791919988,0.28003047711170914,2,1
2026-05,墨西哥,iOS,Organic,Face Fix,9.32258064516129,1.2903225806451613,213.93548387096774,0.005642122760874718,0.04252812867102498,26,32
2026-05,墨西哥,iOS,Organic,Filters,61.516129032258064,16.516129032258064,213.93548387096774,0.07575139454088704,0.285317262189946,1,9
2026-05,墨西哥,iOS,Organic,Glitter,5.548387096774194,0.7741935483870968,213.93548387096774,0.003558689697780648,0.026515798703344022,33,36
2026-05,墨西哥,iOS,Organic,Glowup,13.709677419354838,2.935483870967742,213.93548387096774,0.013650061998552501,0.06279969982546749,18,23
2026-05,墨西哥,iOS,Organic,Hair,27.516129032258064,7.225806451612903,213.93548387096774,0.03349027527224001,0.1274405033025246,10,14
2026-05,墨西哥,iOS,Organic,Magic,57.45161290322581,30.032258064516128,213.93548387096774,0.13778092636293734,0.26633284483892183,3,2
2026-05,墨西哥,iOS,Organic,Makeup,33.54838709677419,18.548387096774192,213.93548387096774,0.08446474667923487,0.1543833611315822,8,6
2026-05,墨西哥,iOS,Organic,Matte,4.387096774193548,2.225806451612903,213.93548387096774,0.010274666097014837,0.020619514398069402,38,26
2026-05,墨西哥,iOS,Organic,Muscle,5.935483870967742,1.8709677419354838,213.93548387096774,0.009380731502232727,0.028559402776775895,31,28
2026-05,墨西哥,iOS,Organic,Mykit,5.67741935483871,0.0,213.93548387096774,0.0,0.02772276023048639,32,43
2026-05,墨西哥,iOS,Organic,Plump,7.67741935483871,1.7419354838709677,213.93548387096774,0.008343054551491874,0.035229492215213085,30,29
2026-05,墨西哥,iOS,Organic,Preset,12.387096774193548,0.7096774193548387,213.93548387096774,0.003160186188614703,0.05735425263516845,19,38
2026-05,墨西哥,iOS,Organic,Prism,2.225806451612903,0.41935483870967744,213.93548387096774,0.0017692661776872022,0.011821049051879577,43,40
2026-05,墨西哥,iOS,Organic,Relight,35.225806451612904,16.870967741935484,213.93548387096774,0.07951622359624032,0.16268619961667363,6,7
2026-05,墨西哥,iOS,Organic,Reshape,34.774193548387096,22.774193548387096,213.93548387096774,0.10793099665112571,0.16350349763121697,5,4
2026-05,墨西哥,iOS,Organic,Resize,11.193548387096774,4.580645161290323,213.93548387096774,0.0222104990133162,0.05336160412022437,20,19
2026-05,墨西哥,iOS,Organic,Skin Tone,20.387096774193548,14.32258064516129,213.93548387096774,0.0670412049082407,0.09552226182974141,14,11
2026-05,墨西哥,iOS,Organic,Smooth,32.38709677419355,25.580645161290324,213.93548387096774,0.11912977549254335,0.15034781822502533,9,3
2026-05,墨西哥,iOS,Organic,Stamp,4.516129032258065,1.064516129032258,213.93548387096774,0.00501215893436834,0.021129482353882918,35,34
2026-05,墨西哥,iOS,Organic,Teeth,10.709677419354838,0.0,213.93548387096774,0.0,0.04835842129892157,22,43
2026-05,墨西哥,iOS,Organic,Text,2.870967741935484,0.25806451612903225,213.93548387096774,0.0011722443381230988,0.013645892942553828,42,41
2026-05,墨西哥,iOS,non-Organic,AI Expand,0.5806451612903226,0.25806451612903225,13.32258064516129,0.02079944857681626,0.10992463880107935,24,23
2026-05,墨西哥,iOS,non-Organic,AI Image,2.806451612903226,0.3225806451612903,13.32258064516129,0.024613426240965613,0.22100848520333316,6,18
2026-05,墨西哥,iOS,non-Organic,AI Repair,2.7419354838709675,1.6774193548387097,13.32258064516129,0.1277496894468557,0.22161256111142624,5,1
2026-05,墨西哥,iOS,non-Organic,AI Replace,0.3,0.16666666666666666,13.366666666666667,0.012295343545343545,0.09857607930916201,35,29
2026-05,墨西哥,iOS,non-Organic,AI Retouch,3.032258064516129,1.096774193548387,13.32258064516129,0.08418805187160186,0.23748208130832527,4,6
2026-05,墨西哥,iOS,non-Organic,AI Tattoo,0.22580645161290322,0.03225806451612903,13.32258064516129,0.001697792869269949,0.07822500589744788,44,39
2026-05,墨西哥,iOS,non-Organic,Acne,0.6538461538461539,0.38461538461538464,13.615384615384615,0.041212807660176085,0.12074422753157632,21,12
2026-05,墨西哥,iOS,non-Organic,Adjust,1.064516129032258,0.2903225806451613,13.32258064516129,0.02356770752356491,0.14042322704818896,12,20
2026-05,墨西哥,iOS,non-Organic,Background,1.096774193548387,0.0967741935483871,13.32258064516129,0.007468143513024298,0.1350718314055724,15,34
2026-05,墨西哥,iOS,non-Organic,Blur,0.3870967741935484,0.1935483870967742,13.32258064516129,0.017188262104110633,0.09443971804955786,37,25
2026-05,墨西哥,iOS,non-Organic,Body,1.8064516129032258,1.1612903225806452,13.32258064516129,0.09135734706188581,0.16067528591850355,8,4
2026-05,墨西哥,iOS,non-Organic,Bokeh,0.16129032258064516,0.03225806451612903,13.32258064516129,0.0032258064516129032,0.09169931517757605,41,38
2026-05,墨西哥,iOS,non-Organic,Brighten,0.5769230769230769,0.38461538461538464,13.615384615384615,0.03257888647564761,0.10802144979776557,26,16
2026-05,墨西哥,iOS,non-Organic,Concealer,0.6538461538461539,0.15384615384615385,13.615384615384615,0.011437954757792813,0.10792465177256585,27,30
2026-05,墨西哥,iOS,non-Organic,Contour,0.35294117647058826,0.11764705882352941,13.470588235294118,0.011060834590246356,0.10130775657091447,33,31
2026-05,墨西哥,iOS,non-Organic,Crop,0.4838709677419355,0.2903225806451613,13.32258064516129,0.02387443576821299,0.09656955125347573,36,19
2026-05,墨西哥,iOS,non-Organic,Dark Circles,0.5384615384615384,0.38461538461538464,13.615384615384615,0.03333376025683718,0.10154078007338878,32,14
2026-05,墨西哥,iOS,non-Organic,Details,0.5294117647058824,0.17647058823529413,13.470588235294118,0.02054154995331466,0.1291174364482635,17,24
2026-05,墨西哥,iOS,non-Organic,Effects,1.064516129032258,0.0,13.32258064516129,0.0,0.12715893588403057,18,40
2026-05,墨西哥,iOS,non-Organic,Eraser,1.3225806451612903,0.7741935483870968,13.32258064516129,0.06444284739189707,0.13935721800220613,13,8
2026-05,墨西哥,iOS,non-Organic,Expression,0.6774193548387096,0.22580645161290322,13.32258064516129,0.017044034986199302,0.10473735777475765,30,26
2026-05,墨西哥,iOS,non-Organic,Eye Brighten,0.3157894736842105,0.2631578947368421,13.105263157894736,0.02289245841877421,0.0910113035113035,42,22
2026-05,墨西哥,iOS,non-Organic,Face,3.2580645161290325,1.5483870967741935,13.32258064516129,0.12158876974652448,0.2606626266328052,3,2
2026-05,墨西哥,iOS,non-Organic,Face Fix,0.967741935483871,0.1935483870967742,13.32258064516129,0.01631467332729605,0.12451155684132342,20,27
2026-05,墨西哥,iOS,non-Organic,Filters,4.129032258064516,0.967741935483871,13.32258064516129,0.07594736828837446,0.3069046952892818,1,7
2026-05,墨西哥,iOS,non-Organic,Glitter,0.5483870967741935,0.06451612903225806,13.32258064516129,0.0054139408978118655,0.09353529568707654,38,36
2026-05,墨西哥,iOS,non-Organic,Glowup,1.3548387096774193,0.16129032258064516,13.32258064516129,0.010378170834233126,0.13786104593649906,14,32
2026-05,墨西哥,iOS,non-Organic,Hair,2.5161290322580645,0.5161290322580645,13.32258064516129,0.04438245649386683,0.19412932507800107,7,11
2026-05,墨西哥,iOS,non-Organic,Magic,3.6451612903225805,1.3548387096774193,13.32258064516129,0.10610124900326498,0.2850250120396529,2,3
2026-05,墨西哥,iOS,non-Organic,Makeup,1.1935483870967742,0.45161290322580644,13.32258064516129,0.03267112938970558,0.14230883873988306,11,15
2026-05,墨西哥,iOS,non-Organic,Matte,0.24,0.12,13.48,0.012777777777777777,0.087543394608612,43,28
2026-05,墨西哥,iOS,non-Organic,Muscle,0.8709677419354839,0.3225806451612903,13.32258064516129,0.026989151670815507,0.10812196660398429,25,17
2026-05,墨西哥,iOS,non-Organic,Mykit,0.9,0.0,13.566666666666666,0.0,0.11154815009138813,22,40
2026-05,墨西哥,iOS,non-Organic,Plump,0.5161290322580645,0.0967741935483871,13.32258064516129,0.008011343495214464,0.09206475163184308,40,33
2026-05,墨西哥,iOS,non-Organic,Preset,0.8064516129032258,0.06451612903225806,13.32258064516129,0.003706672009617311,0.1072002175264882,28,37
2026-05,墨西哥,iOS,non-Organic,Prism,0.13333333333333333,0.0,13.366666666666667,0.0,0.09224539827988104,39,40
2026-05,墨西哥,iOS,non-Organic,Relight,1.6774193548387097,0.6774193548387096,13.32258064516129,0.05892176061678535,0.15472838718098755,9,10
2026-05,墨西哥,iOS,non-Organic,Reshape,1.2903225806451613,0.7096774193548387,13.32258064516129,0.0636113293942168,0.12646920419729357,19,9
2026-05,墨西哥,iOS,non-Organic,Resize,0.5161290322580645,0.2903225806451613,13.32258064516129,0.023009545632635617,0.10424524867844706,31,21
2026-05,墨西哥,iOS,non-Organic,Skin Tone,0.8076923076923077,0.46153846153846156,13.615384615384615,0.037349470142992405,0.10591863998257017,29,13
2026-05,墨西哥,iOS,non-Organic,Smooth,1.3333333333333333,0.9629629629629629,13.592592592592593,0.08745795949584406,0.15209045776478222,10,5
2026-05,墨西哥,iOS,non-Organic,Stamp,0.2,0.03333333333333333,13.366666666666667,0.005555555555555555,0.13197913197913197,16,35
2026-05,墨西哥,iOS,non-Organic,Teeth,0.5806451612903226,0.0,13.32258064516129,0.0,0.09979832182132348,34,40
2026-05,墨西哥,iOS,non-Organic,Text,0.3548387096774194,0.0,13.32258064516129,0.0,0.11044094794094794,23,40
2026-05,巴西,Android,Organic,AI Expand,30.161290322580644,13.806451612903226,1718.516129032258,0.008082913801381262,0.017665880969773916,35,28
2026-05,巴西,Android,Organic,AI Image,134.96774193548387,26.419354838709676,1718.516129032258,0.015404487365324468,0.07882904808014052,12,21
2026-05,巴西,Android,Organic,AI Repair,95.80645161290323,41.67741935483871,1718.516129032258,0.02433501860682384,0.05591079743059857,17,17
2026-05,巴西,Android,Organic,AI Replace,25.225806451612904,11.516129032258064,1718.516129032258,0.006748127095290149,0.014777418618479822,38,30
2026-05,巴西,Android,Organic,AI Retouch,301.64516129032256,114.03225806451613,1718.516129032258,0.06544478029138039,0.17385863290562517,5,6
2026-05,巴西,Android,Organic,AI Tattoo,43.16129032258065,10.935483870967742,1718.516129032258,0.006348757335984907,0.02504336223998359,32,31
2026-05,巴西,Android,Organic,Acne,113.29032258064517,83.7741935483871,1718.516129032258,0.04822405502348174,0.06528830027128987,15,13
2026-05,巴西,Android,Organic,Adjust,167.03225806451613,94.2258064516129,1718.516129032258,0.0541077318673163,0.09636735564835455,10,11
2026-05,巴西,Android,Organic,Background,81.7741935483871,8.64516129032258,1718.516129032258,0.005029475050565535,0.047325511208467265,18,34
2026-05,巴西,Android,Organic,Blur,75.64516129032258,49.096774193548384,1718.516129032258,0.028347527452580523,0.04371990681731535,22,15
2026-05,巴西,Android,Organic,Body,126.29032258064517,73.3225806451613,1718.516129032258,0.04201089227997918,0.07265781220762932,13,14
2026-05,巴西,Android,Organic,Bokeh,29.93548387096774,9.096774193548388,1718.516129032258,0.005248679144619413,0.01735628642960258,36,33
2026-05,巴西,Android,Organic,Brighten,45.54838709677419,22.967741935483872,1718.516129032258,0.013211318631088282,0.026201595215481772,31,22
2026-05,巴西,Android,Organic,Concealer,68.09677419354838,30.774193548387096,1718.516129032258,0.017673377784693554,0.03914292005957453,24,20
2026-05,巴西,Android,Organic,Contour,20.0,9.387096774193548,1718.516129032258,0.005406181432068801,0.011522701126103329,40,32
2026-05,巴西,Android,Organic,Crop,124.58064516129032,100.7741935483871,1718.516129032258,0.05822489462947775,0.07205117702216392,14,8
2026-05,巴西,Android,Organic,Dark Circles,50.483870967741936,36.064516129032256,1718.516129032258,0.020685873915275793,0.028801449593931477,29,18
2026-05,巴西,Android,Organic,Details,19.612903225806452,7.903225806451613,1718.516129032258,0.004520942895604372,0.011317920442389903,41,35
2026-05,巴西,Android,Organic,Effects,99.41935483870968,4.161290322580645,1718.516129032258,0.0023731021808039896,0.057137531784453036,16,40
2026-05,巴西,Android,Organic,Eraser,169.38709677419354,95.70967741935483,1718.516129032258,0.05527394774561757,0.09779528263281677,9,10
2026-05,巴西,Android,Organic,Expression,54.61290322580645,13.612903225806452,1718.516129032258,0.007852067968115273,0.03156403409186563,28,29
2026-05,巴西,Android,Organic,Eye Brighten,27.193548387096776,16.612903225806452,1718.516129032258,0.009592637423577698,0.01570162212779395,37,24
2026-05,巴西,Android,Organic,Face,343.4193548387097,148.25806451612902,1718.516129032258,0.08500017987772414,0.19784458675364652,3,3
2026-05,巴西,Android,Organic,Face Fix,66.06451612903226,15.580645161290322,1718.516129032258,0.008917424453249364,0.037986903019035456,25,26
2026-05,巴西,Android,Organic,Filters,404.19354838709677,158.5483870967742,1718.516129032258,0.09073842878971312,0.23257758640460602,1,2
2026-05,巴西,Android,Organic,Glitter,31.193548387096776,4.806451612903226,1718.516129032258,0.002724254038050674,0.017959013896601966,34,39
2026-05,巴西,Android,Organic,Glowup,79.09677419354838,15.903225806451612,1718.516129032258,0.00924330914172271,0.04600863244913763,19,25
2026-05,巴西,Android,Organic,Hair,366.35483870967744,98.45161290322581,1718.516129032258,0.05706486136281868,0.21376591830893163,2,9
2026-05,巴西,Android,Organic,Magic,335.83870967741933,180.61290322580646,1718.516129032258,0.10366720331178268,0.19343360638541543,4,1
2026-05,巴西,Android,Organic,Makeup,215.67741935483872,120.38709677419355,1718.516129032258,0.06924659829580318,0.1241105555326099,6,5
2026-05,巴西,Android,Organic,Matte,18.548387096774192,7.709677419354839,1718.516129032258,0.00449382267727861,0.010795946920317009,43,36
2026-05,巴西,Android,Organic,Muscle,49.806451612903224,15.258064516129032,1718.516129032258,0.008777048148802103,0.028726779440631976,30,27
2026-05,巴西,Android,Organic,Mykit,37.806451612903224,0.0,1718.516129032258,0.0,0.021842716518685235,33,43
2026-05,巴西,Android,Organic,Plump,55.16129032258065,18.838709677419356,1718.516129032258,0.010791501630996021,0.031731846623437684,27,23
2026-05,巴西,Android,Organic,Preset,76.16129032258064,6.193548387096774,1718.516129032258,0.0036273551928947506,0.043987033536511955,21,38
2026-05,巴西,Android,Organic,Prism,19.032258064516128,7.548387096774194,1718.516129032258,0.004370051026827145,0.011001785382281413,42,37
2026-05,巴西,Android,Organic,Relight,188.6451612903226,91.48387096774194,1718.516129032258,0.0521793719109685,0.10837206516053076,8,12
2026-05,巴西,Android,Organic,Reshape,202.6451612903226,143.70967741935485,1718.516129032258,0.08285794528931006,0.1165717521188807,7,4
2026-05,巴西,Android,Organic,Resize,63.67741935483871,34.0,1718.516129032258,0.019603074276451617,0.03689958457991709,26,19
2026-05,巴西,Android,Organic,Skin Tone,79.16129032258064,48.354838709677416,1718.516129032258,0.027904995158273042,0.04570312105455856,20,16
2026-05,巴西,Android,Organic,Smooth,146.16129032258064,110.06451612903226,1718.516129032258,0.06304967810637413,0.08393330740852967,11,7
2026-05,巴西,Android,Organic,Stamp,18.516129032258064,3.6774193548387095,1718.516129032258,0.002144591231242417,0.010751634218538586,44,41
2026-05,巴西,Android,Organic,Teeth,75.7741935483871,0.0,1718.516129032258,0.0,0.04310900849386047,23,43
2026-05,巴西,Android,Organic,Text,23.516129032258064,2.5161290322580645,1718.516129032258,0.0015024924791031068,0.013675252691328353,39,42
2026-05,巴西,Android,non-Organic,AI Expand,80.54838709677419,31.870967741935484,7986.935483870968,0.004070629096143748,0.010390446637384256,37,30
2026-05,巴西,Android,non-Organic,AI Image,796.7741935483871,149.29032258064515,7986.935483870968,0.0178088043303513,0.09613003028265756,7,15
2026-05,巴西,Android,non-Organic,AI Repair,318.51612903225805,125.96774193548387,7986.935483870968,0.016192247974590412,0.04079289707786238,18,17
2026-05,巴西,Android,non-Organic,AI Replace,61.193548387096776,26.322580645161292,7986.935483870968,0.0033706428836952295,0.007823809656937693,40,33
2026-05,巴西,Android,non-Organic,AI Retouch,1802.0,462.0,7986.935483870968,0.058651186373345834,0.2267225133197021,2,5
2026-05,巴西,Android,non-Organic,AI Tattoo,295.35483870967744,64.3225806451613,7986.935483870968,0.008083602708967266,0.03706638694584261,21,25
2026-05,巴西,Android,non-Organic,Acne,256.38709677419354,149.3548387096774,7986.935483870968,0.019034484488841177,0.03257710545593015,25,14
2026-05,巴西,Android,non-Organic,Adjust,394.5483870967742,182.74193548387098,7986.935483870968,0.02326033615600156,0.05048214521493306,15,13
2026-05,巴西,Android,non-Organic,Background,315.96774193548384,29.419354838709676,7986.935483870968,0.003705968998957403,0.04012946547929911,20,31
2026-05,巴西,Android,non-Organic,Blur,181.48387096774192,93.96774193548387,7986.935483870968,0.012090775067210593,0.023363691543740607,29,19
2026-05,巴西,Android,non-Organic,Body,454.9032258064516,211.80645161290323,7986.935483870968,0.027054185295309188,0.05782611716566504,11,12
2026-05,巴西,Android,non-Organic,Bokeh,72.7741935483871,17.483870967741936,7986.935483870968,0.0022719038665359346,0.009475215550591134,38,39
2026-05,巴西,Android,non-Organic,Brighten,153.2258064516129,70.74193548387096,7986.935483870968,0.008966017876434173,0.01945412908043034,30,22
2026-05,巴西,Android,non-Organic,Concealer,213.70967741935485,91.90322580645162,7986.935483870968,0.011729450567714609,0.027252834037801984,27,20
2026-05,巴西,Android,non-Organic,Contour,60.516129032258064,27.161290322580644,7986.935483870968,0.0034345317037924625,0.007691202895717049,41,32
2026-05,巴西,Android,non-Organic,Crop,325.4516129032258,248.16129032258064,7986.935483870968,0.03156127737957546,0.04142705265213345,17,9
2026-05,巴西,Android,non-Organic,Dark Circles,150.3548387096774,80.03225806451613,7986.935483870968,0.010239736837541886,0.019072513725263057,32,21
2026-05,巴西,Android,non-Organic,Details,57.12903225806452,19.483870967741936,7986.935483870968,0.0024544381338873597,0.007277572746634335,42,37
2026-05,巴西,Android,non-Organic,Effects,412.03225806451616,17.483870967741936,7986.935483870968,0.0021495210382733365,0.051601295498111606,14,40
2026-05,巴西,Android,non-Organic,Eraser,550.516129032258,254.03225806451613,7986.935483870968,0.03267148760305637,0.07046632748246179,9,8
2026-05,巴西,Android,non-Organic,Expression,241.61290322580646,52.774193548387096,7986.935483870968,0.006716882232588925,0.030461931319990147,26,27
2026-05,巴西,Android,non-Organic,Eye Brighten,82.2258064516129,39.38709677419355,7986.935483870968,0.004999475737097935,0.0104773424809243,36,29
2026-05,巴西,Android,non-Organic,Face,1605.2903225806451,497.16129032258067,7986.935483870968,0.06275069325990555,0.201382150514028,4,3
2026-05,巴西,Android,non-Organic,Face Fix,282.1290322580645,68.7741935483871,7986.935483870968,0.008696554389361868,0.035650982776053976,22,23
2026-05,巴西,Android,non-Organic,Filters,1734.8709677419354,519.6451612903226,7986.935483870968,0.06506363433839293,0.21711139738230134,3,2
2026-05,巴西,Android,non-Organic,Glitter,142.4516129032258,21.193548387096776,7986.935483870968,0.002649008321598649,0.018081849213118974,33,34
2026-05,巴西,Android,non-Organic,Glowup,447.38709677419354,60.38709677419355,7986.935483870968,0.00761074267301155,0.05626330370097858,12,26
2026-05,巴西,Android,non-Organic,Hair,4146.322580645161,826.5483870967741,7986.935483870968,0.10228084637175325,0.5099202280424118,1,1
2026-05,巴西,Android,non-Organic,Magic,1222.032258064516,476.61290322580646,7986.935483870968,0.06085253337911605,0.15540218183704627,5,4
2026-05,巴西,Android,non-Organic,Makeup,673.258064516129,273.5483870967742,7986.935483870968,0.034719738136819195,0.08505778000066187,8,7
2026-05,巴西,Android,non-Organic,Matte,51.74193548387097,18.903225806451612,7986.935483870968,0.0024049302986174897,0.006601919947929383,44,38
2026-05,巴西,Android,non-Organic,Muscle,443.35483870967744,117.93548387096774,7986.935483870968,0.015045117608637252,0.056146154942466796,13,18
2026-05,巴西,Android,non-Organic,Mykit,152.90322580645162,0.0,7986.935483870968,0.0,0.019252652167894943,31,44
2026-05,巴西,Android,non-Organic,Plump,193.5483870967742,64.93548387096774,7986.935483870968,0.008182578511036934,0.024463539794195497,28,24
2026-05,巴西,Android,non-Organic,Preset,324.03225806451616,19.677419354838708,7986.935483870968,0.00246005865140385,0.04067342198531139,19,36
2026-05,巴西,Android,non-Organic,Prism,54.935483870967744,20.35483870967742,7986.935483870968,0.0026275567977752335,0.007070705454317531,43,35
2026-05,巴西,Android,non-Organic,Relight,843.4516129032259,371.741935483871,7986.935483870968,0.047035270814756856,0.1062892876765392,6,6
2026-05,巴西,Android,non-Organic,Reshape,460.64516129032256,220.41935483870967,7986.935483870968,0.028350948011380047,0.058926193830558866,10,10
2026-05,巴西,Android,non-Organic,Resize,116.54838709677419,48.74193548387097,7986.935483870968,0.006261552076791803,0.014926133012851485,34,28
2026-05,巴西,Android,non-Organic,Skin Tone,260.96774193548384,133.93548387096774,7986.935483870968,0.016959578683513703,0.032906550143658425,24,16
2026-05,巴西,Android,non-Organic,Smooth,367.5483870967742,216.2258064516129,7986.935483870968,0.02764877772616977,0.0468761404870197,16,11
2026-05,巴西,Android,non-Organic,Stamp,62.25806451612903,10.838709677419354,7986.935483870968,0.0013694926828729046,0.007974337200021069,39,41
2026-05,巴西,Android,non-Organic,Teeth,268.35483870967744,0.06451612903225806,7986.935483870968,9.61075428148933e-06,0.033955762604830214,23,43
2026-05,巴西,Android,non-Organic,Text,89.48387096774194,6.032258064516129,7986.935483870968,0.0007589770957642969,0.011270623391545961,35,42
2026-05,巴西,iOS,Organic,AI Expand,75.90322580645162,31.258064516129032,4817.322580645161,0.006531688606671294,0.015840339819919873,37,28
2026-05,巴西,iOS,Organic,AI Image,314.83870967741933,61.74193548387097,4817.322580645161,0.012278855463202646,0.06345409549452731,16,24
2026-05,巴西,iOS,Organic,AI Repair,299.3225806451613,104.3225806451613,4817.322580645161,0.021816622005938504,0.06282840418868098,17,20
2026-05,巴西,iOS,Organic,AI Replace,41.645161290322584,13.741935483870968,4817.322580645161,0.002881508094656473,0.008599987722435547,43,38
2026-05,巴西,iOS,Organic,AI Retouch,983.7096774193549,357.258064516129,4817.322580645161,0.07408033400096398,0.20269964517675365,4,9
2026-05,巴西,iOS,Organic,AI Tattoo,94.70967741935483,16.06451612903226,4817.322580645161,0.003413374963268669,0.01988446432693601,33,34
2026-05,巴西,iOS,Organic,Acne,621.7096774193549,490.9032258064516,4817.322580645161,0.10230644030723389,0.12938846327745945,10,5
2026-05,巴西,iOS,Organic,Adjust,544.1935483870968,260.48387096774195,4817.322580645161,0.053924044395410674,0.11287921403464385,12,12
2026-05,巴西,iOS,Organic,Background,215.90322580645162,14.903225806451612,4817.322580645161,0.003129524438025953,0.04464943919345532,27,37
2026-05,巴西,iOS,Organic,Blur,271.16129032258067,182.41935483870967,4817.322580645161,0.037845579074199935,0.05620959074031981,21,15
2026-05,巴西,iOS,Organic,Body,532.4193548387096,326.7741935483871,4817.322580645161,0.06735894862299797,0.10980321493998815,13,10
2026-05,巴西,iOS,Organic,Bokeh,92.19354838709677,31.129032258064516,4817.322580645161,0.006431659977698716,0.019209952700576523,34,29
2026-05,巴西,iOS,Organic,Brighten,175.8709677419355,95.19354838709677,4817.322580645161,0.019851426288135937,0.036596871461879524,29,21
2026-05,巴西,iOS,Organic,Concealer,244.25806451612902,112.38709677419355,4817.322580645161,0.023497024684814138,0.05085125373343862,22,19
2026-05,巴西,iOS,Organic,Contour,66.64516129032258,34.935483870967744,4817.322580645161,0.007191565160018473,0.013777764825863202,38,27
2026-05,巴西,iOS,Organic,Crop,276.19354838709677,203.29032258064515,4817.322580645161,0.04233159103913237,0.05751471477499164,18,13
2026-05,巴西,iOS,Organic,Dark Circles,234.80645161290323,197.93548387096774,4817.322580645161,0.04120185649815045,0.04884543744903092,24,14
2026-05,巴西,iOS,Organic,Details,63.03225806451613,19.161290322580644,4817.322580645161,0.003992448896772281,0.013103245597560119,40,33
2026-05,巴西,iOS,Organic,Effects,328.93548387096774,3.161290322580645,4817.322580645161,0.0006549991363874882,0.06709732256916563,15,42
2026-05,巴西,iOS,Organic,Eraser,587.1290322580645,305.6774193548387,4817.322580645161,0.06377604507226373,0.12190014374181198,11,11
2026-05,巴西,iOS,Organic,Expression,150.58064516129033,28.06451612903226,4817.322580645161,0.0058109111706980575,0.031101869995022964,30,32
2026-05,巴西,iOS,Organic,Eye Brighten,106.54838709677419,77.7741935483871,4817.322580645161,0.0163254018076868,0.022384530113925605,32,22
2026-05,巴西,iOS,Organic,Face,1304.2903225806451,524.3225806451613,4817.322580645161,0.10821472527511153,0.26904739878747336,3,4
2026-05,巴西,iOS,Organic,Face Fix,221.51612903225808,39.38709677419355,4817.322580645161,0.008180081779151305,0.0457207089341019,26,26
2026-05,巴西,iOS,Organic,Filters,1499.6129032258063,473.4516129032258,4817.322580645161,0.09626857335254296,0.30666084819487877,1,6
2026-05,巴西,iOS,Organic,Glitter,79.58064516129032,10.548387096774194,4817.322580645161,0.0022057910287100477,0.016402769958893993,36,39
2026-05,巴西,iOS,Organic,Glowup,244.90322580645162,54.483870967741936,4817.322580645161,0.011330727226988576,0.050508408031650937,23,25
2026-05,巴西,iOS,Organic,Hair,660.741935483871,157.0,4817.322580645161,0.03266986433835295,0.1362939900929093,9,17
2026-05,巴西,iOS,Organic,Magic,1381.2903225806451,767.2258064516129,4817.322580645161,0.15919163300380398,0.28586156634764964,2,1
2026-05,巴西,iOS,Organic,Makeup,716.2258064516129,358.64516129032256,4817.322580645161,0.07423395672274284,0.1478581790306813,8,8
2026-05,巴西,iOS,Organic,Matte,63.61290322580645,29.806451612903224,4817.322580645161,0.006249346622340224,0.013355036552585731,39,30
2026-05,巴西,iOS,Organic,Muscle,113.83870967741936,27.70967741935484,4817.322580645161,0.005845796226370433,0.02379412271109975,31,31
2026-05,巴西,iOS,Organic,Mykit,79.80645161290323,0.0,4817.322580645161,0.0,0.016631640316896304,35,43
2026-05,巴西,iOS,Organic,Plump,226.0,71.90322580645162,4817.322580645161,0.01482721861526656,0.04654268657757398,25,23
2026-05,巴西,iOS,Organic,Preset,202.7741935483871,16.193548387096776,4817.322580645161,0.0033960454330490353,0.04137115908513909,28,35
2026-05,巴西,iOS,Organic,Prism,45.0,15.03225806451613,4817.322580645161,0.003141581199434545,0.009370169869895832,41,36
2026-05,巴西,iOS,Organic,Relight,813.7741935483871,367.7741935483871,4817.322580645161,0.07526423460672692,0.165997709097024,6,7
2026-05,巴西,iOS,Organic,Reshape,943.1290322580645,757.0322580645161,4817.322580645161,0.15685737738427807,0.1953765857278351,5,2
2026-05,巴西,iOS,Organic,Resize,272.258064516129,145.3548387096774,4817.322580645161,0.030135354460111743,0.05631384097332138,20,18
2026-05,巴西,iOS,Organic,Skin Tone,276.19354838709677,163.32258064516128,4817.322580645161,0.033826292947009826,0.057460389330876216,19,16
2026-05,巴西,iOS,Organic,Smooth,791.6774193548387,630.741935483871,4817.322580645161,0.13055216671003406,0.16393975943693503,7,3
2026-05,巴西,iOS,Organic,Stamp,42.193548387096776,9.548387096774194,4817.322580645161,0.001984227082934956,0.00882093715282266,42,40
2026-05,巴西,iOS,Organic,Teeth,352.03225806451616,0.0,4817.322580645161,0.0,0.07162957299936897,14,43
2026-05,巴西,iOS,Organic,Text,40.25806451612903,3.096774193548387,4817.322580645161,0.0006565830709465441,0.008398481102133327,44,41
2026-05,巴西,iOS,non-Organic,AI Expand,12.0,4.354838709677419,1036.8387096774193,0.004427241282253507,0.011418694003434083,34,29
2026-05,巴西,iOS,non-Organic,AI Image,158.41935483870967,43.516129032258064,1036.8387096774193,0.04061449848138212,0.1436265336744589,7,8
2026-05,巴西,iOS,non-Organic,AI Repair,67.19354838709677,26.967741935483872,1036.8387096774193,0.026324005330753825,0.06414660166425576,12,13
2026-05,巴西,iOS,non-Organic,AI Replace,8.838709677419354,3.6129032258064515,1036.8387096774193,0.004146156412243284,0.009321912144132865,38,30
2026-05,巴西,iOS,non-Organic,AI Retouch,248.93548387096774,75.64516129032258,1036.8387096774193,0.07055132130932033,0.24309857270319324,4,6
2026-05,巴西,iOS,non-Organic,AI Tattoo,45.32258064516129,9.0,1036.8387096774193,0.008808371821474677,0.04292997476575243,20,26
2026-05,巴西,iOS,non-Organic,Acne,32.193548387096776,15.838709677419354,1036.8387096774193,0.014805663440008578,0.029806647780960805,25,16
2026-05,巴西,iOS,non-Organic,Adjust,71.74193548387096,34.41935483870968,1036.8387096774193,0.02832012945746311,0.06156095043960642,13,11
2026-05,巴西,iOS,non-Organic,Background,61.32258064516129,4.838709677419355,1036.8387096774193,0.0049570790603974775,0.0546637886635409,15,28
2026-05,巴西,iOS,non-Organic,Blur,25.70967741935484,12.03225806451613,1036.8387096774193,0.011212476838472058,0.023071242408244846,30,20
2026-05,巴西,iOS,non-Organic,Body,71.58064516129032,33.0,1036.8387096774193,0.031058683695930716,0.06781686613515656,11,10
2026-05,巴西,iOS,non-Organic,Bokeh,11.258064516129032,3.161290322580645,1036.8387096774193,0.0032417467426559166,0.010582310547512337,36,35
2026-05,巴西,iOS,non-Organic,Brighten,24.193548387096776,11.129032258064516,1036.8387096774193,0.009929985858733342,0.021761852776594013,31,23
2026-05,巴西,iOS,non-Organic,Concealer,27.06451612903226,12.193548387096774,1036.8387096774193,0.011280347856322776,0.024809303121105845,28,19
2026-05,巴西,iOS,non-Organic,Contour,7.709677419354839,4.193548387096774,1036.8387096774193,0.003717152865989751,0.007052820683892589,42,33
2026-05,巴西,iOS,non-Organic,Crop,34.38709677419355,23.548387096774192,1036.8387096774193,0.020667178083445443,0.030201231193630794,24,14
2026-05,巴西,iOS,non-Organic,Dark Circles,16.838709677419356,10.193548387096774,1036.8387096774193,0.009289878439159413,0.015369231557211607,33,24
2026-05,巴西,iOS,non-Organic,Details,6.548387096774194,1.7741935483870968,1036.8387096774193,0.001629020135672279,0.006095889995704923,44,40
2026-05,巴西,iOS,non-Organic,Effects,91.25806451612904,2.096774193548387,1036.8387096774193,0.002385597004315491,0.07564431624908673,10,39
2026-05,巴西,iOS,non-Organic,Eraser,147.6451612903226,77.7741935483871,1036.8387096774193,0.06271113501400476,0.12570742042060024,8,7
2026-05,巴西,iOS,non-Organic,Expression,32.70967741935484,6.580645161290323,1036.8387096774193,0.006517544287602254,0.03194385360739931,23,27
2026-05,巴西,iOS,non-Organic,Eye Brighten,8.774193548387096,4.225806451612903,1036.8387096774193,0.003957549420840058,0.008305045576405459,39,32
2026-05,巴西,iOS,non-Organic,Face,220.70967741935485,76.19354838709677,1036.8387096774193,0.07267876890304145,0.21185691692034012,5,5
2026-05,巴西,iOS,non-Organic,Face Fix,42.58064516129032,10.03225806451613,1036.8387096774193,0.010147712677622538,0.040503740543896286,21,22
2026-05,巴西,iOS,non-Organic,Filters,409.35483870967744,149.6451612903226,1036.8387096774193,0.11900151162106852,0.34845815326326846,2,1
2026-05,巴西,iOS,non-Organic,Glitter,25.774193548387096,4.064516129032258,1036.8387096774193,0.003995932179574903,0.024162626091313633,29,31
2026-05,巴西,iOS,non-Organic,Glowup,60.516129032258064,9.161290322580646,1036.8387096774193,0.009085644524557117,0.06051288483502276,14,25
2026-05,巴西,iOS,non-Organic,Hair,390.83870967741933,85.2258064516129,1036.8387096774193,0.07930956390584792,0.3669735130210114,1,3
2026-05,巴西,iOS,non-Organic,Magic,269.16129032258067,103.90322580645162,1036.8387096774193,0.10269510657046474,0.2586177942862496,3,2
2026-05,巴西,iOS,non-Organic,Makeup,107.45161290322581,37.516129032258064,1036.8387096774193,0.03417038531743509,0.09690779115062073,9,9
2026-05,巴西,iOS,non-Organic,Matte,7.032258064516129,2.806451612903226,1036.8387096774193,0.002505169466648083,0.006529941143870837,43,37
2026-05,巴西,iOS,non-Organic,Muscle,50.38709677419355,11.096774193548388,1036.8387096774193,0.011967021585429564,0.05178989451511481,16,18
2026-05,巴西,iOS,non-Organic,Mykit,21.64516129032258,0.0,1036.8387096774193,0.0,0.020417268447976464,32,43
2026-05,巴西,iOS,non-Organic,Plump,32.12903225806452,12.161290322580646,1036.8387096774193,0.01116103908945106,0.029303219313000874,26,21
2026-05,巴西,iOS,non-Organic,Preset,56.61290322580645,3.4838709677419355,1036.8387096774193,0.003078905186503869,0.0479077320406447,18,36
2026-05,巴西,iOS,non-Organic,Prism,8.612903225806452,2.774193548387097,1036.8387096774193,0.0024530710169572423,0.008257095786587206,40,38
2026-05,巴西,iOS,non-Organic,Relight,179.70967741935485,89.38709677419355,1036.8387096774193,0.07616847784867666,0.1563419909720013,6,4
2026-05,巴西,iOS,non-Organic,Reshape,47.645161290322584,18.806451612903224,1036.8387096774193,0.01822991809396206,0.047523888005773104,19,15
2026-05,巴西,iOS,non-Organic,Resize,10.35483870967742,3.6129032258064515,1036.8387096774193,0.003671547101807902,0.009965371508231628,37,34
2026-05,巴西,iOS,non-Organic,Skin Tone,31.258064516129032,13.32258064516129,1036.8387096774193,0.012046062395069118,0.02865927941474229,27,17
2026-05,巴西,iOS,non-Organic,Smooth,53.96774193548387,28.0,1036.8387096774193,0.02650201931363957,0.05057685330419621,17,12
2026-05,巴西,iOS,non-Organic,Stamp,7.870967741935484,1.1612903225806452,1036.8387096774193,0.0012597218337510748,0.007722952264756943,41,41
2026-05,巴西,iOS,non-Organic,Teeth,37.225806451612904,0.0,1036.8387096774193,0.0,0.03618471748731975,22,43
2026-05,巴西,iOS,non-Organic,Text,11.806451612903226,0.7741935483870968,1036.8387096774193,0.0007758365280565486,0.011015180996234426,35,42
2026-05,整体,Android,Organic,AI Expand,210.96774193548387,81.7741935483871,6672.451612903225,0.012252220145039454,0.031707391491434,36,29
2026-05,整体,Android,Organic,AI Image,755.8709677419355,125.09677419354838,6672.451612903225,0.01869854003083697,0.11320963668080526,10,22
2026-05,整体,Android,Organic,AI Repair,620.1290322580645,274.96774193548384,6672.451612903225,0.041224880766169356,0.09302554057049348,13,15
2026-05,整体,Android,Organic,AI Replace,199.1290322580645,84.19354838709677,6672.451612903225,0.012653614566860785,0.029904712903892565,37,28
2026-05,整体,Android,Organic,AI Retouch,1453.8709677419354,573.258064516129,6672.451612903225,0.08557557312995431,0.21746902016508163,4,5
2026-05,整体,Android,Organic,AI Tattoo,196.51612903225808,45.45161290322581,6672.451612903225,0.006810836651812657,0.02947804506649161,38,38
2026-05,整体,Android,Organic,Acne,486.83870967741933,319.5806451612903,6672.451612903225,0.047925863189077204,0.0730385788518849,19,13
2026-05,整体,Android,Organic,Adjust,735.2903225806451,375.16129032258067,6672.451612903225,0.05623997218582863,0.11021308725787336,11,9
2026-05,整体,Android,Organic,Background,528.6774193548387,64.09677419354838,6672.451612903225,0.009619859465577627,0.0792858953385193,16,33
2026-05,整体,Android,Organic,Blur,437.48387096774195,206.03225806451613,6672.451612903225,0.03093972971518088,0.06569635145727741,21,17
2026-05,整体,Android,Organic,Body,517.5806451612904,274.16129032258067,6672.451612903225,0.04094808305236176,0.07735377680077939,17,16
2026-05,整体,Android,Organic,Bokeh,350.35483870967744,193.74193548387098,6672.451612903225,0.02922268414668008,0.05272146226375764,26,18
2026-05,整体,Android,Organic,Brighten,305.35483870967744,162.93548387096774,6672.451612903225,0.02434489477713043,0.04561887939219151,28,19
2026-05,整体,Android,Organic,Concealer,355.7741935483871,161.83870967741936,6672.451612903225,0.024230597839494016,0.053227377551614094,25,20
2026-05,整体,Android,Organic,Contour,149.09677419354838,68.41935483870968,6672.451612903225,0.010243146150856381,0.022316861163392737,41,31
2026-05,整体,Android,Organic,Crop,466.03225806451616,341.38709677419354,6672.451612903225,0.05113557227131066,0.06983068988672128,20,12
2026-05,整体,Android,Organic,Dark Circles,231.29032258064515,147.29032258064515,6672.451612903225,0.022005141782281,0.03454598102547076,35,21
2026-05,整体,Android,Organic,Details,139.83870967741936,60.806451612903224,6672.451612903225,0.009135362721065599,0.02096945935671591,42,34
2026-05,整体,Android,Organic,Effects,587.0967741935484,26.806451612903224,6672.451612903225,0.003989033683937959,0.08795693503182228,14,41
2026-05,整体,Android,Organic,Eraser,775.1935483870968,346.48387096774195,6672.451612903225,0.05181934285963806,0.11595277584570647,9,11
2026-05,整体,Android,Organic,Expression,282.83870967741933,71.90322580645162,6672.451612903225,0.010749500237461278,0.04227228153476606,30,30
2026-05,整体,Android,Organic,Eye Brighten,168.4516129032258,104.0,6672.451612903225,0.015589753787151026,0.025229184779252803,39,24
2026-05,整体,Android,Organic,Face,1639.0967741935483,678.1612903225806,6672.451612903225,0.1012697043624979,0.24505037438292018,3,2
2026-05,整体,Android,Organic,Face Fix,366.0,86.12903225806451,6672.451612903225,0.012877966777098342,0.0547670095252659,24,27
2026-05,整体,Android,Organic,Filters,1970.8709677419354,620.2903225806451,6672.451612903225,0.09269809297477662,0.29495552422813476,1,3
2026-05,整体,Android,Organic,Glitter,302.1290322580645,44.54838709677419,6672.451612903225,0.006648005843385156,0.04520326429106297,29,39
2026-05,整体,Android,Organic,Glowup,433.7741935483871,116.54838709677419,6672.451612903225,0.017419329988280084,0.06491941274630324,22,23
2026-05,整体,Android,Organic,Hair,1369.6451612903227,376.48387096774195,6672.451612903225,0.056430837494895913,0.20529741751276148,5,8
2026-05,整体,Android,Organic,Magic,1683.225806451613,826.483870967742,6672.451612903225,0.1234600144751151,0.25159396322935235,2,1
2026-05,整体,Android,Organic,Makeup,983.0322580645161,443.83870967741933,6672.451612903225,0.06622462434567794,0.1467655884105555,6,6
2026-05,整体,Android,Organic,Matte,134.3548387096774,58.935483870967744,6672.451612903225,0.008823635761111158,0.020115717232524408,44,35
2026-05,整体,Android,Organic,Muscle,243.32258064516128,66.06451612903226,6672.451612903225,0.00988917587084774,0.036436333955028426,32,32
2026-05,整体,Android,Organic,Mykit,367.8709677419355,0.0,6672.451612903225,0.0,0.05519864756769457,23,43
2026-05,整体,Android,Organic,Plump,275.93548387096774,92.0,6672.451612903225,0.013756559559278882,0.04125502708171531,31,26
2026-05,整体,Android,Organic,Preset,565.5806451612904,54.225806451612904,6672.451612903225,0.008128706967054035,0.0847896214300172,15,36
2026-05,整体,Android,Organic,Prism,136.74193548387098,53.45161290322581,6672.451612903225,0.007970068653680839,0.020469971108848597,43,37
2026-05,整体,Android,Organic,Relight,828.8387096774194,395.741935483871,6672.451612903225,0.05921449024935275,0.12408020879699852,7,7
2026-05,整体,Android,Organic,Reshape,654.2258064516129,356.258064516129,6672.451612903225,0.05318806186296927,0.09769536329385253,12,10
2026-05,整体,Android,Organic,Resize,242.58064516129033,101.25806451612904,6672.451612903225,0.01509699570387003,0.03622949932883895,33,25
2026-05,整体,Android,Organic,Skin Tone,494.38709677419354,314.3225806451613,6672.451612903225,0.04715445060890991,0.07409027326849653,18,14
2026-05,整体,Android,Organic,Smooth,812.4193548387096,598.0,6672.451612903225,0.08964601036188571,0.12172365086340635,8,4
2026-05,整体,Android,Organic,Stamp,163.70967741935485,29.967741935483872,6672.451612903225,0.004466866337555902,0.024522586892335177,40,40
2026-05,整体,Android,Organic,Teeth,315.03225806451616,0.0,6672.451612903225,0.0,0.046907473470109325,27,43
2026-05,整体,Android,Organic,Text,238.7741935483871,17.258064516129032,6672.451612903225,0.002601280979264129,0.03583867423964714,34,42
2026-05,整体,Android,non-Organic,AI Expand,143.70967741935485,54.25806451612903,11130.161290322581,0.004909921457701906,0.013034494406455105,36,30
2026-05,整体,Android,non-Organic,AI Image,1160.9032258064517,191.51612903225808,11130.161290322581,0.016836807750408658,0.10292102506307806,6,17
2026-05,整体,Android,non-Organic,AI Repair,565.7096774193549,231.5483870967742,11130.161290322581,0.02096692980625596,0.05112645964003409,16,13
2026-05,整体,Android,non-Organic,AI Replace,122.41935483870968,53.41935483870968,11130.161290322581,0.0048445055937037336,0.011073423273903853,38,31
2026-05,整体,Android,non-Organic,AI Retouch,2526.7096774193546,676.3870967741935,11130.161290322581,0.06090517444023478,0.227347710984052,2,4
2026-05,整体,Android,non-Organic,AI Tattoo,403.61290322580646,87.09677419354838,11130.161290322581,0.007833759114960344,0.03629334841198177,23,26
2026-05,整体,Android,non-Organic,Acne,383.19354838709677,209.80645161290323,11130.161290322581,0.018882901709373255,0.03449719829025589,25,16
2026-05,整体,Android,non-Organic,Adjust,545.6451612903226,229.25806451612902,11130.161290322581,0.020622762215932885,0.04920103636226248,17,14
2026-05,整体,Android,non-Organic,Background,481.19354838709677,50.096774193548384,11130.161290322581,0.00450733723640064,0.04329674933975021,19,33
2026-05,整体,Android,non-Organic,Blur,241.48387096774192,114.41935483870968,11130.161290322581,0.010355305951845702,0.021846969676805626,31,21
2026-05,整体,Android,non-Organic,Body,689.258064516129,319.4516129032258,11130.161290322581,0.02871161058058906,0.06200959223759555,11,11
2026-05,整体,Android,non-Organic,Bokeh,113.93548387096774,28.0,11130.161290322581,0.0025489759397522415,0.010328578783788976,40,39
2026-05,整体,Android,non-Organic,Brighten,251.25806451612902,117.09677419354838,11130.161290322581,0.01054329031611969,0.022641661303302384,30,20
2026-05,整体,Android,non-Organic,Concealer,374.0967741935484,162.3548387096774,11130.161290322581,0.014649861766561077,0.03370774830184394,26,18
2026-05,整体,Android,non-Organic,Contour,118.96774193548387,52.38709677419355,11130.161290322581,0.004706813698587208,0.01074631905155306,39,32
2026-05,整体,Android,non-Organic,Crop,445.64516129032256,322.6774193548387,11130.161290322581,0.02905833841353617,0.04012782850302727,20,10
2026-05,整体,Android,non-Organic,Dark Circles,225.51612903225808,114.87096774193549,11130.161290322581,0.010343025857577551,0.02029685460372193,33,22
2026-05,整体,Android,non-Organic,Details,106.25806451612904,35.87096774193548,11130.161290322581,0.0032406907719193107,0.009612966420635194,41,34
2026-05,整体,Android,non-Organic,Effects,584.2258064516129,27.967741935483872,11130.161290322581,0.002504450389708303,0.05238625131453683,15,40
2026-05,整体,Android,non-Organic,Eraser,878.516129032258,389.16129032258067,11130.161290322581,0.03509843756922938,0.07919355923513054,9,8
2026-05,整体,Android,non-Organic,Expression,356.2258064516129,80.90322580645162,11130.161290322581,0.007292466949639352,0.03205079809064888,27,27
2026-05,整体,Android,non-Organic,Eye Brighten,132.38709677419354,62.70967741935484,11130.161290322581,0.005661438330088491,0.011954834842624665,37,29
2026-05,整体,Android,non-Organic,Face,2398.7419354838707,788.8709677419355,11130.161290322581,0.07084028952533718,0.21553307613541042,3,2
2026-05,整体,Android,non-Organic,Face Fix,431.06451612903226,107.16129032258064,11130.161290322581,0.009622790140151365,0.03882386006920044,21,23
2026-05,整体,Android,non-Organic,Filters,2387.7419354838707,656.7741935483871,11130.161290322581,0.05879151283857869,0.2141356319936884,4,5
2026-05,整体,Android,non-Organic,Glitter,236.16129032258064,35.25806451612903,11130.161290322581,0.0031679797525177777,0.021326469580798913,32,36
2026-05,整体,Android,non-Organic,Glowup,636.0,100.2258064516129,11130.161290322581,0.009019184463435163,0.057299212492179244,12,24
2026-05,整体,Android,non-Organic,Hair,5224.806451612903,1072.516129032258,11130.161290322581,0.09595273224582013,0.4665568762531944,1,1
2026-05,整体,Android,non-Organic,Magic,1855.3548387096773,712.2258064516129,11130.161290322581,0.0642026634211469,0.16731240931223282,5,3
2026-05,整体,Android,non-Organic,Makeup,1110.5483870967741,454.61290322580646,11130.161290322581,0.04089307362243991,0.09988106640713003,7,7
2026-05,整体,Android,non-Organic,Matte,98.41935483870968,35.32258064516129,11130.161290322581,0.003203542790266326,0.008899865993926035,43,35
2026-05,整体,Android,non-Organic,Muscle,594.8064516129032,155.51612903225808,11130.161290322581,0.014062853300835124,0.05372413152409727,13,19
2026-05,整体,Android,non-Organic,Mykit,285.64516129032256,0.0,11130.161290322581,0.0,0.02572868975738641,29,44
2026-05,整体,Android,non-Organic,Plump,291.2903225806452,90.38709677419355,11130.161290322581,0.008122503561751046,0.02621096026180233,28,25
2026-05,整体,Android,non-Organic,Preset,504.80645161290323,34.903225806451616,11130.161290322581,0.00313101340468101,0.04534326510760362,18,37
2026-05,整体,Android,non-Organic,Prism,84.87096774193549,30.580645161290324,11130.161290322581,0.0027693565477060382,0.007686121340650965,44,38
2026-05,整体,Android,non-Organic,Relight,1102.1290322580646,472.8709677419355,11130.161290322581,0.042467688432122085,0.09888862350911368,8,6
2026-05,整体,Android,non-Organic,Reshape,702.4193548387096,298.4193548387097,11130.161290322581,0.026886788243249374,0.06339598667586349,10,12
2026-05,整体,Android,non-Organic,Resize,177.1290322580645,69.70967741935483,11130.161290322581,0.006279855566250241,0.01594105112768654,34,28
2026-05,整体,Android,non-Organic,Skin Tone,417.06451612903226,214.70967741935485,11130.161290322581,0.019359928419222756,0.03751914994274933,22,15
2026-05,整体,Android,non-Organic,Smooth,593.1290322580645,345.7741935483871,11130.161290322581,0.03115909597822341,0.053493064966241455,14,9
2026-05,整体,Android,non-Organic,Stamp,100.7741935483871,17.35483870967742,11130.161290322581,0.0015621657645438377,0.009121530414156902,42,41
2026-05,整体,Android,non-Organic,Teeth,390.0967741935484,0.06451612903225806,11130.161290322581,6.239997276231575e-06,0.035124201260551643,24,43
2026-05,整体,Android,non-Organic,Text,156.58064516129033,10.096774193548388,11130.161290322581,0.0009060973125132961,0.014116190462581368,35,42
2026-05,整体,iOS,Organic,AI Expand,305.7741935483871,100.6774193548387,18838.774193548386,0.005382479995307227,0.016360411272226434,40,34
2026-05,整体,iOS,Organic,AI Image,1625.7096774193549,290.2258064516129,18838.774193548386,0.01477832926072172,0.0839609554915488,16,25
2026-05,整体,iOS,Organic,AI Repair,1465.1612903225807,458.83870967741933,18838.774193548386,0.024655946023914445,0.07843065337228468,18,21
2026-05,整体,iOS,Organic,AI Replace,249.83870967741936,91.41935483870968,18838.774193548386,0.004898141071842185,0.013299786388853534,42,35
2026-05,整体,iOS,Organic,AI Retouch,5143.193548387097,1886.9354838709678,18838.774193548386,0.10055062556279665,0.27298825610729094,4,4
2026-05,整体,iOS,Organic,AI Tattoo,435.741935483871,77.03225806451613,18838.774193548386,0.004195155808787583,0.02335644580586266,36,38
2026-05,整体,iOS,Organic,Acne,2067.7419354838707,1476.3225806451612,18838.774193548386,0.0788923182134259,0.11042436376483009,10,8
2026-05,整体,iOS,Organic,Adjust,1787.8064516129032,814.6774193548387,18838.774193548386,0.04342152577104285,0.09550899206890749,13,13
2026-05,整体,iOS,Organic,Background,1019.483870967742,83.93548387096774,18838.774193548386,0.004537483814832612,0.05416917320766353,23,37
2026-05,整体,iOS,Organic,Blur,832.483870967742,474.96774193548384,18838.774193548386,0.025416635728136353,0.04457442599249436,27,19
2026-05,整体,iOS,Organic,Body,2004.8709677419354,1175.0,18838.774193548386,0.062049278853739794,0.10601514955089839,12,10
2026-05,整体,iOS,Organic,Bokeh,321.51612903225805,100.51612903225806,18838.774193548386,0.005423304019831391,0.01729153095381193,39,33
2026-05,整体,iOS,Organic,Brighten,1003.741935483871,526.2903225806451,18838.774193548386,0.028194788241493497,0.0535781291954961,24,18
2026-05,整体,iOS,Organic,Concealer,1186.483870967742,540.3548387096774,18838.774193548386,0.028820665637830877,0.06324400776495415,20,16
2026-05,整体,iOS,Organic,Contour,445.2258064516129,228.41935483870967,18838.774193548386,0.012153021969704957,0.023665072374079332,35,26
2026-05,整体,iOS,Organic,Crop,782.258064516129,537.0,18838.774193548386,0.028688752148240813,0.041931649408644175,29,17
2026-05,整体,iOS,Organic,Dark Circles,811.9354838709677,588.4193548387096,18838.774193548386,0.03145110652222907,0.04333742020060903,28,15
2026-05,整体,iOS,Organic,Details,432.4193548387097,142.16129032258064,18838.774193548386,0.007627467955118833,0.023060706276431503,37,29
2026-05,整体,iOS,Organic,Effects,1814.6451612903227,29.838709677419356,18838.774193548386,0.0016053378121521288,0.09420047135617851,14,41
2026-05,整体,iOS,Organic,Eraser,1992.967741935484,950.5806451612904,18838.774193548386,0.0508862993833953,0.10664765959316513,11,12
2026-05,整体,iOS,Organic,Expression,643.7741935483871,126.41935483870968,18838.774193548386,0.006772720887498187,0.03432987584981618,30,30
2026-05,整体,iOS,Organic,Eye Brighten,526.6129032258065,344.48387096774195,18838.774193548386,0.018437487540299,0.028142744564221937,33,23
2026-05,整体,iOS,Organic,Face,5875.096774193548,2503.7419354838707,18838.774193548386,0.13295352815547332,0.3122649320537509,3,2
2026-05,整体,iOS,Organic,Face Fix,1075.516129032258,179.41935483870967,18838.774193548386,0.009585529366741345,0.057314605077424516,22,28
2026-05,整体,iOS,Organic,Filters,6333.935483870968,1639.483870967742,18838.774193548386,0.08592614920097759,0.33201571695696797,1,7
2026-05,整体,iOS,Organic,Glitter,561.4193548387096,90.54838709677419,18838.774193548386,0.004875122053984453,0.029821166506518088,32,36
2026-05,整体,iOS,Organic,Glowup,1548.9032258064517,471.38709677419354,18838.774193548386,0.025062885863246332,0.08212455083544012,17,20
2026-05,整体,iOS,Organic,Hair,2859.8387096774195,690.1612903225806,18838.774193548386,0.03692362540389923,0.1519265421427162,8,14
2026-05,整体,iOS,Organic,Magic,5884.096774193548,2973.3870967741937,18838.774193548386,0.1597668929909996,0.31452460696897666,2,1
2026-05,整体,iOS,Organic,Makeup,3126.7096774193546,1291.1935483870968,18838.774193548386,0.06878751426031295,0.16634293772400288,7,9
2026-05,整体,iOS,Organic,Matte,393.48387096774195,188.06451612903226,18838.774193548386,0.009989395961877437,0.020947342001719802,38,27
2026-05,整体,iOS,Organic,Muscle,461.48387096774195,109.87096774193549,18838.774193548386,0.005868706698308424,0.024538676085060638,34,32
2026-05,整体,iOS,Organic,Mykit,604.741935483871,0.0,18838.774193548386,0.0,0.03200598402118025,31,43
2026-05,整体,iOS,Organic,Plump,958.3548387096774,310.1290322580645,18838.774193548386,0.016494927880663965,0.051030247964253005,25,24
2026-05,整体,iOS,Organic,Preset,1479.3225806451612,112.45161290322581,18838.774193548386,0.005979002412825125,0.07644043857859076,19,31
2026-05,整体,iOS,Organic,Prism,184.16129032258064,52.87096774193548,18838.774193548386,0.0028545782407933375,0.009872023493524102,44,39
2026-05,整体,iOS,Organic,Relight,3845.1290322580644,1801.0645161290322,18838.774193548386,0.093479998421612,0.19952434948682102,5,5
2026-05,整体,iOS,Organic,Reshape,2473.1612903225805,1666.6774193548388,18838.774193548386,0.08859625452838088,0.13149342377592793,9,6
2026-05,整体,iOS,Organic,Resize,867.6129032258065,388.0,18838.774193548386,0.02067054398205909,0.046069972513731364,26,22
2026-05,整体,iOS,Organic,Skin Tone,1651.9354838709678,1008.8064516129032,18838.774193548386,0.05386988544346068,0.0881814576947111,15,11
2026-05,整体,iOS,Organic,Smooth,3207.8387096774195,2395.8709677419356,18838.774193548386,0.1278650649195389,0.17118624922664152,6,3
2026-05,整体,iOS,Organic,Stamp,223.19354838709677,46.67741935483871,18838.774193548386,0.002524457941098304,0.011986086563220305,43,40
2026-05,整体,iOS,Organic,Teeth,1113.1612903225807,0.0,18838.774193548386,0.0,0.05890253715279756,21,43
2026-05,整体,iOS,Organic,Text,296.3225806451613,17.93548387096774,18838.774193548386,0.0009742711119008505,0.015769524423275155,41,42
2026-05,整体,iOS,non-Organic,AI Expand,67.58064516129032,26.0,4912.677419354839,0.005514189660596934,0.014302549975255702,39,34
2026-05,整体,iOS,non-Organic,AI Image,473.3225806451613,86.41935483870968,4912.677419354839,0.01756751217458989,0.09638571774756405,11,20
2026-05,整体,iOS,non-Organic,AI Repair,341.7741935483871,119.25806451612904,4912.677419354839,0.025437211594024445,0.07214487776821464,15,14
2026-05,整体,iOS,non-Organic,AI Replace,62.16129032258065,28.193548387096776,4912.677419354839,0.006025276582953505,0.01318900593225493,41,31
2026-05,整体,iOS,non-Organic,AI Retouch,1279.7096774193549,369.0,4912.677419354839,0.07603382165149845,0.2626643949968152,5,3
2026-05,整体,iOS,non-Organic,AI Tattoo,155.1290322580645,29.516129032258064,4912.677419354839,0.005893431502785802,0.030856931971492318,29,33
2026-05,整体,iOS,non-Organic,Acne,289.9032258064516,166.51612903225808,4912.677419354839,0.03492286185461038,0.060099418830895014,18,13
2026-05,整体,iOS,non-Organic,Adjust,292.8709677419355,111.96774193548387,4912.677419354839,0.023006725006419093,0.060762305928455496,17,15
2026-05,整体,iOS,non-Organic,Background,245.6451612903226,25.129032258064516,4912.677419354839,0.00530410343881499,0.05076445637671957,21,35
2026-05,整体,iOS,non-Organic,Blur,130.83870967741936,66.41935483870968,4912.677419354839,0.013946367616966184,0.027466740373367812,32,22
2026-05,整体,iOS,non-Organic,Body,509.6774193548387,270.4193548387097,4912.677419354839,0.0560155854552078,0.10459226212246453,8,8
2026-05,整体,iOS,non-Organic,Bokeh,48.87096774193548,11.387096774193548,4912.677419354839,0.002377335691686693,0.010263979197238924,42,38
2026-05,整体,iOS,non-Organic,Brighten,192.1290322580645,93.41935483870968,4912.677419354839,0.01951890041671955,0.04006198978991712,25,19
2026-05,整体,iOS,non-Organic,Concealer,229.0,97.6774193548387,4912.677419354839,0.0203611855271257,0.04751687900442299,23,17
2026-05,整体,iOS,non-Organic,Contour,81.74193548387096,39.25806451612903,4912.677419354839,0.00808789321062684,0.017022021287401393,37,28
2026-05,整体,iOS,non-Organic,Crop,146.16129032258064,95.12903225806451,4912.677419354839,0.01964411696331771,0.030069404466588928,30,18
2026-05,整体,iOS,non-Organic,Dark Circles,136.1290322580645,82.35483870967742,4912.677419354839,0.017305009752483655,0.028202709600724383,31,21
2026-05,整体,iOS,non-Organic,Details,89.38709677419355,28.161290322580644,4912.677419354839,0.005969435975159002,0.01880301010855765,36,32
2026-05,整体,iOS,non-Organic,Effects,365.0967741935484,7.258064516129032,4912.677419354839,0.0015275863760347758,0.0744850185278448,14,41
2026-05,整体,iOS,non-Organic,Eraser,470.61290322580646,220.4516129032258,4912.677419354839,0.04530204021908519,0.09661785404239075,10,10
2026-05,整体,iOS,non-Organic,Expression,165.5483870967742,37.61290322580645,4912.677419354839,0.007839537395046139,0.03426209904084332,27,29
2026-05,整体,iOS,non-Organic,Eye Brighten,92.61290322580645,50.25806451612903,4912.677419354839,0.010741352356151505,0.01953059421710098,35,26
2026-05,整体,iOS,non-Organic,Face,1318.032258064516,531.4193548387096,4912.677419354839,0.10990307390626113,0.2706724891660639,4,2
2026-05,整体,iOS,non-Organic,Face Fix,273.741935483871,50.32258064516129,4912.677419354839,0.010578108296554489,0.05682784938125199,20,27
2026-05,整体,iOS,non-Organic,Filters,1393.9354838709678,379.06451612903226,4912.677419354839,0.07547193360335738,0.2821789890965429,2,4
2026-05,整体,iOS,non-Organic,Glitter,112.45161290322581,19.806451612903224,4912.677419354839,0.004086005462369325,0.023312402229960453,34,36
2026-05,整体,iOS,non-Organic,Glowup,444.8709677419355,107.74193548387096,4912.677419354839,0.022084576753985872,0.09029963052096669,12,16
2026-05,整体,iOS,non-Organic,Hair,1477.741935483871,307.83870967741933,4912.677419354839,0.06136556969034487,0.29413249580060596,1,7
2026-05,整体,iOS,non-Organic,Magic,1287.8709677419354,566.516129032258,4912.677419354839,0.12104307899836063,0.2719624272892796,3,1
2026-05,整体,iOS,non-Organic,Makeup,623.0645161290323,223.3548387096774,4912.677419354839,0.04642044070885216,0.12851622993787976,7,9
2026-05,整体,iOS,non-Organic,Matte,73.3225806451613,33.0,4912.677419354839,0.006978443772279589,0.015355278696994061,38,30
2026-05,整体,iOS,non-Organic,Muscle,229.1290322580645,62.16129032258065,4912.677419354839,0.012089337383127709,0.04481520917216106,24,24
2026-05,整体,iOS,non-Organic,Mykit,130.83870967741936,0.0,4912.677419354839,0.0,0.02739860093286056,33,43
2026-05,整体,iOS,non-Organic,Plump,179.16129032258064,57.12903225806452,4912.677419354839,0.011902245532001818,0.03711180228890859,26,25
2026-05,整体,iOS,non-Organic,Preset,283.7096774193548,18.225806451612904,4912.677419354839,0.0037356556381931503,0.05810588048607587,19,37
2026-05,整体,iOS,non-Organic,Prism,31.64516129032258,9.03225806451613,4912.677419354839,0.0018653754697916332,0.00667485858113832,44,39
2026-05,整体,iOS,non-Organic,Relight,803.8387096774194,356.9032258064516,4912.677419354839,0.07174356425300334,0.16232699484623597,6,5
2026-05,整体,iOS,non-Organic,Reshape,420.03225806451616,211.90322580645162,4912.677419354839,0.04434752165594812,0.08729311840675733,13,11
2026-05,整体,iOS,non-Organic,Resize,153.8709677419355,65.87096774193549,4912.677419354839,0.013860190406141447,0.03217623029101304,28,23
2026-05,整体,iOS,non-Organic,Skin Tone,309.2903225806452,172.7741935483871,4912.677419354839,0.035973775231218766,0.06374418531220721,16,12
2026-05,整体,iOS,non-Organic,Smooth,491.48387096774195,314.16129032258067,4912.677419354839,0.06640196809673,0.10273636467001565,9,6
2026-05,整体,iOS,non-Organic,Stamp,38.87096774193548,7.967741935483871,4912.677419354839,0.001684350723711671,0.008172359279149746,43,40
2026-05,整体,iOS,non-Organic,Teeth,245.67741935483872,0.0,4912.677419354839,0.0,0.050603100344028186,22,43
2026-05,整体,iOS,non-Organic,Text,65.09677419354838,4.129032258064516,4912.677419354839,0.0008743822286624842,0.013538563598428411,40,42
2026-05,美国,Android,Organic,AI Expand,7.548387096774194,3.225806451612903,316.0967741935484,0.010296372451772928,0.024175679329527792,38,32
2026-05,美国,Android,Organic,AI Image,27.322580645161292,4.612903225806452,316.0967741935484,0.014496660658681859,0.08716253197141839,11,27
2026-05,美国,Android,Organic,AI Repair,24.29032258064516,11.806451612903226,316.0967741935484,0.03745722107775794,0.07662228221659885,15,16
2026-05,美国,Android,Organic,AI Replace,9.129032258064516,4.935483870967742,316.0967741935484,0.015734853917388054,0.029056630161778268,34,24
2026-05,美国,Android,Organic,AI Retouch,64.0,26.161290322580644,316.0967741935484,0.08166681280911048,0.20124118271931515,4,5
2026-05,美国,Android,Organic,AI Tattoo,6.612903225806452,1.6129032258064515,316.0967741935484,0.0052952202874658695,0.02138067352774254,41,41
2026-05,美国,Android,Organic,Acne,21.93548387096774,16.0,316.0967741935484,0.05090576612423807,0.06987948596268978,17,10
2026-05,美国,Android,Organic,Adjust,26.193548387096776,13.580645161290322,316.0967741935484,0.04267482782297129,0.08290624833601175,13,15
2026-05,美国,Android,Organic,Background,17.677419354838708,3.838709677419355,316.0967741935484,0.012240329506874094,0.05614301130939364,22,30
2026-05,美国,Android,Organic,Blur,12.03225806451613,6.774193548387097,316.0967741935484,0.021139636482069277,0.03758502187275044,30,22
2026-05,美国,Android,Organic,Body,24.483870967741936,14.258064516129032,316.0967741935484,0.044609066303619556,0.07720434582827942,14,14
2026-05,美国,Android,Organic,Bokeh,7.354838709677419,2.903225806451613,316.0967741935484,0.009524544501783732,0.0234705183193657,39,34
2026-05,美国,Android,Organic,Brighten,14.387096774193548,7.935483870967742,316.0967741935484,0.024750069593227907,0.04503862860377081,26,19
2026-05,美国,Android,Organic,Concealer,17.096774193548388,8.161290322580646,316.0967741935484,0.025875851688435078,0.05410514629486121,24,18
2026-05,美国,Android,Organic,Contour,7.870967741935484,3.3548387096774195,316.0967741935484,0.010836824921456137,0.02499866450176254,36,31
2026-05,美国,Android,Organic,Crop,23.06451612903226,19.387096774193548,316.0967741935484,0.060508663475297424,0.07209455734829812,16,7
2026-05,美国,Android,Organic,Dark Circles,11.290322580645162,8.35483870967742,316.0967741935484,0.026545808737486347,0.03589218090908146,31,17
2026-05,美国,Android,Organic,Details,10.35483870967742,4.451612903225806,316.0967741935484,0.013975258880858519,0.03281137687385108,32,28
2026-05,美国,Android,Organic,Effects,26.161290322580644,1.8387096774193548,316.0967741935484,0.00584814166071315,0.08299753838727092,12,37
2026-05,美国,Android,Organic,Eraser,30.193548387096776,15.774193548387096,316.0967741935484,0.04968749447304868,0.09462595048711601,9,11
2026-05,美国,Android,Organic,Expression,12.290322580645162,4.225806451612903,316.0967741935484,0.012938545109477869,0.03836070145362784,29,29
2026-05,美国,Android,Organic,Eye Brighten,9.387096774193548,6.709677419354839,316.0967741935484,0.021278096590145106,0.02962033503602604,33,21
2026-05,美国,Android,Organic,Face,75.90322580645162,34.16129032258065,316.0967741935484,0.10679329377894071,0.23840143131406877,1,2
2026-05,美国,Android,Organic,Face Fix,17.419354838709676,5.064516129032258,316.0967741935484,0.01549717993313471,0.05509232865732995,23,25
2026-05,美国,Android,Organic,Filters,72.54838709677419,26.129032258064516,316.0967741935484,0.08261098167353344,0.2289171740733746,3,4
2026-05,美国,Android,Organic,Glitter,9.129032258064516,1.7741935483870968,316.0967741935484,0.0056027978326309525,0.028753841077619458,35,40
2026-05,美国,Android,Organic,Glowup,20.419354838709676,6.838709677419355,316.0967741935484,0.02168448756808173,0.06443752577872404,19,20
2026-05,美国,Android,Organic,Hair,48.38709677419355,17.193548387096776,316.0967741935484,0.0551442754151381,0.15368657713745648,5,9
2026-05,美国,Android,Organic,Magic,75.35483870967742,40.903225806451616,316.0967741935484,0.12835243615125072,0.23760601640108656,2,1
2026-05,美国,Android,Organic,Makeup,45.16129032258065,23.903225806451612,316.0967741935484,0.07530432555675928,0.1421258110944087,6,6
2026-05,美国,Android,Organic,Matte,6.67741935483871,3.2580645161290325,316.0967741935484,0.010269609050166169,0.020941342164531588,42,33
2026-05,美国,Android,Organic,Muscle,7.774193548387097,2.870967741935484,316.0967741935484,0.008826176285863635,0.024583515516407937,37,35
2026-05,美国,Android,Organic,Mykit,14.612903225806452,0.0,316.0967741935484,0.0,0.04642359129759523,25,43
2026-05,美国,Android,Organic,Plump,12.96774193548387,4.774193548387097,316.0967741935484,0.015427277973212595,0.0412384251681269,28,26
2026-05,美国,Android,Organic,Preset,19.677419354838708,2.2903225806451615,316.0967741935484,0.007358533366009336,0.06198886843538935,20,36
2026-05,美国,Android,Organic,Prism,4.806451612903226,1.8064516129032258,316.0967741935484,0.00567615194733801,0.015454261113089885,44,39
2026-05,美国,Android,Organic,Relight,30.806451612903224,15.290322580645162,316.0967741935484,0.04855733399702367,0.09744954248414897,8,12
2026-05,美国,Android,Organic,Reshape,29.516129032258064,17.741935483870968,316.0967741935484,0.05566528454566735,0.09259413160877461,10,8
2026-05,美国,Android,Organic,Resize,13.096774193548388,6.451612903225806,316.0967741935484,0.020520796252115163,0.04154581951244319,27,23
2026-05,美国,Android,Organic,Skin Tone,22.032258064516128,14.193548387096774,316.0967741935484,0.04476159520907653,0.06960403603489264,18,13
2026-05,美国,Android,Organic,Smooth,40.38709677419355,32.03225806451613,316.0967741935484,0.10108825025142108,0.12740782299170134,7,3
2026-05,美国,Android,Organic,Stamp,6.193548387096774,1.903225806451613,316.0967741935484,0.005814494510908539,0.019838741838657806,43,38
2026-05,美国,Android,Organic,Teeth,19.451612903225808,0.0,316.0967741935484,0.0,0.061212281881909934,21,43
2026-05,美国,Android,Organic,Text,7.096774193548387,1.4193548387096775,316.0967741935484,0.00452699646280232,0.022633127072344758,40,42
2026-05,美国,Android,non-Organic,AI Expand,5.870967741935484,2.096774193548387,314.8709677419355,0.006793033288851013,0.018546128304081044,42,36
2026-05,美国,Android,non-Organic,AI Image,32.03225806451613,3.870967741935484,314.8709677419355,0.012257632649574239,0.10134004400168899,12,31
2026-05,美国,Android,non-Organic,AI Repair,31.161290322580644,14.387096774193548,314.8709677419355,0.04554858458130672,0.09877601339470567,14,15
2026-05,美国,Android,non-Organic,AI Replace,8.387096774193548,4.161290322580645,314.8709677419355,0.013285427281376305,0.026885280749757632,37,29
2026-05,美国,Android,non-Organic,AI Retouch,83.61290322580645,34.41935483870968,314.8709677419355,0.10857103600882943,0.2644897942983771,3,3
2026-05,美国,Android,non-Organic,AI Tattoo,7.645161290322581,1.4193548387096775,314.8709677419355,0.004934738659128978,0.025226452896616892,39,38
2026-05,美国,Android,non-Organic,Acne,22.451612903225808,15.451612903225806,314.8709677419355,0.04919026737582308,0.07164027210315722,21,13
2026-05,美国,Android,non-Organic,Adjust,24.096774193548388,9.67741935483871,314.8709677419355,0.030739186183572076,0.07710218111012317,18,18
2026-05,美国,Android,non-Organic,Background,20.93548387096774,3.4838709677419355,314.8709677419355,0.010882459706696124,0.06671780944947034,22,33
2026-05,美国,Android,non-Organic,Blur,13.838709677419354,6.903225806451613,314.8709677419355,0.02207017000380148,0.0439898014244927,29,22
2026-05,美国,Android,non-Organic,Body,34.61290322580645,20.161290322580644,314.8709677419355,0.0643940959762256,0.1107965216223394,8,7
2026-05,美国,Android,non-Organic,Bokeh,6.064516129032258,0.8709677419354839,314.8709677419355,0.0030261853477920203,0.019897259798794396,41,41
2026-05,美国,Android,non-Organic,Brighten,18.35483870967742,10.516129032258064,314.8709677419355,0.032903780024264834,0.05749777109799255,25,16
2026-05,美国,Android,non-Organic,Concealer,22.838709677419356,9.709677419354838,314.8709677419355,0.03070857061149083,0.07251969752351768,20,19
2026-05,美国,Android,non-Organic,Contour,10.419354838709678,4.483870967741935,314.8709677419355,0.01384611829582664,0.03270320838059035,34,28
2026-05,美国,Android,non-Organic,Crop,19.774193548387096,15.96774193548387,314.8709677419355,0.05055705095060453,0.06280397299306915,24,10
2026-05,美国,Android,non-Organic,Dark Circles,12.03225806451613,7.741935483870968,314.8709677419355,0.024785057406420393,0.03864929406039405,32,21
2026-05,美国,Android,non-Organic,Details,13.225806451612904,5.064516129032258,314.8709677419355,0.016116309841490924,0.04191430098419241,31,26
2026-05,美国,Android,non-Organic,Effects,31.580645161290324,1.8387096774193548,314.8709677419355,0.005666338384686439,0.09977469753576262,13,37
2026-05,美国,Android,non-Organic,Eraser,32.70967741935484,17.64516129032258,314.8709677419355,0.056353096449712405,0.1041707848079369,9,9
2026-05,美国,Android,non-Organic,Expression,15.064516129032258,5.258064516129032,314.8709677419355,0.016427062508391693,0.04807855679464184,26,25
2026-05,美国,Android,non-Organic,Eye Brighten,10.451612903225806,6.774193548387097,314.8709677419355,0.021418956417035194,0.033033883483428714,33,23
2026-05,美国,Android,non-Organic,Face,94.2258064516129,45.0,314.8709677419355,0.14143763716671445,0.2967621388680397,1,2
2026-05,美国,Android,non-Organic,Face Fix,26.0,8.580645161290322,314.8709677419355,0.027210998330670803,0.0829418990948811,17,20
2026-05,美国,Android,non-Organic,Filters,82.03225806451613,30.258064516129032,314.8709677419355,0.09584976291734305,0.2606096877861578,4,5
2026-05,美国,Android,non-Organic,Glitter,9.290322580645162,2.161290322580645,314.8709677419355,0.006966746989515274,0.02999975681935476,35,35
2026-05,美国,Android,non-Organic,Glowup,26.64516129032258,9.870967741935484,314.8709677419355,0.031039425288125793,0.08438914300248973,16,17
2026-05,美国,Android,non-Organic,Hair,61.25806451612903,19.032258064516128,314.8709677419355,0.061100039668530434,0.19534239014769306,5,8
2026-05,美国,Android,non-Organic,Magic,93.90322580645162,46.16129032258065,314.8709677419355,0.14490161627032336,0.29609173603036004,2,1
2026-05,美国,Android,non-Organic,Makeup,49.38709677419355,24.0,314.8709677419355,0.07576560811516597,0.15625086299601762,6,6
2026-05,美国,Android,non-Organic,Matte,8.0,4.0,314.8709677419355,0.013019339721070413,0.02575251342193974,38,30
2026-05,美国,Android,non-Organic,Muscle,8.838709677419354,3.3225806451612905,314.8709677419355,0.010883854695664415,0.028246251633937906,36,32
2026-05,美国,Android,non-Organic,Mykit,14.483870967741936,0.0,314.8709677419355,0.0,0.04608834781254833,28,43
2026-05,美国,Android,non-Organic,Plump,14.32258064516129,4.774193548387097,314.8709677419355,0.015475240083669801,0.04640444762305265,27,27
2026-05,美国,Android,non-Organic,Preset,23.93548387096774,3.161290322580645,314.8709677419355,0.01011638532727258,0.07537129868040186,19,34
2026-05,美国,Android,non-Organic,Prism,4.870967741935484,1.4193548387096775,314.8709677419355,0.004623493143061704,0.01603869250234912,44,39
2026-05,美国,Android,non-Organic,Relight,32.83870967741935,15.161290322580646,314.8709677419355,0.04859129728834214,0.10392846952476618,10,14
2026-05,美国,Android,non-Organic,Reshape,32.29032258064516,15.483870967741936,314.8709677419355,0.04948059913961739,0.10301159129857486,11,12
2026-05,美国,Android,non-Organic,Resize,13.774193548387096,6.225806451612903,314.8709677419355,0.019958533057983688,0.04371440343264091,30,24
2026-05,美国,Android,non-Organic,Skin Tone,26.838709677419356,15.806451612903226,314.8709677419355,0.05021817798036316,0.08502519474238092,15,11
2026-05,美国,Android,non-Organic,Smooth,45.0,32.16129032258065,314.8709677419355,0.10154865322015134,0.14225688521859162,7,4
2026-05,美国,Android,non-Organic,Stamp,4.967741935483871,1.2580645161290323,314.8709677419355,0.004057305782530169,0.016054522133954113,43,40
2026-05,美国,Android,non-Organic,Teeth,20.612903225806452,0.0,314.8709677419355,0.0,0.06604034987780079,23,43
2026-05,美国,Android,non-Organic,Text,7.387096774193548,0.9354838709677419,314.8709677419355,0.0029457811661544766,0.0234404781404705,40,42
2026-05,美国,iOS,Organic,AI Expand,41.67741935483871,13.64516129032258,3457.032258064516,0.00398515862410863,0.012176915266722524,42,35
2026-05,美国,iOS,Organic,AI Image,228.41935483870967,28.419354838709676,3457.032258064516,0.008279928988935535,0.06592245913487932,22,29
2026-05,美国,iOS,Organic,AI Repair,226.67741935483872,71.48387096774194,3457.032258064516,0.021109178791651712,0.06740626876702092,20,22
2026-05,美国,iOS,Organic,AI Replace,49.83870967741935,20.419354838709676,3457.032258064516,0.00602973424061467,0.014639903963577542,39,32
2026-05,美国,iOS,Organic,AI Retouch,982.6774193548387,315.258064516129,3457.032258064516,0.0909690028348053,0.2824270175008395,3,4
2026-05,美国,iOS,Organic,AI Tattoo,76.3225806451613,11.225806451612904,3457.032258064516,0.0032365385841189296,0.02227955533879185,38,37
2026-05,美国,iOS,Organic,Acne,372.51612903225805,266.61290322580646,3457.032258064516,0.07742690655934571,0.10798164718551172,11,7
2026-05,美国,iOS,Organic,Adjust,243.0,99.25806451612904,3457.032258064516,0.028786660685720295,0.07064542665746863,19,18
2026-05,美国,iOS,Organic,Background,189.06451612903226,19.580645161290324,3457.032258064516,0.005835105065681718,0.055184537040755176,25,33
2026-05,美国,iOS,Organic,Blur,147.96774193548387,83.48387096774194,3457.032258064516,0.02413945501729583,0.042943546435206294,28,20
2026-05,美国,iOS,Organic,Body,440.9032258064516,255.3548387096774,3457.032258064516,0.072989535851973,0.12616390204399605,10,8
2026-05,美国,iOS,Organic,Bokeh,43.32258064516129,9.32258064516129,3457.032258064516,0.0027350409992363796,0.012723166419967787,41,38
2026-05,美国,iOS,Organic,Brighten,220.70967741935485,115.96774193548387,3457.032258064516,0.033765974797157185,0.06396971729787938,23,14
2026-05,美国,iOS,Organic,Concealer,254.96774193548387,110.58064516129032,3457.032258064516,0.031815941076140816,0.0737667821400419,17,15
2026-05,美国,iOS,Organic,Contour,93.90322580645162,44.774193548387096,3457.032258064516,0.012954717989996378,0.027093097423082118,35,26
2026-05,美国,iOS,Organic,Crop,128.83870967741936,94.6774193548387,3457.032258064516,0.02762790166097825,0.037610840560364206,29,19
2026-05,美国,iOS,Organic,Dark Circles,155.32258064516128,107.38709677419355,3457.032258064516,0.031118418701396332,0.044882471718471394,27,16
2026-05,美国,iOS,Organic,Details,112.74193548387096,35.645161290322584,3457.032258064516,0.010437591970125629,0.03289190872082757,32,28
2026-05,美国,iOS,Organic,Effects,298.80645161290323,5.580645161290323,3457.032258064516,0.0016581419125571467,0.08666012486952532,15,41
2026-05,美国,iOS,Organic,Eraser,345.35483870967744,177.5483870967742,3457.032258064516,0.05199715627616612,0.10059902928124219,12,12
2026-05,美国,iOS,Organic,Expression,121.48387096774194,26.193548387096776,3457.032258064516,0.007580647822019289,0.03510097506875618,30,30
2026-05,美国,iOS,Organic,Eye Brighten,114.51612903225806,71.51612903225806,3457.032258064516,0.020679171009271063,0.033115849689869824,31,23
2026-05,美国,iOS,Organic,Face,1119.8387096774193,516.7096774193549,3457.032258064516,0.14867707239278755,0.32182259277915115,1,2
2026-05,美国,iOS,Organic,Face Fix,245.1290322580645,36.774193548387096,3457.032258064516,0.010613354005077631,0.07072594507855351,18,27
2026-05,美国,iOS,Organic,Filters,921.2258064516129,282.4516129032258,3457.032258064516,0.0807858855737183,0.2655187422769071,4,6
2026-05,美国,iOS,Organic,Glitter,79.03225806451613,13.0,3457.032258064516,0.0038087749840399906,0.022728954236903697,37,36
2026-05,美国,iOS,Organic,Glowup,336.80645161290323,105.09677419354838,3457.032258064516,0.030137840720099476,0.0964073454060198,14,17
2026-05,美国,iOS,Organic,Hair,569.4516129032259,138.29032258064515,3457.032258064516,0.03988170937802526,0.16300130268335297,7,13
2026-05,美国,iOS,Organic,Magic,1039.7096774193549,524.1935483870968,3457.032258064516,0.1530950308473599,0.3027866409905426,2,1
2026-05,美国,iOS,Organic,Makeup,564.6451612903226,232.93548387096774,3457.032258064516,0.06724098481126319,0.16273671086318253,8,10
2026-05,美国,iOS,Organic,Matte,87.74193548387096,45.38709677419355,3457.032258064516,0.012971600110360155,0.025203847829483032,36,25
2026-05,美国,iOS,Organic,Muscle,97.0,26.806451612903224,3457.032258064516,0.007500505527893787,0.02745830158423371,34,31
2026-05,美国,iOS,Organic,Mykit,95.93548387096774,0.0,3457.032258064516,0.0,0.028196188732512627,33,43
2026-05,美国,iOS,Organic,Plump,160.32258064516128,50.516129032258064,3457.032258064516,0.014561505832695965,0.046325533609826,26,24
2026-05,美国,iOS,Organic,Preset,232.03225806451613,16.129032258064516,3457.032258064516,0.004693546388746525,0.06708208628013541,21,34
2026-05,美国,iOS,Organic,Prism,24.161290322580644,6.32258064516129,3457.032258064516,0.0018581838420887807,0.007081144723134014,44,40
2026-05,美国,iOS,Organic,Relight,584.3225806451613,245.8709677419355,3457.032258064516,0.07042048464129792,0.16712073072587935,6,9
2026-05,美国,iOS,Organic,Reshape,469.64516129032256,293.83870967741933,3457.032258064516,0.08454809661283519,0.13515017511255994,9,5
2026-05,美国,iOS,Organic,Resize,195.8709677419355,83.29032258064517,3457.032258064516,0.024007528789886618,0.05625341671887016,24,21
2026-05,美国,iOS,Organic,Skin Tone,343.5483870967742,215.67741935483872,3457.032258064516,0.06264797830555169,0.0995454139897936,13,11
2026-05,美国,iOS,Organic,Smooth,614.741935483871,454.83870967741933,3457.032258064516,0.13135862729993714,0.17745183530066436,5,3
2026-05,美国,iOS,Organic,Stamp,32.354838709677416,7.903225806451613,3457.032258064516,0.0023183306486860475,0.009482440022317759,43,39
2026-05,美国,iOS,Organic,Teeth,295.2903225806452,0.0,3457.032258064516,0.0,0.08481850031585329,16,43
2026-05,美国,iOS,Organic,Text,45.03225806451613,4.064516129032258,3457.032258064516,0.0012129020589536658,0.013213845041210277,40,42
2026-05,美国,iOS,non-Organic,AI Expand,29.903225806451612,12.96774193548387,2565.032258064516,0.005218511990176415,0.012285764442196444,40,35
2026-05,美国,iOS,non-Organic,AI Image,182.29032258064515,26.64516129032258,2565.032258064516,0.010681378513910317,0.07219518441018577,14,26
2026-05,美国,iOS,non-Organic,AI Repair,144.70967741935485,43.806451612903224,2565.032258064516,0.01833152893248078,0.060152199928131346,17,18
2026-05,美国,iOS,non-Organic,AI Replace,28.64516129032258,13.290322580645162,2565.032258064516,0.005404908609524649,0.011689511727213608,41,33
2026-05,美国,iOS,non-Organic,AI Retouch,675.9677419354839,180.25806451612902,2565.032258064516,0.07280023174922899,0.2683681146259901,3,4
2026-05,美国,iOS,non-Organic,AI Tattoo,76.45161290322581,15.096774193548388,2565.032258064516,0.0057648535390123195,0.029000145921108007,30,32
2026-05,美国,iOS,non-Organic,Acne,160.7741935483871,91.0,2565.032258064516,0.037601717269778366,0.06493915518393008,16,11
2026-05,美国,iOS,non-Organic,Adjust,132.16129032258064,45.38709677419355,2565.032258064516,0.018602003303564037,0.053950821837903944,21,17
2026-05,美国,iOS,non-Organic,Background,115.06451612903226,12.741935483870968,2565.032258064516,0.00521872073548795,0.04678820430438825,23,34
2026-05,美国,iOS,non-Organic,Blur,61.54838709677419,30.70967741935484,2565.032258064516,0.01278425134165757,0.025623264961777047,32,23
2026-05,美国,iOS,non-Organic,Body,286.258064516129,151.51612903225808,2565.032258064516,0.06156968558882793,0.11442846741992736,8,6
2026-05,美国,iOS,non-Organic,Bokeh,19.29032258064516,3.5806451612903225,2565.032258064516,0.0014836591497198878,0.008059199159757462,42,40
2026-05,美国,iOS,non-Organic,Brighten,104.29032258064517,50.225806451612904,2565.032258064516,0.020631694971184826,0.04254586574525292,25,16
2026-05,美国,iOS,non-Organic,Concealer,125.64516129032258,51.645161290322584,2565.032258064516,0.021178494435068806,0.05115986937812929,22,15
2026-05,美国,iOS,non-Organic,Contour,43.29032258064516,19.419354838709676,2565.032258064516,0.007727070175032593,0.017703084546283904,37,28
2026-05,美国,iOS,non-Organic,Crop,71.45161290322581,44.67741935483871,2565.032258064516,0.018039554747097186,0.028640422842735623,31,19
2026-05,美国,iOS,non-Organic,Dark Circles,72.03225806451613,40.74193548387097,2565.032258064516,0.016907458425987492,0.029202736087477796,29,20
2026-05,美国,iOS,non-Organic,Details,50.25806451612903,15.35483870967742,2565.032258064516,0.006434668133376972,0.020904787423343934,35,31
2026-05,美国,iOS,non-Organic,Effects,181.29032258064515,3.5483870967741935,2565.032258064516,0.0014066535138988598,0.07325751622392715,13,41
2026-05,美国,iOS,non-Organic,Eraser,203.03225806451613,90.03225806451613,2565.032258064516,0.03733923198726116,0.08250162241279861,12,13
2026-05,美国,iOS,non-Organic,Expression,79.19354838709677,18.838709677419356,2565.032258064516,0.007625933545874865,0.03185131761616549,28,29
2026-05,美国,iOS,non-Organic,Eye Brighten,51.903225806451616,27.096774193548388,2565.032258064516,0.01131127935603705,0.02122886002866986,34,24
2026-05,美国,iOS,non-Organic,Face,700.1290322580645,280.7741935483871,2565.032258064516,0.11298269937888535,0.27697087055829506,2,2
2026-05,美国,iOS,non-Organic,Face Fix,143.8709677419355,23.903225806451612,2565.032258064516,0.009726336785478103,0.05841254712335922,18,27
2026-05,美国,iOS,non-Organic,Filters,637.2903225806451,150.7741935483871,2565.032258064516,0.060395753142532496,0.2524174199318116,5,7
2026-05,美国,iOS,non-Organic,Glitter,50.61290322580645,9.580645161290322,2565.032258064516,0.003837759138426794,0.020253617423676564,36,36
2026-05,美国,iOS,non-Organic,Glowup,260.38709677419354,64.48387096774194,2565.032258064516,0.025582418902384167,0.10048519494088828,10,14
2026-05,美国,iOS,non-Organic,Hair,765.2258064516129,151.83870967741936,2565.032258064516,0.0577371420626279,0.2903464189439841,1,8
2026-05,美国,iOS,non-Organic,Magic,628.9354838709677,280.96774193548384,2565.032258064516,0.1186045268950527,0.26151081327291215,4,1
2026-05,美国,iOS,non-Organic,Makeup,330.0967741935484,117.06451612903226,2565.032258064516,0.04792089692811795,0.1332676013313522,7,10
2026-05,美国,iOS,non-Organic,Matte,39.96774193548387,17.612903225806452,2565.032258064516,0.007429974326625455,0.016440328602374325,38,30
2026-05,美国,iOS,non-Organic,Muscle,129.29032258064515,37.54838709677419,2565.032258064516,0.013077075331055312,0.04643550129163975,24,22
2026-05,美国,iOS,non-Organic,Mykit,56.29032258064516,0.0,2565.032258064516,0.0,0.022727613052702367,33,43
2026-05,美国,iOS,non-Organic,Plump,89.58064516129032,26.580645161290324,2565.032258064516,0.010899627892914453,0.03630563834230719,27,25
2026-05,美国,iOS,non-Organic,Preset,144.0,9.387096774193548,2565.032258064516,0.003689036473350396,0.057307228615446654,19,37
2026-05,美国,iOS,non-Organic,Prism,12.96774193548387,3.870967741935484,2565.032258064516,0.001607915183229179,0.005473849690206312,44,39
2026-05,美国,iOS,non-Organic,Relight,451.83870967741933,191.83870967741936,2565.032258064516,0.07465513247752084,0.17620418956170866,6,3
2026-05,美国,iOS,non-Organic,Reshape,231.3548387096774,118.25806451612904,2565.032258064516,0.04865534118581801,0.09363899100846751,11,9
2026-05,美国,iOS,non-Organic,Resize,89.35483870967742,38.096774193548384,2565.032258064516,0.015753523334981045,0.03658015842884913,26,21
2026-05,美国,iOS,non-Organic,Skin Tone,172.51612903225808,92.7741935483871,2565.032258064516,0.03753058702277851,0.06879398372290182,15,12
2026-05,美国,iOS,non-Organic,Smooth,269.83870967741933,170.8709677419355,2565.032258064516,0.07159901248095275,0.11085703465985111,9,5
2026-05,美国,iOS,non-Organic,Stamp,17.838709677419356,4.064516129032258,2565.032258064516,0.0016877147388707269,0.007311704128841834,43,38
2026-05,美国,iOS,non-Organic,Teeth,142.25806451612902,0.0,2565.032258064516,0.0,0.057017310042465366,20,43
2026-05,美国,iOS,non-Organic,Text,30.903225806451612,2.096774193548387,2565.032258064516,0.0008802729986040862,0.012437271687195606,39,42
2026-05,英国,Android,Organic,AI Expand,2.096774193548387,0.9354838709677419,104.3225806451613,0.009420283316962947,0.02461138554891801,36,30
2026-05,英国,Android,Organic,AI Image,7.290322580645161,1.3870967741935485,104.3225806451613,0.013907302655919173,0.06988125112853898,16,24
2026-05,英国,Android,Organic,AI Repair,7.774193548387097,3.3870967741935485,104.3225806451613,0.03254223535435279,0.07469982626478411,14,15
2026-05,英国,Android,Organic,AI Replace,2.096774193548387,1.0,104.3225806451613,0.009773818986528784,0.022716639327478104,39,29
2026-05,英国,Android,Organic,AI Retouch,21.483870967741936,8.516129032258064,104.3225806451613,0.08180113201074764,0.20445040285003402,4,4
2026-05,英国,Android,Organic,AI Tattoo,2.3548387096774195,0.3870967741935484,104.3225806451613,0.003514091213747267,0.023765551874796724,38,38
2026-05,英国,Android,Organic,Acne,7.580645161290323,5.516129032258065,104.3225806451613,0.052920508789284025,0.07410333612065316,15,9
2026-05,英国,Android,Organic,Adjust,7.161290322580645,3.3870967741935485,104.3225806451613,0.03247968163014862,0.06793433006336716,17,16
2026-05,英国,Android,Organic,Background,4.774193548387097,1.064516129032258,104.3225806451613,0.010297645037062595,0.04581803905278026,25,28
2026-05,英国,Android,Organic,Blur,4.0,2.3548387096774195,104.3225806451613,0.022700074917954054,0.03856896577171015,29,21
2026-05,英国,Android,Organic,Body,8.516129032258064,4.483870967741935,104.3225806451613,0.0426930489977973,0.08070939791242691,11,13
2026-05,英国,Android,Organic,Bokeh,1.967741935483871,0.6129032258064516,104.3225806451613,0.0060098300170367625,0.021602943377663116,40,35
2026-05,英国,Android,Organic,Brighten,4.838709677419355,2.5806451612903225,104.3225806451613,0.024252381679478414,0.047036379582595586,24,18
2026-05,英国,Android,Organic,Concealer,5.064516129032258,2.4516129032258065,104.3225806451613,0.024035702761893967,0.04884917068616022,23,19
2026-05,英国,Android,Organic,Contour,2.5161290322580645,0.967741935483871,104.3225806451613,0.009346891284974972,0.02803789123705028,34,31
2026-05,英国,Android,Organic,Crop,6.419354838709677,5.225806451612903,104.3225806451613,0.050052451505690966,0.061459997644824814,20,10
2026-05,英国,Android,Organic,Dark Circles,3.6451612903225805,2.4838709677419355,104.3225806451613,0.02381969296332591,0.03503405225933643,30,20
2026-05,英国,Android,Organic,Details,2.129032258064516,1.1290322580645162,104.3225806451613,0.011296307312090274,0.02432461773922368,37,26
2026-05,英国,Android,Organic,Effects,6.741935483870968,0.25806451612903225,104.3225806451613,0.0023746103072534194,0.06426751170398216,19,41
2026-05,英国,Android,Organic,Eraser,8.548387096774194,4.451612903225806,104.3225806451613,0.043960623861534216,0.08317462308283922,9,11
2026-05,英国,Android,Organic,Expression,3.774193548387097,0.8709677419354839,104.3225806451613,0.008126521973436688,0.03977839351817214,27,32
2026-05,英国,Android,Organic,Eye Brighten,2.903225806451613,2.032258064516129,104.3225806451613,0.0194757552770944,0.032069770696070546,32,23
2026-05,英国,Android,Organic,Face,26.741935483870968,13.225806451612904,104.3225806451613,0.12526541734113963,0.2545208037361765,1,2
2026-05,英国,Android,Organic,Face Fix,5.580645161290323,1.3870967741935485,104.3225806451613,0.013055822559971673,0.05224453578396512,22,25
2026-05,英国,Android,Organic,Filters,23.774193548387096,8.258064516129032,104.3225806451613,0.07867179468000027,0.22651055253772126,3,5
2026-05,英国,Android,Organic,Glitter,2.4516129032258065,0.45161290322580644,104.3225806451613,0.004161321320942896,0.026889236109849547,35,37
2026-05,英国,Android,Organic,Glowup,7.838709677419355,2.6774193548387095,104.3225806451613,0.025518019890842146,0.07482532003477459,13,17
2026-05,英国,Android,Organic,Hair,13.612903225806452,4.516129032258065,104.3225806451613,0.04386854447475396,0.1299885966141351,7,12
2026-05,英国,Android,Organic,Magic,25.870967741935484,13.451612903225806,104.3225806451613,0.12625182396353468,0.24573889426766202,2,1
2026-05,英国,Android,Organic,Makeup,14.806451612903226,7.193548387096774,104.3225806451613,0.0677711072500719,0.14100822133404362,5,7
2026-05,英国,Android,Organic,Matte,1.4838709677419355,0.7096774193548387,104.3225806451613,0.006431569390712914,0.01621065607687029,43,34
2026-05,英国,Android,Organic,Muscle,3.096774193548387,0.8387096774193549,104.3225806451613,0.008123391474310094,0.02901093626264039,33,33
2026-05,英国,Android,Organic,Mykit,4.064516129032258,0.0,104.3225806451613,0.0,0.039647726710436856,28,43
2026-05,英国,Android,Organic,Plump,3.3548387096774195,1.064516129032258,104.3225806451613,0.010916649520254895,0.032612966790382204,31,27
2026-05,英国,Android,Organic,Preset,5.580645161290323,0.41935483870967744,104.3225806451613,0.004163383573309275,0.053320352545158115,21,36
2026-05,英国,Android,Organic,Prism,0.8709677419354839,0.2903225806451613,104.3225806451613,0.0027263734151751523,0.01563493154742616,44,39
2026-05,英国,Android,Organic,Relight,8.258064516129032,3.903225806451613,104.3225806451613,0.03707100049381383,0.07855391117944996,12,14
2026-05,英国,Android,Organic,Reshape,11.193548387096774,7.161290322580645,104.3225806451613,0.06962672188495546,0.10739540349810274,8,6
2026-05,英国,Android,Organic,Resize,4.161290322580645,2.225806451612903,104.3225806451613,0.021005747776017675,0.04019053125482416,26,22
2026-05,英国,Android,Organic,Skin Tone,8.67741935483871,6.354838709677419,104.3225806451613,0.060539618380825125,0.0827435184051901,10,8
2026-05,英国,Android,Organic,Smooth,14.612903225806452,11.64516129032258,104.3225806451613,0.11113221934230742,0.13961560157625857,6,3
2026-05,英国,Android,Organic,Stamp,1.3870967741935485,0.25806451612903225,104.3225806451613,0.0026452300751984843,0.01977369407392371,41,40
2026-05,英国,Android,Organic,Teeth,6.935483870967742,0.0,104.3225806451613,0.0,0.06505854136437611,18,43
2026-05,英国,Android,Organic,Text,1.1612903225806452,0.12903225806451613,104.3225806451613,0.0012365531548143504,0.016222346562234605,42,42
2026-05,英国,Android,non-Organic,AI Expand,0.3333333333333333,0.26666666666666666,12.966666666666667,0.021925077846130476,0.09390382453168494,31,19
2026-05,英国,Android,non-Organic,AI Image,1.7419354838709677,0.06451612903225806,12.806451612903226,0.005083088954056697,0.16388615815766172,6,34
2026-05,英国,Android,non-Organic,AI Repair,1.2258064516129032,0.6451612903225806,12.806451612903226,0.06504818045565075,0.1381289569825039,8,4
2026-05,英国,Android,non-Organic,AI Replace,0.5,0.2,12.966666666666667,0.01714202464202464,0.07545910516498752,43,23
2026-05,英国,Android,non-Organic,AI Retouch,2.3548387096774195,0.7096774193548387,12.806451612903226,0.05196611006482087,0.21999401714033562,5,6
2026-05,英国,Android,non-Organic,AI Tattoo,0.5172413793103449,0.10344827586206896,13.344827586206897,0.009717868338557995,0.10052125533408957,27,29
2026-05,英国,Android,non-Organic,Acne,0.782608695652174,0.43478260869565216,13.91304347826087,0.02819241003384226,0.09177566560914638,36,15
2026-05,英国,Android,non-Organic,Adjust,0.7741935483870968,0.3870967741935484,12.806451612903226,0.029258580007606273,0.10453082484255366,20,13
2026-05,英国,Android,non-Organic,Background,0.5483870967741935,0.16129032258064516,12.806451612903226,0.013383359208786154,0.10877896613190728,18,26
2026-05,英国,Android,non-Organic,Blur,0.3,0.1,12.966666666666667,0.009325396825396825,0.08303084657573823,39,30
2026-05,英国,Android,non-Organic,Body,1.3448275862068966,0.8275862068965517,13.344827586206897,0.061264492597897104,0.12111480906658588,15,5
2026-05,英国,Android,non-Organic,Bokeh,0.16129032258064516,0.0,12.806451612903226,0.0,0.09930555555555554,28,42
2026-05,英国,Android,non-Organic,Brighten,0.6956521739130435,0.34782608695652173,13.91304347826087,0.02146640918346397,0.09366941967561163,32,20
2026-05,英国,Android,non-Organic,Concealer,0.6956521739130435,0.4782608695652174,13.91304347826087,0.035612888106494246,0.10277741225531824,24,9
2026-05,英国,Android,non-Organic,Contour,0.5789473684210527,0.3157894736842105,14.0,0.022045979476320032,0.07965051889974491,41,18
2026-05,英国,Android,non-Organic,Crop,0.45161290322580644,0.3548387096774194,12.806451612903226,0.029733064971494146,0.10427467789127866,21,12
2026-05,英国,Android,non-Organic,Dark Circles,0.3333333333333333,0.23809523809523808,13.666666666666666,0.019276094276094276,0.07643572580547371,42,21
2026-05,英国,Android,non-Organic,Details,0.5263157894736842,0.15789473684210525,14.0,0.010512243174781874,0.09295077879636704,35,28
2026-05,英国,Android,non-Organic,Effects,1.0,0.06451612903225806,12.806451612903226,0.004585705249841872,0.14479522177573534,7,36
2026-05,英国,Android,non-Organic,Eraser,0.6774193548387096,0.22580645161290322,12.806451612903226,0.015869777721110118,0.10618064772969296,19,25
2026-05,英国,Android,non-Organic,Expression,0.6666666666666666,0.13333333333333333,13.166666666666666,0.00877104377104377,0.10405994189275922,22,31
2026-05,英国,Android,non-Organic,Eye Brighten,0.35,0.25,13.8,0.018165902724726256,0.09064560167501344,37,22
2026-05,英国,Android,non-Organic,Face,3.032258064516129,1.2580645161290323,12.806451612903226,0.09897059724957372,0.2519851036790709,1,1
2026-05,英国,Android,non-Organic,Face Fix,0.9666666666666667,0.3333333333333333,13.166666666666666,0.02714038885091517,0.12279161643671993,13,16
2026-05,英国,Android,non-Organic,Filters,2.6774193548387095,0.6129032258064516,12.806451612903226,0.050434002895802556,0.2241295428727254,4,7
2026-05,英国,Android,non-Organic,Glitter,0.43333333333333335,0.13333333333333333,13.166666666666666,0.01105169340463458,0.09051477340247395,38,27
2026-05,英国,Android,non-Organic,Glowup,0.8709677419354839,0.0967741935483871,12.806451612903226,0.006875203649397197,0.11813159969094977,16,32
2026-05,英国,Android,non-Organic,Hair,2.4838709677419355,0.8709677419354839,12.806451612903226,0.06650800568207939,0.23408855463491202,2,3
2026-05,英国,Android,non-Organic,Magic,2.5483870967741935,1.1935483870967742,12.806451612903226,0.0935001749435377,0.23030875472139958,3,2
2026-05,英国,Android,non-Organic,Makeup,1.1290322580645162,0.3870967741935484,12.806451612903226,0.031229549493306606,0.12933775548913135,11,11
2026-05,英国,Android,non-Organic,Matte,0.24,0.04,13.88,0.0022222222222222222,0.08084168010638598,40,40
2026-05,英国,Android,non-Organic,Muscle,0.9,0.4,13.166666666666666,0.03132826868120986,0.11642003602787916,17,10
2026-05,英国,Android,non-Organic,Mykit,0.8666666666666667,0.0,13.033333333333333,0.0,0.12903646974370658,12,42
2026-05,英国,Android,non-Organic,Plump,0.3548387096774194,0.0967741935483871,12.806451612903226,0.006093189964157706,0.09345108413735866,33,33
2026-05,英国,Android,non-Organic,Preset,1.0,0.06451612903225806,12.806451612903226,0.004545454545454546,0.13492208685707138,10,37
2026-05,英国,Android,non-Organic,Prism,0.20689655172413793,0.06896551724137931,13.206896551724139,0.00468844525105868,0.09299384825700614,34,35
2026-05,英国,Android,non-Organic,Relight,0.8709677419354839,0.3225806451612903,12.806451612903226,0.028779732811990876,0.13505584220561,9,14
2026-05,英国,Android,non-Organic,Reshape,0.8709677419354839,0.3225806451612903,12.806451612903226,0.023711292923816643,0.12186298292654148,14,17
2026-05,英国,Android,non-Organic,Resize,0.3448275862068966,0.034482758620689655,13.344827586206897,0.001724137931034483,0.07539496393985558,44,41
2026-05,英国,Android,non-Organic,Skin Tone,0.5217391304347826,0.2608695652173913,13.91304347826087,0.016378989013260115,0.10078091842797725,25,24
2026-05,英国,Android,non-Organic,Smooth,0.9130434782608695,0.6086956521739131,13.91304347826087,0.043336000234640695,0.10338456062914268,23,8
2026-05,英国,Android,non-Organic,Stamp,0.13333333333333333,0.03333333333333333,12.966666666666667,0.0027777777777777775,0.09753787878787878,29,38
2026-05,英国,Android,non-Organic,Teeth,0.5666666666666667,0.0,13.166666666666666,0.0,0.10072561597329398,26,42
2026-05,英国,Android,non-Organic,Text,0.3333333333333333,0.03333333333333333,13.033333333333333,0.0027777777777777775,0.09415584415584416,30,38
2026-05,英国,iOS,Organic,AI Expand,12.193548387096774,3.6129032258064515,1014.0322580645161,0.0036563746838368214,0.012472475932809009,41,34
2026-05,英国,iOS,Organic,AI Image,61.67741935483871,7.870967741935484,1014.0322580645161,0.007677273749839836,0.060653415998636676,21,29
2026-05,英国,iOS,Organic,AI Repair,80.09677419354838,23.225806451612904,1014.0322580645161,0.023499300669417723,0.08131172023589231,15,22
2026-05,英国,iOS,Organic,AI Replace,14.129032258064516,5.903225806451613,1014.0322580645161,0.005801763798430097,0.013765752672559783,39,32
2026-05,英国,iOS,Organic,AI Retouch,255.48387096774192,78.41935483870968,1014.0322580645161,0.07790574330983199,0.25302472952262567,3,4
2026-05,英国,iOS,Organic,AI Tattoo,21.806451612903224,3.193548387096774,1014.0322580645161,0.0030216506859285365,0.021321713738916816,36,37
2026-05,英国,iOS,Organic,Acne,94.45161290322581,65.19354838709677,1014.0322580645161,0.06587017113140974,0.09449859383728854,13,7
2026-05,英国,iOS,Organic,Adjust,64.45161290322581,26.096774193548388,1014.0322580645161,0.02709932054803991,0.06629136901770732,17,18
2026-05,英国,iOS,Organic,Background,51.516129032258064,4.645161290322581,1014.0322580645161,0.004704624132088366,0.05200845534311187,25,33
2026-05,英国,iOS,Organic,Blur,44.483870967741936,26.451612903225808,1014.0322580645161,0.026762819151892284,0.04478465526829077,27,19
2026-05,英国,iOS,Organic,Body,112.54838709677419,63.12903225806452,1014.0322580645161,0.06180747848387062,0.11055637140621756,10,8
2026-05,英国,iOS,Organic,Bokeh,12.096774193548388,2.3225806451612905,1014.0322580645161,0.00248799818284496,0.012494183663278305,40,38
2026-05,英国,iOS,Organic,Brighten,53.516129032258064,27.06451612903226,1014.0322580645161,0.027262637249713565,0.05350229572702023,23,17
2026-05,英国,iOS,Organic,Concealer,63.74193548387097,28.548387096774192,1014.0322580645161,0.028785378589302385,0.06335174188587453,18,16
2026-05,英国,iOS,Organic,Contour,26.93548387096774,14.741935483870968,1014.0322580645161,0.01458929238400648,0.02672110205918414,34,25
2026-05,英国,iOS,Organic,Crop,32.38709677419355,23.774193548387096,1014.0322580645161,0.024148329259042183,0.032956433388928605,30,20
2026-05,英国,iOS,Organic,Dark Circles,41.903225806451616,28.967741935483872,1014.0322580645161,0.02915075387188609,0.04186414191349393,28,15
2026-05,英国,iOS,Organic,Details,26.838709677419356,9.419354838709678,1014.0322580645161,0.009442896760495482,0.027082855063837123,33,27
2026-05,英国,iOS,Organic,Effects,75.29032258064517,1.4193548387096775,1014.0322580645161,0.0015444160390502494,0.07575889429641416,16,41
2026-05,英国,iOS,Organic,Eraser,93.96774193548387,48.45161290322581,1014.0322580645161,0.048118748804031275,0.0939895366765304,14,12
2026-05,英国,iOS,Organic,Expression,33.193548387096776,6.258064516129032,1014.0322580645161,0.006318200386159948,0.03324845216108605,29,31
2026-05,英国,iOS,Organic,Eye Brighten,32.58064516129032,21.580645161290324,1014.0322580645161,0.021506894736339512,0.03263073833579372,31,23
2026-05,英国,iOS,Organic,Face,302.7096774193548,142.29032258064515,1014.0322580645161,0.14143006023662907,0.3006806223665929,1,2
2026-05,英国,iOS,Organic,Face Fix,63.806451612903224,8.741935483870968,1014.0322580645161,0.008486749873763022,0.06242208507798158,20,28
2026-05,英国,iOS,Organic,Filters,250.03225806451613,60.16129032258065,1014.0322580645161,0.06054284212204072,0.2507771303772017,4,10
2026-05,英国,iOS,Organic,Glitter,20.64516129032258,3.4193548387096775,1014.0322580645161,0.003463123727588868,0.0201569798153434,37,35
2026-05,英国,iOS,Organic,Glowup,97.35483870967742,30.548387096774192,1014.0322580645161,0.030052415941885548,0.09466513928172286,12,14
2026-05,英国,iOS,Organic,Hair,152.29032258064515,36.064516129032256,1014.0322580645161,0.03465348659842301,0.14357432394713446,8,13
2026-05,英国,iOS,Organic,Magic,286.9032258064516,142.0,1014.0322580645161,0.14713922404783633,0.2929092998564433,2,1
2026-05,英国,iOS,Organic,Makeup,149.03225806451613,56.225806451612904,1014.0322580645161,0.055922889120809616,0.1490974495654054,6,11
2026-05,英国,iOS,Organic,Matte,19.612903225806452,10.709677419354838,1014.0322580645161,0.010589946598109082,0.01946386526378054,38,26
2026-05,英国,iOS,Organic,Muscle,27.032258064516128,7.290322580645161,1014.0322580645161,0.006576479855852241,0.024454902503433525,35,30
2026-05,英国,iOS,Organic,Mykit,29.032258064516128,0.0,1014.0322580645161,0.0,0.029302456019370992,32,43
2026-05,英国,iOS,Organic,Plump,47.32258064516129,15.387096774193548,1014.0322580645161,0.015462370207668386,0.0469312801411613,26,24
2026-05,英国,iOS,Organic,Preset,57.38709677419355,3.3870967741935485,1014.0322580645161,0.0034264523552164465,0.05755584755324698,22,36
2026-05,英国,iOS,Organic,Prism,5.67741935483871,1.4838709677419355,1014.0322580645161,0.0015500030168838466,0.005835163926945409,44,40
2026-05,英国,iOS,Organic,Relight,144.83870967741936,62.03225806451613,1014.0322580645161,0.061537680760556275,0.14547107391237182,7,9
2026-05,英国,iOS,Organic,Reshape,129.1290322580645,77.29032258064517,1014.0322580645161,0.07720426768169077,0.1287002122957686,9,5
2026-05,英国,iOS,Organic,Resize,53.193548387096776,23.612903225806452,1014.0322580645161,0.023881626422411442,0.052935093121161826,24,21
2026-05,英国,iOS,Organic,Skin Tone,109.74193548387096,76.38709677419355,1014.0322580645161,0.07603683115360486,0.10863152380627064,11,6
2026-05,英国,iOS,Organic,Smooth,162.16129032258064,118.2258064516129,1014.0322580645161,0.11946541025914252,0.16324051792159378,5,3
2026-05,英国,iOS,Organic,Stamp,7.258064516129032,1.7096774193548387,1014.0322580645161,0.00183439380430857,0.007313516630873412,43,39
2026-05,英国,iOS,Organic,Teeth,64.03225806451613,0.0,1014.0322580645161,0.0,0.06328480114716536,19,43
2026-05,英国,iOS,Organic,Text,12.096774193548388,1.0,1014.0322580645161,0.001085592868096313,0.011988784024559482,42,42
2026-05,英国,iOS,non-Organic,AI Expand,5.548387096774194,1.3870967741935485,385.5483870967742,0.003859667681311854,0.014923765977592564,42,35
2026-05,英国,iOS,non-Organic,AI Image,30.64516129032258,3.3225806451612905,385.5483870967742,0.008197505005712221,0.08099256249459562,17,30
2026-05,英国,iOS,non-Organic,AI Repair,34.806451612903224,11.129032258064516,385.5483870967742,0.02995763490758627,0.09417560676422276,14,19
2026-05,英国,iOS,non-Organic,AI Replace,6.419354838709677,2.6451612903225805,385.5483870967742,0.007032034618944219,0.01744561876102581,39,32
2026-05,英国,iOS,non-Organic,AI Retouch,112.09677419354838,35.61290322580645,385.5483870967742,0.09110441937687958,0.2888832176328063,3,4
2026-05,英国,iOS,non-Organic,AI Tattoo,8.0,1.3225806451612903,385.5483870967742,0.003181930439695636,0.02007142177665369,38,37
2026-05,英国,iOS,non-Organic,Acne,35.064516129032256,23.838709677419356,385.5483870967742,0.06194915201098379,0.09083543546316894,15,10
2026-05,英国,iOS,non-Organic,Adjust,28.838709677419356,10.935483870967742,385.5483870967742,0.02883326830520511,0.0768452814122244,18,20
2026-05,英国,iOS,non-Organic,Background,21.838709677419356,2.2580645161290325,385.5483870967742,0.00641046493798165,0.05856166610046671,25,33
2026-05,英国,iOS,non-Organic,Blur,18.741935483870968,11.387096774193548,385.5483870967742,0.03010376770175819,0.04891391892051625,27,18
2026-05,英国,iOS,non-Organic,Body,53.096774193548384,31.774193548387096,385.5483870967742,0.0820063153175416,0.1370490372989937,10,6
2026-05,英国,iOS,non-Organic,Bokeh,5.580645161290323,0.8064516129032258,385.5483870967742,0.002209219466707815,0.015205830949364443,41,38
2026-05,英国,iOS,non-Organic,Brighten,24.516129032258064,13.225806451612904,385.5483870967742,0.035369431429439796,0.06479093479103512,22,14
2026-05,英国,iOS,non-Organic,Concealer,28.129032258064516,12.290322580645162,385.5483870967742,0.03179570106624306,0.07293279980655502,19,16
2026-05,英国,iOS,non-Organic,Contour,11.870967741935484,6.387096774193548,385.5483870967742,0.016018682380185258,0.02994227239235695,34,25
2026-05,英国,iOS,non-Organic,Crop,13.258064516129032,9.161290322580646,385.5483870967742,0.02434548798400151,0.03499847391714546,31,22
2026-05,英国,iOS,non-Organic,Dark Circles,17.29032258064516,12.32258064516129,385.5483870967742,0.032353572374387116,0.04445310869758301,28,15
2026-05,英国,iOS,non-Organic,Details,11.548387096774194,4.354838709677419,385.5483870967742,0.011518296795871238,0.030272517393414047,33,27
2026-05,英国,iOS,non-Organic,Effects,31.903225806451612,0.45161290322580644,385.5483870967742,0.0011030635947295796,0.08365979958151018,16,41
2026-05,英国,iOS,non-Organic,Eraser,40.096774193548384,19.838709677419356,385.5483870967742,0.05263210713941122,0.10594280242288469,12,12
2026-05,英国,iOS,non-Organic,Expression,14.32258064516129,3.5806451612903225,385.5483870967742,0.009115169116213368,0.036643712816167726,29,29
2026-05,英国,iOS,non-Organic,Eye Brighten,12.096774193548388,7.67741935483871,385.5483870967742,0.020136670806602443,0.03135927368493521,32,23
2026-05,英国,iOS,non-Organic,Face,125.35483870967742,59.45161290322581,385.5483870967742,0.15364037664856084,0.32333158654459593,2,2
2026-05,英国,iOS,non-Organic,Face Fix,27.225806451612904,5.419354838709677,385.5483870967742,0.013954716107259166,0.0703154450322935,20,26
2026-05,英国,iOS,non-Organic,Filters,104.96774193548387,26.387096774193548,385.5483870967742,0.06832937619195717,0.27184611735775177,4,8
2026-05,英国,iOS,non-Organic,Glitter,7.838709677419355,1.4516129032258065,385.5483870967742,0.0040128683021126155,0.020289730544530017,37,34
2026-05,英国,iOS,non-Organic,Glowup,37.83870967741935,12.0,385.5483870967742,0.030681297611162058,0.09708524108940955,13,17
2026-05,英国,iOS,non-Organic,Hair,61.12903225806452,15.580645161290322,385.5483870967742,0.04060453328056277,0.1571923197546827,6,13
2026-05,英国,iOS,non-Organic,Magic,129.19354838709677,65.0,385.5483870967742,0.17243313121943,0.3408389660456509,1,1
2026-05,英国,iOS,non-Organic,Makeup,58.0,22.161290322580644,385.5483870967742,0.05711642826972236,0.14823909434185648,8,11
2026-05,英国,iOS,non-Organic,Matte,8.548387096774194,4.32258064516129,385.5483870967742,0.010818471361670719,0.0221929726715126,36,28
2026-05,英国,iOS,non-Organic,Muscle,10.806451612903226,2.774193548387097,385.5483870967742,0.007359060244949271,0.027511583230581674,35,31
2026-05,英国,iOS,non-Organic,Mykit,13.225806451612904,0.0,385.5483870967742,0.0,0.03518235663046167,30,43
2026-05,英国,iOS,non-Organic,Plump,18.838709677419356,6.387096774193548,385.5483870967742,0.016468943653411682,0.04981366308817479,26,24
2026-05,英国,iOS,non-Organic,Preset,24.93548387096774,1.3548387096774193,385.5483870967742,0.0037792445331099136,0.06463595329484169,23,36
2026-05,英国,iOS,non-Organic,Prism,2.6451612903225805,0.41935483870967744,385.5483870967742,0.001258721951127588,0.008460284427862693,44,40
2026-05,英国,iOS,non-Organic,Relight,58.354838709677416,25.516129032258064,385.5483870967742,0.06468082716446671,0.14978206157774504,7,9
2026-05,英国,iOS,non-Organic,Reshape,54.806451612903224,32.45161290322581,385.5483870967742,0.08477307145257693,0.14153727235568125,9,5
2026-05,英国,iOS,non-Organic,Resize,23.129032258064516,10.838709677419354,385.5483870967742,0.02803843762158997,0.05963594799884219,24,21
2026-05,英国,iOS,non-Organic,Skin Tone,44.935483870967744,30.903225806451612,385.5483870967742,0.07916479649482162,0.11596300725619421,11,7
2026-05,英国,iOS,non-Organic,Smooth,64.48387096774194,46.516129032258064,385.5483870967742,0.12105911378204862,0.16705606450838703,5,3
2026-05,英国,iOS,non-Organic,Stamp,3.2580645161290325,0.6774193548387096,385.5483870967742,0.0016245664389593086,0.009349608721672818,43,39
2026-05,英国,iOS,non-Organic,Teeth,25.516129032258064,0.0,385.5483870967742,0.0,0.06480068198219457,21,43
2026-05,英国,iOS,non-Organic,Text,5.645161290322581,0.25806451612903225,385.5483870967742,0.0007211856370748177,0.01526896070561084,40,42
2026-06,墨西哥,Android,Organic,AI Expand,5.888888888888889,3.074074074074074,209.2962962962963,0.014673656776895814,0.028144431513061927,32,21
2026-06,墨西哥,Android,Organic,AI Image,16.814814814814813,3.037037037037037,209.2962962962963,0.014897855701683905,0.08081047113262274,12,20
2026-06,墨西哥,Android,Organic,AI Repair,15.703703703703704,8.592592592592593,209.2962962962963,0.04086560143033487,0.07472694329067545,15,13
2026-06,墨西哥,Android,Organic,AI Replace,4.444444444444445,2.259259259259259,209.2962962962963,0.010710683648276653,0.022138182419200996,39,25
2026-06,墨西哥,Android,Organic,AI Retouch,33.851851851851855,13.481481481481481,209.2962962962963,0.06413722265144102,0.16137413671941095,5,7
2026-06,墨西哥,Android,Organic,AI Tattoo,4.7407407407407405,1.1851851851851851,209.2962962962963,0.005666924719329085,0.02320974997405469,35,35
2026-06,墨西哥,Android,Organic,Acne,10.0,7.037037037037037,209.2962962962963,0.03348400820719432,0.04776240124148509,21,16
2026-06,墨西哥,Android,Organic,Adjust,18.48148148148148,8.555555555555555,209.2962962962963,0.04118040745544008,0.08856700308820119,11,12
2026-06,墨西哥,Android,Organic,Background,10.777777777777779,1.1851851851851851,209.2962962962963,0.005689806941042564,0.051768528516030705,19,34
2026-06,墨西哥,Android,Organic,Blur,8.703703703703704,6.148148148148148,209.2962962962963,0.030006161843493667,0.04240298557808204,22,17
2026-06,墨西哥,Android,Organic,Body,22.85185185185185,13.666666666666666,209.2962962962963,0.06582449611458546,0.11068830424766689,8,6
2026-06,墨西哥,Android,Organic,Bokeh,5.444444444444445,1.8148148148148149,209.2962962962963,0.008666030907605125,0.026219947702595985,33,28
2026-06,墨西哥,Android,Organic,Brighten,5.148148148148148,2.6296296296296298,209.2962962962963,0.012271637612399364,0.025128320149319393,34,22
2026-06,墨西哥,Android,Organic,Concealer,6.925925925925926,2.1481481481481484,209.2962962962963,0.01004663157162482,0.03314167714098279,28,26
2026-06,墨西哥,Android,Organic,Contour,2.5185185185185186,0.8518518518518519,209.2962962962963,0.004195123005759305,0.014204478679294667,42,37
2026-06,墨西哥,Android,Organic,Crop,15.814814814814815,12.62962962962963,209.2962962962963,0.06065430750613074,0.07583379437438778,14,8
2026-06,墨西哥,Android,Organic,Dark Circles,4.777777777777778,3.259259259259259,209.2962962962963,0.01565314913393721,0.022915895032165616,37,19
2026-06,墨西哥,Android,Organic,Details,3.185185185185185,1.5925925925925926,209.2962962962963,0.007975686702275664,0.016368310232666612,41,30
2026-06,墨西哥,Android,Organic,Effects,12.555555555555555,0.4444444444444444,209.2962962962963,0.0021944828911663176,0.06138741919561324,16,43
2026-06,墨西哥,Android,Organic,Eraser,19.88888888888889,11.481481481481481,209.2962962962963,0.0552686513482146,0.09546064061006215,9,10
2026-06,墨西哥,Android,Organic,Expression,8.148148148148149,2.5925925925925926,209.2962962962963,0.012104847364204715,0.03859315229095314,23,23
2026-06,墨西哥,Android,Organic,Eye Brighten,2.7777777777777777,1.5555555555555556,209.2962962962963,0.0077521235464203106,0.014200503968571513,43,31
2026-06,墨西哥,Android,Organic,Face,37.851851851851855,17.14814814814815,209.2962962962963,0.08125744472217215,0.1810169943081318,3,1
2026-06,墨西哥,Android,Organic,Face Fix,7.2592592592592595,1.6666666666666667,209.2962962962963,0.008058428384415344,0.03482757359845846,27,29
2026-06,墨西哥,Android,Organic,Filters,47.7037037037037,15.333333333333334,209.2962962962963,0.07313090598312379,0.22732946573068538,1,3
2026-06,墨西哥,Android,Organic,Glitter,6.148148148148148,0.8518518518518519,209.2962962962963,0.003996457299309426,0.029313112292389247,31,38
2026-06,墨西哥,Android,Organic,Glowup,10.814814814814815,2.3333333333333335,209.2962962962963,0.01146952213753574,0.052893753777134254,18,24
2026-06,墨西哥,Android,Organic,Hair,36.851851851851855,10.481481481481481,209.2962962962963,0.04987640219072131,0.17565248519494436,4,11
2026-06,墨西哥,Android,Organic,Magic,37.77777777777778,16.444444444444443,209.2962962962963,0.0797424412182786,0.18154987788901333,2,2
2026-06,墨西哥,Android,Organic,Makeup,25.25925925925926,14.074074074074074,209.2962962962963,0.0668870331649407,0.11971618321107552,7,5
2026-06,墨西哥,Android,Organic,Matte,2.4814814814814814,1.2592592592592593,209.2962962962963,0.006457224480857089,0.0141741741838755,44,33
2026-06,墨西哥,Android,Organic,Muscle,7.222222222222222,1.962962962962963,209.2962962962963,0.009710303947650658,0.03498650552184867,26,27
2026-06,墨西哥,Android,Organic,Mykit,6.888888888888889,0.0,209.2962962962963,0.0,0.03313138339545684,29,44
2026-06,墨西哥,Android,Organic,Plump,6.148148148148148,1.5555555555555556,209.2962962962963,0.007576360891821927,0.029656778546282812,30,32
2026-06,墨西哥,Android,Organic,Preset,9.88888888888889,0.6296296296296297,209.2962962962963,0.0029943613571813184,0.04803501252651521,20,42
2026-06,墨西哥,Android,Organic,Prism,3.259259259259259,0.8518518518518519,209.2962962962963,0.0037914647067768285,0.016602246368434926,40,39
2026-06,墨西哥,Android,Organic,Relight,18.666666666666668,8.222222222222221,209.2962962962963,0.03988296951172945,0.0895117421146387,10,15
2026-06,墨西哥,Android,Organic,Reshape,24.85185185185185,14.37037037037037,209.2962962962963,0.06909970036256523,0.12000057518720356,6,4
2026-06,墨西哥,Android,Organic,Resize,7.7407407407407405,3.3333333333333335,209.2962962962963,0.016266196746395435,0.03756618618247432,24,18
2026-06,墨西哥,Android,Organic,Skin Tone,12.777777777777779,8.703703703703704,209.2962962962963,0.04063861781259575,0.06068211824347796,17,14
2026-06,墨西哥,Android,Organic,Smooth,15.814814814814815,11.62962962962963,209.2962962962963,0.05628557580844641,0.07602047515811389,13,9
2026-06,墨西哥,Android,Organic,Stamp,4.777777777777778,1.0740740740740742,209.2962962962963,0.004725520031933332,0.022957854882284218,36,36
2026-06,墨西哥,Android,Organic,Teeth,7.407407407407407,0.7407407407407407,209.2962962962963,0.0032263240204884417,0.03525192032182,25,41
2026-06,墨西哥,Android,Organic,Text,4.518518518518518,0.7407407407407407,209.2962962962963,0.003561689850680323,0.022409969524976207,38,40
2026-06,墨西哥,Android,non-Organic,AI Expand,12.074074074074074,4.407407407407407,925.8888888888889,0.005003840629728124,0.013650925897472608,35,27
2026-06,墨西哥,Android,non-Organic,AI Image,93.88888888888889,15.703703703703704,925.8888888888889,0.016638811914192628,0.10217885560469904,7,11
2026-06,墨西哥,Android,non-Organic,AI Repair,35.77777777777778,12.925925925925926,925.8888888888889,0.014466435192082192,0.03906523220274695,18,13
2026-06,墨西哥,Android,non-Organic,AI Replace,8.814814814814815,4.148148148148148,925.8888888888889,0.004625554321340318,0.009841733847543123,38,29
2026-06,墨西哥,Android,non-Organic,AI Retouch,213.37037037037038,41.148148148148145,925.8888888888889,0.04425124627413712,0.2283812427997254,2,4
2026-06,墨西哥,Android,non-Organic,AI Tattoo,38.2962962962963,9.407407407407407,925.8888888888889,0.010320450492210632,0.04128844940884461,16,18
2026-06,墨西哥,Android,non-Organic,Acne,18.48148148148148,5.962962962962963,925.8888888888889,0.006399041715926563,0.019888836995079758,29,21
2026-06,墨西哥,Android,non-Organic,Adjust,37.55555555555556,10.11111111111111,925.8888888888889,0.011034703764708886,0.04164340719226782,15,17
2026-06,墨西哥,Android,non-Organic,Background,29.185185185185187,2.814814814814815,925.8888888888889,0.0030123482078075353,0.03132250956460842,24,32
2026-06,墨西哥,Android,non-Organic,Blur,13.11111111111111,5.037037037037037,925.8888888888889,0.005590696951656569,0.014636576098856194,32,24
2026-06,墨西哥,Android,non-Organic,Body,125.29629629629629,65.29629629629629,925.8888888888889,0.07480344555499228,0.14173770204806693,5,1
2026-06,墨西哥,Android,non-Organic,Bokeh,6.703703703703703,2.111111111111111,925.8888888888889,0.0023460710329411827,0.007400157154570293,40,37
2026-06,墨西哥,Android,non-Organic,Brighten,12.592592592592593,4.962962962962963,925.8888888888889,0.005274836457452323,0.013761855762341794,34,25
2026-06,墨西哥,Android,non-Organic,Concealer,16.85185185185185,5.444444444444445,925.8888888888889,0.005911573953804578,0.018465433165220205,30,23
2026-06,墨西哥,Android,non-Organic,Contour,4.62962962962963,2.3333333333333335,925.8888888888889,0.002516167048210625,0.005623141536567503,44,36
2026-06,墨西哥,Android,non-Organic,Crop,31.037037037037038,22.296296296296298,925.8888888888889,0.02469448695655493,0.03424258445280805,20,9
2026-06,墨西哥,Android,non-Organic,Dark Circles,10.0,4.296296296296297,925.8888888888889,0.0047000071993465046,0.010910992015055413,37,28
2026-06,墨西哥,Android,non-Organic,Details,6.037037037037037,2.4814814814814814,925.8888888888889,0.0027665988593048745,0.0065704831204314584,42,34
2026-06,墨西哥,Android,non-Organic,Effects,43.111111111111114,1.5555555555555556,925.8888888888889,0.001653209105405419,0.04641985158508147,13,40
2026-06,墨西哥,Android,non-Organic,Eraser,39.2962962962963,11.962962962962964,925.8888888888889,0.013450795378529605,0.043646412378374896,14,15
2026-06,墨西哥,Android,non-Organic,Expression,27.555555555555557,5.888888888888889,925.8888888888889,0.00640949912420681,0.029753222011487442,25,20
2026-06,墨西哥,Android,non-Organic,Eye Brighten,6.2592592592592595,2.5185185185185186,925.8888888888889,0.0027443429774147514,0.006874334261878268,41,35
2026-06,墨西哥,Android,non-Organic,Face,176.5185185185185,45.2962962962963,925.8888888888889,0.04927359968192795,0.1895256142254629,4,3
2026-06,墨西哥,Android,non-Organic,Face Fix,26.59259259259259,3.4814814814814814,925.8888888888889,0.0038316479190703264,0.028636814780654832,26,30
2026-06,墨西哥,Android,non-Organic,Filters,204.77777777777777,35.888888888888886,925.8888888888889,0.03815077726433965,0.2180138265792504,3,6
2026-06,墨西哥,Android,non-Organic,Glitter,22.185185185185187,2.888888888888889,925.8888888888889,0.0031566835774989787,0.02408156011752233,28,31
2026-06,墨西哥,Android,non-Organic,Glowup,63.18518518518518,6.703703703703703,925.8888888888889,0.007143585856134908,0.06812572027306996,10,19
2026-06,墨西哥,Android,non-Organic,Hair,388.18518518518516,68.03703703703704,925.8888888888889,0.07255703224666231,0.41288291930272153,1,2
2026-06,墨西哥,Android,non-Organic,Magic,131.40740740740742,38.111111111111114,925.8888888888889,0.041717902818291984,0.14158032781180252,6,5
2026-06,墨西哥,Android,non-Organic,Makeup,58.925925925925924,19.925925925925927,925.8888888888889,0.02174589644550216,0.06390657345442949,11,10
2026-06,墨西哥,Android,non-Organic,Matte,5.37037037037037,1.7037037037037037,925.8888888888889,0.0018791906473066612,0.006012510844052559,43,39
2026-06,墨西哥,Android,non-Organic,Muscle,57.7037037037037,12.481481481481481,925.8888888888889,0.013558755310169639,0.061749737035935615,12,14
2026-06,墨西哥,Android,non-Organic,Mykit,24.22222222222222,0.0,925.8888888888889,0.0,0.02677358185137415,27,44
2026-06,墨西哥,Android,non-Organic,Plump,30.185185185185187,5.703703703703703,925.8888888888889,0.006097987957948101,0.03281240520686742,21,22
2026-06,墨西哥,Android,non-Organic,Preset,37.925925925925924,1.8888888888888888,925.8888888888889,0.00211910534867851,0.04115322336785336,17,38
2026-06,墨西哥,Android,non-Organic,Prism,7.62962962962963,2.6296296296296298,925.8888888888889,0.002868838119502458,0.00854385199528149,39,33
2026-06,墨西哥,Android,non-Organic,Relight,70.37037037037037,24.59259259259259,925.8888888888889,0.025913058864780774,0.07475384231999888,9,8
2026-06,墨西哥,Android,non-Organic,Reshape,91.44444444444444,30.88888888888889,925.8888888888889,0.034724131787385926,0.10144756316957915,8,7
2026-06,墨西哥,Android,non-Organic,Resize,13.62962962962963,4.62962962962963,925.8888888888889,0.005202548327680921,0.015282832106275268,31,26
2026-06,墨西哥,Android,non-Organic,Skin Tone,29.037037037037038,13.666666666666666,925.8888888888889,0.01478153896404508,0.03144297627734909,23,12
2026-06,墨西哥,Android,non-Organic,Smooth,28.85185185185185,12.037037037037036,925.8888888888889,0.01330657415729033,0.03174603929814394,22,16
2026-06,墨西哥,Android,non-Organic,Stamp,10.814814814814815,1.3703703703703705,925.8888888888889,0.001495421293714708,0.011983686707069492,36,41
2026-06,墨西哥,Android,non-Organic,Teeth,32.074074074074076,0.8148148148148148,925.8888888888889,0.0009452505632484323,0.034342317004078804,19,42
2026-06,墨西哥,Android,non-Organic,Text,12.777777777777779,0.5185185185185185,925.8888888888889,0.0005253186692064891,0.01411114099245684,33,43
2026-06,墨西哥,iOS,Organic,AI Expand,3.3333333333333335,1.2962962962962963,208.0,0.006210597236106999,0.016641558456756186,41,31
2026-06,墨西哥,iOS,Organic,AI Image,13.0,1.7407407407407407,208.0,0.008354732332776199,0.06229138062802761,17,27
2026-06,墨西哥,iOS,Organic,AI Repair,11.814814814814815,4.333333333333333,208.0,0.02087321500323726,0.05668963236473917,18,18
2026-06,墨西哥,iOS,Organic,AI Replace,2.037037037037037,0.8518518518518519,208.0,0.004093007232057074,0.010698246865815992,44,35
2026-06,墨西哥,iOS,Organic,AI Retouch,41.074074074074076,17.51851851851852,208.0,0.08364187444901353,0.19597453824001446,4,8
2026-06,墨西哥,iOS,Organic,AI Tattoo,3.888888888888889,0.5185185185185185,208.0,0.002574272051918122,0.0202138868075211,38,39
2026-06,墨西哥,iOS,Organic,Acne,20.925925925925927,14.814814814814815,208.0,0.0709740835438666,0.10008440669742565,12,10
2026-06,墨西哥,iOS,Organic,Adjust,19.185185185185187,7.703703703703703,208.0,0.03703263274426471,0.0917807371750999,14,13
2026-06,墨西哥,iOS,Organic,Background,9.777777777777779,0.8148148148148148,208.0,0.003983283957660043,0.04600821195808807,25,37
2026-06,墨西哥,iOS,Organic,Blur,8.222222222222221,4.407407407407407,208.0,0.02062359819219493,0.03904157357727464,27,19
2026-06,墨西哥,iOS,Organic,Body,33.629629629629626,22.88888888888889,208.0,0.10921585825175116,0.160002296189821,6,4
2026-06,墨西哥,iOS,Organic,Bokeh,3.5185185185185186,0.8518518518518519,208.0,0.004086732137735939,0.016857724966444564,40,36
2026-06,墨西哥,iOS,Organic,Brighten,9.74074074074074,4.962962962962963,208.0,0.02357347135191736,0.04695029092515323,24,17
2026-06,墨西哥,iOS,Organic,Concealer,11.407407407407407,3.740740740740741,208.0,0.01797258496963559,0.05466882451898311,20,21
2026-06,墨西哥,iOS,Organic,Contour,4.074074074074074,1.8888888888888888,208.0,0.009189980448885795,0.019710831615199827,39,26
2026-06,墨西哥,iOS,Organic,Crop,10.037037037037036,7.296296296296297,208.0,0.03537187589267874,0.04840064122874705,22,14
2026-06,墨西哥,iOS,Organic,Dark Circles,9.851851851851851,6.444444444444445,208.0,0.03138638576331137,0.04766276353983372,23,16
2026-06,墨西哥,iOS,Organic,Details,5.62962962962963,2.0,208.0,0.009476048631756639,0.027228831976011343,33,25
2026-06,墨西哥,iOS,Organic,Effects,17.185185185185187,0.1111111111111111,208.0,0.0004959425786947869,0.081986500806842,15,43
2026-06,墨西哥,iOS,Organic,Eraser,22.925925925925927,12.851851851851851,208.0,0.06140225836386102,0.11007748832093606,11,12
2026-06,墨西哥,iOS,Organic,Expression,7.555555555555555,1.6666666666666667,208.0,0.008025778492801929,0.03641138893438996,29,28
2026-06,墨西哥,iOS,Organic,Eye Brighten,4.925925925925926,2.7777777777777777,208.0,0.013498890843889713,0.025020186702655177,35,24
2026-06,墨西哥,iOS,Organic,Face,58.18518518518518,29.51851851851852,208.0,0.14159031879950124,0.27971715982121814,2,1
2026-06,墨西哥,iOS,Organic,Face Fix,7.925925925925926,1.2592592592592593,208.0,0.006021406548312214,0.03830558930286913,28,32
2026-06,墨西哥,iOS,Organic,Filters,61.55555555555556,18.037037037037038,208.0,0.08581533671101924,0.29477938648129615,1,7
2026-06,墨西哥,iOS,Organic,Glitter,6.111111111111111,0.6296296296296297,208.0,0.002941126779975397,0.029162971718558164,31,38
2026-06,墨西哥,iOS,Organic,Glowup,13.666666666666666,3.074074074074074,208.0,0.014681400034535974,0.06502462012047174,16,22
2026-06,墨西哥,iOS,Organic,Hair,25.85185185185185,7.111111111111111,208.0,0.0337176454538137,0.12442708175578712,10,15
2026-06,墨西哥,iOS,Organic,Magic,49.666666666666664,25.48148148148148,208.0,0.12195172327788614,0.23623062014101584,3,2
2026-06,墨西哥,iOS,Organic,Makeup,33.0,17.88888888888889,208.0,0.0862439143424396,0.1581929557510209,7,6
2026-06,墨西哥,iOS,Organic,Matte,5.074074074074074,2.8518518518518516,208.0,0.014151834724991277,0.024779337875018567,36,23
2026-06,墨西哥,iOS,Organic,Muscle,5.851851851851852,1.5185185185185186,208.0,0.007409967617746264,0.028026031102781502,32,30
2026-06,墨西哥,iOS,Organic,Mykit,5.62962962962963,0.0,208.0,0.0,0.026813035711500014,34,44
2026-06,墨西哥,iOS,Organic,Plump,6.444444444444445,1.6296296296296295,208.0,0.007807165733119126,0.030594863067686662,30,29
2026-06,墨西哥,iOS,Organic,Preset,11.62962962962963,0.4074074074074074,208.0,0.0019371931049510826,0.055429080098630755,19,41
2026-06,墨西哥,iOS,Organic,Prism,2.037037037037037,0.5185185185185185,208.0,0.0024997423670245623,0.010845147017834051,43,40
2026-06,墨西哥,iOS,Organic,Relight,35.55555555555556,17.0,208.0,0.08021342901101072,0.16911383125138804,5,9
2026-06,墨西哥,iOS,Organic,Reshape,32.77777777777778,22.333333333333332,208.0,0.10581288421037512,0.15508205684161858,8,5
2026-06,墨西哥,iOS,Organic,Resize,11.148148148148149,4.2592592592592595,208.0,0.019897258244973622,0.052510386801452216,21,20
2026-06,墨西哥,iOS,Organic,Skin Tone,19.59259259259259,13.444444444444445,208.0,0.06404554406407516,0.09324111477524086,13,11
2026-06,墨西哥,iOS,Organic,Smooth,31.59259259259259,24.962962962962962,208.0,0.11922703994743192,0.15127976236698545,9,3
2026-06,墨西哥,iOS,Organic,Stamp,4.111111111111111,1.037037037037037,208.0,0.004942103331797313,0.020966290734519916,37,33
2026-06,墨西哥,iOS,Organic,Teeth,9.407407407407407,1.0740740740740742,208.0,0.004709046730509298,0.04488376685392222,26,34
2026-06,墨西哥,iOS,Organic,Text,3.0,0.2222222222222222,208.0,0.0010542224710337277,0.01506730675199672,42,42
2026-06,墨西哥,iOS,non-Organic,AI Expand,0.4444444444444444,0.2222222222222222,12.814814814814815,0.01726882110869039,0.08140839208950665,40,20
2026-06,墨西哥,iOS,non-Organic,AI Image,1.7407407407407407,0.2222222222222222,12.814814814814815,0.012946309127939674,0.16820051032259944,9,30
2026-06,墨西哥,iOS,non-Organic,AI Repair,2.6296296296296298,1.5925925925925926,12.814814814814815,0.14034347925386798,0.22687009094817834,3,1
2026-06,墨西哥,iOS,non-Organic,AI Replace,0.038461538461538464,0.0,12.653846153846153,0.0,0.05,44,38
2026-06,墨西哥,iOS,non-Organic,AI Retouch,2.5925925925925926,0.9259259259259259,12.814814814814815,0.0640559277642181,0.21564312808507857,4,8
2026-06,墨西哥,iOS,non-Organic,AI Tattoo,0.19230769230769232,0.0,13.153846153846153,0.0,0.08091093117408907,41,38
2026-06,墨西哥,iOS,non-Organic,Acne,0.7619047619047619,0.47619047619047616,13.476190476190476,0.032671928420491006,0.11292616439288268,23,15
2026-06,墨西哥,iOS,non-Organic,Adjust,1.1851851851851851,0.4074074074074074,12.814814814814815,0.026338318353282236,0.1215173113779925,16,16
2026-06,墨西哥,iOS,non-Organic,Background,0.6296296296296297,0.1111111111111111,12.814814814814815,0.009609731831954052,0.08768268080961579,37,31
2026-06,墨西哥,iOS,non-Organic,Blur,0.2222222222222222,0.07407407407407407,12.814814814814815,0.007478632478632479,0.07955184435447593,42,34
2026-06,墨西哥,iOS,non-Organic,Body,1.9230769230769231,1.4615384615384615,13.153846153846153,0.11796222485672356,0.1759562359239301,8,2
2026-06,墨西哥,iOS,non-Organic,Bokeh,0.1111111111111111,0.037037037037037035,12.814814814814815,0.004629629629629629,0.10251322751322751,27,36
2026-06,墨西哥,iOS,non-Organic,Brighten,0.7,0.25,13.4,0.014191176470588235,0.08283828601166064,38,28
2026-06,墨西哥,iOS,non-Organic,Concealer,0.85,0.25,13.4,0.017767857142857144,0.10599175792674247,25,19
2026-06,墨西哥,iOS,non-Organic,Contour,0.2608695652173913,0.08695652173913043,13.08695652173913,0.004347826086956522,0.08909774436090226,36,37
2026-06,墨西哥,iOS,non-Organic,Crop,0.48148148148148145,0.4444444444444444,12.814814814814815,0.033902307861716184,0.09922853891894139,30,14
2026-06,墨西哥,iOS,non-Organic,Dark Circles,0.5,0.2,13.4,0.015399436090225562,0.09242230883581501,33,23
2026-06,墨西哥,iOS,non-Organic,Details,0.7368421052631579,0.21052631578947367,13.368421052631579,0.016253869969040248,0.09061413431769468,35,22
2026-06,墨西哥,iOS,non-Organic,Effects,1.3333333333333333,0.0,12.814814814814815,0.0,0.1413023171481818,13,38
2026-06,墨西哥,iOS,non-Organic,Eraser,1.4074074074074074,0.6666666666666666,12.814814814814815,0.05102782637612359,0.13948133651694022,14,12
2026-06,墨西哥,iOS,non-Organic,Expression,0.5,0.11538461538461539,13.153846153846153,0.008109678782755706,0.09186230436230436,34,33
2026-06,墨西哥,iOS,non-Organic,Eye Brighten,0.3157894736842105,0.21052631578947367,13.368421052631579,0.015196983687288395,0.07609580964844122,43,24
2026-06,墨西哥,iOS,non-Organic,Face,3.0,1.2222222222222223,12.814814814814815,0.0856510620442509,0.22694638888739338,2,5
2026-06,墨西哥,iOS,non-Organic,Face Fix,0.6923076923076923,0.19230769230769232,13.153846153846153,0.014703085376162299,0.10034208168606663,28,26
2026-06,墨西哥,iOS,non-Organic,Filters,3.740740740740741,0.7777777777777778,12.814814814814815,0.05684510421352527,0.3005876975423296,1,10
2026-06,墨西哥,iOS,non-Organic,Glitter,0.5,0.11538461538461539,13.153846153846153,0.014176528599605524,0.10713650384703016,24,29
2026-06,墨西哥,iOS,non-Organic,Glowup,1.0384615384615385,0.34615384615384615,13.153846153846153,0.02432440925087984,0.12147145886019724,17,18
2026-06,墨西哥,iOS,non-Organic,Hair,2.185185185185185,0.7407407407407407,12.814814814814815,0.06050365215311895,0.19147478052276812,7,9
2026-06,墨西哥,iOS,non-Organic,Magic,2.5925925925925926,1.0,12.814814814814815,0.07643441567160177,0.21252791061971812,5,6
2026-06,墨西哥,iOS,non-Organic,Makeup,1.4814814814814814,0.7407407407407407,12.814814814814815,0.054447497997549596,0.14954789485417527,10,11
2026-06,墨西哥,iOS,non-Organic,Matte,0.34782608695652173,0.2608695652173913,13.478260869565217,0.014673913043478261,0.0975,31,27
2026-06,墨西哥,iOS,non-Organic,Muscle,0.5384615384615384,0.3076923076923077,13.153846153846153,0.024497580097127606,0.09564260558842602,32,17
2026-06,墨西哥,iOS,non-Organic,Mykit,0.5185185185185185,0.0,12.814814814814815,0.0,0.09958693947664533,29,38
2026-06,墨西哥,iOS,non-Organic,Plump,0.5925925925925926,0.14814814814814814,12.814814814814815,0.014858906525573192,0.11638049450549448,20,25
2026-06,墨西哥,iOS,non-Organic,Preset,0.9629629629629629,0.0,12.814814814814815,0.0,0.12530899899320952,15,38
2026-06,墨西哥,iOS,non-Organic,Prism,0.15384615384615385,0.038461538461538464,12.653846153846153,0.004807692307692308,0.14849624060150377,11,35
2026-06,墨西哥,iOS,non-Organic,Relight,2.3703703703703702,1.1111111111111112,12.814814814814815,0.08692046194196176,0.20136984027754157,6,4
2026-06,墨西哥,iOS,non-Organic,Reshape,1.2692307692307692,0.5769230769230769,13.153846153846153,0.04450308909555159,0.12137132153192527,18,13
2026-06,墨西哥,iOS,non-Organic,Resize,0.5384615384615384,0.15384615384615385,13.153846153846153,0.017000093923170846,0.10592836493571789,26,21
2026-06,墨西哥,iOS,non-Organic,Skin Tone,1.45,0.95,13.4,0.07309799763360135,0.12032069762977916,19,7
2026-06,墨西哥,iOS,non-Organic,Smooth,1.9,1.2,13.4,0.09128821535361784,0.14788442302903768,12,3
2026-06,墨西哥,iOS,non-Organic,Stamp,0.07692307692307693,0.0,12.653846153846153,0.0,0.11458333333333333,22,38
2026-06,墨西哥,iOS,non-Organic,Teeth,0.5769230769230769,0.11538461538461539,13.153846153846153,0.009294871794871795,0.11599972882867621,21,32
2026-06,墨西哥,iOS,non-Organic,Text,0.25925925925925924,0.0,12.814814814814815,0.0,0.08165689352664142,39,38
2026-06,巴西,Android,Organic,AI Expand,27.333333333333332,13.11111111111111,1604.5925925925926,0.008201581159827971,0.017058289478891892,35,26
2026-06,巴西,Android,Organic,AI Image,116.74074074074075,22.40740740740741,1604.5925925925926,0.013941668566103573,0.07271017125185104,12,21
2026-06,巴西,Android,Organic,AI Repair,80.03703703703704,36.03703703703704,1604.5925925925926,0.02235321366306507,0.04974912689245987,17,17
2026-06,巴西,Android,Organic,AI Replace,20.25925925925926,8.148148148148149,1604.5925925925926,0.005075125396031432,0.012600290732580658,38,32
2026-06,巴西,Android,Organic,AI Retouch,292.5925925925926,106.51851851851852,1604.5925925925926,0.06587870601107693,0.18142595682709733,5,6
2026-06,巴西,Android,Organic,AI Tattoo,37.925925925925924,9.0,1604.5925925925926,0.005584369654648686,0.023603062852991637,32,30
2026-06,巴西,Android,Organic,Acne,102.62962962962963,77.07407407407408,1604.5925925925926,0.04784860110078594,0.0637276805093671,15,13
2026-06,巴西,Android,Organic,Adjust,158.2962962962963,92.55555555555556,1604.5925925925926,0.05744269203966879,0.09821215107013315,9,8
2026-06,巴西,Android,Organic,Background,67.96296296296296,7.2592592592592595,1604.5925925925926,0.0045109320062681965,0.04216476614745182,22,36
2026-06,巴西,Android,Organic,Blur,71.0,45.629629629629626,1604.5925925925926,0.02829945970072225,0.04408533322791238,19,15
2026-06,巴西,Android,Organic,Body,116.37037037037037,67.22222222222223,1604.5925925925926,0.04138174187144007,0.07184579964077481,14,14
2026-06,巴西,Android,Organic,Bokeh,25.074074074074073,7.962962962962963,1604.5925925925926,0.004933809819447811,0.015505268218179697,36,34
2026-06,巴西,Android,Organic,Brighten,41.074074074074076,20.11111111111111,1604.5925925925926,0.012415117380990904,0.025312651911589604,31,22
2026-06,巴西,Android,Organic,Concealer,60.111111111111114,27.037037037037038,1604.5925925925926,0.01662039140376901,0.03709816336868899,24,20
2026-06,巴西,Android,Organic,Contour,18.444444444444443,8.962962962962964,1604.5925925925926,0.005531327992006228,0.01140361761648283,41,31
2026-06,巴西,Android,Organic,Crop,116.07407407407408,90.92592592592592,1604.5925925925926,0.05669128424942916,0.07253299023128758,13,9
2026-06,巴西,Android,Organic,Dark Circles,43.333333333333336,29.555555555555557,1604.5925925925926,0.0184017738678612,0.026975309914545716,29,18
2026-06,巴西,Android,Organic,Details,16.185185185185187,6.185185185185185,1604.5925925925926,0.003925715032675316,0.01008922515145316,43,37
2026-06,巴西,Android,Organic,Effects,83.81481481481481,3.2222222222222223,1604.5925925925926,0.001967065287800695,0.05194155299567694,16,42
2026-06,巴西,Android,Organic,Eraser,152.77777777777777,83.51851851851852,1604.5925925925926,0.05216123665087445,0.09501651018935665,10,11
2026-06,巴西,Android,Organic,Expression,44.666666666666664,10.481481481481481,1604.5925925925926,0.006596737549448191,0.027854801234682404,28,29
2026-06,巴西,Android,Organic,Eye Brighten,23.11111111111111,13.851851851851851,1604.5925925925926,0.008616340643129506,0.014328111024268408,37,25
2026-06,巴西,Android,Organic,Face,314.22222222222223,135.92592592592592,1604.5925925925926,0.08411216359965704,0.1948680886642435,3,3
2026-06,巴西,Android,Organic,Face Fix,53.925925925925924,11.88888888888889,1604.5925925925926,0.0074613831589765926,0.033618448897412535,26,28
2026-06,巴西,Android,Organic,Filters,382.962962962963,151.07407407407408,1604.5925925925926,0.09357424958522448,0.23715128278331307,1,2
2026-06,巴西,Android,Organic,Glitter,29.11111111111111,5.777777777777778,1604.5925925925926,0.0036055849501772097,0.017955333221498053,34,40
2026-06,巴西,Android,Organic,Glowup,68.14814814814815,14.074074074074074,1604.5925925925926,0.008733877311716376,0.04241787576170023,21,24
2026-06,巴西,Android,Organic,Hair,322.44444444444446,87.77777777777777,1604.5925925925926,0.05489329351477843,0.20125891099317914,2,10
2026-06,巴西,Android,Organic,Magic,314.7037037037037,166.74074074074073,1604.5925925925926,0.10288760178261469,0.19446482269132545,4,1
2026-06,巴西,Android,Organic,Makeup,204.07407407407408,110.74074074074075,1604.5925925925926,0.06822436108888182,0.1260286674113199,6,5
2026-06,巴西,Android,Organic,Matte,14.518518518518519,6.2592592592592595,1604.5925925925926,0.003869434687556489,0.008961711897228294,44,38
2026-06,巴西,Android,Organic,Muscle,42.51851851851852,12.444444444444445,1604.5925925925926,0.007887866855094714,0.026623290096800718,30,27
2026-06,巴西,Android,Organic,Mykit,31.296296296296298,0.0,1604.5925925925926,0.0,0.019208812762208875,33,44
2026-06,巴西,Android,Organic,Plump,50.7037037037037,16.51851851851852,1604.5925925925926,0.010235791106053806,0.031409307344146195,27,23
2026-06,巴西,Android,Organic,Preset,74.96296296296296,5.851851851851852,1604.5925925925926,0.0036407916178856545,0.04624030508724963,18,39
2026-06,巴西,Android,Organic,Prism,18.555555555555557,7.333333333333333,1604.5925925925926,0.004555358327744437,0.01150938793681632,40,35
2026-06,巴西,Android,Organic,Relight,167.03703703703704,78.44444444444444,1604.5925925925926,0.048559312427551814,0.10319053896367815,8,12
2026-06,巴西,Android,Organic,Reshape,182.7037037037037,132.62962962962962,1604.5925925925926,0.08200861576778935,0.11315200265263298,7,4
2026-06,巴西,Android,Organic,Resize,56.96296296296296,29.40740740740741,1604.5925925925926,0.01817499628055959,0.03518218579237637,25,19
2026-06,巴西,Android,Organic,Skin Tone,68.66666666666667,42.48148148148148,1604.5925925925926,0.026388870225019876,0.042627780370993,20,16
2026-06,巴西,Android,Organic,Smooth,134.11111111111111,102.33333333333333,1604.5925925925926,0.06334297161584172,0.0831067946110659,11,7
2026-06,巴西,Android,Organic,Stamp,18.37037037037037,3.259259259259259,1604.5925925925926,0.001994697800811671,0.011329388297939958,42,41
2026-06,巴西,Android,Organic,Teeth,66.74074074074075,8.296296296296296,1604.5925925925926,0.004941443586557428,0.04135735364394427,23,33
2026-06,巴西,Android,Organic,Text,18.74074074074074,2.6296296296296298,1604.5925925925926,0.0016201495013914455,0.011587103816230222,39,43
2026-06,巴西,Android,non-Organic,AI Expand,81.25925925925925,32.333333333333336,7867.777777777777,0.004093760486969893,0.010307318545831999,37,32
2026-06,巴西,Android,non-Organic,AI Image,799.2592592592592,154.8148148148148,7867.777777777777,0.01984508604660505,0.10205608868718094,8,14
2026-06,巴西,Android,non-Organic,AI Repair,343.44444444444446,138.44444444444446,7867.777777777777,0.017583599160900267,0.043536271859657444,19,17
2026-06,巴西,Android,non-Organic,AI Replace,66.51851851851852,28.88888888888889,7867.777777777777,0.0036777652697815863,0.008456120256990373,41,35
2026-06,巴西,Android,non-Organic,AI Retouch,1891.7777777777778,551.2222222222222,7867.777777777777,0.07008513610161383,0.24077214726824636,3,4
2026-06,巴西,Android,non-Organic,AI Tattoo,259.51851851851853,64.96296296296296,7867.777777777777,0.008344877736024445,0.03310620277296303,22,26
2026-06,巴西,Android,non-Organic,Acne,257.5925925925926,151.74074074074073,7867.777777777777,0.019299218137497826,0.032703415193456965,26,15
2026-06,巴西,Android,non-Organic,Adjust,469.2962962962963,232.62962962962962,7867.777777777777,0.029561266000669,0.05961228819907171,12,13
2026-06,巴西,Android,non-Organic,Background,344.6296296296296,38.96296296296296,7867.777777777777,0.0049859165996473925,0.04392749174188615,18,30
2026-06,巴西,Android,non-Organic,Blur,192.4814814814815,99.48148148148148,7867.777777777777,0.012614518703043318,0.024458183694499053,30,19
2026-06,巴西,Android,non-Organic,Body,484.6296296296296,236.55555555555554,7867.777777777777,0.029902822358662085,0.06135698716179772,11,12
2026-06,巴西,Android,non-Organic,Bokeh,78.37037037037037,20.333333333333332,7867.777777777777,0.0025673422090431086,0.00993307776202346,38,39
2026-06,巴西,Android,non-Organic,Brighten,195.37037037037038,92.55555555555556,7867.777777777777,0.01175536365317427,0.02486210361363876,29,20
2026-06,巴西,Android,non-Organic,Concealer,259.44444444444446,112.81481481481481,7867.777777777777,0.014310050990365896,0.03296376189101747,24,18
2026-06,巴西,Android,non-Organic,Contour,70.77777777777777,31.59259259259259,7867.777777777777,0.003976572323712006,0.008940111203695589,40,34
2026-06,巴西,Android,non-Organic,Crop,352.77777777777777,254.4814814814815,7867.777777777777,0.03235335584056701,0.04482932399953308,17,9
2026-06,巴西,Android,non-Organic,Dark Circles,157.22222222222223,85.0,7867.777777777777,0.01079203476392048,0.019939555579587383,32,22
2026-06,巴西,Android,non-Organic,Details,55.03703703703704,18.62962962962963,7867.777777777777,0.002358046583095772,0.006982518870666695,44,41
2026-06,巴西,Android,non-Organic,Effects,445.6296296296296,21.85185185185185,7867.777777777777,0.002783437304729921,0.05684574579782636,13,37
2026-06,巴西,Android,non-Organic,Eraser,704.074074074074,326.2962962962963,7867.777777777777,0.0416587081756958,0.08972366103223008,9,8
2026-06,巴西,Android,non-Organic,Expression,214.07407407407408,53.18518518518518,7867.777777777777,0.006726539901259665,0.02708667673819105,27,27
2026-06,巴西,Android,non-Organic,Eye Brighten,88.85185185185185,44.25925925925926,7867.777777777777,0.0056121007034315926,0.011289348563195765,36,29
2026-06,巴西,Android,non-Organic,Face,1617.6666666666667,538.1481481481482,7867.777777777777,0.06822902881270412,0.205445437481023,4,5
2026-06,巴西,Android,non-Organic,Face Fix,258.1111111111111,68.88888888888889,7867.777777777777,0.008747393221522844,0.03271345015835869,25,24
2026-06,巴西,Android,non-Organic,Filters,2081.037037037037,782.1481481481482,7867.777777777777,0.09960325197378339,0.2649888669607972,2,1
2026-06,巴西,Android,non-Organic,Glitter,166.55555555555554,31.666666666666668,7867.777777777777,0.003996840995802478,0.021177177692288437,31,33
2026-06,巴西,Android,non-Organic,Glowup,381.51851851851853,67.55555555555556,7867.777777777777,0.008627053210427655,0.04843744959166642,16,25
2026-06,巴西,Android,non-Organic,Hair,3245.4444444444443,705.5185185185185,7867.777777777777,0.08965623027679336,0.4118636492177937,1,2
2026-06,巴西,Android,non-Organic,Magic,1406.0740740740741,574.8888888888889,7867.777777777777,0.07307697478683024,0.17868836958925968,5,3
2026-06,巴西,Android,non-Organic,Makeup,867.4814814814815,370.6296296296296,7867.777777777777,0.047065591281739455,0.110327664137814,7,7
2026-06,巴西,Android,non-Organic,Matte,58.77777777777778,19.77777777777778,7867.777777777777,0.0024825098310088116,0.007451447950459862,43,40
2026-06,巴西,Android,non-Organic,Muscle,317.48148148148147,87.51851851851852,7867.777777777777,0.011147224904883077,0.04031062881202182,20,21
2026-06,巴西,Android,non-Organic,Mykit,147.44444444444446,0.0,7867.777777777777,0.0,0.018798759759265832,33,44
2026-06,巴西,Android,non-Organic,Plump,199.14814814814815,73.48148148148148,7867.777777777777,0.009370879105976292,0.025302316040218504,28,23
2026-06,巴西,Android,non-Organic,Preset,383.44444444444446,36.48148148148148,7867.777777777777,0.004620717813284649,0.04867751111428019,15,31
2026-06,巴西,Android,non-Organic,Prism,61.22222222222222,23.666666666666668,7867.777777777777,0.0029978097489389006,0.007744323879764894,42,36
2026-06,巴西,Android,non-Organic,Relight,919.8148148148148,424.3333333333333,7867.777777777777,0.05379188321641662,0.11688920308862309,6,6
2026-06,巴西,Android,non-Organic,Reshape,486.0,241.22222222222223,7867.777777777777,0.030552308734055247,0.06163476214331807,10,11
2026-06,巴西,Android,non-Organic,Resize,120.48148148148148,48.55555555555556,7867.777777777777,0.006123923638459775,0.015247550509446301,34,28
2026-06,巴西,Android,non-Organic,Skin Tone,294.48148148148147,150.14814814814815,7867.777777777777,0.019046121664117958,0.03737896936002919,21,16
2026-06,巴西,Android,non-Organic,Smooth,410.81481481481484,241.59259259259258,7867.777777777777,0.030665856105025494,0.052241114790249316,14,10
2026-06,巴西,Android,non-Organic,Stamp,75.48148148148148,13.814814814814815,7867.777777777777,0.0017585549818660117,0.009566348716432265,39,42
2026-06,巴西,Android,non-Organic,Teeth,261.18518518518516,19.814814814814813,7867.777777777777,0.0026122543603453612,0.033016169142746875,23,38
2026-06,巴西,Android,non-Organic,Text,89.85185185185185,7.592592592592593,7867.777777777777,0.0009740743151798855,0.011498074173911903,35,43
2026-06,巴西,iOS,Organic,AI Expand,75.5925925925926,30.814814814814813,5147.740740740741,0.005963206365475459,0.014667315214801331,37,30
2026-06,巴西,iOS,Organic,AI Image,260.55555555555554,54.7037037037037,5147.740740740741,0.010564058021088184,0.050837066055811904,20,25
2026-06,巴西,iOS,Organic,AI Repair,259.55555555555554,99.22222222222223,5147.740740740741,0.01918606926410603,0.05020051969980819,21,20
2026-06,巴西,iOS,Organic,AI Replace,41.7037037037037,14.777777777777779,5147.740740740741,0.0028749866369338416,0.008094506421000654,44,37
2026-06,巴西,iOS,Organic,AI Retouch,1019.1111111111111,411.0740740740741,5147.740740740741,0.07916289666571322,0.19695659561847723,4,7
2026-06,巴西,iOS,Organic,AI Tattoo,88.4074074074074,14.333333333333334,5147.740740740741,0.00279751576624072,0.017348281815161206,34,38
2026-06,巴西,iOS,Organic,Acne,608.4074074074074,481.18518518518516,5147.740740740741,0.09348473541737912,0.11814255739861401,11,6
2026-06,巴西,iOS,Organic,Adjust,595.5555555555555,293.18518518518516,5147.740740740741,0.056293524011739475,0.11445666134624236,12,12
2026-06,巴西,iOS,Organic,Background,234.37037037037038,13.074074074074074,5147.740740740741,0.0025856370479211727,0.045420041823152915,24,39
2026-06,巴西,iOS,Organic,Blur,285.44444444444446,191.92592592592592,5147.740740740741,0.03718751835828238,0.05527731672015704,17,14
2026-06,巴西,iOS,Organic,Body,528.4444444444445,333.962962962963,5147.740740740741,0.06415095210684997,0.10168817863244023,13,11
2026-06,巴西,iOS,Organic,Bokeh,98.85185185185185,32.148148148148145,5147.740740740741,0.0062159786806241105,0.0191498362845589,33,29
2026-06,巴西,iOS,Organic,Brighten,171.44444444444446,92.37037037037037,5147.740740740741,0.01798713010850401,0.033348765445002704,29,21
2026-06,巴西,iOS,Organic,Concealer,235.74074074074073,112.18518518518519,5147.740740740741,0.021897987484828015,0.04579864718615886,23,19
2026-06,巴西,iOS,Organic,Contour,68.25925925925925,34.22222222222222,5147.740740740741,0.006631705500386006,0.013217339246877284,38,28
2026-06,巴西,iOS,Organic,Crop,290.81481481481484,210.25925925925927,5147.740740740741,0.040763540516847815,0.05628747013601957,16,13
2026-06,巴西,iOS,Organic,Dark Circles,227.8148148148148,187.85185185185185,5147.740740740741,0.03640231549530622,0.04411545232456324,25,15
2026-06,巴西,iOS,Organic,Details,60.666666666666664,20.703703703703702,5147.740740740741,0.004045669542601455,0.011775435204843435,39,34
2026-06,巴西,iOS,Organic,Effects,354.81481481481484,4.37037037037037,5147.740740740741,0.0008615051808059381,0.06841245669442592,14,42
2026-06,巴西,iOS,Organic,Eraser,612.4074074074074,344.18518518518516,5147.740740740741,0.06660305336896429,0.11835242711739567,10,10
2026-06,巴西,iOS,Organic,Expression,148.74074074074073,27.88888888888889,5147.740740740741,0.005341007634487109,0.028780058888335174,30,31
2026-06,巴西,iOS,Organic,Eye Brighten,102.88888888888889,73.85185185185185,5147.740740740741,0.014321447525053724,0.019916059180162465,31,22
2026-06,巴西,iOS,Organic,Face,1350.037037037037,556.5925925925926,5147.740740740741,0.10686383113567553,0.2600868421936734,2,5
2026-06,巴西,iOS,Organic,Face Fix,217.37037037037038,39.55555555555556,5147.740740740741,0.007606498914348255,0.0419532533996584,28,27
2026-06,巴西,iOS,Organic,Filters,1628.037037037037,606.4074074074074,5147.740740740741,0.1162037765071229,0.31354696606840127,1,4
2026-06,巴西,iOS,Organic,Glitter,83.03703703703704,10.333333333333334,5147.740740740741,0.0019932752331852455,0.016053814989607725,35,40
2026-06,巴西,iOS,Organic,Glowup,229.1851851851852,51.888888888888886,5147.740740740741,0.00991711843512847,0.044054693100718766,26,26
2026-06,巴西,iOS,Organic,Hair,699.6296296296297,167.2962962962963,5147.740740740741,0.032508248596992737,0.13631617110213373,9,16
2026-06,巴西,iOS,Organic,Magic,1245.888888888889,689.0,5147.740740740741,0.1331790372078869,0.2405816638995877,3,2
2026-06,巴西,iOS,Organic,Makeup,734.3703703703703,362.0740740740741,5147.740740740741,0.0696093824331248,0.14122124030753977,8,9
2026-06,巴西,iOS,Organic,Matte,53.22222222222222,22.333333333333332,5147.740740740741,0.00436917169593763,0.01031062761271426,41,33
2026-06,巴西,iOS,Organic,Muscle,99.92592592592592,24.11111111111111,5147.740740740741,0.004771390392046931,0.019612267074977468,32,32
2026-06,巴西,iOS,Organic,Mykit,81.18518518518519,0.0,5147.740740740741,0.0,0.015783251726839285,36,44
2026-06,巴西,iOS,Organic,Plump,218.44444444444446,69.48148148148148,5147.740740740741,0.013461739133398827,0.04222855150963963,27,23
2026-06,巴西,iOS,Organic,Preset,267.55555555555554,17.925925925925927,5147.740740740741,0.0034419626594136502,0.05141666941857005,19,36
2026-06,巴西,iOS,Organic,Prism,51.148148148148145,19.11111111111111,5147.740740740741,0.003674238837226049,0.00985769719742685,42,35
2026-06,巴西,iOS,Organic,Relight,797.5925925925926,380.14814814814815,5147.740740740741,0.07308184331539525,0.15380188173681372,6,8
2026-06,巴西,iOS,Organic,Reshape,954.6666666666666,775.5555555555555,5147.740740740741,0.149289961781688,0.18383823245998276,5,1
2026-06,巴西,iOS,Organic,Resize,273.4074074074074,142.5185185185185,5147.740740740741,0.0274497299239499,0.0525693772118479,18,18
2026-06,巴西,iOS,Organic,Skin Tone,257.7037037037037,153.40740740740742,5147.740740740741,0.02969529766625146,0.04997319807750878,22,17
2026-06,巴西,iOS,Organic,Smooth,779.8518518518518,630.9629629629629,5147.740740740741,0.12193240299080667,0.15086041006228895,7,3
2026-06,巴西,iOS,Organic,Stamp,53.22222222222222,9.62962962962963,5147.740740740741,0.001877363045466049,0.010377351188492702,40,41
2026-06,巴西,iOS,Organic,Teeth,333.25925925925924,61.629629629629626,5147.740740740741,0.011212474304416853,0.06375854897570685,15,24
2026-06,巴西,iOS,Organic,Text,42.0,3.962962962962963,5147.740740740741,0.0008066247530670344,0.0081897556018792,43,43
2026-06,巴西,iOS,non-Organic,AI Expand,13.296296296296296,4.703703703703703,1222.037037037037,0.003793677706375822,0.0108507161671023,36,35
2026-06,巴西,iOS,non-Organic,AI Image,129.74074074074073,43.03703703703704,1222.037037037037,0.035607959756945404,0.1063626760898322,9,10
2026-06,巴西,iOS,non-Organic,AI Repair,61.925925925925924,25.444444444444443,1222.037037037037,0.02103207904751268,0.05098097055254092,16,15
2026-06,巴西,iOS,non-Organic,AI Replace,8.074074074074074,3.3333333333333335,1222.037037037037,0.002680478663872938,0.006632127389296433,41,36
2026-06,巴西,iOS,non-Organic,AI Retouch,292.51851851851853,97.62962962962963,1222.037037037037,0.07987394140707244,0.23862740183326922,3,4
2026-06,巴西,iOS,non-Organic,AI Tattoo,40.55555555555556,8.74074074074074,1222.037037037037,0.006973048823486174,0.03265657809540529,23,26
2026-06,巴西,iOS,non-Organic,Acne,38.51851851851852,19.62962962962963,1222.037037037037,0.016374638105306188,0.031855093602456315,24,16
2026-06,巴西,iOS,non-Organic,Adjust,94.74074074074075,48.407407407407405,1222.037037037037,0.03967636290098758,0.07792001644794865,11,9
2026-06,巴西,iOS,non-Organic,Background,64.37037037037037,4.814814814814815,1222.037037037037,0.00395993031579338,0.05287760270633511,14,32
2026-06,巴西,iOS,non-Organic,Blur,28.74074074074074,15.074074074074074,1222.037037037037,0.012246771826962207,0.023516708104472032,30,19
2026-06,巴西,iOS,non-Organic,Body,85.25925925925925,42.55555555555556,1222.037037037037,0.034747815656493354,0.06961542375418305,12,11
2026-06,巴西,iOS,non-Organic,Bokeh,10.222222222222221,2.5925925925925926,1222.037037037037,0.0021134134262258517,0.008323608998436855,38,39
2026-06,巴西,iOS,non-Organic,Brighten,30.74074074074074,15.148148148148149,1222.037037037037,0.012508060578549331,0.025222831882841527,29,18
2026-06,巴西,iOS,non-Organic,Concealer,32.888888888888886,13.74074074074074,1222.037037037037,0.011349995006186409,0.026926301474262577,28,21
2026-06,巴西,iOS,non-Organic,Contour,9.333333333333334,5.111111111111111,1222.037037037037,0.004229249183786122,0.007639423627214448,39,30
2026-06,巴西,iOS,non-Organic,Crop,44.2962962962963,31.37037037037037,1222.037037037037,0.025982198544401328,0.0365396007922313,19,13
2026-06,巴西,iOS,non-Organic,Dark Circles,19.814814814814813,12.481481481481481,1222.037037037037,0.010040051598131984,0.01598770442917404,33,22
2026-06,巴西,iOS,non-Organic,Details,5.666666666666667,1.7037037037037037,1222.037037037037,0.001385201498182315,0.004695995910096125,44,42
2026-06,巴西,iOS,non-Organic,Effects,118.51851851851852,2.7037037037037037,1222.037037037037,0.0022951167986004863,0.09759377431604674,10,38
2026-06,巴西,iOS,non-Organic,Eraser,158.1851851851852,88.37037037037037,1222.037037037037,0.07347605791839104,0.13095172462062085,7,7
2026-06,巴西,iOS,non-Organic,Expression,35.0,7.37037037037037,1222.037037037037,0.006018912733364945,0.028311706707603322,27,27
2026-06,巴西,iOS,non-Organic,Eye Brighten,11.037037037037036,5.111111111111111,1222.037037037037,0.004154232752939289,0.008937127137004942,37,31
2026-06,巴西,iOS,non-Organic,Face,263.44444444444446,98.62962962962963,1222.037037037037,0.08059701536278858,0.2154954395209579,4,3
2026-06,巴西,iOS,non-Organic,Face Fix,44.81481481481482,11.0,1222.037037037037,0.008992777097162135,0.03627021346541077,20,25
2026-06,巴西,iOS,non-Organic,Filters,500.85185185185185,209.62962962962962,1222.037037037037,0.17324076119066525,0.4121811888835559,1,1
2026-06,巴西,iOS,non-Organic,Glitter,28.296296296296298,5.407407407407407,1222.037037037037,0.004488148193663138,0.023111485047439446,31,28
2026-06,巴西,iOS,non-Organic,Glowup,58.370370370370374,11.481481481481481,1222.037037037037,0.00945235340121294,0.04755469057817953,18,24
2026-06,巴西,iOS,non-Organic,Hair,406.037037037037,94.03703703703704,1222.037037037037,0.07616661008505836,0.3268417612179742,2,6
2026-06,巴西,iOS,non-Organic,Magic,253.0,96.74074074074075,1222.037037037037,0.07926395322666811,0.2077403712005842,5,5
2026-06,巴西,iOS,non-Organic,Makeup,129.74074074074073,50.111111111111114,1222.037037037037,0.0417318493222393,0.10695092340719824,8,8
2026-06,巴西,iOS,non-Organic,Matte,7.518518518518518,2.5185185185185186,1222.037037037037,0.0020398286216094744,0.0061166364612820386,43,40
2026-06,巴西,iOS,non-Organic,Muscle,43.888888888888886,11.814814814814815,1222.037037037037,0.009466805599106452,0.03527573499034519,21,23
2026-06,巴西,iOS,non-Organic,Mykit,22.666666666666668,0.0,1222.037037037037,0.0,0.01876714055414505,32,44
2026-06,巴西,iOS,non-Organic,Plump,37.370370370370374,14.185185185185185,1222.037037037037,0.011648432569681321,0.030702536035293677,25,20
2026-06,巴西,iOS,non-Organic,Preset,68.62962962962963,4.592592592592593,1222.037037037037,0.0038717018381071995,0.05636278983395699,13,33
2026-06,巴西,iOS,non-Organic,Prism,7.851851851851852,2.925925925925926,1222.037037037037,0.0023612126383993595,0.006372909374180702,42,37
2026-06,巴西,iOS,non-Organic,Relight,209.14814814814815,107.29629629629629,1222.037037037037,0.08841108177587147,0.17211092683505033,6,2
2026-06,巴西,iOS,non-Organic,Reshape,58.96296296296296,26.925925925925927,1222.037037037037,0.021998000711984284,0.048014636847061844,17,14
2026-06,巴西,iOS,non-Organic,Resize,14.0,5.407407407407407,1222.037037037037,0.004357307937101031,0.011337256376775205,34,29
2026-06,巴西,iOS,non-Organic,Skin Tone,36.851851851851855,16.037037037037038,1222.037037037037,0.013078450337879976,0.03001860045447191,26,17
2026-06,巴西,iOS,non-Organic,Smooth,63.407407407407405,36.18518518518518,1222.037037037037,0.029969719867928693,0.052196490220886044,15,12
2026-06,巴西,iOS,non-Organic,Stamp,8.518518518518519,1.7407407407407407,1222.037037037037,0.001446567976257161,0.007035278180013853,40,41
2026-06,巴西,iOS,non-Organic,Teeth,42.592592592592595,4.777777777777778,1222.037037037037,0.003867635193300172,0.03465059389563454,22,34
2026-06,巴西,iOS,non-Organic,Text,13.407407407407407,0.8148148148148148,1222.037037037037,0.0007065288302716207,0.011262918090630262,35,43
2026-06,整体,Android,Organic,AI Expand,175.25925925925927,69.11111111111111,6163.0,0.011358608700999542,0.02888222055883621,38,29
2026-06,整体,Android,Organic,AI Image,676.5925925925926,110.70370370370371,6163.0,0.018033943571533137,0.11055624409455025,10,22
2026-06,整体,Android,Organic,AI Repair,484.81481481481484,215.62962962962962,6163.0,0.035433658839411686,0.07961279277349342,16,16
2026-06,整体,Android,Organic,AI Replace,176.7037037037037,76.11111111111111,6163.0,0.012527720767588065,0.029093174065837762,37,27
2026-06,整体,Android,Organic,AI Retouch,1433.3703703703704,528.2962962962963,6163.0,0.08507718669756394,0.23113342678179583,4,5
2026-06,整体,Android,Organic,AI Tattoo,179.77777777777777,36.888888888888886,6163.0,0.005987108508924562,0.029318662605201367,36,39
2026-06,整体,Android,Organic,Acne,448.44444444444446,294.2962962962963,6163.0,0.04811387787023083,0.07312935900802281,18,13
2026-06,整体,Android,Organic,Adjust,648.7777777777778,334.18518518518516,6163.0,0.05495008402172716,0.10641367636150936,11,9
2026-06,整体,Android,Organic,Background,454.2962962962963,55.074074074074076,6163.0,0.00895158751385912,0.07418200161700499,17,35
2026-06,整体,Android,Organic,Blur,361.14814814814815,170.14814814814815,6163.0,0.028008413962003,0.05938378654237955,22,17
2026-06,整体,Android,Organic,Body,505.85185185185185,273.8888888888889,6163.0,0.044550609717209824,0.08228178763560152,15,15
2026-06,整体,Android,Organic,Bokeh,268.8888888888889,141.33333333333334,6163.0,0.02340562828464551,0.044422864595745674,28,19
2026-06,整体,Android,Organic,Brighten,273.962962962963,139.66666666666666,6163.0,0.02276925897549509,0.04460105671461635,27,20
2026-06,整体,Android,Organic,Concealer,339.9259259259259,145.8148148148148,6163.0,0.023608359775670048,0.054869453252023796,23,18
2026-06,整体,Android,Organic,Contour,140.11111111111111,64.81481481481481,6163.0,0.010515552782609915,0.02275070848479208,40,30
2026-06,整体,Android,Organic,Crop,423.74074074074076,309.0,6163.0,0.05060537099090814,0.069314501788038,20,11
2026-06,整体,Android,Organic,Dark Circles,211.11111111111111,130.85185185185185,6163.0,0.021439196392068385,0.03447118982949597,35,21
2026-06,整体,Android,Organic,Details,130.0,55.2962962962963,6163.0,0.009027123514261253,0.021124353561894255,42,33
2026-06,整体,Android,Organic,Effects,512.5555555555555,19.85185185185185,6163.0,0.0032005068146028254,0.08388062680399157,13,42
2026-06,整体,Android,Organic,Eraser,684.7037037037037,307.962962962963,6163.0,0.05032262919117387,0.11140203995061648,9,12
2026-06,整体,Android,Organic,Expression,251.8148148148148,62.592592592592595,6163.0,0.010180171833328991,0.04098528802811804,31,31
2026-06,整体,Android,Organic,Eye Brighten,155.33333333333334,93.62962962962963,6163.0,0.01534998697832869,0.02531862442282257,39,24
2026-06,整体,Android,Organic,Face,1511.2222222222222,630.5185185185185,6163.0,0.10257126511249494,0.24501638378486035,3,2
2026-06,整体,Android,Organic,Face Fix,323.7037037037037,75.62962962962963,6163.0,0.012333830652385473,0.052825330049600674,25,28
2026-06,整体,Android,Organic,Filters,1847.3333333333333,553.1111111111111,6163.0,0.09012638772082404,0.29973909657000664,1,3
2026-06,整体,Android,Organic,Glitter,270.77777777777777,40.851851851851855,6163.0,0.006581196078750999,0.04412853208491307,29,38
2026-06,整体,Android,Organic,Glowup,388.3703703703704,105.18518518518519,6163.0,0.01719787079344543,0.06334847065398665,21,23
2026-06,整体,Android,Organic,Hair,1220.9259259259259,339.1111111111111,6163.0,0.05444787357775295,0.19769324886707393,5,10
2026-06,整体,Android,Organic,Magic,1566.7037037037037,769.074074074074,6163.0,0.12451587944287121,0.25367235859787335,2,1
2026-06,整体,Android,Organic,Makeup,925.8518518518518,413.0740740740741,6163.0,0.06697720064828887,0.14955507054746808,6,6
2026-06,整体,Android,Organic,Matte,128.44444444444446,54.81481481481482,6163.0,0.008992404676155788,0.02081081460352824,43,34
2026-06,整体,Android,Organic,Muscle,213.25925925925927,57.0,6163.0,0.009350729349578358,0.0348077326393357,34,32
2026-06,整体,Android,Organic,Mykit,326.962962962963,0.0,6163.0,0.0,0.05328974468175168,24,44
2026-06,整体,Android,Organic,Plump,254.66666666666666,83.14814814814815,6163.0,0.013581686533084555,0.041578856396035486,30,26
2026-06,整体,Android,Organic,Preset,509.037037037037,47.18518518518518,6163.0,0.007531062528664473,0.08300025553147862,14,36
2026-06,整体,Android,Organic,Prism,118.48148148148148,42.592592592592595,6163.0,0.007005422394770343,0.01941965976389728,44,37
2026-06,整体,Android,Organic,Relight,831.3703703703703,389.3333333333333,6163.0,0.0637203042044765,0.13578403022997382,7,7
2026-06,整体,Android,Organic,Reshape,615.4444444444445,343.14814814814815,6163.0,0.05596064347508331,0.10017167962070743,12,8
2026-06,整体,Android,Organic,Resize,228.88888888888889,92.48148148148148,6163.0,0.015086730452479113,0.03724375461837739,32,25
2026-06,整体,Android,Organic,Skin Tone,443.44444444444446,279.74074074074076,6163.0,0.04573577124485979,0.07232605798686119,19,14
2026-06,整体,Android,Organic,Smooth,727.5555555555555,532.6296296296297,6163.0,0.08720732557980393,0.1186658626510077,8,4
2026-06,整体,Android,Organic,Stamp,136.55555555555554,26.814814814814813,6163.0,0.004367072864922426,0.022340419360794724,41,40
2026-06,整体,Android,Organic,Teeth,286.77777777777777,29.62962962962963,6163.0,0.004239878189814677,0.046582026826456034,26,41
2026-06,整体,Android,Organic,Text,214.55555555555554,13.703703703703704,6163.0,0.002235448087089586,0.034876500720461924,33,43
2026-06,整体,Android,non-Organic,AI Expand,149.2962962962963,56.148148148148145,11502.888888888889,0.004869120251482557,0.012936369448158765,36,33
2026-06,整体,Android,non-Organic,AI Image,1238.4444444444443,214.44444444444446,11502.888888888889,0.01875815622572476,0.10808556932610755,8,16
2026-06,整体,Android,non-Organic,AI Repair,570.8888888888889,225.37037037037038,11502.888888888889,0.019683669963764343,0.0497020430273525,16,15
2026-06,整体,Android,non-Organic,AI Replace,146.2962962962963,64.55555555555556,11502.888888888889,0.005596319087038827,0.012706733708668849,37,30
2026-06,整体,Android,non-Organic,AI Retouch,2793.4814814814813,808.8148148148148,11502.888888888889,0.07014407994530875,0.2428196016346262,3,5
2026-06,整体,Android,non-Organic,AI Tattoo,396.51851851851853,95.03703703703704,11502.888888888889,0.008341369948970204,0.03461038586902523,25,26
2026-06,整体,Android,non-Organic,Acne,396.7037037037037,214.77777777777777,11502.888888888889,0.018646265414915705,0.034390341987384054,26,17
2026-06,整体,Android,non-Organic,Adjust,656.0370370370371,287.51851851851853,11502.888888888889,0.02499848809931063,0.05696614541388755,12,13
2026-06,整体,Android,non-Organic,Background,540.1111111111111,62.333333333333336,11502.888888888889,0.005409091108767715,0.046868748682785066,18,31
2026-06,整体,Android,non-Organic,Blur,260.0740740740741,123.37037037037037,11502.888888888889,0.010726441659086374,0.022650296247882666,32,21
2026-06,整体,Android,non-Organic,Body,837.5185185185185,408.7037037037037,11502.888888888889,0.03545737302280134,0.07262411959511343,10,9
2026-06,整体,Android,non-Organic,Bokeh,125.29629629629629,31.88888888888889,11502.888888888889,0.002764454456223825,0.010875459359594324,41,40
2026-06,整体,Android,non-Organic,Brighten,306.4074074074074,141.40740740740742,11502.888888888889,0.012294014520215843,0.02662372487622137,29,19
2026-06,整体,Android,non-Organic,Concealer,449.8888888888889,193.1851851851852,11502.888888888889,0.01669559058479707,0.038901652422372396,22,18
2026-06,整体,Android,non-Organic,Contour,133.59259259259258,60.111111111111114,11502.888888888889,0.005188382169086402,0.011550846164698307,39,32
2026-06,整体,Android,non-Organic,Crop,507.8888888888889,349.0,11502.888888888889,0.03038746732656086,0.04416041981636908,19,12
2026-06,整体,Android,non-Organic,Dark Circles,239.03703703703704,121.62962962962963,11502.888888888889,0.010556575318187163,0.020700432341172716,33,22
2026-06,整体,Android,non-Organic,Details,109.62962962962963,35.925925925925924,11502.888888888889,0.0031188918929064913,0.00947684614693088,43,37
2026-06,整体,Android,non-Organic,Effects,644.0,32.111111111111114,11502.888888888889,0.0027942738067818973,0.05610129507773321,14,39
2026-06,整体,Android,non-Organic,Eraser,1089.6296296296296,479.85185185185185,11502.888888888889,0.041823292867344666,0.09468569345348395,9,8
2026-06,整体,Android,non-Organic,Expression,342.74074074074076,84.37037037037037,11502.888888888889,0.007331381896856571,0.029741975148232624,27,27
2026-06,整体,Android,non-Organic,Eye Brighten,144.0,68.77777777777777,11502.888888888889,0.005947073053609135,0.012466214913298848,38,29
2026-06,整体,Android,non-Organic,Face,2538.037037037037,871.2962962962963,11502.888888888889,0.0754790752905212,0.22029856605528758,4,3
2026-06,整体,Android,non-Organic,Face Fix,421.85185185185185,110.44444444444444,11502.888888888889,0.009568902045728076,0.03660292289045649,23,23
2026-06,整体,Android,non-Organic,Filters,2917.5555555555557,947.7407407407408,11502.888888888889,0.08241578415907634,0.253642883479888,2,2
2026-06,整体,Android,non-Organic,Glitter,288.3333333333333,51.851851851851855,11502.888888888889,0.004471304540783883,0.025015379722682373,31,35
2026-06,整体,Android,non-Organic,Glowup,570.2222222222222,107.62962962962963,11502.888888888889,0.009374439015656759,0.049639285585796555,17,24
2026-06,整体,Android,non-Organic,Hair,4412.111111111111,976.2592592592592,11502.888888888889,0.08504385397074511,0.3838326944683842,1,1
2026-06,整体,Android,non-Organic,Magic,2183.777777777778,865.5925925925926,11502.888888888889,0.07497833017793966,0.1893347461338092,5,4
2026-06,整体,Android,non-Organic,Makeup,1399.6296296296296,576.3333333333334,11502.888888888889,0.049951114116546416,0.1213226277497038,6,6
2026-06,整体,Android,non-Organic,Matte,114.44444444444444,38.74074074074074,11502.888888888889,0.003337428995881745,0.009884038813979475,42,36
2026-06,整体,Android,non-Organic,Muscle,489.74074074074076,129.22222222222223,11502.888888888889,0.011287487983077342,0.04265198571047387,20,20
2026-06,整体,Android,non-Organic,Mykit,301.74074074074076,0.0,11502.888888888889,0.0,0.026203800450788864,30,44
2026-06,整体,Android,non-Organic,Plump,312.1111111111111,103.5925925925926,11502.888888888889,0.008996480307890393,0.027086728381612517,28,25
2026-06,整体,Android,non-Organic,Preset,601.7407407407408,54.44444444444444,11502.888888888889,0.004678847146343218,0.0521057471438051,15,34
2026-06,整体,Android,non-Organic,Prism,98.4074074074074,35.55555555555556,11502.888888888889,0.0030901262620620486,0.008521070307065056,44,38
2026-06,整体,Android,non-Organic,Relight,1294.4814814814815,566.8518518518518,11502.888888888889,0.04928026507226421,0.11271951643565134,7,7
2026-06,整体,Android,non-Organic,Reshape,810.8888888888889,353.48148148148147,11502.888888888889,0.03059973776831723,0.07032808445591682,11,11
2026-06,整体,Android,non-Organic,Resize,191.11111111111111,73.22222222222223,11502.888888888889,0.006340205584427261,0.01653429540288719,34,28
2026-06,整体,Android,non-Organic,Skin Tone,469.55555555555554,237.25925925925927,11502.888888888889,0.020578447529556537,0.04070612526799996,21,14
2026-06,整体,Android,non-Organic,Smooth,655.8148148148148,376.85185185185185,11502.888888888889,0.032690207656717984,0.056929372104135005,13,10
2026-06,整体,Android,non-Organic,Stamp,126.85185185185185,21.814814814814813,11502.888888888889,0.0018947060532838041,0.01098310703792503,40,42
2026-06,整体,Android,non-Organic,Teeth,401.6666666666667,29.74074074074074,11502.888888888889,0.0025610371169839338,0.03475610362260063,24,41
2026-06,整体,Android,non-Organic,Text,173.85185185185185,12.555555555555555,11502.888888888889,0.0010871537748909103,0.015099666972401579,35,43
2026-06,整体,iOS,Organic,AI Expand,292.6666666666667,101.18518518518519,20462.59259259259,0.004938940587827312,0.014328960430241495,41,34
2026-06,整体,iOS,Organic,AI Image,1697.037037037037,362.2962962962963,20462.59259259259,0.01762692450018786,0.08282712202587812,16,23
2026-06,整体,iOS,Organic,AI Repair,1171.6666666666667,375.3703703703704,20462.59259259259,0.01837410693103609,0.057290078625650095,19,21
2026-06,整体,iOS,Organic,AI Replace,247.66666666666666,94.18518518518519,20462.59259259259,0.004615662150109452,0.012136826858527187,42,35
2026-06,整体,iOS,Organic,AI Retouch,5053.666666666667,1943.4074074074074,20462.59259259259,0.0949474459171794,0.24690104025435355,4,5
2026-06,整体,iOS,Organic,AI Tattoo,434.18518518518516,73.55555555555556,20462.59259259259,0.0036103145311384096,0.02128429162089304,35,39
2026-06,整体,iOS,Organic,Acne,1939.0740740740741,1384.6296296296296,20462.59259259259,0.06768727978201518,0.09476316401597362,13,8
2026-06,整体,iOS,Organic,Adjust,1804.851851851852,807.3333333333334,20462.59259259259,0.03938691243993625,0.08806852645892829,14,13
2026-06,整体,iOS,Organic,Background,1094.7777777777778,76.88888888888889,20462.59259259259,0.0038003687171447825,0.05362708488125901,21,38
2026-06,整体,iOS,Organic,Blur,791.8888888888889,452.4074074074074,20462.59259259259,0.022135367484366012,0.038714239073712735,28,19
2026-06,整体,iOS,Organic,Body,2068.6296296296296,1227.5185185185185,20462.59259259259,0.05985472345017469,0.10090960456257239,11,10
2026-06,整体,iOS,Organic,Bokeh,317.48148148148147,91.22222222222223,20462.59259259259,0.004456196647139995,0.015514468829262797,39,36
2026-06,整体,iOS,Organic,Brighten,938.0,477.037037037037,20462.59259259259,0.023336157687215593,0.04590010575623223,24,18
2026-06,整体,iOS,Organic,Concealer,1119.4074074074074,501.3703703703704,20462.59259259259,0.024532929546106225,0.05471588142073917,20,17
2026-06,整体,iOS,Organic,Contour,427.77777777777777,216.03703703703704,20462.59259259259,0.010587697615266357,0.02095019587217976,36,26
2026-06,整体,iOS,Organic,Crop,807.7777777777778,562.5555555555555,20462.59259259259,0.027466641720266263,0.03943012341138541,27,15
2026-06,整体,iOS,Organic,Dark Circles,762.4444444444445,546.5185185185185,20462.59259259259,0.026682157860358185,0.037222092075695115,29,16
2026-06,整体,iOS,Organic,Details,407.2962962962963,135.14814814814815,20462.59259259259,0.006630690217906458,0.019917999686638706,37,30
2026-06,整体,iOS,Organic,Effects,2170.962962962963,29.11111111111111,20462.59259259259,0.0014305379349059358,0.10598812773769978,10,42
2026-06,整体,iOS,Organic,Eraser,1980.4814814814815,1004.6666666666666,20462.59259259259,0.04914097502166567,0.09681723000056834,12,11
2026-06,整体,iOS,Organic,Expression,607.0,118.07407407407408,20462.59259259259,0.005774872049470432,0.029663034466588783,31,31
2026-06,整体,iOS,Organic,Eye Brighten,492.25925925925924,318.55555555555554,20462.59259259259,0.015584299541970352,0.024063564002608947,33,24
2026-06,整体,iOS,Organic,Face,5706.407407407408,2486.5185185185187,20462.59259259259,0.1213519560564254,0.2786692190632677,2,1
2026-06,整体,iOS,Organic,Face Fix,988.8888888888889,167.03703703703704,20462.59259259259,0.00814949695464994,0.04829388411483793,23,28
2026-06,整体,iOS,Organic,Filters,7235.518518518518,1927.8148148148148,20462.59259259259,0.09402375632933481,0.35330731239134894,1,6
2026-06,整体,iOS,Organic,Glitter,561.0370370370371,85.14814814814815,20462.59259259259,0.004155470758863898,0.02743875179909003,32,37
2026-06,整体,iOS,Organic,Glowup,1483.5555555555557,444.25925925925924,20462.59259259259,0.021681532829121806,0.07248923873064202,18,20
2026-06,整体,iOS,Organic,Hair,2992.4814814814813,735.5555555555555,20462.59259259259,0.03603260997554662,0.14640974890707237,7,14
2026-06,整体,iOS,Organic,Magic,5130.2962962962965,2459.925925925926,20462.59259259259,0.12015257973221115,0.2506011776556655,3,2
2026-06,整体,iOS,Organic,Makeup,3042.740740740741,1265.3703703703704,20462.59259259259,0.061802790763644644,0.1486561171469763,6,9
2026-06,整体,iOS,Organic,Matte,370.55555555555554,172.77777777777777,20462.59259259259,0.008453714278257194,0.01811721746964088,38,27
2026-06,整体,iOS,Organic,Muscle,476.14814814814815,112.81481481481481,20462.59259259259,0.005525541230755175,0.023306818029026063,34,32
2026-06,整体,iOS,Organic,Mykit,661.7037037037037,0.0,20462.59259259259,0.0,0.03239784081087744,30,44
2026-06,整体,iOS,Organic,Plump,903.2592592592592,286.55555555555554,20462.59259259259,0.014012068544455651,0.04413157919247893,25,25
2026-06,整体,iOS,Organic,Preset,1789.0740740740741,106.51851851851852,20462.59259259259,0.005217700537036791,0.08736360432393374,15,33
2026-06,整体,iOS,Organic,Prism,183.5185185185185,52.96296296296296,20462.59259259259,0.0025905773206332267,0.008968663614002373,44,40
2026-06,整体,iOS,Organic,Relight,4915.0,2453.703703703704,20462.59259259259,0.11962432524988634,0.23977435572094286,5,3
2026-06,整体,iOS,Organic,Reshape,2467.8888888888887,1696.888888888889,20462.59259259259,0.08271304679048823,0.12035190628977561,9,7
2026-06,整体,iOS,Organic,Resize,840.6296296296297,375.25925925925924,20462.59259259259,0.018308746162118996,0.04100367085023299,26,22
2026-06,整体,iOS,Organic,Skin Tone,1546.8148148148148,958.9629629629629,20462.59259259259,0.04684162998572289,0.07558630840122546,17,12
2026-06,整体,iOS,Organic,Smooth,2993.1481481481483,2234.6296296296296,20462.59259259259,0.10916374554803235,0.1462131657581438,8,4
2026-06,整体,iOS,Organic,Stamp,223.7037037037037,44.0,20462.59259259259,0.002163298408152867,0.010970412850574339,43,41
2026-06,整体,iOS,Organic,Teeth,993.8148148148148,166.55555555555554,20462.59259259259,0.007984681402399706,0.04835305923734931,22,29
2026-06,整体,iOS,Organic,Text,308.3703703703704,20.0,20462.59259259259,0.0009878914979961678,0.015111624867601222,40,43
2026-06,整体,iOS,non-Organic,AI Expand,74.07407407407408,28.296296296296298,6143.0,0.004586860520200511,0.012084468867864776,40,35
2026-06,整体,iOS,non-Organic,AI Image,499.77777777777777,108.96296296296296,6143.0,0.017945894577838014,0.0811020013604244,13,17
2026-06,整体,iOS,non-Organic,AI Repair,321.48148148148147,107.5925925925926,6143.0,0.01779332375082909,0.052761091313927394,19,19
2026-06,整体,iOS,non-Organic,AI Replace,71.5925925925926,30.962962962962962,6143.0,0.005021573669403311,0.011640214825843173,41,34
2026-06,整体,iOS,non-Organic,AI Retouch,1525.851851851852,466.81481481481484,6143.0,0.07661512513092886,0.2484323769168139,4,5
2026-06,整体,iOS,non-Organic,AI Tattoo,195.37037037037038,41.2962962962963,6143.0,0.006762236213201269,0.03172791525344581,27,30
2026-06,整体,iOS,non-Organic,Acne,332.18518518518516,185.96296296296296,6143.0,0.030040365702990828,0.05376117764679277,18,13
2026-06,整体,iOS,non-Organic,Adjust,374.77777777777777,150.11111111111111,6143.0,0.024814619228659067,0.06165233430673555,16,14
2026-06,整体,iOS,non-Organic,Background,299.85185185185185,26.037037037037038,6143.0,0.004217993706928383,0.049139071015439,20,37
2026-06,整体,iOS,non-Organic,Blur,144.4814814814815,71.07407407407408,6143.0,0.01163574841249292,0.0236840003398654,33,24
2026-06,整体,iOS,non-Organic,Body,635.8148148148148,339.0740740740741,6143.0,0.05540005708065817,0.10368841294129061,8,8
2026-06,整体,iOS,non-Organic,Bokeh,52.666666666666664,11.333333333333334,6143.0,0.0018894155361348646,0.008655689067957927,42,39
2026-06,整体,iOS,non-Organic,Brighten,222.77777777777777,109.37037037037037,6143.0,0.01790978438123332,0.03646121877440289,25,18
2026-06,整体,iOS,non-Organic,Concealer,259.48148148148147,107.62962962962963,6143.0,0.017648140183487156,0.042321306657072094,24,20
2026-06,整体,iOS,non-Organic,Contour,95.55555555555556,45.111111111111114,6143.0,0.0073799475893296515,0.015581120359084653,37,28
2026-06,整体,iOS,non-Organic,Crop,182.11111111111111,121.37037037037037,6143.0,0.019950171752764905,0.02993310347009402,29,16
2026-06,整体,iOS,non-Organic,Dark Circles,156.62962962962962,88.92592592592592,6143.0,0.0144515581947838,0.025490284883207343,32,21
2026-06,整体,iOS,non-Organic,Details,96.33333333333333,31.25925925925926,6143.0,0.005074023759939954,0.015694664755513708,36,33
2026-06,整体,iOS,non-Organic,Effects,536.0370370370371,10.296296296296296,6143.0,0.0017072043356596604,0.08836408419093365,10,41
2026-06,整体,iOS,non-Organic,Eraser,520.5185185185185,258.3703703703704,6143.0,0.042629542100696624,0.08558811737683847,12,10
2026-06,整体,iOS,non-Organic,Expression,188.8148148148148,41.592592592592595,6143.0,0.0067944305425319184,0.030677908661528235,28,29
2026-06,整体,iOS,non-Organic,Eye Brighten,108.14814814814815,57.03703703703704,6143.0,0.00929348342202403,0.017595165912004055,35,26
2026-06,整体,iOS,non-Organic,Face,1554.1851851851852,637.2592592592592,6143.0,0.10373487418601163,0.25254839870396195,3,1
2026-06,整体,iOS,non-Organic,Face Fix,295.962962962963,56.2962962962963,6143.0,0.009125928260463002,0.04790165709063344,21,27
2026-06,整体,iOS,non-Organic,Filters,1937.5925925925926,545.1851851851852,6143.0,0.09021595020201643,0.31860223841860297,1,3
2026-06,整体,iOS,non-Organic,Glitter,141.03703703703704,27.74074074074074,6143.0,0.004584018033097958,0.023111634042622366,34,36
2026-06,整体,iOS,non-Organic,Glowup,532.5925925925926,135.11111111111111,6143.0,0.021996823463745936,0.08600417063042388,11,15
2026-06,整体,iOS,non-Organic,Hair,1725.2222222222222,402.037037037037,6143.0,0.06525793196914093,0.27829380562776124,2,6
2026-06,整体,iOS,non-Organic,Magic,1254.0740740740741,501.3333333333333,6143.0,0.08194365468958875,0.2049354358095974,6,4
2026-06,整体,iOS,non-Organic,Makeup,751.7777777777778,271.7037037037037,6143.0,0.04444734302957681,0.12270536202411997,7,9
2026-06,整体,iOS,non-Organic,Matte,83.44444444444444,38.03703703703704,6143.0,0.0061895930448472546,0.013577777292422162,38,31
2026-06,整体,iOS,non-Organic,Muscle,283.4074074074074,83.5925925925926,6143.0,0.013381900808455314,0.04536544703934782,22,22
2026-06,整体,iOS,non-Organic,Mykit,158.33333333333334,0.0,6143.0,0.0,0.025980817680262856,31,44
2026-06,整体,iOS,non-Organic,Plump,210.7037037037037,66.70370370370371,6143.0,0.010921267350020188,0.03444654743523716,26,25
2026-06,整体,iOS,non-Organic,Preset,409.1111111111111,23.296296296296298,6143.0,0.0038424030575433562,0.06706582539555163,15,38
2026-06,整体,iOS,non-Organic,Prism,36.2962962962963,10.703703703703704,6143.0,0.0017414976792548087,0.005954819024663478,44,40
2026-06,整体,iOS,non-Organic,Relight,1260.148148148148,609.1481481481482,6143.0,0.1000435640795338,0.20674227642086573,5,2
2026-06,整体,iOS,non-Organic,Reshape,496.6296296296296,247.03703703703704,6143.0,0.04012458140348447,0.08060093528962975,14,11
2026-06,整体,iOS,non-Organic,Resize,176.66666666666666,73.44444444444444,6143.0,0.011865282247845287,0.02860142045453517,30,23
2026-06,整体,iOS,non-Organic,Skin Tone,365.81481481481484,206.5185185185185,6143.0,0.033507542593461996,0.059242827196912096,17,12
2026-06,整体,iOS,non-Organic,Smooth,559.8518518518518,356.51851851851853,6143.0,0.05809610085765441,0.09107490297861502,9,7
2026-06,整体,iOS,non-Organic,Stamp,46.629629629629626,10.222222222222221,6143.0,0.0016477951964120696,0.007668061247474195,43,42
2026-06,整体,iOS,non-Organic,Teeth,275.55555555555554,31.14814814814815,6143.0,0.0056263734287464945,0.04450929541600907,23,32
2026-06,整体,iOS,non-Organic,Text,79.22222222222223,4.518518518518518,6143.0,0.0007293081783101925,0.012979156407852301,39,43
2026-06,美国,Android,Organic,AI Expand,8.074074074074074,3.5185185185185186,437.3333333333333,0.009525986904031895,0.022511885272380742,41,33
2026-06,美国,Android,Organic,AI Image,33.18518518518518,5.037037037037037,437.3333333333333,0.01105779264725496,0.08224974423879693,10,31
2026-06,美国,Android,Organic,AI Repair,24.14814814814815,11.11111111111111,437.3333333333333,0.03135745704863762,0.06664976270568962,16,16
2026-06,美国,Android,Organic,AI Replace,9.62962962962963,4.592592592592593,437.3333333333333,0.013083942082476175,0.026542128856450412,36,26
2026-06,美国,Android,Organic,AI Retouch,89.74074074074075,33.333333333333336,437.3333333333333,0.07664977552261336,0.205739552620646,4,5
2026-06,美国,Android,Organic,AI Tattoo,9.11111111111111,2.3333333333333335,437.3333333333333,0.005686271094921206,0.02261145031529291,40,37
2026-06,美国,Android,Organic,Acne,23.296296296296298,15.333333333333334,437.3333333333333,0.0432095039227501,0.061810753125639724,18,12
2026-06,美国,Android,Organic,Adjust,27.296296296296298,14.25925925925926,437.3333333333333,0.04109802575415628,0.07777872437511606,12,14
2026-06,美国,Android,Organic,Background,22.22222222222222,4.555555555555555,437.3333333333333,0.011248095483048932,0.056405670255621106,21,30
2026-06,美国,Android,Organic,Blur,12.703703703703704,7.148148148148148,437.3333333333333,0.02103473835152845,0.03675657510873045,27,19
2026-06,美国,Android,Organic,Body,27.88888888888889,15.666666666666666,437.3333333333333,0.042671746831861056,0.07321412524726639,13,13
2026-06,美国,Android,Organic,Bokeh,7.888888888888889,3.2962962962962963,437.3333333333333,0.00932287525575921,0.02270808835258452,39,34
2026-06,美国,Android,Organic,Brighten,14.518518518518519,7.62962962962963,437.3333333333333,0.020994610529352194,0.0373201127740022,26,20
2026-06,美国,Android,Organic,Concealer,22.37037037037037,9.037037037037036,437.3333333333333,0.022384309466445967,0.051881049965205726,23,17
2026-06,美国,Android,Organic,Contour,9.296296296296296,4.296296296296297,437.3333333333333,0.011484573006265061,0.022745413488059824,38,28
2026-06,美国,Android,Organic,Crop,24.62962962962963,19.555555555555557,437.3333333333333,0.0549551486050729,0.06697299976966875,15,7
2026-06,美国,Android,Organic,Dark Circles,11.777777777777779,7.7407407407407405,437.3333333333333,0.021085497598933186,0.03012330260193577,31,18
2026-06,美国,Android,Organic,Details,9.851851851851851,4.777777777777778,437.3333333333333,0.013442447977172674,0.026170735253075665,37,25
2026-06,美国,Android,Organic,Effects,26.0,2.0,437.3333333333333,0.0047277025737952495,0.07027911140411247,14,40
2026-06,美国,Android,Organic,Eraser,38.148148148148145,17.444444444444443,437.3333333333333,0.04758924515840151,0.09433143813138989,9,10
2026-06,美国,Android,Organic,Expression,13.703703703703704,4.407407407407407,437.3333333333333,0.011284200417549175,0.03492555339259745,29,29
2026-06,美国,Android,Organic,Eye Brighten,10.814814814814815,6.518518518518518,437.3333333333333,0.018928603973899373,0.028547372230628327,33,21
2026-06,美国,Android,Organic,Face,88.62962962962963,38.333333333333336,437.3333333333333,0.099915582522972,0.21954710361347635,3,2
2026-06,美国,Android,Organic,Face Fix,18.85185185185185,5.666666666666667,437.3333333333333,0.015048343542328887,0.049556911651993135,24,24
2026-06,美国,Android,Organic,Filters,94.5925925925926,30.11111111111111,437.3333333333333,0.07972737667150111,0.22674882793330906,2,4
2026-06,美国,Android,Organic,Glitter,12.222222222222221,2.185185185185185,437.3333333333333,0.005157274280916655,0.02967027237903397,32,38
2026-06,美国,Android,Organic,Glowup,22.14814814814815,6.888888888888889,437.3333333333333,0.018640406512941726,0.05951729569366178,20,22
2026-06,美国,Android,Organic,Hair,64.33333333333333,21.037037037037038,437.3333333333333,0.04799309118307969,0.1437953105419062,5,9
2026-06,美国,Android,Organic,Magic,94.33333333333333,48.0,437.3333333333333,0.12080896741600136,0.2290626321200397,1,1
2026-06,美国,Android,Organic,Makeup,55.370370370370374,27.555555555555557,437.3333333333333,0.07151256210113723,0.13585621123107394,6,6
2026-06,美国,Android,Organic,Matte,8.333333333333334,3.5555555555555554,437.3333333333333,0.009703149933637098,0.020254367736151878,42,32
2026-06,美国,Android,Organic,Muscle,11.0,3.185185185185185,437.3333333333333,0.008690742879782581,0.026766882599995157,35,35
2026-06,美国,Android,Organic,Mykit,18.444444444444443,0.0,437.3333333333333,0.0,0.04541559498523128,25,44
2026-06,美国,Android,Organic,Plump,13.703703703703704,4.777777777777778,437.3333333333333,0.012679709045869248,0.03657011893859741,28,27
2026-06,美国,Android,Organic,Preset,24.444444444444443,3.3703703703703702,437.3333333333333,0.007304620798960842,0.06084717488288919,19,36
2026-06,美国,Android,Organic,Prism,5.111111111111111,1.5925925925925926,437.3333333333333,0.004517242679117277,0.014011207922606718,44,42
2026-06,美国,Android,Organic,Relight,41.074074074074076,19.62962962962963,437.3333333333333,0.05021016506048808,0.10308694072787931,8,8
2026-06,美国,Android,Organic,Reshape,29.185185185185187,15.518518518518519,437.3333333333333,0.04396802514245907,0.0784171673782246,11,11
2026-06,美国,Android,Organic,Resize,12.703703703703704,6.111111111111111,437.3333333333333,0.01724580013914724,0.03431363232495786,30,23
2026-06,美国,Android,Organic,Skin Tone,24.296296296296298,14.481481481481481,437.3333333333333,0.03903971095097422,0.06301925298268574,17,15
2026-06,美国,Android,Organic,Smooth,39.7037037037037,29.703703703703702,437.3333333333333,0.0840451043559373,0.10573410251074523,7,3
2026-06,美国,Android,Organic,Stamp,6.333333333333333,1.7407407407407407,437.3333333333333,0.004928440825277763,0.016741040452291408,43,39
2026-06,美国,Android,Organic,Teeth,20.77777777777778,2.7777777777777777,437.3333333333333,0.004594631162515901,0.054485072042173024,22,41
2026-06,美国,Android,Organic,Text,11.518518518518519,1.1851851851851851,437.3333333333333,0.003247179763678252,0.027102813316525108,34,43
2026-06,美国,Android,non-Organic,AI Expand,5.074074074074074,1.3703703703703705,274.1111111111111,0.0049279759852735175,0.019166327566205052,40,38
2026-06,美国,Android,non-Organic,AI Image,23.59259259259259,2.814814814814815,274.1111111111111,0.010503407536658627,0.08849561451674443,13,32
2026-06,美国,Android,non-Organic,AI Repair,22.074074074074073,10.11111111111111,274.1111111111111,0.03787391201131943,0.08171151520636795,16,15
2026-06,美国,Android,non-Organic,AI Replace,7.037037037037037,3.2222222222222223,274.1111111111111,0.011999957532572816,0.02613140716726731,38,30
2026-06,美国,Android,non-Organic,AI Retouch,70.81481481481481,26.85185185185185,274.1111111111111,0.09866825729368552,0.26254357057142014,3,4
2026-06,美国,Android,non-Organic,AI Tattoo,6.222222222222222,1.1481481481481481,274.1111111111111,0.00475844967282853,0.024061940422546547,39,39
2026-06,美国,Android,non-Organic,Acne,20.40740740740741,14.11111111111111,274.1111111111111,0.05271307576865712,0.07664133501843927,19,12
2026-06,美国,Android,non-Organic,Adjust,21.333333333333332,8.407407407407407,274.1111111111111,0.03167527187189496,0.07988546555327086,17,16
2026-06,美国,Android,non-Organic,Background,15.666666666666666,2.5185185185185186,274.1111111111111,0.00923482760390756,0.05806188177186385,24,33
2026-06,美国,Android,non-Organic,Blur,11.851851851851851,6.444444444444445,274.1111111111111,0.024083419851467072,0.04432379038168532,27,21
2026-06,美国,Android,non-Organic,Body,28.22222222222222,15.925925925925926,274.1111111111111,0.059036776818332234,0.10535410219259146,10,7
2026-06,美国,Android,non-Organic,Bokeh,4.925925925925926,1.0,274.1111111111111,0.003772695410344389,0.018185896011973426,42,40
2026-06,美国,Android,non-Organic,Brighten,15.407407407407407,8.037037037037036,274.1111111111111,0.030577168701179318,0.05774961353303524,25,18
2026-06,美国,Android,non-Organic,Concealer,20.444444444444443,8.148148148148149,274.1111111111111,0.03073294382268865,0.07664184536317899,18,17
2026-06,美国,Android,non-Organic,Contour,9.37037037037037,3.7037037037037037,274.1111111111111,0.013657909861808683,0.03469173758237129,33,27
2026-06,美国,Android,non-Organic,Crop,17.48148148148148,14.481481481481481,274.1111111111111,0.054813139684974865,0.06612552736355175,21,10
2026-06,美国,Android,non-Organic,Dark Circles,10.148148148148149,6.814814814814815,274.1111111111111,0.025767713633826652,0.03852870679382838,32,20
2026-06,美国,Android,non-Organic,Details,11.148148148148149,4.518518518518518,274.1111111111111,0.01715655072953781,0.042099354566332785,29,25
2026-06,美国,Android,non-Organic,Effects,24.74074074074074,1.3333333333333333,274.1111111111111,0.004957093763751036,0.09242152474256861,12,37
2026-06,美国,Android,non-Organic,Eraser,28.185185185185187,14.703703703703704,274.1111111111111,0.05342919018501006,0.10420946312513657,11,11
2026-06,美国,Android,non-Organic,Expression,10.88888888888889,4.037037037037037,274.1111111111111,0.01567684524796905,0.04145597868056973,30,26
2026-06,美国,Android,non-Organic,Eye Brighten,8.37037037037037,5.814814814814815,274.1111111111111,0.021816866975577002,0.031020757425875647,34,24
2026-06,美国,Android,non-Organic,Face,74.4074074074074,35.77777777777778,274.1111111111111,0.132393565334327,0.27530428460209616,1,1
2026-06,美国,Android,non-Organic,Face Fix,19.48148148148148,6.074074074074074,274.1111111111111,0.022525054485079923,0.07295003118616222,20,22
2026-06,美国,Android,non-Organic,Filters,66.25925925925925,22.40740740740741,274.1111111111111,0.08308138529494109,0.24606324291385495,4,5
2026-06,美国,Android,non-Organic,Glitter,7.037037037037037,1.4074074074074074,274.1111111111111,0.005288892494042717,0.02622939405962415,36,36
2026-06,美国,Android,non-Organic,Glowup,22.444444444444443,7.777777777777778,274.1111111111111,0.029473485236329953,0.08493066501889752,15,19
2026-06,美国,Android,non-Organic,Hair,46.592592592592595,14.925925925925926,274.1111111111111,0.056281779301714324,0.17481367322870756,5,9
2026-06,美国,Android,non-Organic,Magic,73.4074074074074,35.666666666666664,274.1111111111111,0.13222259391683974,0.2712987963300825,2,2
2026-06,美国,Android,non-Organic,Makeup,37.55555555555556,18.925925925925927,274.1111111111111,0.07064801475485649,0.1395400885622213,7,6
2026-06,美国,Android,non-Organic,Matte,7.037037037037037,3.5185185185185186,274.1111111111111,0.013187743211500387,0.02622024426491373,37,29
2026-06,美国,Android,non-Organic,Muscle,7.333333333333333,2.740740740740741,274.1111111111111,0.010796509132181583,0.028104852129601173,35,31
2026-06,美国,Android,non-Organic,Mykit,10.88888888888889,0.0,274.1111111111111,0.0,0.04035612691594649,31,44
2026-06,美国,Android,non-Organic,Plump,12.037037037037036,3.5555555555555554,274.1111111111111,0.013539388745824452,0.045647269351525833,26,28
2026-06,美国,Android,non-Organic,Preset,17.22222222222222,1.8148148148148149,274.1111111111111,0.006887373294933153,0.06441302389858855,22,35
2026-06,美国,Android,non-Organic,Prism,3.074074074074074,0.8518518518518519,274.1111111111111,0.0031970304905127645,0.011454583020797193,44,41
2026-06,美国,Android,non-Organic,Relight,28.444444444444443,13.296296296296296,274.1111111111111,0.04958163077874352,0.10666432296186165,9,14
2026-06,美国,Android,non-Organic,Reshape,29.37037037037037,15.222222222222221,274.1111111111111,0.05671359954708536,0.1091672070799606,8,8
2026-06,美国,Android,non-Organic,Resize,11.37037037037037,5.851851851851852,274.1111111111111,0.02188077760161644,0.04240901185117895,28,23
2026-06,美国,Android,non-Organic,Skin Tone,23.296296296296298,13.74074074074074,274.1111111111111,0.05171294130732331,0.08757749155933177,14,13
2026-06,美国,Android,non-Organic,Smooth,39.370370370370374,29.62962962962963,274.1111111111111,0.11112492708196003,0.1474241424085227,6,3
2026-06,美国,Android,non-Organic,Stamp,3.4814814814814814,0.6666666666666666,274.1111111111111,0.0022664069987427377,0.012845694115254533,43,43
2026-06,美国,Android,non-Organic,Teeth,16.296296296296298,2.5925925925925926,274.1111111111111,0.008464219889699169,0.060233773441780554,23,34
2026-06,美国,Android,non-Organic,Text,5.111111111111111,0.8518518518518519,274.1111111111111,0.003014266379241154,0.018511620031622475,41,42
2026-06,美国,iOS,Organic,AI Expand,37.7037037037037,12.962962962962964,3513.4074074074074,0.003657018391705079,0.010729740480354352,42,37
2026-06,美国,iOS,Organic,AI Image,217.8148148148148,33.0,3513.4074074074074,0.00945723700547353,0.06176048831702961,19,28
2026-06,美国,iOS,Organic,AI Repair,174.59259259259258,55.666666666666664,3513.4074074074074,0.015883457763922464,0.0498778237016083,24,23
2026-06,美国,iOS,Organic,AI Replace,44.55555555555556,18.666666666666668,3513.4074074074074,0.005339238001302999,0.012762242783998679,39,33
2026-06,美国,iOS,Organic,AI Retouch,873.5925925925926,300.48148148148147,3513.4074074074074,0.08556965046117947,0.24776891720758876,3,5
2026-06,美国,iOS,Organic,AI Tattoo,75.81481481481481,11.592592592592593,3513.4074074074074,0.0032489523277254746,0.02142284562173817,37,38
2026-06,美国,iOS,Organic,Acne,316.51851851851853,223.74074074074073,3513.4074074074074,0.0635943029827092,0.0899346502769728,11,9
2026-06,美国,iOS,Organic,Adjust,240.88888888888889,97.74074074074075,3513.4074074074074,0.027849333499599074,0.06866303171135907,17,14
2026-06,美国,iOS,Organic,Background,181.66666666666666,16.185185185185187,3513.4074074074074,0.004663587099813566,0.05182067365411834,23,34
2026-06,美国,iOS,Organic,Blur,124.74074074074075,70.0,3513.4074074074074,0.019963809951447153,0.03570049331013941,28,21
2026-06,美国,iOS,Organic,Body,403.7037037037037,235.7037037037037,3513.4074074074074,0.06690209442569282,0.11425403299379623,10,8
2026-06,美国,iOS,Organic,Bokeh,38.74074074074074,7.666666666666667,3513.4074074074074,0.002164101469806053,0.01105172005891005,41,39
2026-06,美国,iOS,Organic,Brighten,183.8148148148148,93.22222222222223,3513.4074074074074,0.026522862674881704,0.05235929269305415,22,15
2026-06,美国,iOS,Organic,Concealer,213.74074074074073,92.33333333333333,3513.4074074074074,0.026345527581975354,0.06073558824064424,20,16
2026-06,美国,iOS,Organic,Contour,79.22222222222223,36.96296296296296,3513.4074074074074,0.01057798099382715,0.02257832164514317,35,27
2026-06,美国,iOS,Organic,Crop,117.88888888888889,86.88888888888889,3513.4074074074074,0.024784456338163268,0.03361844988055015,29,18
2026-06,美国,iOS,Organic,Dark Circles,127.18518518518519,86.51851851851852,3513.4074074074074,0.024561991371415976,0.03609797715251566,27,19
2026-06,美国,iOS,Organic,Details,91.25925925925925,28.74074074074074,3513.4074074074074,0.008211397840196573,0.02599028367745748,34,30
2026-06,美国,iOS,Organic,Effects,315.0,4.777777777777778,3513.4074074074074,0.0013773456252622934,0.08922979713816208,12,42
2026-06,美国,iOS,Organic,Eraser,308.6666666666667,162.44444444444446,3513.4074074074074,0.0464808377094552,0.0881492856123768,13,12
2026-06,美国,iOS,Organic,Expression,100.07407407407408,21.74074074074074,3513.4074074074074,0.006193716783704413,0.028499331987259575,30,32
2026-06,美国,iOS,Organic,Eye Brighten,94.29629629629629,60.333333333333336,3513.4074074074074,0.017101300803635987,0.026746334544683153,33,22
2026-06,美国,iOS,Organic,Face,975.8148148148148,443.037037037037,3513.4074074074074,0.12599798987442054,0.2769066215999114,2,1
2026-06,美国,iOS,Organic,Face Fix,198.74074074074073,29.296296296296298,3513.4074074074074,0.00827860882452956,0.056453691039861156,21,29
2026-06,美国,iOS,Organic,Filters,980.0,288.9259259259259,3513.4074074074074,0.0825413846344091,0.2770337772485461,1,6
2026-06,美国,iOS,Organic,Glitter,75.25925925925925,13.11111111111111,3513.4074074074074,0.0037764757566300625,0.021394989199163047,38,36
2026-06,美国,iOS,Organic,Glowup,302.81481481481484,91.37037037037037,3513.4074074074074,0.025961328479796073,0.08587654185752437,14,17
2026-06,美国,iOS,Organic,Hair,534.7777777777778,134.4814814814815,3513.4074074074074,0.0382428030443375,0.15135358526266177,6,13
2026-06,美国,iOS,Organic,Magic,831.0370370370371,387.44444444444446,3513.4074074074074,0.11009692733599097,0.23619925816507886,4,3
2026-06,美国,iOS,Organic,Makeup,503.77777777777777,211.22222222222223,3513.4074074074074,0.060070209463653414,0.14330208810640166,8,10
2026-06,美国,iOS,Organic,Matte,76.18518518518519,39.48148148148148,3513.4074074074074,0.011197437583443949,0.021602658482223806,36,26
2026-06,美国,iOS,Organic,Muscle,97.25925925925925,25.62962962962963,3513.4074074074074,0.007183123857004037,0.027311094681371554,32,31
2026-06,美国,iOS,Organic,Mykit,95.48148148148148,0.0,3513.4074074074074,0.0,0.02738423265290572,31,44
2026-06,美国,iOS,Organic,Plump,143.1851851851852,41.7037037037037,3513.4074074074074,0.011891509301746626,0.04085407198408674,26,24
2026-06,美国,iOS,Organic,Preset,257.0740740740741,13.407407407407407,3513.4074074074074,0.003850822291033821,0.07266273394494867,16,35
2026-06,美国,iOS,Organic,Prism,23.555555555555557,6.074074074074074,3513.4074074074074,0.0017567248758841062,0.006727466104027057,44,41
2026-06,美国,iOS,Organic,Relight,679.2592592592592,332.8888888888889,3513.4074074074074,0.09442141143727084,0.19178349306595505,5,4
2026-06,美国,iOS,Organic,Reshape,416.85185185185185,265.2962962962963,3513.4074074074074,0.0754165109233818,0.11840426645415067,9,7
2026-06,美国,iOS,Organic,Resize,171.74074074074073,76.07407407407408,3513.4074074074074,0.02155425578463698,0.04856795693827523,25,20
2026-06,美国,iOS,Organic,Skin Tone,294.51851851851853,185.2962962962963,3513.4074074074074,0.052671609442363924,0.08364547802361849,15,11
2026-06,美国,iOS,Organic,Smooth,532.0,394.44444444444446,3513.4074074074074,0.11214046051789242,0.1510947335511249,7,2
2026-06,美国,iOS,Organic,Stamp,29.185185185185187,7.2592592592592595,3513.4074074074074,0.0020600819558090175,0.00831013373438923,43,40
2026-06,美国,iOS,Organic,Teeth,233.11111111111111,42.25925925925926,3513.4074074074074,0.01158703312607123,0.0657827491950395,18,25
2026-06,美国,iOS,Organic,Text,43.25925925925926,3.888888888888889,3513.4074074074074,0.001133528580523378,0.012342865229533593,40,43
2026-06,美国,iOS,non-Organic,AI Expand,33.81481481481482,14.444444444444445,3029.814814814815,0.00475457086269847,0.011194245439399548,40,34
2026-06,美国,iOS,non-Organic,AI Image,204.55555555555554,36.666666666666664,3029.814814814815,0.012258351751236832,0.06696612671983625,15,23
2026-06,美国,iOS,non-Organic,AI Repair,136.0,38.81481481481482,3029.814814814815,0.013139692828240153,0.04559586913907406,23,22
2026-06,美国,iOS,non-Organic,AI Replace,33.629629629629626,14.518518518518519,3029.814814814815,0.004728993541029704,0.011038432786515897,41,35
2026-06,美国,iOS,non-Organic,AI Retouch,750.3703703703703,213.07407407407408,3029.814814814815,0.07222792310886986,0.24966940206094337,4,5
2026-06,美国,iOS,non-Organic,AI Tattoo,98.92592592592592,22.555555555555557,3029.814814814815,0.007614390011975243,0.032664626474019916,27,28
2026-06,美国,iOS,non-Organic,Acne,170.74074074074073,92.4074074074074,3029.814814814815,0.030545028494229517,0.056045083148118464,18,13
2026-06,美国,iOS,non-Organic,Adjust,167.0,60.18518518518518,3029.814814814815,0.02061075407052479,0.056919544288577914,17,15
2026-06,美国,iOS,non-Organic,Background,136.77777777777777,12.37037037037037,3029.814814814815,0.003986615007260303,0.0460001627461454,22,37
2026-06,美国,iOS,non-Organic,Blur,62.629629629629626,29.333333333333332,3029.814814814815,0.009916338605128824,0.021222854613300608,33,24
2026-06,美国,iOS,non-Organic,Body,336.48148148148147,177.0,3029.814814814815,0.059467066966382154,0.11226716173782743,8,7
2026-06,美国,iOS,non-Organic,Bokeh,20.48148148148148,3.185185185185185,3029.814814814815,0.0010640714069835397,0.006930697536159647,42,42
2026-06,美国,iOS,non-Organic,Brighten,114.14814814814815,54.888888888888886,3029.814814814815,0.018335890255231375,0.03814878691241786,25,17
2026-06,美国,iOS,non-Organic,Concealer,131.22222222222223,53.74074074074074,3029.814814814815,0.01813460784748548,0.04377439343949843,24,18
2026-06,美国,iOS,non-Organic,Contour,48.629629629629626,21.85185185185185,3029.814814814815,0.007313918633070974,0.016049344087217737,37,29
2026-06,美国,iOS,non-Organic,Crop,83.14814814814815,54.407407407407405,3029.814814814815,0.018400163941454946,0.028005984885234807,30,16
2026-06,美国,iOS,non-Organic,Dark Circles,77.29629629629629,40.44444444444444,3029.814814814815,0.013310973986651464,0.025354925281701093,31,21
2026-06,美国,iOS,non-Organic,Details,50.148148148148145,15.407407407407407,3029.814814814815,0.005085582839188974,0.01672962714741861,36,33
2026-06,美国,iOS,non-Organic,Effects,260.51851851851853,4.703703703703703,3029.814814814815,0.0015571711674030508,0.08848995736027214,11,39
2026-06,美国,iOS,non-Organic,Eraser,208.2962962962963,95.62962962962963,3029.814814814815,0.032216148126099874,0.0697709859789686,14,12
2026-06,美国,iOS,non-Organic,Expression,87.07407407407408,19.51851851851852,3029.814814814815,0.006452435700765036,0.028719734939386645,29,31
2026-06,美国,iOS,non-Organic,Eye Brighten,54.074074074074076,26.88888888888889,3029.814814814815,0.008962538475477937,0.01797070368419965,35,26
2026-06,美国,iOS,non-Organic,Face,765.4814814814815,311.2962962962963,3029.814814814815,0.10303654737402172,0.2528590494641776,3,2
2026-06,美国,iOS,non-Organic,Face Fix,144.74074074074073,25.37037037037037,3029.814814814815,0.008390991088546669,0.04764535763461258,21,27
2026-06,美国,iOS,non-Organic,Filters,888.8518518518518,214.4814814814815,3029.814814814815,0.07331379391278868,0.2995842023931242,1,4
2026-06,美国,iOS,non-Organic,Glitter,62.44444444444444,12.925925925925926,3029.814814814815,0.004396251497949676,0.02090235539102417,34,36
2026-06,美国,iOS,non-Organic,Glowup,299.3333333333333,75.77777777777777,3029.814814814815,0.02521312076633377,0.09774588977521977,9,14
2026-06,美国,iOS,non-Organic,Hair,865.1111111111111,194.66666666666666,3029.814814814815,0.06459877199936571,0.2819046618422105,2,6
2026-06,美国,iOS,non-Organic,Magic,571.4074074074074,224.77777777777777,3029.814814814815,0.07550511729672263,0.19127060073833865,6,3
2026-06,美国,iOS,non-Organic,Makeup,366.51851851851853,129.22222222222223,3029.814814814815,0.04307135582990744,0.1213012071680824,7,9
2026-06,美国,iOS,non-Organic,Matte,41.77777777777778,18.85185185185185,3029.814814814815,0.006249466858633757,0.013851963184892775,38,32
2026-06,美国,iOS,non-Organic,Muscle,160.1851851851852,49.74074074074074,3029.814814814815,0.015814719422756834,0.05089963736337192,19,19
2026-06,美国,iOS,non-Organic,Mykit,71.70370370370371,0.0,3029.814814814815,0.0,0.02431868680687321,32,44
2026-06,美国,iOS,non-Organic,Plump,98.33333333333333,29.185185185185187,3029.814814814815,0.009765770665889238,0.032816851008600885,26,25
2026-06,美国,iOS,non-Organic,Preset,208.37037037037038,10.62962962962963,3029.814814814815,0.0036040756449231466,0.07021276215768567,13,38
2026-06,美国,iOS,non-Organic,Prism,14.296296296296296,4.0,3029.814814814815,0.0013245595271312938,0.004898741784296196,44,41
2026-06,美国,iOS,non-Organic,Relight,677.0370370370371,330.85185185185185,3029.814814814815,0.11264443388874547,0.22929972080360844,5,1
2026-06,美国,iOS,non-Organic,Reshape,253.88888888888889,126.48148148148148,3029.814814814815,0.0424497755121637,0.08460916229648797,12,10
2026-06,美国,iOS,non-Organic,Resize,97.29629629629629,41.148148148148145,3029.814814814815,0.013717820189606806,0.032445097064600095,28,20
2026-06,美国,iOS,non-Organic,Skin Tone,187.96296296296296,103.88888888888889,3029.814814814815,0.034243248033907,0.06171037064721362,16,11
2026-06,美国,iOS,non-Organic,Smooth,281.74074074074076,175.59259259259258,3029.814814814815,0.05885006502822843,0.09361149793319636,10,8
2026-06,美国,iOS,non-Organic,Stamp,20.22222222222222,4.444444444444445,3029.814814814815,0.0014401032114249258,0.006902770812442015,43,40
2026-06,美国,iOS,non-Organic,Teeth,148.77777777777777,15.037037037037036,3029.814814814815,0.00663891213090318,0.048839235572528325,20,30
2026-06,美国,iOS,non-Organic,Text,35.851851851851855,2.4444444444444446,3029.814814814815,0.0007907023958329525,0.012086057132489312,39,43
2026-06,英国,Android,Organic,AI Expand,1.9259259259259258,0.7777777777777778,106.85185185185185,0.007264612110091737,0.020798604908235575,39,32
2026-06,英国,Android,Organic,AI Image,7.074074074074074,1.2222222222222223,106.85185185185185,0.011549877211480606,0.06710059608678373,16,27
2026-06,英国,Android,Organic,AI Repair,6.407407407407407,2.7037037037037037,106.85185185185185,0.025417787843823907,0.06006204557490214,18,17
2026-06,英国,Android,Organic,AI Replace,2.8518518518518516,1.2592592592592593,106.85185185185185,0.011622505216594612,0.027860884706434573,32,26
2026-06,英国,Android,Organic,AI Retouch,22.0,8.148148148148149,106.85185185185185,0.07612907482647756,0.20529421046380097,4,4
2026-06,英国,Android,Organic,AI Tattoo,2.3703703703703702,0.2222222222222222,106.85185185185185,0.0019330432164939423,0.025995161663433432,34,40
2026-06,英国,Android,Organic,Acne,7.2592592592592595,5.7407407407407405,106.85185185185185,0.05371500179772366,0.06749644001566317,15,10
2026-06,英国,Android,Organic,Adjust,7.777777777777778,3.888888888888889,106.85185185185185,0.035624783257837626,0.07099637372113253,13,15
2026-06,英国,Android,Organic,Background,4.888888888888889,0.9259259259259259,106.85185185185185,0.008907233200604568,0.04744359535326105,24,31
2026-06,英国,Android,Organic,Blur,3.259259259259259,2.111111111111111,106.85185185185185,0.01882663819023533,0.03322820040315015,31,21
2026-06,英国,Android,Organic,Body,8.185185185185185,4.333333333333333,106.85185185185185,0.04046773351752949,0.0761380180754174,12,13
2026-06,英国,Android,Organic,Bokeh,1.6666666666666667,0.4444444444444444,106.85185185185185,0.004215117244913511,0.019752677436153318,41,36
2026-06,英国,Android,Organic,Brighten,4.7407407407407405,2.7777777777777777,106.85185185185185,0.02583066844649859,0.045042756141243354,25,16
2026-06,英国,Android,Organic,Concealer,5.074074074074074,2.185185185185185,106.85185185185185,0.020063842488374933,0.04746618318173251,23,20
2026-06,英国,Android,Organic,Contour,2.3333333333333335,1.1481481481481481,106.85185185185185,0.011019292243830095,0.025867295311235664,35,28
2026-06,英国,Android,Organic,Crop,6.222222222222222,5.407407407407407,106.85185185185185,0.05037344438323887,0.05785464880523472,20,11
2026-06,英国,Android,Organic,Dark Circles,3.4814814814814814,2.5555555555555554,106.85185185185185,0.024047465784148667,0.03389134376531861,30,18
2026-06,英国,Android,Organic,Details,2.5555555555555554,0.7407407407407407,106.85185185185185,0.006529563734707772,0.02757944317909842,33,34
2026-06,英国,Android,Organic,Effects,7.074074074074074,0.18518518518518517,106.85185185185185,0.0017640446688099998,0.06603148472623291,17,41
2026-06,英国,Android,Organic,Eraser,8.148148148148149,4.851851851851852,106.85185185185185,0.04497256514409171,0.07625940454753233,11,12
2026-06,英国,Android,Organic,Expression,3.8518518518518516,1.1481481481481481,106.85185185185185,0.01047275300451181,0.035989482692287494,29,29
2026-06,英国,Android,Organic,Eye Brighten,2.5555555555555554,1.7777777777777777,106.85185185185185,0.016471629400347524,0.02553281824142818,36,23
2026-06,英国,Android,Organic,Face,25.296296296296298,12.518518518518519,106.85185185185185,0.11784144590101171,0.23618427640931547,1,1
2026-06,英国,Android,Organic,Face Fix,5.703703703703703,1.4444444444444444,106.85185185185185,0.013080250205208633,0.05302567330229445,21,25
2026-06,英国,Android,Organic,Filters,24.185185185185187,8.148148148148149,106.85185185185185,0.0757424582772569,0.22421242015851892,3,5
2026-06,英国,Android,Organic,Glitter,1.8518518518518519,0.18518518518518517,106.85185185185185,0.0020328182240660652,0.020371248514990965,40,39
2026-06,英国,Android,Organic,Glowup,7.592592592592593,2.4814814814814814,106.85185185185185,0.02298059614977,0.06999941202844696,14,19
2026-06,英国,Android,Organic,Hair,13.851851851851851,4.185185185185185,106.85185185185185,0.03865685320372804,0.12945243713574464,5,14
2026-06,英国,Android,Organic,Magic,24.444444444444443,12.148148148148149,106.85185185185185,0.11191687604128345,0.2269025088735813,2,2
2026-06,英国,Android,Organic,Makeup,13.074074074074074,5.814814814814815,106.85185185185185,0.054100591835028085,0.12127654436019245,7,9
2026-06,英国,Android,Organic,Matte,1.5555555555555556,0.7407407407407407,106.85185185185185,0.006992712883901724,0.018788753584262363,42,33
2026-06,英国,Android,Organic,Muscle,2.4074074074074074,0.9629629629629629,106.85185185185185,0.00913285623510008,0.02435411736685451,37,30
2026-06,英国,Android,Organic,Mykit,3.888888888888889,0.0,106.85185185185185,0.0,0.03961176783859159,27,44
2026-06,英国,Android,Organic,Plump,4.222222222222222,1.5185185185185186,106.85185185185185,0.014139153278869618,0.04107339187756735,26,24
2026-06,英国,Android,Organic,Preset,5.333333333333333,0.4444444444444444,106.85185185185185,0.004104161055883599,0.049650785048802555,22,37
2026-06,英国,Android,Organic,Prism,1.1481481481481481,0.37037037037037035,106.85185185185185,0.0035666441418157383,0.016706953777302996,43,38
2026-06,英国,Android,Organic,Relight,12.148148148148149,6.296296296296297,106.85185185185185,0.05825872540179585,0.11277796727219666,8,6
2026-06,英国,Android,Organic,Reshape,9.703703703703704,6.2592592592592595,106.85185185185185,0.05775245159892074,0.08988128173799957,9,7
2026-06,英国,Android,Organic,Resize,3.962962962962963,1.962962962962963,106.85185185185185,0.01852406349470164,0.03804264521159983,28,22
2026-06,英国,Android,Organic,Skin Tone,8.592592592592593,6.222222222222222,106.85185185185185,0.057610703916395604,0.07967696827072172,10,8
2026-06,英国,Android,Organic,Smooth,13.62962962962963,10.814814814814815,106.85185185185185,0.10114038720512503,0.12769441274837498,6,3
2026-06,英国,Android,Organic,Stamp,1.0740740740740742,0.14814814814814814,106.85185185185185,0.0012419292305762694,0.014184762442105873,44,42
2026-06,英国,Android,Organic,Teeth,6.481481481481482,0.7407407407407407,106.85185185185185,0.006088510011867169,0.05840875903838191,19,35
2026-06,英国,Android,Organic,Text,1.8888888888888888,0.07407407407407407,106.85185185185185,0.0008374736525143029,0.023980623375785787,38,43
2026-06,英国,Android,non-Organic,AI Expand,0.14285714285714285,0.0,18.476190476190474,0.0,0.060515873015873016,43,37
2026-06,英国,Android,non-Organic,AI Image,1.5185185185185186,0.07407407407407407,16.962962962962962,0.00496031746031746,0.12409633059879364,7,29
2026-06,英国,Android,non-Organic,AI Repair,1.0,0.2962962962962963,16.962962962962962,0.02180183056619838,0.10802039576380347,13,13
2026-06,英国,Android,non-Organic,AI Replace,0.2857142857142857,0.09523809523809523,18.476190476190474,0.007305194805194805,0.0544899114295666,44,25
2026-06,英国,Android,non-Organic,AI Retouch,2.740740740740741,0.7037037037037037,16.962962962962962,0.04158882574036839,0.17254986336259023,4,4
2026-06,英国,Android,non-Organic,AI Tattoo,0.37037037037037035,0.0,16.962962962962962,0.0,0.06935869959268974,38,37
2026-06,英国,Android,non-Organic,Acne,0.43478260869565216,0.21739130434782608,18.52173913043478,0.012927821803384022,0.06619433248743595,42,21
2026-06,英国,Android,non-Organic,Adjust,0.8888888888888888,0.18518518518518517,16.962962962962962,0.00940604733708182,0.11763735357201781,10,24
2026-06,英国,Android,non-Organic,Background,0.5185185185185185,0.07407407407407407,16.962962962962962,0.0025998905309250137,0.06713261594727112,40,35
2026-06,英国,Android,non-Organic,Blur,0.42857142857142855,0.19047619047619047,18.476190476190474,0.010757682383298148,0.07330790976265114,34,23
2026-06,英国,Android,non-Organic,Body,1.1111111111111112,0.6296296296296297,16.962962962962962,0.039077930371033825,0.12306478996275956,8,8
2026-06,英国,Android,non-Organic,Bokeh,0.14814814814814814,0.037037037037037035,16.962962962962962,0.0026455026455026454,0.08120941558441558,28,34
2026-06,英国,Android,non-Organic,Brighten,0.30434782608695654,0.043478260869565216,18.52173913043478,0.002717391304347826,0.0672387136672851,39,33
2026-06,英国,Android,non-Organic,Concealer,0.5217391304347826,0.13043478260869565,18.52173913043478,0.011405985319028797,0.07285636255071992,36,22
2026-06,英国,Android,non-Organic,Contour,0.2631578947368421,0.0,17.736842105263158,0.0,0.08103075085833707,29,37
2026-06,英国,Android,non-Organic,Crop,0.48148148148148145,0.3333333333333333,16.962962962962962,0.02283091698245963,0.07521516205613302,33,12
2026-06,英国,Android,non-Organic,Dark Circles,0.4090909090909091,0.18181818181818182,18.40909090909091,0.01476534828807556,0.06642761772072116,41,19
2026-06,英国,Android,non-Organic,Details,0.35,0.1,17.8,0.006724137931034482,0.08414203612479473,25,26
2026-06,英国,Android,non-Organic,Effects,0.7407407407407407,0.0,16.962962962962962,0.0,0.08959209564381979,21,37
2026-06,英国,Android,non-Organic,Eraser,0.8518518518518519,0.4444444444444444,16.962962962962962,0.03210772999490483,0.0860075772348912,24,9
2026-06,英国,Android,non-Organic,Expression,0.4444444444444444,0.07407407407407407,16.962962962962962,0.0037037037037037034,0.08851260025241217,23,31
2026-06,英国,Android,non-Organic,Eye Brighten,0.2857142857142857,0.19047619047619047,17.428571428571427,0.016821273964131106,0.07871572871572872,30,18
2026-06,英国,Android,non-Organic,Face,3.6296296296296298,1.2962962962962963,16.962962962962962,0.0898055993881765,0.22846493107618338,1,1
2026-06,英国,Android,non-Organic,Face Fix,0.9629629629629629,0.4074074074074074,16.962962962962962,0.026644302908670724,0.13832851056988987,6,11
2026-06,英国,Android,non-Organic,Filters,2.8518518518518516,0.37037037037037035,16.962962962962962,0.019775361426904076,0.16727790775467727,5,16
2026-06,英国,Android,non-Organic,Glitter,0.37037037037037035,0.037037037037037035,16.962962962962962,0.001277139208173691,0.0785524373455408,31,36
2026-06,英国,Android,non-Organic,Glowup,1.2222222222222223,0.2962962962962963,16.962962962962962,0.014663147622917738,0.11103177405517307,12,20
2026-06,英国,Android,non-Organic,Hair,4.148148148148148,0.8148148148148148,16.962962962962962,0.04746026748900312,0.22202862230223544,2,3
2026-06,英国,Android,non-Organic,Magic,2.7777777777777777,1.2592592592592593,16.962962962962962,0.0847084514038537,0.2125675653369619,3,2
2026-06,英国,Android,non-Organic,Makeup,1.2962962962962963,0.5185185185185185,16.962962962962962,0.04030855322446369,0.11236601624328486,11,5
2026-06,英国,Android,non-Organic,Matte,0.4,0.1,18.4,0.006724137931034482,0.07556618258588702,32,26
2026-06,英国,Android,non-Organic,Muscle,0.8518518518518519,0.4074074074074074,16.962962962962962,0.017370994827135177,0.08363422503910872,26,17
2026-06,英国,Android,non-Organic,Mykit,0.48148148148148145,0.0,16.962962962962962,0.0,0.08262121890648537,27,37
2026-06,英国,Android,non-Organic,Plump,0.4074074074074074,0.1111111111111111,16.962962962962962,0.005906768837803321,0.0893747990515232,22,28
2026-06,英国,Android,non-Organic,Preset,0.7777777777777778,0.0,16.962962962962962,0.0,0.12271030693444486,9,37
2026-06,英国,Android,non-Organic,Prism,0.09523809523809523,0.0,18.476190476190474,0.0,0.09545454545454546,19,37
2026-06,英国,Android,non-Organic,Relight,1.4444444444444444,0.7777777777777778,16.962962962962962,0.04003177168331433,0.10144903875059572,15,6
2026-06,英国,Android,non-Organic,Reshape,0.8888888888888888,0.25925925925925924,16.962962962962962,0.02130405835789986,0.09632050874110765,18,14
2026-06,英国,Android,non-Organic,Resize,0.37037037037037035,0.2222222222222222,16.962962962962962,0.020537982160789177,0.09883135869977976,16,15
2026-06,英国,Android,non-Organic,Skin Tone,0.8260869565217391,0.43478260869565216,18.52173913043478,0.030139475716687108,0.10669176369607404,14,10
2026-06,英国,Android,non-Organic,Smooth,0.9130434782608695,0.6086956521739131,18.52173913043478,0.0397550182530061,0.07299918249674672,35,7
2026-06,英国,Android,non-Organic,Stamp,0.19047619047619047,0.047619047619047616,18.476190476190474,0.002976190476190476,0.07049512987012987,37,32
2026-06,英国,Android,non-Organic,Teeth,0.7407407407407407,0.07407407407407407,16.962962962962962,0.004409171075837742,0.093449032494599,20,30
2026-06,英国,Android,non-Organic,Text,0.14814814814814814,0.0,16.962962962962962,0.0,0.09791666666666667,17,37
2026-06,英国,iOS,Organic,AI Expand,10.962962962962964,3.925925925925926,1206.1851851851852,0.0033147795855293823,0.009131706223713844,42,36
2026-06,英国,iOS,Organic,AI Image,75.77777777777777,12.25925925925926,1206.1851851851852,0.009823796729560866,0.062139447505934337,17,26
2026-06,英国,iOS,Organic,AI Repair,52.18518518518518,15.333333333333334,1206.1851851851852,0.012561222312991149,0.0429792177121134,24,24
2026-06,英国,iOS,Organic,AI Replace,15.037037037037036,6.518518518518518,1206.1851851851852,0.005405542629290162,0.012451939774762586,40,33
2026-06,英国,iOS,Organic,AI Retouch,270.85185185185185,84.96296296296296,1206.1851851851852,0.070295863742491,0.22345684884077802,4,5
2026-06,英国,iOS,Organic,AI Tattoo,25.185185185185187,4.444444444444445,1206.1851851851852,0.0035931346257041556,0.020830030755857352,36,35
2026-06,英国,iOS,Organic,Acne,88.37037037037037,60.629629629629626,1206.1851851851852,0.05069192740630656,0.07344368389884555,15,10
2026-06,英国,iOS,Organic,Adjust,66.81481481481481,24.074074074074073,1206.1851851851852,0.019834779102765227,0.05501326572898909,18,20
2026-06,英国,iOS,Organic,Background,62.03703703703704,6.185185185185185,1206.1851851851852,0.005145860267063179,0.05154226136471259,21,34
2026-06,英国,iOS,Organic,Blur,43.592592592592595,25.62962962962963,1206.1851851851852,0.02133454806028561,0.03610231795791405,27,18
2026-06,英国,iOS,Organic,Body,116.70370370370371,62.888888888888886,1206.1851851851852,0.051480529384498916,0.09589211613462664,10,9
2026-06,英国,iOS,Organic,Bokeh,12.481481481481481,2.6296296296296298,1206.1851851851852,0.0021803182252513767,0.010409397144749208,41,39
2026-06,英国,iOS,Organic,Brighten,54.0,26.444444444444443,1206.1851851851852,0.021776673966581228,0.04447855273994462,23,16
2026-06,英国,iOS,Organic,Concealer,63.51851851851852,27.296296296296298,1206.1851851851852,0.022624647452205708,0.05257486553735407,19,15
2026-06,英国,iOS,Organic,Contour,26.37037037037037,13.296296296296296,1206.1851851851852,0.010920349435551186,0.021946647385294796,34,25
2026-06,英国,iOS,Organic,Crop,34.888888888888886,25.0,1206.1851851851852,0.020533153731008703,0.02871280709122728,30,19
2026-06,英国,iOS,Organic,Dark Circles,39.629629629629626,26.296296296296298,1206.1851851851852,0.02157121654901713,0.03255121646074048,28,17
2026-06,英国,iOS,Organic,Details,25.85185185185185,8.37037037037037,1206.1851851851852,0.006930703715205705,0.02134859643655478,35,31
2026-06,英国,iOS,Organic,Effects,91.07407407407408,1.5925925925925926,1206.1851851851852,0.0012908487702174092,0.07550997771498329,14,42
2026-06,英国,iOS,Organic,Eraser,108.22222222222223,57.407407407407405,1206.1851851851852,0.04744138335527198,0.08940305854582078,11,12
2026-06,英国,iOS,Organic,Expression,33.592592592592595,7.592592592592593,1206.1851851851852,0.00635130141560995,0.027668211935806767,32,32
2026-06,英国,iOS,Organic,Eye Brighten,31.37037037037037,19.444444444444443,1206.1851851851852,0.01595026283999023,0.025710100776590313,33,22
2026-06,英国,iOS,Organic,Face,307.9259259259259,145.40740740740742,1206.1851851851852,0.12020152811656012,0.2540633296026354,1,1
2026-06,英国,iOS,Organic,Face Fix,62.925925925925924,9.037037037037036,1206.1851851851852,0.007295159031374659,0.051857699902522265,20,30
2026-06,英国,iOS,Organic,Filters,293.3703703703704,68.85185185185185,1206.1851851851852,0.05684136983445856,0.24263574979061464,2,8
2026-06,英国,iOS,Organic,Glitter,22.185185185185187,4.0,1206.1851851851852,0.003293591167786337,0.01810039242971946,37,37
2026-06,英国,iOS,Organic,Glowup,98.88888888888889,29.25925925925926,1206.1851851851852,0.024183801661076077,0.08187506059282149,13,14
2026-06,英国,iOS,Organic,Hair,190.92592592592592,46.0,1206.1851851851852,0.0378728548162029,0.15691517966831459,6,13
2026-06,英国,iOS,Organic,Magic,271.81481481481484,124.11111111111111,1206.1851851851852,0.10221525912213122,0.22430671614407474,3,2
2026-06,英国,iOS,Organic,Makeup,154.37037037037038,57.629629629629626,1206.1851851851852,0.04773683980510427,0.12769047364480182,7,11
2026-06,英国,iOS,Organic,Matte,21.11111111111111,11.333333333333334,1206.1851851851852,0.009315098608236583,0.017585916066679926,38,27
2026-06,英国,iOS,Organic,Muscle,34.03703703703704,8.925925925925926,1206.1851851851852,0.007399550865413923,0.02790330865625084,31,29
2026-06,英国,iOS,Organic,Mykit,34.74074074074074,0.0,1206.1851851851852,0.0,0.028816409702171076,29,44
2026-06,英国,iOS,Organic,Plump,47.333333333333336,15.703703703703704,1206.1851851851852,0.01302043574556215,0.03933079674817273,26,23
2026-06,英国,iOS,Organic,Preset,75.37037037037037,3.6296296296296298,1206.1851851851852,0.0030738217887234685,0.06265413793981076,16,38
2026-06,英国,iOS,Organic,Prism,7.111111111111111,2.0,1206.1851851851852,0.0016358464804119954,0.005814788304591385,44,41
2026-06,英国,iOS,Organic,Relight,208.5185185185185,86.66666666666667,1206.1851851851852,0.07205441051155824,0.1727189635755374,5,4
2026-06,英国,iOS,Organic,Reshape,126.11111111111111,77.5925925925926,1206.1851851851852,0.0641097651385858,0.10416358792032097,9,6
2026-06,英国,iOS,Organic,Resize,50.074074074074076,21.85185185185185,1206.1851851851852,0.01819434974004607,0.041512770963451955,25,21
2026-06,英国,iOS,Organic,Skin Tone,102.48148148148148,69.92592592592592,1206.1851851851852,0.0573205293648413,0.08415552673581024,12,7
2026-06,英国,iOS,Organic,Smooth,152.44444444444446,108.55555555555556,1206.1851851851852,0.08948735353745736,0.12573222135370324,8,3
2026-06,英国,iOS,Organic,Stamp,10.25925925925926,2.2962962962962963,1206.1851851851852,0.0018649790170135931,0.008388966963546999,43,40
2026-06,英国,iOS,Organic,Teeth,62.0,10.407407407407407,1206.1851851851852,0.007862679790679958,0.05030025877355516,22,28
2026-06,英国,iOS,Organic,Text,15.25925925925926,1.3703703703703705,1206.1851851851852,0.0011923066908244824,0.012624351572355783,39,43
2026-06,英国,iOS,non-Organic,AI Expand,7.7407407407407405,2.6666666666666665,632.5925925925926,0.00437730185311532,0.01281499856254932,41,36
2026-06,英国,iOS,non-Organic,AI Image,48.2962962962963,8.592592592592593,632.5925925925926,0.012591068088093784,0.0757567986202721,15,25
2026-06,英国,iOS,non-Organic,AI Repair,33.74074074074074,11.148148148148149,632.5925925925926,0.018198756468760804,0.05482538633416976,22,21
2026-06,英国,iOS,non-Organic,AI Replace,8.222222222222221,3.6296296296296298,632.5925925925926,0.006086473713084176,0.013651513052025081,40,33
2026-06,英国,iOS,non-Organic,AI Retouch,162.33333333333334,51.44444444444444,632.5925925925926,0.08307736144874142,0.26071411674348327,3,5
2026-06,英国,iOS,non-Organic,AI Tattoo,14.555555555555555,2.5925925925925926,632.5925925925926,0.004108501431587138,0.02344327896303129,34,37
2026-06,英国,iOS,non-Organic,Acne,45.111111111111114,29.11111111111111,632.5925925925926,0.04939108558968118,0.07538020797037592,16,10
2026-06,英国,iOS,non-Organic,Adjust,41.148148148148145,16.11111111111111,632.5925925925926,0.02561212674282129,0.06495102219923356,18,16
2026-06,英国,iOS,non-Organic,Background,35.666666666666664,2.814814814814815,632.5925925925926,0.004950704194739957,0.05659857528449234,20,34
2026-06,英国,iOS,non-Organic,Blur,22.666666666666668,12.25925925925926,632.5925925925926,0.020532214872249717,0.037407601725978734,27,20
2026-06,英国,iOS,non-Organic,Body,77.18518518518519,44.77777777777778,632.5925925925926,0.07210270278129104,0.12240074790997478,9,7
2026-06,英国,iOS,non-Organic,Bokeh,7.074074074074074,1.4444444444444444,632.5925925925926,0.002427835528142298,0.011722912259428328,42,39
2026-06,英国,iOS,non-Organic,Brighten,29.85185185185185,15.555555555555555,632.5925925925926,0.025761547325503575,0.04895542869455644,24,15
2026-06,英国,iOS,non-Organic,Concealer,33.333333333333336,13.444444444444445,632.5925925925926,0.022127336224522957,0.05541939423180775,21,18
2026-06,英国,iOS,non-Organic,Contour,13.62962962962963,6.888888888888889,632.5925925925926,0.010926741140920812,0.021918496082437098,36,26
2026-06,英国,iOS,non-Organic,Crop,20.333333333333332,14.185185185185185,632.5925925925926,0.023660185430107485,0.033613789870578566,28,17
2026-06,英国,iOS,non-Organic,Dark Circles,20.14814814814815,12.851851851851851,632.5925925925926,0.021377986781926997,0.03358538098203727,29,19
2026-06,英国,iOS,non-Organic,Details,13.37037037037037,5.111111111111111,632.5925925925926,0.008776638917020888,0.022604495415355023,35,29
2026-06,英国,iOS,non-Organic,Effects,64.92592592592592,1.1851851851851851,632.5925925925926,0.002000086375680186,0.09860934485478838,11,41
2026-06,英国,iOS,non-Organic,Eraser,51.7037037037037,26.703703703703702,632.5925925925926,0.04470330403800487,0.08577008916801789,14,12
2026-06,英国,iOS,non-Organic,Expression,19.037037037037038,4.037037037037037,632.5925925925926,0.006287740239673289,0.0302813658575085,32,32
2026-06,英国,iOS,non-Organic,Eye Brighten,15.851851851851851,9.592592592592593,632.5925925925926,0.01628457435466656,0.02653020968524072,33,23
2026-06,英国,iOS,non-Organic,Face,174.85185185185185,80.18518518518519,632.5925925925926,0.12945266536606279,0.2824168552025112,2,1
2026-06,英国,iOS,non-Organic,Face Fix,35.81481481481482,6.0,632.5925925925926,0.009204330705807917,0.05865977504929749,19,27
2026-06,英国,iOS,non-Organic,Filters,212.2962962962963,48.074074074074076,632.5925925925926,0.07316420311232504,0.3224520233944603,1,6
2026-06,英国,iOS,non-Organic,Glitter,12.925925925925926,2.1481481481481484,632.5925925925926,0.0035271647952932017,0.020578886383862134,37,38
2026-06,英国,iOS,non-Organic,Glowup,57.925925925925924,18.814814814814813,632.5925925925926,0.030197915396679858,0.09201593401579482,13,14
2026-06,英国,iOS,non-Organic,Hair,109.66666666666667,28.185185185185187,632.5925925925926,0.04395333907465172,0.17108161034095554,6,13
2026-06,英国,iOS,non-Organic,Magic,158.0,68.29629629629629,632.5925925925926,0.11081802930755863,0.2542665141148199,4,2
2026-06,英国,iOS,non-Organic,Makeup,81.62962962962963,28.77777777777778,632.5925925925926,0.04714893534834968,0.1319697473352188,8,11
2026-06,英国,iOS,non-Organic,Matte,10.25925925925926,5.333333333333333,632.5925925925926,0.008892401453247429,0.016973266643958845,38,28
2026-06,英国,iOS,non-Organic,Muscle,19.37037037037037,5.333333333333333,632.5925925925926,0.008302341217217077,0.030518470469209906,31,30
2026-06,英国,iOS,non-Organic,Mykit,18.25925925925926,0.0,632.5925925925926,0.0,0.030637661471656513,30,44
2026-06,英国,iOS,non-Organic,Plump,24.333333333333332,8.222222222222221,632.5925925925926,0.01358974350274301,0.03939527776523516,26,24
2026-06,英国,iOS,non-Organic,Preset,47.407407407407405,2.6296296296296298,632.5925925925926,0.004517271500705465,0.07380953895804276,17,35
2026-06,英国,iOS,non-Organic,Prism,3.740740740740741,0.8148148148148148,632.5925925925926,0.0012553457212351002,0.00647502833062023,44,42
2026-06,英国,iOS,non-Organic,Relight,163.14814814814815,73.92592592592592,632.5925925925926,0.1090733536372617,0.24093942127103876,5,3
2026-06,英国,iOS,non-Organic,Reshape,65.51851851851852,37.148148148148145,632.5925925925926,0.061748068552163145,0.10711189914624766,10,9
2026-06,英国,iOS,non-Organic,Resize,26.703703703703702,10.407407407407407,632.5925925925926,0.017225335171493217,0.04361747293561967,25,22
2026-06,英国,iOS,non-Organic,Skin Tone,56.592592592592595,37.81481481481482,632.5925925925926,0.062274431001379096,0.0932328369003237,12,8
2026-06,英国,iOS,non-Organic,Smooth,81.51851851851852,57.22222222222222,632.5925925925926,0.09469822021617273,0.13523224202338752,7,4
2026-06,英国,iOS,non-Organic,Stamp,5.111111111111111,1.3333333333333333,632.5925925925926,0.002275708618495758,0.00830432885732817,43,40
2026-06,英国,iOS,non-Organic,Teeth,32.81481481481482,5.814814814814815,632.5925925925926,0.006423259837641033,0.053859266276679175,23,31
2026-06,英国,iOS,non-Organic,Text,8.555555555555555,0.3333333333333333,632.5925925925926,0.0005615316009891391,0.015041462663169462,39,43
2026-07,墨西哥,Android,Organic,AI Expand,10.35483870967742,6.645161290322581,212.6451612903226,0.03122730754721201,0.04875721747843146,19,15
2026-07,墨西哥,Android,Organic,AI Image,16.096774193548388,2.5161290322580645,212.6451612903226,0.012009887772134754,0.07599809186129515,12,21
2026-07,墨西哥,Android,Organic,AI Repair,14.580645161290322,7.032258064516129,212.6451612903226,0.03390360968041667,0.0698484707743954,13,14
2026-07,墨西哥,Android,Organic,AI Replace,3.4838709677419355,1.3870967741935485,212.6451612903226,0.006712055084067418,0.01653672608338155,40,34
2026-07,墨西哥,Android,Organic,AI Retouch,33.096774193548384,11.548387096774194,212.6451612903226,0.05408534039057298,0.15595850240899084,6,7
2026-07,墨西哥,Android,Organic,AI Tattoo,5.064516129032258,1.4516129032258065,212.6451612903226,0.00696976903669838,0.024633719722816173,33,32
2026-07,墨西哥,Android,Organic,Acne,8.35483870967742,5.354838709677419,212.6451612903226,0.025429244786346523,0.039388856295450844,22,17
2026-07,墨西哥,Android,Organic,Adjust,16.419354838709676,7.612903225806452,212.6451612903226,0.03606186709231695,0.0773123497201974,11,13
2026-07,墨西哥,Android,Organic,Background,10.580645161290322,1.064516129032258,212.6451612903226,0.005001369477581336,0.04943229861382546,17,38
2026-07,墨西哥,Android,Organic,Blur,7.612903225806452,4.129032258064516,212.6451612903226,0.019619696995581526,0.03579277196134973,23,18
2026-07,墨西哥,Android,Organic,Body,17.548387096774192,11.419354838709678,212.6451612903226,0.05429102150687034,0.0828796092694958,10,6
2026-07,墨西哥,Android,Organic,Bokeh,4.129032258064516,1.1290322580645162,212.6451612903226,0.005311175528302126,0.019928506468969667,37,36
2026-07,墨西哥,Android,Organic,Brighten,3.806451612903226,1.8064516129032258,212.6451612903226,0.008263293448275602,0.017642962470710098,38,27
2026-07,墨西哥,Android,Organic,Clean Skin,4.96,3.08,206.68,0.014981832488424798,0.024892824824601548,32,19
2026-07,墨西哥,Android,Organic,Concealer,4.419354838709677,1.6129032258064515,212.6451612903226,0.007524923226236972,0.02051202146708232,34,30
2026-07,墨西哥,Android,Organic,Contour,1.8387096774193548,1.096774193548387,212.6451612903226,0.005118510494873525,0.009902664794342776,45,37
2026-07,墨西哥,Android,Organic,Crop,13.387096774193548,10.548387096774194,212.6451612903226,0.04961160618254203,0.06273862313821917,14,9
2026-07,墨西哥,Android,Organic,Dark Circles,4.225806451612903,2.4838709677419355,212.6451612903226,0.011918021176120444,0.020217680064978524,35,22
2026-07,墨西哥,Android,Organic,Details,2.838709677419355,1.4516129032258065,212.6451612903226,0.00695854902525713,0.013807537106441557,41,33
2026-07,墨西哥,Android,Organic,Effects,11.193548387096774,0.2903225806451613,212.6451612903226,0.0014515102459399913,0.05238463617649707,16,44
2026-07,墨西哥,Android,Organic,Eraser,18.516129032258064,9.580645161290322,212.6451612903226,0.04582669722617032,0.08747200032385186,9,11
2026-07,墨西哥,Android,Organic,Expression,6.935483870967742,1.8387096774193548,212.6451612903226,0.00899047983748295,0.032788479980620025,25,24
2026-07,墨西哥,Android,Organic,Eye Brighten,2.4838709677419355,1.7096774193548387,212.6451612903226,0.007982283181740806,0.01178789905616025,44,29
2026-07,墨西哥,Android,Organic,Face,37.25806451612903,14.96774193548387,212.6451612903226,0.07069482976579974,0.17578670166118865,3,3
2026-07,墨西哥,Android,Organic,Face Fix,7.032258064516129,1.7096774193548387,212.6451612903226,0.008405998626744864,0.033121347426941915,24,25
2026-07,墨西哥,Android,Organic,Filters,58.12903225806452,17.93548387096774,212.6451612903226,0.08346101478504335,0.2712698732584538,1,1
2026-07,墨西哥,Android,Organic,Glitter,5.870967741935484,0.8709677419354839,212.6451612903226,0.00415489483044958,0.02783622863426596,30,39
2026-07,墨西哥,Android,Organic,Glowup,10.35483870967742,2.096774193548387,212.6451612903226,0.01016967860582415,0.048899646477584165,18,23
2026-07,墨西哥,Android,Organic,Hair,38.03225806451613,11.483870967741936,212.6451612903226,0.053617413190090106,0.17878401855690437,2,8
2026-07,墨西哥,Android,Organic,Magic,35.96774193548387,13.290322580645162,212.6451612903226,0.06290801853057514,0.16875556750262985,4,4
2026-07,墨西哥,Android,Organic,Makeup,20.483870967741936,11.67741935483871,212.6451612903226,0.05499107447018572,0.09585279623577636,7,5
2026-07,墨西哥,Android,Organic,Matte,2.5806451612903225,1.2580645161290323,212.6451612903226,0.005664328992438974,0.012297597909907056,43,35
2026-07,墨西哥,Android,Organic,Muscle,5.419354838709677,1.5483870967741935,212.6451612903226,0.007480849392277339,0.02610639150776596,31,31
2026-07,墨西哥,Android,Organic,Mykit,6.290322580645161,0.0,212.6451612903226,0.0,0.03048182111083025,27,45
2026-07,墨西哥,Android,Organic,Plump,6.774193548387097,1.6451612903225807,212.6451612903226,0.008046524184971557,0.03191719605160357,26,28
2026-07,墨西哥,Android,Organic,Preset,8.774193548387096,0.5806451612903226,212.6451612903226,0.002904768783654556,0.04146998828040183,21,42
2026-07,墨西哥,Android,Organic,Prism,2.6129032258064515,0.6451612903225806,212.6451612903226,0.0029560863909514927,0.012609634655834642,42,41
2026-07,墨西哥,Android,Organic,Relight,34.96774193548387,15.580645161290322,212.6451612903226,0.0720985176129765,0.16225154755005602,5,2
2026-07,墨西哥,Android,Organic,Reshape,18.903225806451612,9.935483870967742,212.6451612903226,0.0470110065562512,0.08930237187724029,8,10
2026-07,墨西哥,Android,Organic,Resize,6.193548387096774,2.903225806451613,212.6451612903226,0.013926177944435765,0.029146600913540113,28,20
2026-07,墨西哥,Android,Organic,Skin Tone,9.838709677419354,5.967741935483871,212.6451612903226,0.02826204014855793,0.046510126762707917,20,16
2026-07,墨西哥,Android,Organic,Smooth,13.064516129032258,8.225806451612904,212.6451612903226,0.038693949979233803,0.061043334615351524,15,12
2026-07,墨西哥,Android,Organic,Stamp,3.7419354838709675,0.7096774193548387,212.6451612903226,0.0034175562921339654,0.020172788658769755,36,40
2026-07,墨西哥,Android,Organic,Teeth,5.774193548387097,1.8064516129032258,212.6451612903226,0.008329547897707248,0.027970085225067675,29,26
2026-07,墨西哥,Android,Organic,Text,3.5806451612903225,0.45161290322580644,212.6451612903226,0.002161732847466586,0.017186074594141558,39,43
2026-07,墨西哥,Android,non-Organic,AI Expand,21.774193548387096,11.64516129032258,1180.258064516129,0.01354463156617202,0.023149888671016264,30,18
2026-07,墨西哥,Android,non-Organic,AI Image,93.93548387096774,17.677419354838708,1180.258064516129,0.014931949571119646,0.08090717475538728,8,17
2026-07,墨西哥,Android,non-Organic,AI Repair,52.354838709677416,21.516129032258064,1180.258064516129,0.020407835389425873,0.04851081028429756,14,12
2026-07,墨西哥,Android,non-Organic,AI Replace,10.935483870967742,4.516129032258065,1180.258064516129,0.003909644176548202,0.009742435577027298,39,32
2026-07,墨西哥,Android,non-Organic,AI Retouch,281.7741935483871,61.54838709677419,1180.258064516129,0.05391844240528444,0.2334808039921016,3,5
2026-07,墨西哥,Android,non-Organic,AI Tattoo,39.96774193548387,8.548387096774194,1180.258064516129,0.0070225225444106145,0.03279464281061216,23,23
2026-07,墨西哥,Android,non-Organic,Acne,28.387096774193548,11.838709677419354,1180.258064516129,0.011020173269127142,0.024808836548651625,29,19
2026-07,墨西哥,Android,non-Organic,Adjust,48.74193548387097,15.903225806451612,1180.258064516129,0.015328897123885618,0.045693158139464396,15,15
2026-07,墨西哥,Android,non-Organic,Background,41.61290322580645,4.129032258064516,1180.258064516129,0.0035296608825477888,0.037609714243071565,18,34
2026-07,墨西哥,Android,non-Organic,Blur,23.29032258064516,11.419354838709678,1180.258064516129,0.010946658166626376,0.022125080712651603,32,20
2026-07,墨西哥,Android,non-Organic,Body,79.90322580645162,39.193548387096776,1180.258064516129,0.03503444827716589,0.069660940398333,9,8
2026-07,墨西哥,Android,non-Organic,Bokeh,9.903225806451612,2.193548387096774,1180.258064516129,0.001998160077093626,0.009329989191969338,40,41
2026-07,墨西哥,Android,non-Organic,Brighten,14.129032258064516,5.967741935483871,1180.258064516129,0.005259256708115654,0.01229794938648844,37,29
2026-07,墨西哥,Android,non-Organic,Clean Skin,30.333333333333332,14.875,1080.2083333333333,0.015241459388155574,0.0303183410385589,25,16
2026-07,墨西哥,Android,non-Organic,Concealer,20.741935483870968,6.451612903225806,1180.258064516129,0.005722113745478574,0.017827547032912623,33,28
2026-07,墨西哥,Android,non-Organic,Contour,7.225806451612903,3.032258064516129,1180.258064516129,0.002740785605781327,0.0067210041218094645,45,36
2026-07,墨西哥,Android,non-Organic,Crop,42.96774193548387,33.03225806451613,1180.258064516129,0.030923360097460263,0.04011096301837558,17,9
2026-07,墨西哥,Android,non-Organic,Dark Circles,15.870967741935484,6.612903225806452,1180.258064516129,0.006166700460966267,0.013856645344761094,35,26
2026-07,墨西哥,Android,non-Organic,Details,8.483870967741936,2.967741935483871,1180.258064516129,0.002700311280959962,0.007428236836538639,43,38
2026-07,墨西哥,Android,non-Organic,Effects,55.70967741935484,2.129032258064516,1180.258064516129,0.001850598876623227,0.04947400002725509,13,42
2026-07,墨西哥,Android,non-Organic,Eraser,65.51612903225806,28.032258064516128,1180.258064516129,0.02645752346164318,0.060088729000955174,12,10
2026-07,墨西哥,Android,non-Organic,Expression,34.774193548387096,7.451612903225806,1180.258064516129,0.006689278565216745,0.03011184587014883,26,24
2026-07,墨西哥,Android,non-Organic,Eye Brighten,8.64516129032258,3.2580645161290325,1180.258064516129,0.0029464142006211304,0.007660935520280551,42,35
2026-07,墨西哥,Android,non-Organic,Face,253.93548387096774,69.29032258064517,1180.258064516129,0.06071500006634286,0.21330127051625605,4,4
2026-07,墨西哥,Android,non-Organic,Face Fix,32.806451612903224,4.806451612903226,1180.258064516129,0.004121051700272921,0.02831535721804038,28,30
2026-07,墨西哥,Android,non-Organic,Filters,368.3225806451613,80.90322580645162,1180.258064516129,0.07724906995950563,0.32846893054037146,2,3
2026-07,墨西哥,Android,non-Organic,Glitter,32.483870967741936,4.161290322580645,1180.258064516129,0.0035370311730006697,0.029154262090770284,27,33
2026-07,墨西哥,Android,non-Organic,Glowup,76.61290322580645,8.870967741935484,1180.258064516129,0.008032665050479813,0.0658342980756055,11,21
2026-07,墨西哥,Android,non-Organic,Hair,503.93548387096774,103.25806451612904,1180.258064516129,0.08384031184762182,0.3950474172489017,1,1
2026-07,墨西哥,Android,non-Organic,Magic,192.6451612903226,59.38709677419355,1180.258064516129,0.0538004586903892,0.1720204479613746,6,6
2026-07,墨西哥,Android,non-Organic,Makeup,101.87096774193549,42.0,1180.258064516129,0.038604476274742824,0.09107246118634674,7,7
2026-07,墨西哥,Android,non-Organic,Matte,8.290322580645162,2.5483870967741935,1180.258064516129,0.002376624546215593,0.007408775888932728,44,39
2026-07,墨西哥,Android,non-Organic,Muscle,40.70967741935484,9.161290322580646,1180.258064516129,0.0077150766890290825,0.033303944655719335,21,22
2026-07,墨西哥,Android,non-Organic,Mykit,25.70967741935484,0.0,1180.258064516129,0.0,0.022561938111583423,31,45
2026-07,墨西哥,Android,non-Organic,Plump,39.354838709677416,7.193548387096774,1180.258064516129,0.0062666563700734855,0.034279914576178884,20,25
2026-07,墨西哥,Android,non-Organic,Preset,36.32258064516129,2.129032258064516,1180.258064516129,0.0018163244623939276,0.03169430768929761,24,43
2026-07,墨西哥,Android,non-Organic,Prism,9.483870967741936,3.129032258064516,1180.258064516129,0.002737047384551433,0.008689072753286927,41,37
2026-07,墨西哥,Android,non-Organic,Relight,193.70967741935485,79.74193548387096,1180.258064516129,0.07991191404629058,0.18692558064023734,5,2
2026-07,墨西哥,Android,non-Organic,Reshape,77.0,25.838709677419356,1180.258064516129,0.0228515558132791,0.06733753499387954,10,11
2026-07,墨西哥,Android,non-Organic,Resize,13.0,4.516129032258065,1180.258064516129,0.0039945106748761755,0.011763058572423341,38,31
2026-07,墨西哥,Android,non-Organic,Skin Tone,39.645161290322584,20.129032258064516,1180.258064516129,0.017776632793645285,0.034415683830330224,19,14
2026-07,墨西哥,Android,non-Organic,Smooth,49.225806451612904,20.516129032258064,1180.258064516129,0.018649526861233296,0.04350238256437506,16,13
2026-07,墨西哥,Android,non-Organic,Stamp,14.548387096774194,2.3225806451612905,1180.258064516129,0.0020707446609440324,0.01305817317143042,36,40
2026-07,墨西哥,Android,non-Organic,Teeth,39.67741935483871,7.0,1180.258064516129,0.005824165895723091,0.03312148992251299,22,27
2026-07,墨西哥,Android,non-Organic,Text,16.129032258064516,0.8387096774193549,1180.258064516129,0.0007288093116522498,0.014374296704115884,34,44
2026-07,墨西哥,iOS,Organic,AI Expand,21.580645161290324,15.225806451612904,453.5483870967742,0.027594356537045547,0.04081511226449755,21,16
2026-07,墨西哥,iOS,Organic,AI Image,23.774193548387096,5.225806451612903,453.5483870967742,0.012405375811551945,0.05313851729217862,17,22
2026-07,墨西哥,iOS,Organic,AI Repair,27.93548387096774,10.03225806451613,453.5483870967742,0.021740253361489013,0.06037568656280905,15,17
2026-07,墨西哥,iOS,Organic,AI Replace,3.2903225806451615,1.064516129032258,453.5483870967742,0.0026242542056514875,0.007910861451160692,45,39
2026-07,墨西哥,iOS,Organic,AI Retouch,74.96774193548387,27.35483870967742,453.5483870967742,0.06549929734152035,0.1751097473170474,5,7
2026-07,墨西哥,iOS,Organic,AI Tattoo,8.32258064516129,1.903225806451613,453.5483870967742,0.004524485266694358,0.01915596272368388,35,34
2026-07,墨西哥,iOS,Organic,Acne,24.29032258064516,15.838709677419354,453.5483870967742,0.039207586134279604,0.05996851982349281,16,13
2026-07,墨西哥,iOS,Organic,Adjust,38.806451612903224,14.870967741935484,453.5483870967742,0.03291860410419129,0.08538803207430826,12,14
2026-07,墨西哥,iOS,Organic,Background,18.322580645161292,0.7419354838709677,453.5483870967742,0.001799375665419098,0.04142050899481292,20,40
2026-07,墨西哥,iOS,Organic,Blur,13.35483870967742,6.870967741935484,453.5483870967742,0.016453075664712585,0.030789001962626402,26,20
2026-07,墨西哥,iOS,Organic,Body,51.096774193548384,33.064516129032256,453.5483870967742,0.07909943846319308,0.11998848578785024,8,5
2026-07,墨西哥,iOS,Organic,Bokeh,5.387096774193548,1.1290322580645162,453.5483870967742,0.0026257581099524575,0.012165251563284366,41,38
2026-07,墨西哥,iOS,Organic,Brighten,8.612903225806452,3.838709677419355,453.5483870967742,0.009048687742194542,0.02119976085480491,34,26
2026-07,墨西哥,iOS,Organic,Clean Skin,16.863636363636363,10.545454545454545,532.1818181818181,0.020552465835202493,0.03255400582332657,24,18
2026-07,墨西哥,iOS,Organic,Concealer,11.96774193548387,3.6774193548387095,453.5483870967742,0.00918470469730518,0.02957024245812193,28,25
2026-07,墨西哥,iOS,Organic,Contour,4.064516129032258,2.2580645161290325,453.5483870967742,0.005316909556884517,0.010138473849596506,43,31
2026-07,墨西哥,iOS,Organic,Crop,19.93548387096774,14.290322580645162,453.5483870967742,0.03051210836106376,0.043280684391246056,19,15
2026-07,墨西哥,iOS,Organic,Dark Circles,12.096774193548388,8.193548387096774,453.5483870967742,0.019758043272805562,0.028743428081235315,30,19
2026-07,墨西哥,iOS,Organic,Details,5.516129032258065,2.032258064516129,453.5483870967742,0.004905569412594161,0.013548235087773502,38,32
2026-07,墨西哥,iOS,Organic,Effects,35.74193548387097,0.5483870967741935,453.5483870967742,0.0013020042536692022,0.0811247132804992,13,43
2026-07,墨西哥,iOS,Organic,Eraser,40.25806451612903,20.774193548387096,453.5483870967742,0.046568350234062895,0.09127260620040685,11,11
2026-07,墨西哥,iOS,Organic,Expression,12.64516129032258,3.4516129032258065,453.5483870967742,0.008055992380739833,0.028192091471154625,31,28
2026-07,墨西哥,iOS,Organic,Eye Brighten,5.193548387096774,3.064516129032258,453.5483870967742,0.007701305257055176,0.012725863792770584,40,29
2026-07,墨西哥,iOS,Organic,Face,97.70967741935483,45.29032258064516,453.5483870967742,0.10547087131214668,0.22631684989608658,3,3
2026-07,墨西哥,iOS,Organic,Face Fix,12.741935483870968,1.935483870967742,453.5483870967742,0.00479052873697514,0.03020555889846915,27,33
2026-07,墨西哥,iOS,Organic,Filters,198.25806451612902,49.774193548387096,453.5483870967742,0.10804285523849085,0.4197128843434937,1,2
2026-07,墨西哥,iOS,Organic,Glitter,11.838709677419354,1.6129032258064515,453.5483870967742,0.0033918223090866756,0.02538597900877963,32,37
2026-07,墨西哥,iOS,Organic,Glowup,22.129032258064516,4.774193548387097,453.5483870967742,0.011758779153616198,0.050701714509686135,18,23
2026-07,墨西哥,iOS,Organic,Hair,61.67741935483871,22.06451612903226,453.5483870967742,0.05118770859472751,0.1443008914915637,6,10
2026-07,墨西哥,iOS,Organic,Magic,89.19354838709677,36.38709677419355,453.5483870967742,0.08587573465936635,0.2046270885069249,4,4
2026-07,墨西哥,iOS,Organic,Makeup,56.32258064516129,27.612903225806452,453.5483870967742,0.06520213407388445,0.13029539004908125,7,8
2026-07,墨西哥,iOS,Organic,Matte,5.580645161290323,2.935483870967742,453.5483870967742,0.007214317885634457,0.013453094227862101,39,30
2026-07,墨西哥,iOS,Organic,Muscle,10.096774193548388,1.935483870967742,453.5483870967742,0.004424957410389213,0.02278296780604179,33,35
2026-07,墨西哥,iOS,Organic,Mykit,7.709677419354839,0.0,453.5483870967742,0.0,0.01829358944861148,36,45
2026-07,墨西哥,iOS,Organic,Plump,14.483870967741936,3.5806451612903225,453.5483870967742,0.008125646338134443,0.032928697343575265,23,27
2026-07,墨西哥,iOS,Organic,Preset,16.870967741935484,0.7741935483870968,453.5483870967742,0.0016791662199040268,0.04030551436417757,22,41
2026-07,墨西哥,iOS,Organic,Prism,3.967741935483871,0.6451612903225806,453.5483870967742,0.0013547811817838271,0.00915836958925608,44,42
2026-07,墨西哥,iOS,Organic,Relight,172.8709677419355,99.19354838709677,453.5483870967742,0.19814379967753976,0.3508246686270592,2,1
2026-07,墨西哥,iOS,Organic,Reshape,41.903225806451616,23.0,453.5483870967742,0.05658912230765173,0.09946877040211853,10,9
2026-07,墨西哥,iOS,Organic,Resize,12.258064516129032,4.290322580645161,453.5483870967742,0.010405071565288007,0.029299230116646438,29,24
2026-07,墨西哥,iOS,Organic,Skin Tone,27.93548387096774,19.129032258064516,453.5483870967742,0.04593235518650251,0.0667976856843543,14,12
2026-07,墨西哥,iOS,Organic,Smooth,42.45161290322581,27.161290322580644,453.5483870967742,0.06691852916792192,0.10117569741039172,9,6
2026-07,墨西哥,iOS,Organic,Stamp,6.870967741935484,1.4193548387096775,453.5483870967742,0.003487726522140991,0.016691072565370373,37,36
2026-07,墨西哥,iOS,Organic,Teeth,13.193548387096774,5.709677419354839,453.5483870967742,0.014352197736878647,0.03133269972323943,25,21
2026-07,墨西哥,iOS,Organic,Text,4.096774193548387,0.25806451612903225,453.5483870967742,0.0008377639462889139,0.01075624647564068,42,44
2026-07,墨西哥,iOS,non-Organic,AI Expand,5.387096774193548,2.774193548387097,271.38709677419354,0.009849017078202082,0.02339491120323458,34,24
2026-07,墨西哥,iOS,non-Organic,AI Image,16.35483870967742,5.32258064516129,271.38709677419354,0.017134844497161787,0.07053565864938978,15,17
2026-07,墨西哥,iOS,non-Organic,AI Repair,19.516129032258064,8.32258064516129,271.38709677419354,0.0439571074367397,0.08961141727140508,11,8
2026-07,墨西哥,iOS,non-Organic,AI Replace,2.129032258064516,1.096774193548387,271.38709677419354,0.004966402963188174,0.010205796684348878,44,34
2026-07,墨西哥,iOS,non-Organic,AI Retouch,58.25806451612903,19.548387096774192,271.38709677419354,0.07681413452544061,0.2282637155254681,4,6
2026-07,墨西哥,iOS,non-Organic,AI Tattoo,7.419354838709677,2.2580645161290325,271.38709677419354,0.006641513488098912,0.03230235494906346,27,29
2026-07,墨西哥,iOS,non-Organic,Acne,8.935483870967742,3.4516129032258065,271.38709677419354,0.013079573773285976,0.03990843569378817,21,20
2026-07,墨西哥,iOS,non-Organic,Adjust,22.032258064516128,6.741935483870968,271.38709677419354,0.026734789555343634,0.09031678726112581,10,13
2026-07,墨西哥,iOS,non-Organic,Background,12.129032258064516,0.4838709677419355,271.38709677419354,0.0015494161010658177,0.04457439688971281,19,41
2026-07,墨西哥,iOS,non-Organic,Blur,6.870967741935484,3.0,271.38709677419354,0.014894540292908667,0.03116135635681445,28,18
2026-07,墨西哥,iOS,non-Organic,Body,29.0,15.161290322580646,271.38709677419354,0.07065361223565184,0.12377087815614744,8,7
2026-07,墨西哥,iOS,non-Organic,Bokeh,2.806451612903226,0.5483870967741935,271.38709677419354,0.003397700858052593,0.012744624468273798,41,37
2026-07,墨西哥,iOS,non-Organic,Brighten,3.903225806451613,1.5806451612903225,271.38709677419354,0.007920201695995678,0.019212824049196067,37,27
2026-07,墨西哥,iOS,non-Organic,Clean Skin,12.136363636363637,6.545454545454546,358.5,0.0187870485755614,0.03491477530167483,26,16
2026-07,墨西哥,iOS,non-Organic,Concealer,5.258064516129032,1.7096774193548387,271.38709677419354,0.010204158890628416,0.025647837758818282,33,22
2026-07,墨西哥,iOS,non-Organic,Contour,1.8064516129032258,0.8064516129032258,271.38709677419354,0.005252410175614558,0.010177678623054598,45,33
2026-07,墨西哥,iOS,non-Organic,Crop,9.129032258064516,6.129032258064516,271.38709677419354,0.024681466036491146,0.038631464733178834,22,15
2026-07,墨西哥,iOS,non-Organic,Dark Circles,3.903225806451613,2.032258064516129,271.38709677419354,0.012720498911254761,0.022565420952652265,35,21
2026-07,墨西哥,iOS,non-Organic,Details,1.4516129032258065,0.3870967741935484,271.38709677419354,0.0010724199996896078,0.010864639270028653,42,42
2026-07,墨西哥,iOS,non-Organic,Effects,27.0,0.45161290322580644,271.38709677419354,0.0032596933780569275,0.09948679851312037,9,38
2026-07,墨西哥,iOS,non-Organic,Eraser,19.06451612903226,9.064516129032258,271.38709677419354,0.032097169867697097,0.07626500866132578,12,11
2026-07,墨西哥,iOS,non-Organic,Expression,8.32258064516129,2.096774193548387,271.38709677419354,0.00589526062873013,0.0379774468761077,23,32
2026-07,墨西哥,iOS,non-Organic,Eye Brighten,2.2903225806451615,1.2258064516129032,271.38709677419354,0.003673325527201138,0.014202761253275634,40,36
2026-07,墨西哥,iOS,non-Organic,Face,62.32258064516129,26.580645161290324,271.38709677419354,0.09449301588260155,0.2265334797645118,5,3
2026-07,墨西哥,iOS,non-Organic,Face Fix,7.903225806451613,0.6774193548387096,271.38709677419354,0.0037952622809985606,0.036737499048824486,25,35
2026-07,墨西哥,iOS,non-Organic,Filters,142.6451612903226,33.58064516129032,271.38709677419354,0.11802701426160953,0.4743471905108248,1,2
2026-07,墨西哥,iOS,non-Organic,Glitter,9.129032258064516,2.032258064516129,271.38709677419354,0.008535583361384835,0.03691685002920264,24,25
2026-07,墨西哥,iOS,non-Organic,Glowup,14.193548387096774,2.7419354838709675,271.38709677419354,0.013372789865779987,0.06078981465605987,16,19
2026-07,墨西哥,iOS,non-Organic,Hair,65.19354838709677,26.193548387096776,271.38709677419354,0.08697841027552435,0.22251596351668354,6,4
2026-07,墨西哥,iOS,non-Organic,Magic,63.16129032258065,20.548387096774192,271.38709677419354,0.08684530118827033,0.23840528156880764,3,5
2026-07,墨西哥,iOS,non-Organic,Makeup,32.83870967741935,13.709677419354838,271.38709677419354,0.04073028069253333,0.12798206780305568,7,9
2026-07,墨西哥,iOS,non-Organic,Matte,2.870967741935484,1.2258064516129032,271.38709677419354,0.0072237434112801995,0.01745618826448815,38,28
2026-07,墨西哥,iOS,non-Organic,Muscle,5.580645161290323,1.1290322580645162,271.38709677419354,0.006591086802391344,0.03008894796383431,30,30
2026-07,墨西哥,iOS,non-Organic,Mykit,5.806451612903226,0.0,271.38709677419354,0.0,0.02717095403983879,32,45
2026-07,墨西哥,iOS,non-Organic,Plump,11.580645161290322,2.967741935483871,271.38709677419354,0.008355013037569402,0.04351645138263552,20,26
2026-07,墨西哥,iOS,non-Organic,Preset,12.064516129032258,0.3548387096774194,271.38709677419354,0.001036918777345073,0.04977394390018459,18,43
2026-07,墨西哥,iOS,non-Organic,Prism,1.935483870967742,0.4838709677419355,271.38709677419354,0.0030035840340142616,0.010538256898529073,43,39
2026-07,墨西哥,iOS,non-Organic,Relight,126.35483870967742,69.38709677419355,271.38709677419354,0.21704228469201076,0.4075806942545428,2,1
2026-07,墨西哥,iOS,non-Organic,Reshape,17.93548387096774,7.67741935483871,271.38709677419354,0.03166485720874478,0.07319498713207319,13,12
2026-07,墨西哥,iOS,non-Organic,Resize,3.3225806451612905,0.8709677419354839,271.38709677419354,0.009952033630322118,0.03081349382631476,29,23
2026-07,墨西哥,iOS,non-Organic,Skin Tone,10.96774193548387,5.709677419354839,271.38709677419354,0.02620043387735623,0.05432560751166556,17,14
2026-07,墨西哥,iOS,non-Organic,Smooth,15.774193548387096,7.516129032258065,271.38709677419354,0.03980630305437176,0.07100846136719632,14,10
2026-07,墨西哥,iOS,non-Organic,Stamp,3.129032258064516,0.5806451612903226,271.38709677419354,0.0016469404956046734,0.016075959320263233,39,40
2026-07,墨西哥,iOS,non-Organic,Teeth,6.774193548387097,1.2903225806451613,271.38709677419354,0.006466328791993383,0.03006796197670861,31,31
2026-07,墨西哥,iOS,non-Organic,Text,3.838709677419355,0.12903225806451613,271.38709677419354,0.00031455160023634727,0.020123396175831407,36,44
2026-07,巴西,Android,Organic,AI Expand,24.483870967741936,11.451612903225806,1440.4516129032259,0.008116875484727082,0.017367050496339125,36,29
2026-07,巴西,Android,Organic,AI Image,84.12903225806451,16.483870967741936,1440.4516129032259,0.011366750459878373,0.05823273612981364,15,23
2026-07,巴西,Android,Organic,AI Repair,76.6774193548387,32.25806451612903,1440.4516129032259,0.023026840397520384,0.054506115435886446,16,18
2026-07,巴西,Android,Organic,AI Replace,19.225806451612904,7.741935483870968,1440.4516129032259,0.0054588663168706865,0.01357567753890387,39,34
2026-07,巴西,Android,Organic,AI Retouch,266.741935483871,90.70967741935483,1440.4516129032259,0.06303601472570615,0.1835145657390714,4,6
2026-07,巴西,Android,Organic,AI Tattoo,35.61290322580645,8.741935483870968,1440.4516129032259,0.0060578521445924715,0.024777073278412394,31,32
2026-07,巴西,Android,Organic,Acne,94.25806451612904,71.03225806451613,1440.4516129032259,0.05036272470083672,0.06654553064606825,14,12
2026-07,巴西,Android,Organic,Adjust,156.16129032258064,88.0,1440.4516129032259,0.06270298584241253,0.11120809735579976,9,8
2026-07,巴西,Android,Organic,Background,58.516129032258064,6.387096774193548,1440.4516129032259,0.004401742431230584,0.041013133831240306,23,37
2026-07,巴西,Android,Organic,Blur,64.64516129032258,41.774193548387096,1440.4516129032259,0.02953676071974172,0.045774334630240415,18,15
2026-07,巴西,Android,Organic,Body,109.41935483870968,65.2258064516129,1440.4516129032259,0.04604501081984306,0.0767706078604765,13,14
2026-07,巴西,Android,Organic,Bokeh,25.774193548387096,8.0,1440.4516129032259,0.005612427104149659,0.018245710950137165,35,33
2026-07,巴西,Android,Organic,Brighten,29.516129032258064,14.64516129032258,1440.4516129032259,0.010075131794604232,0.02017301390243289,33,26
2026-07,巴西,Android,Organic,Clean Skin,40.96,25.84,1350.28,0.01998508849178613,0.03289661163995663,26,20
2026-07,巴西,Android,Organic,Concealer,45.32258064516129,20.516129032258064,1440.4516129032259,0.014078508100091284,0.031043752507080368,28,22
2026-07,巴西,Android,Organic,Contour,15.870967741935484,7.451612903225806,1440.4516129032259,0.005169256017110738,0.011024880667593046,43,35
2026-07,巴西,Android,Organic,Crop,109.87096774193549,86.6774193548387,1440.4516129032259,0.061603677210508426,0.07802878190576817,12,10
2026-07,巴西,Android,Organic,Dark Circles,42.0,30.29032258064516,1440.4516129032259,0.021255470622120482,0.029414495112148793,30,19
2026-07,巴西,Android,Organic,Details,14.580645161290322,6.032258064516129,1440.4516129032259,0.00424191250761888,0.01020895342657351,44,38
2026-07,巴西,Android,Organic,Effects,67.09677419354838,2.2903225806451615,1440.4516129032259,0.001546423728210388,0.04704809204228268,17,44
2026-07,巴西,Android,Organic,Eraser,141.32258064516128,80.96774193548387,1440.4516129032259,0.05749069850820499,0.09950038000744489,10,11
2026-07,巴西,Android,Organic,Expression,43.83870967741935,11.03225806451613,1440.4516129032259,0.007601583770121162,0.030828128794024374,29,30
2026-07,巴西,Android,Organic,Eye Brighten,22.64516129032258,14.35483870967742,1440.4516129032259,0.010076269365776843,0.015768589457853067,38,25
2026-07,巴西,Android,Organic,Face,293.2258064516129,124.35483870967742,1440.4516129032259,0.0869494954753363,0.20395482199585538,2,4
2026-07,巴西,Android,Organic,Face Fix,53.903225806451616,13.451612903225806,1440.4516129032259,0.00935890476488169,0.03772881257888453,25,27
2026-07,巴西,Android,Organic,Filters,375.64516129032256,143.7741935483871,1440.4516129032259,0.10098003134910968,0.2638144105103914,1,2
2026-07,巴西,Android,Organic,Glitter,24.806451612903224,3.870967741935484,1440.4516129032259,0.0026703321632678867,0.017315670495702987,37,42
2026-07,巴西,Android,Organic,Glowup,64.29032258064517,12.870967741935484,1440.4516129032259,0.009168812229032536,0.04524438772026354,19,28
2026-07,巴西,Android,Organic,Hair,249.61290322580646,73.35483870967742,1440.4516129032259,0.04912289357105457,0.16611108837650077,5,13
2026-07,巴西,Android,Organic,Magic,281.16129032258067,144.70967741935485,1440.4516129032259,0.10158058666456293,0.19682977597785384,3,1
2026-07,巴西,Android,Organic,Makeup,187.0,101.16129032258064,1440.4516129032259,0.0709799431016077,0.13048681269426426,7,5
2026-07,巴西,Android,Organic,Matte,11.741935483870968,5.0,1440.4516129032259,0.003532670754272428,0.008179151002071764,45,39
2026-07,巴西,Android,Organic,Muscle,35.483870967741936,10.870967741935484,1440.4516129032259,0.007434651755580194,0.023977948254181043,32,31
2026-07,巴西,Android,Organic,Mykit,27.580645161290324,0.0,1440.4516129032259,0.0,0.01909834641345508,34,45
2026-07,巴西,Android,Organic,Plump,44.70967741935484,14.35483870967742,1440.4516129032259,0.010081404509442336,0.03138379405256517,27,24
2026-07,巴西,Android,Organic,Preset,62.774193548387096,4.612903225806452,1440.4516129032259,0.0032175510673580366,0.04374871370056041,20,40
2026-07,巴西,Android,Organic,Prism,18.129032258064516,6.774193548387097,1440.4516129032259,0.004765930619792856,0.01273313365633064,42,36
2026-07,巴西,Android,Organic,Relight,201.7741935483871,87.64516129032258,1440.4516129032259,0.06224926578593595,0.14372344044773236,6,9
2026-07,巴西,Android,Organic,Reshape,176.7741935483871,125.74193548387096,1440.4516129032259,0.08914231821222206,0.12515927279929717,8,3
2026-07,巴西,Android,Organic,Resize,55.38709677419355,25.967741935483872,1440.4516129032259,0.01835339437667207,0.039338771639595,24,21
2026-07,巴西,Android,Organic,Skin Tone,59.935483870967744,37.41935483870968,1440.4516129032259,0.026294973549403567,0.04183296726001876,22,16
2026-07,巴西,Android,Organic,Smooth,125.19354838709677,88.58064516129032,1440.4516129032259,0.06274708801256682,0.08842574968283097,11,7
2026-07,巴西,Android,Organic,Stamp,18.580645161290324,3.7096774193548385,1440.4516129032259,0.002695003039220062,0.013066701170437584,40,41
2026-07,巴西,Android,Organic,Teeth,61.32258064516129,33.41935483870968,1440.4516129032259,0.023376745535056677,0.04273289960155279,21,17
2026-07,巴西,Android,Organic,Text,18.387096774193548,2.2580645161290325,1440.4516129032259,0.0015885840103568192,0.012745924226954404,41,43
2026-07,巴西,Android,non-Organic,AI Expand,46.58064516129032,20.419354838709676,3406.064516129032,0.007646548121674467,0.017337093999952334,37,31
2026-07,巴西,Android,non-Organic,AI Image,266.0967741935484,45.83870967741935,3406.064516129032,0.011648094854123532,0.07365503242541561,13,24
2026-07,巴西,Android,non-Organic,AI Repair,164.0,63.54838709677419,3406.064516129032,0.02284252163790889,0.05848893612498275,17,19
2026-07,巴西,Android,non-Organic,AI Replace,33.74193548387097,12.838709677419354,3406.064516129032,0.004770057455366505,0.012144876246685248,42,34
2026-07,巴西,Android,non-Organic,AI Retouch,803.8709677419355,223.41935483870967,3406.064516129032,0.06991068332842708,0.23513610664104798,4,5
2026-07,巴西,Android,non-Organic,AI Tattoo,121.74193548387096,31.0,3406.064516129032,0.007643143459287501,0.03333535555467799,28,32
2026-07,巴西,Android,non-Organic,Acne,154.4516129032258,101.0,3406.064516129032,0.0412292484012867,0.05858650871258166,16,14
2026-07,巴西,Android,non-Organic,Adjust,275.80645161290323,133.4516129032258,3406.064516129032,0.05006284173929524,0.10181296917797153,10,11
2026-07,巴西,Android,non-Organic,Background,144.83870967741936,14.709677419354838,3406.064516129032,0.004773987323301895,0.04843154258608661,20,33
2026-07,巴西,Android,non-Organic,Blur,118.64516129032258,65.64516129032258,3406.064516129032,0.025661454342390515,0.04493802728125161,23,15
2026-07,巴西,Android,non-Organic,Body,237.5483870967742,127.29032258064517,3406.064516129032,0.046179986992741444,0.08011287208506213,12,13
2026-07,巴西,Android,non-Organic,Bokeh,48.193548387096776,12.0,3406.064516129032,0.004492586477478844,0.017859543653422575,36,37
2026-07,巴西,Android,non-Organic,Brighten,68.38709677419355,30.612903225806452,3406.064516129032,0.009424153806419252,0.019455014393511223,35,27
2026-07,巴西,Android,non-Organic,Clean Skin,71.72,43.8,2363.44,0.023557658221872817,0.04012208069683076,25,17
2026-07,巴西,Android,non-Organic,Concealer,99.90322580645162,42.29032258064516,3406.064516129032,0.012954120100415618,0.030939725887677693,31,22
2026-07,巴西,Android,non-Organic,Contour,30.0,13.870967741935484,3406.064516129032,0.0047470998315507,0.00996061230080307,43,35
2026-07,巴西,Android,non-Organic,Crop,188.61290322580646,138.48387096774192,3406.064516129032,0.0498866722362313,0.06742758031992475,14,12
2026-07,巴西,Android,non-Organic,Dark Circles,80.6774193548387,47.096774193548384,3406.064516129032,0.017276132564620163,0.02717087036281322,32,20
2026-07,巴西,Android,non-Organic,Details,28.548387096774192,9.096774193548388,3406.064516129032,0.0030498959412889708,0.009554539340426592,44,40
2026-07,巴西,Android,non-Organic,Effects,172.0,6.516129032258065,3406.064516129032,0.0016984713647407992,0.05319899155704119,18,43
2026-07,巴西,Android,non-Organic,Eraser,328.2903225806452,164.93548387096774,3406.064516129032,0.05888144691817083,0.11077522020117513,9,8
2026-07,巴西,Android,non-Organic,Expression,101.61290322580645,23.483870967741936,3406.064516129032,0.007866560265241263,0.03418934418668832,26,30
2026-07,巴西,Android,non-Organic,Eye Brighten,42.16129032258065,22.612903225806452,3406.064516129032,0.008113140028412976,0.013867823550039203,39,29
2026-07,巴西,Android,non-Organic,Face,747.4516129032259,261.06451612903226,3406.064516129032,0.08788669505784502,0.23581816426848795,3,3
2026-07,巴西,Android,non-Organic,Face Fix,133.96774193548387,34.483870967741936,3406.064516129032,0.011755246328246286,0.04598127238229137,21,23
2026-07,巴西,Android,non-Organic,Filters,966.2258064516129,328.16129032258067,3406.064516129032,0.10254639391442613,0.3008161056283492,1,1
2026-07,巴西,Android,non-Organic,Glitter,71.96774193548387,11.806451612903226,3406.064516129032,0.0034573004731219843,0.022296503785542657,33,38
2026-07,巴西,Android,non-Organic,Glowup,195.25806451612902,31.70967741935484,3406.064516129032,0.010307174388375147,0.06460748319450565,15,25
2026-07,巴西,Android,non-Organic,Hair,1216.6129032258063,269.7096774193548,3406.064516129032,0.06949263838616067,0.29385699188600806,2,6
2026-07,巴西,Android,non-Organic,Magic,644.5483870967741,264.2258064516129,3406.064516129032,0.09015915821446835,0.21048090015233395,5,2
2026-07,巴西,Android,non-Organic,Makeup,391.48387096774195,173.1290322580645,3406.064516129032,0.05745243432573539,0.12250480518132935,7,9
2026-07,巴西,Android,non-Organic,Matte,24.677419354838708,8.612903225806452,3406.064516129032,0.0030612241045077674,0.007917038031514416,45,39
2026-07,巴西,Android,non-Organic,Muscle,127.64516129032258,33.87096774193548,3406.064516129032,0.008946776848873348,0.034082009863796184,27,28
2026-07,巴西,Android,non-Organic,Mykit,69.87096774193549,0.0,3406.064516129032,0.0,0.022073655502245146,34,45
2026-07,巴西,Android,non-Organic,Plump,95.48387096774194,31.612903225806452,3406.064516129032,0.00992069577965903,0.032427056089753555,29,26
2026-07,巴西,Android,non-Organic,Preset,150.5483870967742,9.193548387096774,3406.064516129032,0.0025858630125756375,0.0485341432777122,19,41
2026-07,巴西,Android,non-Organic,Prism,35.354838709677416,13.225806451612904,3406.064516129032,0.004734149816454126,0.0128125458461735,41,36
2026-07,巴西,Android,non-Organic,Relight,493.48387096774195,205.70967741935485,3406.064516129032,0.07110388792097919,0.16935211250331123,6,4
2026-07,巴西,Android,non-Organic,Reshape,293.0,166.48387096774192,3406.064516129032,0.06821061441382718,0.11121697979615561,8,7
2026-07,巴西,Android,non-Organic,Resize,77.51612903225806,32.67741935483871,3406.064516129032,0.013787163638022579,0.03144162760665104,30,21
2026-07,巴西,Android,non-Organic,Skin Tone,131.6451612903226,70.35483870967742,3406.064516129032,0.023664072842739088,0.04170963204674721,24,16
2026-07,巴西,Android,non-Organic,Smooth,227.7741935483871,138.93548387096774,3406.064516129032,0.05336278286957981,0.08163338951507573,11,10
2026-07,巴西,Android,non-Organic,Stamp,42.54838709677419,6.709677419354839,3406.064516129032,0.0024901516467434708,0.014769654206987747,38,42
2026-07,巴西,Android,non-Organic,Teeth,132.3548387096774,57.58064516129032,3406.064516129032,0.02304259541945852,0.04542401309182376,22,18
2026-07,巴西,Android,non-Organic,Text,41.38709677419355,4.451612903225806,3406.064516129032,0.0013993496834786303,0.013233303840991901,40,44
2026-07,巴西,iOS,Organic,AI Expand,64.3225806451613,30.838709677419356,4495.709677419355,0.006959838744983965,0.014419273999639368,38,29
2026-07,巴西,iOS,Organic,AI Image,159.03225806451613,31.806451612903224,4495.709677419355,0.007166309791162067,0.03546284848666486,29,27
2026-07,巴西,iOS,Organic,AI Repair,209.25806451612902,76.93548387096774,4495.709677419355,0.0171253920140236,0.04639985153652561,21,22
2026-07,巴西,iOS,Organic,AI Replace,32.70967741935484,12.64516129032258,4495.709677419355,0.002812462006055593,0.007277202609454357,45,38
2026-07,巴西,iOS,Organic,AI Retouch,873.1935483870968,339.80645161290323,4495.709677419355,0.0751831541229912,0.19323977651415164,6,8
2026-07,巴西,iOS,Organic,AI Tattoo,81.70967741935483,13.612903225806452,4495.709677419355,0.0030526373416874834,0.018186011421572074,35,37
2026-07,巴西,iOS,Organic,Acne,554.516129032258,444.38709677419354,4495.709677419355,0.09908416739660089,0.12365696922719316,9,6
2026-07,巴西,iOS,Organic,Adjust,547.1290322580645,259.16129032258067,4495.709677419355,0.05745889596490343,0.12144422381974539,11,12
2026-07,巴西,iOS,Organic,Background,179.48387096774192,10.387096774193548,4495.709677419355,0.0023561098475889898,0.04010680769188842,27,39
2026-07,巴西,iOS,Organic,Blur,251.3548387096774,170.48387096774192,4495.709677419355,0.03793620417116386,0.05582842806075424,16,16
2026-07,巴西,iOS,Organic,Body,483.64516129032256,320.0,4495.709677419355,0.07055700891572374,0.10673525195191079,12,10
2026-07,巴西,iOS,Organic,Bokeh,83.29032258064517,28.483870967741936,4495.709677419355,0.006339377427021718,0.018578159509659128,34,31
2026-07,巴西,iOS,Organic,Brighten,116.16129032258064,61.96774193548387,4495.709677419355,0.014008934780783867,0.02626436038323728,31,24
2026-07,巴西,iOS,Organic,Clean Skin,210.95454545454547,143.72727272727272,4574.090909090909,0.03143911050143913,0.046105300400219214,22,18
2026-07,巴西,iOS,Organic,Concealer,172.70967741935485,81.25806451612904,4495.709677419355,0.018336537236256487,0.03883015003179329,28,21
2026-07,巴西,iOS,Organic,Contour,57.29032258064516,29.838709677419356,4495.709677419355,0.00666311400212727,0.012840012613322493,39,30
2026-07,巴西,iOS,Organic,Crop,264.7096774193548,193.29032258064515,4495.709677419355,0.04300352037736708,0.058868919998317226,15,14
2026-07,巴西,iOS,Organic,Dark Circles,214.48387096774192,177.41935483870967,4495.709677419355,0.03960616640230655,0.047880648765444365,20,15
2026-07,巴西,iOS,Organic,Details,51.03225806451613,16.70967741935484,4495.709677419355,0.0037239718950289337,0.011449124597443149,41,35
2026-07,巴西,iOS,Organic,Effects,247.93548387096774,2.5806451612903225,4495.709677419355,0.0005867620281679329,0.05527219778817235,17,44
2026-07,巴西,iOS,Organic,Eraser,557.1612903225806,294.4193548387097,4495.709677419355,0.06538570882084423,0.12359906980692757,10,11
2026-07,巴西,iOS,Organic,Expression,125.16129032258064,20.129032258064516,4495.709677419355,0.004472715328748425,0.027681383735522255,30,33
2026-07,巴西,iOS,Organic,Eye Brighten,93.41935483870968,68.48387096774194,4495.709677419355,0.015374373420409256,0.020983078156142466,32,23
2026-07,巴西,iOS,Organic,Face,1188.5806451612902,479.35483870967744,4495.709677419355,0.10594890574551048,0.26290592163445636,2,5
2026-07,巴西,iOS,Organic,Face Fix,194.0,31.483870967741936,4495.709677419355,0.0069674502296643475,0.04289048294794085,26,28
2026-07,巴西,iOS,Organic,Filters,1435.225806451613,498.96774193548384,4495.709677419355,0.1099854978431241,0.31711400812459983,1,4
2026-07,巴西,iOS,Organic,Glitter,69.29032258064517,9.935483870967742,4495.709677419355,0.0021834924649999513,0.015251182289915035,36,42
2026-07,巴西,iOS,Organic,Glowup,205.19354838709677,44.61290322580645,4495.709677419355,0.009776449664848249,0.0450984598158605,23,26
2026-07,巴西,iOS,Organic,Hair,440.48387096774195,131.8709677419355,4495.709677419355,0.029365599820985015,0.09883455341864571,13,19
2026-07,巴西,iOS,Organic,Magic,1091.9354838709678,603.741935483871,4495.709677419355,0.13365135210368376,0.24167180674703828,3,2
2026-07,巴西,iOS,Organic,Makeup,634.258064516129,326.8709677419355,4495.709677419355,0.07213626946494898,0.14030789251954773,8,9
2026-07,巴西,iOS,Organic,Matte,41.483870967741936,18.29032258064516,4495.709677419355,0.004027016370949932,0.009221107745716323,43,34
2026-07,巴西,iOS,Organic,Muscle,90.06451612903226,21.451612903225808,4495.709677419355,0.004805093269355481,0.020022550159968247,33,32
2026-07,巴西,iOS,Organic,Mykit,67.74193548387096,0.0,4495.709677419355,0.0,0.015138664841336531,37,45
2026-07,巴西,iOS,Organic,Plump,194.4516129032258,57.67741935483871,4495.709677419355,0.012843441136849487,0.04303802345749221,25,25
2026-07,巴西,iOS,Organic,Preset,198.51612903225808,10.483870967741936,4495.709677419355,0.002319021856527502,0.04412748266009837,24,40
2026-07,巴西,iOS,Organic,Prism,47.193548387096776,16.193548387096776,4495.709677419355,0.003597577339265935,0.0104260224618319,42,36
2026-07,巴西,iOS,Organic,Relight,889.7096774193549,449.83870967741933,4495.709677419355,0.09860565219785121,0.19573535174296566,5,7
2026-07,巴西,iOS,Organic,Reshape,894.0,727.3548387096774,4495.709677419355,0.1606644270298403,0.19770659727085038,4,1
2026-07,巴西,iOS,Organic,Resize,249.58064516129033,127.70967741935483,4495.709677419355,0.028194951194807874,0.05513047599730224,18,20
2026-07,巴西,iOS,Organic,Skin Tone,228.4516129032258,143.1290322580645,4495.709677419355,0.03178967829135779,0.05094249768450147,19,17
2026-07,巴西,iOS,Organic,Smooth,713.4193548387096,563.3225806451613,4495.709677419355,0.12520015860484626,0.15840499649220607,7,3
2026-07,巴西,iOS,Organic,Stamp,51.516129032258064,10.0,4495.709677419355,0.002266107748461708,0.011525597645071545,40,41
2026-07,巴西,iOS,Organic,Teeth,301.0967741935484,216.41935483870967,4495.709677419355,0.04736253685503813,0.06603425099319973,14,13
2026-07,巴西,iOS,Organic,Text,35.61290322580645,3.3870967741935485,4495.709677419355,0.0007854172061800584,0.00803596256961953,44,43
2026-07,巴西,iOS,non-Organic,AI Expand,8.096774193548388,2.806451612903226,810.3870967741935,0.0037266373971678304,0.010475949846993444,36,34
2026-07,巴西,iOS,non-Organic,AI Image,53.67741935483871,18.483870967741936,810.3870967741935,0.02332282428782322,0.06912302388156441,12,14
2026-07,巴西,iOS,non-Organic,AI Repair,40.16129032258065,15.741935483870968,810.3870967741935,0.02026964026784667,0.04964556794601438,16,16
2026-07,巴西,iOS,non-Organic,AI Replace,5.548387096774194,2.3548387096774195,810.3870967741935,0.0033584136393691576,0.007400355802583523,44,35
2026-07,巴西,iOS,non-Organic,AI Retouch,193.48387096774192,62.38709677419355,810.3870967741935,0.0802929914697578,0.24226512071909606,2,5
2026-07,巴西,iOS,non-Organic,AI Tattoo,28.677419354838708,5.838709677419355,810.3870967741935,0.006963781368388203,0.035181710451036075,23,28
2026-07,巴西,iOS,non-Organic,Acne,26.29032258064516,14.096774193548388,810.3870967741935,0.019547418530094885,0.034880965954043344,24,17
2026-07,巴西,iOS,non-Organic,Adjust,65.38709677419355,28.70967741935484,810.3870967741935,0.036926372482895556,0.08078076162140983,9,10
2026-07,巴西,iOS,non-Organic,Background,34.935483870967744,2.5161290322580645,810.3870967741935,0.0031640091531755597,0.043526505220866304,17,36
2026-07,巴西,iOS,non-Organic,Blur,23.129032258064516,11.935483870967742,810.3870967741935,0.015662936087387856,0.029092868605858007,29,18
2026-07,巴西,iOS,non-Organic,Body,61.483870967741936,31.806451612903224,810.3870967741935,0.040093810182285056,0.07636871976290743,10,9
2026-07,巴西,iOS,non-Organic,Bokeh,7.838709677419355,2.096774193548387,810.3870967741935,0.002715162754079687,0.010036802436287967,37,38
2026-07,巴西,iOS,non-Organic,Brighten,13.258064516129032,6.096774193548387,810.3870967741935,0.007555241888351623,0.01648476065032091,33,27
2026-07,巴西,iOS,non-Organic,Clean Skin,28.045454545454547,16.363636363636363,790.8636363636364,0.02215245016951901,0.03735077544537723,20,15
2026-07,巴西,iOS,non-Organic,Concealer,16.870967741935484,7.741935483870968,810.3870967741935,0.010523646687271302,0.022762079498860964,30,24
2026-07,巴西,iOS,non-Organic,Contour,5.967741935483871,3.161290322580645,810.3870967741935,0.004101723508104687,0.007745002226252264,43,33
2026-07,巴西,iOS,non-Organic,Crop,29.741935483870968,19.612903225806452,810.3870967741935,0.024162587414420195,0.03697590275082809,21,13
2026-07,巴西,iOS,non-Organic,Dark Circles,13.419354838709678,8.35483870967742,810.3870967741935,0.01112780466454214,0.017582616823685025,32,22
2026-07,巴西,iOS,non-Organic,Details,6.0,2.4193548387096775,810.3870967741935,0.0030914433786842998,0.007986336005613052,41,37
2026-07,巴西,iOS,non-Organic,Effects,59.096774193548384,1.0,810.3870967741935,0.0012912406452908363,0.07411541620863987,11,43
2026-07,巴西,iOS,non-Organic,Eraser,112.96774193548387,60.83870967741935,810.3870967741935,0.07310173559401038,0.1353032151039032,7,6
2026-07,巴西,iOS,non-Organic,Expression,22.93548387096774,4.32258064516129,810.3870967741935,0.0054805177677323,0.029143234753487218,28,30
2026-07,巴西,iOS,non-Organic,Eye Brighten,6.645161290322581,3.6774193548387095,810.3870967741935,0.004807844492344423,0.008692221754722536,39,31
2026-07,巴西,iOS,non-Organic,Face,175.4516129032258,64.09677419354838,810.3870967741935,0.08207685102308242,0.22122433199117045,5,4
2026-07,巴西,iOS,non-Organic,Face Fix,28.870967741935484,6.096774193548387,810.3870967741935,0.008235510734511666,0.03776479404516571,19,25
2026-07,巴西,iOS,non-Organic,Filters,364.7741935483871,136.0,810.3870967741935,0.16734962043293314,0.4370049086739196,1,1
2026-07,巴西,iOS,non-Organic,Glitter,17.322580645161292,3.096774193548387,810.3870967741935,0.004133228091497574,0.021597134735570407,31,32
2026-07,巴西,iOS,non-Organic,Glowup,44.61290322580645,8.548387096774194,810.3870967741935,0.010630188339074784,0.0549046048260582,15,23
2026-07,巴西,iOS,non-Organic,Hair,179.83870967741936,46.12903225806452,810.3870967741935,0.06039907903307568,0.2373305795985242,4,7
2026-07,巴西,iOS,non-Organic,Magic,175.80645161290323,65.58064516129032,810.3870967741935,0.08290826666392921,0.217859187644799,6,3
2026-07,巴西,iOS,non-Organic,Makeup,88.58064516129032,34.096774193548384,810.3870967741935,0.04329605172853169,0.11134222321136676,8,8
2026-07,巴西,iOS,non-Organic,Matte,4.387096774193548,1.7419354838709677,810.3870967741935,0.002210630164622053,0.006026567347473922,45,41
2026-07,巴西,iOS,non-Organic,Muscle,24.419354838709676,6.161290322580645,810.3870967741935,0.008226212472292622,0.03008808885368947,26,26
2026-07,巴西,iOS,non-Organic,Mykit,11.838709677419354,0.0,810.3870967741935,0.0,0.014876649787353546,34,45
2026-07,巴西,iOS,non-Organic,Plump,24.322580645161292,9.161290322580646,810.3870967741935,0.011844597302185358,0.03120396464162967,25,21
2026-07,巴西,iOS,non-Organic,Preset,31.387096774193548,1.8064516129032258,810.3870967741935,0.0024277597157986637,0.03916938897864153,18,39
2026-07,巴西,iOS,non-Organic,Prism,6.129032258064516,2.0,810.3870967741935,0.002218083542274093,0.0077830699306446205,42,40
2026-07,巴西,iOS,non-Organic,Relight,211.48387096774192,114.87096774193549,810.3870967741935,0.1334797550899347,0.24161284751112352,3,2
2026-07,巴西,iOS,non-Organic,Reshape,47.67741935483871,21.70967741935484,810.3870967741935,0.029818039060551447,0.062168127378113884,14,12
2026-07,巴西,iOS,non-Organic,Resize,10.774193548387096,3.774193548387097,810.3870967741935,0.005663255951294143,0.014294947046667535,35,29
2026-07,巴西,iOS,non-Organic,Skin Tone,23.451612903225808,11.419354838709678,810.3870967741935,0.014634379752579106,0.029236381792983313,27,20
2026-07,巴西,iOS,non-Organic,Smooth,48.516129032258064,26.35483870967742,810.3870967741935,0.03602696675194087,0.06397967289929037,13,11
2026-07,巴西,iOS,non-Organic,Stamp,7.709677419354839,1.5161290322580645,810.3870967741935,0.0016998805039837724,0.00966082574344362,38,42
2026-07,巴西,iOS,non-Organic,Teeth,27.838709677419356,11.258064516129032,810.3870967741935,0.015181099944860887,0.036887552195998215,22,19
2026-07,巴西,iOS,non-Organic,Text,6.387096774193548,0.3225806451612903,810.3870967741935,0.00034966078105575616,0.008078329941096644,40,44
2026-07,整体,Android,Organic,AI Expand,200.25806451612902,89.41935483870968,7143.1612903225805,0.013319683712775792,0.029433049143502775,37,27
2026-07,整体,Android,Organic,AI Image,639.483870967742,110.12903225806451,7143.1612903225805,0.015183182874723065,0.08875985929069541,12,25
2026-07,整体,Android,Organic,AI Repair,547.1290322580645,245.90322580645162,7143.1612903225805,0.036170263921529416,0.07985554646757115,13,16
2026-07,整体,Android,Organic,AI Replace,183.3548387096774,80.61290322580645,7143.1612903225805,0.011515719646028244,0.026309027594425955,39,31
2026-07,整体,Android,Organic,AI Retouch,1656.3225806451612,606.483870967742,7143.1612903225805,0.0836986915133315,0.2275313154921979,4,4
2026-07,整体,Android,Organic,AI Tattoo,202.41935483870967,43.32258064516129,7143.1612903225805,0.006129500055413704,0.028532918653642218,38,41
2026-07,整体,Android,Organic,Acne,462.93548387096774,296.7741935483871,7143.1612903225805,0.04319068326379539,0.06631521281549756,17,13
2026-07,整体,Android,Organic,Adjust,695.6451612903226,344.4516129032258,7143.1612903225805,0.0503574634177716,0.10130305379770768,10,10
2026-07,整体,Android,Organic,Background,476.741935483871,60.935483870967744,7143.1612903225805,0.008365975855919318,0.06721866859833196,16,34
2026-07,整体,Android,Organic,Blur,338.83870967741933,158.80645161290323,7143.1612903225805,0.023235581566058774,0.04950897485185266,24,18
2026-07,整体,Android,Organic,Body,516.1290322580645,289.0,7143.1612903225805,0.041761768087380566,0.07309864836939589,14,14
2026-07,整体,Android,Organic,Bokeh,248.19354838709677,117.70967741935483,7143.1612903225805,0.017289558103451813,0.036359275018309274,31,22
2026-07,整体,Android,Organic,Brighten,232.4516129032258,112.6774193548387,7143.1612903225805,0.01559350080891507,0.03175316914140683,34,24
2026-07,整体,Android,Organic,Clean Skin,249.72,157.92,6398.48,0.02615348379731513,0.041302716707683026,27,17
2026-07,整体,Android,Organic,Concealer,345.2258064516129,144.70967741935485,7143.1612903225805,0.019709821800960592,0.0465089156229355,25,19
2026-07,整体,Android,Organic,Contour,142.0,65.70967741935483,7143.1612903225805,0.009091575058631935,0.01972716693300965,42,33
2026-07,整体,Android,Organic,Crop,456.64516129032256,325.2903225806452,7143.1612903225805,0.04696294810459538,0.06553085059961931,18,12
2026-07,整体,Android,Organic,Dark Circles,223.1290322580645,135.48387096774192,7143.1612903225805,0.019436626358678367,0.03137200215870899,35,20
2026-07,整体,Android,Organic,Details,135.09677419354838,56.29032258064516,7143.1612903225805,0.008013393040154115,0.018851470534855242,43,35
2026-07,整体,Android,Organic,Effects,485.3225806451613,21.903225806451612,7143.1612903225805,0.0029316807851268046,0.06853478820215471,15,43
2026-07,整体,Android,Organic,Eraser,779.741935483871,347.19354838709677,7143.1612903225805,0.049976106068880484,0.1097736808211291,9,11
2026-07,整体,Android,Organic,Expression,278.96774193548384,71.96774193548387,7143.1612903225805,0.010143844985540053,0.03943052691278862,29,32
2026-07,整体,Android,Organic,Eye Brighten,161.96774193548387,94.2258064516129,7143.1612903225805,0.013446151641637627,0.022509791129971975,40,26
2026-07,整体,Android,Organic,Face,1732.4193548387098,697.9677419354839,7143.1612903225805,0.09863862996675231,0.24239640911853377,3,2
2026-07,整体,Android,Organic,Face Fix,363.3225806451613,89.12903225806451,7143.1612903225805,0.012650352316050526,0.05157129200722354,22,29
2026-07,整体,Android,Organic,Filters,2154.6451612903224,610.1935483870968,7143.1612903225805,0.08710827112807709,0.3040198504522754,1,3
2026-07,整体,Android,Organic,Glitter,288.8709677419355,45.225806451612904,7143.1612903225805,0.006287643779201207,0.04051542954184272,28,40
2026-07,整体,Android,Organic,Glowup,421.38709677419354,115.74193548387096,7143.1612903225805,0.016621049492390575,0.060358039396561966,21,23
2026-07,整体,Android,Organic,Hair,1213.7096774193549,388.1290322580645,7143.1612903225805,0.05215076600391147,0.1627716772571579,6,8
2026-07,整体,Android,Organic,Magic,1762.225806451613,826.3225806451613,7143.1612903225805,0.11566224264952454,0.24583903960500403,2,1
2026-07,整体,Android,Organic,Makeup,1066.1935483870968,465.741935483871,7143.1612903225805,0.06570602594902572,0.14838729957751537,7,7
2026-07,整体,Android,Organic,Matte,137.03225806451613,54.61290322580645,7143.1612903225805,0.0076071979159139545,0.018694265523149334,44,37
2026-07,整体,Android,Organic,Muscle,213.74193548387098,55.54838709677419,7143.1612903225805,0.007819361324318534,0.02951688619471188,36,36
2026-07,整体,Android,Organic,Mykit,356.7741935483871,0.0,7143.1612903225805,0.0,0.04994706727204417,23,45
2026-07,整体,Android,Organic,Plump,266.48387096774195,85.64516129032258,7143.1612903225805,0.012168606655216163,0.037966872317753635,30,30
2026-07,整体,Android,Organic,Preset,473.93548387096774,53.29032258064516,7143.1612903225805,0.006993880938003884,0.06538968034467413,19,38
2026-07,整体,Android,Organic,Prism,127.29032258064517,46.225806451612904,7143.1612903225805,0.00663523693686594,0.018362556994408558,45,39
2026-07,整体,Android,Organic,Relight,1200.0,542.516129032258,7143.1612903225805,0.07926243216605475,0.17502263479439115,5,5
2026-07,整体,Android,Organic,Reshape,657.258064516129,353.7096774193548,7143.1612903225805,0.0515577230661781,0.09452339865711712,11,9
2026-07,整体,Android,Organic,Resize,231.16129032258064,88.48387096774194,7143.1612903225805,0.01289984591169319,0.033428287467875344,32,28
2026-07,整体,Android,Organic,Skin Tone,456.741935483871,282.0,7143.1612903225805,0.04035902006493764,0.06465867375549256,20,15
2026-07,整体,Android,Organic,Smooth,770.6451612903226,508.5806451612903,7143.1612903225805,0.07333278925414975,0.11016030793212513,8,6
2026-07,整体,Android,Organic,Stamp,151.67741935483872,28.451612903225808,7143.1612903225805,0.004047755116958435,0.021650732194299655,41,42
2026-07,整体,Android,Organic,Teeth,315.93548387096774,129.19354838709677,7143.1612903225805,0.01865498793653892,0.04436945511193412,26,21
2026-07,整体,Android,Organic,Text,239.25806451612902,18.774193548387096,7143.1612903225805,0.002675163819669755,0.03304092076015824,33,44
2026-07,整体,Android,non-Organic,AI Expand,131.3548387096774,55.38709677419355,7531.709677419355,0.008677616124312294,0.019983273131199335,36,29
2026-07,整体,Android,non-Organic,AI Image,657.3548387096774,102.7741935483871,7531.709677419355,0.012853717287955148,0.08648956779062357,10,22
2026-07,整体,Android,non-Organic,AI Repair,405.35483870967744,153.7741935483871,7531.709677419355,0.02385871774866768,0.06153642555967353,14,15
2026-07,整体,Android,non-Organic,AI Replace,115.93548387096774,48.806451612903224,7531.709677419355,0.0074318550998452295,0.01743123740426098,38,32
2026-07,整体,Android,non-Organic,AI Retouch,1881.1612903225807,550.3870967741935,7531.709677419355,0.0719437896193467,0.2440694685659053,4,5
2026-07,整体,Android,non-Organic,AI Tattoo,273.7096774193548,62.645161290322584,7531.709677419355,0.007934450590269667,0.03632926237386051,26,31
2026-07,整体,Android,non-Organic,Acne,314.06451612903226,172.70967741935485,7531.709677419355,0.02689629888119734,0.04575637495590754,21,14
2026-07,整体,Android,non-Organic,Adjust,496.7741935483871,204.80645161290323,7531.709677419355,0.03103502748247841,0.07497316725654748,12,13
2026-07,整体,Android,non-Organic,Background,378.0,44.645161290322584,7531.709677419355,0.005876890914527595,0.05270456352401492,18,35
2026-07,整体,Android,non-Organic,Blur,213.06451612903226,99.58064516129032,7531.709677419355,0.015660162695331718,0.033085886261563224,30,19
2026-07,整体,Android,non-Organic,Body,564.5806451612904,286.5806451612903,7531.709677419355,0.04265441660157076,0.07977198316023323,11,10
2026-07,整体,Android,non-Organic,Bokeh,106.64516129032258,28.516129032258064,7531.709677419355,0.004473194858897667,0.016517418807974606,39,37
2026-07,整体,Android,non-Organic,Brighten,177.16129032258064,78.48387096774194,7531.709677419355,0.010151017087061405,0.021852423408243244,35,25
2026-07,整体,Android,non-Organic,Clean Skin,185.44,107.24,5665.0,0.021986946415665704,0.03957997400933015,24,17
2026-07,整体,Android,non-Organic,Concealer,305.258064516129,125.35483870967742,7531.709677419355,0.015969708544197412,0.03792147102286014,25,18
2026-07,整体,Android,non-Organic,Contour,99.96774193548387,46.41935483870968,7531.709677419355,0.0061718119825638,0.013189688129741974,42,34
2026-07,整体,Android,non-Organic,Crop,367.06451612903226,248.58064516129033,7531.709677419355,0.03634376328290904,0.05303583655724398,17,12
2026-07,整体,Android,non-Organic,Dark Circles,174.93548387096774,90.12903225806451,7531.709677419355,0.013188100961194434,0.023922674046970887,33,21
2026-07,整体,Android,non-Organic,Details,92.61290322580645,29.967741935483872,7531.709677419355,0.00406460687033178,0.012184129150687525,44,40
2026-07,整体,Android,non-Organic,Effects,397.0,20.225806451612904,7531.709677419355,0.002625023409080605,0.05401432852957435,16,43
2026-07,整体,Android,non-Organic,Eraser,772.516129032258,334.2903225806452,7531.709677419355,0.04994945816292376,0.10886803384581717,8,8
2026-07,整体,Android,non-Organic,Expression,254.03225806451613,59.903225806451616,7531.709677419355,0.008452719213745116,0.035712258957537026,28,30
2026-07,整体,Android,non-Organic,Eye Brighten,108.74193548387096,50.38709677419355,7531.709677419355,0.007052793467520654,0.014217200855588594,41,33
2026-07,整体,Android,non-Organic,Face,1825.3225806451612,643.0,7531.709677419355,0.09050652632065231,0.24809124305117738,3,1
2026-07,整体,Android,non-Organic,Face Fix,322.7741935483871,80.61290322580645,7531.709677419355,0.011505786557561338,0.04597335019486509,20,24
2026-07,整体,Android,non-Organic,Filters,2144.0967741935483,565.4193548387096,7531.709677419355,0.07913259944527737,0.2946118381069801,1,3
2026-07,整体,Android,non-Organic,Glitter,224.29032258064515,36.483870967741936,7531.709677419355,0.0048124937167565865,0.030506900526071242,32,36
2026-07,整体,Android,non-Organic,Glowup,422.6774193548387,80.83870967741936,7531.709677419355,0.011670710035299446,0.06036122897232243,15,23
2026-07,整体,Android,non-Organic,Hair,2417.0967741935483,571.3225806451613,7531.709677419355,0.07115005310060996,0.2894143330260531,2,6
2026-07,整体,Android,non-Organic,Magic,1620.483870967742,642.6129032258065,7531.709677419355,0.08632741041789999,0.21997649289951254,5,2
2026-07,整体,Android,non-Organic,Makeup,1034.0645161290322,427.7741935483871,7531.709677419355,0.05984372649177358,0.13933884427310347,7,7
2026-07,整体,Android,non-Organic,Matte,97.64516129032258,31.258064516129032,7531.709677419355,0.0041585833396022495,0.01225250169040273,43,39
2026-07,整体,Android,non-Organic,Muscle,280.0,69.16129032258064,7531.709677419355,0.00913482659086827,0.03604974725445297,27,27
2026-07,整体,Android,non-Organic,Mykit,243.67741935483872,0.0,7531.709677419355,0.0,0.032579081914633115,31,45
2026-07,整体,Android,non-Organic,Plump,231.32258064516128,67.64516129032258,7531.709677419355,0.009289938668314894,0.033270750192040933,29,26
2026-07,整体,Android,non-Organic,Preset,366.5483870967742,30.612903225806452,7531.709677419355,0.003583726610269658,0.04834718909536534,19,41
2026-07,整体,Android,non-Organic,Prism,82.74193548387096,29.483870967741936,7531.709677419355,0.004212765752878074,0.01211281829639881,45,38
2026-07,整体,Android,non-Organic,Relight,1135.8064516129032,469.1290322580645,7531.709677419355,0.07281372414932458,0.1738350042078741,6,4
2026-07,整体,Android,non-Organic,Reshape,619.6129032258065,281.1290322580645,7531.709677419355,0.0441931402948313,0.0927408087241148,9,9
2026-07,整体,Android,non-Organic,Resize,154.83870967741936,56.96774193548387,7531.709677419355,0.008935756531738028,0.023671439412618265,34,28
2026-07,整体,Android,non-Organic,Skin Tone,325.4193548387097,167.1290322580645,7531.709677419355,0.02348760955076943,0.04388487675994045,22,16
2026-07,整体,Android,non-Organic,Smooth,519.8064516129032,281.7096774193548,7531.709677419355,0.04182757603668969,0.07460402363497685,13,11
2026-07,整体,Android,non-Organic,Stamp,112.51612903225806,18.64516129032258,7531.709677419355,0.002630766008385988,0.01599848234705579,40,42
2026-07,整体,Android,non-Organic,Teeth,299.96774193548384,101.35483870967742,7531.709677419355,0.015256558323397885,0.04123455126712195,23,20
2026-07,整体,Android,non-Organic,Text,152.19354838709677,10.258064516129032,7531.709677419355,0.0013819685688842662,0.019575316899921903,37,44
2026-07,整体,iOS,Organic,AI Expand,297.0967741935484,119.35483870967742,19599.0,0.0060553238173109295,0.01514628402152609,41,32
2026-07,整体,iOS,Organic,AI Image,1121.3225806451612,225.6451612903226,19599.0,0.011613471619574094,0.057455200633900014,18,27
2026-07,整体,iOS,Organic,AI Repair,1066.0,349.80645161290323,19599.0,0.01785067664157598,0.05444848858482678,19,23
2026-07,整体,iOS,Organic,AI Replace,227.67741935483872,95.83870967741936,19599.0,0.004909151721554195,0.011655348975652537,43,35
2026-07,整体,iOS,Organic,AI Retouch,4796.645161290323,1847.6129032258063,19599.0,0.09418170998769486,0.24451022339438813,5,6
2026-07,整体,iOS,Organic,AI Tattoo,421.2258064516129,70.09677419354838,19599.0,0.003592088093495876,0.0215458694606202,36,40
2026-07,整体,iOS,Organic,Acne,1848.225806451613,1328.5483870967741,19599.0,0.06779424090670247,0.09437862594644163,12,8
2026-07,整体,iOS,Organic,Adjust,1812.5806451612902,796.3225806451613,19599.0,0.040574176991994844,0.09236070684677353,13,13
2026-07,整体,iOS,Organic,Background,979.9677419354839,73.90322580645162,19599.0,0.003804238660151285,0.050145636222992424,22,39
2026-07,整体,iOS,Organic,Blur,799.0967741935484,456.48387096774195,19599.0,0.02328425312291154,0.04071679100783492,28,19
2026-07,整体,iOS,Organic,Body,2070.1290322580644,1290.1935483870968,19599.0,0.06566539729502249,0.10536791486263251,10,10
2026-07,整体,iOS,Organic,Bokeh,297.3225806451613,82.38709677419355,19599.0,0.004209431951183161,0.01518287517143416,40,37
2026-07,整体,iOS,Organic,Brighten,664.8709677419355,330.64516129032256,19599.0,0.016989429556922512,0.03416699774595063,30,24
2026-07,整体,iOS,Organic,Clean Skin,1033.8260869565217,658.3913043478261,19746.043478260868,0.03307257490206174,0.05425131059976691,20,16
2026-07,整体,iOS,Organic,Concealer,881.483870967742,390.5483870967742,19599.0,0.02007166471815644,0.04527873666609415,24,21
2026-07,整体,iOS,Organic,Contour,366.6774193548387,185.19354838709677,19599.0,0.009495418966175813,0.018774534203365407,37,28
2026-07,整体,iOS,Organic,Crop,814.3225806451613,572.0967741935484,19599.0,0.029190914008791518,0.0415153476003826,27,17
2026-07,整体,iOS,Organic,Dark Circles,740.5483870967741,531.516129032258,19599.0,0.02714511401278761,0.03784446855092024,29,18
2026-07,整体,iOS,Organic,Details,358.8709677419355,119.16129032258064,19599.0,0.006096296973325547,0.018374310701571375,38,31
2026-07,整体,iOS,Organic,Effects,1569.3225806451612,23.322580645161292,19599.0,0.0011925022155636086,0.0804069549248302,14,43
2026-07,整体,iOS,Organic,Eraser,2059.483870967742,1047.1290322580646,19599.0,0.053416146941742966,0.10497558202570784,11,11
2026-07,整体,iOS,Organic,Expression,588.8387096774194,110.74193548387096,19599.0,0.005639006367087186,0.030023147274509124,31,34
2026-07,整体,iOS,Organic,Eye Brighten,452.96774193548384,295.0967741935484,19599.0,0.01509649701494696,0.023179240332970634,35,25
2026-07,整体,iOS,Organic,Face,5652.806451612903,2462.967741935484,19599.0,0.12546432415694742,0.2879607510585277,2,2
2026-07,整体,iOS,Organic,Face Fix,979.8709677419355,149.48387096774192,19599.0,0.0076159271293490755,0.04990334358449384,23,30
2026-07,整体,iOS,Organic,Filters,7004.4838709677415,1909.4516129032259,19599.0,0.09711221545527783,0.3567207709076837,1,5
2026-07,整体,iOS,Organic,Glitter,519.0645161290323,82.61290322580645,19599.0,0.004218918248461846,0.026473617529479868,33,36
2026-07,整体,iOS,Organic,Glowup,1463.8709677419354,446.0,19599.0,0.022711650084466472,0.07450586623675277,16,20
2026-07,整体,iOS,Organic,Hair,2417.8064516129034,725.1290322580645,19599.0,0.03707656882463568,0.12418977567949871,9,14
2026-07,整体,iOS,Organic,Magic,4998.0,2383.451612903226,19599.0,0.12146220745392719,0.25472702901321914,4,3
2026-07,整体,iOS,Organic,Makeup,2979.3225806451615,1290.3548387096773,19599.0,0.06567836403985737,0.15189488913144583,6,9
2026-07,整体,iOS,Organic,Matte,328.258064516129,159.5483870967742,19599.0,0.008136126973645586,0.01677489273494785,39,29
2026-07,整体,iOS,Organic,Muscle,461.96774193548384,110.51612903225806,19599.0,0.005657700224903296,0.02359616492589337,34,33
2026-07,整体,iOS,Organic,Mykit,558.6451612903226,0.0,19599.0,0.0,0.02863401085289183,32,45
2026-07,整体,iOS,Organic,Plump,883.8387096774194,270.258064516129,19599.0,0.01380597561937993,0.045093058619066845,25,26
2026-07,整体,iOS,Organic,Preset,1182.0967741935483,79.06451612903226,19599.0,0.004062200705070982,0.060669123013834036,17,38
2026-07,整体,iOS,Organic,Prism,187.09677419354838,49.774193548387096,19599.0,0.0025491358482609967,0.00954536777097189,45,41
2026-07,整体,iOS,Organic,Relight,5597.8387096774195,3107.967741935484,19599.0,0.157994919319667,0.28470927456287076,3,1
2026-07,整体,iOS,Organic,Reshape,2496.2258064516127,1690.6129032258063,19599.0,0.08596946025234829,0.1270581214273672,8,7
2026-07,整体,iOS,Organic,Resize,830.7096774193549,359.80645161290323,19599.0,0.018295709209506607,0.04227795063523976,26,22
2026-07,整体,iOS,Organic,Skin Tone,1476.225806451613,949.3225806451613,19599.0,0.04847153579429801,0.07541154616438153,15,12
2026-07,整体,iOS,Organic,Smooth,2955.935483870968,2122.5806451612902,19599.0,0.10828657430561524,0.15078882963233475,7,4
2026-07,整体,iOS,Organic,Stamp,228.32258064516128,47.45161290322581,19599.0,0.0024224937481140516,0.011636410240747965,44,42
2026-07,整体,iOS,Organic,Teeth,1003.7096774193549,661.483870967742,19599.0,0.03346302286106543,0.05088195598042334,21,15
2026-07,整体,iOS,Organic,Text,269.48387096774195,20.06451612903226,19599.0,0.0010363965645764485,0.013828406523610818,42,44
2026-07,整体,iOS,non-Organic,AI Expand,54.41935483870968,18.322580645161292,4585.419354838709,0.003978060644385761,0.011884170675230074,39,37
2026-07,整体,iOS,non-Organic,AI Image,279.741935483871,66.09677419354838,4585.419354838709,0.01438729775763476,0.06143219284503047,15,20
2026-07,整体,iOS,non-Organic,AI Repair,250.19354838709677,86.6774193548387,4585.419354838709,0.01897719615343897,0.05463644238332252,16,19
2026-07,整体,iOS,non-Organic,AI Replace,50.74193548387097,22.838709677419356,4585.419354838709,0.005020051042426328,0.01114602155130706,41,34
2026-07,整体,iOS,non-Organic,AI Retouch,1074.258064516129,319.7096774193548,4585.419354838709,0.06980194702001691,0.23436179944985597,4,5
2026-07,整体,iOS,non-Organic,AI Tattoo,150.51612903225808,32.87096774193548,4585.419354838709,0.0071495438566807155,0.03276178610694524,26,30
2026-07,整体,iOS,non-Organic,Acne,207.2258064516129,110.48387096774194,4585.419354838709,0.024284371604593895,0.045409134149635655,19,15
2026-07,整体,iOS,non-Organic,Adjust,316.6774193548387,117.93548387096774,4585.419354838709,0.025659157881329882,0.06881209629262354,14,13
2026-07,整体,iOS,non-Organic,Background,207.2258064516129,17.838709677419356,4585.419354838709,0.00390863531216725,0.045303899485562,20,38
2026-07,整体,iOS,non-Organic,Blur,116.19354838709677,55.25806451612903,4585.419354838709,0.01209494286901836,0.02536553258477869,30,23
2026-07,整体,iOS,non-Organic,Body,479.4516129032258,263.64516129032256,4585.419354838709,0.05767513370892292,0.10481048578153948,8,7
2026-07,整体,iOS,non-Organic,Bokeh,42.806451612903224,9.741935483870968,4585.419354838709,0.0021330866565167934,0.00935254863687621,43,40
2026-07,整体,iOS,non-Organic,Brighten,106.09677419354838,49.70967741935484,4585.419354838709,0.010949374458472542,0.023398279503775526,34,25
2026-07,整体,iOS,non-Organic,Clean Skin,203.5909090909091,115.13636363636364,4665.545454545455,0.024881235522217583,0.04397363613577674,22,14
2026-07,整体,iOS,non-Organic,Concealer,142.7741935483871,60.645161290322584,4585.419354838709,0.013342751956979478,0.031442646653165165,28,21
2026-07,整体,iOS,non-Organic,Contour,54.806451612903224,27.70967741935484,4585.419354838709,0.00607002176589506,0.011992397474306925,38,32
2026-07,整体,iOS,non-Organic,Crop,145.19354838709677,92.41935483870968,4585.419354838709,0.020163195206904707,0.03167470568974778,27,17
2026-07,整体,iOS,non-Organic,Dark Circles,99.0,57.483870967741936,4585.419354838709,0.012612428493174193,0.021729102299182138,35,22
2026-07,整体,iOS,non-Organic,Details,58.0,19.322580645161292,4585.419354838709,0.004271486110529046,0.012803457709981187,37,36
2026-07,整体,iOS,non-Organic,Effects,330.80645161290323,6.838709677419355,4585.419354838709,0.001515378729607987,0.07260990187846247,13,43
2026-07,整体,iOS,non-Organic,Eraser,407.2903225806452,196.06451612903226,4585.419354838709,0.042463324385809256,0.088340906401608,9,10
2026-07,整体,iOS,non-Organic,Expression,135.90322580645162,29.225806451612904,4585.419354838709,0.006413519752846848,0.02969903010620488,29,31
2026-07,整体,iOS,non-Organic,Eye Brighten,67.61290322580645,37.54838709677419,4585.419354838709,0.00827232232972566,0.014897151444562797,36,28
2026-07,整体,iOS,non-Organic,Face,1122.1290322580646,452.19354838709677,4585.419354838709,0.09900544612556356,0.24524026048044717,3,3
2026-07,整体,iOS,non-Organic,Face Fix,205.1290322580645,34.54838709677419,4585.419354838709,0.007611138604482044,0.044971237847735775,21,29
2026-07,整体,iOS,non-Organic,Filters,1724.9354838709678,461.61290322580646,4585.419354838709,0.10028198257148226,0.37420119417272585,1,2
2026-07,整体,iOS,non-Organic,Glitter,112.25806451612904,23.06451612903226,4585.419354838709,0.005055483133247453,0.024473579634092052,32,33
2026-07,整体,iOS,non-Organic,Glowup,373.2258064516129,94.83870967741936,4585.419354838709,0.02074009011697323,0.08149355177577126,11,16
2026-07,整体,iOS,non-Organic,Hair,1045.0,289.35483870967744,4585.419354838709,0.06366106096279267,0.23038765016349197,5,6
2026-07,整体,iOS,non-Organic,Magic,956.741935483871,362.258064516129,4585.419354838709,0.07900875208499096,0.20838543982311988,6,4
2026-07,整体,iOS,non-Organic,Makeup,532.516129032258,199.6451612903226,4585.419354838709,0.04358594470508953,0.1162794920040394,7,9
2026-07,整体,iOS,non-Organic,Matte,49.25806451612903,22.516129032258064,4585.419354838709,0.004912830302590947,0.010787072937843766,42,35
2026-07,整体,iOS,non-Organic,Muscle,181.51612903225808,50.83870967741935,4585.419354838709,0.01115384636654779,0.03963607816289525,24,24
2026-07,整体,iOS,non-Organic,Mykit,108.2258064516129,0.0,4585.419354838709,0.0,0.023781510586141308,33,45
2026-07,整体,iOS,non-Organic,Plump,160.93548387096774,48.774193548387096,4585.419354838709,0.010667394799861219,0.035164953847459636,25,26
2026-07,整体,iOS,non-Organic,Preset,207.29032258064515,10.709677419354838,4585.419354838709,0.0023739022383166184,0.04564711632956084,18,39
2026-07,整体,iOS,non-Organic,Prism,31.677419354838708,9.64516129032258,4585.419354838709,0.0021053954938109677,0.006882076302954314,45,41
2026-07,整体,iOS,non-Organic,Relight,1357.1290322580646,703.7096774193549,4585.419354838709,0.15229416345352892,0.2934475421569312,2,1
2026-07,整体,iOS,non-Organic,Reshape,355.16129032258067,167.6451612903226,4585.419354838709,0.03672220529830448,0.07768735260540652,12,11
2026-07,整体,iOS,non-Organic,Resize,115.58064516129032,46.064516129032256,4585.419354838709,0.010139600648149616,0.02534973291914059,31,27
2026-07,整体,iOS,non-Organic,Skin Tone,232.5483870967742,133.8709677419355,4585.419354838709,0.029438797172306918,0.05105284092711723,17,12
2026-07,整体,iOS,non-Organic,Smooth,386.4516129032258,223.06451612903226,4585.419354838709,0.04906192380443222,0.08468639000955597,10,8
2026-07,整体,iOS,non-Organic,Stamp,42.45161290322581,8.709677419354838,4585.419354838709,0.0019076845096973306,0.00927742735591733,44,42
2026-07,整体,iOS,non-Organic,Teeth,198.93548387096774,87.35483870967742,4585.419354838709,0.01914813122288455,0.04348739895198567,23,18
2026-07,整体,iOS,non-Organic,Text,53.74193548387097,3.129032258064516,4585.419354838709,0.0006805526452052172,0.011776260216977068,40,44
2026-07,美国,Android,Organic,AI Expand,10.516129032258064,4.935483870967742,759.7741935483871,0.009352513459101016,0.01965915544049059,40,32
2026-07,美国,Android,Organic,AI Image,45.54838709677419,7.67741935483871,759.7741935483871,0.010647363703555643,0.0638675762490342,12,28
2026-07,美国,Android,Organic,AI Repair,29.580645161290324,13.419354838709678,759.7741935483871,0.026185094147482452,0.05309229604549382,18,16
2026-07,美国,Android,Organic,AI Replace,13.161290322580646,6.096774193548387,759.7741935483871,0.010393260790348406,0.02312153453825107,35,30
2026-07,美国,Android,Organic,AI Retouch,151.03225806451613,53.58064516129032,759.7741935483871,0.07450832583743043,0.19379080099150703,4,3
2026-07,美国,Android,Organic,AI Tattoo,13.0,2.3548387096774195,759.7741935483871,0.0034321075825899136,0.01958719670113537,41,43
2026-07,美国,Android,Organic,Acne,31.29032258064516,18.129032258064516,759.7741935483871,0.03632034623372166,0.05378259235400541,17,13
2026-07,美国,Android,Organic,Adjust,34.38709677419355,17.032258064516128,759.7741935483871,0.03540935041234149,0.0647909366488104,11,14
2026-07,美国,Android,Organic,Background,31.838709677419356,5.354838709677419,759.7741935483871,0.007684705024618638,0.04645199465084771,20,35
2026-07,美国,Android,Organic,Blur,14.096774193548388,6.774193548387097,759.7741935483871,0.013779097662877578,0.02766875241943734,30,24
2026-07,美国,Android,Organic,Body,35.74193548387097,19.35483870967742,759.7741935483871,0.03770392678904331,0.05904966043278949,13,12
2026-07,美国,Android,Organic,Bokeh,10.064516129032258,4.161290322580645,759.7741935483871,0.008615920438148293,0.02052391085183904,39,33
2026-07,美国,Android,Organic,Brighten,18.129032258064516,8.612903225806452,759.7741935483871,0.01405493376891176,0.02671312089478153,32,23
2026-07,美国,Android,Organic,Clean Skin,11.84,7.44,430.28,0.02242628795735096,0.03699713903774166,25,17
2026-07,美国,Android,Organic,Concealer,33.483870967741936,13.387096774193548,759.7741935483871,0.01813324860112824,0.04193934557883449,23,20
2026-07,美国,Android,Organic,Contour,11.838709677419354,5.612903225806452,759.7741935483871,0.008282350716015009,0.01698176729460421,42,34
2026-07,美国,Android,Organic,Crop,31.419354838709676,23.483870967741936,759.7741935483871,0.045399736463702496,0.05616819900309848,14,9
2026-07,美国,Android,Organic,Dark Circles,16.806451612903224,9.161290322580646,759.7741935483871,0.016917569837323815,0.02655424738933714,33,21
2026-07,美国,Android,Organic,Details,13.548387096774194,5.645161290322581,759.7741935483871,0.010322210056646504,0.021697390762358597,37,31
2026-07,美国,Android,Organic,Effects,34.16129032258065,2.935483870967742,759.7741935483871,0.0048614291940469664,0.05583686742815084,15,40
2026-07,美国,Android,Organic,Eraser,61.16129032258065,24.548387096774192,759.7741935483871,0.042710799152454654,0.08751495615431457,9,10
2026-07,美国,Android,Organic,Expression,20.161290322580644,5.838709677419355,759.7741935483871,0.010580450148427078,0.03379632857640753,27,29
2026-07,美国,Android,Organic,Eye Brighten,14.35483870967742,7.387096774193548,759.7741935483871,0.013457688688682216,0.02162815972889549,38,25
2026-07,美国,Android,Organic,Face,141.70967741935485,56.0,759.7741935483871,0.09408954719390857,0.20935188356487444,3,2
2026-07,美国,Android,Organic,Face Fix,26.161290322580644,7.032258064516129,759.7741935483871,0.012422659978732745,0.04390419444811669,21,26
2026-07,美国,Android,Organic,Filters,156.83870967741936,43.516129032258064,759.7741935483871,0.07177346908870184,0.21938399487736082,1,4
2026-07,美国,Android,Organic,Glitter,19.93548387096774,4.290322580645161,759.7741935483871,0.005641436701134233,0.0273199072521534,31,39
2026-07,美国,Android,Organic,Glowup,28.258064516129032,9.32258064516129,759.7741935483871,0.018269868083789515,0.05050270406475951,19,19
2026-07,美国,Android,Organic,Hair,106.25806451612904,35.354838709677416,759.7741935483871,0.04700532883507201,0.12820870351066913,5,8
2026-07,美国,Android,Organic,Magic,153.25806451612902,71.6774193548387,759.7741935483871,0.10751525098134501,0.21394728919076783,2,1
2026-07,美国,Android,Organic,Makeup,90.7741935483871,38.16129032258065,759.7741935483871,0.06309102965783703,0.12670567930010876,7,6
2026-07,美国,Android,Organic,Matte,12.290322580645162,4.645161290322581,759.7741935483871,0.007092031167476518,0.01646626042554125,43,36
2026-07,美国,Android,Organic,Muscle,15.903225806451612,4.161290322580645,759.7741935483871,0.007047935362132911,0.023027803506198402,36,37
2026-07,美国,Android,Organic,Mykit,26.225806451612904,0.0,759.7741935483871,0.0,0.036125365089726684,26,45
2026-07,美国,Android,Organic,Plump,18.451612903225808,6.580645161290323,759.7741935483871,0.011433951985340666,0.0305795302287164,28,27
2026-07,美国,Android,Organic,Preset,33.064516129032256,5.516129032258065,759.7741935483871,0.0063884219620835014,0.04282191441458682,22,38
2026-07,美国,Android,Organic,Prism,6.967741935483871,2.3870967741935485,759.7741935483871,0.0037822204981384742,0.01232911091352656,45,42
2026-07,美国,Android,Organic,Relight,76.7741935483871,34.45161290322581,759.7741935483871,0.060492450837559664,0.12762946633809835,6,7
2026-07,美国,Android,Organic,Reshape,39.03225806451613,20.032258064516128,759.7741935483871,0.040941016809477836,0.0695926763002072,10,11
2026-07,美国,Android,Organic,Resize,15.451612903225806,6.838709677419355,759.7741935483871,0.01459883524209774,0.030024440299381228,29,22
2026-07,美国,Android,Organic,Skin Tone,33.67741935483871,19.06451612903226,759.7741935483871,0.03408573418086609,0.05489188930413615,16,15
2026-07,美国,Android,Organic,Smooth,56.0,35.54838709677419,759.7741935483871,0.06835002664148127,0.09726377325194784,8,5
2026-07,美国,Android,Organic,Stamp,9.548387096774194,2.5483870967741935,759.7741935483871,0.003882298738387535,0.015532708684959437,44,41
2026-07,美国,Android,Organic,Teeth,26.548387096774192,11.129032258064516,759.7741935483871,0.02186194132139647,0.04130081928823338,24,18
2026-07,美国,Android,Organic,Text,18.774193548387096,1.5806451612903225,759.7741935483871,0.0032725623712420077,0.023686973710727227,34,44
2026-07,美国,Android,non-Organic,AI Expand,4.806451612903226,1.8709677419354838,317.1290322580645,0.006360425704887369,0.016847940173875097,42,36
2026-07,美国,Android,non-Organic,AI Image,21.967741935483872,2.7419354838709675,317.1290322580645,0.00935608120560457,0.07526352817432112,13,32
2026-07,美国,Android,non-Organic,AI Repair,21.612903225806452,9.483870967741936,317.1290322580645,0.03420271129142229,0.07629245913943682,12,17
2026-07,美国,Android,non-Organic,AI Replace,6.903225806451613,3.225806451612903,317.1290322580645,0.011341976059400136,0.023662813760503193,35,30
2026-07,美国,Android,non-Organic,AI Retouch,65.61290322580645,24.06451612903226,317.1290322580645,0.08026122070447622,0.2213267724284815,4,4
2026-07,美国,Android,non-Organic,AI Tattoo,6.387096774193548,0.9354838709677419,317.1290322580645,0.003426238152897692,0.02129839670711994,38,42
2026-07,美国,Android,non-Organic,Acne,17.741935483870968,12.161290322580646,317.1290322580645,0.04203644827747987,0.06065446972857521,20,14
2026-07,美国,Android,non-Organic,Adjust,20.29032258064516,7.548387096774194,317.1290322580645,0.026785423442214483,0.0701361629738529,16,18
2026-07,美国,Android,non-Organic,Background,16.580645161290324,2.870967741935484,317.1290322580645,0.010051009093942246,0.05745729859296683,21,31
2026-07,美国,Android,non-Organic,Blur,12.129032258064516,6.354838709677419,317.1290322580645,0.021998332549460757,0.04154936315203561,25,20
2026-07,美国,Android,non-Organic,Body,27.870967741935484,16.096774193548388,317.1290322580645,0.05580128441524782,0.09508337309875013,11,8
2026-07,美国,Android,non-Organic,Bokeh,4.32258064516129,0.7419354838709677,317.1290322580645,0.002624408237379458,0.015450963194943842,43,43
2026-07,美国,Android,non-Organic,Brighten,9.580645161290322,5.290322580645161,317.1290322580645,0.017804170817882756,0.031752490667105664,31,24
2026-07,美国,Android,non-Organic,Clean Skin,15.083333333333334,9.75,267.0,0.037875301459417435,0.06095761007592624,19,15
2026-07,美国,Android,non-Organic,Concealer,14.838709677419354,5.741935483870968,317.1290322580645,0.01928888304277576,0.049723943657146025,24,22
2026-07,美国,Android,non-Organic,Contour,5.838709677419355,2.5806451612903225,317.1290322580645,0.008887237701110265,0.019547339943683403,39,33
2026-07,美国,Android,non-Organic,Crop,16.129032258064516,12.838709677419354,317.1290322580645,0.04355621880430226,0.05500236019844446,22,12
2026-07,美国,Android,non-Organic,Dark Circles,8.096774193548388,5.258064516129032,317.1290322580645,0.017680743492734345,0.026861284002438306,33,25
2026-07,美国,Android,non-Organic,Details,9.35483870967742,3.6774193548387095,317.1290322580645,0.012273776064628058,0.03141193279529275,32,28
2026-07,美国,Android,non-Organic,Effects,20.806451612903224,1.3870967741935485,317.1290322580645,0.004805813541884825,0.07142536302000306,14,38
2026-07,美国,Android,non-Organic,Eraser,31.193548387096776,16.451612903225808,317.1290322580645,0.05600605612237685,0.10614044121796834,9,7
2026-07,美国,Android,non-Organic,Expression,9.64516129032258,3.3225806451612905,317.1290322580645,0.011644250406777544,0.033306473957322454,30,29
2026-07,美国,Android,non-Organic,Eye Brighten,6.612903225806452,4.612903225806452,317.1290322580645,0.015813409255961936,0.022317581316968635,36,26
2026-07,美国,Android,non-Organic,Face,69.93548387096774,32.54838709677419,317.1290322580645,0.10945811181849553,0.2348423943341222,2,2
2026-07,美国,Android,non-Organic,Face Fix,17.838709677419356,5.870967741935484,317.1290322580645,0.019574166159021574,0.06110156217088359,18,21
2026-07,美国,Android,non-Organic,Filters,68.38709677419355,21.870967741935484,317.1290322580645,0.07449867586723793,0.2316140450938324,3,5
2026-07,美国,Android,non-Organic,Glitter,6.483870967741935,0.967741935483871,317.1290322580645,0.003517071127803612,0.02231417347981501,37,41
2026-07,美国,Android,non-Organic,Glowup,19.967741935483872,7.387096774193548,317.1290322580645,0.025447908482990337,0.06727158449041407,17,19
2026-07,美国,Android,non-Organic,Hair,43.61290322580645,14.419354838709678,317.1290322580645,0.04843970714522751,0.14636945671866042,5,11
2026-07,美国,Android,non-Organic,Magic,73.90322580645162,33.32258064516129,317.1290322580645,0.11234666907292218,0.2487817780623001,1,1
2026-07,美国,Android,non-Organic,Makeup,35.70967741935484,16.096774193548388,317.1290322580645,0.05437094145945944,0.11989787787843306,7,9
2026-07,美国,Android,non-Organic,Matte,5.387096774193548,2.161290322580645,317.1290322580645,0.007081441309084339,0.018558152057496377,40,35
2026-07,美国,Android,non-Organic,Muscle,7.354838709677419,2.4838709677419355,317.1290322580645,0.008725355315882397,0.02546281887186793,34,34
2026-07,美国,Android,non-Organic,Mykit,10.451612903225806,0.0,317.1290322580645,0.0,0.03599066594501083,29,45
2026-07,美国,Android,non-Organic,Plump,11.548387096774194,3.7096774193548385,317.1290322580645,0.012326534600698639,0.03923939311230443,28,27
2026-07,美国,Android,non-Organic,Preset,12.290322580645162,1.4838709677419355,317.1290322580645,0.005396825444170527,0.04056536961594006,27,37
2026-07,美国,Android,non-Organic,Prism,3.032258064516129,0.7096774193548387,317.1290322580645,0.0024348796973751646,0.010614152586811155,45,44
2026-07,美国,Android,non-Organic,Relight,40.516129032258064,17.93548387096774,317.1290322580645,0.06180698268206089,0.14035784081989766,6,6
2026-07,美国,Android,non-Organic,Reshape,28.193548387096776,14.516129032258064,317.1290322580645,0.04941844916825933,0.09604842810789188,10,10
2026-07,美国,Android,non-Organic,Resize,12.064516129032258,5.548387096774194,317.1290322580645,0.018778509543106118,0.04074733455993952,26,23
2026-07,美国,Android,non-Organic,Skin Tone,20.548387096774192,12.03225806451613,317.1290322580645,0.04218983235436334,0.0708660578329224,15,13
2026-07,美国,Android,non-Organic,Smooth,35.16129032258065,24.93548387096774,317.1290322580645,0.0837613635203882,0.11922954956667763,8,3
2026-07,美国,Android,non-Organic,Stamp,3.6774193548387095,1.0,317.1290322580645,0.0036193002804830892,0.01233787890789782,44,40
2026-07,美国,Android,non-Organic,Teeth,14.806451612903226,10.258064516129032,317.1290322580645,0.03481260511284177,0.049974657296340666,23,16
2026-07,美国,Android,non-Organic,Text,5.419354838709677,1.064516129032258,317.1290322580645,0.0036360452460887918,0.018466947800650692,41,39
2026-07,美国,iOS,Organic,AI Expand,36.87096774193548,11.548387096774194,3508.548387096774,0.0033054477840234386,0.010530220244058813,43,37
2026-07,美国,iOS,Organic,AI Image,173.61290322580646,27.548387096774192,3508.548387096774,0.007926740493280186,0.0495252605866691,24,31
2026-07,美国,iOS,Organic,AI Repair,173.16129032258064,55.903225806451616,3508.548387096774,0.015938624395928316,0.0493414506440196,25,25
2026-07,美国,iOS,Organic,AI Replace,42.0,19.516129032258064,3508.548387096774,0.005600584701812126,0.011994270398546353,40,34
2026-07,美国,iOS,Organic,AI Retouch,906.6129032258065,311.9032258064516,3508.548387096774,0.0884387536534104,0.2568985725047527,3,6
2026-07,美国,iOS,Organic,AI Tattoo,77.35483870967742,11.193548387096774,3508.548387096774,0.0032211093091506094,0.022202744609957897,36,39
2026-07,美国,iOS,Organic,Acne,324.5806451612903,230.51612903225808,3508.548387096774,0.06507467206790007,0.09182984639639857,12,10
2026-07,美国,iOS,Organic,Adjust,264.96774193548384,107.2258064516129,3508.548387096774,0.030298931342393233,0.07506285785324714,16,16
2026-07,美国,iOS,Organic,Background,181.7741935483871,16.580645161290324,3508.548387096774,0.004794144726810181,0.05190485764392615,21,35
2026-07,美国,iOS,Organic,Blur,145.03225806451613,82.2258064516129,3508.548387096774,0.023440467034782593,0.04115383591856827,27,20
2026-07,美国,iOS,Organic,Body,440.06451612903226,268.3225806451613,3508.548387096774,0.07584987911501428,0.1243722109276728,10,8
2026-07,美国,iOS,Organic,Bokeh,40.16129032258065,7.774193548387097,3508.548387096774,0.002221918700701688,0.011444429012904479,41,41
2026-07,美国,iOS,Organic,Brighten,145.80645161290323,72.93548387096774,3508.548387096774,0.020708387809858533,0.041459092463763746,26,23
2026-07,美国,iOS,Organic,Clean Skin,199.0,117.26086956521739,3466.782608695652,0.033426354983518695,0.05918904314439491,19,15
2026-07,美国,iOS,Organic,Concealer,183.38709677419354,77.41935483870968,3508.548387096774,0.022028762157858692,0.052176045606472946,20,21
2026-07,美国,iOS,Organic,Contour,74.45161290322581,34.0,3508.548387096774,0.009749003401076024,0.02115026452042682,39,28
2026-07,美国,iOS,Organic,Crop,128.41935483870967,95.70967741935483,3508.548387096774,0.02731986438640983,0.03662624284037459,29,18
2026-07,美国,iOS,Organic,Dark Circles,128.1290322580645,87.25806451612904,3508.548387096774,0.024708601085080405,0.036356112359895935,30,19
2026-07,美国,iOS,Organic,Details,87.06451612903226,28.387096774193548,3508.548387096774,0.00810492128212019,0.024846592796960193,35,30
2026-07,美国,iOS,Organic,Effects,269.61290322580646,5.67741935483871,3508.548387096774,0.0016254192776281235,0.0768706111355709,15,43
2026-07,美国,iOS,Organic,Eraser,350.61290322580646,185.38709677419354,3508.548387096774,0.05288524451791277,0.09983828594873015,11,12
2026-07,美国,iOS,Organic,Expression,107.12903225806451,24.677419354838708,3508.548387096774,0.006958610897227388,0.03042515911301021,31,33
2026-07,美国,iOS,Organic,Eye Brighten,91.38709677419355,59.096774193548384,3508.548387096774,0.016742087937080354,0.025943145740411334,33,24
2026-07,美国,iOS,Organic,Face,1054.8387096774193,482.61290322580646,3508.548387096774,0.13662579310982687,0.2985982321202953,1,1
2026-07,美国,iOS,Organic,Face Fix,208.93548387096774,30.032258064516128,3508.548387096774,0.008494509025301519,0.05929363915166822,18,29
2026-07,美国,iOS,Organic,Filters,1042.0967741935483,343.2258064516129,3508.548387096774,0.09678345041254739,0.2959973949969297,2,5
2026-07,美国,iOS,Organic,Glitter,77.83870967741936,13.096774193548388,3508.548387096774,0.0037406284725355924,0.02212530024852376,37,36
2026-07,美国,iOS,Organic,Glowup,308.7096774193548,99.12903225806451,3508.548387096774,0.028120960132899348,0.0877525588644969,13,17
2026-07,美国,iOS,Organic,Hair,456.3225806451613,139.67741935483872,3508.548387096774,0.039847140958547196,0.13053297710733727,8,14
2026-07,美国,iOS,Organic,Magic,904.5483870967741,426.2258064516129,3508.548387096774,0.12059768595024718,0.2562942294990301,4,3
2026-07,美国,iOS,Organic,Makeup,535.4516129032259,232.93548387096774,3508.548387096774,0.06612702892557416,0.15193351251616455,7,9
2026-07,美国,iOS,Organic,Matte,75.54838709677419,40.903225806451616,3508.548387096774,0.011564925474979015,0.021443775447628908,38,27
2026-07,美国,iOS,Organic,Muscle,95.54838709677419,25.387096774193548,3508.548387096774,0.007272696014170545,0.027382368611147134,32,32
2026-07,美国,iOS,Organic,Mykit,90.64516129032258,0.0,3508.548387096774,0.0,0.025895330880373168,34,45
2026-07,美国,iOS,Organic,Plump,142.1290322580645,41.32258064516129,3508.548387096774,0.011765797789386042,0.0404939274854837,28,26
2026-07,美国,iOS,Organic,Preset,174.48387096774192,11.387096774193548,3508.548387096774,0.003247670314328664,0.049930959336067345,23,38
2026-07,美国,iOS,Organic,Prism,24.677419354838708,6.806451612903226,3508.548387096774,0.001972034551190983,0.007024956325431562,45,42
2026-07,美国,iOS,Organic,Relight,826.9032258064516,434.48387096774195,3508.548387096774,0.12343528762165698,0.234937370284623,5,2
2026-07,美国,iOS,Organic,Reshape,447.258064516129,286.64516129032256,3508.548387096774,0.08075864613336074,0.12624969633103097,9,7
2026-07,美国,iOS,Organic,Resize,178.6451612903226,76.2258064516129,3508.548387096774,0.021485196045449094,0.05036035238188468,22,22
2026-07,美国,iOS,Organic,Skin Tone,306.7096774193548,200.6451612903226,3508.548387096774,0.05663767204709715,0.08669700022290339,14,11
2026-07,美国,iOS,Organic,Smooth,579.0645161290323,419.48387096774195,3508.548387096774,0.11858356931487023,0.16379161173365292,6,4
2026-07,美国,iOS,Organic,Stamp,31.967741935483872,8.548387096774194,3508.548387096774,0.0024607905847895315,0.009142816516871988,44,40
2026-07,美国,iOS,Organic,Teeth,261.258064516129,189.09677419354838,3508.548387096774,0.052828536282626334,0.07324823771458897,17,13
2026-07,美国,iOS,Organic,Text,38.74193548387097,3.6774193548387095,3508.548387096774,0.0010633289394309977,0.011082157382901034,42,44
2026-07,美国,iOS,non-Organic,AI Expand,16.677419354838708,5.096774193548387,1799.1935483870968,0.0028678236449858822,0.009364696457115207,42,38
2026-07,美国,iOS,non-Organic,AI Image,90.83870967741936,19.387096774193548,1799.1935483870968,0.010734713116577806,0.050514060971894904,16,25
2026-07,美国,iOS,non-Organic,AI Repair,81.64516129032258,24.741935483870968,1799.1935483870968,0.013812964749246964,0.0455837584243987,20,19
2026-07,美国,iOS,non-Organic,AI Replace,18.903225806451612,9.35483870967742,1799.1935483870968,0.005128967772933651,0.010462852235248106,41,33
2026-07,美国,iOS,non-Organic,AI Retouch,415.61290322580646,113.64516129032258,1799.1935483870968,0.06337963463051385,0.23113925045639577,5,6
2026-07,美国,iOS,non-Organic,AI Tattoo,58.193548387096776,12.806451612903226,1799.1935483870968,0.007088385428949001,0.0321558340988931,27,30
2026-07,美国,iOS,non-Organic,Acne,84.70967741935483,44.67741935483871,1799.1935483870968,0.02481637348167321,0.04693732745282772,18,13
2026-07,美国,iOS,non-Organic,Adjust,110.54838709677419,39.03225806451613,1799.1935483870968,0.021797032846152895,0.06172349669151104,14,17
2026-07,美国,iOS,non-Organic,Background,75.54838709677419,7.838709677419355,1799.1935483870968,0.004342381499784029,0.042005600071084934,24,37
2026-07,美国,iOS,non-Organic,Blur,38.25806451612903,16.806451612903224,1799.1935483870968,0.009367342928293661,0.0213024160299422,34,27
2026-07,美国,iOS,non-Organic,Body,202.19354838709677,110.03225806451613,1799.1935483870968,0.06164060410538208,0.11312575188780205,8,7
2026-07,美国,iOS,non-Organic,Bokeh,12.064516129032258,2.161290322580645,1799.1935483870968,0.0012400306125117501,0.006805576114602079,44,43
2026-07,美国,iOS,non-Organic,Brighten,43.935483870967744,19.967741935483872,1799.1935483870968,0.011021176321111728,0.024270887198608492,31,24
2026-07,美国,iOS,non-Organic,Clean Skin,81.36363636363636,43.45454545454545,1755.8181818181818,0.024684057920587997,0.04624414496074631,19,14
2026-07,美国,iOS,non-Organic,Concealer,59.645161290322584,24.06451612903226,1799.1935483870968,0.013266373489788368,0.03307643729537336,25,20
2026-07,美国,iOS,non-Organic,Contour,21.870967741935484,10.548387096774194,1799.1935483870968,0.00579420645121093,0.012068208938381375,38,32
2026-07,美国,iOS,non-Organic,Crop,52.61290322580645,31.677419354838708,1799.1935483870968,0.01769811595411225,0.02931776585731556,28,18
2026-07,美国,iOS,non-Organic,Dark Circles,40.483870967741936,21.774193548387096,1799.1935483870968,0.012096788985669564,0.02238182825486967,32,22
2026-07,美国,iOS,non-Organic,Details,25.387096774193548,8.290322580645162,1799.1935483870968,0.004610074940497376,0.014105846747755103,37,36
2026-07,美国,iOS,non-Organic,Effects,121.12903225806451,3.032258064516129,1799.1935483870968,0.0016862980128534474,0.06757786674726143,13,42
2026-07,美国,iOS,non-Organic,Eraser,129.8709677419355,56.483870967741936,1799.1935483870968,0.03158426732664159,0.07259335802001661,12,11
2026-07,美国,iOS,non-Organic,Expression,49.45161290322581,11.870967741935484,1799.1935483870968,0.006642905349005317,0.02761232836413007,30,31
2026-07,美国,iOS,non-Organic,Eye Brighten,27.70967741935484,14.741935483870968,1799.1935483870968,0.008207461739831582,0.015398368845715158,36,28
2026-07,美国,iOS,non-Organic,Face,434.7096774193548,173.61290322580646,1799.1935483870968,0.09696935106138646,0.24183895982055303,4,2
2026-07,美国,iOS,non-Organic,Face Fix,79.35483870967742,13.935483870967742,1799.1935483870968,0.007821064751175432,0.04448320436049338,22,29
2026-07,美国,iOS,non-Organic,Filters,592.7741935483871,153.7741935483871,1799.1935483870968,0.0859020977504901,0.33103060555251235,1,3
2026-07,美国,iOS,non-Organic,Glitter,39.29032258064516,8.96774193548387,1799.1935483870968,0.005002793498529355,0.021937700749731306,33,34
2026-07,美国,iOS,non-Organic,Glowup,167.4516129032258,43.03225806451613,1799.1935483870968,0.023888173196424826,0.09311458099332974,9,15
2026-07,美国,iOS,non-Organic,Hair,437.80645161290323,115.90322580645162,1799.1935483870968,0.0638648228037254,0.24205577956959823,3,5
2026-07,美国,iOS,non-Organic,Magic,332.93548387096774,126.64516129032258,1799.1935483870968,0.07057637168988164,0.1860016971246923,6,4
2026-07,美国,iOS,non-Organic,Makeup,207.6451612903226,75.09677419354838,1799.1935483870968,0.041734663416343874,0.11541168089358048,7,9
2026-07,美国,iOS,non-Organic,Matte,19.483870967741936,8.35483870967742,1799.1935483870968,0.004632058695511754,0.010763465680100602,39,35
2026-07,美国,iOS,non-Organic,Muscle,79.96774193548387,23.129032258064516,1799.1935483870968,0.012773871727923672,0.04420575929262025,23,21
2026-07,美国,iOS,non-Organic,Mykit,36.38709677419355,0.0,1799.1935483870968,0.0,0.02029230135900411,35,45
2026-07,美国,iOS,non-Organic,Plump,58.645161290322584,17.129032258064516,1799.1935483870968,0.009488400734342076,0.03270035063249212,26,26
2026-07,美国,iOS,non-Organic,Preset,80.3225806451613,3.903225806451613,1799.1935483870968,0.002135549807076208,0.04469380231534744,21,39
2026-07,美国,iOS,non-Organic,Prism,10.451612903225806,3.4193548387096775,1799.1935483870968,0.0019236475239083938,0.0058368776936824135,45,40
2026-07,美国,iOS,non-Organic,Relight,488.3225806451613,251.5483870967742,1799.1935483870968,0.1414923477784253,0.27372425189342,2,1
2026-07,美国,iOS,non-Organic,Reshape,141.29032258064515,69.19354838709677,1799.1935483870968,0.038587151149836935,0.07887475184383573,11,10
2026-07,美国,iOS,non-Organic,Resize,52.45161290322581,21.612903225806452,1799.1935483870968,0.012093032486743904,0.02925772947271761,29,23
2026-07,美国,iOS,non-Organic,Skin Tone,99.25806451612904,56.87096774193548,1799.1935483870968,0.0315112696203676,0.05492894449704696,15,12
2026-07,美国,iOS,non-Organic,Smooth,157.4516129032258,90.41935483870968,1799.1935483870968,0.0502898415966953,0.08749048285191466,10,8
2026-07,美国,iOS,non-Organic,Stamp,14.03225806451613,3.032258064516129,1799.1935483870968,0.001719444514786238,0.007820912003141492,43,41
2026-07,美国,iOS,non-Organic,Teeth,89.83870967741936,41.41935483870968,1799.1935483870968,0.023019154530911228,0.04985410848055488,17,16
2026-07,美国,iOS,non-Organic,Text,19.129032258064516,1.3225806451612903,1799.1935483870968,0.0007199117355163015,0.010734855631106568,40,44
2026-07,英国,Android,Organic,AI Expand,1.5483870967741935,0.5806451612903226,120.61290322580645,0.00478293388439156,0.016052422834718638,44,36
2026-07,英国,Android,Organic,AI Image,7.0,1.032258064516129,120.61290322580645,0.008867811485551165,0.058698504501141086,17,30
2026-07,英国,Android,Organic,AI Repair,5.580645161290323,2.225806451612903,120.61290322580645,0.017871796347004854,0.04759653688212527,20,22
2026-07,英国,Android,Organic,AI Replace,2.2580645161290325,1.4516129032258065,120.61290322580645,0.01205650495374083,0.020546745831889302,40,27
2026-07,英国,Android,Organic,AI Retouch,22.161290322580644,8.516129032258064,120.61290322580645,0.0698462166800376,0.1828738825450646,4,4
2026-07,英国,Android,Organic,AI Tattoo,2.4516129032258065,0.5161290322580645,120.61290322580645,0.004148813122452289,0.02095801203548601,38,37
2026-07,英国,Android,Organic,Acne,8.96774193548387,6.419354838709677,120.61290322580645,0.05395343069384975,0.07585311851046349,12,8
2026-07,英国,Android,Organic,Adjust,7.709677419354839,3.3225806451612905,120.61290322580645,0.027596732429484606,0.06417363497497368,16,16
2026-07,英国,Android,Organic,Background,5.096774193548387,0.8064516129032258,120.61290322580645,0.0063910804976901586,0.04243638015224126,24,35
2026-07,英国,Android,Organic,Blur,4.419354838709677,2.2903225806451615,120.61290322580645,0.019089788422277886,0.037899137983650154,26,21
2026-07,英国,Android,Organic,Body,9.258064516129032,6.354838709677419,120.61290322580645,0.05262927008395544,0.07672779208807928,10,9
2026-07,英国,Android,Organic,Bokeh,1.7096774193548387,0.22580645161290322,120.61290322580645,0.001735900897109511,0.016906606619519114,43,42
2026-07,英国,Android,Organic,Brighten,3.7096774193548385,1.7419354838709677,120.61290322580645,0.014122854223969162,0.0318499422274903,30,26
2026-07,英国,Android,Organic,Clean Skin,4.541666666666667,3.0,115.79166666666667,0.02647064303435909,0.04362304973776921,23,17
2026-07,英国,Android,Organic,Concealer,5.645161290322581,2.7096774193548385,120.61290322580645,0.02267733548323978,0.04697617570838567,21,18
2026-07,英国,Android,Organic,Contour,2.4516129032258065,1.3548387096774193,120.61290322580645,0.01106676466945087,0.022774394445323802,34,28
2026-07,英国,Android,Organic,Crop,5.67741935483871,4.806451612903226,120.61290322580645,0.039353928586801944,0.04653726709246095,22,15
2026-07,英国,Android,Organic,Dark Circles,3.6774193548387095,2.4193548387096775,120.61290322580645,0.01955855618075097,0.030135342750782997,32,20
2026-07,英国,Android,Organic,Details,2.7096774193548385,1.032258064516129,120.61290322580645,0.00824734213070065,0.022639068423114087,35,32
2026-07,英国,Android,Organic,Effects,6.096774193548387,0.1935483870967742,120.61290322580645,0.001488464921189573,0.05073707436097524,19,44
2026-07,英国,Android,Organic,Eraser,8.806451612903226,4.838709677419355,120.61290322580645,0.03986939618935947,0.07197373897345478,13,14
2026-07,英国,Android,Organic,Expression,3.4516129032258065,0.9354838709677419,120.61290322580645,0.007899749469306376,0.030688834259307227,31,34
2026-07,英国,Android,Organic,Eye Brighten,2.806451612903226,1.7741935483870968,120.61290322580645,0.014255036355992524,0.02340112487286821,33,25
2026-07,英国,Android,Organic,Face,29.096774193548388,14.35483870967742,120.61290322580645,0.11808590881172513,0.24070289733561384,1,1
2026-07,英国,Android,Organic,Face Fix,6.064516129032258,1.8709677419354838,120.61290322580645,0.015334505765721053,0.05179691880235458,18,24
2026-07,英国,Android,Organic,Filters,27.64516129032258,7.935483870967742,120.61290322580645,0.06585492046668795,0.22995205823325215,2,6
2026-07,英国,Android,Organic,Glitter,2.5161290322580645,0.25806451612903225,120.61290322580645,0.0018827299860310527,0.020813377115703253,39,41
2026-07,英国,Android,Organic,Glowup,8.35483870967742,2.7096774193548385,120.61290322580645,0.021796662866456575,0.06849718922289946,14,19
2026-07,英国,Android,Organic,Hair,14.03225806451613,5.129032258064516,120.61290322580645,0.0413692621356153,0.11532224188789743,8,13
2026-07,英国,Android,Organic,Magic,26.806451612903224,13.35483870967742,120.61290322580645,0.11010896434803033,0.2217266134716206,3,2
2026-07,英国,Android,Organic,Makeup,15.870967741935484,8.0,120.61290322580645,0.06661446256964192,0.13191947648255567,5,5
2026-07,英国,Android,Organic,Matte,2.193548387096774,1.0,120.61290322580645,0.008310412785072262,0.020996603257020904,37,31
2026-07,英国,Android,Organic,Muscle,2.3225806451612905,0.9032258064516129,120.61290322580645,0.00790904633339386,0.02149703320310889,36,33
2026-07,英国,Android,Organic,Mykit,4.161290322580645,0.0,120.61290322580645,0.0,0.0354326079061487,29,45
2026-07,英国,Android,Organic,Plump,4.225806451612903,1.1612903225806452,120.61290322580645,0.009900805806740165,0.03625338832620736,27,29
2026-07,英国,Android,Organic,Preset,4.354838709677419,0.4838709677419355,120.61290322580645,0.0036845812788007257,0.035677243380579565,28,38
2026-07,英国,Android,Organic,Prism,1.096774193548387,0.25806451612903225,120.61290322580645,0.0019345157727147417,0.012595301812031586,45,40
2026-07,英国,Android,Organic,Relight,14.709677419354838,7.064516129032258,120.61290322580645,0.05922752468311752,0.1232779205743237,6,7
2026-07,英国,Android,Organic,Reshape,10.387096774193548,5.806451612903226,120.61290322580645,0.04720431593226735,0.08491419433741626,9,11
2026-07,英国,Android,Organic,Resize,4.709677419354839,2.129032258064516,120.61290322580645,0.017622239944410086,0.03928629730274046,25,23
2026-07,英国,Android,Organic,Skin Tone,9.193548387096774,6.161290322580645,120.61290322580645,0.05115690449508588,0.07592402165880992,11,10
2026-07,英国,Android,Organic,Smooth,14.225806451612904,10.516129032258064,120.61290322580645,0.08734031000165514,0.11880866652955106,7,3
2026-07,英国,Android,Organic,Stamp,1.2903225806451613,0.2903225806451613,120.61290322580645,0.002348943011773779,0.016961484296248976,42,39
2026-07,英国,Android,Organic,Teeth,7.870967741935484,5.580645161290323,120.61290322580645,0.04599988223836336,0.06483007855092063,15,12
2026-07,英国,Android,Organic,Text,1.7419354838709677,0.1935483870967742,120.61290322580645,0.0016167646696384126,0.01964607896885844,41,43
2026-07,英国,Android,non-Organic,AI Expand,0.06666666666666667,0.0,18.733333333333334,0.0,0.042328042328042326,45,40
2026-07,英国,Android,non-Organic,AI Image,1.3225806451612903,0.06451612903225806,18.967741935483872,0.0036290322580645163,0.09818697552598374,10,35
2026-07,英国,Android,non-Organic,AI Repair,0.9354838709677419,0.3225806451612903,18.967741935483872,0.019392792015881996,0.07606907245883306,21,16
2026-07,英国,Android,non-Organic,AI Replace,0.6896551724137931,0.20689655172413793,18.689655172413794,0.01116764612681128,0.07265677326706323,27,24
2026-07,英国,Android,non-Organic,AI Retouch,3.0,0.7419354838709677,18.967741935483872,0.03869989401872148,0.1622436320909024,5,7
2026-07,英国,Android,non-Organic,AI Tattoo,0.5483870967741935,0.0967741935483871,18.967741935483872,0.004323132065067549,0.08032183703236334,18,33
2026-07,英国,Android,non-Organic,Acne,0.41379310344827586,0.27586206896551724,18.724137931034484,0.015924349373414314,0.07195659159045888,28,20
2026-07,英国,Android,non-Organic,Adjust,0.6129032258064516,0.3548387096774194,18.967741935483872,0.02170196367183832,0.07637918391276524,19,14
2026-07,英国,Android,non-Organic,Background,0.7741935483870968,0.06451612903225806,18.967741935483872,0.0029868578255675027,0.08613878058337693,13,37
2026-07,英国,Android,non-Organic,Blur,0.5161290322580645,0.16129032258064516,18.967741935483872,0.009670569793659777,0.08052354470053127,17,27
2026-07,英国,Android,non-Organic,Body,1.5333333333333334,0.6666666666666666,18.933333333333334,0.03888336061057899,0.11556455825170955,8,6
2026-07,英国,Android,non-Organic,Bokeh,0.0967741935483871,0.0,18.967741935483872,0.0,0.05401234567901234,38,40
2026-07,英国,Android,non-Organic,Brighten,0.3076923076923077,0.11538461538461539,18.846153846153847,0.005188063210134518,0.06070447923871806,35,31
2026-07,英国,Android,non-Organic,Clean Skin,0.5909090909090909,0.22727272727272727,17.136363636363637,0.011766384835606804,0.08095364116774206,16,23
2026-07,英国,Android,non-Organic,Concealer,0.48148148148148145,0.25925925925925924,18.925925925925927,0.012113268868440849,0.05006025512038528,41,22
2026-07,英国,Android,non-Organic,Contour,0.3181818181818182,0.22727272727272727,20.136363636363637,0.010304448356692397,0.04883277754208588,43,26
2026-07,英国,Android,non-Organic,Crop,0.2903225806451613,0.2903225806451613,18.967741935483872,0.017177699712340164,0.07607267015464929,20,19
2026-07,英国,Android,non-Organic,Dark Circles,0.5,0.4230769230769231,18.76923076923077,0.018453937235934102,0.051601453473270116,39,17
2026-07,英国,Android,non-Organic,Details,0.25,0.125,19.291666666666668,0.006359649122807017,0.04915529564652371,42,29
2026-07,英国,Android,non-Organic,Effects,0.5806451612903226,0.0,18.967741935483872,0.0,0.07568245133106556,22,40
2026-07,英国,Android,non-Organic,Eraser,1.064516129032258,0.45161290322580644,18.967741935483872,0.022777758050774095,0.08600711155398756,14,13
2026-07,英国,Android,non-Organic,Expression,0.8387096774193549,0.16129032258064516,18.967741935483872,0.008329664612182822,0.07388517656133771,26,28
2026-07,英国,Android,non-Organic,Eye Brighten,0.2916666666666667,0.25,19.291666666666668,0.010501556310130165,0.060933786078098476,33,25
2026-07,英国,Android,non-Organic,Face,4.258064516129032,1.2580645161290323,18.967741935483872,0.06830569403105752,0.2323399100855321,2,1
2026-07,英国,Android,non-Organic,Face Fix,1.2903225806451613,0.5161290322580645,18.967741935483872,0.02500137222963923,0.08537541600053639,15,10
2026-07,英国,Android,non-Organic,Filters,4.129032258064516,0.967741935483871,18.967741935483872,0.051551167400468986,0.23230787404073147,3,4
2026-07,英国,Android,non-Organic,Glitter,0.2903225806451613,0.06451612903225806,18.967741935483872,0.0038082437275985663,0.06614061194653299,31,34
2026-07,英国,Android,non-Organic,Glowup,1.935483870967742,0.3225806451612903,18.967741935483872,0.01803020440541663,0.131098670671872,6,18
2026-07,英国,Android,non-Organic,Hair,4.967741935483871,1.064516129032258,18.967741935483872,0.060613459154530376,0.26441429159276014,1,2
2026-07,英国,Android,non-Organic,Magic,3.0,0.8064516129032258,18.967741935483872,0.04868951730323322,0.18707303770022743,4,5
2026-07,英国,Android,non-Organic,Makeup,1.3548387096774193,0.4838709677419355,18.967741935483872,0.027178488369625373,0.09920971311775766,9,9
2026-07,英国,Android,non-Organic,Matte,0.10344827586206896,0.034482758620689655,19.0,0.001724137931034483,0.04593787335722819,44,38
2026-07,英国,Android,non-Organic,Muscle,0.6451612903225806,0.0967741935483871,18.967741935483872,0.0051877004338803994,0.07165308882525989,29,32
2026-07,英国,Android,non-Organic,Mykit,0.5333333333333333,0.0,19.266666666666666,0.0,0.06071798995777244,34,40
2026-07,英国,Android,non-Organic,Plump,0.7741935483870968,0.3548387096774194,18.967741935483872,0.020000975227930186,0.08619539416498681,12,15
2026-07,英国,Android,non-Organic,Preset,0.5161290322580645,0.03225806451612903,18.967741935483872,0.0010405827263267429,0.05862871509798259,37,39
2026-07,英国,Android,non-Organic,Prism,0.21428571428571427,0.10714285714285714,18.25,0.005539021164021164,0.07462962962962963,23,30
2026-07,英国,Android,non-Organic,Relight,2.161290322580645,0.8709677419354839,18.967741935483872,0.05178171326059716,0.12522462036942886,7,3
2026-07,英国,Android,non-Organic,Reshape,1.032258064516129,0.45161290322580644,18.967741935483872,0.024083746983163224,0.07446236140296905,24,12
2026-07,英国,Android,non-Organic,Resize,0.22580645161290322,0.06451612903225806,18.967741935483872,0.0029881154499151103,0.06986971104231166,30,36
2026-07,英国,Android,non-Organic,Skin Tone,0.7586206896551724,0.4482758620689655,18.724137931034484,0.024084356671352645,0.06564863053762268,32,11
2026-07,英国,Android,non-Organic,Smooth,1.2413793103448276,0.6896551724137931,18.724137931034484,0.03488885679819924,0.09136005452518159,11,8
2026-07,英国,Android,non-Organic,Stamp,0.1724137931034483,0.0,18.689655172413794,0.0,0.05953425229741018,36,40
2026-07,英国,Android,non-Organic,Teeth,0.6451612903225806,0.2903225806451613,18.967741935483872,0.01557798299027163,0.07418117784201295,25,21
2026-07,英国,Android,non-Organic,Text,0.22580645161290322,0.0,18.967741935483872,0.0,0.05056254440597652,40,40
2026-07,英国,iOS,Organic,AI Expand,10.0,2.774193548387097,1168.6451612903227,0.0023681993640602434,0.008575088837237056,44,39
2026-07,英国,iOS,Organic,AI Image,56.96774193548387,8.612903225806452,1168.6451612903227,0.007450890788914865,0.04875944407301056,20,29
2026-07,英国,iOS,Organic,AI Repair,50.354838709677416,14.064516129032258,1168.6451612903227,0.012141527615504912,0.04324678137293374,23,25
2026-07,英国,iOS,Organic,AI Replace,13.774193548387096,6.193548387096774,1168.6451612903227,0.005271265959707141,0.011730488423206224,40,34
2026-07,英国,iOS,Organic,AI Retouch,268.06451612903226,84.64516129032258,1168.6451612903227,0.07217384615670112,0.2285763673951258,4,5
2026-07,英国,iOS,Organic,AI Tattoo,21.967741935483872,3.0,1168.6451612903227,0.002562023125381939,0.018764840553012266,37,38
2026-07,英国,iOS,Organic,Acne,89.96774193548387,63.774193548387096,1168.6451612903227,0.05471492257927221,0.07719626606006093,14,10
2026-07,英国,iOS,Organic,Adjust,72.03225806451613,26.322580645161292,1168.6451612903227,0.022434159402542748,0.061674516393128646,16,19
2026-07,英国,iOS,Organic,Background,55.74193548387097,5.32258064516129,1168.6451612903227,0.004573325110749846,0.04764243944869417,21,35
2026-07,英国,iOS,Organic,Blur,49.96774193548387,29.548387096774192,1168.6451612903227,0.025258356683765755,0.042695620621543945,24,17
2026-07,英国,iOS,Organic,Body,116.7741935483871,67.45161290322581,1168.6451612903227,0.05734884058938506,0.09941973149124271,10,9
2026-07,英国,iOS,Organic,Bokeh,12.129032258064516,1.7741935483870968,1168.6451612903227,0.0014952235052019607,0.010302161769167019,42,41
2026-07,英国,iOS,Organic,Brighten,37.96774193548387,19.193548387096776,1168.6451612903227,0.016355944075512805,0.032399129387419436,29,23
2026-07,英国,iOS,Organic,Clean Skin,62.77272727272727,36.04545454545455,1144.5,0.03153141786757671,0.054789885078071164,17,15
2026-07,英国,iOS,Organic,Concealer,51.83870967741935,22.70967741935484,1168.6451612903227,0.019460266067893396,0.0444103721287042,22,21
2026-07,英国,iOS,Organic,Contour,22.903225806451612,12.096774193548388,1168.6451612903227,0.010347981992497238,0.019572928979728763,35,27
2026-07,英国,iOS,Organic,Crop,34.70967741935484,24.774193548387096,1168.6451612903227,0.021104511326172273,0.029559333468764985,30,20
2026-07,英国,iOS,Organic,Dark Circles,39.225806451612904,26.483870967741936,1168.6451612903227,0.0225862846448363,0.03360545893789073,28,18
2026-07,英国,iOS,Organic,Details,22.419354838709676,8.193548387096774,1168.6451612903227,0.007001871318883091,0.019168280315152015,36,30
2026-07,英国,iOS,Organic,Effects,73.74193548387096,1.1612903225806452,1168.6451612903227,0.0010093934257564276,0.063019318213307,15,43
2026-07,英国,iOS,Organic,Eraser,107.19354838709677,56.32258064516129,1168.6451612903227,0.048381330897509615,0.09187119708177192,11,12
2026-07,英国,iOS,Organic,Expression,31.612903225806452,6.709677419354839,1168.6451612903227,0.005735205175904803,0.027050447032477186,31,33
2026-07,英国,iOS,Organic,Eye Brighten,30.64516129032258,19.0,1168.6451612903227,0.016309794579824594,0.026178848296690246,33,24
2026-07,英国,iOS,Organic,Face,319.741935483871,148.3548387096774,1168.6451612903227,0.1265334087943075,0.2732715294391955,1,1
2026-07,英国,iOS,Organic,Face Fix,63.83870967741935,8.064516129032258,1168.6451612903227,0.0068933274311319785,0.054524470514181154,18,31
2026-07,英国,iOS,Organic,Filters,295.38709677419354,77.12903225806451,1168.6451612903227,0.06624678619840865,0.25313727790431145,2,7
2026-07,英国,iOS,Organic,Glitter,21.967741935483872,4.258064516129032,1168.6451612903227,0.0035926688977916963,0.018737431007250737,38,36
2026-07,英国,iOS,Organic,Glowup,97.38709677419355,30.161290322580644,1168.6451612903227,0.02583169716194915,0.08306602780276635,13,16
2026-07,英国,iOS,Organic,Hair,141.2258064516129,44.12903225806452,1168.6451612903227,0.037740218587086725,0.12006510574553621,8,13
2026-07,英国,iOS,Organic,Magic,279.3225806451613,128.93548387096774,1168.6451612903227,0.11024721219064271,0.23880191682266233,3,2
2026-07,英国,iOS,Organic,Makeup,152.03225806451613,60.83870967741935,1168.6451612903227,0.05196833028288563,0.12995171229007685,7,11
2026-07,英国,iOS,Organic,Matte,18.516129032258064,10.193548387096774,1168.6451612903227,0.008778094387158757,0.01585334250544202,39,28
2026-07,英国,iOS,Organic,Muscle,25.70967741935484,6.709677419354839,1168.6451612903227,0.005735743950631706,0.02191541779520765,34,32
2026-07,英国,iOS,Organic,Mykit,30.483870967741936,0.0,1168.6451612903227,0.0,0.026178930330055177,32,45
2026-07,英国,iOS,Organic,Plump,44.483870967741936,14.03225806451613,1168.6451612903227,0.01209903681895662,0.038135923107084004,27,26
2026-07,英国,iOS,Organic,Preset,48.83870967741935,3.0,1168.6451612903227,0.002563568367800279,0.04179073859534363,26,37
2026-07,英国,iOS,Organic,Prism,6.967741935483871,1.4193548387096775,1168.6451612903227,0.0012354669504375654,0.0059775380560717255,45,42
2026-07,英国,iOS,Organic,Relight,235.2258064516129,118.41935483870968,1168.6451612903227,0.10203814698360704,0.2022123600283676,5,3
2026-07,英国,iOS,Organic,Reshape,127.83870967741936,78.61290322580645,1168.6451612903227,0.06699866688235903,0.1089308030270797,9,6
2026-07,英国,iOS,Organic,Resize,49.483870967741936,22.161290322580644,1168.6451612903227,0.01907196905016606,0.04242801137611594,25,22
2026-07,英国,iOS,Organic,Skin Tone,104.19354838709677,74.16129032258064,1168.6451612903227,0.06309237978203441,0.08885067493994292,12,8
2026-07,英国,iOS,Organic,Smooth,163.09677419354838,114.7741935483871,1168.6451612903227,0.09791615217244158,0.1392227422014573,6,4
2026-07,英国,iOS,Organic,Stamp,10.03225806451613,2.193548387096774,1168.6451612903227,0.0018691361655064592,0.008607927607092244,43,40
2026-07,英国,iOS,Organic,Teeth,62.225806451612904,41.29032258064516,1168.6451612903227,0.03502725785611428,0.052815978599148265,19,14
2026-07,英国,iOS,Organic,Text,13.064516129032258,1.1290322580645162,1168.6451612903227,0.0009746525302340713,0.011167739586666926,41,44
2026-07,英国,iOS,non-Organic,AI Expand,7.870967741935484,2.3225806451612905,669.258064516129,0.003549838721410411,0.011799125291501851,40,37
2026-07,英国,iOS,non-Organic,AI Image,41.70967741935484,8.193548387096774,669.258064516129,0.012015178070462134,0.062000993770552154,16,27
2026-07,英国,iOS,non-Organic,AI Repair,35.03225806451613,10.580645161290322,669.258064516129,0.01573407391559068,0.05259692890207207,19,23
2026-07,英国,iOS,non-Organic,AI Replace,7.709677419354839,2.870967741935484,669.258064516129,0.0042880348932728,0.01146442202238482,42,35
2026-07,英国,iOS,non-Organic,AI Retouch,152.5483870967742,46.354838709677416,669.258064516129,0.06941636164321478,0.22882384842060907,5,6
2026-07,英国,iOS,non-Organic,AI Tattoo,16.774193548387096,3.5483870967741935,669.258064516129,0.005003620014250595,0.02460622355310827,34,34
2026-07,英国,iOS,non-Organic,Acne,37.03225806451613,22.258064516129032,669.258064516129,0.0336067200325133,0.05575151398414749,17,13
2026-07,英国,iOS,non-Organic,Adjust,45.74193548387097,17.419354838709676,669.258064516129,0.02565469071366979,0.0678975444605401,14,16
2026-07,英国,iOS,non-Organic,Background,34.58064516129032,2.225806451612903,669.258064516129,0.003398040402724388,0.05167311409562411,20,38
2026-07,英国,iOS,non-Organic,Blur,21.258064516129032,11.935483870967742,669.258064516129,0.017921018133693425,0.03214100759407172,27,19
2026-07,英国,iOS,non-Organic,Body,82.48387096774194,50.25806451612903,669.258064516129,0.07382127234030227,0.12131933480588263,7,5
2026-07,英国,iOS,non-Organic,Bokeh,6.741935483870968,1.2580645161290323,669.258064516129,0.0018961908538762328,0.01009904221204432,43,41
2026-07,英国,iOS,non-Organic,Brighten,20.838709677419356,10.419354838709678,669.258064516129,0.01532316391383835,0.030600136685004005,29,24
2026-07,英国,iOS,non-Organic,Clean Skin,31.681818181818183,18.681818181818183,627.3181818181819,0.02981923680206967,0.05049339868050751,21,14
2026-07,英国,iOS,non-Organic,Concealer,25.129032258064516,11.870967741935484,669.258064516129,0.01753538182725758,0.03705905317556642,25,20
2026-07,英国,iOS,non-Organic,Contour,9.96774193548387,5.32258064516129,669.258064516129,0.007725045237824936,0.014536819753128814,38,30
2026-07,英国,iOS,non-Organic,Crop,20.903225806451612,13.96774193548387,669.258064516129,0.020998074223544952,0.03117536956930243,28,18
2026-07,英国,iOS,non-Organic,Dark Circles,16.612903225806452,10.741935483870968,669.258064516129,0.0160666545644148,0.0248210517887404,33,22
2026-07,英国,iOS,non-Organic,Details,10.903225806451612,3.4838709677419355,669.258064516129,0.0051461214965472695,0.01617559873951025,37,33
2026-07,英国,iOS,non-Organic,Effects,57.0,0.8387096774193549,669.258064516129,0.001178937099856661,0.08390518038201088,13,43
2026-07,英国,iOS,non-Organic,Eraser,58.70967741935484,30.06451612903226,669.258064516129,0.045817122300743016,0.0886576703199278,12,11
2026-07,英国,iOS,non-Organic,Expression,20.193548387096776,4.096774193548387,669.258064516129,0.0059647648428024,0.030242317720042204,30,32
2026-07,英国,iOS,non-Organic,Eye Brighten,13.32258064516129,8.451612903225806,669.258064516129,0.012607069137167774,0.019796680820333375,35,26
2026-07,英国,iOS,non-Organic,Face,171.4516129032258,78.03225806451613,669.258064516129,0.11687803267388981,0.2571866368858011,3,2
2026-07,英国,iOS,non-Organic,Face Fix,35.54838709677419,5.258064516129032,669.258064516129,0.0078770001973008,0.053696121602487316,18,29
2026-07,英国,iOS,non-Organic,Filters,245.6451612903226,58.935483870967744,669.258064516129,0.08771198098376937,0.36657397244860573,1,4
2026-07,英国,iOS,non-Organic,Glitter,12.838709677419354,2.6129032258064515,669.258064516129,0.003829529471160433,0.01883667223786659,36,36
2026-07,英国,iOS,non-Organic,Glowup,59.806451612903224,19.451612903225808,669.258064516129,0.029414548644617497,0.09006204424074701,11,15
2026-07,英国,iOS,non-Organic,Hair,109.2258064516129,32.03225806451613,669.258064516129,0.04750567093039844,0.16147572353073958,6,9
2026-07,英国,iOS,non-Organic,Magic,152.93548387096774,61.0,669.258064516129,0.09113702418258444,0.22970218815927784,4,3
2026-07,英国,iOS,non-Organic,Makeup,79.70967741935483,30.64516129032258,669.258064516129,0.04593167039653382,0.11902199183024584,8,10
2026-07,英国,iOS,non-Organic,Matte,8.387096774193548,4.032258064516129,669.258064516129,0.006210802549405576,0.012845628243015937,39,31
2026-07,英国,iOS,non-Organic,Muscle,19.838709677419356,5.645161290322581,669.258064516129,0.008378354768623269,0.02933510715938849,31,28
2026-07,英国,iOS,non-Organic,Mykit,18.225806451612904,0.0,669.258064516129,0.0,0.02697556870374449,32,45
2026-07,英国,iOS,non-Organic,Plump,25.806451612903224,8.451612903225806,669.258064516129,0.012684123890094838,0.03857266621945266,24,25
2026-07,英国,iOS,non-Organic,Preset,33.41935483870968,1.7419354838709677,669.258064516129,0.002418847294791899,0.04888613043052935,22,39
2026-07,英国,iOS,non-Organic,Prism,4.67741935483871,1.1290322580645162,669.258064516129,0.0016008525659909397,0.0070042400082076725,45,42
2026-07,英国,iOS,non-Organic,Relight,224.38709677419354,115.74193548387096,669.258064516129,0.17447394958340356,0.3367667021968935,2,1
2026-07,英国,iOS,non-Organic,Reshape,67.19354838709677,34.61290322580645,669.258064516129,0.0513713504538973,0.09937480250806928,10,8
2026-07,英国,iOS,non-Organic,Resize,24.838709677419356,11.03225806451613,669.258064516129,0.016233298602140577,0.036483803247012773,26,21
2026-07,英国,iOS,non-Organic,Skin Tone,45.38709677419355,29.387096774193548,669.258064516129,0.04362264270704765,0.06734610881839238,15,12
2026-07,英国,iOS,non-Organic,Smooth,72.41935483870968,45.354838709677416,669.258064516129,0.06781198302580287,0.10846083172199517,9,7
2026-07,英国,iOS,non-Organic,Stamp,5.645161290322581,1.2258064516129032,669.258064516129,0.0019572141608190886,0.008490998032024544,44,40
2026-07,英国,iOS,non-Organic,Teeth,28.64516129032258,16.903225806451612,669.258064516129,0.025461445570243543,0.0427664616010687,23,17
2026-07,英国,iOS,non-Organic,Text,7.838709677419355,0.6129032258064516,669.258064516129,0.0008662696241941285,0.011715340133477602,41,44
