月份,市场,平台,渠道/自然,功能,进入人数,打勾人数,活跃人数,进入渗透率,打勾渗透率,进入排名,打勾排名
2026-01,墨西哥,Android,Organic,AI Expand,13.774193548387096,6.419354838709677,439.51612903225805,0.031339449541284405,0.014605504587155963,21,18
2026-01,墨西哥,Android,Organic,AI Image,23.838709677419356,3.4516129032258065,439.51612903225805,0.05423853211009175,0.007853211009174313,9,25
2026-01,墨西哥,Android,Organic,AI Repair,16.70967741935484,8.387096774193548,439.51612903225805,0.03801834862385321,0.01908256880733945,16,14
2026-01,墨西哥,Android,Organic,AI Replace,8.03225806451613,4.193548387096774,439.51612903225805,0.018275229357798167,0.009541284403669725,32,20
2026-01,墨西哥,Android,Organic,AI Retouch,47.96774193548387,21.774193548387096,439.51612903225805,0.10913761467889908,0.04954128440366973,5,4
2026-01,墨西哥,Android,Organic,AI Tattoo,7.612903225806452,2.2580645161290325,439.51612903225805,0.017321100917431193,0.005137614678899083,36,33
2026-01,墨西哥,Android,Organic,Acne,10.419354838709678,6.516129032258065,439.51612903225805,0.023706422018348626,0.014825688073394497,27,17
2026-01,墨西哥,Android,Organic,Adjust,22.0,9.096774193548388,439.51612903225805,0.050055045871559636,0.02069724770642202,11,13
2026-01,墨西哥,Android,Organic,Background,15.612903225806452,2.4193548387096775,439.51612903225805,0.035522935779816515,0.005504587155963303,18,30
2026-01,墨西哥,Android,Organic,Blur,11.387096774193548,6.193548387096774,439.51612903225805,0.025908256880733945,0.014091743119266056,23,19
2026-01,墨西哥,Android,Organic,Body,17.387096774193548,10.387096774193548,439.51612903225805,0.03955963302752294,0.02363302752293578,13,11
2026-01,墨西哥,Android,Organic,Bokeh,7.709677419354839,2.3548387096774195,439.51612903225805,0.017541284403669727,0.005357798165137615,35,32
2026-01,墨西哥,Android,Organic,Brighten,8.64516129032258,4.0,439.51612903225805,0.019669724770642202,0.009100917431192661,31,21
2026-01,墨西哥,Android,Organic,Concealer,10.612903225806452,3.7419354838709675,439.51612903225805,0.02414678899082569,0.008513761467889907,25,22
2026-01,墨西哥,Android,Organic,Contour,3.6129032258064515,1.6451612903225807,439.51612903225805,0.008220183486238533,0.003743119266055046,44,37
2026-01,墨西哥,Android,Organic,Crop,20.64516129032258,14.580645161290322,439.51612903225805,0.04697247706422018,0.033174311926605506,12,6
2026-01,墨西哥,Android,Organic,Dark Circles,6.516129032258065,3.6774193548387095,439.51612903225805,0.014825688073394497,0.00836697247706422,38,23
2026-01,墨西哥,Android,Organic,Details,3.870967741935484,1.903225806451613,439.51612903225805,0.008807339449541285,0.004330275229357798,43,35
2026-01,墨西哥,Android,Organic,Effects,16.096774193548388,1.5161290322580645,439.51612903225805,0.03662385321100918,0.00344954128440367,17,38
2026-01,墨西哥,Android,Organic,Eraser,55.0,25.548387096774192,439.51612903225805,0.12513761467889908,0.05812844036697248,3,2
2026-01,墨西哥,Android,Organic,Expression,10.580645161290322,3.5806451612903225,439.51612903225805,0.024073394495412844,0.008146788990825687,26,24
2026-01,墨西哥,Android,Organic,Eye Brighten,4.32258064516129,2.4193548387096775,439.51612903225805,0.009834862385321101,0.005504587155963303,41,30
2026-01,墨西哥,Android,Organic,Face,53.0,22.516129032258064,439.51612903225805,0.12058715596330276,0.05122935779816514,4,3
2026-01,墨西哥,Android,Organic,Face Fix,10.806451612903226,2.5483870967741935,439.51612903225805,0.024587155963302753,0.005798165137614679,24,28
2026-01,墨西哥,Android,Organic,Filters,57.32258064516129,13.225806451612904,439.51612903225805,0.13042201834862385,0.030091743119266056,2,8
2026-01,墨西哥,Android,Organic,Flawless,0.0,0.0,439.51612903225805,0.0,0.0,45,43
2026-01,墨西哥,Android,Organic,Glitter,9.387096774193548,2.0,439.51612903225805,0.021357798165137616,0.004550458715596331,30,34
2026-01,墨西哥,Android,Organic,Glowup,13.806451612903226,2.967741935483871,439.51612903225805,0.03141284403669725,0.006752293577981652,20,27
2026-01,墨西哥,Android,Organic,Hair,42.0,14.161290322580646,439.51612903225805,0.09555963302752293,0.032220183486238535,6,7
2026-01,墨西哥,Android,Organic,Magic,70.12903225806451,30.806451612903224,439.51612903225805,0.15955963302752293,0.07009174311926605,1,1
2026-01,墨西哥,Android,Organic,Makeup,39.87096774193548,21.387096774193548,439.51612903225805,0.09071559633027522,0.0486605504587156,7,5
2026-01,墨西哥,Android,Organic,Matte,4.032258064516129,1.8387096774193548,439.51612903225805,0.009174311926605505,0.00418348623853211,42,36
2026-01,墨西哥,Android,Organic,Muscle,7.838709677419355,2.5161290322580645,439.51612903225805,0.0178348623853211,0.005724770642201835,34,29
2026-01,墨西哥,Android,Organic,Mykit,9.419354838709678,0.0,439.51612903225805,0.02143119266055046,0.0,29,43
2026-01,墨西哥,Android,Organic,Plump,16.967741935483872,6.612903225806452,439.51612903225805,0.03860550458715597,0.015045871559633028,15,16
2026-01,墨西哥,Android,Organic,Preset,12.451612903225806,0.967741935483871,439.51612903225805,0.0283302752293578,0.0022018348623853213,22,41
2026-01,墨西哥,Android,Organic,Prism,5.161290322580645,1.2580645161290323,439.51612903225805,0.011743119266055046,0.0028623853211009174,40,39
2026-01,墨西哥,Android,Organic,Relight,22.70967741935484,7.967741935483871,439.51612903225805,0.0516697247706422,0.01812844036697248,10,15
2026-01,墨西哥,Android,Organic,Reshape,23.967741935483872,12.451612903225806,439.51612903225805,0.05453211009174312,0.0283302752293578,8,9
2026-01,墨西哥,Android,Organic,Resize,8.0,3.064516129032258,439.51612903225805,0.018201834862385323,0.006972477064220183,33,26
2026-01,墨西哥,Android,Organic,Skin Tone,14.419354838709678,9.387096774193548,439.51612903225805,0.032807339449541284,0.021357798165137616,19,12
2026-01,墨西哥,Android,Organic,Smooth,17.161290322580644,11.0,439.51612903225805,0.03904587155963302,0.025027522935779818,14,10
2026-01,墨西哥,Android,Organic,Stamp,7.580645161290323,1.2258064516129032,439.51612903225805,0.01724770642201835,0.0027889908256880733,37,40
2026-01,墨西哥,Android,Organic,Teeth,10.225806451612904,0.0,439.51612903225805,0.02326605504587156,0.0,28,43
2026-01,墨西哥,Android,Organic,Text,5.838709677419355,0.7096774193548387,439.51612903225805,0.01328440366972477,0.0016146788990825688,39,42
2026-01,墨西哥,Android,Organic,Whiten,0.0,0.0,439.51612903225805,0.0,0.0,45,43
2026-01,墨西哥,Android,non-Organic,AI Expand,35.03225806451613,14.709677419354838,1107.8387096774193,0.0316221646332586,0.013277814984130682,22,17
2026-01,墨西哥,Android,non-Organic,AI Image,82.35483870967742,12.67741935483871,1107.8387096774193,0.07433829310194218,0.01144338001921789,8,18
2026-01,墨西哥,Android,non-Organic,AI Repair,46.774193548387096,18.806451612903224,1107.8387096774193,0.042221122208310286,0.01697580292927234,15,15
2026-01,墨西哥,Android,non-Organic,AI Replace,20.451612903225808,10.03225806451613,1107.8387096774193,0.018460821710392223,0.009055702763299655,33,23
2026-01,墨西哥,Android,non-Organic,AI Retouch,158.74193548387098,72.19354838709677,1107.8387096774193,0.14328975337041028,0.06516611827737821,4,3
2026-01,墨西哥,Android,non-Organic,AI Tattoo,23.225806451612904,7.451612903225806,1107.8387096774193,0.020964971027574764,0.006726261538013569,31,28
2026-01,墨西哥,Android,non-Organic,Acne,20.580645161290324,9.161290322580646,1107.8387096774193,0.018577293771656525,0.008269516349765601,32,24
2026-01,墨西哥,Android,non-Organic,Adjust,52.806451612903224,16.774193548387096,1107.8387096774193,0.04766619107241651,0.01514136796435955,12,16
2026-01,墨西哥,Android,non-Organic,Background,54.483870967741936,11.225806451612904,1107.8387096774193,0.049180327868852465,0.010133069329994469,11,21
2026-01,墨西哥,Android,non-Organic,Blur,24.64516129032258,12.064516129032258,1107.8387096774193,0.022246163701482108,0.010890137728212446,27,20
2026-01,墨西哥,Android,non-Organic,Body,44.03225806451613,23.129032258064516,1107.8387096774193,0.03974609090644382,0.020877616981626535,17,9
2026-01,墨西哥,Android,non-Organic,Bokeh,17.258064516129032,4.483870967741935,1107.8387096774193,0.01557813819410069,0.0040474041289345715,38,34
2026-01,墨西哥,Android,non-Organic,Brighten,23.387096774193548,10.193548387096774,1107.8387096774193,0.021110561104155143,0.009201292839880035,30,22
2026-01,墨西哥,Android,non-Organic,Concealer,34.806451612903224,12.516129032258064,1107.8387096774193,0.031418338526046065,0.01129778994263751,23,19
2026-01,墨西哥,Android,non-Organic,Contour,10.806451612903226,4.354838709677419,1107.8387096774193,0.00975453513088548,0.003930932067670268,42,36
2026-01,墨西哥,Android,non-Organic,Crop,52.096774193548384,33.193548387096776,1107.8387096774193,0.04702559473546283,0.029962437760242266,13,8
2026-01,墨西哥,Android,non-Organic,Dark Circles,17.419354838709676,8.419354838709678,1107.8387096774193,0.01572372827068107,0.007599801997495851,37,25
2026-01,墨西哥,Android,non-Organic,Details,10.67741935483871,4.032258064516129,1107.8387096774193,0.009638063069621176,0.0036397519145095073,43,39
2026-01,墨西哥,Android,non-Organic,Effects,44.806451612903224,5.193548387096774,1107.8387096774193,0.04044492327402965,0.004688000465888245,16,30
2026-01,墨西哥,Android,non-Organic,Eraser,182.67741935483872,88.06451612903226,1107.8387096774193,0.16489532073493873,0.07949218181288764,2,1
2026-01,墨西哥,Android,non-Organic,Expression,23.838709677419356,7.935483870967742,1107.8387096774193,0.02151821331858021,0.007163031767754711,29,27
2026-01,墨西哥,Android,non-Organic,Eye Brighten,10.516129032258064,4.354838709677419,1107.8387096774193,0.009492472993040794,0.003930932067670268,44,36
2026-01,墨西哥,Android,non-Organic,Face,151.41935483870967,59.58064516129032,1107.8387096774193,0.136679963893661,0.05378097428879248,5,5
2026-01,墨西哥,Android,non-Organic,Face Fix,23.903225806451612,5.161290322580645,1107.8387096774193,0.021576449349212358,0.0046588824505721695,28,31
2026-01,墨西哥,Android,non-Organic,Filters,175.3548387096774,35.45161290322581,1107.8387096774193,0.15828553125818945,0.03200069883236759,3,7
2026-01,墨西哥,Android,non-Organic,Flawless,0.0,0.0,1107.8387096774193,0.0,0.0,45,43
2026-01,墨西哥,Android,non-Organic,Glitter,28.387096774193548,6.0,1107.8387096774193,0.02562385347814693,0.005415950848790147,25,29
2026-01,墨西哥,Android,non-Organic,Glowup,38.32258064516129,8.064516129032258,1107.8387096774193,0.034592202195498356,0.0072795038290190146,19,26
2026-01,墨西哥,Android,non-Organic,Hair,139.80645161290323,42.0,1107.8387096774193,0.12619747837987363,0.03791165594153103,6,6
2026-01,墨西哥,Android,non-Organic,Magic,222.6451612903226,87.61290322580645,1107.8387096774193,0.20097254171155696,0.07908452959846257,1,2
2026-01,墨西哥,Android,non-Organic,Makeup,121.58064516129032,60.32258064516129,1107.8387096774193,0.10974579972629066,0.05445068864106223,7,4
2026-01,墨西哥,Android,non-Organic,Matte,10.96774193548387,4.483870967741935,1107.8387096774193,0.00990012520746586,0.0040474041289345715,41,34
2026-01,墨西哥,Android,non-Organic,Muscle,18.161290322580644,4.774193548387097,1107.8387096774193,0.01639344262295082,0.004309466266779257,35,32
2026-01,墨西哥,Android,non-Organic,Mykit,27.322580645161292,0.0,1107.8387096774193,0.024662958972716423,0.0,26,43
2026-01,墨西哥,Android,non-Organic,Plump,51.483870967741936,20.06451612903226,1107.8387096774193,0.04647235244445739,0.01811140552659931,14,14
2026-01,墨西哥,Android,non-Organic,Preset,35.83870967741935,3.3225806451612905,1107.8387096774193,0.032350115016160495,0.002999155577555834,21,41
2026-01,墨西哥,Android,non-Organic,Prism,12.161290322580646,4.193548387096774,1107.8387096774193,0.010977491774160675,0.0037853419910898875,40,38
2026-01,墨西哥,Android,non-Organic,Relight,64.83870967741936,21.70967741935484,1107.8387096774193,0.05852721078531288,0.019596424307719188,9,11
2026-01,墨西哥,Android,non-Organic,Reshape,62.58064516129032,20.580645161290324,1107.8387096774193,0.056488949713187554,0.018577293771656525,10,12
2026-01,墨西哥,Android,non-Organic,Resize,14.774193548387096,4.774193548387097,1107.8387096774193,0.013336051014762835,0.004309466266779257,39,32
2026-01,墨西哥,Android,non-Organic,Skin Tone,37.903225806451616,20.548387096774192,1107.8387096774193,0.03421366799638937,0.01854817575634045,20,13
2026-01,墨西哥,Android,non-Organic,Smooth,41.064516129032256,22.096774193548388,1107.8387096774193,0.03706723349736482,0.0199458404915121,18,10
2026-01,墨西哥,Android,non-Organic,Stamp,19.419354838709676,3.4193548387096775,1107.8387096774193,0.017529045220277786,0.003086509623504062,34,40
2026-01,墨西哥,Android,non-Organic,Teeth,29.612903225806452,0.0,1107.8387096774193,0.026730338060157822,0.0,24,43
2026-01,墨西哥,Android,non-Organic,Text,17.612903225806452,2.3870967741935485,1107.8387096774193,0.01589843636257753,0.0021547331333896286,36,42
2026-01,墨西哥,Android,non-Organic,Whiten,0.0,0.0,1107.8387096774193,0.0,0.0,45,43
2026-01,墨西哥,iOS,Organic,AI Expand,7.580645161290323,2.3548387096774195,253.2258064516129,0.02993630573248408,0.00929936305732484,32,30
2026-01,墨西哥,iOS,Organic,AI Image,14.870967741935484,1.5161290322580645,253.2258064516129,0.058726114649681534,0.005987261146496815,17,33
2026-01,墨西哥,iOS,Organic,AI Repair,10.96774193548387,4.419354838709677,253.2258064516129,0.04331210191082802,0.017452229299363055,27,22
2026-01,墨西哥,iOS,Organic,AI Replace,3.3870967741935485,1.032258064516129,253.2258064516129,0.01337579617834395,0.004076433121019108,42,36
2026-01,墨西哥,iOS,Organic,AI Retouch,50.32258064516129,20.161290322580644,253.2258064516129,0.1987261146496815,0.07961783439490445,4,8
2026-01,墨西哥,iOS,Organic,AI Tattoo,4.516129032258065,0.8387096774193549,253.2258064516129,0.0178343949044586,0.003312101910828026,41,37
2026-01,墨西哥,iOS,Organic,Acne,29.225806451612904,22.225806451612904,253.2258064516129,0.1154140127388535,0.08777070063694269,10,7
2026-01,墨西哥,iOS,Organic,Adjust,22.387096774193548,7.806451612903226,253.2258064516129,0.08840764331210191,0.030828025477707008,13,16
2026-01,墨西哥,iOS,Organic,Background,10.483870967741936,1.096774193548387,253.2258064516129,0.04140127388535032,0.004331210191082803,30,35
2026-01,墨西哥,iOS,Organic,Blur,11.838709677419354,7.741935483870968,253.2258064516129,0.046751592356687896,0.030573248407643312,26,17
2026-01,墨西哥,iOS,Organic,Body,33.25806451612903,23.774193548387096,253.2258064516129,0.1313375796178344,0.09388535031847134,9,6
2026-01,墨西哥,iOS,Organic,Bokeh,5.516129032258065,2.193548387096774,253.2258064516129,0.021783439490445863,0.008662420382165605,37,31
2026-01,墨西哥,iOS,Organic,Brighten,10.548387096774194,5.290322580645161,253.2258064516129,0.04165605095541402,0.020891719745222928,29,19
2026-01,墨西哥,iOS,Organic,Concealer,12.516129032258064,4.096774193548387,253.2258064516129,0.04942675159235669,0.016178343949044587,21,23
2026-01,墨西哥,iOS,Organic,Contour,4.774193548387097,2.4516129032258065,253.2258064516129,0.018853503184713377,0.009681528662420382,40,28
2026-01,墨西哥,iOS,Organic,Crop,12.419354838709678,9.32258064516129,253.2258064516129,0.04904458598726115,0.03681528662420382,22,13
2026-01,墨西哥,iOS,Organic,Dark Circles,12.290322580645162,8.548387096774194,253.2258064516129,0.04853503184713376,0.03375796178343949,24,14
2026-01,墨西哥,iOS,Organic,Details,5.483870967741935,1.7741935483870968,253.2258064516129,0.02165605095541401,0.0070063694267515925,38,32
2026-01,墨西哥,iOS,Organic,Effects,14.064516129032258,0.25806451612903225,253.2258064516129,0.05554140127388535,0.001019108280254777,19,42
2026-01,墨西哥,iOS,Organic,Eraser,27.387096774193548,16.096774193548388,253.2258064516129,0.10815286624203822,0.06356687898089172,11,10
2026-01,墨西哥,iOS,Organic,Expression,12.064516129032258,3.806451612903226,253.2258064516129,0.04764331210191083,0.015031847133757962,25,24
2026-01,墨西哥,iOS,Organic,Eye Brighten,5.741935483870968,3.774193548387097,253.2258064516129,0.02267515923566879,0.014904458598726116,35,25
2026-01,墨西哥,iOS,Organic,Face,78.80645161290323,38.193548387096776,253.2258064516129,0.31121019108280257,0.15082802547770702,1,1
2026-01,墨西哥,iOS,Organic,Face Fix,12.32258064516129,2.4516129032258065,253.2258064516129,0.0486624203821656,0.009681528662420382,23,28
2026-01,墨西哥,iOS,Organic,Filters,59.41935483870968,12.0,253.2258064516129,0.23464968152866245,0.04738853503184713,3,11
2026-01,墨西哥,iOS,Organic,Flawless,0.0,0.0,253.2258064516129,0.0,0.0,45,43
2026-01,墨西哥,iOS,Organic,Glitter,6.225806451612903,0.6451612903225806,253.2258064516129,0.024585987261146497,0.0025477707006369425,33,39
2026-01,墨西哥,iOS,Organic,Glowup,18.516129032258064,4.451612903225806,253.2258064516129,0.07312101910828026,0.017579617834394903,15,21
2026-01,墨西哥,iOS,Organic,Hair,34.12903225806452,9.709677419354838,253.2258064516129,0.13477707006369427,0.03834394904458598,8,12
2026-01,墨西哥,iOS,Organic,Magic,63.67741935483871,36.41935483870968,253.2258064516129,0.25146496815286623,0.14382165605095543,2,2
2026-01,墨西哥,iOS,Organic,Makeup,43.74193548387097,24.516129032258064,253.2258064516129,0.17273885350318471,0.09681528662420383,6,5
2026-01,墨西哥,iOS,Organic,Matte,5.548387096774194,2.6129032258064515,253.2258064516129,0.02191082802547771,0.010318471337579618,36,26
2026-01,墨西哥,iOS,Organic,Muscle,8.096774193548388,2.4838709677419355,253.2258064516129,0.031974522292993635,0.00980891719745223,31,27
2026-01,墨西哥,iOS,Organic,Mykit,5.967741935483871,0.0,253.2258064516129,0.02356687898089172,0.0,34,43
2026-01,墨西哥,iOS,Organic,Plump,14.935483870967742,5.225806451612903,253.2258064516129,0.05898089171974522,0.020636942675159236,16,20
2026-01,墨西哥,iOS,Organic,Preset,10.774193548387096,0.8064516129032258,253.2258064516129,0.04254777070063694,0.003184713375796178,28,38
2026-01,墨西哥,iOS,Organic,Prism,2.225806451612903,0.5161290322580645,253.2258064516129,0.008789808917197451,0.002038216560509554,44,40
2026-01,墨西哥,iOS,Organic,Relight,20.258064516129032,7.935483870967742,253.2258064516129,0.08,0.0313375796178344,14,15
2026-01,墨西哥,iOS,Organic,Reshape,45.16129032258065,30.193548387096776,253.2258064516129,0.178343949044586,0.11923566878980893,5,4
2026-01,墨西哥,iOS,Organic,Resize,13.903225806451612,6.774193548387097,253.2258064516129,0.054904458598726114,0.0267515923566879,20,18
2026-01,墨西哥,iOS,Organic,Skin Tone,25.35483870967742,17.774193548387096,253.2258064516129,0.10012738853503185,0.07019108280254777,12,9
2026-01,墨西哥,iOS,Organic,Smooth,41.12903225806452,32.74193548387097,253.2258064516129,0.16242038216560511,0.12929936305732484,7,3
2026-01,墨西哥,iOS,Organic,Stamp,5.419354838709677,1.2580645161290323,253.2258064516129,0.02140127388535032,0.004968152866242038,39,34
2026-01,墨西哥,iOS,Organic,Teeth,14.516129032258064,0.0,253.2258064516129,0.05732484076433121,0.0,18,43
2026-01,墨西哥,iOS,Organic,Text,2.806451612903226,0.2903225806451613,253.2258064516129,0.011082802547770701,0.0011464968152866243,43,41
2026-01,墨西哥,iOS,Organic,Whiten,0.0,0.0,253.2258064516129,0.0,0.0,45,43
2026-01,墨西哥,iOS,non-Organic,AI Expand,1.1935483870967742,0.4838709677419355,14.129032258064516,0.08447488584474887,0.03424657534246575,17,12
2026-01,墨西哥,iOS,non-Organic,AI Image,2.935483870967742,0.3870967741935484,14.129032258064516,0.2077625570776256,0.0273972602739726,5,17
2026-01,墨西哥,iOS,non-Organic,AI Repair,2.0689655172413794,1.2413793103448276,14.129032258064516,0.1464336324988191,0.08786017949929145,7,2
2026-01,墨西哥,iOS,non-Organic,AI Replace,0.4482758620689655,0.20689655172413793,14.129032258064516,0.031727287041410805,0.014643363249881908,37,27
2026-01,墨西哥,iOS,non-Organic,AI Retouch,2.6774193548387095,1.032258064516129,14.129032258064516,0.18949771689497716,0.0730593607305936,6,5
2026-01,墨西哥,iOS,non-Organic,AI Tattoo,0.4666666666666667,0.1,14.129032258064516,0.033028919330289196,0.007077625570776256,34,34
2026-01,墨西哥,iOS,non-Organic,Acne,0.5217391304347826,0.30434782608695654,14.129032258064516,0.03692674210839785,0.021540599563232083,30,22
2026-01,墨西哥,iOS,non-Organic,Adjust,1.4193548387096775,0.3548387096774194,14.129032258064516,0.10045662100456622,0.025114155251141555,12,18
2026-01,墨西哥,iOS,non-Organic,Background,1.032258064516129,0.12903225806451613,14.129032258064516,0.0730593607305936,0.0091324200913242,20,33
2026-01,墨西哥,iOS,non-Organic,Blur,0.4827586206896552,0.20689655172413793,14.129032258064516,0.03416784758305779,0.014643363249881908,32,27
2026-01,墨西哥,iOS,non-Organic,Body,1.8333333333333333,1.1,14.129032258064516,0.1297564687975647,0.07785388127853882,8,4
2026-01,墨西哥,iOS,non-Organic,Bokeh,0.41935483870967744,0.03225806451612903,14.129032258064516,0.029680365296803655,0.00228310502283105,38,40
2026-01,墨西哥,iOS,non-Organic,Brighten,0.4782608695652174,0.13043478260869565,14.129032258064516,0.0338495135993647,0.009231685527099463,33,32
2026-01,墨西哥,iOS,non-Organic,Concealer,0.7391304347826086,0.391304347826087,14.129032258064516,0.052312884653563624,0.027695056581298394,25,16
2026-01,墨西哥,iOS,non-Organic,Contour,0.3,0.2,14.129032258064516,0.021232876712328767,0.014155251141552512,40,29
2026-01,墨西哥,iOS,non-Organic,Crop,0.5483870967741935,0.3225806451612903,14.129032258064516,0.03881278538812785,0.0228310502283105,29,20
2026-01,墨西哥,iOS,non-Organic,Dark Circles,0.5217391304347826,0.21739130434782608,14.129032258064516,0.03692674210839785,0.015386142545165772,30,26
2026-01,墨西哥,iOS,non-Organic,Details,0.5909090909090909,0.22727272727272727,14.129032258064516,0.041822332918223334,0.016085512660855127,28,25
2026-01,墨西哥,iOS,non-Organic,Effects,1.3225806451612903,0.03225806451612903,14.129032258064516,0.09360730593607305,0.00228310502283105,14,40
2026-01,墨西哥,iOS,non-Organic,Eraser,1.7741935483870968,0.967741935483871,14.129032258064516,0.12557077625570776,0.0684931506849315,9,6
2026-01,墨西哥,iOS,non-Organic,Expression,0.9,0.3333333333333333,14.129032258064516,0.0636986301369863,0.02359208523592085,24,19
2026-01,墨西哥,iOS,non-Organic,Eye Brighten,0.18181818181818182,0.13636363636363635,14.129032258064516,0.012868410128684102,0.009651307596513075,44,31
2026-01,墨西哥,iOS,non-Organic,Face,3.225806451612903,1.3548387096774193,14.129032258064516,0.228310502283105,0.0958904109589041,3,1
2026-01,墨西哥,iOS,non-Organic,Face Fix,1.3333333333333333,0.4666666666666667,14.129032258064516,0.0943683409436834,0.033028919330289196,13,14
2026-01,墨西哥,iOS,non-Organic,Filters,3.6774193548387095,0.41935483870967744,14.129032258064516,0.2602739726027397,0.029680365296803655,1,15
2026-01,墨西哥,iOS,non-Organic,Flawless,0.0,0.0,14.129032258064516,0.0,0.0,45,42
2026-01,墨西哥,iOS,non-Organic,Glitter,0.4666666666666667,0.1,14.129032258064516,0.033028919330289196,0.007077625570776256,34,34
2026-01,墨西哥,iOS,non-Organic,Glowup,1.1666666666666667,0.23333333333333334,14.129032258064516,0.08257229832572299,0.016514459665144598,18,24
2026-01,墨西哥,iOS,non-Organic,Hair,2.967741935483871,0.8387096774193549,14.129032258064516,0.21004566210045664,0.05936073059360731,4,8
2026-01,墨西哥,iOS,non-Organic,Magic,3.3870967741935485,1.1290322580645162,14.129032258064516,0.2397260273972603,0.07990867579908677,2,3
2026-01,墨西哥,iOS,non-Organic,Makeup,1.2258064516129032,0.4838709677419355,14.129032258064516,0.08675799086757992,0.03424657534246575,16,12
2026-01,墨西哥,iOS,non-Organic,Matte,0.21052631578947367,0.15789473684210525,14.129032258064516,0.014900264359528959,0.011175198269646719,42,30
2026-01,墨西哥,iOS,non-Organic,Muscle,0.6666666666666666,0.3,14.129032258064516,0.0471841704718417,0.021232876712328767,26,23
2026-01,墨西哥,iOS,non-Organic,Mykit,0.967741935483871,0.0,14.129032258064516,0.0684931506849315,0.0,22,42
2026-01,墨西哥,iOS,non-Organic,Plump,0.967741935483871,0.3225806451612903,14.129032258064516,0.0684931506849315,0.0228310502283105,22,20
2026-01,墨西哥,iOS,non-Organic,Preset,1.0,0.0967741935483871,14.129032258064516,0.07077625570776255,0.00684931506849315,21,37
2026-01,墨西哥,iOS,non-Organic,Prism,0.20689655172413793,0.034482758620689655,14.129032258064516,0.014643363249881908,0.0024405605416469847,43,38
2026-01,墨西哥,iOS,non-Organic,Relight,1.2903225806451613,0.5806451612903226,14.129032258064516,0.091324200913242,0.04109589041095891,15,11
2026-01,墨西哥,iOS,non-Organic,Reshape,1.6666666666666667,0.6333333333333333,14.129032258064516,0.11796042617960427,0.04482496194824962,10,10
2026-01,墨西哥,iOS,non-Organic,Resize,0.4666666666666667,0.1,14.129032258064516,0.033028919330289196,0.007077625570776256,34,34
2026-01,墨西哥,iOS,non-Organic,Skin Tone,1.0869565217391304,0.6521739130434783,14.129032258064516,0.07693071272582887,0.04615842763549732,19,9
2026-01,墨西哥,iOS,non-Organic,Smooth,1.4583333333333333,0.875,14.129032258064516,0.10321537290715373,0.06192922374429224,11,7
2026-01,墨西哥,iOS,non-Organic,Stamp,0.2413793103448276,0.034482758620689655,14.129032258064516,0.017083923791528895,0.0024405605416469847,41,38
2026-01,墨西哥,iOS,non-Organic,Teeth,0.6333333333333333,0.0,14.129032258064516,0.04482496194824962,0.0,27,42
2026-01,墨西哥,iOS,non-Organic,Text,0.3548387096774194,0.0,14.129032258064516,0.025114155251141555,0.0,39,42
2026-01,墨西哥,iOS,non-Organic,Whiten,0.0,0.0,14.129032258064516,0.0,0.0,45,42
2026-01,巴西,Android,Organic,AI Expand,86.2258064516129,38.483870967741936,4043.064516129032,0.02132684405792476,0.009518490445605777,32,24
2026-01,巴西,Android,Organic,AI Image,257.51612903225805,64.2258064516129,4043.064516129032,0.06369330195077193,0.015885427055491282,9,17
2026-01,巴西,Android,Organic,AI Repair,112.2258064516129,50.25806451612903,4043.064516129032,0.027757609606255236,0.012430685762157417,25,22
2026-01,巴西,Android,Organic,AI Replace,41.70967741935484,18.35483870967742,4043.064516129032,0.010316352176167871,0.004539833246898313,38,32
2026-01,巴西,Android,Organic,AI Retouch,527.741935483871,237.83870967741936,4043.064516129032,0.1305301791199585,0.058826345394343164,5,3
2026-01,巴西,Android,Organic,AI Tattoo,96.58064516129032,33.45161290322581,4043.064516129032,0.02388798021302908,0.008273826145928911,29,27
2026-01,巴西,Android,Organic,Acne,168.3548387096774,117.87096774193549,4043.064516129032,0.041640403718035665,0.0291538676347389,15,13
2026-01,巴西,Android,Organic,Adjust,249.70967741935485,136.32258064516128,4043.064516129032,0.06176247656281167,0.033717636733554074,10,11
2026-01,巴西,Android,Organic,Background,137.8709677419355,19.193548387096776,4043.064516129032,0.034100610364223884,0.004747277296844457,19,31
2026-01,巴西,Android,Organic,Blur,113.58064516129032,71.06451612903226,4043.064516129032,0.028092711533091314,0.01757689392428292,24,16
2026-01,巴西,Android,Organic,Body,197.6451612903226,120.83870967741936,4043.064516129032,0.04888498823153948,0.029887900426856028,13,12
2026-01,巴西,Android,Organic,Bokeh,49.38709677419355,15.35483870967742,4043.064516129032,0.012215263094905653,0.0037978218374755657,36,34
2026-01,巴西,Android,Organic,Brighten,96.03225806451613,47.935483870967744,4043.064516129032,0.023752343718833526,0.011856225316152711,30,23
2026-01,巴西,Android,Organic,Collarbone,0.0,0.0,4043.064516129032,0.0,0.0,45,43
2026-01,巴西,Android,Organic,Concealer,137.41935483870967,57.38709677419355,4043.064516129032,0.03398890972194518,0.014193960186699646,20,19
2026-01,巴西,Android,Organic,Contour,39.12903225806452,17.612903225806452,4043.064516129032,0.009678062791718196,0.0043563250488690315,39,33
2026-01,巴西,Android,Organic,Crop,195.1290322580645,151.32258064516128,4043.064516129032,0.04826265608170104,0.037427693780667806,14,10
2026-01,巴西,Android,Organic,Dark Circles,81.35483870967742,51.45161290322581,4043.064516129032,0.020122072844776,0.012725894602465393,33,20
2026-01,巴西,Android,Organic,Details,35.935483870967744,13.709677419354838,4043.064516129032,0.008888179678461724,0.0033909123548888976,41,38
2026-01,巴西,Android,Organic,Effects,151.70967741935485,10.516129032258064,4043.064516129032,0.037523437188335264,0.002601029241632425,17,40
2026-01,巴西,Android,Organic,Eraser,309.4193548387097,168.09677419354838,4043.064516129032,0.07653089719551602,0.041576574779590696,8,8
2026-01,巴西,Android,Organic,Expression,92.41935483870968,28.838709677419356,4043.064516129032,0.02285873858060398,0.007132883871225117,31,28
2026-01,巴西,Android,Organic,Eye Brighten,45.83870967741935,26.677419354838708,4043.064516129032,0.01133761519128735,0.006598316511748514,37,29
2026-01,巴西,Android,Organic,Face,559.7096774193549,242.29032258064515,4043.064516129032,0.13843698886982886,0.05992739458251885,3,2
2026-01,巴西,Android,Organic,Face Fix,110.48387096774194,23.64516129032258,4043.064516129032,0.027326764271751704,0.005848326485020146,26,30
2026-01,巴西,Android,Organic,Filters,592.516129032258,168.6451612903226,4043.064516129032,0.14655124266964534,0.04171221127378626,2,7
2026-01,巴西,Android,Organic,Flawless,0.0,0.0,4043.064516129032,0.0,0.0,45,43
2026-01,巴西,Android,Organic,Glitter,62.61290322580645,14.548387096774194,4043.064516129032,0.015486496190210235,0.0035983564048350423,35,36
2026-01,巴西,Android,Organic,Glowup,134.2258064516129,34.03225806451613,4043.064516129032,0.03319902660868871,0.008417441257430087,21,26
2026-01,巴西,Android,Organic,Hair,531.3870967741935,187.74193548387098,4043.064516129032,0.13143176287549369,0.04643555271871385,4,6
2026-01,巴西,Android,Organic,Magic,604.8709677419355,319.64516129032256,4043.064516129032,0.14960705309769817,0.07906011888139786,1,1
2026-01,巴西,Android,Organic,Makeup,387.7741935483871,213.0,4043.064516129032,0.09591095863086926,0.05268281006901504,6,5
2026-01,巴西,Android,Organic,Matte,34.67741935483871,13.741935483870968,4043.064516129032,0.008577013603542507,0.003398890972194519,42,37
2026-01,巴西,Android,Organic,Muscle,103.48387096774194,36.193548387096776,4043.064516129032,0.025595404316431963,0.00895200861690669,27,25
2026-01,巴西,Android,Organic,Mykit,63.0,0.0,4043.064516129032,0.015582239597877688,0.0,34,43
2026-01,巴西,Android,Organic,Plump,157.74193548387098,63.03225806451613,4043.064516129032,0.03901543862448638,0.015590218215183308,16,18
2026-01,巴西,Android,Organic,Preset,123.12903225806451,14.903225806451612,4043.064516129032,0.03045438225555511,0.0036861211951968722,23,35
2026-01,巴西,Android,Organic,Prism,30.580645161290324,10.741935483870968,4043.064516129032,0.007563729205728648,0.002656879562771772,44,39
2026-01,巴西,Android,Organic,Relight,234.29032258064515,110.70967741935483,4043.064516129032,0.05794869749072486,0.027382614592891052,11,14
2026-01,巴西,Android,Organic,Reshape,314.6774193548387,213.1290322580645,4043.064516129032,0.07783141181633223,0.05271472453823752,7,4
2026-01,巴西,Android,Organic,Resize,102.96774193548387,50.935483870967744,4043.064516129032,0.025467746439542027,0.012598236725575458,28,21
2026-01,巴西,Android,Organic,Skin Tone,141.58064516129033,84.25806451612904,4043.064516129032,0.035018151354370294,0.020840148402281888,18,15
2026-01,巴西,Android,Organic,Smooth,226.38709677419354,161.09677419354838,4043.064516129032,0.055993936250847726,0.039845214824270954,12,9
2026-01,巴西,Android,Organic,Stamp,33.483870967741936,7.161290322580645,4043.064516129032,0.008281804763234531,0.0017712530418478479,43,41
2026-01,巴西,Android,Organic,Teeth,127.74193548387096,0.0,4043.064516129032,0.03159532453025891,0.0,22,43
2026-01,巴西,Android,Organic,Text,38.483870967741936,5.32258064516129,4043.064516129032,0.009518490445605777,0.0013164718554274544,40,42
2026-01,巴西,Android,Organic,Whiten,0.0,0.0,4043.064516129032,0.0,0.0,45,43
2026-01,巴西,Android,non-Organic,AI Expand,640.258064516129,291.0,19178.83870967742,0.03338356791086951,0.015172972900239511,24,20
2026-01,巴西,Android,non-Organic,AI Image,3964.935483870968,1556.225806451613,19178.83870967742,0.20673490944320352,0.08114285906509863,2,4
2026-01,巴西,Android,non-Organic,AI Repair,604.0645161290323,262.93548387096774,19178.83870967742,0.031496407330660135,0.013709666567991602,25,22
2026-01,巴西,Android,non-Organic,AI Replace,210.70967741935485,101.3225806451613,19178.83870967742,0.010986571220969348,0.005283040447805377,39,35
2026-01,巴西,Android,non-Organic,AI Retouch,3893.3225806451615,1941.7096774193549,19178.83870967742,0.2030009553540192,0.10124229661723942,4,1
2026-01,巴西,Android,non-Organic,AI Tattoo,763.483870967742,299.03225806451616,19178.83870967742,0.039808660082348825,0.015591781264296672,21,19
2026-01,巴西,Android,non-Organic,Acne,455.2903225806452,225.96774193548387,19178.83870967742,0.02373920180844479,0.011782138916547807,30,25
2026-01,巴西,Android,non-Organic,Adjust,833.741935483871,364.9032258064516,19178.83870967742,0.04347197179687289,0.019026346241825667,17,16
2026-01,巴西,Android,non-Organic,Background,993.4193548387096,243.4516129032258,19178.83870967742,0.051797680238973055,0.012693761941925239,14,23
2026-01,巴西,Android,non-Organic,Blur,302.4516129032258,141.29032258064515,19178.83870967742,0.015770069162248712,0.007366990500282568,34,30
2026-01,巴西,Android,non-Organic,Body,1039.2903225806451,584.0,19178.83870967742,0.05418942920961274,0.030450227401167953,12,10
2026-01,巴西,Android,non-Organic,Bokeh,172.90322580645162,53.61290322580645,19178.83870967742,0.009015312575688259,0.0027954196829839337,43,39
2026-01,巴西,Android,non-Organic,Brighten,576.6451612903226,265.38709677419354,19178.83870967742,0.030066740224440912,0.013837495626900615,27,21
2026-01,巴西,Android,non-Organic,Collarbone,0.0,0.0,19178.83870967742,0.0,0.0,45,44
2026-01,巴西,Android,non-Organic,Concealer,860.9354838709677,362.1290322580645,19178.83870967742,0.04488986517398207,0.01888169756990231,16,17
2026-01,巴西,Android,non-Organic,Contour,210.83870967741936,100.41935483870968,19178.83870967742,0.010993299066175084,0.0052359455313652145,38,36
2026-01,巴西,Android,non-Organic,Crop,679.3548387096774,458.4193548387097,19178.83870967742,0.03542210500820797,0.023902352054683926,23,14
2026-01,巴西,Android,non-Organic,Dark Circles,382.80645161290323,180.61290322580646,19178.83870967742,0.019959834764121748,0.009417301326731074,33,26
2026-01,巴西,Android,non-Organic,Details,182.16129032258064,68.19354838709677,19178.83870967742,0.009498035469199924,0.0035556661912322716,42,38
2026-01,巴西,Android,non-Organic,Effects,1028.5806451612902,147.29032258064515,19178.83870967742,0.05363101805753653,0.007679835302349363,13,28
2026-01,巴西,Android,non-Organic,Eraser,1582.7096774193549,695.516129032258,19178.83870967742,0.08252374929357625,0.03626476762022659,8,8
2026-01,巴西,Android,non-Organic,Expression,454.5483870967742,172.67741935483872,19178.83870967742,0.0237005166985118,0.009003538846578217,31,27
2026-01,巴西,Android,non-Organic,Eye Brighten,239.29032258064515,109.06451612903226,19178.83870967742,0.012476788934040204,0.005686711160149627,37,34
2026-01,巴西,Android,non-Organic,Face,3446.8709677419356,1365.225806451613,19178.83870967742,0.17972261094216743,0.07118396619930568,6,5
2026-01,巴西,Android,non-Organic,Face Fix,523.3225806451613,147.09677419354838,19178.83870967742,0.027286458193169893,0.007669743534540757,28,29
2026-01,巴西,Android,non-Organic,Filters,3804.0,1037.225806451613,19178.83870967742,0.1983436045103474,0.054081783686320946,5,7
2026-01,巴西,Android,non-Organic,Flawless,0.0,0.0,19178.83870967742,0.0,0.0,45,44
2026-01,巴西,Android,non-Organic,Glitter,438.4193548387097,116.06451612903226,19178.83870967742,0.022859536047794612,0.0060516967625608865,32,32
2026-01,巴西,Android,non-Organic,Glowup,815.258064516129,228.48387096774192,19178.83870967742,0.042508207971151,0.011913331898059688,18,24
2026-01,巴西,Android,non-Organic,Hair,4596.903225806452,1783.3870967741937,19178.83870967742,0.2396862132996044,0.09298723054979952,1,3
2026-01,巴西,Android,non-Organic,Magic,3916.2580645161293,1855.5806451612902,19178.83870967742,0.20419682983933907,0.09675145994240963,3,2
2026-01,巴西,Android,non-Organic,Makeup,2640.548387096774,1320.3870967741937,19178.83870967742,0.13768030625151376,0.0688460399903119,7,6
2026-01,巴西,Android,non-Organic,Matte,192.7741935483871,68.87096774193549,19178.83870967742,0.010051400737371834,0.003590987378562394,40,37
2026-01,巴西,Android,non-Organic,Muscle,805.4516129032259,302.1290322580645,19178.83870967742,0.04199689173551495,0.01575324954923437,19,18
2026-01,巴西,Android,non-Organic,Mykit,468.7741935483871,0.0,19178.83870967742,0.024442261632444357,0.0,29,44
2026-01,巴西,Android,non-Organic,Plump,1093.0645161290322,516.4516129032259,19178.83870967742,0.05699325869910384,0.02692820043596437,11,11
2026-01,巴西,Android,non-Organic,Preset,798.5806451612904,132.2258064516129,19178.83870967742,0.04163863397830943,0.006894359374579509,20,31
2026-01,巴西,Android,non-Organic,Prism,131.3548387096774,51.774193548387096,19178.83870967742,0.006848946419440781,0.0026995478888021743,44,40
2026-01,巴西,Android,non-Organic,Relight,1471.6129032258063,680.9354838709677,19178.83870967742,0.07673107457143626,0.03550452111197825,9,9
2026-01,巴西,Android,non-Organic,Reshape,1114.4193548387098,491.2903225806452,19178.83870967742,0.05810671708065341,0.025616270620845556,10,12
2026-01,巴西,Android,non-Organic,Resize,268.35483870967744,113.12903225806451,19178.83870967742,0.01399223606663258,0.0058986382841303584,36,33
2026-01,巴西,Android,non-Organic,Skin Tone,761.9677419354839,396.83870967741933,19178.83870967742,0.03972960790118141,0.020691487930245698,22,15
2026-01,巴西,Android,non-Organic,Smooth,915.7741935483871,478.258064516129,19178.83870967742,0.04774919938642051,0.024936758255066065,15,13
2026-01,巴西,Android,non-Organic,Stamp,183.6451612903226,34.935483870967744,19178.83870967742,0.009575405689065905,0.0018215640894534298,41,41
2026-01,巴西,Android,non-Organic,Teeth,600.9354838709677,0.12903225806451613,19178.83870967742,0.031333257084420994,6.727845205737506e-06,26,43
2026-01,巴西,Android,non-Organic,Text,278.38709677419354,32.38709677419355,19178.83870967742,0.014515326031378669,0.0016886891466401143,35,42
2026-01,巴西,Android,non-Organic,Whiten,0.0,0.0,19178.83870967742,0.0,0.0,45,44
2026-01,巴西,iOS,Organic,AI Expand,134.48387096774192,53.54838709677419,5051.774193548387,0.026621116822579095,0.010599916988601896,32,26
2026-01,巴西,iOS,Organic,AI Image,248.19354838709677,25.838709677419356,5051.774193548387,0.0491299766929536,0.005114779221608506,25,33
2026-01,巴西,iOS,Organic,AI Repair,212.09677419354838,78.90322580645162,5051.774193548387,0.04198461096389004,0.015618913827783276,28,24
2026-01,巴西,iOS,Organic,AI Replace,63.354838709677416,22.677419354838708,5051.774193548387,0.01254110660579164,0.004489000989751284,41,34
2026-01,巴西,iOS,Organic,AI Retouch,1050.225806451613,398.8709677419355,5051.774193548387,0.20789246831199515,0.0789566105807605,5,7
2026-01,巴西,iOS,Organic,AI Tattoo,99.38709677419355,19.64516129032258,5051.774193548387,0.01967370135053159,0.003888764726541298,36,35
2026-01,巴西,iOS,Organic,Acne,707.5806451612904,558.6129032258065,5051.774193548387,0.14006577056926664,0.11057756776603557,10,5
2026-01,巴西,iOS,Organic,Adjust,653.3225806451613,278.5483870967742,5051.774193548387,0.12932537275310496,0.05513872481721529,11,11
2026-01,巴西,iOS,Organic,Background,238.48387096774192,17.258064516129032,5051.774193548387,0.04720794355224928,0.0034162383065674787,26,38
2026-01,巴西,iOS,Organic,Blur,328.16129032258067,217.03225806451613,5051.774193548387,0.06495961176207657,0.04296159126464672,20,15
2026-01,巴西,iOS,Organic,Body,652.4516129032259,455.16129032258067,5051.774193548387,0.12915296446473612,0.09009929440311612,12,6
2026-01,巴西,iOS,Organic,Bokeh,124.48387096774194,37.38709677419355,5051.774193548387,0.024641614252418505,0.0074007854155359026,33,30
2026-01,巴西,iOS,Organic,Brighten,221.83870967741936,118.41935483870968,5051.774193548387,0.04391302959675617,0.02344114172599853,27,21
2026-01,巴西,iOS,Organic,Concealer,318.7741935483871,143.41935483870967,5051.774193548387,0.06310143354299032,0.028389898151400014,21,19
2026-01,巴西,iOS,Organic,Contour,88.83870967741936,45.87096774193548,5051.774193548387,0.017585645413620257,0.009080169854091503,37,28
2026-01,巴西,iOS,Organic,Crop,329.64516129032256,241.19354838709677,5051.774193548387,0.06525334440151974,0.04774432489384119,19,12
2026-01,巴西,iOS,Organic,Dark Circles,255.06451612903226,206.16129032258064,5051.774193548387,0.05049008652341879,0.0408096804061173,24,17
2026-01,巴西,iOS,Organic,Details,88.29032258064517,28.580645161290324,5051.774193548387,0.01747709204686951,0.005657546055362217,38,32
2026-01,巴西,iOS,Organic,Effects,316.5806451612903,2.5161290322580645,5051.774193548387,0.06266722007598735,0.0004980683886210529,22,42
2026-01,巴西,iOS,Organic,Eraser,617.4516129032259,353.2258064516129,5051.774193548387,0.12222470546917404,0.06992113917180166,13,10
2026-01,巴西,iOS,Organic,Expression,203.48387096774192,45.16129032258065,5051.774193548387,0.0402796845566872,0.00893968902653172,29,29
2026-01,巴西,iOS,Organic,Eye Brighten,122.45161290322581,87.93548387096774,5051.774193548387,0.024239328246224576,0.01740685163308962,34,23
2026-01,巴西,iOS,Organic,Face,1463.8064516129032,585.1290322580645,5051.774193548387,0.28976086331854023,0.11582644232304204,2,4
2026-01,巴西,iOS,Organic,Face Fix,288.38709677419354,52.903225806451616,5051.774193548387,0.05708629992656684,0.010472207145365729,23,27
2026-01,巴西,iOS,Organic,Filters,1484.2903225806451,239.0,5051.774193548387,0.2938156508412886,0.04731011142683822,1,14
2026-01,巴西,iOS,Organic,Flawless,0.0,0.0,5051.774193548387,0.0,0.0,45,43
2026-01,巴西,iOS,Organic,Glitter,105.06451612903226,13.35483870967742,5051.774193548387,0.020797547971009866,0.002643593754988666,35,39
2026-01,巴西,iOS,Organic,Glowup,358.38709677419354,88.0,5051.774193548387,0.070942817917691,0.017419622617413238,18,22
2026-01,巴西,iOS,Organic,Hair,722.5483870967741,202.7741935483871,5051.774193548387,0.1430286389323457,0.04013920372912742,9,18
2026-01,巴西,iOS,Organic,Magic,1410.3870967741937,799.516129032258,5051.774193548387,0.2791864882985856,0.15826442323042048,3,2
2026-01,巴西,iOS,Organic,Makeup,791.8709677419355,388.0967741935484,5051.774193548387,0.1567510615880719,0.07682385619871651,8,9
2026-01,巴西,iOS,Organic,Matte,81.87096774193549,37.38709677419355,5051.774193548387,0.016206379106669645,0.0074007854155359026,40,30
2026-01,巴西,iOS,Organic,Muscle,193.8709677419355,57.193548387096776,5051.774193548387,0.03837680789246831,0.011321477602886243,31,25
2026-01,巴西,iOS,Organic,Mykit,84.58064516129032,0.0,5051.774193548387,0.01674276044826155,0.0,39,43
2026-01,巴西,iOS,Organic,Plump,385.7741935483871,128.16129032258064,5051.774193548387,0.07636410076306631,0.025369560358864656,16,20
2026-01,巴西,iOS,Organic,Preset,200.58064516129033,18.64516129032258,5051.774193548387,0.03970499026212446,0.0036908144695252383,30,36
2026-01,巴西,iOS,Organic,Prism,59.58064516129032,18.612903225806452,5051.774193548387,0.011794004022860061,0.00368442897736343,42,37
2026-01,巴西,iOS,Organic,Relight,835.3225806451613,395.83870967741933,5051.774193548387,0.16535231953002777,0.07835637431755052,7,8
2026-01,巴西,iOS,Organic,Reshape,1271.5483870967741,991.9354838709677,5051.774193548387,0.25170333003416234,0.1963538839756074,4,1
2026-01,巴西,iOS,Organic,Resize,411.5483870967742,212.09677419354838,5051.774193548387,0.0814661090003512,0.04198461096389004,15,16
2026-01,巴西,iOS,Organic,Skin Tone,374.38709677419354,239.16129032258064,5051.774193548387,0.07411002202994796,0.047342038887647264,17,13
2026-01,巴西,iOS,Organic,Smooth,948.8387096774194,776.1290322580645,5051.774193548387,0.18782286644743143,0.1536349414131094,6,3
2026-01,巴西,iOS,Organic,Stamp,59.0,12.870967741935484,5051.774193548387,0.01167906516394751,0.0025478113725615403,43,40
2026-01,巴西,iOS,Organic,Teeth,413.7096774193548,0.0,5051.774193548387,0.08189393697519236,0.0,14,43
2026-01,巴西,iOS,Organic,Text,43.29032258064516,3.064516129032258,5051.774193548387,0.008569330481146834,0.0006066217553717953,44,41
2026-01,巴西,iOS,Organic,Whiten,0.0,0.0,5051.774193548387,0.0,0.0,45,43
2026-01,巴西,iOS,non-Organic,AI Expand,1.3548387096774193,0.4838709677419355,34.41935483870968,0.03936269915651358,0.014058106841611996,29,28
2026-01,巴西,iOS,non-Organic,AI Image,5.612903225806452,0.6774193548387096,34.41935483870968,0.16307403936269915,0.01968134957825679,7,24
2026-01,巴西,iOS,non-Organic,AI Repair,2.967741935483871,1.2580645161290323,34.41935483870968,0.08622305529522024,0.03655107778819119,17,13
2026-01,巴西,iOS,non-Organic,AI Replace,1.0,0.3870967741935484,34.41935483870968,0.029053420805998122,0.011246485473289596,33,31
2026-01,巴西,iOS,non-Organic,AI Retouch,6.935483870967742,2.3548387096774195,34.41935483870968,0.2014995313964386,0.06841611996251172,5,7
2026-01,巴西,iOS,non-Organic,AI Tattoo,0.8709677419354839,0.41935483870967744,34.41935483870968,0.02530459231490159,0.012183692596063729,35,30
2026-01,巴西,iOS,non-Organic,Acne,2.064516129032258,1.4838709677419355,34.41935483870968,0.05998125585754451,0.04311152764761012,22,10
2026-01,巴西,iOS,non-Organic,Adjust,3.6774193548387095,1.1290322580645162,34.41935483870968,0.10684161199625115,0.03280224929709466,14,16
2026-01,巴西,iOS,non-Organic,Background,2.225806451612903,0.22580645161290322,34.41935483870968,0.06466729147141517,0.006560449859418931,20,34
2026-01,巴西,iOS,non-Organic,Blur,1.2903225806451613,0.6451612903225806,34.41935483870968,0.03748828491096532,0.01874414245548266,31,25
2026-01,巴西,iOS,non-Organic,Body,4.645161290322581,3.3548387096774195,34.41935483870968,0.13495782567947517,0.09746954076850983,8,4
2026-01,巴西,iOS,non-Organic,Bokeh,0.8064516129032258,0.16129032258064516,34.41935483870968,0.023430178069353325,0.004686035613870665,37,36
2026-01,巴西,iOS,non-Organic,Brighten,1.3548387096774193,0.7419354838709677,34.41935483870968,0.03936269915651358,0.02155576382380506,29,22
2026-01,巴西,iOS,non-Organic,Concealer,1.6451612903225807,0.7419354838709677,34.41935483870968,0.04779756326148079,0.02155576382380506,28,22
2026-01,巴西,iOS,non-Organic,Contour,0.5714285714285714,0.35714285714285715,34.41935483870968,0.01660195474628464,0.010376221716427901,41,32
2026-01,巴西,iOS,non-Organic,Crop,1.7419354838709677,1.2903225806451613,34.41935483870968,0.05060918462980318,0.03748828491096532,27,12
2026-01,巴西,iOS,non-Organic,Dark Circles,0.7096774193548387,0.6451612903225806,34.41935483870968,0.020618556701030927,0.01874414245548266,40,25
2026-01,巴西,iOS,non-Organic,Details,0.5714285714285714,0.25,34.41935483870968,0.01660195474628464,0.007263355201499531,41,33
2026-01,巴西,iOS,non-Organic,Effects,3.032258064516129,0.03225806451612903,34.41935483870968,0.0880974695407685,0.000937207122774133,15,41
2026-01,巴西,iOS,non-Organic,Eraser,4.419354838709677,2.5806451612903225,34.41935483870968,0.12839737582005623,0.07497656982193064,9,6
2026-01,巴西,iOS,non-Organic,Expression,2.806451612903226,0.6451612903225806,34.41935483870968,0.08153701968134958,0.01874414245548266,18,25
2026-01,巴西,iOS,non-Organic,Eye Brighten,0.9285714285714286,0.42857142857142855,34.41935483870968,0.026978176462712545,0.01245146605971348,34,29
2026-01,巴西,iOS,non-Organic,Face,10.03225806451613,4.387096774193548,34.41935483870968,0.2914714151827554,0.12746016869728208,1,2
2026-01,巴西,iOS,non-Organic,Face Fix,4.129032258064516,1.1935483870967742,34.41935483870968,0.11996251171508902,0.03467666354264292,10,15
2026-01,巴西,iOS,non-Organic,Filters,9.225806451612904,1.3225806451612903,34.41935483870968,0.26804123711340205,0.038425492033739454,3,11
2026-01,巴西,iOS,non-Organic,Flawless,0.0,0.0,34.41935483870968,0.0,0.0,45,43
2026-01,巴西,iOS,non-Organic,Glitter,0.8387096774193549,0.1935483870967742,34.41935483870968,0.024367385192127458,0.005623242736644798,36,35
2026-01,巴西,iOS,non-Organic,Glowup,3.967741935483871,0.8064516129032258,34.41935483870968,0.11527647610121836,0.023430178069353325,12,19
2026-01,巴西,iOS,non-Organic,Hair,7.129032258064516,2.129032258064516,34.41935483870968,0.2071227741330834,0.06185567010309278,4,8
2026-01,巴西,iOS,non-Organic,Magic,9.612903225806452,4.451612903225806,34.41935483870968,0.27928772258669166,0.12933458294283035,2,1
2026-01,巴西,iOS,non-Organic,Makeup,4.0,1.7096774193548387,34.41935483870968,0.11621368322399249,0.04967197750702905,11,9
2026-01,巴西,iOS,non-Organic,Matte,0.3448275862068966,0.13793103448275862,34.41935483870968,0.01001842096758556,0.004007368387034224,44,38
2026-01,巴西,iOS,non-Organic,Muscle,2.193548387096774,0.8064516129032258,34.41935483870968,0.06373008434864104,0.023430178069353325,21,19
2026-01,巴西,iOS,non-Organic,Mykit,1.2580645161290323,0.0,34.41935483870968,0.03655107778819119,0.0,32,43
2026-01,巴西,iOS,non-Organic,Plump,2.4193548387096775,0.8064516129032258,34.41935483870968,0.07029053420805997,0.023430178069353325,19,19
2026-01,巴西,iOS,non-Organic,Preset,2.0,0.03225806451612903,34.41935483870968,0.058106841611996245,0.000937207122774133,23,41
2026-01,巴西,iOS,non-Organic,Prism,0.3548387096774194,0.12903225806451613,34.41935483870968,0.010309278350515464,0.003748828491096532,43,39
2026-01,巴西,iOS,non-Organic,Relight,3.0,1.2580645161290323,34.41935483870968,0.08716026241799438,0.03655107778819119,16,13
2026-01,巴西,iOS,non-Organic,Reshape,5.903225806451613,3.7096774193548385,34.41935483870968,0.17150890346766634,0.10777881911902529,6,3
2026-01,巴西,iOS,non-Organic,Resize,2.0,0.8709677419354839,34.41935483870968,0.058106841611996245,0.02530459231490159,23,18
2026-01,巴西,iOS,non-Organic,Skin Tone,1.8064516129032258,0.9032258064516129,34.41935483870968,0.05248359887535145,0.026241799437675725,25,17
2026-01,巴西,iOS,non-Organic,Smooth,3.7096774193548385,2.774193548387097,34.41935483870968,0.10777881911902529,0.08059981255857544,13,5
2026-01,巴西,iOS,non-Organic,Stamp,0.7741935483870968,0.16129032258064516,34.41935483870968,0.02249297094657919,0.004686035613870665,38,36
2026-01,巴西,iOS,non-Organic,Teeth,1.7741935483870968,0.0,34.41935483870968,0.05154639175257732,0.0,26,43
2026-01,巴西,iOS,non-Organic,Text,0.7741935483870968,0.06451612903225806,34.41935483870968,0.02249297094657919,0.001874414245548266,38,40
2026-01,巴西,iOS,non-Organic,Whiten,0.0,0.0,34.41935483870968,0.0,0.0,45,43
2026-01,整体,Android,Organic,AI Expand,367.83870967741933,141.80645161290323,9377.838709677419,0.03922425209742943,0.015121442797535715,28,24
2026-01,整体,Android,Organic,AI Image,941.516129032258,187.0,9377.838709677419,0.10039798701812441,0.019940628730053353,7,20
2026-01,整体,Android,Organic,AI Repair,513.6774193548387,245.80645161290323,9377.838709677419,0.05477567222656021,0.026211418134035977,20,16
2026-01,整体,Android,Organic,AI Replace,272.7096774193548,119.87096774193549,9377.838709677419,0.029080226890438335,0.012782366113658489,36,26
2026-01,整体,Android,Organic,AI Retouch,1637.967741935484,703.8709677419355,9377.838709677419,0.17466367173122635,0.07505684300323688,4,3
2026-01,整体,Android,Organic,AI Tattoo,250.19354838709677,69.06451612903226,9377.838709677419,0.02667923347081142,0.007364651735560501,38,34
2026-01,整体,Android,Organic,Acne,528.4193548387096,349.16129032258067,9377.838709677419,0.05634766935087182,0.03723259709748103,17,12
2026-01,整体,Android,Organic,Adjust,813.1935483870968,405.1290322580645,9377.838709677419,0.08671438841744264,0.04320068246002071,10,10
2026-01,整体,Android,Organic,Background,624.8064516129032,83.06451612903226,9377.838709677419,0.06662584748532058,0.008857533030858613,14,31
2026-01,整体,Android,Organic,Blur,496.8709677419355,235.58064516129033,9377.838709677419,0.05298352670847194,0.025120995621110857,22,18
2026-01,整体,Android,Organic,Body,480.51612903225805,271.48387096774195,9377.838709677419,0.051239538651522296,0.028949513781633435,23,15
2026-01,整体,Android,Organic,Bokeh,417.741935483871,236.06451612903226,9377.838709677419,0.04454565155325012,0.025172592900902267,26,17
2026-01,整体,Android,Organic,Brighten,329.2258064516129,166.61290322580646,9377.838709677419,0.03510678917007496,0.01776666334150864,32,22
2026-01,整体,Android,Organic,Collarbone,0.0,0.0,9377.838709677419,0.0,0.0,45,43
2026-01,整体,Android,Organic,Concealer,408.8709677419355,177.80645161290323,9377.838709677419,0.04359970142374094,0.018960280414016574,27,21
2026-01,整体,Android,Organic,Contour,160.7741935483871,73.6774193548387,9377.838709677419,0.017144056165358964,0.007856545802905271,41,33
2026-01,整体,Android,Organic,Crop,527.9677419354839,392.0,9377.838709677419,0.05629951188973318,0.04180067626834714,18,11
2026-01,整体,Android,Organic,Dark Circles,256.06451612903226,159.3548387096774,9377.838709677419,0.027305280465613854,0.016992704144637494,37,23
2026-01,整体,Android,Organic,Details,155.09677419354838,68.45161290322581,9377.838709677419,0.016538648082473094,0.00729929518115805,42,35
2026-01,整体,Android,Organic,Effects,632.2258064516129,34.064516129032256,9377.838709677419,0.06741700577545552,0.0036324484973152215,13,40
2026-01,整体,Android,Organic,Eraser,883.5483870967741,432.35483870967744,9377.838709677419,0.09421663289911356,0.04610388940295068,8,8
2026-01,整体,Android,Organic,Expression,345.16129032258067,98.51612903225806,9377.838709677419,0.03680605958453871,0.010505206165530955,30,29
2026-01,整体,Android,Organic,Eye Brighten,184.61290322580646,115.48387096774194,9377.838709677419,0.019686082149749068,0.012314550776883045,39,27
2026-01,整体,Android,Organic,Face,1817.967741935484,746.1935483870968,9377.838709677419,0.19385785981363066,0.07956988507565882,3,2
2026-01,整体,Android,Organic,Face Fix,431.2903225806452,88.6774193548387,9377.838709677419,0.045990375387409584,0.009456061476438963,24,30
2026-01,整体,Android,Organic,Filters,2097.3870967741937,480.51612903225805,9377.838709677419,0.2236535689838432,0.051239538651522296,1,7
2026-01,整体,Android,Organic,Flawless,0.0,0.0,9377.838709677419,0.0,0.0,45,43
2026-01,整体,Android,Organic,Glitter,335.741935483871,51.67741935483871,9377.838709677419,0.0358016325379326,0.0055105894817225245,31,39
2026-01,整体,Android,Organic,Glowup,508.93548387096774,136.19354838709677,9377.838709677419,0.05427001888460441,0.014522914351955366,21,25
2026-01,整体,Android,Organic,Hair,1591.5483870967741,488.3225806451613,9377.838709677419,0.16971377268990379,0.052071974765490366,5,6
2026-01,整体,Android,Organic,Magic,1984.4193548387098,949.1935483870968,9377.838709677419,0.2116073240618755,0.10121666385748145,2,1
2026-01,整体,Android,Organic,Makeup,1132.516129032258,544.8064516129032,9377.838709677419,0.12076515326112008,0.05809509722647422,6,5
2026-01,整体,Android,Organic,Matte,144.51612903225808,60.516129032258064,9377.838709677419,0.01541038756436761,0.006453099792578936,44,37
2026-01,整体,Android,Organic,Muscle,273.2258064516129,80.64516129032258,9377.838709677419,0.029135263988882512,0.008599546631901567,35,32
2026-01,整体,Android,Organic,Mykit,420.9032258064516,0.0,9377.838709677419,0.044882753781220655,0.0,25,43
2026-01,整体,Android,Organic,Plump,533.5483870967741,204.83870967741936,9377.838709677419,0.05689460051666076,0.02184284844502998,16,19
2026-01,整体,Android,Organic,Preset,623.8387096774194,63.61290322580645,9377.838709677419,0.06652265292573777,0.006783322383243955,15,36
2026-01,整体,Android,Organic,Prism,145.93548387096774,52.87096774193548,9377.838709677419,0.015561739585089076,0.005637862771874667,43,38
2026-01,整体,Android,Organic,Relight,689.1290322580645,301.2258064516129,9377.838709677419,0.07348484587892527,0.03212102657947873,12,14
2026-01,整体,Android,Organic,Reshape,741.1935483870968,417.19354838709677,9377.838709677419,0.07903671318448093,0.04448717463615318,11,9
2026-01,整体,Android,Organic,Resize,278.83870967741933,115.25806451612904,9377.838709677419,0.029733792434462857,0.01229047204631372,33,28
2026-01,整体,Android,Organic,Skin Tone,517.7741935483871,326.1290322580645,9377.838709677419,0.05521252919546082,0.03477656657940994,19,13
2026-01,整体,Android,Organic,Smooth,845.1290322580645,598.4516129032259,9377.838709677419,0.09011980888367566,0.06381551564601515,9,4
2026-01,整体,Android,Organic,Stamp,172.29032258064515,29.806451612903224,9377.838709677419,0.018372071424394506,0.003178392435150819,40,41
2026-01,整体,Android,Organic,Teeth,358.5483870967742,0.0,9377.838709677419,0.03823358432543437,0.0,29,43
2026-01,整体,Android,Organic,Text,278.48387096774195,22.93548387096774,9377.838709677419,0.02969595442928249,0.0024457110621128055,34,42
2026-01,整体,Android,Organic,Whiten,0.0,0.0,9377.838709677419,0.0,0.0,45,43
2026-01,整体,Android,non-Organic,AI Expand,782.1935483870968,342.0,21614.129032258064,0.03618899226611028,0.015822983174088635,25,19
2026-01,整体,Android,non-Organic,AI Image,4297.774193548387,1607.774193548387,21614.129032258064,0.19884096125891368,0.07438533336915219,5,4
2026-01,整体,Android,non-Organic,AI Repair,798.6129032258065,362.741935483871,21614.129032258064,0.03694865067354389,0.016782630238881973,23,18
2026-01,整体,Android,non-Organic,AI Replace,300.4516129032258,142.32258064516128,21614.129032258064,0.013900704139168225,0.006584701166202514,37,32
2026-01,整体,Android,non-Organic,AI Retouch,4355.645161290323,2128.0,21614.129032258064,0.2015184213432671,0.09845411752766262,4,1
2026-01,整体,Android,non-Organic,AI Tattoo,824.5483870967741,315.258064516129,21614.129032258064,0.03814858261770228,0.014585739913258651,22,21
2026-01,整体,Android,non-Organic,Acne,533.2258064516129,266.0,21614.129032258064,0.024670242583256473,0.012306764690957827,31,24
2026-01,整体,Android,non-Organic,Adjust,1007.516129032258,423.3225806451613,21614.129032258064,0.04661377414415302,0.019585456347251947,16,16
2026-01,整体,Android,non-Organic,Background,1158.9032258064517,273.4193548387097,21614.129032258064,0.053617854509744226,0.012650028804336471,14,23
2026-01,整体,Android,non-Organic,Blur,375.64516129032256,170.90322580645162,21614.129032258064,0.01737961130562744,0.007907014229043725,34,29
2026-01,整体,Android,non-Organic,Body,1166.5806451612902,647.0967741935484,21614.129032258064,0.05397305824445777,0.02993860049728523,13,10
2026-01,整体,Android,non-Organic,Bokeh,223.74193548387098,68.51612903225806,21614.129032258064,0.010351651697366418,0.003169969464418436,42,39
2026-01,整体,Android,non-Organic,Brighten,648.516129032258,300.19354838709677,21614.129032258064,0.03000426841462723,0.013888764517833318,27,22
2026-01,整体,Android,non-Organic,Collarbone,0.0,0.0,21614.129032258064,0.0,0.0,45,44
2026-01,整体,Android,non-Organic,Concealer,954.9032258064516,400.35483870967744,21614.129032258064,0.04417958384449837,0.018522830048445016,18,17
2026-01,整体,Android,non-Organic,Contour,248.3548387096774,116.19354838709677,21614.129032258064,0.011490393082183399,0.005375814506042941,39,36
2026-01,整体,Android,non-Organic,Crop,797.3225806451613,537.8709677419355,21614.129032258064,0.036888952566869346,0.024885155767284842,24,14
2026-01,整体,Android,non-Organic,Dark Circles,431.93548387096774,206.70967741935485,21614.129032258064,0.019983941209304548,0.009563636689262401,33,26
2026-01,整体,Android,non-Organic,Details,223.25806451612902,84.06451612903226,21614.129032258064,0.010329264907363463,0.0038893316498467253,43,37
2026-01,整体,Android,non-Organic,Effects,1186.516129032258,158.83870967741936,21614.129032258064,0.054895393992579526,0.007348836931636713,12,30
2026-01,整体,Android,non-Organic,Eraser,1905.483870967742,851.9354838709677,21614.129032258064,0.08815917903163702,0.03941567493186953,8,8
2026-01,整体,Android,non-Organic,Expression,539.5483870967741,195.96774193548387,21614.129032258064,0.024962763305961748,0.009066649951196798,30,27
2026-01,整体,Android,non-Organic,Eye Brighten,277.1290322580645,129.1290322580645,21614.129032258064,0.012821660861025793,0.005974288025455273,38,35
2026-01,整体,Android,non-Organic,Face,3924.3548387096776,1542.4516129032259,21614.129032258064,0.18156432918729984,0.07136311671875327,6,5
2026-01,整体,Android,non-Organic,Face Fix,644.0322580645161,173.8709677419355,21614.129032258064,0.02979681749393318,0.008044319874395184,28,28
2026-01,整体,Android,non-Organic,Filters,4361.677419354839,1134.4193548387098,21614.129032258064,0.20179750999197063,0.0524850829355947,3,7
2026-01,整体,Android,non-Organic,Flawless,0.0,0.0,21614.129032258064,0.0,0.0,45,44
2026-01,整体,Android,non-Organic,Glitter,524.7741935483871,130.25806451612902,21614.129032258064,0.02427921998453819,0.006026523868795501,32,34
2026-01,整体,Android,non-Organic,Glowup,958.0,263.3225806451613,21614.129032258064,0.044322859300517284,0.01218289111960814,17,25
2026-01,整体,Android,non-Organic,Hair,5072.5161290322585,1926.8064516129032,21614.129032258064,0.23468519695897846,0.08914569024443389,1,3
2026-01,整体,Android,non-Organic,Magic,4522.935483870968,2089.4193548387098,21614.129032258064,0.2092582808736221,0.09666914413809366,2,2
2026-01,整体,Android,non-Organic,Makeup,2929.7096774193546,1446.9354838709678,21614.129032258064,0.1355460436572254,0.06694396437216994,7,6
2026-01,整体,Android,non-Organic,Matte,226.48387096774192,82.3225806451613,21614.129032258064,0.01047851017404983,0.003808739205836087,41,38
2026-01,整体,Android,non-Organic,Muscle,876.741935483871,325.19354838709677,21614.129032258064,0.0405633710326877,0.015045415334652661,20,20
2026-01,整体,Android,non-Organic,Mykit,602.7096774193549,0.0,21614.129032258064,0.02788498562768082,0.0,29,44
2026-01,整体,Android,non-Organic,Plump,1240.967741935484,573.5483870967741,21614.129032258064,0.057414654094245406,0.02653580841683606,11,11
2026-01,整体,Android,non-Organic,Preset,951.7096774193549,146.48387096774192,21614.129032258064,0.04403183103047887,0.006777227560227927,19,31
2026-01,整体,Android,non-Organic,Prism,163.96774193548387,61.935483870967744,21614.129032258064,0.0075861369056680365,0.0028655091203782473,44,40
2026-01,整体,Android,non-Organic,Relight,1658.258064516129,752.4193548387096,21614.129032258064,0.07672102179279384,0.03481145845459511,9,9
2026-01,整体,Android,non-Organic,Reshape,1279.516129032258,547.2903225806451,21614.129032258064,0.059198135031147486,0.02532095194600903,10,13
2026-01,整体,Android,non-Organic,Resize,320.8709677419355,131.8709677419355,21614.129032258064,0.01484542667729293,0.006101146502138685,36,33
2026-01,整体,Android,non-Organic,Skin Tone,869.0322580645161,453.96774193548384,21614.129032258064,0.04020667484530728,0.021003286380772434,21,15
2026-01,整体,Android,non-Organic,Smooth,1072.032258064516,572.3548387096774,21614.129032258064,0.04959867947788036,0.026480587668162105,15,12
2026-01,整体,Android,non-Organic,Stamp,226.83870967741936,42.0,21614.129032258064,0.01049492715338533,0.001943173372256499,40,41
2026-01,整体,Android,non-Organic,Teeth,681.5806451612904,0.12903225806451613,21614.129032258064,0.03153403239816249,5.969810667454681e-06,26,43
2026-01,整体,Android,non-Organic,Text,346.5806451612903,37.74193548387097,21614.129032258064,0.016034911452783275,0.0017461696202304945,35,42
2026-01,整体,Android,non-Organic,Whiten,0.0,0.0,21614.129032258064,0.0,0.0,45,44
2026-01,整体,iOS,Organic,AI Expand,446.5483870967742,147.96774193548387,15920.09677419355,0.028049351296697417,0.00929439965310634,33,29
2026-01,整体,iOS,Organic,AI Image,1100.6129032258063,166.19354838709677,15920.09677419355,0.06913355608553197,0.01043922978260385,17,27
2026-01,整体,iOS,Organic,AI Repair,654.8709677419355,240.09677419354838,15920.09677419355,0.041134860989254805,0.015081363989114995,29,24
2026-01,整体,iOS,Organic,AI Replace,295.83870967741933,113.2258064516129,15920.09677419355,0.018582720562162248,0.007112130539002234,41,33
2026-01,整体,iOS,Organic,AI Retouch,3950.6451612903224,1559.483870967742,15920.09677419355,0.2481545946186905,0.09795693412465072,4,5
2026-01,整体,iOS,Organic,AI Tattoo,314.51612903225805,56.03225806451613,15920.09677419355,0.019755918163895096,0.0035195928051985417,40,38
2026-01,整体,iOS,Organic,Acne,2062.0,1556.6451612903227,15920.09677419355,0.12952182573051305,0.09777862429917147,9,6
2026-01,整体,iOS,Organic,Adjust,1483.9354838709678,596.5806451612904,15920.09677419355,0.09321146126928229,0.037473430822879586,14,14
2026-01,整体,iOS,Organic,Background,802.3870967741935,87.25806451612904,15920.09677419355,0.050400893170125804,0.005481000885470383,25,35
2026-01,整体,iOS,Organic,Blur,777.2903225806451,468.4516129032258,15920.09677419355,0.048824472213047816,0.02942517370011124,27,18
2026-01,整体,iOS,Organic,Body,1516.7096774193549,1014.3225806451613,15920.09677419355,0.09527012925436099,0.06371334264056588,12,8
2026-01,整体,iOS,Organic,Bokeh,326.64516129032256,100.35483870967742,15920.09677419355,0.020517787418215562,0.006303657580295143,39,34
2026-01,整体,iOS,Organic,Brighten,837.3870967741935,429.8709677419355,15920.09677419355,0.05259937226836439,0.027001781072006775,23,21
2026-01,整体,iOS,Organic,Concealer,1092.6774193548388,499.741935483871,15920.09677419355,0.06863509907339678,0.0313906342764167,18,17
2026-01,整体,iOS,Organic,Contour,413.16129032258067,219.8709677419355,15920.09677419355,0.025952184599299325,0.01381090648257528,36,25
2026-01,整体,iOS,Organic,Crop,753.8064516129032,544.4193548387096,15920.09677419355,0.04734936365681031,0.03419698777969821,28,16
2026-01,整体,iOS,Organic,Dark Circles,798.5806451612904,595.8064516129032,15920.09677419355,0.050161795904142256,0.037424800870476144,26,15
2026-01,整体,iOS,Organic,Details,405.03225806451616,143.6451612903226,15920.09677419355,0.025441570099063265,0.009022882418853833,37,30
2026-01,整体,iOS,Organic,Effects,976.0,20.032258064516128,15920.09677419355,0.0613061599965959,0.0012583000184388567,21,42
2026-01,整体,iOS,Organic,Eraser,1701.5483870967741,967.3225806451613,15920.09677419355,0.10688053039068088,0.06076109928007408,11,10
2026-01,整体,iOS,Organic,Expression,631.4516129032259,138.09677419354838,15920.09677419355,0.03966380492905092,0.008674367759962553,30,31
2026-01,整体,iOS,Organic,Eye Brighten,523.7741935483871,357.96774193548384,15920.09677419355,0.032900189048939966,0.022485274242537833,31,23
2026-01,整体,iOS,Organic,Face,5128.5161290322585,2196.935483870968,15920.09677419355,0.32214101470448187,0.13799762118482825,1,3
2026-01,整体,iOS,Organic,Face Fix,992.0645161290323,165.32258064516128,15920.09677419355,0.06231523150896716,0.010384521086149985,20,28
2026-01,整体,iOS,Organic,Filters,4097.322580645161,728.9677419354839,15920.09677419355,0.2573679443511244,0.04578915268386681,3,12
2026-01,整体,iOS,Organic,Flawless,0.0,0.0,15920.09677419355,0.0,0.0,45,43
2026-01,整体,iOS,Organic,Glitter,419.258064516129,65.58064516129032,15920.09677419355,0.026335145474476365,0.004119362218174228,35,37
2026-01,整体,iOS,Organic,Glowup,1367.6451612903227,418.83870967741933,15920.09677419355,0.08590683716868312,0.026308804250257837,15,22
2026-01,整体,iOS,Organic,Hair,2548.967741935484,714.9677419354839,15920.09677419355,0.1601100657922731,0.044909761044571374,8,13
2026-01,整体,iOS,Organic,Magic,4493.903225806452,2474.6129032258063,15920.09677419355,0.28227863746978354,0.1554395641135266,2,1
2026-01,整体,iOS,Organic,Makeup,2702.2258064516127,1211.483870967742,15920.09677419355,0.16973677012013622,0.0760977705193071,6,7
2026-01,整体,iOS,Organic,Matte,359.6774193548387,175.19354838709677,15920.09677419355,0.02259266538742875,0.01100455297929377,38,26
2026-01,整体,iOS,Organic,Muscle,442.4516129032258,128.51612903225808,15920.09677419355,0.027792017798562576,0.008072572098970058,34,32
2026-01,整体,iOS,Organic,Mykit,455.19354838709677,0.0,15920.09677419355,0.02859238576520243,0.0,32,43
2026-01,整体,iOS,Organic,Plump,1258.7096774193549,443.6774193548387,15920.09677419355,0.07906419761591658,0.02786901522320135,16,20
2026-01,整体,iOS,Organic,Preset,807.3225806451613,85.12903225806451,15920.09677419355,0.050710909116697706,0.005347268516360939,24,36
2026-01,整体,iOS,Organic,Prism,158.83870967741936,44.32258064516129,15920.09677419355,0.009977245234771226,0.002784064775096601,44,40
2026-01,整体,iOS,Organic,Relight,1707.7096774193549,750.8709677419355,15920.09677419355,0.10726754376189154,0.04716497508728063,10,11
2026-01,整体,iOS,Organic,Reshape,2651.6129032258063,1875.7096774193549,15920.09677419355,0.16655758698176173,0.11782024343343674,7,4
2026-01,整体,iOS,Organic,Resize,965.9354838709677,450.4193548387097,15920.09677419355,0.06067397061535126,0.02829250105871459,22,19
2026-01,整体,iOS,Organic,Skin Tone,1486.8387096774193,968.1612903225806,15920.09677419355,0.09339382359079515,0.06081378172851113,13,9
2026-01,整体,iOS,Organic,Smooth,2898.1290322580644,2267.7741935483873,15920.09677419355,0.18204217432622186,0.1424472618297425,5,2
2026-01,整体,iOS,Organic,Stamp,200.4516129032258,44.483870967741936,15920.09677419355,0.012591105176455807,0.0027941960151806502,43,39
2026-01,整体,iOS,Organic,Teeth,1086.4516129032259,0.0,15920.09677419355,0.0682440332061525,0.0,19,43
2026-01,整体,iOS,Organic,Text,216.4516129032258,20.387096774193548,15920.09677419355,0.013596124192793446,0.0012805887466237642,42,41
2026-01,整体,iOS,Organic,Whiten,0.0,0.0,15920.09677419355,0.0,0.0,45,43
2026-01,整体,iOS,non-Organic,AI Expand,119.83870967741936,45.61290322580645,2895.6774193548385,0.041385379765167214,0.015752066483969433,28,23
2026-01,整体,iOS,non-Organic,AI Image,313.7096774193548,43.064516129032256,2895.6774193548385,0.10833723235969075,0.014872000534723614,7,24
2026-01,整体,iOS,non-Organic,AI Repair,151.06451612903226,62.25806451612903,2895.6774193548385,0.052168972662255196,0.021500345342334515,23,18
2026-01,整体,iOS,non-Organic,AI Replace,77.93548387096774,34.29032258064516,2895.6774193548385,0.026914421941492326,0.011841900051244346,35,29
2026-01,整体,iOS,non-Organic,AI Retouch,724.3548387096774,250.83870967741936,2895.6774193548385,0.25015039101664327,0.08662522558652497,3,4
2026-01,整体,iOS,non-Organic,AI Tattoo,95.2258064516129,23.225806451612904,2895.6774193548385,0.03288550230599559,0.008020854220974535,32,33
2026-01,整体,iOS,non-Organic,Acne,187.80645161290323,110.7741935483871,2895.6774193548385,0.06485751843682463,0.038255018603925765,16,11
2026-01,整体,iOS,non-Organic,Adjust,175.83870967741936,52.96774193548387,2895.6774193548385,0.06072455049796137,0.0182920036539447,18,21
2026-01,整体,iOS,non-Organic,Background,174.19354838709677,22.225806451612904,2895.6774193548385,0.060156406657309,0.007675511886460353,19,34
2026-01,整体,iOS,non-Organic,Blur,83.70967741935483,39.96774193548387,2895.6774193548385,0.028908495421429047,0.013802553305260345,34,28
2026-01,整体,iOS,non-Organic,Body,256.2258064516129,151.61290322580646,2895.6774193548385,0.08848561816277879,0.05235835394247266,12,7
2026-01,整体,iOS,non-Organic,Bokeh,36.38709677419355,7.129032258064516,2895.6774193548385,0.012566004946193438,0.002461956642826906,42,38
2026-01,整体,iOS,non-Organic,Brighten,121.48387096774194,61.064516129032256,2895.6774193548385,0.041953523605819575,0.021088162555978878,27,19
2026-01,整体,iOS,non-Organic,Concealer,148.74193548387098,66.74193548387096,2895.6774193548385,0.05136688724015775,0.023048815809994874,24,16
2026-01,整体,iOS,non-Organic,Contour,61.67741935483871,32.096774193548384,2895.6774193548385,0.021299823986810153,0.011084374930374528,39,30
2026-01,整体,iOS,non-Organic,Crop,103.6774193548387,71.19354838709677,2895.6774193548385,0.03580420203640577,0.02458614620234833,31,15
2026-01,整体,iOS,non-Organic,Dark Circles,94.35483870967742,57.064516129032256,2895.6774193548385,0.03258472027270905,0.019706793217922153,33,20
2026-01,整体,iOS,non-Organic,Details,64.45161290322581,21.870967741935484,2895.6774193548385,0.02225787046320433,0.007552971058084353,38,35
2026-01,整体,iOS,non-Organic,Effects,173.25806451612902,5.419354838709677,2895.6774193548385,0.05983334447340864,0.0018715326515607246,20,40
2026-01,整体,iOS,non-Organic,Eraser,297.0,177.19354838709677,2895.6774193548385,0.10256667335071186,0.06119243366085155,9,6
2026-01,整体,iOS,non-Organic,Expression,123.16129032258064,29.548387096774192,2895.6774193548385,0.04253280752177885,0.010204308981128712,26,31
2026-01,整体,iOS,non-Organic,Eye Brighten,74.25806451612904,42.483870967741936,2895.6774193548385,0.025644453356504695,0.014671479179199252,36,25
2026-01,整体,iOS,non-Organic,Face,822.2258064516129,357.93548387096774,2895.6774193548385,0.2839493794978054,0.1236102756054631,2,1
2026-01,整体,iOS,non-Organic,Face Fix,206.41935483870967,41.67741935483871,2895.6774193548385,0.07128534188891117,0.014392977296526527,14,26
2026-01,整体,iOS,non-Organic,Filters,649.1612903225806,96.25806451612904,2895.6774193548385,0.22418287547623822,0.033241984715816686,5,12
2026-01,整体,iOS,non-Organic,Flawless,0.0,0.0,2895.6774193548385,0.0,0.0,45,43
2026-01,整体,iOS,non-Organic,Glitter,74.09677419354838,14.64516129032258,2895.6774193548385,0.025588752979970146,0.00505759418933672,37,36
2026-01,整体,iOS,non-Organic,Glowup,285.5806451612903,79.54838709677419,2895.6774193548385,0.09862308669206604,0.02747142570683778,11,14
2026-01,整体,iOS,non-Organic,Hair,1055.4516129032259,262.61290322580646,2895.6774193548385,0.36449212396675806,0.09069135307354678,1,3
2026-01,整体,iOS,non-Organic,Magic,695.5483870967741,304.51612903225805,2895.6774193548385,0.24020230376757346,0.10516231089722167,4,2
2026-01,整体,iOS,non-Organic,Makeup,398.48387096774195,151.19354838709677,2895.6774193548385,0.13761335026624782,0.052213532963482835,6,8
2026-01,整体,iOS,non-Organic,Matte,50.354838709677416,24.322580645161292,2895.6774193548385,0.017389657554085065,0.008399616781409443,41,32
2026-01,整体,iOS,non-Organic,Muscle,123.19354838709677,40.03225806451613,2895.6774193548385,0.042543947597085754,0.013824833455874163,25,27
2026-01,整体,iOS,non-Organic,Mykit,111.06451612903226,0.0,2895.6774193548385,0.03835527928168794,0.0,30,43
2026-01,整体,iOS,non-Organic,Plump,175.93548387096774,62.74193548387097,2895.6774193548385,0.060757970723882095,0.02166744647193815,17,17
2026-01,整体,iOS,non-Organic,Preset,158.58064516129033,12.548387096774194,2895.6774193548385,0.05476461020876502,0.004333489294387631,21,37
2026-01,整体,iOS,non-Organic,Prism,21.967741935483872,5.516129032258065,2895.6774193548385,0.00758639128400508,0.001904952877481452,44,39
2026-01,整体,iOS,non-Organic,Relight,208.3548387096774,79.58064516129032,2895.6774193548385,0.07195374640732571,0.02748256578214469,13,13
2026-01,整体,iOS,non-Organic,Reshape,291.83870967741933,149.48387096774192,2895.6774193548385,0.10078426130160639,0.05162310897221665,10,9
2026-01,整体,iOS,non-Organic,Resize,116.58064516129032,51.32258064516129,2895.6774193548385,0.0402602321591694,0.017723859813292338,29,22
2026-01,整体,iOS,non-Organic,Skin Tone,193.3548387096774,113.29032258064517,2895.6774193548385,0.06677361138961299,0.03912394447786467,15,10
2026-01,整体,iOS,non-Organic,Smooth,310.64516129032256,206.03225806451613,2895.6774193548385,0.10727892520553439,0.07115166098522827,8,5
2026-01,整体,iOS,non-Organic,Stamp,28.806451612903224,5.32258064516129,2895.6774193548385,0.009948087249069804,0.0018381124256399972,43,41
2026-01,整体,iOS,non-Organic,Teeth,151.5483870967742,0.0,2895.6774193548385,0.05233607379185884,0.0,22,43
2026-01,整体,iOS,non-Organic,Text,50.903225806451616,4.0,2895.6774193548385,0.01757903883430252,0.0013813693380567253,40,42
2026-01,整体,iOS,non-Organic,Whiten,0.0,0.0,2895.6774193548385,0.0,0.0,45,43
2026-01,美国,Android,Organic,AI Expand,10.129032258064516,4.258064516129032,301.35483870967744,0.03361164632840933,0.014129736673089272,31,26
2026-01,美国,Android,Organic,AI Image,24.967741935483872,4.258064516129032,301.35483870967744,0.08285163776493257,0.014129736673089272,8,26
2026-01,美国,Android,Organic,AI Repair,16.06451612903226,8.03225806451613,301.35483870967744,0.05330764290301863,0.026653821451509314,22,16
2026-01,美国,Android,Organic,AI Replace,9.838709677419354,4.838709677419355,301.35483870967744,0.032648255191607786,0.016056518946692355,32,25
2026-01,美国,Android,Organic,AI Retouch,53.354838709677416,23.258064516129032,301.35483870967744,0.17704988225219437,0.07717833440376792,4,4
2026-01,美国,Android,Organic,AI Tattoo,7.32258064516129,2.0,301.35483870967744,0.024298865339327763,0.006636694497966174,38,37
2026-01,美国,Android,Organic,Acne,18.35483870967742,13.387096774193548,301.35483870967744,0.06090772853778634,0.044423035752515515,16,10
2026-01,美国,Android,Organic,Adjust,20.322580645161292,10.67741935483871,301.35483870967744,0.0674373795761079,0.0354313851423678,12,13
2026-01,美国,Android,Organic,Background,16.677419354838708,3.7096774193548385,301.35483870967744,0.055341468636266315,0.012309997859130806,19,30
2026-01,美国,Android,Organic,Blur,9.774193548387096,5.67741935483871,301.35483870967744,0.032434168272318556,0.018839648897452366,33,23
2026-01,美国,Android,Organic,Body,14.483870967741936,8.290322580645162,301.35483870967744,0.04806251338043246,0.02751016912866624,24,14
2026-01,美国,Android,Organic,Bokeh,5.935483870967742,2.5483870967741935,301.35483870967744,0.01969599657460929,0.00845643331192464,41,35
2026-01,美国,Android,Organic,Brighten,12.838709677419354,6.967741935483871,301.35483870967744,0.04260329693855705,0.023121387283236993,26,17
2026-01,美国,Android,Organic,Concealer,14.96774193548387,6.129032258064516,301.35483870967744,0.049668165275101685,0.020338257332476985,23,21
2026-01,美国,Android,Organic,Contour,7.451612903225806,3.6451612903225805,301.35483870967744,0.024727039177906227,0.012095910939841574,37,31
2026-01,美国,Android,Organic,Crop,18.483870967741936,15.806451612903226,301.35483870967744,0.061335902376364805,0.0524512952258617,15,7
2026-01,美国,Android,Organic,Dark Circles,10.225806451612904,6.483870967741935,301.35483870967744,0.03393277670734318,0.021515735388567755,30,18
2026-01,美国,Android,Organic,Details,8.580645161290322,3.935483870967742,301.35483870967744,0.028473560265467778,0.013059302076643117,34,29
2026-01,美国,Android,Organic,Effects,21.451612903225808,1.7741935483870968,301.35483870967744,0.07118390066366945,0.005887390280453863,10,38
2026-01,美国,Android,Organic,Eraser,22.612903225806452,14.161290322580646,301.35483870967744,0.0750374652108756,0.0469920787839863,9,9
2026-01,美国,Android,Organic,Expression,10.741935483870968,3.161290322580645,301.35483870967744,0.03564547206165703,0.010490259045172338,28,32
2026-01,美国,Android,Organic,Eye Brighten,8.451612903225806,5.806451612903226,301.35483870967744,0.028045386426889314,0.019267822736030827,35,22
2026-01,美国,Android,Organic,Face,62.32258064516129,30.838709677419356,301.35483870967744,0.20680796403339755,0.10233354742025262,2,2
2026-01,美国,Android,Organic,Face Fix,16.258064516129032,4.193548387096774,301.35483870967744,0.05394990366088632,0.013915649753800042,20,28
2026-01,美国,Android,Organic,Filters,60.96774193548387,18.903225806451612,301.35483870967744,0.20231213872832368,0.0627274673517448,3,6
2026-01,美国,Android,Organic,Flawless,0.0,0.0,301.35483870967744,0.0,0.0,45,43
2026-01,美国,Android,Organic,Glitter,8.129032258064516,1.6774193548387097,301.35483870967744,0.02697495183044316,0.005566259901520017,36,39
2026-01,美国,Android,Organic,Glowup,19.096774193548388,6.32258064516129,301.35483870967744,0.0633697281096125,0.020980518090344676,14,20
2026-01,美国,Android,Organic,Hair,44.064516129032256,15.225806451612904,301.35483870967744,0.14622136587454504,0.05052451295225861,5,8
2026-01,美国,Android,Organic,Magic,64.51612903225806,33.354838709677416,301.35483870967744,0.2140869192892314,0.11068293727253263,1,1
2026-01,美国,Android,Organic,Makeup,39.16129032258065,22.29032258064516,301.35483870967744,0.12995076000856348,0.07396703061442945,6,5
2026-01,美国,Android,Organic,Matte,5.870967741935484,2.935483870967742,301.35483870967744,0.01948190965532006,0.00974095482766003,42,33
2026-01,美国,Android,Organic,Muscle,6.451612903225806,2.4516129032258065,301.35483870967744,0.02140869192892314,0.008135302932990795,40,36
2026-01,美国,Android,Organic,Mykit,11.838709677419354,0.0,301.35483870967744,0.03928494968957396,0.0,27,43
2026-01,美国,Android,Organic,Plump,16.258064516129032,6.451612903225806,301.35483870967744,0.05394990366088632,0.02140869192892314,20,19
2026-01,美国,Android,Organic,Preset,17.161290322580644,2.806451612903226,301.35483870967744,0.056947120530935556,0.009312780989081566,18,34
2026-01,美国,Android,Organic,Prism,3.7096774193548385,1.5483870967741935,301.35483870967744,0.012309997859130806,0.005138086062941554,44,40
2026-01,美国,Android,Organic,Relight,17.258064516129032,8.129032258064516,301.35483870967744,0.0572682509098694,0.02697495183044316,17,15
2026-01,美国,Android,Organic,Reshape,21.322580645161292,12.096774193548388,301.35483870967744,0.07075572682509099,0.040141297366730895,11,12
2026-01,美国,Android,Organic,Resize,10.290322580645162,5.0,301.35483870967744,0.03414686362663241,0.016591736244915434,29,24
2026-01,美国,Android,Organic,Skin Tone,19.387096774193548,12.903225806451612,301.35483870967744,0.06433311924641404,0.04281738385784628,13,11
2026-01,美国,Android,Organic,Smooth,30.838709677419356,23.774193548387096,301.35483870967744,0.10233354742025262,0.07889102975808178,7,3
2026-01,美国,Android,Organic,Stamp,4.258064516129032,1.064516129032258,301.35483870967744,0.014129736673089272,0.003532434168272318,43,42
2026-01,美国,Android,Organic,Teeth,14.32258064516129,0.0,301.35483870967744,0.047527296082209375,0.0,25,43
2026-01,美国,Android,Organic,Text,6.870967741935484,1.1935483870967742,301.35483870967744,0.022800256904303148,0.003960608006850781,39,41
2026-01,美国,Android,Organic,Whiten,0.0,0.0,301.35483870967744,0.0,0.0,45,43
2026-01,美国,Android,non-Organic,AI Expand,9.709677419354838,3.4516129032258065,276.1290322580645,0.03516355140186916,0.0125,34,32
2026-01,美国,Android,non-Organic,AI Image,31.70967741935484,4.709677419354839,276.1290322580645,0.11483644859813084,0.01705607476635514,8,26
2026-01,美国,Android,non-Organic,AI Repair,15.64516129032258,6.870967741935484,276.1290322580645,0.0566588785046729,0.024883177570093458,23,20
2026-01,美国,Android,non-Organic,AI Replace,8.64516129032258,3.967741935483871,276.1290322580645,0.03130841121495327,0.014369158878504673,36,28
2026-01,美国,Android,non-Organic,AI Retouch,70.12903225806451,29.903225806451612,276.1290322580645,0.2539719626168224,0.10829439252336448,3,3
2026-01,美国,Android,non-Organic,AI Tattoo,7.741935483870968,1.8709677419354838,276.1290322580645,0.028037383177570093,0.006775700934579439,39,36
2026-01,美国,Android,non-Organic,Acne,17.903225806451612,11.419354838709678,276.1290322580645,0.06483644859813084,0.04135514018691589,20,12
2026-01,美国,Android,non-Organic,Adjust,19.548387096774192,8.064516129032258,276.1290322580645,0.07079439252336449,0.029205607476635514,17,17
2026-01,美国,Android,non-Organic,Background,18.741935483870968,3.7419354838709675,276.1290322580645,0.06787383177570093,0.013551401869158878,18,31
2026-01,美国,Android,non-Organic,Blur,11.193548387096774,5.774193548387097,276.1290322580645,0.040537383177570094,0.02091121495327103,29,23
2026-01,美国,Android,non-Organic,Body,17.741935483870968,9.516129032258064,276.1290322580645,0.06425233644859814,0.0344626168224299,21,13
2026-01,美国,Android,non-Organic,Bokeh,4.774193548387097,0.9354838709677419,276.1290322580645,0.017289719626168227,0.0033878504672897195,42,41
2026-01,美国,Android,non-Organic,Brighten,15.483870967741936,8.870967741935484,276.1290322580645,0.056074766355140186,0.03212616822429907,24,15
2026-01,美国,Android,non-Organic,Concealer,19.806451612903224,8.580645161290322,276.1290322580645,0.07172897196261682,0.031074766355140185,15,16
2026-01,美国,Android,non-Organic,Contour,9.0,3.838709677419355,276.1290322580645,0.032593457943925236,0.013901869158878505,35,30
2026-01,美国,Android,non-Organic,Crop,14.612903225806452,12.0,276.1290322580645,0.052920560747663555,0.043457943925233646,26,10
2026-01,美国,Android,non-Organic,Dark Circles,10.64516129032258,6.516129032258065,276.1290322580645,0.038551401869158876,0.023598130841121497,31,21
2026-01,美国,Android,non-Organic,Details,11.129032258064516,4.935483870967742,276.1290322580645,0.04030373831775701,0.017873831775700934,30,25
2026-01,美国,Android,non-Organic,Effects,24.483870967741936,1.8387096774193548,276.1290322580645,0.08866822429906543,0.006658878504672897,10,37
2026-01,美国,Android,non-Organic,Eraser,25.93548387096774,14.193548387096774,276.1290322580645,0.0939252336448598,0.0514018691588785,9,8
2026-01,美国,Android,non-Organic,Expression,11.387096774193548,3.903225806451613,276.1290322580645,0.04123831775700935,0.01413551401869159,28,29
2026-01,美国,Android,non-Organic,Eye Brighten,9.774193548387096,5.903225806451613,276.1290322580645,0.035397196261682244,0.021378504672897196,33,22
2026-01,美国,Android,non-Organic,Face,79.03225806451613,35.70967741935484,276.1290322580645,0.286214953271028,0.12932242990654205,1,2
2026-01,美国,Android,non-Organic,Face Fix,21.483870967741936,5.129032258064516,276.1290322580645,0.07780373831775701,0.018574766355140188,14,24
2026-01,美国,Android,non-Organic,Filters,67.74193548387096,16.419354838709676,276.1290322580645,0.2453271028037383,0.059462616822429905,4,7
2026-01,美国,Android,non-Organic,Flawless,0.0,0.0,276.1290322580645,0.0,0.0,45,43
2026-01,美国,Android,non-Organic,Glitter,7.935483870967742,1.6774193548387097,276.1290322580645,0.028738317757009347,0.006074766355140187,37,38
2026-01,美国,Android,non-Organic,Glowup,23.774193548387096,8.96774193548387,276.1290322580645,0.0860981308411215,0.032476635514018685,11,14
2026-01,美国,Android,non-Organic,Hair,60.193548387096776,18.161290322580644,276.1290322580645,0.21799065420560748,0.06577102803738318,5,6
2026-01,美国,Android,non-Organic,Magic,75.96774193548387,36.83870967741935,276.1290322580645,0.27511682242990654,0.13341121495327102,2,1
2026-01,美国,Android,non-Organic,Makeup,42.41935483870968,21.677419354838708,276.1290322580645,0.1536214953271028,0.07850467289719626,6,5
2026-01,美国,Android,non-Organic,Matte,7.032258064516129,3.225806451612903,276.1290322580645,0.02546728971962617,0.011682242990654205,40,33
2026-01,美国,Android,non-Organic,Muscle,7.903225806451613,3.064516129032258,276.1290322580645,0.028621495327102803,0.011098130841121495,38,34
2026-01,美国,Android,non-Organic,Mykit,12.387096774193548,0.0,276.1290322580645,0.044859813084112146,0.0,27,43
2026-01,美国,Android,non-Organic,Plump,18.096774193548388,7.451612903225806,276.1290322580645,0.0655373831775701,0.026985981308411212,19,19
2026-01,美国,Android,non-Organic,Preset,19.70967741935484,2.161290322580645,276.1290322580645,0.0713785046728972,0.007827102803738318,16,35
2026-01,美国,Android,non-Organic,Prism,3.2903225806451615,1.096774193548387,276.1290322580645,0.01191588785046729,0.00397196261682243,44,39
2026-01,美国,Android,non-Organic,Relight,17.193548387096776,7.548387096774194,276.1290322580645,0.06226635514018692,0.027336448598130843,22,18
2026-01,美国,Android,non-Organic,Reshape,23.612903225806452,11.483870967741936,276.1290322580645,0.08551401869158878,0.04158878504672897,12,11
2026-01,美国,Android,non-Organic,Resize,10.193548387096774,4.483870967741935,276.1290322580645,0.03691588785046729,0.016238317757009343,32,27
2026-01,美国,Android,non-Organic,Skin Tone,22.161290322580644,12.225806451612904,276.1290322580645,0.08025700934579438,0.04427570093457944,13,9
2026-01,美国,Android,non-Organic,Smooth,33.67741935483871,24.29032258064516,276.1290322580645,0.12196261682242991,0.08796728971962617,7,4
2026-01,美国,Android,non-Organic,Stamp,4.064516129032258,0.9032258064516129,276.1290322580645,0.014719626168224299,0.0032710280373831773,43,42
2026-01,美国,Android,non-Organic,Teeth,15.096774193548388,0.0,276.1290322580645,0.054672897196261686,0.0,25,43
2026-01,美国,Android,non-Organic,Text,5.548387096774194,1.064516129032258,276.1290322580645,0.020093457943925235,0.0038551401869158877,41,40
2026-01,美国,Android,non-Organic,Whiten,0.0,0.0,276.1290322580645,0.0,0.0,45,43
2026-01,美国,iOS,Organic,AI Expand,65.19354838709677,22.870967741935484,2834.3870967741937,0.023000933239250676,0.008069105228415996,35,29
2026-01,美国,iOS,Organic,AI Image,170.48387096774192,19.0,2834.3870967741937,0.060148407802790606,0.006703389251815264,19,34
2026-01,美国,iOS,Organic,AI Repair,95.12903225806451,34.645161290322584,2834.3870967741937,0.03356247012496301,0.01222315799057656,30,25
2026-01,美国,iOS,Organic,AI Replace,52.16129032258065,20.70967741935484,2834.3870967741937,0.018403022784694877,0.007306580474813922,40,30
2026-01,美国,iOS,Organic,AI Retouch,657.2258064516129,228.70967741935485,2834.3870967741937,0.2318758108938611,0.08069105228415997,3,6
2026-01,美国,iOS,Organic,AI Tattoo,54.38709677419355,8.35483870967742,2834.3870967741937,0.019188309471240297,0.0029476703161632487,38,38
2026-01,美国,iOS,Organic,Acne,308.64516129032256,232.61290322580646,2834.3870967741937,0.10889308720096509,0.08206814922723238,9,5
2026-01,美国,iOS,Organic,Adjust,189.90322580645162,70.90322580645162,2834.3870967741937,0.06699974961873763,0.02501536430473676,15,19
2026-01,美国,iOS,Organic,Background,133.03225806451613,20.419354838709676,2834.3870967741937,0.04693510572917852,0.007204151776568865,24,32
2026-01,美国,iOS,Organic,Blur,113.19354838709677,65.7741935483871,2834.3870967741937,0.039935811349099765,0.023205790635740787,27,21
2026-01,美国,iOS,Organic,Body,209.93548387096774,134.06451612903226,2834.3870967741937,0.07406732979764641,0.04729929665627205,14,11
2026-01,美国,iOS,Organic,Bokeh,36.806451612903224,10.03225806451613,2834.3870967741937,0.012985682744178634,0.003539480572690233,41,37
2026-01,美国,iOS,Organic,Brighten,154.67741935483872,80.90322580645162,2834.3870967741937,0.05457173423167096,0.02854346391095532,23,15
2026-01,美国,iOS,Organic,Concealer,178.67741935483872,79.87096774193549,2834.3870967741937,0.0630391732865955,0.02817927298386179,16,16
2026-01,美国,iOS,Organic,Contour,75.25806451612904,38.96774193548387,2834.3870967741937,0.026551794778412584,0.013748207497780711,33,24
2026-01,美国,iOS,Organic,Crop,108.80645161290323,83.90322580645162,2834.3870967741937,0.03838799990895227,0.029601893792820886,28,14
2026-01,美国,iOS,Organic,Dark Circles,124.12903225806451,88.41935483870968,2834.3870967741937,0.04379395898299683,0.031195229098855075,26,13
2026-01,美国,iOS,Organic,Details,80.29032258064517,28.806451612903224,2834.3870967741937,0.028327225547993537,0.010163203059203787,32,27
2026-01,美国,iOS,Organic,Effects,167.32258064516128,5.129032258064516,2834.3870967741937,0.05903307308856667,0.0018095736689959711,21,40
2026-01,美国,iOS,Organic,Eraser,252.25806451612902,150.25806451612902,2834.3870967741937,0.0889991578084811,0.05301254182505178,11,9
2026-01,美国,iOS,Organic,Expression,93.6774193548387,20.483870967741936,2834.3870967741937,0.033050326633737734,0.007226913709512212,31,31
2026-01,美国,iOS,Organic,Eye Brighten,97.45161290322581,64.7741935483871,2834.3870967741937,0.03438189971092345,0.02285298067511893,29,22
2026-01,美国,iOS,Organic,Face,861.1612903225806,398.9032258064516,2834.3870967741937,0.30382628092777636,0.14073703138870552,1,1
2026-01,美国,iOS,Organic,Face Fix,178.09677419354838,28.419354838709676,2834.3870967741937,0.06283431589010538,0.010026631461543714,17,28
2026-01,美国,iOS,Organic,Filters,567.8064516129032,127.3225806451613,2834.3870967741937,0.20032777183438416,0.04492067466369244,4,12
2026-01,美国,iOS,Organic,Flawless,0.0,0.0,2834.3870967741937,0.0,0.0,45,43
2026-01,美国,iOS,Organic,Glitter,54.03225806451613,10.580645161290322,2834.3870967741937,0.019063118840051897,0.0037329570027086695,39,36
2026-01,美国,iOS,Organic,Glowup,241.80645161290323,78.03225806451613,2834.3870967741937,0.08531172467165912,0.02753055789497644,12,17
2026-01,美国,iOS,Organic,Hair,541.9032258064516,135.96774193548387,2834.3870967741937,0.19118885575763092,0.047970773678100743,5,10
2026-01,美国,iOS,Organic,Magic,713.5806451612904,393.83870967741933,2834.3870967741937,0.25175835931987345,0.1389502196526529,2,2
2026-01,美国,iOS,Organic,Makeup,440.48387096774195,198.3548387096774,2834.3870967741937,0.15540709717069173,0.06998156283431588,7,7
2026-01,美国,iOS,Organic,Matte,63.225806451612904,33.935483870967744,2834.3870967741937,0.022306694284478637,0.011972776728199758,37,26
2026-01,美国,iOS,Organic,Muscle,64.0,19.225806451612904,2834.3870967741937,0.022579837479798782,0.006783056017116974,36,33
2026-01,美国,iOS,Organic,Mykit,72.16129032258064,0.0,2834.3870967741937,0.025459221997131992,0.0,34,43
2026-01,美国,iOS,Organic,Plump,169.67741935483872,55.774193548387096,2834.3870967741937,0.059863883640998795,0.019677691029522226,20,23
2026-01,美国,iOS,Organic,Preset,126.58064516129032,12.935483870967742,2834.3870967741937,0.04465891243484396,0.004563767555140782,25,35
2026-01,美国,iOS,Organic,Prism,18.225806451612904,5.0,2834.3870967741937,0.006430246056495117,0.00176404980310928,44,41
2026-01,美国,iOS,Organic,Relight,177.3548387096774,69.48387096774194,2834.3870967741937,0.06257255366125691,0.024514601779983155,18,20
2026-01,美国,iOS,Organic,Reshape,375.1290322580645,249.2258064516129,2834.3870967741937,0.13234925909908268,0.08792934696014384,8,4
2026-01,美国,iOS,Organic,Resize,161.96774193548387,72.83870967741936,2834.3870967741937,0.057143832654269,0.025698222293037126,22,18
2026-01,美国,iOS,Organic,Skin Tone,261.06451612903226,177.2258064516129,2834.3870967741937,0.09210616165524776,0.06252702979537021,10,8
2026-01,美国,iOS,Organic,Smooth,476.03225806451616,370.1290322580645,2834.3870967741937,0.16794892222247515,0.13058520929597342,6,3
2026-01,美国,iOS,Organic,Stamp,26.774193548387096,6.806451612903226,2834.3870967741937,0.009446202171488402,0.0024013839255229556,43,39
2026-01,美国,iOS,Organic,Teeth,236.7741935483871,0.0,2834.3870967741937,0.08353629390207816,0.0,13,43
2026-01,美国,iOS,Organic,Text,32.25806451612903,3.967741935483871,2834.3870967741937,0.011380966471672775,0.0013998588760157512,42,42
2026-01,美国,iOS,Organic,Whiten,0.0,0.0,2834.3870967741937,0.0,0.0,45,43
2026-01,美国,iOS,non-Organic,AI Expand,54.12903225806452,23.225806451612904,1812.4193548387098,0.02986562249710777,0.012814808222835277,32,23
2026-01,美国,iOS,non-Organic,AI Image,139.51612903225808,15.548387096774194,1812.4193548387098,0.07697784106078136,0.00857880217139806,12,30
2026-01,美国,iOS,non-Organic,AI Repair,58.61290322580645,21.161290322580644,1812.4193548387098,0.032339592417905134,0.011675714158583251,29,27
2026-01,美国,iOS,non-Organic,AI Replace,35.16129032258065,16.29032258064516,1812.4193548387098,0.019400195781792293,0.00898816410073863,38,29
2026-01,美国,iOS,non-Organic,AI Retouch,432.80645161290323,137.74193548387098,1812.4193548387098,0.23880039156358457,0.07599893209931477,3,4
2026-01,美国,iOS,non-Organic,AI Tattoo,57.774193548387096,12.741935483870968,1812.4193548387098,0.03187683545430275,0.007030346177805464,30,33
2026-01,美国,iOS,non-Organic,Acne,117.25806451612904,66.93548387096774,1812.4193548387098,0.0646969831805642,0.03693156536442111,13,10
2026-01,美国,iOS,non-Organic,Adjust,91.87096774193549,29.129032258064516,1812.4193548387098,0.05068968585921509,0.016071905312805907,19,21
2026-01,美国,iOS,non-Organic,Background,86.45161290322581,10.096774193548388,1812.4193548387098,0.047699563940553524,0.005570881907982558,21,35
2026-01,美国,iOS,non-Organic,Blur,44.193548387096776,21.806451612903224,1812.4193548387098,0.0243837323128949,0.012031681053662008,33,25
2026-01,美国,iOS,non-Organic,Body,147.61290322580646,84.6774193548387,1812.4193548387098,0.08144522559401976,0.04672065497908694,11,9
2026-01,美国,iOS,non-Organic,Bokeh,15.838709677419354,3.3548387096774195,1812.4193548387098,0.0087389872741835,0.00185102785440954,42,38
2026-01,美国,iOS,non-Organic,Brighten,70.51612903225806,35.45161290322581,1812.4193548387098,0.03890718163210821,0.019560380884577733,25,17
2026-01,美国,iOS,non-Organic,Concealer,85.7741935483871,37.483870967741936,1812.4193548387098,0.04732579870072084,0.02068167660407582,22,16
2026-01,美国,iOS,non-Organic,Contour,34.38709677419355,17.225806451612904,1812.4193548387098,0.018973035507697786,0.00950431609860283,39,28
2026-01,美国,iOS,non-Organic,Crop,60.193548387096776,40.54838709677419,1812.4193548387098,0.03321171131084809,0.022372519355699918,28,14
2026-01,美国,iOS,non-Organic,Dark Circles,56.354838709677416,32.193548387096776,1812.4193548387098,0.03109370828512948,0.01776274806443001,31,18
2026-01,美国,iOS,non-Organic,Details,36.45161290322581,12.35483870967742,1812.4193548387098,0.02011212957194981,0.0068167660407582095,37,34
2026-01,美国,iOS,non-Organic,Effects,90.54838709677419,3.129032258064516,1812.4193548387098,0.04995995372430364,0.0017264394411319747,20,39
2026-01,美国,iOS,non-Organic,Eraser,168.4516129032258,102.16129032258064,1812.4193548387098,0.09294295630506362,0.05636735783572127,9,6
2026-01,美国,iOS,non-Organic,Expression,64.80645161290323,15.35483870967742,1812.4193548387098,0.03575687461066121,0.008472012102874432,27,31
2026-01,美国,iOS,non-Organic,Eye Brighten,42.774193548387096,23.516129032258064,1812.4193548387098,0.023600605143721632,0.012974993325620717,35,22
2026-01,美国,iOS,non-Organic,Face,493.38709677419354,211.74193548387098,1812.4193548387098,0.2722256830114799,0.11682833496484826,2,1
2026-01,美国,iOS,non-Organic,Face Fix,115.16129032258064,22.419354838709676,1812.4193548387098,0.06354009077155824,0.012369849603986828,14,24
2026-01,美国,iOS,non-Organic,Filters,363.51612903225805,53.74193548387097,1812.4193548387098,0.20056954703212598,0.029652042360060513,5,12
2026-01,美国,iOS,non-Organic,Flawless,0.0,0.0,1812.4193548387098,0.0,0.0,45,43
2026-01,美国,iOS,non-Organic,Glitter,38.32258064516129,6.935483870967742,1812.4193548387098,0.021144433567678204,0.003826644122096645,36,36
2026-01,美国,iOS,non-Organic,Glowup,173.83870967741936,45.903225806451616,1812.4193548387098,0.09591527987897125,0.02532704458485361,8,13
2026-01,美国,iOS,non-Organic,Hair,795.0967741935484,182.90322580645162,1812.4193548387098,0.438693601495061,0.1009166147548278,1,2
2026-01,美国,iOS,non-Organic,Magic,380.83870967741933,166.93548387096774,1812.4193548387098,0.21012725816499064,0.09210643410162854,4,3
2026-01,美国,iOS,non-Organic,Makeup,235.61290322580646,87.74193548387096,1812.4193548387098,0.1299991100827623,0.04841149773071104,6,7
2026-01,美国,iOS,non-Organic,Matte,28.0,13.096774193548388,1812.4193548387098,0.015448963246418082,0.0072261279700987805,40,32
2026-01,美国,iOS,non-Organic,Muscle,75.87096774193549,21.741935483870968,1812.4193548387098,0.0418617068612619,0.011996084364154133,24,26
2026-01,美国,iOS,non-Organic,Mykit,44.0,0.0,1812.4193548387098,0.024276942244371272,0.0,34,43
2026-01,美国,iOS,non-Organic,Plump,95.90322580645162,31.774193548387096,1812.4193548387098,0.05291447895345733,0.017531369582628815,18,19
2026-01,美国,iOS,non-Organic,Preset,79.25806451612904,6.387096774193548,1812.4193548387098,0.04373053306042538,0.0035240722612797006,23,37
2026-01,美国,iOS,non-Organic,Prism,9.96774193548387,2.967741935483871,1812.4193548387098,0.005499688528966805,0.0016374477173622852,44,40
2026-01,美国,iOS,non-Organic,Relight,104.54838709677419,38.96774193548387,1812.4193548387098,0.05768443534751268,0.021500400462756964,16,15
2026-01,美国,iOS,non-Organic,Reshape,167.2258064516129,87.29032258064517,1812.4193548387098,0.09226661920441398,0.04816232090415591,10,8
2026-01,美国,iOS,non-Organic,Resize,67.35483870967742,30.096774193548388,1812.4193548387098,0.037162943846222304,0.016605855655424044,26,20
2026-01,美国,iOS,non-Organic,Skin Tone,112.0,63.0,1812.4193548387098,0.06179585298567233,0.03476016730444068,15,11
2026-01,美国,iOS,non-Organic,Smooth,185.80645161290323,122.29032258064517,1812.4193548387098,0.10251846578268221,0.06747352496217852,7,5
2026-01,美国,iOS,non-Organic,Stamp,12.935483870967742,2.4838709677419355,1812.4193548387098,0.007137136246329091,0.001370472546053217,43,41
2026-01,美国,iOS,non-Organic,Teeth,97.35483870967742,0.0,1812.4193548387098,0.053715404467384535,0.0,17,43
2026-01,美国,iOS,non-Organic,Text,23.161290322580644,2.2903225806451615,1812.4193548387098,0.0127792115333274,0.0012636824775295898,41,42
2026-01,美国,iOS,non-Organic,Whiten,0.0,0.0,1812.4193548387098,0.0,0.0,45,43
2026-01,英国,Android,Organic,AI Expand,3.2580645161290325,1.3870967741935485,107.38709677419355,0.030339441273655753,0.012916791829378192,33,25
2026-01,英国,Android,Organic,AI Image,8.419354838709678,1.3870967741935485,107.38709677419355,0.07840192249924903,0.012916791829378192,9,25
2026-01,英国,Android,Organic,AI Repair,4.419354838709677,1.8387096774193548,107.38709677419355,0.04115349954941423,0.0171222589366176,25,24
2026-01,英国,Android,Organic,AI Replace,2.806451612903226,1.1612903225806452,107.38709677419355,0.026133974166416343,0.010814058275758487,35,30
2026-01,英国,Android,Organic,AI Retouch,19.677419354838708,7.161290322580645,107.38709677419355,0.18323820967257431,0.06668669270051066,4,5
2026-01,英国,Android,Organic,AI Tattoo,2.161290322580645,0.5483870967741935,107.38709677419355,0.02012616401321718,0.005106638630219285,39,37
2026-01,英国,Android,Organic,Acne,7.709677419354839,5.967741935483871,107.38709677419355,0.07179333133072995,0.05557224391709222,11,6
2026-01,英国,Android,Organic,Adjust,7.612903225806452,3.4516129032258065,107.38709677419355,0.07089215980775007,0.0321417843196155,12,13
2026-01,英国,Android,Organic,Background,5.741935483870968,0.8064516129032258,107.38709677419355,0.053469510363472514,0.007509762691498948,17,33
2026-01,英国,Android,Organic,Blur,4.064516129032258,2.4838709677419355,107.38709677419355,0.0378492039651547,0.02313006908981676,29,17
2026-01,英国,Android,Organic,Body,5.483870967741935,3.3548387096774195,107.38709677419355,0.051066386302192845,0.031240612796635626,20,14
2026-01,英国,Android,Organic,Bokeh,2.129032258064516,0.6774193548387096,107.38709677419355,0.019825773505557222,0.0063082006608591165,40,35
2026-01,英国,Android,Organic,Brighten,4.32258064516129,2.4838709677419355,107.38709677419355,0.04025232802643436,0.02313006908981676,26,17
2026-01,英国,Android,Organic,Concealer,5.612903225806452,2.4838709677419355,107.38709677419355,0.05226794833283269,0.02313006908981676,19,17
2026-01,英国,Android,Organic,Contour,2.6129032258064515,1.1935483870967742,107.38709677419355,0.024331631120456592,0.011114448783418444,36,29
2026-01,英国,Android,Organic,Crop,6.387096774193548,5.129032258064516,107.38709677419355,0.05947732051667167,0.04776209071793331,15,10
2026-01,英国,Android,Organic,Dark Circles,4.193548387096774,2.806451612903226,107.38709677419355,0.03905076599579453,0.026133974166416343,28,15
2026-01,英国,Android,Organic,Details,3.225806451612903,1.2580645161290323,107.38709677419355,0.030039050765995792,0.011715229798738359,34,28
2026-01,英国,Android,Organic,Effects,6.064516129032258,0.25806451612903225,107.38709677419355,0.05647341544007209,0.0024031240612796636,16,41
2026-01,英国,Android,Organic,Eraser,7.612903225806452,4.096774193548387,107.38709677419355,0.07089215980775007,0.03814959447281466,12,12
2026-01,英国,Android,Organic,Expression,3.6129032258064515,0.8387096774193549,107.38709677419355,0.03364373685791529,0.007810153199158907,31,32
2026-01,英国,Android,Organic,Eye Brighten,3.5161290322580645,2.4838709677419355,107.38709677419355,0.032742565334935414,0.02313006908981676,32,17
2026-01,英国,Android,Organic,Face,24.870967741935484,11.451612903225806,107.38709677419355,0.23160108140582758,0.10663863021928506,2,2
2026-01,英国,Android,Organic,Face Fix,5.741935483870968,1.3870967741935485,107.38709677419355,0.053469510363472514,0.012916791829378192,17,25
2026-01,英国,Android,Organic,Filters,21.612903225806452,5.935483870967742,107.38709677419355,0.20126164013217182,0.05527185340943226,3,7
2026-01,英国,Android,Organic,Flawless,0.0,0.0,107.38709677419355,0.0,0.0,45,43
2026-01,英国,Android,Organic,Glitter,2.2580645161290325,0.3225806451612903,107.38709677419355,0.021027335536197057,0.0030039050765995794,38,39
2026-01,英国,Android,Organic,Glowup,7.032258064516129,2.5161290322580645,107.38709677419355,0.06548513066987083,0.023430459597476718,14,16
2026-01,英国,Android,Organic,Hair,14.387096774193548,4.32258064516129,107.38709677419355,0.13397416641634124,0.04025232802643436,6,11
2026-01,英国,Android,Organic,Magic,25.870967741935484,13.35483870967742,107.38709677419355,0.24091318714328627,0.12436167017122259,1,1
2026-01,英国,Android,Organic,Makeup,14.516129032258064,8.064516129032258,107.38709677419355,0.13517572844698106,0.07509762691498949,5,4
2026-01,英国,Android,Organic,Matte,1.8387096774193548,0.8709677419354839,107.38709677419355,0.0171222589366176,0.008110543706818865,41,31
2026-01,英国,Android,Organic,Muscle,2.5483870967741935,0.7741935483870968,107.38709677419355,0.023730850105136675,0.00720937218383899,37,34
2026-01,英国,Android,Organic,Mykit,4.32258064516129,0.0,107.38709677419355,0.04025232802643436,0.0,26,43
2026-01,英国,Android,Organic,Plump,5.32258064516129,1.935483870967742,107.38709677419355,0.04956443376389306,0.018023430459597478,22,22
2026-01,英国,Android,Organic,Preset,5.451612903225806,0.6129032258064516,107.38709677419355,0.050765995794532885,0.005707419645539201,21,36
2026-01,英国,Android,Organic,Prism,1.064516129032258,0.3548387096774194,107.38709677419355,0.009912886752778611,0.0033042955842595375,44,38
2026-01,英国,Android,Organic,Relight,5.161290322580645,1.903225806451613,107.38709677419355,0.04806248122559327,0.017723039951937518,23,23
2026-01,英国,Android,Organic,Reshape,9.03225806451613,5.419354838709677,107.38709677419355,0.08410934214478823,0.05046560528687293,8,8
2026-01,英国,Android,Organic,Resize,4.064516129032258,2.193548387096774,107.38709677419355,0.0378492039651547,0.02042655452087714,29,21
2026-01,英国,Android,Organic,Skin Tone,7.838709677419355,5.354838709677419,107.38709677419355,0.07299489336136979,0.04986482427155301,10,9
2026-01,英国,Android,Organic,Smooth,12.32258064516129,9.258064516129032,107.38709677419355,0.11474917392610393,0.08621207569840793,7,3
2026-01,英国,Android,Organic,Stamp,1.3870967741935485,0.12903225806451613,107.38709677419355,0.012916791829378192,0.0012015620306398318,43,42
2026-01,英国,Android,Organic,Teeth,4.806451612903226,0.0,107.38709677419355,0.044758185641333735,0.0,24,43
2026-01,英国,Android,Organic,Text,1.6774193548387097,0.2903225806451613,107.38709677419355,0.015620306398317813,0.0027035145689396217,42,40
2026-01,英国,Android,Organic,Whiten,0.0,0.0,107.38709677419355,0.0,0.0,45,43
2026-01,英国,Android,non-Organic,AI Expand,0.7333333333333333,0.23333333333333334,17.225806451612904,0.04257178526841448,0.013545568039950062,23,29
2026-01,英国,Android,non-Organic,AI Image,3.193548387096774,0.41935483870967744,17.225806451612904,0.18539325842696627,0.024344569288389514,5,13
2026-01,英国,Android,non-Organic,AI Repair,1.2857142857142858,0.4642857142857143,17.225806451612904,0.07463884430176565,0.026952915997859817,9,11
2026-01,英国,Android,non-Organic,AI Replace,0.6,0.26666666666666666,17.225806451612904,0.0348314606741573,0.015480649188514356,26,26
2026-01,英国,Android,non-Organic,AI Retouch,2.935483870967742,1.096774193548387,17.225806451612904,0.1704119850187266,0.06367041198501872,6,4
2026-01,英国,Android,non-Organic,AI Tattoo,0.5806451612903226,0.06451612903225806,17.225806451612904,0.033707865168539325,0.0037453183520599247,27,37
2026-01,英国,Android,non-Organic,Acne,0.391304347826087,0.2608695652173913,17.225806451612904,0.022716170004885197,0.015144113336590131,37,27
2026-01,英国,Android,non-Organic,Adjust,0.5666666666666667,0.13333333333333333,17.225806451612904,0.03289637952559301,0.007740324594257178,29,31
2026-01,英国,Android,non-Organic,Background,0.8064516129032258,0.1935483870967742,17.225806451612904,0.04681647940074906,0.011235955056179775,19,30
2026-01,英国,Android,non-Organic,Blur,0.25,0.07142857142857142,17.225806451612904,0.014513108614232209,0.004146602461209202,41,36
2026-01,英国,Android,non-Organic,Body,0.967741935483871,0.41935483870967744,17.225806451612904,0.056179775280898875,0.024344569288389514,15,13
2026-01,英国,Android,non-Organic,Bokeh,0.13333333333333333,0.0,17.225806451612904,0.007740324594257178,0.0,42,39
2026-01,英国,Android,non-Organic,Brighten,0.6521739130434783,0.34782608695652173,17.225806451612904,0.03786028334147533,0.020192151115453506,25,16
2026-01,英国,Android,non-Organic,Concealer,0.7391304347826086,0.30434782608695654,17.225806451612904,0.042908321120338704,0.017668132226021822,22,20
2026-01,英国,Android,non-Organic,Contour,0.47368421052631576,0.3157894736842105,17.225806451612904,0.027498521584861026,0.018332347723240685,32,19
2026-01,英国,Android,non-Organic,Crop,0.4,0.36666666666666664,17.225806451612904,0.023220973782771537,0.02128589263420724,35,15
2026-01,英国,Android,non-Organic,Dark Circles,0.4782608695652174,0.43478260869565216,17.225806451612904,0.027764207783748576,0.025240188894316885,31,12
2026-01,英国,Android,non-Organic,Details,0.4,0.25,17.225806451612904,0.023220973782771537,0.014513108614232209,35,28
2026-01,英国,Android,non-Organic,Effects,0.967741935483871,0.0967741935483871,17.225806451612904,0.056179775280898875,0.0056179775280898875,15,33
2026-01,英国,Android,non-Organic,Eraser,0.8666666666666667,0.3,17.225806451612904,0.05031210986267166,0.01741573033707865,17,21
2026-01,英国,Android,non-Organic,Expression,0.5806451612903226,0.2903225806451613,17.225806451612904,0.033707865168539325,0.016853932584269662,27,22
2026-01,英国,Android,non-Organic,Eye Brighten,0.42857142857142855,0.2857142857142857,17.225806451612904,0.024879614767255216,0.016586409844836808,34,25
2026-01,英国,Android,non-Organic,Face,3.6129032258064515,1.5483870967741935,17.225806451612904,0.2097378277153558,0.0898876404494382,2,2
2026-01,英国,Android,non-Organic,Face Fix,1.4516129032258065,0.5161290322580645,17.225806451612904,0.08426966292134831,0.029962546816479398,8,10
2026-01,英国,Android,non-Organic,Filters,3.225806451612903,0.5806451612903226,17.225806451612904,0.18726591760299624,0.033707865168539325,4,8
2026-01,英国,Android,non-Organic,Flawless,0.0,0.0,17.225806451612904,0.0,0.0,45,39
2026-01,英国,Android,non-Organic,Glitter,0.3225806451612903,0.03225806451612903,17.225806451612904,0.018726591760299623,0.0018726591760299624,38,38
2026-01,英国,Android,non-Organic,Glowup,1.1290322580645162,0.2903225806451613,17.225806451612904,0.0655430711610487,0.016853932584269662,11,22
2026-01,英国,Android,non-Organic,Hair,3.4193548387096775,1.1290322580645162,17.225806451612904,0.19850187265917602,0.0655430711610487,3,3
2026-01,英国,Android,non-Organic,Magic,3.967741935483871,1.6129032258064515,17.225806451612904,0.23033707865168537,0.09363295880149812,1,1
2026-01,英国,Android,non-Organic,Makeup,1.967741935483871,0.8387096774193549,17.225806451612904,0.11423220973782772,0.04868913857677903,7,6
2026-01,英国,Android,non-Organic,Matte,0.4444444444444444,0.1111111111111111,17.225806451612904,0.02580108198085726,0.006450270495214315,33,32
2026-01,英国,Android,non-Organic,Muscle,0.8387096774193549,0.5806451612903226,17.225806451612904,0.04868913857677903,0.033707865168539325,18,8
2026-01,英国,Android,non-Organic,Mykit,1.0333333333333334,0.0,17.225806451612904,0.05998751560549314,0.0,12,39
2026-01,英国,Android,non-Organic,Plump,0.7419354838709677,0.2903225806451613,17.225806451612904,0.04307116104868914,0.016853932584269662,21,22
2026-01,英国,Android,non-Organic,Preset,1.0,0.0967741935483871,17.225806451612904,0.058052434456928835,0.0056179775280898875,13,33
2026-01,英国,Android,non-Organic,Prism,0.07142857142857142,0.0,17.225806451612904,0.004146602461209202,0.0,44,39
2026-01,英国,Android,non-Organic,Relight,0.7,0.3333333333333333,17.225806451612904,0.04063670411985018,0.019350811485642945,24,17
2026-01,英国,Android,non-Organic,Reshape,0.8064516129032258,0.3225806451612903,17.225806451612904,0.04681647940074906,0.018726591760299623,19,18
2026-01,英国,Android,non-Organic,Resize,0.3225806451612903,0.0967741935483871,17.225806451612904,0.018726591760299623,0.0056179775280898875,38,33
2026-01,英国,Android,non-Organic,Skin Tone,1.0,0.6956521739130435,17.225806451612904,0.058052434456928835,0.04038430223090701,13,7
2026-01,英国,Android,non-Organic,Smooth,1.2608695652173914,1.0,17.225806451612904,0.07319654779351897,0.058052434456928835,10,5
2026-01,英国,Android,non-Organic,Stamp,0.10714285714285714,0.0,17.225806451612904,0.006219903691813804,0.0,43,39
2026-01,英国,Android,non-Organic,Teeth,0.5161290322580645,0.0,17.225806451612904,0.029962546816479398,0.0,30,39
2026-01,英国,Android,non-Organic,Text,0.3,0.0,17.225806451612904,0.01741573033707865,0.0,40,39
2026-01,英国,Android,non-Organic,Whiten,0.0,0.0,17.225806451612904,0.0,0.0,45,39
2026-01,英国,iOS,Organic,AI Expand,16.451612903225808,4.290322580645161,780.1290322580645,0.021088322858087993,0.005499503804168045,37,34
2026-01,英国,iOS,Organic,AI Image,46.03225806451613,4.67741935483871,780.1290322580645,0.05900595434998346,0.005995699636123057,22,33
2026-01,英国,iOS,Organic,AI Repair,24.096774193548388,6.838709677419355,780.1290322580645,0.030888190539199473,0.008766126364538537,33,28
2026-01,英国,iOS,Organic,AI Replace,13.0,5.548387096774194,780.1290322580645,0.016663910023155804,0.007112140258021833,40,30
2026-01,英国,iOS,Organic,AI Retouch,198.80645161290323,65.80645161290323,780.1290322580645,0.25483790936156137,0.08435329143235197,3,6
2026-01,英国,iOS,Organic,AI Tattoo,15.741935483870968,1.7741935483870968,780.1290322580645,0.020178630499503806,0.0022742308964604696,39,39
2026-01,英国,iOS,Organic,Acne,88.96774193548387,64.58064516129032,780.1290322580645,0.11404234204432682,0.0827820046311611,10,7
2026-01,英国,iOS,Organic,Adjust,51.61290322580645,18.870967741935484,780.1290322580645,0.06615944426066821,0.024189546807806814,19,23
2026-01,英国,iOS,Organic,Background,41.483870967741936,4.774193548387097,780.1290322580645,0.05317565332451207,0.00611974859411181,24,32
2026-01,英国,iOS,Organic,Blur,38.29032258064516,24.580645161290324,780.1290322580645,0.04908203771088323,0.031508435329143235,26,17
2026-01,英国,iOS,Organic,Body,59.935483870967744,37.74193548387097,780.1290322580645,0.07682765464770096,0.04837909361561363,13,10
2026-01,英国,iOS,Organic,Bokeh,10.290322580645162,2.6774193548387095,780.1290322580645,0.013190539199470726,0.0034320211710221634,41,37
2026-01,英国,iOS,Organic,Brighten,51.354838709677416,26.677419354838708,780.1290322580645,0.06582864703936486,0.03419616275223288,20,14
2026-01,英国,iOS,Organic,Concealer,56.54838709677419,26.096774193548388,780.1290322580645,0.0724859411180946,0.03345186900430037,14,15
2026-01,英国,iOS,Organic,Contour,25.93548387096774,14.0,780.1290322580645,0.033245120740985776,0.01794574925570625,31,24
2026-01,英国,iOS,Organic,Crop,26.193548387096776,19.903225806451612,780.1290322580645,0.03357591796228912,0.025512735693020178,30,20
2026-01,英国,iOS,Organic,Dark Circles,40.41935483870968,30.322580645161292,780.1290322580645,0.0518111147866358,0.038868673503142576,25,12
2026-01,英国,iOS,Organic,Details,24.096774193548388,8.903225806451612,780.1290322580645,0.030888190539199473,0.011412504134965265,33,26
2026-01,英国,iOS,Organic,Effects,44.483870967741936,1.0,780.1290322580645,0.05702117102216341,0.0012818392325504467,23,41
2026-01,英国,iOS,Organic,Eraser,73.80645161290323,43.87096774193548,780.1290322580645,0.09460800529275555,0.05623552762156798,12,9
2026-01,英国,iOS,Organic,Expression,29.419354838709676,6.354838709677419,780.1290322580645,0.03771088322858088,0.008145881574594773,29,29
2026-01,英国,iOS,Organic,Eye Brighten,33.70967741935484,23.096774193548388,780.1290322580645,0.043210387032748925,0.029606351306649025,28,18
2026-01,英国,iOS,Organic,Face,257.51612903225805,120.61290322580645,780.1290322580645,0.33009427720807144,0.15460635130664901,1,1
2026-01,英国,iOS,Organic,Face Fix,53.45161290322581,7.806451612903226,780.1290322580645,0.06851637446245452,0.010006615944426067,17,27
2026-01,英国,iOS,Organic,Filters,162.32258064516128,27.580645161290324,780.1290322580645,0.2080714521998015,0.035353953026794574,4,13
2026-01,英国,iOS,Organic,Flawless,0.0,0.0,780.1290322580645,0.0,0.0,45,43
2026-01,英国,iOS,Organic,Glitter,16.258064516129032,2.903225806451613,780.1290322580645,0.020840224942110488,0.003721468739662587,38,36
2026-01,英国,iOS,Organic,Glowup,76.35483870967742,25.70967741935484,780.1290322580645,0.09787462785312603,0.03295567317234535,11,16
2026-01,英国,iOS,Organic,Hair,120.90322580645162,32.354838709677416,780.1290322580645,0.1549784981806153,0.041473701620906384,7,11
2026-01,英国,iOS,Organic,Magic,219.58064516129033,117.3225806451613,780.1290322580645,0.2814670856764803,0.15038868673503145,2,2
2026-01,英国,iOS,Organic,Makeup,129.29032258064515,51.225806451612904,780.1290322580645,0.16572940787297386,0.0656632484287132,6,8
2026-01,英国,iOS,Organic,Matte,18.870967741935484,9.258064516129032,780.1290322580645,0.024189546807806814,0.01186735031425736,35,25
2026-01,英国,iOS,Organic,Muscle,17.483870967741936,5.387096774193548,780.1290322580645,0.022411511743301357,0.006905391994707244,36,31
2026-01,英国,iOS,Organic,Mykit,24.451612903225808,0.0,780.1290322580645,0.03134303671849157,0.0,32,43
2026-01,英国,iOS,Organic,Plump,56.16129032258065,19.516129032258064,780.1290322580645,0.0719897452861396,0.025016539861065168,15,21
2026-01,英国,iOS,Organic,Preset,37.903225806451616,3.2580645161290325,780.1290322580645,0.04858584187892822,0.004176314918954681,27,35
2026-01,英国,iOS,Organic,Prism,5.161290322580645,1.2903225806451613,780.1290322580645,0.006615944426066821,0.0016539861065167053,44,40
2026-01,英国,iOS,Organic,Relight,51.87096774193548,19.0,780.1290322580645,0.06649024148197155,0.024354945418458486,18,22
2026-01,英国,iOS,Organic,Reshape,112.38709677419355,73.64516129032258,780.1290322580645,0.14406218987760502,0.09440125702944095,8,5
2026-01,英国,iOS,Organic,Resize,47.25806451612903,21.64516129032258,780.1290322580645,0.06057724115117433,0.027745616936817732,21,19
2026-01,英国,iOS,Organic,Skin Tone,103.06451612903226,75.12903225806451,780.1290322580645,0.13211214025802184,0.09630334105193517,9,4
2026-01,英国,iOS,Organic,Smooth,146.2258064516129,112.54838709677419,780.1290322580645,0.1874379755210056,0.14426893814091962,5,3
2026-01,英国,iOS,Organic,Stamp,7.161290322580645,1.8064516129032258,780.1290322580645,0.009179622891167714,0.002315580549123387,43,38
2026-01,英国,iOS,Organic,Teeth,55.483870967741936,0.0,780.1290322580645,0.07112140258021833,0.0,16,43
2026-01,英国,iOS,Organic,Text,9.387096774193548,0.8709677419354839,780.1290322580645,0.01203274892490903,0.001116440621898776,42,42
2026-01,英国,iOS,Organic,Whiten,0.0,0.0,780.1290322580645,0.0,0.0,45,43
2026-01,英国,iOS,non-Organic,AI Expand,8.935483870967742,2.935483870967742,289.96774193548384,0.030815441094671266,0.010123484258538214,35,31
2026-01,英国,iOS,non-Organic,AI Image,26.032258064516128,2.4193548387096775,289.96774193548384,0.08977639336967405,0.008343530982311715,13,33
2026-01,英国,iOS,non-Organic,AI Repair,11.903225806451612,4.32258064516129,289.96774193548384,0.04105017243297364,0.01490710868839693,29,25
2026-01,英国,iOS,non-Organic,AI Replace,6.032258064516129,2.806451612903226,289.96774193548384,0.020803203915897208,0.00967849593948159,40,32
2026-01,英国,iOS,non-Organic,AI Retouch,83.87096774193549,32.74193548387097,289.96774193548384,0.2892424073868061,0.11291578596061855,3,4
2026-01,英国,iOS,non-Organic,AI Tattoo,7.935483870967742,2.193548387096774,289.96774193548384,0.027366781621982427,0.007564801423962621,37,35
2026-01,英国,iOS,non-Organic,Acne,25.677419354838708,17.032258064516128,289.96774193548384,0.08855267549226833,0.05873845811547447,14,9
2026-01,英国,iOS,non-Organic,Adjust,18.870967741935484,6.032258064516129,289.96774193548384,0.06507954166203138,0.020803203915897208,21,23
2026-01,英国,iOS,non-Organic,Background,19.903225806451612,2.225806451612903,289.96774193548384,0.06863944821448438,0.007676048503726777,20,34
2026-01,英国,iOS,non-Organic,Blur,13.774193548387096,7.67741935483871,289.96774193548384,0.047502503059294696,0.026476804983869177,28,20
2026-01,英国,iOS,non-Organic,Body,27.387096774193548,18.193548387096776,289.96774193548384,0.09444877071976861,0.06274335298698411,12,8
2026-01,英国,iOS,non-Organic,Bokeh,4.516129032258065,1.1290322580645162,289.96774193548384,0.01557459116698187,0.0038936477917454674,42,38
2026-01,英国,iOS,non-Organic,Brighten,18.0,10.03225806451613,289.96774193548384,0.06207587050839916,0.03459784180665258,23,15
2026-01,英国,iOS,non-Organic,Concealer,21.774193548387096,10.741935483870968,289.96774193548384,0.07509177884080544,0.037045277561464016,18,13
2026-01,英国,iOS,non-Organic,Contour,9.451612903225806,5.193548387096774,289.96774193548384,0.032595394370897764,0.01791077984202915,33,24
2026-01,英国,iOS,non-Organic,Crop,9.806451612903226,6.806451612903226,289.96774193548384,0.03381911224830349,0.02347313383023696,32,22
2026-01,英国,iOS,non-Organic,Dark Circles,14.32258064516129,9.741935483870968,289.96774193548384,0.04939370341528535,0.033596618088775176,26,16
2026-01,英国,iOS,non-Organic,Details,8.419354838709678,3.3870967741935485,289.96774193548384,0.02903548781844477,0.011680943375236402,36,30
2026-01,英国,iOS,non-Organic,Effects,20.225806451612904,0.6451612903225806,289.96774193548384,0.06975191901212593,0.002224941595283124,19,41
2026-01,英国,iOS,non-Organic,Eraser,28.838709677419356,16.096774193548388,289.96774193548384,0.09945488930915565,0.05551229280231395,11,11
2026-01,英国,iOS,non-Organic,Expression,13.806451612903226,3.6774193548387095,289.96774193548384,0.04761375013905886,0.012682167093113806,27,28
2026-01,英国,iOS,non-Organic,Eye Brighten,11.290322580645162,7.419354838709677,289.96774193548384,0.03893647791745467,0.025586828345755926,30,21
2026-01,英国,iOS,non-Organic,Face,102.3225806451613,50.16129032258065,289.96774193548384,0.3528757370119035,0.1729892090332629,1,1
2026-01,英国,iOS,non-Organic,Face Fix,24.032258064516128,4.129032258064516,289.96774193548384,0.08287907442429637,0.014239626209811994,15,26
2026-01,英国,iOS,non-Organic,Filters,66.80645161290323,11.483870967741936,289.96774193548384,0.23039270219156752,0.03960396039603961,4,12
2026-01,英国,iOS,non-Organic,Flawless,0.0,0.0,289.96774193548384,0.0,0.0,45,43
2026-01,英国,iOS,non-Organic,Glitter,7.516129032258065,1.7096774193548387,289.96774193548384,0.025920569585048396,0.005896095227500279,38,37
2026-01,英国,iOS,non-Organic,Glowup,29.032258064516128,10.129032258064516,289.96774193548384,0.10012237178774058,0.03493158304594505,10,14
2026-01,英国,iOS,non-Organic,Hair,52.70967741935484,16.322580645161292,289.96774193548384,0.18177772833463124,0.056291022360663044,5,10
2026-01,英国,iOS,non-Organic,Magic,88.06451612903226,45.96774193548387,289.96774193548384,0.3037045277561464,0.1585270886639226,2,2
2026-01,英国,iOS,non-Organic,Makeup,50.54838709677419,20.06451612903226,289.96774193548384,0.17432417399043276,0.06919568361330516,6,7
2026-01,英国,iOS,non-Organic,Matte,6.709677419354839,3.903225806451613,289.96774193548384,0.02313939259094449,0.013460896651462901,39,27
2026-01,英国,iOS,non-Organic,Muscle,9.419354838709678,3.5483870967741935,289.96774193548384,0.032484147291133615,0.012237178774057183,34,29
2026-01,英国,iOS,non-Organic,Mykit,11.161290322580646,0.0,289.96774193548384,0.03849148959839805,0.0,31,43
2026-01,英国,iOS,non-Organic,Plump,22.806451612903224,8.774193548387096,289.96774193548384,0.07865168539325842,0.030259205695850486,17,18
2026-01,英国,iOS,non-Organic,Preset,17.29032258064516,2.064516129032258,289.96774193548384,0.05962843475358772,0.007119813104905997,25,36
2026-01,英国,iOS,non-Organic,Prism,2.064516129032258,0.7741935483870968,289.96774193548384,0.007119813104905997,0.0026699299143397486,44,39
2026-01,英国,iOS,non-Organic,Relight,23.0,9.193548387096774,289.96774193548384,0.07931916787184337,0.03170541773278452,16,17
2026-01,英国,iOS,non-Organic,Reshape,39.87096774193548,23.70967741935484,289.96774193548384,0.13750139058849706,0.08176660362665482,8,5
2026-01,英国,iOS,non-Organic,Resize,17.548387096774192,7.709677419354839,289.96774193548384,0.06051841139170097,0.026588052063633332,24,19
2026-01,英国,iOS,non-Organic,Skin Tone,32.096774193548384,22.516129032258064,289.96774193548384,0.11069084436533541,0.07765046167538103,9,6
2026-01,英国,iOS,non-Organic,Smooth,46.61290322580645,33.354838709677416,289.96774193548384,0.1607520302592057,0.11502948047613751,7,3
2026-01,英国,iOS,non-Organic,Stamp,2.7419354838709675,0.7419354838709677,289.96774193548384,0.009456001779953276,0.0025586828345755927,43,40
2026-01,英国,iOS,non-Organic,Teeth,18.516129032258064,0.0,289.96774193548384,0.06385582378462566,0.0,22,43
2026-01,英国,iOS,non-Organic,Text,4.903225806451613,0.5483870967741935,289.96774193548384,0.016909556124151744,0.0018912003559906554,41,42
2026-01,英国,iOS,non-Organic,Whiten,0.0,0.0,289.96774193548384,0.0,0.0,45,43
2026-02,墨西哥,Android,Organic,AI Expand,6.607142857142857,2.75,119.46428571428571,0.05530642750373692,0.023019431988041853,20,18
2026-02,墨西哥,Android,Organic,AI Image,13.607142857142858,1.75,119.46428571428571,0.11390134529147983,0.014648729446935725,8,23
2026-02,墨西哥,Android,Organic,AI Repair,10.035714285714286,5.785714285714286,119.46428571428571,0.08400597907324366,0.0484304932735426,12,12
2026-02,墨西哥,Android,Organic,AI Replace,4.25,2.0357142857142856,119.46428571428571,0.035575485799701045,0.017040358744394617,33,20
2026-02,墨西哥,Android,Organic,AI Retouch,20.071428571428573,8.785714285714286,119.46428571428571,0.1680119581464873,0.073542600896861,4,4
2026-02,墨西哥,Android,Organic,AI Tattoo,3.25,0.9642857142857143,119.46428571428571,0.02720478325859492,0.008071748878923767,38,33
2026-02,墨西哥,Android,Organic,Acne,6.142857142857143,4.142857142857143,119.46428571428571,0.051420029895366225,0.034678624813153966,25,15
2026-02,墨西哥,Android,Organic,Adjust,12.428571428571429,5.321428571428571,119.46428571428571,0.10403587443946188,0.044544095665171896,10,13
2026-02,墨西哥,Android,Organic,Background,7.535714285714286,0.8571428571428571,119.46428571428571,0.06307922272047833,0.007174887892376682,19,34
2026-02,墨西哥,Android,Organic,Blur,6.178571428571429,3.6785714285714284,119.46428571428571,0.05171898355754859,0.030792227204783258,24,17
2026-02,墨西哥,Android,Organic,Body,10.25,6.821428571428571,119.46428571428571,0.08579970104633783,0.05710014947683109,11,10
2026-02,墨西哥,Android,Organic,Bokeh,4.285714285714286,1.0714285714285714,119.46428571428571,0.03587443946188341,0.008968609865470852,32,30
2026-02,墨西哥,Android,Organic,Brighten,3.5,1.6071428571428572,119.46428571428571,0.02929745889387145,0.013452914798206279,35,26
2026-02,墨西哥,Android,Organic,Concealer,4.25,1.2142857142857142,119.46428571428571,0.035575485799701045,0.010164424514200299,33,29
2026-02,墨西哥,Android,Organic,Contour,1.3571428571428572,0.7857142857142857,119.46428571428571,0.011360239162929747,0.006576980568011958,44,36
2026-02,墨西哥,Android,Organic,Crop,9.785714285714286,7.571428571428571,119.46428571428571,0.08191330343796713,0.06337817638266069,14,8
2026-02,墨西哥,Android,Organic,Dark Circles,3.2857142857142856,1.9285714285714286,119.46428571428571,0.027503736920777278,0.016143497757847534,37,21
2026-02,墨西哥,Android,Organic,Details,2.392857142857143,1.0357142857142858,119.46428571428571,0.020029895366218235,0.008669656203288491,40,31
2026-02,墨西哥,Android,Organic,Effects,9.035714285714286,0.5,119.46428571428571,0.07563527653213753,0.004185351270553065,16,41
2026-02,墨西哥,Android,Organic,Eraser,14.392857142857142,7.785714285714286,119.46428571428571,0.12047832585949178,0.06517189835575486,7,6
2026-02,墨西哥,Android,Organic,Expression,6.535714285714286,2.25,119.46428571428571,0.0547085201793722,0.01883408071748879,23,19
2026-02,墨西哥,Android,Organic,Eye Brighten,1.5714285714285714,1.0,119.46428571428571,0.013153961136023917,0.00837070254110613,43,32
2026-02,墨西哥,Android,Organic,Face,23.5,11.178571428571429,119.46428571428571,0.19671150971599402,0.09357249626307923,3,2
2026-02,墨西哥,Android,Organic,Face Fix,6.607142857142857,1.4642857142857142,119.46428571428571,0.05530642750373692,0.01225710014947683,20,28
2026-02,墨西哥,Android,Organic,Filters,27.107142857142858,7.678571428571429,119.46428571428571,0.22690582959641256,0.06427503736920778,1,7
2026-02,墨西哥,Android,Organic,Flawless,0.0,0.0,119.46428571428571,0.0,0.0,45,43
2026-02,墨西哥,Android,Organic,Glitter,4.464285714285714,0.5,119.46428571428571,0.03736920777279522,0.004185351270553065,30,41
2026-02,墨西哥,Android,Organic,Glowup,7.607142857142857,1.7142857142857142,119.46428571428571,0.06367713004484304,0.014349775784753363,18,24
2026-02,墨西哥,Android,Organic,Hair,19.642857142857142,7.535714285714286,119.46428571428571,0.16442451420029897,0.06307922272047833,5,9
2026-02,墨西哥,Android,Organic,Magic,25.642857142857142,11.857142857142858,119.46428571428571,0.21464872944693572,0.0992526158445441,2,1
2026-02,墨西哥,Android,Organic,Makeup,16.678571428571427,9.285714285714286,119.46428571428571,0.13961136023916293,0.07772795216741406,6,3
2026-02,墨西哥,Android,Organic,Matte,1.8214285714285714,0.8214285714285714,119.46428571428571,0.01524663677130045,0.0068759342301943195,42,35
2026-02,墨西哥,Android,Organic,Muscle,4.321428571428571,1.6428571428571428,119.46428571428571,0.03617339312406577,0.013751868460388639,31,25
2026-02,墨西哥,Android,Organic,Mykit,5.535714285714286,0.0,119.46428571428571,0.04633781763826607,0.0,26,43
2026-02,墨西哥,Android,Organic,Plump,5.214285714285714,1.6071428571428572,119.46428571428571,0.043647234678624816,0.013452914798206279,27,26
2026-02,墨西哥,Android,Organic,Preset,7.75,0.5714285714285714,119.46428571428571,0.06487294469357249,0.004783258594917788,17,38
2026-02,墨西哥,Android,Organic,Prism,2.142857142857143,0.7142857142857143,119.46428571428571,0.017937219730941704,0.005979073243647235,41,37
2026-02,墨西哥,Android,Organic,Relight,9.178571428571429,3.892857142857143,119.46428571428571,0.07683109118086698,0.03258594917787743,15,16
2026-02,墨西哥,Android,Organic,Reshape,13.321428571428571,7.928571428571429,119.46428571428571,0.11150971599402093,0.06636771300448431,9,5
2026-02,墨西哥,Android,Organic,Resize,5.178571428571429,1.8928571428571428,119.46428571428571,0.043348281016442454,0.015844544095665172,29,22
2026-02,墨西哥,Android,Organic,Skin Tone,6.607142857142857,4.214285714285714,119.46428571428571,0.05530642750373692,0.03527653213751869,20,14
2026-02,墨西哥,Android,Organic,Smooth,9.928571428571429,6.642857142857143,119.46428571428571,0.08310911808669656,0.05560538116591929,13,11
2026-02,墨西哥,Android,Organic,Stamp,3.4285714285714284,0.5357142857142857,119.46428571428571,0.028699551569506727,0.004484304932735426,36,39
2026-02,墨西哥,Android,Organic,Teeth,5.214285714285714,0.0,119.46428571428571,0.043647234678624816,0.0,27,43
2026-02,墨西哥,Android,Organic,Text,2.892857142857143,0.5357142857142857,119.46428571428571,0.0242152466367713,0.004484304932735426,39,39
2026-02,墨西哥,Android,Organic,Whiten,0.0,0.0,119.46428571428571,0.0,0.0,45,43
2026-02,墨西哥,Android,non-Organic,AI Expand,13.464285714285714,4.785714285714286,214.32142857142858,0.06282286285619063,0.022329611731378103,21,18
2026-02,墨西哥,Android,non-Organic,AI Image,35.214285714285715,3.7857142857142856,214.32142857142858,0.16430594900849857,0.017663722712881184,7,22
2026-02,墨西哥,Android,non-Organic,AI Repair,21.535714285714285,11.214285714285714,214.32142857142858,0.10048325279120146,0.05232461256457256,10,12
2026-02,墨西哥,Android,non-Organic,AI Replace,5.857142857142857,2.7857142857142856,214.32142857142858,0.02732877853691051,0.012997833694384267,38,25
2026-02,墨西哥,Android,non-Organic,AI Retouch,46.75,21.821428571428573,214.32142857142858,0.21813031161473087,0.10181636393934344,5,2
2026-02,墨西哥,Android,non-Organic,AI Tattoo,4.75,0.7857142857142857,214.32142857142858,0.022162972837860357,0.0036660556573904347,39,42
2026-02,墨西哥,Android,non-Organic,Acne,10.142857142857142,6.142857142857143,214.32142857142858,0.04732544575904016,0.02866188968505249,25,16
2026-02,墨西哥,Android,non-Organic,Adjust,21.392857142857142,6.928571428571429,214.32142857142858,0.09981669721713048,0.032327945342442925,11,15
2026-02,墨西哥,Android,non-Organic,Background,17.464285714285715,2.3214285714285716,214.32142857142858,0.0814864189301783,0.010831528078653558,17,28
2026-02,墨西哥,Android,non-Organic,Blur,9.642857142857142,5.321428571428571,214.32142857142858,0.0449925012497917,0.024829195134144305,28,17
2026-02,墨西哥,Android,non-Organic,Body,19.535714285714285,11.857142857142858,214.32142857142858,0.09115147475420762,0.05532411264789202,14,9
2026-02,墨西哥,Android,non-Organic,Bokeh,6.428571428571429,1.1785714285714286,214.32142857142858,0.029995000833194466,0.005499083486085652,36,39
2026-02,墨西哥,Android,non-Organic,Brighten,7.892857142857143,4.142857142857143,214.32142857142858,0.036827195467422094,0.019330111648058656,31,19
2026-02,墨西哥,Android,non-Organic,Collarbone,0.0,0.0,214.32142857142858,0.0,0.0,45,43
2026-02,墨西哥,Android,non-Organic,Concealer,10.142857142857142,3.5,214.32142857142858,0.04732544575904016,0.01633061156473921,25,24
2026-02,墨西哥,Android,non-Organic,Contour,3.392857142857143,1.4642857142857142,214.32142857142858,0.015830694884185967,0.006832194634227628,43,35
2026-02,墨西哥,Android,non-Organic,Crop,17.25,12.75,214.32142857142858,0.08048658556907182,0.05949008498583569,18,7
2026-02,墨西哥,Android,non-Organic,Dark Circles,6.25,3.6785714285714284,214.32142857142858,0.02916180636560573,0.017163806032327943,37,23
2026-02,墨西哥,Android,non-Organic,Details,4.142857142857143,1.5714285714285714,214.32142857142858,0.019330111648058656,0.0073321113147808694,40,34
2026-02,墨西哥,Android,non-Organic,Effects,19.607142857142858,0.8214285714285714,214.32142857142858,0.09148475254124312,0.0038326945509081817,13,40
2026-02,墨西哥,Android,non-Organic,Eraser,36.07142857142857,20.75,214.32142857142858,0.1683052824529245,0.09681719713381103,6,4
2026-02,墨西哥,Android,non-Organic,Expression,11.642857142857142,3.892857142857143,214.32142857142858,0.05432427928678553,0.018163639393434426,23,21
2026-02,墨西哥,Android,non-Organic,Eye Brighten,3.2857142857142856,1.6428571428571428,214.32142857142858,0.015330778203632727,0.007665389101816363,44,32
2026-02,墨西哥,Android,non-Organic,Face,52.535714285714285,22.714285714285715,214.32142857142858,0.24512581236460587,0.10598233627728712,4,1
2026-02,墨西哥,Android,non-Organic,Face Fix,11.428571428571429,2.357142857142857,214.32142857142858,0.05332444592567905,0.010998166972171304,24,27
2026-02,墨西哥,Android,non-Organic,Filters,58.714285714285715,12.25,214.32142857142858,0.2739543409431761,0.05715714047658723,2,8
2026-02,墨西哥,Android,non-Organic,Flawless,0.0,0.0,214.32142857142858,0.0,0.0,45,43
2026-02,墨西哥,Android,non-Organic,Glitter,10.071428571428571,1.4285714285714286,214.32142857142858,0.04699216797200466,0.0066655557407098815,27,36
2026-02,墨西哥,Android,non-Organic,Glowup,19.464285714285715,4.071428571428571,214.32142857142858,0.09081819696717214,0.01899683386102316,15,20
2026-02,墨西哥,Android,non-Organic,Hair,53.607142857142854,15.928571428571429,214.32142857142858,0.25012497917013826,0.07432094650891517,3,5
2026-02,墨西哥,Android,non-Organic,Magic,58.857142857142854,20.785714285714285,214.32142857142858,0.2746208965172471,0.09698383602732877,1,3
2026-02,墨西哥,Android,non-Organic,Makeup,30.0,15.464285714285714,214.32142857142858,0.1399766705549075,0.07215464089318446,8,6
2026-02,墨西哥,Android,non-Organic,Matte,4.035714285714286,1.7142857142857142,214.32142857142858,0.018830194967505414,0.007998666888851856,42,31
2026-02,墨西哥,Android,non-Organic,Muscle,7.178571428571429,2.2142857142857144,214.32142857142858,0.03349441759706716,0.010331611398100316,33,30
2026-02,墨西哥,Android,non-Organic,Mykit,11.857142857142858,0.0,214.32142857142858,0.05532411264789202,0.0,22,43
2026-02,墨西哥,Android,non-Organic,Plump,9.321428571428571,2.2857142857142856,214.32142857142858,0.04349275120813197,0.01066488918513581,30,29
2026-02,墨西哥,Android,non-Organic,Preset,17.857142857142858,1.3928571428571428,214.32142857142858,0.08331944675887352,0.006498916847192134,16,38
2026-02,墨西哥,Android,non-Organic,Prism,4.071428571428571,1.4285714285714286,214.32142857142858,0.01899683386102316,0.0066655557407098815,41,36
2026-02,墨西哥,Android,non-Organic,Relight,19.892857142857142,7.535714285714286,214.32142857142858,0.09281786368938509,0.035160806532244626,12,14
2026-02,墨西哥,Android,non-Organic,Reshape,25.571428571428573,11.428571428571429,214.32142857142858,0.11931344775870688,0.05332444592567905,9,10
2026-02,墨西哥,Android,non-Organic,Resize,6.535714285714286,2.5,214.32142857142858,0.030494917513747707,0.011664722546242292,35,26
2026-02,墨西哥,Android,non-Organic,Skin Tone,14.392857142857142,8.785714285714286,214.32142857142858,0.06715547408765205,0.04099316780536577,20,13
2026-02,墨西哥,Android,non-Organic,Smooth,15.714285714285714,11.428571428571429,214.32142857142858,0.07332111314780869,0.05332444592567905,19,10
2026-02,墨西哥,Android,non-Organic,Stamp,7.285714285714286,1.6428571428571428,214.32142857142858,0.03399433427762039,0.007665389101816363,32,32
2026-02,墨西哥,Android,non-Organic,Teeth,9.428571428571429,0.0,214.32142857142858,0.043992667888685215,0.0,29,43
2026-02,墨西哥,Android,non-Organic,Text,7.035714285714286,0.8214285714285714,214.32142857142858,0.03282786202299617,0.0038326945509081817,34,40
2026-02,墨西哥,Android,non-Organic,Whiten,0.0,0.0,214.32142857142858,0.0,0.0,45,43
2026-02,墨西哥,iOS,Organic,AI Expand,6.25,2.392857142857143,219.71428571428572,0.028446033810143042,0.01089076723016905,32,25
2026-02,墨西哥,iOS,Organic,AI Image,18.0,1.6785714285714286,219.71428571428572,0.08192457737321196,0.007639791937581274,14,31
2026-02,墨西哥,iOS,Organic,AI Repair,9.642857142857142,3.9285714285714284,219.71428571428572,0.04388816644993498,0.017880364109232768,28,20
2026-02,墨西哥,iOS,Organic,AI Replace,3.142857142857143,1.3928571428571428,219.71428571428572,0.014304291287386216,0.006339401820546164,42,34
2026-02,墨西哥,iOS,Organic,AI Retouch,44.714285714285715,18.464285714285715,219.71428571428572,0.20351105331599478,0.08403771131339402,4,8
2026-02,墨西哥,iOS,Organic,AI Tattoo,3.75,0.75,219.71428571428572,0.017067620286085824,0.003413524057217165,41,39
2026-02,墨西哥,iOS,Organic,Acne,24.071428571428573,18.714285714285715,219.71428571428572,0.10955786736020806,0.08517555266579974,11,7
2026-02,墨西哥,iOS,Organic,Adjust,20.107142857142858,6.571428571428571,219.71428571428572,0.0915149544863459,0.02990897269180754,13,17
2026-02,墨西哥,iOS,Organic,Background,9.392857142857142,0.9285714285714286,219.71428571428572,0.042750325097529254,0.0042262678803641094,30,38
2026-02,墨西哥,iOS,Organic,Blur,9.714285714285714,6.035714285714286,219.71428571428572,0.04421326397919375,0.02747074122236671,27,18
2026-02,墨西哥,iOS,Organic,Body,32.107142857142854,23.785714285714285,219.71428571428572,0.14613133940182052,0.10825747724317294,8,5
2026-02,墨西哥,iOS,Organic,Bokeh,4.928571428571429,1.5,219.71428571428572,0.022431729518855657,0.00682704811443433,36,33
2026-02,墨西哥,iOS,Organic,Brighten,9.464285714285714,5.428571428571429,219.71428571428572,0.04307542262678803,0.0247074122236671,29,19
2026-02,墨西哥,iOS,Organic,Concealer,11.392857142857142,3.607142857142857,219.71428571428572,0.051853055916775026,0.01641742522756827,21,21
2026-02,墨西哥,iOS,Organic,Contour,4.25,1.8214285714285714,219.71428571428572,0.019343302990897267,0.00828998699609883,39,30
2026-02,墨西哥,iOS,Organic,Crop,12.285714285714286,9.071428571428571,219.71428571428572,0.055916775032509754,0.04128738621586476,20,12
2026-02,墨西哥,iOS,Organic,Dark Circles,10.178571428571429,7.392857142857143,219.71428571428572,0.04632639791937581,0.03364759427828348,25,15
2026-02,墨西哥,iOS,Organic,Details,5.107142857142857,1.6428571428571428,219.71428571428572,0.023244473342002598,0.007477243172951885,35,32
2026-02,墨西哥,iOS,Organic,Effects,12.928571428571429,0.25,219.71428571428572,0.05884265279583875,0.0011378413524057217,19,41
2026-02,墨西哥,iOS,Organic,Eraser,25.678571428571427,14.857142857142858,219.71428571428572,0.11687256176853054,0.06762028608582575,10,10
2026-02,墨西哥,iOS,Organic,Expression,10.964285714285714,3.142857142857143,219.71428571428572,0.04990247074122236,0.014304291287386216,23,24
2026-02,墨西哥,iOS,Organic,Eye Brighten,4.535714285714286,3.1785714285714284,219.71428571428572,0.02064369310793238,0.014466840052015604,38,23
2026-02,墨西哥,iOS,Organic,Face,66.71428571428571,30.714285714285715,219.71428571428572,0.30364109232769826,0.1397919375812744,1,2
2026-02,墨西哥,iOS,Organic,Face Fix,11.214285714285714,2.142857142857143,219.71428571428572,0.05104031209362808,0.009752925877763328,22,28
2026-02,墨西哥,iOS,Organic,Filters,51.5,9.964285714285714,219.71428571428572,0.23439531859557866,0.04535110533159947,3,11
2026-02,墨西哥,iOS,Organic,Flawless,0.0,0.0,219.71428571428572,0.0,0.0,45,43
2026-02,墨西哥,iOS,Organic,Glitter,5.964285714285714,1.0,219.71428571428572,0.027145643693107933,0.004551365409622887,33,37
2026-02,墨西哥,iOS,Organic,Glowup,16.0,3.5357142857142856,219.71428571428572,0.07282184655396619,0.01609232769830949,16,22
2026-02,墨西哥,iOS,Organic,Hair,27.928571428571427,7.821428571428571,219.71428571428572,0.12711313394018203,0.03559817945383615,9,13
2026-02,墨西哥,iOS,Organic,Magic,54.92857142857143,31.785714285714285,219.71428571428572,0.25,0.14466840052015603,2,1
2026-02,墨西哥,iOS,Organic,Makeup,34.785714285714285,19.464285714285715,219.71428571428572,0.1583224967490247,0.08858907672301691,7,6
2026-02,墨西哥,iOS,Organic,Matte,4.142857142857143,2.25,219.71428571428572,0.018855656697009105,0.010240572171651495,40,27
2026-02,墨西哥,iOS,Organic,Muscle,7.035714285714286,2.3214285714285716,219.71428571428572,0.032022106631989594,0.010565669700910274,31,26
2026-02,墨西哥,iOS,Organic,Mykit,5.392857142857143,0.0,219.71428571428572,0.02454486345903771,0.0,34,43
2026-02,墨西哥,iOS,Organic,Plump,9.964285714285714,1.8928571428571428,219.71428571428572,0.04535110533159947,0.008615084525357607,26,29
2026-02,墨西哥,iOS,Organic,Preset,10.428571428571429,1.0714285714285714,219.71428571428572,0.04746423927178153,0.004876462938881664,24,36
2026-02,墨西哥,iOS,Organic,Prism,2.4285714285714284,0.5,219.71428571428572,0.011053315994798437,0.0022756827048114434,43,40
2026-02,墨西哥,iOS,Organic,Relight,17.535714285714285,7.428571428571429,219.71428571428572,0.0798114434330299,0.033810143042912875,15,14
2026-02,墨西哥,iOS,Organic,Reshape,39.42857142857143,26.75,219.71428571428572,0.17945383615084526,0.12174902470741222,5,4
2026-02,墨西哥,iOS,Organic,Resize,14.357142857142858,6.607142857142857,219.71428571428572,0.0653446033810143,0.030071521456436927,17,16
2026-02,墨西哥,iOS,Organic,Skin Tone,21.392857142857142,15.214285714285714,219.71428571428572,0.0973667100130039,0.06924577373211963,12,9
2026-02,墨西哥,iOS,Organic,Smooth,36.035714285714285,29.107142857142858,219.71428571428572,0.1640117035110533,0.13247724317295187,6,3
2026-02,墨西哥,iOS,Organic,Stamp,4.821428571428571,1.25,219.71428571428572,0.02194408322496749,0.005689206762028608,37,35
2026-02,墨西哥,iOS,Organic,Teeth,12.964285714285714,0.0,219.71428571428572,0.05900520156046814,0.0,18,43
2026-02,墨西哥,iOS,Organic,Text,2.392857142857143,0.21428571428571427,219.71428571428572,0.01089076723016905,0.0009752925877763328,44,42
2026-02,墨西哥,iOS,Organic,Whiten,0.0,0.0,219.71428571428572,0.0,0.0,45,43
2026-02,墨西哥,iOS,non-Organic,AI Expand,1.1071428571428572,0.17857142857142858,15.535714285714286,0.07126436781609195,0.011494252873563218,14,23
2026-02,墨西哥,iOS,non-Organic,AI Image,3.6785714285714284,0.4642857142857143,15.535714285714286,0.23678160919540228,0.029885057471264367,3,13
2026-02,墨西哥,iOS,non-Organic,AI Repair,2.5357142857142856,1.6428571428571428,15.535714285714286,0.16321839080459769,0.1057471264367816,6,1
2026-02,墨西哥,iOS,non-Organic,AI Replace,0.5,0.25,15.535714285714286,0.03218390804597701,0.016091954022988506,31,21
2026-02,墨西哥,iOS,non-Organic,AI Retouch,3.0357142857142856,1.0357142857142858,15.535714285714286,0.1954022988505747,0.06666666666666667,4,5
2026-02,墨西哥,iOS,non-Organic,AI Tattoo,0.4642857142857143,0.10714285714285714,15.535714285714286,0.029885057471264367,0.00689655172413793,32,30
2026-02,墨西哥,iOS,non-Organic,Acne,0.6363636363636364,0.3181818181818182,15.535714285714286,0.04096133751306165,0.020480668756530825,28,18
2026-02,墨西哥,iOS,non-Organic,Adjust,2.142857142857143,0.4642857142857143,15.535714285714286,0.13793103448275862,0.029885057471264367,9,13
2026-02,墨西哥,iOS,non-Organic,Background,1.0,0.07142857142857142,15.535714285714286,0.06436781609195402,0.004597701149425287,18,33
2026-02,墨西哥,iOS,non-Organic,Blur,0.39285714285714285,0.17857142857142858,15.535714285714286,0.02528735632183908,0.011494252873563218,36,23
2026-02,墨西哥,iOS,non-Organic,Body,1.8571428571428572,1.25,15.535714285714286,0.11954022988505747,0.08045977011494253,11,3
2026-02,墨西哥,iOS,non-Organic,Bokeh,0.2857142857142857,0.03571428571428571,15.535714285714286,0.01839080459770115,0.0022988505747126436,39,38
2026-02,墨西哥,iOS,non-Organic,Brighten,0.4090909090909091,0.18181818181818182,15.535714285714286,0.026332288401253918,0.011703239289446186,35,22
2026-02,墨西哥,iOS,non-Organic,Concealer,0.45454545454545453,0.09090909090909091,15.535714285714286,0.029258098223615463,0.005851619644723093,33,32
2026-02,墨西哥,iOS,non-Organic,Contour,0.2777777777777778,0.1111111111111111,15.535714285714286,0.017879948914431672,0.0071519795657726684,40,29
2026-02,墨西哥,iOS,non-Organic,Crop,0.75,0.42857142857142855,15.535714285714286,0.04827586206896552,0.02758620689655172,22,15
2026-02,墨西哥,iOS,non-Organic,Dark Circles,0.22727272727272727,0.13636363636363635,15.535714285714286,0.014629049111807731,0.008777429467084638,42,28
2026-02,墨西哥,iOS,non-Organic,Details,0.3888888888888889,0.05555555555555555,15.535714285714286,0.02503192848020434,0.0035759897828863342,38,36
2026-02,墨西哥,iOS,non-Organic,Effects,1.0714285714285714,0.0,15.535714285714286,0.06896551724137931,0.0,16,42
2026-02,墨西哥,iOS,non-Organic,Eraser,2.2857142857142856,1.2857142857142858,15.535714285714286,0.1471264367816092,0.08275862068965517,8,2
2026-02,墨西哥,iOS,non-Organic,Expression,0.75,0.10714285714285714,15.535714285714286,0.04827586206896552,0.00689655172413793,22,30
2026-02,墨西哥,iOS,non-Organic,Eye Brighten,0.2222222222222222,0.16666666666666666,15.535714285714286,0.014303959131545337,0.010727969348659003,43,26
2026-02,墨西哥,iOS,non-Organic,Face,2.892857142857143,1.2142857142857142,15.535714285714286,0.18620689655172412,0.07816091954022987,5,4
2026-02,墨西哥,iOS,non-Organic,Face Fix,0.7857142857142857,0.2857142857142857,15.535714285714286,0.05057471264367816,0.01839080459770115,21,19
2026-02,墨西哥,iOS,non-Organic,Filters,3.9285714285714284,0.39285714285714285,15.535714285714286,0.2528735632183908,0.02528735632183908,1,16
2026-02,墨西哥,iOS,non-Organic,Flawless,0.0,0.0,15.535714285714286,0.0,0.0,45,42
2026-02,墨西哥,iOS,non-Organic,Glitter,0.6785714285714286,0.07142857142857142,15.535714285714286,0.04367816091954023,0.004597701149425287,25,33
2026-02,墨西哥,iOS,non-Organic,Glowup,1.0357142857142858,0.35714285714285715,15.535714285714286,0.06666666666666667,0.022988505747126436,17,17
2026-02,墨西哥,iOS,non-Organic,Hair,2.3214285714285716,0.7142857142857143,15.535714285714286,0.14942528735632185,0.04597701149425287,7,8
2026-02,墨西哥,iOS,non-Organic,Magic,3.892857142857143,1.0357142857142858,15.535714285714286,0.25057471264367814,0.06666666666666667,2,5
2026-02,墨西哥,iOS,non-Organic,Makeup,1.1428571428571428,0.5714285714285714,15.535714285714286,0.0735632183908046,0.0367816091954023,13,11
2026-02,墨西哥,iOS,non-Organic,Matte,0.16,0.04,15.535714285714286,0.010298850574712644,0.002574712643678161,44,37
2026-02,墨西哥,iOS,non-Organic,Muscle,0.8571428571428571,0.5,15.535714285714286,0.05517241379310344,0.03218390804597701,20,12
2026-02,墨西哥,iOS,non-Organic,Mykit,0.7142857142857143,0.0,15.535714285714286,0.04597701149425287,0.0,24,42
2026-02,墨西哥,iOS,non-Organic,Plump,0.42857142857142855,0.17857142857142858,15.535714285714286,0.02758620689655172,0.011494252873563218,34,23
2026-02,墨西哥,iOS,non-Organic,Preset,0.9285714285714286,0.03571428571428571,15.535714285714286,0.059770114942528735,0.0022988505747126436,19,38
2026-02,墨西哥,iOS,non-Organic,Prism,0.25,0.07142857142857142,15.535714285714286,0.016091954022988506,0.004597701149425287,41,33
2026-02,墨西哥,iOS,non-Organic,Relight,1.8928571428571428,0.7142857142857143,15.535714285714286,0.1218390804597701,0.04597701149425287,10,8
2026-02,墨西哥,iOS,non-Organic,Reshape,1.8214285714285714,0.75,15.535714285714286,0.11724137931034483,0.04827586206896552,12,7
2026-02,墨西哥,iOS,non-Organic,Resize,0.6428571428571429,0.14285714285714285,15.535714285714286,0.041379310344827586,0.009195402298850575,26,27
2026-02,墨西哥,iOS,non-Organic,Skin Tone,0.5454545454545454,0.2727272727272727,15.535714285714286,0.03510971786833855,0.017554858934169276,30,20
2026-02,墨西哥,iOS,non-Organic,Smooth,1.0833333333333333,0.7083333333333334,15.535714285714286,0.06973180076628352,0.04559386973180077,15,10
2026-02,墨西哥,iOS,non-Organic,Stamp,0.39285714285714285,0.03571428571428571,15.535714285714286,0.02528735632183908,0.0022988505747126436,36,38
2026-02,墨西哥,iOS,non-Organic,Teeth,0.6428571428571429,0.0,15.535714285714286,0.041379310344827586,0.0,26,42
2026-02,墨西哥,iOS,non-Organic,Text,0.6071428571428571,0.03571428571428571,15.535714285714286,0.039080459770114935,0.0022988505747126436,29,38
2026-02,墨西哥,iOS,non-Organic,Whiten,0.0,0.0,15.535714285714286,0.0,0.0,45,42
2026-02,巴西,Android,Organic,AI Expand,57.25,26.678571428571427,2078.785714285714,0.027540116139229635,0.012833728481599836,30,24
2026-02,巴西,Android,Organic,AI Image,257.7857142857143,63.714285714285715,2078.785714285714,0.12400783424389238,0.03064976119300416,6,15
2026-02,巴西,Android,Organic,AI Repair,71.0,33.464285714285715,2078.785714285714,0.03415455451328042,0.01609799677009243,25,21
2026-02,巴西,Android,Organic,AI Replace,28.321428571428573,12.678571428571429,2078.785714285714,0.013624025014603306,0.006099027591657218,37,31
2026-02,巴西,Android,Organic,AI Retouch,349.5357142857143,164.10714285714286,2078.785714285714,0.1681441775761949,0.07894375150328145,4,2
2026-02,巴西,Android,Organic,AI Tattoo,49.357142857142854,17.928571428571427,2078.785714285714,0.02374325670893035,0.008624540425385699,33,27
2026-02,巴西,Android,Organic,Acne,111.46428571428571,81.42857142857143,2078.785714285714,0.05361990172834415,0.03917121946191115,15,12
2026-02,巴西,Android,Organic,Adjust,169.14285714285714,91.82142857142857,2078.785714285714,0.08136618218053122,0.04417070405112875,10,11
2026-02,巴西,Android,Organic,Background,89.17857142857143,12.571428571428571,2078.785714285714,0.04289935745455795,0.006047486513417861,19,32
2026-02,巴西,Android,Organic,Blur,74.21428571428571,48.035714285714285,2078.785714285714,0.03570078686046112,0.02310758341064495,24,17
2026-02,巴西,Android,Organic,Body,117.92857142857143,72.75,2078.785714285714,0.05672954678211869,0.03499639212452325,14,13
2026-02,巴西,Android,Organic,Bokeh,35.0,11.107142857142858,2078.785714285714,0.016836752224856543,0.005343091777479985,36,34
2026-02,巴西,Android,Organic,Brighten,56.892857142857146,29.428571428571427,2078.785714285714,0.027368312545098444,0.014156616156409991,31,22
2026-02,巴西,Android,Organic,Concealer,86.64285714285714,38.67857142857143,2078.785714285714,0.04167955193622651,0.018606329244407794,20,18
2026-02,巴西,Android,Organic,Contour,25.428571428571427,11.964285714285714,2078.785714285714,0.012232415902140673,0.005755420403394839,40,33
2026-02,巴西,Android,Organic,Crop,130.28571428571428,101.39285714285714,2078.785714285714,0.06267395113905783,0.04877504037384462,13,9
2026-02,巴西,Android,Organic,Dark Circles,53.57142857142857,35.25,2078.785714285714,0.025770539119678384,0.016957014740748375,32,20
2026-02,巴西,Android,Organic,Details,23.285714285714285,9.178571428571429,2078.785714285714,0.011201594337353538,0.004415352369171563,42,36
2026-02,巴西,Android,Organic,Effects,100.82142857142857,6.857142857142857,2078.785714285714,0.04850015462323472,0.003298629007318833,16,40
2026-02,巴西,Android,Organic,Eraser,184.82142857142858,97.32142857142857,2078.785714285714,0.08890835996289043,0.04681647940074907,9,10
2026-02,巴西,Android,Organic,Expression,57.964285714285715,17.714285714285715,2078.785714285714,0.027883723327492012,0.008521458268906986,29,28
2026-02,巴西,Android,Organic,Eye Brighten,27.785714285714285,16.285714285714285,2078.785714285714,0.013366319623406522,0.007834243892382228,39,29
2026-02,巴西,Android,Organic,Face,365.64285714285717,159.82142857142858,2078.785714285714,0.17589251967151154,0.07688210837370718,3,3
2026-02,巴西,Android,Organic,Face Fix,68.14285714285714,15.25,2078.785714285714,0.032780125760230906,0.00733601346940178,27,30
2026-02,巴西,Android,Organic,Filters,398.0,125.78571428571429,2078.785714285714,0.19145792529979727,0.06050922585300485,1,6
2026-02,巴西,Android,Organic,Flawless,0.0,0.0,2078.785714285714,0.0,0.0,45,43
2026-02,巴西,Android,Organic,Glitter,38.142857142857146,8.25,2078.785714285714,0.01834862385321101,0.003968663024430471,35,38
2026-02,巴西,Android,Organic,Glowup,98.75,26.642857142857142,2078.785714285714,0.04750369377727382,0.012816548122186716,17,25
2026-02,巴西,Android,Organic,Hair,314.67857142857144,113.28571428571429,2078.785714285714,0.15137614678899083,0.054496100058413224,5,7
2026-02,巴西,Android,Organic,Magic,397.0,214.71428571428572,2078.785714285714,0.19097687523622994,0.10328832079167097,2,1
2026-02,巴西,Android,Organic,Makeup,252.5,141.32142857142858,2078.785714285714,0.12146514105075079,0.06798268219771159,7,4
2026-02,巴西,Android,Organic,Matte,23.5,9.357142857142858,2078.785714285714,0.01130467649383225,0.004501254166237158,41,35
2026-02,巴西,Android,Organic,Muscle,77.35714285714286,28.214285714285715,2078.785714285714,0.03721265848881559,0.01357248393636395,23,23
2026-02,巴西,Android,Organic,Mykit,44.42857142857143,0.0,2078.785714285714,0.02137236710991994,0.0,34,43
2026-02,巴西,Android,Organic,Plump,61.107142857142854,22.464285714285715,2078.785714285714,0.029395594955846475,0.010806446070851803,28,26
2026-02,巴西,Android,Organic,Preset,78.21428571428571,8.464285714285714,2078.785714285714,0.03762498711473044,0.004071745180909184,22,37
2026-02,巴西,Android,Organic,Prism,20.607142857142858,7.928571428571429,2078.785714285714,0.00991306738136962,0.003814039789712401,44,39
2026-02,巴西,Android,Organic,Relight,148.92857142857142,71.46428571428571,2078.785714285714,0.0716420987527059,0.03437789918565096,12,14
2026-02,巴西,Android,Organic,Reshape,204.67857142857142,138.75,2078.785714285714,0.09846063979658454,0.06674569631996702,8,5
2026-02,巴西,Android,Organic,Resize,69.46428571428571,35.857142857142854,2078.785714285714,0.0334157990585163,0.017249080850771398,26,19
2026-02,巴西,Android,Organic,Skin Tone,89.57142857142857,56.714285714285715,2078.785714285714,0.043088341408102256,0.02728241074803285,18,16
2026-02,巴西,Android,Organic,Smooth,149.39285714285714,108.46428571428571,2078.785714285714,0.07186544342507645,0.05217675153764217,11,8
2026-02,巴西,Android,Organic,Stamp,22.535714285714285,4.607142857142857,2078.785714285714,0.01084080678967804,0.002216266364292341,43,41
2026-02,巴西,Android,Organic,Teeth,83.75,0.0,2078.785714285714,0.04028794282376388,0.0,21,43
2026-02,巴西,Android,Organic,Text,27.928571428571427,3.75,2078.785714285714,0.013435041061058996,0.001803937738377487,38,42
2026-02,巴西,Android,Organic,Whiten,0.0,0.0,2078.785714285714,0.0,0.0,45,43
2026-02,巴西,Android,non-Organic,AI Expand,546.0,242.92857142857142,14378.5,0.037973363007267794,0.016895265252187045,23,19
2026-02,巴西,Android,non-Organic,AI Image,4065.0,1393.2142857142858,14378.5,0.2827137740376256,0.09689566267095218,1,3
2026-02,巴西,Android,non-Organic,AI Repair,471.07142857142856,205.5,14378.5,0.032762209449624685,0.014292172340647495,24,21
2026-02,巴西,Android,non-Organic,AI Replace,183.10714285714286,85.07142857142857,14378.5,0.012734787554831371,0.00591657186573207,37,35
2026-02,巴西,Android,non-Organic,AI Retouch,3090.5714285714284,1489.8214285714287,14378.5,0.21494393911544518,0.10361452366877134,4,1
2026-02,巴西,Android,non-Organic,AI Tattoo,611.3214285714286,259.67857142857144,14378.5,0.04251635626605199,0.018060199007446636,20,18
2026-02,巴西,Android,non-Organic,Acne,364.2142857142857,193.17857142857142,14378.5,0.025330478541870552,0.013435238128356324,29,23
2026-02,巴西,Android,non-Organic,Adjust,681.2857142857143,294.7142857142857,14378.5,0.04738225227149663,0.020496872811091957,17,16
2026-02,巴西,Android,non-Organic,Background,727.3571428571429,154.14285714285714,14378.5,0.050586441065281,0.010720371189126622,15,25
2026-02,巴西,Android,non-Organic,Blur,234.17857142857142,113.5,14378.5,0.016286717768096214,0.007893730222206767,35,29
2026-02,巴西,Android,non-Organic,Body,756.3928571428571,399.14285714285717,14378.5,0.05260582516554975,0.027759700743669867,14,10
2026-02,巴西,Android,non-Organic,Bokeh,142.28571428571428,41.214285714285715,14378.5,0.009895727251501497,0.0028663828434319096,42,39
2026-02,巴西,Android,non-Organic,Brighten,436.5357142857143,198.89285714285714,14378.5,0.03036030978792741,0.013832656893476868,26,22
2026-02,巴西,Android,non-Organic,Concealer,653.8571428571429,275.64285714285717,14378.5,0.04547464219891803,0.019170487682502152,18,17
2026-02,巴西,Android,non-Organic,Contour,158.53571428571428,72.75,14378.5,0.01102588686481304,0.005059637653440902,40,36
2026-02,巴西,Android,non-Organic,Crop,560.3571428571429,391.25,14378.5,0.03897187765463316,0.027210766074347116,22,11
2026-02,巴西,Android,non-Organic,Dark Circles,297.75,146.96428571428572,14378.5,0.020708001530062244,0.010221113865443943,33,26
2026-02,巴西,Android,non-Organic,Details,134.53571428571428,48.392857142857146,14378.5,0.009356728051306763,0.003365640167114591,43,38
2026-02,巴西,Android,non-Organic,Effects,841.6071428571429,110.39285714285714,14378.5,0.05853233250040984,0.007677633768672472,11,30
2026-02,巴西,Android,non-Organic,Eraser,1106.9285714285713,462.39285714285717,14378.5,0.076984982538413,0.03215862970009786,9,9
2026-02,巴西,Android,non-Organic,Expression,352.0,130.28571428571428,14378.5,0.024480995931425394,0.009061147844748358,31,27
2026-02,巴西,Android,non-Organic,Eye Brighten,181.35714285714286,85.89285714285714,14378.5,0.012613078058013205,0.0059737008132181475,38,34
2026-02,巴西,Android,non-Organic,Face,2710.3571428571427,1054.357142857143,14378.5,0.1885006880312371,0.07332872989930403,6,5
2026-02,巴西,Android,non-Organic,Face Fix,424.0,115.71428571428571,14378.5,0.029488472371944224,0.008047729993690977,27,28
2026-02,巴西,Android,non-Organic,Filters,3105.0,888.4642857142857,14378.5,0.21594742149737456,0.06179116637439828,3,7
2026-02,巴西,Android,non-Organic,Flawless,0.0,0.0,14378.5,0.0,0.0,45,44
2026-02,巴西,Android,non-Organic,Glitter,328.5357142857143,88.07142857142857,14378.5,0.022849095127149166,0.006125216717420355,32,33
2026-02,巴西,Android,non-Organic,Glowup,829.3928571428571,240.89285714285714,14378.5,0.05768284988996468,0.01675368481711285,12,20
2026-02,巴西,Android,non-Organic,Hair,3528.464285714286,1384.142857142857,14378.5,0.24539863586008873,0.0962647603813233,2,4
2026-02,巴西,Android,non-Organic,Magic,3043.535714285714,1425.857142857143,14378.5,0.2116726859050467,0.09916591736670327,5,2
2026-02,巴西,Android,non-Organic,Makeup,2056.9285714285716,1010.2142857142857,14378.5,0.14305585223970313,0.07025866993874783,7,6
2026-02,巴西,Android,non-Organic,Matte,149.42857142857142,53.857142857142854,14378.5,0.010392500707902175,0.0037456718612611088,41,37
2026-02,巴西,Android,non-Organic,Muscle,808.7857142857143,311.64285714285717,14378.5,0.056249658468248726,0.021674225902761565,13,14
2026-02,巴西,Android,non-Organic,Mykit,393.5,0.0,14378.5,0.02736724971311333,0.0,28,44
2026-02,巴西,Android,non-Organic,Plump,357.14285714285717,154.28571428571428,14378.5,0.02483867282003388,0.010730306658254635,30,24
2026-02,巴西,Android,non-Organic,Preset,622.0,94.75,14378.5,0.04325903258337101,0.006589699899154988,19,31
2026-02,巴西,Android,non-Organic,Prism,108.10714285714286,40.642857142857146,14378.5,0.007518666262624256,0.002826640966919856,44,40
2026-02,巴西,Android,non-Organic,Relight,1256.357142857143,591.0357142857143,14378.5,0.08737748324631518,0.04110551964987407,8,8
2026-02,巴西,Android,non-Organic,Reshape,847.3928571428571,379.67857142857144,14378.5,0.058934719000094386,0.02640599307497802,10,13
2026-02,巴西,Android,non-Organic,Resize,211.75,89.46428571428571,14378.5,0.014726849114998088,0.006222087541418487,36,32
2026-02,巴西,Android,non-Organic,Skin Tone,579.2857142857143,307.64285714285717,14378.5,0.04028832731409496,0.021396032767177185,21,15
2026-02,巴西,Android,non-Organic,Smooth,717.8214285714286,384.5357142857143,14378.5,0.049923248500986096,0.02674379902533048,16,12
2026-02,巴西,Android,non-Organic,Stamp,167.07142857142858,28.642857142857142,14378.5,0.01161953114521185,0.001992061560166717,39,41
2026-02,巴西,Android,non-Organic,Teeth,468.82142857142856,0.10714285714285714,14378.5,0.03260572581085847,7.451601846010164e-06,25,43
2026-02,巴西,Android,non-Organic,Text,238.03571428571428,28.642857142857142,14378.5,0.01655497543455258,0.001992061560166717,34,41
2026-02,巴西,Android,non-Organic,Whiten,0.0,0.0,14378.5,0.0,0.0,45,44
2026-02,巴西,iOS,Organic,AI Expand,101.96428571428571,38.642857142857146,3975.964285714286,0.025645171431907803,0.009719115758082047,33,27
2026-02,巴西,iOS,Organic,AI Image,250.25,22.071428571428573,3975.964285714286,0.06294070620783818,0.005551213991215069,21,33
2026-02,巴西,iOS,Organic,AI Repair,159.53571428571428,61.607142857142854,3975.964285714286,0.040125037053006005,0.015494893422080895,28,24
2026-02,巴西,iOS,Organic,AI Replace,49.785714285714285,17.642857142857142,3975.964285714286,0.012521670394423635,0.004437378174207514,41,34
2026-02,巴西,iOS,Organic,AI Retouch,813.4642857142857,342.14285714285717,3975.964285714286,0.2045954709998473,0.08605279941074492,6,7
2026-02,巴西,iOS,Organic,AI Tattoo,66.39285714285714,12.321428571428571,3975.964285714286,0.016698554708201963,0.003098978684416179,39,39
2026-02,巴西,iOS,Organic,Acne,631.6071428571429,504.4642857142857,3975.964285714286,0.15885634212724675,0.12687847512283634,8,4
2026-02,巴西,iOS,Organic,Adjust,504.67857142857144,225.17857142857142,3975.964285714286,0.12693237040430444,0.05663495827606959,9,10
2026-02,巴西,iOS,Organic,Background,175.75,14.607142857142858,3975.964285714286,0.04420311335075947,0.003673861686742659,27,36
2026-02,巴西,iOS,Organic,Blur,269.7857142857143,182.71428571428572,3975.964285714286,0.0678541593683473,0.04595470999847297,18,15
2026-02,巴西,iOS,Organic,Body,491.57142857142856,345.35714285714283,3975.964285714286,0.12363577568783853,0.08686122863276653,10,6
2026-02,巴西,iOS,Organic,Bokeh,100.46428571428571,31.714285714285715,3975.964285714286,0.02526790446163105,0.007976501657279905,34,31
2026-02,巴西,iOS,Organic,Brighten,180.25,100.03571428571429,3975.964285714286,0.04533491426158973,0.02516011389869484,26,20
2026-02,巴西,iOS,Organic,Concealer,263.82142857142856,124.67857142857143,3975.964285714286,0.06635407403415164,0.031358071267527196,20,19
2026-02,巴西,iOS,Organic,Contour,70.92857142857143,37.964285714285715,3975.964285714286,0.01783933816594357,0.009548447366766372,36,28
2026-02,巴西,iOS,Organic,Crop,268.07142857142856,196.28571428571428,3975.964285714286,0.06742299711660243,0.04936807782478644,19,11
2026-02,巴西,iOS,Organic,Dark Circles,227.28571428571428,189.28571428571428,3975.964285714286,0.05716492854383932,0.047607498630161595,23,13
2026-02,巴西,iOS,Organic,Details,70.75,22.642857142857142,3975.964285714286,0.017794425431386814,0.005694934741796689,37,32
2026-02,巴西,iOS,Organic,Effects,206.25,2.4642857142857144,3975.964285714286,0.05187420841305344,0.0006197957368832359,25,42
2026-02,巴西,iOS,Organic,Eraser,484.17857142857144,275.5,3975.964285714286,0.12177638847718883,0.0692913668741635,11,9
2026-02,巴西,iOS,Organic,Expression,150.42857142857142,32.535714285714285,3975.964285714286,0.03783448759061144,0.008183100236240984,29,30
2026-02,巴西,iOS,Organic,Eye Brighten,107.78571428571429,80.28571428571429,3975.964285714286,0.02710932657845806,0.0201927654567176,32,21
2026-02,巴西,iOS,Organic,Face,1173.392857142857,476.7857142857143,3975.964285714286,0.2951215787724451,0.1199170012665391,1,5
2026-02,巴西,iOS,Organic,Face Fix,213.67857142857142,39.92857142857143,3975.964285714286,0.053742578170614494,0.010042487446890692,24,26
2026-02,巴西,iOS,Organic,Filters,1004.5,183.10714285714286,3975.964285714286,0.2526431144286651,0.04605351801449783,4,14
2026-02,巴西,iOS,Organic,Flawless,0.0,0.0,3975.964285714286,0.0,0.0,45,43
2026-02,巴西,iOS,Organic,Glitter,79.71428571428571,12.821428571428571,3975.964285714286,0.020049044706135975,0.003224734341175097,35,38
2026-02,巴西,iOS,Organic,Glowup,288.39285714285717,70.89285714285714,3975.964285714286,0.0725340663091613,0.01783035561903222,17,22
2026-02,巴西,iOS,Organic,Hair,469.7857142857143,136.07142857142858,3975.964285714286,0.11815642207191426,0.034223503732248244,12,18
2026-02,巴西,iOS,Organic,Magic,1107.392857142857,677.25,3975.964285714286,0.27852183208026804,0.17033603707995365,2,3
2026-02,巴西,iOS,Organic,Makeup,640.6428571428571,326.0,3975.964285714286,0.16112892649581861,0.08199268820681416,7,8
2026-02,巴西,iOS,Organic,Matte,68.89285714285714,33.0,3975.964285714286,0.017327332991996548,0.00829987334608855,38,29
2026-02,巴西,iOS,Organic,Muscle,140.96428571428572,43.607142857142854,3975.964285714286,0.035454112659103365,0.010967689778759868,30,25
2026-02,巴西,iOS,Organic,Mykit,63.0,0.0,3975.964285714286,0.015845212751623594,0.0,40,43
2026-02,巴西,iOS,Organic,Plump,233.96428571428572,70.35714285714286,3975.964285714286,0.05884466481626201,0.017695617415361953,22,23
2026-02,巴西,iOS,Organic,Preset,129.64285714285714,14.607142857142858,3975.964285714286,0.03260664528820502,0.003673861686742659,31,36
2026-02,巴西,iOS,Organic,Prism,46.785714285714285,15.178571428571429,3975.964285714286,0.01176713645387013,0.003817582437324279,43,35
2026-02,巴西,iOS,Organic,Relight,377.7857142857143,180.89285714285714,3975.964285714286,0.09501738122827347,0.04549660010599405,13,16
2026-02,巴西,iOS,Organic,Reshape,1040.8214285714287,832.75,3975.964285714286,0.26177836463750936,0.20944604633197697,3,1
2026-02,巴西,iOS,Organic,Resize,327.75,174.89285714285714,3975.964285714286,0.08243283300547037,0.04398753222488704,15,17
2026-02,巴西,iOS,Organic,Skin Tone,303.07142857142856,193.53571428571428,3975.964285714286,0.07622589308972666,0.04867642171261239,16,12
2026-02,巴西,iOS,Organic,Smooth,829.6071428571429,692.6785714285714,3975.964285714286,0.20865558220377806,0.1742164973456574,5,2
2026-02,巴西,iOS,Organic,Stamp,46.92857142857143,10.107142857142858,3975.964285714286,0.011803066641515536,0.002542060775912402,42,40
2026-02,巴西,iOS,Organic,Teeth,341.85714285714283,0.0,3975.964285714286,0.0859809390354541,0.0,14,43
2026-02,巴西,iOS,Organic,Text,34.0,3.4642857142857144,3975.964285714286,0.008551384659606384,0.0008713070504010708,44,41
2026-02,巴西,iOS,Organic,Whiten,0.0,0.0,3975.964285714286,0.0,0.0,45,43
2026-02,巴西,iOS,non-Organic,AI Expand,2.0357142857142856,0.6428571428571429,33.5,0.060767590618336885,0.019189765458422176,21,22
2026-02,巴西,iOS,non-Organic,AI Image,5.392857142857143,0.39285714285714285,33.5,0.16098081023454158,0.011727078891257995,8,29
2026-02,巴西,iOS,non-Organic,AI Repair,4.464285714285714,1.8928571428571428,33.5,0.13326226012793177,0.05650319829424307,9,8
2026-02,巴西,iOS,non-Organic,AI Replace,1.75,1.1071428571428572,33.5,0.05223880597014925,0.03304904051172708,24,17
2026-02,巴西,iOS,non-Organic,AI Retouch,7.178571428571429,2.892857142857143,33.5,0.2142857142857143,0.08635394456289978,4,5
2026-02,巴西,iOS,non-Organic,AI Tattoo,1.0714285714285714,0.21428571428571427,33.5,0.031982942430703626,0.006396588486140725,33,36
2026-02,巴西,iOS,non-Organic,Acne,2.0357142857142856,1.3571428571428572,33.5,0.060767590618336885,0.04051172707889126,21,12
2026-02,巴西,iOS,non-Organic,Adjust,4.214285714285714,1.25,33.5,0.1257995735607676,0.03731343283582089,10,13
2026-02,巴西,iOS,non-Organic,Background,2.107142857142857,0.10714285714285714,33.5,0.0628997867803838,0.0031982942430703624,20,39
2026-02,巴西,iOS,non-Organic,Blur,1.75,0.9642857142857143,33.5,0.05223880597014925,0.028784648187633263,24,19
2026-02,巴西,iOS,non-Organic,Body,4.071428571428571,2.857142857142857,33.5,0.12153518123667377,0.08528784648187633,11,6
2026-02,巴西,iOS,non-Organic,Bokeh,0.9285714285714286,0.35714285714285715,33.5,0.02771855010660981,0.010660980810234541,35,30
2026-02,巴西,iOS,non-Organic,Brighten,1.0714285714285714,0.5714285714285714,33.5,0.031982942430703626,0.017057569296375266,33,25
2026-02,巴西,iOS,non-Organic,Concealer,1.3928571428571428,0.5714285714285714,33.5,0.04157782515991471,0.017057569296375266,31,25
2026-02,巴西,iOS,non-Organic,Contour,0.38461538461538464,0.2692307692307692,33.5,0.011481056257175661,0.008036739380022962,43,32
2026-02,巴西,iOS,non-Organic,Crop,1.6785714285714286,1.1071428571428572,33.5,0.050106609808102345,0.03304904051172708,26,17
2026-02,巴西,iOS,non-Organic,Dark Circles,0.75,0.6071428571428571,33.5,0.022388059701492536,0.01812366737739872,38,24
2026-02,巴西,iOS,non-Organic,Details,0.5384615384615384,0.23076923076923078,33.5,0.016073478760045924,0.006888633754305397,39,34
2026-02,巴西,iOS,non-Organic,Effects,1.9642857142857142,0.0,33.5,0.05863539445628998,0.0,23,42
2026-02,巴西,iOS,non-Organic,Eraser,6.75,3.5357142857142856,33.5,0.20149253731343283,0.10554371002132196,5,4
2026-02,巴西,iOS,non-Organic,Expression,2.357142857142857,0.5357142857142857,33.5,0.07036247334754797,0.015991471215351813,19,27
2026-02,巴西,iOS,non-Organic,Eye Brighten,0.4230769230769231,0.23076923076923078,33.5,0.012629161882893225,0.006888633754305397,42,34
2026-02,巴西,iOS,non-Organic,Face,9.214285714285714,3.857142857142857,33.5,0.27505330490405117,0.11513859275053305,3,2
2026-02,巴西,iOS,non-Organic,Face Fix,2.9642857142857144,1.1785714285714286,33.5,0.0884861407249467,0.035181236673773986,16,15
2026-02,巴西,iOS,non-Organic,Filters,9.357142857142858,1.5357142857142858,33.5,0.279317697228145,0.04584221748400853,2,9
2026-02,巴西,iOS,non-Organic,Flawless,0.0,0.0,33.5,0.0,0.0,45,42
2026-02,巴西,iOS,non-Organic,Glitter,0.7857142857142857,0.21428571428571427,33.5,0.02345415778251599,0.006396588486140725,37,36
2026-02,巴西,iOS,non-Organic,Glowup,3.6785714285714284,0.75,33.5,0.10980810234541577,0.022388059701492536,12,21
2026-02,巴西,iOS,non-Organic,Hair,6.035714285714286,1.5357142857142858,33.5,0.18017057569296374,0.04584221748400853,6,9
2026-02,巴西,iOS,non-Organic,Magic,9.678571428571429,4.714285714285714,33.5,0.2889125799573561,0.14072494669509594,1,1
2026-02,巴西,iOS,non-Organic,Makeup,3.6785714285714284,1.5,33.5,0.10980810234541577,0.04477611940298507,12,11
2026-02,巴西,iOS,non-Organic,Matte,0.35714285714285715,0.25,33.5,0.010660980810234541,0.007462686567164179,44,33
2026-02,巴西,iOS,non-Organic,Muscle,1.6071428571428572,0.6428571428571429,33.5,0.04797441364605544,0.019189765458422176,29,22
2026-02,巴西,iOS,non-Organic,Mykit,1.3571428571428572,0.0,33.5,0.04051172707889126,0.0,32,42
2026-02,巴西,iOS,non-Organic,Plump,1.6428571428571428,0.4642857142857143,33.5,0.04904051172707889,0.013859275053304905,27,28
2026-02,巴西,iOS,non-Organic,Preset,1.6428571428571428,0.17857142857142858,33.5,0.04904051172707889,0.005330490405117271,27,38
2026-02,巴西,iOS,non-Organic,Prism,0.5357142857142857,0.32142857142857145,33.5,0.015991471215351813,0.009594882729211088,40,31
2026-02,巴西,iOS,non-Organic,Relight,3.0357142857142856,1.2142857142857142,33.5,0.0906183368869936,0.03624733475479744,15,14
2026-02,巴西,iOS,non-Organic,Reshape,5.428571428571429,3.857142857142857,33.5,0.16204690831556504,0.11513859275053305,7,2
2026-02,巴西,iOS,non-Organic,Resize,2.392857142857143,1.1785714285714286,33.5,0.07142857142857142,0.035181236673773986,18,15
2026-02,巴西,iOS,non-Organic,Skin Tone,1.5357142857142858,0.8928571428571429,33.5,0.04584221748400853,0.026652452025586356,30,20
2026-02,巴西,iOS,non-Organic,Smooth,3.4642857142857144,2.8214285714285716,33.5,0.10341151385927505,0.08422174840085288,14,7
2026-02,巴西,iOS,non-Organic,Stamp,0.42857142857142855,0.10714285714285714,33.5,0.01279317697228145,0.0031982942430703624,41,39
2026-02,巴西,iOS,non-Organic,Teeth,2.4285714285714284,0.0,33.5,0.07249466950959488,0.0,17,42
2026-02,巴西,iOS,non-Organic,Text,0.9285714285714286,0.10714285714285714,33.5,0.02771855010660981,0.0031982942430703624,35,39
2026-02,巴西,iOS,non-Organic,Whiten,0.0,0.0,33.5,0.0,0.0,45,42
2026-02,整体,Android,Organic,AI Expand,328.9642857142857,122.92857142857143,6586.071428571428,0.04994848435551218,0.01866493140285234,27,24
2026-02,整体,Android,Organic,AI Image,992.4285714285714,174.03571428571428,6586.071428571428,0.15068597147660107,0.026424814272544873,6,19
2026-02,整体,Android,Organic,AI Repair,471.32142857142856,226.14285714285714,6586.071428571428,0.07156336424272003,0.034336532725991,18,16
2026-02,整体,Android,Organic,AI Replace,267.0,119.39285714285714,6586.071428571428,0.04054010086220921,0.018128084160294995,34,25
2026-02,整体,Android,Organic,AI Retouch,1367.5,608.7142857142857,6586.071428571428,0.2076351607830378,0.09242448891057968,4,3
2026-02,整体,Android,Organic,AI Tattoo,179.89285714285714,47.464285714285715,6586.071428571428,0.027314136977387344,0.007206767528875875,38,38
2026-02,整体,Android,Organic,Acne,439.92857142857144,284.75,6586.071428571428,0.06679681145274118,0.043235182473835475,21,13
2026-02,整体,Android,Organic,Adjust,735.3928571428571,359.75,6586.071428571428,0.111658803752508,0.05462285125535492,8,8
2026-02,整体,Android,Organic,Background,585.75,70.32142857142857,6586.071428571428,0.08893769318366683,0.010677295157529418,14,33
2026-02,整体,Android,Organic,Blur,526.8214285714286,223.92857142857142,6586.071428571428,0.07999023914104442,0.034000325361965185,17,17
2026-02,整体,Android,Organic,Body,382.85714285714283,210.32142857142858,6586.071428571428,0.058131337779946855,0.031934276883032374,24,18
2026-02,整体,Android,Organic,Bokeh,534.6071428571429,317.5,6586.071428571428,0.08117238761455453,0.04820779784176563,16,12
2026-02,整体,Android,Organic,Brighten,276.14285714285717,142.32142857142858,6586.071428571428,0.04192831191367063,0.021609457187788082,33,21
2026-02,整体,Android,Organic,Collarbone,0.0,0.0,6586.071428571428,0.0,0.0,45,43
2026-02,整体,Android,Organic,Concealer,333.85714285714283,147.25,6586.071428571428,0.050691394176020824,0.022357789707716503,26,20
2026-02,整体,Android,Organic,Contour,142.78571428571428,64.28571428571429,6586.071428571428,0.021679952280245104,0.009760858955588092,42,34
2026-02,整体,Android,Organic,Crop,454.67857142857144,329.39285714285717,6586.071428571428,0.06903638631310667,0.05001355674854943,19,9
2026-02,整体,Android,Organic,Dark Circles,213.25,133.60714285714286,6586.071428571428,0.03237893823545361,0.02028631852936392,37,22
2026-02,整体,Android,Organic,Details,135.60714285714286,55.42857142857143,6586.071428571428,0.020589989696871102,0.008416029499484844,43,36
2026-02,整体,Android,Organic,Effects,585.5357142857143,26.964285714285715,6586.071428571428,0.08890515698714821,0.004094138061927228,15,41
2026-02,整体,Android,Organic,Eraser,732.7857142857143,326.9642857142857,6586.071428571428,0.11126294669486471,0.04964481318800499,9,10
2026-02,整体,Android,Organic,Expression,287.82142857142856,79.42857142857143,6586.071428571428,0.04370153462393579,0.012060083509571065,30,29
2026-02,整体,Android,Organic,Eye Brighten,153.53571428571428,94.53571428571429,6586.071428571428,0.023312184805596225,0.014353885364134266,40,27
2026-02,整体,Android,Organic,Face,1511.107142857143,616.1071428571429,6586.071428571428,0.22943983514993765,0.09354698769047233,3,2
2026-02,整体,Android,Organic,Face Fix,378.42857142857144,73.28571428571429,6586.071428571428,0.05745892305189524,0.011127379209370425,25,31
2026-02,整体,Android,Organic,Filters,1876.0714285714287,451.0357142857143,6586.071428571428,0.28485440052057914,0.06848327097229001,1,5
2026-02,整体,Android,Organic,Flawless,0.0,0.0,6586.071428571428,0.0,0.0,45,43
2026-02,整体,Android,Organic,Glitter,323.2142857142857,43.67857142857143,6586.071428571428,0.04907542974892902,0.0066319613903801315,28,39
2026-02,整体,Android,Organic,Glowup,444.42857142857144,123.28571428571429,6586.071428571428,0.06748007157963234,0.018719158397050052,20,23
2026-02,整体,Android,Organic,Hair,1343.2142857142858,384.67857142857144,6586.071428571428,0.2039477251775934,0.05840789545035519,5,7
2026-02,整体,Android,Organic,Magic,1657.75,790.3571428571429,6586.071428571428,0.251705438967518,0.12000433815953583,2,1
2026-02,整体,Android,Organic,Makeup,923.6785714285714,427.2142857142857,6586.071428571428,0.14024727509354157,0.06486633045930264,7,6
2026-02,整体,Android,Organic,Matte,125.39285714285714,51.67857142857143,6586.071428571428,0.01903909766281655,0.007846646060408871,44,37
2026-02,整体,Android,Organic,Muscle,239.96428571428572,71.78571428571429,6586.071428571428,0.03643511740144244,0.010899625833740037,36,32
2026-02,整体,Android,Organic,Mykit,406.7857142857143,0.0,6586.071428571428,0.06176454639119354,0.0,23,43
2026-02,整体,Android,Organic,Plump,277.0,92.64285714285714,6586.071428571428,0.04205845669974513,0.014066482294886395,32,28
2026-02,整体,Android,Organic,Preset,662.3571428571429,75.0,6586.071428571428,0.10056938343907598,0.011387668781519441,11,30
2026-02,整体,Android,Organic,Prism,148.5,58.285714285714285,6586.071428571428,0.022547584187408494,0.008849845453066536,41,35
2026-02,整体,Android,Organic,Relight,608.75,275.07142857142856,6586.071428571428,0.09242991160999946,0.04176563093107749,12,15
2026-02,整体,Android,Organic,Reshape,607.25,325.35714285714283,6586.071428571428,0.09220215823436907,0.04940079171411529,13,11
2026-02,整体,Android,Organic,Resize,250.92857142857142,99.75,6586.071428571428,0.038099886123312186,0.015145599479420856,35,26
2026-02,整体,Android,Organic,Skin Tone,435.10714285714283,276.2857142857143,6586.071428571428,0.06606474703107207,0.04195000271134971,22,14
2026-02,整体,Android,Organic,Smooth,724.8571428571429,512.5,6586.071428571428,0.11005910742367551,0.07781573667371618,10,4
2026-02,整体,Android,Organic,Stamp,172.60714285714286,30.214285714285715,6586.071428571428,0.02620790629575403,0.004587603709126403,39,40
2026-02,整体,Android,Organic,Teeth,302.89285714285717,0.0,6586.071428571428,0.04598991377907923,0.0,29,43
2026-02,整体,Android,Organic,Text,285.75,23.035714285714285,6586.071428571428,0.04338701805758907,0.0034976411257523995,31,42
2026-02,整体,Android,Organic,Whiten,0.0,0.0,6586.071428571428,0.0,0.0,45,43
2026-02,整体,Android,non-Organic,AI Expand,653.1071428571429,279.82142857142856,15915.75,0.04103527278683963,0.01758141643161199,21,19
2026-02,整体,Android,non-Organic,AI Image,4368.428571428572,1433.357142857143,15915.75,0.27447205261634366,0.09005903855345447,1,4
2026-02,整体,Android,non-Organic,AI Repair,622.7142857142857,285.17857142857144,15915.75,0.03912566393128101,0.0179180102369396,24,18
2026-02,整体,Android,non-Organic,AI Replace,250.96428571428572,115.25,15915.75,0.015768297800247286,0.007241254731947914,37,31
2026-02,整体,Android,non-Organic,AI Retouch,3450.964285714286,1637.357142857143,15915.75,0.21682699751593773,0.10287653066032973,5,1
2026-02,整体,Android,non-Organic,AI Tattoo,648.5357142857143,267.4642857142857,15915.75,0.04074804607296008,0.016805006720656313,23,21
2026-02,整体,Android,non-Organic,Acne,438.57142857142856,235.64285714285714,15915.75,0.02755581286282007,0.01480563951701033,29,22
2026-02,整体,Android,non-Organic,Adjust,823.3928571428571,346.07142857142856,15915.75,0.051734467878853156,0.021743959824163394,17,15
2026-02,整体,Android,non-Organic,Background,858.3214285714286,173.39285714285714,15915.75,0.053929059489589155,0.010894419499103539,14,25
2026-02,整体,Android,non-Organic,Blur,297.7857142857143,139.5,15915.75,0.018710127658810565,0.00876490269073088,34,29
2026-02,整体,Android,non-Organic,Body,857.6785714285714,451.67857142857144,15915.75,0.05388866823294984,0.02837934570652162,15,12
2026-02,整体,Android,non-Organic,Bokeh,193.53571428571428,59.32142857142857,15915.75,0.01216001220713534,0.003727215404327699,40,39
2026-02,整体,Android,non-Organic,Brighten,496.67857142857144,229.35714285714286,15915.75,0.031206733671273516,0.014410702785425937,28,23
2026-02,整体,Android,non-Organic,Collarbone,0.0,0.0,15915.75,0.0,0.0,45,44
2026-02,整体,Android,non-Organic,Concealer,729.1071428571429,308.35714285714283,15915.75,0.04581041690508728,0.019374339434657044,19,17
2026-02,整体,Android,non-Organic,Contour,191.46428571428572,86.85714285714286,15915.75,0.012029862602408665,0.005457307563711598,41,36
2026-02,整体,Android,non-Organic,Crop,650.8571428571429,455.7142857142857,15915.75,0.040893903388602035,0.028632913039868414,22,11
2026-02,整体,Android,non-Organic,Dark Circles,339.85714285714283,170.75,15915.75,0.02135351100998337,0.01072836655514192,33,26
2026-02,整体,Android,non-Organic,Details,170.21428571428572,62.07142857142857,15915.75,0.010694707174609158,0.00390000022439587,43,38
2026-02,整体,Android,non-Organic,Effects,979.2857142857143,117.10714285714286,15915.75,0.061529347613886516,0.007357940584461484,11,30
2026-02,整体,Android,non-Organic,Eraser,1279.6785714285713,549.0,15915.75,0.08040328425795651,0.03449413316997314,9,9
2026-02,整体,Android,non-Organic,Expression,425.0357142857143,149.75,15915.75,0.026705352514692318,0.0094089188382577,31,27
2026-02,整体,Android,non-Organic,Eye Brighten,216.0,106.10714285714286,15915.75,0.013571462230809104,0.006666801304188798,38,34
2026-02,整体,Android,non-Organic,Face,3093.3928571428573,1201.607142857143,15915.75,0.19436048298967107,0.0754979905349822,6,5
2026-02,整体,Android,non-Organic,Face Fix,534.5,140.0,15915.75,0.033583085936886414,0.008796318112561456,25,28
2026-02,整体,Android,non-Organic,Filters,3547.5,973.1071428571429,15915.75,0.2228924178879412,0.06114114275840868,3,7
2026-02,整体,Android,non-Organic,Flawless,0.0,0.0,15915.75,0.0,0.0,45,44
2026-02,整体,Android,non-Organic,Glitter,392.5357142857143,96.57142857142857,15915.75,0.024663350095704837,0.006067664330705658,32,35
2026-02,整体,Android,non-Organic,Glowup,956.6071428571429,273.7142857142857,15915.75,0.06010443383799965,0.017197699493538523,12,20
2026-02,整体,Android,non-Organic,Hair,3930.8214285714284,1503.7142857142858,15915.75,0.24697682663848253,0.09447963719675703,2,3
2026-02,整体,Android,non-Organic,Magic,3484.285714285714,1597.7857142857142,15915.75,0.21892061098507543,0.1003902244183098,4,2
2026-02,整体,Android,non-Organic,Makeup,2257.9285714285716,1095.857142857143,15915.75,0.1418675570694797,0.06885362881781523,7,6
2026-02,整体,Android,non-Organic,Matte,177.35714285714286,65.78571428571429,15915.75,0.011143498915045968,0.004133371929423011,42,37
2026-02,整体,Android,non-Organic,Muscle,865.2142857142857,330.07142857142856,15915.75,0.05436214351911067,0.020738666325584944,13,16
2026-02,整体,Android,non-Organic,Mykit,508.2857142857143,0.0,15915.75,0.031936020249483325,0.0,27,44
2026-02,整体,Android,non-Organic,Plump,428.85714285714283,178.46428571428572,15915.75,0.02694545609582601,0.011213061634813674,30,24
2026-02,整体,Android,non-Organic,Preset,773.1071428571429,112.07142857142857,15915.75,0.048574974026178025,0.007041542407453533,18,32
2026-02,整体,Android,non-Organic,Prism,135.10714285714286,48.535714285714285,15915.75,0.008488895770362243,0.003049539876268117,44,40
2026-02,整体,Android,non-Organic,Relight,1399.9285714285713,650.3928571428571,15915.75,0.08795869320821019,0.040864731925473644,8,8
2026-02,整体,Android,non-Organic,Reshape,979.3928571428571,429.35714285714283,15915.75,0.06153607948999307,0.026976871517656587,10,13
2026-02,整体,Android,non-Organic,Resize,260.5,107.85714285714286,15915.75,0.016367434773730424,0.006776755280595816,36,33
2026-02,整体,Android,non-Organic,Skin Tone,670.5,358.89285714285717,15915.75,0.04212808067480326,0.02254954099824747,20,14
2026-02,整体,Android,non-Organic,Smooth,855.9642857142857,476.0357142857143,15915.75,0.053780958215245006,0.029909725541411136,16,10
2026-02,整体,Android,non-Organic,Stamp,201.42857142857142,34.07142857142857,15915.75,0.012655927080318014,0.002140736601883579,39,41
2026-02,整体,Android,non-Organic,Teeth,532.9285714285714,0.10714285714285714,15915.75,0.033484351753990324,6.731876106552134e-06,26,43
2026-02,整体,Android,non-Organic,Text,294.7142857142857,33.892857142857146,15915.75,0.01851714721042274,0.002129516808372659,35,42
2026-02,整体,Android,non-Organic,Whiten,0.0,0.0,15915.75,0.0,0.0,45,44
2026-02,整体,iOS,Organic,AI Expand,389.92857142857144,124.25,13886.607142857143,0.0280794701986755,0.008947469941490387,33,30
2026-02,整体,iOS,Organic,AI Image,1253.75,142.75,13886.607142857143,0.09028483250819777,0.010279688806018131,14,27
2026-02,整体,iOS,Organic,AI Repair,569.7142857142857,210.35714285714286,13886.607142857143,0.041026168584838936,0.015148202919050988,29,24
2026-02,整体,iOS,Organic,AI Replace,278.5357142857143,117.14285714285714,13886.607142857143,0.020057866649520993,0.00843567157461583,40,31
2026-02,整体,iOS,Organic,AI Retouch,3539.6428571428573,1484.5714285714287,13886.607142857143,0.2548961615122485,0.10690670610171672,3,5
2026-02,整体,iOS,Organic,AI Tattoo,252.71428571428572,46.57142857142857,13886.607142857143,0.01819841831157976,0.0033536938211277565,41,38
2026-02,整体,iOS,Organic,Acne,1865.2142857142858,1405.3214285714287,13886.607142857143,0.13431749501703852,0.10119976853340192,9,6
2026-02,整体,iOS,Organic,Adjust,1298.8214285714287,528.75,13886.607142857143,0.09353050858355302,0.03807625538481322,13,15
2026-02,整体,iOS,Organic,Background,725.5714285714286,82.53571428571429,13886.607142857143,0.052249726740821706,0.005943547868578409,25,36
2026-02,整体,iOS,Organic,Blur,716.8571428571429,432.5357142857143,13886.607142857143,0.05162219507490516,0.03114768854883302,27,18
2026-02,整体,iOS,Organic,Body,1308.857142857143,877.5357142857143,13886.607142857143,0.09425319873979297,0.06319295312801389,12,8
2026-02,整体,iOS,Organic,Bokeh,305.85714285714283,100.21428571428571,13886.607142857143,0.022025332733234742,0.007216614158040249,39,34
2026-02,整体,iOS,Organic,Brighten,754.9285714285714,392.92857142857144,13886.607142857143,0.05436378833665531,0.028295505690220536,24,20
2026-02,整体,iOS,Organic,Concealer,990.1785714285714,458.32142857142856,13886.607142857143,0.07130457146531216,0.033004565035684434,17,17
2026-02,整体,iOS,Organic,Contour,362.89285714285717,190.46428571428572,13886.607142857143,0.02613257892368032,0.01371568186202019,37,25
2026-02,整体,iOS,Organic,Crop,668.1071428571429,471.9642857142857,13886.607142857143,0.048111618337298274,0.0339870121519964,28,16
2026-02,整体,iOS,Organic,Dark Circles,718.8928571428571,540.4642857142857,13886.607142857143,0.05176879058702501,0.0389198225422748,26,14
2026-02,整体,iOS,Organic,Details,366.32142857142856,126.92857142857143,13886.607142857143,0.02637947662830322,0.00914035877322703,36,29
2026-02,整体,iOS,Organic,Effects,838.4642857142857,17.892857142857142,13886.607142857143,0.06037934803574872,0.0012884973960007714,21,42
2026-02,整体,iOS,Organic,Eraser,1536.5357142857142,862.7857142857143,13886.607142857143,0.11064874943740757,0.062130778627917445,10,9
2026-02,整体,iOS,Organic,Expression,535.75,114.92857142857143,13886.607142857143,0.03858033819841831,0.008276216807046871,30,32
2026-02,整体,iOS,Organic,Eye Brighten,466.67857142857144,319.39285714285717,13886.607142857143,0.03360637819070276,0.023000064296277246,31,22
2026-02,整体,iOS,Organic,Face,4519.035714285715,1948.142857142857,13886.607142857143,0.3254240339484344,0.14028933324760495,1,3
2026-02,整体,iOS,Organic,Face Fix,863.9285714285714,139.5,13886.607142857143,0.062213077862791746,0.010045650356844339,19,28
2026-02,整体,iOS,Organic,Filters,3439.785714285714,617.8214285714286,13886.607142857143,0.2477052658651064,0.044490452002829035,4,11
2026-02,整体,iOS,Organic,Flawless,0.0,0.0,13886.607142857143,0.0,0.0,45,43
2026-02,整体,iOS,Organic,Glitter,367.4642857142857,59.392857142857146,13886.607142857143,0.026461775863177522,0.004276988362373819,35,37
2026-02,整体,iOS,Organic,Glowup,1223.6785714285713,379.17857142857144,13886.607142857143,0.08811933389056772,0.027305343020639104,15,21
2026-02,整体,iOS,Organic,Hair,2025.5357142857142,568.4642857142857,13886.607142857143,0.14586253455924902,0.040936153796695164,8,12
2026-02,整体,iOS,Organic,Magic,3939.1785714285716,2202.8928571428573,13886.607142857143,0.283667459654086,0.15863434707130458,2,1
2026-02,整体,iOS,Organic,Makeup,2351.6428571428573,1047.857142857143,13886.607142857143,0.1693461068604128,0.07545811097537453,6,7
2026-02,整体,iOS,Organic,Matte,322.35714285714283,155.5,13886.607142857143,0.02321352793673246,0.01119783964508455,38,26
2026-02,整体,iOS,Organic,Muscle,368.25,106.28571428571429,13886.607142857143,0.026518356587153603,0.007653828843309973,34,33
2026-02,整体,iOS,Organic,Mykit,419.0357142857143,0.0,13886.607142857143,0.030175528836880343,0.0,32,43
2026-02,整体,iOS,Organic,Plump,809.9285714285714,253.21428571428572,13886.607142857143,0.058324439014981036,0.018234424226837267,22,23
2026-02,整体,iOS,Organic,Preset,792.7857142857143,99.21428571428571,13886.607142857143,0.05708995049186652,0.007144602327525236,23,35
2026-02,整体,iOS,Organic,Prism,143.46428571428572,38.714285714285715,13886.607142857143,0.01033112582781457,0.002787886581366939,44,40
2026-02,整体,iOS,Organic,Relight,1179.892857142857,542.8571428571429,13886.607142857143,0.08496624445444609,0.039092136565292875,16,13
2026-02,整体,iOS,Organic,Reshape,2316.8928571428573,1644.607142857143,13886.607142857143,0.1668436957500161,0.11843117083520864,7,4
2026-02,整体,iOS,Organic,Resize,843.4642857142857,395.25,13886.607142857143,0.06073940718832379,0.02846267601105896,20,19
2026-02,整体,iOS,Organic,Skin Tone,1317.8214285714287,838.4285714285714,13886.607142857143,0.09489873336333826,0.060376776184658906,11,10
2026-02,整体,iOS,Organic,Smooth,2604.6428571428573,2051.714285714286,13886.607142857143,0.18756509998071114,0.14774770140808846,5,2
2026-02,整体,iOS,Organic,Stamp,183.82142857142858,40.07142857142857,13886.607142857143,0.013237317559313316,0.002885616922780171,43,39
2026-02,整体,iOS,Organic,Teeth,958.0,0.0,13886.607142857143,0.06898733363338262,0.0,18,43
2026-02,整体,iOS,Organic,Text,207.32142857142858,21.428571428571427,13886.607142857143,0.014929595576416125,0.0015431106538931394,42,41
2026-02,整体,iOS,Organic,Whiten,0.0,0.0,13886.607142857143,0.0,0.0,45,43
2026-02,整体,iOS,non-Organic,AI Expand,105.57142857142857,35.82142857142857,3114.035714285714,0.033901804043902604,0.011503217001364788,30,28
2026-02,整体,iOS,non-Organic,AI Image,356.64285714285717,36.0,3114.035714285714,0.11452754234858303,0.011560561054213069,7,27
2026-02,整体,iOS,non-Organic,AI Repair,149.42857142857142,59.5,3114.035714285714,0.047985503423439956,0.0191070384090466,23,19
2026-02,整体,iOS,non-Organic,AI Replace,83.39285714285714,39.07142857142857,3114.035714285714,0.026779672680146343,0.012546878763203468,34,25
2026-02,整体,iOS,non-Organic,AI Retouch,766.2142857142857,272.0357142857143,3114.035714285714,0.24605186196139597,0.0873579301090684,3,3
2026-02,整体,iOS,non-Organic,AI Tattoo,80.07142857142857,16.392857142857142,3114.035714285714,0.025713073297168352,0.005264184051472022,35,36
2026-02,整体,iOS,non-Organic,Acne,206.85714285714286,126.25,3114.035714285714,0.06642735081944652,0.040542245363733326,13,10
2026-02,整体,iOS,non-Organic,Adjust,189.10714285714286,57.0,3114.035714285714,0.06072735196632757,0.01830422166917069,17,20
2026-02,整体,iOS,non-Organic,Background,170.28571428571428,22.642857142857142,3114.035714285714,0.05468328879611895,0.00727122590116179,20,34
2026-02,整体,iOS,non-Organic,Blur,89.60714285714286,46.17857142857143,3114.035714285714,0.028775245719266457,0.014829172066564977,33,22
2026-02,整体,iOS,non-Organic,Body,253.67857142857142,148.89285714285714,3114.035714285714,0.08146296147626529,0.047813471264895116,12,9
2026-02,整体,iOS,non-Organic,Bokeh,38.5,6.892857142857143,3114.035714285714,0.012363377794088975,0.0022134804399435736,42,38
2026-02,整体,iOS,non-Organic,Brighten,130.85714285714286,65.21428571428571,3114.035714285714,0.04202172192721893,0.020942048100191527,24,17
2026-02,整体,iOS,non-Organic,Concealer,159.28571428571428,70.89285714285714,3114.035714285714,0.05115089514066496,0.022765588980766804,22,15
2026-02,整体,iOS,non-Organic,Contour,62.607142857142854,31.214285714285715,3114.035714285714,0.020104824928606654,0.010023740437879188,39,30
2026-02,整体,iOS,non-Organic,Crop,102.71428571428571,67.57142857142857,3114.035714285714,0.03298429919833014,0.021698989597788813,31,16
2026-02,整体,iOS,non-Organic,Dark Circles,101.28571428571429,61.5,3114.035714285714,0.03252554677554391,0.019749291800947325,32,18
2026-02,整体,iOS,non-Organic,Details,67.32142857142857,24.392857142857142,3114.035714285714,0.021618707923801224,0.007833197619074925,38,33
2026-02,整体,iOS,non-Organic,Effects,175.67857142857142,5.321428571428571,3114.035714285714,0.05641507919213698,0.0017088527748787173,19,41
2026-02,整体,iOS,non-Organic,Eraser,332.0357142857143,194.57142857142858,3114.035714285714,0.10662553186609017,0.06248207998348492,9,6
2026-02,整体,iOS,non-Organic,Expression,121.42857142857143,26.75,3114.035714285714,0.03899395593682979,0.00859013911667221,27,31
2026-02,整体,iOS,non-Organic,Eye Brighten,73.71428571428571,41.92857142857143,3114.035714285714,0.023671625015769613,0.013464383608775934,36,23
2026-02,整体,iOS,non-Organic,Face,864.25,374.0,3114.035714285714,0.2775337469751012,0.12010138428543576,2,1
2026-02,整体,iOS,non-Organic,Face Fix,205.82142857142858,40.17857142857143,3114.035714285714,0.0660947553129265,0.0129024118908628,15,24
2026-02,整体,iOS,non-Organic,Filters,667.6428571428571,99.10714285714286,3114.035714285714,0.21439794478914592,0.031825949330794905,5,12
2026-02,整体,iOS,non-Organic,Flawless,0.0,0.0,3114.035714285714,0.0,0.0,45,43
2026-02,整体,iOS,non-Organic,Glitter,68.32142857142857,13.357142857142858,3114.035714285714,0.021939834619751585,0.004289335153051277,37,37
2026-02,整体,iOS,non-Organic,Glowup,293.35714285714283,79.5,3114.035714285714,0.0942048100191529,0.02552957232805386,11,14
2026-02,整体,iOS,non-Organic,Hair,1031.4285714285713,239.64285714285714,3114.035714285714,0.3312192492516601,0.07695571892239056,1,4
2026-02,整体,iOS,non-Organic,Magic,720.7142857142857,314.57142857142856,3114.035714285714,0.23144059729565444,0.10101728349752846,4,2
2026-02,整体,iOS,non-Organic,Makeup,413.42857142857144,151.96428571428572,3114.035714285714,0.13276295115433578,0.048799788973885525,6,8
2026-02,整体,iOS,non-Organic,Matte,53.785714285714285,25.0,3114.035714285714,0.017272028717901667,0.008028167398759075,40,32
2026-02,整体,iOS,non-Organic,Muscle,111.78571428571429,34.67857142857143,3114.035714285714,0.03589737708302272,0.011136215063135804,28,29
2026-02,整体,iOS,non-Organic,Mykit,109.07142857142857,0.0,3114.035714285714,0.03502574747972888,0.0,29,43
2026-02,整体,iOS,non-Organic,Plump,126.85714285714286,38.75,3114.035714285714,0.04073721514341748,0.012443659468076566,26,26
2026-02,整体,iOS,non-Organic,Preset,181.39285714285714,17.5,3114.035714285714,0.05825008888328191,0.005619717179131353,18,35
2026-02,整体,iOS,non-Organic,Prism,24.928571428571427,6.642857142857143,3114.035714285714,0.008005229777619763,0.002133198765955983,44,39
2026-02,整体,iOS,non-Organic,Relight,205.28571428571428,82.67857142857143,3114.035714285714,0.06592272315438166,0.026550296468753228,16,13
2026-02,整体,iOS,non-Organic,Reshape,307.0,163.28571428571428,3114.035714285714,0.09858589565676144,0.05243540192446641,10,7
2026-02,整体,iOS,non-Organic,Resize,127.85714285714286,54.0,3114.035714285714,0.041058341839367844,0.017340841581319603,25,21
2026-02,整体,iOS,non-Organic,Skin Tone,205.92857142857142,120.10714285714286,3114.035714285714,0.06612916174463546,0.03856960994575253,14,11
2026-02,整体,iOS,non-Organic,Smooth,336.2857142857143,224.46428571428572,3114.035714285714,0.10799032032387922,0.07208147443028684,8,5
2026-02,整体,iOS,non-Organic,Stamp,32.464285714285715,5.75,3114.035714285714,0.010425148807817142,0.0018464785017145871,43,40
2026-02,整体,iOS,non-Organic,Teeth,159.85714285714286,0.0,3114.035714285714,0.051334396109779454,0.0,21,43
2026-02,整体,iOS,non-Organic,Text,50.892857142857146,3.3214285714285716,3114.035714285714,0.016343055061759548,0.0010665993829779914,41,42
2026-02,整体,iOS,non-Organic,Whiten,0.0,0.0,3114.035714285714,0.0,0.0,45,43
2026-02,美国,Android,Organic,AI Expand,10.464285714285714,4.214285714285714,260.39285714285717,0.04018653134000822,0.01618433685365519,30,28
2026-02,美国,Android,Organic,AI Image,28.321428571428573,4.392857142857143,260.39285714285717,0.10876422987244548,0.016870113838979565,8,27
2026-02,美国,Android,Organic,AI Repair,14.464285714285714,7.214285714285714,260.39285714285717,0.055547935811274166,0.027705390207104646,23,17
2026-02,美国,Android,Organic,AI Replace,9.142857142857142,4.642857142857143,260.39285714285717,0.03511178164860787,0.017830201618433687,34,25
2026-02,美国,Android,Organic,AI Retouch,50.392857142857146,22.75,260.39285714285717,0.19352626525853792,0.08736798793032505,4,3
2026-02,美国,Android,Organic,AI Tattoo,6.785714285714286,1.7142857142857142,260.39285714285717,0.02605952544232615,0.006583459059113975,40,38
2026-02,美国,Android,Organic,Acne,16.428571428571427,11.25,260.39285714285717,0.06309148264984225,0.04320395007543546,19,12
2026-02,美国,Android,Organic,Adjust,21.25,10.107142857142858,260.39285714285717,0.08160746125360033,0.03881497736935948,11,13
2026-02,美国,Android,Organic,Background,16.214285714285715,3.7857142857142856,260.39285714285717,0.062268550267453024,0.014538472088876696,20,30
2026-02,美国,Android,Organic,Blur,10.607142857142858,6.285714285714286,260.39285714285717,0.04073515292826772,0.02413934988341791,29,21
2026-02,美国,Android,Organic,Body,15.035714285714286,9.071428571428571,260.39285714285717,0.05774242216431216,0.03483747085447812,22,14
2026-02,美国,Android,Organic,Bokeh,6.321428571428571,2.107142857142857,260.39285714285717,0.024276505280482783,0.008092168426827594,41,36
2026-02,美国,Android,Organic,Brighten,12.428571428571429,7.714285714285714,260.39285714285717,0.04773007817857632,0.02962556576601289,25,15
2026-02,美国,Android,Organic,Concealer,15.071428571428571,6.964285714285714,260.39285714285717,0.05787957756137704,0.026745302427650525,21,19
2026-02,美国,Android,Organic,Contour,7.642857142857143,3.607142857142857,260.39285714285717,0.029351254971883144,0.013852695103552323,37,31
2026-02,美国,Android,Organic,Crop,18.678571428571427,15.75,260.39285714285717,0.07173227266492935,0.06048553010560965,15,7
2026-02,美国,Android,Organic,Dark Circles,10.142857142857142,7.178571428571429,260.39285714285717,0.038952132766424355,0.027568234810039772,32,18
2026-02,美国,Android,Organic,Details,9.285714285714286,4.5,260.39285714285717,0.03566040323686737,0.017281580030174187,33,26
2026-02,美国,Android,Organic,Effects,19.892857142857142,1.3928571428571428,260.39285714285717,0.07639555616513509,0.005349060485530105,12,39
2026-02,美国,Android,Organic,Eraser,21.571428571428573,12.785714285714286,260.39285714285717,0.0828418598271842,0.04910163214922507,10,10
2026-02,美国,Android,Organic,Expression,10.428571428571429,4.0,260.39285714285717,0.040049375942943354,0.015361404471265943,31,29
2026-02,美国,Android,Organic,Eye Brighten,8.428571428571429,6.107142857142857,260.39285714285717,0.03236867370731038,0.023453572898093536,35,22
2026-02,美国,Android,Organic,Face,58.214285714285715,28.321428571428573,260.39285714285717,0.22356329721574542,0.10876422987244548,3,2
2026-02,美国,Android,Organic,Face Fix,16.464285714285715,3.107142857142857,260.39285714285717,0.06322863804690715,0.01193251954464408,18,32
2026-02,美国,Android,Organic,Filters,58.25,19.75,260.39285714285717,0.2237004526128103,0.0758469345768756,2,5
2026-02,美国,Android,Organic,Flawless,0.0,0.0,260.39285714285717,0.0,0.0,45,43
2026-02,美国,Android,Organic,Glitter,8.357142857142858,1.9285714285714286,260.39285714285717,0.03209436291318063,0.007406391441503223,36,37
2026-02,美国,Android,Organic,Glowup,18.857142857142858,6.678571428571429,260.39285714285717,0.07241804965025374,0.02564805925113153,13,20
2026-02,美国,Android,Organic,Hair,42.107142857142854,14.321428571428571,260.39285714285717,0.16170621313948702,0.05499931422301467,5,8
2026-02,美国,Android,Organic,Magic,61.714285714285715,33.892857142857146,260.39285714285717,0.23700452612810313,0.13016047181456591,1,1
2026-02,美国,Android,Organic,Makeup,36.142857142857146,19.607142857142858,260.39285714285717,0.138801261829653,0.0752983129886161,6,6
2026-02,美国,Android,Organic,Matte,6.035714285714286,2.75,260.39285714285717,0.023179262103963788,0.010560965573995336,42,33
2026-02,美国,Android,Organic,Muscle,7.178571428571429,2.75,260.39285714285717,0.027568234810039772,0.010560965573995336,38,33
2026-02,美国,Android,Organic,Mykit,11.821428571428571,0.0,260.39285714285717,0.04539843642847346,0.0,27,43
2026-02,美国,Android,Organic,Plump,12.285714285714286,5.25,260.39285714285717,0.04718145659031683,0.02016184336853655,26,24
2026-02,美国,Android,Organic,Preset,18.821428571428573,2.6785714285714284,260.39285714285717,0.07228089425318886,0.010286654779865586,14,35
2026-02,美国,Android,Organic,Prism,4.071428571428571,1.1428571428571428,260.39285714285717,0.01563571526539569,0.004388972706075984,44,42
2026-02,美国,Android,Organic,Relight,17.142857142857142,7.678571428571429,260.39285714285717,0.06583459059113975,0.029488410368948018,17,16
2026-02,美国,Android,Organic,Reshape,22.25,13.25,260.39285714285717,0.08544781237141681,0.05088465231106844,9,9
2026-02,美国,Android,Organic,Resize,11.214285714285714,5.75,260.39285714285717,0.04306679467837059,0.022082018927444793,28,23
2026-02,美国,Android,Organic,Skin Tone,18.392857142857142,11.642857142857142,260.39285714285717,0.07063502948841036,0.04471265944314908,16,11
2026-02,美国,Android,Organic,Smooth,30.428571428571427,22.607142857142858,260.39285714285717,0.11685639829927306,0.08681936634206555,7,4
2026-02,美国,Android,Organic,Stamp,4.607142857142857,1.2142857142857142,260.39285714285717,0.01769304622136881,0.004663283500205733,43,40
2026-02,美国,Android,Organic,Teeth,13.607142857142858,0.0,260.39285714285717,0.052256206281717184,0.0,24,43
2026-02,美国,Android,Organic,Text,7.0,1.1785714285714286,260.39285714285717,0.0268824578247154,0.004526128103140859,39,41
2026-02,美国,Android,Organic,Whiten,0.0,0.0,260.39285714285717,0.0,0.0,45,43
2026-02,美国,Android,non-Organic,AI Expand,13.392857142857142,4.642857142857143,329.89285714285717,0.040597596622279956,0.01407383349572372,32,31
2026-02,美国,Android,non-Organic,AI Image,44.035714285714285,5.214285714285714,329.89285714285717,0.1334848976940565,0.01580599761827433,8,29
2026-02,美国,Android,non-Organic,AI Repair,20.571428571428573,8.607142857142858,329.89285714285717,0.06235790841182202,0.02609072209591859,22,20
2026-02,美国,Android,non-Organic,AI Replace,11.607142857142858,5.321428571428571,329.89285714285717,0.0351845837393093,0.01613077839125257,36,28
2026-02,美国,Android,non-Organic,AI Retouch,86.78571428571429,37.92857142857143,329.89285714285717,0.26307242611237414,0.11497239363429684,3,3
2026-02,美国,Android,non-Organic,AI Tattoo,7.678571428571429,1.7857142857142858,329.89285714285717,0.023275955396773844,0.005413012882970661,41,37
2026-02,美国,Android,non-Organic,Acne,23.928571428571427,16.25,329.89285714285717,0.07253437263180686,0.04925841723503301,19,11
2026-02,美国,Android,non-Organic,Adjust,25.571428571428573,10.464285714285714,329.89285714285717,0.07751434448413987,0.03172025549420807,17,18
2026-02,美国,Android,non-Organic,Background,24.535714285714285,4.571428571428571,329.89285714285717,0.07437479701201688,0.013857312980404891,18,32
2026-02,美国,Android,non-Organic,Blur,14.214285714285714,7.25,329.89285714285717,0.04308758254844646,0.021976832304860885,30,22
2026-02,美国,Android,non-Organic,Body,20.357142857142858,11.607142857142858,329.89285714285717,0.061708346865865536,0.0351845837393093,23,14
2026-02,美国,Android,non-Organic,Bokeh,7.5,1.5,329.89285714285717,0.022734654108476776,0.004546930821695355,42,39
2026-02,美国,Android,non-Organic,Brighten,19.857142857142858,10.964285714285714,329.89285714285717,0.060192703258633753,0.033235899101439856,24,15
2026-02,美国,Android,non-Organic,Concealer,27.214285714285715,12.714285714285714,329.89285714285717,0.08249431633647288,0.038540651726751106,15,13
2026-02,美国,Android,non-Organic,Contour,12.821428571428571,5.678571428571429,329.89285714285717,0.03886543249972935,0.017213380967846702,34,27
2026-02,美国,Android,non-Organic,Crop,21.607142857142858,17.214285714285715,329.89285714285717,0.065497455883945,0.05218144419183718,21,8
2026-02,美国,Android,non-Organic,Dark Circles,14.035714285714286,9.464285714285714,329.89285714285717,0.0425462812601494,0.0286889682797445,31,19
2026-02,美国,Android,non-Organic,Details,14.535714285714286,5.75,329.89285714285717,0.04406192486738118,0.01742990148316553,29,26
2026-02,美国,Android,non-Organic,Effects,31.678571428571427,2.142857142857143,329.89285714285717,0.09602684854389952,0.006495615459564793,9,36
2026-02,美国,Android,non-Organic,Eraser,31.392857142857142,17.142857142857142,329.89285714285717,0.09516076648262423,0.051964923676518344,10,9
2026-02,美国,Android,non-Organic,Expression,15.214285714285714,5.071428571428571,329.89285714285717,0.04611886976291003,0.015372956587636677,28,30
2026-02,美国,Android,non-Organic,Eye Brighten,12.357142857142858,8.035714285714286,329.89285714285717,0.03745804915015698,0.024358557973367976,35,21
2026-02,美国,Android,non-Organic,Face,96.85714285714286,42.67857142857143,329.89285714285717,0.29360181877232866,0.1293710079029988,2,2
2026-02,美国,Android,non-Organic,Face Fix,28.892857142857142,6.678571428571429,329.89285714285717,0.08758254844646529,0.020244668182310275,13,23
2026-02,美国,Android,non-Organic,Filters,82.60714285714286,25.25,329.89285714285717,0.25040597596622277,0.07654000216520515,4,6
2026-02,美国,Android,non-Organic,Flawless,0.0,0.0,329.89285714285717,0.0,0.0,45,43
2026-02,美国,Android,non-Organic,Glitter,9.0,1.25,329.89285714285717,0.02728158493017213,0.0037891090180794625,39,40
2026-02,美国,Android,non-Organic,Glowup,28.5,10.928571428571429,329.89285714285717,0.08639168561221175,0.03312763884378045,14,16
2026-02,美国,Android,non-Organic,Hair,68.60714285714286,22.035714285714285,329.89285714285717,0.2079679549637328,0.06679657897585796,5,7
2026-02,美国,Android,non-Organic,Magic,98.71428571428571,48.142857142857146,329.89285714285717,0.29923135217061814,0.14593482732488902,1,1
2026-02,美国,Android,non-Organic,Makeup,53.285714285714285,26.892857142857142,329.89285714285717,0.16152430442784452,0.08151997401753816,6,5
2026-02,美国,Android,non-Organic,Matte,9.464285714285714,4.571428571428571,329.89285714285717,0.0286889682797445,0.013857312980404891,37,32
2026-02,美国,Android,non-Organic,Muscle,9.142857142857142,3.142857142857143,329.89285714285717,0.027714625960809782,0.009526902674028363,38,35
2026-02,美国,Android,non-Organic,Mykit,16.535714285714285,0.0,329.89285714285717,0.05012449929630832,0.0,27,43
2026-02,美国,Android,non-Organic,Plump,16.571428571428573,6.321428571428571,329.89285714285717,0.05023275955396774,0.01916206560571614,26,24
2026-02,美国,Android,non-Organic,Preset,25.964285714285715,4.535714285714286,329.89285714285717,0.07870520731839341,0.01374905272274548,16,34
2026-02,美国,Android,non-Organic,Prism,5.142857142857143,1.25,329.89285714285717,0.015589477102955504,0.0037891090180794625,43,40
2026-02,美国,Android,non-Organic,Relight,23.357142857142858,10.571428571428571,329.89285714285717,0.07080220850925625,0.032045036267186314,20,17
2026-02,美国,Android,non-Organic,Reshape,29.892857142857142,14.428571428571429,329.89285714285717,0.09061383566092887,0.04373714409440294,12,12
2026-02,美国,Android,non-Organic,Resize,13.214285714285714,5.964285714285714,329.89285714285717,0.04005629533398289,0.018079463029122007,33,25
2026-02,美国,Android,non-Organic,Skin Tone,29.964285714285715,16.964285714285715,329.89285714285717,0.0908303561762477,0.051423622388221284,11,10
2026-02,美国,Android,non-Organic,Smooth,44.82142857142857,32.714285714285715,329.89285714285717,0.13586662336256358,0.09916639601602252,7,4
2026-02,美国,Android,non-Organic,Stamp,5.142857142857143,1.0714285714285714,329.89285714285717,0.015589477102955504,0.0032478077297823965,43,42
2026-02,美国,Android,non-Organic,Teeth,19.25,0.0,329.89285714285717,0.05835227887842372,0.0,25,43
2026-02,美国,Android,non-Organic,Text,8.035714285714286,1.7857142857142858,329.89285714285717,0.024358557973367976,0.005413012882970661,40,37
2026-02,美国,Android,non-Organic,Whiten,0.0,0.0,329.89285714285717,0.0,0.0,45,43
2026-02,美国,iOS,Organic,AI Expand,60.714285714285715,19.607142857142858,2625.3928571428573,0.023125790697990777,0.007468270054821727,35,33
2026-02,美国,iOS,Organic,AI Image,225.89285714285714,20.142857142857142,2625.3928571428573,0.08604154480281861,0.007672321149215763,13,30
2026-02,美国,iOS,Organic,AI Repair,91.71428571428571,30.607142857142858,2625.3928571428573,0.034933547360259005,0.011658119193045938,30,26
2026-02,美国,iOS,Organic,AI Replace,53.57142857142857,24.0,2625.3928571428573,0.020405109439403626,0.009141489028852824,39,29
2026-02,美国,iOS,Organic,AI Retouch,663.4285714285714,240.46428571428572,2625.3928571428573,0.2526968752975745,0.09159173457033641,3,4
2026-02,美国,iOS,Organic,AI Tattoo,48.07142857142857,8.785714285714286,2625.3928571428573,0.01831018487029152,0.003346437948062195,40,38
2026-02,美国,iOS,Organic,Acne,293.82142857142856,220.07142857142858,2625.3928571428573,0.11191522357198241,0.0838241895770701,9,6
2026-02,美国,iOS,Organic,Adjust,183.21428571428572,70.64285714285714,2625.3928571428573,0.0697854742827604,0.026907537647426913,16,19
2026-02,美国,iOS,Organic,Background,136.14285714285714,19.964285714285715,2625.3928571428573,0.05185618478867108,0.007604304117751085,24,31
2026-02,美国,iOS,Organic,Blur,117.60714285714286,69.46428571428571,2625.3928571428573,0.044796016922637426,0.02645862523976003,27,20
2026-02,美国,iOS,Organic,Body,198.57142857142858,126.85714285714286,2625.3928571428573,0.07563493898872277,0.04831929915250779,15,11
2026-02,美国,iOS,Organic,Bokeh,36.964285714285715,9.142857142857142,2625.3928571428573,0.014079525513188501,0.0034824720109915518,41,37
2026-02,美国,iOS,Organic,Brighten,149.39285714285714,78.07142857142857,2625.3928571428573,0.05690304852335024,0.029737046156357548,22,16
2026-02,美国,iOS,Organic,Concealer,176.78571428571428,79.92857142857143,2625.3928571428573,0.06733686115003196,0.03044442328359021,17,14
2026-02,美国,iOS,Organic,Contour,69.5,34.17857142857143,2625.3928571428573,0.02647222864605297,0.013018459822339514,34,24
2026-02,美国,iOS,Organic,Crop,104.07142857142857,78.53571428571429,2625.3928571428573,0.039640325937614775,0.029913890438165718,28,15
2026-02,美国,iOS,Organic,Dark Circles,119.5,86.10714285714286,2625.3928571428573,0.04551699745616302,0.0327978125722681,26,13
2026-02,美国,iOS,Organic,Details,79.32142857142857,28.392857142857142,2625.3928571428573,0.0302131653766103,0.010814708002883922,32,27
2026-02,美国,iOS,Organic,Effects,171.07142857142858,5.178571428571429,2625.3928571428573,0.06516031614316224,0.001972493912475684,19,40
2026-02,美国,iOS,Organic,Eraser,256.42857142857144,152.75,2625.3928571428573,0.09767245718327869,0.0581817687148862,10,9
2026-02,美国,iOS,Organic,Expression,87.14285714285714,19.821428571428573,2625.3928571428573,0.03319231135476323,0.007549890492579342,31,32
2026-02,美国,iOS,Organic,Eye Brighten,93.25,60.32142857142857,2625.3928571428573,0.035518493830855244,0.022976153228768482,29,22
2026-02,美国,iOS,Organic,Face,819.3928571428571,374.35714285714283,2625.3928571428573,0.3121029505788249,0.1425909047625525,1,2
2026-02,美国,iOS,Organic,Face Fix,173.5,25.642857142857142,2625.3928571428573,0.06608534777108187,0.009767245718327868,18,28
2026-02,美国,iOS,Organic,Filters,548.8571428571429,128.03571428571428,2625.3928571428573,0.20905714790983662,0.04876821156017466,4,10
2026-02,美国,iOS,Organic,Flawless,0.0,0.0,2625.3928571428573,0.0,0.0,45,43
2026-02,美国,iOS,Organic,Glitter,55.464285714285715,10.714285714285714,2625.3928571428573,0.02112608997292922,0.0040810218878807245,38,36
2026-02,美国,iOS,Organic,Glowup,227.46428571428572,74.85714285714286,2625.3928571428573,0.08664009467970779,0.028512739589993334,12,17
2026-02,美国,iOS,Organic,Hair,440.5,114.89285714285714,2625.3928571428573,0.16778441321706955,0.043762158044374305,6,12
2026-02,美国,iOS,Organic,Magic,697.4642857142857,375.7857142857143,2625.3928571428573,0.26566092149474224,0.14313504101426996,2,1
2026-02,美国,iOS,Organic,Makeup,411.92857142857144,177.89285714285714,2625.3928571428573,0.15690168818272096,0.06775856674511296,7,7
2026-02,美国,iOS,Organic,Matte,59.07142857142857,31.25,2625.3928571428573,0.02250003400851573,0.01190298050631878,36,25
2026-02,美国,iOS,Organic,Muscle,56.67857142857143,15.642857142857142,2625.3928571428573,0.021588605786889037,0.005958291956305858,37,35
2026-02,美国,iOS,Organic,Mykit,71.42857142857143,0.0,2625.3928571428573,0.0272068125858715,0.0,33,43
2026-02,美国,iOS,Organic,Plump,125.10714285714286,37.892857142857146,2625.3928571428573,0.047652732244153936,0.014433214076804831,25,23
2026-02,美国,iOS,Organic,Preset,138.75,15.928571428571429,2625.3928571428573,0.05284923344805539,0.0060671192066493445,23,34
2026-02,美国,iOS,Organic,Prism,18.178571428571427,3.7142857142857144,2625.3928571428573,0.0069241338031042965,0.001414754254465318,44,42
2026-02,美国,iOS,Organic,Relight,171.03571428571428,74.32142857142857,2625.3928571428573,0.06514671273686931,0.028308688495599296,20,18
2026-02,美国,iOS,Organic,Reshape,359.2142857142857,237.89285714285714,2625.3928571428573,0.13682306049434778,0.09061228931724503,8,5
2026-02,美国,iOS,Organic,Resize,154.0,68.67857142857143,2625.3928571428573,0.05865788793513895,0.02615935030131545,21,21
2026-02,美国,iOS,Organic,Skin Tone,244.39285714285714,158.64285714285714,2625.3928571428573,0.09308810926255934,0.0604263307532206,11,8
2026-02,美国,iOS,Organic,Smooth,454.0357142857143,358.17857142857144,2625.3928571428573,0.1729401042020922,0.13642856171185264,5,3
2026-02,美国,iOS,Organic,Stamp,26.392857142857142,6.25,2625.3928571428573,0.010052917250479519,0.002380596101263756,43,39
2026-02,美国,iOS,Organic,Teeth,225.32142857142858,0.0,2625.3928571428573,0.08582389030213165,0.0,14,43
2026-02,美国,iOS,Organic,Text,33.92857142857143,4.464285714285714,2625.3928571428573,0.012923235978288964,0.0017004257866169688,42,41
2026-02,美国,iOS,Organic,Whiten,0.0,0.0,2625.3928571428573,0.0,0.0,45,43
2026-02,美国,iOS,non-Organic,AI Expand,42.17857142857143,14.607142857142858,1784.5,0.02363607252931994,0.008185566185005804,34,29
2026-02,美国,iOS,non-Organic,AI Image,162.03571428571428,13.5,1784.5,0.09080174518672697,0.007565144298122724,11,33
2026-02,美国,iOS,non-Organic,AI Repair,55.5,18.714285714285715,1784.5,0.031101148781171196,0.010487131249249491,30,25
2026-02,美国,iOS,non-Organic,AI Replace,36.82142857142857,16.642857142857142,1784.5,0.020634031141176,0.0093263419125005,37,27
2026-02,美国,iOS,non-Organic,AI Retouch,436.92857142857144,145.64285714285714,1784.5,0.24484649561701957,0.08161549853900653,3,4
2026-02,美国,iOS,non-Organic,AI Tattoo,46.964285714285715,9.428571428571429,1784.5,0.02631789616939519,0.005283592843133331,32,35
2026-02,美国,iOS,non-Organic,Acne,122.07142857142857,73.03571428571429,1784.5,0.0684065164311732,0.040927830925029024,13,10
2026-02,美国,iOS,non-Organic,Adjust,94.71428571428571,29.607142857142858,1784.5,0.05307609174238482,0.01659128207180883,18,20
2026-02,美国,iOS,non-Organic,Background,82.28571428571429,10.5,1784.5,0.04611135572189089,0.005884001120762118,22,34
2026-02,美国,iOS,non-Organic,Blur,47.535714285714285,25.892857142857142,1784.5,0.026638113917463874,0.014509866709362365,31,21
2026-02,美国,iOS,non-Organic,Body,140.85714285714286,81.67857142857143,1784.5,0.07893367489893127,0.04577112436456791,12,9
2026-02,美国,iOS,non-Organic,Bokeh,16.035714285714285,2.5357142857142856,1784.5,0.00898611055517752,0.0014209662570547972,42,41
2026-02,美国,iOS,non-Organic,Brighten,76.96428571428571,38.75,1784.5,0.043129327943001235,0.02171476604090782,23,15
2026-02,美国,iOS,non-Organic,Concealer,90.25,38.642857142857146,1784.5,0.050574390585598206,0.02165472521314494,20,16
2026-02,美国,iOS,non-Organic,Contour,32.785714285714285,16.035714285714285,1784.5,0.018372493295440898,0.00898611055517752,38,28
2026-02,美国,iOS,non-Organic,Crop,55.92857142857143,37.392857142857146,1784.5,0.03134131209222271,0.020954248889244687,29,17
2026-02,美国,iOS,non-Organic,Dark Circles,56.464285714285715,31.535714285714285,1784.5,0.03164151623103711,0.01767201697154065,28,19
2026-02,美国,iOS,non-Organic,Details,38.535714285714285,13.964285714285714,1784.5,0.02159468438538206,0.00782532121842853,36,30
2026-02,美国,iOS,non-Organic,Effects,93.85714285714286,2.9285714285714284,1784.5,0.052595765120281794,0.0016411159588520193,19,39
2026-02,美国,iOS,non-Organic,Eraser,173.57142857142858,101.0,1784.5,0.0972661409758636,0.05659848697114037,8,6
2026-02,美国,iOS,non-Organic,Expression,60.142857142857146,13.714285714285714,1784.5,0.03370291798422928,0.007685225953648481,27,31
2026-02,美国,iOS,non-Organic,Eye Brighten,41.892857142857146,23.107142857142858,1784.5,0.023475963655285596,0.012948805187527519,35,22
2026-02,美国,iOS,non-Organic,Face,489.42857142857144,208.85714285714286,1784.5,0.2742665012208302,0.11703958691910499,2,1
2026-02,美国,iOS,non-Organic,Face Fix,112.5,20.214285714285715,1784.5,0.0630428691510227,0.011327702837929794,15,24
2026-02,美国,iOS,non-Organic,Filters,352.5357142857143,57.285714285714285,1784.5,0.19755433694912541,0.03210182924388584,5,12
2026-02,美国,iOS,non-Organic,Flawless,0.0,0.0,1784.5,0.0,0.0,45,43
2026-02,美国,iOS,non-Organic,Glitter,32.785714285714285,6.642857142857143,1784.5,0.018372493295440898,0.0037225313212984833,38,37
2026-02,美国,iOS,non-Organic,Glowup,168.39285714285714,44.535714285714285,1784.5,0.09436416763399111,0.02495697074010327,10,13
2026-02,美国,iOS,non-Organic,Hair,691.1785714285714,149.46428571428572,1784.5,0.3873233798983309,0.08375695472921588,1,3
2026-02,美国,iOS,non-Organic,Magic,382.82142857142856,167.92857142857142,1784.5,0.21452587759676578,0.0941039907136853,4,2
2026-02,美国,iOS,non-Organic,Makeup,232.14285714285714,86.17857142857143,1784.5,0.13008846015290398,0.04829283913060881,6,8
2026-02,美国,iOS,non-Organic,Matte,29.357142857142858,13.642857142857142,1784.5,0.01645118680702878,0.007645198735139895,40,32
2026-02,美国,iOS,non-Organic,Muscle,63.607142857142854,18.428571428571427,1784.5,0.035644238081895686,0.010327022375215145,26,26
2026-02,美国,iOS,non-Organic,Mykit,43.785714285714285,0.0,1784.5,0.024536684945763117,0.0,33,43
2026-02,美国,iOS,non-Organic,Plump,68.75,20.428571428571427,1784.5,0.03852619781451387,0.01144778449345555,25,23
2026-02,美国,iOS,non-Organic,Preset,87.42857142857143,8.285714285714286,1784.5,0.048993315454509065,0.004643157346995957,21,36
2026-02,美国,iOS,non-Organic,Prism,10.714285714285714,3.25,1784.5,0.006004082776287875,0.0018212384421406557,44,38
2026-02,美国,iOS,non-Organic,Relight,100.10714285714286,40.92857142857143,1784.5,0.056098146739783056,0.022935596205419687,16,14
2026-02,美国,iOS,non-Organic,Reshape,173.28571428571428,94.82142857142857,1784.5,0.09710603210182923,0.0531361325701477,9,7
2026-02,美国,iOS,non-Organic,Resize,74.39285714285714,32.035714285714285,1784.5,0.041688348076692146,0.01795220750110075,24,18
2026-02,美国,iOS,non-Organic,Skin Tone,117.82142857142857,66.78571428571429,1784.5,0.06602489692991234,0.03742544930552776,14,11
2026-02,美国,iOS,non-Organic,Smooth,194.82142857142858,129.71428571428572,1784.5,0.10917423848216788,0.07268942881159189,7,5
2026-02,美国,iOS,non-Organic,Stamp,13.75,2.7142857142857144,1784.5,0.007705239562902774,0.001521034303326262,43,40
2026-02,美国,iOS,non-Organic,Teeth,95.89285714285714,0.0,1784.5,0.05373654084777649,0.0,17,43
2026-02,美国,iOS,non-Organic,Text,21.785714285714285,1.4285714285714286,1784.5,0.01220830164511868,0.0008005443701717168,41,42
2026-02,美国,iOS,non-Organic,Whiten,0.0,0.0,1784.5,0.0,0.0,45,43
2026-02,英国,Android,Organic,AI Expand,3.0357142857142856,0.9285714285714286,99.10714285714286,0.030630630630630627,0.009369369369369369,33,32
2026-02,英国,Android,Organic,AI Image,9.75,1.6428571428571428,99.10714285714286,0.09837837837837837,0.016576576576576574,9,24
2026-02,英国,Android,Organic,AI Repair,4.214285714285714,1.7857142857142858,99.10714285714286,0.042522522522522525,0.018018018018018018,28,23
2026-02,英国,Android,Organic,AI Replace,2.9285714285714284,1.3571428571428572,99.10714285714286,0.029549549549549546,0.013693693693693694,34,25
2026-02,英国,Android,Organic,AI Retouch,21.25,9.357142857142858,99.10714285714286,0.21441441441441442,0.09441441441441442,4,4
2026-02,英国,Android,Organic,AI Tattoo,2.107142857142857,0.2857142857142857,99.10714285714286,0.021261261261261263,0.0028828828828828825,40,39
2026-02,英国,Android,Organic,Acne,8.642857142857142,6.035714285714286,99.10714285714286,0.0872072072072072,0.060900900900900896,10,8
2026-02,英国,Android,Organic,Adjust,6.428571428571429,3.1785714285714284,99.10714285714286,0.06486486486486487,0.03207207207207207,16,14
2026-02,英国,Android,Organic,Background,4.607142857142857,0.8928571428571429,99.10714285714286,0.046486486486486484,0.009009009009009009,24,33
2026-02,英国,Android,Organic,Blur,4.285714285714286,2.2142857142857144,99.10714285714286,0.04324324324324324,0.022342342342342343,27,21
2026-02,英国,Android,Organic,Body,5.25,3.2142857142857144,99.10714285714286,0.05297297297297297,0.032432432432432434,21,13
2026-02,英国,Android,Organic,Bokeh,2.2142857142857144,0.75,99.10714285714286,0.022342342342342343,0.0075675675675675675,38,35
2026-02,英国,Android,Organic,Brighten,4.571428571428571,2.8214285714285716,99.10714285714286,0.04612612612612612,0.02846846846846847,25,17
2026-02,英国,Android,Organic,Concealer,5.821428571428571,2.892857142857143,99.10714285714286,0.058738738738738736,0.029189189189189186,19,16
2026-02,英国,Android,Organic,Contour,2.8214285714285716,1.2142857142857142,99.10714285714286,0.02846846846846847,0.01225225225225225,35,28
2026-02,英国,Android,Organic,Crop,5.107142857142857,4.0,99.10714285714286,0.051531531531531526,0.04036036036036036,22,11
2026-02,英国,Android,Organic,Dark Circles,4.357142857142857,3.142857142857143,99.10714285714286,0.04396396396396396,0.03171171171171171,26,15
2026-02,英国,Android,Organic,Details,2.8214285714285716,1.2857142857142858,99.10714285714286,0.02846846846846847,0.012972972972972974,35,26
2026-02,英国,Android,Organic,Effects,6.714285714285714,0.32142857142857145,99.10714285714286,0.06774774774774775,0.0032432432432432435,14,37
2026-02,英国,Android,Organic,Eraser,7.571428571428571,4.107142857142857,99.10714285714286,0.0763963963963964,0.041441441441441434,13,10
2026-02,英国,Android,Organic,Expression,3.5,1.0,99.10714285714286,0.035315315315315315,0.01009009009009009,32,31
2026-02,英国,Android,Organic,Eye Brighten,3.892857142857143,2.75,99.10714285714286,0.039279279279279274,0.027747747747747745,31,18
2026-02,英国,Android,Organic,Face,27.035714285714285,12.571428571428571,99.10714285714286,0.2727927927927928,0.12684684684684683,1,2
2026-02,英国,Android,Organic,Face Fix,5.857142857142857,1.2142857142857142,99.10714285714286,0.05909909909909909,0.01225225225225225,18,28
2026-02,英国,Android,Organic,Filters,21.928571428571427,6.678571428571429,99.10714285714286,0.22126126126126125,0.06738738738738739,3,6
2026-02,英国,Android,Organic,Flawless,0.0,0.0,99.10714285714286,0.0,0.0,45,43
2026-02,英国,Android,Organic,Glitter,1.9285714285714286,0.21428571428571427,99.10714285714286,0.01945945945945946,0.0021621621621621618,41,40
2026-02,英国,Android,Organic,Glowup,7.785714285714286,2.6785714285714284,99.10714285714286,0.07855855855855855,0.027027027027027025,12,20
2026-02,英国,Android,Organic,Hair,14.607142857142858,3.892857142857143,99.10714285714286,0.14738738738738738,0.039279279279279274,6,12
2026-02,英国,Android,Organic,Magic,26.107142857142858,13.75,99.10714285714286,0.2634234234234234,0.13873873873873874,2,1
2026-02,英国,Android,Organic,Makeup,15.035714285714286,8.071428571428571,99.10714285714286,0.15171171171171172,0.08144144144144144,5,5
2026-02,英国,Android,Organic,Matte,2.2142857142857144,1.1428571428571428,99.10714285714286,0.022342342342342343,0.01153153153153153,38,30
2026-02,英国,Android,Organic,Muscle,2.25,0.8928571428571429,99.10714285714286,0.022702702702702703,0.009009009009009009,37,33
2026-02,英国,Android,Organic,Mykit,4.142857142857143,0.0,99.10714285714286,0.041801801801801805,0.0,30,43
2026-02,英国,Android,Organic,Plump,4.214285714285714,1.2857142857142858,99.10714285714286,0.042522522522522525,0.012972972972972974,28,26
2026-02,英国,Android,Organic,Preset,6.035714285714286,0.5357142857142857,99.10714285714286,0.060900900900900896,0.005405405405405405,17,36
2026-02,英国,Android,Organic,Prism,0.9642857142857143,0.32142857142857145,99.10714285714286,0.00972972972972973,0.0032432432432432435,44,37
2026-02,英国,Android,Organic,Relight,5.071428571428571,1.9642857142857142,99.10714285714286,0.05117117117117117,0.01981981981981982,23,22
2026-02,英国,Android,Organic,Reshape,10.392857142857142,6.285714285714286,99.10714285714286,0.10486486486486486,0.06342342342342341,8,7
2026-02,英国,Android,Organic,Resize,5.357142857142857,2.7142857142857144,99.10714285714286,0.05405405405405405,0.02738738738738739,20,19
2026-02,英国,Android,Organic,Skin Tone,8.535714285714286,5.678571428571429,99.10714285714286,0.08612612612612613,0.057297297297297295,11,9
2026-02,英国,Android,Organic,Smooth,13.357142857142858,10.428571428571429,99.10714285714286,0.13477477477477479,0.10522522522522522,7,3
2026-02,英国,Android,Organic,Stamp,1.1428571428571428,0.21428571428571427,99.10714285714286,0.01153153153153153,0.0021621621621621618,43,40
2026-02,英国,Android,Organic,Teeth,6.642857142857143,0.0,99.10714285714286,0.06702702702702702,0.0,15,43
2026-02,英国,Android,Organic,Text,1.5714285714285714,0.17857142857142858,99.10714285714286,0.015855855855855853,0.0018018018018018018,42,42
2026-02,英国,Android,Organic,Whiten,0.0,0.0,99.10714285714286,0.0,0.0,45,43
2026-02,英国,Android,non-Organic,AI Expand,0.39285714285714285,0.17857142857142858,16.357142857142858,0.024017467248908297,0.010917030567685589,37,26
2026-02,英国,Android,non-Organic,AI Image,2.5357142857142856,0.07142857142857142,16.357142857142858,0.15502183406113537,0.004366812227074236,6,34
2026-02,英国,Android,non-Organic,AI Repair,0.96,0.44,16.357142857142858,0.05868995633187773,0.02689956331877729,18,15
2026-02,英国,Android,non-Organic,AI Replace,0.8461538461538461,0.5,16.357142857142858,0.0517299294591871,0.03056768558951965,22,12
2026-02,英国,Android,non-Organic,AI Retouch,3.0,1.0357142857142858,16.357142857142858,0.1834061135371179,0.06331877729257643,4,4
2026-02,英国,Android,non-Organic,AI Tattoo,0.4642857142857143,0.14285714285714285,16.357142857142858,0.028384279475982533,0.008733624454148471,32,27
2026-02,英国,Android,non-Organic,Acne,1.0416666666666667,0.625,16.357142857142858,0.06368267831149928,0.03820960698689956,17,10
2026-02,英国,Android,non-Organic,Adjust,1.2142857142857142,0.25,16.357142857142858,0.074235807860262,0.015283842794759825,12,23
2026-02,英国,Android,non-Organic,Background,0.7857142857142857,0.0,16.357142857142858,0.048034934497816595,0.0,26,37
2026-02,英国,Android,non-Organic,Blur,0.4,0.2,16.357142857142858,0.02445414847161572,0.01222707423580786,36,25
2026-02,英国,Android,non-Organic,Body,1.0714285714285714,0.39285714285714285,16.357142857142858,0.06550218340611354,0.024017467248908297,16,17
2026-02,英国,Android,non-Organic,Bokeh,0.2857142857142857,0.03571428571428571,16.357142857142858,0.017467248908296942,0.002183406113537118,39,35
2026-02,英国,Android,non-Organic,Brighten,0.7916666666666666,0.3333333333333333,16.357142857142858,0.048398835516739444,0.020378457059679764,25,21
2026-02,英国,Android,non-Organic,Concealer,0.9166666666666666,0.4166666666666667,16.357142857142858,0.056040756914119354,0.025473071324599708,20,16
2026-02,英国,Android,non-Organic,Contour,0.45454545454545453,0.13636363636363635,16.357142857142858,0.0277888050813815,0.00833664152441445,33,30
2026-02,英国,Android,non-Organic,Crop,0.7142857142857143,0.5,16.357142857142858,0.043668122270742356,0.03056768558951965,28,12
2026-02,英国,Android,non-Organic,Dark Circles,0.4166666666666667,0.375,16.357142857142858,0.025473071324599708,0.022925764192139736,35,20
2026-02,英国,Android,non-Organic,Details,0.5652173913043478,0.08695652173913043,16.357142857142858,0.0345547750142396,0.005316119232959939,30,33
2026-02,英国,Android,non-Organic,Effects,1.25,0.0,16.357142857142858,0.07641921397379912,0.0,11,37
2026-02,英国,Android,non-Organic,Eraser,1.6785714285714286,0.6785714285714286,16.357142857142858,0.10262008733624454,0.04148471615720524,9,7
2026-02,英国,Android,non-Organic,Expression,0.7142857142857143,0.14285714285714285,16.357142857142858,0.043668122270742356,0.008733624454148471,28,27
2026-02,英国,Android,non-Organic,Eye Brighten,0.5652173913043478,0.391304347826087,16.357142857142858,0.0345547750142396,0.023922536548319728,30,19
2026-02,英国,Android,non-Organic,Face,4.321428571428571,1.8214285714285714,16.357142857142858,0.2641921397379912,0.11135371179039301,1,1
2026-02,英国,Android,non-Organic,Face Fix,1.75,0.6785714285714286,16.357142857142858,0.10698689956331878,0.04148471615720524,7,7
2026-02,英国,Android,non-Organic,Filters,2.9642857142857144,0.6071428571428571,16.357142857142858,0.1812227074235808,0.037117903930131,5,11
2026-02,英国,Android,non-Organic,Flawless,0.0,0.0,16.357142857142858,0.0,0.0,45,37
2026-02,英国,Android,non-Organic,Glitter,0.25,0.0,16.357142857142858,0.015283842794759825,0.0,41,37
2026-02,英国,Android,non-Organic,Glowup,1.1428571428571428,0.39285714285714285,16.357142857142858,0.06986899563318777,0.024017467248908297,13,17
2026-02,英国,Android,non-Organic,Hair,3.2857142857142856,0.8928571428571429,16.357142857142858,0.20087336244541484,0.05458515283842795,3,5
2026-02,英国,Android,non-Organic,Magic,3.9285714285714284,1.8214285714285714,16.357142857142858,0.24017467248908295,0.11135371179039301,2,1
2026-02,英国,Android,non-Organic,Makeup,1.75,0.6785714285714286,16.357142857142858,0.10698689956331878,0.04148471615720524,7,7
2026-02,英国,Android,non-Organic,Matte,0.04,0.0,16.357142857142858,0.002445414847161572,0.0,44,37
2026-02,英国,Android,non-Organic,Muscle,0.7857142857142857,0.14285714285714285,16.357142857142858,0.048034934497816595,0.008733624454148471,26,27
2026-02,英国,Android,non-Organic,Mykit,0.9285714285714286,0.0,16.357142857142858,0.056768558951965066,0.0,19,37
2026-02,英国,Android,non-Organic,Plump,0.42857142857142855,0.25,16.357142857142858,0.026200873362445413,0.015283842794759825,34,23
2026-02,英国,Android,non-Organic,Preset,1.1428571428571428,0.10714285714285714,16.357142857142858,0.06986899563318777,0.006550218340611353,13,31
2026-02,英国,Android,non-Organic,Prism,0.08,0.0,16.357142857142858,0.004890829694323144,0.0,43,37
2026-02,英国,Android,non-Organic,Relight,0.8214285714285714,0.4642857142857143,16.357142857142858,0.05021834061135371,0.028384279475982533,23,14
2026-02,英国,Android,non-Organic,Reshape,0.8571428571428571,0.32142857142857145,16.357142857142858,0.05240174672489083,0.019650655021834062,21,22
2026-02,英国,Android,non-Organic,Resize,0.35714285714285715,0.10714285714285714,16.357142857142858,0.021834061135371178,0.006550218340611353,38,31
2026-02,英国,Android,non-Organic,Skin Tone,1.0833333333333333,0.75,16.357142857142858,0.06622998544395924,0.04585152838427947,15,6
2026-02,英国,Android,non-Organic,Smooth,1.6666666666666667,1.375,16.357142857142858,0.10189228529839883,0.08406113537117904,10,3
2026-02,英国,Android,non-Organic,Stamp,0.16,0.0,16.357142857142858,0.009781659388646289,0.0,42,37
2026-02,英国,Android,non-Organic,Teeth,0.8214285714285714,0.0,16.357142857142858,0.05021834061135371,0.0,23,37
2026-02,英国,Android,non-Organic,Text,0.2857142857142857,0.03571428571428571,16.357142857142858,0.017467248908296942,0.002183406113537118,39,35
2026-02,英国,Android,non-Organic,Whiten,0.0,0.0,16.357142857142858,0.0,0.0,45,37
2026-02,英国,iOS,Organic,AI Expand,15.607142857142858,4.214285714285714,777.1785714285714,0.02008179771150223,0.005422544919810671,37,34
2026-02,英国,iOS,Organic,AI Image,64.17857142857143,4.25,777.1785714285714,0.08257892560084555,0.0054684986903175406,13,33
2026-02,英国,iOS,Organic,AI Repair,25.892857142857142,7.821428571428571,777.1785714285714,0.03331648361748081,0.01006387574100455,31,27
2026-02,英国,iOS,Organic,AI Replace,13.928571428571429,6.25,777.1785714285714,0.017921970497679334,0.008041909838702265,39,29
2026-02,英国,iOS,Organic,AI Retouch,204.85714285714286,69.92857142857143,777.1785714285714,0.2635908276274068,0.08997748265245163,3,5
2026-02,英国,iOS,Organic,AI Tattoo,13.714285714285714,2.392857142857143,777.1785714285714,0.017646247874638112,0.003078902623960296,40,37
2026-02,英国,iOS,Organic,Acne,87.21428571428571,65.28571428571429,777.1785714285714,0.11221910757777674,0.08400349248655853,10,7
2026-02,英国,iOS,Organic,Adjust,51.964285714285715,18.285714285714285,777.1785714285714,0.06686273608749597,0.023528330499517483,18,22
2026-02,英国,iOS,Organic,Background,41.964285714285715,4.571428571428571,777.1785714285714,0.05399568034557235,0.005882082624879371,25,32
2026-02,英国,iOS,Organic,Blur,42.392857142857146,25.857142857142858,777.1785714285714,0.054547125591654796,0.03327052984697394,24,17
2026-02,英国,iOS,Organic,Body,60.535714285714285,39.17857142857143,777.1785714285714,0.0778916410091448,0.05041128624603649,14,10
2026-02,英国,iOS,Organic,Bokeh,12.0,2.3214285714285716,777.1785714285714,0.01544046689030835,0.002986995082946556,41,38
2026-02,英国,iOS,Organic,Brighten,51.107142857142854,27.428571428571427,777.1785714285714,0.06575984559533109,0.035292495749276225,20,15
2026-02,英国,iOS,Organic,Concealer,58.107142857142854,27.5,777.1785714285714,0.07476678461467763,0.03538440329028997,15,14
2026-02,英国,iOS,Organic,Contour,25.642857142857142,13.714285714285714,777.1785714285714,0.03299480722393272,0.017646247874638112,32,23
2026-02,英国,iOS,Organic,Crop,26.178571428571427,18.571428571428573,777.1785714285714,0.033684113781535775,0.023895960663572448,30,21
2026-02,英国,iOS,Organic,Dark Circles,40.464285714285715,29.357142857142858,777.1785714285714,0.052065621984283814,0.037773999356647214,27,12
2026-02,英国,iOS,Organic,Details,24.25,8.714285714285714,777.1785714285714,0.03120261017416479,0.011212720003676301,33,26
2026-02,英国,iOS,Organic,Effects,44.214285714285715,0.6785714285714286,777.1785714285714,0.05689076788750517,0.0008731216396305317,22,42
2026-02,英国,iOS,Organic,Eraser,76.28571428571429,45.32142857142857,777.1785714285714,0.09815725380267451,0.05831533477321814,12,9
2026-02,英国,iOS,Organic,Expression,29.214285714285715,5.678571428571429,777.1785714285714,0.037590184274619735,0.007306649510592345,29,30
2026-02,英国,iOS,Organic,Eye Brighten,32.285714285714285,21.785714285714285,777.1785714285714,0.04154220853821056,0.02803180000919075,28,18
2026-02,英国,iOS,Organic,Face,258.89285714285717,122.14285714285714,777.1785714285714,0.3331188824043013,0.15716189513349568,1,1
2026-02,英国,iOS,Organic,Face Fix,56.32142857142857,7.785714285714286,777.1785714285714,0.07246909608933412,0.01001792197049768,16,28
2026-02,英国,iOS,Organic,Filters,166.67857142857142,27.964285714285715,777.1785714285714,0.21446624695556268,0.03598180230687928,4,13
2026-02,英国,iOS,Organic,Flawless,0.0,0.0,777.1785714285714,0.0,0.0,45,43
2026-02,英国,iOS,Organic,Glitter,15.321428571428571,2.857142857142857,777.1785714285714,0.019714167547447266,0.003676301640549607,38,36
2026-02,英国,iOS,Organic,Glowup,80.92857142857143,26.75,777.1785714285714,0.10413124396856763,0.0344193741096457,11,16
2026-02,英国,iOS,Organic,Hair,116.60714285714286,31.071428571428573,777.1785714285714,0.15003906070493084,0.039979780340976975,7,11
2026-02,英国,iOS,Organic,Magic,226.32142857142858,120.60714285714286,777.1785714285714,0.29120904370203576,0.1551858830017003,2,2
2026-02,英国,iOS,Organic,Makeup,127.89285714285714,51.107142857142854,777.1785714285714,0.1645604521851018,0.06575984559533109,6,8
2026-02,英国,iOS,Organic,Matte,19.607142857142858,8.964285714285714,777.1785714285714,0.02522862000827168,0.011534396397224391,35,25
2026-02,英国,iOS,Organic,Muscle,17.678571428571427,4.821428571428571,777.1785714285714,0.022747116400900692,0.0062037590184274615,36,31
2026-02,英国,iOS,Organic,Mykit,23.821428571428573,0.0,777.1785714285714,0.030651164928082352,0.0,34,43
2026-02,英国,iOS,Organic,Plump,42.75,13.714285714285714,777.1785714285714,0.0550066632967235,0.017646247874638112,23,23
2026-02,英国,iOS,Organic,Preset,41.607142857142854,4.035714285714286,777.1785714285714,0.053536142640503645,0.00519277606727632,26,35
2026-02,英国,iOS,Organic,Prism,5.321428571428571,1.5,777.1785714285714,0.006847111805523643,0.0019300583612885437,44,40
2026-02,英国,iOS,Organic,Relight,51.964285714285715,20.571428571428573,777.1785714285714,0.06686273608749597,0.026469371811957174,18,20
2026-02,英国,iOS,Organic,Reshape,112.75,72.67857142857143,777.1785714285714,0.14507605349018887,0.09351592298148063,8,4
2026-02,英国,iOS,Organic,Resize,46.25,21.035714285714285,777.1785714285714,0.05951013280639676,0.027066770828546482,21,19
2026-02,英国,iOS,Organic,Skin Tone,93.89285714285714,65.57142857142857,777.1785714285714,0.12081246266256146,0.08437112265061347,9,6
2026-02,英国,iOS,Organic,Smooth,144.14285714285714,109.35714285714286,777.1785714285714,0.18546941776572767,0.14071044529203622,5,3
2026-02,英国,iOS,Organic,Stamp,7.607142857142857,2.0357142857142856,777.1785714285714,0.009788153117963327,0.0026193649188915947,43,39
2026-02,英国,iOS,Organic,Teeth,53.214285714285715,0.0,777.1785714285714,0.06847111805523644,0.0,17,43
2026-02,英国,iOS,Organic,Text,9.392857142857142,0.75,777.1785714285714,0.012085841643306833,0.0009650291806442718,42,41
2026-02,英国,iOS,Organic,Whiten,0.0,0.0,777.1785714285714,0.0,0.0,45,43
2026-02,英国,iOS,non-Organic,AI Expand,7.035714285714286,2.4285714285714284,279.7142857142857,0.025153217568947905,0.008682328907048007,36,32
2026-02,英国,iOS,non-Organic,AI Image,29.535714285714285,2.0,279.7142857142857,0.10559244126659856,0.0071501532175689475,11,34
2026-02,英国,iOS,non-Organic,AI Repair,12.071428571428571,4.428571428571429,279.7142857142857,0.04315628192032686,0.015832482124616958,29,25
2026-02,英国,iOS,non-Organic,AI Replace,6.535714285714286,2.75,279.7142857142857,0.02336567926455567,0.009831460674157303,39,31
2026-02,英国,iOS,non-Organic,AI Retouch,78.14285714285714,29.857142857142858,279.7142857142857,0.2793667007150153,0.10674157303370786,3,4
2026-02,英国,iOS,non-Organic,AI Tattoo,6.892857142857143,1.6428571428571428,279.7142857142857,0.024642492339121552,0.005873340143003064,37,36
2026-02,英国,iOS,non-Organic,Acne,25.0,16.785714285714285,279.7142857142857,0.08937691521961184,0.060010214504596524,14,9
2026-02,英国,iOS,non-Organic,Adjust,19.821428571428573,6.107142857142857,279.7142857142857,0.07086312563840654,0.02183350357507661,18,22
2026-02,英国,iOS,non-Organic,Background,16.214285714285715,2.107142857142857,279.7142857142857,0.057967313585291114,0.007533197139938713,24,33
2026-02,英国,iOS,non-Organic,Blur,13.464285714285714,7.857142857142857,279.7142857142857,0.04813585291113381,0.028089887640449437,27,18
2026-02,英国,iOS,non-Organic,Body,27.464285714285715,18.214285714285715,279.7142857142857,0.09818692543411645,0.06511746680286007,13,8
2026-02,英国,iOS,non-Organic,Bokeh,3.642857142857143,0.6428571428571429,279.7142857142857,0.013023493360572012,0.0022982635342185904,42,39
2026-02,英国,iOS,non-Organic,Brighten,17.428571428571427,9.0,279.7142857142857,0.06230847803881511,0.032175689479060264,22,16
2026-02,英国,iOS,non-Organic,Concealer,20.464285714285715,10.214285714285714,279.7142857142857,0.07316138917262513,0.03651685393258427,16,14
2026-02,英国,iOS,non-Organic,Contour,9.25,5.142857142857143,279.7142857142857,0.03306945863125638,0.018386108273748723,32,24
2026-02,英国,iOS,non-Organic,Crop,9.107142857142858,6.428571428571429,279.7142857142857,0.032558733401430034,0.022982635342185906,33,21
2026-02,英国,iOS,non-Organic,Dark Circles,13.785714285714286,9.607142857142858,279.7142857142857,0.049284984678243104,0.034346271705822266,26,15
2026-02,英国,iOS,non-Organic,Details,7.25,2.8214285714285716,279.7142857142857,0.025919305413687435,0.010086823289070481,35,30
2026-02,英国,iOS,non-Organic,Effects,18.642857142857142,0.35714285714285715,279.7142857142857,0.06664964249233912,0.0012768130745658835,19,41
2026-02,英国,iOS,non-Organic,Eraser,28.785714285714285,16.035714285714285,279.7142857142857,0.10291113381001021,0.057328907048008165,12,10
2026-02,英国,iOS,non-Organic,Expression,12.285714285714286,3.0,279.7142857142857,0.043922369765066395,0.01072522982635342,28,28
2026-02,英国,iOS,non-Organic,Eye Brighten,10.071428571428571,6.714285714285714,279.7142857142857,0.03600612870275791,0.02400408580183861,31,20
2026-02,英国,iOS,non-Organic,Face,95.57142857142857,47.5,279.7142857142857,0.3416751787538304,0.16981613891726252,1,1
2026-02,英国,iOS,non-Organic,Face Fix,21.464285714285715,4.035714285714286,279.7142857142857,0.07673646578140961,0.014427987742594484,15,26
2026-02,英国,iOS,non-Organic,Filters,63.714285714285715,11.071428571428571,279.7142857142857,0.22778345250255363,0.03958120531154239,4,12
2026-02,英国,iOS,non-Organic,Flawless,0.0,0.0,279.7142857142857,0.0,0.0,45,43
2026-02,英国,iOS,non-Organic,Glitter,6.5,1.25,279.7142857142857,0.02323799795709908,0.004468845760980593,40,37
2026-02,英国,iOS,non-Organic,Glowup,29.607142857142858,10.357142857142858,279.7142857142857,0.10584780388151174,0.037027579162410625,10,13
2026-02,英国,iOS,non-Organic,Hair,46.964285714285715,14.357142857142858,279.7142857142857,0.16790091930541368,0.05132788559754852,6,11
2026-02,英国,iOS,non-Organic,Magic,83.35714285714286,42.785714285714285,279.7142857142857,0.2980081716036772,0.15296220633299284,2,2
2026-02,英国,iOS,non-Organic,Makeup,47.32142857142857,18.857142857142858,279.7142857142857,0.16917773237997955,0.06741573033707865,5,7
2026-02,英国,iOS,non-Organic,Matte,6.678571428571429,3.107142857142857,279.7142857142857,0.023876404494382022,0.011108273748723186,38,27
2026-02,英国,iOS,non-Organic,Muscle,8.607142857142858,2.9642857142857144,279.7142857142857,0.030771195097037796,0.010597548518896834,34,29
2026-02,英国,iOS,non-Organic,Mykit,10.678571428571429,0.0,279.7142857142857,0.038176710929519915,0.0,30,43
2026-02,英国,iOS,non-Organic,Plump,15.642857142857142,5.178571428571429,279.7142857142857,0.0559244126659857,0.018513789581205312,25,23
2026-02,英国,iOS,non-Organic,Preset,18.25,1.8928571428571428,279.7142857142857,0.06524514811031665,0.006767109295199182,21,35
2026-02,英国,iOS,non-Organic,Prism,2.0357142857142856,0.39285714285714285,279.7142857142857,0.007277834525025536,0.0014044943820224719,44,40
2026-02,英国,iOS,non-Organic,Relight,20.178571428571427,8.25,279.7142857142857,0.07213993871297242,0.02949438202247191,17,17
2026-02,英国,iOS,non-Organic,Reshape,39.785714285714285,23.392857142857142,279.7142857142857,0.1422369765066394,0.08363125638406536,8,5
2026-02,英国,iOS,non-Organic,Resize,17.357142857142858,7.678571428571429,279.7142857142857,0.06205311542390194,0.027451481103166496,23,19
2026-02,英国,iOS,non-Organic,Skin Tone,32.285714285714285,22.142857142857142,279.7142857142857,0.11542390194075587,0.07916241062308478,9,6
2026-02,英国,iOS,non-Organic,Smooth,46.535714285714285,33.17857142857143,279.7142857142857,0.16636874361593462,0.11861593462717059,7,3
2026-02,英国,iOS,non-Organic,Stamp,3.142857142857143,0.8214285714285714,279.7142857142857,0.011235955056179775,0.002936670071501532,43,38
2026-02,英国,iOS,non-Organic,Teeth,18.357142857142858,0.0,279.7142857142857,0.06562819203268641,0.0,20,43
2026-02,英国,iOS,non-Organic,Text,4.0,0.35714285714285715,279.7142857142857,0.014300306435137895,0.0012768130745658835,41,41
2026-02,英国,iOS,non-Organic,Whiten,0.0,0.0,279.7142857142857,0.0,0.0,45,43
2026-03,墨西哥,Android,Organic,AI Expand,8.741935483870968,3.7419354838709675,243.32258064516128,0.03592734986079809,0.015378496619382209,24,19
2026-03,墨西哥,Android,Organic,AI Image,22.580645161290324,3.838709677419355,243.32258064516128,0.09280127270316851,0.015776216359538648,8,18
2026-03,墨西哥,Android,Organic,AI Repair,11.935483870967742,6.096774193548387,243.32258064516128,0.04905210128596049,0.025056343629855496,17,15
2026-03,墨西哥,Android,Organic,AI Replace,4.709677419354839,2.3548387096774195,243.32258064516128,0.019355694020946574,0.009677847010473287,39,24
2026-03,墨西哥,Android,Organic,AI Retouch,42.806451612903224,18.096774193548388,243.32258064516128,0.17592469839586372,0.07437359140925362,5,3
2026-03,墨西哥,Android,Organic,AI Tattoo,5.774193548387097,1.1935483870967742,243.32258064516128,0.023730611162667375,0.00490521012859605,34,35
2026-03,墨西哥,Android,Organic,Acne,9.129032258064516,4.967741935483871,243.32258064516128,0.03751822882142384,0.02041627999469707,23,16
2026-03,墨西哥,Android,Organic,Adjust,16.548387096774192,6.548387096774194,243.32258064516128,0.06801007556675062,0.026912369083918867,11,14
2026-03,墨西哥,Android,Organic,Background,11.387096774193548,1.7741935483870968,243.32258064516128,0.046798356091740684,0.007291528569534668,19,26
2026-03,墨西哥,Android,Organic,Blur,7.129032258064516,4.129032258064516,243.32258064516128,0.029298687524857484,0.016969375580007953,27,17
2026-03,墨西哥,Android,Organic,Body,13.193548387096774,7.645161290322581,243.32258064516128,0.05422245790799417,0.03141985947235848,14,12
2026-03,墨西哥,Android,Organic,Bokeh,4.967741935483871,1.5161290322580645,243.32258064516128,0.02041627999469707,0.006230942595784171,38,34
2026-03,墨西哥,Android,Organic,Brighten,6.354838709677419,2.870967741935484,243.32258064516128,0.026116929603605992,0.011799018957974281,32,22
2026-03,墨西哥,Android,Organic,Concealer,9.516129032258064,3.096774193548387,243.32258064516128,0.03910910778204958,0.012727031685005967,21,20
2026-03,墨西哥,Android,Organic,Contour,3.6774193548387095,1.6451612903225807,243.32258064516128,0.015113350125944584,0.00676123558265942,41,31
2026-03,墨西哥,Android,Organic,Crop,15.064516129032258,10.516129032258064,243.32258064516128,0.061911706217685276,0.04321887843033276,12,8
2026-03,墨西哥,Android,Organic,Dark Circles,6.0,3.064516129032258,243.32258064516128,0.02465862388969906,0.012594458438287154,33,21
2026-03,墨西哥,Android,Organic,Details,3.3548387096774195,1.6451612903225807,243.32258064516128,0.013787617658756465,0.00676123558265942,43,31
2026-03,墨西哥,Android,Organic,Effects,12.290322580645162,0.967741935483871,243.32258064516128,0.05051040699986743,0.003977197401564364,16,41
2026-03,墨西哥,Android,Organic,Eraser,33.96774193548387,16.903225806451612,243.32258064516128,0.1395996287949092,0.06946838128065756,6,4
2026-03,墨西哥,Android,Organic,Expression,8.419354838709678,1.7096774193548387,243.32258064516128,0.03460161739360997,0.007026382076097044,25,29
2026-03,墨西哥,Android,Organic,Eye Brighten,3.7096774193548385,1.8064516129032258,243.32258064516128,0.015245923372663396,0.00742410181625348,40,25
2026-03,墨西哥,Android,Organic,Face,44.03225806451613,18.838709677419356,243.32258064516128,0.18096248177117857,0.0774227760837863,4,2
2026-03,墨西哥,Android,Organic,Face Fix,8.193548387096774,1.7096774193548387,243.32258064516128,0.03367360466657829,0.007026382076097044,26,29
2026-03,墨西哥,Android,Organic,Filters,45.67741935483871,11.483870967741936,243.32258064516128,0.187723717353838,0.047196075831897125,3,7
2026-03,墨西哥,Android,Organic,Flawless,0.0,0.0,243.32258064516128,0.0,0.0,45,43
2026-03,墨西哥,Android,Organic,Glitter,7.129032258064516,0.9032258064516129,243.32258064516128,0.029298687524857484,0.00371205090812674,27,42
2026-03,墨西哥,Android,Organic,Glowup,11.419354838709678,1.5806451612903225,243.32258064516128,0.0469309293384595,0.006496089089221795,18,33
2026-03,墨西哥,Android,Organic,Hair,52.935483870967744,15.129032258064516,243.32258064516128,0.21755269786557074,0.062176852711122894,1,6
2026-03,墨西哥,Android,Organic,Magic,48.903225806451616,21.193548387096776,243.32258064516128,0.20098104202571923,0.08710062309425959,2,1
2026-03,墨西哥,Android,Organic,Makeup,30.096774193548388,15.225806451612904,243.32258064516128,0.12369083918865174,0.06257457245127934,7,5
2026-03,墨西哥,Android,Organic,Matte,2.870967741935484,1.096774193548387,243.32258064516128,0.011799018957974281,0.004507490388439612,44,37
2026-03,墨西哥,Android,Organic,Muscle,5.67741935483871,1.7741935483870968,243.32258064516128,0.02333289142251094,0.007291528569534668,35,26
2026-03,墨西哥,Android,Organic,Mykit,6.580645161290323,0.0,243.32258064516128,0.02704494233063768,0.0,31,43
2026-03,墨西哥,Android,Organic,Plump,6.612903225806452,1.7741935483870968,243.32258064516128,0.027177515577356492,0.007291528569534668,30,26
2026-03,墨西哥,Android,Organic,Preset,10.96774193548387,1.032258064516129,243.32258064516128,0.045074903884396125,0.004242343895001988,20,39
2026-03,墨西哥,Android,Organic,Prism,3.5806451612903225,1.096774193548387,243.32258064516128,0.014715630385788148,0.004507490388439612,42,37
2026-03,墨西哥,Android,Organic,Relight,19.032258064516128,6.774193548387097,243.32258064516128,0.07821821556409916,0.02784038181095055,10,13
2026-03,墨西哥,Android,Organic,Reshape,19.096774193548388,9.709677419354838,243.32258064516128,0.0784833620575368,0.03990454726236246,9,9
2026-03,墨西哥,Android,Organic,Resize,6.645161290322581,2.6774193548387095,243.32258064516128,0.027310088824075304,0.011003579477661408,29,23
2026-03,墨西哥,Android,Organic,Skin Tone,12.806451612903226,8.580645161290322,243.32258064516128,0.052631578947368425,0.03526448362720403,15,11
2026-03,墨西哥,Android,Organic,Smooth,13.709677419354838,8.612903225806452,243.32258064516128,0.05634362985549516,0.03539705687392285,13,10
2026-03,墨西哥,Android,Organic,Stamp,5.32258064516129,1.1612903225806452,243.32258064516128,0.021874585708604004,0.004772636881877237,36,36
2026-03,墨西哥,Android,Organic,Teeth,9.419354838709678,0.0,243.32258064516128,0.03871138804189315,0.0,22,43
2026-03,墨西哥,Android,Organic,Text,5.032258064516129,1.032258064516129,243.32258064516128,0.020681426488134695,0.004242343895001988,37,39
2026-03,墨西哥,Android,Organic,Whiten,0.0,0.0,243.32258064516128,0.0,0.0,45,43
2026-03,墨西哥,Android,non-Organic,AI Expand,57.806451612903224,23.29032258064516,1425.774193548387,0.04054390370822869,0.01633521120387339,23,17
2026-03,墨西哥,Android,non-Organic,AI Image,190.58064516129033,26.774193548387096,1425.774193548387,0.13366818253806648,0.018778705400574674,8,16
2026-03,墨西哥,Android,non-Organic,AI Repair,67.87096774193549,27.93548387096774,1425.774193548387,0.04760288694314351,0.019593203466141768,20,15
2026-03,墨西哥,Android,non-Organic,AI Replace,30.0,15.580645161290322,1425.774193548387,0.021041200027149935,0.010927849046358514,37,22
2026-03,墨西哥,Android,non-Organic,AI Retouch,287.1290322580645,117.6774193548387,1425.774193548387,0.20138464671146405,0.08253580397746556,4,4
2026-03,墨西哥,Android,non-Organic,AI Tattoo,39.67741935483871,8.96774193548387,1425.774193548387,0.027828683906875724,0.006289735061879228,32,30
2026-03,墨西哥,Android,non-Organic,Acne,45.903225806451616,18.580645161290324,1425.774193548387,0.03219529853616598,0.01303196904907351,26,20
2026-03,墨西哥,Android,non-Organic,Adjust,88.54838709677419,28.193548387096776,1425.774193548387,0.06210547749949094,0.01977420303626779,13,14
2026-03,墨西哥,Android,non-Organic,Background,79.7741935483871,11.774193548387096,1425.774193548387,0.05595149211520623,0.008258105386999705,14,26
2026-03,墨西哥,Android,non-Organic,Blur,42.58064516129032,19.677419354838708,1425.774193548387,0.029864929070793456,0.013801217222109096,29,19
2026-03,墨西哥,Android,non-Organic,Body,88.6774193548387,41.87096774193548,1425.774193548387,0.06219597728455395,0.029367180252946896,11,10
2026-03,墨西哥,Android,non-Organic,Bokeh,29.258064516129032,7.741935483870968,1425.774193548387,0.020520826263037625,0.005429987103780629,38,33
2026-03,墨西哥,Android,non-Organic,Brighten,40.806451612903224,17.225806451612904,1425.774193548387,0.028620557026177062,0.012081721305911898,31,21
2026-03,墨西哥,Android,non-Organic,Concealer,64.45161290322581,21.161290322580644,1425.774193548387,0.04520464263897373,0.014841964750333718,22,18
2026-03,墨西哥,Android,non-Organic,Contour,22.129032258064516,8.35483870967742,1425.774193548387,0.015520713138306297,0.005859861082829929,40,31
2026-03,墨西哥,Android,non-Organic,Crop,88.58064516129032,55.935483870967744,1425.774193548387,0.06212810244575669,0.039231656824815046,12,8
2026-03,墨西哥,Android,non-Organic,Dark Circles,32.32258064516129,13.419354838709678,1425.774193548387,0.022670196158284122,0.00941197764655309,35,24
2026-03,墨西哥,Android,non-Organic,Details,20.096774193548388,6.870967741935484,1425.774193548387,0.014095341523563882,0.004819113554605308,42,37
2026-03,墨西哥,Android,non-Organic,Effects,73.93548387096774,6.548387096774194,1425.774193548387,0.05185637684110501,0.004592864091947782,17,39
2026-03,墨西哥,Android,non-Organic,Eraser,252.0,120.06451612903226,1425.774193548387,0.17674608022805946,0.08421005000113124,6,3
2026-03,墨西哥,Android,non-Organic,Expression,47.29032258064516,13.483870967741936,1425.774193548387,0.03316817122559334,0.009457227539084595,25,23
2026-03,墨西哥,Android,non-Organic,Eye Brighten,19.838709677419356,7.838709677419355,1425.774193548387,0.013914341953437862,0.005497861942577887,44,32
2026-03,墨西哥,Android,non-Organic,Face,272.6774193548387,100.93548387096774,1425.774193548387,0.1912486707844069,0.07079345686553995,5,5
2026-03,墨西哥,Android,non-Organic,Face Fix,43.38709677419355,7.451612903225806,1425.774193548387,0.030430552727437277,0.005226362587388855,28,35
2026-03,墨西哥,Android,non-Organic,Filters,321.61290322580646,70.93548387096774,1425.774193548387,0.2255707142695536,0.04975225683839001,3,7
2026-03,墨西哥,Android,non-Organic,Flawless,0.0,0.0,1425.774193548387,0.0,0.0,45,43
2026-03,墨西哥,Android,non-Organic,Glitter,49.806451612903224,10.161290322580646,1425.774193548387,0.034932917034322046,0.007126858073712075,24,28
2026-03,墨西哥,Android,non-Organic,Glowup,73.96774193548387,13.161290322580646,1425.774193548387,0.05187900178737076,0.009230978076427069,16,25
2026-03,墨西哥,Android,non-Organic,Hair,455.35483870967744,123.16129032258064,1425.774193548387,0.31937374148736397,0.0863820448426435,1,2
2026-03,墨西哥,Android,non-Organic,Magic,327.1290322580645,126.03225806451613,1425.774193548387,0.2294395800809973,0.08839566506029549,2,1
2026-03,墨西哥,Android,non-Organic,Makeup,218.80645161290323,93.54838709677419,1425.774193548387,0.15346501052060002,0.0656123441706826,7,6
2026-03,墨西哥,Android,non-Organic,Matte,19.870967741935484,6.419354838709677,1425.774193548387,0.013936966899703614,0.004502364306884771,43,40
2026-03,墨西哥,Android,non-Organic,Muscle,34.516129032258064,9.516129032258064,1425.774193548387,0.0242086925043553,0.0066743591483970225,33,29
2026-03,墨西哥,Android,non-Organic,Mykit,44.935483870967744,0.0,1425.774193548387,0.0315165501481934,0.0,27,43
2026-03,墨西哥,Android,non-Organic,Plump,41.32258064516129,10.419354838709678,1425.774193548387,0.028982556166429103,0.007307857643838097,30,27
2026-03,墨西哥,Android,non-Organic,Preset,71.96774193548387,7.419354838709677,1425.774193548387,0.050476255118894094,0.0052037376411231025,19,36
2026-03,墨西哥,Android,non-Organic,Prism,20.419354838709676,7.483870967741935,1425.774193548387,0.014321590986221407,0.005248987533654608,41,34
2026-03,墨西哥,Android,non-Organic,Relight,140.80645161290323,49.774193548387096,1425.774193548387,0.09875789045001018,0.034910292088056294,9,9
2026-03,墨西哥,Android,non-Organic,Reshape,108.93548387096774,35.903225806451616,1425.774193548387,0.0764044435394466,0.025181565193782667,10,12
2026-03,墨西哥,Android,non-Organic,Resize,22.29032258064516,6.741935483870968,1425.774193548387,0.01563383786963506,0.0047286137695422975,39,38
2026-03,墨西哥,Android,non-Organic,Skin Tone,75.3225806451613,39.225806451612904,1425.774193548387,0.05282924953053237,0.027511934659155187,15,11
2026-03,墨西哥,Android,non-Organic,Smooth,72.58064516129032,34.87096774193548,1425.774193548387,0.05090612909794339,0.024457566913278578,18,13
2026-03,墨西哥,Android,non-Organic,Stamp,34.32258064516129,6.258064516129032,1425.774193548387,0.024072942826760785,0.004389239575556008,34,41
2026-03,墨西哥,Android,non-Organic,Teeth,66.38709677419355,0.0,1425.774193548387,0.04656213941491889,0.0,21,43
2026-03,墨西哥,Android,non-Organic,Text,31.70967741935484,3.967741935483871,1425.774193548387,0.022240322179234825,0.002782868390687572,36,42
2026-03,墨西哥,Android,non-Organic,Whiten,0.0,0.0,1425.774193548387,0.0,0.0,45,43
2026-03,墨西哥,iOS,Organic,AI Expand,6.193548387096774,2.064516129032258,214.09677419354838,0.028928732861232483,0.009642910953744161,34,27
2026-03,墨西哥,iOS,Organic,AI Image,13.709677419354838,1.3548387096774193,214.09677419354838,0.06403495555220733,0.006328160313394606,17,33
2026-03,墨西哥,iOS,Organic,AI Repair,8.193548387096774,3.6129032258064515,214.09677419354838,0.03827030284767214,0.016875094169052283,30,22
2026-03,墨西哥,iOS,Organic,AI Replace,3.193548387096774,1.032258064516129,214.09677419354838,0.014916377881572998,0.0048214554768720806,42,35
2026-03,墨西哥,iOS,Organic,AI Retouch,44.61290322580645,16.258064516129032,214.09677419354838,0.20837727889106522,0.07593792376073527,4,8
2026-03,墨西哥,iOS,Organic,AI Tattoo,3.4193548387096775,0.6774193548387096,214.09677419354838,0.01597107126713877,0.003164080156697303,41,39
2026-03,墨西哥,iOS,Organic,Acne,24.580645161290324,18.580645161290324,214.09677419354838,0.11481090854301643,0.08678619858369746,11,6
2026-03,墨西哥,iOS,Organic,Adjust,20.93548387096774,6.741935483870968,214.09677419354838,0.09778514389031188,0.03149013108332078,13,16
2026-03,墨西哥,iOS,Organic,Background,9.64516129032258,0.8064516129032258,214.09677419354838,0.0450504746120235,0.003766762091306313,28,37
2026-03,墨西哥,iOS,Organic,Blur,9.741935483870968,6.225806451612903,214.09677419354838,0.04550248606298026,0.029079403344884736,27,18
2026-03,墨西哥,iOS,Organic,Body,30.483870967741936,21.129032258064516,214.09677419354838,0.14238360705137865,0.0986891667922254,8,5
2026-03,墨西哥,iOS,Organic,Bokeh,5.161290322580645,1.4516129032258065,214.09677419354838,0.024107277384360404,0.006780171764351364,37,32
2026-03,墨西哥,iOS,Organic,Brighten,10.548387096774194,5.354838709677419,214.09677419354838,0.04926924815428658,0.025011300286273918,24,19
2026-03,墨西哥,iOS,Organic,Concealer,13.193548387096774,4.096774193548387,214.09677419354838,0.06162422781377128,0.01913515142383607,18,20
2026-03,墨西哥,iOS,Organic,Contour,4.32258064516129,1.8387096774193548,214.09677419354838,0.020189844809401836,0.008588217568178394,40,31
2026-03,墨西哥,iOS,Organic,Crop,10.774193548387096,7.612903225806452,214.09677419354838,0.05032394153985234,0.0355582341419316,23,13
2026-03,墨西哥,iOS,Organic,Dark Circles,11.32258064516129,7.483870967741935,214.09677419354838,0.05288533976194063,0.034955552207322584,22,15
2026-03,墨西哥,iOS,Organic,Details,6.612903225806452,1.935483870967742,214.09677419354838,0.03088744914871177,0.009040229019135152,33,29
2026-03,墨西哥,iOS,Organic,Effects,12.129032258064516,0.22580645161290322,214.09677419354838,0.05665210185324695,0.0010546933855657677,21,42
2026-03,墨西哥,iOS,Organic,Eraser,26.387096774193548,14.838709677419354,214.09677419354838,0.12324845562754257,0.06930842248003616,10,10
2026-03,墨西哥,iOS,Organic,Expression,10.193548387096774,2.2903225806451615,214.09677419354838,0.0476118728341118,0.01069760433930993,26,26
2026-03,墨西哥,iOS,Organic,Eye Brighten,5.193548387096774,3.3548387096774195,214.09677419354838,0.024257947868012657,0.015669730299834265,36,23
2026-03,墨西哥,iOS,Organic,Face,66.7741935483871,32.193548387096776,214.09677419354838,0.31188790116016274,0.15036914268494803,1,1
2026-03,墨西哥,iOS,Organic,Face Fix,12.387096774193548,1.935483870967742,214.09677419354838,0.05785746572246497,0.009040229019135152,20,29
2026-03,墨西哥,iOS,Organic,Filters,52.193548387096776,8.387096774193548,214.09677419354838,0.2437848425493446,0.03917432574958565,2,12
2026-03,墨西哥,iOS,Organic,Flawless,0.0,0.0,214.09677419354838,0.0,0.0,45,43
2026-03,墨西哥,iOS,Organic,Glitter,6.774193548387097,0.7419354838709677,214.09677419354838,0.031640801566973034,0.003465421124001808,32,38
2026-03,墨西哥,iOS,Organic,Glowup,17.516129032258064,3.7096774193548385,214.09677419354838,0.08181407262317313,0.01732710562000904,15,21
2026-03,墨西哥,iOS,Organic,Hair,28.903225806451612,7.548387096774194,214.09677419354838,0.13500075335241826,0.035256893174627095,9,14
2026-03,墨西哥,iOS,Organic,Magic,51.935483870967744,27.580645161290324,214.09677419354838,0.24257947868012658,0.12882326352267592,3,3
2026-03,墨西哥,iOS,Organic,Makeup,36.354838709677416,18.548387096774192,214.09677419354838,0.1698056350760886,0.0866355281000452,7,7
2026-03,墨西哥,iOS,Organic,Matte,5.290322580645161,2.7096774193548385,214.09677419354838,0.024709959318969413,0.012656320626789211,35,25
2026-03,墨西哥,iOS,Organic,Muscle,7.516129032258065,2.806451612903226,214.09677419354838,0.03510622269097484,0.01310833207774597,31,24
2026-03,墨西哥,iOS,Organic,Mykit,4.709677419354839,0.0,214.09677419354838,0.02199789061322887,0.0,39,43
2026-03,墨西哥,iOS,Organic,Plump,8.774193548387096,2.064516129032258,214.09677419354838,0.04098237155341268,0.009642910953744161,29,27
2026-03,墨西哥,iOS,Organic,Preset,10.35483870967742,0.9032258064516129,214.09677419354838,0.048365225252373065,0.004218773542263071,25,36
2026-03,墨西哥,iOS,Organic,Prism,2.6451612903225805,0.5483870967741935,214.09677419354838,0.012354979659484707,0.0025613982220882925,43,40
2026-03,墨西哥,iOS,Organic,Relight,20.741935483870968,9.096774193548388,214.09677419354838,0.09688112098839838,0.04248907638993522,14,11
2026-03,墨西哥,iOS,Organic,Reshape,39.806451612903224,26.483870967741936,214.09677419354838,0.1859273768268796,0.12370046707849933,5,4
2026-03,墨西哥,iOS,Organic,Resize,14.096774193548388,6.290322580645161,214.09677419354838,0.06584300135603435,0.02938074431218924,16,17
2026-03,墨西哥,iOS,Organic,Skin Tone,22.516129032258064,15.709677419354838,214.09677419354838,0.10516799758927226,0.07337652553864697,12,9
2026-03,墨西哥,iOS,Organic,Smooth,37.935483870967744,29.838709677419356,214.09677419354838,0.17718848877504897,0.1393701973783336,6,2
2026-03,墨西哥,iOS,Organic,Stamp,4.774193548387097,1.1290322580645162,214.09677419354838,0.022299231580533374,0.005273466927828839,38,34
2026-03,墨西哥,iOS,Organic,Teeth,13.03225806451613,0.0,214.09677419354838,0.060870875395510025,0.0,19,43
2026-03,墨西哥,iOS,Organic,Text,2.4516129032258065,0.2903225806451613,214.09677419354838,0.011450956757571192,0.0013560343528702728,44,41
2026-03,墨西哥,iOS,Organic,Whiten,0.0,0.0,214.09677419354838,0.0,0.0,45,43
2026-03,墨西哥,iOS,non-Organic,AI Expand,1.6774193548387097,0.7096774193548387,20.516129032258064,0.08176100628930819,0.03459119496855346,16,10
2026-03,墨西哥,iOS,non-Organic,AI Image,3.774193548387097,0.3548387096774194,20.516129032258064,0.1839622641509434,0.01729559748427673,4,19
2026-03,墨西哥,iOS,non-Organic,AI Repair,3.4516129032258065,2.129032258064516,20.516129032258064,0.16823899371069184,0.10377358490566037,7,1
2026-03,墨西哥,iOS,non-Organic,AI Replace,0.3225806451612903,0.1935483870967742,20.516129032258064,0.015723270440251572,0.009433962264150943,40,26
2026-03,墨西哥,iOS,non-Organic,AI Retouch,3.7419354838709675,1.2258064516129032,20.516129032258064,0.18238993710691823,0.059748427672955975,5,6
2026-03,墨西哥,iOS,non-Organic,AI Tattoo,0.3870967741935484,0.06451612903225806,20.516129032258064,0.018867924528301886,0.0031446540880503146,35,34
2026-03,墨西哥,iOS,non-Organic,Acne,0.4,0.13333333333333333,20.516129032258064,0.019496855345911952,0.00649895178197065,34,28
2026-03,墨西哥,iOS,non-Organic,Adjust,2.0,0.5483870967741935,20.516129032258064,0.09748427672955975,0.02672955974842767,13,14
2026-03,墨西哥,iOS,non-Organic,Background,1.3225806451612903,0.0967741935483871,20.516129032258064,0.06446540880503145,0.0047169811320754715,19,31
2026-03,墨西哥,iOS,non-Organic,Blur,0.5806451612903226,0.2903225806451613,20.516129032258064,0.028301886792452834,0.014150943396226417,29,21
2026-03,墨西哥,iOS,non-Organic,Body,2.3548387096774195,1.5161290322580645,20.516129032258064,0.11477987421383648,0.07389937106918239,9,4
2026-03,墨西哥,iOS,non-Organic,Bokeh,0.4838709677419355,0.03225806451612903,20.516129032258064,0.02358490566037736,0.0015723270440251573,32,39
2026-03,墨西哥,iOS,non-Organic,Brighten,0.5,0.23333333333333334,20.516129032258064,0.02437106918238994,0.011373165618448637,31,24
2026-03,墨西哥,iOS,non-Organic,Concealer,0.3333333333333333,0.13333333333333333,20.516129032258064,0.016247379454926623,0.00649895178197065,38,28
2026-03,墨西哥,iOS,non-Organic,Contour,0.34782608695652173,0.043478260869565216,20.516129032258064,0.01695378725731474,0.0021192234071643425,37,38
2026-03,墨西哥,iOS,non-Organic,Crop,0.9032258064516129,0.5161290322580645,20.516129032258064,0.0440251572327044,0.025157232704402517,24,15
2026-03,墨西哥,iOS,non-Organic,Dark Circles,0.3333333333333333,0.23333333333333334,20.516129032258064,0.016247379454926623,0.011373165618448637,38,24
2026-03,墨西哥,iOS,non-Organic,Details,0.20833333333333334,0.08333333333333333,20.516129032258064,0.01015461215932914,0.004061844863731656,42,33
2026-03,墨西哥,iOS,non-Organic,Effects,2.032258064516129,0.0,20.516129032258064,0.09905660377358491,0.0,12,41
2026-03,墨西哥,iOS,non-Organic,Eraser,2.2580645161290325,1.1612903225806452,20.516129032258064,0.11006289308176102,0.05660377358490567,10,7
2026-03,墨西哥,iOS,non-Organic,Expression,0.7741935483870968,0.25806451612903225,20.516129032258064,0.03773584905660377,0.012578616352201259,25,23
2026-03,墨西哥,iOS,non-Organic,Eye Brighten,0.16,0.16,20.516129032258064,0.007798742138364781,0.007798742138364781,43,27
2026-03,墨西哥,iOS,non-Organic,Face,4.258064516129032,1.7741935483870968,20.516129032258064,0.20754716981132074,0.08647798742138364,3,2
2026-03,墨西哥,iOS,non-Organic,Face Fix,1.2903225806451613,0.3870967741935484,20.516129032258064,0.06289308176100629,0.018867924528301886,20,17
2026-03,墨西哥,iOS,non-Organic,Filters,5.064516129032258,0.4838709677419355,20.516129032258064,0.2468553459119497,0.02358490566037736,1,16
2026-03,墨西哥,iOS,non-Organic,Flawless,0.0,0.0,20.516129032258064,0.0,0.0,45,41
2026-03,墨西哥,iOS,non-Organic,Glitter,0.5161290322580645,0.06451612903225806,20.516129032258064,0.025157232704402517,0.0031446540880503146,30,34
2026-03,墨西哥,iOS,non-Organic,Glowup,1.7741935483870968,0.3225806451612903,20.516129032258064,0.08647798742138364,0.015723270440251572,14,20
2026-03,墨西哥,iOS,non-Organic,Hair,3.6774193548387095,0.5806451612903226,20.516129032258064,0.1792452830188679,0.028301886792452834,6,12
2026-03,墨西哥,iOS,non-Organic,Magic,4.580645161290323,1.5483870967741935,20.516129032258064,0.22327044025157236,0.07547169811320754,2,3
2026-03,墨西哥,iOS,non-Organic,Makeup,1.6129032258064515,0.6774193548387096,20.516129032258064,0.07861635220125786,0.0330188679245283,17,11
2026-03,墨西哥,iOS,non-Organic,Matte,0.12903225806451613,0.03225806451612903,20.516129032258064,0.006289308176100629,0.0015723270440251573,44,39
2026-03,墨西哥,iOS,non-Organic,Muscle,0.7741935483870968,0.3870967741935484,20.516129032258064,0.03773584905660377,0.018867924528301886,25,17
2026-03,墨西哥,iOS,non-Organic,Mykit,1.0,0.0,20.516129032258064,0.04874213836477988,0.0,22,41
2026-03,墨西哥,iOS,non-Organic,Plump,0.3870967741935484,0.0967741935483871,20.516129032258064,0.018867924528301886,0.0047169811320754715,35,31
2026-03,墨西哥,iOS,non-Organic,Preset,1.7741935483870968,0.0,20.516129032258064,0.08647798742138364,0.0,14,41
2026-03,墨西哥,iOS,non-Organic,Prism,0.25806451612903225,0.06451612903225806,20.516129032258064,0.012578616352201259,0.0031446540880503146,41,34
2026-03,墨西哥,iOS,non-Organic,Relight,2.161290322580645,0.8387096774193549,20.516129032258064,0.10534591194968553,0.04088050314465409,11,8
2026-03,墨西哥,iOS,non-Organic,Reshape,2.5806451612903225,1.3225806451612903,20.516129032258064,0.12578616352201258,0.06446540880503145,8,5
2026-03,墨西哥,iOS,non-Organic,Resize,1.0,0.2903225806451613,20.516129032258064,0.04874213836477988,0.014150943396226417,22,21
2026-03,墨西哥,iOS,non-Organic,Skin Tone,1.1,0.5666666666666667,20.516129032258064,0.05361635220125787,0.02762054507337526,21,13
2026-03,墨西哥,iOS,non-Organic,Smooth,1.5666666666666667,0.8,20.516129032258064,0.07636268343815514,0.038993710691823905,18,9
2026-03,墨西哥,iOS,non-Organic,Stamp,0.41935483870967744,0.12903225806451613,20.516129032258064,0.020440251572327046,0.006289308176100629,33,30
2026-03,墨西哥,iOS,non-Organic,Teeth,0.6129032258064516,0.0,20.516129032258064,0.029874213836477988,0.0,28,41
2026-03,墨西哥,iOS,non-Organic,Text,0.6774193548387096,0.06451612903225806,20.516129032258064,0.0330188679245283,0.0031446540880503146,27,34
2026-03,墨西哥,iOS,non-Organic,Whiten,0.0,0.0,20.516129032258064,0.0,0.0,45,41
2026-03,巴西,Android,Organic,AI Expand,54.25806451612903,24.838709677419356,1869.258064516129,0.02902652423766545,0.013288004555887276,30,23
2026-03,巴西,Android,Organic,AI Image,205.80645161290323,48.096774193548384,1869.258064516129,0.11010060917735172,0.025730408821854452,7,17
2026-03,巴西,Android,Organic,AI Repair,70.48387096774194,32.29032258064516,1869.258064516129,0.03770687007092688,0.01727440592265346,24,21
2026-03,巴西,Android,Organic,AI Replace,31.838709677419356,14.870967741935484,1869.258064516129,0.017032805839819146,0.007955545584758486,37,31
2026-03,巴西,Android,Organic,AI Retouch,338.3225806451613,153.61290322580646,1869.258064516129,0.18099297634044903,0.08217854246121456,4,3
2026-03,巴西,Android,Organic,AI Tattoo,53.32258064516129,17.193548387096776,1869.258064516129,0.028526066923222945,0.009198060296477817,32,28
2026-03,巴西,Android,Organic,Acne,110.48387096774194,81.09677419354838,1869.258064516129,0.05910573455053756,0.04338447201753326,15,13
2026-03,巴西,Android,Organic,Adjust,169.38709677419354,93.70967741935483,1869.258064516129,0.09061728821164167,0.05013201718812017,10,10
2026-03,巴西,Android,Organic,Background,89.83870967741936,12.935483870967742,1869.258064516129,0.04806115933525463,0.006920116658325711,17,32
2026-03,巴西,Android,Organic,Blur,77.25806451612904,48.516129032258064,1869.258064516129,0.0413308713134416,0.025954751755914888,23,16
2026-03,巴西,Android,Organic,Body,115.96774193548387,70.93548387096774,1869.258064516129,0.06203944984209709,0.037948470153761196,14,14
2026-03,巴西,Android,Organic,Bokeh,35.03225806451613,11.741935483870968,1869.258064516129,0.01874126356843322,0.006281602153692167,36,33
2026-03,巴西,Android,Organic,Brighten,53.61290322580645,26.677419354838708,1869.258064516129,0.02868138126218786,0.014271662035998412,31,22
2026-03,巴西,Android,Organic,Concealer,79.61290322580645,35.064516129032256,1869.258064516129,0.0425906431739348,0.018758520717207103,21,18
2026-03,巴西,Android,Organic,Contour,21.774193548387096,9.935483870967742,1869.258064516129,0.011648575422368716,0.00531520182235491,41,34
2026-03,巴西,Android,Organic,Crop,133.29032258064515,105.64516129032258,1869.258064516129,0.07130653873367042,0.056517162234455624,13,8
2026-03,巴西,Android,Organic,Dark Circles,52.03225806451613,34.193548387096776,1869.258064516129,0.02783578097226776,0.018292577700312354,33,20
2026-03,巴西,Android,Organic,Details,20.35483870967742,7.903225806451613,1869.258064516129,0.010889260876318014,0.004228001449600497,43,38
2026-03,巴西,Android,Organic,Effects,103.54838709677419,6.483870967741935,1869.258064516129,0.05539544756415345,0.0034686869035497952,16,40
2026-03,巴西,Android,Organic,Eraser,162.7741935483871,88.7741935483871,1869.258064516129,0.08707957271299636,0.047491673425716606,11,12
2026-03,巴西,Android,Organic,Expression,57.45161290322581,16.70967741935484,1869.258064516129,0.030734981966279534,0.008939203064869623,29,29
2026-03,巴西,Android,Organic,Eye Brighten,29.096774193548388,17.870967741935484,1869.258064516129,0.015565948194039381,0.009560460420729288,39,27
2026-03,巴西,Android,Organic,Face,362.16129032258067,161.51612903225808,1869.258064516129,0.19374600928434604,0.08640654391081506,3,2
2026-03,巴西,Android,Organic,Face Fix,69.87096774193549,15.64516129032258,1869.258064516129,0.03737898424422317,0.008369717155331595,25,30
2026-03,巴西,Android,Organic,Filters,395.258064516129,133.0,1869.258064516129,0.21145184392634647,0.0711512243947055,1,6
2026-03,巴西,Android,Organic,Flawless,0.0,0.0,1869.258064516129,0.0,0.0,45,43
2026-03,巴西,Android,Organic,Glitter,37.225806451612904,8.612903225806452,1869.258064516129,0.019914749685057034,0.004607658722625848,35,36
2026-03,巴西,Android,Organic,Glowup,87.90322580645162,21.548387096774192,1869.258064516129,0.04702573040882185,0.011527775380951559,18,26
2026-03,巴西,Android,Organic,Hair,302.6774193548387,103.96774193548387,1869.258064516129,0.1619238269453121,0.05561979049821389,5,9
2026-03,巴西,Android,Organic,Magic,380.48387096774195,204.29032258064515,1869.258064516129,0.20354806978790965,0.10928952318497938,2,1
2026-03,巴西,Android,Organic,Makeup,255.32258064516128,142.74193548387098,1869.258064516129,0.13659033254525688,0.07636288332441714,6,4
2026-03,巴西,Android,Organic,Matte,20.35483870967742,9.03225806451613,1869.258064516129,0.010889260876318014,0.0048320016566862824,43,35
2026-03,巴西,Android,Organic,Muscle,66.38709677419355,23.483870967741936,1869.258064516129,0.035515212176644176,0.012563204307384335,27,24
2026-03,巴西,Android,Organic,Mykit,46.0,0.0,1869.258064516129,0.02460869415155228,0.0,34,43
2026-03,巴西,Android,Organic,Plump,59.25806451612903,22.258064516129032,1869.258064516129,0.031701382297616786,0.01190743265397691,28,25
2026-03,巴西,Android,Organic,Preset,78.96774193548387,8.612903225806452,1869.258064516129,0.042245500198457214,0.004607658722625848,22,36
2026-03,巴西,Android,Organic,Prism,21.225806451612904,7.806451612903226,1869.258064516129,0.011355203893212764,0.0041762300032788585,42,39
2026-03,巴西,Android,Organic,Relight,191.6451612903226,91.83870967741936,1869.258064516129,0.10252472086561859,0.04913110255923517,9,11
2026-03,巴西,Android,Organic,Reshape,201.61290322580646,142.5483870967742,1869.258064516129,0.10785717983674738,0.07625934043177388,8,5
2026-03,巴西,Android,Organic,Resize,67.25806451612904,34.32258064516129,1869.258064516129,0.03598115519353893,0.01836160629540787,26,19
2026-03,巴西,Android,Organic,Skin Tone,84.54838709677419,50.935483870967744,1869.258064516129,0.045230986936338376,0.027249037913955856,19,15
2026-03,巴西,Android,Organic,Smooth,148.16129032258064,108.2258064516129,1869.258064516129,0.0792620843184289,0.05789773413636599,12,7
2026-03,巴西,Android,Organic,Stamp,24.322580645161292,4.193548387096774,1869.258064516129,0.013011890175505204,0.0022434293406043454,40,42
2026-03,巴西,Android,Organic,Teeth,83.58064516129032,0.0,1869.258064516129,0.04471327247312199,0.0,20,43
2026-03,巴西,Android,Organic,Text,29.451612903225808,4.354838709677419,1869.258064516129,0.015755776830552057,0.002329715084473743,38,41
2026-03,巴西,Android,Organic,Whiten,0.0,0.0,1869.258064516129,0.0,0.0,45,43
2026-03,巴西,Android,non-Organic,AI Expand,418.03225806451616,180.90322580645162,10415.354838709678,0.04013615133983325,0.017368897037872123,24,19
2026-03,巴西,Android,non-Organic,AI Image,2411.4193548387098,721.0,10415.354838709678,0.2315254153297241,0.06922471784833806,2,6
2026-03,巴西,Android,non-Organic,AI Repair,371.96774193548384,154.90322580645162,10415.354838709678,0.03571340081021816,0.014872582663313469,25,21
2026-03,巴西,Android,non-Organic,AI Replace,186.25806451612902,92.80645161290323,10415.354838709678,0.017883026301118696,0.008910541508195096,36,29
2026-03,巴西,Android,non-Organic,AI Retouch,2258.6451612903224,1038.9354838709678,10415.354838709678,0.21685724550601468,0.09975036856254413,4,1
2026-03,巴西,Android,non-Organic,AI Tattoo,721.7741935483871,290.06451612903226,10415.354838709678,0.06929904979001227,0.027849700813934758,10,14
2026-03,巴西,Android,non-Organic,Acne,313.80645161290323,173.70967741935485,10415.354838709678,0.030129213691943654,0.01667822941314932,29,20
2026-03,巴西,Android,non-Organic,Adjust,583.5806451612904,246.61290322580646,10415.354838709678,0.05603079820116701,0.023677820587470113,15,15
2026-03,巴西,Android,non-Organic,Background,581.6451612903226,100.3225806451613,10415.354838709678,0.0558449683469815,0.009632180775282152,16,27
2026-03,巴西,Android,non-Organic,Blur,238.29032258064515,115.7741935483871,10415.354838709678,0.022878752214472428,0.011115722444529788,34,25
2026-03,巴西,Android,non-Organic,Body,654.2903225806451,339.5806451612903,10415.354838709678,0.06281978220741088,0.03260384791684733,13,10
2026-03,巴西,Android,non-Organic,Bokeh,143.38709677419354,38.903225806451616,10415.354838709678,0.013766895030909698,0.0037351800691287056,39,39
2026-03,巴西,Android,non-Organic,Brighten,329.4193548387097,141.6451612903226,10415.354838709678,0.031628241182373416,0.013599648162142743,28,23
2026-03,巴西,Android,non-Organic,Concealer,510.51612903225805,207.03225806451613,10415.354838709678,0.04901572120566409,0.01987760006937648,20,18
2026-03,巴西,Android,non-Organic,Contour,131.16129032258064,58.32258064516129,10415.354838709678,0.012593069785304573,0.005599672939456633,41,36
2026-03,巴西,Android,non-Organic,Crop,500.1290322580645,350.3225806451613,10415.354838709678,0.0480184343215352,0.0336352036075769,21,9
2026-03,巴西,Android,non-Organic,Dark Circles,243.06451612903226,117.87096774193549,10415.354838709678,0.023337132521463348,0.011317038119897422,33,24
2026-03,巴西,Android,non-Organic,Details,109.6774193548387,37.225806451612904,10415.354838709678,0.010530358403845438,0.003574127528834599,44,40
2026-03,巴西,Android,non-Organic,Effects,702.8064516129032,83.25806451612904,10415.354838709678,0.06747791721899428,0.007993780894213258,12,31
2026-03,巴西,Android,non-Organic,Eraser,779.741935483871,328.64516129032256,10415.354838709678,0.07486465392286822,0.031553909240699216,9,12
2026-03,巴西,Android,non-Organic,Expression,279.741935483871,92.83870967741936,10415.354838709678,0.02685860825827872,0.008913638672431522,30,28
2026-03,巴西,Android,non-Organic,Eye Brighten,141.67741935483872,65.48387096774194,10415.354838709678,0.013602745326379168,0.0062872433999430115,40,35
2026-03,巴西,Android,non-Organic,Face,1975.3870967741937,767.4516129032259,10415.354838709678,0.18966104634596564,0.07368463434879025,6,4
2026-03,巴西,Android,non-Organic,Face Fix,341.1290322580645,86.09677419354838,10415.354838709678,0.03275251180019574,0.008266331347018669,27,30
2026-03,巴西,Android,non-Organic,Filters,2399.483870967742,678.3225806451613,10415.354838709678,0.23037946456224678,0.06512716956354761,3,8
2026-03,巴西,Android,non-Organic,Flawless,0.0,0.0,10415.354838709678,0.0,0.0,45,44
2026-03,巴西,Android,non-Organic,Glitter,267.51612903225805,67.38709677419355,10415.354838709678,0.025684783012673594,0.006469976089892094,32,34
2026-03,巴西,Android,non-Organic,Glowup,565.8387096774194,142.61290322580646,10415.354838709678,0.05432735787113319,0.013692563089235497,17,22
2026-03,巴西,Android,non-Organic,Hair,2697.9032258064517,945.8387096774194,10415.354838709678,0.2590313309134157,0.09081195257622121,1,3
2026-03,巴西,Android,non-Organic,Magic,2202.483870967742,1003.8064516129032,10415.354838709678,0.21146508257039853,0.09637755670907716,5,2
2026-03,巴西,Android,non-Organic,Makeup,1575.3548387096773,757.0322580645161,10415.354838709678,0.1512531126500576,0.07268425030042493,7,5
2026-03,巴西,Android,non-Organic,Matte,117.90322580645162,39.096774193548384,10415.354838709678,0.011320135284133847,0.003753763054547256,42,38
2026-03,巴西,Android,non-Organic,Muscle,601.2258064516129,219.38709677419354,10415.354838709678,0.057724947038491556,0.0210638139719273,14,17
2026-03,巴西,Android,non-Organic,Mykit,367.0967741935484,0.0,10415.354838709678,0.03524572901051797,0.0,26,44
2026-03,巴西,Android,non-Organic,Plump,273.93548387096774,107.64516129032258,10415.354838709678,0.026301118695722197,0.010335237056950655,31,26
2026-03,巴西,Android,non-Organic,Preset,547.9032258064516,69.06451612903226,10415.354838709678,0.05260533455568081,0.006631028630186201,19,33
2026-03,巴西,Android,non-Organic,Prism,109.74193548387096,39.903225806451616,10415.354838709678,0.010536552732318289,0.003831192160457885,43,37
2026-03,巴西,Android,non-Organic,Relight,1459.3225806451612,679.9032258064516,10415.354838709678,0.1401126128916364,0.06527893061113244,8,7
2026-03,巴西,Android,non-Organic,Reshape,711.6451612903226,330.2903225806452,10415.354838709678,0.06832654021977477,0.031711864616756895,11,11
2026-03,巴西,Android,non-Organic,Resize,183.41935483870967,76.87096774193549,10415.354838709678,0.01761047584831328,0.007380542375401083,38,32
2026-03,巴西,Android,non-Organic,Skin Tone,448.4193548387097,230.7741935483871,10415.354838709678,0.04305368005054572,0.022157112947385375,23,16
2026-03,巴西,Android,non-Organic,Smooth,557.1612903225806,306.6774193548387,10415.354838709678,0.053494220691534825,0.0294447403956937,18,13
2026-03,巴西,Android,non-Organic,Stamp,183.48387096774192,28.096774193548388,10415.354838709678,0.017616670176786132,0.0026976300499262874,37,42
2026-03,巴西,Android,non-Organic,Teeth,466.83870967741933,0.03225806451612903,10415.354838709678,0.04482216082954447,3.097164236425129e-06,22,43
2026-03,巴西,Android,non-Organic,Text,224.48387096774192,29.06451612903226,10415.354838709678,0.02155316592128247,0.0027905449770190415,35,41
2026-03,巴西,Android,non-Organic,Whiten,0.0,0.0,10415.354838709678,0.0,0.0,45,44
2026-03,巴西,iOS,Organic,AI Expand,102.41935483870968,39.774193548387096,4206.870967741936,0.02434573240397813,0.009454578914678751,33,27
2026-03,巴西,iOS,Organic,AI Image,220.90322580645162,35.12903225806452,4206.870967741936,0.052510102520454245,0.008350394515884154,23,29
2026-03,巴西,iOS,Organic,AI Repair,156.29032258064515,59.516129032258064,4206.870967741936,0.03715120425110993,0.014147362609555795,28,23
2026-03,巴西,iOS,Organic,AI Replace,58.25806451612903,21.516129032258064,4206.870967741936,0.013848312668215592,0.00511452079163887,41,34
2026-03,巴西,iOS,Organic,AI Retouch,841.9354838709677,353.96774193548384,4206.870967741936,0.200133422281521,0.08414038477759118,5,6
2026-03,巴西,iOS,Organic,AI Tattoo,91.45161290322581,25.387096774193548,4206.870967741936,0.021738630351268662,0.006034674457301036,35,33
2026-03,巴西,iOS,Organic,Acne,641.9032258064516,515.4516129032259,4206.870967741936,0.1525844816084286,0.1225261285301312,8,4
2026-03,巴西,iOS,Organic,Adjust,504.51612903225805,235.4516129032258,4206.870967741936,0.11992669442463558,0.05596834671390122,10,10
2026-03,巴西,iOS,Organic,Background,180.7741935483871,16.64516129032258,4206.870967741936,0.042971176186423134,0.003956660762347312,26,36
2026-03,巴西,iOS,Organic,Blur,274.83870967741933,191.03225806451613,4206.870967741936,0.06533091026201375,0.04540958340042787,18,14
2026-03,巴西,iOS,Organic,Body,452.6774193548387,314.80645161290323,4206.870967741936,0.10760430325197641,0.07483149685997562,13,8
2026-03,巴西,iOS,Organic,Bokeh,101.87096774193549,33.87096774193548,4206.870967741936,0.02421537730134266,0.008051344574543947,34,30
2026-03,巴西,iOS,Organic,Brighten,179.48387096774192,99.93548387096774,4206.870967741936,0.04266445829786907,0.023755300468511573,27,20
2026-03,巴西,iOS,Organic,Concealer,255.74193548387098,119.58064516129032,4206.870967741936,0.06079148551141374,0.028425080321747065,19,19
2026-03,巴西,iOS,Organic,Contour,70.29032258064517,36.903225806451616,4206.870967741936,0.01670845697898216,0.00877213161264598,38,28
2026-03,巴西,iOS,Organic,Crop,281.0967741935484,205.96774193548387,4206.870967741936,0.06681849202150093,0.048959842960441056,17,12
2026-03,巴西,iOS,Organic,Dark Circles,234.19354838709677,195.93548387096774,4206.870967741936,0.055669296772561015,0.04657511137693328,21,13
2026-03,巴西,iOS,Organic,Details,67.93548387096774,21.483870967741936,4206.870967741936,0.016148696832371006,0.005106852844425019,40,35
2026-03,巴西,iOS,Organic,Effects,218.6451612903226,3.5806451612903225,4206.870967741936,0.051973346215484655,0.0008511421407375031,25,42
2026-03,巴西,iOS,Organic,Eraser,485.2258064516129,267.03225806451616,4206.870967741936,0.11534126199075245,0.06347526703626173,11,9
2026-03,巴西,iOS,Organic,Expression,153.80645161290323,30.93548387096774,4206.870967741936,0.03656077231564338,0.007353561378083472,29,32
2026-03,巴西,iOS,Organic,Eye Brighten,111.80645161290323,82.74193548387096,4206.870967741936,0.026577105043208885,0.019668284603528787,32,21
2026-03,巴西,iOS,Organic,Face,1209.032258064516,487.16129032258067,4206.870967741936,0.2873946615751497,0.11580133882358354,1,5
2026-03,巴西,iOS,Organic,Face Fix,219.83870967741936,41.70967741935484,4206.870967741936,0.052257060262397154,0.009914655747509835,24,25
2026-03,巴西,iOS,Organic,Filters,1053.9032258064517,182.2258064516129,4206.870967741936,0.25051950342373847,0.04331623381104644,3,15
2026-03,巴西,iOS,Organic,Flawless,0.0,0.0,4206.870967741936,0.0,0.0,45,43
2026-03,巴西,iOS,Organic,Glitter,76.38709677419355,10.580645161290322,4206.870967741936,0.01815769900240007,0.0025150866861432526,36,39
2026-03,巴西,iOS,Organic,Glowup,250.1290322580645,57.38709677419355,4206.870967741936,0.0594572626962036,0.013641278093441605,20,24
2026-03,巴西,iOS,Organic,Hair,519.0,146.48387096774192,4206.870967741936,0.12336960272365485,0.03482014829809911,9,18
2026-03,巴西,iOS,Organic,Magic,1122.4516129032259,687.3870967741935,4206.870967741936,0.2668138912531726,0.16339628717995905,2,2
2026-03,巴西,iOS,Organic,Makeup,673.483870967742,341.80645161290323,4206.870967741936,0.1600914019307891,0.08124956867796922,7,7
2026-03,巴西,iOS,Organic,Matte,68.7741935483871,32.645161290322584,4206.870967741936,0.01634806345993114,0.007759962580417597,39,31
2026-03,巴西,iOS,Organic,Muscle,135.48387096774192,40.67741935483871,4206.870967741936,0.03220537829817579,0.00966928143666659,31,26
2026-03,巴西,iOS,Organic,Mykit,73.6774193548387,0.0,4206.870967741936,0.01751359143643655,0.0,37,43
2026-03,巴西,iOS,Organic,Plump,223.93548387096774,68.90322580645162,4206.870967741936,0.05323088955855628,0.01637873524878655,22,22
2026-03,巴西,iOS,Organic,Preset,141.51612903225808,15.32258064516129,4206.870967741936,0.033639284427166,0.0036422749265794052,30,38
2026-03,巴西,iOS,Organic,Prism,47.32258064516129,15.838709677419354,4206.870967741936,0.011248878562719973,0.0037649620820010272,43,37
2026-03,巴西,iOS,Organic,Relight,460.16129032258067,216.61290322580646,4206.870967741936,0.10938326700558994,0.05149026554101202,12,11
2026-03,巴西,iOS,Organic,Reshape,1011.9677419354839,813.3870967741935,4206.870967741936,0.24055117204573165,0.19334728899726253,4,1
2026-03,巴西,iOS,Organic,Resize,302.8709677419355,160.93548387096774,4206.870967741936,0.0719943563908506,0.038255388649904534,15,17
2026-03,巴西,iOS,Organic,Skin Tone,287.8709677419355,175.7741935483871,4206.870967741936,0.06842876093640972,0.04178264436827617,16,16
2026-03,巴西,iOS,Organic,Smooth,801.9677419354839,659.0,4206.870967741936,0.19063283568355915,0.15664849363176983,6,3
2026-03,巴西,iOS,Organic,Stamp,50.12903225806452,10.451612903225806,4206.870967741936,0.011915989970325044,0.0024844148972878468,42,40
2026-03,巴西,iOS,Organic,Teeth,346.38709677419354,0.0,4206.870967741936,0.08233841718233612,0.0,14,43
2026-03,巴西,iOS,Organic,Text,38.354838709677416,3.935483870967742,4206.870967741936,0.00911718923726929,0.0009354895600898683,44,41
2026-03,巴西,iOS,Organic,Whiten,0.0,0.0,4206.870967741936,0.0,0.0,45,43
2026-03,巴西,iOS,non-Organic,AI Expand,29.70967741935484,11.483870967741936,723.9354838709677,0.041039123072809915,0.015863113804473757,20,16
2026-03,巴西,iOS,non-Organic,AI Image,175.67741935483872,52.83870967741935,723.9354838709677,0.24266999376169684,0.07298814722395508,3,4
2026-03,巴西,iOS,non-Organic,AI Repair,26.70967741935484,9.129032258064516,723.9354838709677,0.03689510738793334,0.012610284288387844,22,18
2026-03,巴西,iOS,non-Organic,AI Replace,15.225806451612904,7.161290322580645,723.9354838709677,0.02103199358345959,0.00989216647357633,33,22
2026-03,巴西,iOS,non-Organic,AI Retouch,125.09677419354838,53.03225806451613,723.9354838709677,0.17280099812850905,0.07325550307459229,5,3
2026-03,巴西,iOS,non-Organic,AI Tattoo,107.54838709677419,54.45161290322581,723.9354838709677,0.1485607343374031,0.07521611264593174,6,1
2026-03,巴西,iOS,non-Organic,Acne,14.96774193548387,6.258064516129032,723.9354838709677,0.02067551911594332,0.008644505837269405,34,25
2026-03,巴西,iOS,non-Organic,Adjust,34.935483870967744,10.419354838709678,723.9354838709677,0.04825773104001427,0.014392656625969167,18,17
2026-03,巴西,iOS,non-Organic,Background,39.935483870967744,5.774193548387097,723.9354838709677,0.05516442384814188,0.00797611621067641,14,27
2026-03,巴西,iOS,non-Organic,Blur,13.580645161290322,5.741935483870968,723.9354838709677,0.0187594688530434,0.007931556902236878,36,28
2026-03,巴西,iOS,non-Organic,Body,57.806451612903224,29.419354838709676,723.9354838709677,0.07985028072364317,0.04063808929685411,10,8
2026-03,巴西,iOS,non-Organic,Bokeh,9.516129032258064,2.193548387096774,723.9354838709677,0.01314499598966224,0.0030300329738882454,37,36
2026-03,巴西,iOS,non-Organic,Brighten,13.64516129032258,6.451612903225806,723.9354838709677,0.01884858746992247,0.008911861687906603,35,23
2026-03,巴西,iOS,non-Organic,Concealer,18.516129032258064,8.064516129032258,723.9354838709677,0.025577043044291953,0.011139827109883255,27,20
2026-03,巴西,iOS,non-Organic,Contour,4.387096774193548,2.193548387096774,723.9354838709677,0.006060065947776491,0.0030300329738882454,44,36
2026-03,巴西,iOS,non-Organic,Crop,22.806451612903224,14.838709677419354,723.9354838709677,0.03150343106674985,0.02049728188218519,24,13
2026-03,巴西,iOS,non-Organic,Dark Circles,8.290322580645162,4.258064516129032,723.9354838709677,0.011451742268959987,0.005881828714018359,39,30
2026-03,巴西,iOS,non-Organic,Details,5.32258064516129,1.7419354838709677,723.9354838709677,0.007352285892522948,0.0024062026557347834,42,39
2026-03,巴西,iOS,non-Organic,Effects,47.645161290322584,1.5483870967741935,723.9354838709677,0.06581409856519027,0.002138846805097585,12,41
2026-03,巴西,iOS,non-Organic,Eraser,40.645161290322584,14.096774193548388,723.9354838709677,0.05614472863381161,0.019472417788075933,13,14
2026-03,巴西,iOS,non-Organic,Expression,16.838709677419356,5.129032258064516,723.9354838709677,0.02325995900543624,0.007084930041885751,29,29
2026-03,巴西,iOS,non-Organic,Eye Brighten,6.096774193548387,2.903225806451613,723.9354838709677,0.00842170929507174,0.004010337759557972,41,33
2026-03,巴西,iOS,non-Organic,Face,105.2258064516129,40.903225806451616,723.9354838709677,0.14535246412975672,0.056501203101327876,7,6
2026-03,巴西,iOS,non-Organic,Face Fix,21.193548387096776,6.0,723.9354838709677,0.029275465644773197,0.008288031369753143,26,26
2026-03,巴西,iOS,non-Organic,Filters,179.7741935483871,20.70967741935484,723.9354838709677,0.24832902593351755,0.028607076018180203,1,10
2026-03,巴西,iOS,non-Organic,Flawless,0.0,0.0,723.9354838709677,0.0,0.0,45,43
2026-03,巴西,iOS,non-Organic,Glitter,16.35483870967742,3.5806451612903225,723.9354838709677,0.022591569378843244,0.004946083236788165,31,31
2026-03,巴西,iOS,non-Organic,Glowup,39.806451612903224,8.580645161290322,723.9354838709677,0.054986186614383745,0.011852776044915784,15,19
2026-03,巴西,iOS,non-Organic,Hair,176.61290322580646,53.903225806451616,723.9354838709677,0.2439622137064433,0.07445860440245969,2,2
2026-03,巴西,iOS,non-Organic,Magic,129.41935483870967,51.483870967741936,723.9354838709677,0.17877194545940647,0.0711166562694947,4,5
2026-03,巴西,iOS,non-Organic,Makeup,73.93548387096774,26.516129032258064,723.9354838709677,0.10212993494340969,0.036627751537296145,9,9
2026-03,巴西,iOS,non-Organic,Matte,4.612903225806452,1.2903225806451613,723.9354838709677,0.006371981106853223,0.001782372337581321,43,42
2026-03,巴西,iOS,non-Organic,Muscle,50.806451612903224,16.419354838709676,723.9354838709677,0.0701809107922645,0.022680687995722305,11,11
2026-03,巴西,iOS,non-Organic,Mykit,31.161290322580644,0.0,723.9354838709677,0.043044291952588895,0.0,19,43
2026-03,巴西,iOS,non-Organic,Plump,16.774193548387096,6.387096774193548,723.9354838709677,0.02317084038855717,0.008822743071027537,30,24
2026-03,巴西,iOS,non-Organic,Preset,35.483870967741936,1.935483870967742,723.9354838709677,0.04901523928348633,0.0026735585063719816,17,38
2026-03,巴西,iOS,non-Organic,Prism,8.129032258064516,2.3225806451612905,723.9354838709677,0.011228945726762321,0.003208270207646378,40,35
2026-03,巴西,iOS,non-Organic,Relight,91.12903225806451,37.61290322580645,723.9354838709677,0.1258800463416808,0.0519561536404955,8,7
2026-03,巴西,iOS,non-Organic,Reshape,39.70967741935484,15.35483870967742,723.9354838709677,0.05485250868906515,0.02121023081721772,16,12
2026-03,巴西,iOS,non-Organic,Resize,8.709677419354838,3.129032258064516,723.9354838709677,0.012031013278673916,0.0043222529186347025,38,32
2026-03,巴西,iOS,non-Organic,Skin Tone,17.129032258064516,7.548387096774194,723.9354838709677,0.023660992781392033,0.010426878174850728,28,21
2026-03,巴西,iOS,non-Organic,Smooth,26.806451612903224,13.03225806451613,723.9354838709677,0.03702878531325194,0.018001960609571342,21,15
2026-03,巴西,iOS,non-Organic,Stamp,21.387096774193548,2.5161290322580645,723.9354838709677,0.029542821495410394,0.0034756260582835758,25,34
2026-03,巴西,iOS,non-Organic,Teeth,25.129032258064516,0.0,723.9354838709677,0.034711701274396226,0.0,23,43
2026-03,巴西,iOS,non-Organic,Text,15.903225806451612,1.6451612903225807,723.9354838709677,0.02196773906068978,0.0022725247304161843,32,40
2026-03,巴西,iOS,non-Organic,Whiten,0.0,0.0,723.9354838709677,0.0,0.0,45,43
2026-03,整体,Android,Organic,AI Expand,298.9032258064516,111.51612903225806,6246.193548387097,0.047853660551974875,0.01785345397454966,28,24
2026-03,整体,Android,Organic,AI Image,848.7741935483871,140.25806451612902,6246.193548387097,0.13588663030903983,0.022454966121302263,7,19
2026-03,整体,Android,Organic,AI Repair,429.61290322580646,206.03225806451613,6246.193548387097,0.06877995372665675,0.032985250371839366,21,18
2026-03,整体,Android,Organic,AI Replace,217.1290322580645,93.58064516129032,6246.193548387097,0.03476181622872253,0.014982027764005949,36,27
2026-03,整体,Android,Organic,AI Retouch,1338.0967741935483,584.8064516129032,6246.193548387097,0.2142259543877045,0.09362605354486861,4,3
2026-03,整体,Android,Organic,AI Tattoo,170.2258064516129,37.74193548387097,6246.193548387097,0.02725272682201289,0.0060423896876549334,38,39
2026-03,整体,Android,Organic,Acne,445.16129032258067,295.19354838709677,6246.193548387097,0.07126921170054537,0.04725975045447033,19,13
2026-03,整体,Android,Organic,Adjust,728.8709677419355,366.61290322580646,6246.193548387097,0.11669042307056685,0.05869381094034044,9,7
2026-03,整体,Android,Organic,Background,568.5806451612904,72.0,6246.193548387097,0.09102834242274005,0.011527020327218642,14,31
2026-03,整体,Android,Organic,Blur,494.61290322580646,223.06451612903226,6246.193548387097,0.07918629152206247,0.035712072384729794,16,16
2026-03,整体,Android,Organic,Body,369.8709677419355,208.03225806451613,6246.193548387097,0.05921541893901835,0.03330544538092877,24,17
2026-03,整体,Android,Organic,Bokeh,461.83870967741933,283.03225806451616,6246.193548387097,0.07393922492150058,0.04531275822178153,17,15
2026-03,整体,Android,Organic,Brighten,264.1290322580645,136.51612903225808,6246.193548387097,0.04228639894232358,0.021855891588167246,32,21
2026-03,整体,Android,Organic,Collarbone,0.0,0.0,6246.193548387097,0.0,0.0,45,43
2026-03,整体,Android,Organic,Concealer,308.6774193548387,138.3548387096774,6246.193548387097,0.049418484548008595,0.02215026441910428,27,20
2026-03,整体,Android,Organic,Contour,129.7741935483871,56.935483870967744,6246.193548387097,0.02077652454139812,0.009115228887787144,42,34
2026-03,整体,Android,Organic,Crop,447.96774193548384,328.96774193548384,6246.193548387097,0.07171851760039663,0.05266691455957693,18,10
2026-03,整体,Android,Organic,Dark Circles,206.4516129032258,131.51612903225808,6246.193548387097,0.03305238803503553,0.02105540406544373,37,22
2026-03,整体,Android,Organic,Details,124.74193548387096,55.806451612903224,6246.193548387097,0.019970872583044124,0.008934473640720543,43,35
2026-03,整体,Android,Organic,Effects,566.4193548387096,25.387096774193548,6246.193548387097,0.09068232523549825,0.004064410841183276,15,41
2026-03,整体,Android,Organic,Eraser,699.2903225806451,328.03225806451616,6246.193548387097,0.11195463559742191,0.05251714592629318,10,11
2026-03,整体,Android,Organic,Expression,277.5483870967742,74.12903225806451,6246.193548387097,0.0444348041646009,0.011867873078829945,30,30
2026-03,整体,Android,Organic,Eye Brighten,151.74193548387098,97.93548387096774,6246.193548387097,0.024293505205751117,0.01567922657411998,40,25
2026-03,整体,Android,Organic,Face,1509.225806451613,622.5806451612904,6246.193548387097,0.24162328540737069,0.09967360766815403,3,2
2026-03,整体,Android,Organic,Face Fix,365.61290322580646,75.41935483870968,6246.193548387097,0.05853371343579574,0.012074450504048918,25,29
2026-03,整体,Android,Organic,Filters,1802.516129032258,470.2258064516129,6246.193548387097,0.288578334159643,0.0752819781854239,1,5
2026-03,整体,Android,Organic,Flawless,0.0,0.0,6246.193548387097,0.0,0.0,45,43
2026-03,整体,Android,Organic,Glitter,287.741935483871,38.83870967741935,6246.193548387097,0.04606676582383078,0.006217980499091059,29,38
2026-03,整体,Android,Organic,Glowup,414.51612903225805,113.06451612903226,6246.193548387097,0.06636299785159477,0.01810134688481243,22,23
2026-03,整体,Android,Organic,Hair,1298.1612903225807,365.0967741935484,6246.193548387097,0.20783238307717736,0.058451082465708154,5,8
2026-03,整体,Android,Organic,Magic,1597.1612903225807,763.2903225806451,6246.193548387097,0.25570153693604364,0.12220087588828292,2,1
2026-03,整体,Android,Organic,Makeup,898.5806451612904,417.2258064516129,6246.193548387097,0.14386051892249216,0.06679681044455463,6,6
2026-03,整体,Android,Organic,Matte,113.35483870967742,49.87096774193548,6246.193548387097,0.018147826805486697,0.00798421748471327,44,37
2026-03,整体,Android,Organic,Muscle,217.61290322580646,63.903225806451616,6246.193548387097,0.034839282763179644,0.010230746983969592,35,32
2026-03,整体,Android,Organic,Mykit,374.2903225806452,0.0,6246.193548387097,0.05992294662039333,0.0,23,43
2026-03,整体,Android,Organic,Plump,262.4516129032258,84.35483870967742,6246.193548387097,0.04201784828953892,0.0135049991736903,33,28
2026-03,整体,Android,Organic,Preset,577.4193548387096,57.16129032258065,6246.193548387097,0.09244339778549,0.009151379937200464,13,33
2026-03,整体,Android,Organic,Prism,136.70967741935485,51.16129032258065,6246.193548387097,0.021886878201950094,0.008190794909932244,41,36
2026-03,整体,Android,Organic,Relight,698.258064516129,324.8709677419355,6246.193548387097,0.11178937365724674,0.0520110312345067,11,12
2026-03,整体,Android,Organic,Reshape,593.5806451612904,331.4193548387097,6246.193548387097,0.09503078003635763,0.05305941166749298,12,9
2026-03,整体,Android,Organic,Resize,237.48387096774192,94.93548387096774,6246.193548387097,0.03802057511155181,0.01519893406048587,34,26
2026-03,整体,Android,Organic,Skin Tone,444.0967741935484,284.5483870967742,6246.193548387097,0.07109878532473972,0.04555548669641382,20,14
2026-03,整体,Android,Organic,Smooth,730.483870967742,528.8387096774194,6246.193548387097,0.11694864485209057,0.08466575772599572,8,4
2026-03,整体,Android,Organic,Stamp,160.19354838709677,26.387096774193548,6246.193548387097,0.025646587340935383,0.004224508345727979,39,40
2026-03,整体,Android,Organic,Teeth,321.8709677419355,0.0,6246.193548387097,0.05153073872087258,0.0,26,43
2026-03,整体,Android,Organic,Text,266.5483870967742,21.612903225806452,6246.193548387097,0.04267373161460916,0.0034601718724177823,31,42
2026-03,整体,Android,Organic,Whiten,0.0,0.0,6246.193548387097,0.0,0.0,45,43
2026-03,整体,Android,non-Organic,AI Expand,580.7096774193549,241.83870967741936,13372.064516129032,0.04342707715169323,0.018085368148330415,25,20
2026-03,整体,Android,non-Organic,AI Image,2895.7419354838707,785.0322580645161,13372.064516129032,0.21655159769765567,0.058706885321831256,5,8
2026-03,整体,Android,non-Organic,AI Repair,585.258064516129,256.9032258064516,13372.064516129032,0.04376721812927287,0.01921193436485306,24,18
2026-03,整体,Android,non-Organic,AI Replace,274.96774193548384,134.51612903225808,13372.064516129032,0.020562848885736753,0.010059488485866058,36,27
2026-03,整体,Android,non-Organic,AI Retouch,2901.548387096774,1296.8064516129032,13372.064516129032,0.21698582022222543,0.09697877616793797,4,2
2026-03,整体,Android,non-Organic,AI Tattoo,799.8709677419355,305.4516129032258,13372.064516129032,0.05981656510684286,0.022842517139727982,14,16
2026-03,整体,Android,non-Organic,Acne,431.61290322580646,235.19354838709677,13372.064516129032,0.032277207659685336,0.017588424592433913,28,21
2026-03,整体,Android,non-Organic,Adjust,816.516129032258,326.258064516129,13372.064516129032,0.06106133634394283,0.02439848118610295,13,14
2026-03,整体,Android,non-Organic,Background,799.0322580645161,133.67741935483872,13372.064516129032,0.05975384407551612,0.009996767454539314,15,28
2026-03,整体,Android,non-Organic,Blur,355.2903225806452,165.74193548387098,13372.064516129032,0.02656959380895174,0.012394640729107866,33,24
2026-03,整体,Android,non-Organic,Body,840.258064516129,430.9032258064516,13372.064516129032,0.0628368239999614,0.032224136017793475,12,12
2026-03,整体,Android,non-Organic,Bokeh,231.4516129032258,73.06451612903226,13372.064516129032,0.01730859229882229,0.005463966767502786,39,37
2026-03,整体,Android,non-Organic,Brighten,427.16129032258067,187.3548387096774,13372.064516129032,0.031944303724181854,0.014010913459450852,29,23
2026-03,整体,Android,non-Organic,Collarbone,0.0,0.0,13372.064516129032,0.0,0.0,45,44
2026-03,整体,Android,non-Organic,Concealer,646.5483870967741,259.2903225806452,13372.064516129032,0.04835067811084253,0.01939044806939841,21,17
2026-03,整体,Android,non-Organic,Contour,183.5483870967742,79.64516129032258,13372.064516129032,0.01372625647112179,0.005956085628681845,41,36
2026-03,整体,Android,non-Organic,Crop,672.258064516129,464.35483870967744,13372.064516129032,0.05027331895574307,0.03472574022878702,20,10
2026-03,整体,Android,non-Organic,Dark Circles,315.19354838709677,154.61290322580646,13372.064516129032,0.02357104604206169,0.011562380890349165,35,25
2026-03,整体,Android,non-Organic,Details,164.5483870967742,56.935483870967744,13372.064516129032,0.012305383876835194,0.004257793088142348,43,39
2026-03,整体,Android,non-Organic,Effects,919.8709677419355,97.41935483870968,13372.064516129032,0.06879049728128453,0.007285289023337049,11,32
2026-03,整体,Android,non-Organic,Eraser,1200.3548387096773,530.516129032258,13372.064516129032,0.08976585756536254,0.03967346466152354,9,9
2026-03,整体,Android,non-Organic,Expression,396.2258064516129,125.45161290322581,13372.064516129032,0.02963086260716853,0.009381618878065491,30,29
2026-03,整体,Android,non-Organic,Eye Brighten,196.3548387096774,93.83870967741936,13372.064516129032,0.014683958372533978,0.007017518466519031,40,33
2026-03,整体,Android,non-Organic,Face,2628.1290322580644,1015.6451612903226,13372.064516129032,0.19653876400970727,0.0759527565893268,6,4
2026-03,整体,Android,non-Organic,Face Fix,496.6774193548387,120.12903225806451,13372.064516129032,0.03714291228222534,0.008983581563876545,27,30
2026-03,整体,Android,non-Organic,Filters,3165.6129032258063,839.516129032258,13372.064516129032,0.23673329570071452,0.06278134001071083,2,6
2026-03,整体,Android,non-Organic,Flawless,0.0,0.0,13372.064516129032,0.0,0.0,45,44
2026-03,整体,Android,non-Organic,Glitter,383.4516129032258,86.35483870967742,13372.064516129032,0.028675573053115064,0.006457853879295788,31,35
2026-03,整体,Android,non-Organic,Glowup,760.7096774193549,188.38709677419354,13372.064516129032,0.056887975413355725,0.01408810857492992,18,22
2026-03,整体,Android,non-Organic,Hair,3555.3870967741937,1181.6129032258063,13372.064516129032,0.2658816888361389,0.08836428374994572,1,3
2026-03,整体,Android,non-Organic,Magic,2961.1290322580644,1299.3548387096773,13372.064516129032,0.2214414257937829,0.09716935160927692,3,1
2026-03,整体,Android,non-Organic,Makeup,1984.9032258064517,924.741935483871,13372.064516129032,0.14843655767681302,0.06915476173245139,7,5
2026-03,整体,Android,non-Organic,Matte,164.80645161290323,57.38709677419355,13372.064516129032,0.01232468265570496,0.00429156595116444,42,38
2026-03,整体,Android,non-Organic,Muscle,689.6451612903226,246.09677419354838,13372.064516129032,0.05157357418209363,0.01840379799968157,19,19
2026-03,整体,Android,non-Organic,Mykit,525.7741935483871,0.0,13372.064516129032,0.039318849599791574,0.0,26,44
2026-03,整体,Android,non-Organic,Plump,376.7741935483871,137.58064516129033,13372.064516129032,0.02817621714985984,0.01028866148494454,32,26
2026-03,整体,Android,non-Organic,Preset,765.9677419354839,90.51612903225806,13372.064516129032,0.057281188032827224,0.006769046688570781,17,34
2026-03,整体,Android,non-Organic,Prism,155.67741935483872,55.516129032258064,13372.064516129032,0.011641988353186953,0.0041516498043586295,44,40
2026-03,整体,Android,non-Organic,Relight,1766.1612903225807,803.9677419354839,13372.064516129032,0.13207843023732674,0.060122933221400415,8,7
2026-03,整体,Android,non-Organic,Reshape,947.5483870967741,411.8709677419355,13372.064516129032,0.07086029131506703,0.030800851076148158,10,13
2026-03,整体,Android,non-Organic,Resize,256.83870967741933,103.80645161290323,13372.064516129032,0.01920710967013562,0.007762933800363783,37,31
2026-03,整体,Android,non-Organic,Skin Tone,610.3870967741935,318.5806451612903,13372.064516129032,0.045646436721716435,0.02382434251472738,22,15
2026-03,整体,Android,non-Organic,Smooth,773.6129032258065,433.7096774193548,13372.064516129032,0.05785291435684407,0.03243401023800219,16,11
2026-03,整体,Android,non-Organic,Stamp,247.96774193548387,38.516129032258064,13372.064516129032,0.01854371414648738,0.002880342746312727,38,41
2026-03,整体,Android,non-Organic,Teeth,606.1290322580645,0.03225806451612903,13372.064516129032,0.04532800687036528,2.412347358720877e-06,23,43
2026-03,整体,Android,non-Organic,Text,315.8709677419355,36.903225806451616,13372.064516129032,0.023621705336594828,0.0027597253783766835,34,42
2026-03,整体,Android,non-Organic,Whiten,0.0,0.0,13372.064516129032,0.0,0.0,45,44
2026-03,整体,iOS,Organic,AI Expand,363.7741935483871,116.25806451612904,13913.741935483871,0.026144957642247394,0.008355628921048117,36,30
2026-03,整体,iOS,Organic,AI Image,1023.1290322580645,143.41935483870967,13913.741935483871,0.07353370768281996,0.010307748663423951,16,28
2026-03,整体,iOS,Organic,AI Repair,539.5806451612904,196.16129032258064,13913.741935483871,0.0387804120317347,0.014098384980270143,30,24
2026-03,整体,iOS,Organic,AI Replace,261.1290322580645,108.6774193548387,13913.741935483871,0.018767707024385266,0.007810797401501416,41,32
2026-03,整体,iOS,Organic,AI Retouch,3655.8709677419356,1539.9032258064517,13913.741935483871,0.2627525352053899,0.11067498829191841,3,5
2026-03,整体,iOS,Organic,AI Tattoo,274.35483870967744,55.96774193548387,13913.741935483871,0.019718264143594406,0.004022479516653297,40,38
2026-03,整体,iOS,Organic,Acne,1880.3870967741937,1401.967741935484,13913.741935483871,0.1351460380315585,0.10076137306816654,9,6
2026-03,整体,iOS,Organic,Adjust,1291.1935483870968,543.0,13913.741935483871,0.09279987758679051,0.03902616582353023,13,14
2026-03,整体,iOS,Organic,Background,725.9032258064516,80.29032258064517,13913.741935483871,0.05217167525259316,0.00577057724319888,25,35
2026-03,整体,iOS,Organic,Blur,702.6774193548387,428.19354838709677,13913.741935483871,0.05050240421398199,0.03077486634239531,27,18
2026-03,整体,iOS,Organic,Body,1269.258064516129,840.9677419354839,13913.741935483871,0.09122334382810218,0.06044152218971265,14,8
2026-03,整体,iOS,Organic,Bokeh,291.19354838709677,94.41935483870968,13913.741935483871,0.0209284856465875,0.006786050458354006,39,34
2026-03,整体,iOS,Organic,Brighten,767.1612903225806,403.9032258064516,13913.741935483871,0.055136949778126054,0.029029087047847797,23,19
2026-03,整体,iOS,Organic,Concealer,991.9032258064516,454.3225806451613,13913.741935483871,0.07128946550868716,0.032652796260832874,17,17
2026-03,整体,iOS,Organic,Contour,366.83870967741933,190.67741935483872,13913.741935483871,0.026365208682064146,0.013704251540598063,34,25
2026-03,整体,iOS,Organic,Crop,669.3870967741935,477.03225806451616,13913.741935483871,0.04810978239197266,0.0342849723874749,28,16
2026-03,整体,iOS,Organic,Dark Circles,717.5806451612904,534.741935483871,13913.741935483871,0.051573519797090836,0.03843264723202404,26,15
2026-03,整体,iOS,Organic,Details,364.9032258064516,125.3225806451613,13913.741935483871,0.02622610276217988,0.009007108312506087,35,29
2026-03,整体,iOS,Organic,Effects,866.258064516129,17.032258064516128,13913.741935483871,0.062259172876200364,0.001224132094981522,20,42
2026-03,整体,iOS,Organic,Eraser,1546.3870967741937,835.1290322580645,13913.741935483871,0.11114099312353069,0.06002188599806179,10,10
2026-03,整体,iOS,Organic,Expression,540.2258064516129,112.35483870967742,13913.741935483871,0.03882678067169612,0.008075098649281518,29,31
2026-03,整体,iOS,Organic,Eye Brighten,465.61290322580646,315.96774193548384,13913.741935483871,0.03346424746015775,0.022709041421106076,31,22
2026-03,整体,iOS,Organic,Face,4618.322580645161,1982.6451612903227,13913.741935483871,0.33192527229983815,0.14249546746544378,1,3
2026-03,整体,iOS,Organic,Face Fix,884.8064516129032,145.19354838709677,13913.741935483871,0.06359227127509122,0.01043526242331786,19,27
2026-03,整体,iOS,Organic,Filters,3494.935483870968,620.5806451612904,13913.741935483871,0.25118587796701336,0.044601994778891145,4,12
2026-03,整体,iOS,Organic,Flawless,0.0,0.0,13913.741935483871,0.0,0.0,45,43
2026-03,整体,iOS,Organic,Glitter,367.1290322580645,57.0,13913.741935483871,0.026386074570046786,0.004096669340591571,33,37
2026-03,整体,iOS,Organic,Glowup,1194.1935483870968,368.80645161290323,13913.741935483871,0.08582835256859081,0.026506633033946483,15,21
2026-03,整体,iOS,Organic,Hair,2068.6774193548385,565.741935483871,13913.741935483871,0.1486787256042993,0.04066066038217033,8,13
2026-03,整体,iOS,Organic,Magic,3943.1290322580644,2188.4193548387098,13913.741935483871,0.2833981721482127,0.1572847451811391,2,1
2026-03,整体,iOS,Organic,Makeup,2438.2258064516127,1062.3870967741937,13913.741935483871,0.1752386825742014,0.07635523942447245,6,7
2026-03,整体,iOS,Organic,Matte,332.8709677419355,164.83870967741936,13913.741935483871,0.023923899788095317,0.01184718751014314,38,26
2026-03,整体,iOS,Organic,Muscle,360.06451612903226,100.90322580645162,13913.741935483871,0.025878337962469224,0.00725205528996629,37,33
2026-03,整体,iOS,Organic,Mykit,415.7096774193548,0.0,13913.741935483871,0.029877633159141808,0.0,32,43
2026-03,整体,iOS,Organic,Plump,805.5806451612904,256.06451612903226,13913.741935483871,0.057898202287828694,0.01840371320068811,22,23
2026-03,整体,iOS,Organic,Preset,755.7096774193549,79.64516129032258,13913.741935483871,0.05431390641881083,0.005724208603237458,24,36
2026-03,整体,iOS,Organic,Prism,134.70967741935485,35.58064516129032,13913.741935483871,0.009681772023944766,0.002557230493872384,44,40
2026-03,整体,iOS,Organic,Relight,1423.3548387096773,647.8387096774194,13913.741935483871,0.10229849348288765,0.04656106981726119,11,11
2026-03,整体,iOS,Organic,Reshape,2273.8064516129034,1601.6451612903227,13913.741935483871,0.1634216346800332,0.11511246713622643,7,4
2026-03,整体,iOS,Organic,Resize,816.8064516129032,380.96774193548384,13913.741935483871,0.05870501662315742,0.02738068189721927,21,20
2026-03,整体,iOS,Organic,Skin Tone,1329.967741935484,838.9032258064516,13913.741935483871,0.09558663284847192,0.060293142541836105,12,9
2026-03,整体,iOS,Organic,Smooth,2613.935483870968,2024.967741935484,13913.741935483871,0.1878671816676945,0.145537250246913,5,2
2026-03,整体,iOS,Organic,Stamp,178.5483870967742,39.32258064516129,13913.741935483871,0.012832521109323343,0.0028261686056486276,43,39
2026-03,整体,iOS,Organic,Teeth,961.258064516129,0.0,13913.741935483871,0.06908695511051965,0.0,18,43
2026-03,整体,iOS,Organic,Text,197.80645161290323,19.741935483870968,13913.741935483871,0.014216625012171769,0.0014188803828194916,42,41
2026-03,整体,iOS,Organic,Whiten,0.0,0.0,13913.741935483871,0.0,0.0,45,43
2026-03,整体,iOS,non-Organic,AI Expand,141.61290322580646,50.806451612903224,4404.709677419355,0.03215033761516266,0.011534574429130109,32,29
2026-03,整体,iOS,non-Organic,AI Image,546.1935483870968,98.19354838709677,4404.709677419355,0.12400216776763875,0.02229285369033146,7,17
2026-03,整体,iOS,non-Organic,AI Repair,184.90322580645162,71.7741935483871,4404.709677419355,0.041978527382713515,0.016294874987183808,24,22
2026-03,整体,iOS,non-Organic,AI Replace,102.12903225806451,49.74193548387097,4404.709677419355,0.02318632548738154,0.011292897631567383,36,30
2026-03,整体,iOS,non-Organic,AI Retouch,1058.6129032258063,382.4516129032258,4404.709677419355,0.24033658986715095,0.0868278821788994,3,3
2026-03,整体,iOS,non-Organic,AI Tattoo,200.51612903225808,71.93548387096774,4404.709677419355,0.0455231204136335,0.01633149268378422,23,21
2026-03,整体,iOS,non-Organic,Acne,270.5806451612903,162.7741935483871,4404.709677419355,0.06142984781685292,0.036954579409136844,16,12
2026-03,整体,iOS,non-Organic,Adjust,258.35483870967744,83.35483870967742,4404.709677419355,0.05865422641454162,0.01892402560309346,18,19
2026-03,整体,iOS,non-Organic,Background,245.70967741935485,30.93548387096774,4404.709677419355,0.05578339900106923,0.007023274207959221,19,34
2026-03,整体,iOS,non-Organic,Blur,128.7741935483871,62.58064516129032,4404.709677419355,0.029235568965769777,0.014207666280960261,34,24
2026-03,整体,iOS,non-Organic,Body,372.61290322580646,216.8709677419355,4404.709677419355,0.08459420268627423,0.04923615484891538,13,8
2026-03,整体,iOS,non-Organic,Bokeh,56.064516129032256,12.741935483870968,4404.709677419355,0.012728311338303573,0.0028927980314326306,43,38
2026-03,整体,iOS,non-Organic,Brighten,177.4516129032258,88.64516129032258,4404.709677419355,0.04028678979977443,0.02012508605158701,26,18
2026-03,整体,iOS,non-Organic,Concealer,226.09677419354838,98.2258064516129,4404.709677419355,0.05133068709445901,0.02230017722965154,21,16
2026-03,整体,iOS,non-Organic,Contour,82.41935483870968,41.483870967741936,4404.709677419355,0.018711642962811068,0.009418071565626235,39,31
2026-03,整体,iOS,non-Organic,Crop,145.61290322580646,99.58064516129032,4404.709677419355,0.0330584564908529,0.022607765881095015,31,15
2026-03,整体,iOS,non-Organic,Dark Circles,130.0,79.54838709677419,4404.709677419355,0.029513863459932916,0.018059847963323713,33,20
2026-03,整体,iOS,non-Organic,Details,88.12903225806451,29.451612903225808,4404.709677419355,0.020007909422465688,0.006686391399235422,38,35
2026-03,整体,iOS,non-Organic,Effects,272.5806451612903,7.225806451612903,4404.709677419355,0.06188390725469804,0.0016404728076985045,15,41
2026-03,整体,iOS,non-Organic,Eraser,421.7096774193548,222.3548387096774,4404.709677419355,0.09574062953143994,0.05048115653332942,10,6
2026-03,整体,iOS,non-Organic,Expression,159.93548387096774,37.54838709677419,4404.709677419355,0.03631010794896958,0.008524599768576157,29,32
2026-03,整体,iOS,non-Organic,Eye Brighten,94.45161290322581,53.45161290322581,4404.709677419355,0.02144332312920188,0.012135104653376883,37,26
2026-03,整体,iOS,non-Organic,Face,1152.6129032258063,490.5483870967742,4404.709677419355,0.26167738344587166,0.11136906244049624,2,1
2026-03,整体,iOS,non-Organic,Face Fix,264.93548387096774,51.16129032258065,4404.709677419355,0.06014822843583847,0.011615133361651018,17,28
2026-03,整体,iOS,non-Organic,Filters,991.3548387096774,145.58064516129033,4404.709677419355,0.22506701038477875,0.033051132951532815,5,13
2026-03,整体,iOS,non-Organic,Flawless,0.0,0.0,4404.709677419355,0.0,0.0,45,43
2026-03,整体,iOS,non-Organic,Glitter,105.6774193548387,20.774193548387096,4404.709677419355,0.023991914812590626,0.0047163593221332,35,36
2026-03,整体,iOS,non-Organic,Glowup,386.93548387096774,105.74193548387096,4404.709677419355,0.0878458541443909,0.02400656189123079,12,14
2026-03,整体,iOS,non-Organic,Hair,1376.032258064516,329.2903225806452,4404.709677419355,0.31240021677676383,0.07475868937940328,1,4
2026-03,整体,iOS,non-Organic,Magic,999.8709677419355,443.06451612903226,4404.709677419355,0.22700042476528054,0.10058881256133463,4,2
2026-03,整体,iOS,non-Organic,Makeup,595.4193548387096,217.2258064516129,4404.709677419355,0.1351778887700848,0.04931671378143629,6,7
2026-03,整体,iOS,non-Organic,Matte,69.38709677419355,31.870967741935484,4404.709677419355,0.015752933077497693,0.007235656848241618,41,33
2026-03,整体,iOS,non-Organic,Muscle,181.96774193548387,57.29032258064516,4404.709677419355,0.041312085304586,0.013006605832466713,25,25
2026-03,整体,iOS,non-Organic,Mykit,150.19354838709677,0.0,4404.709677419355,0.034098399074304626,0.0,30,43
2026-03,整体,iOS,non-Organic,Plump,172.03225806451613,52.58064516129032,4404.709677419355,0.03905643519400055,0.011937369091734653,27,27
2026-03,整体,iOS,non-Organic,Preset,238.90322580645162,18.64516129032258,4404.709677419355,0.0542381322045318,0.004233005727007748,20,37
2026-03,整体,iOS,non-Organic,Prism,35.67741935483871,9.193548387096774,4404.709677419355,0.008099834488011366,0.0020872087062235437,44,40
2026-03,整体,iOS,non-Organic,Relight,407.0,169.58064516129033,4404.709677419355,0.09240109560148228,0.03849984620567428,11,10
2026-03,整体,iOS,non-Organic,Reshape,421.80645161290323,216.58064516129033,4404.709677419355,0.0957626001494002,0.04917024299503464,9,9
2026-03,整体,iOS,non-Organic,Resize,162.16129032258064,69.48387096774194,4404.709677419355,0.036815432162055274,0.01577490369545794,28,23
2026-03,整体,iOS,non-Organic,Skin Tone,286.83870967741933,164.67741935483872,4404.709677419355,0.06512091163417455,0.03738666822902172,14,11
2026-03,整体,iOS,non-Organic,Smooth,452.80645161290323,299.3225806451613,4404.709677419355,0.10280052143599959,0.06795512135104653,8,5
2026-03,整体,iOS,non-Organic,Stamp,58.25806451612903,9.709677419354838,4404.709677419355,0.013226312012069192,0.0022043853353448653,42,39
2026-03,整体,iOS,non-Organic,Teeth,221.70967741935485,0.0,4404.709677419355,0.050334685746927774,0.0,22,43
2026-03,整体,iOS,non-Organic,Text,72.58064516129032,5.838709677419355,4404.709677419355,0.01647796347018587,0.0013255606169349523,40,42
2026-03,整体,iOS,non-Organic,Whiten,0.0,0.0,4404.709677419355,0.0,0.0,45,43
2026-03,美国,Android,Organic,AI Expand,10.225806451612904,4.290322580645161,276.258064516129,0.037015413358243814,0.01553012610929472,32,27
2026-03,美国,Android,Organic,AI Image,27.258064516129032,4.290322580645161,276.258064516129,0.09866884633348902,0.01553012610929472,8,27
2026-03,美国,Android,Organic,AI Repair,15.741935483870968,8.612903225806452,276.258064516129,0.05698271835590846,0.031177020084072866,23,16
2026-03,美国,Android,Organic,AI Replace,9.870967741935484,4.935483870967742,276.258064516129,0.035730966837926204,0.017865483418963102,33,25
2026-03,美国,Android,Organic,AI Retouch,56.12903225806452,25.483870967741936,276.258064516129,0.20317608594114903,0.09224661373190099,4,4
2026-03,美国,Android,Organic,AI Tattoo,6.32258064516129,1.3225806451612903,276.258064516129,0.022886501634750117,0.004787482484820177,40,40
2026-03,美国,Android,Organic,Acne,20.903225806451612,15.258064516129032,276.258064516129,0.07566557683325549,0.05523120037365717,15,11
2026-03,美国,Android,Organic,Adjust,25.451612903225808,14.451612903225806,276.258064516129,0.09212984586641756,0.052312003736571695,11,12
2026-03,美国,Android,Organic,Background,17.225806451612904,3.903225806451613,276.258064516129,0.06235404016814573,0.014128911723493695,19,31
2026-03,美国,Android,Organic,Blur,10.709677419354838,6.483870967741935,276.258064516129,0.038766931340495095,0.02347034096216721,30,23
2026-03,美国,Android,Organic,Body,16.516129032258064,10.709677419354838,276.258064516129,0.059785147127510506,0.038766931340495095,21,14
2026-03,美国,Android,Organic,Bokeh,6.806451612903226,2.2903225806451615,276.258064516129,0.024638019617001402,0.008290518449322748,39,36
2026-03,美国,Android,Organic,Brighten,12.32258064516129,7.32258064516129,276.258064516129,0.04460532461466604,0.026506305464736105,26,18
2026-03,美国,Android,Organic,Collarbone,0.0,0.0,276.258064516129,0.0,0.0,45,43
2026-03,美国,Android,Organic,Concealer,13.709677419354838,6.67741935483871,276.258064516129,0.04962634283045306,0.024170948155067727,24,21
2026-03,美国,Android,Organic,Contour,7.387096774193548,3.2903225806451615,276.258064516129,0.026739841195702944,0.011910322279308735,37,32
2026-03,美国,Android,Organic,Crop,21.387096774193548,18.516129032258064,276.258064516129,0.07741709481550678,0.06702475478748249,13,7
2026-03,美国,Android,Organic,Dark Circles,10.709677419354838,7.516129032258065,276.258064516129,0.038766931340495095,0.027206912657636622,30,17
2026-03,美国,Android,Organic,Details,9.32258064516129,5.0,276.258064516129,0.03374591312470808,0.01809901914992994,35,24
2026-03,美国,Android,Organic,Effects,22.903225806451612,1.7741935483870968,276.258064516129,0.08290518449322747,0.006422232601588043,12,37
2026-03,美国,Android,Organic,Eraser,27.258064516129032,16.483870967741936,276.258064516129,0.09866884633348902,0.059668379262027095,8,8
2026-03,美国,Android,Organic,Expression,10.96774193548387,3.967741935483871,276.258064516129,0.039701074264362445,0.014362447454460532,29,30
2026-03,美国,Android,Organic,Eye Brighten,9.387096774193548,7.032258064516129,276.258064516129,0.033979448855674915,0.025455394675385334,34,20
2026-03,美国,Android,Organic,Face,65.29032258064517,32.225806451612904,276.258064516129,0.23633815973844,0.11665109761793555,2,2
2026-03,美国,Android,Organic,Face Fix,17.096774193548388,4.0,276.258064516129,0.061886968706212055,0.014479215319943952,20,29
2026-03,美国,Android,Organic,Filters,64.03225806451613,24.129032258064516,276.258064516129,0.23178421298458665,0.08734236338159738,3,6
2026-03,美国,Android,Organic,Flawless,0.0,0.0,276.258064516129,0.0,0.0,45,43
2026-03,美国,Android,Organic,Glitter,7.096774193548387,1.2258064516129032,276.258064516129,0.025688930406352173,0.004437178888369921,38,42
2026-03,美国,Android,Organic,Glowup,19.838709677419356,7.225806451612903,276.258064516129,0.07181223727230267,0.026156001868285848,16,19
2026-03,美国,Android,Organic,Hair,44.064516129032256,15.548387096774194,276.258064516129,0.1595049042503503,0.05628211116300794,5,10
2026-03,美国,Android,Organic,Magic,68.19354838709677,36.45161290322581,276.258064516129,0.24684726763194767,0.13194768799626344,1,1
2026-03,美国,Android,Organic,Makeup,40.25806451612903,24.387096774193548,276.258064516129,0.14572629612330687,0.08827650630546474,6,5
2026-03,美国,Android,Organic,Matte,5.741935483870968,3.193548387096774,276.258064516129,0.020784680056048575,0.011560018682858476,42,33
2026-03,美国,Android,Organic,Muscle,7.451612903225806,2.4516129032258065,276.258064516129,0.02697337692666978,0.008874357776739842,36,35
2026-03,美国,Android,Organic,Mykit,11.0,0.0,276.258064516129,0.03981784212984587,0.0,28,43
2026-03,美国,Android,Organic,Plump,12.225806451612904,4.548387096774194,276.258064516129,0.04425502101821579,0.016464269033162077,27,26
2026-03,美国,Android,Organic,Preset,17.29032258064516,3.129032258064516,276.258064516129,0.06258757589911257,0.011326482951891639,18,34
2026-03,美国,Android,Organic,Prism,4.0,1.3225806451612903,276.258064516129,0.014479215319943952,0.004787482484820177,44,40
2026-03,美国,Android,Organic,Relight,21.29032258064516,10.516129032258064,276.258064516129,0.07706679121905652,0.03806632414759458,14,15
2026-03,美国,Android,Organic,Reshape,25.677419354838708,15.935483870967742,276.258064516129,0.0929472209248015,0.05768332554880897,10,9
2026-03,美国,Android,Organic,Resize,12.741935483870968,6.516129032258065,276.258064516129,0.046123306865950495,0.02358710882765063,25,22
2026-03,美国,Android,Organic,Skin Tone,19.161290322580644,11.935483870967742,276.258064516129,0.06936011209715086,0.04320411022886502,17,13
2026-03,美国,Android,Organic,Smooth,34.58064516129032,27.322580645161292,276.258064516129,0.12517515179822514,0.09890238206445587,7,3
2026-03,美国,Android,Organic,Stamp,5.032258064516129,1.4838709677419355,276.258064516129,0.01821578701541336,0.005371321812237272,43,38
2026-03,美国,Android,Organic,Teeth,16.129032258064516,0.0,276.258064516129,0.058383932741709485,0.0,22,43
2026-03,美国,Android,Organic,Text,6.193548387096774,1.3870967741935485,276.258064516129,0.022419430172816442,0.005021018215787016,41,39
2026-03,美国,Android,Organic,Whiten,0.0,0.0,276.258064516129,0.0,0.0,45,43
2026-03,美国,Android,non-Organic,AI Expand,14.741935483870968,5.870967741935484,370.16129032258067,0.03982570806100218,0.015860566448801742,32,26
2026-03,美国,Android,non-Organic,AI Image,43.935483870967744,5.290322580645161,370.16129032258067,0.11869281045751634,0.014291938997821349,8,29
2026-03,美国,Android,non-Organic,AI Repair,21.129032258064516,9.64516129032258,370.16129032258067,0.057080610021786486,0.026056644880174288,24,19
2026-03,美国,Android,non-Organic,AI Replace,10.548387096774194,5.225806451612903,370.16129032258067,0.02849673202614379,0.014117647058823528,37,30
2026-03,美国,Android,non-Organic,AI Retouch,96.41935483870968,41.774193548387096,370.16129032258067,0.260479302832244,0.11285403050108932,3,3
2026-03,美国,Android,non-Organic,AI Tattoo,8.806451612903226,1.3548387096774193,370.16129032258067,0.023790849673202615,0.003660130718954248,41,41
2026-03,美国,Android,non-Organic,Acne,24.258064516129032,16.70967741935484,370.16129032258067,0.06553376906318083,0.04514161220043573,21,11
2026-03,美国,Android,non-Organic,Adjust,29.870967741935484,11.838709677419354,370.16129032258067,0.08069716775599128,0.031982570806100216,15,16
2026-03,美国,Android,non-Organic,Background,27.258064516129032,4.935483870967742,370.16129032258067,0.07363834422657951,0.013333333333333332,18,32
2026-03,美国,Android,non-Organic,Blur,17.451612903225808,8.96774193548387,370.16129032258067,0.04714596949891068,0.024226579520697164,27,20
2026-03,美国,Android,non-Organic,Body,25.29032258064516,14.64516129032258,370.16129032258067,0.06832244008714596,0.039564270152505444,20,14
2026-03,美国,Android,non-Organic,Bokeh,7.258064516129032,1.5483870967741935,370.16129032258067,0.0196078431372549,0.004183006535947712,42,39
2026-03,美国,Android,non-Organic,Brighten,19.838709677419356,11.258064516129032,370.16129032258067,0.05359477124183006,0.030413943355119825,25,17
2026-03,美国,Android,non-Organic,Collarbone,0.0,0.0,370.16129032258067,0.0,0.0,45,43
2026-03,美国,Android,non-Organic,Concealer,26.29032258064516,12.161290322580646,370.16129032258067,0.07102396514161219,0.03285403050108932,19,15
2026-03,美国,Android,non-Organic,Contour,10.741935483870968,4.516129032258065,370.16129032258067,0.029019607843137254,0.012200435729847496,36,33
2026-03,美国,Android,non-Organic,Crop,23.322580645161292,18.096774193548388,370.16129032258067,0.06300653594771242,0.048888888888888885,22,9
2026-03,美国,Android,non-Organic,Dark Circles,13.290322580645162,8.451612903225806,370.16129032258067,0.035904139433551197,0.022832244008714593,33,21
2026-03,美国,Android,non-Organic,Details,14.935483870967742,5.580645161290323,370.16129032258067,0.04034858387799564,0.015076252723311546,31,28
2026-03,美国,Android,non-Organic,Effects,37.74193548387097,2.7419354838709675,370.16129032258067,0.10196078431372549,0.007407407407407406,10,36
2026-03,美国,Android,non-Organic,Eraser,38.0,19.903225806451612,370.16129032258067,0.10265795206971677,0.05376906318082788,9,8
2026-03,美国,Android,non-Organic,Expression,17.225806451612904,6.258064516129032,370.16129032258067,0.0465359477124183,0.01690631808278867,28,25
2026-03,美国,Android,non-Organic,Eye Brighten,12.516129032258064,8.03225806451613,370.16129032258067,0.03381263616557734,0.021699346405228758,34,22
2026-03,美国,Android,non-Organic,Face,106.54838709677419,48.83870967741935,370.16129032258067,0.28784313725490196,0.13193899782135074,2,2
2026-03,美国,Android,non-Organic,Face Fix,30.161290322580644,7.935483870967742,370.16129032258067,0.08148148148148147,0.021437908496732026,14,23
2026-03,美国,Android,non-Organic,Filters,94.74193548387096,29.06451612903226,370.16129032258067,0.2559477124183006,0.07851851851851852,4,5
2026-03,美国,Android,non-Organic,Flawless,0.0,0.0,370.16129032258067,0.0,0.0,45,43
2026-03,美国,Android,non-Organic,Glitter,11.096774193548388,1.935483870967742,370.16129032258067,0.029978213507625272,0.00522875816993464,35,37
2026-03,美国,Android,non-Organic,Glowup,31.483870967741936,10.96774193548387,370.16129032258067,0.08505446623093682,0.029629629629629624,13,18
2026-03,美国,Android,non-Organic,Hair,76.74193548387096,21.774193548387096,370.16129032258067,0.20732026143790847,0.0588235294117647,5,7
2026-03,美国,Android,non-Organic,Magic,107.58064516129032,51.903225806451616,370.16129032258067,0.2906318082788671,0.14021786492374727,1,1
2026-03,美国,Android,non-Organic,Makeup,54.12903225806452,26.612903225806452,370.16129032258067,0.14623093681917212,0.0718954248366013,6,6
2026-03,美国,Android,non-Organic,Matte,9.64516129032258,5.0,370.16129032258067,0.026056644880174288,0.013507625272331153,38,31
2026-03,美国,Android,non-Organic,Muscle,8.935483870967742,3.129032258064516,370.16129032258067,0.024139433551198256,0.008453159041394334,39,35
2026-03,美国,Android,non-Organic,Mykit,17.516129032258064,0.0,370.16129032258067,0.04732026143790849,0.0,26,43
2026-03,美国,Android,non-Organic,Plump,17.193548387096776,5.838709677419355,370.16129032258067,0.04644880174291939,0.015773420479302833,29,27
2026-03,美国,Android,non-Organic,Preset,27.516129032258064,3.193548387096774,370.16129032258067,0.0743355119825708,0.008627450980392156,17,34
2026-03,美国,Android,non-Organic,Prism,4.838709677419355,1.6129032258064515,370.16129032258067,0.013071895424836602,0.004357298474945533,44,38
2026-03,美国,Android,non-Organic,Relight,31.516129032258064,14.741935483870968,370.16129032258067,0.08514161220043573,0.03982570806100218,12,13
2026-03,美国,Android,non-Organic,Reshape,33.70967741935484,16.096774193548388,370.16129032258067,0.09106753812636165,0.043485838779956425,11,12
2026-03,美国,Android,non-Organic,Resize,15.258064516129032,7.387096774193548,370.16129032258067,0.04122004357298475,0.019956427015250543,30,24
2026-03,美国,Android,non-Organic,Skin Tone,29.838709677419356,17.806451612903224,370.16129032258067,0.08061002178649238,0.04810457516339869,16,10
2026-03,美国,Android,non-Organic,Smooth,46.774193548387096,34.516129032258064,370.16129032258067,0.12636165577342046,0.09324618736383442,7,4
2026-03,美国,Android,non-Organic,Stamp,5.290322580645161,0.9032258064516129,370.16129032258067,0.014291938997821349,0.0024400871459694987,43,42
2026-03,美国,Android,non-Organic,Teeth,22.129032258064516,0.0,370.16129032258067,0.05978213507625272,0.0,23,43
2026-03,美国,Android,non-Organic,Text,8.870967741935484,1.4838709677419355,370.16129032258067,0.023965141612200435,0.004008714596949891,40,40
2026-03,美国,Android,non-Organic,Whiten,0.0,0.0,370.16129032258067,0.0,0.0,45,43
2026-03,美国,iOS,Organic,AI Expand,59.54838709677419,18.870967741935484,2591.0967741935483,0.02298192321099547,0.007283003834470395,37,30
2026-03,美国,iOS,Organic,AI Image,165.06451612903226,17.387096774193548,2591.0967741935483,0.06370449678800856,0.006710323191076142,21,34
2026-03,美国,iOS,Organic,AI Repair,93.09677419354838,31.612903225806452,2591.0967741935483,0.03592948558338728,0.01220058762013844,29,26
2026-03,美国,iOS,Organic,AI Replace,52.064516129032256,22.64516129032258,2591.0967741935483,0.020093620835615757,0.008739604601364474,39,29
2026-03,美国,iOS,Organic,AI Retouch,690.258064516129,245.2258064516129,2591.0967741935483,0.26639609581196155,0.09464170111050246,3,5
2026-03,美国,iOS,Organic,AI Tattoo,47.58064516129032,6.935483870967742,2591.0967741935483,0.018363129326228772,0.002676659528907923,40,39
2026-03,美国,iOS,Organic,Acne,309.741935483871,229.96774193548387,2591.0967741935483,0.11954085951894827,0.08875305014690504,9,6
2026-03,美国,iOS,Organic,Adjust,188.90322580645162,69.19354838709677,2591.0967741935483,0.07290473581992929,0.026704347393058114,17,20
2026-03,美国,iOS,Organic,Background,138.83870967741936,17.967741935483872,2591.0967741935483,0.053582988894975356,0.006934415616752155,23,32
2026-03,美国,iOS,Organic,Blur,116.54838709677419,67.6774193548387,2591.0967741935483,0.04498032966485733,0.026119217170459636,26,21
2026-03,美国,iOS,Organic,Body,228.7741935483871,148.8709677419355,2591.0967741935483,0.0882924157163488,0.057454808027488674,13,10
2026-03,美国,iOS,Organic,Bokeh,35.064516129032256,7.870967741935484,2591.0967741935483,0.013532692594990289,0.003037697325830387,41,37
2026-03,美国,iOS,Organic,Brighten,161.2258064516129,84.54838709677419,2591.0967741935483,0.06222299686270604,0.032630347094268215,22,14
2026-03,美国,iOS,Organic,Concealer,189.48387096774192,83.83870967741936,2591.0967741935483,0.07312882824560529,0.032356456351775316,16,15
2026-03,美国,iOS,Organic,Contour,72.58064516129032,33.74193548387097,2591.0967741935483,0.02801155320950152,0.013022259847617151,33,25
2026-03,美国,iOS,Organic,Crop,100.48387096774194,75.96774193548387,2591.0967741935483,0.038780439221154324,0.029318759025944923,28,19
2026-03,美国,iOS,Organic,Dark Circles,113.6774193548387,79.6774193548387,2591.0967741935483,0.043872317115681486,0.030750460634430557,27,16
2026-03,美国,iOS,Organic,Details,84.19354838709677,27.903225806451612,2591.0967741935483,0.03249340172302176,0.010768886011652806,32,27
2026-03,美国,iOS,Organic,Effects,179.6451612903226,4.516129032258065,2591.0967741935483,0.06933170658831732,0.0017429410885912058,19,40
2026-03,美国,iOS,Organic,Eraser,276.64516129032256,156.38709677419354,2591.0967741935483,0.10676759125541556,0.06035555998207261,10,9
2026-03,美国,iOS,Organic,Expression,85.87096774193549,18.516129032258064,2591.0967741935483,0.033140779841641356,0.007146058463223943,31,31
2026-03,美国,iOS,Organic,Eye Brighten,89.0,58.29032258064516,2591.0967741935483,0.034348389024450976,0.022496389622030776,30,22
2026-03,美国,iOS,Organic,Face,836.3870967741935,373.64516129032256,2591.0967741935483,0.3227926896070913,0.1442034759225138,1,3
2026-03,美国,iOS,Organic,Face Fix,180.16129032258064,26.032258064516128,2591.0967741935483,0.06953089985558489,0.010046810417807878,18,28
2026-03,美国,iOS,Organic,Filters,571.3548387096774,129.3548387096774,2591.0967741935483,0.22050694686519598,0.04992281260893382,4,11
2026-03,美国,iOS,Organic,Flawless,0.0,0.0,2591.0967741935483,0.0,0.0,45,43
2026-03,美国,iOS,Organic,Glitter,56.74193548387097,10.096774193548388,2591.0967741935483,0.021898809820228078,0.003896718290921767,38,36
2026-03,美国,iOS,Organic,Glowup,239.09677419354838,77.80645161290323,2591.0967741935483,0.09227628106170012,0.03002838504058563,12,18
2026-03,美国,iOS,Organic,Hair,408.4193548387097,101.51612903225806,2591.0967741935483,0.1576241223046661,0.039178825755689456,7,12
2026-03,美国,iOS,Organic,Magic,714.258064516129,374.96774193548384,2591.0967741935483,0.2756585827399034,0.14471390866988695,2,1
2026-03,美国,iOS,Organic,Makeup,423.64516129032256,172.67741935483872,2591.0967741935483,0.1635003236890593,0.06664259748020518,6,8
2026-03,美国,iOS,Organic,Matte,65.61290322580645,35.67741935483871,2591.0967741935483,0.025322444101389372,0.013769234599870527,35,24
2026-03,美国,iOS,Organic,Muscle,62.38709677419355,17.451612903225808,2591.0967741935483,0.024077486180967084,0.006735222349484588,36,33
2026-03,美国,iOS,Organic,Mykit,71.25806451612904,0.0,2591.0967741935483,0.027501120462128385,0.0,34,43
2026-03,美国,iOS,Organic,Plump,123.38709677419355,36.41935483870968,2591.0967741935483,0.047619640456152586,0.014055574921567652,25,23
2026-03,美国,iOS,Organic,Preset,134.96774193548387,11.580645161290322,2591.0967741935483,0.052089039390468606,0.00446939893431602,24,35
2026-03,美国,iOS,Organic,Prism,17.903225806451612,4.032258064516129,2591.0967741935483,0.006909516458343708,0.0015561974005278622,44,41
2026-03,美国,iOS,Organic,Relight,223.16129032258064,95.6774193548387,2591.0967741935483,0.08612618893481401,0.036925451919725114,15,13
2026-03,美国,iOS,Organic,Reshape,392.16129032258067,255.2258064516129,2591.0967741935483,0.15134953438573778,0.09850107066381156,8,4
2026-03,美国,iOS,Organic,Resize,173.29032258064515,79.35483870967742,2591.0967741935483,0.0668791394850854,0.03062596484238833,20,17
2026-03,美国,iOS,Organic,Skin Tone,266.741935483871,176.74193548387098,2591.0967741935483,0.10294557043971915,0.06821124445993726,11,7
2026-03,美国,iOS,Organic,Smooth,483.7741935483871,374.0,2591.0967741935483,0.18670633932573077,0.14434042129376026,5,2
2026-03,美国,iOS,Organic,Stamp,26.225806451612904,7.870967741935484,2591.0967741935483,0.010121507893033217,0.003037697325830387,43,37
2026-03,美国,iOS,Organic,Teeth,225.90322580645162,0.0,2591.0967741935483,0.08718440316717295,0.0,14,43
2026-03,美国,iOS,Organic,Text,31.483870967741936,3.935483870967742,2591.0967741935483,0.012150789303321549,0.0015188486629151936,42,42
2026-03,美国,iOS,Organic,Whiten,0.0,0.0,2591.0967741935483,0.0,0.0,45,43
2026-03,美国,iOS,non-Organic,AI Expand,46.54838709677419,16.29032258064516,1919.9354838709678,0.024244766289189822,0.008484828119224436,34,31
2026-03,美国,iOS,non-Organic,AI Image,161.61290322580646,18.64516129032258,1919.9354838709678,0.08417621559864243,0.009711347827547968,13,29
2026-03,美国,iOS,non-Organic,AI Repair,65.64516129032258,23.032258064516128,1919.9354838709678,0.034191337074498465,0.011996370845794548,28,23
2026-03,美国,iOS,non-Organic,AI Replace,42.354838709677416,21.258064516129032,1919.9354838709678,0.022060553109983533,0.011072280654591888,37,27
2026-03,美国,iOS,non-Organic,AI Retouch,493.741935483871,162.19354838709677,1919.9354838709678,0.25716589939178064,0.08447864511576329,3,3
2026-03,美国,iOS,non-Organic,AI Tattoo,48.193548387096776,8.903225806451612,1919.9354838709678,0.025101649921032292,0.004637252595853355,33,35
2026-03,美国,iOS,non-Organic,Acne,141.70967741935485,87.7741935483871,1919.9354838709678,0.07380960381733258,0.04571726200477167,15,10
2026-03,美国,iOS,non-Organic,Adjust,115.7741935483871,39.225806451612904,1919.9354838709678,0.06030108538593367,0.02043079404549884,18,19
2026-03,美国,iOS,non-Organic,Background,98.2258064516129,10.741935483870968,1919.9354838709678,0.05116099331294734,0.005594946066736113,22,34
2026-03,美国,iOS,non-Organic,Blur,61.03225806451613,31.387096774193548,1919.9354838709678,0.03178870257737155,0.01634799556436708,31,21
2026-03,美国,iOS,non-Organic,Body,180.5483870967742,109.6774193548387,1919.9354838709678,0.09403877818475083,0.05712557545616452,11,8
2026-03,美国,iOS,non-Organic,Bokeh,19.032258064516128,3.3548387096774195,1919.9354838709678,0.00991296750562855,0.0017473705433650325,42,38
2026-03,美国,iOS,non-Organic,Brighten,90.45161290322581,45.32258064516129,1919.9354838709678,0.047111798111495684,0.023606303975267983,24,16
2026-03,美国,iOS,non-Organic,Concealer,112.83870967741936,47.38709677419355,1919.9354838709678,0.05877213616048926,0.024681608925031084,20,15
2026-03,美国,iOS,non-Organic,Contour,40.225806451612904,19.29032258064516,1919.9354838709678,0.02095164488054034,0.010047380624348935,39,28
2026-03,美国,iOS,non-Organic,Crop,63.483870967741936,43.61290322580645,1919.9354838709678,0.03306562720521523,0.022715817063745418,29,17
2026-03,美国,iOS,non-Organic,Dark Circles,61.935483870967744,37.58064516129032,1919.9354838709678,0.03225914849289291,0.01957391041365637,30,20
2026-03,美国,iOS,non-Organic,Details,45.096774193548384,14.96774193548387,1919.9354838709678,0.023488692496387645,0.007795960885782452,35,33
2026-03,美国,iOS,non-Organic,Effects,119.12903225806451,2.838709677419355,1919.9354838709678,0.062048455929298696,0.0014785443059242582,17,41
2026-03,美国,iOS,non-Organic,Eraser,206.67741935483872,114.58064516129032,1919.9354838709678,0.10764810645519003,0.05967942471185187,9,7
2026-03,美国,iOS,non-Organic,Expression,67.25806451612904,15.03225806451613,1919.9354838709678,0.035031419066500896,0.007829564165462549,27,32
2026-03,美国,iOS,non-Organic,Eye Brighten,44.83870967741935,25.741935483870968,1919.9354838709678,0.023354279377667257,0.013407708592358614,36,22
2026-03,美国,iOS,non-Organic,Face,551.6451612903226,235.41935483870967,1919.9354838709678,0.2873248429046675,0.12261836755267314,2,1
2026-03,美国,iOS,non-Organic,Face Fix,122.80645161290323,21.903225806451612,1919.9354838709678,0.06396384287106421,0.011408313451392855,16,25
2026-03,美国,iOS,non-Organic,Filters,419.38709677419354,71.74193548387096,1919.9354838709678,0.2184381195604691,0.03736684700426761,5,12
2026-03,美国,iOS,non-Organic,Flawless,0.0,0.0,1919.9354838709678,0.0,0.0,45,43
2026-03,美国,iOS,non-Organic,Glitter,41.354838709677416,8.193548387096774,1919.9354838709678,0.021539702274942032,0.00426761651937229,38,37
2026-03,美国,iOS,non-Organic,Glowup,185.4516129032258,50.903225806451616,1919.9354838709678,0.09659262744043817,0.02651298766759636,10,14
2026-03,美国,iOS,non-Organic,Hair,674.7096774193549,144.6451612903226,1919.9354838709678,0.3514230988944521,0.07533855304277698,1,5
2026-03,美国,iOS,non-Organic,Magic,444.741935483871,200.03225806451613,1919.9354838709678,0.23164420847474712,0.10418696864814006,4,2
2026-03,美国,iOS,non-Organic,Makeup,269.5483870967742,99.74193548387096,1919.9354838709678,0.14039450250344435,0.051950670385429616,6,9
2026-03,美国,iOS,non-Organic,Matte,34.32258064516129,16.387096774193548,1919.9354838709678,0.017876944789811482,0.00853523303874458,40,30
2026-03,美国,iOS,non-Organic,Muscle,69.74193548387096,21.774193548387096,1919.9354838709678,0.036325145334184614,0.011341106892032661,26,26
2026-03,美国,iOS,non-Organic,Mykit,48.645161290322584,0.0,1919.9354838709678,0.025336872878792972,0.0,32,43
2026-03,美国,iOS,non-Organic,Plump,79.12903225806451,22.29032258064516,1919.9354838709678,0.0412144225276387,0.011609933129473435,25,24
2026-03,美国,iOS,non-Organic,Preset,100.45161290322581,8.612903225806452,1919.9354838709678,0.05232030646191068,0.00448603783729292,21,36
2026-03,美国,iOS,non-Organic,Prism,11.806451612903226,2.935483870967742,1919.9354838709678,0.00614940018145771,0.0015289492254444033,44,40
2026-03,美国,iOS,non-Organic,Relight,163.6451612903226,68.58064516129032,1919.9354838709678,0.08523471890856547,0.03572028629994287,12,13
2026-03,美国,iOS,non-Organic,Reshape,221.6451612903226,123.12903225806451,1919.9354838709678,0.11544406734097248,0.0641318592694647,8,6
2026-03,美国,iOS,non-Organic,Resize,92.03225806451613,41.29032258064516,1919.9354838709678,0.04793507846365805,0.021506098995261937,23,18
2026-03,美国,iOS,non-Organic,Skin Tone,146.48387096774192,86.16129032258064,1919.9354838709678,0.07629624651365972,0.04487718001276924,14,11
2026-03,美国,iOS,non-Organic,Smooth,235.4516129032258,160.93548387096774,1919.9354838709678,0.12263516919251317,0.08382338116200141,7,4
2026-03,美国,iOS,non-Organic,Stamp,16.258064516129032,3.3225806451612905,1919.9354838709678,0.008468026479384388,0.001730568903524984,43,39
2026-03,美国,iOS,non-Organic,Teeth,113.41935483870968,0.0,1919.9354838709678,0.05907456567761014,0.0,19,43
2026-03,美国,iOS,non-Organic,Text,23.580645161290324,2.032258064516129,1919.9354838709678,0.012281998723075373,0.0010585033099230485,41,42
2026-03,美国,iOS,non-Organic,Whiten,0.0,0.0,1919.9354838709678,0.0,0.0,45,43
2026-03,英国,Android,Organic,AI Expand,4.161290322580645,1.2903225806451613,156.8709677419355,0.02652683528685996,0.008225375282747275,36,32
2026-03,英国,Android,Organic,AI Image,13.483870967741936,0.9032258064516129,156.8709677419355,0.08595517170470902,0.005757762697923092,10,34
2026-03,英国,Android,Organic,AI Repair,7.806451612903226,3.2903225806451615,156.8709677419355,0.04976352046062102,0.020974706971005553,24,22
2026-03,英国,Android,Organic,AI Replace,4.290322580645161,1.8709677419354838,156.8709677419355,0.02734937281513469,0.011926794159983548,35,28
2026-03,英国,Android,Organic,AI Retouch,37.225806451612904,14.548387096774194,156.8709677419355,0.23730207690725888,0.09274110631297552,3,3
2026-03,英国,Android,Organic,AI Tattoo,2.838709677419355,0.45161290322580644,156.8709677419355,0.018095825622044006,0.002878881348961546,41,39
2026-03,英国,Android,Organic,Acne,10.290322580645162,6.838709677419355,156.8709677419355,0.06559736787990952,0.04359448899856056,17,11
2026-03,英国,Android,Organic,Adjust,10.548387096774194,3.967741935483871,156.8709677419355,0.06724244293645898,0.02529302899444787,16,18
2026-03,英国,Android,Organic,Background,9.419354838709678,1.4193548387096775,156.8709677419355,0.060045239564055115,0.009047912811022003,19,31
2026-03,英国,Android,Organic,Blur,7.419354838709677,4.290322580645161,156.8709677419355,0.04729590787579683,0.02734937281513469,26,15
2026-03,英国,Android,Organic,Body,8.258064516129032,4.741935483870968,156.8709677419355,0.05264240180958256,0.030228254164096236,22,13
2026-03,英国,Android,Organic,Bokeh,2.870967741935484,0.7419354838709677,156.8709677419355,0.018301460004112688,0.004729590787579683,40,35
2026-03,英国,Android,Organic,Brighten,7.806451612903226,4.258064516129032,156.8709677419355,0.04976352046062102,0.027143738433066007,24,17
2026-03,英国,Android,Organic,Concealer,9.290322580645162,3.5483870967741935,156.8709677419355,0.05922270203578039,0.022619782027555005,21,20
2026-03,英国,Android,Organic,Contour,4.67741935483871,2.161290322580645,156.8709677419355,0.029816985399958876,0.013777503598601686,34,25
2026-03,英国,Android,Organic,Crop,8.064516129032258,6.580645161290323,156.8709677419355,0.05140859551717047,0.041949413942011106,23,12
2026-03,英国,Android,Organic,Dark Circles,5.580645161290323,3.774193548387097,156.8709677419355,0.03557474809788197,0.024059222702035782,31,19
2026-03,英国,Android,Organic,Details,4.903225806451613,1.935483870967742,156.8709677419355,0.031256426074439646,0.012338062924120914,33,27
2026-03,英国,Android,Organic,Effects,11.64516129032258,0.5161290322580645,156.8709677419355,0.07423401192679416,0.00329015011309891,14,38
2026-03,英国,Android,Organic,Eraser,14.64516129032258,7.967741935483871,156.8709677419355,0.09335800945918157,0.050791692370964425,8,7
2026-03,英国,Android,Organic,Expression,6.193548387096774,1.5483870967741935,156.8709677419355,0.03948180135718692,0.00987045033929673,29,29
2026-03,英国,Android,Organic,Eye Brighten,5.161290322580645,3.5161290322580645,156.8709677419355,0.0329015011309891,0.022414147645486326,32,21
2026-03,英国,Android,Organic,Face,46.41935483870968,22.870967741935484,156.8709677419355,0.29590787579683325,0.14579477688669545,1,1
2026-03,英国,Android,Organic,Face Fix,12.290322580645162,2.5806451612903225,156.8709677419355,0.0783466995681678,0.01645075056549455,11,24
2026-03,英国,Android,Organic,Filters,36.903225806451616,10.258064516129032,156.8709677419355,0.2352457330865721,0.06539173349784083,4,6
2026-03,英国,Android,Organic,Flawless,0.0,0.0,156.8709677419355,0.0,0.0,45,43
2026-03,英国,Android,Organic,Glitter,3.3225806451612905,0.5483870967741935,156.8709677419355,0.021180341353074235,0.003495784495167592,38,37
2026-03,英国,Android,Organic,Glowup,12.193548387096774,4.290322580645161,156.8709677419355,0.07772979642196175,0.02734937281513469,12,15
2026-03,英国,Android,Organic,Hair,24.0,7.419354838709677,156.8709677419355,0.15299198025909932,0.04729590787579683,5,10
2026-03,英国,Android,Organic,Magic,43.483870967741936,22.06451612903226,156.8709677419355,0.27719514702858317,0.14065391733497842,2,2
2026-03,英国,Android,Organic,Makeup,22.322580645161292,11.096774193548388,156.8709677419355,0.14229899239152788,0.07073822743162657,6,5
2026-03,英国,Android,Organic,Matte,2.967741935483871,1.4516129032258065,156.8709677419355,0.018918363150318734,0.009253547193090685,39,30
2026-03,英国,Android,Organic,Muscle,3.4838709677419355,1.2258064516129032,156.8709677419355,0.022208513263417645,0.007814106518609911,37,33
2026-03,英国,Android,Organic,Mykit,6.870967741935484,0.0,156.8709677419355,0.04380012338062924,0.0,27,43
2026-03,英国,Android,Organic,Plump,6.290322580645161,2.0,156.8709677419355,0.040098704503392965,0.012749331688258276,28,26
2026-03,英国,Android,Organic,Preset,9.35483870967742,0.7419354838709677,156.8709677419355,0.05963397079991775,0.004729590787579683,20,35
2026-03,英国,Android,Organic,Prism,1.2258064516129032,0.45161290322580644,156.8709677419355,0.007814106518609911,0.002878881348961546,44,39
2026-03,英国,Android,Organic,Relight,10.290322580645162,4.451612903225806,156.8709677419355,0.06559736787990952,0.028377544725478095,17,14
2026-03,英国,Android,Organic,Reshape,13.838709677419354,7.741935483870968,156.8709677419355,0.08821714990746451,0.049352251696483655,9,9
2026-03,英国,Android,Organic,Resize,6.032258064516129,3.096774193548387,156.8709677419355,0.03845362944684351,0.01974090067859346,30,23
2026-03,英国,Android,Organic,Skin Tone,11.870967741935484,7.903225806451613,156.8709677419355,0.07567345260127493,0.05038042360682706,13,8
2026-03,英国,Android,Organic,Smooth,19.741935483870968,14.35483870967742,156.8709677419355,0.12584824182603332,0.09150730002056344,7,4
2026-03,英国,Android,Organic,Stamp,1.6774193548387097,0.22580645161290322,156.8709677419355,0.010692987867571458,0.001439440674480773,43,42
2026-03,英国,Android,Organic,Teeth,10.870967741935484,0.0,156.8709677419355,0.06929878675714579,0.0,15,43
2026-03,英国,Android,Organic,Text,2.6774193548387095,0.2903225806451613,156.8709677419355,0.017067653711700596,0.0018507094386181371,42,41
2026-03,英国,Android,Organic,Whiten,0.0,0.0,156.8709677419355,0.0,0.0,45,43
2026-03,英国,Android,non-Organic,AI Expand,1.7096774193548387,0.5483870967741935,52.12903225806452,0.0327970297029703,0.010519801980198019,34,29
2026-03,英国,Android,non-Organic,AI Image,6.064516129032258,0.5161290322580645,52.12903225806452,0.11633663366336633,0.0099009900990099,8,31
2026-03,英国,Android,non-Organic,AI Repair,3.032258064516129,1.032258064516129,52.12903225806452,0.058168316831683164,0.0198019801980198,20,23
2026-03,英国,Android,non-Organic,AI Replace,1.5161290322580645,0.7419354838709677,52.12903225806452,0.029084158415841582,0.014232673267326731,35,26
2026-03,英国,Android,non-Organic,AI Retouch,13.35483870967742,4.516129032258065,52.12903225806452,0.2561881188118812,0.08663366336633664,3,4
2026-03,英国,Android,non-Organic,AI Tattoo,0.9032258064516129,0.0967741935483871,52.12903225806452,0.017326732673267325,0.0018564356435643563,39,39
2026-03,英国,Android,non-Organic,Acne,3.6129032258064515,2.4516129032258065,52.12903225806452,0.0693069306930693,0.04702970297029703,16,9
2026-03,英国,Android,non-Organic,Adjust,2.806451612903226,1.0,52.12903225806452,0.053836633663366336,0.019183168316831683,23,24
2026-03,英国,Android,non-Organic,Background,2.806451612903226,0.5483870967741935,52.12903225806452,0.053836633663366336,0.010519801980198019,23,29
2026-03,英国,Android,non-Organic,Blur,2.2580645161290325,1.4193548387096775,52.12903225806452,0.04331683168316832,0.027227722772277228,30,17
2026-03,英国,Android,non-Organic,Body,2.967741935483871,1.6129032258064515,52.12903225806452,0.056930693069306926,0.030940594059405937,21,14
2026-03,英国,Android,non-Organic,Bokeh,0.9032258064516129,0.12903225806451613,52.12903225806452,0.017326732673267325,0.002475247524752475,39,38
2026-03,英国,Android,non-Organic,Brighten,2.935483870967742,1.3225806451612903,52.12903225806452,0.056311881188118806,0.02537128712871287,22,20
2026-03,英国,Android,non-Organic,Concealer,4.290322580645161,1.6129032258064515,52.12903225806452,0.08230198019801979,0.030940594059405937,12,14
2026-03,英国,Android,non-Organic,Contour,1.4193548387096775,0.8064516129032258,52.12903225806452,0.027227722772277228,0.015470297029702968,36,25
2026-03,英国,Android,non-Organic,Crop,2.3548387096774195,1.7419354838709677,52.12903225806452,0.04517326732673267,0.03341584158415841,27,12
2026-03,英国,Android,non-Organic,Dark Circles,2.3870967741935485,1.6774193548387097,52.12903225806452,0.04579207920792079,0.03217821782178218,26,13
2026-03,英国,Android,non-Organic,Details,1.967741935483871,0.7096774193548387,52.12903225806452,0.037747524752475246,0.013613861386138614,32,27
2026-03,英国,Android,non-Organic,Effects,3.903225806451613,0.1935483870967742,52.12903225806452,0.07487623762376237,0.0037128712871287127,14,36
2026-03,英国,Android,non-Organic,Eraser,5.193548387096774,3.161290322580645,52.12903225806452,0.09962871287128712,0.060643564356435635,9,5
2026-03,英国,Android,non-Organic,Expression,2.3548387096774195,0.5161290322580645,52.12903225806452,0.04517326732673267,0.0099009900990099,27,31
2026-03,英国,Android,non-Organic,Eye Brighten,1.7419354838709677,1.1290322580645162,52.12903225806452,0.03341584158415841,0.02165841584158416,33,22
2026-03,英国,Android,non-Organic,Face,17.225806451612904,8.161290322580646,52.12903225806452,0.33044554455445546,0.15655940594059406,1,1
2026-03,英国,Android,non-Organic,Face Fix,4.903225806451613,1.3870967741935485,52.12903225806452,0.09405940594059406,0.026608910891089108,11,19
2026-03,英国,Android,non-Organic,Filters,11.870967741935484,3.064516129032258,52.12903225806452,0.2277227722772277,0.058787128712871284,4,6
2026-03,英国,Android,non-Organic,Flawless,0.0,0.0,52.12903225806452,0.0,0.0,45,43
2026-03,英国,Android,non-Organic,Glitter,0.8064516129032258,0.16129032258064516,52.12903225806452,0.015470297029702968,0.0030940594059405938,41,37
2026-03,英国,Android,non-Organic,Glowup,3.806451612903226,1.4193548387096775,52.12903225806452,0.07301980198019802,0.027227722772277228,15,17
2026-03,英国,Android,non-Organic,Hair,8.67741935483871,2.225806451612903,52.12903225806452,0.16646039603960394,0.042698019801980194,5,11
2026-03,英国,Android,non-Organic,Magic,15.32258064516129,6.806451612903226,52.12903225806452,0.2939356435643564,0.13056930693069307,2,2
2026-03,英国,Android,non-Organic,Makeup,6.32258064516129,3.064516129032258,52.12903225806452,0.12128712871287127,0.058787128712871284,7,6
2026-03,英国,Android,non-Organic,Matte,0.9354838709677419,0.4838709677419355,52.12903225806452,0.017945544554455444,0.009282178217821782,38,33
2026-03,英国,Android,non-Organic,Muscle,1.2580645161290323,0.3870967741935484,52.12903225806452,0.02413366336633663,0.007425742574257425,37,34
2026-03,英国,Android,non-Organic,Mykit,2.2903225806451615,0.0,52.12903225806452,0.04393564356435643,0.0,29,43
2026-03,英国,Android,non-Organic,Plump,2.096774193548387,0.6774193548387096,52.12903225806452,0.04022277227722772,0.012995049504950493,31,28
2026-03,英国,Android,non-Organic,Preset,3.129032258064516,0.25806451612903225,52.12903225806452,0.060024752475247516,0.00495049504950495,19,35
2026-03,英国,Android,non-Organic,Prism,0.3225806451612903,0.0967741935483871,52.12903225806452,0.0061881188118811875,0.0018564356435643563,44,39
2026-03,英国,Android,non-Organic,Relight,3.5483870967741935,1.5483870967741935,52.12903225806452,0.06806930693069306,0.0297029702970297,17,16
2026-03,英国,Android,non-Organic,Reshape,4.967741935483871,2.7096774193548385,52.12903225806452,0.09529702970297028,0.05198019801980197,10,8
2026-03,英国,Android,non-Organic,Resize,2.4516129032258065,1.1935483870967742,52.12903225806452,0.04702970297029703,0.022896039603960396,25,21
2026-03,英国,Android,non-Organic,Skin Tone,4.032258064516129,2.3548387096774195,52.12903225806452,0.07735148514851485,0.04517326732673267,13,10
2026-03,英国,Android,non-Organic,Smooth,7.354838709677419,5.096774193548387,52.12903225806452,0.14108910891089108,0.09777227722772276,6,3
2026-03,英国,Android,non-Organic,Stamp,0.5483870967741935,0.06451612903225806,52.12903225806452,0.010519801980198019,0.0012376237623762374,43,41
2026-03,英国,Android,non-Organic,Teeth,3.2580645161290325,0.0,52.12903225806452,0.0625,0.0,18,43
2026-03,英国,Android,non-Organic,Text,0.7741935483870968,0.03225806451612903,52.12903225806452,0.01485148514851485,0.0006188118811881187,42,42
2026-03,英国,Android,non-Organic,Whiten,0.0,0.0,52.12903225806452,0.0,0.0,45,43
2026-03,英国,iOS,Organic,AI Expand,13.838709677419354,4.161290322580645,729.258064516129,0.01897642323174238,0.005706197195558898,39,31
2026-03,英国,iOS,Organic,AI Image,46.483870967741936,4.096774193548387,729.258064516129,0.063741319060468,0.005617729021984341,19,32
2026-03,英国,iOS,Organic,AI Repair,23.483870967741936,7.096774193548387,729.258064516129,0.03220241518113859,0.00973149909320122,32,27
2026-03,英国,iOS,Organic,AI Replace,12.064516129032258,5.67741935483871,729.258064516129,0.016543548458442074,0.007785199274560977,40,29
2026-03,英国,iOS,Organic,AI Retouch,197.32258064516128,67.25806451612904,729.258064516129,0.2705799088777812,0.09222807095147521,3,4
2026-03,英国,iOS,Organic,AI Tattoo,14.0,2.2903225806451615,729.258064516129,0.01919759366567877,0.003140620161896758,38,37
2026-03,英国,iOS,Organic,Acne,81.41935483870968,59.16129032258065,729.258064516129,0.11164683505109037,0.08112531516786836,10,7
2026-03,英国,iOS,Organic,Adjust,48.16129032258065,17.258064516129032,729.258064516129,0.06604149157340647,0.02366523643119388,18,22
2026-03,英国,iOS,Organic,Background,37.41935483870968,3.774193548387097,729.258064516129,0.051311540673242804,0.005175388154111559,27,34
2026-03,英国,iOS,Organic,Blur,39.54838709677419,24.806451612903224,729.258064516129,0.05423099040120317,0.03401601273941699,24,15
2026-03,英国,iOS,Organic,Body,55.16129032258065,34.12903225806452,729.258064516129,0.07564028840624586,0.046799663820940425,14,10
2026-03,英国,iOS,Organic,Bokeh,9.709677419354838,2.129032258064516,729.258064516129,0.01331446012297076,0.002919449727960366,41,38
2026-03,英国,iOS,Organic,Brighten,46.193548387096776,23.774193548387096,729.258064516129,0.0633432122793825,0.03260052196222409,20,17
2026-03,英国,iOS,Organic,Concealer,54.70967741935484,25.612903225806452,729.258064516129,0.07502101119122397,0.03512186490909895,15,14
2026-03,英国,iOS,Organic,Contour,23.677419354838708,12.064516129032258,729.258064516129,0.03246781970186225,0.016543548458442074,31,24
2026-03,英国,iOS,Organic,Crop,24.64516129032258,18.580645161290324,729.258064516129,0.033794842305480605,0.025478833989472288,30,21
2026-03,英国,iOS,Organic,Dark Circles,39.25806451612903,28.548387096774192,729.258064516129,0.053832883620117664,0.039147166806741275,25,12
2026-03,英国,iOS,Organic,Details,22.032258064516128,7.870967741935484,729.258064516129,0.03021188127571106,0.0107931171760959,33,26
2026-03,英国,iOS,Organic,Effects,43.96774193548387,0.7741935483870968,729.258064516129,0.060291060291060294,0.0010616180828946786,21,40
2026-03,英国,iOS,Organic,Eraser,72.3225806451613,40.12903225806452,729.258064516129,0.09917282257707791,0.05502720396337418,12,9
2026-03,英国,iOS,Organic,Expression,27.580645161290324,4.870967741935484,729.258064516129,0.03782014420312293,0.00667934710487902,29,30
2026-03,英国,iOS,Organic,Eye Brighten,30.580645161290324,20.419354838709676,729.258064516129,0.04193391427433981,0.028000176936347147,28,19
2026-03,英国,iOS,Organic,Face,242.29032258064515,112.58064516129032,729.258064516129,0.3322422258592471,0.1543769628876012,1,1
2026-03,英国,iOS,Organic,Face Fix,52.0,6.67741935483871,729.258064516129,0.07130534790109258,0.009156455964966604,16,28
2026-03,英国,iOS,Organic,Filters,153.67741935483872,28.06451612903226,729.258064516129,0.21073118945459374,0.0384836555049321,4,13
2026-03,英国,iOS,Organic,Flawless,0.0,0.0,729.258064516129,0.0,0.0,45,43
2026-03,英国,iOS,Organic,Glitter,14.67741935483871,2.3870967741935485,729.258064516129,0.020126509488211618,0.0032733224222585926,37,36
2026-03,英国,iOS,Organic,Glowup,73.45161290322581,24.032258064516128,729.258064516129,0.10072101561463263,0.032954394656522314,11,16
2026-03,英国,iOS,Organic,Hair,115.83870967741936,30.870967741935484,729.258064516129,0.1588446056531163,0.042332021055425315,7,11
2026-03,英国,iOS,Organic,Magic,207.19354838709677,108.96774193548387,729.258064516129,0.28411553943468837,0.149422745167426,2,2
2026-03,英国,iOS,Organic,Makeup,123.93548387096774,47.193548387096776,729.258064516129,0.16994736143672315,0.06471446896978812,6,8
2026-03,英国,iOS,Organic,Matte,17.93548387096774,9.129032258064516,729.258064516129,0.02459415225372672,0.012518246560799752,35,25
2026-03,英国,iOS,Organic,Muscle,15.67741935483871,3.967741935483871,729.258064516129,0.021497766178617244,0.005440792674835228,36,33
2026-03,英国,iOS,Organic,Mykit,22.032258064516128,0.0,729.258064516129,0.03021188127571106,0.0,33,43
2026-03,英国,iOS,Organic,Plump,41.774193548387096,13.193548387096774,729.258064516129,0.057283142389525366,0.018091741495996815,22,23
2026-03,英国,iOS,Organic,Preset,38.41935483870968,3.4193548387096775,729.258064516129,0.052682797363648434,0.004688813199451498,26,35
2026-03,英国,iOS,Organic,Prism,3.5806451612903225,0.5806451612903226,729.258064516129,0.004909983633387889,0.000796213562171009,44,41
2026-03,英国,iOS,Organic,Relight,55.70967741935484,21.451612903225808,729.258064516129,0.07639226788162959,0.029415667713540056,13,18
2026-03,英国,iOS,Organic,Reshape,99.93548387096774,64.0,729.258064516129,0.13703720086698812,0.0877604281859601,8,5
2026-03,英国,iOS,Organic,Resize,41.25806451612903,19.129032258064516,729.258064516129,0.056575397000928916,0.026230813464856017,23,20
2026-03,英国,iOS,Organic,Skin Tone,89.41935483870968,62.74193548387097,729.258064516129,0.12261688857433539,0.08603529880125625,9,6
2026-03,英国,iOS,Organic,Smooth,134.09677419354838,101.38709677419355,729.258064516129,0.18388109877471578,0.13902773477241562,5,3
2026-03,英国,iOS,Organic,Stamp,5.548387096774194,1.1290322580645162,729.258064516129,0.0076082629274118645,0.00154819303755474,43,39
2026-03,英国,iOS,Organic,Teeth,50.903225806451616,0.0,729.258064516129,0.06980138895032513,0.0,17,43
2026-03,英国,iOS,Organic,Text,7.870967741935484,0.4838709677419355,729.258064516129,0.0107931171760959,0.0006635113018091742,42,42
2026-03,英国,iOS,Organic,Whiten,0.0,0.0,729.258064516129,0.0,0.0,45,43
2026-03,英国,iOS,non-Organic,AI Expand,10.32258064516129,3.4516129032258065,415.5483870967742,0.024840863219996893,0.00830616363918646,36,33
2026-03,英国,iOS,non-Organic,AI Image,37.67741935483871,3.4838709677419355,415.5483870967742,0.09066915075298868,0.008383791336748951,12,32
2026-03,英国,iOS,non-Organic,AI Repair,15.451612903225806,5.645161290322581,415.5483870967742,0.03718366713243285,0.013584847073435801,29,26
2026-03,英国,iOS,non-Organic,AI Replace,8.516129032258064,4.354838709677419,415.5483870967742,0.020493712156497437,0.010479739170936189,39,27
2026-03,英国,iOS,non-Organic,AI Retouch,116.25806451612904,44.483870967741936,415.5483870967742,0.27977022201521506,0.10704859493867412,3,4
2026-03,英国,iOS,non-Organic,AI Tattoo,9.258064516129032,1.5483870967741935,415.5483870967742,0.022279149200434716,0.003726129482999534,37,37
2026-03,英国,iOS,non-Organic,Acne,35.29032258064516,23.322580645161292,415.5483870967742,0.08492470113336438,0.056124825337680484,13,9
2026-03,英国,iOS,non-Organic,Adjust,26.903225806451612,8.903225806451612,415.5483870967742,0.0647414997671169,0.021425244527247318,19,21
2026-03,英国,iOS,non-Organic,Background,24.64516129032258,2.903225806451613,415.5483870967742,0.05930756093774258,0.0069864927806241265,21,34
2026-03,英国,iOS,non-Organic,Blur,17.483870967741936,10.129032258064516,415.5483870967742,0.042074212078869744,0.024375097034621953,27,18
2026-03,英国,iOS,non-Organic,Body,33.45161290322581,21.096774193548388,415.5483870967742,0.08049992237230244,0.050768514205868656,15,11
2026-03,英国,iOS,non-Organic,Bokeh,5.032258064516129,0.8387096774193549,415.5483870967742,0.012109920819748486,0.0020183201366247476,42,39
2026-03,英国,iOS,non-Organic,Brighten,24.387096774193548,13.225806451612904,415.5483870967742,0.05868653935724266,0.031827356000621025,22,17
2026-03,英国,iOS,non-Organic,Concealer,28.93548387096774,13.612903225806452,415.5483870967742,0.06963204471355379,0.032758888371370906,17,15
2026-03,英国,iOS,non-Organic,Contour,12.064516129032258,6.870967741935484,415.5483870967742,0.02903275888837137,0.016534699580810434,34,24
2026-03,英国,iOS,non-Organic,Crop,12.387096774193548,8.903225806451612,415.5483870967742,0.02980903586399627,0.021425244527247318,32,21
2026-03,英国,iOS,non-Organic,Dark Circles,19.612903225806452,13.580645161290322,415.5483870967742,0.0471976401179941,0.032681260673808415,26,16
2026-03,英国,iOS,non-Organic,Details,12.129032258064516,4.0,415.5483870967742,0.02918801428349635,0.009625834497748797,33,29
2026-03,英国,iOS,non-Organic,Effects,27.129032258064516,0.5161290322580645,415.5483870967742,0.06528489365005434,0.0012420431609998447,18,42
2026-03,英国,iOS,non-Organic,Eraser,44.70967741935484,25.612903225806452,415.5483870967742,0.10759198882161156,0.06163639186461729,10,8
2026-03,英国,iOS,non-Organic,Expression,16.741935483870968,4.225806451612903,415.5483870967742,0.040288775034932466,0.010169228380686228,28,28
2026-03,英国,iOS,non-Organic,Eye Brighten,14.870967741935484,9.32258064516129,415.5483870967742,0.03578636857630803,0.022434404595559693,30,20
2026-03,英国,iOS,non-Organic,Face,137.67741935483872,65.3225806451613,415.5483870967742,0.3313150131967086,0.15719608756404285,1,1
2026-03,英国,iOS,non-Organic,Face Fix,32.516129032258064,6.129032258064516,415.5483870967742,0.07824871914299021,0.014749262536873156,16,25
2026-03,英国,iOS,non-Organic,Filters,88.6774193548387,15.516129032258064,415.5483870967742,0.2133985405992858,0.03733892252755783,4,12
2026-03,英国,iOS,non-Organic,Flawless,0.0,0.0,415.5483870967742,0.0,0.0,45,43
2026-03,英国,iOS,non-Organic,Glitter,8.903225806451612,1.8709677419354838,415.5483870967742,0.021425244527247318,0.004502406458624437,38,36
2026-03,英国,iOS,non-Organic,Glowup,42.193548387096776,15.451612903225806,415.5483870967742,0.10153702841173731,0.03718366713243285,11,13
2026-03,英国,iOS,non-Organic,Hair,82.6774193548387,22.35483870967742,415.5483870967742,0.1989597888526626,0.05379599441080578,5,10
2026-03,英国,iOS,non-Organic,Magic,119.90322580645162,59.96774193548387,415.5483870967742,0.28854215183977644,0.14430988976866946,2,2
2026-03,英国,iOS,non-Organic,Makeup,69.70967741935483,27.516129032258064,415.5483870967742,0.1677534544325415,0.06621642602080421,6,7
2026-03,英国,iOS,non-Organic,Matte,8.193548387096774,3.7096774193548385,415.5483870967742,0.019717435180872534,0.008927185219686383,40,30
2026-03,英国,iOS,non-Organic,Muscle,10.387096774193548,3.6451612903225805,415.5483870967742,0.024996118615121875,0.008771929824561403,35,31
2026-03,英国,iOS,non-Organic,Mykit,12.806451612903226,0.0,415.5483870967742,0.030818195932308647,0.0,31,43
2026-03,英国,iOS,non-Organic,Plump,22.35483870967742,7.451612903225806,415.5483870967742,0.05379599441080578,0.017931998136935256,24,23
2026-03,英国,iOS,non-Organic,Preset,23.741935483870968,2.225806451612903,415.5483870967742,0.057133985405992856,0.0053563111318118296,23,35
2026-03,英国,iOS,non-Organic,Prism,3.2580645161290325,1.032258064516129,415.5483870967742,0.00784039745381152,0.0024840863219996894,43,38
2026-03,英国,iOS,non-Organic,Relight,34.903225806451616,14.741935483870968,415.5483870967742,0.0839931687626145,0.035475857786058065,14,14
2026-03,英国,iOS,non-Organic,Reshape,50.29032258064516,28.774193548387096,415.5483870967742,0.12102158049992237,0.06924390622574134,8,6
2026-03,英国,iOS,non-Organic,Resize,21.322580645161292,9.64516129032258,415.5483870967742,0.05131190808880609,0.023210681571184597,25,19
2026-03,英国,iOS,non-Organic,Skin Tone,44.903225806451616,29.483870967741936,415.5483870967742,0.1080577550069865,0.07095171557211613,9,5
2026-03,英国,iOS,non-Organic,Smooth,63.483870967741936,45.16129032258065,415.5483870967742,0.1527713088029809,0.10867877658748641,7,3
2026-03,英国,iOS,non-Organic,Stamp,3.2580645161290325,0.6774193548387096,415.5483870967742,0.00784039745381152,0.001630181648812296,43,40
2026-03,英国,iOS,non-Organic,Teeth,25.93548387096774,0.0,415.5483870967742,0.06241266884024219,0.0,20,43
2026-03,英国,iOS,non-Organic,Text,5.580645161290323,0.5806451612903226,415.5483870967742,0.013429591678310822,0.0013972985561248254,41,41
2026-03,英国,iOS,non-Organic,Whiten,0.0,0.0,415.5483870967742,0.0,0.0,45,43
2026-04,墨西哥,Android,Organic,AI Expand,9.133333333333333,4.0,342.73333333333335,0.02664851196265318,0.01167088115152694,28,18
2026-04,墨西哥,Android,Organic,AI Image,24.766666666666666,3.1,342.73333333333335,0.07226220579653764,0.00904493289243338,10,22
2026-04,墨西哥,Android,Organic,AI Repair,14.8,6.866666666666666,342.73333333333335,0.04318226026064968,0.02003501264345458,18,15
2026-04,墨西哥,Android,Organic,AI Replace,5.133333333333334,2.6,342.73333333333335,0.014977630811126241,0.007586072748492511,39,26
2026-04,墨西哥,Android,Organic,AI Retouch,54.7,19.133333333333333,342.73333333333335,0.1595992997471309,0.055825714841470524,5,5
2026-04,墨西哥,Android,Organic,AI Tattoo,7.4,1.8333333333333333,342.73333333333335,0.02159113013032484,0.005349153861116514,33,31
2026-04,墨西哥,Android,Organic,Acne,11.833333333333334,6.666666666666667,342.73333333333335,0.034526356739933865,0.019451468585878234,21,17
2026-04,墨西哥,Android,Organic,Adjust,19.8,9.0,342.73333333333335,0.05777086170005835,0.026259482590935614,13,14
2026-04,墨西哥,Android,Organic,Background,14.566666666666666,1.6666666666666667,342.73333333333335,0.04250145886014394,0.004862867146469559,19,34
2026-04,墨西哥,Android,Organic,Blur,10.666666666666666,6.7,342.73333333333335,0.031122349737405172,0.019548725928807624,25,16
2026-04,墨西哥,Android,Organic,Body,21.166666666666668,12.0,342.73333333333335,0.061758412760163396,0.03501264345458082,11,10
2026-04,墨西哥,Android,Organic,Bokeh,6.3,1.9333333333333333,342.73333333333335,0.01838163781365493,0.005640925889904688,35,30
2026-04,墨西哥,Android,Organic,Brighten,7.033333333333333,3.5,342.73333333333335,0.020521299358101534,0.010212021007586072,34,20
2026-04,墨西哥,Android,Organic,Concealer,10.966666666666667,3.033333333333333,342.73333333333335,0.03199766582376969,0.008850418206574596,23,23
2026-04,墨西哥,Android,Organic,Contour,4.166666666666667,1.4333333333333333,342.73333333333335,0.012157167866173896,0.00418206574596382,41,36
2026-04,墨西哥,Android,Organic,Crop,19.966666666666665,14.166666666666666,342.73333333333335,0.0582571484147053,0.041334370744991245,12,8
2026-04,墨西哥,Android,Organic,Dark Circles,5.933333333333334,2.966666666666667,342.73333333333335,0.017311807041431627,0.008655903520715814,37,25
2026-04,墨西哥,Android,Organic,Details,4.633333333333334,1.7333333333333334,342.73333333333335,0.013518770667185372,0.0050573818323283405,40,32
2026-04,墨西哥,Android,Organic,Effects,15.9,1.0666666666666667,342.73333333333335,0.04639175257731959,0.0031122349737405172,15,40
2026-04,墨西哥,Android,Organic,Eraser,44.46666666666667,21.833333333333332,342.73333333333335,0.12974129546780783,0.06370355961875121,6,3
2026-04,墨西哥,Android,Organic,Expression,10.1,3.0,342.73333333333335,0.02946897490760552,0.008753160863645205,27,24
2026-04,墨西哥,Android,Organic,Eye Brighten,3.5,1.7333333333333334,342.73333333333335,0.010212021007586072,0.0050573818323283405,44,32
2026-04,墨西哥,Android,Organic,Face,56.333333333333336,22.466666666666665,342.73333333333335,0.16436490955067107,0.06555144913440963,4,2
2026-04,墨西哥,Android,Organic,Face Fix,10.4,2.566666666666667,342.73333333333335,0.030344290993970045,0.007488815405563121,26,27
2026-04,墨西哥,Android,Organic,Filters,61.86666666666667,15.666666666666666,342.73333333333335,0.18050962847695,0.04571095117681385,3,7
2026-04,墨西哥,Android,Organic,Flawless,0.0,0.0,342.73333333333335,0.0,0.0,45,43
2026-04,墨西哥,Android,Organic,Glitter,8.3,1.2,342.73333333333335,0.024217078389418403,0.003501264345458082,29,39
2026-04,墨西哥,Android,Organic,Glowup,15.866666666666667,2.566666666666667,342.73333333333335,0.04629449523439019,0.007488815405563121,16,27
2026-04,墨西哥,Android,Organic,Hair,71.56666666666666,19.633333333333333,342.73333333333335,0.2088115152694028,0.057284574985411396,1,4
2026-04,墨西哥,Android,Organic,Magic,64.03333333333333,27.2,342.73333333333335,0.18683135576736043,0.07936199183038319,2,1
2026-04,墨西哥,Android,Organic,Makeup,35.833333333333336,18.3,342.73333333333335,0.10455164364909551,0.053394281268235755,7,6
2026-04,墨西哥,Android,Organic,Matte,3.933333333333333,1.6,342.73333333333335,0.011476366465668157,0.004668352460610776,43,35
2026-04,墨西哥,Android,Organic,Muscle,10.7,3.1333333333333333,342.73333333333335,0.031219607080334562,0.009142190235362769,24,21
2026-04,墨西哥,Android,Organic,Mykit,8.3,0.0,342.73333333333335,0.024217078389418403,0.0,29,43
2026-04,墨西哥,Android,Organic,Plump,8.033333333333333,2.033333333333333,342.73333333333335,0.02343901964598327,0.00593269791869286,31,29
2026-04,墨西哥,Android,Organic,Preset,14.5,1.0666666666666667,342.73333333333335,0.042306944174285155,0.0031122349737405172,20,40
2026-04,墨西哥,Android,Organic,Prism,3.966666666666667,1.3,342.73333333333335,0.011573623808597548,0.0037930363742462556,42,38
2026-04,墨西哥,Android,Organic,Relight,33.46666666666667,11.566666666666666,342.73333333333335,0.09764637230110873,0.033748297996498734,8,12
2026-04,墨西哥,Android,Organic,Reshape,28.566666666666666,13.2,342.73333333333335,0.08334954289048822,0.038513907800038896,9,9
2026-04,墨西哥,Android,Organic,Resize,7.7,3.566666666666667,342.73333333333335,0.02246644621668936,0.010406535693444855,32,19
2026-04,墨西哥,Android,Organic,Skin Tone,15.566666666666666,9.466666666666667,342.73333333333335,0.04541917914802567,0.02762108539194709,17,13
2026-04,墨西哥,Android,Organic,Smooth,19.266666666666666,11.7,342.73333333333335,0.05621474421318809,0.0341373273682163,14,11
2026-04,墨西哥,Android,Organic,Stamp,6.0,1.4333333333333333,342.73333333333335,0.01750632172729041,0.00418206574596382,36,36
2026-04,墨西哥,Android,Organic,Teeth,11.1,0.0,342.73333333333335,0.03238669519548726,0.0,22,43
2026-04,墨西哥,Android,Organic,Text,5.7,0.5333333333333333,342.73333333333335,0.01663100564092589,0.0015561174868702586,38,42
2026-04,墨西哥,Android,Organic,Whiten,0.0,0.0,342.73333333333335,0.0,0.0,45,43
2026-04,墨西哥,Android,non-Organic,AI Expand,53.233333333333334,20.866666666666667,2235.0,0.023818046234153616,0.009336316181953765,29,18
2026-04,墨西哥,Android,non-Organic,AI Image,184.36666666666667,21.9,2235.0,0.08249067859806115,0.009798657718120805,8,17
2026-04,墨西哥,Android,non-Organic,AI Repair,66.03333333333333,25.366666666666667,2235.0,0.02954511558538404,0.011349739000745712,23,16
2026-04,墨西哥,Android,non-Organic,AI Replace,24.833333333333332,12.3,2235.0,0.01111111111111111,0.005503355704697987,39,26
2026-04,墨西哥,Android,non-Organic,AI Retouch,484.73333333333335,110.66666666666667,2235.0,0.21688292319164804,0.04951528709917972,2,4
2026-04,墨西哥,Android,non-Organic,AI Tattoo,66.93333333333334,14.633333333333333,2235.0,0.02994780014914243,0.006547352721849366,22,22
2026-04,墨西哥,Android,non-Organic,Acne,52.3,17.266666666666666,2235.0,0.023400447427293063,0.007725577926920208,30,19
2026-04,墨西哥,Android,non-Organic,Adjust,85.8,27.6,2235.0,0.038389261744966444,0.012348993288590605,16,14
2026-04,墨西哥,Android,non-Organic,Background,82.13333333333334,9.0,2235.0,0.036748695003728564,0.004026845637583893,19,30
2026-04,墨西哥,Android,non-Organic,Blur,41.03333333333333,17.233333333333334,2235.0,0.018359433258762117,0.007710663683818047,32,20
2026-04,墨西哥,Android,non-Organic,Body,114.66666666666667,49.233333333333334,2235.0,0.051304996271439224,0.02202833706189411,13,10
2026-04,墨西哥,Android,non-Organic,Bokeh,25.633333333333333,6.333333333333333,2235.0,0.011469052945563012,0.0028337061894108872,38,34
2026-04,墨西哥,Android,non-Organic,Brighten,36.8,14.0,2235.0,0.01646532438478747,0.006263982102908278,33,25
2026-04,墨西哥,Android,non-Organic,Concealer,59.13333333333333,17.1,2235.0,0.02645786726323639,0.007651006711409397,26,21
2026-04,墨西哥,Android,non-Organic,Contour,16.833333333333332,5.8,2235.0,0.007531692766592095,0.0025950782997762865,44,36
2026-04,墨西哥,Android,non-Organic,Crop,86.16666666666667,54.766666666666666,2235.0,0.03855331841909023,0.024504101416853094,15,9
2026-04,墨西哥,Android,non-Organic,Dark Circles,31.4,10.8,2235.0,0.014049217002237135,0.004832214765100672,36,28
2026-04,墨西哥,Android,non-Organic,Details,18.366666666666667,5.6,2235.0,0.008217747949291573,0.002505592841163311,42,39
2026-04,墨西哥,Android,non-Organic,Effects,85.7,5.066666666666666,2235.0,0.03834451901565996,0.0022669649515287098,17,41
2026-04,墨西哥,Android,non-Organic,Eraser,243.7,104.03333333333333,2235.0,0.10903803131991051,0.046547352721849365,6,5
2026-04,墨西哥,Android,non-Organic,Expression,63.766666666666666,14.366666666666667,2235.0,0.028530947054436987,0.006428038777032066,25,23
2026-04,墨西哥,Android,non-Organic,Eye Brighten,19.166666666666668,5.7,2235.0,0.008575689783743476,0.002550335570469799,41,37
2026-04,墨西哥,Android,non-Organic,Face,463.2,123.7,2235.0,0.20724832214765102,0.05534675615212528,3,2
2026-04,墨西哥,Android,non-Organic,Face Fix,64.1,10.6,2235.0,0.02868008948545861,0.004742729306487696,24,29
2026-04,墨西哥,Android,non-Organic,Filters,420.1666666666667,74.6,2235.0,0.18799403430275916,0.033378076062639817,4,6
2026-04,墨西哥,Android,non-Organic,Flawless,0.0,0.0,2235.0,0.0,0.0,45,43
2026-04,墨西哥,Android,non-Organic,Glitter,54.96666666666667,8.2,2235.0,0.024593586875466072,0.003668903803131991,28,31
2026-04,墨西哥,Android,non-Organic,Glowup,126.33333333333333,14.333333333333334,2235.0,0.05652498135719612,0.006413124533929903,11,24
2026-04,墨西哥,Android,non-Organic,Hair,881.3,159.6,2235.0,0.39431767337807605,0.07140939597315436,1,1
2026-04,墨西哥,Android,non-Organic,Magic,369.46666666666664,118.46666666666667,2235.0,0.16530947054436987,0.053005219985085755,5,3
2026-04,墨西哥,Android,non-Organic,Makeup,183.7,71.06666666666666,2235.0,0.08219239373601789,0.03179716629381059,9,7
2026-04,墨西哥,Android,non-Organic,Matte,17.5,5.666666666666667,2235.0,0.007829977628635347,0.0025354213273676364,43,38
2026-04,墨西哥,Android,non-Organic,Muscle,122.23333333333333,26.433333333333334,2235.0,0.054690529455630126,0.011826994780014914,12,15
2026-04,墨西哥,Android,non-Organic,Mykit,49.333333333333336,0.0,2235.0,0.022073079791200597,0.0,31,43
2026-04,墨西哥,Android,non-Organic,Plump,58.833333333333336,11.766666666666667,2235.0,0.02632363907531693,0.005264727815063386,27,27
2026-04,墨西哥,Android,non-Organic,Preset,84.1,6.166666666666667,2235.0,0.03762863534675615,0.0027591349739000746,18,35
2026-04,墨西哥,Android,non-Organic,Prism,20.666666666666668,7.333333333333333,2235.0,0.009246830723340791,0.003281133482475764,40,33
2026-04,墨西哥,Android,non-Organic,Relight,206.53333333333333,66.8,2235.0,0.09240865026099926,0.02988814317673378,7,8
2026-04,墨西哥,Android,non-Organic,Reshape,146.13333333333333,37.7,2235.0,0.06538404175988068,0.016868008948545864,10,12
2026-04,墨西哥,Android,non-Organic,Resize,26.066666666666666,7.433333333333334,2235.0,0.011662938105891125,0.003325876211782252,37,32
2026-04,墨西哥,Android,non-Organic,Skin Tone,81.93333333333334,37.733333333333334,2235.0,0.03665920954511559,0.016882923191648025,20,11
2026-04,墨西哥,Android,non-Organic,Smooth,75.63333333333334,28.7,2235.0,0.03384041759880686,0.012841163310961969,21,13
2026-04,墨西哥,Android,non-Organic,Stamp,31.866666666666667,5.6,2235.0,0.014258016405667413,0.002505592841163311,35,39
2026-04,墨西哥,Android,non-Organic,Teeth,87.36666666666666,0.0,2235.0,0.03909023117076808,0.0,14,43
2026-04,墨西哥,Android,non-Organic,Text,33.4,3.7333333333333334,2235.0,0.01494407158836689,0.0016703952274422073,34,42
2026-04,墨西哥,Android,non-Organic,Whiten,0.0,0.0,2235.0,0.0,0.0,45,43
2026-04,墨西哥,iOS,Organic,AI Expand,6.1,1.8333333333333333,308.9,0.01974749109744254,0.005935038307974533,36,30
2026-04,墨西哥,iOS,Organic,AI Image,16.666666666666668,1.3,308.9,0.0539548937088594,0.004208481709291033,17,34
2026-04,墨西哥,iOS,Organic,AI Repair,11.733333333333333,4.5,308.9,0.03798424517103701,0.014567821301392038,26,20
2026-04,墨西哥,iOS,Organic,AI Replace,2.8666666666666667,0.9333333333333333,308.9,0.009280241717923816,0.0030214740476961262,43,36
2026-04,墨西哥,iOS,Organic,AI Retouch,68.63333333333334,20.833333333333332,308.9,0.22218625229308303,0.06744361713607425,4,6
2026-04,墨西哥,iOS,Organic,AI Tattoo,7.666666666666667,1.3333333333333333,308.9,0.024819251106075323,0.0043163914967087515,33,33
2026-04,墨西哥,iOS,Organic,Acne,27.6,19.466666666666665,308.9,0.08934930398187117,0.06301931585194777,12,7
2026-04,墨西哥,iOS,Organic,Adjust,24.3,10.466666666666667,308.9,0.078666235027517,0.0338836732491637,14,14
2026-04,墨西哥,iOS,Organic,Background,11.233333333333333,0.5,308.9,0.03636559835977123,0.0016186468112657818,28,39
2026-04,墨西哥,iOS,Organic,Blur,10.333333333333334,5.833333333333333,308.9,0.03345203409949283,0.018884212798100788,30,18
2026-04,墨西哥,iOS,Organic,Body,35.7,22.9,308.9,0.11557138232437685,0.07413402395597281,10,5
2026-04,墨西哥,iOS,Organic,Bokeh,5.3,1.4333333333333333,308.9,0.01715765619941729,0.004640120858961908,40,32
2026-04,墨西哥,iOS,Organic,Brighten,11.466666666666667,5.8,308.9,0.03712096687169526,0.01877630301068307,27,19
2026-04,墨西哥,iOS,Organic,Concealer,13.766666666666667,4.4,308.9,0.04456674220351786,0.014244091939138882,22,21
2026-04,墨西哥,iOS,Organic,Contour,4.533333333333333,2.066666666666667,308.9,0.014675731088809756,0.006690406819898566,41,29
2026-04,墨西哥,iOS,Organic,Crop,12.233333333333333,8.066666666666666,308.9,0.039602891982302796,0.026114168555087948,25,15
2026-04,墨西哥,iOS,Organic,Dark Circles,10.333333333333334,7.366666666666666,308.9,0.03345203409949283,0.023848063019315854,30,16
2026-04,墨西哥,iOS,Organic,Details,6.166666666666667,1.7333333333333334,308.9,0.019963310672277978,0.005611308945721378,35,31
2026-04,墨西哥,iOS,Organic,Effects,18.833333333333332,0.16666666666666666,308.9,0.06096902989101111,0.0005395489370885939,16,41
2026-04,墨西哥,iOS,Organic,Eraser,28.566666666666666,15.533333333333333,308.9,0.09247868781698501,0.05028596093665696,11,11
2026-04,墨西哥,iOS,Organic,Expression,12.633333333333333,3.3333333333333335,308.9,0.04089780943131542,0.01079097874177188,24,24
2026-04,墨西哥,iOS,Organic,Eye Brighten,5.433333333333334,3.3333333333333335,308.9,0.017589295349088166,0.01079097874177188,39,24
2026-04,墨西哥,iOS,Organic,Face,88.93333333333334,37.166666666666664,308.9,0.28790331283047377,0.12031941297075645,1,1
2026-04,墨西哥,iOS,Organic,Face Fix,15.3,2.2333333333333334,308.9,0.04953059242473293,0.007229955756987159,20,27
2026-04,墨西哥,iOS,Organic,Filters,76.5,12.3,308.9,0.24765296212366464,0.03981871155713824,2,13
2026-04,墨西哥,iOS,Organic,Flawless,0.0,0.0,308.9,0.0,0.0,45,43
2026-04,墨西哥,iOS,Organic,Glitter,8.466666666666667,0.8666666666666667,308.9,0.027409086004100573,0.002805654472860689,32,37
2026-04,墨西哥,iOS,Organic,Glowup,23.4,4.1,308.9,0.07575267076723859,0.013272903852379411,15,23
2026-04,墨西哥,iOS,Organic,Hair,71.26666666666667,13.033333333333333,308.9,0.2307111254990828,0.042192726880328046,3,12
2026-04,墨西哥,iOS,Organic,Magic,68.0,31.466666666666665,308.9,0.22013596633214635,0.10186683932232654,5,2
2026-04,墨西哥,iOS,Organic,Makeup,36.56666666666667,18.5,308.9,0.11837703679723753,0.05988993201683393,9,8
2026-04,墨西哥,iOS,Organic,Matte,5.566666666666666,2.7333333333333334,308.9,0.018020934498759036,0.008848602568252942,38,26
2026-04,墨西哥,iOS,Organic,Muscle,16.0,4.366666666666666,308.9,0.05179669796050502,0.01413618215172116,18,22
2026-04,墨西哥,iOS,Organic,Mykit,6.466666666666667,0.0,308.9,0.020934498759037447,0.0,34,43
2026-04,墨西哥,iOS,Organic,Plump,10.433333333333334,2.2,308.9,0.03377576346174598,0.007122045969569441,29,28
2026-04,墨西哥,iOS,Organic,Preset,13.0,0.8,308.9,0.04208481709291033,0.002589834898025251,23,38
2026-04,墨西哥,iOS,Organic,Prism,2.533333333333333,0.4666666666666667,308.9,0.008201143843746627,0.0015107370238480631,44,40
2026-04,墨西哥,iOS,Organic,Relight,42.8,18.333333333333332,308.9,0.13855616704435092,0.059350383079745335,7,9
2026-04,墨西哥,iOS,Organic,Reshape,47.13333333333333,28.233333333333334,308.9,0.15258443940865438,0.09139958994280782,6,4
2026-04,墨西哥,iOS,Organic,Resize,14.066666666666666,6.066666666666666,308.9,0.045537930290277334,0.01963958131002482,21,17
2026-04,墨西哥,iOS,Organic,Skin Tone,25.8,16.966666666666665,308.9,0.08352217546131435,0.054926081795618864,13,10
2026-04,墨西哥,iOS,Organic,Smooth,38.733333333333334,29.066666666666666,308.9,0.12539117297938923,0.09409733462825079,8,3
2026-04,墨西哥,iOS,Organic,Stamp,5.733333333333333,1.1666666666666667,308.9,0.01856048343584763,0.0037768425596201582,37,35
2026-04,墨西哥,iOS,Organic,Teeth,15.466666666666667,0.0,308.9,0.05007014136182152,0.0,19,43
2026-04,墨西哥,iOS,Organic,Text,3.5,0.16666666666666666,308.9,0.011330527678860473,0.0005395489370885939,42,41
2026-04,墨西哥,iOS,Organic,Whiten,0.0,0.0,308.9,0.0,0.0,45,43
2026-04,墨西哥,iOS,non-Organic,AI Expand,2.1333333333333333,0.8,165.36666666666667,0.012900624874017334,0.0048377343277565005,31,22
2026-04,墨西哥,iOS,non-Organic,AI Image,9.4,0.8666666666666667,165.36666666666667,0.05684337835113888,0.005240878855069542,10,20
2026-04,墨西哥,iOS,non-Organic,AI Repair,5.233333333333333,2.6,165.36666666666667,0.03164684539407377,0.015722636565208628,21,8
2026-04,墨西哥,iOS,non-Organic,AI Replace,0.7,0.26666666666666666,165.36666666666667,0.004233017536786937,0.0016125781092521667,42,32
2026-04,墨西哥,iOS,non-Organic,AI Retouch,47.03333333333333,6.2,165.36666666666667,0.2844184640193509,0.03749244104011288,3,3
2026-04,墨西哥,iOS,non-Organic,AI Tattoo,7.2,1.5,165.36666666666667,0.0435396089498085,0.009070751864543439,13,14
2026-04,墨西哥,iOS,non-Organic,Acne,5.133333333333334,1.3666666666666667,165.36666666666667,0.031042128603104215,0.008264462809917356,22,16
2026-04,墨西哥,iOS,non-Organic,Adjust,3.8,0.7666666666666667,165.36666666666667,0.022979238056843376,0.00463616206409998,25,23
2026-04,墨西哥,iOS,non-Organic,Background,3.6,0.3,165.36666666666667,0.02176980447490425,0.0018141503729086877,26,31
2026-04,墨西哥,iOS,non-Organic,Blur,0.8666666666666667,0.2,165.36666666666667,0.005240878855069542,0.0012094335819391251,37,37
2026-04,墨西哥,iOS,non-Organic,Body,8.666666666666666,3.066666666666667,165.36666666666667,0.05240878855069542,0.01854464825639992,11,6
2026-04,墨西哥,iOS,non-Organic,Bokeh,0.7333333333333333,0.23333333333333334,165.36666666666667,0.004434589800443458,0.001411005845595646,39,34
2026-04,墨西哥,iOS,non-Organic,Brighten,1.8666666666666667,0.7,165.36666666666667,0.011288046764765167,0.004233017536786937,32,26
2026-04,墨西哥,iOS,non-Organic,Concealer,2.533333333333333,0.4666666666666667,165.36666666666667,0.015319492037895585,0.002822011691191292,29,28
2026-04,墨西哥,iOS,non-Organic,Contour,0.41379310344827586,0.20689655172413793,165.36666666666667,0.0025022763764257763,0.0012511381882128881,44,36
2026-04,墨西哥,iOS,non-Organic,Crop,3.1,2.3,165.36666666666667,0.01874622052005644,0.013908486192299938,28,9
2026-04,墨西哥,iOS,non-Organic,Dark Circles,1.2666666666666666,0.43333333333333335,165.36666666666667,0.007659746018947792,0.002620439427534771,34,29
2026-04,墨西哥,iOS,non-Organic,Details,0.7241379310344828,0.2413793103448276,165.36666666666667,0.004378983658745108,0.0014596612195817028,41,33
2026-04,墨西哥,iOS,non-Organic,Effects,3.8666666666666667,0.03333333333333333,165.36666666666667,0.023382382584156418,0.00020157226365652084,24,41
2026-04,墨西哥,iOS,non-Organic,Eraser,5.433333333333334,2.033333333333333,165.36666666666667,0.0328562789760129,0.012295908083047771,19,11
2026-04,墨西哥,iOS,non-Organic,Expression,5.966666666666667,0.7666666666666667,165.36666666666667,0.03608143519451723,0.00463616206409998,15,23
2026-04,墨西哥,iOS,non-Organic,Eye Brighten,0.7586206896551724,0.3103448275862069,165.36666666666667,0.0045875066901139225,0.0018767072823193322,38,30
2026-04,墨西哥,iOS,non-Organic,Face,47.166666666666664,11.333333333333334,165.36666666666667,0.285224753073977,0.0685345696432171,2,1
2026-04,墨西哥,iOS,non-Organic,Face Fix,7.166666666666667,0.8333333333333334,165.36666666666667,0.043338036686151986,0.005039306591413021,14,21
2026-04,墨西哥,iOS,non-Organic,Filters,31.066666666666666,1.9333333333333333,165.36666666666667,0.18786534972787744,0.011691191292078209,4,12
2026-04,墨西哥,iOS,non-Organic,Flawless,0.0,0.0,165.36666666666667,0.0,0.0,45,42
2026-04,墨西哥,iOS,non-Organic,Glitter,3.3333333333333335,0.5333333333333333,165.36666666666667,0.020157226365652085,0.0032251562185043334,27,27
2026-04,墨西哥,iOS,non-Organic,Glowup,14.266666666666667,1.1666666666666667,165.36666666666667,0.08627292884499094,0.00705502922797823,7,17
2026-04,墨西哥,iOS,non-Organic,Hair,76.76666666666667,10.3,165.36666666666667,0.46422092320096753,0.062285829469864946,1,2
2026-04,墨西哥,iOS,non-Organic,Magic,22.5,5.8,165.36666666666667,0.13606127796815157,0.03507357387623463,5,4
2026-04,墨西哥,iOS,non-Organic,Makeup,5.966666666666667,1.1,165.36666666666667,0.03608143519451723,0.0066518847006651885,15,18
2026-04,墨西哥,iOS,non-Organic,Matte,0.7333333333333333,0.2,165.36666666666667,0.004434589800443458,0.0012094335819391251,39,37
2026-04,墨西哥,iOS,non-Organic,Muscle,14.8,3.8,165.36666666666667,0.08949808506349527,0.022979238056843376,6,5
2026-04,墨西哥,iOS,non-Organic,Mykit,2.3666666666666667,0.0,165.36666666666667,0.01431163071961298,0.0,30,42
2026-04,墨西哥,iOS,non-Organic,Plump,5.666666666666667,0.9,165.36666666666667,0.03426728482160855,0.005442451118726063,18,19
2026-04,墨西哥,iOS,non-Organic,Preset,4.1,0.13333333333333333,165.36666666666667,0.024793388429752063,0.0008062890546260834,23,40
2026-04,墨西哥,iOS,non-Organic,Prism,0.6,0.23333333333333334,165.36666666666667,0.0036283007458173754,0.001411005845595646,43,34
2026-04,墨西哥,iOS,non-Organic,Relight,11.333333333333334,2.7,165.36666666666667,0.0685345696432171,0.01632735335617819,8,7
2026-04,墨西哥,iOS,non-Organic,Reshape,10.3,1.9,165.36666666666667,0.062285829469864946,0.011489619028421688,9,13
2026-04,墨西哥,iOS,non-Organic,Resize,1.8666666666666667,0.7666666666666667,165.36666666666667,0.011288046764765167,0.00463616206409998,32,23
2026-04,墨西哥,iOS,non-Organic,Skin Tone,5.833333333333333,2.3,165.36666666666667,0.03527514613989115,0.013908486192299938,17,9
2026-04,墨西哥,iOS,non-Organic,Smooth,5.4,1.4,165.36666666666667,0.03265470671235638,0.008466035073573875,20,15
2026-04,墨西哥,iOS,non-Organic,Stamp,1.0666666666666667,0.2,165.36666666666667,0.006450312437008667,0.0012094335819391251,36,37
2026-04,墨西哥,iOS,non-Organic,Teeth,7.866666666666666,0.0,165.36666666666667,0.04757105422293892,0.0,12,42
2026-04,墨西哥,iOS,non-Organic,Text,1.2,0.0,165.36666666666667,0.007256601491634751,0.0,35,42
2026-04,墨西哥,iOS,non-Organic,Whiten,0.0,0.0,165.36666666666667,0.0,0.0,45,42
2026-04,巴西,Android,Organic,AI Expand,53.6,24.6,1959.2666666666667,0.027357174453026642,0.012555718125829392,33,23
2026-04,巴西,Android,Organic,AI Image,158.33333333333334,30.266666666666666,1959.2666666666667,0.08081254891285856,0.01544795671850012,12,21
2026-04,巴西,Android,Organic,AI Repair,84.6,38.333333333333336,1959.2666666666667,0.043179420871754734,0.01956514342100786,24,19
2026-04,巴西,Android,Organic,AI Replace,33.36666666666667,15.866666666666667,1959.2666666666667,0.017030181360372928,0.008098268059478036,37,31
2026-04,巴西,Android,Organic,AI Retouch,373.6666666666667,144.3,1959.2666666666667,0.1907176154343462,0.07365000510395046,5,5
2026-04,巴西,Android,Organic,AI Tattoo,59.333333333333336,18.333333333333332,1959.2666666666667,0.030283439382081733,0.009357242505699411,31,28
2026-04,巴西,Android,Organic,Acne,128.8,94.6,1959.2666666666667,0.06573888189458642,0.04828337132940896,15,13
2026-04,巴西,Android,Organic,Adjust,194.46666666666667,107.03333333333333,1959.2666666666667,0.09925482323318248,0.054629283065092384,10,12
2026-04,巴西,Android,Organic,Background,96.23333333333333,11.233333333333333,1959.2666666666667,0.04911701657082582,0.0057334376807649115,17,34
2026-04,巴西,Android,Organic,Blur,93.3,61.13333333333333,1959.2666666666667,0.04761985776991391,0.031202150464459493,18,15
2026-04,巴西,Android,Organic,Body,141.83333333333334,83.03333333333333,1959.2666666666667,0.07239103065772909,0.042379801966722246,14,14
2026-04,巴西,Android,Organic,Bokeh,38.9,12.666666666666666,1959.2666666666667,0.019854367280274933,0.006465003913028684,36,32
2026-04,巴西,Android,Organic,Brighten,60.1,28.866666666666667,1959.2666666666667,0.030674742250501888,0.014733403654428528,30,22
2026-04,巴西,Android,Organic,Concealer,86.66666666666667,37.46666666666667,1959.2666666666667,0.044234237299669944,0.019122801048011163,23,20
2026-04,巴西,Android,Organic,Contour,24.8,11.266666666666667,1959.2666666666667,0.012657797134982477,0.005750450848957093,41,33
2026-04,巴西,Android,Organic,Crop,148.5,115.8,1959.2666666666667,0.07579366429616523,0.05910374629963592,13,9
2026-04,巴西,Android,Organic,Dark Circles,58.833333333333336,39.733333333333334,1959.2666666666667,0.03002824185919902,0.020279696485079452,32,18
2026-04,巴西,Android,Organic,Details,23.766666666666666,8.633333333333333,1959.2666666666667,0.012130388921024873,0.004406410561774814,43,37
2026-04,巴西,Android,Organic,Effects,113.4,6.166666666666667,1959.2666666666667,0.05787879818979891,0.0031474361155534383,16,40
2026-04,巴西,Android,Organic,Eraser,218.06666666666666,114.96666666666667,1959.2666666666667,0.11130014631324645,0.0586784170948314,9,10
2026-04,巴西,Android,Organic,Expression,63.5,16.633333333333333,1959.2666666666667,0.03241008540610432,0.008489570927898192,29,30
2026-04,巴西,Android,Organic,Eye Brighten,30.866666666666667,18.766666666666666,1959.2666666666667,0.015754193745959374,0.00957841369219776,38,27
2026-04,巴西,Android,Organic,Face,399.93333333333334,172.2,1959.2666666666667,0.20412399196978462,0.08789002688080574,3,2
2026-04,巴西,Android,Organic,Face Fix,74.8,17.966666666666665,1959.2666666666667,0.0381775494232536,0.009170097655585423,26,29
2026-04,巴西,Android,Organic,Filters,459.23333333333335,169.23333333333332,1959.2666666666667,0.23439041818367418,0.08637585491170165,1,3
2026-04,巴西,Android,Organic,Flawless,0.0,0.0,1959.2666666666667,0.0,0.0,45,43
2026-04,巴西,Android,Organic,Glitter,39.8,7.366666666666666,1959.2666666666667,0.020313722821463813,0.003759910170471945,35,39
2026-04,巴西,Android,Organic,Glowup,91.8,18.9,1959.2666666666667,0.04685426520126578,0.009646466364966483,20,26
2026-04,巴西,Android,Organic,Hair,386.46666666666664,122.06666666666666,1959.2666666666667,0.19725067202014357,0.0623022219197659,4,7
2026-04,巴西,Android,Organic,Magic,400.3333333333333,209.23333333333332,1959.2666666666667,0.20432814998809076,0.10679165674231855,2,1
2026-04,巴西,Android,Organic,Makeup,255.76666666666668,139.53333333333333,1959.2666666666667,0.13054203953860288,0.0712171220524686,6,6
2026-04,巴西,Android,Organic,Matte,24.0,10.666666666666666,1959.2666666666667,0.012249481098370138,0.005444213821497839,42,35
2026-04,巴西,Android,Organic,Muscle,73.6,24.6,1959.2666666666667,0.03756507536833509,0.012555718125829392,27,23
2026-04,巴西,Android,Organic,Mykit,48.06666666666667,0.0,1959.2666666666667,0.02453298853312464,0.0,34,43
2026-04,巴西,Android,Organic,Plump,65.43333333333334,21.733333333333334,1959.2666666666667,0.03339684916125081,0.011092585661301849,28,25
2026-04,巴西,Android,Organic,Preset,90.1,8.0,1959.2666666666667,0.04598659362346456,0.00408316036612338,21,38
2026-04,巴西,Android,Organic,Prism,23.366666666666667,8.733333333333333,1959.2666666666667,0.011926230902718705,0.004457450066351356,44,36
2026-04,巴西,Android,Organic,Relight,249.83333333333334,112.4,1959.2666666666667,0.12751369560039472,0.057368403144033485,7,11
2026-04,巴西,Android,Organic,Reshape,238.2,166.23333333333332,1959.2666666666667,0.12157609990132362,0.08484466977440538,8,4
2026-04,巴西,Android,Organic,Resize,76.23333333333333,39.93333333333333,1959.2666666666667,0.03890911565551737,0.020381775494232535,25,17
2026-04,巴西,Android,Organic,Skin Tone,92.76666666666667,56.2,1959.2666666666667,0.04734764707883902,0.028684201572016742,19,16
2026-04,巴西,Android,Organic,Smooth,165.63333333333333,121.7,1959.2666666666667,0.08453843274694613,0.062115077069651914,11,8
2026-04,巴西,Android,Organic,Stamp,26.9,5.433333333333334,1959.2666666666667,0.013729626731089862,0.002773146415325462,40,41
2026-04,巴西,Android,Organic,Teeth,89.2,0.0,1959.2666666666667,0.045527238082275684,0.0,22,43
2026-04,巴西,Android,Organic,Text,28.833333333333332,3.7333333333333334,1959.2666666666667,0.014716390486236346,0.0019054748375242439,39,42
2026-04,巴西,Android,Organic,Whiten,0.0,0.0,1959.2666666666667,0.0,0.0,45,43
2026-04,巴西,Android,non-Organic,AI Expand,223.26666666666668,93.06666666666666,8336.866666666667,0.026780645006517237,0.011163266774887447,31,24
2026-04,巴西,Android,non-Organic,AI Image,1117.5666666666666,254.2,8336.866666666667,0.13405116230718175,0.03049107178556292,7,12
2026-04,巴西,Android,non-Organic,AI Repair,291.46666666666664,112.26666666666667,8336.866666666667,0.03496117646118046,0.013466290292915803,25,20
2026-04,巴西,Android,non-Organic,AI Replace,129.96666666666667,62.666666666666664,8336.866666666667,0.015589390098598194,0.0075168128713425505,37,29
2026-04,巴西,Android,non-Organic,AI Retouch,2073.4333333333334,671.3333333333334,8336.866666666667,0.24870654842346845,0.08052585703661648,2,2
2026-04,巴西,Android,non-Organic,AI Tattoo,490.0,174.46666666666667,8336.866666666667,0.05877507936634867,0.020927126898195165,14,16
2026-04,巴西,Android,non-Organic,Acne,290.7,154.06666666666666,8336.866666666667,0.034869215452648074,0.018480164410290035,26,19
2026-04,巴西,Android,non-Organic,Adjust,467.46666666666664,202.56666666666666,8336.866666666667,0.05607222537644038,0.024297697776142914,16,14
2026-04,巴西,Android,non-Organic,Background,425.4,55.733333333333334,8336.866666666667,0.051026364821315756,0.006685165489832311,18,31
2026-04,巴西,Android,non-Organic,Blur,210.36666666666667,99.8,8336.866666666667,0.025233301080341934,0.011970924328084892,32,22
2026-04,巴西,Android,non-Organic,Body,580.6333333333333,283.76666666666665,8336.866666666667,0.06964646989676378,0.034037568071137836,11,9
2026-04,巴西,Android,non-Organic,Bokeh,111.6,28.166666666666668,8336.866666666667,0.013386324198539818,0.0033785674873853485,40,39
2026-04,巴西,Android,non-Organic,Brighten,237.33333333333334,101.03333333333333,8336.866666666667,0.02846792959785051,0.012118861602680463,29,21
2026-04,巴西,Android,non-Organic,Collarbone,0.0,0.0,8336.866666666667,0.0,0.0,45,43
2026-04,巴西,Android,non-Organic,Concealer,378.56666666666666,155.53333333333333,8336.866666666667,0.045408746691402845,0.018656089817917203,21,18
2026-04,巴西,Android,non-Organic,Contour,101.1,43.63333333333333,8336.866666666667,0.012126858212118062,0.0052337808769081905,41,33
2026-04,巴西,Android,non-Organic,Crop,402.9,281.73333333333335,8336.866666666667,0.04832750913612628,0.033793671483291085,20,10
2026-04,巴西,Android,non-Organic,Dark Circles,200.7,93.43333333333334,8336.866666666667,0.024073792711890158,0.01120724812679424,34,23
2026-04,巴西,Android,non-Organic,Details,85.33333333333333,28.066666666666666,8336.866666666667,0.010235660080126026,0.003366572573228951,43,40
2026-04,巴西,Android,non-Organic,Effects,504.0,39.93333333333333,8336.866666666667,0.060454367348244345,0.004789969053121476,13,36
2026-04,巴西,Android,non-Organic,Eraser,788.7,336.93333333333334,8336.866666666667,0.09460388795150856,0.040414864097622606,9,8
2026-04,巴西,Android,non-Organic,Expression,265.8666666666667,71.5,8336.866666666667,0.031890478437142655,0.008576363621824346,27,28
2026-04,巴西,Android,non-Organic,Eye Brighten,115.56666666666666,49.6,8336.866666666667,0.013862122460076927,0.005949477421573253,39,32
2026-04,巴西,Android,non-Organic,Face,1799.7666666666667,636.7666666666667,8336.866666666667,0.21588046668212676,0.07637961504322167,4,4
2026-04,巴西,Android,non-Organic,Face Fix,315.8666666666667,82.73333333333333,8336.866666666667,0.037887935515341496,0.009923792312059686,24,27
2026-04,巴西,Android,non-Organic,Filters,1937.5333333333333,567.3666666666667,8336.866666666667,0.232405460084924,0.06805514461868167,3,5
2026-04,巴西,Android,non-Organic,Flawless,0.0,0.0,8336.866666666667,0.0,0.0,45,43
2026-04,巴西,Android,non-Organic,Glitter,210.0,43.6,8336.866666666667,0.025189319728435144,0.005229782572189392,33,34
2026-04,巴西,Android,non-Organic,Glowup,471.9,90.53333333333333,8336.866666666667,0.056603999904040685,0.010859395616258706,15,25
2026-04,巴西,Android,non-Organic,Hair,3205.766666666667,849.2333333333333,8336.866666666667,0.38452895972107826,0.10186480932084796,1,1
2026-04,巴西,Android,non-Organic,Magic,1593.2666666666667,665.0,8336.866666666667,0.19111096894916554,0.07976617914004462,5,3
2026-04,巴西,Android,non-Organic,Makeup,1048.8,469.73333333333335,8336.866666666667,0.12580265967229895,0.05634411009731874,8,7
2026-04,巴西,Android,non-Organic,Matte,88.16666666666667,30.7,8336.866666666667,0.010575515981223962,0.00368243864601409,42,38
2026-04,巴西,Android,non-Organic,Muscle,546.6333333333333,173.9,8336.866666666667,0.06556819908358856,0.02085915571797558,12,17
2026-04,巴西,Android,non-Organic,Mykit,249.7,0.0,8336.866666666667,0.029951300648525022,0.0,28,43
2026-04,巴西,Android,non-Organic,Plump,233.4,86.23333333333333,8336.866666666667,0.0279961296410322,0.010343614307533605,30,26
2026-04,巴西,Android,non-Organic,Preset,417.4,40.9,8336.866666666667,0.05006677168880394,0.004905919889966654,19,35
2026-04,巴西,Android,non-Organic,Prism,84.06666666666666,31.4,8336.866666666667,0.010083724500811655,0.0037664030451088734,44,37
2026-04,巴西,Android,non-Organic,Relight,1213.1,521.5333333333333,8336.866666666667,0.14551030363126033,0.06255747563033273,6,6
2026-04,巴西,Android,non-Organic,Reshape,597.1666666666666,263.6333333333333,8336.866666666667,0.07162962903728819,0.0316225920209831,10,11
2026-04,巴西,Android,non-Organic,Resize,150.7,59.7,8336.866666666667,0.018076335633691314,0.00716096375136942,36,30
2026-04,巴西,Android,non-Organic,Skin Tone,370.0,186.8,8336.866666666667,0.04438118237867144,0.022406499644150882,22,15
2026-04,巴西,Android,non-Organic,Smooth,459.0,247.1,8336.866666666667,0.05505665597786538,0.029639432880458685,17,13
2026-04,巴西,Android,non-Organic,Stamp,121.73333333333333,20.266666666666666,8336.866666666667,0.014601808833054784,0.002430969269029931,38,41
2026-04,巴西,Android,non-Organic,Teeth,342.6,0.0,8336.866666666667,0.04109457589981848,0.0,23,43
2026-04,巴西,Android,non-Organic,Text,155.83333333333334,17.033333333333335,8336.866666666667,0.018692074560386397,0.002043133711306406,35,42
2026-04,巴西,Android,non-Organic,Whiten,0.0,0.0,8336.866666666667,0.0,0.0,45,43
2026-04,巴西,iOS,Organic,AI Expand,98.7,41.4,4623.966666666666,0.021345309582681538,0.008953351739848183,35,26
2026-04,巴西,iOS,Organic,AI Image,245.96666666666667,32.333333333333336,4623.966666666666,0.05319386673779367,0.00699255329118578,22,29
2026-04,巴西,iOS,Organic,AI Repair,195.73333333333332,71.53333333333333,4623.966666666666,0.042330178274064836,0.01547012305452029,27,22
2026-04,巴西,iOS,Organic,AI Replace,57.03333333333333,21.233333333333334,4623.966666666666,0.012334287300225637,0.004592016955139527,41,35
2026-04,巴西,iOS,Organic,AI Retouch,958.4666666666667,361.6666666666667,4623.966666666666,0.2072823477677896,0.07821567341171723,5,6
2026-04,巴西,iOS,Organic,AI Tattoo,110.03333333333333,25.233333333333334,4623.966666666666,0.023796307643509543,0.005457075094255294,33,33
2026-04,巴西,iOS,Organic,Acne,646.9,509.23333333333335,4623.966666666666,0.13990152754849733,0.11012910992726305,9,5
2026-04,巴西,iOS,Organic,Adjust,533.1,246.1,4623.966666666666,0.11529062349065378,0.05322270200909753,12,12
2026-04,巴西,iOS,Organic,Background,219.33333333333334,16.5,4623.966666666666,0.04743402129484786,0.0035683648238525366,26,36
2026-04,巴西,iOS,Organic,Blur,285.56666666666666,194.46666666666667,4623.966666666666,0.06175794231503976,0.04205624319667818,19,15
2026-04,巴西,iOS,Organic,Body,497.2,328.3333333333333,4623.966666666666,0.10752672669208978,0.0710068555857525,13,8
2026-04,巴西,iOS,Organic,Bokeh,103.53333333333333,31.4,4623.966666666666,0.02239058816744642,0.006790706392058766,34,32
2026-04,巴西,iOS,Organic,Brighten,187.86666666666667,101.23333333333333,4623.966666666666,0.04062889726713717,0.021893179737454856,28,20
2026-04,巴西,iOS,Organic,Concealer,279.6333333333333,130.83333333333334,4623.966666666666,0.06047477274201804,0.028294609966911532,20,19
2026-04,巴西,iOS,Organic,Contour,78.33333333333333,40.0,4623.966666666666,0.016940721891017092,0.008650581391157664,38,27
2026-04,巴西,iOS,Organic,Crop,293.5,213.66666666666666,4623.966666666666,0.06347364095761937,0.04620852226443386,17,13
2026-04,巴西,iOS,Organic,Dark Circles,240.03333333333333,196.43333333333334,4623.966666666666,0.05191069716477195,0.0424815634484101,23,14
2026-04,巴西,iOS,Organic,Details,74.36666666666666,23.7,4623.966666666666,0.01608287256972729,0.005125469474260917,39,34
2026-04,巴西,iOS,Organic,Effects,287.0,3.6666666666666665,4623.966666666666,0.062067921481556244,0.0007929699608561192,18,42
2026-04,巴西,iOS,Organic,Eraser,569.4666666666667,314.9,4623.966666666666,0.12315544373878129,0.06810170200188871,11,10
2026-04,巴西,iOS,Organic,Expression,163.56666666666666,31.866666666666667,4623.966666666666,0.03537366907200888,0.006891629841622273,30,31
2026-04,巴西,iOS,Organic,Eye Brighten,110.9,79.63333333333334,4623.966666666666,0.02398373690698463,0.01722186578622972,32,21
2026-04,巴西,iOS,Organic,Face,1315.6333333333334,521.6666666666666,4623.966666666666,0.28452483077300156,0.11281799897634787,1,4
2026-04,巴西,iOS,Organic,Face Fix,234.06666666666666,43.666666666666664,4623.966666666666,0.05062031877392427,0.009443551352013784,25,25
2026-04,巴西,iOS,Organic,Filters,1309.6,276.43333333333334,4623.966666666666,0.2832200347465019,0.059782726230725426,2,11
2026-04,巴西,iOS,Organic,Flawless,0.0,0.0,4623.966666666666,0.0,0.0,45,43
2026-04,巴西,iOS,Organic,Glitter,84.36666666666666,11.7,4623.966666666666,0.018245517917516708,0.0025302950569136167,37,39
2026-04,巴西,iOS,Organic,Glowup,277.8333333333333,64.23333333333333,4623.966666666666,0.06008549657941594,0.013891391950634017,21,24
2026-04,巴西,iOS,Organic,Hair,626.9333333333333,170.86666666666667,4623.966666666666,0.13558344567074446,0.03695240017589516,10,17
2026-04,巴西,iOS,Organic,Magic,1263.2666666666667,728.9666666666667,4623.966666666666,0.273199777968411,0.15764963703602247,3,2
2026-04,巴西,iOS,Organic,Makeup,686.1,349.93333333333334,4623.966666666666,0.14837909731183185,0.07567816953697763,8,7
2026-04,巴西,iOS,Organic,Matte,70.9,32.233333333333334,4623.966666666666,0.015333155515826962,0.006970926837707885,40,30
2026-04,巴西,iOS,Organic,Muscle,141.56666666666666,39.666666666666664,4623.966666666666,0.030615849306872167,0.008578493212898016,31,28
2026-04,巴西,iOS,Organic,Mykit,85.06666666666666,0.0,4623.966666666666,0.018396903091861965,0.0,36,43
2026-04,巴西,iOS,Organic,Plump,235.03333333333333,71.3,4623.966666666666,0.050829374490877245,0.015419661329738536,24,23
2026-04,巴西,iOS,Organic,Preset,180.7,15.733333333333333,4623.966666666666,0.03907900143455475,0.003402562013855348,29,37
2026-04,巴西,iOS,Organic,Prism,47.333333333333336,15.7,4623.966666666666,0.010236521312869904,0.003395353196029383,43,38
2026-04,巴西,iOS,Organic,Relight,758.4333333333333,326.3666666666667,4623.966666666666,0.1640222319941753,0.07058153533402058,7,9
2026-04,巴西,iOS,Organic,Reshape,1049.9333333333334,821.5666666666667,4623.966666666666,0.22706334388223678,0.17767573295655248,4,1
2026-04,巴西,iOS,Organic,Resize,305.2,158.5,4623.966666666666,0.06600393601453299,0.034277928762462245,16,18
2026-04,巴西,iOS,Organic,Skin Tone,308.26666666666665,186.33333333333334,4623.966666666666,0.06666714725452173,0.04029729164714279,15,16
2026-04,巴西,iOS,Organic,Smooth,823.9,660.3,4623.966666666666,0.17818035020437,0.14279947231453513,6,3
2026-04,巴西,iOS,Organic,Stamp,50.0,10.2,4623.966666666666,0.010813226738947081,0.0022058982547452045,42,40
2026-04,巴西,iOS,Organic,Teeth,357.56666666666666,0.0,4623.966666666666,0.07732898881912356,0.0,14,43
2026-04,巴西,iOS,Organic,Text,45.63333333333333,4.033333333333333,4623.966666666666,0.009868871603745702,0.0008722669569417312,44,41
2026-04,巴西,iOS,Organic,Whiten,0.0,0.0,4623.966666666666,0.0,0.0,45,43
2026-04,巴西,iOS,non-Organic,AI Expand,21.133333333333333,7.533333333333333,735.6,0.028729381910458582,0.010241073046945803,24,20
2026-04,巴西,iOS,non-Organic,AI Image,123.56666666666666,32.1,735.6,0.16798078665941635,0.04363784665579119,7,7
2026-04,巴西,iOS,non-Organic,AI Repair,25.433333333333334,9.233333333333333,735.6,0.03457495015406924,0.0125521116548849,20,17
2026-04,巴西,iOS,non-Organic,AI Replace,9.6,4.433333333333334,735.6,0.013050570962479607,0.006026826173645097,36,29
2026-04,巴西,iOS,non-Organic,AI Retouch,158.8,47.9,735.6,0.21587819467101688,0.06511691136487222,3,5
2026-04,巴西,iOS,non-Organic,AI Tattoo,57.6,24.633333333333333,735.6,0.07830342577487764,0.0334874025738626,10,9
2026-04,巴西,iOS,non-Organic,Acne,16.333333333333332,7.033333333333333,735.6,0.022204096429218775,0.009561355809316658,29,21
2026-04,巴西,iOS,non-Organic,Adjust,40.766666666666666,12.333333333333334,735.6,0.055419612108029724,0.01676635852818561,15,16
2026-04,巴西,iOS,non-Organic,Background,38.333333333333336,4.266666666666667,735.6,0.052111654884901215,0.005800253761102048,17,30
2026-04,巴西,iOS,non-Organic,Blur,14.733333333333333,5.533333333333333,735.6,0.020029001268805507,0.007522204096429218,31,25
2026-04,巴西,iOS,non-Organic,Body,50.6,24.9,735.6,0.0687873844480696,0.03384991843393148,12,8
2026-04,巴西,iOS,non-Organic,Bokeh,8.5,1.6333333333333333,735.6,0.011555193039695487,0.0022204096429218776,37,37
2026-04,巴西,iOS,non-Organic,Brighten,12.5,5.533333333333333,735.6,0.016992930940728658,0.007522204096429218,33,25
2026-04,巴西,iOS,non-Organic,Concealer,16.033333333333335,6.133333333333334,735.6,0.021796266086641293,0.008337864781584195,30,23
2026-04,巴西,iOS,non-Organic,Contour,4.233333333333333,2.1666666666666665,735.6,0.005754939278593438,0.0029454413630596336,42,34
2026-04,巴西,iOS,non-Organic,Crop,21.066666666666666,13.2,735.6,0.02863875294544136,0.01794453507340946,25,14
2026-04,巴西,iOS,non-Organic,Dark Circles,8.2,4.733333333333333,735.6,0.011147362697117998,0.006434656516222585,38,28
2026-04,巴西,iOS,non-Organic,Details,3.8,1.5333333333333334,735.6,0.005165851005981511,0.002084466195396049,43,39
2026-04,巴西,iOS,non-Organic,Effects,60.166666666666664,1.6,735.6,0.0817926409280406,0.0021750951604132683,9,38
2026-04,巴西,iOS,non-Organic,Eraser,57.5,23.966666666666665,735.6,0.07816748232735182,0.03258111292369041,11,10
2026-04,巴西,iOS,non-Organic,Expression,20.333333333333332,4.8,735.6,0.027641834330251944,0.006525285481239804,26,27
2026-04,巴西,iOS,non-Organic,Eye Brighten,4.933333333333334,2.2333333333333334,735.6,0.0067065434112742435,0.0030360703280768535,41,33
2026-04,巴西,iOS,non-Organic,Face,138.66666666666666,52.1,735.6,0.18850824723581655,0.07082653616095703,5,3
2026-04,巴西,iOS,non-Organic,Face Fix,24.5,5.9,735.6,0.03330614464382817,0.008020663404023926,22,24
2026-04,巴西,iOS,non-Organic,Filters,239.53333333333333,32.5,735.6,0.32562987130686966,0.04418162044589451,1,6
2026-04,巴西,iOS,non-Organic,Flawless,0.0,0.0,735.6,0.0,0.0,45,43
2026-04,巴西,iOS,non-Organic,Glitter,14.533333333333333,3.1333333333333333,735.6,0.01975711437375385,0.004259561355809316,32,31
2026-04,巴西,iOS,non-Organic,Glowup,41.9,7.6,735.6,0.05696030451332246,0.010331702011963022,14,19
2026-04,巴西,iOS,non-Organic,Hair,223.06666666666666,59.766666666666666,735.6,0.30324451694761645,0.08124886713793728,2,1
2026-04,巴西,iOS,non-Organic,Magic,133.06666666666666,49.53333333333333,735.6,0.1808954141743701,0.06733732100779409,6,4
2026-04,巴西,iOS,non-Organic,Makeup,66.8,23.466666666666665,735.6,0.09081022294725394,0.03190139568606126,8,11
2026-04,巴西,iOS,non-Organic,Matte,3.566666666666667,1.4333333333333333,735.6,0.004848649628421244,0.0019485227478702194,44,41
2026-04,巴西,iOS,non-Organic,Muscle,44.36666666666667,13.666666666666666,735.6,0.06031357621895958,0.01857893782853,13,13
2026-04,巴西,iOS,non-Organic,Mykit,21.9,0.0,735.6,0.029771615008156605,0.0,23,43
2026-04,巴西,iOS,non-Organic,Plump,16.9,6.2,735.6,0.02297444263186514,0.008428493746601413,28,22
2026-04,巴西,iOS,non-Organic,Preset,35.4,1.5,735.6,0.04812398042414355,0.0020391517128874386,18,40
2026-04,巴西,iOS,non-Organic,Prism,6.2,2.0,735.6,0.008428493746601413,0.002718868950516585,40,35
2026-04,巴西,iOS,non-Organic,Relight,141.63333333333333,58.86666666666667,735.6,0.1925412361790828,0.08002537611020481,4,2
2026-04,巴西,iOS,non-Organic,Reshape,38.93333333333333,13.8,735.6,0.052927315570056185,0.018760195758564437,16,12
2026-04,巴西,iOS,non-Organic,Resize,7.933333333333334,3.1,735.6,0.010784846837049122,0.0042142468733007065,39,32
2026-04,巴西,iOS,non-Organic,Skin Tone,17.266666666666666,8.033333333333333,735.6,0.02347290193945985,0.01092079028457495,27,18
2026-04,巴西,iOS,non-Organic,Smooth,25.766666666666666,12.466666666666667,735.6,0.035028094979155336,0.016947616458220047,19,15
2026-04,巴西,iOS,non-Organic,Stamp,12.3,1.8666666666666667,735.6,0.016721044045676998,0.002537611020482146,34,36
2026-04,巴西,iOS,non-Organic,Teeth,25.266666666666666,0.0,735.6,0.03434837774152619,0.0,21,43
2026-04,巴西,iOS,non-Organic,Text,11.033333333333333,0.43333333333333335,735.6,0.014999093710349827,0.0005890882726119267,35,42
2026-04,巴西,iOS,non-Organic,Whiten,0.0,0.0,735.6,0.0,0.0,45,43
2026-04,整体,Android,Organic,AI Expand,269.5,105.26666666666667,6607.5,0.04078698448732501,0.015931391095976796,31,24
2026-04,整体,Android,Organic,AI Image,730.8666666666667,106.9,6607.5,0.110611678648001,0.01617858494135452,11,23
2026-04,整体,Android,Organic,AI Repair,440.73333333333335,197.33333333333334,6607.5,0.0667019800731492,0.02986505233951318,20,18
2026-04,整体,Android,Organic,AI Replace,204.26666666666668,88.93333333333334,6607.5,0.03091436498927986,0.013459452642199521,37,27
2026-04,整体,Android,Organic,AI Retouch,1425.3666666666666,562.6,6607.5,0.2157195106570816,0.08514566780174045,4,4
2026-04,整体,Android,Organic,AI Tattoo,197.86666666666667,49.233333333333334,6607.5,0.02994576869718754,0.0074511287678143525,38,38
2026-04,整体,Android,Organic,Acne,463.56666666666666,303.7,6607.5,0.07015764913608273,0.04596292092319334,18,13
2026-04,整体,Android,Organic,Adjust,736.0333333333333,372.6333333333333,6607.5,0.11139361836297136,0.05639551015260436,10,10
2026-04,整体,Android,Organic,Background,544.7,67.5,6607.5,0.08243662504729475,0.01021566401816118,15,32
2026-04,整体,Android,Organic,Blur,465.56666666666666,220.13333333333333,6607.5,0.07046033547736158,0.033315676630092064,17,16
2026-04,整体,Android,Organic,Body,432.2,233.5,6607.5,0.06541051835035944,0.03533863034430571,21,15
2026-04,整体,Android,Organic,Bokeh,380.6666666666667,212.9,6607.5,0.05761130029007441,0.03222096102913356,23,17
2026-04,整体,Android,Organic,Brighten,290.23333333333335,150.13333333333333,6607.5,0.043924832891915754,0.022721654685332323,28,20
2026-04,整体,Android,Organic,Collarbone,0.0,0.0,6607.5,0.0,0.0,45,43
2026-04,整体,Android,Organic,Concealer,343.0,151.5,6607.5,0.05191070752932274,0.02292849035187287,26,19
2026-04,整体,Android,Organic,Contour,137.53333333333333,61.1,6607.5,0.02081473073527557,0.00924706772606886,42,33
2026-04,整体,Android,Organic,Crop,475.76666666666665,345.5,6607.5,0.07200403581788371,0.0522890654559213,16,12
2026-04,整体,Android,Organic,Dark Circles,218.36666666666667,140.26666666666668,6607.5,0.03304830369529575,0.021228402068356668,36,21
2026-04,整体,Android,Organic,Details,134.6,55.9,6607.5,0.02037079076806659,0.008460083238743851,43,35
2026-04,整体,Android,Organic,Effects,570.0,27.433333333333334,6607.5,0.08626560726447219,0.004151847647874889,14,41
2026-04,整体,Android,Organic,Eraser,823.0666666666667,375.3333333333333,6607.5,0.124565518980956,0.05680413671333081,8,9
2026-04,整体,Android,Organic,Expression,275.3333333333333,73.1,6607.5,0.04166981964938832,0.011063185773741959,30,30
2026-04,整体,Android,Organic,Eye Brighten,158.0,97.43333333333334,6607.5,0.023912220961029133,0.014745869592634632,40,26
2026-04,整体,Android,Organic,Face,1585.9,639.6,6607.5,0.24001513431706395,0.09679909194097616,3,2
2026-04,整体,Android,Organic,Face Fix,364.26666666666665,88.23333333333333,6607.5,0.05512927229158784,0.013353512422751923,24,28
2026-04,整体,Android,Organic,Filters,1884.8,565.9,6607.5,0.28525160802118804,0.08564510026485055,1,3
2026-04,整体,Android,Organic,Flawless,0.0,0.0,6607.5,0.0,0.0,45,43
2026-04,整体,Android,Organic,Glitter,289.4,41.266666666666666,6607.5,0.04379871358304956,0.006245428175053601,29,39
2026-04,整体,Android,Organic,Glowup,416.1333333333333,111.0,6607.5,0.06297893807541935,0.016799091940976164,22,22
2026-04,整体,Android,Organic,Hair,1380.6333333333334,389.96666666666664,6607.5,0.20894942615714468,0.05901879177702106,5,8
2026-04,整体,Android,Organic,Magic,1638.4666666666667,778.0666666666667,6607.5,0.24797074032034305,0.11775507630218188,2,1
2026-04,整体,Android,Organic,Makeup,916.6,421.93333333333334,6607.5,0.13872115020809686,0.06385672846512801,7,6
2026-04,整体,Android,Organic,Matte,124.16666666666667,53.63333333333333,6607.5,0.018791777021061926,0.008117038718627822,44,36
2026-04,整体,Android,Organic,Muscle,243.0,71.0,6607.5,0.03677639046538025,0.010745365115399167,35,31
2026-04,整体,Android,Organic,Mykit,360.03333333333336,0.0,6607.5,0.054488586202547616,0.0,25,43
2026-04,整体,Android,Organic,Plump,264.8,84.2,6607.5,0.040075671585319717,0.012743094967839578,32,29
2026-04,整体,Android,Organic,Preset,573.0,57.5,6607.5,0.08671963677639047,0.00870223231176693,13,34
2026-04,整体,Android,Organic,Prism,137.96666666666667,52.43333333333333,6607.5,0.02088031277588599,0.007935426913860512,41,37
2026-04,整体,Android,Organic,Relight,916.9,407.46666666666664,6607.5,0.13876655315928868,0.06166729726321099,6,7
2026-04,整体,Android,Organic,Reshape,667.1,362.1,6607.5,0.10096102913356035,0.05480136208853576,12,11
2026-04,整体,Android,Organic,Resize,246.03333333333333,103.56666666666666,6607.5,0.03723546474965317,0.01567410770588977,33,25
2026-04,整体,Android,Organic,Skin Tone,460.6,290.93333333333334,6607.5,0.06970866439651911,0.04403077311136335,19,14
2026-04,整体,Android,Organic,Smooth,760.6666666666666,550.6333333333333,6607.5,0.11512170513305586,0.08333459452642199,9,5
2026-04,整体,Android,Organic,Stamp,159.73333333333332,30.366666666666667,6607.5,0.024174549123470803,0.00459578761508387,39,40
2026-04,整体,Android,Organic,Teeth,320.26666666666665,0.0,6607.5,0.04847017278345314,0.0,27,43
2026-04,整体,Android,Organic,Text,245.86666666666667,21.733333333333334,6607.5,0.037210240887879935,0.003289191575230168,34,42
2026-04,整体,Android,Organic,Whiten,0.0,0.0,6607.5,0.0,0.0,45,43
2026-04,整体,Android,non-Organic,AI Expand,382.3333333333333,152.83333333333334,13076.1,0.02923909524501444,0.011687990557837072,29,22
2026-04,整体,Android,non-Organic,AI Image,1651.7333333333333,321.0,13076.1,0.12631697014655235,0.0245486039415422,7,13
2026-04,整体,Android,non-Organic,AI Repair,532.6333333333333,216.96666666666667,13076.1,0.04073334811857766,0.016592612986033043,24,19
2026-04,整体,Android,non-Organic,AI Replace,225.53333333333333,109.36666666666666,13076.1,0.017247752260485413,0.008363859764506746,37,29
2026-04,整体,Android,non-Organic,AI Retouch,3117.4666666666667,985.5333333333333,13076.1,0.23840951557931392,0.07536905754264141,2,4
2026-04,整体,Android,non-Organic,AI Tattoo,637.6333333333333,206.8,13076.1,0.04876326529571763,0.015815113068881396,19,20
2026-04,整体,Android,non-Organic,Acne,454.8333333333333,226.86666666666667,13076.1,0.034783561867325376,0.017349719462734812,26,17
2026-04,整体,Android,non-Organic,Adjust,721.8,287.3666666666667,13076.1,0.05519994493771078,0.021976481264801177,16,15
2026-04,整体,Android,non-Organic,Background,692.5666666666667,93.86666666666666,13076.1,0.05296431402839277,0.007178491038357512,18,30
2026-04,整体,Android,non-Organic,Blur,329.9,147.8,13076.1,0.02522923501655692,0.0113030643693456,33,23
2026-04,整体,Android,non-Organic,Body,853.0,407.8,13076.1,0.0652335176390514,0.031186668807977914,11,10
2026-04,整体,Android,non-Organic,Bokeh,194.73333333333332,54.13333333333333,13076.1,0.014892309888524354,0.004139868411325497,39,37
2026-04,整体,Android,non-Organic,Brighten,370.7,159.7,13076.1,0.028349431405388457,0.012213121649421463,31,21
2026-04,整体,Android,non-Organic,Collarbone,0.0,0.0,13076.1,0.0,0.0,45,44
2026-04,整体,Android,non-Organic,Concealer,591.0666666666667,239.76666666666668,13076.1,0.045202060757157464,0.018336252144497724,21,16
2026-04,整体,Android,non-Organic,Contour,173.46666666666667,71.93333333333334,13076.1,0.013265933012646482,0.005501130561354941,41,33
2026-04,整体,Android,non-Organic,Crop,623.0666666666667,417.0,13076.1,0.047649273611142975,0.03189024250349875,20,9
2026-04,整体,Android,non-Organic,Dark Circles,300.2,137.1,13076.1,0.022957915586451615,0.010484777571294193,34,25
2026-04,整体,Android,non-Organic,Details,150.36666666666667,49.266666666666666,13076.1,0.011499351233675688,0.0037676881231152,42,40
2026-04,整体,Android,non-Organic,Effects,766.1333333333333,57.666666666666664,13076.1,0.058590354412503216,0.0044100814972863975,12,36
2026-04,整体,Android,non-Organic,Eraser,1432.7,609.4333333333333,13076.1,0.10956630799703275,0.046606658968142894,9,8
2026-04,整体,Android,non-Organic,Expression,427.8,112.03333333333333,13076.1,0.03271617684171886,0.008567794169005539,28,28
2026-04,整体,Android,non-Organic,Eye Brighten,182.2,79.06666666666666,13076.1,0.013933818187380029,0.006046655093389211,40,32
2026-04,整体,Android,non-Organic,Face,2893.8,1008.8666666666667,13076.1,0.22130451740197765,0.07715348358200584,4,3
2026-04,整体,Android,non-Organic,Face Fix,520.7,134.36666666666667,13076.1,0.03982074165844556,0.01027574480668293,25,26
2026-04,整体,Android,non-Organic,Filters,2944.366666666667,777.6,13076.1,0.225171623547286,0.05946727235184803,3,5
2026-04,整体,Android,non-Organic,Flawless,0.0,0.0,13076.1,0.0,0.0,45,44
2026-04,整体,Android,non-Organic,Glitter,362.96666666666664,68.36666666666666,13076.1,0.027758021632341954,0.005228368295337804,32,35
2026-04,整体,Android,non-Organic,Glowup,732.9666666666667,144.03333333333333,13076.1,0.05605392025654948,0.011015007022991054,15,24
2026-04,整体,Android,non-Organic,Hair,4779.1,1212.4333333333334,13076.1,0.36548359220256804,0.09272132618543245,1,1
2026-04,整体,Android,non-Organic,Magic,2582.1666666666665,1019.3,13076.1,0.19747223305623746,0.07795137693960737,5,2
2026-04,整体,Android,non-Organic,Makeup,1649.2,717.2333333333333,13076.1,0.1261232324622785,0.0548507072700066,8,7
2026-04,整体,Android,non-Organic,Matte,150.36666666666667,53.166666666666664,13076.1,0.011499351233675688,0.004065942189694685,42,38
2026-04,整体,Android,non-Organic,Muscle,754.4333333333333,222.56666666666666,13076.1,0.05769559221276476,0.017020875235480508,13,18
2026-04,整体,Android,non-Organic,Mykit,431.8333333333333,0.0,13076.1,0.03302462762852328,0.0,27,44
2026-04,整体,Android,non-Organic,Plump,375.6333333333333,123.56666666666666,13076.1,0.028726710053711222,0.009449810468462818,30,27
2026-04,整体,Android,non-Organic,Preset,700.4,68.43333333333334,13076.1,0.05356337134160797,0.005233466655450275,17,34
2026-04,整体,Android,non-Organic,Prism,140.43333333333334,49.96666666666667,13076.1,0.010739695576917684,0.0038212209042961334,44,39
2026-04,整体,Android,non-Organic,Relight,1784.0666666666666,726.9666666666667,13076.1,0.13643721496980496,0.0555950678464272,6,6
2026-04,整体,Android,non-Organic,Reshape,952.0333333333333,374.06666666666666,13076.1,0.07280713158612531,0.028606898591068183,10,12
2026-04,整体,Android,non-Organic,Resize,243.33333333333334,92.73333333333333,13076.1,0.01860901441051486,0.007091818916445525,36,31
2026-04,整体,Android,non-Organic,Skin Tone,586.3,295.5,13076.1,0.04483752800911586,0.022598481198522494,22,14
2026-04,整体,Android,non-Organic,Smooth,744.5,400.1666666666667,13076.1,0.05693593655600676,0.03060290657510012,14,11
2026-04,整体,Android,non-Organic,Stamp,197.9,32.5,13076.1,0.015134481993866673,0.002485450554829039,38,41
2026-04,整体,Android,non-Organic,Teeth,543.2666666666667,0.03333333333333333,13076.1,0.04154653655651659,2.549180056234912e-06,23,43
2026-04,整体,Android,non-Organic,Text,259.3,26.766666666666666,13076.1,0.019830071657451383,0.0020469915851566343,35,42
2026-04,整体,Android,non-Organic,Whiten,0.0,0.0,13076.1,0.0,0.0,45,44
2026-04,整体,iOS,Organic,AI Expand,371.0,125.86666666666666,16087.566666666668,0.023061287495312114,0.007823847401823767,38,30
2026-04,整体,iOS,Organic,AI Image,1100.1,134.33333333333334,16087.566666666668,0.06838200100698882,0.0083501337471795,18,28
2026-04,整体,iOS,Organic,AI Repair,737.6333333333333,252.76666666666668,16087.566666666668,0.04585114384400375,0.015711926601702765,29,24
2026-04,整体,iOS,Organic,AI Replace,266.93333333333334,108.4,16087.566666666668,0.01659252383310507,0.006738122815341869,41,33
2026-04,整体,iOS,Organic,AI Retouch,4376.566666666667,1710.5666666666666,16087.566666666668,0.2720465286857138,0.10632848970322836,4,4
2026-04,整体,iOS,Organic,AI Tattoo,388.23333333333335,82.93333333333334,16087.566666666668,0.024132508127394446,0.005155119792303373,37,37
2026-04,整体,iOS,Organic,Acne,1953.1333333333334,1411.1333333333334,16087.566666666668,0.12140638629832148,0.08771577222161214,10,7
2026-04,整体,iOS,Organic,Adjust,1798.8666666666666,904.4333333333333,16087.566666666668,0.11181720044672178,0.056219399246208765,12,13
2026-04,整体,iOS,Organic,Background,908.4333333333333,83.66666666666667,16087.566666666668,0.05646803846448706,0.005200703648987727,22,36
2026-04,整体,iOS,Organic,Blur,824.7333333333333,474.6666666666667,16087.566666666668,0.051265262822013685,0.02950518723569133,26,18
2026-04,整体,iOS,Organic,Body,1488.3333333333333,930.8,16087.566666666668,0.09251450913438328,0.05785834609335987,14,11
2026-04,整体,iOS,Organic,Bokeh,329.8666666666667,101.73333333333333,16087.566666666668,0.02050444753401695,0.006323724118211372,40,34
2026-04,整体,iOS,Organic,Brighten,890.9333333333333,462.03333333333336,16087.566666666668,0.05538024188451951,0.02871990170462904,23,19
2026-04,整体,iOS,Organic,Concealer,1118.6,514.1,16087.566666666668,0.06953195739152596,0.03195635552921822,17,17
2026-04,整体,iOS,Organic,Contour,413.23333333333335,211.5,16087.566666666668,0.02568650324163381,0.013146798666464992,35,25
2026-04,整体,iOS,Organic,Crop,762.3,522.1333333333333,16087.566666666668,0.04738441902338659,0.032455705959260464,27,16
2026-04,整体,iOS,Organic,Dark Circles,760.4666666666667,552.1,16087.566666666668,0.047270459381675706,0.03431842810286204,28,15
2026-04,整体,iOS,Organic,Details,395.8,129.33333333333334,16087.566666666668,0.02460285064863756,0.008039334724331626,36,29
2026-04,整体,iOS,Organic,Effects,1268.3666666666666,24.0,16087.566666666668,0.07884142412256255,0.0014918353096697863,16,41
2026-04,整体,iOS,Organic,Eraser,1850.3,952.8666666666667,16087.566666666668,0.11501428639508357,0.05923000578086182,11,10
2026-04,整体,iOS,Organic,Expression,604.5666666666667,120.8,16087.566666666668,0.037579745849279055,0.007508904392004591,30,31
2026-04,整体,iOS,Organic,Eye Brighten,489.56666666666666,321.1333333333333,16087.566666666668,0.030431368323777987,0.019961585240776,32,22
2026-04,整体,iOS,Organic,Face,5231.766666666666,2205.4,16087.566666666668,0.32520559355361384,0.13708723299773945,1,2
2026-04,整体,iOS,Organic,Face Fix,992.9333333333333,169.1,16087.566666666668,0.061720541950616103,0.010511222952715036,21,27
2026-04,整体,iOS,Organic,Filters,4809.133333333333,957.5666666666667,16087.566666666668,0.298934788149026,0.059522156862338825,2,9
2026-04,整体,iOS,Organic,Flawless,0.0,0.0,16087.566666666668,0.0,0.0,45,43
2026-04,整体,iOS,Organic,Glitter,464.6,73.7,16087.566666666668,0.02887944520302428,0.004581177596777636,33,38
2026-04,整体,iOS,Organic,Glowup,1378.2666666666667,421.56666666666666,16087.566666666668,0.08567278664475879,0.026204501613046927,15,20
2026-04,整体,iOS,Organic,Hair,2499.2,667.8,16087.566666666668,0.1553497835802804,0.0415103174915618,9,14
2026-04,整体,iOS,Organic,Magic,4688.333333333333,2456.766666666667,16087.566666666668,0.29142588375702144,0.15271213587304483,3,1
2026-04,整体,iOS,Organic,Makeup,2600.0,1107.1666666666667,16087.566666666668,0.16161549188089352,0.06882126362594716,7,8
2026-04,整体,iOS,Organic,Matte,360.73333333333335,172.8,16087.566666666668,0.02242311350173115,0.010741214229622462,39,26
2026-04,整体,iOS,Organic,Muscle,424.3333333333333,110.8,16087.566666666668,0.026376477072356082,0.006887306346308846,34,32
2026-04,整体,iOS,Organic,Mykit,500.1666666666667,0.0,16087.566666666668,0.031090262252215478,0.0,31,43
2026-04,整体,iOS,Organic,Plump,858.2333333333333,269.6,16087.566666666668,0.05334761627509443,0.016758283311957268,24,23
2026-04,整体,iOS,Organic,Preset,1015.2,94.4,16087.566666666668,0.06310463359903197,0.005867885551367826,20,35
2026-04,整体,iOS,Organic,Prism,170.36666666666667,50.96666666666667,16087.566666666668,0.01058995870516983,0.0031680780395626435,44,39
2026-04,整体,iOS,Organic,Relight,3092.133333333333,1463.8666666666666,16087.566666666668,0.19220640370306674,0.09099366591591435,5,6
2026-04,整体,iOS,Organic,Reshape,2521.233333333333,1670.5333333333333,16087.566666666668,0.1567193712742967,0.10384002552695974,8,5
2026-04,整体,iOS,Organic,Resize,841.9666666666667,379.6666666666667,16087.566666666668,0.05233648345409602,0.02360000580158176,25,21
2026-04,整体,iOS,Organic,Skin Tone,1507.7,918.3333333333334,16087.566666666668,0.09371833734954738,0.057083420529725856,13,12
2026-04,整体,iOS,Organic,Smooth,2897.0,2177.9,16087.566666666668,0.18007695383805714,0.13537783837207615,6,3
2026-04,整体,iOS,Organic,Stamp,219.53333333333333,47.2,16087.566666666668,0.01364614909650724,0.002933942775683913,43,40
2026-04,整体,iOS,Organic,Teeth,1019.5333333333333,0.0,16087.566666666668,0.06337399275216678,0.0,19,43
2026-04,整体,iOS,Organic,Text,254.73333333333332,18.666666666666668,16087.566666666668,0.015834174217356257,0.0011603163519653893,42,42
2026-04,整体,iOS,Organic,Whiten,0.0,0.0,16087.566666666668,0.0,0.0,45,43
2026-04,整体,iOS,non-Organic,AI Expand,108.4,41.733333333333334,4173.7,0.025972158995615405,0.009999121482936803,34,28
2026-04,整体,iOS,non-Organic,AI Image,420.3666666666667,64.2,4173.7,0.1007179880361949,0.015382035124709491,10,22
2026-04,整体,iOS,non-Organic,AI Repair,189.16666666666666,67.7,4173.7,0.045323493942225526,0.01622061959412512,23,21
2026-04,整体,iOS,non-Organic,AI Replace,69.83333333333333,32.5,4173.7,0.01673175679453083,0.007786855787430817,39,32
2026-04,整体,iOS,non-Organic,AI Retouch,1082.5666666666666,341.1666666666667,4173.7,0.2593781696496314,0.08174201947113273,3,3
2026-04,整体,iOS,non-Organic,AI Tattoo,146.46666666666667,39.666666666666664,4173.7,0.03509276341535488,0.009503957320043766,29,29
2026-04,整体,iOS,non-Organic,Acne,263.43333333333334,158.73333333333332,4173.7,0.06311745773134948,0.03803180231768774,16,12
2026-04,整体,iOS,non-Organic,Adjust,261.4,95.16666666666667,4173.7,0.06263028008721278,0.022801511049348702,17,15
2026-04,整体,iOS,non-Organic,Background,225.76666666666668,25.866666666666667,4173.7,0.05409269153668608,0.006197538554919297,20,35
2026-04,整体,iOS,non-Organic,Blur,118.66666666666667,58.4,4173.7,0.028432006772567908,0.013992380861106452,33,23
2026-04,整体,iOS,non-Organic,Body,357.1333333333333,201.66666666666666,4173.7,0.08556756195541926,0.04831843847585276,13,9
2026-04,整体,iOS,non-Organic,Bokeh,48.833333333333336,9.8,4173.7,0.011700249978037074,0.0023480365143637542,42,38
2026-04,整体,iOS,non-Organic,Brighten,166.63333333333333,81.63333333333334,4173.7,0.03992460726294016,0.019558984434274947,25,18
2026-04,整体,iOS,non-Organic,Concealer,210.33333333333334,88.13333333333334,4173.7,0.05039493335250098,0.02111635559176111,22,17
2026-04,整体,iOS,non-Organic,Contour,78.2,38.3,4173.7,0.018736373002372,0.009176510051033855,38,30
2026-04,整体,iOS,non-Organic,Crop,135.06666666666666,89.83333333333333,4173.7,0.03236137400068684,0.021523668048334412,30,16
2026-04,整体,iOS,non-Organic,Dark Circles,121.8,77.33333333333333,4173.7,0.0291827395356638,0.018528723514707173,32,19
2026-04,整体,iOS,non-Organic,Details,86.06666666666666,27.7,4173.7,0.02062119142886807,0.0066367970865179576,37,34
2026-04,整体,iOS,non-Organic,Effects,278.8333333333333,5.9,4173.7,0.06680722939677823,0.001413613819872056,14,41
2026-04,整体,iOS,non-Organic,Eraser,396.8666666666667,209.5,4173.7,0.0950874923129757,0.0501952703835925,11,8
2026-04,整体,iOS,non-Organic,Expression,157.16666666666666,35.7,4173.7,0.03765643593613979,0.008553561588039391,28,31
2026-04,整体,iOS,non-Organic,Eye Brighten,89.1,51.13333333333333,4173.7,0.021347964635694945,0.012251319772224486,36,25
2026-04,整体,iOS,non-Organic,Face,1174.1,494.73333333333335,4173.7,0.2813091501545391,0.1185359113815879,2,1
2026-04,整体,iOS,non-Organic,Face Fix,257.5,50.93333333333333,4173.7,0.06169585739272109,0.01220340065968645,18,26
2026-04,整体,iOS,non-Organic,Filters,1049.2666666666667,181.33333333333334,4173.7,0.25139963741204846,0.04344666203448579,4,11
2026-04,整体,iOS,non-Organic,Flawless,0.0,0.0,4173.7,0.0,0.0,45,43
2026-04,整体,iOS,non-Organic,Glitter,98.73333333333333,17.4,4173.7,0.023656068556277006,0.004168962790809114,35,36
2026-04,整体,iOS,non-Organic,Glowup,376.56666666666666,99.33333333333333,4173.7,0.09022370239036506,0.02379982589389111,12,14
2026-04,整体,iOS,non-Organic,Hair,1284.0333333333333,291.6666666666667,4173.7,0.3076486890129462,0.06988203911796888,1,4
2026-04,整体,iOS,non-Organic,Magic,977.3666666666667,427.8666666666667,4173.7,0.23417271645462462,0.10251495475637125,5,2
2026-04,整体,iOS,non-Organic,Makeup,503.1333333333333,186.6,4173.7,0.12054851410818539,0.0447085319979874,7,10
2026-04,整体,iOS,non-Organic,Matte,68.53333333333333,31.6,4173.7,0.0164202825630336,0.007571219781009656,40,33
2026-04,整体,iOS,non-Organic,Muscle,183.8,55.333333333333336,4173.7,0.0440376644224549,0.013257621135523237,24,24
2026-04,整体,iOS,non-Organic,Mykit,130.33333333333334,0.0,4173.7,0.031227288337286663,0.0,31,43
2026-04,整体,iOS,non-Organic,Plump,158.86666666666667,48.56666666666667,4173.7,0.038063748392713107,0.01163635782798636,27,27
2026-04,整体,iOS,non-Organic,Preset,226.86666666666667,15.133333333333333,4173.7,0.05435624665564528,0.0036258795153780417,19,37
2026-04,整体,iOS,non-Organic,Prism,30.866666666666667,7.633333333333334,4173.7,0.0073955163683701915,0.0018289127952016997,44,40
2026-04,整体,iOS,non-Organic,Relight,588.7333333333333,239.6,4173.7,0.14105789427446472,0.05740709682056688,6,6
2026-04,整体,iOS,non-Organic,Reshape,438.6666666666667,219.73333333333332,4173.7,0.10510258683342519,0.05264713164178866,8,7
2026-04,整体,iOS,non-Organic,Resize,159.96666666666667,69.56666666666666,4173.7,0.0383273035116723,0.016667864644480116,26,20
2026-04,整体,iOS,non-Organic,Skin Tone,274.46666666666664,158.36666666666667,4173.7,0.06576099543969778,0.037943950611368016,15,13
2026-04,整体,iOS,non-Organic,Smooth,434.6,287.26666666666665,4173.7,0.1041282315451518,0.06882781864213208,9,5
2026-04,整体,iOS,non-Organic,Stamp,44.6,8.633333333333333,4173.7,0.010685962095981983,0.0020685083578918786,43,39
2026-04,整体,iOS,non-Organic,Teeth,217.33333333333334,0.0,4173.7,0.05207210229133224,0.0,21,43
2026-04,整体,iOS,non-Organic,Text,61.2,3.3,4173.7,0.014663248436638954,0.0007906653568775906,41,42
2026-04,整体,iOS,non-Organic,Whiten,0.0,0.0,4173.7,0.0,0.0,45,43
2026-04,美国,Android,Organic,AI Expand,10.5,4.7,306.6333333333333,0.03424285248396565,0.015327753016632244,32,28
2026-04,美国,Android,Organic,AI Image,28.7,4.566666666666666,306.6333333333333,0.09359713012283943,0.01489292314381998,10,30
2026-04,美国,Android,Organic,AI Repair,18.066666666666666,8.966666666666667,306.6333333333333,0.058919447766061527,0.029242308946624634,21,16
2026-04,美国,Android,Organic,AI Replace,10.233333333333333,5.3,306.6333333333333,0.03337319273834112,0.017284487444287424,33,26
2026-04,美国,Android,Organic,AI Retouch,64.13333333333334,28.233333333333334,306.6333333333333,0.20915316882269816,0.09207522556799652,4,4
2026-04,美国,Android,Organic,AI Tattoo,6.733333333333333,1.6666666666666667,306.6333333333333,0.02195890857701924,0.005435373410153278,41,40
2026-04,美国,Android,Organic,Acne,21.866666666666667,16.166666666666668,306.6333333333333,0.071312099141211,0.0527231220784868,15,11
2026-04,美国,Android,Organic,Adjust,26.533333333333335,14.933333333333334,306.6333333333333,0.08653114468964018,0.04870094575497337,12,12
2026-04,美国,Android,Organic,Background,19.2,4.133333333333334,306.6333333333333,0.06261550168496575,0.01347972605718013,18,32
2026-04,美国,Android,Organic,Blur,13.5,7.9,306.6333333333333,0.04402652462224155,0.02576366996412654,28,19
2026-04,美国,Android,Organic,Body,18.033333333333335,9.733333333333333,306.6333333333333,0.05881074029785847,0.03174258071529514,23,15
2026-04,美国,Android,Organic,Bokeh,7.733333333333333,2.8,306.6333333333333,0.025220132623111208,0.009131427329057506,39,35
2026-04,美国,Android,Organic,Brighten,14.766666666666667,8.4,306.6333333333333,0.04815740841395804,0.02739428198717252,25,17
2026-04,美国,Android,Organic,Concealer,16.0,8.066666666666666,306.6333333333333,0.05217958473747147,0.026307207305141862,24,18
2026-04,美国,Android,Organic,Contour,7.966666666666667,4.466666666666667,306.6333333333333,0.025981084900532667,0.014566800739210784,38,31
2026-04,美国,Android,Organic,Crop,22.866666666666667,19.333333333333332,306.6333333333333,0.07457332318730298,0.06305033155777802,14,7
2026-04,美国,Android,Organic,Dark Circles,11.4,7.7,306.6333333333333,0.03717795412544842,0.025111425154908145,31,21
2026-04,美国,Android,Organic,Details,10.033333333333333,5.2,306.6333333333333,0.03272094792912273,0.016958365039678226,35,27
2026-04,美国,Android,Organic,Effects,24.666666666666668,2.1,306.6333333333333,0.08044352647026852,0.00684857049679313,13,39
2026-04,美国,Android,Organic,Eraser,29.633333333333333,16.966666666666665,306.6333333333333,0.09664093923252527,0.055332101315360364,9,8
2026-04,美国,Android,Organic,Expression,12.633333333333333,4.6,306.6333333333333,0.04120013044896184,0.015001630612023045,30,29
2026-04,美国,Android,Organic,Eye Brighten,10.2,6.833333333333333,306.6333333333333,0.033264485270138054,0.02228503098162844,34,23
2026-04,美国,Android,Organic,Face,74.8,35.1,306.6333333333333,0.2439395586476791,0.11446896401782804,2,2
2026-04,美国,Android,Organic,Face Fix,18.066666666666666,5.766666666666667,306.6333333333333,0.058919447766061527,0.01880639199913034,21,24
2026-04,美国,Android,Organic,Filters,71.33333333333333,28.133333333333333,306.6333333333333,0.23263398195456028,0.09174910316338733,3,5
2026-04,美国,Android,Organic,Flawless,0.0,0.0,306.6333333333333,0.0,0.0,45,43
2026-04,美国,Android,Organic,Glitter,8.6,2.1333333333333333,306.6333333333333,0.02804652679639091,0.006957277964996195,36,38
2026-04,美国,Android,Organic,Glowup,21.1,7.833333333333333,306.6333333333333,0.0688118273725405,0.025546255027720403,17,20
2026-04,美国,Android,Organic,Hair,49.1,16.766666666666666,306.6333333333333,0.16012610066311556,0.05467985650614197,5,9
2026-04,美国,Android,Organic,Magic,75.16666666666667,40.43333333333333,306.6333333333333,0.24513534079791283,0.1318621589303185,1,1
2026-04,美国,Android,Organic,Makeup,42.13333333333333,25.166666666666668,306.6333333333333,0.13740623980867486,0.08207413849331449,6,6
2026-04,美国,Android,Organic,Matte,6.533333333333333,3.533333333333333,306.6333333333333,0.021306663767800847,0.011522991629524948,42,33
2026-04,美国,Android,Organic,Muscle,8.333333333333334,3.1333333333333333,306.6333333333333,0.02717686705076639,0.010218502011088162,37,34
2026-04,美国,Android,Organic,Mykit,14.2,0.0,306.6333333333333,0.04630938145450592,0.0,26,43
2026-04,美国,Android,Organic,Plump,12.933333333333334,5.333333333333333,306.6333333333333,0.04217849766278944,0.017393194912490487,29,25
2026-04,美国,Android,Organic,Preset,19.166666666666668,2.6,306.6333333333333,0.0625067942167627,0.008479182519839113,19,36
2026-04,美国,Android,Organic,Prism,5.233333333333333,2.1666666666666665,306.6333333333333,0.01706707250788129,0.007065985433199261,43,37
2026-04,美国,Android,Organic,Relight,30.033333333333335,14.0,306.6333333333333,0.09794542885096207,0.04565713664528753,8,14
2026-04,美国,Android,Organic,Reshape,28.233333333333334,16.733333333333334,306.6333333333333,0.09207522556799652,0.05457114903793891,11,10
2026-04,美国,Android,Organic,Resize,14.033333333333333,7.5,306.6333333333333,0.0457658441134906,0.024459180345689748,27,22
2026-04,美国,Android,Organic,Skin Tone,21.5,14.266666666666667,306.6333333333333,0.07011631699097728,0.04652679639091206,16,13
2026-04,美国,Android,Organic,Smooth,38.0,30.466666666666665,306.6333333333333,0.12392651375149473,0.0993586259376019,7,3
2026-04,美国,Android,Organic,Stamp,5.233333333333333,1.3,306.6333333333333,0.01706707250788129,0.004239591259919556,43,41
2026-04,美国,Android,Organic,Teeth,18.4,0.0,306.6333333333333,0.06000652244809218,0.0,20,43
2026-04,美国,Android,Organic,Text,7.6,1.3,306.6333333333333,0.024785302750298947,0.004239591259919556,40,41
2026-04,美国,Android,Organic,Whiten,0.0,0.0,306.6333333333333,0.0,0.0,45,43
2026-04,美国,Android,non-Organic,AI Expand,11.7,4.7,362.3333333333333,0.03229070837166513,0.012971481140754372,34,30
2026-04,美国,Android,non-Organic,AI Image,39.43333333333333,4.166666666666667,362.3333333333333,0.10883164673413064,0.011499540018399266,9,32
2026-04,美国,Android,non-Organic,AI Repair,22.7,10.333333333333334,362.3333333333333,0.06264949402023919,0.028518859245630176,24,19
2026-04,美国,Android,non-Organic,AI Replace,8.766666666666667,4.066666666666666,362.3333333333333,0.024195032198712055,0.011223551057957682,39,33
2026-04,美国,Android,non-Organic,AI Retouch,93.03333333333333,36.266666666666666,362.3333333333333,0.25676172953081877,0.1000919963201472,3,3
2026-04,美国,Android,non-Organic,AI Tattoo,8.6,1.6333333333333333,362.3333333333333,0.023735050597976082,0.0045078196872125114,40,38
2026-04,美国,Android,non-Organic,Acne,24.833333333333332,16.333333333333332,362.3333333333333,0.06853725850965961,0.045078196872125116,21,12
2026-04,美国,Android,non-Organic,Adjust,27.6,11.4,362.3333333333333,0.07617295308187673,0.03146274149034039,17,17
2026-04,美国,Android,non-Organic,Background,27.366666666666667,4.833333333333333,362.3333333333333,0.07552897884084638,0.013339466421343146,18,28
2026-04,美国,Android,non-Organic,Blur,17.466666666666665,9.9,362.3333333333333,0.048206071757129716,0.027322907083716652,26,20
2026-04,美国,Android,non-Organic,Body,26.1,14.566666666666666,362.3333333333333,0.072033118675253,0.04020239190432383,20,14
2026-04,美国,Android,non-Organic,Bokeh,7.433333333333334,1.5666666666666667,362.3333333333333,0.02051517939282429,0.004323827046918124,42,39
2026-04,美国,Android,non-Organic,Brighten,20.666666666666668,11.0,362.3333333333333,0.05703771849126035,0.03035878564857406,25,18
2026-04,美国,Android,non-Organic,Concealer,26.233333333333334,11.766666666666667,362.3333333333333,0.07240110395584178,0.032474701011959525,19,15
2026-04,美国,Android,non-Organic,Contour,11.9,4.6,362.3333333333333,0.0328426862925483,0.012695492180312786,33,31
2026-04,美国,Android,non-Organic,Crop,23.133333333333333,18.6,362.3333333333333,0.06384544618215271,0.05133394664213432,23,9
2026-04,美国,Android,non-Organic,Dark Circles,13.8,8.666666666666666,362.3333333333333,0.038086476540938365,0.02391904323827047,32,22
2026-04,美国,Android,non-Organic,Details,15.333333333333334,6.4,362.3333333333333,0.0423183072677093,0.01766329346826127,31,25
2026-04,美国,Android,non-Organic,Effects,36.56666666666667,2.5,362.3333333333333,0.10091996320147195,0.0068997240110395585,12,36
2026-04,美国,Android,non-Organic,Eraser,38.766666666666666,19.566666666666666,362.3333333333333,0.10699172033118676,0.05400183992640294,11,8
2026-04,美国,Android,non-Organic,Expression,15.4,5.1,362.3333333333333,0.042502299908003686,0.014075436982520699,30,26
2026-04,美国,Android,non-Organic,Eye Brighten,11.233333333333333,7.466666666666667,362.3333333333333,0.031002759889604416,0.020607175712971482,35,24
2026-04,美国,Android,non-Organic,Face,103.0,47.5,362.3333333333333,0.2842686292548298,0.1310947562097516,1,1
2026-04,美国,Android,non-Organic,Face Fix,29.0,9.433333333333334,362.3333333333333,0.08003679852805888,0.026034958601655937,14,21
2026-04,美国,Android,non-Organic,Filters,90.66666666666667,30.666666666666668,362.3333333333333,0.250229990800368,0.0846366145354186,4,5
2026-04,美国,Android,non-Organic,Flawless,0.0,0.0,362.3333333333333,0.0,0.0,45,43
2026-04,美国,Android,non-Organic,Glitter,10.833333333333334,1.7333333333333334,362.3333333333333,0.02989880404783809,0.004783808647654094,36,37
2026-04,美国,Android,non-Organic,Glowup,30.333333333333332,11.7,362.3333333333333,0.08371665133394664,0.03229070837166513,13,16
2026-04,美国,Android,non-Organic,Hair,72.3,20.666666666666668,362.3333333333333,0.19954001839926402,0.05703771849126035,5,7
2026-04,美国,Android,non-Organic,Magic,100.56666666666666,46.7,362.3333333333333,0.27755289788408466,0.12888684452621896,2,2
2026-04,美国,Android,non-Organic,Makeup,49.5,23.333333333333332,362.3333333333333,0.13661453541858326,0.06439742410303588,6,6
2026-04,美国,Android,non-Organic,Matte,9.3,4.766666666666667,362.3333333333333,0.02566697332106716,0.013155473781048758,37,29
2026-04,美国,Android,non-Organic,Muscle,9.066666666666666,2.933333333333333,362.3333333333333,0.0250229990800368,0.008095676172953082,38,35
2026-04,美国,Android,non-Organic,Mykit,17.2,0.0,362.3333333333333,0.047470101195952165,0.0,27,43
2026-04,美国,Android,non-Organic,Plump,15.7,5.066666666666666,362.3333333333333,0.04333026678932843,0.013983440662373505,29,27
2026-04,美国,Android,non-Organic,Preset,27.866666666666667,3.6333333333333333,362.3333333333333,0.07690892364305428,0.01002759889604416,16,34
2026-04,美国,Android,non-Organic,Prism,4.733333333333333,1.2333333333333334,362.3333333333333,0.013063477460901566,0.0034038638454461827,44,40
2026-04,美国,Android,non-Organic,Relight,39.166666666666664,16.6,362.3333333333333,0.10809567617295308,0.045814167433302674,10,11
2026-04,美国,Android,non-Organic,Reshape,39.96666666666667,17.933333333333334,362.3333333333333,0.11030358785648575,0.04949402023919044,8,10
2026-04,美国,Android,non-Organic,Resize,16.766666666666666,8.433333333333334,362.3333333333333,0.04627414903403864,0.023275068997240113,28,23
2026-04,美国,Android,non-Organic,Skin Tone,28.4,16.1,362.3333333333333,0.07838086476540938,0.04443422263109476,15,13
2026-04,美国,Android,non-Organic,Smooth,48.56666666666667,35.666666666666664,362.3333333333333,0.13403863845446184,0.0984360625574977,7,4
2026-04,美国,Android,non-Organic,Stamp,5.133333333333334,0.9,362.3333333333333,0.014167433302667894,0.0024839006439742414,43,42
2026-04,美国,Android,non-Organic,Teeth,23.733333333333334,0.0,362.3333333333333,0.06550137994480221,0.0,22,43
2026-04,美国,Android,non-Organic,Text,8.066666666666666,1.1333333333333333,362.3333333333333,0.022263109475620976,0.0031278748850046,41,41
2026-04,美国,Android,non-Organic,Whiten,0.0,0.0,362.3333333333333,0.0,0.0,45,43
2026-04,美国,iOS,Organic,AI Expand,48.1,16.133333333333333,2735.766666666667,0.01758190878851754,0.005897189087763332,40,33
2026-04,美国,iOS,Organic,AI Image,164.93333333333334,14.6,2735.766666666667,0.060287792574902827,0.005336712438926321,22,34
2026-04,美国,iOS,Organic,AI Repair,121.9,38.6,2735.766666666667,0.04455789358254237,0.014109390420723015,28,26
2026-04,美国,iOS,Organic,AI Replace,51.666666666666664,22.966666666666665,2735.766666666667,0.01888562621081232,0.008394965457580445,39,29
2026-04,美国,iOS,Organic,AI Retouch,771.3,258.53333333333336,2735.766666666667,0.28193193863999116,0.09450123670390993,3,5
2026-04,美国,iOS,Organic,AI Tattoo,57.6,8.6,2735.766666666667,0.02105442715631206,0.003143542943477148,38,37
2026-04,美国,iOS,Organic,Acne,318.6333333333333,231.66666666666666,2735.766666666667,0.11646948448332581,0.08468071107428751,10,6
2026-04,美国,iOS,Organic,Adjust,209.56666666666666,89.13333333333334,2735.766666666667,0.07660253676604972,0.03258075128239494,17,16
2026-04,美国,iOS,Organic,Background,158.2,17.233333333333334,2735.766666666667,0.057826569030009864,0.0062992701619290145,24,31
2026-04,美国,iOS,Organic,Blur,131.0,73.96666666666667,2735.766666666667,0.04788420065064028,0.02703690616889842,25,21
2026-04,美国,iOS,Organic,Body,250.8,154.83333333333334,2735.766666666667,0.09167448490977544,0.05659595725756339,14,12
2026-04,美国,iOS,Organic,Bokeh,37.96666666666667,8.333333333333334,2735.766666666667,0.013877889196203379,0.0030460687436794074,41,39
2026-04,美国,iOS,Organic,Brighten,177.6,91.53333333333333,2735.766666666667,0.06491781706529552,0.03345801908057461,20,15
2026-04,美国,iOS,Organic,Concealer,208.6,92.33333333333333,2735.766666666667,0.07624919279178291,0.03375044167996783,18,14
2026-04,美国,iOS,Organic,Contour,79.23333333333333,39.266666666666666,2735.766666666667,0.028962021614903802,0.014353075920217366,33,25
2026-04,美国,iOS,Organic,Crop,110.16666666666667,82.8,2735.766666666667,0.040269028791441765,0.030265739037198588,29,19
2026-04,美国,iOS,Organic,Dark Circles,128.8,89.13333333333334,2735.766666666667,0.04708003850230892,0.03258075128239494,27,16
2026-04,美国,iOS,Organic,Details,91.7,30.333333333333332,2735.766666666667,0.0335189404554482,0.011087690226993041,32,28
2026-04,美国,iOS,Organic,Effects,222.56666666666666,4.866666666666666,2735.766666666667,0.08135440400618961,0.0017789041463087737,16,41
2026-04,美国,iOS,Organic,Eraser,294.26666666666665,164.16666666666666,2735.766666666667,0.10756277947680722,0.06000755425048432,11,10
2026-04,美国,iOS,Organic,Expression,101.06666666666666,20.866666666666667,2735.766666666667,0.03694272172334385,0.007627356134173236,30,30
2026-04,美国,iOS,Organic,Eye Brighten,96.46666666666667,61.06666666666667,2735.766666666667,0.03526129177683282,0.022321591753682698,31,22
2026-04,美国,iOS,Organic,Face,907.9,411.3666666666667,2735.766666666667,0.33186309748638404,0.15036613746299027,1,1
2026-04,美国,iOS,Organic,Face Fix,201.6,32.4,2735.766666666667,0.07369049504709221,0.011843115275425534,19,27
2026-04,美国,iOS,Organic,Filters,668.9666666666667,176.46666666666667,2735.766666666667,0.2445262144676081,0.06450355171615513,4,9
2026-04,美国,iOS,Organic,Flawless,0.0,0.0,2735.766666666667,0.0,0.0,45,43
2026-04,美国,iOS,Organic,Glitter,60.666666666666664,9.8,2735.766666666667,0.022175380453986083,0.003582176842566983,37,36
2026-04,美国,iOS,Organic,Glowup,260.3666666666667,85.56666666666666,2735.766666666667,0.0951713718275194,0.031277033860100154,13,18
2026-04,美国,iOS,Organic,Hair,446.8333333333333,114.53333333333333,2735.766666666667,0.1633302060360898,0.04186516881312977,6,13
2026-04,美国,iOS,Organic,Magic,798.1666666666666,409.43333333333334,2735.766666666667,0.2917524642696136,0.14965944951445664,2,2
2026-04,美国,iOS,Organic,Makeup,433.7,183.23333333333332,2735.766666666667,0.15852960169605107,0.0669769595360228,7,7
2026-04,美国,iOS,Organic,Matte,74.2,39.53333333333333,2735.766666666667,0.02712219609372144,0.014450550120015107,35,24
2026-04,美国,iOS,Organic,Muscle,67.26666666666667,17.033333333333335,2735.766666666667,0.024587866898980175,0.006226164512080709,36,32
2026-04,美国,iOS,Organic,Mykit,78.1,0.0,2735.766666666667,0.0285477562657634,0.0,34,43
2026-04,美国,iOS,Organic,Plump,130.6,40.13333333333333,2735.766666666667,0.047737989350943665,0.014669867069560024,26,23
2026-04,美国,iOS,Organic,Preset,162.76666666666668,14.033333333333333,2735.766666666667,0.05949581470154618,0.005129579764356121,23,35
2026-04,美国,iOS,Organic,Prism,20.033333333333335,5.166666666666667,2735.766666666667,0.007322749259805295,0.0018885626210812325,44,40
2026-04,美国,iOS,Organic,Relight,416.8,160.93333333333334,2735.766666666667,0.15235217428386924,0.05882567957793671,9,11
2026-04,美国,iOS,Organic,Reshape,426.2,266.4,2735.766666666667,0.15578813982673959,0.09737672559794328,8,4
2026-04,美国,iOS,Organic,Resize,166.6,74.26666666666667,2735.766666666667,0.0608970063236387,0.027146564643670875,21,20
2026-04,美国,iOS,Organic,Skin Tone,283.93333333333334,178.83333333333334,2735.766666666667,0.10378565423464477,0.06536863523936008,12,8
2026-04,美国,iOS,Organic,Smooth,515.7333333333333,385.8333333333333,2735.766666666667,0.18851510240883115,0.14103298283235655,5,3
2026-04,美国,iOS,Organic,Stamp,30.233333333333334,8.466666666666667,2735.766666666667,0.01105113740206889,0.0030948058435782775,43,38
2026-04,美国,iOS,Organic,Teeth,243.56666666666666,0.0,2735.766666666667,0.08903049724026171,0.0,15,43
2026-04,美国,iOS,Organic,Text,37.3,3.6666666666666665,2735.766666666667,0.013634203696709025,0.001340270247218939,42,42
2026-04,美国,iOS,Organic,Whiten,0.0,0.0,2735.766666666667,0.0,0.0,45,43
2026-04,美国,iOS,non-Organic,AI Expand,39.766666666666666,16.633333333333333,1822.0,0.021825832418587633,0.009129162092938162,38,29
2026-04,美国,iOS,non-Organic,AI Image,138.13333333333333,14.466666666666667,1822.0,0.07581412367361873,0.007939992682034394,14,31
2026-04,美国,iOS,non-Organic,AI Repair,72.93333333333334,23.4,1822.0,0.04002927186242225,0.012843029637760702,26,23
2026-04,美国,iOS,non-Organic,AI Replace,29.9,14.033333333333333,1822.0,0.016410537870472006,0.0077021587998536405,40,33
2026-04,美国,iOS,non-Organic,AI Retouch,494.8,150.33333333333334,1822.0,0.27156970362239297,0.08251006220270765,3,4
2026-04,美国,iOS,non-Organic,AI Tattoo,45.766666666666666,7.4,1822.0,0.025118916941090377,0.004061470911086718,33,35
2026-04,美国,iOS,non-Organic,Acne,136.76666666666668,84.06666666666666,1822.0,0.07506403219904867,0.04613977314306623,15,12
2026-04,美国,iOS,non-Organic,Adjust,111.1,38.96666666666667,1822.0,0.06097694840834248,0.021386754482253936,19,19
2026-04,美国,iOS,non-Organic,Background,91.5,9.866666666666667,1822.0,0.050219538968166846,0.005415294548115624,22,34
2026-04,美国,iOS,non-Organic,Blur,56.733333333333334,29.233333333333334,1822.0,0.031137943651664838,0.016044639590193928,31,21
2026-04,美国,iOS,non-Organic,Body,171.56666666666666,100.26666666666667,1822.0,0.09416392242956458,0.055031101353823636,12,7
2026-04,美国,iOS,non-Organic,Bokeh,19.266666666666666,3.6333333333333333,1822.0,0.01057446030003659,0.0019941456275155505,42,39
2026-04,美国,iOS,non-Organic,Brighten,85.63333333333334,42.86666666666667,1822.0,0.04699963410171973,0.023527259421880716,24,16
2026-04,美国,iOS,non-Organic,Concealer,106.26666666666667,45.166666666666664,1822.0,0.05832418587632638,0.0247896084888401,20,15
2026-04,美国,iOS,non-Organic,Contour,39.96666666666667,18.5,1822.0,0.02193560190267106,0.010153677277716796,37,27
2026-04,美国,iOS,non-Organic,Crop,62.8,41.93333333333333,1822.0,0.03446761800219539,0.0230150018294914,29,17
2026-04,美国,iOS,non-Organic,Dark Circles,60.166666666666664,38.166666666666664,1822.0,0.03302231979509696,0.020947676545920235,30,20
2026-04,美国,iOS,non-Organic,Details,45.6,14.1,1822.0,0.025027442371020857,0.007738748627881448,34,32
2026-04,美国,iOS,non-Organic,Effects,115.76666666666667,2.4,1822.0,0.06353823637028906,0.0013172338090010976,17,41
2026-04,美国,iOS,non-Organic,Eraser,178.46666666666667,97.23333333333333,1822.0,0.09795096963044274,0.05336626417855836,11,8
2026-04,美国,iOS,non-Organic,Expression,65.8,15.466666666666667,1822.0,0.03611416026344676,0.008488840102451519,28,30
2026-04,美国,iOS,non-Organic,Eye Brighten,45.6,25.666666666666668,1822.0,0.025027442371020857,0.014087083790706185,34,22
2026-04,美国,iOS,non-Organic,Face,546.2333333333333,236.5,1822.0,0.29979875594584704,0.12980241492864983,2,1
2026-04,美国,iOS,non-Organic,Face Fix,122.13333333333334,23.333333333333332,1822.0,0.06703256494694475,0.012806439809732893,16,24
2026-04,美国,iOS,non-Organic,Filters,412.7,86.56666666666666,1822.0,0.2265093304061471,0.047511891694109035,5,11
2026-04,美国,iOS,non-Organic,Flawless,0.0,0.0,1822.0,0.0,0.0,45,43
2026-04,美国,iOS,non-Organic,Glitter,41.2,7.0,1822.0,0.02261251372118551,0.0038419319429198683,36,36
2026-04,美国,iOS,non-Organic,Glowup,180.93333333333334,48.06666666666667,1822.0,0.09930479326747164,0.026381266008049763,10,14
2026-04,美国,iOS,non-Organic,Hair,601.5666666666667,129.06666666666666,1822.0,0.3301683132089279,0.0708379070618368,1,5
2026-04,美国,iOS,non-Organic,Magic,438.8333333333333,202.66666666666666,1822.0,0.24085254299304792,0.11123307720453714,4,2
2026-04,美国,iOS,non-Organic,Makeup,232.7,87.73333333333333,1822.0,0.12771679473106476,0.048152213684595685,7,10
2026-04,美国,iOS,non-Organic,Matte,35.3,16.766666666666666,1822.0,0.019374313940724478,0.00920234174899378,39,28
2026-04,美国,iOS,non-Organic,Muscle,74.03333333333333,21.7,1822.0,0.040633004024881084,0.011909989023051591,25,25
2026-04,美国,iOS,non-Organic,Mykit,47.3,0.0,1822.0,0.025960482985729966,0.0,32,43
2026-04,美国,iOS,non-Organic,Plump,71.5,20.433333333333334,1822.0,0.03924259055982437,0.011214782290523235,27,26
2026-04,美国,iOS,non-Organic,Preset,97.33333333333333,6.7,1822.0,0.05342114892060007,0.0036772777167947313,21,37
2026-04,美国,iOS,non-Organic,Prism,12.566666666666666,2.8,1822.0,0.006897182583241858,0.0015367727771679472,44,40
2026-04,美国,iOS,non-Organic,Relight,235.06666666666666,91.3,1822.0,0.12901573362605195,0.050109769484083425,6,9
2026-04,美国,iOS,non-Organic,Reshape,226.9,120.86666666666666,1822.0,0.12453347969264544,0.06633735821441639,9,6
2026-04,美国,iOS,non-Organic,Resize,88.43333333333334,39.56666666666667,1822.0,0.04853640687888767,0.02171606293450421,23,18
2026-04,美国,iOS,non-Organic,Skin Tone,140.63333333333333,81.9,1822.0,0.07718624222466154,0.04495060373216246,13,13
2026-04,美国,iOS,non-Organic,Smooth,228.73333333333332,156.8,1822.0,0.12553969996341016,0.08605927552140506,8,3
2026-04,美国,iOS,non-Organic,Stamp,16.3,3.7,1822.0,0.008946212952799123,0.002030735455543359,43,38
2026-04,美国,iOS,non-Organic,Teeth,113.2,0.0,1822.0,0.062129527991218444,0.0,18,43
2026-04,美国,iOS,non-Organic,Text,23.733333333333334,1.5666666666666667,1822.0,0.013025978777899745,0.0008598609586534943,41,42
2026-04,美国,iOS,non-Organic,Whiten,0.0,0.0,1822.0,0.0,0.0,45,43
2026-04,英国,Android,Organic,AI Expand,4.166666666666667,1.0666666666666667,158.63333333333333,0.026266022273586893,0.006724101702038243,36,34
2026-04,英国,Android,Organic,AI Image,14.533333333333333,1.5333333333333334,158.63333333333333,0.09161588569027107,0.009665896196679976,11,29
2026-04,英国,Android,Organic,AI Repair,8.866666666666667,4.066666666666666,158.63333333333333,0.0558940953981929,0.025635637739020802,22,20
2026-04,英国,Android,Organic,AI Replace,4.333333333333333,1.7666666666666666,158.63333333333333,0.027316663164530363,0.01113679344400084,34,27
2026-04,英国,Android,Organic,AI Retouch,36.5,14.0,158.63333333333333,0.23009035511662115,0.08825383483925195,3,4
2026-04,英国,Android,Organic,AI Tattoo,2.8333333333333335,0.5333333333333333,158.63333333333333,0.017860895146039085,0.0033620508510191216,41,38
2026-04,英国,Android,Organic,Acne,11.233333333333333,7.6,158.63333333333333,0.07081319604959024,0.04790922462702248,15,10
2026-04,英国,Android,Organic,Adjust,10.033333333333333,4.333333333333333,158.63333333333333,0.06324858163479723,0.027316663164530363,18,17
2026-04,英国,Android,Organic,Background,8.866666666666667,1.3,158.63333333333333,0.0558940953981929,0.008194998949359109,22,32
2026-04,英国,Android,Organic,Blur,7.066666666666666,4.3,158.63333333333333,0.04454717377600336,0.02710653498634167,27,18
2026-04,英国,Android,Organic,Body,8.933333333333334,4.766666666666667,158.63333333333333,0.056314351754570294,0.0300483294809834,21,15
2026-04,英国,Android,Organic,Bokeh,2.566666666666667,0.5,158.63333333333333,0.016179869720529524,0.0031519226728304265,42,39
2026-04,英国,Android,Organic,Brighten,7.666666666666667,4.166666666666667,158.63333333333333,0.048329480983399876,0.026266022273586893,25,19
2026-04,英国,Android,Organic,Concealer,9.7,4.433333333333334,158.63333333333333,0.06114729985291027,0.02794704769909645,19,16
2026-04,英国,Android,Organic,Contour,4.2,1.6333333333333333,158.63333333333333,0.026476150451775586,0.01029628073124606,35,28
2026-04,英国,Android,Organic,Crop,8.5,6.766666666666667,158.63333333333333,0.053582685438117256,0.04265602017230511,24,11
2026-04,英国,Android,Organic,Dark Circles,6.533333333333333,4.8,158.63333333333333,0.04118512292498424,0.030258457659172094,29,14
2026-04,英国,Android,Organic,Details,4.7,2.3,158.63333333333333,0.02962807312460601,0.014498844295019962,33,25
2026-04,英国,Android,Organic,Effects,11.866666666666667,0.36666666666666664,158.63333333333333,0.07480563143517546,0.002311409960075646,13,40
2026-04,英国,Android,Organic,Eraser,15.166666666666666,8.266666666666667,158.63333333333333,0.09560832107585628,0.05211178819079639,8,7
2026-04,英国,Android,Organic,Expression,5.7,1.5,158.63333333333333,0.03593191847026687,0.00945576801849128,31,30
2026-04,英国,Android,Organic,Eye Brighten,5.166666666666667,3.1666666666666665,158.63333333333333,0.032569867619247746,0.019962176927926036,32,23
2026-04,英国,Android,Organic,Face,44.9,20.9,158.63333333333333,0.2830426560201723,0.13175036772431184,1,2
2026-04,英国,Android,Organic,Face Fix,10.7,3.6,158.63333333333333,0.06745114519857112,0.022693843244379074,16,22
2026-04,英国,Android,Organic,Filters,35.46666666666667,11.133333333333333,158.63333333333333,0.2235763815927716,0.07018281151502416,4,5
2026-04,英国,Android,Organic,Flawless,0.0,0.0,158.63333333333333,0.0,0.0,45,43
2026-04,英国,Android,Organic,Glitter,3.466666666666667,0.7,158.63333333333333,0.021853330531624294,0.004412691741962597,37,36
2026-04,英国,Android,Organic,Glowup,11.933333333333334,3.9,158.63333333333333,0.07522588779155286,0.02458499684807733,12,21
2026-04,英国,Android,Organic,Hair,22.233333333333334,6.666666666666667,158.63333333333333,0.14015549485185966,0.04202563563773903,5,12
2026-04,英国,Android,Organic,Magic,44.166666666666664,21.5,158.63333333333333,0.278419836100021,0.13553267493170834,2,1
2026-04,英国,Android,Organic,Makeup,20.566666666666666,9.933333333333334,158.63333333333333,0.12964908594242489,0.06261819710023114,6,6
2026-04,英国,Android,Organic,Matte,2.8666666666666667,1.3666666666666667,158.63333333333333,0.01807102332422778,0.008615255305736499,40,31
2026-04,英国,Android,Organic,Muscle,3.033333333333333,1.2666666666666666,158.63333333333333,0.019121664215171256,0.007984870771170414,38,33
2026-04,英国,Android,Organic,Mykit,7.1,0.0,158.63333333333333,0.04475730195419206,0.0,26,43
2026-04,英国,Android,Organic,Plump,6.9,2.1333333333333333,158.63333333333333,0.04349653288505989,0.013448203404076486,28,26
2026-04,英国,Android,Organic,Preset,9.266666666666667,0.7333333333333333,158.63333333333333,0.05841563353645725,0.004622819920151292,20,35
2026-04,英国,Android,Organic,Prism,1.6666666666666667,0.5666666666666667,158.63333333333333,0.010506408909434757,0.0035721790292078167,44,37
2026-04,英国,Android,Organic,Relight,14.6,5.733333333333333,158.63333333333333,0.09203614204664846,0.03614204664845556,10,13
2026-04,英国,Android,Organic,Reshape,15.166666666666666,8.133333333333333,158.63333333333333,0.09560832107585628,0.051271275478041604,8,8
2026-04,英国,Android,Organic,Resize,6.233333333333333,3.0,158.63333333333333,0.03929396932128599,0.01891153603698256,30,24
2026-04,英国,Android,Organic,Skin Tone,11.733333333333333,7.8,158.63333333333333,0.07396511872242068,0.04916999369615466,14,9
2026-04,英国,Android,Organic,Smooth,19.866666666666667,14.9,158.63333333333333,0.1252363942004623,0.09392729565034671,7,3
2026-04,英国,Android,Organic,Stamp,1.9333333333333333,0.26666666666666666,158.63333333333333,0.012187434334944318,0.0016810254255095608,43,41
2026-04,英国,Android,Organic,Teeth,10.666666666666666,0.0,158.63333333333333,0.06724101702038243,0.0,17,43
2026-04,英国,Android,Organic,Text,2.933333333333333,0.2,158.63333333333333,0.01849127968060517,0.0012607690691321708,39,42
2026-04,英国,Android,Organic,Whiten,0.0,0.0,158.63333333333333,0.0,0.0,45,43
2026-04,英国,Android,non-Organic,AI Expand,1.4,0.3333333333333333,54.46666666666667,0.02570379436964504,0.006119951040391676,36,35
2026-04,英国,Android,non-Organic,AI Image,5.4,0.5333333333333333,54.46666666666667,0.09914320685434516,0.009791921664626682,9,29
2026-04,英国,Android,non-Organic,AI Repair,3.1333333333333333,1.1,54.46666666666667,0.05752753977968176,0.020195838433292534,23,23
2026-04,英国,Android,non-Organic,AI Replace,1.3793103448275863,0.6206896551724138,54.46666666666667,0.025323935339551767,0.011395770902798294,37,28
2026-04,英国,Android,non-Organic,AI Retouch,14.333333333333334,5.7,54.46666666666667,0.2631578947368421,0.10465116279069768,3,3
2026-04,英国,Android,non-Organic,AI Tattoo,1.1,0.13333333333333333,54.46666666666667,0.020195838433292534,0.0024479804161566705,39,36
2026-04,英国,Android,non-Organic,Acne,3.4,2.433333333333333,54.46666666666667,0.0624235006119951,0.04467564259485923,22,10
2026-04,英国,Android,non-Organic,Adjust,3.7666666666666666,1.3333333333333333,54.46666666666667,0.06915544675642595,0.024479804161566705,19,21
2026-04,英国,Android,non-Organic,Background,3.6333333333333333,0.4,54.46666666666667,0.06670746634026928,0.0073439412484700125,20,32
2026-04,英国,Android,non-Organic,Blur,2.6551724137931036,1.6896551724137931,54.46666666666667,0.04874857552863715,0.031021820790950914,27,17
2026-04,英国,Android,non-Organic,Body,4.033333333333333,2.433333333333333,54.46666666666667,0.07405140758873928,0.04467564259485923,16,10
2026-04,英国,Android,non-Organic,Bokeh,0.9333333333333333,0.13333333333333333,54.46666666666667,0.017135862913096694,0.0024479804161566705,40,36
2026-04,英国,Android,non-Organic,Brighten,2.8333333333333335,1.5,54.46666666666667,0.052019583843329255,0.027539779681762546,25,20
2026-04,英国,Android,non-Organic,Concealer,3.8333333333333335,1.9333333333333333,54.46666666666667,0.07037943696450429,0.03549571603427173,18,15
2026-04,英国,Android,non-Organic,Contour,1.6206896551724137,0.6551724137931034,54.46666666666667,0.02975562402397332,0.012028869286287089,34,27
2026-04,英国,Android,non-Organic,Crop,2.6333333333333333,1.9666666666666666,54.46666666666667,0.04834761321909425,0.03610771113831089,28,14
2026-04,英国,Android,non-Organic,Dark Circles,1.9333333333333333,1.5333333333333334,54.46666666666667,0.03549571603427173,0.028151774785801713,31,19
2026-04,英国,Android,non-Organic,Details,1.7586206896551724,0.3448275862068966,54.46666666666667,0.0322880175579285,0.006330983834887942,32,34
2026-04,英国,Android,non-Organic,Effects,4.266666666666667,0.13333333333333333,54.46666666666667,0.07833537331701346,0.0024479804161566705,14,36
2026-04,英国,Android,non-Organic,Eraser,5.066666666666666,3.066666666666667,54.46666666666667,0.09302325581395349,0.056303549571603426,11,7
2026-04,英国,Android,non-Organic,Expression,2.6666666666666665,0.7666666666666667,54.46666666666667,0.04895960832313341,0.014075887392900856,26,26
2026-04,英国,Android,non-Organic,Eye Brighten,1.6551724137931034,1.1379310344827587,54.46666666666667,0.03038872240746212,0.020892246655130207,33,22
2026-04,英国,Android,non-Organic,Face,18.933333333333334,9.066666666666666,54.46666666666667,0.34761321909424725,0.1664626682986536,1,1
2026-04,英国,Android,non-Organic,Face Fix,4.8,1.8333333333333333,54.46666666666667,0.08812729498164014,0.03365973072215422,12,16
2026-04,英国,Android,non-Organic,Filters,13.466666666666667,4.433333333333334,54.46666666666667,0.24724602203182375,0.08139534883720931,4,5
2026-04,英国,Android,non-Organic,Flawless,0.0,0.0,54.46666666666667,0.0,0.0,45,43
2026-04,英国,Android,non-Organic,Glitter,1.1666666666666667,0.13333333333333333,54.46666666666667,0.021419828641370868,0.0024479804161566705,38,36
2026-04,英国,Android,non-Organic,Glowup,5.2,1.6,54.46666666666667,0.09547123623011015,0.02937576499388005,10,18
2026-04,英国,Android,non-Organic,Hair,9.5,2.2,54.46666666666667,0.1744186046511628,0.04039167686658507,5,12
2026-04,英国,Android,non-Organic,Magic,15.966666666666667,7.0,54.46666666666667,0.2931456548347613,0.12851897184822522,2,2
2026-04,英国,Android,non-Organic,Makeup,7.266666666666667,3.3333333333333335,54.46666666666667,0.13341493268053856,0.06119951040391677,6,6
2026-04,英国,Android,non-Organic,Matte,0.6333333333333333,0.43333333333333335,54.46666666666667,0.011627906976744186,0.00795593635250918,42,31
2026-04,英国,Android,non-Organic,Muscle,1.4333333333333333,0.5,54.46666666666667,0.02631578947368421,0.009179926560587515,35,30
2026-04,英国,Android,non-Organic,Mykit,2.586206896551724,0.0,54.46666666666667,0.04748237876165956,0.0,29,43
2026-04,英国,Android,non-Organic,Plump,2.933333333333333,0.9666666666666667,54.46666666666667,0.05385556915544675,0.017747858017135864,24,25
2026-04,英国,Android,non-Organic,Preset,3.566666666666667,0.36666666666666664,54.46666666666667,0.06548347613219094,0.006731946144430844,21,33
2026-04,英国,Android,non-Organic,Prism,0.5357142857142857,0.10714285714285714,54.46666666666667,0.00983563560062948,0.001967127120125896,43,40
2026-04,英国,Android,non-Organic,Relight,4.633333333333334,2.066666666666667,54.46666666666667,0.08506731946144432,0.0379436964504284,13,13
2026-04,英国,Android,non-Organic,Reshape,6.333333333333333,3.033333333333333,54.46666666666667,0.11627906976744184,0.055691554467564255,8,8
2026-04,英国,Android,non-Organic,Resize,2.2666666666666666,1.1,54.46666666666667,0.0416156670746634,0.020195838433292534,30,23
2026-04,英国,Android,non-Organic,Skin Tone,3.8666666666666667,2.7333333333333334,54.46666666666667,0.07099143206854346,0.05018359853121175,17,9
2026-04,英国,Android,non-Organic,Smooth,7.133333333333334,5.533333333333333,54.46666666666667,0.13096695226438188,0.10159118727050183,7,4
2026-04,英国,Android,non-Organic,Stamp,0.5,0.03571428571428571,54.46666666666667,0.009179926560587515,0.0006557090400419653,44,42
2026-04,英国,Android,non-Organic,Teeth,4.066666666666666,0.0,54.46666666666667,0.07466340269277845,0.0,15,43
2026-04,英国,Android,non-Organic,Text,0.8666666666666667,0.1,54.46666666666667,0.01591187270501836,0.0018359853121175031,41,41
2026-04,英国,Android,non-Organic,Whiten,0.0,0.0,54.46666666666667,0.0,0.0,45,43
2026-04,英国,iOS,Organic,AI Expand,13.633333333333333,4.333333333333333,792.8,0.017196434577867473,0.00546585940127817,39,32
2026-04,英国,iOS,Organic,AI Image,47.5,3.966666666666667,792.8,0.059914228052472256,0.005003363605785402,22,33
2026-04,英国,iOS,Organic,AI Repair,29.7,9.3,792.8,0.03746215943491423,0.011730575176589306,28,25
2026-04,英国,iOS,Organic,AI Replace,12.766666666666667,4.9,792.8,0.016103262697611843,0.0061806256306760855,40,30
2026-04,英国,iOS,Organic,AI Retouch,212.53333333333333,69.43333333333334,792.8,0.2680793810965355,0.0875798856374033,3,5
2026-04,英国,iOS,Organic,AI Tattoo,17.033333333333335,2.7,792.8,0.021485031954254965,0.003405650857719476,37,36
2026-04,英国,iOS,Organic,Acne,82.36666666666666,57.733333333333334,792.8,0.10389337369660276,0.07282206525395224,11,8
2026-04,英国,iOS,Organic,Adjust,79.53333333333333,45.4,792.8,0.10031954254961319,0.057265388496468214,14,9
2026-04,英国,iOS,Organic,Background,42.93333333333333,3.7666666666666666,792.8,0.05415405314497141,0.004751093171880256,24,34
2026-04,英国,iOS,Organic,Blur,40.36666666666667,23.7,792.8,0.05091658257652203,0.029894046417759838,26,19
2026-04,英国,iOS,Organic,Body,67.1,41.766666666666666,792.8,0.08463673057517658,0.05268247561385806,15,12
2026-04,英国,iOS,Organic,Bokeh,10.6,2.1666666666666665,792.8,0.013370332996972755,0.002732929700639085,41,38
2026-04,英国,iOS,Organic,Brighten,48.63333333333333,24.8,792.8,0.06134376051126808,0.03128153380423815,21,18
2026-04,英国,iOS,Organic,Concealer,57.13333333333333,26.566666666666666,792.8,0.0720652539522368,0.03350992263706694,17,16
2026-04,英国,iOS,Organic,Contour,24.733333333333334,12.9,792.8,0.031197443659603096,0.016271442986881938,32,24
2026-04,英国,iOS,Organic,Crop,27.033333333333335,20.1,792.8,0.03409855364951228,0.02535317860746721,30,20
2026-04,英国,iOS,Organic,Dark Circles,35.833333333333336,25.5,792.8,0.04519845274133872,0.032164480322906155,27,17
2026-04,英国,iOS,Organic,Details,22.4,7.166666666666667,792.8,0.028254288597376387,0.009039690548267743,34,28
2026-04,英国,iOS,Organic,Effects,60.46666666666667,0.7666666666666667,792.8,0.07626976118398925,0.000967036663303061,16,42
2026-04,英国,iOS,Organic,Eraser,80.53333333333333,44.46666666666667,792.8,0.10158089471913892,0.056088126471577536,13,10
2026-04,英国,iOS,Organic,Expression,26.933333333333334,5.5,792.8,0.03397241843255971,0.006937436932391524,31,29
2026-04,英国,iOS,Organic,Eye Brighten,28.933333333333334,18.966666666666665,792.8,0.03649512277161117,0.023923646148671374,29,22
2026-04,英国,iOS,Organic,Face,252.13333333333333,118.26666666666667,792.8,0.3180289270097545,0.14917591658257653,1,1
2026-04,英国,iOS,Organic,Face Fix,54.1,8.233333333333333,792.8,0.06823915237134208,0.010385132862428523,18,27
2026-04,英国,iOS,Organic,Filters,209.33333333333334,41.4,792.8,0.26404305415405316,0.05221997981836529,4,13
2026-04,英国,iOS,Organic,Flawless,0.0,0.0,792.8,0.0,0.0,45,43
2026-04,英国,iOS,Organic,Glitter,17.0,2.6,792.8,0.021442986881937437,0.0032795156407669024,38,37
2026-04,英国,iOS,Organic,Glowup,80.56666666666666,26.866666666666667,792.8,0.10162293979145644,0.03388832828792466,12,15
2026-04,英国,iOS,Organic,Hair,108.4,29.666666666666668,792.8,0.13673057517658932,0.03742011436259671,9,14
2026-04,英国,iOS,Organic,Magic,226.16666666666666,112.6,792.8,0.28527581567440297,0.1420282542885974,2,2
2026-04,英国,iOS,Organic,Makeup,119.3,44.233333333333334,792.8,0.15047931382441979,0.055793810965354865,7,11
2026-04,英国,iOS,Organic,Matte,18.2,8.833333333333334,792.8,0.022956609485368314,0.011141944164143963,35,26
2026-04,英国,iOS,Organic,Muscle,17.066666666666666,4.866666666666666,792.8,0.021527077026572486,0.00613858055835856,36,31
2026-04,英国,iOS,Organic,Mykit,23.9,0.0,792.8,0.030146316851664984,0.0,33,43
2026-04,英国,iOS,Organic,Plump,40.93333333333333,13.3,792.8,0.05163134880591994,0.01677598385469223,25,23
2026-04,英国,iOS,Organic,Preset,49.06666666666667,3.6666666666666665,792.8,0.061890346451395906,0.004624957954927683,20,35
2026-04,英国,iOS,Organic,Prism,4.933333333333334,1.2,792.8,0.00622267070299361,0.001513622603430878,44,40
2026-04,英国,iOS,Organic,Relight,141.76666666666668,68.06666666666666,792.8,0.17881769256643124,0.0858560376723848,5,6
2026-04,英国,iOS,Organic,Reshape,114.33333333333333,70.13333333333334,792.8,0.14421459804910863,0.08846283215607133,8,4
2026-04,英国,iOS,Organic,Resize,43.766666666666666,19.6,792.8,0.05520517995290952,0.024722502522704342,23,21
2026-04,英国,iOS,Organic,Skin Tone,93.06666666666666,64.5,792.8,0.11738984191052809,0.08135721493440969,10,7
2026-04,英国,iOS,Organic,Smooth,139.46666666666667,104.9,792.8,0.17591658257652204,0.13231584258324927,6,3
2026-04,英国,iOS,Organic,Stamp,6.733333333333333,1.9666666666666666,792.8,0.008493104608139927,0.002480659266733939,43,39
2026-04,英国,iOS,Organic,Teeth,51.0,0.0,792.8,0.06432896064581231,0.0,19,43
2026-04,英国,iOS,Organic,Text,9.8,0.9,792.8,0.012361251261352171,0.0011352169525731585,42,41
2026-04,英国,iOS,Organic,Whiten,0.0,0.0,792.8,0.0,0.0,45,43
2026-04,英国,iOS,non-Organic,AI Expand,7.9,2.4,385.1333333333333,0.02051237666608967,0.006231608101090531,39,34
2026-04,英国,iOS,non-Organic,AI Image,30.866666666666667,2.7333333333333334,385.1333333333333,0.08014540418902545,0.007097109226241995,18,33
2026-04,英国,iOS,non-Organic,AI Repair,20.033333333333335,6.233333333333333,385.1333333333333,0.052016617621602916,0.016184871040332352,26,26
2026-04,英国,iOS,non-Organic,AI Replace,6.566666666666666,3.1333333333333333,385.1333333333333,0.017050372165483815,0.00813571057642375,40,31
2026-04,英国,iOS,non-Organic,AI Retouch,111.86666666666666,39.6,385.1333333333333,0.2904621776008309,0.10282153366799378,3,4
2026-04,英国,iOS,non-Organic,AI Tattoo,8.4,1.2333333333333334,385.1333333333333,0.02181062835381686,0.003202354163060412,37,37
2026-04,英国,iOS,non-Organic,Acne,37.4,25.766666666666666,385.1333333333333,0.09710922624199411,0.06690323697420807,13,8
2026-04,英国,iOS,non-Organic,Adjust,33.233333333333334,16.866666666666667,385.1333333333333,0.08629046217760084,0.043794356932664015,15,14
2026-04,英国,iOS,non-Organic,Background,26.566666666666666,3.1,385.1333333333333,0.06898043967457158,0.008049160463908604,20,32
2026-04,英国,iOS,non-Organic,Blur,18.2,10.7,385.1333333333333,0.04725636143326986,0.02778258611736195,27,19
2026-04,英国,iOS,non-Organic,Body,34.6,21.4,385.1333333333333,0.08983901679072183,0.0555651722347239,14,11
2026-04,英国,iOS,non-Organic,Bokeh,4.433333333333334,0.36666666666666664,385.1333333333333,0.011511164964514455,0.0009520512376666089,42,41
2026-04,英国,iOS,non-Organic,Brighten,24.266666666666666,12.133333333333333,385.1333333333333,0.06300848191102648,0.03150424095551324,23,18
2026-04,英国,iOS,non-Organic,Concealer,29.2,13.133333333333333,385.1333333333333,0.07581789856326814,0.03410074433096763,19,16
2026-04,英国,iOS,non-Organic,Contour,11.5,6.366666666666666,385.1333333333333,0.029859788817725462,0.016531071490392936,34,25
2026-04,英国,iOS,non-Organic,Crop,12.733333333333333,8.966666666666667,385.1333333333333,0.03306214298078587,0.023281980266574347,32,21
2026-04,英国,iOS,non-Organic,Dark Circles,17.5,12.566666666666666,385.1333333333333,0.045438809070451794,0.03262939241821014,28,17
2026-04,英国,iOS,non-Organic,Details,12.633333333333333,4.566666666666666,385.1333333333333,0.032802492643240436,0.01185736541457504,33,27
2026-04,英国,iOS,non-Organic,Effects,31.466666666666665,0.43333333333333335,385.1333333333333,0.08170330621429808,0.0011251514626969016,17,40
2026-04,英国,iOS,non-Organic,Eraser,43.733333333333334,24.533333333333335,385.1333333333333,0.11355374761987191,0.06370088281114766,10,9
2026-04,英国,iOS,non-Organic,Expression,16.2,3.533333333333333,385.1333333333333,0.04206335468236109,0.009174311926605505,29,29
2026-04,英国,iOS,non-Organic,Eye Brighten,13.866666666666667,8.833333333333334,385.1333333333333,0.03600484680630085,0.022935779816513763,31,22
2026-04,英国,iOS,non-Organic,Face,126.96666666666667,62.5,385.1333333333333,0.32966937857019213,0.16228146096589927,1,1
2026-04,英国,iOS,non-Organic,Face Fix,31.766666666666666,6.666666666666667,385.1333333333333,0.08248225722693439,0.017310022503029255,16,24
2026-04,英国,iOS,non-Organic,Filters,101.83333333333333,19.8,385.1333333333333,0.26441059373377185,0.05141076683399689,4,12
2026-04,英国,iOS,non-Organic,Flawless,0.0,0.0,385.1333333333333,0.0,0.0,45,43
2026-04,英国,iOS,non-Organic,Glitter,8.066666666666666,1.5,385.1333333333333,0.020945127228665397,0.003894755063181582,38,36
2026-04,英国,iOS,non-Organic,Glowup,40.13333333333333,14.8,385.1333333333333,0.10420633546823611,0.03842824995672495,12,15
2026-04,英国,iOS,non-Organic,Hair,62.63333333333333,17.6,385.1333333333333,0.16262766141595986,0.04569845940799724,6,13
2026-04,英国,iOS,non-Organic,Magic,119.2,58.266666666666666,385.1333333333333,0.30950320235416307,0.15128959667647568,2,2
2026-04,英国,iOS,non-Organic,Makeup,56.96666666666667,22.266666666666666,385.1333333333333,0.14791414228838498,0.05781547516011771,8,10
2026-04,英国,iOS,non-Organic,Matte,8.666666666666666,3.933333333333333,385.1333333333333,0.022503029253938028,0.01021291327678726,36,28
2026-04,英国,iOS,non-Organic,Muscle,9.8,3.533333333333333,385.1333333333333,0.025445733079453005,0.009174311926605505,35,29
2026-04,英国,iOS,non-Organic,Mykit,13.9,0.0,385.1333333333333,0.03609139691881599,0.0,30,43
2026-04,英国,iOS,non-Organic,Plump,20.3,7.0,385.1333333333333,0.052709018521724084,0.018175523628180718,25,23
2026-04,英国,iOS,non-Organic,Preset,25.3,2.2333333333333334,385.1333333333333,0.06569153539899603,0.005798857538514801,21,35
2026-04,英国,iOS,non-Organic,Prism,2.6333333333333333,0.4666666666666667,385.1333333333333,0.006837458888696555,0.0012117015752120478,44,39
2026-04,英国,iOS,non-Organic,Relight,58.13333333333333,27.933333333333334,385.1333333333333,0.1509433962264151,0.07252899428769258,7,7
2026-04,英国,iOS,non-Organic,Reshape,55.266666666666666,32.5,385.1333333333333,0.1435000865501125,0.08438635970226761,9,5
2026-04,英国,iOS,non-Organic,Resize,21.766666666666666,10.266666666666667,385.1333333333333,0.056517223472390514,0.026657434654665052,24,20
2026-04,英国,iOS,non-Organic,Skin Tone,43.7,29.366666666666667,385.1333333333333,0.11346719750735677,0.07625064912584387,11,6
2026-04,英国,iOS,non-Organic,Smooth,63.96666666666667,46.1,385.1333333333333,0.1660896659165657,0.1196988056084473,5,3
2026-04,英国,iOS,non-Organic,Stamp,3.433333333333333,0.8,385.1333333333333,0.008914661589060065,0.0020772027003635105,43,38
2026-04,英国,iOS,non-Organic,Teeth,24.766666666666666,0.0,385.1333333333333,0.06430673359875368,0.0,22,43
2026-04,英国,iOS,non-Organic,Text,5.8,0.1,385.1333333333333,0.01505971957763545,0.0002596503375454388,41,42
2026-04,英国,iOS,non-Organic,Whiten,0.0,0.0,385.1333333333333,0.0,0.0,45,43
2026-05,墨西哥,Android,Organic,AI Expand,6.612903225806452,2.6451612903225805,253.51612903225808,0.02608474360605675,0.010433897442422698,31,24
2026-05,墨西哥,Android,Organic,AI Image,19.774193548387096,3.193548387096774,253.51612903225808,0.07799974551469652,0.012597022521949356,11,21
2026-05,墨西哥,Android,Organic,AI Repair,18.612903225806452,10.096774193548388,253.51612903225808,0.07341901005216948,0.03982694999363787,12,12
2026-05,墨西哥,Android,Organic,AI Replace,3.6129032258064515,1.6451612903225807,253.51612903225808,0.014251176994528564,0.006489375238579972,40,31
2026-05,墨西哥,Android,Organic,AI Retouch,41.67741935483871,15.580645161290322,253.51612903225808,0.16439750604402595,0.06145820078890443,5,5
2026-05,墨西哥,Android,Organic,AI Tattoo,6.096774193548387,1.5161290322580645,253.51612903225808,0.024048861178266955,0.005980404631632523,33,34
2026-05,墨西哥,Android,Organic,Acne,11.838709677419354,8.35483870967742,253.51612903225808,0.04669805318742842,0.03295584679984731,19,15
2026-05,墨西哥,Android,Organic,Adjust,19.967741935483872,9.32258064516129,253.51612903225808,0.0787632014251177,0.03677312635195317,10,14
2026-05,墨西哥,Android,Organic,Background,11.612903225806452,1.5806451612903225,253.51612903225808,0.04580735462527039,0.006234889935106247,20,33
2026-05,墨西哥,Android,Organic,Blur,10.838709677419354,7.193548387096774,253.51612903225808,0.04275353098358569,0.028375111337320267,22,16
2026-05,墨西哥,Android,Organic,Body,23.93548387096774,14.161290322580646,253.51612903225808,0.09441404758875174,0.0558595241124825,9,9
2026-05,墨西哥,Android,Organic,Bokeh,4.903225806451613,1.3225806451612903,253.51612903225808,0.019340883064003053,0.005216948721211349,36,35
2026-05,墨西哥,Android,Organic,Brighten,5.967741935483871,3.129032258064516,253.51612903225808,0.023539890571319506,0.012342537218475632,34,22
2026-05,墨西哥,Android,Organic,Concealer,7.064516129032258,2.2580645161290325,253.51612903225808,0.02786614073037282,0.008906985621580354,30,27
2026-05,墨西哥,Android,Organic,Contour,2.935483870967742,1.2903225806451613,253.51612903225808,0.01157908130805446,0.005089706069474487,44,36
2026-05,墨西哥,Android,Organic,Crop,15.516129032258064,12.387096774193548,253.51612903225808,0.06120371548543071,0.04886117826695508,15,11
2026-05,墨西哥,Android,Organic,Dark Circles,5.870967741935484,4.032258064516129,253.51612903225808,0.02315816261610892,0.015905331467107774,35,19
2026-05,墨西哥,Android,Organic,Details,3.7419354838709675,1.6774193548387097,253.51612903225808,0.014760147601476013,0.006616617890316834,39,30
2026-05,墨西哥,Android,Organic,Effects,14.516129032258064,0.6451612903225806,253.51612903225808,0.05725919328158798,0.0025448530347372436,16,40
2026-05,墨西哥,Android,Organic,Eraser,25.161290322580644,13.35483870967742,253.51612903225808,0.0992492683547525,0.05267845781906095,8,10
2026-05,墨西哥,Android,Organic,Expression,10.64516129032258,3.0,253.51612903225808,0.04199007507316452,0.011833566611528184,23,23
2026-05,墨西哥,Android,Organic,Eye Brighten,3.3225806451612905,2.064516129032258,253.51612903225808,0.013105993128896806,0.00814352971115918,42,29
2026-05,墨西哥,Android,Organic,Face,48.83870967741935,20.677419354838708,253.51612903225808,0.19264537472960935,0.08156253976332865,3,1
2026-05,墨西哥,Android,Organic,Face Fix,9.774193548387096,2.4193548387096775,253.51612903225808,0.03855452347626924,0.009543198880264664,24,26
2026-05,墨西哥,Android,Organic,Filters,54.774193548387096,16.64516129032258,253.51612903225808,0.216058022649192,0.06565720829622089,1,3
2026-05,墨西哥,Android,Organic,Flawless,0.0,0.0,253.51612903225808,0.0,0.0,45,43
2026-05,墨西哥,Android,Organic,Glitter,6.387096774193548,0.8387096774193549,253.51612903225808,0.025194045043898713,0.003308308945158417,32,39
2026-05,墨西哥,Android,Organic,Glowup,14.516129032258064,2.6451612903225805,253.51612903225808,0.05725919328158798,0.010433897442422698,16,24
2026-05,墨西哥,Android,Organic,Hair,53.54838709677419,14.451612903225806,253.51612903225808,0.21122280188319123,0.05700470797811426,2,7
2026-05,墨西哥,Android,Organic,Magic,43.87096774193548,19.161290322580644,253.51612903225808,0.17305000636213255,0.07558213513169613,4,2
2026-05,墨西哥,Android,Organic,Makeup,28.451612903225808,15.612903225806452,253.51612903225808,0.11222801883191245,0.0615854434406413,6,4
2026-05,墨西哥,Android,Organic,Matte,3.3870967741935485,1.6451612903225807,253.51612903225808,0.01336047843237053,0.006489375238579972,41,31
2026-05,墨西哥,Android,Organic,Muscle,9.258064516129032,3.2903225806451615,253.51612903225808,0.03651864104847945,0.012978750477159944,25,20
2026-05,墨西哥,Android,Organic,Mykit,7.741935483870968,0.0,253.51612903225808,0.030538236416846925,0.0,28,43
2026-05,墨西哥,Android,Organic,Plump,8.193548387096774,2.096774193548387,253.51612903225808,0.032319633541163,0.008270772362896042,27,28
2026-05,墨西哥,Android,Organic,Preset,11.516129032258064,1.096774193548387,253.51612903225808,0.0454256266700598,0.004326250159053314,21,38
2026-05,墨西哥,Android,Organic,Prism,3.0,0.6451612903225806,253.51612903225808,0.011833566611528184,0.0025448530347372436,43,40
2026-05,墨西哥,Android,Organic,Relight,18.419354838709676,7.193548387096774,253.51612903225808,0.0726555541417483,0.028375111337320267,14,16
2026-05,墨西哥,Android,Organic,Reshape,25.580645161290324,14.612903225806452,253.51612903225808,0.10090342282733172,0.05764092123679857,7,6
2026-05,墨西哥,Android,Organic,Resize,8.612903225806452,4.387096774193548,253.51612903225808,0.03397378801374221,0.017305000636213257,26,18
2026-05,墨西哥,Android,Organic,Skin Tone,14.03225806451613,9.64516129032258,253.51612903225808,0.055350553505535055,0.03804555286932179,18,13
2026-05,墨西哥,Android,Organic,Smooth,18.580645161290324,14.193548387096774,253.51612903225808,0.07329176740043263,0.05598676676421936,13,8
2026-05,墨西哥,Android,Organic,Stamp,4.67741935483871,1.1935483870967742,253.51612903225808,0.01845018450184502,0.004707978114263901,37,37
2026-05,墨西哥,Android,Organic,Teeth,7.741935483870968,0.0,253.51612903225808,0.030538236416846925,0.0,28,43
2026-05,墨西哥,Android,Organic,Text,4.451612903225806,0.5161290322580645,253.51612903225808,0.01755948593968698,0.002035882427789795,38,42
2026-05,墨西哥,Android,Organic,Whiten,0.0,0.0,253.51612903225808,0.0,0.0,45,43
2026-05,墨西哥,Android,non-Organic,AI Expand,4.709677419354839,1.2580645161290323,898.3870967741935,0.005242369838420108,0.0014003590664272891,36,31
2026-05,墨西哥,Android,non-Organic,AI Image,50.0,5.806451612903226,898.3870967741935,0.05565529622980252,0.006463195691202872,8,15
2026-05,墨西哥,Android,non-Organic,AI Repair,26.06451612903226,10.387096774193548,898.3870967741935,0.029012567324955118,0.01156193895870736,15,8
2026-05,墨西哥,Android,non-Organic,AI Replace,3.2580645161290325,1.2580645161290323,898.3870967741935,0.0036265709156193897,0.0014003590664272891,40,31
2026-05,墨西哥,Android,non-Organic,AI Retouch,208.51612903225808,27.64516129032258,898.3870967741935,0.23210053859964094,0.030771992818671455,2,3
2026-05,墨西哥,Android,non-Organic,AI Tattoo,29.612903225806452,5.387096774193548,898.3870967741935,0.03296229802513465,0.00599640933572711,13,16
2026-05,墨西哥,Android,non-Organic,Acne,16.70967741935484,4.903225806451613,898.3870967741935,0.018599640933572713,0.005457809694793537,24,18
2026-05,墨西哥,Android,non-Organic,Adjust,13.903225806451612,2.838709677419355,898.3870967741935,0.015475763016157988,0.003159784560143627,27,22
2026-05,墨西哥,Android,non-Organic,Background,15.193548387096774,1.3548387096774193,898.3870967741935,0.016912028725314183,0.0015080789946140035,26,28
2026-05,墨西哥,Android,non-Organic,Blur,4.483870967741935,1.3225806451612903,898.3870967741935,0.004991023339317773,0.0014721723518850986,38,29
2026-05,墨西哥,Android,non-Organic,Body,35.54838709677419,11.67741935483871,898.3870967741935,0.039569120287253144,0.012998204667863555,10,6
2026-05,墨西哥,Android,non-Organic,Bokeh,2.193548387096774,0.3548387096774194,898.3870967741935,0.0024416517055655296,0.00039497307001795336,44,41
2026-05,墨西哥,Android,non-Organic,Brighten,7.225806451612903,2.6129032258064515,898.3870967741935,0.008043087971274687,0.0029084380610412924,33,24
2026-05,墨西哥,Android,non-Organic,Concealer,10.225806451612904,2.3870967741935485,898.3870967741935,0.011382405745062838,0.002657091561938959,30,25
2026-05,墨西哥,Android,non-Organic,Contour,2.7096774193548385,0.41935483870967744,898.3870967741935,0.003016157989228007,0.00046678635547576304,42,39
2026-05,墨西哥,Android,non-Organic,Crop,13.0,9.483870967741936,898.3870967741935,0.014470377019748654,0.010556552962298026,29,10
2026-05,墨西哥,Android,non-Organic,Dark Circles,7.806451612903226,2.3225806451612905,898.3870967741935,0.008689407540394973,0.002585278276481149,31,26
2026-05,墨西哥,Android,non-Organic,Details,4.709677419354839,1.3870967741935485,898.3870967741935,0.005242369838420108,0.0015439856373429086,36,27
2026-05,墨西哥,Android,non-Organic,Effects,20.838709677419356,0.6774193548387096,898.3870967741935,0.023195691202872532,0.0007540394973070018,22,37
2026-05,墨西哥,Android,non-Organic,Eraser,19.35483870967742,5.064516129032258,898.3870967741935,0.02154398563734291,0.005637342908438061,23,17
2026-05,墨西哥,Android,non-Organic,Expression,26.838709677419356,4.419354838709677,898.3870967741935,0.029874326750448835,0.004919210053859964,14,20
2026-05,墨西哥,Android,non-Organic,Eye Brighten,4.838709677419355,1.2903225806451613,898.3870967741935,0.005385996409335727,0.0014362657091561938,35,30
2026-05,墨西哥,Android,non-Organic,Face,180.41935483870967,36.29032258064516,898.3870967741935,0.2008258527827648,0.04039497307001795,3,2
2026-05,墨西哥,Android,non-Organic,Face Fix,25.806451612903224,3.7419354838709675,898.3870967741935,0.028725314183123875,0.004165170556552962,17,21
2026-05,墨西哥,Android,non-Organic,Filters,132.5483870967742,11.451612903225806,898.3870967741935,0.14754039497307003,0.01274685816876122,4,7
2026-05,墨西哥,Android,non-Organic,Flawless,0.0,0.0,898.3870967741935,0.0,0.0,45,43
2026-05,墨西哥,Android,non-Organic,Glitter,15.32258064516129,1.2258064516129032,898.3870967741935,0.017055655296229804,0.0013644524236983843,25,33
2026-05,墨西哥,Android,non-Organic,Glowup,62.225806451612904,4.67741935483871,898.3870967741935,0.06926391382405746,0.005206463195691203,7,19
2026-05,墨西哥,Android,non-Organic,Hair,461.7741935483871,68.41935483870968,898.3870967741935,0.5140035906642729,0.07615798922800718,1,1
2026-05,墨西哥,Android,non-Organic,Magic,98.7741935483871,22.903225806451612,898.3870967741935,0.10994614003590665,0.02549371633752244,5,4
2026-05,墨西哥,Android,non-Organic,Makeup,33.96774193548387,6.612903225806452,898.3870967741935,0.037809694793536804,0.0073608617594254945,11,13
2026-05,墨西哥,Android,non-Organic,Matte,3.032258064516129,0.7096774193548387,898.3870967741935,0.0033752244165170557,0.0007899461400359067,41,35
2026-05,墨西哥,Android,non-Organic,Muscle,68.38709677419355,14.419354838709678,898.3870967741935,0.07612208258527828,0.016050269299820466,6,5
2026-05,墨西哥,Android,non-Organic,Mykit,13.35483870967742,0.0,898.3870967741935,0.014865350089766608,0.0,28,43
2026-05,墨西哥,Android,non-Organic,Plump,23.129032258064516,2.7419354838709675,898.3870967741935,0.025745062836624776,0.003052064631956912,19,23
2026-05,墨西哥,Android,non-Organic,Preset,21.903225806451612,0.6451612903225806,898.3870967741935,0.02438061041292639,0.0007181328545780969,20,38
2026-05,墨西哥,Android,non-Organic,Prism,2.3548387096774195,0.7096774193548387,898.3870967741935,0.002621184919210054,0.0007899461400359067,43,35
2026-05,墨西哥,Android,non-Organic,Relight,25.838709677419356,6.483870967741935,898.3870967741935,0.028761220825852786,0.007217235188509874,16,14
2026-05,墨西哥,Android,non-Organic,Reshape,46.806451612903224,9.32258064516129,898.3870967741935,0.05210053859964093,0.010377019748653502,9,11
2026-05,墨西哥,Android,non-Organic,Resize,6.096774193548387,1.096774193548387,898.3870967741935,0.006786355475763016,0.0012208258527827648,34,34
2026-05,墨西哥,Android,non-Organic,Skin Tone,24.419354838709676,10.03225806451613,898.3870967741935,0.027181328545780967,0.01116696588868941,18,9
2026-05,墨西哥,Android,non-Organic,Smooth,21.193548387096776,6.935483870967742,898.3870967741935,0.023590664272890485,0.007719928186714542,21,12
2026-05,墨西哥,Android,non-Organic,Stamp,3.7096774193548385,0.41935483870967744,898.3870967741935,0.004129263913824057,0.00046678635547576304,39,39
2026-05,墨西哥,Android,non-Organic,Teeth,30.903225806451612,0.0,898.3870967741935,0.03439856373429084,0.0,12,43
2026-05,墨西哥,Android,non-Organic,Text,7.32258064516129,0.2903225806451613,898.3870967741935,0.0081508078994614,0.00032315978456014363,32,42
2026-05,墨西哥,Android,non-Organic,Whiten,0.0,0.0,898.3870967741935,0.0,0.0,45,43
2026-05,墨西哥,iOS,Organic,AI Expand,3.5161290322580645,1.2258064516129032,213.93548387096774,0.01643546441495778,0.0057297949336550065,41,32
2026-05,墨西哥,iOS,Organic,AI Image,13.612903225806452,2.129032258064516,213.93548387096774,0.06363088057901085,0.009951749095295536,18,27
2026-05,墨西哥,iOS,Organic,AI Repair,18.387096774193548,6.225806451612903,213.93548387096774,0.08594692400482509,0.029101326899879373,15,17
2026-05,墨西哥,iOS,Organic,AI Replace,1.7741935483870968,0.7741935483870968,213.93548387096774,0.008293124246079614,0.0036188178528347406,44,35
2026-05,墨西哥,iOS,Organic,AI Retouch,43.774193548387096,16.612903225806452,213.93548387096774,0.20461399276236428,0.07765379975874548,4,8
2026-05,墨西哥,iOS,Organic,AI Tattoo,3.806451612903226,0.5806451612903226,213.93548387096774,0.01779252110977081,0.0027141133896260556,40,39
2026-05,墨西哥,iOS,Organic,Acne,22.258064516129032,16.29032258064516,213.93548387096774,0.1040410132689988,0.07614595898673099,12,10
2026-05,墨西哥,iOS,Organic,Adjust,20.870967741935484,9.225806451612904,213.93548387096774,0.09755729794933655,0.043124246079613994,13,13
2026-05,墨西哥,iOS,Organic,Background,9.612903225806452,0.6774193548387096,213.93548387096774,0.044933655006031366,0.0031664656212303977,25,38
2026-05,墨西哥,iOS,Organic,Blur,8.96774193548387,5.741935483870968,213.93548387096774,0.041917973462002406,0.02683956574185766,27,18
2026-05,墨西哥,iOS,Organic,Body,34.54838709677419,22.096774193548388,213.93548387096774,0.1614897466827503,0.10328709288299157,7,5
2026-05,墨西哥,iOS,Organic,Bokeh,4.354838709677419,1.1290322580645162,213.93548387096774,0.020355850422195416,0.0052774427020506635,37,33
2026-05,墨西哥,iOS,Organic,Brighten,8.96774193548387,4.580645161290323,213.93548387096774,0.041917973462002406,0.02141133896260555,27,19
2026-05,墨西哥,iOS,Organic,Concealer,10.806451612903226,3.225806451612903,213.93548387096774,0.05051266586248492,0.015078407720144751,21,21
2026-05,墨西哥,iOS,Organic,Contour,4.225806451612903,2.2903225806451615,213.93548387096774,0.019752714113389625,0.010705669481302775,39,25
2026-05,墨西哥,iOS,Organic,Crop,9.64516129032258,6.419354838709677,213.93548387096774,0.045084439083232807,0.030006031363088055,24,16
2026-05,墨西哥,iOS,Organic,Dark Circles,9.96774193548387,6.67741935483871,213.93548387096774,0.04659227985524728,0.03121230398069964,23,15
2026-05,墨西哥,iOS,Organic,Details,5.032258064516129,1.6129032258064515,213.93548387096774,0.023522316043425813,0.007539203860072376,34,30
2026-05,墨西哥,iOS,Organic,Effects,17.258064516129032,0.0967741935483871,213.93548387096774,0.08066948130277443,0.0004523522316043426,16,42
2026-05,墨西哥,iOS,Organic,Eraser,25.387096774193548,13.0,213.93548387096774,0.1186670687575392,0.060765983112183355,11,12
2026-05,墨西哥,iOS,Organic,Expression,8.290322580645162,2.3548387096774195,213.93548387096774,0.03875150784077202,0.01100723763570567,29,24
2026-05,墨西哥,iOS,Organic,Eye Brighten,4.290322580645161,3.0,213.93548387096774,0.02005428226779252,0.01402291917973462,38,22
2026-05,墨西哥,iOS,Organic,Face,60.58064516129032,30.387096774193548,213.93548387096774,0.28317249698431846,0.14203860072376356,2,1
2026-05,墨西哥,iOS,Organic,Face Fix,9.32258064516129,1.2903225806451613,213.93548387096774,0.04357659831121834,0.006031363088057901,26,31
2026-05,墨西哥,iOS,Organic,Filters,61.516129032258064,16.516129032258064,213.93548387096774,0.28754523522316044,0.07720144752714113,1,9
2026-05,墨西哥,iOS,Organic,Flawless,0.0,0.0,213.93548387096774,0.0,0.0,45,43
2026-05,墨西哥,iOS,Organic,Glitter,5.548387096774194,0.7741935483870968,213.93548387096774,0.025934861278648975,0.0036188178528347406,33,35
2026-05,墨西哥,iOS,Organic,Glowup,13.709677419354838,2.935483870967742,213.93548387096774,0.06408323281061519,0.013721351025331726,17,23
2026-05,墨西哥,iOS,Organic,Hair,27.516129032258064,7.225806451612903,213.93548387096774,0.12861881785283474,0.033775633293124246,10,14
2026-05,墨西哥,iOS,Organic,Magic,57.45161290322581,30.032258064516128,213.93548387096774,0.26854644149577805,0.14037997587454765,3,2
2026-05,墨西哥,iOS,Organic,Makeup,33.54838709677419,18.548387096774192,213.93548387096774,0.15681544028950542,0.08670084439083232,8,6
2026-05,墨西哥,iOS,Organic,Matte,4.387096774193548,2.225806451612903,213.93548387096774,0.020506634499396863,0.010404101326899878,36,26
2026-05,墨西哥,iOS,Organic,Muscle,5.935483870967742,1.8709677419354838,213.93548387096774,0.027744270205066344,0.008745476477683955,31,28
2026-05,墨西哥,iOS,Organic,Mykit,5.67741935483871,0.0,213.93548387096774,0.026537997587454766,0.0,32,43
2026-05,墨西哥,iOS,Organic,Plump,7.67741935483871,1.7419354838709677,213.93548387096774,0.035886610373944514,0.008142340168878166,30,29
2026-05,墨西哥,iOS,Organic,Preset,12.387096774193548,0.7096774193548387,213.93548387096774,0.05790108564535585,0.0033172496984318458,19,37
2026-05,墨西哥,iOS,Organic,Prism,2.225806451612903,0.41935483870967744,213.93548387096774,0.010404101326899878,0.0019601930036188178,43,40
2026-05,墨西哥,iOS,Organic,Relight,35.225806451612904,16.870967741935484,213.93548387096774,0.1646562123039807,0.07886007237635706,5,7
2026-05,墨西哥,iOS,Organic,Reshape,34.774193548387096,22.774193548387096,213.93548387096774,0.16254523522316042,0.10645355850422195,6,4
2026-05,墨西哥,iOS,Organic,Resize,11.193548387096774,4.580645161290323,213.93548387096774,0.052322074788902294,0.02141133896260555,20,19
2026-05,墨西哥,iOS,Organic,Skin Tone,20.387096774193548,14.32258064516129,213.93548387096774,0.09529553679131483,0.0669481302774427,14,11
2026-05,墨西哥,iOS,Organic,Smooth,32.38709677419355,25.580645161290324,213.93548387096774,0.15138721351025333,0.1195717732207479,9,3
2026-05,墨西哥,iOS,Organic,Stamp,4.516129032258065,1.064516129032258,213.93548387096774,0.021109770808202654,0.004975874547647768,35,34
2026-05,墨西哥,iOS,Organic,Teeth,10.709677419354838,0.0,213.93548387096774,0.05006031363088058,0.0,22,43
2026-05,墨西哥,iOS,Organic,Text,2.870967741935484,0.25806451612903225,213.93548387096774,0.01341978287092883,0.0012062726176115801,42,41
2026-05,墨西哥,iOS,Organic,Whiten,0.0,0.0,213.93548387096774,0.0,0.0,45,43
2026-05,墨西哥,iOS,non-Organic,AI Expand,0.5806451612903226,0.25806451612903225,13.32258064516129,0.04358353510895884,0.01937046004842615,26,23
2026-05,墨西哥,iOS,non-Organic,AI Image,2.806451612903226,0.3225806451612903,13.32258064516129,0.2106537530266344,0.024213075060532687,5,17
2026-05,墨西哥,iOS,non-Organic,AI Repair,2.7419354838709675,1.6774193548387097,13.32258064516129,0.20581113801452783,0.12590799031476999,6,1
2026-05,墨西哥,iOS,non-Organic,AI Replace,0.3,0.16666666666666666,13.32258064516129,0.022518159806295398,0.01251008878127522,39,28
2026-05,墨西哥,iOS,non-Organic,AI Retouch,3.032258064516129,1.096774193548387,13.32258064516129,0.22760290556900728,0.08232445520581114,4,5
2026-05,墨西哥,iOS,non-Organic,AI Tattoo,0.22580645161290322,0.03225806451612903,13.32258064516129,0.01694915254237288,0.002421307506053269,41,38
2026-05,墨西哥,iOS,non-Organic,Acne,0.6538461538461539,0.38461538461538464,13.32258064516129,0.04907804060346434,0.028869435649096668,24,14
2026-05,墨西哥,iOS,non-Organic,Adjust,1.064516129032258,0.2903225806451613,13.32258064516129,0.07990314769975787,0.02179176755447942,16,19
2026-05,墨西哥,iOS,non-Organic,Background,1.096774193548387,0.0967741935483871,13.32258064516129,0.08232445520581114,0.007263922518159807,15,33
2026-05,墨西哥,iOS,non-Organic,Blur,0.3870967741935484,0.1935483870967742,13.32258064516129,0.029055690072639227,0.014527845036319613,35,25
2026-05,墨西哥,iOS,non-Organic,Body,1.8064516129032258,1.1612903225806452,13.32258064516129,0.13559322033898305,0.08716707021791768,8,4
2026-05,墨西哥,iOS,non-Organic,Bokeh,0.16129032258064516,0.03225806451612903,13.32258064516129,0.012106537530266344,0.002421307506053269,43,38
2026-05,墨西哥,iOS,non-Organic,Brighten,0.5769230769230769,0.38461538461538464,13.32258064516129,0.043304153473644996,0.028869435649096668,28,14
2026-05,墨西哥,iOS,non-Organic,Concealer,0.6538461538461539,0.15384615384615385,13.32258064516129,0.04907804060346434,0.011547774259638667,24,30
2026-05,墨西哥,iOS,non-Organic,Contour,0.35294117647058826,0.11764705882352941,13.32258064516129,0.02649195271328871,0.008830650904429568,37,32
2026-05,墨西哥,iOS,non-Organic,Crop,0.4838709677419355,0.2903225806451613,13.32258064516129,0.036319612590799036,0.02179176755447942,34,19
2026-05,墨西哥,iOS,non-Organic,Dark Circles,0.5384615384615384,0.38461538461538464,13.32258064516129,0.04041720990873533,0.028869435649096668,30,14
2026-05,墨西哥,iOS,non-Organic,Details,0.5294117647058824,0.17647058823529413,13.32258064516129,0.03973792906993306,0.013245976356644354,31,27
2026-05,墨西哥,iOS,non-Organic,Effects,1.064516129032258,0.0,13.32258064516129,0.07990314769975787,0.0,16,40
2026-05,墨西哥,iOS,non-Organic,Eraser,1.3225806451612903,0.7741935483870968,13.32258064516129,0.09927360774818401,0.05811138014527845,12,8
2026-05,墨西哥,iOS,non-Organic,Expression,0.6774193548387096,0.22580645161290322,13.32258064516129,0.05084745762711864,0.01694915254237288,23,24
2026-05,墨西哥,iOS,non-Organic,Eye Brighten,0.3157894736842105,0.2631578947368421,13.32258064516129,0.023703326111889893,0.019752771759908243,38,22
2026-05,墨西哥,iOS,non-Organic,Face,3.2580645161290325,1.5483870967741935,13.32258064516129,0.24455205811138017,0.1162227602905569,3,2
2026-05,墨西哥,iOS,non-Organic,Face Fix,0.967741935483871,0.1935483870967742,13.32258064516129,0.07263922518159807,0.014527845036319613,18,25
2026-05,墨西哥,iOS,non-Organic,Filters,4.129032258064516,0.967741935483871,13.32258064516129,0.3099273607748184,0.07263922518159807,1,6
2026-05,墨西哥,iOS,non-Organic,Flawless,0.0,0.0,13.32258064516129,0.0,0.0,45,40
2026-05,墨西哥,iOS,non-Organic,Glitter,0.5483870967741935,0.06451612903225806,13.32258064516129,0.04116222760290557,0.004842615012106538,29,35
2026-05,墨西哥,iOS,non-Organic,Glowup,1.3548387096774193,0.16129032258064516,13.32258064516129,0.10169491525423728,0.012106537530266344,10,29
2026-05,墨西哥,iOS,non-Organic,Hair,2.5161290322580645,0.5161290322580645,13.32258064516129,0.18886198547215496,0.0387409200968523,7,11
2026-05,墨西哥,iOS,non-Organic,Magic,3.6451612903225805,1.3548387096774193,13.32258064516129,0.27360774818401934,0.10169491525423728,2,3
2026-05,墨西哥,iOS,non-Organic,Makeup,1.1935483870967742,0.45161290322580644,13.32258064516129,0.08958837772397095,0.03389830508474576,14,13
2026-05,墨西哥,iOS,non-Organic,Matte,0.24,0.12,13.32258064516129,0.018014527845036318,0.009007263922518159,40,31
2026-05,墨西哥,iOS,non-Organic,Muscle,0.8709677419354839,0.3225806451612903,13.32258064516129,0.06537530266343826,0.024213075060532687,20,17
2026-05,墨西哥,iOS,non-Organic,Mykit,0.9,0.0,13.32258064516129,0.0675544794188862,0.0,19,40
2026-05,墨西哥,iOS,non-Organic,Plump,0.5161290322580645,0.0967741935483871,13.32258064516129,0.0387409200968523,0.007263922518159807,32,33
2026-05,墨西哥,iOS,non-Organic,Preset,0.8064516129032258,0.06451612903225806,13.32258064516129,0.06053268765133172,0.004842615012106538,22,35
2026-05,墨西哥,iOS,non-Organic,Prism,0.13333333333333333,0.0,13.32258064516129,0.010008071025020177,0.0,44,40
2026-05,墨西哥,iOS,non-Organic,Relight,1.6774193548387097,0.6774193548387096,13.32258064516129,0.12590799031476999,0.05084745762711864,9,10
2026-05,墨西哥,iOS,non-Organic,Reshape,1.2903225806451613,0.7096774193548387,13.32258064516129,0.09685230024213075,0.053268765133171914,13,9
2026-05,墨西哥,iOS,non-Organic,Resize,0.5161290322580645,0.2903225806451613,13.32258064516129,0.0387409200968523,0.02179176755447942,32,19
2026-05,墨西哥,iOS,non-Organic,Skin Tone,0.8076923076923077,0.46153846153846156,13.32258064516129,0.060625814863103,0.034643322778916005,21,12
2026-05,墨西哥,iOS,non-Organic,Smooth,1.3333333333333333,0.9629629629629629,13.32258064516129,0.10008071025020177,0.07228051295847905,11,7
2026-05,墨西哥,iOS,non-Organic,Stamp,0.2,0.03333333333333333,13.32258064516129,0.015012106537530268,0.0025020177562550443,42,37
2026-05,墨西哥,iOS,non-Organic,Teeth,0.5806451612903226,0.0,13.32258064516129,0.04358353510895884,0.0,26,40
2026-05,墨西哥,iOS,non-Organic,Text,0.3548387096774194,0.0,13.32258064516129,0.026634382566585957,0.0,36,40
2026-05,墨西哥,iOS,non-Organic,Whiten,0.0,0.0,13.32258064516129,0.0,0.0,45,40
2026-05,巴西,Android,Organic,AI Expand,30.161290322580644,13.806451612903226,1718.516129032258,0.017550775237451664,0.008033937755753276,35,28
2026-05,巴西,Android,Organic,AI Image,134.96774193548387,26.419354838709676,1718.516129032258,0.07853737282727034,0.015373352855051243,12,21
2026-05,巴西,Android,Organic,AI Repair,95.80645161290323,41.67741935483871,1718.516129032258,0.05574952134249353,0.02425198032811503,17,17
2026-05,巴西,Android,Organic,AI Replace,25.225806451612904,11.516129032258064,1718.516129032258,0.014678830198595939,0.006701205090663363,38,30
2026-05,巴西,Android,Organic,AI Retouch,301.64516129032256,114.03225806451613,1718.516129032258,0.17552652325712353,0.06635507001539212,5,6
2026-05,巴西,Android,Organic,AI Tattoo,43.16129032258065,10.935483870967742,1718.516129032258,0.02511544092803244,0.00636332920373916,32,31
2026-05,巴西,Android,Organic,Acne,113.29032258064517,83.7741935483871,1718.516129032258,0.06592333971543342,0.048747982130119764,15,13
2026-05,巴西,Android,Organic,Adjust,167.03225806451613,94.2258064516129,1718.516129032258,0.09719563013852911,0.05482974809475541,10,11
2026-05,巴西,Android,Organic,Background,81.7741935483871,8.64516129032258,1718.516129032258,0.04758418740849195,0.005030596538649247,18,34
2026-05,巴西,Android,Organic,Blur,75.64516129032258,49.096774193548384,1718.516129032258,0.044017719713180914,0.028569283327702068,23,15
2026-05,巴西,Android,Organic,Body,126.29032258064517,73.3225806451613,1718.516129032258,0.07348800540601419,0.042666216165484105,13,14
2026-05,巴西,Android,Organic,Bokeh,29.93548387096774,9.096774193548388,1718.516129032258,0.017419379059203363,0.00529338889514585,36,33
2026-05,巴西,Android,Organic,Brighten,45.54838709677419,22.967741935483872,1718.516129032258,0.026504486240943047,0.013364868416112926,31,22
2026-05,巴西,Android,Organic,Collarbone,0.0,0.0,1718.516129032258,0.0,0.0,45,43
2026-05,巴西,Android,Organic,Concealer,68.09677419354838,30.774193548387096,1718.516129032258,0.03962533318316627,0.017907422006982768,24,20
2026-05,巴西,Android,Organic,Contour,20.0,9.387096774193548,1718.516129032258,0.01163794721627811,0.005462326838607951,40,32
2026-05,巴西,Android,Organic,Crop,124.58064516129032,100.7741935483871,1718.516129032258,0.07249314862784847,0.05864023726395615,14,8
2026-05,巴西,Android,Organic,Dark Circles,50.483870967741936,36.064516129032256,1718.516129032258,0.029376431279798776,0.020985846754514398,29,18
2026-05,巴西,Android,Organic,Details,19.612903225806452,7.903225806451613,1718.516129032258,0.011412696624995307,0.004598866238690543,41,35
2026-05,巴西,Android,Organic,Effects,99.41935483870968,4.161290322580645,1718.516129032258,0.057851860194466344,0.0024214438562901227,16,40
2026-05,巴西,Android,Organic,Eraser,169.38709677419354,95.70967741935483,1718.516129032258,0.09856590456883282,0.05569320869467282,9,10
2026-05,巴西,Android,Organic,Expression,54.61290322580645,13.612903225806452,1718.516129032258,0.031779104253481995,0.007921312460111875,28,29
2026-05,巴西,Android,Organic,Eye Brighten,27.193548387096776,16.612903225806452,1718.516129032258,0.01582385403761685,0.00966700454255359,37,24
2026-05,巴西,Android,Organic,Face,343.4193548387097,148.25806451612902,1718.516129032258,0.1998348162330593,0.08627097646131321,3,3
2026-05,巴西,Android,Organic,Face Fix,66.06451612903226,15.580645161290322,1718.516129032258,0.03844276757893156,0.009066336299132786,25,26
2026-05,巴西,Android,Organic,Filters,404.19354838709677,158.5483870967742,1718.516129032258,0.2351991590644592,0.09225888801291438,1,2
2026-05,巴西,Android,Organic,Flawless,0.0,0.0,1718.516129032258,0.0,0.0,45,43
2026-05,巴西,Android,Organic,Glitter,31.193548387096776,4.806451612903226,1718.516129032258,0.01815144348087247,0.0027968615084281263,34,39
2026-05,巴西,Android,Organic,Glowup,79.09677419354838,15.903225806451612,1718.516129032258,0.04602620415211923,0.009254045125201787,20,25
2026-05,巴西,Android,Organic,Hair,366.35483870967744,98.45161290322581,1718.516129032258,0.2131809137665653,0.05728873371625934,2,9
2026-05,巴西,Android,Organic,Magic,335.83870967741933,180.61290322580646,1718.516129032258,0.19542365882043772,0.1050981717160341,4,1
2026-05,巴西,Android,Organic,Makeup,215.67741935483872,120.38709677419355,1718.516129032258,0.12550212110973458,0.07005293388895147,6,5
2026-05,巴西,Android,Organic,Matte,18.548387096774192,7.709677419354839,1718.516129032258,0.0107932574989676,0.004486240943049142,43,36
2026-05,巴西,Android,Organic,Muscle,49.806451612903224,15.258064516129032,1718.516129032258,0.02898224274505387,0.008878627473063783,30,27
2026-05,巴西,Android,Organic,Mykit,37.806451612903224,0.0,1718.516129032258,0.021999474415287008,0.0,33,43
2026-05,巴西,Android,Organic,Plump,55.16129032258065,18.838709677419356,1718.516129032258,0.032098209257799305,0.010962195442429703,27,23
2026-05,巴西,Android,Organic,Preset,76.16129032258064,6.193548387096774,1718.516129032258,0.04431805383489131,0.003604009460524834,21,38
2026-05,巴西,Android,Organic,Prism,19.032258064516128,7.548387096774194,1718.516129032258,0.011074820738071103,0.004392386530014641,42,37
2026-05,巴西,Android,Organic,Relight,188.6451612903226,91.48387096774194,1718.516129032258,0.10977212148515224,0.0532342230731689,8,12
2026-05,巴西,Android,Organic,Reshape,202.6451612903226,143.70967741935485,1718.516129032258,0.11791868453654691,0.0836242820137403,7,4
2026-05,巴西,Android,Organic,Resize,63.67741935483871,34.0,1718.516129032258,0.03705372226602095,0.019784510267672785,26,19
2026-05,巴西,Android,Organic,Skin Tone,79.16129032258064,48.354838709677416,1718.516129032258,0.04606374591733303,0.028137553027743362,19,16
2026-05,巴西,Android,Organic,Smooth,146.16129032258064,110.06451612903226,1718.516129032258,0.0850508690918647,0.06404625145474341,11,7
2026-05,巴西,Android,Organic,Stamp,18.516129032258064,3.6774193548387095,1718.516129032258,0.010774486616360702,0.00213988061718662,44,41
2026-05,巴西,Android,Organic,Teeth,75.7741935483871,0.0,1718.516129032258,0.044092803243608515,0.0,22,43
2026-05,巴西,Android,Organic,Text,23.516129032258064,2.5161290322580645,1718.516129032258,0.01368397342043023,0.0014641288433382138,39,42
2026-05,巴西,Android,Organic,Whiten,0.0,0.0,1718.516129032258,0.0,0.0,45,43
2026-05,巴西,Android,non-Organic,AI Expand,80.54838709677419,31.870967741935484,7986.935483870968,0.010085017871927946,0.003990387528019548,37,30
2026-05,巴西,Android,non-Organic,AI Image,796.7741935483871,149.29032258064515,7986.935483870968,0.0997596882004887,0.01869181526282841,7,15
2026-05,巴西,Android,non-Organic,AI Repair,318.51612903225805,125.96774193548387,7986.935483870968,0.039879642157555684,0.015771723984733133,19,17
2026-05,巴西,Android,non-Organic,AI Replace,61.193548387096776,26.322580645161292,7986.935483870968,0.0076617056079484646,0.0032957046790120965,40,33
2026-05,巴西,Android,non-Organic,AI Retouch,1802.0,462.0,7986.935483870968,0.22561844948403642,0.05784446374119025,2,5
2026-05,巴西,Android,non-Organic,AI Tattoo,295.35483870967744,64.3225806451613,7986.935483870968,0.03697974514832691,0.008053474423958481,21,25
2026-05,巴西,Android,non-Organic,Acne,256.38709677419354,149.3548387096774,7986.935483870968,0.032100809790181546,0.018699892970375005,25,14
2026-05,巴西,Android,non-Organic,Adjust,394.5483870967742,182.74193548387098,7986.935483870968,0.04939922050122175,0.022880106625739617,15,13
2026-05,巴西,Android,non-Organic,Background,315.96774193548384,29.419354838709676,7986.935483870968,0.03956057270946505,0.0036834346412488134,20,31
2026-05,巴西,Android,non-Organic,Blur,181.48387096774192,93.96774193548387,7986.935483870968,0.022722591328580947,0.011765181041620389,29,19
2026-05,巴西,Android,non-Organic,Body,454.9032258064516,211.80645161290323,7986.935483870968,0.056955915911064435,0.02651911387548214,11,12
2026-05,巴西,Android,non-Organic,Bokeh,72.7741935483871,17.483870967741936,7986.935483870968,0.009111654112562855,0.0021890587451281326,38,39
2026-05,巴西,Android,non-Organic,Brighten,153.2258064516129,70.74193548387096,7986.935483870968,0.019184555423170904,0.008857206324845008,30,22
2026-05,巴西,Android,non-Organic,Collarbone,0.0,0.0,7986.935483870968,0.0,0.0,45,44
2026-05,巴西,Android,non-Organic,Concealer,213.70967741935485,91.90322580645162,7986.935483870968,0.02675740624810679,0.011506694400129244,27,20
2026-05,巴西,Android,non-Organic,Contour,60.516129032258064,27.161290322580644,7986.935483870968,0.0075768896787091825,0.003400714877117874,41,32
2026-05,巴西,Android,non-Organic,Crop,325.4516129032258,248.16129032258064,7986.935483870968,0.040747995718814996,0.031070902077990264,17,9
2026-05,巴西,Android,non-Organic,Dark Circles,150.3548387096774,80.03225806451613,7986.935483870968,0.01882509743734728,0.01002039621155516,32,21
2026-05,巴西,Android,non-Organic,Details,57.12903225806452,19.483870967741936,7986.935483870968,0.007152810032512774,0.002439467679072679,42,37
2026-05,巴西,Android,non-Organic,Effects,412.03225806451616,17.483870967741936,7986.935483870968,0.051588279246349886,0.0021890587451281326,14,39
2026-05,巴西,Android,non-Organic,Eraser,550.516129032258,254.03225806451613,7986.935483870968,0.06892707849512308,0.03180597346473071,9,8
2026-05,巴西,Android,non-Organic,Expression,241.61290322580646,52.774193548387096,7986.935483870968,0.03025101476201054,0.006607564773117389,26,27
2026-05,巴西,Android,non-Organic,Eye Brighten,82.2258064516129,39.38709677419355,7986.935483870968,0.010295038268139501,0.004931440457198248,36,29
2026-05,巴西,Android,non-Organic,Face,1605.2903225806451,497.16129032258067,7986.935483870968,0.2009895191744583,0.06224681435408631,4,3
2026-05,巴西,Android,non-Organic,Face Fix,282.1290322580645,68.7741935483871,7986.935483870968,0.035323815101274254,0.008610836244673762,22,23
2026-05,巴西,Android,non-Organic,Filters,1734.8709677419354,519.6451612903226,7986.935483870968,0.2172135947818009,0.06506189543407581,3,2
2026-05,巴西,Android,non-Organic,Flawless,0.0,0.0,7986.935483870968,0.0,0.0,45,44
2026-05,巴西,Android,non-Organic,Glitter,142.4516129032258,21.193548387096776,7986.935483870968,0.01783557826288899,0.002653526929057534,33,34
2026-05,巴西,Android,non-Organic,Glowup,447.38709677419354,60.38709677419355,7986.935483870968,0.05601486298188574,0.007560734263615986,12,26
2026-05,巴西,Android,non-Organic,Hair,4146.322580645161,826.5483870967741,7986.935483870968,0.5191381086047779,0.1034875502332438,1,1
2026-05,巴西,Android,non-Organic,Magic,1222.032258064516,476.61290322580646,7986.935483870968,0.15300389749389123,0.05967406450049476,5,4
2026-05,巴西,Android,non-Organic,Makeup,673.258064516129,273.5483870967742,7986.935483870968,0.0842949171025263,0.03424947999757669,8,7
2026-05,巴西,Android,non-Organic,Matte,51.74193548387097,18.903225806451612,7986.935483870968,0.006478321452371817,0.0023667683111532945,44,38
2026-05,巴西,Android,non-Organic,Muscle,443.35483870967744,117.93548387096774,7986.935483870968,0.05551000626022335,0.014766049395181648,13,18
2026-05,巴西,Android,non-Organic,Mykit,152.90322580645162,0.0,7986.935483870968,0.019144166885437915,0.0,31,44
2026-05,巴西,Android,non-Organic,Plump,193.5483870967742,64.93548387096774,7986.935483870968,0.024233122639794828,0.008130212645651164,28,24
2026-05,巴西,Android,non-Organic,Preset,324.03225806451616,19.677419354838708,7986.935483870968,0.04057028615278984,0.002463700801712474,18,36
2026-05,巴西,Android,non-Organic,Prism,54.935483870967744,20.35483870967742,7986.935483870968,0.006878167975928432,0.002548516730951756,43,35
2026-05,巴西,Android,non-Organic,Relight,843.4516129032259,371.741935483871,7986.935483870968,0.10560390961045256,0.04654375088349926,6,6
2026-05,巴西,Android,non-Organic,Reshape,460.64516129032256,220.41935483870967,7986.935483870968,0.057674831882711684,0.027597487832953006,10,10
2026-05,巴西,Android,non-Organic,Resize,116.54838709677419,48.74193548387097,7986.935483870968,0.014592378682929784,0.0061027080514549975,34,28
2026-05,巴西,Android,non-Organic,Skin Tone,260.96774193548384,133.93548387096774,7986.935483870968,0.03267432702599002,0.01676932086673802,24,16
2026-05,巴西,Android,non-Organic,Smooth,367.5483870967742,216.2258064516129,7986.935483870968,0.046018699892970374,0.02707243684242412,16,11
2026-05,巴西,Android,non-Organic,Stamp,62.25806451612903,10.838709677419354,7986.935483870968,0.0077949877824673355,0.0013570548678285101,39,41
2026-05,巴西,Android,non-Organic,Teeth,268.35483870967744,0.06451612903225806,7986.935483870968,0.03359922454007553,8.077707546598275e-06,23,43
2026-05,巴西,Android,non-Organic,Text,89.48387096774194,6.032258064516129,7986.935483870968,0.011203780367131808,0.0007552656556069387,35,42
2026-05,巴西,Android,non-Organic,Whiten,0.0,0.0,7986.935483870968,0.0,0.0,45,44
2026-05,巴西,iOS,Organic,AI Expand,75.90322580645162,31.258064516129032,4817.322580645161,0.015756309554899324,0.0064886799654472775,37,28
2026-05,巴西,iOS,Organic,AI Image,314.83870967741933,61.74193548387097,4817.322580645161,0.06535553814526876,0.012816649591193075,16,24
2026-05,巴西,iOS,Organic,AI Repair,299.3225806451613,104.3225806451613,4817.322580645161,0.062134635087084916,0.021655718274774506,17,20
2026-05,巴西,iOS,Organic,AI Replace,41.645161290322584,13.741935483870968,4817.322580645161,0.008644877023108809,0.0028526085297012798,43,38
2026-05,巴西,iOS,Organic,AI Retouch,983.7096774193549,357.258064516129,4817.322580645161,0.20420257538319372,0.07416112550807905,4,9
2026-05,巴西,iOS,Organic,AI Tattoo,94.70967741935483,16.06451612903226,4817.322580645161,0.019660231556814452,0.003334739548805722,33,35
2026-05,巴西,iOS,Organic,Acne,621.7096774193549,490.9032258064516,4817.322580645161,0.12905709904444312,0.10190374789904712,10,5
2026-05,巴西,iOS,Organic,Adjust,544.1935483870968,260.48387096774195,4817.322580645161,0.11296597628183239,0.05407233304539398,12,12
2026-05,巴西,iOS,Organic,Background,215.90322580645162,14.903225806451612,4817.322580645161,0.04481809598425039,0.0030936740392535004,27,37
2026-05,巴西,iOS,Organic,Blur,271.16129032258067,182.41935483870967,4817.322580645161,0.05628879648044357,0.03786737379216135,21,15
2026-05,巴西,iOS,Organic,Body,532.4193548387096,326.7741935483871,4817.322580645161,0.11052183986553901,0.06783315588233324,13,10
2026-05,巴西,iOS,Organic,Bokeh,92.19354838709677,31.129032258064516,4817.322580645161,0.01913792295278464,0.0064618949088303635,34,29
2026-05,巴西,iOS,Organic,Brighten,175.8709677419355,95.19354838709677,4817.322580645161,0.036508032168853,0.019760675519127878,29,21
2026-05,巴西,iOS,Organic,Concealer,244.25806451612902,112.38709677419355,4817.322580645161,0.05070411217581711,0.023329784313331596,23,19
2026-05,巴西,iOS,Organic,Contour,66.64516129032258,34.935483870967744,4817.322580645161,0.013834481742635784,0.00725205407902931,38,27
2026-05,巴西,iOS,Organic,Crop,276.19354838709677,203.29032258064515,4817.322580645161,0.057333413688503185,0.0421998566999471,18,13
2026-05,巴西,iOS,Organic,Dark Circles,234.80645161290323,197.93548387096774,4817.322580645161,0.04874210677862821,0.0410882768503452,24,14
2026-05,巴西,iOS,Organic,Details,63.03225806451613,19.161290322580644,4817.322580645161,0.013084500157362209,0.0039775809076116435,40,33
2026-05,巴西,iOS,Organic,Effects,328.93548387096774,3.161290322580645,4817.322580645161,0.06828180558066656,0.0006562338871143789,15,41
2026-05,巴西,iOS,Organic,Eraser,587.1290322580645,305.6774193548387,4817.322580645161,0.12187870387111031,0.0634537991254679,11,11
2026-05,巴西,iOS,Organic,Expression,150.58064516129033,28.06451612903226,4817.322580645161,0.03125816107193797,0.0058257498141786705,30,31
2026-05,巴西,iOS,Organic,Eye Brighten,106.54838709677419,77.7741935483871,4817.322580645161,0.02211776050141626,0.01614469287584457,32,22
2026-05,巴西,iOS,Organic,Face,1304.2903225806451,524.3225806451613,4817.322580645161,0.2707500485479151,0.10884107756282771,3,4
2026-05,巴西,iOS,Organic,Face Fix,221.51612903225808,39.38709677419355,4817.322580645161,0.045983245947086124,0.008176138532312823,26,26
2026-05,巴西,iOS,Organic,Filters,1499.6129032258063,473.4516129032258,4817.322580645161,0.3112959280017678,0.09828106899160959,1,6
2026-05,巴西,iOS,Organic,Flawless,0.0,0.0,4817.322580645161,0.0,0.0,45,43
2026-05,巴西,iOS,Organic,Glitter,79.58064516129032,10.548387096774194,4817.322580645161,0.016519683668481354,0.002189678378432673,36,39
2026-05,巴西,iOS,Organic,Glowup,244.90322580645162,54.483870967741936,4817.322580645161,0.05083803745890168,0.011309990156491694,22,25
2026-05,巴西,iOS,Organic,Hair,660.741935483871,157.0,4817.322580645161,0.13715957867105943,0.03259071763862941,9,17
2026-05,巴西,iOS,Organic,Magic,1381.2903225806451,767.2258064516129,4817.322580645161,0.2867340310840582,0.15926394664416724,2,1
2026-05,巴西,iOS,Organic,Makeup,716.2258064516129,358.64516129032256,4817.322580645161,0.1486771530163322,0.07444906486671087,8,8
2026-05,巴西,iOS,Organic,Matte,63.61290322580645,29.806451612903224,4817.322580645161,0.013205032912138318,0.006187348078507001,39,30
2026-05,巴西,iOS,Organic,Muscle,113.83870967741936,27.70967741935484,4817.322580645161,0.02363111620027187,0.005752090908482158,31,32
2026-05,巴西,iOS,Organic,Mykit,79.80645161290323,0.0,4817.322580645161,0.016566557517560955,0.0,35,43
2026-05,巴西,iOS,Organic,Plump,226.0,71.90322580645162,4817.322580645161,0.046914026664523864,0.014925972799775008,25,23
2026-05,巴西,iOS,Organic,Preset,202.7741935483871,16.193548387096776,4817.322580645161,0.04209271647347945,0.003361524605422635,28,34
2026-05,巴西,iOS,Organic,Prism,45.0,15.03225806451613,4817.322580645161,0.009341288495148557,0.0031204590958704144,41,36
2026-05,巴西,iOS,Organic,Relight,813.7741935483871,367.7741935483871,4817.322580645161,0.16892665581871874,0.0763441076223575,6,7
2026-05,巴西,iOS,Organic,Reshape,943.1290322580645,757.0322580645161,4817.322580645161,0.19577867507717445,0.15714792717143106,5,2
2026-05,巴西,iOS,Organic,Resize,272.258064516129,145.3548387096774,4817.322580645161,0.05651646946168733,0.030173366278952972,20,18
2026-05,巴西,iOS,Organic,Skin Tone,276.19354838709677,163.32258064516128,4817.322580645161,0.057333413688503185,0.03390318541285817,18,16
2026-05,巴西,iOS,Organic,Smooth,791.6774193548387,630.741935483871,4817.322580645161,0.1643397148730723,0.13093205300762706,7,3
2026-05,巴西,iOS,Organic,Stamp,42.193548387096776,9.548387096774194,4817.322580645161,0.008758713513730691,0.0019820941896515937,42,40
2026-05,巴西,iOS,Organic,Teeth,352.03225806451616,0.0,4817.322580645161,0.07307633071509406,0.0,14,43
2026-05,巴西,iOS,Organic,Text,40.25806451612903,3.096774193548387,4817.322580645161,0.008356937664476989,0.0006428413588059222,44,42
2026-05,巴西,iOS,Organic,Whiten,0.0,0.0,4817.322580645161,0.0,0.0,45,43
2026-05,巴西,iOS,non-Organic,AI Expand,12.0,4.354838709677419,1036.8387096774193,0.011573641963785701,0.004200112002986746,34,29
2026-05,巴西,iOS,non-Organic,AI Image,158.41935483870967,43.516129032258064,1036.8387096774193,0.15279074108642898,0.0419700080891046,7,8
2026-05,巴西,iOS,non-Organic,AI Repair,67.19354838709677,26.967741935483872,1036.8387096774193,0.06480617260904735,0.026009582477754964,13,13
2026-05,巴西,iOS,non-Organic,AI Replace,8.838709677419354,3.6129032258064515,1036.8387096774193,0.008524671769024952,0.003484537365440856,38,33
2026-05,巴西,iOS,non-Organic,AI Retouch,248.93548387096774,75.64516129032258,1036.8387096774193,0.24009084686702759,0.07295750108891792,4,7
2026-05,巴西,iOS,non-Organic,AI Tattoo,45.32258064516129,9.0,1036.8387096774193,0.04371227677182503,0.008680231472839276,20,26
2026-05,巴西,iOS,non-Organic,Acne,32.193548387096776,15.838709677419354,1036.8387096774193,0.031049716881339062,0.01527596291456661,25,16
2026-05,巴西,iOS,non-Organic,Adjust,71.74193548387096,34.41935483870968,1036.8387096774193,0.06919295625661129,0.03319644079397673,11,10
2026-05,巴西,iOS,non-Organic,Background,61.32258064516129,4.838709677419355,1036.8387096774193,0.05914379939020596,0.004666791114429718,14,28
2026-05,巴西,iOS,non-Organic,Blur,25.70967741935484,12.03225806451613,1036.8387096774193,0.02479621678800324,0.011604753904548567,30,20
2026-05,巴西,iOS,non-Organic,Body,71.58064516129032,33.0,1036.8387096774193,0.06903739655279696,0.03182751540041068,12,11
2026-05,巴西,iOS,non-Organic,Bokeh,11.258064516129032,3.161290322580645,1036.8387096774193,0.010858067326239812,0.0030489701947607494,36,36
2026-05,巴西,iOS,non-Organic,Brighten,24.193548387096776,11.129032258064516,1036.8387096774193,0.023333955572148592,0.010733619563188352,31,21
2026-05,巴西,iOS,non-Organic,Concealer,27.06451612903226,12.193548387096774,1036.8387096774193,0.02610291830004356,0.011760313608362891,28,18
2026-05,巴西,iOS,non-Organic,Contour,7.709677419354839,4.193548387096774,1036.8387096774193,0.007435753842324685,0.004044552299172423,42,31
2026-05,巴西,iOS,non-Organic,Crop,34.38709677419355,23.548387096774192,1036.8387096774193,0.03316532885321387,0.022711716756891296,23,14
2026-05,巴西,iOS,non-Organic,Dark Circles,16.838709677419356,10.193548387096774,1036.8387096774193,0.016240433078215422,0.009831373281065273,33,23
2026-05,巴西,iOS,non-Organic,Details,6.548387096774194,1.7741935483870968,1036.8387096774193,0.006315723974861553,0.0017111567419575634,44,40
2026-05,巴西,iOS,non-Organic,Effects,91.25806451612904,2.096774193548387,1036.8387096774193,0.0880156804181445,0.0020222761495862114,10,39
2026-05,巴西,iOS,non-Organic,Eraser,147.6451612903226,77.7741935483871,1036.8387096774193,0.14239935287163216,0.07501088917926702,8,5
2026-05,巴西,iOS,non-Organic,Expression,32.70967741935484,6.580645161290323,1036.8387096774193,0.0315475079335449,0.006346835915624418,24,27
2026-05,巴西,iOS,non-Organic,Eye Brighten,8.774193548387096,4.225806451612903,1036.8387096774193,0.008462447887499221,0.0040756642399352875,39,30
2026-05,巴西,iOS,non-Organic,Face,220.70967741935485,76.19354838709677,1036.8387096774193,0.2128678986995209,0.07348640408188663,5,6
2026-05,巴西,iOS,non-Organic,Face Fix,42.58064516129032,10.03225806451613,1036.8387096774193,0.04106776180698152,0.00967581357725095,21,24
2026-05,巴西,iOS,non-Organic,Filters,409.35483870967744,149.6451612903226,1036.8387096774193,0.3948105282807542,0.14432829319892976,1,1
2026-05,巴西,iOS,non-Organic,Flawless,0.0,0.0,1036.8387096774193,0.0,0.0,45,43
2026-05,巴西,iOS,non-Organic,Glitter,25.774193548387096,4.064516129032258,1036.8387096774193,0.024858440669528966,0.003920104536120963,29,32
2026-05,巴西,iOS,non-Organic,Glowup,60.516129032258064,9.161290322580646,1036.8387096774193,0.058366000871134346,0.0088357911766536,15,25
2026-05,巴西,iOS,non-Organic,Hair,390.83870967741933,85.2258064516129,1036.8387096774193,0.37695227428286976,0.08219774749548876,2,4
2026-05,巴西,iOS,non-Organic,Magic,269.16129032258067,103.90322580645162,1036.8387096774193,0.25959803372534385,0.1002115611971875,3,2
2026-05,巴西,iOS,non-Organic,Makeup,107.45161290322581,37.516129032258064,1036.8387096774193,0.10363387468110262,0.03618318710721175,9,9
2026-05,巴西,iOS,non-Organic,Matte,7.032258064516129,2.806451612903226,1036.8387096774193,0.0067824030863045245,0.002706738846369237,43,37
2026-05,巴西,iOS,non-Organic,Muscle,50.38709677419355,11.096774193548388,1036.8387096774193,0.04859685147159481,0.010702507622425488,18,22
2026-05,巴西,iOS,non-Organic,Mykit,21.64516129032258,0.0,1036.8387096774193,0.020876112251882274,0.0,32,43
2026-05,巴西,iOS,non-Organic,Plump,32.12903225806452,12.161290322580646,1036.8387096774193,0.030987492999813335,0.011729201667600027,26,19
2026-05,巴西,iOS,non-Organic,Preset,56.61290322580645,3.4838709677419355,1036.8387096774193,0.054601456038827705,0.003360089602389397,16,35
2026-05,巴西,iOS,non-Organic,Prism,8.612903225806452,2.774193548387097,1036.8387096774193,0.008306888183684899,0.002675626905606372,40,38
2026-05,巴西,iOS,non-Organic,Relight,179.70967741935485,89.38709677419355,1036.8387096774193,0.17332462198991974,0.08621118785389834,6,3
2026-05,巴西,iOS,non-Organic,Reshape,47.645161290322584,18.806451612903224,1036.8387096774193,0.0459523365067513,0.01813826146475017,19,15
2026-05,巴西,iOS,non-Organic,Resize,10.35483870967742,3.6129032258064515,1036.8387096774193,0.009986932984879598,0.003484537365440856,37,33
2026-05,巴西,iOS,non-Organic,Skin Tone,31.258064516129032,13.32258064516129,1036.8387096774193,0.03014747059921598,0.012849231535063158,27,17
2026-05,巴西,iOS,non-Organic,Smooth,53.96774193548387,28.0,1036.8387096774193,0.05205027689627279,0.027005164582166636,17,12
2026-05,巴西,iOS,non-Organic,Stamp,7.870967741935484,1.1612903225806452,1036.8387096774193,0.007591313546139009,0.0011200298674631326,41,41
2026-05,巴西,iOS,non-Organic,Teeth,37.225806451612904,0.0,1036.8387096774193,0.03590317964034597,0.0,22,43
2026-05,巴西,iOS,non-Organic,Text,11.806451612903226,0.7741935483870968,1036.8387096774193,0.011386970319208514,0.0007466865783087549,35,42
2026-05,巴西,iOS,non-Organic,Whiten,0.0,0.0,1036.8387096774193,0.0,0.0,45,43
2026-05,整体,Android,Organic,AI Expand,210.96774193548387,81.7741935483871,6672.451612903225,0.031617725264206226,0.012255494425804706,36,29
2026-05,整体,Android,Organic,AI Image,755.8709677419355,125.09677419354838,6672.451612903225,0.11328234531970646,0.018748247488469684,10,22
2026-05,整体,Android,Organic,AI Repair,620.1290322580645,274.96774193548384,6672.451612903225,0.09293870802432729,0.04120940216392872,13,15
2026-05,整体,Android,Organic,AI Replace,199.1290322580645,84.19354838709677,6672.451612903225,0.029843458418340216,0.012618083018284133,37,28
2026-05,整体,Android,Organic,AI Retouch,1453.8709677419354,573.258064516129,6672.451612903225,0.21789157150730495,0.08591415835935914,4,5
2026-05,整体,Android,Organic,AI Tattoo,196.51612903225808,45.45161290322581,6672.451612903225,0.029451862738462436,0.006811831024046876,38,38
2026-05,整体,Android,Organic,Acne,486.83870967741933,319.5806451612903,6672.451612903225,0.07296249383599393,0.04789553580924939,19,13
2026-05,整体,Android,Organic,Adjust,735.2903225806451,375.16129032258067,6672.451612903225,0.1101979250263481,0.056225404407143485,11,9
2026-05,整体,Android,Organic,Background,528.6774193548387,64.09677419354838,6672.451612903225,0.07923285922860486,0.009606180443421677,16,33
2026-05,整体,Android,Organic,Blur,437.48387096774195,206.03225806451613,6672.451612903225,0.06556568654941358,0.030878044535548186,21,17
2026-05,整体,Android,Organic,Body,517.5806451612904,274.16129032258067,6672.451612903225,0.07756978621776589,0.04108853929976892,17,16
2026-05,整体,Android,Organic,Bokeh,350.35483870967744,193.74193548387098,6672.451612903225,0.05250766270558774,0.02903609448575269,26,18
2026-05,整体,Android,Organic,Brighten,305.35483870967744,162.93548387096774,6672.451612903225,0.045763514885470355,0.024419133074847957,28,19
2026-05,整体,Android,Organic,Collarbone,0.0,0.0,6672.451612903225,0.0,0.0,45,43
2026-05,整体,Android,Organic,Concealer,355.7741935483871,161.83870967741936,6672.451612903225,0.053319861152741656,0.024254759579590616,25,20
2026-05,整体,Android,Organic,Contour,149.09677419354838,68.41935483870968,6672.451612903225,0.02234512632586562,0.010254005395318257,41,31
2026-05,整体,Android,Organic,Crop,466.03225806451616,341.38709677419354,6672.451612903225,0.06984423194067084,0.05116366765613065,20,12
2026-05,整体,Android,Organic,Dark Circles,231.29032258064515,147.29032258064515,6672.451612903225,0.03466346944103343,0.022074393510147648,35,21
2026-05,整体,Android,Organic,Details,139.83870967741936,60.806451612903224,6672.451612903225,0.020957620645311006,0.009113059957649652,42,34
2026-05,整体,Android,Organic,Effects,587.0967741935484,26.806451612903224,6672.451612903225,0.08798816510834148,0.004017481604672075,14,41
2026-05,整体,Android,Organic,Eraser,775.1935483870968,346.48387096774195,6672.451612903225,0.11617821954497551,0.05192752095762065,9,11
2026-05,整体,Android,Organic,Expression,282.83870967741933,71.90322580645162,6672.451612903225,0.042389023718128464,0.010776132968488636,30,30
2026-05,整体,Android,Organic,Eye Brighten,168.4516129032258,104.0,6672.451612903225,0.025245835065701053,0.015586474962049061,39,24
2026-05,整体,Android,Organic,Face,1639.0967741935483,678.1612903225806,6672.451612903225,0.24565135414753006,0.10163599972926718,3,2
2026-05,整体,Android,Organic,Face Fix,366.0,86.12903225806451,6672.451612903225,0.05485240227028804,0.012908153892267678,24,27
2026-05,整体,Android,Organic,Filters,1970.8709677419354,620.2903225806451,6672.451612903225,0.29537433646287575,0.09296288059715924,1,3
2026-05,整体,Android,Organic,Flawless,0.0,0.0,6672.451612903225,0.0,0.0,45,43
2026-05,整体,Android,Organic,Glitter,302.1290322580645,44.54838709677419,6672.451612903225,0.04528006342883111,0.006676464616187889,29,39
2026-05,整体,Android,Organic,Glowup,433.7741935483871,116.54838709677419,6672.451612903225,0.06500971737427845,0.0174671011283757,22,23
2026-05,整体,Android,Organic,Hair,1369.6451612903227,376.48387096774195,6672.451612903225,0.20526865397445446,0.05642361950436557,5,8
2026-05,整体,Android,Organic,Magic,1683.225806451613,826.483870967742,6672.451612903225,0.25226497007435483,0.1238650977055394,2,1
2026-05,整体,Android,Organic,Makeup,983.0322580645161,443.83870967741933,6672.451612903225,0.14732699689624165,0.06651808591899287,6,6
2026-05,整体,Android,Organic,Matte,134.3548387096774,58.935483870967744,6672.451612903225,0.020135753169024297,0.008832658112798895,44,35
2026-05,整体,Android,Organic,Muscle,243.32258064516128,66.06451612903226,6672.451612903225,0.03646674337429779,0.009901085831971612,32,32
2026-05,整体,Android,Organic,Mykit,367.8709677419355,0.0,6672.451612903225,0.0551328041151388,0.0,23,43
2026-05,整体,Android,Organic,Plump,275.93548387096774,92.0,6672.451612903225,0.041354437600920495,0.013788035543351092,31,26
2026-05,整体,Android,Organic,Preset,565.5806451612904,54.225806451612904,6672.451612903225,0.08476354389255776,0.008126818986105606,15,36
2026-05,整体,Android,Organic,Prism,136.74193548387098,53.45161290322581,6672.451612903225,0.020493507246937336,0.008010790636512189,43,37
2026-05,整体,Android,Organic,Relight,828.8387096774194,395.741935483871,6672.451612903225,0.12421801726888604,0.05930982470050183,7,7
2026-05,整体,Android,Organic,Reshape,654.2258064516129,356.258064516129,6672.451612903225,0.09804878992100405,0.053392378871237545,12,10
2026-05,整体,Android,Organic,Resize,242.58064516129033,101.25806451612904,6672.451612903225,0.03635554953927077,0.015175541223905709,33,25
2026-05,整体,Android,Organic,Skin Tone,494.38709677419354,314.3225806451613,6672.451612903225,0.07409377024452975,0.04710750993492743,18,14
2026-05,整体,Android,Organic,Smooth,812.4193548387096,598.0,6672.451612903225,0.12175724935459231,0.0896222310317821,8,4
2026-05,整体,Android,Organic,Stamp,163.70967741935485,29.967741935483872,6672.451612903225,0.024535161424441374,0.004491264032178529,40,40
2026-05,整体,Android,Organic,Teeth,315.03225806451616,0.0,6672.451612903225,0.04721386925538807,0.0,27,43
2026-05,整体,Android,Organic,Text,238.7741935483871,17.258064516129032,6672.451612903225,0.03578507682043646,0.002586465293019928,34,42
2026-05,整体,Android,Organic,Whiten,0.0,0.0,6672.451612903225,0.0,0.0,45,43
2026-05,整体,Android,non-Organic,AI Expand,143.70967741935485,54.25806451612903,11130.161290322581,0.012911733592244266,0.004874867767038126,36,30
2026-05,整体,Android,non-Organic,AI Image,1160.9032258064517,191.51612903225808,11130.161290322581,0.10430246206906546,0.01720695001956323,6,17
2026-05,整体,Android,non-Organic,AI Repair,565.7096774193549,231.5483870967742,11130.161290322581,0.05082672772327445,0.020803686582520613,16,13
2026-05,整体,Android,non-Organic,AI Replace,122.41935483870968,53.41935483870968,11130.161290322581,0.01099888417117104,0.004799513092874636,38,31
2026-05,整体,Android,non-Organic,AI Retouch,2526.7096774193546,676.3870967741935,11130.161290322581,0.22701465068761137,0.06077064645615662,2,4
2026-05,整体,Android,non-Organic,AI Tattoo,403.61290322580646,87.09677419354838,11130.161290322581,0.036262987812830584,0.007825293086208645,23,26
2026-05,整体,Android,non-Organic,Acne,383.19354838709677,209.80645161290323,11130.161290322581,0.03442839132261944,0.01885026156766705,25,16
2026-05,整体,Android,non-Organic,Adjust,545.6451612903226,229.25806451612902,11130.161290322581,0.04902401205674786,0.02059791035692031,17,14
2026-05,整体,Android,non-Organic,Background,481.19354838709677,50.096774193548384,11130.161290322581,0.04323329517295346,0.004500992652919269,19,33
2026-05,整体,Android,non-Organic,Blur,241.48387096774192,114.41935483870968,11130.161290322581,0.021696349645688114,0.010280116509919283,31,22
2026-05,整体,Android,non-Organic,Body,689.258064516129,319.4516129032258,11130.161290322581,0.06192705087889634,0.028701436086194153,11,11
2026-05,整体,Android,non-Organic,Bokeh,113.93548387096774,28.0,11130.161290322581,0.010236642659440347,0.0025156868143811494,40,39
2026-05,整体,Android,non-Organic,Brighten,251.25806451612902,117.09677419354838,11130.161290322581,0.02257452142536264,0.010520671815902733,30,20
2026-05,整体,Android,non-Organic,Collarbone,0.0,0.0,11130.161290322581,0.0,0.0,45,44
2026-05,整体,Android,non-Organic,Concealer,374.0967741935484,162.3548387096774,11130.161290322581,0.03361108293361543,0.014586925964032632,26,18
2026-05,整体,Android,non-Organic,Contour,118.96774193548387,52.38709677419355,11130.161290322581,0.01068877070442129,0.0047067688785195705,39,32
2026-05,整体,Android,non-Organic,Crop,445.64516129032256,322.6774193548387,11130.161290322581,0.0400394162911009,0.02899126175605373,20,10
2026-05,整体,Android,non-Organic,Dark Circles,225.51612903225808,114.87096774193549,11130.161290322581,0.0202617125798832,0.010320692103699625,33,21
2026-05,整体,Android,non-Organic,Details,106.25806451612904,35.87096774193548,11130.161290322581,0.009546857565174547,0.0032228614488385232,41,34
2026-05,整体,Android,non-Organic,Effects,584.2258064516129,27.967741935483872,11130.161290322581,0.052490327068268436,0.002512788557682554,15,40
2026-05,整体,Android,non-Organic,Eraser,878.516129032258,389.16129032258067,11130.161290322581,0.07893112292955787,0.034964568811859664,9,8
2026-05,整体,Android,non-Organic,Expression,356.2258064516129,80.90322580645162,11130.161290322581,0.03200544872259336,0.007268827800078253,27,27
2026-05,整体,Android,non-Organic,Eye Brighten,132.38709677419354,62.70967741935484,11130.161290322581,0.01189444549103714,0.005634211022070224,37,29
2026-05,整体,Android,non-Organic,Face,2398.7419354838707,788.8709677419355,11130.161290322581,0.21551726636428184,0.07087686756416016,3,2
2026-05,整体,Android,non-Organic,Face Fix,431.06451612903226,107.16129032258064,11130.161290322581,0.0387294042633356,0.009628008752735229,21,23
2026-05,整体,Android,non-Organic,Filters,2387.7419354838707,656.7741935483871,11130.161290322581,0.21452896083006068,0.059008506383410375,4,5
2026-05,整体,Android,non-Organic,Flawless,0.0,0.0,11130.161290322581,0.0,0.0,45,44
2026-05,整体,Android,non-Organic,Glitter,236.16129032258064,35.25806451612903,11130.161290322581,0.02121813729041981,0.0031677945715652034,32,36
2026-05,整体,Android,non-Organic,Glowup,636.0,100.2258064516129,11130.161290322581,0.05714202906951468,0.009004883562537133,12,24
2026-05,整体,Android,non-Organic,Hair,5224.806451612903,1072.516129032258,11130.161290322581,0.46942773921486225,0.09636123871491298,1,1
2026-05,整体,Android,non-Organic,Magic,1855.3548387096773,712.2258064516129,11130.161290322581,0.1666961322764357,0.06399060964829655,5,3
2026-05,整体,Android,non-Organic,Makeup,1110.5483870967741,454.61290322580646,11130.161290322581,0.09977828336255741,0.04084513165331053,7,7
2026-05,整体,Android,non-Organic,Matte,98.41935483870968,35.32258064516129,11130.161290322581,0.008842581187415769,0.0031735910849623947,43,35
2026-05,整体,Android,non-Organic,Muscle,594.8064516129032,155.51612903225808,11130.161290322581,0.05344095526540785,0.013972495543930326,13,19
2026-05,整体,Android,non-Organic,Mykit,285.64516129032256,0.0,11130.161290322581,0.025664063066065758,0.0,29,44
2026-05,整体,Android,non-Organic,Plump,291.2903225806452,90.38709677419355,11130.161290322581,0.026171257988320026,0.008120915269465416,28,25
2026-05,整体,Android,non-Organic,Preset,504.80645161290323,34.903225806451616,11130.161290322581,0.04535481907632559,0.00313591374788065,18,37
2026-05,整体,Android,non-Organic,Prism,84.87096774193549,30.580645161290324,11130.161290322581,0.007625313374005536,0.0027475473502688134,44,38
2026-05,整体,Android,non-Organic,Relight,1102.1290322580646,472.8709677419355,11130.161290322581,0.09902183836422392,0.04248554494471575,8,6
2026-05,整体,Android,non-Organic,Reshape,702.4193548387096,298.4193548387097,11130.161290322581,0.06310953961192342,0.026811772718709697,10,12
2026-05,整体,Android,non-Organic,Resize,177.1290322580645,69.70967741935483,11130.161290322581,0.015914327531989507,0.0062631327256655114,34,28
2026-05,整体,Android,non-Organic,Skin Tone,417.06451612903226,214.70967741935485,11130.161290322581,0.037471560856145024,0.019290796585853608,22,15
2026-05,整体,Android,non-Organic,Smooth,593.1290322580645,345.7741935483871,11130.161290322581,0.05329024591708087,0.031066413552248318,14,9
2026-05,整体,Android,non-Organic,Stamp,100.7741935483871,17.35483870967742,11130.161290322581,0.009054153926413263,0.0015592621038445374,42,41
2026-05,整体,Android,non-Organic,Teeth,390.0967741935484,0.06451612903225806,11130.161290322581,0.03504861825611894,5.796513397191588e-06,24,43
2026-05,整体,Android,non-Organic,Text,156.58064516129033,10.096774193548388,11130.161290322581,0.014068138014983987,0.0009071543466604837,35,42
2026-05,整体,Android,non-Organic,Whiten,0.0,0.0,11130.161290322581,0.0,0.0,45,44
2026-05,整体,iOS,Organic,AI Expand,305.7741935483871,100.6774193548387,18838.774193548386,0.01623110879757261,0.005344159780274725,40,33
2026-05,整体,iOS,Organic,AI Image,1625.7096774193549,290.2258064516129,18838.774193548386,0.08629593734268033,0.015405769158324803,16,25
2026-05,整体,iOS,Organic,AI Repair,1465.1612903225807,458.83870967741933,18838.774193548386,0.07777370625443064,0.024356080972325438,19,21
2026-05,整体,iOS,Organic,AI Replace,249.83870967741936,91.41935483870968,18838.774193548386,0.013261940883764098,0.0048527231071126475,42,35
2026-05,整体,iOS,Organic,AI Retouch,5143.193548387097,1886.9354838709678,18838.774193548386,0.273011051332016,0.10016232821120476,4,4
2026-05,整体,iOS,Organic,AI Tattoo,435.741935483871,77.03225806451613,18838.774193548386,0.023130057773774748,0.0040890270923729715,36,38
2026-05,整体,iOS,Organic,Acne,2067.7419354838707,1476.3225806451612,18838.774193548386,0.1097598980825408,0.07836616997886993,10,8
2026-05,整体,iOS,Organic,Adjust,1787.8064516129032,814.6774193548387,18838.774193548386,0.09490035993027421,0.043244714915359875,14,13
2026-05,整体,iOS,Organic,Background,1019.483870967742,83.93548387096774,18838.774193548386,0.05411625302653073,0.0044554641936157754,23,37
2026-05,整体,iOS,Organic,Blur,832.483870967742,474.96774193548384,18838.774193548386,0.044189917157817955,0.025212242423827316,27,19
2026-05,整体,iOS,Organic,Body,2004.8709677419354,1175.0,18838.774193548386,0.10642258074458649,0.062371361741911845,11,10
2026-05,整体,iOS,Organic,Bokeh,321.51612903225805,100.51612903225806,18838.774193548386,0.017066722374238445,0.005335598165759707,39,34
2026-05,整体,iOS,Organic,Brighten,1003.741935483871,526.2903225806451,18838.774193548386,0.0532806394498649,0.02793654816250629,24,18
2026-05,整体,iOS,Organic,Concealer,1186.483870967742,540.3548387096774,18838.774193548386,0.06298094869538118,0.028683120948215932,20,16
2026-05,整体,iOS,Organic,Contour,445.2258064516129,228.41935483870967,18838.774193548386,0.023633480707257855,0.012124958476169602,35,26
2026-05,整体,iOS,Organic,Crop,782.258064516129,537.0,18838.774193548386,0.041523830397841105,0.028505039366303542,29,17
2026-05,整体,iOS,Organic,Dark Circles,811.9354838709677,588.4193548387096,18838.774193548386,0.04309916746860456,0.031234482073691526,28,15
2026-05,整体,iOS,Organic,Details,432.4193548387097,142.16129032258064,18838.774193548386,0.022953688514765362,0.0075462070335375565,37,29
2026-05,整体,iOS,Organic,Effects,1814.6451612903227,29.838709677419356,18838.774193548386,0.09632501258557334,0.0015838986852784753,13,41
2026-05,整体,iOS,Organic,Eraser,1992.967741935484,950.5806451612904,18838.774193548386,0.10579073359337811,0.05045873130571471,12,12
2026-05,整体,iOS,Organic,Expression,643.7741935483871,126.41935483870968,18838.774193548386,0.03417282817524597,0.0067105934568717236,30,30
2026-05,整体,iOS,Organic,Eye Brighten,526.6129032258065,344.48387096774195,18838.774193548386,0.02795367139153633,0.01828589628117712,33,23
2026-05,整体,iOS,Organic,Face,5875.096774193548,2503.7419354838707,18838.774193548386,0.31186194567826825,0.13290365443953958,3,2
2026-05,整体,iOS,Organic,Face Fix,1075.516129032258,179.41935483870967,18838.774193548386,0.05709055790904826,0.009523939986506896,22,28
2026-05,整体,iOS,Organic,Filters,6333.935483870968,1639.483870967742,18838.774193548386,0.3362180266505937,0.08702709922226294,1,7
2026-05,整体,iOS,Organic,Flawless,0.0,0.0,18838.774193548386,0.0,0.0,45,43
2026-05,整体,iOS,Organic,Glitter,561.4193548387096,90.54838709677419,18838.774193548386,0.029801267803877384,0.004806490388731545,32,36
2026-05,整体,iOS,Organic,Glowup,1548.9032258064517,471.38709677419354,18838.774193548386,0.0822188965106284,0.0250221745815939,17,20
2026-05,整体,iOS,Organic,Hair,2859.8387096774195,690.1612903225806,18838.774193548386,0.15180598696579808,0.036635148509765375,8,14
2026-05,整体,iOS,Organic,Magic,5884.096774193548,2973.3870967741937,18838.774193548386,0.31233968376820626,0.1578333635843713,2,1
2026-05,整体,iOS,Organic,Makeup,3126.7096774193546,1291.1935483870968,18838.774193548386,0.16597203434234814,0.06853914883853138,7,9
2026-05,整体,iOS,Organic,Matte,393.48387096774195,188.06451612903226,18838.774193548386,0.02088691477083983,0.009982842524511903,38,27
2026-05,整体,iOS,Organic,Muscle,461.48387096774195,109.87096774193549,18838.774193548386,0.024496491450371746,0.005832171807630796,34,32
2026-05,整体,iOS,Organic,Mykit,604.741935483871,0.0,18838.774193548386,0.03210091746261143,0.0,31,43
2026-05,整体,iOS,Organic,Plump,958.3548387096774,310.1290322580645,18838.774193548386,0.05087140112533862,0.01646227238947812,25,24
2026-05,整体,iOS,Organic,Preset,1479.3225806451612,112.45161290322581,18838.774193548386,0.07852541600884928,0.005969157639871096,18,31
2026-05,整体,iOS,Organic,Prism,184.16129032258064,52.87096774193548,18838.774193548386,0.009775651453248447,0.0028064972380231574,44,39
2026-05,整体,iOS,Organic,Relight,3845.1290322580644,1801.0645161290322,18838.774193548386,0.2041071777151448,0.09560412464340876,5,5
2026-05,整体,iOS,Organic,Reshape,2473.1612903225805,1666.6774193548388,18838.774193548386,0.13128037232749204,0.08847058742949511,9,6
2026-05,整体,iOS,Organic,Resize,867.6129032258065,388.0,18838.774193548386,0.046054636799189044,0.020595819877329186,26,22
2026-05,整体,iOS,Organic,Skin Tone,1651.9354838709678,1008.8064516129032,18838.774193548386,0.0876880558628224,0.05354947414563649,15,11
2026-05,整体,iOS,Organic,Smooth,3207.8387096774195,2395.8709677419356,18838.774193548386,0.1702785264434026,0.12717764665189504,6,3
2026-05,整体,iOS,Organic,Stamp,223.19354838709677,46.67741935483871,18838.774193548386,0.011847562165882994,0.0024777312406464363,43,40
2026-05,整体,iOS,Organic,Teeth,1113.1612903225807,0.0,18838.774193548386,0.059088838736853645,0.0,21,43
2026-05,整体,iOS,Organic,Text,296.3225806451613,17.93548387096774,18838.774193548386,0.01572939818699251,0.0009520515340700887,41,42
2026-05,整体,iOS,Organic,Whiten,0.0,0.0,18838.774193548386,0.0,0.0,45,43
2026-05,整体,iOS,non-Organic,AI Expand,67.58064516129032,26.0,4912.677419354839,0.013756377509143557,0.005292429724281483,39,34
2026-05,整体,iOS,non-Organic,AI Image,473.3225806451613,86.41935483870968,4912.677419354839,0.09634717288384889,0.017591090857754458,10,20
2026-05,整体,iOS,non-Organic,AI Repair,341.7741935483871,119.25806451612904,4912.677419354839,0.06956984234337756,0.024275574057901546,15,14
2026-05,整体,iOS,non-Organic,AI Replace,62.16129032258065,28.193548387096776,4912.677419354839,0.012653240792419874,0.005738937442955356,41,32
2026-05,整体,iOS,non-Organic,AI Retouch,1279.7096774193549,369.0,4912.677419354839,0.26049128981634084,0.07511179108691797,5,4
2026-05,整体,iOS,non-Organic,AI Tattoo,155.1290322580645,29.516129032258064,4912.677419354839,0.03157728851621545,0.006008155332155778,28,31
2026-05,整体,iOS,non-Organic,Acne,289.9032258064516,166.51612903225808,4912.677419354839,0.059011248054736586,0.03389518887933129,18,13
2026-05,整体,iOS,non-Organic,Adjust,292.8709677419355,111.96774193548387,4912.677419354839,0.059615346732942415,0.02279159252230897,17,15
2026-05,整体,iOS,non-Organic,Background,245.6451612903226,25.129032258064516,4912.677419354839,0.05000229820149317,0.005115139894808034,22,35
2026-05,整体,iOS,non-Organic,Blur,130.83870967741936,66.41935483870968,4912.677419354839,0.026632872160900368,0.013519991069845626,32,22
2026-05,整体,iOS,non-Organic,Body,509.6774193548387,270.4193548387097,4912.677419354839,0.10374738169187027,0.05504520890651573,8,8
2026-05,整体,iOS,non-Organic,Bokeh,48.87096774193548,11.387096774193548,4912.677419354839,0.009947929320454648,0.002317900363115836,42,38
2026-05,整体,iOS,non-Organic,Brighten,192.1290322580645,93.41935483870968,4912.677419354839,0.039108823123846795,0.01901597578352255,25,19
2026-05,整体,iOS,non-Organic,Concealer,229.0,97.6774193548387,4912.677419354839,0.046614092571556145,0.019882726060948302,24,17
2026-05,整体,iOS,non-Organic,Contour,81.74193548387096,39.25806451612903,4912.677419354839,0.016638978810582232,0.00799117490626621,37,28
2026-05,整体,iOS,non-Organic,Crop,146.16129032258064,95.12903225806451,4912.677419354839,0.029751859901636972,0.01936398915248895,30,18
2026-05,整体,iOS,non-Organic,Dark Circles,136.1290322580645,82.35483870967742,4912.677419354839,0.02770974371770206,0.016763738320211698,31,21
2026-05,整体,iOS,non-Organic,Details,89.38709677419355,28.161290322580644,4912.677419354839,0.018195189535960287,0.005732371152974857,36,33
2026-05,整体,iOS,non-Organic,Effects,365.0967741935484,7.258064516129032,4912.677419354839,0.07431726999927771,0.0014774152456120766,14,41
2026-05,整体,iOS,non-Organic,Eraser,470.61290322580646,220.4516129032258,4912.677419354839,0.09579560452548705,0.04487402572672414,11,10
2026-05,整体,iOS,non-Organic,Expression,165.5483870967742,37.61290322580645,4912.677419354839,0.03369820017991634,0.007656294117260805,27,29
2026-05,整体,iOS,non-Organic,Eye Brighten,92.61290322580645,50.25806451612903,4912.677419354839,0.018851818534010096,0.010230279789616069,35,27
2026-05,整体,iOS,non-Organic,Face,1318.032258064516,531.4193548387096,4912.677419354839,0.2682920423131726,0.10817306113872599,3,2
2026-05,整体,iOS,non-Organic,Face Fix,273.741935483871,50.32258064516129,4912.677419354839,0.05572153677450704,0.010243412369577064,20,26
2026-05,整体,iOS,non-Organic,Filters,1393.9354838709678,379.06451612903226,4912.677419354839,0.2837425226372847,0.07716047356083339,2,3
2026-05,整体,iOS,non-Organic,Flawless,0.0,0.0,4912.677419354839,0.0,0.0,45,43
2026-05,整体,iOS,non-Organic,Glitter,112.45161290322581,19.806451612903224,4912.677419354839,0.022890086872016442,0.0040317020480258444,34,36
2026-05,整体,iOS,non-Organic,Glowup,444.8709677419355,107.74193548387096,4912.677419354839,0.09055570512104955,0.021931408534863715,12,16
2026-05,整体,iOS,non-Organic,Hair,1477.741935483871,307.83870967741933,4912.677419354839,0.3008017440066188,0.06266210528389354,1,7
2026-05,整体,iOS,non-Organic,Magic,1287.8709677419354,566.516129032258,4912.677419354839,0.26215256118140684,0.11531718463750795,4,1
2026-05,整体,iOS,non-Organic,Makeup,623.0645161290323,223.3548387096774,4912.677419354839,0.12682789097332117,0.04546499182496897,7,9
2026-05,整体,iOS,non-Organic,Matte,73.3225806451613,33.0,4912.677419354839,0.014925177125672224,0.006717314650049575,38,30
2026-05,整体,iOS,non-Organic,Muscle,229.1290322580645,62.16129032258065,4912.677419354839,0.046640357731478135,0.012653240792419874,23,24
2026-05,整体,iOS,non-Organic,Mykit,130.83870967741936,0.0,4912.677419354839,0.026632872160900368,0.0,32,43
2026-05,整体,iOS,non-Organic,Plump,179.16129032258064,57.12903225806452,4912.677419354839,0.03646917455168655,0.01162889955546217,26,25
2026-05,整体,iOS,non-Organic,Preset,283.7096774193548,18.225806451612904,4912.677419354839,0.05775052037848095,0.003709953838981437,19,37
2026-05,整体,iOS,non-Organic,Prism,31.64516129032258,9.03225806451613,4912.677419354839,0.006441530470868654,0.0018385611945394733,44,39
2026-05,整体,iOS,non-Organic,Relight,803.8387096774194,356.9032258064516,4912.677419354839,0.16362538002403262,0.07264943234423117,6,5
2026-05,整体,iOS,non-Organic,Reshape,420.03225806451616,211.90322580645162,4912.677419354839,0.085499661836066,0.04313395888189214,13,11
2026-05,整体,iOS,non-Organic,Resize,153.8709677419355,65.87096774193549,4912.677419354839,0.031321203206976025,0.013408364140177159,29,23
2026-05,整体,iOS,non-Organic,Skin Tone,309.2903225806452,172.7741935483871,4912.677419354839,0.06295758833301596,0.03516904913554792,16,12
2026-05,整体,iOS,non-Organic,Smooth,491.48387096774195,314.16129032258067,4912.677419354839,0.10004399414286934,0.06394909812007118,9,6
2026-05,整体,iOS,non-Organic,Stamp,38.87096774193548,7.967741935483871,4912.677419354839,0.007912379426500232,0.0016218736251830351,43,40
2026-05,整体,iOS,non-Organic,Teeth,245.67741935483872,0.0,4912.677419354839,0.050008864491473674,0.0,21,43
2026-05,整体,iOS,non-Organic,Text,65.09677419354838,4.129032258064516,4912.677419354839,0.013250773180645202,0.0008404851175037591,40,42
2026-05,整体,iOS,non-Organic,Whiten,0.0,0.0,4912.677419354839,0.0,0.0,45,43
2026-05,美国,Android,Organic,AI Expand,7.548387096774194,3.225806451612903,316.0967741935484,0.023879987753852434,0.010205122971731808,38,33
2026-05,美国,Android,Organic,AI Image,27.322580645161292,4.612903225806452,316.0967741935484,0.08643739157056843,0.014593325849576488,11,27
2026-05,美国,Android,Organic,AI Repair,24.29032258064516,11.806451612903226,316.0967741935484,0.07684457597714052,0.037350750076538416,15,16
2026-05,美国,Android,Organic,AI Replace,9.129032258064516,4.935483870967742,316.0967741935484,0.02888049801000102,0.015613838146749668,34,25
2026-05,美国,Android,Organic,AI Retouch,64.0,26.161290322580644,316.0967741935484,0.20246963975915908,0.08276354730074496,4,4
2026-05,美国,Android,Organic,AI Tattoo,6.612903225806452,1.6129032258064515,316.0967741935484,0.02092050209205021,0.005102561485865904,42,41
2026-05,美国,Android,Organic,Acne,21.93548387096774,16.0,316.0967741935484,0.0693948362077763,0.05061740993978977,18,10
2026-05,美国,Android,Organic,Adjust,26.193548387096776,13.580645161290322,316.0967741935484,0.08286559853046228,0.04296356771099091,12,15
2026-05,美国,Android,Organic,Background,17.677419354838708,3.838709677419355,316.0967741935484,0.055924073885090304,0.012144096336360852,22,30
2026-05,美国,Android,Organic,Blur,12.03225806451613,6.774193548387097,316.0967741935484,0.038065108684559645,0.0214307582406368,30,21
2026-05,美国,Android,Organic,Body,24.483870967741936,14.258064516129032,316.0967741935484,0.07745688335544443,0.04510664353505459,14,13
2026-05,美国,Android,Organic,Bokeh,7.354838709677419,2.903225806451613,316.0967741935484,0.023267680375548522,0.009184610674558629,39,34
2026-05,美国,Android,Organic,Brighten,14.387096774193548,7.935483870967742,316.0967741935484,0.04551484845392387,0.02510460251046025,26,19
2026-05,美国,Android,Organic,Concealer,17.096774193548388,8.161290322580646,316.0967741935484,0.054087151750178586,0.02581896111848148,24,18
2026-05,美国,Android,Organic,Contour,7.870967741935484,3.3548387096774195,316.0967741935484,0.024900500051025613,0.010613327890601081,36,31
2026-05,美国,Android,Organic,Crop,23.06451612903226,19.387096774193548,316.0967741935484,0.07296662924788244,0.06133278906010817,16,7
2026-05,美国,Android,Organic,Dark Circles,11.290322580645162,8.35483870967742,316.0967741935484,0.03571793040106133,0.026431268496785384,31,17
2026-05,美国,Android,Organic,Details,10.35483870967742,4.451612903225806,316.0967741935484,0.03275844473925911,0.014083069700989895,32,28
2026-05,美国,Android,Organic,Effects,26.161290322580644,1.8387096774193548,316.0967741935484,0.08276354730074496,0.0058169200938871304,13,38
2026-05,美国,Android,Organic,Eraser,30.193548387096776,15.774193548387096,316.0967741935484,0.09551995101540973,0.04990305133176854,9,11
2026-05,美国,Android,Organic,Expression,12.290322580645162,4.225806451612903,316.0967741935484,0.038881518522298195,0.01336871109296867,29,29
2026-05,美国,Android,Organic,Eye Brighten,9.387096774193548,6.709677419354839,316.0967741935484,0.02969690784773956,0.021226655781202163,33,22
2026-05,美国,Android,Organic,Face,75.90322580645162,34.16129032258065,316.0967741935484,0.24012654352484947,0.10807225227063987,1,2
2026-05,美国,Android,Organic,Face Fix,17.419354838709676,5.064516129032258,316.0967741935484,0.05510766404735176,0.01602204306561894,23,24
2026-05,美国,Android,Organic,Filters,72.54838709677419,26.129032258064516,316.0967741935484,0.22951321563424837,0.08266149607102764,3,5
2026-05,美国,Android,Organic,Flawless,0.0,0.0,316.0967741935484,0.0,0.0,45,43
2026-05,美国,Android,Organic,Glitter,9.129032258064516,1.7741935483870968,316.0967741935484,0.02888049801000102,0.005612817634452495,34,40
2026-05,美国,Android,Organic,Glowup,20.419354838709676,6.838709677419355,316.0967741935484,0.06459842841106235,0.021634860700071434,19,20
2026-05,美国,Android,Organic,Hair,48.38709677419355,17.193548387096776,316.0967741935484,0.15307684457597714,0.05439330543933055,5,9
2026-05,美国,Android,Organic,Magic,75.35483870967742,40.903225806451616,316.0967741935484,0.23839167261965505,0.12940095928155934,2,1
2026-05,美国,Android,Organic,Makeup,45.16129032258065,23.903225806451612,316.0967741935484,0.14287172160424533,0.0756199612205327,6,6
2026-05,美国,Android,Organic,Matte,6.67741935483871,3.2580645161290325,316.0967741935484,0.021124604551484846,0.010307174201449127,41,32
2026-05,美国,Android,Organic,Muscle,7.774193548387097,2.870967741935484,316.0967741935484,0.02459434636187366,0.00908255944484131,37,35
2026-05,美国,Android,Organic,Mykit,14.612903225806452,0.0,316.0967741935484,0.046229207061945096,0.0,25,43
2026-05,美国,Android,Organic,Plump,12.96774193548387,4.774193548387097,316.0967741935484,0.04102459434636187,0.015103581998163078,28,26
2026-05,美国,Android,Organic,Preset,19.677419354838708,2.2903225806451615,316.0967741935484,0.06225125012756403,0.007245637309929585,20,36
2026-05,美国,Android,Organic,Prism,4.806451612903226,1.8064516129032258,316.0967741935484,0.015205633227880395,0.005714868864169813,44,39
2026-05,美国,Android,Organic,Relight,30.806451612903224,15.290322580645162,316.0967741935484,0.09745892438003877,0.048372282886008776,8,12
2026-05,美国,Android,Organic,Reshape,29.516129032258064,17.741935483870968,316.0967741935484,0.09337687519134605,0.056128176344524945,10,8
2026-05,美国,Android,Organic,Resize,13.096774193548388,6.451612903225806,316.0967741935484,0.04143279926523114,0.020410245943463617,27,23
2026-05,美国,Android,Organic,Skin Tone,22.032258064516128,14.193548387096774,316.0967741935484,0.06970098989692824,0.04490254107561996,17,14
2026-05,美国,Android,Organic,Smooth,40.38709677419355,32.03225806451613,316.0967741935484,0.12776813960608224,0.10133687110929686,7,3
2026-05,美国,Android,Organic,Stamp,6.193548387096774,1.903225806451613,316.0967741935484,0.01959383610572507,0.006021022553321767,43,37
2026-05,美国,Android,Organic,Teeth,19.451612903225808,0.0,316.0967741935484,0.06153689151954281,0.0,21,43
2026-05,美国,Android,Organic,Text,7.096774193548387,1.4193548387096775,316.0967741935484,0.02245127053780998,0.004490254107561996,40,42
2026-05,美国,Android,Organic,Whiten,0.0,0.0,316.0967741935484,0.0,0.0,45,43
2026-05,美国,Android,non-Organic,AI Expand,5.870967741935484,2.096774193548387,314.8709677419355,0.018645630570638255,0.006659153775227948,42,36
2026-05,美国,Android,non-Organic,AI Image,32.03225806451613,3.870967741935484,314.8709677419355,0.10173137998155926,0.012293822354266981,12,31
2026-05,美国,Android,non-Organic,AI Repair,31.161290322580644,14.387096774193548,314.8709677419355,0.09896526995184919,0.04569203975002561,14,15
2026-05,美国,Android,non-Organic,AI Replace,8.387096774193548,4.161290322580645,314.8709677419355,0.02663661510091179,0.013215859030837003,37,29
2026-05,美国,Android,non-Organic,AI Retouch,83.61290322580645,34.41935483870968,314.8709677419355,0.26554656285216677,0.10931257043335725,3,3
2026-05,美国,Android,non-Organic,AI Tattoo,7.645161290322581,1.4193548387096775,314.8709677419355,0.024280299149677286,0.004507734863231226,39,38
2026-05,美国,Android,non-Organic,Acne,22.451612903225808,15.451612903225806,314.8709677419355,0.07130416965474849,0.04907284089744903,21,13
2026-05,美国,Android,non-Organic,Adjust,24.096774193548388,9.67741935483871,314.8709677419355,0.07652904415531196,0.030734555885667453,18,19
2026-05,美国,Android,non-Organic,Background,20.93548387096774,3.4838709677419355,314.8709677419355,0.06648908923266059,0.011064440118840283,22,32
2026-05,美国,Android,non-Organic,Blur,13.838709677419354,6.903225806451613,314.8709677419355,0.043950414916504456,0.021923983198442784,29,22
2026-05,美国,Android,non-Organic,Body,34.61290322580645,20.161290322580644,314.8709677419355,0.10992726155107058,0.06403032476180719,8,7
2026-05,美国,Android,non-Organic,Bokeh,6.064516129032258,0.8709677419354839,314.8709677419355,0.019260321688351602,0.002766110029710071,41,42
2026-05,美国,Android,non-Organic,Brighten,18.35483870967742,10.516129032258064,314.8709677419355,0.05829320766314927,0.03339821739575863,25,16
2026-05,美国,Android,non-Organic,Collarbone,0.0,0.0,314.8709677419355,0.0,0.0,45,43
2026-05,美国,Android,non-Organic,Concealer,22.838709677419356,9.709677419354838,314.8709677419355,0.07253355189017519,0.03083700440528634,20,18
2026-05,美国,Android,non-Organic,Contour,10.419354838709678,4.483870967741935,314.8709677419355,0.03309087183690196,0.014240344227025917,34,28
2026-05,美国,Android,non-Organic,Crop,19.774193548387096,15.96774193548387,314.8709677419355,0.0628009425263805,0.050712017211351296,24,10
2026-05,美国,Android,non-Organic,Dark Circles,12.03225806451613,7.741935483870968,314.8709677419355,0.038213297817846534,0.024587644708533963,32,21
2026-05,美国,Android,non-Organic,Details,13.225806451612904,5.064516129032258,314.8709677419355,0.04200389304374552,0.016084417580165968,31,26
2026-05,美国,Android,non-Organic,Effects,31.580645161290324,1.8387096774193548,314.8709677419355,0.10029710070689479,0.005839565618276816,13,37
2026-05,美国,Android,non-Organic,Eraser,32.70967741935484,17.64516129032258,314.8709677419355,0.10388279889355599,0.05603934023153365,10,9
2026-05,美国,Android,non-Organic,Expression,15.064516129032258,5.258064516129032,314.8709677419355,0.04784345866202233,0.016699108697879314,26,25
2026-05,美国,Android,non-Organic,Eye Brighten,10.451612903225806,6.774193548387097,314.8709677419355,0.033193320356520846,0.021514189119967216,33,23
2026-05,美国,Android,non-Organic,Face,94.2258064516129,45.0,314.8709677419355,0.29925212580678207,0.14291568486835365,1,2
2026-05,美国,Android,non-Organic,Face Fix,26.0,8.580645161290322,314.8709677419355,0.08257350681282655,0.02725130621862514,17,20
2026-05,美国,Android,non-Organic,Filters,82.03225806451613,30.258064516129032,314.8709677419355,0.2605265853908411,0.09609671140252023,4,5
2026-05,美国,Android,non-Organic,Flawless,0.0,0.0,314.8709677419355,0.0,0.0,45,43
2026-05,美国,Android,non-Organic,Glitter,9.290322580645162,2.161290322580645,314.8709677419355,0.029505173650240756,0.00686405081446573,35,35
2026-05,美国,Android,non-Organic,Glowup,26.64516129032258,9.870967741935484,314.8709677419355,0.08462247720520438,0.0313492470033808,16,17
2026-05,美国,Android,non-Organic,Hair,61.25806451612903,19.032258064516128,314.8709677419355,0.19454973875627496,0.06044462657514599,5,8
2026-05,美国,Android,non-Organic,Magic,93.90322580645162,46.16129032258065,314.8709677419355,0.2982276406105932,0.14660383157463375,2,1
2026-05,美国,Android,non-Organic,Makeup,49.38709677419355,24.0,314.8709677419355,0.1568486835365229,0.07622169859645528,6,6
2026-05,美国,Android,non-Organic,Matte,8.0,4.0,314.8709677419355,0.025407232865485095,0.012703616432742548,38,30
2026-05,美国,Android,non-Organic,Muscle,8.838709677419354,3.3225806451612905,314.8709677419355,0.02807089437557627,0.010552197520745826,36,33
2026-05,美国,Android,non-Organic,Mykit,14.483870967741936,0.0,314.8709677419355,0.045999385308882285,0.0,27,43
2026-05,美国,Android,non-Organic,Plump,14.32258064516129,4.774193548387097,314.8709677419355,0.045487142710787826,0.015162380903595944,28,27
2026-05,美国,Android,non-Organic,Preset,23.93548387096774,3.161290322580645,314.8709677419355,0.07601680155721749,0.010039954922651367,19,34
2026-05,美国,Android,non-Organic,Prism,4.870967741935484,1.4193548387096775,314.8709677419355,0.015469726462452617,0.004507734863231226,44,38
2026-05,美国,Android,non-Organic,Relight,32.83870967741935,15.161290322580646,314.8709677419355,0.10429259297203154,0.04815080422087901,9,14
2026-05,美国,Android,non-Organic,Reshape,32.29032258064516,15.483870967741936,314.8709677419355,0.10255096813851039,0.049175289417067926,11,12
2026-05,美国,Android,non-Organic,Resize,13.774193548387096,6.225806451612903,314.8709677419355,0.043745517877266674,0.01977256428644606,30,24
2026-05,美国,Android,non-Organic,Skin Tone,26.838709677419356,15.806451612903226,314.8709677419355,0.08523716832291774,0.05019977461325684,15,11
2026-05,美国,Android,non-Organic,Smooth,45.0,32.16129032258065,314.8709677419355,0.14291568486835365,0.10214117406003484,7,4
2026-05,美国,Android,non-Organic,Stamp,4.967741935483871,1.2580645161290323,314.8709677419355,0.01577707202130929,0.003995492265136769,43,40
2026-05,美国,Android,non-Organic,Teeth,20.612903225806452,0.0,314.8709677419355,0.06546460403647167,0.0,23,43
2026-05,美国,Android,non-Organic,Text,7.387096774193548,0.9354838709677419,314.8709677419355,0.023460710992726154,0.0029710070689478534,40,41
2026-05,美国,Android,non-Organic,Whiten,0.0,0.0,314.8709677419355,0.0,0.0,45,43
2026-05,美国,iOS,Organic,AI Expand,41.67741935483871,13.64516129032258,3457.032258064516,0.012055837563451778,0.0039470737533592115,42,35
2026-05,美国,iOS,Organic,AI Image,228.41935483870967,28.419354838709676,3457.032258064516,0.0660738280083607,0.008220737533592117,21,29
2026-05,美国,iOS,Organic,AI Repair,226.67741935483872,71.48387096774194,3457.032258064516,0.06556994625261273,0.02067781427291729,22,23
2026-05,美国,iOS,Organic,AI Replace,49.83870967741935,20.419354838709676,3457.032258064516,0.014416616900567333,0.005906613914601374,39,32
2026-05,美国,iOS,Organic,AI Retouch,982.6774193548387,315.258064516129,3457.032258064516,0.28425462824723796,0.09119326664676022,3,4
2026-05,美国,iOS,Organic,AI Tattoo,76.3225806451613,11.225806451612904,3457.032258064516,0.02207748581666169,0.003247237981487011,38,37
2026-05,美国,iOS,Organic,Acne,372.51612903225805,266.61290322580646,3457.032258064516,0.10775604658106898,0.07712190206031652,11,7
2026-05,美国,iOS,Organic,Adjust,243.0,99.25806451612904,3457.032258064516,0.07029150492684383,0.028711928934010155,19,18
2026-05,美国,iOS,Organic,Background,189.06451612903226,19.580645161290324,3457.032258064516,0.054689832785906244,0.005664004180352344,25,33
2026-05,美国,iOS,Organic,Blur,147.96774193548387,83.48387096774194,3457.032258064516,0.042801955807703795,0.024148999701403405,28,20
2026-05,美国,iOS,Organic,Body,440.9032258064516,255.3548387096774,3457.032258064516,0.12753807106598983,0.07386533293520453,10,8
2026-05,美国,iOS,Organic,Bokeh,43.32258064516129,9.32258064516129,3457.032258064516,0.012531725888324872,0.002696700507614213,41,38
2026-05,美国,iOS,Organic,Brighten,220.70967741935485,115.96774193548387,3457.032258064516,0.06384368468199463,0.03354546133174082,23,14
2026-05,美国,iOS,Organic,Concealer,254.96774193548387,110.58064516129032,3457.032258064516,0.07375335921170499,0.03198716034637205,17,15
2026-05,美国,iOS,Organic,Contour,93.90322580645162,44.774193548387096,3457.032258064516,0.027162959092266348,0.012951627351448194,35,26
2026-05,美国,iOS,Organic,Crop,128.83870967741936,94.6774193548387,3457.032258064516,0.037268587638100925,0.02738690653926545,29,19
2026-05,美国,iOS,Organic,Dark Circles,155.32258064516128,107.38709677419355,3457.032258064516,0.04492945655419528,0.03106337712750075,27,16
2026-05,美国,iOS,Organic,Details,112.74193548387096,35.645161290322584,3457.032258064516,0.032612346969244546,0.010310913705583758,32,28
2026-05,美国,iOS,Organic,Effects,298.80645161290323,5.580645161290323,3457.032258064516,0.08643438339802927,0.001614287847118543,15,41
2026-05,美国,iOS,Organic,Eraser,345.35483870967744,177.5483870967742,3457.032258064516,0.09989922364885041,0.05135861451179457,12,12
2026-05,美国,iOS,Organic,Expression,121.48387096774194,26.193548387096776,3457.032258064516,0.035141086891609434,0.007576888623469693,30,31
2026-05,美国,iOS,Organic,Eye Brighten,114.51612903225806,71.51612903225806,3457.032258064516,0.033125559868617496,0.020687145416542253,31,22
2026-05,美国,iOS,Organic,Face,1119.8387096774193,516.7096774193549,3457.032258064516,0.32393065094057927,0.14946625858465215,1,2
2026-05,美国,iOS,Organic,Face Fix,245.1290322580645,36.774193548387096,3457.032258064516,0.07090736040609137,0.01063750373245745,18,27
2026-05,美国,iOS,Organic,Filters,921.2258064516129,282.4516129032258,3457.032258064516,0.2664787996416841,0.08170349358017319,4,6
2026-05,美国,iOS,Organic,Flawless,0.0,0.0,3457.032258064516,0.0,0.0,45,43
2026-05,美国,iOS,Organic,Glitter,79.03225806451613,13.0,3457.032258064516,0.022861301881158556,0.003760450880859958,37,36
2026-05,美国,iOS,Organic,Glowup,336.80645161290323,105.09677419354838,3457.032258064516,0.0974264705882353,0.030400865930128397,14,17
2026-05,美国,iOS,Organic,Hair,569.4516129032259,138.29032258064515,3457.032258064516,0.16472267841146612,0.040002612720214985,7,13
2026-05,美国,iOS,Organic,Magic,1039.7096774193549,524.1935483870968,3457.032258064516,0.300752090176172,0.1516310839056435,2,1
2026-05,美国,iOS,Organic,Makeup,564.6451612903226,232.93548387096774,3457.032258064516,0.16333233801134667,0.06738018811585549,8,10
2026-05,美国,iOS,Organic,Matte,87.74193548387096,45.38709677419355,3457.032258064516,0.025380710659898477,0.013128919080322486,36,25
2026-05,美国,iOS,Organic,Muscle,97.0,26.806451612903224,3457.032258064516,0.028058748880262767,0.007754180352343983,33,30
2026-05,美国,iOS,Organic,Mykit,95.93548387096774,0.0,3457.032258064516,0.027750821140639,0.0,34,43
2026-05,美国,iOS,Organic,Plump,160.32258064516128,50.516129032258064,3457.032258064516,0.0463757838160645,0.014612570916691549,26,24
2026-05,美国,iOS,Organic,Preset,232.03225806451613,16.129032258064516,3457.032258064516,0.06711891609435652,0.004665571812481338,20,34
2026-05,美国,iOS,Organic,Prism,24.161290322580644,6.32258064516129,3457.032258064516,0.0069890265750970435,0.0018289041504926844,44,40
2026-05,美国,iOS,Organic,Relight,584.3225806451613,245.8709677419355,3457.032258064516,0.1690243356225739,0.07112197670946552,6,9
2026-05,美国,iOS,Organic,Reshape,469.64516129032256,293.83870967741933,3457.032258064516,0.13585212003583158,0.08499738727978501,9,5
2026-05,美国,iOS,Organic,Resize,195.8709677419355,83.29032258064517,3457.032258064516,0.056658704090773365,0.02409301283965363,24,21
2026-05,美国,iOS,Organic,Skin Tone,343.5483870967742,215.67741935483872,3457.032258064516,0.0993766796058525,0.062388026276500454,13,11
2026-05,美国,iOS,Organic,Smooth,614.741935483871,454.83870967741933,3457.032258064516,0.17782360406091371,0.13156912511197372,5,3
2026-05,美国,iOS,Organic,Stamp,32.354838709677416,7.903225806451613,3457.032258064516,0.009359137055837562,0.0022861301881158557,43,39
2026-05,美国,iOS,Organic,Teeth,295.2903225806452,0.0,3457.032258064516,0.08541728874290834,0.0,16,43
2026-05,美国,iOS,Organic,Text,45.03225806451613,4.064516129032258,3457.032258064516,0.013026276500447895,0.001175724096745297,40,42
2026-05,美国,iOS,Organic,Whiten,0.0,0.0,3457.032258064516,0.0,0.0,45,43
2026-05,美国,iOS,non-Organic,AI Expand,29.903225806451612,12.96774193548387,2565.032258064516,0.011658031088082901,0.0050555862970974395,40,34
2026-05,美国,iOS,non-Organic,AI Image,182.29032258064515,26.64516129032258,2565.032258064516,0.0710674581216359,0.01038784647115046,13,25
2026-05,美国,iOS,non-Organic,AI Repair,144.70967741935485,43.806451612903224,2565.032258064516,0.056416318728306256,0.01707832385934906,17,19
2026-05,美国,iOS,non-Organic,AI Replace,28.64516129032258,13.290322580645162,2565.032258064516,0.011167563760752553,0.0051813471502590676,41,33
2026-05,美国,iOS,non-Organic,AI Retouch,675.9677419354839,180.25806451612902,2565.032258064516,0.26353186780019117,0.07027516474671763,3,4
2026-05,美国,iOS,non-Organic,AI Tattoo,76.45161290322581,15.096774193548388,2565.032258064516,0.0298053221993058,0.005885607927964184,29,32
2026-05,美国,iOS,non-Organic,Acne,160.7741935483871,91.0,2565.032258064516,0.06267920921575532,0.03547713667689522,16,12
2026-05,美国,iOS,non-Organic,Adjust,132.16129032258064,45.38709677419355,2565.032258064516,0.05152422154031893,0.01769455203984104,21,17
2026-05,美国,iOS,non-Organic,Background,115.06451612903226,12.741935483870968,2565.032258064516,0.04485889632275265,0.0049675536998843,24,35
2026-05,美国,iOS,non-Organic,Blur,61.54838709677419,30.70967741935484,2565.032258064516,0.02399517078323859,0.011972433220986971,32,23
2026-05,美国,iOS,non-Organic,Body,286.258064516129,151.51612903225808,2565.032258064516,0.11160018109562855,0.059069872730016605,8,7
2026-05,美国,iOS,non-Organic,Bokeh,19.29032258064516,3.5806451612903225,2565.032258064516,0.007520499019065345,0.0013959454700940691,42,40
2026-05,美国,iOS,non-Organic,Brighten,104.29032258064517,50.225806451612904,2565.032258064516,0.040658483827154285,0.019580964837265458,25,16
2026-05,美国,iOS,non-Organic,Concealer,125.64516129032258,51.645161290322584,2565.032258064516,0.048983852306454044,0.02013431259117662,23,15
2026-05,美国,iOS,non-Organic,Contour,43.29032258064516,19.419354838709676,2565.032258064516,0.01687710649429046,0.007570803360329996,37,28
2026-05,美国,iOS,non-Organic,Crop,71.45161290322581,44.67741935483871,2565.032258064516,0.02785602897530057,0.017417878162885456,31,18
2026-05,美国,iOS,non-Organic,Dark Circles,72.03225806451613,40.74193548387097,2565.032258064516,0.028082398510991497,0.015883595754313598,30,20
2026-05,美国,iOS,non-Organic,Details,50.25806451612903,15.35483870967742,2565.032258064516,0.01959354092258162,0.0059862166104934856,36,31
2026-05,美国,iOS,non-Organic,Effects,181.29032258064515,3.5483870967741935,2565.032258064516,0.07067759947683484,0.0013833693847779063,14,41
2026-05,美国,iOS,non-Organic,Eraser,203.03225806451613,90.03225806451613,2565.032258064516,0.07915388097992856,0.03509985411741033,12,13
2026-05,美国,iOS,non-Organic,Expression,79.19354838709677,18.838709677419356,2565.032258064516,0.030874289451179635,0.007344433824639067,28,29
2026-05,美国,iOS,non-Organic,Eye Brighten,51.903225806451616,27.096774193548388,2565.032258064516,0.020234921273705922,0.01056391166557674,34,24
2026-05,美国,iOS,non-Organic,Face,700.1290322580645,280.7741935483871,2565.032258064516,0.2729513557019971,0.10946224659188088,2,2
2026-05,美国,iOS,non-Organic,Face Fix,143.8709677419355,23.903225806451612,2565.032258064516,0.05608934051008602,0.009318879219276623,19,27
2026-05,美国,iOS,non-Organic,Filters,637.2903225806451,150.7741935483871,2565.032258064516,0.24845314150611197,0.05878062276774486,4,8
2026-05,美国,iOS,non-Organic,Flawless,0.0,0.0,2565.032258064516,0.0,0.0,45,43
2026-05,美国,iOS,non-Organic,Glitter,50.61290322580645,9.580645161290322,2565.032258064516,0.01973187786105941,0.0037350973389003467,35,36
2026-05,美国,iOS,non-Organic,Glowup,260.38709677419354,64.48387096774194,2565.032258064516,0.10151416067206599,0.025139594547009408,10,14
2026-05,美国,iOS,non-Organic,Hair,765.2258064516129,151.83870967741936,2565.032258064516,0.2983298958700136,0.05919563358317823,1,6
2026-05,美国,iOS,non-Organic,Magic,628.9354838709677,280.96774193548384,2565.032258064516,0.2451959354092258,0.10953770310377785,5,1
2026-05,美国,iOS,non-Organic,Makeup,330.0967741935484,117.06451612903226,2565.032258064516,0.12869108104029378,0.045638613612354745,7,10
2026-05,美国,iOS,non-Organic,Matte,39.96774193548387,17.612903225806452,2565.032258064516,0.01558176970672569,0.00686654258262488,38,30
2026-05,美国,iOS,non-Organic,Muscle,129.29032258064515,37.54838709677419,2565.032258064516,0.050404949947180436,0.014638563308013481,22,22
2026-05,美国,iOS,non-Organic,Mykit,56.29032258064516,0.0,2565.032258064516,0.02194526887670406,0.0,33,43
2026-05,美国,iOS,non-Organic,Plump,89.58064516129032,26.580645161290324,2565.032258064516,0.034923788922984055,0.010362694300518135,26,26
2026-05,美国,iOS,non-Organic,Preset,144.0,9.387096774193548,2565.032258064516,0.05613964485135067,0.0036596408270033703,18,37
2026-05,美国,iOS,non-Organic,Prism,12.96774193548387,3.870967741935484,2565.032258064516,0.0050555862970974395,0.0015091302379395342,44,39
2026-05,美国,iOS,non-Organic,Relight,451.83870967741933,191.83870967741936,2565.032258064516,0.17615322702349212,0.07478997937522008,6,3
2026-05,美国,iOS,non-Organic,Reshape,231.3548387096774,118.25806451612904,2565.032258064516,0.09019568388751949,0.046103928769052775,11,9
2026-05,美国,iOS,non-Organic,Resize,89.35483870967742,38.096774193548384,2565.032258064516,0.03483575632577091,0.014852356758388249,27,21
2026-05,美国,iOS,non-Organic,Skin Tone,172.51612903225808,92.7741935483871,2565.032258064516,0.06725690427083858,0.03616882136928417,15,11
2026-05,美国,iOS,non-Organic,Smooth,269.83870967741933,170.8709677419355,2565.032258064516,0.10519895366970168,0.06661552391971427,9,5
2026-05,美国,iOS,non-Organic,Stamp,17.838709677419356,4.064516129032258,2565.032258064516,0.0069545751798380205,0.0015845867498365108,43,38
2026-05,美国,iOS,non-Organic,Teeth,142.25806451612902,0.0,2565.032258064516,0.05546053624427788,0.0,20,43
2026-05,美国,iOS,non-Organic,Text,30.903225806451612,2.096774193548387,2565.032258064516,0.012047889732883947,0.000817445545550581,39,42
2026-05,美国,iOS,non-Organic,Whiten,0.0,0.0,2565.032258064516,0.0,0.0,45,43
2026-05,英国,Android,Organic,AI Expand,2.096774193548387,0.9354838709677419,104.3225806451613,0.02009894867037724,0.008967223252937537,38,31
2026-05,英国,Android,Organic,AI Image,7.290322580645161,1.3870967741935485,104.3225806451613,0.06988249845392702,0.013296227581941869,16,24
2026-05,英国,Android,Organic,AI Repair,7.774193548387097,3.3870967741935485,104.3225806451613,0.07452071737786023,0.032467532467532464,14,15
2026-05,英国,Android,Organic,AI Replace,2.096774193548387,1.0,104.3225806451613,0.02009894867037724,0.009585652442795299,38,29
2026-05,英国,Android,Organic,AI Retouch,21.483870967741936,8.516129032258064,104.3225806451613,0.2059369202226345,0.08163265306122448,4,4
2026-05,英国,Android,Organic,AI Tattoo,2.3548387096774195,0.3870967741935484,104.3225806451613,0.02257266542980829,0.0037105751391465673,36,38
2026-05,英国,Android,Organic,Acne,7.580645161290323,5.516129032258065,104.3225806451613,0.07266542980828695,0.05287569573283859,15,9
2026-05,英国,Android,Organic,Adjust,7.161290322580645,3.3870967741935485,104.3225806451613,0.06864564007421149,0.032467532467532464,17,15
2026-05,英国,Android,Organic,Background,4.774193548387097,1.064516129032258,104.3225806451613,0.045763760049474335,0.01020408163265306,25,27
2026-05,英国,Android,Organic,Blur,4.0,2.3548387096774195,104.3225806451613,0.038342609771181195,0.02257266542980829,28,21
2026-05,英国,Android,Organic,Body,8.516129032258064,4.483870967741935,104.3225806451613,0.08163265306122448,0.0429808286951144,11,12
2026-05,英国,Android,Organic,Bokeh,1.967741935483871,0.6129032258064516,104.3225806451613,0.01886209029066172,0.005875077303648732,40,35
2026-05,英国,Android,Organic,Brighten,4.838709677419355,2.5806451612903225,104.3225806451613,0.04638218923933209,0.02473716759431045,24,18
2026-05,英国,Android,Organic,Concealer,5.064516129032258,2.4516129032258065,104.3225806451613,0.04854669140383426,0.02350030921459493,23,20
2026-05,英国,Android,Organic,Contour,2.5161290322580645,0.967741935483871,104.3225806451613,0.024118738404452687,0.00927643784786642,34,30
2026-05,英国,Android,Organic,Crop,6.419354838709677,5.225806451612903,104.3225806451613,0.06153370439084724,0.05009276437847866,20,10
2026-05,英国,Android,Organic,Dark Circles,3.6451612903225805,2.4838709677419355,104.3225806451613,0.03494124922696351,0.023809523809523808,30,19
2026-05,英国,Android,Organic,Details,2.129032258064516,1.1290322580645162,104.3225806451613,0.02040816326530612,0.010822510822510824,37,26
2026-05,英国,Android,Organic,Effects,6.741935483870968,0.25806451612903225,104.3225806451613,0.06462585034013606,0.002473716759431045,19,40
2026-05,英国,Android,Organic,Eraser,8.548387096774194,4.451612903225806,104.3225806451613,0.08194186765615337,0.04267161410018552,10,13
2026-05,英国,Android,Organic,Expression,3.774193548387097,0.8709677419354839,104.3225806451613,0.036178107606679034,0.008348794063079777,29,32
2026-05,英国,Android,Organic,Eye Brighten,2.903225806451613,2.032258064516129,104.3225806451613,0.027829313543599257,0.01948051948051948,33,23
2026-05,英国,Android,Organic,Face,26.741935483870968,13.225806451612904,104.3225806451613,0.256338899196042,0.12677798392084105,1,2
2026-05,英国,Android,Organic,Face Fix,5.580645161290323,1.3870967741935485,104.3225806451613,0.053494124922696354,0.013296227581941869,21,24
2026-05,英国,Android,Organic,Filters,23.774193548387096,8.258064516129032,104.3225806451613,0.227891156462585,0.07915893630179344,3,5
2026-05,英国,Android,Organic,Flawless,0.0,0.0,104.3225806451613,0.0,0.0,45,43
2026-05,英国,Android,Organic,Glitter,2.4516129032258065,0.45161290322580644,104.3225806451613,0.02350030921459493,0.004329004329004329,35,36
2026-05,英国,Android,Organic,Glowup,7.838709677419355,2.6774193548387095,104.3225806451613,0.07513914656771799,0.02566481137909709,13,17
2026-05,英国,Android,Organic,Hair,13.612903225806452,4.516129032258065,104.3225806451613,0.13048855905998763,0.043290043290043295,7,11
2026-05,英国,Android,Organic,Magic,25.870967741935484,13.451612903225806,104.3225806451613,0.24799010513296227,0.12894248608534323,2,1
2026-05,英国,Android,Organic,Makeup,14.806451612903226,7.193548387096774,104.3225806451613,0.14192949907235622,0.06895485466914038,5,6
2026-05,英国,Android,Organic,Matte,1.4838709677419355,0.7096774193548387,104.3225806451613,0.01422387136672851,0.006802721088435374,41,34
2026-05,英国,Android,Organic,Muscle,3.096774193548387,0.8387096774193549,104.3225806451613,0.02968460111317254,0.008039579468150896,32,33
2026-05,英国,Android,Organic,Mykit,4.064516129032258,0.0,104.3225806451613,0.03896103896103896,0.0,27,43
2026-05,英国,Android,Organic,Plump,3.3548387096774195,1.064516129032258,104.3225806451613,0.032158317872603585,0.01020408163265306,31,27
2026-05,英国,Android,Organic,Preset,5.580645161290323,0.41935483870967744,104.3225806451613,0.053494124922696354,0.004019789734075448,21,37
2026-05,英国,Android,Organic,Prism,0.8709677419354839,0.2903225806451613,104.3225806451613,0.008348794063079777,0.0027829313543599257,44,39
2026-05,英国,Android,Organic,Relight,8.258064516129032,3.903225806451613,104.3225806451613,0.07915893630179344,0.03741496598639456,12,14
2026-05,英国,Android,Organic,Reshape,11.193548387096774,7.161290322580645,104.3225806451613,0.10729746444032158,0.06864564007421149,8,7
2026-05,英国,Android,Organic,Resize,4.161290322580645,2.225806451612903,104.3225806451613,0.0398886827458256,0.02133580705009276,26,22
2026-05,英国,Android,Organic,Skin Tone,8.67741935483871,6.354838709677419,104.3225806451613,0.08317872603586889,0.06091527520098948,9,8
2026-05,英国,Android,Organic,Smooth,14.612903225806452,11.64516129032258,104.3225806451613,0.14007421150278293,0.1116264687693259,6,3
2026-05,英国,Android,Organic,Stamp,1.3870967741935485,0.25806451612903225,104.3225806451613,0.013296227581941869,0.002473716759431045,42,40
2026-05,英国,Android,Organic,Teeth,6.935483870967742,0.0,104.3225806451613,0.06648113790970933,0.0,18,43
2026-05,英国,Android,Organic,Text,1.1612903225806452,0.12903225806451613,104.3225806451613,0.011131725417439703,0.0012368583797155224,43,42
2026-05,英国,Android,Organic,Whiten,0.0,0.0,104.3225806451613,0.0,0.0,45,43
2026-05,英国,Android,non-Organic,AI Expand,0.3333333333333333,0.26666666666666666,12.806451612903226,0.026028547439126783,0.020822837951301427,37,20
2026-05,英国,Android,non-Organic,AI Image,1.7419354838709677,0.06451612903225806,12.806451612903226,0.13602015113350127,0.005037783375314861,6,35
2026-05,英国,Android,non-Organic,AI Repair,1.2258064516129032,0.6451612903225806,12.806451612903226,0.09571788413098237,0.05037783375314861,8,6
2026-05,英国,Android,non-Organic,AI Replace,0.5,0.2,12.806451612903226,0.03904282115869018,0.015617128463476071,31,25
2026-05,英国,Android,non-Organic,AI Retouch,2.3548387096774195,0.7096774193548387,12.806451612903226,0.18387909319899245,0.055415617128463476,5,5
2026-05,英国,Android,non-Organic,AI Tattoo,0.5172413793103449,0.10344827586206896,12.806451612903226,0.04038912533657605,0.00807782506731521,30,30
2026-05,英国,Android,non-Organic,Acne,0.782608695652174,0.43478260869565216,12.806451612903226,0.061110502683167235,0.03395027926842624,19,10
2026-05,英国,Android,non-Organic,Adjust,0.7741935483870968,0.3870967741935484,12.806451612903226,0.060453400503778336,0.030226700251889168,20,12
2026-05,英国,Android,non-Organic,Background,0.5483870967741935,0.16129032258064516,12.806451612903226,0.04282115869017632,0.012594458438287152,27,26
2026-05,英国,Android,non-Organic,Blur,0.3,0.1,12.806451612903226,0.023425692695214103,0.0078085642317380355,40,31
2026-05,英国,Android,non-Organic,Body,1.3448275862068966,0.8275862068965517,12.806451612903226,0.10501172587509772,0.06462260053852167,7,4
2026-05,英国,Android,non-Organic,Bokeh,0.16129032258064516,0.0,12.806451612903226,0.012594458438287152,0.0,43,42
2026-05,英国,Android,non-Organic,Brighten,0.6956521739130435,0.34782608695652173,12.806451612903226,0.054320446829481984,0.027160223414740992,21,15
2026-05,英国,Android,non-Organic,Concealer,0.6956521739130435,0.4782608695652174,12.806451612903226,0.054320446829481984,0.037345307195268865,21,9
2026-05,英国,Android,non-Organic,Contour,0.5789473684210527,0.3157894736842105,12.806451612903226,0.04520747713111494,0.02465862388969906,25,19
2026-05,英国,Android,non-Organic,Crop,0.45161290322580644,0.3548387096774194,12.806451612903226,0.03526448362720403,0.027707808564231738,32,14
2026-05,英国,Android,non-Organic,Dark Circles,0.3333333333333333,0.23809523809523808,12.806451612903226,0.026028547439126783,0.018591819599376273,37,23
2026-05,英国,Android,non-Organic,Details,0.5263157894736842,0.15789473684210525,12.806451612903226,0.04109770648283176,0.01232931194484953,28,27
2026-05,英国,Android,non-Organic,Effects,1.0,0.06451612903225806,12.806451612903226,0.07808564231738035,0.005037783375314861,10,35
2026-05,英国,Android,non-Organic,Eraser,0.6774193548387096,0.22580645161290322,12.806451612903226,0.05289672544080604,0.017632241813602016,23,24
2026-05,英国,Android,non-Organic,Expression,0.6666666666666666,0.13333333333333333,12.806451612903226,0.052057094878253565,0.010411418975650713,24,28
2026-05,英国,Android,non-Organic,Eye Brighten,0.35,0.25,12.806451612903226,0.02732997481108312,0.01952141057934509,35,22
2026-05,英国,Android,non-Organic,Face,3.032258064516129,1.2580645161290323,12.806451612903226,0.2367758186397985,0.0982367758186398,1,1
2026-05,英国,Android,non-Organic,Face Fix,0.9666666666666667,0.3333333333333333,12.806451612903226,0.07548278757346767,0.026028547439126783,12,16
2026-05,英国,Android,non-Organic,Filters,2.6774193548387095,0.6129032258064516,12.806451612903226,0.20906801007556675,0.04785894206549118,2,7
2026-05,英国,Android,non-Organic,Flawless,0.0,0.0,12.806451612903226,0.0,0.0,45,42
2026-05,英国,Android,non-Organic,Glitter,0.43333333333333335,0.13333333333333333,12.806451612903226,0.03383711167086482,0.010411418975650713,33,28
2026-05,英国,Android,non-Organic,Glowup,0.8709677419354839,0.0967741935483871,12.806451612903226,0.06801007556675064,0.007556675062972292,15,32
2026-05,英国,Android,non-Organic,Hair,2.4838709677419355,0.8709677419354839,12.806451612903226,0.19395465994962216,0.06801007556675064,4,3
2026-05,英国,Android,non-Organic,Magic,2.5483870967741935,1.1935483870967742,12.806451612903226,0.198992443324937,0.09319899244332494,3,2
2026-05,英国,Android,non-Organic,Makeup,1.1290322580645162,0.3870967741935484,12.806451612903226,0.08816120906801009,0.030226700251889168,9,12
2026-05,英国,Android,non-Organic,Matte,0.24,0.04,12.806451612903226,0.018740554156171284,0.003123425692695214,41,38
2026-05,英国,Android,non-Organic,Muscle,0.9,0.4,12.806451612903226,0.07027707808564232,0.031234256926952142,14,11
2026-05,英国,Android,non-Organic,Mykit,0.8666666666666667,0.0,12.806451612903226,0.06767422334172964,0.0,18,42
2026-05,英国,Android,non-Organic,Plump,0.3548387096774194,0.0967741935483871,12.806451612903226,0.027707808564231738,0.007556675062972292,34,32
2026-05,英国,Android,non-Organic,Preset,1.0,0.06451612903225806,12.806451612903226,0.07808564231738035,0.005037783375314861,10,35
2026-05,英国,Android,non-Organic,Prism,0.20689655172413793,0.06896551724137931,12.806451612903226,0.01615565013463042,0.0053852167115434725,42,34
2026-05,英国,Android,non-Organic,Relight,0.8709677419354839,0.3225806451612903,12.806451612903226,0.06801007556675064,0.025188916876574305,15,17
2026-05,英国,Android,non-Organic,Reshape,0.8709677419354839,0.3225806451612903,12.806451612903226,0.06801007556675064,0.025188916876574305,15,17
2026-05,英国,Android,non-Organic,Resize,0.3448275862068966,0.034482758620689655,12.806451612903226,0.026926083557717365,0.0026926083557717363,36,39
2026-05,英国,Android,non-Organic,Skin Tone,0.5217391304347826,0.2608695652173913,12.806451612903226,0.04074033512211149,0.020370167561055745,29,21
2026-05,英国,Android,non-Organic,Smooth,0.9130434782608695,0.6086956521739131,12.806451612903226,0.0712955864636951,0.04753039097579674,13,8
2026-05,英国,Android,non-Organic,Stamp,0.13333333333333333,0.03333333333333333,12.806451612903226,0.010411418975650713,0.0026028547439126784,44,40
2026-05,英国,Android,non-Organic,Teeth,0.5666666666666667,0.0,12.806451612903226,0.04424853064651553,0.0,26,42
2026-05,英国,Android,non-Organic,Text,0.3333333333333333,0.03333333333333333,12.806451612903226,0.026028547439126783,0.0026028547439126784,37,40
2026-05,英国,Android,non-Organic,Whiten,0.0,0.0,12.806451612903226,0.0,0.0,45,42
2026-05,英国,iOS,Organic,AI Expand,12.193548387096774,3.6129032258064515,1014.0322580645161,0.012024813106410053,0.00356290758708446,40,34
2026-05,英国,iOS,Organic,AI Image,61.67741935483871,7.870967741935484,1014.0322580645161,0.060823922379513284,0.007762048671862574,21,29
2026-05,英国,iOS,Organic,AI Repair,80.09677419354838,23.225806451612904,1014.0322580645161,0.07898838873866709,0.02290440591697153,15,22
2026-05,英国,iOS,Organic,AI Replace,14.129032258064516,5.903225806451613,1014.0322580645161,0.013933513599491014,0.005821536503896931,39,32
2026-05,英国,iOS,Organic,AI Retouch,255.48387096774192,78.41935483870968,1014.0322580645161,0.25194846508668683,0.0773341816446636,3,4
2026-05,英国,iOS,Organic,AI Tattoo,21.806451612903224,3.193548387096774,1014.0322580645161,0.02150469222204549,0.003149355813583585,36,37
2026-05,英国,iOS,Organic,Acne,94.45161290322581,65.19354838709677,1014.0322580645161,0.09314458406235089,0.06429139494194369,13,7
2026-05,英国,iOS,Organic,Adjust,64.45161290322581,26.096774193548388,1014.0322580645161,0.063559726419596,0.02573564498170829,17,19
2026-05,英国,iOS,Organic,Background,51.516129032258064,4.645161290322581,1014.0322580645161,0.05080324479083824,0.004580881183394306,25,33
2026-05,英国,iOS,Organic,Blur,44.483870967741936,26.451612903225808,1014.0322580645161,0.04386829966597742,0.026085573405439797,27,18
2026-05,英国,iOS,Organic,Body,112.54838709677419,63.12903225806452,1014.0322580645161,0.11099093367265787,0.062255447749324004,10,8
2026-05,英国,iOS,Organic,Bokeh,12.096774193548388,2.3225806451612905,1014.0322580645161,0.011929378081756006,0.002290440591697153,41,38
2026-05,英国,iOS,Organic,Brighten,53.516129032258064,27.06451612903226,1014.0322580645161,0.05277556863368856,0.026689995228248768,23,17
2026-05,英国,iOS,Organic,Concealer,63.74193548387097,28.548387096774192,1014.0322580645161,0.06285986957213298,0.02815333227294417,20,16
2026-05,英国,iOS,Organic,Contour,26.93548387096774,14.741935483870968,1014.0322580645161,0.026562748528710035,0.014537935422299985,34,25
2026-05,英国,iOS,Organic,Crop,32.38709677419355,23.774193548387096,1014.0322580645161,0.031938921584221416,0.023445204390011135,31,20
2026-05,英国,iOS,Organic,Dark Circles,41.903225806451616,28.967741935483872,1014.0322580645161,0.041323365675202804,0.028566884046445046,28,15
2026-05,英国,iOS,Organic,Details,26.838709677419356,9.419354838709678,1014.0322580645161,0.02646731350405599,0.009289009066327344,35,27
2026-05,英国,iOS,Organic,Effects,75.29032258064517,1.4193548387096775,1014.0322580645161,0.07424844918084939,0.001399713694926038,16,41
2026-05,英国,iOS,Organic,Eraser,93.96774193548387,48.45161290322581,1014.0322580645161,0.09266740893908064,0.04778113567679339,14,12
2026-05,英国,iOS,Organic,Expression,33.193548387096776,6.258064516129032,1014.0322580645161,0.03273421345633848,0.00617146492762844,29,31
2026-05,英国,iOS,Organic,Eye Brighten,32.58064516129032,21.580645161290324,1014.0322580645161,0.032129791633529504,0.021282010497852714,30,23
2026-05,英国,iOS,Organic,Face,302.7096774193548,142.29032258064515,1014.0322580645161,0.29852075711786225,0.1403212979163353,1,1
2026-05,英国,iOS,Organic,Face Fix,63.806451612903224,8.741935483870968,1014.0322580645161,0.06292349292190234,0.008620963893749006,19,28
2026-05,英国,iOS,Organic,Filters,250.03225806451613,60.16129032258065,1014.0322580645161,0.24657229203117545,0.0593287736599332,4,10
2026-05,英国,iOS,Organic,Flawless,0.0,0.0,1014.0322580645161,0.0,0.0,45,43
2026-05,英国,iOS,Organic,Glitter,20.64516129032258,3.4193548387096775,1014.0322580645161,0.020359471926196915,0.0033720375377763643,37,35
2026-05,英国,iOS,Organic,Glowup,97.35483870967742,30.548387096774192,1014.0322580645161,0.09600763480197233,0.030125656115794496,12,14
2026-05,英国,iOS,Organic,Hair,152.29032258064515,36.064516129032256,1014.0322580645161,0.15018291713058693,0.035565452521075236,6,13
2026-05,英国,iOS,Organic,Magic,286.9032258064516,142.0,1014.0322580645161,0.28293303642436773,0.14003499284237317,2,2
2026-05,英国,iOS,Organic,Makeup,149.03225806451613,56.225806451612904,1014.0322580645161,0.14696993796723398,0.05544774932400191,7,11
2026-05,英国,iOS,Organic,Matte,19.612903225806452,10.709677419354838,1014.0322580645161,0.01934149832988707,0.01056147606171465,38,26
2026-05,英国,iOS,Organic,Muscle,27.032258064516128,7.290322580645161,1014.0322580645161,0.026658183553364086,0.007189438523938285,33,30
2026-05,英国,iOS,Organic,Mykit,29.032258064516128,0.0,1014.0322580645161,0.02863050739621441,0.0,32,43
2026-05,英国,iOS,Organic,Plump,47.32258064516129,15.387096774193548,1014.0322580645161,0.046667727055829486,0.015174168919993639,26,24
2026-05,英国,iOS,Organic,Preset,57.38709677419355,3.3870967741935485,1014.0322580645161,0.05659296961985049,0.0033402258628916813,22,36
2026-05,英国,iOS,Organic,Prism,5.67741935483871,1.4838709677419355,1014.0322580645161,0.005598854779704152,0.0014633370446954033,44,40
2026-05,英国,iOS,Organic,Relight,144.83870967741936,62.03225806451613,1014.0322580645161,0.14283442023222523,0.06117385080324479,8,9
2026-05,英国,iOS,Organic,Reshape,129.1290322580645,77.29032258064517,1014.0322580645161,0.12734213456338475,0.0762207730236997,9,5
2026-05,英国,iOS,Organic,Resize,53.193548387096776,23.612903225806452,1014.0322580645161,0.05245745188484174,0.023286146015587723,24,21
2026-05,英国,iOS,Organic,Skin Tone,109.74193548387096,76.38709677419355,1014.0322580645161,0.10822331795769047,0.07533004612692859,11,6
2026-05,英国,iOS,Organic,Smooth,162.16129032258064,118.2258064516129,1014.0322580645161,0.15991728964529983,0.11658978845236201,5,3
2026-05,英国,iOS,Organic,Stamp,7.258064516129032,1.7096774193548387,1014.0322580645161,0.007157626849053603,0.0016860187688881821,43,39
2026-05,英国,iOS,Organic,Teeth,64.03225806451613,0.0,1014.0322580645161,0.06314617464609512,0.0,18,43
2026-05,英国,iOS,Organic,Text,12.096774193548388,1.0,1014.0322580645161,0.011929378081756006,0.000986161921425163,41,42
2026-05,英国,iOS,Organic,Whiten,0.0,0.0,1014.0322580645161,0.0,0.0,45,43
2026-05,英国,iOS,non-Organic,AI Expand,5.548387096774194,1.3870967741935485,385.5483870967742,0.014390896921017403,0.003597724230254351,42,35
2026-05,英国,iOS,non-Organic,AI Image,30.64516129032258,3.3225806451612905,385.5483870967742,0.07948460508701471,0.008617804551539491,17,30
2026-05,英国,iOS,non-Organic,AI Repair,34.806451612903224,11.129032258064516,385.5483870967742,0.09027777777777778,0.028865461847389556,15,19
2026-05,英国,iOS,non-Organic,AI Replace,6.419354838709677,2.6451612903225805,385.5483870967742,0.016649933065595715,0.0068607764390896915,39,32
2026-05,英国,iOS,non-Organic,AI Retouch,112.09677419354838,35.61290322580645,385.5483870967742,0.2907463186077644,0.09236947791164657,3,4
2026-05,英国,iOS,non-Organic,AI Tattoo,8.0,1.3225806451612903,385.5483870967742,0.02074966532797858,0.0034303882195448458,37,37
2026-05,英国,iOS,non-Organic,Acne,35.064516129032256,23.838709677419356,385.5483870967742,0.09094712182061579,0.06183065595716198,14,10
2026-05,英国,iOS,non-Organic,Adjust,28.838709677419356,10.935483870967742,385.5483870967742,0.0747991967871486,0.028363453815261043,18,20
2026-05,英国,iOS,non-Organic,Background,21.838709677419356,2.2580645161290325,385.5483870967742,0.05664323962516734,0.005856760374832664,25,33
2026-05,英国,iOS,non-Organic,Blur,18.741935483870968,11.387096774193548,385.5483870967742,0.04861111111111111,0.029534805890227576,27,18
2026-05,英国,iOS,non-Organic,Body,53.096774193548384,31.774193548387096,385.5483870967742,0.13771753681392235,0.08241298527443106,10,6
2026-05,英国,iOS,non-Organic,Bokeh,5.580645161290323,0.8064516129032258,385.5483870967742,0.014474564926372157,0.0020917001338688086,41,38
2026-05,英国,iOS,non-Organic,Brighten,24.516129032258064,13.225806451612904,385.5483870967742,0.06358768406961178,0.034303882195448464,23,14
2026-05,英国,iOS,non-Organic,Concealer,28.129032258064516,12.290322580645162,385.5483870967742,0.07295850066934403,0.03187751004016064,19,16
2026-05,英国,iOS,non-Organic,Contour,11.870967741935484,6.387096774193548,385.5483870967742,0.03078982597054886,0.01656626506024096,33,24
2026-05,英国,iOS,non-Organic,Crop,13.258064516129032,9.161290322580646,385.5483870967742,0.03438755020080321,0.023761713520749666,30,22
2026-05,英国,iOS,non-Organic,Dark Circles,17.29032258064516,12.32258064516129,385.5483870967742,0.04484605087014725,0.03196117804551539,28,15
2026-05,英国,iOS,non-Organic,Details,11.548387096774194,4.354838709677419,385.5483870967742,0.02995314591700134,0.011295180722891564,34,27
2026-05,英国,iOS,non-Organic,Effects,31.903225806451612,0.45161290322580644,385.5483870967742,0.08274765729585007,0.0011713520749665328,16,40
2026-05,英国,iOS,non-Organic,Eraser,40.096774193548384,19.838709677419356,385.5483870967742,0.10399933065595715,0.05145582329317269,12,12
2026-05,英国,iOS,non-Organic,Expression,14.32258064516129,3.5806451612903225,385.5483870967742,0.03714859437751004,0.00928714859437751,29,29
2026-05,英国,iOS,non-Organic,Eye Brighten,12.096774193548388,7.67741935483871,385.5483870967742,0.03137550200803213,0.01991298527443106,32,23
2026-05,英国,iOS,non-Organic,Face,125.35483870967742,59.45161290322581,385.5483870967742,0.3251338688085676,0.15420013386880857,2,2
2026-05,英国,iOS,non-Organic,Face Fix,27.225806451612904,5.419354838709677,385.5483870967742,0.07061579651941098,0.014056224899598391,20,26
2026-05,英国,iOS,non-Organic,Filters,104.96774193548387,26.387096774193548,385.5483870967742,0.2722556894243641,0.0684404283801874,4,8
2026-05,英国,iOS,non-Organic,Flawless,0.0,0.0,385.5483870967742,0.0,0.0,45,43
2026-05,英国,iOS,non-Organic,Glitter,7.838709677419355,1.4516129032258065,385.5483870967742,0.02033132530120482,0.0037650602409638554,38,34
2026-05,英国,iOS,non-Organic,Glowup,37.83870967741935,12.0,385.5483870967742,0.09814257028112448,0.03112449799196787,13,17
2026-05,英国,iOS,non-Organic,Hair,61.12903225806452,15.580645161290322,385.5483870967742,0.1585508701472557,0.04041164658634538,6,13
2026-05,英国,iOS,non-Organic,Magic,129.19354838709677,65.0,385.5483870967742,0.3350903614457831,0.16859103078982596,1,1
2026-05,英国,iOS,non-Organic,Makeup,58.0,22.161290322580644,385.5483870967742,0.1504350736278447,0.05747991967871485,8,11
2026-05,英国,iOS,non-Organic,Matte,8.548387096774194,4.32258064516129,385.5483870967742,0.022172021419009372,0.011211512717536813,36,28
2026-05,英国,iOS,non-Organic,Muscle,10.806451612903226,2.774193548387097,385.5483870967742,0.028028781793842033,0.007195448460508702,35,31
2026-05,英国,iOS,non-Organic,Mykit,13.225806451612904,0.0,385.5483870967742,0.034303882195448464,0.0,31,43
2026-05,英国,iOS,non-Organic,Plump,18.838709677419356,6.387096774193548,385.5483870967742,0.04886211512717537,0.01656626506024096,26,24
2026-05,英国,iOS,non-Organic,Preset,24.93548387096774,1.3548387096774193,385.5483870967742,0.06467536813922356,0.003514056224899598,22,36
2026-05,英国,iOS,non-Organic,Prism,2.6451612903225805,0.41935483870967744,385.5483870967742,0.0068607764390896915,0.0010876840696117805,44,41
2026-05,英国,iOS,non-Organic,Relight,58.354838709677416,25.516129032258064,385.5483870967742,0.15135542168674698,0.0661813922356091,7,9
2026-05,英国,iOS,non-Organic,Reshape,54.806451612903224,32.45161290322581,385.5483870967742,0.14215194109772422,0.08417001338688086,9,5
2026-05,英国,iOS,non-Organic,Resize,23.129032258064516,10.838709677419354,385.5483870967742,0.059989959839357426,0.028112449799196783,24,21
2026-05,英国,iOS,non-Organic,Skin Tone,44.935483870967744,30.903225806451612,385.5483870967742,0.11654953145917002,0.08015394912985274,11,7
2026-05,英国,iOS,non-Organic,Smooth,64.48387096774194,46.516129032258064,385.5483870967742,0.16725234270414993,0.12064926372155288,5,3
2026-05,英国,iOS,non-Organic,Stamp,3.2580645161290325,0.6774193548387096,385.5483870967742,0.008450468540829988,0.001757028112449799,43,39
2026-05,英国,iOS,non-Organic,Teeth,25.516129032258064,0.0,385.5483870967742,0.0661813922356091,0.0,21,43
2026-05,英国,iOS,non-Organic,Text,5.645161290322581,0.25806451612903225,385.5483870967742,0.01464190093708166,0.0006693440428380187,40,42
2026-05,英国,iOS,non-Organic,Whiten,0.0,0.0,385.5483870967742,0.0,0.0,45,43
2026-06,墨西哥,Android,Organic,AI Expand,5.888888888888889,3.074074074074074,210.33333333333334,0.027997886951928157,0.014615249163585137,32,20
2026-06,墨西哥,Android,Organic,AI Image,16.814814814814813,3.037037037037037,210.33333333333334,0.07994365205141749,0.014439161824264836,12,21
2026-06,墨西哥,Android,Organic,AI Repair,15.703703703703704,8.592592592592593,210.33333333333334,0.07466103187180842,0.04085226272231027,15,13
2026-06,墨西哥,Android,Organic,AI Replace,4.444444444444445,2.259259259259259,210.33333333333334,0.021130480718436345,0.010741327698538474,39,25
2026-06,墨西哥,Android,Organic,AI Retouch,33.851851851851855,13.481481481481481,210.33333333333334,0.16094382813875682,0.06409579151259023,5,7
2026-06,墨西哥,Android,Organic,AI Tattoo,4.7407407407407405,1.1851851851851851,210.33333333333334,0.022539179432998765,0.005634794858249691,37,34
2026-06,墨西哥,Android,Organic,Acne,10.0,7.037037037037037,210.33333333333334,0.04754358161648177,0.03345659447085755,20,16
2026-06,墨西哥,Android,Organic,Adjust,18.48148148148148,8.555555555555555,210.33333333333334,0.08786758232083113,0.04067617538298996,11,14
2026-06,墨西哥,Android,Organic,Background,10.777777777777779,1.1851851851851851,210.33333333333334,0.051241415742208134,0.005634794858249691,19,34
2026-06,墨西哥,Android,Organic,Blur,8.703703703703704,6.148148148148148,210.33333333333334,0.04138052474027117,0.029230498327170274,22,17
2026-06,墨西哥,Android,Organic,Body,22.85185185185185,13.666666666666666,210.33333333333334,0.10864588836062686,0.06497622820919176,8,6
2026-06,墨西哥,Android,Organic,Bokeh,5.444444444444445,1.8148148148148149,210.33333333333334,0.025884838880084523,0.008628279626694841,33,28
2026-06,墨西哥,Android,Organic,Brighten,5.148148148148148,2.6296296296296298,210.33333333333334,0.024476140165522096,0.012502201091741504,34,22
2026-06,墨西哥,Android,Organic,Concealer,6.925925925925926,2.1481481481481484,210.33333333333334,0.032928332452896635,0.010213065680577567,28,26
2026-06,墨西哥,Android,Organic,Contour,2.5185185185185186,0.8518518518518519,210.33333333333334,0.011973939073780596,0.004050008804366966,43,37
2026-06,墨西哥,Android,Organic,Crop,15.814814814814815,12.62962962962963,210.33333333333334,0.07518929388976932,0.06004578270822328,13,8
2026-06,墨西哥,Android,Organic,Dark Circles,4.777777777777778,3.259259259259259,210.33333333333334,0.022715266772319068,0.015495685860186651,35,19
2026-06,墨西哥,Android,Organic,Details,3.185185185185185,1.5925925925925926,210.33333333333334,0.015143511181546046,0.007571755590773023,41,30
2026-06,墨西哥,Android,Organic,Effects,12.555555555555555,0.4444444444444444,210.33333333333334,0.05969360802958267,0.002113048071843634,17,43
2026-06,墨西哥,Android,Organic,Eraser,19.88888888888889,11.481481481481481,210.33333333333334,0.09455890121500264,0.054587075189293885,9,10
2026-06,墨西哥,Android,Organic,Expression,8.148148148148149,2.5925925925925926,210.33333333333334,0.03873921465046663,0.0123261137524212,23,23
2026-06,墨西哥,Android,Organic,Eye Brighten,2.7777777777777777,1.5555555555555556,210.33333333333334,0.013206550449022714,0.00739566825145272,42,31
2026-06,墨西哥,Android,Organic,Face,37.851851851851855,17.14814814814815,210.33333333333334,0.17996126078534955,0.08152843810530022,2,1
2026-06,墨西哥,Android,Organic,Face Fix,7.2592592592592595,1.6666666666666667,210.33333333333334,0.034513118506779364,0.00792393026941363,26,29
2026-06,墨西哥,Android,Organic,Filters,47.7037037037037,15.333333333333334,210.33333333333334,0.22680049304455008,0.07290015847860538,1,3
2026-06,墨西哥,Android,Organic,Flawless,0.0,0.0,210.33333333333334,0.0,0.0,45,44
2026-06,墨西哥,Android,Organic,Glitter,6.148148148148148,0.8518518518518519,210.33333333333334,0.029230498327170274,0.004050008804366966,30,37
2026-06,墨西哥,Android,Organic,Glowup,10.814814814814815,2.3333333333333335,210.33333333333334,0.05141750308152843,0.011093502377179081,18,24
2026-06,墨西哥,Android,Organic,Hair,36.851851851851855,10.481481481481481,210.33333333333334,0.17520690262370137,0.04983271702764571,4,11
2026-06,墨西哥,Android,Organic,Magic,37.77777777777778,16.444444444444443,210.33333333333334,0.17960908610670892,0.07818277865821446,3,2
2026-06,墨西哥,Android,Organic,Makeup,25.25925925925926,14.074074074074074,210.33333333333334,0.12009156541644656,0.0669131889417151,6,5
2026-06,墨西哥,Android,Organic,Matte,2.4814814814814814,1.2592592592592593,210.33333333333334,0.011797851734460291,0.005986969536890298,44,33
2026-06,墨西哥,Android,Organic,Muscle,7.222222222222222,1.962962962962963,210.33333333333334,0.03433703116745906,0.009332628983976052,27,27
2026-06,墨西哥,Android,Organic,Mykit,6.888888888888889,0.0,210.33333333333334,0.032752245113576335,0.0,29,44
2026-06,墨西哥,Android,Organic,Plump,6.148148148148148,1.5555555555555556,210.33333333333334,0.029230498327170274,0.00739566825145272,30,31
2026-06,墨西哥,Android,Organic,Preset,9.88888888888889,0.6296296296296297,210.33333333333334,0.047015319598520865,0.002993484768445149,21,42
2026-06,墨西哥,Android,Organic,Prism,3.259259259259259,0.8518518518518519,210.33333333333334,0.015495685860186651,0.004050008804366966,40,37
2026-06,墨西哥,Android,Organic,Relight,18.666666666666668,8.222222222222221,210.33333333333334,0.08874801901743265,0.03909138932910723,10,15
2026-06,墨西哥,Android,Organic,Reshape,24.85185185185185,14.37037037037037,210.33333333333334,0.11815460468392322,0.06832188765627752,7,4
2026-06,墨西哥,Android,Organic,Resize,7.7407407407407405,3.3333333333333335,210.33333333333334,0.0368022539179433,0.01584786053882726,24,18
2026-06,墨西哥,Android,Organic,Skin Tone,12.777777777777779,8.703703703703704,210.33333333333334,0.06075013206550449,0.04138052474027117,16,12
2026-06,墨西哥,Android,Organic,Smooth,15.814814814814815,11.62962962962963,210.33333333333334,0.07518929388976932,0.055291424546575096,13,9
2026-06,墨西哥,Android,Organic,Stamp,4.777777777777778,1.0740740740740742,210.33333333333334,0.022715266772319068,0.005106532840288783,35,36
2026-06,墨西哥,Android,Organic,Teeth,7.407407407407407,0.7407407407407407,210.33333333333334,0.035217467864060575,0.003521746786406057,25,40
2026-06,墨西哥,Android,Organic,Text,4.518518518518518,0.7407407407407407,210.33333333333334,0.021482655397076948,0.003521746786406057,38,40
2026-06,墨西哥,Android,Organic,Whiten,0.0,0.0,210.33333333333334,0.0,0.0,45,44
2026-06,墨西哥,Android,non-Organic,AI Expand,12.074074074074074,4.407407407407407,920.4333333333333,0.01311781487785544,0.004788404817376679,35,27
2026-06,墨西哥,Android,non-Organic,AI Image,93.88888888888889,15.703703703703704,920.4333333333333,0.10200509421890655,0.01706120708040094,7,11
2026-06,墨西哥,Android,non-Organic,AI Repair,35.77777777777778,12.925925925925926,920.4333333333333,0.03887058028223422,0.014043304884575301,18,13
2026-06,墨西哥,Android,non-Organic,AI Replace,8.814814814814815,4.148148148148148,920.4333333333333,0.009576809634753358,0.004506733945766285,38,29
2026-06,墨西哥,Android,non-Organic,AI Retouch,213.37037037037038,41.148148148148145,920.4333333333333,0.23181512733535334,0.04470519119416378,2,4
2026-06,墨西哥,Android,non-Organic,AI Tattoo,38.2962962962963,9.407407407407407,920.4333333333333,0.04160681160644946,0.010220628769862825,15,18
2026-06,墨西哥,Android,non-Organic,Acne,18.48148148148148,5.962962962962963,920.4333333333333,0.020079109276226578,0.006478430047039036,29,20
2026-06,墨西哥,Android,non-Organic,Adjust,37.55555555555556,10.11111111111111,920.4333333333333,0.040802037687562624,0.010985163992805322,17,17
2026-06,墨西哥,Android,non-Organic,Background,29.185185185185187,2.814814814814815,920.4333333333333,0.03170809240414137,0.00305814089176998,22,32
2026-06,墨西哥,Android,non-Organic,Blur,13.11111111111111,5.037037037037037,920.4333333333333,0.01424449836429701,0.00547246264843049,32,24
2026-06,墨西哥,Android,non-Organic,Body,125.29629629629629,65.29629629629629,920.4333333333333,0.13612750837970844,0.07094082094987465,6,2
2026-06,墨西哥,Android,non-Organic,Bokeh,6.703703703703703,2.111111111111111,920.4333333333333,0.0072832039659258725,0.002293605668827485,40,37
2026-06,墨西哥,Android,non-Organic,Brighten,12.592592592592593,4.962962962962963,920.4333333333333,0.013681156621076225,0.005391985256541806,34,25
2026-06,墨西哥,Android,non-Organic,Concealer,16.85185185185185,5.444444444444445,920.4333333333333,0.018308606654675534,0.005915088303818251,30,23
2026-06,墨西哥,Android,non-Organic,Contour,4.62962962962963,2.3333333333333335,920.4333333333333,0.00502983699304273,0.002535037844493536,44,36
2026-06,墨西哥,Android,non-Organic,Crop,31.037037037037038,22.296296296296298,920.4333333333333,0.033720027201358464,0.02422369495849379,20,9
2026-06,墨西哥,Android,non-Organic,Dark Circles,10.0,4.296296296296297,920.4333333333333,0.010864447904972296,0.0046676887295436535,37,28
2026-06,墨西哥,Android,non-Organic,Details,6.037037037037037,2.4814814814814814,920.4333333333333,0.00655890743892772,0.002695992628270903,42,35
2026-06,墨西哥,Android,non-Organic,Effects,43.111111111111114,1.5555555555555556,920.4333333333333,0.046837842079213904,0.0016900252296623572,13,40
2026-06,墨西哥,Android,non-Organic,Eraser,39.2962962962963,11.962962962962964,920.4333333333333,0.04269325639694669,0.012997098790022414,14,16
2026-06,墨西哥,Android,non-Organic,Expression,27.555555555555557,5.888888888888889,920.4333333333333,0.02993758978259033,0.0063979526551503525,25,21
2026-06,墨西哥,Android,non-Organic,Eye Brighten,6.2592592592592595,2.5185185185185186,920.4333333333333,0.006800339614593771,0.002736231324215245,41,34
2026-06,墨西哥,Android,non-Organic,Face,176.5185185185185,45.2962962962963,920.4333333333333,0.1917776248707332,0.04921192513993007,4,3
2026-06,墨西哥,Android,non-Organic,Face Fix,26.59259259259259,3.4814814814814814,920.4333333333333,0.02889138368803744,0.0037824374187681326,26,30
2026-06,墨西哥,Android,non-Organic,Filters,204.77777777777777,35.888888888888886,920.4333333333333,0.222479749876266,0.038991296370067235,3,6
2026-06,墨西哥,Android,non-Organic,Flawless,0.0,0.0,920.4333333333333,0.0,0.0,45,44
2026-06,墨西哥,Android,non-Organic,Glitter,22.185185185185187,2.888888888888889,920.4333333333333,0.024102978870660763,0.003138618283658663,28,31
2026-06,墨西哥,Android,non-Organic,Glowup,63.18518518518518,6.703703703703703,920.4333333333333,0.06864721528104717,0.0072832039659258725,10,19
2026-06,墨西哥,Android,non-Organic,Hair,388.18518518518516,68.03703703703704,920.4333333333333,0.4217417721926468,0.07391848444975596,1,1
2026-06,墨西哥,Android,non-Organic,Magic,131.40740740740742,38.111111111111114,920.4333333333333,0.14276689321052485,0.04140561812672775,5,5
2026-06,墨西哥,Android,non-Organic,Makeup,58.925925925925924,19.925925925925927,920.4333333333333,0.06401976524744786,0.021648418418055912,11,10
2026-06,墨西哥,Android,non-Organic,Matte,5.37037037037037,1.7037037037037037,920.4333333333333,0.005834610911929566,0.0018509800134397245,43,39
2026-06,墨西哥,Android,non-Organic,Muscle,57.7037037037037,12.481481481481481,920.4333333333333,0.06269188828128458,0.0135604405332432,12,14
2026-06,墨西哥,Android,non-Organic,Mykit,24.22222222222222,0.0,920.4333333333333,0.026316107147599563,0.0,27,44
2026-06,墨西哥,Android,non-Organic,Plump,30.185185185185187,5.703703703703703,920.4333333333333,0.0327945371946386,0.006196759175428643,21,22
2026-06,墨西哥,Android,non-Organic,Preset,37.925925925925924,1.8888888888888888,920.4333333333333,0.04120442464700604,0.0020521734931614336,16,38
2026-06,墨西哥,Android,non-Organic,Prism,7.62962962962963,2.6296296296296298,920.4333333333333,0.008289171364534418,0.002856947412048271,39,33
2026-06,墨西哥,Android,non-Organic,Relight,70.37037037037037,24.59259259259259,920.4333333333333,0.07645352229424948,0.02671849410704298,9,8
2026-06,墨西哥,Android,non-Organic,Reshape,91.44444444444444,30.88888888888889,920.4333333333333,0.09934934028657999,0.03355907241758109,8,7
2026-06,墨西哥,Android,non-Organic,Resize,13.62962962962963,4.62962962962963,920.4333333333333,0.014807840107517796,0.00502983699304273,31,26
2026-06,墨西哥,Android,non-Organic,Skin Tone,29.037037037037038,13.666666666666666,920.4333333333333,0.031547137620364,0.014848078803462138,23,12
2026-06,墨西哥,Android,non-Organic,Smooth,28.85185185185185,12.037037037037036,920.4333333333333,0.03134594414064229,0.013077576181911096,24,15
2026-06,墨西哥,Android,non-Organic,Stamp,10.814814814814815,1.3703703703703705,920.4333333333333,0.011749699215747816,0.0014888317499406481,36,41
2026-06,墨西哥,Android,non-Organic,Teeth,32.074074074074076,0.8148148148148148,920.4333333333333,0.034846710687800035,0.0008852513107755204,19,42
2026-06,墨西哥,Android,non-Organic,Text,12.777777777777779,0.5185185185185185,920.4333333333333,0.013882350100797934,0.0005633417432207857,33,43
2026-06,墨西哥,Android,non-Organic,Whiten,0.0,0.0,920.4333333333333,0.0,0.0,45,44
2026-06,墨西哥,iOS,Organic,AI Expand,3.3333333333333335,1.2962962962962963,208.06666666666666,0.01602050624799744,0.006230196874221225,41,31
2026-06,墨西哥,iOS,Organic,AI Image,13.0,1.7407407407407407,208.06666666666666,0.06247997436719,0.008366264373954217,17,27
2026-06,墨西哥,iOS,Organic,AI Repair,11.814814814814815,4.333333333333333,208.06666666666666,0.05678379436790203,0.020826658122396667,18,19
2026-06,墨西哥,iOS,Organic,AI Replace,2.037037037037037,0.8518518518518519,208.06666666666666,0.009790309373776212,0.004094129374488234,43,35
2026-06,墨西哥,iOS,Organic,AI Retouch,41.074074074074076,17.51851851851852,208.06666666666666,0.19740823810032398,0.08419666061447542,4,8
2026-06,墨西哥,iOS,Organic,AI Tattoo,3.888888888888889,0.5185185185185185,208.06666666666666,0.018690590622663678,0.00249207874968849,39,39
2026-06,墨西哥,iOS,Organic,Acne,20.925925925925927,14.814814814814815,208.06666666666666,0.10057317811242836,0.07120224999109973,12,10
2026-06,墨西哥,iOS,Organic,Adjust,19.185185185185187,7.703703703703703,208.06666666666666,0.09220691373847414,0.03702516999537185,14,13
2026-06,墨西哥,iOS,Organic,Background,9.777777777777779,0.8148148148148148,208.06666666666666,0.04699348499412582,0.003916123749510485,24,37
2026-06,墨西哥,iOS,Organic,Blur,8.222222222222221,4.407407407407407,208.06666666666666,0.03951724874506034,0.021182669372352168,27,18
2026-06,墨西哥,iOS,Organic,Body,33.629629629629626,22.88888888888889,208.06666666666666,0.16162910747979634,0.11000747623624907,6,4
2026-06,墨西哥,iOS,Organic,Bokeh,3.5185185185185186,0.8518518518518519,208.06666666666666,0.016910534372886185,0.004094129374488234,40,35
2026-06,墨西哥,iOS,Organic,Brighten,9.74074074074074,4.962962962962963,208.06666666666666,0.046815479369148066,0.023852753747018406,25,17
2026-06,墨西哥,iOS,Organic,Concealer,11.407407407407407,3.740740740740741,208.06666666666666,0.05482573249314678,0.01797856812275268,20,21
2026-06,墨西哥,iOS,Organic,Contour,4.074074074074074,1.8888888888888888,208.06666666666666,0.019580618747552424,0.009078286873865214,38,26
2026-06,墨西哥,iOS,Organic,Crop,10.037037037037036,7.296296296296297,208.06666666666666,0.048239524368970055,0.035067108120616614,22,14
2026-06,墨西哥,iOS,Organic,Dark Circles,9.851851851851851,6.444444444444445,208.06666666666666,0.04734949624408131,0.03097297874612838,23,16
2026-06,墨西哥,iOS,Organic,Details,5.62962962962963,2.0,208.06666666666666,0.027056854996617894,0.009612303748798462,33,25
2026-06,墨西哥,iOS,Organic,Effects,17.185185185185187,0.1111111111111111,208.06666666666666,0.08259460998967569,0.0005340168749332478,15,43
2026-06,墨西哥,iOS,Organic,Eraser,22.925925925925927,12.851851851851851,208.06666666666666,0.11018548186122683,0.06176795186727901,11,12
2026-06,墨西哥,iOS,Organic,Expression,7.555555555555555,1.6666666666666667,208.06666666666666,0.03631314749546086,0.00801025312399872,29,28
2026-06,墨西哥,iOS,Organic,Eye Brighten,4.925925925925926,2.7777777777777777,208.06666666666666,0.023674748122040654,0.013350421873331197,36,24
2026-06,墨西哥,iOS,Organic,Face,58.18518518518518,29.51851851851852,208.06666666666666,0.27964683684004416,0.1418704831072662,2,1
2026-06,墨西哥,iOS,Organic,Face Fix,7.925925925925926,1.2592592592592593,208.06666666666666,0.03809320374523835,0.006052191249243477,28,32
2026-06,墨西哥,iOS,Organic,Filters,61.55555555555556,18.037037037037038,208.06666666666666,0.2958453487130193,0.08668873936416391,1,6
2026-06,墨西哥,iOS,Organic,Flawless,0.0,0.0,208.06666666666666,0.0,0.0,45,44
2026-06,墨西哥,iOS,Organic,Glitter,6.111111111111111,0.6296296296296297,208.06666666666666,0.029370928121328632,0.0030260956246217384,31,38
2026-06,墨西哥,iOS,Organic,Glowup,13.666666666666666,3.074074074074074,208.06666666666666,0.06568407561678949,0.014774466873153192,16,22
2026-06,墨西哥,iOS,Organic,Hair,25.85185185185185,7.111111111111111,208.06666666666666,0.12424792623446901,0.03417707999572786,10,15
2026-06,墨西哥,iOS,Organic,Magic,49.666666666666664,25.48148148148148,208.06666666666666,0.2387055430951618,0.12246786998469152,3,2
2026-06,墨西哥,iOS,Organic,Makeup,33.0,17.88888888888889,208.06666666666666,0.1586030118551746,0.08597671686425291,7,7
2026-06,墨西哥,iOS,Organic,Matte,5.074074074074074,2.8518518518518516,208.06666666666666,0.024386770621951655,0.013706433123286696,35,23
2026-06,墨西哥,iOS,Organic,Muscle,5.851851851851852,1.5185185185185186,208.06666666666666,0.02812488874648439,0.007298230624087722,32,30
2026-06,墨西哥,iOS,Organic,Mykit,5.62962962962963,0.0,208.06666666666666,0.027056854996617894,0.0,33,44
2026-06,墨西哥,iOS,Organic,Plump,6.444444444444445,1.6296296296296295,208.06666666666666,0.03097297874612838,0.00783224749902097,30,29
2026-06,墨西哥,iOS,Organic,Preset,11.62962962962963,0.4074074074074074,208.06666666666666,0.05589376624301328,0.0019580618747552423,19,41
2026-06,墨西哥,iOS,Organic,Prism,2.037037037037037,0.5185185185185185,208.06666666666666,0.009790309373776212,0.00249207874968849,43,39
2026-06,墨西哥,iOS,Organic,Relight,35.55555555555556,17.0,208.06666666666666,0.17088539997863933,0.08170458186478693,5,9
2026-06,墨西哥,iOS,Organic,Reshape,32.77777777777778,22.333333333333332,208.06666666666666,0.15753497810530814,0.10733739186158282,8,5
2026-06,墨西哥,iOS,Organic,Resize,11.148148148148149,4.2592592592592595,208.06666666666666,0.05357969311830254,0.02047064687244117,21,20
2026-06,墨西哥,iOS,Organic,Skin Tone,19.59259259259259,13.444444444444445,208.06666666666666,0.09416497561322938,0.06461604186692299,13,11
2026-06,墨西哥,iOS,Organic,Smooth,31.59259259259259,24.962962962962962,208.06666666666666,0.15183879810602016,0.11997579123500303,9,3
2026-06,墨西哥,iOS,Organic,Stamp,4.111111111111111,1.037037037037037,208.06666666666666,0.01975862437253017,0.00498415749937698,37,34
2026-06,墨西哥,iOS,Organic,Teeth,9.407407407407407,1.0740740740740742,208.06666666666666,0.04521342874434832,0.0051621631243547305,26,33
2026-06,墨西哥,iOS,Organic,Text,3.0,0.2222222222222222,208.06666666666666,0.014418455623197693,0.0010680337498664956,42,42
2026-06,墨西哥,iOS,Organic,Whiten,0.0,0.0,208.06666666666666,0.0,0.0,45,44
2026-06,墨西哥,iOS,non-Organic,AI Expand,0.4444444444444444,0.2222222222222222,12.866666666666667,0.03454231433506045,0.017271157167530225,34,22
2026-06,墨西哥,iOS,non-Organic,AI Image,1.7407407407407407,0.2222222222222222,12.866666666666667,0.1352907311456534,0.017271157167530225,10,22
2026-06,墨西哥,iOS,non-Organic,AI Repair,2.6296296296296298,1.5925925925925926,12.866666666666667,0.20437535981577432,0.12377662636729994,3,1
2026-06,墨西哥,iOS,non-Organic,AI Replace,0.038461538461538464,0.0,12.866666666666667,0.002989238740534077,0.0,44,38
2026-06,墨西哥,iOS,non-Organic,AI Retouch,2.5925925925925926,0.9259259259259259,12.866666666666667,0.20149683362118595,0.07196315486470926,4,8
2026-06,墨西哥,iOS,non-Organic,AI Tattoo,0.19230769230769232,0.0,12.866666666666667,0.014946193702670387,0.0,40,38
2026-06,墨西哥,iOS,non-Organic,Acne,0.7619047619047619,0.47619047619047616,12.866666666666667,0.05921539600296077,0.03700962250185048,20,14
2026-06,墨西哥,iOS,non-Organic,Adjust,1.1851851851851851,0.4074074074074074,12.866666666666667,0.09211283822682785,0.03166378814047208,16,16
2026-06,墨西哥,iOS,non-Organic,Background,0.6296296296296297,0.1111111111111111,12.866666666666667,0.048934945308002305,0.008635578583765112,24,33
2026-06,墨西哥,iOS,non-Organic,Blur,0.2222222222222222,0.07407407407407407,12.866666666666667,0.017271157167530225,0.005757052389176741,39,35
2026-06,墨西哥,iOS,non-Organic,Body,1.9230769230769231,1.4615384615384615,12.866666666666667,0.14946193702670388,0.11359107214029493,8,2
2026-06,墨西哥,iOS,non-Organic,Bokeh,0.1111111111111111,0.037037037037037035,12.866666666666667,0.008635578583765112,0.0028785261945883703,42,37
2026-06,墨西哥,iOS,non-Organic,Brighten,0.7,0.25,12.866666666666667,0.0544041450777202,0.019430051813471502,22,20
2026-06,墨西哥,iOS,non-Organic,Concealer,0.85,0.25,12.866666666666667,0.06606217616580311,0.019430051813471502,19,20
2026-06,墨西哥,iOS,non-Organic,Contour,0.2608695652173913,0.08695652173913043,12.866666666666667,0.020274836674926786,0.006758278891642261,37,34
2026-06,墨西哥,iOS,non-Organic,Crop,0.48148148148148145,0.4444444444444444,12.866666666666667,0.037420840529648815,0.03454231433506045,33,15
2026-06,墨西哥,iOS,non-Organic,Dark Circles,0.5,0.2,12.866666666666667,0.038860103626943004,0.015544041450777202,30,26
2026-06,墨西哥,iOS,non-Organic,Details,0.7368421052631579,0.21052631578947367,12.866666666666667,0.05726752113444232,0.01636214889555495,21,24
2026-06,墨西哥,iOS,non-Organic,Effects,1.3333333333333333,0.0,12.866666666666667,0.10362694300518134,0.0,14,38
2026-06,墨西哥,iOS,non-Organic,Eraser,1.4074074074074074,0.6666666666666666,12.866666666666667,0.10938399539435809,0.05181347150259067,13,12
2026-06,墨西哥,iOS,non-Organic,Expression,0.5,0.11538461538461539,12.866666666666667,0.038860103626943004,0.008967716221602232,30,30
2026-06,墨西哥,iOS,non-Organic,Eye Brighten,0.3157894736842105,0.21052631578947367,12.866666666666667,0.02454322334333242,0.01636214889555495,36,24
2026-06,墨西哥,iOS,non-Organic,Face,3.0,1.2222222222222223,12.866666666666667,0.23316062176165803,0.09499136442141624,2,3
2026-06,墨西哥,iOS,non-Organic,Face Fix,0.6923076923076923,0.19230769230769232,12.866666666666667,0.05380629732961339,0.014946193702670387,23,27
2026-06,墨西哥,iOS,non-Organic,Filters,3.740740740740741,0.7777777777777778,12.866666666666667,0.29073114565342545,0.06044905008635579,1,9
2026-06,墨西哥,iOS,non-Organic,Flawless,0.0,0.0,12.866666666666667,0.0,0.0,45,38
2026-06,墨西哥,iOS,non-Organic,Glitter,0.5,0.11538461538461539,12.866666666666667,0.038860103626943004,0.008967716221602232,30,30
2026-06,墨西哥,iOS,non-Organic,Glowup,1.0384615384615385,0.34615384615384615,12.866666666666667,0.08070944599442009,0.026903148664806694,17,17
2026-06,墨西哥,iOS,non-Organic,Hair,2.185185185185185,0.7407407407407407,12.866666666666667,0.16983304548071387,0.05757052389176741,7,10
2026-06,墨西哥,iOS,non-Organic,Magic,2.5925925925925926,1.0,12.866666666666667,0.20149683362118595,0.07772020725388601,4,6
2026-06,墨西哥,iOS,non-Organic,Makeup,1.4814814814814814,0.7407407407407407,12.866666666666667,0.11514104778353482,0.05757052389176741,11,10
2026-06,墨西哥,iOS,non-Organic,Matte,0.34782608695652173,0.2608695652173913,12.866666666666667,0.027033115566569045,0.020274836674926786,35,19
2026-06,墨西哥,iOS,non-Organic,Muscle,0.5384615384615384,0.3076923076923077,12.866666666666667,0.04184934236747708,0.023913909924272617,27,18
2026-06,墨西哥,iOS,non-Organic,Mykit,0.5185185185185185,0.0,12.866666666666667,0.04029936672423719,0.0,29,38
2026-06,墨西哥,iOS,non-Organic,Plump,0.5925925925925926,0.14814814814814814,12.866666666666667,0.046056419113413925,0.011514104778353481,25,29
2026-06,墨西哥,iOS,non-Organic,Preset,0.9629629629629629,0.0,12.866666666666667,0.07484168105929763,0.0,18,38
2026-06,墨西哥,iOS,non-Organic,Prism,0.15384615384615385,0.038461538461538464,12.866666666666667,0.011956954962136309,0.002989238740534077,41,36
2026-06,墨西哥,iOS,non-Organic,Relight,2.3703703703703702,1.1111111111111112,12.866666666666667,0.1842256764536557,0.08635578583765112,6,5
2026-06,墨西哥,iOS,non-Organic,Reshape,1.2692307692307692,0.5769230769230769,12.866666666666667,0.09864487843762454,0.04483858110801115,15,13
2026-06,墨西哥,iOS,non-Organic,Resize,0.5384615384615384,0.15384615384615385,12.866666666666667,0.04184934236747708,0.011956954962136309,27,28
2026-06,墨西哥,iOS,non-Organic,Skin Tone,1.45,0.95,12.866666666666667,0.11269430051813471,0.07383419689119171,12,7
2026-06,墨西哥,iOS,non-Organic,Smooth,1.9,1.2,12.866666666666667,0.14766839378238342,0.09326424870466321,9,4
2026-06,墨西哥,iOS,non-Organic,Stamp,0.07692307692307693,0.0,12.866666666666667,0.005978477481068154,0.0,43,38
2026-06,墨西哥,iOS,non-Organic,Teeth,0.5769230769230769,0.11538461538461539,12.866666666666667,0.04483858110801115,0.008967716221602232,26,30
2026-06,墨西哥,iOS,non-Organic,Text,0.25925925925925924,0.0,12.866666666666667,0.020149683362118594,0.0,38,38
2026-06,墨西哥,iOS,non-Organic,Whiten,0.0,0.0,12.866666666666667,0.0,0.0,45,38
2026-06,巴西,Android,Organic,AI Expand,27.333333333333332,13.11111111111111,1593.2333333333333,0.017155888444881476,0.008229247302829326,35,26
2026-06,巴西,Android,Organic,AI Image,116.74074074074075,22.40740740740741,1593.2333333333333,0.0732728460410114,0.014064109090993624,12,21
2026-06,巴西,Android,Organic,AI Repair,80.03703703703704,36.03703703703704,1593.2333333333333,0.050235602885350776,0.022618806852126937,17,17
2026-06,巴西,Android,Organic,AI Replace,20.25925925925926,8.148148148148149,1593.2333333333333,0.01271581433516283,0.0051142214876340455,38,33
2026-06,巴西,Android,Organic,AI Retouch,292.5925925925926,106.51851851851852,1593.2333333333333,0.18364704432867707,0.06685682272016143,5,6
2026-06,巴西,Android,Organic,AI Tattoo,37.925925925925924,9.0,1593.2333333333333,0.023804376378805735,0.0056488900977048765,32,30
2026-06,巴西,Android,Organic,Acne,102.62962962962963,77.07407407407408,1593.2333333333333,0.06441594428288154,0.04837588598075658,15,13
2026-06,巴西,Android,Organic,Adjust,158.2962962962963,92.55555555555556,1593.2333333333333,0.09935537562794504,0.058092906807261264,9,8
2026-06,巴西,Android,Organic,Background,67.96296296296296,7.2592592592592595,1593.2333333333333,0.042657256499129416,0.0045563064162557855,22,36
2026-06,巴西,Android,Organic,Blur,71.0,45.629629629629626,1593.2333333333333,0.04456346632633847,0.02863964033075065,19,15
2026-06,巴西,Android,Organic,Body,116.37037037037037,67.22222222222223,1593.2333333333333,0.07304038142793713,0.042192327272980876,13,14
2026-06,巴西,Android,Organic,Bokeh,25.074074074074073,7.962962962962963,1593.2333333333333,0.0157378543051284,0.004997989181096907,36,34
2026-06,巴西,Android,Organic,Brighten,41.074074074074076,20.11111111111111,1593.2333333333333,0.02578032558993707,0.01262282848993312,31,22
2026-06,巴西,Android,Organic,Collarbone,0.0,0.0,1593.2333333333333,0.0,0.0,45,44
2026-06,巴西,Android,Organic,Concealer,60.111111111111114,27.037037037037038,1593.2333333333333,0.037729006701954795,0.016969916754422058,24,20
2026-06,巴西,Android,Organic,Contour,18.444444444444443,8.962962962962964,1593.2333333333333,0.011576737731098883,0.00562564363639745,41,31
2026-06,巴西,Android,Organic,Crop,116.07407407407408,90.92592592592592,1593.2333333333333,0.07285440973747771,0.057070062509734454,14,9
2026-06,巴西,Android,Organic,Dark Circles,43.333333333333336,29.555555555555557,1593.2333333333333,0.02719835972969015,0.01855067612332713,29,18
2026-06,巴西,Android,Organic,Details,16.185185185185187,6.185185185185185,1593.2333333333333,0.010158703591345809,0.0038821590383403886,43,38
2026-06,巴西,Android,Organic,Effects,83.81481481481481,3.2222222222222223,1593.2333333333333,0.05260674193870837,0.0020224421337461905,16,42
2026-06,巴西,Android,Organic,Eraser,152.77777777777777,83.51851851851852,1593.2333333333333,0.09589165289313833,0.05242077024824896,10,11
2026-06,巴西,Android,Organic,Expression,44.666666666666664,10.481481481481481,1593.2333333333333,0.028035232336757535,0.006578748550001976,28,29
2026-06,巴西,Android,Organic,Eye Brighten,23.11111111111111,13.851851851851851,1593.2333333333333,0.014505791855834746,0.008694176528977875,37,25
2026-06,巴西,Android,Organic,Face,314.22222222222223,135.92592592592592,1593.2333333333333,0.19722297773221473,0.08531451299825883,4,3
2026-06,巴西,Android,Organic,Face Fix,53.925925925925924,11.88888888888889,1593.2333333333333,0.033846847663614406,0.00746211407968422,26,28
2026-06,巴西,Android,Organic,Filters,382.962962962963,151.07407407407408,1593.2333333333333,0.24036840991880012,0.09482231567299668,1,2
2026-06,巴西,Android,Organic,Flawless,0.0,0.0,1593.2333333333333,0.0,0.0,45,44
2026-06,巴西,Android,Organic,Glitter,29.11111111111111,5.777777777777778,1593.2333333333333,0.018271718587637997,0.0036264479639586864,34,40
2026-06,巴西,Android,Organic,Glowup,68.14814814814815,14.074074074074074,1593.2333333333333,0.04277348880566656,0.008833655296822441,21,24
2026-06,巴西,Android,Organic,Hair,322.44444444444446,87.77777777777777,1593.2333333333333,0.20238369214246363,0.055094113298603115,2,10
2026-06,巴西,Android,Organic,Magic,314.7037037037037,166.74074074074073,1593.2333333333333,0.19752518172921127,0.10465556880603849,3,1
2026-06,巴西,Android,Organic,Makeup,204.07407407407408,110.74074074074075,1593.2333333333333,0.1280880018039254,0.06950691930920816,6,5
2026-06,巴西,Android,Organic,Matte,14.518518518518519,6.2592592592592595,1593.2333333333333,0.009112612832511571,0.003928651960955243,44,37
2026-06,巴西,Android,Organic,Muscle,42.51851851851852,12.444444444444445,1593.2333333333333,0.026686937580926745,0.007810810999295632,30,27
2026-06,巴西,Android,Organic,Mykit,31.296296296296298,0.0,1593.2333333333333,0.019643259804776218,0.0,33,44
2026-06,巴西,Android,Organic,Plump,50.7037037037037,16.51851851851852,1593.2333333333333,0.03182440552986821,0.010367921743112655,27,23
2026-06,巴西,Android,Organic,Preset,74.96296296296296,5.851851851851852,1593.2333333333333,0.047050837686233214,0.0036729408865735415,18,39
2026-06,巴西,Android,Organic,Prism,18.555555555555557,7.333333333333333,1593.2333333333333,0.011646477115021167,0.00460279933887064,40,35
2026-06,巴西,Android,Organic,Relight,167.03703703703704,78.44444444444444,1593.2333333333333,0.10484154049649792,0.04923600504913139,8,12
2026-06,巴西,Android,Organic,Reshape,182.7037037037037,132.62962962962962,1593.2333333333333,0.11467479362953974,0.08324557794189778,7,4
2026-06,巴西,Android,Organic,Resize,56.96296296296296,29.40740740740741,1593.2333333333333,0.035753057490823456,0.018457690278097415,25,19
2026-06,巴西,Android,Organic,Skin Tone,68.66666666666667,42.48148148148148,1593.2333333333333,0.04309893926397054,0.026663691119619314,20,16
2026-06,巴西,Android,Organic,Smooth,134.11111111111111,102.33333333333333,1593.2333333333333,0.08417543639419489,0.06422997259242212,11,7
2026-06,巴西,Android,Organic,Stamp,18.37037037037037,3.259259259259259,1593.2333333333333,0.011530244808484028,0.002045688595053618,42,41
2026-06,巴西,Android,Organic,Teeth,66.74074074074075,8.296296296296296,1593.2333333333333,0.04189012327598432,0.005207207332863754,23,32
2026-06,巴西,Android,Organic,Text,18.74074074074074,2.6296296296296298,1593.2333333333333,0.011762709421558304,0.0016504987528273508,39,43
2026-06,巴西,Android,Organic,Whiten,0.0,0.0,1593.2333333333333,0.0,0.0,45,44
2026-06,巴西,Android,non-Organic,AI Expand,81.25925925925925,32.333333333333336,7799.366666666667,0.010418699713984373,0.00414563575674948,37,32
2026-06,巴西,Android,non-Organic,AI Image,799.2592592592592,154.8148148148148,7799.366666666667,0.10247745662159653,0.019849664906314804,8,14
2026-06,巴西,Android,non-Organic,AI Repair,343.44444444444446,138.44444444444446,7799.366666666667,0.044034914515851,0.01775072904780018,19,17
2026-06,巴西,Android,non-Organic,AI Replace,66.51851851851852,28.88888888888889,7799.366666666667,0.008528707696588849,0.003704004456202284,41,35
2026-06,巴西,Android,non-Organic,AI Retouch,1891.7777777777778,551.2222222222222,7799.366666666667,0.24255530719730806,0.07067525425853666,3,4
2026-06,巴西,Android,non-Organic,AI Tattoo,259.51851851851853,64.96296296296296,7799.366666666667,0.03327430669821719,0.008329261302793342,23,26
2026-06,巴西,Android,non-Organic,Acne,257.5925925925926,151.74074074074073,7799.366666666667,0.033027373067803706,0.019455520842385585,26,15
2026-06,巴西,Android,non-Organic,Adjust,469.2962962962963,232.62962962962962,7799.366666666667,0.060171077518639926,0.029826733319751983,12,13
2026-06,巴西,Android,non-Organic,Background,344.6296296296296,38.96296296296296,7799.366666666667,0.04418687367302853,0.004995657292211286,18,30
2026-06,巴西,Android,non-Organic,Blur,192.4814814814815,99.48148148148148,7799.366666666667,0.024679116870363168,0.012755071755588892,30,19
2026-06,巴西,Android,non-Organic,Body,484.6296296296296,236.55555555555554,7799.366666666667,0.06213704911462421,0.030330098027902548,11,12
2026-06,巴西,Android,non-Organic,Bokeh,78.37037037037037,20.333333333333332,7799.366666666667,0.010048299268364145,0.0026070492903269922,38,38
2026-06,巴西,Android,non-Organic,Brighten,195.37037037037038,92.55555555555556,7799.366666666667,0.025049517315983396,0.011867060430832703,29,20
2026-06,巴西,Android,non-Organic,Collarbone,0.0,0.0,7799.366666666667,0.0,0.0,45,44
2026-06,巴西,Android,non-Organic,Concealer,259.44444444444446,112.81481481481481,7799.366666666667,0.03326480925089359,0.0144646122738361,24,18
2026-06,巴西,Android,non-Organic,Contour,70.77777777777777,31.59259259259259,7799.366666666667,0.009074810917695596,0.004050661283513523,40,34
2026-06,巴西,Android,non-Organic,Crop,352.77777777777777,254.4814814814815,7799.366666666667,0.04523159287862405,0.03262848028021269,17,9
2026-06,巴西,Android,non-Organic,Dark Circles,157.22222222222223,85.0,7799.366666666667,0.020158331944331663,0.010898320803825952,32,22
2026-06,巴西,Android,non-Organic,Details,55.03703703703704,18.62962962962963,7799.366666666667,0.007056603361431531,0.0023886080018842935,44,41
2026-06,巴西,Android,non-Organic,Effects,445.6296296296296,21.85185185185185,7799.366666666667,0.05713664309875113,0.002801746960460702,13,37
2026-06,巴西,Android,non-Organic,Eraser,704.074074074074,326.2962962962963,7799.366666666667,0.09027323681077618,0.04183625546043862,9,8
2026-06,巴西,Android,non-Organic,Expression,214.07407407407408,53.18518518518518,7799.366666666667,0.027447622765191287,0.006819167178341641,27,27
2026-06,巴西,Android,non-Organic,Eye Brighten,88.85185185185185,44.25925925925926,7799.366666666667,0.011392188064652923,0.005674724775848372,36,29
2026-06,巴西,Android,non-Organic,Face,1617.6666666666667,538.1481481481482,7799.366666666667,0.20741000337634252,0.06899895480592204,4,5
2026-06,巴西,Android,non-Organic,Face Fix,258.1111111111111,68.88888888888889,7799.366666666667,0.033093855199068864,0.008832626010943909,25,24
2026-06,巴西,Android,non-Organic,Filters,2081.037037037037,782.1481481481482,7799.366666666667,0.2668212851090948,0.10028354628984594,2,1
2026-06,巴西,Android,non-Organic,Flawless,0.0,0.0,7799.366666666667,0.0,0.0,45,44
2026-06,巴西,Android,non-Organic,Glitter,166.55555555555554,31.666666666666668,7799.366666666667,0.021355010307104707,0.0040601587308371195,31,33
2026-06,巴西,Android,non-Organic,Glowup,381.51851851851853,67.55555555555556,7799.366666666667,0.04891660244017914,0.008661671959119188,16,25
2026-06,巴西,Android,non-Organic,Hair,3245.4444444444443,705.5185185185185,7799.366666666667,0.4161164083123558,0.09045843703358629,1,2
2026-06,巴西,Android,non-Organic,Magic,1406.0740740740741,574.8888888888889,7799.366666666667,0.1802805450964917,0.07370968867842546,5,3
2026-06,巴西,Android,non-Organic,Makeup,867.4814814814815,370.6296296296296,7799.366666666667,0.11122460560662809,0.04752047768361058,7,7
2026-06,巴西,Android,non-Organic,Matte,58.77777777777778,19.77777777777778,7799.366666666667,0.007536224451273109,0.0025358184354000255,43,40
2026-06,巴西,Android,non-Organic,Muscle,317.48148148148147,87.51851851851852,7799.366666666667,0.04070605922893074,0.011221234012828202,20,21
2026-06,巴西,Android,non-Organic,Mykit,147.44444444444446,0.0,7799.366666666667,0.018904668897617043,0.0,33,44
2026-06,巴西,Android,non-Organic,Plump,199.14814814814815,73.48148148148148,7799.366666666667,0.025533887129486774,0.009421467745006835,28,23
2026-06,巴西,Android,non-Organic,Preset,383.44444444444446,36.48148148148148,7799.366666666667,0.04916353607059263,0.004677492806870833,15,31
2026-06,巴西,Android,non-Organic,Prism,61.22222222222222,23.666666666666668,7799.366666666667,0.007849640212951764,0.0030344344198887947,42,36
2026-06,巴西,Android,non-Organic,Relight,919.8148148148148,424.3333333333333,7799.366666666667,0.11793455214074837,0.054406126993217396,6,6
2026-06,巴西,Android,non-Organic,Reshape,486.0,241.22222222222223,7799.366666666667,0.062312751890110735,0.030928437209289075,10,11
2026-06,巴西,Android,non-Organic,Resize,120.48148148148148,48.55555555555556,7799.366666666667,0.015447598071828245,0.006225576720616916,34,28
2026-06,巴西,Android,non-Organic,Skin Tone,294.48148148148147,150.14814814814815,7799.366666666667,0.03775710183495431,0.019251325724928284,21,16
2026-06,巴西,Android,non-Organic,Smooth,410.81481481481484,241.59259259259258,7799.366666666667,0.052672842856661205,0.03097592444590705,14,10
2026-06,巴西,Android,non-Organic,Stamp,75.48148148148148,13.814814814814815,7799.366666666667,0.009677898822743917,0.0017712739258505794,39,42
2026-06,巴西,Android,non-Organic,Teeth,261.18518518518516,19.814814814814813,7799.366666666667,0.033487999262998086,0.002540567159061823,22,39
2026-06,巴西,Android,non-Organic,Text,89.85185185185185,7.592592592592593,7799.366666666667,0.011520403603521462,0.000973488350668549,35,43
2026-06,巴西,Android,non-Organic,Whiten,0.0,0.0,7799.366666666667,0.0,0.0,45,44
2026-06,巴西,iOS,Organic,AI Expand,75.5925925925926,30.814814814814813,5092.9,0.014842740401852107,0.00605054385807984,37,30
2026-06,巴西,iOS,Organic,AI Image,260.55555555555554,54.7037037037037,5092.9,0.05116054812691307,0.010741169805749908,20,25
2026-06,巴西,iOS,Organic,AI Repair,259.55555555555554,99.22222222222223,5092.9,0.050964196343057114,0.019482460331485447,21,20
2026-06,巴西,iOS,Organic,AI Replace,41.7037037037037,14.777777777777779,5092.9,0.008188596615622476,0.002901643028093577,44,37
2026-06,巴西,iOS,Organic,AI Retouch,1019.1111111111111,411.0740740740741,5092.9,0.20010428461409238,0.08071512774137998,4,7
2026-06,巴西,iOS,Organic,AI Tattoo,88.4074074074074,14.333333333333334,5092.9,0.017358952150524732,0.002814375568602041,34,38
2026-06,巴西,iOS,Organic,Acne,608.4074074074074,481.18518518518516,5092.9,0.11946187975562203,0.0944815694761698,11,6
2026-06,巴西,iOS,Organic,Adjust,595.5555555555555,293.18518518518516,5092.9,0.11693839571865844,0.05756743411125001,12,12
2026-06,巴西,iOS,Organic,Background,234.37037037037038,13.074074074074074,5092.9,0.0460190403052034,0.002567117766709355,24,39
2026-06,巴西,iOS,Organic,Blur,285.44444444444446,191.92592592592592,5092.9,0.0560475258584391,0.0376849979237617,17,14
2026-06,巴西,iOS,Organic,Body,528.4444444444445,333.962962962963,5092.9,0.10376100933543649,0.06557422351959846,13,11
2026-06,巴西,iOS,Organic,Bokeh,98.85185185185185,32.148148148148145,5092.9,0.019409737448575833,0.006312346236554448,33,29
2026-06,巴西,iOS,Organic,Brighten,171.44444444444446,92.37037037037037,5092.9,0.03366342249886008,0.018137086997657596,29,21
2026-06,巴西,iOS,Organic,Concealer,235.74074074074073,112.18518518518519,5092.9,0.04628811497196897,0.022027761233321917,23,19
2026-06,巴西,iOS,Organic,Contour,68.25925925925925,34.22222222222222,5092.9,0.01340282732024176,0.006719594380848284,38,28
2026-06,巴西,iOS,Organic,Crop,290.81481481481484,210.25925925925927,5092.9,0.05710200766062849,0.041284780627787565,16,13
2026-06,巴西,iOS,Organic,Dark Circles,227.8148148148148,187.85185185185185,5092.9,0.04473184527770324,0.036885046211755944,26,15
2026-06,巴西,iOS,Organic,Details,60.666666666666664,20.703703703703702,5092.9,0.011912008220594685,0.004065209154647392,39,34
2026-06,巴西,iOS,Organic,Effects,354.81481481481484,4.37037037037037,5092.9,0.06966852182740971,0.0008581300183334389,14,42
2026-06,巴西,iOS,Organic,Eraser,612.4074074074074,344.18518518518516,5092.9,0.12024728689104586,0.06758137508790378,10,10
2026-06,巴西,iOS,Organic,Expression,148.74074074074073,27.88888888888889,5092.9,0.029205509776500764,0.005476033083093894,30,31
2026-06,巴西,iOS,Organic,Eye Brighten,102.88888888888889,73.85185185185185,5092.9,0.02020241687229062,0.014500942852176924,31,22
2026-06,巴西,iOS,Organic,Face,1350.037037037037,556.5925925925926,5092.9,0.26508218049383203,0.10928794843656711,2,5
2026-06,巴西,iOS,Organic,Face Fix,217.37037037037038,39.55555555555556,5092.9,0.042681059979652144,0.007766803894746718,28,27
2026-06,巴西,iOS,Organic,Filters,1628.037037037037,606.4074074074074,5092.9,0.31966797640578787,0.11906917618791012,1,4
2026-06,巴西,iOS,Organic,Flawless,0.0,0.0,5092.9,0.0,0.0,45,44
2026-06,巴西,iOS,Organic,Glitter,83.03703703703704,10.333333333333334,5092.9,0.016304470348335338,0.002028968433178216,35,40
2026-06,巴西,iOS,Organic,Glowup,229.1851851851852,51.888888888888886,5092.9,0.04500091994446881,0.010188475895636845,25,26
2026-06,巴西,iOS,Organic,Hair,699.6296296296297,167.2962962962963,5092.9,0.13737352581625983,0.032848926210272404,9,16
2026-06,巴西,iOS,Organic,Magic,1245.888888888889,689.0,5092.9,0.24463250581964874,0.13528637907675392,3,2
2026-06,巴西,iOS,Organic,Makeup,734.3703703703703,362.0740740740741,5092.9,0.14419493223318156,0.07109389033243813,8,9
2026-06,巴西,iOS,Organic,Matte,53.22222222222222,22.333333333333332,5092.9,0.010450278274111454,0.0043851898394496915,40,33
2026-06,巴西,iOS,Organic,Muscle,99.92592592592592,24.11111111111111,5092.9,0.019620633809013712,0.004734259677415836,32,32
2026-06,巴西,iOS,Organic,Mykit,81.18518518518519,0.0,5092.9,0.01594085593378727,0.0,36,44
2026-06,巴西,iOS,Organic,Plump,218.44444444444446,69.48148148148148,5092.9,0.04289195634009002,0.013642812833843485,27,23
2026-06,巴西,iOS,Organic,Preset,267.55555555555554,17.925925925925927,5092.9,0.05253501061390476,0.0035197875328252916,19,36
2026-06,巴西,iOS,Organic,Prism,51.148148148148145,19.11111111111111,5092.9,0.010043030129817618,0.0037525007581360546,42,35
2026-06,巴西,iOS,Organic,Relight,797.5925925925926,380.14814814814815,5092.9,0.1566087283458526,0.07464276701842726,6,8
2026-06,巴西,iOS,Organic,Reshape,954.6666666666666,775.5555555555555,5092.9,0.18745050298781965,0.1522817168127306,5,1
2026-06,巴西,iOS,Organic,Resize,273.4074074074074,142.5185185185185,5092.9,0.053684032163876655,0.02798376534361926,18,18
2026-06,巴西,iOS,Organic,Skin Tone,257.7037037037037,153.40740740740742,5092.9,0.050600581928509046,0.030121818101161896,22,17
2026-06,巴西,iOS,Organic,Smooth,779.8518518518518,630.9629629629629,5092.9,0.1531253022544821,0.12389070332481748,7,3
2026-06,巴西,iOS,Organic,Stamp,53.22222222222222,9.62962962962963,5092.9,0.010450278274111454,0.00189079495564995,40,41
2026-06,巴西,iOS,Organic,Teeth,333.25925925925924,61.629629629629626,5092.9,0.06543605004207019,0.01210108771615968,15,24
2026-06,巴西,iOS,Organic,Text,42.0,3.962962962962963,5092.9,0.008246774921950167,0.000778134847132864,43,43
2026-06,巴西,iOS,Organic,Whiten,0.0,0.0,5092.9,0.0,0.0,45,44
2026-06,巴西,iOS,non-Organic,AI Expand,13.296296296296296,4.703703703703703,1210.4666666666667,0.010984438202590981,0.003885859754119929,36,34
2026-06,巴西,iOS,non-Organic,AI Image,129.74074074074073,43.03703703703704,1210.4666666666667,0.10718241510773316,0.035554086884152424,8,10
2026-06,巴西,iOS,non-Organic,AI Repair,61.925925925925924,25.444444444444443,1210.4666666666667,0.0511587205424293,0.021020359457325916,16,15
2026-06,巴西,iOS,non-Organic,AI Replace,8.074074074074074,3.3333333333333335,1210.4666666666667,0.006670215955890902,0.002753758880872391,41,36
2026-06,巴西,iOS,non-Organic,AI Retouch,292.51851851851853,97.62962962962963,1210.4666666666667,0.24165764045700158,0.08065453788866248,3,4
2026-06,巴西,iOS,non-Organic,AI Tattoo,40.55555555555556,8.74074074074074,1210.4666666666667,0.03350406638394742,0.00722096773206538,23,26
2026-06,巴西,iOS,non-Organic,Acne,38.51851851851852,19.62962962962963,1210.4666666666667,0.03182121373452541,0.016216580076248523,24,16
2026-06,巴西,iOS,non-Organic,Adjust,94.74074074074075,48.407407407407405,1210.4666666666667,0.07826794685857306,0.03999069841444683,11,9
2026-06,巴西,iOS,non-Organic,Background,64.37037037037037,4.814814814814815,1210.4666666666667,0.053178143721735724,0.003977651716815676,14,32
2026-06,巴西,iOS,non-Organic,Blur,28.74074074074074,15.074074074074074,1210.4666666666667,0.023743521017299724,0.012453109605722924,30,19
2026-06,巴西,iOS,non-Organic,Body,85.25925925925925,42.55555555555556,1210.4666666666667,0.07043503270853603,0.03515632171247086,12,11
2026-06,巴西,iOS,non-Organic,Bokeh,10.222222222222221,2.5925925925925926,1210.4666666666667,0.008444860568008665,0.0021418124629007484,38,39
2026-06,巴西,iOS,non-Organic,Brighten,30.74074074074074,15.148148148148149,1210.4666666666667,0.02539577634582316,0.012514304247520088,29,18
2026-06,巴西,iOS,non-Organic,Concealer,32.888888888888886,13.74074074074074,1210.4666666666667,0.027170420957940918,0.011351606053373967,28,21
2026-06,巴西,iOS,non-Organic,Contour,9.333333333333334,5.111111111111111,1210.4666666666667,0.007710524866442694,0.004222430284004332,39,30
2026-06,巴西,iOS,non-Organic,Crop,44.2962962962963,31.37037037037037,1210.4666666666667,0.036594395794704214,0.025915930801099055,20,13
2026-06,巴西,iOS,non-Organic,Dark Circles,19.814814814814813,12.481481481481481,1210.4666666666667,0.016369566680741434,0.010311297142822173,33,22
2026-06,巴西,iOS,non-Organic,Details,5.666666666666667,1.7037037037037037,1210.4666666666667,0.004681390097483065,0.0014074767613347775,44,42
2026-06,巴西,iOS,non-Organic,Effects,118.51851851851852,2.7037037037037037,1210.4666666666667,0.09791142687546278,0.002233604425596495,10,38
2026-06,巴西,iOS,non-Organic,Eraser,158.1851851851852,88.37037037037037,1210.4666666666667,0.13068115755784424,0.07300520766401693,7,7
2026-06,巴西,iOS,non-Organic,Expression,35.0,7.37037037037037,1210.4666666666667,0.028914468249160104,0.0060888668588178416,27,27
2026-06,巴西,iOS,non-Organic,Eye Brighten,11.037037037037036,5.111111111111111,1210.4666666666667,0.009118001627777471,0.004222430284004332,37,30
2026-06,巴西,iOS,non-Organic,Face,263.44444444444446,98.62962962962963,1210.4666666666667,0.21763874355161464,0.08148066555292419,4,3
2026-06,巴西,iOS,non-Organic,Face Fix,44.81481481481482,11.0,1210.4666666666667,0.037022758287284366,0.009087404306878889,19,25
2026-06,巴西,iOS,non-Organic,Filters,500.85185185185185,209.62962962962962,1210.4666666666667,0.413767570511526,0.17318083628597478,1,1
2026-06,巴西,iOS,non-Organic,Flawless,0.0,0.0,1210.4666666666667,0.0,0.0,45,44
2026-06,巴西,iOS,non-Organic,Glitter,28.296296296296298,5.407407407407407,1210.4666666666667,0.02337635316651674,0.00446720885119299,31,28
2026-06,巴西,iOS,non-Organic,Glowup,58.370370370370374,11.481481481481481,1210.4666666666667,0.04822137773616542,0.009485169478560457,18,24
2026-06,巴西,iOS,non-Organic,Hair,406.037037037037,94.03703703703704,1210.4666666666667,0.3354384290111557,0.0776865977615,2,6
2026-06,巴西,iOS,non-Organic,Magic,253.0,96.74074074074075,1210.4666666666667,0.20901029905821444,0.0799202021870965,5,5
2026-06,巴西,iOS,non-Organic,Makeup,129.74074074074073,50.111111111111114,1210.4666666666667,0.10718241510773316,0.04139817517578161,8,8
2026-06,巴西,iOS,non-Organic,Matte,7.518518518518518,2.5185185185185186,1210.4666666666667,0.00621125614241217,0.0020806178211035843,43,40
2026-06,巴西,iOS,non-Organic,Muscle,43.888888888888886,11.814814814814815,1210.4666666666667,0.036257825264819805,0.009760545366647696,21,23
2026-06,巴西,iOS,non-Organic,Mykit,22.666666666666668,0.0,1210.4666666666667,0.01872556038993226,0.0,32,44
2026-06,巴西,iOS,non-Organic,Plump,37.370370370370374,14.185185185185185,1210.4666666666667,0.03087269678666936,0.011718773904156952,25,20
2026-06,巴西,iOS,non-Organic,Preset,68.62962962962963,4.592592592592593,1210.4666666666667,0.05669683562507267,0.0037940677914241826,13,35
2026-06,巴西,iOS,non-Organic,Prism,7.851851851851852,2.925925925925926,1210.4666666666667,0.006486632030499409,0.0024171883509879876,42,37
2026-06,巴西,iOS,non-Organic,Relight,209.14814814814815,107.29629629629629,1210.4666666666667,0.17278307111429322,0.08864043864319239,6,2
2026-06,巴西,iOS,non-Organic,Reshape,58.96296296296296,26.925925925925927,1210.4666666666667,0.04871093487054273,0.022244252293269203,17,14
2026-06,巴西,iOS,non-Organic,Resize,14.0,5.407407407407407,1210.4666666666667,0.011565787299664041,0.00446720885119299,34,28
2026-06,巴西,iOS,non-Organic,Skin Tone,36.851851851851855,16.037037037037038,1210.4666666666667,0.03044433429408921,0.01324863994908606,26,17
2026-06,巴西,iOS,non-Organic,Smooth,63.407407407407405,36.18518518518518,1210.4666666666667,0.052382613378372585,0.02989358251791473,15,12
2026-06,巴西,iOS,non-Organic,Stamp,8.518518518518519,1.7407407407407407,1210.4666666666667,0.007037383806673888,0.0014380740822333596,40,41
2026-06,巴西,iOS,non-Organic,Teeth,42.592592592592595,4.777777777777778,1210.4666666666667,0.035186919033369436,0.003947054395917094,22,33
2026-06,巴西,iOS,non-Organic,Text,13.407407407407407,0.8148148148148148,1210.4666666666667,0.011076230165286726,0.0006731410597688066,35,43
2026-06,巴西,iOS,non-Organic,Whiten,0.0,0.0,1210.4666666666667,0.0,0.0,45,44
2026-06,整体,Android,Organic,AI Expand,175.25925925925927,69.11111111111111,6184.233333333334,0.028339690599092197,0.011175372497444217,38,29
2026-06,整体,Android,Organic,AI Image,676.5925925925926,110.70370370370371,6184.233333333334,0.1094060582975943,0.01790095841096504,10,22
2026-06,整体,Android,Organic,AI Repair,484.81481481481484,215.62962962962962,6184.233333333334,0.07839529795902722,0.034867641307674294,16,16
2026-06,整体,Android,Organic,AI Replace,176.7037037037037,76.11111111111111,6184.233333333334,0.02857325947765614,0.012307283216638728,37,27
2026-06,整体,Android,Organic,AI Retouch,1433.3703703703704,528.2962962962963,6184.233333333334,0.23177818382828974,0.08542632009836244,4,5
2026-06,整体,Android,Organic,AI Tattoo,179.77777777777777,36.888888888888886,6184.233333333334,0.029070341962805054,0.005964989821786945,36,39
2026-06,整体,Android,Organic,Acne,448.44444444444446,294.2962962962963,6184.233333333334,0.07251415337569914,0.047588161771003085,18,13
2026-06,整体,Android,Organic,Adjust,648.7777777777778,334.18518518518516,6184.233333333334,0.10490836014883728,0.05403825618673053,11,10
2026-06,整体,Android,Organic,Background,454.2962962962963,55.074074074074076,6184.233333333334,0.07346040678116332,0.008905562113450992,17,34
2026-06,整体,Android,Organic,Blur,361.14814814814815,170.14814814814815,6184.233333333334,0.058398208586590866,0.027513216105712075,22,17
2026-06,整体,Android,Organic,Body,505.85185185185185,273.8888888888889,6184.233333333334,0.08179701906221495,0.044288252743086814,15,15
2026-06,整体,Android,Organic,Bokeh,268.8888888888889,141.33333333333334,6184.233333333334,0.043479745086519306,0.022853816425641552,29,19
2026-06,整体,Android,Organic,Brighten,273.962962962963,139.66666666666666,6184.233333333334,0.04430023063429522,0.022584313873452378,27,20
2026-06,整体,Android,Organic,Collarbone,0.0,0.0,6184.233333333334,0.0,0.0,45,44
2026-06,整体,Android,Organic,Concealer,339.9259259259259,145.8148148148148,6184.233333333334,0.05496654275538211,0.023578478843750205,23,18
2026-06,整体,Android,Organic,Contour,140.11111111111111,64.81481481481481,6184.233333333334,0.022656181220702825,0.01048065480735658,40,30
2026-06,整体,Android,Organic,Crop,423.74074074074076,309.0,6184.233333333334,0.06851952665769523,0.049965773175871975,20,11
2026-06,整体,Android,Organic,Dark Circles,211.11111111111111,130.85185185185185,6184.233333333334,0.034136989943961436,0.021158944819651884,35,21
2026-06,整体,Android,Organic,Details,130.0,55.2962962962963,6184.233333333334,0.021021199070755198,0.008941495787076214,42,33
2026-06,整体,Android,Organic,Effects,512.5555555555555,19.85185185185185,6184.233333333334,0.08288101821657584,0.0032100748438532154,13,42
2026-06,整体,Android,Organic,Eraser,684.7037037037037,307.962962962963,6184.233333333334,0.11071763738491491,0.04979808269895427,9,12
2026-06,整体,Android,Organic,Expression,251.8148148148148,62.592592592592595,6184.233333333334,0.04071884116298136,0.010121318071104356,31,31
2026-06,整体,Android,Organic,Eye Brighten,155.33333333333334,93.62962962962963,6184.233333333334,0.025117637864030574,0.015140054487427107,39,24
2026-06,整体,Android,Organic,Face,1511.2222222222222,630.5185185185185,6184.233333333334,0.24436694748832602,0.10195580996596482,3,2
2026-06,整体,Android,Organic,Face Fix,323.7037037037037,75.62962962962963,6184.233333333334,0.052343384580740865,0.01222942692378408,25,28
2026-06,整体,Android,Organic,Filters,1847.3333333333333,553.1111111111111,6184.233333333334,0.29871662884647515,0.08943891365317895,1,3
2026-06,整体,Android,Organic,Flawless,0.0,0.0,6184.233333333334,0.0,0.0,45,44
2026-06,整体,Android,Organic,Glitter,270.77777777777777,40.851851851851855,6184.233333333334,0.04378518131233369,0.006605807001436748,28,38
2026-06,整体,Android,Organic,Glowup,388.3703703703704,105.18518518518519,6184.233333333334,0.06280008360568064,0.01700860551593868,21,23
2026-06,整体,Android,Organic,Hair,1220.9259259259259,339.1111111111111,6184.233333333334,0.19742559184257696,0.054834785952089626,5,9
2026-06,整体,Android,Organic,Magic,1566.7037037037037,769.074074074074,6184.233333333334,0.2533383880034233,0.12436045547129107,2,1
2026-06,整体,Android,Organic,Makeup,925.8518518518518,413.0740740740741,6184.233333333334,0.1497116622138856,0.06679471032368454,6,6
2026-06,整体,Android,Organic,Matte,128.44444444444446,54.81481481481482,6184.233333333334,0.020769663355378644,0.008863639494221566,43,35
2026-06,整体,Android,Organic,Muscle,213.25925925925927,57.0,6184.233333333334,0.034484348789005255,0.009216987284869587,34,32
2026-06,整体,Android,Organic,Mykit,326.962962962963,0.0,6184.233333333334,0.052870411793910804,0.0,24,44
2026-06,整体,Android,Organic,Plump,254.66666666666666,83.14814814814815,6184.233333333334,0.04117998997450505,0.013445182881437442,30,26
2026-06,整体,Android,Organic,Preset,509.037037037037,47.18518518518518,6184.233333333334,0.08231206838417648,0.007629916699755591,14,36
2026-06,整体,Android,Organic,Prism,118.48148148148148,42.592592592592595,6184.233333333334,0.01915863698784783,0.006887287444834325,44,37
2026-06,整体,Android,Organic,Relight,831.3703703703703,389.3333333333333,6184.233333333334,0.1344338619775618,0.06295579619138993,7,7
2026-06,整体,Android,Organic,Reshape,615.4444444444445,343.14814814814815,6184.233333333334,0.0995183091050539,0.05548758102294784,12,8
2026-06,整体,Android,Organic,Resize,228.88888888888889,92.48148148148148,6184.233333333334,0.037011683833979236,0.014954397173696789,32,25
2026-06,整体,Android,Organic,Skin Tone,443.44444444444446,279.74074074074076,6184.233333333334,0.07170564571913163,0.045234506148551006,19,14
2026-06,整体,Android,Organic,Smooth,727.5555555555555,532.6296296296297,6184.233333333334,0.11764684744897867,0.08612702673405428,8,4
2026-06,整体,Android,Organic,Stamp,136.55555555555554,26.814814814814813,6184.233333333334,0.022081242442699264,0.0043359966174435225,41,41
2026-06,整体,Android,Organic,Teeth,286.77777777777777,29.62962962962963,6184.233333333334,0.04637240581334972,0.004791156483363008,26,40
2026-06,整体,Android,Organic,Text,214.55555555555554,13.703703703703704,6184.233333333334,0.034693961885152384,0.0022159098735553915,33,43
2026-06,整体,Android,Organic,Whiten,0.0,0.0,6184.233333333334,0.0,0.0,45,44
2026-06,整体,Android,non-Organic,AI Expand,149.2962962962963,56.148148148148145,11421.366666666667,0.013071666522362732,0.004916062130464376,36,33
2026-06,整体,Android,non-Organic,AI Image,1238.4444444444443,214.44444444444446,11421.366666666667,0.10843224638421359,0.018775725419121862,8,17
2026-06,整体,Android,non-Organic,AI Repair,570.8888888888889,225.37037037037038,11421.366666666667,0.0499842887064498,0.019732347007833596,16,15
2026-06,整体,Android,non-Organic,AI Replace,146.2962962962963,64.55555555555556,11421.366666666667,0.012809000933597816,0.0056521743360154406,37,30
2026-06,整体,Android,non-Organic,AI Retouch,2793.4814814814813,808.8148148148148,11421.366666666667,0.24458381934574216,0.07081593984504027,3,5
2026-06,整体,Android,non-Organic,AI Tattoo,396.51851851851853,95.03703703703704,11421.366666666667,0.0347172567076198,0.008320986429268859,26,26
2026-06,整体,Android,non-Organic,Acne,396.7037037037037,214.77777777777777,11421.366666666667,0.034733470632852204,0.018804910484540183,25,16
2026-06,整体,Android,non-Organic,Adjust,656.0370370370371,287.51851851851853,11421.366666666667,0.05743945152830838,0.02517374031582781,12,13
2026-06,整体,Android,non-Organic,Background,540.1111111111111,62.333333333333336,11421.366666666667,0.04728953433282454,0.005457607233226613,18,31
2026-06,整体,Android,non-Organic,Blur,260.0740740740741,123.37037037037037,11421.366666666667,0.022770836596385787,0.01080171698982641,32,21
2026-06,整体,Android,non-Organic,Body,837.5185185185185,408.7037037037037,11421.366666666667,0.07332909825606262,0.03578413298791187,10,9
2026-06,整体,Android,non-Organic,Bokeh,125.29629629629629,31.88888888888889,11421.366666666667,0.010970341812243394,0.0027920379250196757,41,40
2026-06,整体,Android,non-Organic,Brighten,306.4074074074074,141.40740740740742,11421.366666666667,0.02682756068953284,0.012380953307462396,29,19
2026-06,整体,Android,non-Organic,Collarbone,0.0,0.0,11421.366666666667,0.0,0.0,45,44
2026-06,整体,Android,non-Organic,Concealer,449.8888888888889,193.1851851851852,11421.366666666667,0.039390109959598144,0.016914366802442078,22,18
2026-06,整体,Android,non-Organic,Contour,133.59259259259258,60.111111111111114,11421.366666666667,0.011696725662655016,0.005263040130437786,39,32
2026-06,整体,Android,non-Organic,Crop,507.8888888888889,349.0,11421.366666666667,0.04446831134238654,0.03055676349298537,19,12
2026-06,整体,Android,non-Organic,Dark Circles,239.03703703703704,121.62962962962963,11421.366666666667,0.020928934689984885,0.010649306092641829,33,22
2026-06,整体,Android,non-Organic,Details,109.62962962962963,35.925925925925924,11421.366666666667,0.00959864373758216,0.0031455014950860453,43,37
2026-06,整体,Android,non-Organic,Effects,644.0,32.111111111111114,11421.366666666667,0.05638554638820223,0.0028114946352985584,14,39
2026-06,整体,Android,non-Organic,Eraser,1089.6296296296296,479.85185185185185,11421.366666666667,0.09540273606745511,0.04201352306220083,9,8
2026-06,整体,Android,non-Organic,Expression,342.74074074074076,84.37037037037037,11421.366666666667,0.030008732820130172,0.007387064335882486,27,27
2026-06,整体,Android,non-Organic,Eye Brighten,144.0,68.77777777777777,11421.366666666667,0.012607948260716026,0.006021851831314213,38,29
2026-06,整体,Android,non-Organic,Face,2538.037037037037,871.2962962962963,11421.366666666667,0.22221833088016643,0.07628651821845281,4,3
2026-06,整体,Android,non-Organic,Face Fix,421.85185185185185,110.44444444444444,11421.366666666667,0.03693532167941243,0.00966998500860473,23,23
2026-06,整体,Android,non-Organic,Filters,2917.5555555555557,947.7407407407408,11421.366666666667,0.25544714925145173,0.08297962655438848,2,2
2026-06,整体,Android,non-Organic,Flawless,0.0,0.0,11421.366666666667,0.0,0.0,45,44
2026-06,整体,Android,non-Organic,Glitter,288.3333333333333,51.851851851851855,11421.366666666667,0.025245081586850376,0.0045398990650726435,31,35
2026-06,整体,Android,non-Organic,Glowup,570.2222222222222,107.62962962962963,11421.366666666667,0.04992591857561315,0.009423533345072215,17,24
2026-06,整体,Android,non-Organic,Hair,4412.111111111111,976.2592592592592,11421.366666666667,0.38630325423207773,0.08547657104017843,1,1
2026-06,整体,Android,non-Organic,Magic,2183.777777777778,865.5925925925926,11421.366666666667,0.19120109191058085,0.07578712932129482,5,4
2026-06,整体,Android,non-Organic,Makeup,1399.6296296296296,576.3333333333334,11421.366666666667,0.12254484690649656,0.050460978108282435,6,6
2026-06,整体,Android,non-Organic,Matte,114.44444444444444,38.74074074074074,11421.366666666667,0.01002020579362462,0.0033919531586185606,42,36
2026-06,整体,Android,non-Organic,Muscle,489.74074074074076,129.22222222222223,11421.366666666667,0.042879346669611115,0.011314077027170324,20,20
2026-06,整体,Android,non-Organic,Mykit,301.74074074074076,0.0,11421.366666666667,0.026418969773676304,0.0,30,44
2026-06,整体,Android,non-Organic,Plump,312.1111111111111,103.5925925925926,11421.366666666667,0.02732694958669083,0.009070069775005846,28,25
2026-06,整体,Android,non-Organic,Preset,601.7407407407408,54.44444444444444,11421.366666666667,0.052685528650168026,0.004766894018326275,15,34
2026-06,整体,Android,non-Organic,Prism,98.4074074074074,35.55555555555556,11421.366666666667,0.00861607986849858,0.003113073644621241,44,38
2026-06,整体,Android,non-Organic,Relight,1294.4814814814815,566.8518518518518,11421.366666666667,0.11333858015953854,0.04963082513638343,7,7
2026-06,整体,Android,non-Organic,Reshape,810.8888888888889,353.48148148148147,11421.366666666667,0.07099753580764318,0.030949140483609503,11,11
2026-06,整体,Android,non-Organic,Resize,191.11111111111111,73.22222222222223,11421.366666666667,0.01673277083983917,0.0064109860368918685,34,28
2026-06,整体,Android,non-Organic,Skin Tone,469.55555555555554,237.25925925925927,11421.366666666667,0.041112028819279264,0.020773281007753823,21,14
2026-06,整体,Android,non-Organic,Smooth,655.8148148148148,376.85185185185185,11421.366666666667,0.05741999481802949,0.03299533784793868,13,10
2026-06,整体,Android,non-Organic,Stamp,126.85185185185185,21.814814814814813,11421.366666666667,0.011106538784195574,0.0019100003923769905,40,42
2026-06,整体,Android,non-Organic,Teeth,401.6666666666667,29.74074074074074,11421.366666666667,0.035168003829080585,0.002603956392323809,24,41
2026-06,整体,Android,non-Organic,Text,173.85185185185185,12.555555555555555,11421.366666666667,0.015221633008179277,0.0010993041307568758,35,43
2026-06,整体,Android,non-Organic,Whiten,0.0,0.0,11421.366666666667,0.0,0.0,45,44
2026-06,整体,iOS,Organic,AI Expand,292.6666666666667,101.18518518518519,20280.5,0.01443093940813425,0.004989284543536165,41,34
2026-06,整体,iOS,Organic,AI Image,1697.037037037037,362.2962962962963,20280.5,0.08367826419649599,0.01786426844980628,16,23
2026-06,整体,iOS,Organic,AI Repair,1171.6666666666667,375.3703703703704,20280.5,0.057773066081539745,0.018508930764545763,19,21
2026-06,整体,iOS,Organic,AI Replace,247.66666666666666,94.18518518518519,20280.5,0.012212059203011102,0.004644125400517008,42,35
2026-06,整体,iOS,Organic,AI Retouch,5053.666666666667,1943.4074074074074,20280.5,0.24918846511016332,0.09582640503968874,4,5
2026-06,整体,iOS,Organic,AI Tattoo,434.18518518518516,73.55555555555556,20280.5,0.021408998061447457,0.0036269103599790714,35,39
2026-06,整体,iOS,Organic,Acne,1939.0740740740741,1384.6296296296296,20280.5,0.0956127350940102,0.06827393948027068,13,8
2026-06,整体,iOS,Organic,Adjust,1804.851851851852,807.3333333333334,20280.5,0.0889944454945318,0.03980835449487603,14,13
2026-06,整体,iOS,Organic,Background,1094.7777777777778,76.88888888888889,20280.5,0.05398179422488488,0.00379127185665486,21,38
2026-06,整体,iOS,Organic,Blur,791.8888888888889,452.4074074074074,20280.5,0.039046812893611546,0.022307507576608435,28,19
2026-06,整体,iOS,Organic,Body,2068.6296296296296,1227.5185185185185,20280.5,0.10200091859814253,0.06052703427028518,11,10
2026-06,整体,iOS,Organic,Bokeh,317.48148148148147,91.22222222222223,20280.5,0.015654519438942898,0.0044980262923607515,39,36
2026-06,整体,iOS,Organic,Brighten,938.0,477.037037037037,20280.5,0.046251325164566946,0.023521956413157318,24,18
2026-06,整体,iOS,Organic,Concealer,1119.4074074074074,501.3703703703704,20280.5,0.05519624306143376,0.02472179533889058,20,17
2026-06,整体,iOS,Organic,Contour,427.77777777777777,216.03703703703704,20280.5,0.021093058740059553,0.010652451223443063,36,26
2026-06,整体,iOS,Organic,Crop,807.7777777777778,562.5555555555555,20280.5,0.03983026936109947,0.02773874192231728,27,15
2026-06,整体,iOS,Organic,Dark Circles,762.4444444444445,546.5185185185185,20280.5,0.037594953006308746,0.026947980499421535,29,16
2026-06,整体,iOS,Organic,Details,407.2962962962963,135.14814814814815,20280.5,0.02008314865492943,0.006663945570777256,37,30
2026-06,整体,iOS,Organic,Effects,2170.962962962963,29.11111111111111,20280.5,0.10704681654608925,0.0014354237376352215,10,42
2026-06,整体,iOS,Organic,Eraser,1980.4814814814815,1004.6666666666666,20280.5,0.0976544701304939,0.04953855509808272,12,11
2026-06,整体,iOS,Organic,Expression,607.0,118.07407407407408,20280.5,0.02993022854466113,0.0058220494600268275,31,31
2026-06,整体,iOS,Organic,Eye Brighten,492.25925925925924,318.55555555555554,20280.5,0.02427254058131009,0.01570748036564954,33,24
2026-06,整体,iOS,Organic,Face,5706.407407407408,2486.5185185185187,20280.5,0.28137409863698665,0.12260637156473059,2,1
2026-06,整体,iOS,Organic,Face Fix,988.8888888888889,167.03703703703704,20280.5,0.048760577347150655,0.008236337222308968,23,28
2026-06,整体,iOS,Organic,Filters,7235.518518518518,1927.8148148148148,20280.5,0.35677219587872677,0.09505755848301643,1,6
2026-06,整体,iOS,Organic,Flawless,0.0,0.0,20280.5,0.0,0.0,45,44
2026-06,整体,iOS,Organic,Glitter,561.0370370370371,85.14814814814815,20280.5,0.027663866129387198,0.004198523120640426,32,37
2026-06,整体,iOS,Organic,Glowup,1483.5555555555557,444.25925925925924,20280.5,0.07315182345383771,0.02190573502917873,18,20
2026-06,整体,iOS,Organic,Hair,2992.4814814814813,735.5555555555555,20280.5,0.14755462052126334,0.036269103599790714,8,14
2026-06,整体,iOS,Organic,Magic,5130.2962962962965,2459.925925925926,20280.5,0.25296695329485447,0.12129513206902819,3,2
2026-06,整体,iOS,Organic,Makeup,3042.740740740741,1265.3703703703704,20280.5,0.15003282664336387,0.06239345037698136,6,9
2026-06,整体,iOS,Organic,Matte,370.55555555555554,172.77777777777777,20280.5,0.018271519713791845,0.008519404244361716,38,27
2026-06,整体,iOS,Organic,Muscle,476.14814814814815,112.81481481481481,20280.5,0.023478126680710445,0.005562723543049472,34,32
2026-06,整体,iOS,Organic,Mykit,661.7037037037037,0.0,20280.5,0.03262758332899601,0.0,30,44
2026-06,整体,iOS,Organic,Plump,903.2592592592592,286.55555555555554,20280.5,0.04453831312143484,0.01412960999756197,25,25
2026-06,整体,iOS,Organic,Preset,1789.0740740740741,106.51851851851852,20280.5,0.08821646774359972,0.005252262938217426,15,33
2026-06,整体,iOS,Organic,Prism,183.5185185185185,52.96296296296296,20280.5,0.009049013511428146,0.0026115215582930874,44,40
2026-06,整体,iOS,Organic,Relight,4915.0,2453.703703703704,20280.5,0.24235102684845047,0.12098832394190005,5,3
2026-06,整体,iOS,Organic,Reshape,2467.8888888888887,1696.888888888889,20280.5,0.12168777342219811,0.08367095924108818,9,7
2026-06,整体,iOS,Organic,Resize,840.6296296296297,375.25925925925924,20280.5,0.04145014322278197,0.018503452047989904,26,22
2026-06,整体,iOS,Organic,Skin Tone,1546.8148148148148,958.9629629629629,20280.5,0.07627103941297378,0.04728497635477246,17,12
2026-06,整体,iOS,Organic,Smooth,2993.1481481481483,2234.6296296296296,20280.5,0.14758749282059852,0.1101861211325968,7,4
2026-06,整体,iOS,Organic,Stamp,223.7037037037037,44.0,20280.5,0.011030482665797377,0.0021695717561204114,43,41
2026-06,整体,iOS,Organic,Teeth,993.8148148148148,166.55555555555554,20280.5,0.04900346711446043,0.008212596117233576,22,29
2026-06,整体,iOS,Organic,Text,308.3703703703704,20.0,20280.5,0.01520526468136241,0.0009861689800547324,40,43
2026-06,整体,iOS,Organic,Whiten,0.0,0.0,20280.5,0.0,0.0,45,44
2026-06,整体,iOS,non-Organic,AI Expand,74.07407407407408,28.296296296296298,6024.7,0.012295064330850345,0.0046967145743848325,40,35
2026-06,整体,iOS,non-Organic,AI Image,499.77777777777777,108.96296296296296,6024.7,0.08295479904024727,0.018086039630680856,13,18
2026-06,整体,iOS,non-Organic,AI Repair,321.48148148148147,107.5925925925926,6024.7,0.053360579195890497,0.01785858094056013,19,20
2026-06,整体,iOS,non-Organic,AI Replace,71.5925925925926,30.962962962962962,6024.7,0.01188317967576686,0.0051393368902954446,41,34
2026-06,整体,iOS,non-Organic,AI Retouch,1525.851851851852,466.81481481481484,6024.7,0.25326603015118626,0.07748349541301888,4,5
2026-06,整体,iOS,non-Organic,AI Tattoo,195.37037037037038,41.2962962962963,6024.7,0.03242823217261779,0.006854498364449068,27,30
2026-06,整体,iOS,non-Organic,Acne,332.18518518518516,185.96296296296296,6024.7,0.05513721599169837,0.030866759002599792,18,13
2026-06,整体,iOS,non-Organic,Adjust,374.77777777777777,150.11111111111111,6024.7,0.062206877981937324,0.024915947866468224,16,14
2026-06,整体,iOS,non-Organic,Background,299.85185185185185,26.037037037037038,6024.7,0.0497704204112822,0.004321715112293897,20,37
2026-06,整体,iOS,non-Organic,Blur,144.4814814814815,71.07407407407408,6024.7,0.023981522977323602,0.011797114225450907,33,24
2026-06,整体,iOS,non-Organic,Body,635.8148148148148,339.0740740740741,6024.7,0.10553468468385394,0.056280656974467456,8,8
2026-06,整体,iOS,non-Organic,Bokeh,52.666666666666664,11.333333333333334,6024.7,0.008741790739234595,0.001881144842620103,42,39
2026-06,整体,iOS,non-Organic,Brighten,222.77777777777777,109.37037037037037,6024.7,0.036977405975032414,0.018153662484500534,25,17
2026-06,整体,iOS,non-Organic,Concealer,259.48148148148147,107.62962962962963,6024.7,0.043069610350968755,0.017864728472725553,24,19
2026-06,整体,iOS,non-Organic,Contour,95.55555555555556,45.111111111111114,6024.7,0.015860632986796946,0.007487694177487861,37,28
2026-06,整体,iOS,non-Organic,Crop,182.11111111111111,121.37037037037037,6024.7,0.030227415657395576,0.02014546290609829,29,16
2026-06,整体,iOS,non-Organic,Dark Circles,156.62962962962962,88.92592592592592,6024.7,0.025997913527583055,0.014760224729185839,32,21
2026-06,整体,iOS,non-Organic,Details,96.33333333333333,31.25925925925926,6024.7,0.015989731162270874,0.005188517147618846,36,32
2026-06,整体,iOS,non-Organic,Effects,536.0370370370371,10.296296296296296,6024.7,0.08897323303019852,0.0017090139419881978,10,41
2026-06,整体,iOS,non-Organic,Eraser,520.5185185185185,258.3703703703704,6024.7,0.08639741705288537,0.042885184386006005,12,10
2026-06,整体,iOS,non-Organic,Expression,188.8148148148148,41.592592592592595,6024.7,0.03134011897933753,0.006903678621772469,28,29
2026-06,整体,iOS,non-Organic,Eye Brighten,108.14814814814815,57.03703703703704,6024.7,0.017950793923041504,0.009467199534754766,35,26
2026-06,整体,iOS,non-Organic,Face,1554.1851851851852,637.2592592592592,6024.7,0.2579688922577365,0.10577443843830552,3,1
2026-06,整体,iOS,non-Organic,Face Fix,295.962962962963,56.2962962962963,6024.7,0.04912492953391256,0.009344248891446263,21,27
2026-06,整体,iOS,non-Organic,Filters,1937.5925925925926,545.1851851851852,6024.7,0.32160814523421793,0.09049167347505854,1,3
2026-06,整体,iOS,non-Organic,Flawless,0.0,0.0,6024.7,0.0,0.0,45,44
2026-06,整体,iOS,non-Organic,Glitter,141.03703703703704,27.74074074074074,6024.7,0.023409802485939057,0.004604501591903455,34,36
2026-06,整体,iOS,non-Organic,Glowup,532.5925925925926,135.11111111111111,6024.7,0.08840151253881398,0.02242619733947103,11,15
2026-06,整体,iOS,non-Organic,Hair,1725.2222222222222,402.037037037037,6024.7,0.28635819579766997,0.06673146165569024,2,6
2026-06,整体,iOS,non-Organic,Magic,1254.0740740740741,501.3333333333333,6024.7,0.20815543912129636,0.08321299539119513,6,4
2026-06,整体,iOS,non-Organic,Makeup,751.7777777777778,271.7037037037037,6024.7,0.12478260789380016,0.04509829596555907,7,9
2026-06,整体,iOS,non-Organic,Matte,83.44444444444444,38.03703703703704,6024.7,0.013850389968702914,0.006313515533891653,38,31
2026-06,整体,iOS,non-Organic,Muscle,283.4074074074074,83.5925925925926,6024.7,0.04704091612983342,0.013874980097364615,22,22
2026-06,整体,iOS,non-Organic,Mykit,158.33333333333334,0.0,6024.7,0.026280700007192615,0.0,31,44
2026-06,整体,iOS,non-Organic,Plump,210.7037037037037,66.70370370370371,6024.7,0.03497331048910381,0.011071705429930736,26,25
2026-06,整体,iOS,non-Organic,Preset,409.1111111111111,23.296296296296298,6024.7,0.06790564029928646,0.003866797732052434,15,38
2026-06,整体,iOS,non-Organic,Prism,36.2962962962963,10.703703703703704,6024.7,0.0060245815221166696,0.001776636795807875,44,40
2026-06,整体,iOS,non-Organic,Relight,1260.148148148148,609.1481481481482,6024.7,0.20916363439642605,0.10110846152474781,5,2
2026-06,整体,iOS,non-Organic,Reshape,496.6296296296296,247.03703703703704,6024.7,0.08243225880618614,0.041004039543385905,14,11
2026-06,整体,iOS,non-Organic,Resize,176.66666666666666,73.44444444444444,6024.7,0.029323728429078072,0.012190556284038118,30,23
2026-06,整体,iOS,non-Organic,Skin Tone,365.81481481481484,206.5185185185185,6024.7,0.060719175197904436,0.034278639354410764,17,12
2026-06,整体,iOS,non-Organic,Smooth,559.8518518518518,356.51851851851853,6024.7,0.09292609621256691,0.05917614462438271,9,7
2026-06,整体,iOS,non-Organic,Stamp,46.629629629629626,10.222222222222221,6024.7,0.007739742996270292,0.0016967188776573475,43,42
2026-06,整体,iOS,non-Organic,Teeth,275.55555555555554,31.14814814814815,6024.7,0.04573763931076328,0.0051700745511225705,23,33
2026-06,整体,iOS,non-Organic,Text,79.22222222222223,4.518518518518518,6024.7,0.013149571301844446,0.000749998924181871,39,43
2026-06,整体,iOS,non-Organic,Whiten,0.0,0.0,6024.7,0.0,0.0,45,44
2026-06,美国,Android,Organic,AI Expand,8.074074074074074,3.5185185185185186,447.6,0.018038592658789262,0.007860854599013669,41,33
2026-06,美国,Android,Organic,AI Image,33.18518518518518,5.037037037037037,447.6,0.07414027074438155,0.0112534339522722,10,25
2026-06,美国,Android,Organic,AI Repair,24.14814814814815,11.11111111111111,447.6,0.05395028630059908,0.02482375136530632,18,16
2026-06,美国,Android,Organic,AI Replace,9.62962962962963,4.592592592592593,447.6,0.021513917849932146,0.010260483897659947,37,28
2026-06,美国,Android,Organic,AI Retouch,89.74074074074075,33.333333333333336,447.6,0.20049316519379076,0.07447125409591898,3,3
2026-06,美国,Android,Organic,AI Tattoo,9.11111111111111,2.3333333333333335,447.6,0.020355476119551186,0.005212987786714329,39,38
2026-06,美国,Android,Organic,Acne,23.296296296296298,15.333333333333334,447.6,0.05204713202925893,0.03425677688412273,19,13
2026-06,美国,Android,Organic,Adjust,27.296296296296298,14.25925925925926,447.6,0.0609836825207692,0.03185714758547645,13,15
2026-06,美国,Android,Organic,Background,22.22222222222222,4.555555555555555,447.6,0.04964750273061264,0.010177738059775593,21,29
2026-06,美国,Android,Organic,Blur,12.703703703703704,7.148148148148148,447.6,0.028381822394333563,0.0159699467116804,29,20
2026-06,美国,Android,Organic,Body,27.88888888888889,15.666666666666666,447.6,0.06230761592691887,0.03500148942508192,12,11
2026-06,美国,Android,Organic,Bokeh,7.888888888888889,3.2962962962962963,447.6,0.01762486346936749,0.007364379571707542,42,35
2026-06,美国,Android,Organic,Brighten,14.518518518518519,7.62962962962963,447.6,0.03243636845066693,0.01704564260417701,26,19
2026-06,美国,Android,Organic,Concealer,22.37037037037037,9.037037037037036,447.6,0.04997848608215007,0.020189984443782474,20,17
2026-06,美国,Android,Organic,Contour,9.296296296296296,4.296296296296297,447.6,0.020769205308972957,0.009598517194585113,38,31
2026-06,美国,Android,Organic,Crop,24.62962962962963,19.555555555555557,447.6,0.055025982193095686,0.04368980240293913,15,9
2026-06,美国,Android,Organic,Dark Circles,11.777777777777779,7.7407407407407405,447.6,0.026313176447224706,0.017293880117830073,32,18
2026-06,美国,Android,Organic,Details,9.851851851851851,4.777777777777778,447.6,0.022010392877238272,0.010674213087081719,36,26
2026-06,美国,Android,Organic,Effects,26.0,2.0,447.6,0.058087578194816795,0.004468275245755138,14,40
2026-06,美国,Android,Organic,Eraser,38.148148148148145,17.444444444444443,447.6,0.08522821302088504,0.038973289643530924,9,10
2026-06,美国,Android,Organic,Expression,13.703703703703704,4.407407407407407,447.6,0.030615960017211133,0.009846754708238176,27,30
2026-06,美国,Android,Organic,Eye Brighten,10.814814814814815,6.518518518518518,447.6,0.024161784662231487,0.014563267467646376,35,22
2026-06,美国,Android,Organic,Face,88.62962962962963,38.333333333333336,447.6,0.1980107900572601,0.08564194221030683,4,2
2026-06,美国,Android,Organic,Face Fix,18.85185185185185,5.666666666666667,447.6,0.042117631483136395,0.012660113196306225,24,24
2026-06,美国,Android,Organic,Filters,94.5925925925926,30.11111111111111,447.6,0.2113328699566412,0.06727236619998013,1,4
2026-06,美国,Android,Organic,Flawless,0.0,0.0,447.6,0.0,0.0,45,44
2026-06,美国,Android,Organic,Glitter,12.222222222222221,2.185185185185185,447.6,0.027306126501836954,0.00488200443517691,31,39
2026-06,美国,Android,Organic,Glowup,22.14814814814815,6.888888888888889,447.6,0.04948201105484394,0.015390725846489922,22,21
2026-06,美国,Android,Organic,Hair,64.33333333333333,21.037037037037038,447.6,0.1437295204051236,0.04699963591831331,5,7
2026-06,美国,Android,Organic,Magic,94.33333333333333,48.0,447.6,0.21075364909145067,0.10723860589812331,2,1
2026-06,美国,Android,Organic,Makeup,55.370370370370374,27.555555555555557,447.6,0.12370502763710986,0.06156290338595969,6,6
2026-06,美国,Android,Organic,Matte,8.333333333333334,3.5555555555555554,447.6,0.018617813523979745,0.007943600436898023,40,32
2026-06,美国,Android,Organic,Muscle,11.0,3.185185185185185,447.6,0.024575513851653262,0.007116142058054479,34,36
2026-06,美国,Android,Organic,Mykit,18.444444444444443,0.0,447.6,0.0412074272664085,0.0,25,44
2026-06,美国,Android,Organic,Plump,13.703703703703704,4.777777777777778,447.6,0.030615960017211133,0.010674213087081719,27,26
2026-06,美国,Android,Organic,Preset,24.444444444444443,3.3703703703703702,447.6,0.05461225300367391,0.007529871247476251,16,34
2026-06,美国,Android,Organic,Prism,5.111111111111111,1.5925925925925926,447.6,0.011418925628040907,0.0035580710290272397,44,42
2026-06,美国,Android,Organic,Relight,41.074074074074076,19.62962962962963,447.6,0.09176513421374904,0.04385529407870784,7,8
2026-06,美国,Android,Organic,Reshape,29.185185185185187,15.518518518518519,447.6,0.06520372025287129,0.0346705060735445,11,12
2026-06,美国,Android,Organic,Resize,12.703703703703704,6.111111111111111,447.6,0.028381822394333563,0.013653063250918477,29,23
2026-06,美国,Android,Organic,Skin Tone,24.296296296296298,14.481481481481481,447.6,0.0542812696521365,0.03235362261278257,17,14
2026-06,美国,Android,Organic,Smooth,39.7037037037037,29.703703703703702,447.6,0.08870353821202792,0.06636216198325223,8,5
2026-06,美国,Android,Organic,Stamp,6.333333333333333,1.7407407407407407,447.6,0.014149538278224605,0.0038890543805646573,43,41
2026-06,美国,Android,Organic,Teeth,20.77777777777778,2.7777777777777777,447.6,0.046420415053122825,0.00620593784132658,23,37
2026-06,美国,Android,Organic,Text,11.518518518518519,1.1851851851851851,447.6,0.025733955582034222,0.002647866812299341,33,43
2026-06,美国,Android,Organic,Whiten,0.0,0.0,447.6,0.0,0.0,45,44
2026-06,美国,Android,non-Organic,AI Expand,5.074074074074074,1.3703703703703705,272.43333333333334,0.018625011895536794,0.005030112701714317,41,37
2026-06,美国,Android,non-Organic,AI Image,23.59259259259259,2.814814814814815,272.43333333333334,0.08659950786464918,0.010332123387305082,13,31
2026-06,美国,Android,non-Organic,AI Repair,22.074074074074073,10.11111111111111,272.43333333333334,0.08102559919518196,0.037114074799135366,16,15
2026-06,美国,Android,non-Organic,AI Replace,7.037037037037037,3.2222222222222223,272.43333333333334,0.02583030846826271,0.011827562298625556,36,30
2026-06,美国,Android,non-Organic,AI Retouch,70.81481481481481,26.85185185185185,272.43333333333334,0.25993447258588576,0.09856301915521296,3,4
2026-06,美国,Android,non-Organic,AI Tattoo,6.222222222222222,1.1481481481481481,272.43333333333334,0.022839430645621762,0.004214418750084968,39,39
2026-06,美国,Android,non-Organic,Acne,20.40740740740741,14.11111111111111,272.43333333333334,0.07490789455796186,0.051796565928463635,19,12
2026-06,美国,Android,non-Organic,Adjust,21.333333333333332,8.407407407407407,272.43333333333334,0.07830661935641747,0.03086042116997702,17,16
2026-06,美国,Android,non-Organic,Background,15.666666666666666,2.5185185185185186,272.43333333333334,0.05750642358986908,0.009244531451799286,24,34
2026-06,美国,Android,non-Organic,Blur,11.851851851851851,6.444444444444445,272.43333333333334,0.04350367742023192,0.023655124597251113,27,21
2026-06,美国,Android,non-Organic,Body,28.22222222222222,15.925925925925926,272.43333333333334,0.10359313185692727,0.05845806653343665,10,7
2026-06,美国,Android,non-Organic,Bokeh,4.925925925925926,1.0,272.43333333333334,0.018081215927783893,0.003670622782332069,42,40
2026-06,美国,Android,non-Organic,Brighten,15.407407407407407,8.037037037037036,272.43333333333334,0.056554780646301504,0.029500931250594775,25,18
2026-06,美国,Android,non-Organic,Concealer,20.444444444444443,8.148148148148149,272.43333333333334,0.07504384354990007,0.029908778226409454,18,17
2026-06,美国,Android,non-Organic,Contour,9.37037037037037,3.7037037037037037,272.43333333333334,0.03439509496037087,0.013594899193822478,33,27
2026-06,美国,Android,non-Organic,Crop,17.48148148148148,14.481481481481481,272.43333333333334,0.06416792419484209,0.053156055847845884,21,11
2026-06,美国,Android,non-Organic,Dark Circles,10.148148148148149,6.814814814814815,272.43333333333334,0.03725002379107359,0.02501461451663336,32,20
2026-06,美国,Android,non-Organic,Details,11.148148148148149,4.518518518518518,272.43333333333334,0.04092064657340566,0.01658577701646342,29,25
2026-06,美国,Android,non-Organic,Effects,24.74074074074074,1.3333333333333333,272.43333333333334,0.09081392661473416,0.004894163709776092,12,38
2026-06,美国,Android,non-Organic,Eraser,28.185185185185187,14.703703703703704,272.43333333333334,0.10345718286498906,0.053971749799475235,11,10
2026-06,美国,Android,non-Organic,Expression,10.88888888888889,4.037037037037037,272.43333333333334,0.03996900362983809,0.0148184401212665,30,26
2026-06,美国,Android,non-Organic,Eye Brighten,8.37037037037037,5.814814814814815,272.43333333333334,0.030724472178038798,0.02134399173430129,34,24
2026-06,美国,Android,non-Organic,Face,74.4074074074074,35.77777777777778,272.43333333333334,0.27312152480389357,0.13132672621232513,1,1
2026-06,美国,Android,non-Organic,Face Fix,19.48148148148148,6.074074074074074,272.43333333333334,0.07150916975950623,0.022295634677868863,20,22
2026-06,美国,Android,non-Organic,Filters,66.25925925925925,22.40740740740741,272.43333333333334,0.2432127465774841,0.08224914012262599,4,5
2026-06,美国,Android,non-Organic,Flawless,0.0,0.0,272.43333333333334,0.0,0.0,45,44
2026-06,美国,Android,non-Organic,Glitter,7.037037037037037,1.4074074074074074,272.43333333333334,0.02583030846826271,0.005166061693652541,36,36
2026-06,美国,Android,non-Organic,Glowup,22.444444444444443,7.777777777777778,272.43333333333334,0.08238508911456421,0.0285492883070272,15,19
2026-06,美国,Android,non-Organic,Hair,46.592592592592595,14.925925925925926,272.43333333333334,0.1710238318582868,0.054787443751104586,5,9
2026-06,美国,Android,non-Organic,Magic,73.4074074074074,35.666666666666664,272.43333333333334,0.2694509020215615,0.13091887923651044,2,2
2026-06,美国,Android,non-Organic,Makeup,37.55555555555556,18.925925925925927,272.43333333333334,0.13785227782535994,0.06946993488043286,7,6
2026-06,美国,Android,non-Organic,Matte,7.037037037037037,3.5185185185185186,272.43333333333334,0.02583030846826271,0.012915154234131355,36,29
2026-06,美国,Android,non-Organic,Muscle,7.333333333333333,2.740740740740741,272.43333333333334,0.026917900403768506,0.010060225403428633,35,32
2026-06,美国,Android,non-Organic,Mykit,10.88888888888889,0.0,272.43333333333334,0.03996900362983809,0.0,30,44
2026-06,美国,Android,non-Organic,Plump,12.037037037037036,3.5555555555555554,272.43333333333334,0.04418342237992305,0.013051103226069578,26,28
2026-06,美国,Android,non-Organic,Preset,17.22222222222222,1.8148148148148149,272.43333333333334,0.06321628125127451,0.006661500604973014,22,35
2026-06,美国,Android,non-Organic,Prism,3.074074074074074,0.8518518518518519,272.43333333333334,0.011283766330872656,0.00312682681457917,44,41
2026-06,美国,Android,non-Organic,Relight,28.444444444444443,13.296296296296296,272.43333333333334,0.10440882580855662,0.04880568810582269,9,14
2026-06,美国,Android,non-Organic,Reshape,29.37037037037037,15.222222222222221,272.43333333333334,0.10780755060701225,0.05587503568661038,8,8
2026-06,美国,Android,non-Organic,Resize,11.37037037037037,5.851851851851852,272.43333333333334,0.041736340525035005,0.021479940726239516,28,23
2026-06,美国,Android,non-Organic,Skin Tone,23.296296296296298,13.74074074074074,272.43333333333334,0.0855119159291434,0.05043707600908139,14,13
2026-06,美国,Android,non-Organic,Smooth,39.370370370370374,29.62962962962963,272.43333333333334,0.14451377843033295,0.10875919355057982,6,3
2026-06,美国,Android,non-Organic,Stamp,3.4814814814814814,0.6666666666666666,272.43333333333334,0.012779205242193128,0.002447081854888046,43,43
2026-06,美国,Android,non-Organic,Teeth,16.296296296296298,2.5925925925925926,272.43333333333334,0.05981755645281891,0.009516429435675735,23,33
2026-06,美国,Android,non-Organic,Text,5.111111111111111,0.8518518518518519,272.43333333333334,0.018760960887475017,0.00312682681457917,40,41
2026-06,美国,Android,non-Organic,Whiten,0.0,0.0,272.43333333333334,0.0,0.0,45,44
2026-06,美国,iOS,Organic,AI Expand,37.7037037037037,12.962962962962964,3470.4333333333334,0.010864263935446207,0.003735257738120013,42,37
2026-06,美国,iOS,Organic,AI Image,217.8148148148148,33.0,3470.4333333333334,0.06276300216538228,0.009508898984756946,19,28
2026-06,美国,iOS,Organic,AI Repair,174.59259259259258,55.666666666666664,3470.4333333333334,0.05030858564999354,0.01604026394398394,24,23
2026-06,美国,iOS,Organic,AI Replace,44.55555555555556,18.666666666666668,3470.4333333333334,0.012838614454166787,0.005378771142892818,39,33
2026-06,美国,iOS,Organic,AI Retouch,873.5925925925926,300.48148148148147,3470.4333333333334,0.25172435505439067,0.08658327436962189,3,5
2026-06,美国,iOS,Organic,AI Tattoo,75.81481481481481,11.592592592592593,3470.4333333333334,0.021845921685519045,0.0033403876343758975,37,38
2026-06,美国,iOS,Organic,Acne,316.51851851851853,223.74074074074073,3470.4333333333334,0.09120432179992466,0.06447054855995142,11,9
2026-06,美国,iOS,Organic,Adjust,240.88888888888889,97.74074074074075,3470.4333333333334,0.06941176093923589,0.028163843345424898,17,14
2026-06,美国,iOS,Organic,Background,181.66666666666666,16.185185185185187,3470.4333333333334,0.05234696915851046,0.0046637360901669875,23,34
2026-06,美国,iOS,Organic,Blur,124.74074074074075,70.0,3470.4333333333334,0.03594385160568058,0.02017039178584807,28,21
2026-06,美国,iOS,Organic,Body,403.7037037037037,235.7037037037037,3470.4333333333334,0.11632659813002325,0.06791765784398789,10,8
2026-06,美国,iOS,Organic,Bokeh,38.74074074074074,7.666666666666667,3470.4333333333334,0.011163084554495809,0.002209138147973836,41,39
2026-06,美国,iOS,Organic,Brighten,183.8148148148148,93.22222222222223,3470.4333333333334,0.05296595472654178,0.026861839219565923,22,15
2026-06,美国,iOS,Organic,Concealer,213.74074074074073,92.33333333333333,3470.4333333333334,0.06158906401911598,0.026605707260380546,20,16
2026-06,美国,iOS,Organic,Contour,79.22222222222223,36.96296296296296,3470.4333333333334,0.02282776086239631,0.010650820636125064,35,27
2026-06,美国,iOS,Organic,Crop,117.88888888888889,86.88888888888889,3470.4333333333334,0.03396950108696,0.02503689901037014,29,18
2026-06,美国,iOS,Organic,Dark Circles,127.18518518518519,86.51851851851852,3470.4333333333334,0.036648214493440356,0.02493017736070957,27,19
2026-06,美国,iOS,Organic,Details,91.25925925925925,28.74074074074074,3470.4333333333334,0.026296214476364887,0.008281600013660372,34,30
2026-06,美国,iOS,Organic,Effects,315.0,4.777777777777778,3470.4333333333334,0.09076676303631631,0.001376709280621376,12,42
2026-06,美国,iOS,Organic,Eraser,308.6666666666667,162.44444444444446,3470.4333333333334,0.08894182282712054,0.046808115541126794,13,12
2026-06,美国,iOS,Organic,Expression,100.07407407407408,21.74074074074074,3470.4333333333334,0.0288361897382865,0.006264560835075564,30,32
2026-06,美国,iOS,Organic,Eye Brighten,94.29629629629629,60.333333333333336,3470.4333333333334,0.027171332003581575,0.017384956729707145,33,22
2026-06,美国,iOS,Organic,Face,975.8148148148148,443.037037037037,3470.4333333333334,0.2811795303607085,0.12766043732397597,2,1
2026-06,美国,iOS,Organic,Face Fix,198.74074074074073,29.296296296296298,3470.4333333333334,0.05726683720786282,0.008441682488151228,21,29
2026-06,美国,iOS,Organic,Filters,980.0,288.9259259259259,3470.4333333333334,0.28238548500187294,0.08325355890021205,1,6
2026-06,美国,iOS,Organic,Flawless,0.0,0.0,3470.4333333333334,0.0,0.0,45,44
2026-06,美国,iOS,Organic,Glitter,75.25925925925925,13.11111111111111,3470.4333333333334,0.021685839211028186,0.0037779463979842414,38,36
2026-06,美国,iOS,Organic,Glowup,302.81481481481484,91.37037037037037,3470.4333333333334,0.0872556207624835,0.02632823097126306,14,17
2026-06,美国,iOS,Organic,Hair,534.7777777777778,134.4814814814815,3470.4333333333334,0.15409538994489963,0.038750630991753625,6,13
2026-06,美国,iOS,Organic,Magic,831.0370370370371,387.44444444444446,3470.4333333333334,0.23946203750839098,0.11164151770992416,4,3
2026-06,美国,iOS,Organic,Makeup,503.77777777777777,211.22222222222223,3470.4333333333334,0.14516278786830975,0.060863356801424094,8,10
2026-06,美国,iOS,Organic,Matte,76.18518518518519,39.48148148148148,3470.4333333333334,0.021952643335179618,0.011376527853816952,36,26
2026-06,美国,iOS,Organic,Muscle,97.25925925925925,25.62962962962963,3470.4333333333334,0.02802510520086615,0.007385138156511568,31,31
2026-06,美国,iOS,Organic,Mykit,95.48148148148148,0.0,3470.4333333333334,0.02751284128249541,0.0,32,44
2026-06,美国,iOS,Organic,Plump,143.1851851851852,41.7037037037037,3470.4333333333334,0.04125858975877705,0.012016857751780383,26,25
2026-06,美国,iOS,Organic,Preset,257.0740740740741,13.407407407407407,3470.4333333333334,0.07407549702940289,0.0038633237177126984,16,35
2026-06,美国,iOS,Organic,Prism,23.555555555555557,6.074074074074074,3470.4333333333334,0.006787496918412367,0.0017502350544333775,44,41
2026-06,美国,iOS,Organic,Relight,679.2592592592592,332.8888888888889,3470.4333333333334,0.19572750547748866,0.09592141871492194,5,4
2026-06,美国,iOS,Organic,Reshape,416.85185185185185,265.2962962962963,3470.4333333333334,0.12011521669297355,0.07644471765186758,9,7
2026-06,美国,iOS,Organic,Resize,171.74074074074073,76.07407407407408,3470.4333333333334,0.049486828947607135,0.021920626840281447,25,20
2026-06,美国,iOS,Organic,Skin Tone,294.51851851851853,185.2962962962963,3470.4333333333334,0.08486505581008669,0.05339284132518407,15,11
2026-06,美国,iOS,Organic,Smooth,532.0,394.44444444444446,3470.4333333333334,0.1532949775724453,0.11365855688850895,7,2
2026-06,美国,iOS,Organic,Stamp,29.185185185185187,7.2592592592592595,3470.4333333333334,0.008409665993253058,0.002091744333347207,43,40
2026-06,美国,iOS,Organic,Teeth,233.11111111111111,42.25925925925926,3470.4333333333334,0.06717060629636389,0.012176940226271242,18,24
2026-06,美国,iOS,Organic,Text,43.25925925925926,3.888888888888889,3470.4333333333334,0.012465088680354786,0.0011205773214360039,40,43
2026-06,美国,iOS,Organic,Whiten,0.0,0.0,3470.4333333333334,0.0,0.0,45,44
2026-06,美国,iOS,non-Organic,AI Expand,33.81481481481482,14.444444444444445,2929.2,0.011544044385775918,0.0049311909205395485,40,35
2026-06,美国,iOS,non-Organic,AI Image,204.55555555555554,36.666666666666664,2929.2,0.06983324988241006,0.012517638490600391,15,23
2026-06,美国,iOS,non-Organic,AI Repair,136.0,38.81481481481482,2929.2,0.04642905912877236,0.013250995089039607,23,22
2026-06,美国,iOS,non-Organic,AI Replace,33.629629629629626,14.518518518518519,2929.2,0.011480823989358742,0.004956479079106418,41,34
2026-06,美国,iOS,non-Organic,AI Retouch,750.3703703703703,213.07407407407408,2929.2,0.2561690462823878,0.07274138811760006,4,5
2026-06,美国,iOS,non-Organic,AI Tattoo,98.92592592592592,22.555555555555557,2929.2,0.033772335766054186,0.007700244283611757,26,28
2026-06,美国,iOS,non-Organic,Acne,170.74074074074073,92.4074074074074,2929.2,0.05828920549663415,0.031546977812169676,17,13
2026-06,美国,iOS,non-Organic,Adjust,167.0,60.18518518518518,2929.2,0.05701215348900724,0.020546628835581452,18,15
2026-06,美国,iOS,non-Organic,Background,136.77777777777777,12.37037037037037,2929.2,0.04669458479372449,0.004223122480667203,22,37
2026-06,美国,iOS,non-Organic,Blur,62.629629629629626,29.333333333333332,2929.2,0.021381138068288143,0.010014110792480314,33,24
2026-06,美国,iOS,non-Organic,Body,336.48148148148147,177.0,2929.2,0.1148714602900046,0.06042605489553462,8,7
2026-06,美国,iOS,non-Organic,Bokeh,20.48148148148148,3.185185185185185,2929.2,0.006992175843739411,0.0010873908183753876,42,42
2026-06,美国,iOS,non-Organic,Brighten,114.14814814814815,54.888888888888886,2929.2,0.038969052351545866,0.018738525498050284,25,16
2026-06,美国,iOS,non-Organic,Concealer,131.22222222222223,53.74074074074074,2929.2,0.044797972901209286,0.018346559040263808,24,18
2026-06,美国,iOS,non-Organic,Contour,48.629629629629626,21.85185185185185,2929.2,0.016601676099149813,0.007460006777226496,37,29
2026-06,美国,iOS,non-Organic,Crop,83.14814814814815,54.407407407407405,2929.2,0.02838595799131099,0.018574152467365632,30,17
2026-06,美国,iOS,non-Organic,Dark Circles,77.29629629629629,40.44444444444444,2929.2,0.0263881934645283,0.013807334577510735,31,21
2026-06,美国,iOS,non-Organic,Details,50.148148148148145,15.407407407407407,2929.2,0.017120083349770637,0.005259936981908852,36,32
2026-06,美国,iOS,non-Organic,Effects,260.51851851851853,4.703703703703703,2929.2,0.08893845367967997,0.0016057980689962118,11,39
2026-06,美国,iOS,non-Organic,Eraser,208.2962962962963,95.62962962962963,2929.2,0.07111030189003698,0.0326470127098285,14,12
2026-06,美国,iOS,non-Organic,Expression,87.07407407407408,19.51851851851852,2929.2,0.029726230395355074,0.006663429782370108,29,30
2026-06,美国,iOS,non-Organic,Eye Brighten,54.074074074074076,26.88888888888889,2929.2,0.01846035575381472,0.00917960155977362,35,26
2026-06,美国,iOS,non-Organic,Face,765.4814814814815,311.2962962962963,2929.2,0.26132783063002923,0.106273486377269,3,2
2026-06,美国,iOS,non-Organic,Face Fix,144.74074074074073,25.37037037037037,2929.2,0.04941306183966296,0.008661194309152796,21,27
2026-06,美国,iOS,non-Organic,Filters,888.8518518518518,214.4814814814815,2929.2,0.3034452587231503,0.07322186313037059,1,4
2026-06,美国,iOS,non-Organic,Flawless,0.0,0.0,2929.2,0.0,0.0,45,44
2026-06,美国,iOS,non-Organic,Glitter,62.44444444444444,12.925925925925926,2929.2,0.02131791767187097,0.004412783669918724,34,36
2026-06,美国,iOS,non-Organic,Glowup,299.3333333333333,75.77777777777777,2929.2,0.10218944876871956,0.025869786213907474,9,14
2026-06,美国,iOS,non-Organic,Hair,865.1111111111111,194.66666666666666,2929.2,0.29534040390246863,0.06645728071373298,2,6
2026-06,美国,iOS,non-Organic,Magic,571.4074074074074,224.77777777777777,2929.2,0.19507285518483117,0.07673691717116543,6,3
2026-06,美国,iOS,non-Organic,Makeup,366.51851851851853,129.22222222222223,2929.2,0.12512580858887018,0.044115192619903806,7,9
2026-06,美国,iOS,non-Organic,Matte,41.77777777777778,18.85185185185185,2929.2,0.014262521431714387,0.006435836355268282,38,31
2026-06,美国,iOS,non-Organic,Muscle,160.1851851851852,49.74074074074074,2929.2,0.05468564290085525,0.016980998477652855,19,19
2026-06,美国,iOS,non-Organic,Mykit,71.70370370370371,0.0,2929.2,0.02447893749272966,0.0,32,44
2026-06,美国,iOS,non-Organic,Plump,98.33333333333333,29.185185185185187,2929.2,0.033570030497519235,0.009963534475346576,27,25
2026-06,美国,iOS,non-Organic,Preset,208.37037037037038,10.62962962962963,2929.2,0.07113559004860386,0.00362885075434577,13,38
2026-06,美国,iOS,non-Organic,Prism,14.296296296296296,4.0,2929.2,0.004880614603405809,0.0013655605626109518,44,41
2026-06,美国,iOS,non-Organic,Relight,677.0370370370371,330.85185185185185,2929.2,0.23113376930118706,0.11294956023892253,5,1
2026-06,美国,iOS,non-Organic,Reshape,253.88888888888889,126.48148148148148,2929.2,0.08667516348794514,0.043179530752929636,12,10
2026-06,美国,iOS,non-Organic,Resize,97.29629629629629,41.148148148148145,2929.2,0.03321599627758306,0.014047572083895996,28,20
2026-06,美国,iOS,non-Organic,Skin Tone,187.96296296296296,103.88888888888889,2929.2,0.06416870236343131,0.03546664239003444,16,11
2026-06,美国,iOS,non-Organic,Smooth,281.74074074074076,175.59259259259258,2929.2,0.09618351110908807,0.0599455798827641,10,8
2026-06,美国,iOS,non-Organic,Stamp,20.22222222222222,4.444444444444445,2929.2,0.006903667288755367,0.0015172895140121688,43,40
2026-06,美国,iOS,non-Organic,Teeth,148.77777777777777,15.037037037037036,2929.2,0.050791266481557344,0.005133496189074504,20,33
2026-06,美国,iOS,non-Organic,Text,35.851851851851855,2.4444444444444446,2929.2,0.01223946874636483,0.0008345092327066929,39,43
2026-06,美国,iOS,non-Organic,Whiten,0.0,0.0,2929.2,0.0,0.0,45,44
2026-06,英国,Android,Organic,AI Expand,1.9259259259259258,0.7777777777777778,107.4,0.017932271191116626,0.007241878750258638,38,32
2026-06,英国,Android,Organic,AI Image,7.074074074074074,1.2222222222222223,107.4,0.06586661149044762,0.01138009517897786,16,27
2026-06,英国,Android,Organic,AI Repair,6.407407407407407,2.7037037037037037,107.4,0.05965928684736878,0.025174149941375266,19,17
2026-06,英国,Android,Organic,AI Replace,2.8518518518518516,1.2592592592592593,107.4,0.026553555417615005,0.011724946548037796,32,26
2026-06,英国,Android,Organic,AI Retouch,22.0,8.148148148148149,107.4,0.20484171322160147,0.07586730119318574,4,4
2026-06,英国,Android,Organic,AI Tattoo,2.3703703703703702,0.2222222222222222,107.4,0.02207048761983585,0.002069108214359611,36,39
2026-06,英国,Android,Organic,Acne,7.2592592592592595,5.7407407407407405,107.4,0.06759086833574729,0.053451962204289945,15,10
2026-06,英国,Android,Organic,Adjust,7.777777777777778,3.888888888888889,107.4,0.07241878750258637,0.03620939375129319,13,15
2026-06,英国,Android,Organic,Background,4.888888888888889,0.9259259259259259,107.4,0.04552038071591144,0.008621284226498379,24,31
2026-06,英国,Android,Organic,Blur,3.259259259259259,2.111111111111111,107.4,0.030346920477274292,0.019656528036416304,31,21
2026-06,英国,Android,Organic,Body,8.185185185185185,4.333333333333333,107.4,0.07621215256224567,0.04034761018001241,11,13
2026-06,英国,Android,Organic,Bokeh,1.6666666666666667,0.4444444444444444,107.4,0.015518311607697082,0.004138216428719222,41,36
2026-06,英国,Android,Organic,Brighten,4.7407407407407405,2.7777777777777777,107.4,0.0441409752396717,0.025863852679495137,25,16
2026-06,英国,Android,Organic,Concealer,5.074074074074074,2.185185185185185,107.4,0.04724463756121112,0.020346230774536175,23,20
2026-06,英国,Android,Organic,Contour,2.3333333333333335,1.1481481481481481,107.4,0.021725636250775917,0.010690392440857989,37,28
2026-06,英国,Android,Organic,Crop,6.222222222222222,5.407407407407407,107.4,0.05793503000206911,0.05034829988275053,20,11
2026-06,英国,Android,Organic,Dark Circles,3.4814814814814814,2.5555555555555554,107.4,0.0324160286916339,0.023794744465135523,30,18
2026-06,英国,Android,Organic,Details,2.5555555555555554,0.7407407407407407,107.4,0.023794744465135523,0.006897027381198703,33,33
2026-06,英国,Android,Organic,Effects,7.074074074074074,0.18518518518518517,107.4,0.06586661149044762,0.0017242568452996757,16,40
2026-06,英国,Android,Organic,Eraser,8.148148148148149,4.851851851851852,107.4,0.07586730119318574,0.045175529346851505,12,12
2026-06,英国,Android,Organic,Expression,3.8518518518518516,1.1481481481481481,107.4,0.03586454238223325,0.010690392440857989,29,28
2026-06,英国,Android,Organic,Eye Brighten,2.5555555555555554,1.7777777777777777,107.4,0.023794744465135523,0.016552865714876887,33,23
2026-06,英国,Android,Organic,Face,25.296296296296298,12.518518518518519,107.4,0.23553348506793573,0.11655976274225809,1,1
2026-06,英国,Android,Organic,Face Fix,5.703703703703703,1.4444444444444444,107.4,0.05310711083523001,0.01344920339333747,21,25
2026-06,英国,Android,Organic,Filters,24.185185185185187,8.148148148148149,107.4,0.22518794399613767,0.07586730119318574,3,4
2026-06,英国,Android,Organic,Flawless,0.0,0.0,107.4,0.0,0.0,45,44
2026-06,英国,Android,Organic,Glitter,1.8518518518518519,0.18518518518518517,107.4,0.017242568452996758,0.0017242568452996757,40,40
2026-06,英国,Android,Organic,Glowup,7.592592592592593,2.4814814814814814,107.4,0.0706945306572867,0.023105041727015656,14,19
2026-06,英国,Android,Organic,Hair,13.851851851851851,4.185185185185185,107.4,0.12897441202841575,0.03896820470377267,5,14
2026-06,英国,Android,Organic,Magic,24.444444444444443,12.148148148148149,107.4,0.22760190357955717,0.11311124905165873,2,2
2026-06,英国,Android,Organic,Makeup,13.074074074074074,5.814814814814815,107.4,0.12173253327815711,0.054141664942409816,7,9
2026-06,英国,Android,Organic,Matte,1.5555555555555556,0.7407407407407407,107.4,0.014483757500517277,0.006897027381198703,42,33
2026-06,英国,Android,Organic,Muscle,2.4074074074074074,0.9629629629629629,107.4,0.022415338988895785,0.008966135595558313,35,30
2026-06,英国,Android,Organic,Mykit,3.888888888888889,0.0,107.4,0.03620939375129319,0.0,28,44
2026-06,英国,Android,Organic,Plump,4.222222222222222,1.5185185185185186,107.4,0.03931305607283261,0.014138906131457341,26,24
2026-06,英国,Android,Organic,Preset,5.333333333333333,0.4444444444444444,107.4,0.04965859714463066,0.004138216428719222,22,36
2026-06,英国,Android,Organic,Prism,1.1481481481481481,0.37037037037037035,107.4,0.010690392440857989,0.0034485136905993514,43,38
2026-06,英国,Android,Organic,Relight,12.148148148148149,6.296296296296297,107.4,0.11311124905165873,0.05862473274018898,8,6
2026-06,英国,Android,Organic,Reshape,9.703703703703704,6.2592592592592595,107.4,0.09035105869370301,0.05827988137112904,9,7
2026-06,英国,Android,Organic,Resize,3.962962962962963,1.962962962962963,107.4,0.03689909648941306,0.018277122560176565,27,22
2026-06,英国,Android,Organic,Skin Tone,8.592592592592593,6.222222222222222,107.4,0.08000551762190496,0.05793503000206911,10,8
2026-06,英国,Android,Organic,Smooth,13.62962962962963,10.814814814814815,107.4,0.12690530381405613,0.10069659976550106,6,3
2026-06,英国,Android,Organic,Stamp,1.0740740740740742,0.14814814814814814,107.4,0.01000068970273812,0.0013794054762397406,44,42
2026-06,英国,Android,Organic,Teeth,6.481481481481482,0.7407407407407407,107.4,0.060348989585488656,0.006897027381198703,18,33
2026-06,英国,Android,Organic,Text,1.8888888888888888,0.07407407407407407,107.4,0.017587419822056694,0.0006897027381198703,39,43
2026-06,英国,Android,Organic,Whiten,0.0,0.0,107.4,0.0,0.0,45,44
2026-06,英国,Android,non-Organic,AI Expand,0.14285714285714285,0.0,17.233333333333334,0.008289582757667863,0.0,43,37
2026-06,英国,Android,non-Organic,AI Image,1.5185185185185186,0.07407407407407407,17.233333333333334,0.08811519449817322,0.004298302170642596,6,29
2026-06,英国,Android,non-Organic,AI Repair,1.0,0.2962962962962963,17.233333333333334,0.058027079303675046,0.017193208682570384,11,15
2026-06,英国,Android,non-Organic,AI Replace,0.2857142857142857,0.09523809523809523,17.233333333333334,0.016579165515335725,0.005526388505111909,37,28
2026-06,英国,Android,non-Organic,AI Retouch,2.740740740740741,0.7037037037037037,17.233333333333334,0.15903718031377606,0.04083387062110466,5,5
2026-06,英国,Android,non-Organic,AI Tattoo,0.37037037037037035,0.0,17.233333333333334,0.021491510853212978,0.0,32,37
2026-06,英国,Android,non-Organic,Acne,0.43478260869565216,0.21739130434782608,17.233333333333334,0.025229164914641323,0.012614582457320661,27,19
2026-06,英国,Android,non-Organic,Adjust,0.8888888888888888,0.18518518518518517,17.233333333333334,0.05157962604771115,0.010745755426606489,14,22
2026-06,英国,Android,non-Organic,Background,0.5185185185185185,0.07407407407407407,17.233333333333334,0.03008811519449817,0.004298302170642596,23,29
2026-06,英国,Android,non-Organic,Blur,0.42857142857142855,0.19047619047619047,17.233333333333334,0.024868748273003588,0.011052777010223818,28,20
2026-06,英国,Android,non-Organic,Body,1.1111111111111112,0.6296296296296297,17.233333333333334,0.06447453255963895,0.03653556845046207,10,6
2026-06,英国,Android,non-Organic,Bokeh,0.14814814814814814,0.037037037037037035,17.233333333333334,0.008596604341285192,0.002149151085321298,41,35
2026-06,英国,Android,non-Organic,Brighten,0.30434782608695654,0.043478260869565216,17.233333333333334,0.017660415440248926,0.0025229164914641325,36,34
2026-06,英国,Android,non-Organic,Concealer,0.5217391304347826,0.13043478260869565,17.233333333333334,0.03027499789756959,0.007568749474392397,22,24
2026-06,英国,Android,non-Organic,Contour,0.2631578947368421,0.0,17.233333333333334,0.015270284027282905,0.0,39,37
2026-06,英国,Android,non-Organic,Crop,0.48148148148148145,0.3333333333333333,17.233333333333334,0.027938964109176873,0.01934235976789168,24,14
2026-06,英国,Android,non-Organic,Dark Circles,0.4090909090909091,0.18181818181818182,17.233333333333334,0.0237383506242307,0.010550378055213645,29,23
2026-06,英国,Android,non-Organic,Details,0.35,0.1,17.233333333333334,0.020309477756286266,0.005802707930367505,35,26
2026-06,英国,Android,non-Organic,Effects,0.7407407407407407,0.0,17.233333333333334,0.042983021706425956,0.0,20,37
2026-06,英国,Android,non-Organic,Eraser,0.8518518518518519,0.4444444444444444,17.233333333333334,0.04943047496238985,0.025789813023855575,16,9
2026-06,英国,Android,non-Organic,Expression,0.4444444444444444,0.07407407407407407,17.233333333333334,0.025789813023855575,0.004298302170642596,26,29
2026-06,英国,Android,non-Organic,Eye Brighten,0.2857142857142857,0.19047619047619047,17.233333333333334,0.016579165515335725,0.011052777010223818,37,20
2026-06,英国,Android,non-Organic,Face,3.6296296296296298,1.2962962962962963,17.233333333333334,0.21061680636148722,0.07522028798624543,2,1
2026-06,英国,Android,non-Organic,Face Fix,0.9629629629629629,0.4074074074074074,17.233333333333334,0.055877928218353745,0.023640661938534275,12,11
2026-06,英国,Android,non-Organic,Filters,2.8518518518518516,0.37037037037037035,17.233333333333334,0.16548463356973994,0.021491510853212978,3,13
2026-06,英国,Android,non-Organic,Flawless,0.0,0.0,17.233333333333334,0.0,0.0,45,37
2026-06,英国,Android,non-Organic,Glitter,0.37037037037037035,0.037037037037037035,17.233333333333334,0.021491510853212978,0.002149151085321298,32,35
2026-06,英国,Android,non-Organic,Glowup,1.2222222222222223,0.2962962962962963,17.233333333333334,0.07092198581560284,0.017193208682570384,9,15
2026-06,英国,Android,non-Organic,Hair,4.148148148148148,0.8148148148148148,17.233333333333334,0.24070492155598536,0.04728132387706855,1,3
2026-06,英国,Android,non-Organic,Magic,2.7777777777777777,1.2592592592592593,17.233333333333334,0.16118633139909735,0.07307113690092414,4,2
2026-06,英国,Android,non-Organic,Makeup,1.2962962962962963,0.5185185185185185,17.233333333333334,0.07522028798624543,0.03008811519449817,8,8
2026-06,英国,Android,non-Organic,Matte,0.4,0.1,17.233333333333334,0.02321083172147002,0.005802707930367505,31,26
2026-06,英国,Android,non-Organic,Muscle,0.8518518518518519,0.4074074074074074,17.233333333333334,0.04943047496238985,0.023640661938534275,16,11
2026-06,英国,Android,non-Organic,Mykit,0.48148148148148145,0.0,17.233333333333334,0.027938964109176873,0.0,24,37
2026-06,英国,Android,non-Organic,Plump,0.4074074074074074,0.1111111111111111,17.233333333333334,0.023640661938534275,0.006447453255963894,30,25
2026-06,英国,Android,non-Organic,Preset,0.7777777777777778,0.0,17.233333333333334,0.045132172791747256,0.0,19,37
2026-06,英国,Android,non-Organic,Prism,0.09523809523809523,0.0,17.233333333333334,0.005526388505111909,0.0,44,37
2026-06,英国,Android,non-Organic,Relight,1.4444444444444444,0.7777777777777778,17.233333333333334,0.08381689232753062,0.045132172791747256,7,4
2026-06,英国,Android,non-Organic,Reshape,0.8888888888888888,0.25925925925925924,17.233333333333334,0.05157962604771115,0.015044057597249085,14,17
2026-06,英国,Android,non-Organic,Resize,0.37037037037037035,0.2222222222222222,17.233333333333334,0.021491510853212978,0.012894906511927788,32,18
2026-06,英国,Android,non-Organic,Skin Tone,0.8260869565217391,0.43478260869565216,17.233333333333334,0.04793541333781852,0.025229164914641323,18,10
2026-06,英国,Android,non-Organic,Smooth,0.9130434782608695,0.6086956521739131,17.233333333333334,0.05298124632074678,0.03532083088049785,13,7
2026-06,英国,Android,non-Organic,Stamp,0.19047619047619047,0.047619047619047616,17.233333333333334,0.011052777010223818,0.0027631942525559545,40,33
2026-06,英国,Android,non-Organic,Teeth,0.7407407407407407,0.07407407407407407,17.233333333333334,0.042983021706425956,0.004298302170642596,20,29
2026-06,英国,Android,non-Organic,Text,0.14814814814814814,0.0,17.233333333333334,0.008596604341285192,0.0,41,37
2026-06,英国,Android,non-Organic,Whiten,0.0,0.0,17.233333333333334,0.0,0.0,45,37
2026-06,英国,iOS,Organic,AI Expand,10.962962962962964,3.925925925925926,1200.0666666666666,0.00913529495274954,0.0032714231925386862,42,37
2026-06,英国,iOS,Organic,AI Image,75.77777777777777,12.25925925925926,1200.0666666666666,0.06314464011258633,0.010215481855946276,16,26
2026-06,英国,iOS,Organic,AI Repair,52.18518518518518,15.333333333333334,1200.0666666666666,0.043485238474405746,0.012777067940669963,24,24
2026-06,英国,iOS,Organic,AI Replace,15.037037037037036,6.518518518518518,1200.0666666666666,0.012530168077082137,0.005431796998932158,40,33
2026-06,英国,iOS,Organic,AI Retouch,270.85185185185185,84.96296296296296,1200.0666666666666,0.22569733780222087,0.07079853588380892,4,5
2026-06,英国,iOS,Organic,AI Tattoo,25.185185185185187,4.444444444444445,1200.0666666666666,0.02098648840496516,0.003703497953817381,36,35
2026-06,英国,iOS,Organic,Acne,88.37037037037037,60.629629629629626,1200.0666666666666,0.07363788431506892,0.050521884586658766,15,10
2026-06,英国,iOS,Organic,Adjust,66.81481481481481,24.074074074074073,1200.0666666666666,0.05567591923905462,0.02006061391651081,18,20
2026-06,英国,iOS,Organic,Background,62.03703703703704,6.185185185185185,1200.0666666666666,0.05169465893870094,0.005154034652395854,21,34
2026-06,英国,iOS,Organic,Blur,43.592592592592595,25.62962962962963,1200.0666666666666,0.03632514243035881,0.021356838200346895,27,18
2026-06,英国,iOS,Organic,Body,116.70370370370371,62.888888888888886,1200.0666666666666,0.09724768377065472,0.05240449604651593,10,9
2026-06,英国,iOS,Organic,Bokeh,12.481481481481481,2.6296296296296298,1200.0666666666666,0.010400656753637143,0.00219123628934195,41,39
2026-06,英国,iOS,Organic,Brighten,54.0,26.444444444444443,1200.0666666666666,0.04499750013888117,0.022035812825213413,23,16
2026-06,英国,iOS,Organic,Concealer,63.51851851851852,27.296296296296298,1200.0666666666666,0.05292915825664007,0.022745649933028415,19,15
2026-06,英国,iOS,Organic,Contour,26.37037037037037,13.296296296296296,1200.0666666666666,0.021974087859316458,0.011079631378503664,34,25
2026-06,英国,iOS,Organic,Crop,34.888888888888886,25.0,1200.0666666666666,0.029072458937466437,0.020832175990222766,29,19
2026-06,英国,iOS,Organic,Dark Circles,39.629629629629626,26.296296296296298,1200.0666666666666,0.03302285675487164,0.021912362893419503,28,17
2026-06,英国,iOS,Organic,Details,25.85185185185185,8.37037037037037,1200.0666666666666,0.021542013098037764,0.006974921146356067,35,31
2026-06,英国,iOS,Organic,Effects,91.07407407407408,1.5925925925925926,1200.0666666666666,0.07589084557030783,0.0013270867667845613,14,42
2026-06,英国,iOS,Organic,Eraser,108.22222222222223,57.407407407407405,1200.0666666666666,0.09018017517545322,0.047836848570141165,11,12
2026-06,英国,iOS,Organic,Expression,33.592592592592595,7.592592592592593,1200.0666666666666,0.027992272034269704,0.0063268090044380255,32,32
2026-06,英国,iOS,Organic,Eye Brighten,31.37037037037037,19.444444444444443,1200.0666666666666,0.02614052305736101,0.01620280354795104,33,22
2026-06,英国,iOS,Organic,Face,307.9259259259259,145.40740740740742,1200.0666666666666,0.25659068323364753,0.12116610805572532,1,1
2026-06,英国,iOS,Organic,Face Fix,62.925925925925924,9.037037037037036,1200.0666666666666,0.05243535852946441,0.0075304458394286735,20,29
2026-06,英国,iOS,Organic,Filters,293.3703703703704,68.85185185185185,1200.0666666666666,0.2444617274348956,0.05737335580122092,2,8
2026-06,英国,iOS,Organic,Flawless,0.0,0.0,1200.0666666666666,0.0,0.0,45,44
2026-06,英国,iOS,Organic,Glitter,22.185185185185187,4.0,1200.0666666666666,0.018486627286138427,0.003333148158435643,37,36
2026-06,英国,iOS,Organic,Glowup,98.88888888888889,29.25925925925926,1200.0666666666666,0.08240282947243671,0.024381361529297756,13,14
2026-06,英国,iOS,Organic,Hair,190.92592592592592,46.0,1200.0666666666666,0.159096099599405,0.03833120382200989,6,13
2026-06,英国,iOS,Organic,Magic,271.81481481481484,124.11111111111111,1200.0666666666666,0.22649976235888133,0.10342018036035036,3,2
2026-06,英国,iOS,Organic,Makeup,154.37037037037038,57.629629629629626,1200.0666666666666,0.12863482892925704,0.048022023467832034,7,11
2026-06,英国,iOS,Organic,Matte,21.11111111111111,11.333333333333334,1200.0666666666666,0.017591615280632557,0.009443919782234321,38,27
2026-06,英国,iOS,Organic,Muscle,34.03703703703704,8.925925925925926,1200.0666666666666,0.028362621829651442,0.00743785839058324,31,30
2026-06,英国,iOS,Organic,Mykit,34.74074074074074,0.0,1200.0666666666666,0.028949009005672526,0.0,30,44
2026-06,英国,iOS,Organic,Plump,47.333333333333336,15.703703703703704,1200.0666666666666,0.03944225320815511,0.013085692770154745,26,23
2026-06,英国,iOS,Organic,Preset,75.37037037037037,3.6296296296296298,1200.0666666666666,0.06280515280015307,0.0030245233289508612,17,38
2026-06,英国,iOS,Organic,Prism,7.111111111111111,2.0,1200.0666666666666,0.005925596726107808,0.0016665740792178214,44,41
2026-06,英国,iOS,Organic,Relight,208.5185185185185,86.66666666666667,1200.0666666666666,0.1737557789999321,0.07221821009943893,5,4
2026-06,英国,iOS,Organic,Reshape,126.11111111111111,77.5925925925926,1200.0666666666666,0.10508675443956818,0.06465690177706178,9,6
2026-06,英国,iOS,Organic,Resize,50.074074074074076,21.85185185185185,1200.0666666666666,0.04172607694634249,0.01820886493960212,25,21
2026-06,英国,iOS,Organic,Skin Tone,102.48148148148148,69.92592592592592,1200.0666666666666,0.0853964903184391,0.05826836780672679,12,7
2026-06,英国,iOS,Organic,Smooth,152.44444444444446,108.55555555555556,1200.0666666666666,0.12702997981593617,0.09045793752198952,8,3
2026-06,英国,iOS,Organic,Stamp,10.25925925925926,2.2962962962962963,1200.0666666666666,0.008548907776728454,0.0019134739428056467,43,40
2026-06,英国,iOS,Organic,Teeth,62.0,10.407407407407407,1200.0666666666666,0.05166379645575246,0.008672357708522366,22,28
2026-06,英国,iOS,Organic,Text,15.25925925925926,1.3703703703703705,1200.0666666666666,0.012715342974773008,0.0011419118690936924,39,43
2026-06,英国,iOS,Organic,Whiten,0.0,0.0,1200.0666666666666,0.0,0.0,45,44
2026-06,英国,iOS,non-Organic,AI Expand,7.7407407407407405,2.6666666666666665,649.8666666666667,0.011911275247344184,0.004103405826836274,41,35
2026-06,英国,iOS,non-Organic,AI Image,48.2962962962963,8.592592592592593,649.8666666666667,0.07431723886381252,0.013222085442027996,15,24
2026-06,英国,iOS,non-Organic,AI Repair,33.74074074074074,11.148148148148149,649.8666666666667,0.05191948205899786,0.017154516026079425,21,21
2026-06,英国,iOS,non-Organic,AI Replace,8.222222222222221,3.6296296296296298,649.8666666666667,0.012652167966078511,0.005585191264304928,40,33
2026-06,英国,iOS,non-Organic,AI Retouch,162.33333333333334,51.44444444444444,649.8666666666667,0.2497948297086582,0.07916153740938311,4,5
2026-06,英国,iOS,non-Organic,AI Tattoo,14.555555555555555,2.5925925925925926,649.8666666666667,0.02239775680481466,0.003989422331646377,34,37
2026-06,英国,iOS,non-Organic,Acne,45.111111111111114,29.11111111111111,649.8666666666667,0.06941594857064698,0.04479551360962932,17,10
2026-06,英国,iOS,non-Organic,Adjust,41.148148148148145,16.11111111111111,649.8666666666667,0.0633178315779875,0.02479141020380249,18,15
2026-06,英国,iOS,non-Organic,Background,35.666666666666664,2.814814814814815,649.8666666666667,0.05488305293393516,0.004331372817216067,20,34
2026-06,英国,iOS,non-Organic,Blur,22.666666666666668,12.25925925925926,649.8666666666667,0.034878949528108334,0.01886426845392787,27,20
2026-06,英国,iOS,non-Organic,Body,77.18518518518519,44.77777777777778,649.8666666666667,0.11877080198787217,0.06890302284229244,9,7
2026-06,英国,iOS,non-Organic,Bokeh,7.074074074074074,1.4444444444444444,649.8666666666667,0.010885423790635116,0.0022226781562029816,42,39
2026-06,英国,iOS,non-Organic,Brighten,29.85185185185185,15.555555555555555,649.8666666666667,0.04593534856152829,0.023936533989878266,24,16
2026-06,英国,iOS,non-Organic,Concealer,33.333333333333336,13.444444444444445,649.8666666666667,0.05129257283545343,0.020688004376966215,22,18
2026-06,英国,iOS,non-Organic,Contour,13.62962962962963,6.888888888888889,649.8666666666667,0.020972963114940957,0.010600465052660376,35,26
2026-06,英国,iOS,non-Organic,Crop,20.333333333333332,14.185185185185185,649.8666666666667,0.03128846942962659,0.02182783932886518,28,17
2026-06,英国,iOS,non-Organic,Dark Circles,20.14814814814815,12.851851851851851,649.8666666666667,0.03100351069165185,0.01977613641544704,29,19
2026-06,英国,iOS,non-Organic,Details,13.37037037037037,5.111111111111111,649.8666666666667,0.020574020881776317,0.007864861168102859,36,31
2026-06,英国,iOS,non-Organic,Effects,64.92592592592592,1.1851851851851851,649.8666666666667,0.09990653353394428,0.0018237359230383438,11,41
2026-06,英国,iOS,non-Organic,Eraser,51.7037037037037,26.703703703703702,649.8666666666667,0.07956047964254775,0.041091050015957684,14,13
2026-06,英国,iOS,non-Organic,Expression,19.037037037037038,4.037037037037037,649.8666666666667,0.029293758263803402,0.00621210048784936,31,32
2026-06,英国,iOS,non-Organic,Eye Brighten,15.851851851851851,9.592592592592593,649.8666666666667,0.02439246797063785,0.014760862627091599,33,23
2026-06,英国,iOS,non-Organic,Face,174.85185185185185,80.18518518518519,649.8666666666667,0.2690580403957507,0.12338713354306297,2,1
2026-06,英国,iOS,non-Organic,Face Fix,35.81481481481482,6.0,649.8666666666667,0.05511101992431496,0.009232663110381617,19,27
2026-06,英国,iOS,non-Organic,Filters,212.2962962962963,48.074074074074076,649.8666666666667,0.32667669721424336,0.07397528837824283,1,6
2026-06,英国,iOS,non-Organic,Flawless,0.0,0.0,649.8666666666667,0.0,0.0,45,44
2026-06,英国,iOS,non-Organic,Glitter,12.925925925925926,2.1481481481481484,649.8666666666667,0.01989011991063694,0.003305521360506999,37,38
2026-06,英国,iOS,non-Organic,Glowup,57.925925925925924,18.814814814814813,649.8666666666667,0.08913509323849907,0.02895180777823371,12,14
2026-06,英国,iOS,non-Organic,Hair,109.66666666666667,28.185185185185187,649.8666666666667,0.16875256462864177,0.04337071991975562,6,12
2026-06,英国,iOS,non-Organic,Magic,158.0,68.29629629629629,649.8666666666667,0.24312679524004924,0.10509278256508457,5,3
2026-06,英国,iOS,non-Organic,Makeup,81.62962962962963,28.77777777777778,649.8666666666667,0.12560981169926594,0.044282587881274794,7,11
2026-06,英国,iOS,non-Organic,Matte,10.25925925925926,5.333333333333333,649.8666666666667,0.015786714083800665,0.008206811653672548,38,29
2026-06,英国,iOS,non-Organic,Muscle,19.37037037037037,5.333333333333333,649.8666666666667,0.029806683992157936,0.008206811653672548,30,29
2026-06,英国,iOS,non-Organic,Mykit,18.25925925925926,0.0,649.8666666666667,0.028096931564309487,0.0,32,44
2026-06,英国,iOS,non-Organic,Plump,24.333333333333332,8.222222222222221,649.8666666666667,0.037443578169880996,0.012652167966078511,26,25
2026-06,英国,iOS,non-Organic,Preset,47.407407407407405,2.6296296296296298,649.8666666666667,0.07294943692153376,0.004046414079241326,16,36
2026-06,英国,iOS,non-Organic,Prism,3.740740740740741,0.8148148148148148,649.8666666666667,0.005756166507089774,0.0012538184470888615,44,42
2026-06,英国,iOS,non-Organic,Relight,163.14814814814815,73.92592592592592,649.8666666666667,0.25104864815574707,0.1137555281995167,3,2
2026-06,英国,iOS,non-Organic,Reshape,65.51851851851852,37.148148148148145,649.8666666666667,0.10081840149546345,0.05716272283773309,10,9
2026-06,英国,iOS,non-Organic,Resize,26.703703703703702,10.407407407407407,649.8666666666667,0.041091050015957684,0.016014681074180456,25,22
2026-06,英国,iOS,non-Organic,Skin Tone,56.592592592592595,37.81481481481482,649.8666666666667,0.08708339032508093,0.058188574294442165,13,8
2026-06,英国,iOS,non-Organic,Smooth,81.51851851851852,57.22222222222222,649.8666666666667,0.1254388364564811,0.08805225003419505,8,4
2026-06,英国,iOS,non-Organic,Stamp,5.111111111111111,1.3333333333333333,649.8666666666667,0.007864861168102859,0.002051702913418137,43,40
2026-06,英国,iOS,non-Organic,Teeth,32.81481481481482,5.814814814814815,649.8666666666667,0.05049468836912415,0.008947704372406875,23,28
2026-06,英国,iOS,non-Organic,Text,8.555555555555555,0.3333333333333333,649.8666666666667,0.013165093694433045,0.0005129257283545343,39,43
2026-06,英国,iOS,non-Organic,Whiten,0.0,0.0,649.8666666666667,0.0,0.0,45,44
2026-07,墨西哥,Android,Organic,AI Expand,10.35483870967742,6.645161290322581,212.6451612903226,0.04869538834951456,0.03125,18,15
2026-07,墨西哥,Android,Organic,AI Image,16.096774193548388,2.5161290322580645,212.6451612903226,0.07569781553398058,0.01183252427184466,12,21
2026-07,墨西哥,Android,Organic,AI Repair,14.580645161290322,7.032258064516129,212.6451612903226,0.06856796116504854,0.03307038834951456,13,14
2026-07,墨西哥,Android,Organic,AI Replace,3.4838709677419355,1.3870967741935485,212.6451612903226,0.016383495145631068,0.006523058252427185,40,34
2026-07,墨西哥,Android,Organic,AI Retouch,33.096774193548384,11.548387096774194,212.6451612903226,0.15564320388349512,0.05430825242718446,6,6
2026-07,墨西哥,Android,Organic,AI Tattoo,5.064516129032258,1.4516129032258065,212.6451612903226,0.023816747572815534,0.006826456310679611,32,32
2026-07,墨西哥,Android,Organic,Acne,8.35483870967742,5.354838709677419,212.6451612903226,0.039290048543689324,0.025182038834951452,22,17
2026-07,墨西哥,Android,Organic,Adjust,16.419354838709676,7.612903225806452,212.6451612903226,0.0772148058252427,0.035800970873786406,11,13
2026-07,墨西哥,Android,Organic,Background,10.580645161290322,1.064516129032258,212.6451612903226,0.04975728155339805,0.005006067961165048,17,38
2026-07,墨西哥,Android,Organic,Blur,7.612903225806452,4.129032258064516,212.6451612903226,0.035800970873786406,0.019417475728155338,23,18
2026-07,墨西哥,Android,Organic,Body,17.548387096774192,11.419354838709678,212.6451612903226,0.08252427184466019,0.05370145631067961,10,8
2026-07,墨西哥,Android,Organic,Bokeh,4.129032258064516,1.1290322580645162,212.6451612903226,0.019417475728155338,0.005309466019417476,36,36
2026-07,墨西哥,Android,Organic,Brighten,3.806451612903226,1.8064516129032258,212.6451612903226,0.017900485436893203,0.00849514563106796,37,25
2026-07,墨西哥,Android,Organic,Clean Skin,4.96,3.08,212.6451612903226,0.0233252427184466,0.014484223300970874,33,19
2026-07,墨西哥,Android,Organic,Concealer,4.419354838709677,1.6129032258064515,212.6451612903226,0.02078276699029126,0.007584951456310679,34,30
2026-07,墨西哥,Android,Organic,Contour,1.8387096774193548,1.096774193548387,212.6451612903226,0.008646844660194174,0.005157766990291262,45,37
2026-07,墨西哥,Android,Organic,Crop,13.387096774193548,10.548387096774194,212.6451612903226,0.06295509708737863,0.04960558252427184,14,9
2026-07,墨西哥,Android,Organic,Dark Circles,4.225806451612903,2.4838709677419355,212.6451612903226,0.01987257281553398,0.011680825242718447,35,22
2026-07,墨西哥,Android,Organic,Details,2.838709677419355,1.4516129032258065,212.6451612903226,0.013349514563106795,0.006826456310679611,41,32
2026-07,墨西哥,Android,Organic,Effects,11.193548387096774,0.2903225806451613,212.6451612903226,0.052639563106796114,0.0013652912621359224,16,44
2026-07,墨西哥,Android,Organic,Eraser,18.516129032258064,9.580645161290322,212.6451612903226,0.08707524271844659,0.04505461165048543,9,11
2026-07,墨西哥,Android,Organic,Expression,6.935483870967742,1.8387096774193548,212.6451612903226,0.03261529126213592,0.008646844660194174,25,24
2026-07,墨西哥,Android,Organic,Eye Brighten,2.4838709677419355,1.7096774193548387,212.6451612903226,0.011680825242718447,0.00804004854368932,44,27
2026-07,墨西哥,Android,Organic,Face,37.25806451612903,14.96774193548387,212.6451612903226,0.17521237864077668,0.0703883495145631,3,3
2026-07,墨西哥,Android,Organic,Face Fix,7.032258064516129,1.7096774193548387,212.6451612903226,0.03307038834951456,0.00804004854368932,24,27
2026-07,墨西哥,Android,Organic,Filters,58.12903225806452,17.93548387096774,212.6451612903226,0.27336165048543687,0.08434466019417475,1,1
2026-07,墨西哥,Android,Organic,Flawless,0.0,0.0,212.6451612903226,0.0,0.0,46,45
2026-07,墨西哥,Android,Organic,Glitter,5.870967741935484,0.8709677419354839,212.6451612903226,0.027609223300970872,0.004095873786407767,29,39
2026-07,墨西哥,Android,Organic,Glowup,10.35483870967742,2.096774193548387,212.6451612903226,0.04869538834951456,0.009860436893203883,18,23
2026-07,墨西哥,Android,Organic,Hair,38.03225806451613,11.483870967741936,212.6451612903226,0.1788531553398058,0.054004854368932036,2,7
2026-07,墨西哥,Android,Organic,Magic,35.96774193548387,13.290322580645162,212.6451612903226,0.16914441747572814,0.0625,4,4
2026-07,墨西哥,Android,Organic,Makeup,20.483870967741936,11.67741935483871,212.6451612903226,0.09632888349514562,0.05491504854368932,7,5
2026-07,墨西哥,Android,Organic,Matte,2.5806451612903225,1.2580645161290323,212.6451612903226,0.012135922330097087,0.00591626213592233,43,35
2026-07,墨西哥,Android,Organic,Muscle,5.419354838709677,1.5483870967741935,212.6451612903226,0.02548543689320388,0.007281553398058252,31,31
2026-07,墨西哥,Android,Organic,Mykit,6.290322580645161,0.0,212.6451612903226,0.029581310679611648,0.0,27,45
2026-07,墨西哥,Android,Organic,Plump,6.774193548387097,1.6451612903225807,212.6451612903226,0.031856796116504854,0.007736650485436893,26,29
2026-07,墨西哥,Android,Organic,Preset,8.774193548387096,0.5806451612903226,212.6451612903226,0.04126213592233009,0.0027305825242718447,21,42
2026-07,墨西哥,Android,Organic,Prism,2.6129032258064515,0.6451612903225806,212.6451612903226,0.0122876213592233,0.003033980582524272,42,41
2026-07,墨西哥,Android,Organic,Relight,34.96774193548387,15.580645161290322,212.6451612903226,0.16444174757281554,0.07327063106796115,5,2
2026-07,墨西哥,Android,Organic,Reshape,18.903225806451612,9.935483870967742,212.6451612903226,0.08889563106796115,0.046723300970873786,8,10
2026-07,墨西哥,Android,Organic,Resize,6.193548387096774,2.903225806451613,212.6451612903226,0.029126213592233007,0.013652912621359222,28,20
2026-07,墨西哥,Android,Organic,Skin Tone,9.838709677419354,5.967741935483871,212.6451612903226,0.04626820388349514,0.028064320388349513,20,16
2026-07,墨西哥,Android,Organic,Smooth,13.064516129032258,8.225806451612904,212.6451612903226,0.0614381067961165,0.03868325242718447,15,12
2026-07,墨西哥,Android,Organic,Stamp,3.7419354838709675,0.7096774193548387,212.6451612903226,0.017597087378640776,0.003337378640776699,38,40
2026-07,墨西哥,Android,Organic,Teeth,5.774193548387097,1.8064516129032258,212.6451612903226,0.02715412621359223,0.00849514563106796,30,25
2026-07,墨西哥,Android,Organic,Text,3.5806451612903225,0.45161290322580644,212.6451612903226,0.016838592233009708,0.00212378640776699,39,43
2026-07,墨西哥,Android,Organic,Whiten,0.0,0.0,212.6451612903226,0.0,0.0,46,45
2026-07,墨西哥,Android,non-Organic,AI Expand,21.774193548387096,11.64516129032258,1180.258064516129,0.018448671695637915,0.009866622936481906,32,19
2026-07,墨西哥,Android,non-Organic,AI Image,93.93548387096774,17.677419354838708,1180.258064516129,0.07958893626325571,0.014977588280310483,8,15
2026-07,墨西哥,Android,non-Organic,AI Repair,52.354838709677416,21.516129032258064,1180.258064516129,0.04435880616595605,0.01823002077183776,14,12
2026-07,墨西哥,Android,non-Organic,AI Replace,10.935483870967742,4.516129032258065,1180.258064516129,0.009265332896031486,0.003826391166502679,39,31
2026-07,墨西哥,Android,non-Organic,AI Retouch,281.7741935483871,61.54838709677419,1180.258064516129,0.2387394774242921,0.0521482453263365,3,5
2026-07,墨西哥,Android,non-Organic,AI Tattoo,39.96774193548387,8.548387096774194,1180.258064516129,0.03386356182354871,0.0072428118508800704,20,23
2026-07,墨西哥,Android,non-Organic,Acne,28.387096774193548,11.838709677419354,1180.258064516129,0.024051601618016834,0.01003061112933202,29,18
2026-07,墨西哥,Android,non-Organic,Adjust,48.74193548387097,15.903225806451612,1180.258064516129,0.04129769323275391,0.01347436317918443,16,16
2026-07,墨西哥,Android,non-Organic,Background,41.61290322580645,4.129032258064516,1180.258064516129,0.03525746146277468,0.0034984147808024488,18,34
2026-07,墨西哥,Android,non-Organic,Blur,23.29032258064516,11.419354838709678,1180.258064516129,0.019733245872963812,0.009675303378156773,31,20
2026-07,墨西哥,Android,non-Organic,Body,79.90322580645162,39.193548387096776,1180.258064516129,0.06769979228162239,0.03320760905214825,9,8
2026-07,墨西哥,Android,non-Organic,Bokeh,9.903225806451612,2.193548387096774,1180.258064516129,0.008390729200830872,0.001858532852301301,40,41
2026-07,墨西哥,Android,non-Organic,Brighten,14.129032258064516,5.967741935483871,1180.258064516129,0.01197113807805838,0.005056302612878539,37,29
2026-07,墨西哥,Android,non-Organic,Clean Skin,30.333333333333332,14.875,1180.258064516129,0.025700594001676322,0.012603175904668197,28,17
2026-07,墨西哥,Android,non-Organic,Collarbone,0.0,0.0,1180.258064516129,0.0,0.0,46,45
2026-07,墨西哥,Android,non-Organic,Concealer,20.741935483870968,6.451612903225806,1180.258064516129,0.0175740680004373,0.005466273095003826,33,28
2026-07,墨西哥,Android,non-Organic,Contour,7.225806451612903,3.032258064516129,1180.258064516129,0.006122225866404285,0.002569148354651798,45,37
2026-07,墨西哥,Android,non-Organic,Crop,42.96774193548387,33.03225806451613,1180.258064516129,0.036405378812725486,0.02798731824641959,17,9
2026-07,墨西哥,Android,non-Organic,Dark Circles,15.870967741935484,6.612903225806452,1180.258064516129,0.013447031813709412,0.005602929922378923,35,27
2026-07,墨西哥,Android,non-Organic,Details,8.483870967741936,2.967741935483871,1180.258064516129,0.0071881491199300325,0.0025144856237017603,43,38
2026-07,墨西哥,Android,non-Organic,Effects,55.70967741935484,2.129032258064516,1180.258064516129,0.047201268175358045,0.0018038701213512625,13,42
2026-07,墨西哥,Android,non-Organic,Eraser,65.51612903225806,28.032258064516128,1180.258064516129,0.05551000327976386,0.023750956597791625,12,10
2026-07,墨西哥,Android,non-Organic,Expression,34.774193548387096,7.451612903225806,1180.258064516129,0.029463211982070622,0.0063135454247294194,25,24
2026-07,墨西哥,Android,non-Organic,Eye Brighten,8.64516129032258,3.2580645161290325,1180.258064516129,0.007324805947305127,0.0027604679129769327,42,35
2026-07,墨西哥,Android,non-Organic,Face,253.93548387096774,69.29032258064517,1180.258064516129,0.2151525090193506,0.0587077730403411,4,4
2026-07,墨西哥,Android,non-Organic,Face Fix,32.806451612903224,4.806451612903226,1180.258064516129,0.027795998688094455,0.004072373455777851,26,30
2026-07,墨西哥,Android,non-Organic,Filters,368.3225806451613,80.90322580645162,1180.258064516129,0.31206953099376844,0.06854706461134799,2,2
2026-07,墨西哥,Android,non-Organic,Flawless,0.0,0.0,1180.258064516129,0.0,0.0,46,45
2026-07,墨西哥,Android,non-Organic,Glitter,32.483870967741936,4.161290322580645,1180.258064516129,0.027522685033344266,0.0035257461462774677,27,33
2026-07,墨西哥,Android,non-Organic,Glowup,76.61290322580645,8.870967741935484,1180.258064516129,0.06491199300317044,0.007516125505630262,11,22
2026-07,墨西哥,Android,non-Organic,Hair,503.93548387096774,103.25806451612904,1180.258064516129,0.4269705914507489,0.08748770088553624,1,1
2026-07,墨西哥,Android,non-Organic,Magic,192.6451612903226,59.38709677419355,1180.258064516129,0.16322291461681426,0.050317043839510224,6,6
2026-07,墨西哥,Android,non-Organic,Makeup,101.87096774193549,42.0,1180.258064516129,0.08631245217011042,0.03558543784847491,7,7
2026-07,墨西哥,Android,non-Organic,Matte,8.290322580645162,2.5483870967741935,1180.258064516129,0.007024160927079918,0.0021591778725265115,44,39
2026-07,墨西哥,Android,non-Organic,Muscle,40.70967741935484,9.161290322580646,1180.258064516129,0.034492183229474144,0.007762107794905434,19,21
2026-07,墨西哥,Android,non-Organic,Mykit,25.70967741935484,0.0,1180.258064516129,0.02178309828359025,0.0,30,45
2026-07,墨西哥,Android,non-Organic,Plump,39.354838709677416,7.193548387096774,1180.258064516129,0.03334426587952334,0.006094894500929266,23,25
2026-07,墨西哥,Android,non-Organic,Preset,36.32258064516129,2.129032258064516,1180.258064516129,0.03077511752487154,0.0018038701213512625,24,42
2026-07,墨西哥,Android,non-Organic,Prism,9.483870967741936,3.129032258064516,1180.258064516129,0.008035421449655624,0.0026511424510768556,41,36
2026-07,墨西哥,Android,non-Organic,Relight,193.70967741935485,79.74193548387096,1180.258064516129,0.1641248496774899,0.06756313545424729,5,3
2026-07,墨西哥,Android,non-Organic,Reshape,77.0,25.838709677419356,1180.258064516129,0.06523996938887067,0.021892423745490327,10,11
2026-07,墨西哥,Android,non-Organic,Resize,13.0,4.516129032258065,1180.258064516129,0.01101454028643271,0.003826391166502679,38,31
2026-07,墨西哥,Android,non-Organic,Skin Tone,39.645161290322584,20.129032258064516,1180.258064516129,0.03359024816879851,0.017054772056411937,22,14
2026-07,墨西哥,Android,non-Organic,Smooth,49.225806451612904,20.516129032258064,1180.258064516129,0.041707663714879196,0.017382748442112166,15,13
2026-07,墨西哥,Android,non-Organic,Stamp,14.548387096774194,2.3225806451612905,1180.258064516129,0.01232644582923363,0.0019678583142013774,36,40
2026-07,墨西哥,Android,non-Organic,Teeth,39.67741935483871,7.0,1180.258064516129,0.03361757953427354,0.005930906308079151,21,26
2026-07,墨西哥,Android,non-Organic,Text,16.129032258064516,0.8387096774193549,1180.258064516129,0.013665682737509566,0.0007106155023504975,34,44
2026-07,墨西哥,Android,non-Organic,Whiten,0.0,0.0,1180.258064516129,0.0,0.0,46,45
2026-07,墨西哥,iOS,Organic,AI Expand,21.580645161290324,15.225806451612904,453.5483870967742,0.04758179231863442,0.03357041251778094,19,14
2026-07,墨西哥,iOS,Organic,AI Image,23.774193548387096,5.225806451612903,453.5483870967742,0.052418207681365576,0.011522048364153627,17,22
2026-07,墨西哥,iOS,Organic,AI Repair,27.93548387096774,10.03225806451613,453.5483870967742,0.0615931721194879,0.022119487908961594,14,18
2026-07,墨西哥,iOS,Organic,AI Replace,3.2903225806451615,1.064516129032258,453.5483870967742,0.007254623044096729,0.0023470839260312944,45,39
2026-07,墨西哥,iOS,Organic,AI Retouch,74.96774193548387,27.35483870967742,453.5483870967742,0.16529160739687054,0.060312944523470836,5,7
2026-07,墨西哥,iOS,Organic,AI Tattoo,8.32258064516129,1.903225806451613,453.5483870967742,0.018349928876244665,0.004196301564722617,35,35
2026-07,墨西哥,iOS,Organic,Acne,24.29032258064516,15.838709677419354,453.5483870967742,0.05355618776671408,0.03492176386913229,16,13
2026-07,墨西哥,iOS,Organic,Adjust,38.806451612903224,14.870967741935484,453.5483870967742,0.08556187766714082,0.03278805120910384,12,15
2026-07,墨西哥,iOS,Organic,Background,18.322580645161292,0.7419354838709677,453.5483870967742,0.04039829302987198,0.001635846372688478,21,41
2026-07,墨西哥,iOS,Organic,Blur,13.35483870967742,6.870967741935484,453.5483870967742,0.029445234708392602,0.015149359886201991,25,20
2026-07,墨西哥,iOS,Organic,Body,51.096774193548384,33.064516129032256,453.5483870967742,0.11266002844950213,0.07290184921763869,8,5
2026-07,墨西哥,iOS,Organic,Bokeh,5.387096774193548,1.1290322580645162,453.5483870967742,0.011877667140825034,0.0024893314366998577,40,38
2026-07,墨西哥,iOS,Organic,Brighten,8.612903225806452,3.838709677419355,453.5483870967742,0.0189900426742532,0.008463726884779517,34,25
2026-07,墨西哥,iOS,Organic,Clean Skin,16.863636363636363,10.545454545454545,453.5483870967742,0.0371815595499806,0.02325100219837062,23,17
2026-07,墨西哥,iOS,Organic,Concealer,11.96774193548387,3.6774193548387095,453.5483870967742,0.02638691322901849,0.008108108108108107,31,26
2026-07,墨西哥,iOS,Organic,Contour,4.064516129032258,2.2580645161290325,453.5483870967742,0.008961593172119487,0.004978662873399715,43,31
2026-07,墨西哥,iOS,Organic,Crop,19.93548387096774,14.290322580645162,453.5483870967742,0.04395448079658606,0.03150782361308677,20,16
2026-07,墨西哥,iOS,Organic,Dark Circles,12.096774193548388,8.193548387096774,453.5483870967742,0.02667140825035562,0.01806543385490754,30,19
2026-07,墨西哥,iOS,Organic,Details,5.516129032258065,2.032258064516129,453.5483870967742,0.012162162162162163,0.004480796586059744,39,32
2026-07,墨西哥,iOS,Organic,Effects,35.74193548387097,0.5483870967741935,453.5483870967742,0.07880512091038407,0.001209103840682788,13,43
2026-07,墨西哥,iOS,Organic,Eraser,40.25806451612903,20.774193548387096,453.5483870967742,0.0887624466571835,0.04580369843527738,11,11
2026-07,墨西哥,iOS,Organic,Expression,12.64516129032258,3.4516129032258065,453.5483870967742,0.027880512091038406,0.007610241820768137,28,28
2026-07,墨西哥,iOS,Organic,Eye Brighten,5.193548387096774,3.064516129032258,453.5483870967742,0.011450924608819345,0.006756756756756756,41,29
2026-07,墨西哥,iOS,Organic,Face,97.70967741935483,45.29032258064516,453.5483870967742,0.2154338549075391,0.09985775248933143,3,3
2026-07,墨西哥,iOS,Organic,Face Fix,12.741935483870968,1.935483870967742,453.5483870967742,0.02809388335704125,0.004267425320056899,27,33
2026-07,墨西哥,iOS,Organic,Filters,198.25806451612902,49.774193548387096,453.5483870967742,0.437126600284495,0.10974395448079659,1,2
2026-07,墨西哥,iOS,Organic,Flawless,0.0,0.0,453.5483870967742,0.0,0.0,46,45
2026-07,墨西哥,iOS,Organic,Glitter,11.838709677419354,1.6129032258064515,453.5483870967742,0.026102418207681364,0.003556187766714082,32,36
2026-07,墨西哥,iOS,Organic,Glowup,22.129032258064516,4.774193548387097,453.5483870967742,0.04879089615931721,0.010526315789473684,18,23
2026-07,墨西哥,iOS,Organic,Hair,61.67741935483871,22.06451612903226,453.5483870967742,0.1359886201991465,0.04864864864864865,6,10
2026-07,墨西哥,iOS,Organic,Magic,89.19354838709677,36.38709677419355,453.5483870967742,0.19665718349928873,0.0802275960170697,4,4
2026-07,墨西哥,iOS,Organic,Makeup,56.32258064516129,27.612903225806452,453.5483870967742,0.12418207681365576,0.060881934566145095,7,6
2026-07,墨西哥,iOS,Organic,Matte,5.580645161290323,2.935483870967742,453.5483870967742,0.012304409672830726,0.00647226173541963,38,30
2026-07,墨西哥,iOS,Organic,Muscle,10.096774193548388,1.935483870967742,453.5483870967742,0.022261735419630158,0.004267425320056899,33,33
2026-07,墨西哥,iOS,Organic,Mykit,7.709677419354839,0.0,453.5483870967742,0.016998577524893314,0.0,36,45
2026-07,墨西哥,iOS,Organic,Plump,14.483870967741936,3.5806451612903225,453.5483870967742,0.03193456614509246,0.007894736842105263,24,27
2026-07,墨西哥,iOS,Organic,Preset,16.870967741935484,0.7741935483870968,453.5483870967742,0.0371977240398293,0.0017069701280227594,22,40
2026-07,墨西哥,iOS,Organic,Prism,3.967741935483871,0.6451612903225806,453.5483870967742,0.008748221906116642,0.0014224751066856329,44,42
2026-07,墨西哥,iOS,Organic,Relight,172.8709677419355,99.19354838709677,453.5483870967742,0.3811522048364154,0.21870554765291605,2,1
2026-07,墨西哥,iOS,Organic,Reshape,41.903225806451616,23.0,453.5483870967742,0.09238975817923187,0.050711237553342815,10,9
2026-07,墨西哥,iOS,Organic,Resize,12.258064516129032,4.290322580645161,453.5483870967742,0.027027027027027025,0.009459459459459458,29,24
2026-07,墨西哥,iOS,Organic,Skin Tone,27.93548387096774,19.129032258064516,453.5483870967742,0.0615931721194879,0.042176386913229016,14,12
2026-07,墨西哥,iOS,Organic,Smooth,42.45161290322581,27.161290322580644,453.5483870967742,0.09359886201991466,0.059886201991465146,9,8
2026-07,墨西哥,iOS,Organic,Stamp,6.870967741935484,1.4193548387096775,453.5483870967742,0.015149359886201991,0.0031294452347083927,37,37
2026-07,墨西哥,iOS,Organic,Teeth,13.193548387096774,5.709677419354839,453.5483870967742,0.029089615931721192,0.012588904694167853,26,21
2026-07,墨西哥,iOS,Organic,Text,4.096774193548387,0.25806451612903225,453.5483870967742,0.00903271692745377,0.0005689900426742531,42,44
2026-07,墨西哥,iOS,Organic,Whiten,0.0,0.0,453.5483870967742,0.0,0.0,46,45
2026-07,墨西哥,iOS,non-Organic,AI Expand,5.387096774193548,2.774193548387097,271.38709677419354,0.019850231784143586,0.010222275050517059,32,21
2026-07,墨西哥,iOS,non-Organic,AI Image,16.35483870967742,5.32258064516129,271.38709677419354,0.060263877332699396,0.019612504457387377,14,17
2026-07,墨西哥,iOS,non-Organic,AI Repair,19.516129032258064,8.32258064516129,271.38709677419354,0.07191251634375372,0.030666825151551173,11,10
2026-07,墨西哥,iOS,non-Organic,AI Replace,2.129032258064516,1.096774193548387,271.38709677419354,0.00784500178295495,0.00404136455485558,42,33
2026-07,墨西哥,iOS,non-Organic,AI Retouch,58.25806451612903,19.548387096774192,271.38709677419354,0.2146677760608582,0.07203138000713181,6,6
2026-07,墨西哥,iOS,non-Organic,AI Tattoo,7.419354838709677,2.2580645161290325,271.38709677419354,0.027338642576964223,0.008320456436467373,27,23
2026-07,墨西哥,iOS,non-Organic,Acne,8.935483870967742,3.4516129032258065,271.38709677419354,0.032925234755735173,0.012718411981457269,24,18
2026-07,墨西哥,iOS,non-Organic,Adjust,22.032258064516128,6.741935483870968,271.38709677419354,0.08118388208724593,0.024842505646024013,10,13
2026-07,墨西哥,iOS,non-Organic,Background,12.129032258064516,0.4838709677419355,271.38709677419354,0.0446927374301676,0.0017829549506715799,18,39
2026-07,墨西哥,iOS,non-Organic,Blur,6.870967741935484,3.0,271.38709677419354,0.025317960299536434,0.011054320694163795,28,19
2026-07,墨西哥,iOS,non-Organic,Body,29.0,15.161290322580646,271.38709677419354,0.10685843337691668,0.0558659217877095,8,7
2026-07,墨西哥,iOS,non-Organic,Bokeh,2.806451612903226,0.5483870967741935,271.38709677419354,0.010341138713895163,0.00202068227742779,40,38
2026-07,墨西哥,iOS,non-Organic,Brighten,3.903225806451613,1.5806451612903225,271.38709677419354,0.014382503268750743,0.005824319505527161,34,28
2026-07,墨西哥,iOS,non-Organic,Clean Skin,12.136363636363637,6.545454545454546,271.38709677419354,0.04471975189911717,0.024118517878175552,17,14
2026-07,墨西哥,iOS,non-Organic,Concealer,5.258064516129032,1.7096774193548387,271.38709677419354,0.019374777130631165,0.006299774159039582,33,27
2026-07,墨西哥,iOS,non-Organic,Contour,1.8064516129032258,0.8064516129032258,271.38709677419354,0.006656365149173897,0.002971591584452633,44,35
2026-07,墨西哥,iOS,non-Organic,Crop,9.129032258064516,6.129032258064516,271.38709677419354,0.033638416736003804,0.02258409604184001,22,15
2026-07,墨西哥,iOS,non-Organic,Dark Circles,3.903225806451613,2.032258064516129,271.38709677419354,0.014382503268750743,0.007488410792820635,34,25
2026-07,墨西哥,iOS,non-Organic,Details,1.4516129032258065,0.3870967741935484,271.38709677419354,0.005348864852014739,0.0014263639605372638,45,42
2026-07,墨西哥,iOS,non-Organic,Effects,27.0,0.45161290322580644,271.38709677419354,0.09948888624747415,0.0016640912872934743,9,41
2026-07,墨西哥,iOS,non-Organic,Eraser,19.06451612903226,9.064516129032258,271.38709677419354,0.07024842505646024,0.03340068940924759,12,9
2026-07,墨西哥,iOS,non-Organic,Expression,8.32258064516129,2.096774193548387,271.38709677419354,0.030666825151551173,0.007726138119576845,25,24
2026-07,墨西哥,iOS,non-Organic,Eye Brighten,2.2903225806451615,1.2258064516129032,271.38709677419354,0.008439320099845478,0.004516819208368003,41,30
2026-07,墨西哥,iOS,non-Organic,Face,62.32258064516129,26.580645161290324,271.38709677419354,0.22964459764649947,0.09794365862355879,5,3
2026-07,墨西哥,iOS,non-Organic,Face Fix,7.903225806451613,0.6774193548387096,271.38709677419354,0.029121597527635802,0.0024961369309402116,26,36
2026-07,墨西哥,iOS,non-Organic,Filters,142.6451612903226,33.58064516129032,271.38709677419354,0.5256151194579818,0.12373707357660763,1,2
2026-07,墨西哥,iOS,non-Organic,Flawless,0.0,0.0,271.38709677419354,0.0,0.0,46,45
2026-07,墨西哥,iOS,non-Organic,Glitter,9.129032258064516,2.032258064516129,271.38709677419354,0.033638416736003804,0.007488410792820635,22,25
2026-07,墨西哥,iOS,non-Organic,Glowup,14.193548387096774,2.7419354838709675,271.38709677419354,0.05230001188636634,0.01010341138713895,16,22
2026-07,墨西哥,iOS,non-Organic,Hair,65.19354838709677,26.193548387096776,271.38709677419354,0.24022346368715083,0.09651729466302153,3,4
2026-07,墨西哥,iOS,non-Organic,Magic,63.16129032258065,20.548387096774192,271.38709677419354,0.23273505289433022,0.07571615357185309,4,5
2026-07,墨西哥,iOS,non-Organic,Makeup,32.83870967741935,13.709677419354838,271.38709677419354,0.1210032093189112,0.050517056935694755,7,8
2026-07,墨西哥,iOS,non-Organic,Matte,2.870967741935484,1.2258064516129032,271.38709677419354,0.010578866040651374,0.004516819208368003,39,30
2026-07,墨西哥,iOS,non-Organic,Muscle,5.580645161290323,1.1290322580645162,271.38709677419354,0.02056341376441222,0.0041602282182336865,31,32
2026-07,墨西哥,iOS,non-Organic,Mykit,5.806451612903226,0.0,271.38709677419354,0.021395459408058957,0.0,30,45
2026-07,墨西哥,iOS,non-Organic,Plump,11.580645161290322,2.967741935483871,271.38709677419354,0.04267205515273981,0.010935457030785689,20,20
2026-07,墨西哥,iOS,non-Organic,Preset,12.064516129032258,0.3548387096774194,271.38709677419354,0.04445501010341139,0.0013075002971591585,19,43
2026-07,墨西哥,iOS,non-Organic,Prism,1.935483870967742,0.4838709677419355,271.38709677419354,0.0071318198026863195,0.0017829549506715799,43,39
2026-07,墨西哥,iOS,non-Organic,Relight,126.35483870967742,69.38709677419355,271.38709677419354,0.46558896945203854,0.25567573992630455,2,1
2026-07,墨西哥,iOS,non-Organic,Reshape,17.93548387096774,7.67741935483871,271.38709677419354,0.06608819683822655,0.028289551883989066,13,11
2026-07,墨西哥,iOS,non-Organic,Resize,3.3225806451612905,0.8709677419354839,271.38709677419354,0.012242957327944849,0.0032093189112088437,37,34
2026-07,墨西哥,iOS,non-Organic,Skin Tone,10.96774193548387,5.709677419354839,271.38709677419354,0.0404136455485558,0.02103886841792464,21,16
2026-07,墨西哥,iOS,non-Organic,Smooth,15.774193548387096,7.516129032258065,271.38709677419354,0.0581243313918935,0.02769523356709854,15,12
2026-07,墨西哥,iOS,non-Organic,Stamp,3.129032258064516,0.5806451612903226,271.38709677419354,0.011529775347676215,0.002139545940805896,38,37
2026-07,墨西哥,iOS,non-Organic,Teeth,6.774193548387097,1.2903225806451613,271.38709677419354,0.02496136930940212,0.004754546535124212,29,29
2026-07,墨西哥,iOS,non-Organic,Text,3.838709677419355,0.12903225806451613,271.38709677419354,0.014144775941994533,0.00047545465351242125,36,44
2026-07,墨西哥,iOS,non-Organic,Whiten,0.0,0.0,271.38709677419354,0.0,0.0,46,45
2026-07,巴西,Android,Organic,AI Expand,24.483870967741936,11.451612903225806,1440.4516129032259,0.01699735745957809,0.007950015676087248,37,29
2026-07,巴西,Android,Organic,AI Image,84.12903225806451,16.483870967741936,1440.4516129032259,0.0584046222062973,0.011443543691494603,15,23
2026-07,巴西,Android,Organic,AI Repair,76.6774193548387,32.25806451612903,1440.4516129032259,0.0532315134142518,0.022394410355175347,16,18
2026-07,巴西,Android,Organic,AI Replace,19.225806451612904,7.741935483870968,1440.4516129032259,0.013347068571684507,0.0053746584852420835,39,34
2026-07,巴西,Android,Organic,AI Retouch,266.741935483871,90.70967741935483,1440.4516129032259,0.18517937922694494,0.06297308191875307,4,6
2026-07,巴西,Android,Organic,AI Tattoo,35.61290322580645,8.741935483870968,1440.4516129032259,0.02472342903211358,0.006068885206252519,31,32
2026-07,巴西,Android,Organic,Acne,94.25806451612904,71.03225806451613,1440.4516129032259,0.06543646705782237,0.049312491602096116,14,13
2026-07,巴西,Android,Organic,Adjust,156.16129032258064,88.0,1440.4516129032259,0.10841134052940385,0.061091951448918345,9,8
2026-07,巴西,Android,Organic,Background,58.516129032258064,6.387096774193548,1440.4516129032259,0.04062346038428808,0.0044340932503247185,23,37
2026-07,巴西,Android,Organic,Blur,64.64516129032258,41.774193548387096,1440.4516129032259,0.0448783983517714,0.029000761409952076,18,15
2026-07,巴西,Android,Organic,Body,109.41935483870968,65.2258064516129,1440.4516129032259,0.07596183992475478,0.04528149773816455,13,14
2026-07,巴西,Android,Organic,Bokeh,25.774193548387096,8.0,1440.4516129032259,0.017893133873785102,0.005553813768083486,35,33
2026-07,巴西,Android,Organic,Brighten,29.516129032258064,14.64516129032258,1440.4516129032259,0.020490885474985444,0.010167062301249608,33,24
2026-07,巴西,Android,Organic,Clean Skin,40.96,25.84,1440.4516129032259,0.02843552649258745,0.01793881847090966,30,21
2026-07,巴西,Android,Organic,Concealer,45.32258064516129,20.516129032258064,1440.4516129032259,0.03146414654902136,0.01424284498589152,26,22
2026-07,巴西,Android,Organic,Contour,15.870967741935484,7.451612903225806,1440.4516129032259,0.01101804989474627,0.005173108792045505,43,35
2026-07,巴西,Android,Organic,Crop,109.87096774193549,86.6774193548387,1440.4516129032259,0.07627536166972723,0.06017378062435615,12,10
2026-07,巴西,Android,Organic,Dark Circles,42.0,30.29032258064516,1440.4516129032259,0.029157522282438304,0.02102835132350965,29,19
2026-07,巴西,Android,Organic,Details,14.580645161290322,6.032258064516129,1440.4516129032259,0.010122273480539257,0.00418775473641779,44,38
2026-07,巴西,Android,Organic,Effects,67.09677419354838,2.2903225806451615,1440.4516129032259,0.04658037353876472,0.0015900031352174499,17,43
2026-07,巴西,Android,Organic,Eraser,141.32258064516128,80.96774193548387,1440.4516129032259,0.0981099117660232,0.056209969991490125,10,11
2026-07,巴西,Android,Organic,Expression,43.83870967741935,11.03225806451613,1440.4516129032259,0.030434003672683296,0.0076588883414699695,28,30
2026-07,巴西,Android,Organic,Eye Brighten,22.64516129032258,14.35483870967742,1440.4516129032259,0.015720876069333093,0.00996551260805303,38,25
2026-07,巴西,Android,Organic,Face,293.2258064516129,124.35483870967742,1440.4516129032259,0.20356519012854393,0.08633045191920097,2,4
2026-07,巴西,Android,Organic,Face Fix,53.903225806451616,13.451612903225806,1440.4516129032259,0.03742105970349801,0.009338469118108119,25,27
2026-07,巴西,Android,Organic,Filters,375.64516129032256,143.7741935483871,1440.4516129032259,0.26078290858601694,0.09981188695301653,1,2
2026-07,巴西,Android,Organic,Flawless,0.0,0.0,1440.4516129032259,0.0,0.0,46,45
2026-07,巴西,Android,Organic,Glitter,24.806451612903224,3.870967741935484,1440.4516129032259,0.017221301563129843,0.0026873292426210418,36,41
2026-07,巴西,Android,Organic,Glowup,64.29032258064517,12.870967741935484,1440.4516129032259,0.044632059837864474,0.008935369731714963,19,28
2026-07,巴西,Android,Organic,Hair,249.61290322580646,73.35483870967742,1440.4516129032259,0.17328794732834685,0.050924889147668746,5,12
2026-07,巴西,Android,Organic,Magic,281.16129032258067,144.70967741935485,1440.4516129032259,0.19518968065570835,0.10046132485331662,3,1
2026-07,巴西,Android,Organic,Makeup,187.0,101.16129032258064,1440.4516129032259,0.1298203968289515,0.07022887087382988,7,5
2026-07,巴西,Android,Organic,Matte,11.741935483870968,5.0,1440.4516129032259,0.008151565369283827,0.003471133605052179,45,39
2026-07,巴西,Android,Organic,Muscle,35.483870967741936,10.870967741935484,1440.4516129032259,0.024633851390692883,0.007546916289694092,32,31
2026-07,巴西,Android,Organic,Mykit,27.580645161290324,0.0,1440.4516129032259,0.019147220853674922,0.0,34,45
2026-07,巴西,Android,Organic,Plump,44.70967741935484,14.35483870967742,1440.4516129032259,0.031038652752273032,0.00996551260805303,27,25
2026-07,巴西,Android,Organic,Preset,62.774193548387096,4.612903225806452,1440.4516129032259,0.04357952255117123,0.003202400680790075,20,40
2026-07,巴西,Android,Organic,Prism,18.129032258064516,6.774193548387097,1440.4516129032259,0.012585658619608545,0.0047028261745868235,42,36
2026-07,巴西,Android,Organic,Relight,201.7741935483871,87.64516129032258,1440.4516129032259,0.1400770367716218,0.060845612935011416,6,9
2026-07,巴西,Android,Organic,Reshape,176.7741935483871,125.74193548387096,1440.4516129032259,0.12272136874636091,0.0872934115644735,8,3
2026-07,巴西,Android,Organic,Resize,55.38709677419355,25.967741935483872,1440.4516129032259,0.03845120257983607,0.018027500335916154,24,20
2026-07,巴西,Android,Organic,Skin Tone,59.935483870967744,37.41935483870968,1440.4516129032259,0.0416088144399158,0.025977516012003404,22,16
2026-07,巴西,Android,Organic,Smooth,125.19354838709677,88.58064516129032,1440.4516129032259,0.08691270658843551,0.0614950508353115,11,7
2026-07,巴西,Android,Organic,Stamp,18.580645161290324,3.7096774193548385,1440.4516129032259,0.012899180364581,0.0025753571908451647,40,42
2026-07,巴西,Android,Organic,Teeth,61.32258064516129,33.41935483870968,1440.4516129032259,0.042571774085188335,0.023200609127961663,21,17
2026-07,巴西,Android,Organic,Text,18.387096774193548,2.2580645161290325,1440.4516129032259,0.012764813902449948,0.0015676087248622744,41,44
2026-07,巴西,Android,Organic,Whiten,0.0,0.0,1440.4516129032259,0.0,0.0,46,45
2026-07,巴西,Android,non-Organic,AI Expand,46.58064516129032,20.419354838709676,3406.064516129032,0.013675796492025608,0.005994999431753608,37,32
2026-07,巴西,Android,non-Organic,AI Image,266.0967741935484,45.83870967741935,3406.064516129032,0.0781244080766754,0.013457968708565367,11,20
2026-07,巴西,Android,non-Organic,AI Repair,164.0,63.54838709677419,3406.064516129032,0.04814941091790734,0.0186574231920294,17,17
2026-07,巴西,Android,non-Organic,AI Replace,33.74193548387097,12.838709677419354,3406.064516129032,0.009906428760844035,0.0037693677311815737,42,36
2026-07,巴西,Android,non-Organic,AI Retouch,803.8709677419355,223.41935483870967,3406.064516129032,0.23601166799257492,0.06559457514111453,3,5
2026-07,巴西,Android,non-Organic,AI Tattoo,121.74193548387096,31.0,3406.064516129032,0.03574269803386748,0.009101413039360533,25,28
2026-07,巴西,Android,non-Organic,Acne,154.4516129032258,101.0,3406.064516129032,0.045346062052505964,0.02965299087017464,18,14
2026-07,巴西,Android,non-Organic,Adjust,275.80645161290323,133.4516129032258,3406.064516129032,0.08097511080804637,0.03918058870326173,10,12
2026-07,巴西,Android,non-Organic,Background,144.83870967741936,14.709677419354838,3406.064516129032,0.04252377164071675,0.00431867257642914,20,33
2026-07,巴西,Android,non-Organic,Blur,118.64516129032258,65.64516129032258,3406.064516129032,0.034833503807250824,0.019273023449634427,26,16
2026-07,巴西,Android,non-Organic,Body,237.5483870967742,127.29032258064517,3406.064516129032,0.06974277380005305,0.037371671023222336,12,13
2026-07,巴西,Android,non-Organic,Bokeh,48.193548387096776,12.0,3406.064516129032,0.014149335151721787,0.0035231276281395612,36,37
2026-07,巴西,Android,non-Organic,Brighten,68.38709677419355,30.612903225806452,3406.064516129032,0.02007803917111793,0.00898776376103345,35,29
2026-07,巴西,Android,non-Organic,Clean Skin,71.72,43.8,3406.064516129032,0.021056559457514112,0.012859415842709398,33,21
2026-07,巴西,Android,non-Organic,Collarbone,0.0,0.0,3406.064516129032,0.0,0.0,46,45
2026-07,巴西,Android,non-Organic,Concealer,99.90322580645162,42.29032258064516,3406.064516129032,0.029330984581581242,0.012416183657233777,28,22
2026-07,巴西,Android,non-Organic,Contour,30.0,13.870967741935484,3406.064516129032,0.008807819070348904,0.004072432473387127,43,34
2026-07,巴西,Android,non-Organic,Crop,188.61290322580646,138.48387096774192,3406.064516129032,0.055375610864871014,0.04065802932151381,15,11
2026-07,巴西,Android,non-Organic,Dark Circles,80.6774193548387,47.096774193548384,3406.064516129032,0.0236864037580028,0.013827328863128385,30,19
2026-07,巴西,Android,non-Organic,Details,28.548387096774192,9.096774193548388,3406.064516129032,0.008381634276622344,0.002670758040686442,44,40
2026-07,巴西,Android,non-Organic,Effects,172.0,6.516129032258065,3406.064516129032,0.05049816267000038,0.0019130961851725576,16,43
2026-07,巴西,Android,non-Organic,Eraser,328.2903225806452,164.93548387096774,3406.064516129032,0.09638405879456,0.04842406334053112,8,9
2026-07,巴西,Android,non-Organic,Expression,101.61290322580645,23.483870967741936,3406.064516129032,0.029832935560859187,0.006894722885176346,27,30
2026-07,巴西,Android,non-Organic,Eye Brighten,42.16129032258065,22.612903225806452,3406.064516129032,0.012378300564458083,0.00663901200894041,39,31
2026-07,巴西,Android,non-Organic,Face,747.4516129032259,261.06451612903226,3406.064516129032,0.21944728567640265,0.07664696745842331,4,4
2026-07,巴西,Android,non-Organic,Face Fix,133.96774193548387,34.483870967741936,3406.064516129032,0.03933212107436451,0.010124256544304277,21,23
2026-07,巴西,Android,non-Organic,Filters,966.2258064516129,328.16129032258067,3406.064516129032,0.28367806947759217,0.0963461757017843,2,1
2026-07,巴西,Android,non-Organic,Flawless,0.0,0.0,3406.064516129032,0.0,0.0,46,45
2026-07,巴西,Android,non-Organic,Glitter,71.96774193548387,11.806451612903226,3406.064516129032,0.021129294995643446,0.00346630298897602,32,38
2026-07,巴西,Android,non-Organic,Glowup,195.25806451612902,31.70967741935484,3406.064516129032,0.05732659014281926,0.009309770049626851,14,26
2026-07,巴西,Android,non-Organic,Hair,1216.6129032258063,269.7096774193548,3406.064516129032,0.35719021100882675,0.07918513467439481,1,2
2026-07,巴西,Android,non-Organic,Magic,644.5483870967741,264.2258064516129,3406.064516129032,0.18923551918778647,0.07757510323142783,5,3
2026-07,巴西,Android,non-Organic,Makeup,391.48387096774195,173.1290322580645,3406.064516129032,0.11493730348145623,0.0508296397317877,7,7
2026-07,巴西,Android,non-Organic,Matte,24.677419354838708,8.612903225806452,3406.064516129032,0.007245141493351517,0.0025286964427775884,45,41
2026-07,巴西,Android,non-Organic,Muscle,127.64516129032258,33.87096774193548,3406.064516129032,0.0374758495283555,0.00994431185361973,24,24
2026-07,巴西,Android,non-Organic,Mykit,69.87096774193549,0.0,3406.064516129032,0.020513694738038414,0.0,34,45
2026-07,巴西,Android,non-Organic,Plump,95.48387096774194,31.612903225806452,3406.064516129032,0.028033488654013713,0.00928135773004508,29,27
2026-07,巴西,Android,non-Organic,Preset,150.5483870967742,9.193548387096774,3406.064516129032,0.04420009849604122,0.0026991703602682123,19,39
2026-07,巴西,Android,non-Organic,Prism,35.354838709677416,13.225806451612904,3406.064516129032,0.010379967420540212,0.0038830170095086563,41,35
2026-07,巴西,Android,non-Organic,Relight,493.48387096774195,205.70967741935485,3406.064516129032,0.1448838883206425,0.06039512065765049,6,6
2026-07,巴西,Android,non-Organic,Reshape,293.0,166.48387096774192,3406.064516129032,0.08602303292040762,0.04887866045383945,9,8
2026-07,巴西,Android,non-Organic,Resize,77.51612903225806,32.67741935483871,3406.064516129032,0.022758267984998297,0.00959389324544456,31,25
2026-07,巴西,Android,non-Organic,Skin Tone,131.6451612903226,70.35483870967742,3406.064516129032,0.03865022540440202,0.020655756335947267,23,15
2026-07,巴西,Android,non-Organic,Smooth,227.7741935483871,138.93548387096774,3406.064516129032,0.0668731295222942,0.04079062014622874,13,10
2026-07,巴西,Android,non-Organic,Stamp,42.54838709677419,6.709677419354839,3406.064516129032,0.012491949842785165,0.001969920824336099,38,42
2026-07,巴西,Android,non-Organic,Teeth,132.3548387096774,57.58064516129032,3406.064516129032,0.03885858241466833,0.01690533015115354,22,18
2026-07,巴西,Android,non-Organic,Text,41.38709677419355,4.451612903225806,3406.064516129032,0.012151002007803918,0.00130696670076145,40,44
2026-07,巴西,Android,non-Organic,Whiten,0.0,0.0,3406.064516129032,0.0,0.0,46,45
2026-07,巴西,iOS,Organic,AI Expand,64.3225806451613,30.838709677419356,4495.709677419355,0.014307547697805076,0.006859586559228512,38,29
2026-07,巴西,iOS,Organic,AI Image,159.03225806451613,31.806451612903224,4495.709677419355,0.0353742277583646,0.007074845551672921,29,27
2026-07,巴西,iOS,Organic,AI Repair,209.25806451612902,76.93548387096774,4495.709677419355,0.04654616946622945,0.017113089899330546,22,22
2026-07,巴西,iOS,Organic,AI Replace,32.70967741935484,12.64516129032258,4495.709677419355,0.007275753944621036,0.0028127175012736152,45,38
2026-07,巴西,iOS,Organic,AI Retouch,873.1935483870968,339.80645161290323,4495.709677419355,0.19422818888259058,0.07558460754698028,6,8
2026-07,巴西,iOS,Organic,AI Tattoo,81.70967741935483,13.612903225806452,4495.709677419355,0.018175034262056296,0.003027976493718025,35,37
2026-07,巴西,iOS,Organic,Acne,554.516129032258,444.38709677419354,4495.709677419355,0.12334340267064656,0.09884692933047277,10,7
2026-07,巴西,iOS,Organic,Adjust,547.1290322580645,259.16129032258067,4495.709677419355,0.1217002590283209,0.05764635817661283,11,12
2026-07,巴西,iOS,Organic,Background,179.48387096774192,10.387096774193548,4495.709677419355,0.03992336779868978,0.002310446518903327,27,40
2026-07,巴西,iOS,Organic,Blur,251.3548387096774,170.48387096774192,4495.709677419355,0.055909935637561255,0.03792145916895678,16,16
2026-07,巴西,iOS,Organic,Body,483.64516129032256,320.0,4495.709677419355,0.10757926912396765,0.07117897350161803,12,10
2026-07,巴西,iOS,Organic,Bokeh,83.29032258064517,28.483870967741936,4495.709677419355,0.0185266239497155,0.0063357896776137825,34,31
2026-07,巴西,iOS,Organic,Brighten,116.16129032258064,61.96774193548387,4495.709677419355,0.025838254393077267,0.013783750816190345,31,24
2026-07,巴西,iOS,Organic,Clean Skin,210.95454545454547,143.72727272727272,4495.709677419355,0.04692352500298427,0.03196987417785741,21,17
2026-07,巴西,iOS,Organic,Concealer,172.70967741935485,81.25806451612904,4495.709677419355,0.038416554851578924,0.01807458006558224,28,21
2026-07,巴西,iOS,Organic,Contour,57.29032258064516,29.838709677419356,4495.709677419355,0.012743332352709033,0.006637152267035955,39,30
2026-07,巴西,iOS,Organic,Crop,264.7096774193548,193.29032258064515,4495.709677419355,0.058880509733294104,0.04299439609089669,15,14
2026-07,巴西,iOS,Organic,Dark Circles,214.48387096774192,177.41935483870967,4495.709677419355,0.047708568025429256,0.039464148614808375,20,15
2026-07,巴西,iOS,Organic,Details,51.03225806451613,16.70967741935484,4495.709677419355,0.01135132420156852,0.003716805269540135,41,35
2026-07,巴西,iOS,Organic,Effects,247.93548387096774,2.5806451612903225,4495.709677419355,0.05514935386425768,0.0005740239798517582,18,44
2026-07,巴西,iOS,Organic,Eraser,557.1612903225806,294.4193548387097,4495.709677419355,0.1239317772499946,0.06548896080133748,9,11
2026-07,巴西,iOS,Organic,Expression,125.16129032258064,20.129032258064516,4495.709677419355,0.027840163022810276,0.004477387042843715,30,33
2026-07,巴西,iOS,Organic,Eye Brighten,93.41935483870968,68.48387096774194,4495.709677419355,0.02077966807063365,0.015233161365316035,32,23
2026-07,巴西,iOS,Organic,Face,1188.5806451612902,479.35483870967744,4495.709677419355,0.26438109452022357,0.1066249542574641,2,5
2026-07,巴西,iOS,Organic,Face Fix,194.0,31.483870967741936,4495.709677419355,0.04315225268535593,0.007003092554191451,26,28
2026-07,巴西,iOS,Organic,Filters,1435.225806451613,498.96774193548384,4495.709677419355,0.3192434363945554,0.11098753650433746,1,4
2026-07,巴西,iOS,Organic,Flawless,0.0,0.0,4495.709677419355,0.0,0.0,46,45
2026-07,巴西,iOS,Organic,Glitter,69.29032258064517,9.935483870967742,4495.709677419355,0.01541254385901971,0.0022099923224292695,36,42
2026-07,巴西,iOS,Organic,Glowup,205.19354838709677,44.61290322580645,4495.709677419355,0.04564208169796293,0.00992343955168727,23,26
2026-07,巴西,iOS,Organic,Hair,440.48387096774195,131.8709677419355,4495.709677419355,0.09797871806094699,0.029332625370424848,13,19
2026-07,巴西,iOS,Organic,Magic,1091.9354838709678,603.741935483871,4495.709677419355,0.24288389647477523,0.13429291008631886,3,2
2026-07,巴西,iOS,Organic,Makeup,634.258064516129,326.8709677419355,4495.709677419355,0.1410807436480659,0.07270731234797333,8,9
2026-07,巴西,iOS,Organic,Matte,41.483870967741936,18.29032258064516,4495.709677419355,0.009227435476117015,0.004068394957199337,43,34
2026-07,巴西,iOS,Organic,Muscle,90.06451612903226,21.451612903225808,4495.709677419355,0.020033436896826365,0.0047715743325177406,33,32
2026-07,巴西,iOS,Organic,Mykit,67.74193548387096,0.0,4495.709677419355,0.015068129471108653,0.0,37,45
2026-07,巴西,iOS,Organic,Plump,194.4516129032258,57.67741935483871,4495.709677419355,0.043252706881829986,0.012829435949686798,25,25
2026-07,巴西,iOS,Organic,Preset,198.51612903225808,10.483870967741936,4495.709677419355,0.04415679465009651,0.002331972418147768,24,39
2026-07,巴西,iOS,Organic,Prism,47.193548387096776,16.193548387096776,4495.709677419355,0.01049746353153903,0.0036020004735697834,42,36
2026-07,巴西,iOS,Organic,Relight,889.7096774193549,449.83870967741933,4495.709677419355,0.1979019423536418,0.10005955498790961,5,6
2026-07,巴西,iOS,Organic,Reshape,894.0,727.3548387096774,4495.709677419355,0.19885625722014535,0.1617886587212181,4,1
2026-07,巴西,iOS,Organic,Resize,249.58064516129033,127.70967741935483,4495.709677419355,0.05551529415141317,0.028407011702913886,17,20
2026-07,巴西,iOS,Organic,Skin Tone,228.4516129032258,143.1290322580645,4495.709677419355,0.0508154728163769,0.031836804982528145,19,18
2026-07,巴西,iOS,Organic,Smooth,713.4193548387096,563.3225806451613,4495.709677419355,0.15868892923001857,0.1253022595018907,7,3
2026-07,巴西,iOS,Organic,Stamp,51.516129032258064,10.0,4495.709677419355,0.011458953697790724,0.0022243429219255635,40,41
2026-07,巴西,iOS,Organic,Teeth,301.0967741935484,216.41935483870967,4495.709677419355,0.0669742478492039,0.04813908601031808,14,13
2026-07,巴西,iOS,Organic,Text,35.61290322580645,3.3870967741935485,4495.709677419355,0.007921530921954264,0.0007534064735554328,44,43
2026-07,巴西,iOS,Organic,Whiten,0.0,0.0,4495.709677419355,0.0,0.0,46,45
2026-07,巴西,iOS,non-Organic,AI Expand,8.096774193548388,2.806451612903226,810.3870967741935,0.009991242735451,0.0034631000716503465,36,34
2026-07,巴西,iOS,non-Organic,AI Image,53.67741935483871,18.483870967741936,810.3870967741935,0.06623676458880663,0.02280869357535228,12,14
2026-07,巴西,iOS,non-Organic,AI Repair,40.16129032258065,15.741935483870968,810.3870967741935,0.04955815619775496,0.019425204999601944,16,16
2026-07,巴西,iOS,non-Organic,AI Replace,5.548387096774194,2.3548387096774195,810.3870967741935,0.006846588647400685,0.0029058196003502908,44,37
2026-07,巴西,iOS,non-Organic,AI Retouch,193.48387096774192,62.38709677419355,810.3870967741935,0.23875487620412386,0.0769843165353077,3,5
2026-07,巴西,iOS,non-Organic,AI Tattoo,28.677419354838708,5.838709677419355,810.3870967741935,0.03538730992755354,0.007204840378950721,21,28
2026-07,巴西,iOS,non-Organic,Acne,26.29032258064516,14.096774193548388,810.3870967741935,0.03244168457925324,0.01739511185415174,24,17
2026-07,巴西,iOS,non-Organic,Adjust,65.38709677419355,28.70967741935484,810.3870967741935,0.08068625109465807,0.035427115675503544,9,10
2026-07,巴西,iOS,non-Organic,Background,34.935483870967744,2.5161290322580645,810.3870967741935,0.04310962502985431,0.0031048483401003107,17,35
2026-07,巴西,iOS,non-Organic,Blur,23.129032258064516,11.935483870967742,810.3870967741935,0.028540721280152854,0.014728126741501472,28,18
2026-07,巴西,iOS,non-Organic,Body,61.483870967741936,31.806451612903224,810.3870967741935,0.07586975559270759,0.039248467478703926,10,9
2026-07,巴西,iOS,non-Organic,Bokeh,7.838709677419355,2.096774193548387,810.3870967741935,0.009672796751850968,0.0025873736167502585,37,38
2026-07,巴西,iOS,non-Organic,Brighten,13.258064516129032,6.096774193548387,810.3870967741935,0.016360162407451636,0.007523286362550752,33,26
2026-07,巴西,iOS,non-Organic,Clean Skin,28.045454545454547,16.363636363636363,810.3870967741935,0.034607479138169375,0.02019237032372929,22,15
2026-07,巴西,iOS,non-Organic,Concealer,16.870967741935484,7.741935483870968,810.3870967741935,0.02081840617785208,0.009553379508000956,31,24
2026-07,巴西,iOS,non-Organic,Contour,5.967741935483871,3.161290322580645,810.3870967741935,0.007364063370750736,0.0039009632991003898,43,32
2026-07,巴西,iOS,non-Organic,Crop,29.741935483870968,19.612903225806452,810.3870967741935,0.03670089960990367,0.02420189475360242,19,13
2026-07,巴西,iOS,non-Organic,Dark Circles,13.419354838709678,8.35483870967742,810.3870967741935,0.016559191147201658,0.010309688719051031,32,23
2026-07,巴西,iOS,non-Organic,Details,6.0,2.4193548387096775,810.3870967741935,0.007403869118700741,0.0029854310962502987,42,36
2026-07,巴西,iOS,non-Organic,Effects,59.096774193548384,1.0,810.3870967741935,0.07292413024440729,0.0012339781864501235,11,43
2026-07,巴西,iOS,non-Organic,Eraser,112.96774193548387,60.83870967741935,810.3870967741935,0.13939972932091393,0.0750736406337075,7,6
2026-07,巴西,iOS,non-Organic,Expression,22.93548387096774,4.32258064516129,810.3870967741935,0.028301886792452827,0.005333970225300533,29,29
2026-07,巴西,iOS,non-Organic,Eye Brighten,6.645161290322581,3.6774193548387095,810.3870967741935,0.00819998407770082,0.004537855266300453,39,31
2026-07,巴西,iOS,non-Organic,Face,175.4516129032258,64.09677419354838,810.3870967741935,0.21650346310007162,0.07909402117665791,6,4
2026-07,巴西,iOS,non-Organic,Face Fix,28.870967741935484,6.096774193548387,810.3870967741935,0.035626144415253566,0.007523286362550752,20,26
2026-07,巴西,iOS,non-Organic,Filters,364.7741935483871,136.0,810.3870967741935,0.45012339781864497,0.1678210333572168,1,1
2026-07,巴西,iOS,non-Organic,Flawless,0.0,0.0,810.3870967741935,0.0,0.0,46,45
2026-07,巴西,iOS,non-Organic,Glitter,17.322580645161292,3.096774193548387,810.3870967741935,0.02137568664915214,0.0038213518032003822,30,33
2026-07,巴西,iOS,non-Organic,Glowup,44.61290322580645,8.548387096774194,810.3870967741935,0.055051349414855504,0.010548523206751056,15,22
2026-07,巴西,iOS,non-Organic,Hair,179.83870967741936,46.12903225806452,810.3870967741935,0.2219170448212722,0.0569222195685057,4,7
2026-07,巴西,iOS,non-Organic,Magic,175.80645161290323,65.58064516129032,810.3870967741935,0.2169413263275217,0.08092508558235809,5,3
2026-07,巴西,iOS,non-Organic,Makeup,88.58064516129032,34.096774193548384,810.3870967741935,0.10930658387071093,0.042074675583154204,8,8
2026-07,巴西,iOS,non-Organic,Matte,4.387096774193548,1.7419354838709677,810.3870967741935,0.005413581721200541,0.002149510389300215,45,41
2026-07,巴西,iOS,non-Organic,Muscle,24.419354838709676,6.161290322580645,810.3870967741935,0.030132951198153013,0.00760289785845076,25,25
2026-07,巴西,iOS,non-Organic,Mykit,11.838709677419354,0.0,810.3870967741935,0.014608709497651461,0.0,34,45
2026-07,巴西,iOS,non-Organic,Plump,24.322580645161292,9.161290322580646,810.3870967741935,0.030013533954303003,0.011304832417801131,26,21
2026-07,巴西,iOS,non-Organic,Preset,31.387096774193548,1.8064516129032258,810.3870967741935,0.038730992755353875,0.0022291218852002227,18,40
2026-07,巴西,iOS,non-Organic,Prism,6.129032258064516,2.0,810.3870967741935,0.0075630921105007565,0.002467956372900247,41,39
2026-07,巴西,iOS,non-Organic,Relight,211.48387096774192,114.87096774193549,810.3870967741935,0.26096648356022606,0.1417482684499642,2,2
2026-07,巴西,iOS,non-Organic,Reshape,47.67741935483871,21.70967741935484,810.3870967741935,0.05883289547010589,0.02678926837035268,14,12
2026-07,巴西,iOS,non-Organic,Resize,10.774193548387096,3.774193548387097,810.3870967741935,0.01329511981530133,0.004657272510150466,35,30
2026-07,巴西,iOS,non-Organic,Skin Tone,23.451612903225808,11.419354838709678,810.3870967741935,0.028938778759652894,0.01409123477430141,27,19
2026-07,巴西,iOS,non-Organic,Smooth,48.516129032258064,26.35483870967742,810.3870967741935,0.05986784491680599,0.03252129607515325,13,11
2026-07,巴西,iOS,non-Organic,Stamp,7.709677419354839,1.5161290322580645,810.3870967741935,0.009513573760050952,0.0018708701536501871,38,42
2026-07,巴西,iOS,non-Organic,Teeth,27.838709677419356,11.258064516129032,810.3870967741935,0.03435236048085344,0.013892206034551388,23,20
2026-07,巴西,iOS,non-Organic,Text,6.387096774193548,0.3225806451612903,810.3870967741935,0.007881538094100788,0.0003980574795000398,40,44
2026-07,巴西,iOS,non-Organic,Whiten,0.0,0.0,810.3870967741935,0.0,0.0,46,45
2026-07,整体,Android,Organic,AI Expand,200.25806451612902,89.41935483870968,7143.1612903225805,0.028034935286626504,0.012518176645381553,38,27
2026-07,整体,Android,Organic,AI Image,639.483870967742,110.12903225806451,7143.1612903225805,0.08952392994878929,0.015417408032948275,12,25
2026-07,整体,Android,Organic,AI Repair,547.1290322580645,245.90322580645162,7143.1612903225805,0.07659480305999873,0.034424985774799265,13,16
2026-07,整体,Android,Organic,AI Replace,183.3548387096774,80.61290322580645,7143.1612903225805,0.02566858443446924,0.011285325915154581,39,31
2026-07,整体,Android,Organic,AI Retouch,1656.3225806451612,606.483870967742,7143.1612903225805,0.23187528789096723,0.08490412666299371,4,4
2026-07,整体,Android,Organic,AI Tattoo,202.41935483870967,43.32258064516129,7143.1612903225805,0.028337503048257297,0.006064903042838176,37,41
2026-07,整体,Android,Organic,Acne,462.93548387096774,296.7741935483871,7143.1612903225805,0.06480820816662,0.04154661801497484,18,13
2026-07,整体,Android,Organic,Adjust,695.6451612903226,344.4516129032258,7143.1612903225805,0.0973861758144492,0.04822117251781537,10,11
2026-07,整体,Android,Organic,Background,476.741935483871,60.935483870967744,7143.1612903225805,0.06674102909166449,0.008530604503292119,16,34
2026-07,整体,Android,Organic,Blur,338.83870967741933,158.80645161290323,7143.1612903225805,0.047435399524923455,0.022231956574752302,25,17
2026-07,整体,Android,Organic,Body,516.1290322580645,289.0,7143.1612903225805,0.07225498785213016,0.04045827726045214,14,14
2026-07,整体,Android,Organic,Bokeh,248.19354838709677,117.70967741935483,7143.1612903225805,0.03474561728339309,0.016478653167026437,31,22
2026-07,整体,Android,Organic,Brighten,232.4516129032258,112.6774193548387,7143.1612903225805,0.03254184015390312,0.015774167035468165,33,24
2026-07,整体,Android,Organic,Clean Skin,249.72,157.92,7143.1612903225805,0.03495931140996577,0.022107858633116265,30,18
2026-07,整体,Android,Organic,Collarbone,0.0,0.0,7143.1612903225805,0.0,0.0,46,45
2026-07,整体,Android,Organic,Concealer,345.2258064516129,144.70967741935485,7143.1612903225805,0.04832955499959357,0.020258492219040997,24,19
2026-07,整体,Android,Organic,Contour,142.0,65.70967741935483,7143.1612903225805,0.01987915353281731,0.009198963140924322,42,33
2026-07,整体,Android,Organic,Crop,456.64516129032256,325.2903225806452,7143.1612903225805,0.06392760050217217,0.04553870609380504,20,12
2026-07,整体,Android,Organic,Dark Circles,223.1290322580645,135.48387096774192,7143.1612903225805,0.031236734435824025,0.018966934311184167,35,20
2026-07,整体,Android,Organic,Details,135.09677419354838,56.29032258064516,7143.1612903225805,0.01891274307029507,0.007880309612622946,44,35
2026-07,整体,Android,Organic,Effects,485.3225806451613,21.903225806451612,7143.1612903225805,0.06794226826470615,0.003066321046974774,15,43
2026-07,整体,Android,Organic,Eraser,779.741935483871,347.19354838709677,7143.1612903225805,0.10915922289760566,0.04860502714077981,8,10
2026-07,整体,Android,Organic,Expression,278.96774193548384,71.96774193548387,7143.1612903225805,0.039053820934076354,0.010075054868631401,28,32
2026-07,整体,Android,Organic,Eye Brighten,161.96774193548387,94.2258064516129,7143.1612903225805,0.0226745183753466,0.013191051219754514,40,26
2026-07,整体,Android,Organic,Face,1732.4193548387098,697.9677419354839,7143.1612903225805,0.2425283826624157,0.09771132325978378,3,2
2026-07,整体,Android,Organic,Face Fix,363.3225806451613,89.12903225806451,7143.1612903225805,0.05086299551115888,0.012477533214714728,22,28
2026-07,整体,Android,Organic,Filters,2154.6451612903224,610.1935483870968,7143.1612903225805,0.30163747866219887,0.0854234593881809,1,3
2026-07,整体,Android,Organic,Flawless,0.0,0.0,7143.1612903225805,0.0,0.0,46,45
2026-07,整体,Android,Organic,Glitter,288.8709677419355,45.225806451612904,7143.1612903225805,0.0404402135134891,0.006331343310542906,27,40
2026-07,整体,Android,Organic,Glowup,421.38709677419354,115.74193548387096,7143.1612903225805,0.05899168164452352,0.016203181025840188,21,23
2026-07,整体,Android,Organic,Hair,1213.7096774193549,388.1290322580645,7143.1612903225805,0.16991211987102486,0.054335750864801885,5,8
2026-07,整体,Android,Organic,Magic,1762.225806451613,826.3225806451613,7143.1612903225805,0.24670110821087618,0.1156802355512604,2,1
2026-07,整体,Android,Organic,Makeup,1066.1935483870968,465.741935483871,7143.1612903225805,0.1492607411555379,0.06520109466306596,7,7
2026-07,整体,Android,Organic,Matte,137.03225806451613,54.61290322580645,7143.1612903225805,0.01918369927474056,0.0076454809021035235,43,37
2026-07,整体,Android,Organic,Muscle,213.74193548387098,55.54838709677419,7143.1612903225805,0.02992259684426341,0.007776443067585509,36,36
2026-07,整体,Android,Organic,Mykit,356.7741935483871,0.0,7143.1612903225805,0.049946260352784974,0.0,23,45
2026-07,整体,Android,Organic,Plump,266.48387096774195,85.64516129032258,7143.1612903225805,0.03730615341540296,0.01198981204671285,29,30
2026-07,整体,Android,Organic,Preset,473.93548387096774,53.29032258064516,7143.1612903225805,0.06634814259521853,0.00746032749573244,17,38
2026-07,整体,Android,Organic,Prism,127.29032258064517,46.225806451612904,7143.1612903225805,0.017819886379031605,0.006471337349506408,45,39
2026-07,整体,Android,Organic,Relight,1200.0,542.516129032258,7143.1612903225805,0.16799284675620263,0.07594902410607032,6,5
2026-07,整体,Android,Organic,Reshape,657.258064516129,353.7096774193548,7143.1612903225805,0.09201221109294701,0.049517246362412955,11,9
2026-07,整体,Android,Organic,Resize,231.16129032258064,88.48387096774194,7143.1612903225805,0.0323612026842728,0.012387214479899565,34,29
2026-07,整体,Android,Organic,Skin Tone,456.741935483871,282.0,7143.1612903225805,0.06394114831239445,0.03947831898770762,19,15
2026-07,整体,Android,Organic,Smooth,770.6451612903226,508.5806451612903,7143.1612903225805,0.10788572873671186,0.07119825865479276,9,6
2026-07,整体,Android,Organic,Stamp,151.67741935483872,28.451612903225808,7143.1612903225805,0.021233934555044756,0.003983056205348676,41,42
2026-07,整体,Android,Organic,Teeth,315.93548387096774,129.19354838709677,7143.1612903225805,0.044229084438985176,0.01808632664673633,26,21
2026-07,整体,Android,Organic,Text,239.25806451612902,18.774193548387096,7143.1612903225805,0.03349470280620309,0.002628275183121235,32,44
2026-07,整体,Android,Organic,Whiten,0.0,0.0,7143.1612903225805,0.0,0.0,46,45
2026-07,整体,Android,non-Organic,AI Expand,131.3548387096774,55.38709677419355,7531.709677419355,0.017440241901980014,0.007353854456213086,37,31
2026-07,整体,Android,non-Organic,AI Image,657.3548387096774,102.7741935483871,7531.709677419355,0.08727830291712887,0.013645533079496152,9,19
2026-07,整体,Android,non-Organic,AI Repair,405.35483870967744,153.7741935483871,7531.709677419355,0.053819764179833224,0.020416904014425034,15,16
2026-07,整体,Android,non-Organic,AI Replace,115.93548387096774,48.806451612903224,7531.709677419355,0.015392983643348766,0.006480129174286779,38,33
2026-07,整体,Android,non-Organic,AI Retouch,1881.1612903225807,550.3870967741935,7531.709677419355,0.24976550755301244,0.07307598411875811,3,5
2026-07,整体,Android,non-Organic,AI Tattoo,273.7096774193548,62.645161290322584,7531.709677419355,0.03634097557423881,0.008317522046572984,26,28
2026-07,整体,Android,non-Organic,Acne,314.06451612903226,172.70967741935485,7531.709677419355,0.04169896737663984,0.0229310056834973,22,14
2026-07,整体,Android,non-Organic,Adjust,496.7741935483871,204.80645161290323,7531.709677419355,0.06595769285129967,0.02719255791642218,13,13
2026-07,整体,Android,non-Organic,Background,378.0,44.645161290322584,7531.709677419355,0.05018780810594347,0.005927626422480438,17,35
2026-07,整体,Android,non-Organic,Blur,213.06451612903226,99.58064516129032,7531.709677419355,0.02828899748589833,0.013221519339737796,31,21
2026-07,整体,Android,non-Organic,Body,564.5806451612904,286.5806451612903,7531.709677419355,0.07496048962879524,0.038049879434477026,11,9
2026-07,整体,Android,non-Organic,Bokeh,106.64516129032258,28.516129032258064,7531.709677419355,0.014159489127688097,0.003786142888347331,41,41
2026-07,整体,Android,non-Organic,Brighten,177.16129032258064,78.48387096774194,7531.709677419355,0.023522055138918037,0.010420458877091693,33,25
2026-07,整体,Android,non-Organic,Clean Skin,185.44,107.24,7531.709677419355,0.024621235807317877,0.014238467040426925,32,18
2026-07,整体,Android,non-Organic,Collarbone,0.0,0.0,7531.709677419355,0.0,0.0,46,45
2026-07,整体,Android,non-Organic,Concealer,305.258064516129,125.35483870967742,7531.709677419355,0.040529717367003164,0.0166436100272825,23,17
2026-07,整体,Android,non-Organic,Contour,99.96774193548387,46.41935483870968,7531.709677419355,0.01327291494455699,0.006163189611235079,42,34
2026-07,整体,Android,non-Organic,Crop,367.06451612903226,248.58064516129033,7531.709677419355,0.048735882269801224,0.03300454422805943,18,12
2026-07,整体,Android,non-Organic,Dark Circles,174.93548387096774,90.12903225806451,7531.709677419355,0.023226530411207667,0.011966609988735796,34,22
2026-07,整体,Android,non-Organic,Details,92.61290322580645,29.967741935483872,7531.709677419355,0.012296398452992295,0.003978876406419311,44,39
2026-07,整体,Android,non-Organic,Effects,397.0,20.225806451612904,7531.709677419355,0.05271047570915227,0.002685420351802915,16,42
2026-07,整体,Android,non-Organic,Eraser,772.516129032258,334.2903225806452,7531.709677419355,0.10256849535083924,0.044384387728442755,8,8
2026-07,整体,Android,non-Organic,Expression,254.03225806451613,59.903225806451616,7531.709677419355,0.03372836566259642,0.007953469845770356,27,29
2026-07,整体,Android,non-Organic,Eye Brighten,108.74193548387096,50.38709677419355,7531.709677419355,0.0144378819871254,0.006689994560631823,40,32
2026-07,整体,Android,non-Organic,Face,1825.3225806451612,643.0,7531.709677419355,0.24235169155784358,0.08537238257175041,4,1
2026-07,整体,Android,non-Organic,Face Fix,322.7741935483871,80.61290322580645,7531.709677419355,0.04285536848507172,0.010703134703597263,21,24
2026-07,整体,Android,non-Organic,Filters,2144.0967741935483,565.4193548387096,7531.709677419355,0.2846759721264503,0.07507184677257016,2,4
2026-07,整体,Android,non-Organic,Flawless,0.0,0.0,7531.709677419355,0.0,0.0,46,45
2026-07,整体,Android,non-Organic,Glitter,224.29032258064515,36.483870967741936,7531.709677419355,0.02977947002565497,0.004844035754209086,30,36
2026-07,整体,Android,non-Organic,Glowup,422.6774193548387,80.83870967741936,7531.709677419355,0.056119717495492175,0.010733115473075127,14,23
2026-07,整体,Android,non-Organic,Hair,2417.0967741935483,571.3225806451613,7531.709677419355,0.32092272242518727,0.07585562974606289,1,3
2026-07,整体,Android,non-Organic,Magic,1620.483870967742,642.6129032258065,7531.709677419355,0.21515485067435317,0.0853209869669312,5,2
2026-07,整体,Android,non-Organic,Makeup,1034.0645161290322,427.7741935483871,7531.709677419355,0.13729479234034167,0.05679642629227823,7,7
2026-07,整体,Android,non-Organic,Matte,97.64516129032258,31.258064516129032,7531.709677419355,0.012964541315641823,0.00415019508914996,43,37
2026-07,整体,Android,non-Organic,Muscle,280.0,69.16129032258064,7531.709677419355,0.03717615415255072,0.009182681394362758,25,26
2026-07,整体,Android,non-Organic,Mykit,243.67741935483872,0.0,7531.709677419355,0.032353533233682966,0.0,28,45
2026-07,整体,Android,non-Organic,Plump,231.32258064516128,67.64516129032258,7531.709677419355,0.030713156846537006,0.008981381942154245,29,27
2026-07,整体,Android,non-Organic,Preset,366.5483870967742,30.612903225806452,7531.709677419355,0.048667354796708966,0.004064535747784635,19,38
2026-07,整体,Android,non-Organic,Prism,82.74193548387096,29.483870967741936,7531.709677419355,0.010985810530102834,0.003914631900395318,45,40
2026-07,整体,Android,non-Organic,Relight,1135.8064516129032,469.1290322580645,7531.709677419355,0.15080327047365333,0.06228719007379552,6,6
2026-07,整体,Android,non-Organic,Reshape,619.6129032258065,281.1290322580645,7531.709677419355,0.0822672314472574,0.037326057999940036,10,11
2026-07,整体,Android,non-Organic,Resize,154.83870967741936,56.96774193548387,7531.709677419355,0.020558241927677818,0.00756371984255813,35,30
2026-07,整体,Android,non-Organic,Skin Tone,325.4193548387097,167.1290322580645,7531.709677419355,0.04320657178466955,0.022190052380687244,20,15
2026-07,整体,Android,non-Organic,Smooth,519.8064516129032,281.7096774193548,7531.709677419355,0.06901573133804173,0.03740315140716883,12,10
2026-07,整体,Android,non-Organic,Stamp,112.51612903225806,18.64516129032258,7531.709677419355,0.014938989134112547,0.0024755549654578704,39,43
2026-07,整体,Android,non-Organic,Teeth,299.96774193548384,101.35483870967742,7531.709677419355,0.0398273107678075,0.013457082528492438,24,20
2026-07,整体,Android,non-Organic,Text,152.19354838709677,10.258064516129032,7531.709677419355,0.020207038628079987,0.0013619835277086554,36,44
2026-07,整体,Android,non-Organic,Whiten,0.0,0.0,7531.709677419355,0.0,0.0,46,45
2026-07,整体,iOS,Organic,AI Expand,297.0967741935484,119.35483870967742,19599.0,0.015158772090083596,0.0060898432935189255,41,31
2026-07,整体,iOS,Organic,AI Image,1121.3225806451612,225.6451612903226,19599.0,0.05721325479081388,0.011513095631936456,18,27
2026-07,整体,iOS,Organic,AI Repair,1066.0,349.80645161290323,19599.0,0.05439053012908822,0.01784817856078898,19,23
2026-07,整体,iOS,Organic,AI Replace,227.67741935483872,95.83870967741936,19599.0,0.011616787558285562,0.004889979574336413,44,35
2026-07,整体,iOS,Organic,AI Retouch,4796.645161290323,1847.6129032258063,19599.0,0.24473928064137573,0.09427077418367295,5,6
2026-07,整体,iOS,Organic,AI Tattoo,421.2258064516129,70.09677419354838,19599.0,0.02149220911534328,0.003576548507247736,36,40
2026-07,整体,iOS,Organic,Acne,1848.225806451613,1328.5483870967741,19599.0,0.09430204635193698,0.06778653947123701,12,8
2026-07,整体,iOS,Organic,Adjust,1812.5806451612902,796.3225806451613,19599.0,0.09248332288184552,0.040630776092921136,13,13
2026-07,整体,iOS,Organic,Background,979.9677419354839,73.90322580645162,19599.0,0.05000090524697606,0.003770765131203205,22,39
2026-07,整体,iOS,Organic,Blur,799.0967741935484,456.48387096774195,19599.0,0.04077232380190563,0.023291181742320626,28,19
2026-07,整体,iOS,Organic,Body,2070.1290322580644,1290.1935483870968,19599.0,0.10562421716710364,0.06582956009934675,10,10
2026-07,整体,iOS,Organic,Bokeh,297.3225806451613,82.38709677419355,19599.0,0.015170293415233495,0.004203637776120902,40,37
2026-07,整体,iOS,Organic,Brighten,664.8709677419355,330.64516129032256,19599.0,0.0339237189520861,0.016870511826640264,30,24
2026-07,整体,iOS,Organic,Clean Skin,1033.8260869565217,658.3913043478261,19599.0,0.052748920197791815,0.033593107013002,20,16
2026-07,整体,iOS,Organic,Concealer,881.483870967742,390.5483870967742,19599.0,0.04497596157802653,0.01992695479854963,25,21
2026-07,整体,iOS,Organic,Contour,366.6774193548387,185.19354838709677,19599.0,0.018708986139845844,0.009449132526511392,37,28
2026-07,整体,iOS,Organic,Crop,814.3225806451613,572.0967741935484,19599.0,0.0415491902977275,0.02919010021906977,27,17
2026-07,整体,iOS,Organic,Dark Circles,740.5483870967741,531.516129032258,19599.0,0.03778500878089566,0.027119553499273332,29,18
2026-07,整体,iOS,Organic,Details,358.8709677419355,119.16129032258064,19599.0,0.01831067747037785,0.006079967871961868,38,32
2026-07,整体,iOS,Organic,Effects,1569.3225806451612,23.322580645161292,19599.0,0.0800715638882168,0.001189988297625455,14,43
2026-07,整体,iOS,Organic,Eraser,2059.483870967742,1047.1290322580646,19599.0,0.10508106898146548,0.0534276765272751,11,11
2026-07,整体,iOS,Organic,Expression,588.8387096774194,110.74193548387096,19599.0,0.03004432418375526,0.005650387034229857,31,33
2026-07,整体,iOS,Organic,Eye Brighten,452.96774193548384,295.0967741935484,19599.0,0.02311177825070074,0.015056726067327334,35,25
2026-07,整体,iOS,Organic,Face,5652.806451612903,2462.967741935484,19599.0,0.28842320789902054,0.12566803112074512,2,2
2026-07,整体,iOS,Organic,Face Fix,979.8709677419355,149.48387096774192,19599.0,0.04999596753619753,0.007627117249234243,23,30
2026-07,整体,iOS,Organic,Filters,7004.4838709677415,1909.4516129032259,19599.0,0.3573898602463259,0.09742597137115291,1,5
2026-07,整体,iOS,Organic,Flawless,0.0,0.0,19599.0,0.0,0.0,46,45
2026-07,整体,iOS,Organic,Glitter,519.0645161290323,82.61290322580645,19599.0,0.026484234712435956,0.004215159101270802,33,36
2026-07,整体,iOS,Organic,Glowup,1463.8709677419354,446.0,19599.0,0.07469110504321319,0.022756263074646666,16,20
2026-07,整体,iOS,Organic,Hair,2417.8064516129034,725.1290322580645,19599.0,0.123363766090765,0.03699826686351674,9,14
2026-07,整体,iOS,Organic,Magic,4998.0,2383.451612903226,19599.0,0.2550130108679014,0.12161087876438725,4,3
2026-07,整体,iOS,Organic,Makeup,2979.3225806451615,1290.3548387096773,19599.0,0.15201400993138228,0.06583778961731095,6,9
2026-07,整体,iOS,Organic,Matte,328.258064516129,159.5483870967742,19599.0,0.01674871496076989,0.008140639170201245,39,29
2026-07,整体,iOS,Organic,Muscle,461.96774193548384,110.51612903225806,19599.0,0.023570985353103927,0.005638865709079956,34,34
2026-07,整体,iOS,Organic,Mykit,558.6451612903226,0.0,19599.0,0.028503758420854255,0.0,32,45
2026-07,整体,iOS,Organic,Plump,883.8387096774194,270.258064516129,19599.0,0.045096112540304066,0.013789380300838257,24,26
2026-07,整体,iOS,Organic,Preset,1182.0967741935483,79.06451612903226,19599.0,0.060314137159730004,0.004034109706058078,17,38
2026-07,整体,iOS,Organic,Prism,187.09677419354838,49.774193548387096,19599.0,0.009546240838489126,0.002539629243756676,45,41
2026-07,整体,iOS,Organic,Relight,5597.8387096774195,3107.967741935484,19599.0,0.2856185881768161,0.15857787345963997,3,1
2026-07,整体,iOS,Organic,Reshape,2496.2258064516127,1690.6129032258063,19599.0,0.1273649577249662,0.08626016139730631,8,7
2026-07,整体,iOS,Organic,Resize,830.7096774193549,359.80645161290323,19599.0,0.04238530932289172,0.018358408674570295,26,22
2026-07,整体,iOS,Organic,Skin Tone,1476.225806451613,949.3225806451613,19599.0,0.07532148611927206,0.04843729683377526,15,12
2026-07,整体,iOS,Organic,Smooth,2955.935483870968,2122.5806451612902,19599.0,0.15082072982657113,0.1083004564090663,7,4
2026-07,整体,iOS,Organic,Stamp,228.32258064516128,47.45161290322581,19599.0,0.011649705630142419,0.0024211241850719835,43,42
2026-07,整体,iOS,Organic,Teeth,1003.7096774193549,661.483870967742,19599.0,0.05121229029130848,0.03375089907483759,21,15
2026-07,整体,iOS,Organic,Text,269.48387096774195,20.06451612903226,19599.0,0.013749878614610028,0.0010237520347483168,42,44
2026-07,整体,iOS,Organic,Whiten,0.0,0.0,19599.0,0.0,0.0,46,45
2026-07,整体,iOS,non-Organic,AI Expand,54.41935483870968,18.322580645161292,4585.419354838709,0.0118679123167403,0.00399583532656105,39,37
2026-07,整体,iOS,non-Organic,AI Image,279.741935483871,66.09677419354838,4585.419354838709,0.0610068379435518,0.01441455384528801,15,20
2026-07,整体,iOS,non-Organic,AI Repair,250.19354838709677,86.6774193548387,4585.419354838709,0.054562849987337146,0.01890283366631961,16,19
2026-07,整体,iOS,non-Organic,AI Replace,50.74193548387097,22.838709677419356,4585.419354838709,0.011065931282888259,0.004980724315502154,41,34
2026-07,整体,iOS,non-Organic,AI Retouch,1074.258064516129,319.7096774193548,4585.419354838709,0.23427695078369026,0.06972310549568056,4,5
2026-07,整体,iOS,non-Organic,AI Tattoo,150.51612903225808,32.87096774193548,4585.419354838709,0.03282494301713707,0.007168584855221319,26,30
2026-07,整体,iOS,non-Organic,Acne,207.2258064516129,110.48387096774194,4585.419354838709,0.0451923347496975,0.024094605622309143,19,15
2026-07,整体,iOS,non-Organic,Adjust,316.6774193548387,117.93548387096774,4585.419354838709,0.06906182288882011,0.025719672454061968,14,13
2026-07,整体,iOS,non-Organic,Background,207.2258064516129,17.838709677419356,4585.419354838709,0.0451923347496975,0.00389031150631736,19,38
2026-07,整体,iOS,non-Organic,Blur,116.19354838709677,55.25806451612903,4585.419354838709,0.025339786701184683,0.012050820271829361,30,23
2026-07,整体,iOS,non-Organic,Body,479.4516129032258,263.64516129032256,4585.419354838709,0.10456003601879732,0.057496412190111715,8,7
2026-07,整体,iOS,non-Organic,Bokeh,42.806451612903224,9.741935483870968,4585.419354838709,0.009335340630891748,0.0021245462475729523,43,40
2026-07,整体,iOS,non-Organic,Brighten,106.09677419354838,49.70967741935484,4585.419354838709,0.02313785631876636,0.010840813799701721,34,25
2026-07,整体,iOS,non-Organic,Clean Skin,203.5909090909091,115.13636363636364,4585.419354838709,0.04439962702126082,0.025109233142409836,22,14
2026-07,整体,iOS,non-Organic,Concealer,142.7741935483871,60.645161290322584,4585.419354838709,0.03113656189323804,0.013225652137209108,28,21
2026-07,整体,iOS,non-Organic,Contour,54.806451612903224,27.70967741935484,4585.419354838709,0.01195233137293525,0.006042997439288629,38,32
2026-07,整体,iOS,non-Organic,Crop,145.19354838709677,92.41935483870968,4585.419354838709,0.03166418099445648,0.02015504966654473,27,17
2026-07,整体,iOS,non-Organic,Dark Circles,99.0,57.483870967741936,4585.419354838709,0.02159017362185891,0.012536229844950335,35,22
2026-07,整体,iOS,non-Organic,Details,58.0,19.322580645161292,4585.419354838709,0.012648788586543603,0.004213917888398008,37,36
2026-07,整体,iOS,non-Organic,Effects,330.80645161290323,6.838709677419355,4585.419354838709,0.07214311843993584,0.0014914033261108142,13,43
2026-07,整体,iOS,non-Organic,Eraser,407.2903225806452,196.06451612903226,4585.419354838709,0.0888229169597884,0.04275825196274306,9,10
2026-07,整体,iOS,non-Organic,Expression,135.90322580645162,29.225806451612904,4585.419354838709,0.029638123645777642,0.006373638742718857,29,31
2026-07,整体,iOS,non-Organic,Eye Brighten,67.61290322580645,37.54838709677419,4585.419354838709,0.014745195148718238,0.00818864845091032,36,28
2026-07,整体,iOS,non-Organic,Face,1122.1290322580646,452.19354838709677,4585.419354838709,0.24471677406646597,0.0986155274784028,3,3
2026-07,整体,iOS,non-Organic,Face Fix,205.1290322580645,34.54838709677419,4585.419354838709,0.044735064861974844,0.007534400765399443,21,29
2026-07,整体,iOS,non-Organic,Filters,1724.9354838709678,461.61290322580646,4585.419354838709,0.3761783493260546,0.10066972451247996,1,2
2026-07,整体,iOS,non-Organic,Flawless,0.0,0.0,4585.419354838709,0.0,0.0,46,45
2026-07,整体,iOS,non-Organic,Glitter,112.25806451612904,23.06451612903226,4585.419354838709,0.024481526296536008,0.005029968764949208,32,33
2026-07,整体,iOS,non-Organic,Glowup,373.2258064516129,94.83870967741936,4585.419354838709,0.08139404001463264,0.02068266876776318,11,16
2026-07,整体,iOS,non-Organic,Hair,1045.0,289.35483870967744,4585.419354838709,0.22789627711962182,0.06310324450572644,5,6
2026-07,整体,iOS,non-Organic,Magic,956.741935483871,362.258064516129,4585.419354838709,0.20864873230717282,0.07900216675577568,6,4
2026-07,整体,iOS,non-Organic,Makeup,532.516129032258,199.6451612903226,4585.419354838709,0.11613248163885528,0.04353912823254637,7,9
2026-07,整体,iOS,non-Organic,Matte,49.25806451612903,22.516129032258064,4585.419354838709,0.01074232490080761,0.00491037510200636,42,35
2026-07,整体,iOS,non-Organic,Muscle,181.51612903225808,50.83870967741935,4585.419354838709,0.03958550243408279,0.011087036046936996,24,24
2026-07,整体,iOS,non-Organic,Mykit,108.2258064516129,0.0,4585.419354838709,0.02360216112783859,0.0,33,45
2026-07,整体,iOS,non-Organic,Plump,160.93548387096774,48.774193548387096,4585.419354838709,0.03509722261305119,0.01063680108056392,25,26
2026-07,整体,iOS,non-Organic,Preset,207.29032258064515,10.709677419354838,4585.419354838709,0.04520640459239666,0.0023355938880603314,18,39
2026-07,整体,iOS,non-Organic,Prism,31.677419354838708,9.64516129032258,4585.419354838709,0.006908292765286884,0.0021034414835242143,45,41
2026-07,整体,iOS,non-Organic,Relight,1357.1290322580646,703.7096774193549,4585.419354838709,0.2959661760981513,0.1534668092410727,2,1
2026-07,整体,iOS,non-Organic,Reshape,355.16129032258067,167.6451612903226,4585.419354838709,0.07745448405886823,0.03656048625376369,12,11
2026-07,整体,iOS,non-Organic,Resize,115.58064516129032,46.064516129032256,4585.419354838709,0.025206123195542676,0.010045867687199258,31,27
2026-07,整体,iOS,non-Organic,Skin Tone,232.5483870967742,133.8709677419355,4585.419354838709,0.050714748009117266,0.029194923600754145,17,12
2026-07,整体,iOS,non-Organic,Smooth,386.4516129032258,223.06451612903226,4585.419354838709,0.08427835776796015,0.04864648113234094,10,8
2026-07,整体,iOS,non-Organic,Stamp,42.45161290322581,8.709677419354838,4585.419354838709,0.009257956496046375,0.0018994287643864143,44,42
2026-07,整体,iOS,non-Organic,Teeth,198.93548387096774,87.35483870967742,4585.419354838709,0.04338435996285562,0.019050567014660777,23,18
2026-07,整体,iOS,non-Organic,Text,53.74193548387097,3.129032258064516,4585.419354838709,0.011720178968399135,0.0006823873709091932,40,44
2026-07,整体,iOS,non-Organic,Whiten,0.0,0.0,4585.419354838709,0.0,0.0,46,45
2026-07,美国,Android,Organic,AI Expand,10.516129032258064,4.935483870967742,759.7741935483871,0.013841124272916401,0.006495987772258311,42,35
2026-07,美国,Android,Organic,AI Image,45.54838709677419,7.67741935483871,759.7741935483871,0.059949900225024416,0.010104869867957373,10,22
2026-07,美国,Android,Organic,AI Repair,29.580645161290324,13.419354838709678,759.7741935483871,0.03893346919712988,0.01766229355071541,21,16
2026-07,美国,Android,Organic,AI Replace,13.161290322580646,6.096774193548387,759.7741935483871,0.017322634059355496,0.008024455483377914,37,29
2026-07,美国,Android,Organic,AI Retouch,151.03225806451613,53.58064516129032,759.7741935483871,0.19878571731838832,0.07052180189360166,3,3
2026-07,美国,Android,Organic,AI Tattoo,13.0,2.3548387096774195,759.7741935483871,0.01711034687725555,0.0030993928586591944,38,43
2026-07,美国,Android,Organic,Acne,31.29032258064516,18.129032258064516,759.7741935483871,0.04118371332738929,0.023861079268033797,20,14
2026-07,美国,Android,Organic,Adjust,34.38709677419355,17.032258064516128,759.7741935483871,0.045259627223708236,0.02241752642975417,13,15
2026-07,美国,Android,Organic,Background,31.838709677419356,5.354838709677419,759.7741935483871,0.041905489746529107,0.007047934445718168,18,34
2026-07,美国,Android,Organic,Blur,14.096774193548388,6.774193548387097,759.7741935483871,0.01855389971553518,0.008916061648197682,35,27
2026-07,美国,Android,Organic,Body,35.74193548387097,19.35483870967742,759.7741935483871,0.04704283955334777,0.02547446185199338,12,12
2026-07,美国,Android,Organic,Bokeh,10.064516129032258,4.161290322580645,759.7741935483871,0.013246720163036557,0.005477009298178576,43,38
2026-07,美国,Android,Organic,Brighten,18.129032258064516,8.612903225806452,759.7741935483871,0.023861079268033797,0.011336135524137054,30,21
2026-07,美国,Android,Organic,Clean Skin,11.84,7.44,759.7741935483871,0.015583577463592749,0.009792383135906255,40,23
2026-07,美国,Android,Organic,Concealer,33.483870967741936,13.387096774193548,759.7741935483871,0.04407081900394854,0.01761983611429542,16,17
2026-07,美国,Android,Organic,Contour,11.838709677419354,5.612903225806452,759.7741935483871,0.015581879166135949,0.00738759393707808,41,32
2026-07,美国,Android,Organic,Crop,31.419354838709676,23.483870967741936,759.7741935483871,0.041353543073069245,0.030909013713751966,19,10
2026-07,美国,Android,Organic,Dark Circles,16.806451612903224,9.161290322580646,759.7741935483871,0.022120324374814246,0.012057911943276866,31,20
2026-07,美国,Android,Organic,Details,13.548387096774194,5.645161290322581,759.7741935483871,0.017832123296395365,0.007430051373498068,36,31
2026-07,美国,Android,Organic,Effects,34.16129032258065,2.935483870967742,759.7741935483871,0.04496242516876831,0.003863626714218996,14,40
2026-07,美国,Android,Organic,Eraser,61.16129032258065,24.548387096774192,759.7741935483871,0.08049929945229907,0.0323101091156116,8,9
2026-07,美国,Android,Organic,Expression,20.161290322580644,5.838709677419355,759.7741935483871,0.0265358977624931,0.007684795992018002,26,30
2026-07,美国,Android,Organic,Eye Brighten,14.35483870967742,7.387096774193548,759.7741935483871,0.01889355920689509,0.009722752940177472,34,24
2026-07,美国,Android,Organic,Face,141.70967741935485,56.0,759.7741935483871,0.18651551819301151,0.07370610962510084,4,2
2026-07,美国,Android,Organic,Face Fix,26.161290322580644,7.032258064516129,759.7741935483871,0.03443298093661105,0.009255721139557594,25,25
2026-07,美国,Android,Organic,Filters,156.83870967741936,43.516129032258064,759.7741935483871,0.20642805587398633,0.05727508173056511,1,4
2026-07,美国,Android,Organic,Flawless,0.0,0.0,759.7741935483871,0.0,0.0,46,45
2026-07,美国,Android,Organic,Glitter,19.93548387096774,4.290322580645161,759.7741935483871,0.026238695707553175,0.005646839043858531,27,37
2026-07,美国,Android,Organic,Glowup,28.258064516129032,9.32258064516129,759.7741935483871,0.03719271430391033,0.01227019912537681,22,19
2026-07,美国,Android,Organic,Hair,106.25806451612904,35.354838709677416,759.7741935483871,0.13985479556744365,0.0465333503163079,5,7
2026-07,美国,Android,Organic,Magic,153.25806451612902,71.6774193548387,759.7741935483871,0.20171528043136755,0.09434042372521546,2,1
2026-07,美国,Android,Organic,Makeup,90.7741935483871,38.16129032258065,759.7741935483871,0.11947522608584894,0.050227147284846944,6,5
2026-07,美国,Android,Organic,Matte,12.290322580645162,4.645161290322581,759.7741935483871,0.016176283276015797,0.006113870844478411,39,36
2026-07,美国,Android,Organic,Muscle,15.903225806451612,4.161290322580645,759.7741935483871,0.020931516155054557,0.005477009298178576,32,38
2026-07,美国,Android,Organic,Mykit,26.225806451612904,0.0,759.7741935483871,0.03451789580945103,0.0,24,45
2026-07,美国,Android,Organic,Plump,18.451612903225808,6.580645161290323,759.7741935483871,0.02428565363223369,0.008661317029677748,29,28
2026-07,美国,Android,Organic,Preset,33.064516129032256,5.516129032258065,759.7741935483871,0.043518872330488685,0.007260221627818113,17,33
2026-07,美国,Android,Organic,Prism,6.967741935483871,2.3870967741935485,759.7741935483871,0.009170806266717615,0.003141850295079183,45,42
2026-07,美国,Android,Organic,Relight,76.7741935483871,34.45161290322581,759.7741935483871,0.10104869867957374,0.045344542096548215,7,8
2026-07,美国,Android,Organic,Reshape,39.03225806451613,20.032258064516128,759.7741935483871,0.05137349806818664,0.026366068016813144,11,11
2026-07,美国,Android,Organic,Resize,15.451612903225806,6.838709677419355,759.7741935483871,0.020337112045174712,0.00900097652103766,33,26
2026-07,美国,Android,Organic,Skin Tone,33.67741935483871,19.06451612903226,759.7741935483871,0.04432556362246848,0.02509234492421348,15,13
2026-07,美国,Android,Organic,Smooth,56.0,35.54838709677419,759.7741935483871,0.07370610962510084,0.046788094934827835,9,6
2026-07,美国,Android,Organic,Stamp,9.548387096774194,2.5483870967741935,759.7741935483871,0.012567401180316733,0.003354137477179128,44,41
2026-07,美国,Android,Organic,Teeth,26.548387096774192,11.129032258064516,759.7741935483871,0.034942470173650916,0.014647815564896192,23,18
2026-07,美国,Android,Organic,Text,18.774193548387096,1.5806451612903225,759.7741935483871,0.024710227996433576,0.002080414384579459,28,44
2026-07,美国,Android,Organic,Whiten,0.0,0.0,759.7741935483871,0.0,0.0,46,45
2026-07,美国,Android,non-Organic,AI Expand,4.806451612903226,1.8709677419354838,317.1290322580645,0.0151561387447869,0.0058997050147492625,42,36
2026-07,美国,Android,non-Organic,AI Image,21.967741935483872,2.7419354838709675,317.1290322580645,0.06927067439731462,0.008646119418167023,12,32
2026-07,美国,Android,non-Organic,AI Repair,21.612903225806452,9.483870967741936,317.1290322580645,0.06815176482555182,0.029905401281660058,13,17
2026-07,美国,Android,non-Organic,AI Replace,6.903225806451613,3.225806451612903,317.1290322580645,0.02176787712338521,0.010171905197843556,35,30
2026-07,美国,Android,non-Organic,AI Retouch,65.61290322580645,24.06451612903226,317.1290322580645,0.20689655172413793,0.07588241277591294,4,4
2026-07,美国,Android,non-Organic,AI Tattoo,6.387096774193548,0.9354838709677419,317.1290322580645,0.02014037229173024,0.0029498525073746312,38,42
2026-07,美国,Android,non-Organic,Acne,17.741935483870968,12.161290322580646,317.1290322580645,0.05594547858813956,0.038348082595870206,19,13
2026-07,美国,Android,non-Organic,Adjust,20.29032258064516,7.548387096774194,317.1290322580645,0.06398128369443597,0.023802258162953924,16,18
2026-07,美国,Android,non-Organic,Background,16.580645161290324,2.870967741935484,317.1290322580645,0.052283592716915885,0.009052995626080765,20,31
2026-07,美国,Android,non-Organic,Blur,12.129032258064516,6.354838709677419,317.1290322580645,0.03824636354389177,0.020038653239751805,26,20
2026-07,美国,Android,non-Organic,Body,27.870967741935484,16.096774193548388,317.1290322580645,0.08788526090936832,0.05075780693723935,11,8
2026-07,美国,Android,non-Organic,Bokeh,4.32258064516129,0.7419354838709677,317.1290322580645,0.013630352965110365,0.002339538195504018,43,43
2026-07,美国,Android,non-Organic,Brighten,9.580645161290322,5.290322580645161,317.1290322580645,0.03021055843759536,0.016681924524463432,31,24
2026-07,美国,Android,non-Organic,Clean Skin,15.083333333333334,9.75,317.1290322580645,0.0475621333875835,0.030744583460482148,22,16
2026-07,美国,Android,non-Organic,Concealer,14.838709677419354,5.741935483870968,317.1290322580645,0.04679076391008036,0.01810599125216153,23,22
2026-07,美国,Android,non-Organic,Contour,5.838709677419355,2.5806451612903225,317.1290322580645,0.018411148408096836,0.008137524158274845,39,33
2026-07,美国,Android,non-Organic,Crop,16.129032258064516,12.838709677419354,317.1290322580645,0.05085952598921778,0.04048418268741735,21,12
2026-07,美国,Android,non-Organic,Dark Circles,8.096774193548388,5.258064516129032,317.1290322580645,0.02553148204658733,0.016580205472484996,33,25
2026-07,美国,Android,non-Organic,Details,9.35483870967742,3.6774193548387095,317.1290322580645,0.029498525073746316,0.011595971925541654,32,28
2026-07,美国,Android,non-Organic,Effects,20.806451612903224,1.3870967741935485,317.1290322580645,0.06560878852609094,0.004373919235072729,14,38
2026-07,美国,Android,non-Organic,Eraser,31.193548387096776,16.451612903225808,317.1290322580645,0.0983623232631472,0.05187671650900214,9,7
2026-07,美国,Android,non-Organic,Expression,9.64516129032258,3.3225806451612905,317.1290322580645,0.030413996541552232,0.010477062353778863,30,29
2026-07,美国,Android,non-Organic,Eye Brighten,6.612903225806452,4.612903225806452,317.1290322580645,0.02085240565557929,0.014545824432916287,36,26
2026-07,美国,Android,non-Organic,Face,69.93548387096774,32.54838709677419,317.1290322580645,0.2205269046892483,0.10263452344624148,2,2
2026-07,美国,Android,non-Organic,Face Fix,17.838709677419356,5.870967741935484,317.1290322580645,0.05625063574407487,0.018512867460075272,18,21
2026-07,美国,Android,non-Organic,Filters,68.38709677419355,21.870967741935484,317.1290322580645,0.21564439019428341,0.06896551724137931,3,5
2026-07,美国,Android,non-Organic,Flawless,0.0,0.0,317.1290322580645,0.0,0.0,46,45
2026-07,美国,Android,non-Organic,Glitter,6.483870967741935,0.967741935483871,317.1290322580645,0.020445529447665547,0.003051571559353067,37,41
2026-07,美国,Android,non-Organic,Glowup,19.967741935483872,7.387096774193548,317.1290322580645,0.06296409317465161,0.023293662903061743,17,19
2026-07,美国,Android,non-Organic,Hair,43.61290322580645,14.419354838709678,317.1290322580645,0.13752415827484488,0.045468416234360695,5,11
2026-07,美国,Android,non-Organic,Magic,73.90322580645162,33.32258064516129,317.1290322580645,0.23303834808259588,0.10507578069372393,1,1
2026-07,美国,Android,non-Organic,Makeup,35.70967741935484,16.096774193548388,317.1290322580645,0.11260299054012816,0.05075780693723935,7,8
2026-07,美国,Android,non-Organic,Matte,5.387096774193548,2.161290322580645,317.1290322580645,0.01698708168039874,0.0068151764825551825,41,35
2026-07,美国,Android,non-Organic,Muscle,7.354838709677419,2.4838709677419355,317.1290322580645,0.023191943851083308,0.007832367002339538,34,34
2026-07,美国,Android,non-Organic,Mykit,10.451612903225806,0.0,317.1290322580645,0.03295697284101312,0.0,29,45
2026-07,美国,Android,non-Organic,Plump,11.548387096774194,3.7096774193548385,317.1290322580645,0.03641542060827993,0.01169769097752009,28,27
2026-07,美国,Android,non-Organic,Preset,12.290322580645162,1.4838709677419355,317.1290322580645,0.03875495880378395,0.004679076391008036,25,37
2026-07,美国,Android,non-Organic,Prism,3.032258064516129,0.7096774193548387,317.1290322580645,0.009561590885972943,0.0022378191435255823,45,44
2026-07,美国,Android,non-Organic,Relight,40.516129032258064,17.93548387096774,317.1290322580645,0.12775912928491506,0.056555792900010164,6,6
2026-07,美国,Android,non-Organic,Reshape,28.193548387096776,14.516129032258064,317.1290322580645,0.08890245142915269,0.045773573390296,10,10
2026-07,美国,Android,non-Organic,Resize,12.064516129032258,5.548387096774194,317.1290322580645,0.0380429254399349,0.017495676940290916,27,23
2026-07,美国,Android,non-Organic,Skin Tone,20.548387096774192,12.03225806451613,317.1290322580645,0.06479503611026345,0.03794120638795647,15,14
2026-07,美国,Android,non-Organic,Smooth,35.16129032258065,24.93548387096774,317.1290322580645,0.11087376665649477,0.07862882717933069,8,3
2026-07,美国,Android,non-Organic,Stamp,3.6774193548387095,1.0,317.1290322580645,0.011595971925541654,0.0031532906113315023,44,40
2026-07,美国,Android,non-Organic,Teeth,14.806451612903226,10.258064516129032,317.1290322580645,0.04668904485810192,0.03234665852914251,24,15
2026-07,美国,Android,non-Organic,Text,5.419354838709677,1.064516129032258,317.1290322580645,0.017088800732377174,0.0033567287152883735,40,39
2026-07,美国,Android,non-Organic,Whiten,0.0,0.0,317.1290322580645,0.0,0.0,46,45
2026-07,美国,iOS,Organic,AI Expand,36.87096774193548,11.548387096774194,3508.548387096774,0.010508895324782788,0.0032915000229853356,43,37
2026-07,美国,iOS,Organic,AI Image,173.61290322580646,27.548387096774192,3508.548387096774,0.04948282995448904,0.007851790557624236,24,31
2026-07,美国,iOS,Organic,AI Repair,173.16129032258064,55.903225806451616,3508.548387096774,0.0493541120764952,0.0159334344688089,25,25
2026-07,美国,iOS,Organic,AI Replace,42.0,19.516129032258064,3508.548387096774,0.011970762653427114,0.005562451156162368,40,34
2026-07,美国,iOS,Organic,AI Retouch,906.6129032258065,311.9032258064516,3508.548387096774,0.25840114007263365,0.0888980830230313,3,6
2026-07,美国,iOS,Organic,AI Tattoo,77.35483870967742,11.193548387096774,3508.548387096774,0.0220475336735163,0.003190364547418747,37,39
2026-07,美国,iOS,Organic,Acne,324.5806451612903,230.51612903225808,3508.548387096774,0.09251137774100124,0.06570128258171287,12,10
2026-07,美国,iOS,Organic,Adjust,264.96774193548384,107.2258064516129,3508.548387096774,0.07552061784581436,0.030561301889394564,16,16
2026-07,美国,iOS,Organic,Background,181.7741935483871,16.580645161290324,3508.548387096774,0.05180894589252057,0.00472578494920241,21,35
2026-07,美国,iOS,Organic,Blur,145.03225806451613,82.2258064516129,3508.548387096774,0.04133682710430745,0.023435847929021283,27,20
2026-07,美国,iOS,Organic,Body,440.06451612903226,268.3225806451613,3508.548387096774,0.1254263779708546,0.07647680779662575,10,8
2026-07,美国,iOS,Organic,Bokeh,40.16129032258065,7.774193548387097,3508.548387096774,0.011446697007309338,0.00221578632832253,41,41
2026-07,美国,iOS,Organic,Brighten,145.80645161290323,72.93548387096774,3508.548387096774,0.04155748632372547,0.02078793729600515,26,23
2026-07,美国,iOS,Organic,Clean Skin,199.0,117.26086956521739,3508.548387096774,0.056718613524571325,0.03342147709761172,19,15
2026-07,美国,iOS,Organic,Concealer,183.38709677419354,77.41935483870968,3508.548387096774,0.052268652599641426,0.022065921941801132,20,21
2026-07,美国,iOS,Organic,Contour,74.45161290322581,34.0,3508.548387096774,0.021220061600698756,0.009690617386107664,39,28
2026-07,美国,iOS,Organic,Crop,128.41935483870967,95.70967741935483,3508.548387096774,0.03660184802096262,0.027278996000551645,29,18
2026-07,美国,iOS,Organic,Dark Circles,128.1290322580645,87.25806451612904,3508.548387096774,0.03651910081368087,0.02487013285523836,30,19
2026-07,美国,iOS,Organic,Details,87.06451612903226,28.387096774193548,3508.548387096774,0.024814968050383857,0.008090838045327082,35,30
2026-07,美国,iOS,Organic,Effects,269.61290322580646,5.67741935483871,3508.548387096774,0.07684457316232245,0.0016181676090654164,15,43
2026-07,美国,iOS,Organic,Eraser,350.61290322580646,185.38709677419354,3508.548387096774,0.09993104399393188,0.05283868891647129,11,13
2026-07,美国,iOS,Organic,Expression,107.12903225806451,24.677419354838708,3508.548387096774,0.030533719486967315,0.00703351261894911,31,33
2026-07,美国,iOS,Organic,Eye Brighten,91.38709677419355,59.096774193548384,3508.548387096774,0.026046982025467753,0.016843653748908196,33,24
2026-07,美国,iOS,Organic,Face,1054.8387096774193,482.61290322580646,3508.548387096774,0.3006481864570404,0.1375534409047028,1,1
2026-07,美国,iOS,Organic,Face Fix,208.93548387096774,30.032258064516128,3508.548387096774,0.059550406840435804,0.008559738886590356,18,29
2026-07,美国,iOS,Organic,Filters,1042.0967741935483,343.2258064516129,3508.548387096774,0.2970165034707856,0.09782558727531836,2,5
2026-07,美国,iOS,Organic,Flawless,0.0,0.0,3508.548387096774,0.0,0.0,46,45
2026-07,美国,iOS,Organic,Glitter,77.83870967741936,13.096774193548388,3508.548387096774,0.022185445685652554,0.0037328184618213582,36,36
2026-07,美国,iOS,Organic,Glowup,308.7096774193548,99.12903225806451,3508.548387096774,0.08798786374293201,0.028253574219647862,13,17
2026-07,美国,iOS,Organic,Hair,456.3225806451613,139.67741935483872,3508.548387096774,0.13006022157863284,0.03981060083666621,8,14
2026-07,美国,iOS,Organic,Magic,904.5483870967741,426.2258064516129,3508.548387096774,0.25781271548751894,0.12148209442375765,4,3
2026-07,美国,iOS,Organic,Makeup,535.4516129032259,232.93548387096774,3508.548387096774,0.1526134326299821,0.06639084264239416,7,9
2026-07,美国,iOS,Organic,Matte,75.54838709677419,40.903225806451616,3508.548387096774,0.021532662161540938,0.011658162092584932,38,27
2026-07,美国,iOS,Organic,Muscle,95.54838709677419,25.387096774193548,3508.548387096774,0.027233025329839563,0.007235783570082288,32,32
2026-07,美国,iOS,Organic,Mykit,90.64516129032258,0.0,3508.548387096774,0.025835516940192156,0.0,34,45
2026-07,美国,iOS,Organic,Plump,142.1290322580645,41.32258064516129,3508.548387096774,0.04050935503148991,0.011777685836436354,28,26
2026-07,美国,iOS,Organic,Preset,174.48387096774192,11.387096774193548,3508.548387096774,0.049731071576334294,0.0032455293522732497,23,38
2026-07,美国,iOS,Organic,Prism,24.677419354838708,6.806451612903226,3508.548387096774,0.00703351261894911,0.0019399623040500162,45,42
2026-07,美国,iOS,Organic,Relight,826.9032258064516,434.48387096774195,3508.548387096774,0.23568243460672092,0.12383579276421644,5,2
2026-07,美国,iOS,Organic,Reshape,447.258064516129,286.64516129032256,3508.548387096774,0.12747666988461362,0.08169907598951869,9,7
2026-07,美国,iOS,Organic,Resize,178.6451612903226,76.2258064516129,3508.548387096774,0.05091711488070611,0.021725738978531695,22,22
2026-07,美国,iOS,Organic,Skin Tone,306.7096774193548,200.6451612903226,3508.548387096774,0.08741782742610214,0.0571875143658346,14,11
2026-07,美国,iOS,Organic,Smooth,579.0645161290323,419.48387096774195,3508.548387096774,0.16504390199053007,0.11956052038799246,6,4
2026-07,美国,iOS,Organic,Stamp,31.967741935483872,8.548387096774194,3508.548387096774,0.009111386935135383,0.0024364455477405415,44,40
2026-07,美国,iOS,Organic,Teeth,261.258064516129,189.09677419354838,3508.548387096774,0.0744632924194364,0.05389601434284926,17,12
2026-07,美国,iOS,Organic,Text,38.74193548387097,3.6774193548387095,3508.548387096774,0.011042155105042983,0.0010481312922355538,42,44
2026-07,美国,iOS,Organic,Whiten,0.0,0.0,3508.548387096774,0.0,0.0,46,45
2026-07,美国,iOS,non-Organic,AI Expand,16.677419354838708,5.096774193548387,1799.1935483870968,0.009269385925593903,0.002832810398924249,42,38
2026-07,美国,iOS,non-Organic,AI Image,90.83870967741936,19.387096774193548,1799.1935483870968,0.05048857014791573,0.010775437023756163,16,25
2026-07,美国,iOS,non-Organic,AI Repair,81.64516129032258,24.741935483870968,1799.1935483870968,0.04537875392200807,0.013751680860600628,19,19
2026-07,美国,iOS,non-Organic,AI Replace,18.903225806451612,9.35483870967742,1799.1935483870968,0.01050649932765576,0.005199462124607799,41,33
2026-07,美国,iOS,non-Organic,AI Retouch,415.61290322580646,113.64516129032258,1799.1935483870968,0.2309995517705065,0.06316450022411474,5,6
2026-07,美国,iOS,non-Organic,AI Tattoo,58.193548387096776,12.806451612903226,1799.1935483870968,0.032344240251008516,0.0071178843567906765,27,30
2026-07,美国,iOS,non-Organic,Acne,84.70967741935483,44.67741935483871,1799.1935483870968,0.047082025997310616,0.024831913939937247,18,13
2026-07,美国,iOS,non-Organic,Adjust,110.54838709677419,39.03225806451613,1799.1935483870968,0.06144329896907216,0.02169430748543254,14,17
2026-07,美国,iOS,non-Organic,Background,75.54838709677419,7.838709677419355,1799.1935483870968,0.04199013895114298,0.004356790676826535,24,37
2026-07,美国,iOS,non-Organic,Blur,38.25806451612903,16.806451612903224,1799.1935483870968,0.021264007171671897,0.009341102644554011,34,27
2026-07,美国,iOS,non-Organic,Body,202.19354838709677,110.03225806451613,1799.1935483870968,0.11238009861048856,0.06115643209323173,8,7
2026-07,美国,iOS,non-Organic,Bokeh,12.064516129032258,2.161290322580645,1799.1935483870968,0.006705513222770058,0.0012012550425818018,44,43
2026-07,美国,iOS,non-Organic,Brighten,43.935483870967744,19.967741935483872,1799.1935483870968,0.02441954280591663,0.011098162259076647,31,24
2026-07,美国,iOS,non-Organic,Clean Skin,81.36363636363636,43.45454545454545,1799.1935483870968,0.04522228108064056,0.024152235035247136,20,14
2026-07,美国,iOS,non-Organic,Concealer,59.645161290322584,24.06451612903226,1799.1935483870968,0.033151053339309726,0.013375168086060063,25,20
2026-07,美国,iOS,non-Organic,Contour,21.870967741935484,10.548387096774194,1799.1935483870968,0.012155983863738234,0.005862841774988794,38,32
2026-07,美国,iOS,non-Organic,Crop,52.61290322580645,31.677419354838708,1799.1935483870968,0.02924249215598386,0.01760645450470641,28,18
2026-07,美国,iOS,non-Organic,Dark Circles,40.483870967741936,21.774193548387096,1799.1935483870968,0.02250112057373375,0.012102196324518153,32,22
2026-07,美国,iOS,non-Organic,Details,25.387096774193548,8.290322580645162,1799.1935483870968,0.014110264455401166,0.004607799193186912,37,36
2026-07,美国,iOS,non-Organic,Effects,121.12903225806451,3.032258064516129,1799.1935483870968,0.06732406992380098,0.001685342895562528,13,41
2026-07,美国,iOS,non-Organic,Eraser,129.8709677419355,56.483870967741936,1799.1935483870968,0.07218287763334827,0.03139399372478709,12,12
2026-07,美国,iOS,non-Organic,Expression,49.45161290322581,11.870967741935484,1799.1935483870968,0.027485432541461227,0.006597938144329896,30,31
2026-07,美国,iOS,non-Organic,Eye Brighten,27.70967741935484,14.741935483870968,1799.1935483870968,0.015401165396683103,0.00819363514119229,36,28
2026-07,美国,iOS,non-Organic,Face,434.7096774193548,173.61290322580646,1799.1935483870968,0.2416136261766024,0.09649484536082474,4,2
2026-07,美国,iOS,non-Organic,Face Fix,79.35483870967742,13.935483870967742,1799.1935483870968,0.04410578216046616,0.007745405647691618,23,29
2026-07,美国,iOS,non-Organic,Filters,592.7741935483871,153.7741935483871,1799.1935483870968,0.32946660690273416,0.08546839982070821,1,3
2026-07,美国,iOS,non-Organic,Flawless,0.0,0.0,1799.1935483870968,0.0,0.0,46,45
2026-07,美国,iOS,non-Organic,Glitter,39.29032258064516,8.96774193548387,1799.1935483870968,0.021837740923352757,0.004984311967727476,33,34
2026-07,美国,iOS,non-Organic,Glowup,167.4516129032258,43.03225806451613,1799.1935483870968,0.09307037203047959,0.023917525773195874,9,15
2026-07,美国,iOS,non-Organic,Hair,437.80645161290323,115.90322580645162,1799.1935483870968,0.243334827431645,0.06441954280591664,3,5
2026-07,美国,iOS,non-Organic,Magic,332.93548387096774,126.64516129032258,1799.1935483870968,0.18504706409681757,0.07038995965934558,6,4
2026-07,美国,iOS,non-Organic,Makeup,207.6451612903226,75.09677419354838,1799.1935483870968,0.11541012998655312,0.041739130434782605,7,9
2026-07,美国,iOS,non-Organic,Matte,19.483870967741936,8.35483870967742,1799.1935483870968,0.010829224562976244,0.004643657552666966,39,35
2026-07,美国,iOS,non-Organic,Muscle,79.96774193548387,23.129032258064516,1799.1935483870968,0.04444643657552667,0.012855221873599283,22,21
2026-07,美国,iOS,non-Organic,Mykit,36.38709677419355,0.0,1799.1935483870968,0.020224114746750337,0.0,35,45
2026-07,美国,iOS,non-Organic,Plump,58.645161290322584,17.129032258064516,1799.1935483870968,0.03259524876736889,0.00952039444195428,26,26
2026-07,美国,iOS,non-Organic,Preset,80.3225806451613,3.903225806451613,1799.1935483870968,0.044643657552666964,0.0021694307485432543,21,39
2026-07,美国,iOS,non-Organic,Prism,10.451612903225806,3.4193548387096775,1799.1935483870968,0.005809054235768713,0.0019004930524428507,45,40
2026-07,美国,iOS,non-Organic,Relight,488.3225806451613,251.5483870967742,1799.1935483870968,0.2714119229045271,0.13981174361272972,2,1
2026-07,美国,iOS,non-Organic,Reshape,141.29032258064515,69.19354838709677,1799.1935483870968,0.0785298072613178,0.03845809054235768,11,10
2026-07,美国,iOS,non-Organic,Resize,52.45161290322581,21.612903225806452,1799.1935483870968,0.02915284625728373,0.012012550425818018,29,23
2026-07,美国,iOS,non-Organic,Skin Tone,99.25806451612904,56.87096774193548,1799.1935483870968,0.05516808606006275,0.03160914388166741,15,11
2026-07,美国,iOS,non-Organic,Smooth,157.4516129032258,90.41935483870968,1799.1935483870968,0.08751232631107125,0.050255490811295385,10,8
2026-07,美国,iOS,non-Organic,Stamp,14.03225806451613,3.032258064516129,1799.1935483870968,0.007799193186911699,0.001685342895562528,43,41
2026-07,美国,iOS,non-Organic,Teeth,89.83870967741936,41.41935483870968,1799.1935483870968,0.049932765575974904,0.023021066786194533,17,16
2026-07,美国,iOS,non-Organic,Text,19.129032258064516,1.3225806451612903,1799.1935483870968,0.010632003585835948,0.0007350963693411026,40,44
2026-07,美国,iOS,non-Organic,Whiten,0.0,0.0,1799.1935483870968,0.0,0.0,46,45
2026-07,英国,Android,Organic,AI Expand,1.5483870967741935,0.5806451612903226,120.61290322580645,0.012837657127574217,0.004814121422840332,43,36
2026-07,英国,Android,Organic,AI Image,7.0,1.032258064516129,120.61290322580645,0.05803690826424178,0.008558438085049478,17,30
2026-07,英国,Android,Organic,AI Repair,5.580645161290323,2.225806451612903,120.61290322580645,0.046269055897298746,0.018454132120887937,22,22
2026-07,英国,Android,Organic,AI Replace,2.2580645161290325,1.4516129032258065,120.61290322580645,0.018721583311045738,0.01203530355710083,39,27
2026-07,英国,Android,Organic,AI Retouch,22.161290322580644,8.516129032258064,120.61290322580645,0.183738967638406,0.07060711420165819,4,4
2026-07,英国,Android,Organic,AI Tattoo,2.4516129032258065,0.5161290322580645,120.61290322580645,0.020326290451992513,0.004279219042524739,36,37
2026-07,英国,Android,Organic,Acne,8.96774193548387,6.419354838709677,120.61290322580645,0.07435143086386733,0.05322278684140144,12,8
2026-07,英国,Android,Organic,Adjust,7.709677419354839,3.3225806451612905,120.61290322580645,0.06392083444771329,0.02754747258625301,16,16
2026-07,英国,Android,Organic,Background,5.096774193548387,0.8064516129032258,120.61290322580645,0.0422572880449318,0.006686279753944905,23,35
2026-07,英国,Android,Organic,Blur,4.419354838709677,2.2903225806451615,120.61290322580645,0.03664081305161808,0.018989034501203532,26,21
2026-07,英国,Android,Organic,Body,9.258064516129032,6.354838709677419,120.61290322580645,0.07675849157528751,0.05268788446108585,10,9
2026-07,英国,Android,Organic,Bokeh,1.7096774193548387,0.22580645161290322,120.61290322580645,0.014174913078363199,0.0018721583311045735,42,42
2026-07,英国,Android,Organic,Brighten,3.7096774193548385,1.7419354838709677,120.61290322580645,0.030756886868146562,0.014442364268520995,30,26
2026-07,英国,Android,Organic,Clean Skin,4.541666666666667,3.0,120.61290322580645,0.037654898814299724,0.02487296068467505,25,17
2026-07,英国,Android,Organic,Collarbone,0.0,0.0,120.61290322580645,0.0,0.0,46,45
2026-07,英国,Android,Organic,Concealer,5.645161290322581,2.7096774193548385,120.61290322580645,0.04680395827761434,0.02246589997325488,21,18
2026-07,英国,Android,Organic,Contour,2.4516129032258065,1.3548387096774193,120.61290322580645,0.020326290451992513,0.01123294998662744,36,28
2026-07,英国,Android,Organic,Crop,5.67741935483871,4.806451612903226,120.61290322580645,0.047071409467772135,0.03985022733351164,20,15
2026-07,英国,Android,Organic,Dark Circles,3.6774193548387095,2.4193548387096775,120.61290322580645,0.030489435677988768,0.020058839261834716,31,20
2026-07,英国,Android,Organic,Details,2.7096774193548385,1.032258064516129,120.61290322580645,0.02246589997325488,0.008558438085049478,34,30
2026-07,英国,Android,Organic,Effects,6.096774193548387,0.1935483870967742,120.61290322580645,0.05054827493982348,0.0016047071409467772,18,43
2026-07,英国,Android,Organic,Eraser,8.806451612903226,4.838709677419355,120.61290322580645,0.07301417491307836,0.04011767852366943,13,14
2026-07,英国,Android,Organic,Expression,3.4516129032258065,0.9354838709677419,120.61290322580645,0.028617277346884195,0.00775608451457609,32,33
2026-07,英国,Android,Organic,Eye Brighten,2.806451612903226,1.7741935483870968,120.61290322580645,0.023268253543728273,0.01470981545867879,33,25
2026-07,英国,Android,Organic,Face,29.096774193548388,14.35483870967742,120.61290322580645,0.24124097352233217,0.11901577962021932,1,1
2026-07,英国,Android,Organic,Face Fix,6.064516129032258,1.8709677419354838,120.61290322580645,0.050280823749665686,0.01551216902915218,19,24
2026-07,英国,Android,Organic,Filters,27.64516129032258,7.935483870967742,120.61290322580645,0.22920566996523134,0.06579299277881787,2,6
2026-07,英国,Android,Organic,Flawless,0.0,0.0,120.61290322580645,0.0,0.0,46,45
2026-07,英国,Android,Organic,Glitter,2.5161290322580645,0.25806451612903225,120.61290322580645,0.020861192832308105,0.0021396095212623694,35,40
2026-07,英国,Android,Organic,Glowup,8.35483870967742,2.7096774193548385,120.61290322580645,0.06926985825086922,0.02246589997325488,14,18
2026-07,英国,Android,Organic,Hair,14.03225806451613,5.129032258064516,120.61290322580645,0.11634126771864135,0.0425247392350896,8,13
2026-07,英国,Android,Organic,Magic,26.806451612903224,13.35483870967742,120.61290322580645,0.22225193902112864,0.11072479272532763,3,2
2026-07,英国,Android,Organic,Makeup,15.870967741935484,8.0,120.61290322580645,0.13158598555763573,0.06632789515913345,5,5
2026-07,英国,Android,Organic,Matte,2.193548387096774,1.0,120.61290322580645,0.018186680930730142,0.008290986894891682,40,32
2026-07,英国,Android,Organic,Muscle,2.3225806451612905,0.9032258064516129,120.61290322580645,0.01925648569136133,0.007488633324418294,38,34
2026-07,英国,Android,Organic,Mykit,4.161290322580645,0.0,120.61290322580645,0.03450120353035571,0.0,29,45
2026-07,英国,Android,Organic,Plump,4.225806451612903,1.1612903225806452,120.61290322580645,0.0350361059106713,0.009628242845680665,28,29
2026-07,英国,Android,Organic,Preset,4.354838709677419,0.4838709677419355,120.61290322580645,0.036105910671302484,0.004011767852366943,27,38
2026-07,英国,Android,Organic,Prism,1.096774193548387,0.25806451612903225,120.61290322580645,0.009093340465365071,0.0021396095212623694,45,40
2026-07,英国,Android,Organic,Relight,14.709677419354838,7.064516129032258,120.61290322580645,0.12195774271195507,0.05857181064455737,6,7
2026-07,英国,Android,Organic,Reshape,10.387096774193548,5.806451612903226,120.61290322580645,0.08611928323081038,0.04814121422840332,9,11
2026-07,英国,Android,Organic,Resize,4.709677419354839,2.129032258064516,120.61290322580645,0.03904787376303825,0.017651778550414547,24,23
2026-07,英国,Android,Organic,Skin Tone,9.193548387096774,6.161290322580645,120.61290322580645,0.07622358919497192,0.051083177320139075,11,10
2026-07,英国,Android,Organic,Smooth,14.225806451612904,10.516129032258064,120.61290322580645,0.11794597485958813,0.08718908799144157,7,3
2026-07,英国,Android,Organic,Stamp,1.2903225806451613,0.2903225806451613,120.61290322580645,0.010698047606311848,0.002407060711420166,44,39
2026-07,英国,Android,Organic,Teeth,7.870967741935484,5.580645161290323,120.61290322580645,0.06525809039850228,0.046269055897298746,15,12
2026-07,英国,Android,Organic,Text,1.7419354838709677,0.1935483870967742,120.61290322580645,0.014442364268520995,0.0016047071409467772,41,43
2026-07,英国,Android,Organic,Whiten,0.0,0.0,120.61290322580645,0.0,0.0,46,45
2026-07,英国,Android,non-Organic,AI Expand,0.06666666666666667,0.0,18.967741935483872,0.003514739229024943,0.0,45,40
2026-07,英国,Android,non-Organic,AI Image,1.3225806451612903,0.06451612903225806,18.967741935483872,0.06972789115646258,0.003401360544217687,10,34
2026-07,英国,Android,non-Organic,AI Repair,0.9354838709677419,0.3225806451612903,18.967741935483872,0.049319727891156455,0.017006802721088433,15,17
2026-07,英国,Android,non-Organic,AI Replace,0.6896551724137931,0.20689655172413793,18.967741935483872,0.03635937133474079,0.010907811400422237,20,26
2026-07,英国,Android,non-Organic,AI Retouch,3.0,0.7419354838709677,18.967741935483872,0.15816326530612243,0.0391156462585034,4,6
2026-07,英国,Android,non-Organic,AI Tattoo,0.5483870967741935,0.0967741935483871,18.967741935483872,0.028911564625850338,0.00510204081632653,26,32
2026-07,英国,Android,non-Organic,Acne,0.41379310344827586,0.27586206896551724,18.967741935483872,0.021815622800844474,0.014543748533896316,32,21
2026-07,英国,Android,non-Organic,Adjust,0.6129032258064516,0.3548387096774194,18.967741935483872,0.03231292517006803,0.01870748299319728,23,15
2026-07,英国,Android,non-Organic,Background,0.7741935483870968,0.06451612903225806,18.967741935483872,0.04081632653061224,0.003401360544217687,17,34
2026-07,英国,Android,non-Organic,Blur,0.5161290322580645,0.16129032258064516,18.967741935483872,0.027210884353741496,0.008503401360544217,28,27
2026-07,英国,Android,non-Organic,Body,1.5333333333333334,0.6666666666666666,18.967741935483872,0.08083900226757369,0.03514739229024943,8,8
2026-07,英国,Android,non-Organic,Bokeh,0.0967741935483871,0.0,18.967741935483872,0.00510204081632653,0.0,44,40
2026-07,英国,Android,non-Organic,Brighten,0.3076923076923077,0.11538461538461539,18.967741935483872,0.016221873364730507,0.00608320251177394,34,30
2026-07,英国,Android,non-Organic,Clean Skin,0.5909090909090909,0.22727272727272727,18.967741935483872,0.031153370439084727,0.011982065553494124,24,24
2026-07,英国,Android,non-Organic,Concealer,0.48148148148148145,0.25925925925925924,18.967741935483872,0.025384227765180144,0.013668430335097001,31,22
2026-07,英国,Android,non-Organic,Contour,0.3181818181818182,0.22727272727272727,18.967741935483872,0.016774891774891772,0.011982065553494124,33,24
2026-07,英国,Android,non-Organic,Crop,0.2903225806451613,0.2903225806451613,18.967741935483872,0.015306122448979591,0.015306122448979591,36,19
2026-07,英国,Android,non-Organic,Dark Circles,0.5,0.4230769230769231,18.967741935483872,0.026360544217687073,0.022305075876504446,30,14
2026-07,英国,Android,non-Organic,Details,0.25,0.125,18.967741935483872,0.013180272108843536,0.006590136054421768,38,29
2026-07,英国,Android,non-Organic,Effects,0.5806451612903226,0.0,18.967741935483872,0.030612244897959183,0.0,25,40
2026-07,英国,Android,non-Organic,Eraser,1.064516129032258,0.45161290322580644,18.967741935483872,0.05612244897959183,0.023809523809523808,13,11
2026-07,英国,Android,non-Organic,Expression,0.8387096774193549,0.16129032258064516,18.967741935483872,0.04421768707482993,0.008503401360544217,16,27
2026-07,英国,Android,non-Organic,Eye Brighten,0.2916666666666667,0.25,18.967741935483872,0.015376984126984128,0.013180272108843536,35,23
2026-07,英国,Android,non-Organic,Face,4.258064516129032,1.2580645161290323,18.967741935483872,0.22448979591836732,0.06632653061224489,2,1
2026-07,英国,Android,non-Organic,Face Fix,1.2903225806451613,0.5161290322580645,18.967741935483872,0.06802721088435373,0.027210884353741496,11,9
2026-07,英国,Android,non-Organic,Filters,4.129032258064516,0.967741935483871,18.967741935483872,0.21768707482993196,0.05102040816326531,3,3
2026-07,英国,Android,non-Organic,Flawless,0.0,0.0,18.967741935483872,0.0,0.0,46,40
2026-07,英国,Android,non-Organic,Glitter,0.2903225806451613,0.06451612903225806,18.967741935483872,0.015306122448979591,0.003401360544217687,36,34
2026-07,英国,Android,non-Organic,Glowup,1.935483870967742,0.3225806451612903,18.967741935483872,0.10204081632653061,0.017006802721088433,7,17
2026-07,英国,Android,non-Organic,Hair,4.967741935483871,1.064516129032258,18.967741935483872,0.2619047619047619,0.05612244897959183,1,2
2026-07,英国,Android,non-Organic,Magic,3.0,0.8064516129032258,18.967741935483872,0.15816326530612243,0.04251700680272109,4,5
2026-07,英国,Android,non-Organic,Makeup,1.3548387096774193,0.4838709677419355,18.967741935483872,0.07142857142857142,0.025510204081632654,9,10
2026-07,英国,Android,non-Organic,Matte,0.10344827586206896,0.034482758620689655,18.967741935483872,0.0054539057002111185,0.0018179685667370396,43,38
2026-07,英国,Android,non-Organic,Muscle,0.6451612903225806,0.0967741935483871,18.967741935483872,0.03401360544217687,0.00510204081632653,21,32
2026-07,英国,Android,non-Organic,Mykit,0.5333333333333333,0.0,18.967741935483872,0.028117913832199543,0.0,27,40
2026-07,英国,Android,non-Organic,Plump,0.7741935483870968,0.3548387096774194,18.967741935483872,0.04081632653061224,0.01870748299319728,17,15
2026-07,英国,Android,non-Organic,Preset,0.5161290322580645,0.03225806451612903,18.967741935483872,0.027210884353741496,0.0017006802721088435,28,39
2026-07,英国,Android,non-Organic,Prism,0.21428571428571427,0.10714285714285714,18.967741935483872,0.01129737609329446,0.00564868804664723,41,31
2026-07,英国,Android,non-Organic,Relight,2.161290322580645,0.8709677419354839,18.967741935483872,0.1139455782312925,0.04591836734693877,6,4
2026-07,英国,Android,non-Organic,Reshape,1.032258064516129,0.45161290322580644,18.967741935483872,0.05442176870748299,0.023809523809523808,14,11
2026-07,英国,Android,non-Organic,Resize,0.22580645161290322,0.06451612903225806,18.967741935483872,0.011904761904761904,0.003401360544217687,39,34
2026-07,英国,Android,non-Organic,Skin Tone,0.7586206896551724,0.4482758620689655,18.967741935483872,0.03999530846821487,0.023633591367581516,19,13
2026-07,英国,Android,non-Organic,Smooth,1.2413793103448276,0.6896551724137931,18.967741935483872,0.06544686840253343,0.03635937133474079,12,7
2026-07,英国,Android,non-Organic,Stamp,0.1724137931034483,0.0,18.967741935483872,0.009089842833685198,0.0,42,40
2026-07,英国,Android,non-Organic,Teeth,0.6451612903225806,0.2903225806451613,18.967741935483872,0.03401360544217687,0.015306122448979591,21,19
2026-07,英国,Android,non-Organic,Text,0.22580645161290322,0.0,18.967741935483872,0.011904761904761904,0.0,39,40
2026-07,英国,Android,non-Organic,Whiten,0.0,0.0,18.967741935483872,0.0,0.0,46,40
2026-07,英国,iOS,Organic,AI Expand,10.0,2.774193548387097,1168.6451612903227,0.008556917301534723,0.0023738544771999557,44,39
2026-07,英国,iOS,Organic,AI Image,56.96774193548387,8.612903225806452,1168.6451612903227,0.04874682565971072,0.007369990062934747,20,29
2026-07,英国,iOS,Organic,AI Repair,50.354838709677416,14.064516129032258,1168.6451612903227,0.04308821905708291,0.01203489014022303,23,25
2026-07,英国,iOS,Organic,AI Replace,13.774193548387096,6.193548387096774,1168.6451612903227,0.01178646350888815,0.005299768135144087,40,34
2026-07,英国,iOS,Organic,AI Retouch,268.06451612903226,84.64516129032258,1168.6451612903227,0.22938058959920501,0.07243016451363585,4,5
2026-07,英国,iOS,Organic,AI Tattoo,21.967741935483872,3.0,1168.6451612903227,0.018797615104339183,0.0025670751904604172,37,37
2026-07,英国,iOS,Organic,Acne,89.96774193548387,63.774193548387096,1168.6451612903227,0.07698465275477531,0.05457105001656177,14,10
2026-07,英国,iOS,Organic,Adjust,72.03225806451613,26.322580645161292,1168.6451612903227,0.06163740753008722,0.022524014574362372,16,19
2026-07,英国,iOS,Organic,Background,55.74193548387097,5.32258064516129,1168.6451612903227,0.04769791321629678,0.004554488241139449,21,35
2026-07,英国,iOS,Organic,Blur,49.96774193548387,29.548387096774192,1168.6451612903227,0.04275698354863641,0.025284310478083247,24,17
2026-07,英国,iOS,Organic,Body,116.7741935483871,67.45161290322581,1168.6451612903227,0.09992271171469581,0.05771778734680357,10,9
2026-07,英国,iOS,Organic,Bokeh,12.129032258064516,1.7741935483870968,1168.6451612903227,0.010378712597990504,0.0015181627470464833,42,41
2026-07,英国,iOS,Organic,Brighten,37.96774193548387,19.193548387096776,1168.6451612903227,0.032488682786794745,0.01642376062713923,29,23
2026-07,英国,iOS,Organic,Clean Skin,62.77272727272727,36.04545454545455,1168.6451612903227,0.05371410360645206,0.030843797364168347,18,15
2026-07,英国,iOS,Organic,Concealer,51.83870967741935,22.70967741935484,1168.6451612903227,0.04435795517279452,0.019432483162194987,22,21
2026-07,英国,iOS,Organic,Contour,22.903225806451612,12.096774193548388,1168.6451612903227,0.019598100916418237,0.010351109638953295,35,27
2026-07,英国,iOS,Organic,Crop,34.70967741935484,24.774193548387096,1168.6451612903227,0.029700783924036654,0.021199072540576347,30,20
2026-07,英国,iOS,Organic,Dark Circles,39.225806451612904,26.483870967741936,1168.6451612903227,0.03356519818924589,0.022662029369548413,28,18
2026-07,英国,iOS,Organic,Details,22.419354838709676,8.193548387096774,1168.6451612903227,0.019184056530860107,0.0070111515954510316,36,30
2026-07,英国,iOS,Organic,Effects,73.74193548387096,1.1612903225806452,1168.6451612903227,0.06310036435905927,0.0009937065253395165,15,43
2026-07,英国,iOS,Organic,Eraser,107.19354838709677,56.32258064516129,1168.6451612903227,0.0917246328806448,0.04819476647896654,11,12
2026-07,英国,iOS,Organic,Expression,31.612903225806452,6.709677419354839,1168.6451612903227,0.02705089985646461,0.005741415479739428,31,32
2026-07,英国,iOS,Organic,Eye Brighten,30.64516129032258,19.0,1168.6451612903227,0.026222811085348345,0.016258142872915975,32,24
2026-07,英国,iOS,Organic,Face,319.741935483871,148.3548387096774,1168.6451612903227,0.2736005299768135,0.1269460086121232,1,1
2026-07,英国,iOS,Organic,Face Fix,63.83870967741935,8.064516129032258,1168.6451612903227,0.054626255934636186,0.006900739759302197,17,31
2026-07,英国,iOS,Organic,Filters,295.38709677419354,77.12903225806451,1168.6451612903227,0.25276029590372084,0.06599867505796621,2,7
2026-07,英国,iOS,Organic,Flawless,0.0,0.0,1168.6451612903227,0.0,0.0,46,45
2026-07,英国,iOS,Organic,Glitter,21.967741935483872,4.258064516129032,1168.6451612903227,0.018797615104339183,0.0036435905929115596,37,36
2026-07,英国,iOS,Organic,Glowup,97.38709677419355,30.161290322580644,1168.6451612903227,0.08333333333333333,0.025808766699790216,13,16
2026-07,英国,iOS,Organic,Hair,141.2258064516129,44.12903225806452,1168.6451612903227,0.12084575466490007,0.03776084796290162,8,13
2026-07,英国,iOS,Organic,Magic,279.3225806451613,128.93548387096774,1168.6451612903227,0.23901402230319088,0.11032902727172351,3,2
2026-07,英国,iOS,Organic,Makeup,152.03225806451613,60.83870967741935,1168.6451612903227,0.130092745942365,0.052059180744175766,7,11
2026-07,英国,iOS,Organic,Matte,18.516129032258064,10.193548387096774,1168.6451612903227,0.015844098487357842,0.008722535055757976,39,28
2026-07,英国,iOS,Organic,Muscle,25.70967741935484,6.709677419354839,1168.6451612903227,0.021999558352655404,0.005741415479739428,34,32
2026-07,英国,iOS,Organic,Mykit,30.483870967741936,0.0,1168.6451612903227,0.026084796290162304,0.0,33,45
2026-07,英国,iOS,Organic,Plump,44.483870967741936,14.03225806451613,1168.6451612903227,0.038064480512310914,0.012007287181185823,27,26
2026-07,英国,iOS,Organic,Preset,48.83870967741935,3.0,1168.6451612903227,0.0417908799823341,0.0025670751904604172,26,37
2026-07,英国,iOS,Organic,Prism,6.967741935483871,1.4193548387096775,1168.6451612903227,0.005962239152037098,0.0012145301976371867,45,42
2026-07,英国,iOS,Organic,Relight,235.2258064516129,118.41935483870968,1168.6451612903227,0.20128077729932647,0.10133046262559346,5,3
2026-07,英国,iOS,Organic,Reshape,127.83870967741936,78.61290322580645,1168.6451612903227,0.10939052666445842,0.06726841117367781,9,6
2026-07,英国,iOS,Organic,Resize,49.483870967741936,22.161290322580644,1168.6451612903227,0.042342939163078276,0.018963232858562436,25,22
2026-07,英国,iOS,Organic,Skin Tone,104.19354838709677,74.16129032258064,1168.6451612903227,0.08915755769018438,0.06345920282654299,12,8
2026-07,英国,iOS,Organic,Smooth,163.09677419354838,114.7741935483871,1168.6451612903227,0.13956056089212762,0.09821132825438887,6,4
2026-07,英国,iOS,Organic,Stamp,10.03225806451613,2.193548387096774,1168.6451612903227,0.008584520260571934,0.0018770012145301973,43,40
2026-07,英国,iOS,Organic,Teeth,62.225806451612904,41.29032258064516,1168.6451612903227,0.05324610798277575,0.03533178756762725,19,14
2026-07,英国,iOS,Organic,Text,13.064516129032258,1.1290322580645162,1168.6451612903227,0.011179198410069558,0.0009661035663023076,41,44
2026-07,英国,iOS,Organic,Whiten,0.0,0.0,1168.6451612903227,0.0,0.0,46,45
2026-07,英国,iOS,non-Organic,AI Expand,7.870967741935484,2.3225806451612905,669.258064516129,0.011760736492022944,0.0034703812599411964,40,37
2026-07,英国,iOS,non-Organic,AI Image,41.70967741935484,8.193548387096774,669.258064516129,0.062322263459777316,0.012242733889236999,16,27
2026-07,英国,iOS,non-Organic,AI Repair,35.03225806451613,10.580645161290322,669.258064516129,0.052344917337446374,0.015809514628621006,19,23
2026-07,英国,iOS,non-Organic,AI Replace,7.709677419354839,2.870967741935484,669.258064516129,0.011519737793415917,0.00428977683520509,42,35
2026-07,英国,iOS,non-Organic,AI Retouch,152.5483870967742,46.354838709677416,669.258064516129,0.22793656914252666,0.0692630259796597,5,6
2026-07,英国,iOS,non-Organic,AI Tattoo,16.774193548387096,3.5483870967741935,669.258064516129,0.02506386465513086,0.005301971369354606,33,33
2026-07,英国,iOS,non-Organic,Acne,37.03225806451613,22.258064516129032,669.258064516129,0.05533330120017352,0.0332578204077698,17,13
2026-07,英国,iOS,non-Organic,Adjust,45.74193548387097,17.419354838709676,669.258064516129,0.06834723092495301,0.02602785944955897,14,16
2026-07,英国,iOS,non-Organic,Background,34.58064516129032,2.225806451612903,669.258064516129,0.0516701209813467,0.0033257820407769797,20,38
2026-07,英国,iOS,non-Organic,Blur,21.258064516129032,11.935483870967742,669.258064516129,0.03176362847640623,0.017833903696920037,27,19
2026-07,英国,iOS,non-Organic,Body,82.48387096774194,50.25806451612903,669.258064516129,0.12324673446763387,0.07509519448594977,7,5
2026-07,英国,iOS,non-Organic,Bokeh,6.741935483870968,1.2580645161290323,669.258064516129,0.010073745601773751,0.0018797898491348147,43,40
2026-07,英国,iOS,non-Organic,Brighten,20.838709677419356,10.419354838709678,669.258064516129,0.031137031860027958,0.015568515930013979,29,24
2026-07,英国,iOS,non-Organic,Clean Skin,31.681818181818183,18.681818181818183,669.258064516129,0.0473387170982004,0.02791422199047398,22,15
2026-07,英国,iOS,non-Organic,Concealer,25.129032258064516,11.870967741935484,669.258064516129,0.037547597242974885,0.017737504217477225,25,20
2026-07,英国,iOS,non-Organic,Contour,9.96774193548387,5.32258064516129,669.258064516129,0.0148937195739143,0.007952957054031908,38,29
2026-07,英国,iOS,non-Organic,Crop,20.903225806451612,13.96774193548387,669.258064516129,0.031233431339470766,0.020870487299368582,28,18
2026-07,英国,iOS,non-Organic,Dark Circles,16.612903225806452,10.741935483870968,669.258064516129,0.024822865956523835,0.016050513327228032,34,22
2026-07,英国,iOS,non-Organic,Details,10.903225806451612,3.4838709677419355,669.258064516129,0.01629151202583506,0.005205571889911794,37,34
2026-07,英国,iOS,non-Organic,Effects,57.0,0.8387096774193549,669.258064516129,0.08516894008772352,0.001253193232756543,13,43
2026-07,英国,iOS,non-Organic,Eraser,58.70967741935484,30.06451612903226,669.258064516129,0.08772352629295802,0.04492215742034993,12,11
2026-07,英国,iOS,non-Organic,Expression,20.193548387096776,4.096774193548387,669.258064516129,0.030173037065599848,0.006121366944618499,30,31
2026-07,英国,iOS,non-Organic,Eye Brighten,13.32258064516129,8.451612903225806,669.258064516129,0.019906492504940473,0.012628331807008241,35,25
2026-07,英国,iOS,non-Organic,Face,171.4516129032258,78.03225806451613,669.258064516129,0.25618161661927025,0.11659517038607992,3,2
2026-07,英国,iOS,non-Organic,Face Fix,35.54838709677419,5.258064516129032,669.258064516129,0.053116113172988866,0.007856557574589097,18,30
2026-07,英国,iOS,non-Organic,Filters,245.6451612903226,58.935483870967744,669.258064516129,0.3670410179785029,0.08806092447100786,1,4
2026-07,英国,iOS,non-Organic,Flawless,0.0,0.0,669.258064516129,0.0,0.0,46,45
2026-07,英国,iOS,non-Organic,Glitter,12.838709677419354,2.6129032258064515,669.258064516129,0.01918349640911939,0.003904178917433846,36,36
2026-07,英国,iOS,non-Organic,Glowup,59.806451612903224,19.451612903225808,669.258064516129,0.0893623174434858,0.029064443052007522,11,14
2026-07,英国,iOS,non-Organic,Hair,109.2258064516129,32.03225806451613,669.258064516129,0.16320431869667903,0.04786234154335566,6,9
2026-07,英国,iOS,non-Organic,Magic,152.93548387096774,61.0,669.258064516129,0.2285149660191835,0.09114570781317781,4,3
2026-07,英国,iOS,non-Organic,Makeup,79.70967741935483,30.64516129032258,669.258064516129,0.11910155685159299,0.045789752735335226,8,10
2026-07,英国,iOS,non-Organic,Matte,8.387096774193548,4.032258064516129,669.258064516129,0.01253193232756543,0.006024967465175688,39,32
2026-07,英国,iOS,non-Organic,Muscle,19.838709677419356,5.645161290322581,669.258064516129,0.029642839928664386,0.008434954451245964,31,28
2026-07,英国,iOS,non-Organic,Mykit,18.225806451612904,0.0,669.258064516129,0.027232852942594112,0.0,32,45
2026-07,英国,iOS,non-Organic,Plump,25.806451612903224,8.451612903225806,669.258064516129,0.0385597917771244,0.012628331807008241,24,25
2026-07,英国,iOS,non-Organic,Preset,33.41935483870968,1.7419354838709677,669.258064516129,0.049934930351376104,0.002602785944955897,21,39
2026-07,英国,iOS,non-Organic,Prism,4.67741935483871,1.1290322580645162,669.258064516129,0.006988962259603799,0.001686990890249193,45,42
2026-07,英国,iOS,non-Organic,Relight,224.38709677419354,115.74193548387096,669.258064516129,0.3352773895020967,0.17294066612040293,2,1
2026-07,英国,iOS,non-Organic,Reshape,67.19354838709677,34.61290322580645,669.258064516129,0.10040005783968765,0.0517183207210681,10,8
2026-07,英国,iOS,non-Organic,Resize,24.838709677419356,11.03225806451613,669.258064516129,0.03711379958548224,0.016484310984720685,26,21
2026-07,英国,iOS,non-Organic,Skin Tone,45.38709677419355,29.387096774193548,669.258064516129,0.06781703378801755,0.043909962886200415,15,12
2026-07,英国,iOS,non-Organic,Smooth,72.41935483870968,45.354838709677416,669.258064516129,0.10820841567455536,0.06776883404829613,9,7
2026-07,英国,iOS,non-Organic,Stamp,5.645161290322581,1.2258064516129032,669.258064516129,0.008434954451245964,0.0018315901094134092,44,41
2026-07,英国,iOS,non-Organic,Teeth,28.64516129032258,16.903225806451612,669.258064516129,0.04280136887260809,0.025256663614016482,23,17
2026-07,英国,iOS,non-Organic,Text,7.838709677419355,0.6129032258064516,669.258064516129,0.011712536752301538,0.0009157950547067046,41,44
2026-07,英国,iOS,non-Organic,Whiten,0.0,0.0,669.258064516129,0.0,0.0,46,45
2026-08,墨西哥,Android,Organic,AI Expand,17.0,11.833333333333334,170.33333333333334,0.09980430528375733,0.06947162426614481,7,4
2026-08,墨西哥,Android,Organic,AI Image,11.833333333333334,2.8333333333333335,170.33333333333334,0.06947162426614481,0.016634050880626222,15,19
2026-08,墨西哥,Android,Organic,AI Repair,13.5,7.333333333333333,170.33333333333334,0.07925636007827788,0.043052837573385516,13,12
2026-08,墨西哥,Android,Organic,AI Replace,3.6666666666666665,1.8333333333333333,170.33333333333334,0.021526418786692758,0.010763209393346379,34,25
2026-08,墨西哥,Android,Organic,AI Retouch,22.166666666666668,8.666666666666666,170.33333333333334,0.13013698630136986,0.05088062622309197,5,7
2026-08,墨西哥,Android,Organic,AI Tattoo,3.0,0.6666666666666666,170.33333333333334,0.01761252446183953,0.003913894324853229,39,34
2026-08,墨西哥,Android,Organic,Acne,6.0,3.8333333333333335,170.33333333333334,0.03522504892367906,0.022504892367906065,25,18
2026-08,墨西哥,Android,Organic,Adjust,16.0,6.5,170.33333333333334,0.09393346379647749,0.03816046966731898,9,14
2026-08,墨西哥,Android,Organic,Background,8.0,0.5,170.33333333333334,0.046966731898238745,0.0029354207436399216,20,38
2026-08,墨西哥,Android,Organic,Blur,9.5,6.0,170.33333333333334,0.05577299412915851,0.03522504892367906,17,15
2026-08,墨西哥,Android,Organic,Body,14.333333333333334,8.0,170.33333333333334,0.08414872798434442,0.046966731898238745,12,10
2026-08,墨西哥,Android,Organic,Bokeh,3.3333333333333335,1.0,170.33333333333334,0.019569471624266144,0.005870841487279843,37,31
2026-08,墨西哥,Android,Organic,Brighten,2.1666666666666665,0.5,170.33333333333334,0.012720156555772992,0.0029354207436399216,42,38
2026-08,墨西哥,Android,Organic,Clean Skin,4.333333333333333,2.0,170.33333333333334,0.025440313111545983,0.011741682974559686,30,24
2026-08,墨西哥,Android,Organic,Concealer,4.166666666666667,1.8333333333333333,170.33333333333334,0.024461839530332683,0.010763209393346379,32,25
2026-08,墨西哥,Android,Organic,Contour,1.3333333333333333,0.5,170.33333333333334,0.007827788649706457,0.0029354207436399216,44,38
2026-08,墨西哥,Android,Organic,Crop,13.166666666666666,9.333333333333334,170.33333333333334,0.07729941291585127,0.05479452054794521,14,6
2026-08,墨西哥,Android,Organic,Dark Circles,3.5,2.6666666666666665,170.33333333333334,0.02054794520547945,0.015655577299412915,35,20
2026-08,墨西哥,Android,Organic,Details,3.1666666666666665,1.6666666666666667,170.33333333333334,0.018590998043052837,0.009784735812133072,38,28
2026-08,墨西哥,Android,Organic,Effects,9.166666666666666,0.0,170.33333333333334,0.05381604696673189,0.0,19,44
2026-08,墨西哥,Android,Organic,Eraser,16.5,8.0,170.33333333333334,0.09686888454011741,0.046966731898238745,8,10
2026-08,墨西哥,Android,Organic,Expression,6.5,1.8333333333333333,170.33333333333334,0.03816046966731898,0.010763209393346379,23,25
2026-08,墨西哥,Android,Organic,Eye Brighten,1.6666666666666667,1.0,170.33333333333334,0.009784735812133072,0.005870841487279843,43,31
2026-08,墨西哥,Android,Organic,Face,29.833333333333332,13.5,170.33333333333334,0.175146771037182,0.07925636007827788,3,3
2026-08,墨西哥,Android,Organic,Face Fix,6.333333333333333,2.3333333333333335,170.33333333333334,0.03718199608610567,0.013698630136986302,24,21
2026-08,墨西哥,Android,Organic,Filters,49.0,17.333333333333332,170.33333333333334,0.2876712328767123,0.10176125244618393,1,1
2026-08,墨西哥,Android,Organic,Flawless,0.0,0.0,170.33333333333334,0.0,0.0,46,44
2026-08,墨西哥,Android,Organic,Glitter,5.166666666666667,0.6666666666666666,170.33333333333334,0.030332681017612526,0.003913894324853229,27,34
2026-08,墨西哥,Android,Organic,Glowup,9.333333333333334,1.3333333333333333,170.33333333333334,0.05479452054794521,0.007827788649706457,18,29
2026-08,墨西哥,Android,Organic,Hair,20.166666666666668,6.0,170.33333333333334,0.11839530332681018,0.03522504892367906,6,15
2026-08,墨西哥,Android,Organic,Magic,27.666666666666668,10.833333333333334,170.33333333333334,0.162426614481409,0.06360078277886497,4,5
2026-08,墨西哥,Android,Organic,Makeup,15.333333333333334,8.166666666666666,170.33333333333334,0.09001956947162426,0.047945205479452045,10,9
2026-08,墨西哥,Android,Organic,Matte,1.3333333333333333,0.5,170.33333333333334,0.007827788649706457,0.0029354207436399216,44,38
2026-08,墨西哥,Android,Organic,Muscle,5.333333333333333,2.1666666666666665,170.33333333333334,0.03131115459882583,0.012720156555772992,26,22
2026-08,墨西哥,Android,Organic,Mykit,5.0,0.0,170.33333333333334,0.029354207436399216,0.0,28,44
2026-08,墨西哥,Android,Organic,Plump,4.166666666666667,1.3333333333333333,170.33333333333334,0.024461839530332683,0.007827788649706457,32,29
2026-08,墨西哥,Android,Organic,Preset,8.0,0.16666666666666666,170.33333333333334,0.046966731898238745,0.0009784735812133072,20,43
2026-08,墨西哥,Android,Organic,Prism,2.5,0.6666666666666666,170.33333333333334,0.014677103718199608,0.003913894324853229,41,34
2026-08,墨西哥,Android,Organic,Relight,32.333333333333336,13.833333333333334,170.33333333333334,0.18982387475538162,0.0812133072407045,2,2
2026-08,墨西哥,Android,Organic,Reshape,14.666666666666666,8.5,170.33333333333334,0.08610567514677103,0.049902152641878667,11,8
2026-08,墨西哥,Android,Organic,Resize,4.833333333333333,2.1666666666666665,170.33333333333334,0.028375733855185905,0.012720156555772992,29,22
2026-08,墨西哥,Android,Organic,Skin Tone,6.666666666666667,4.666666666666667,170.33333333333334,0.03913894324853229,0.027397260273972605,22,17
2026-08,墨西哥,Android,Organic,Smooth,10.666666666666666,6.833333333333333,170.33333333333334,0.06262230919765166,0.040117416829745595,16,13
2026-08,墨西哥,Android,Organic,Stamp,3.5,1.0,170.33333333333334,0.02054794520547945,0.005870841487279843,35,31
2026-08,墨西哥,Android,Organic,Teeth,4.333333333333333,0.6666666666666666,170.33333333333334,0.025440313111545983,0.003913894324853229,30,34
2026-08,墨西哥,Android,Organic,Text,2.6666666666666665,0.3333333333333333,170.33333333333334,0.015655577299412915,0.0019569471624266144,40,42
2026-08,墨西哥,Android,Organic,Whiten,0.0,0.0,170.33333333333334,0.0,0.0,46,44
2026-08,墨西哥,Android,non-Organic,AI Expand,31.166666666666668,23.166666666666668,499.8333333333333,0.06235411803934646,0.04634878292764255,16,10
2026-08,墨西哥,Android,non-Organic,AI Image,51.333333333333336,8.333333333333334,499.8333333333333,0.10270090030010004,0.016672224074691565,9,18
2026-08,墨西哥,Android,non-Organic,AI Repair,48.166666666666664,21.166666666666668,499.8333333333333,0.09636545515171724,0.042347449149716575,11,11
2026-08,墨西哥,Android,non-Organic,AI Replace,8.0,2.8333333333333335,499.8333333333333,0.016005335111703902,0.005668556185395132,38,26
2026-08,墨西哥,Android,non-Organic,AI Retouch,93.5,32.833333333333336,499.8333333333333,0.18706235411803934,0.06568856285428477,4,5
2026-08,墨西哥,Android,non-Organic,AI Tattoo,11.666666666666666,1.8333333333333333,499.8333333333333,0.02334111370456819,0.003667889296432144,30,35
2026-08,墨西哥,Android,non-Organic,Acne,12.0,6.333333333333333,499.8333333333333,0.02400800266755585,0.012670890296765588,29,20
2026-08,墨西哥,Android,non-Organic,Adjust,44.333333333333336,16.833333333333332,499.8333333333333,0.08869623207735913,0.033677892630876956,12,13
2026-08,墨西哥,Android,non-Organic,Background,28.833333333333332,3.3333333333333335,499.8333333333333,0.057685895298432814,0.0066688896298766264,18,23
2026-08,墨西哥,Android,non-Organic,Blur,20.333333333333332,10.333333333333334,499.8333333333333,0.040680226742247416,0.02067355785261754,21,17
2026-08,墨西哥,Android,non-Organic,Body,48.666666666666664,29.0,499.8333333333333,0.09736578859619874,0.05801933977992665,10,6
2026-08,墨西哥,Android,non-Organic,Bokeh,9.333333333333334,1.1666666666666667,499.8333333333333,0.018672890963654553,0.002334111370456819,35,42
2026-08,墨西哥,Android,non-Organic,Brighten,7.0,3.1666666666666665,499.8333333333333,0.014004668222740914,0.006335445148382794,39,25
2026-08,墨西哥,Android,non-Organic,Clean Skin,12.833333333333334,7.166666666666667,499.8333333333333,0.02567522507502501,0.014338112704234745,27,19
2026-08,墨西哥,Android,non-Organic,Concealer,9.0,3.5,499.8333333333333,0.01800600200066689,0.007002334111370457,36,22
2026-08,墨西哥,Android,non-Organic,Contour,3.8333333333333335,2.3333333333333335,499.8333333333333,0.00766922307435812,0.004668222740913638,44,32
2026-08,墨西哥,Android,non-Organic,Crop,38.166666666666664,27.5,499.8333333333333,0.07635878626208736,0.05501833944648216,14,7
2026-08,墨西哥,Android,non-Organic,Dark Circles,5.333333333333333,2.5,499.8333333333333,0.0106702234078026,0.00500166722240747,41,31
2026-08,墨西哥,Android,non-Organic,Details,4.333333333333333,1.6666666666666667,499.8333333333333,0.008669556518839614,0.0033344448149383132,43,36
2026-08,墨西哥,Android,non-Organic,Effects,33.5,1.6666666666666667,499.8333333333333,0.06702234078026009,0.0033344448149383132,15,36
2026-08,墨西哥,Android,non-Organic,Eraser,52.5,25.5,499.8333333333333,0.10503501167055686,0.05101700566855619,8,9
2026-08,墨西哥,Android,non-Organic,Expression,14.0,2.8333333333333335,499.8333333333333,0.028009336445481828,0.005668556185395132,25,26
2026-08,墨西哥,Android,non-Organic,Eye Brighten,3.0,1.6666666666666667,499.8333333333333,0.006002000666888963,0.0033344448149383132,45,36
2026-08,墨西哥,Android,non-Organic,Face,85.66666666666667,33.5,499.8333333333333,0.1713904634878293,0.06702234078026009,5,4
2026-08,墨西哥,Android,non-Organic,Face Fix,12.5,2.6666666666666665,499.8333333333333,0.025008336112037347,0.0053351117039013,28,30
2026-08,墨西哥,Android,non-Organic,Filters,188.83333333333334,55.0,499.8333333333333,0.3777925975325109,0.11003667889296433,1,2
2026-08,墨西哥,Android,non-Organic,Flawless,0.0,0.0,499.8333333333333,0.0,0.0,46,45
2026-08,墨西哥,Android,non-Organic,Glitter,19.833333333333332,2.1666666666666665,499.8333333333333,0.039679893297765924,0.004334778259419807,22,33
2026-08,墨西哥,Android,non-Organic,Glowup,30.5,4.166666666666667,499.8333333333333,0.061020340113371124,0.008336112037345782,17,21
2026-08,墨西哥,Android,non-Organic,Hair,77.16666666666667,21.166666666666668,499.8333333333333,0.1543847949316439,0.042347449149716575,6,11
2026-08,墨西哥,Android,non-Organic,Magic,108.5,36.0,499.8333333333333,0.21707235745248418,0.07202400800266756,3,3
2026-08,墨西哥,Android,non-Organic,Makeup,59.333333333333336,26.666666666666668,499.8333333333333,0.11870623541180395,0.05335111703901301,7,8
2026-08,墨西哥,Android,non-Organic,Matte,4.5,1.5,499.8333333333333,0.009003001000333445,0.0030010003334444814,42,41
2026-08,墨西哥,Android,non-Organic,Muscle,11.166666666666666,2.1666666666666665,499.8333333333333,0.022340780260086696,0.004334778259419807,32,33
2026-08,墨西哥,Android,non-Organic,Mykit,16.166666666666668,0.0,499.8333333333333,0.03234411470490164,0.0,24,45
2026-08,墨西哥,Android,non-Organic,Plump,13.666666666666666,2.8333333333333335,499.8333333333333,0.027342447482494165,0.005668556185395132,26,26
2026-08,墨西哥,Android,non-Organic,Preset,23.666666666666668,1.0,499.8333333333333,0.047349116372124044,0.0020006668889629878,19,43
2026-08,墨西哥,Android,non-Organic,Prism,6.333333333333333,1.6666666666666667,499.8333333333333,0.012670890296765588,0.0033344448149383132,40,36
2026-08,墨西哥,Android,non-Organic,Relight,142.0,65.16666666666667,499.8333333333333,0.28409469823274425,0.13037679226408805,2,1
2026-08,墨西哥,Android,non-Organic,Reshape,40.333333333333336,16.166666666666668,499.8333333333333,0.08069356452150718,0.03234411470490164,13,14
2026-08,墨西哥,Android,non-Organic,Resize,9.833333333333334,3.3333333333333335,499.8333333333333,0.01967322440813605,0.0066688896298766264,33,23
2026-08,墨西哥,Android,non-Organic,Skin Tone,19.333333333333332,12.833333333333334,499.8333333333333,0.038679559853284425,0.02567522507502501,23,16
2026-08,墨西哥,Android,non-Organic,Smooth,23.666666666666668,14.166666666666666,499.8333333333333,0.047349116372124044,0.028342780926975657,19,15
2026-08,墨西哥,Android,non-Organic,Stamp,8.833333333333334,1.6666666666666667,499.8333333333333,0.01767255751917306,0.0033344448149383132,37,36
2026-08,墨西哥,Android,non-Organic,Teeth,11.666666666666666,2.8333333333333335,499.8333333333333,0.02334111370456819,0.005668556185395132,30,26
2026-08,墨西哥,Android,non-Organic,Text,9.833333333333334,0.5,499.8333333333333,0.01967322440813605,0.0010003334444814939,33,44
2026-08,墨西哥,Android,non-Organic,Whiten,0.0,0.0,499.8333333333333,0.0,0.0,46,45
2026-08,墨西哥,iOS,Organic,AI Expand,88.83333333333333,73.83333333333333,576.5,0.1540907776814108,0.12807169702226076,5,2
2026-08,墨西哥,iOS,Organic,AI Image,32.166666666666664,5.666666666666667,576.5,0.0557964729690662,0.009829430471234461,17,22
2026-08,墨西哥,iOS,Organic,AI Repair,51.666666666666664,15.833333333333334,576.5,0.08962127782596126,0.027464585140213937,11,17
2026-08,墨西哥,iOS,Organic,AI Replace,4.833333333333333,1.5,576.5,0.00838392599017057,0.0026019080659150044,42,38
2026-08,墨西哥,iOS,Organic,AI Retouch,71.83333333333333,24.5,576.5,0.12460248626770742,0.042497831743278404,6,11
2026-08,墨西哥,iOS,Organic,AI Tattoo,9.333333333333334,3.5,576.5,0.016189650187915582,0.006071118820468344,37,26
2026-08,墨西哥,iOS,Organic,Acne,24.333333333333332,16.166666666666668,576.5,0.042208730847065626,0.028042786932639494,20,16
2026-08,墨西哥,iOS,Organic,Adjust,55.833333333333336,20.5,576.5,0.09684880023128072,0.03555941023417172,9,13
2026-08,墨西哥,iOS,Organic,Background,30.666666666666668,0.8333333333333334,576.5,0.0531945649031512,0.0014455044810638914,18,41
2026-08,墨西哥,iOS,Organic,Blur,21.166666666666668,10.0,576.5,0.03671581381902284,0.017346053772766695,22,18
2026-08,墨西哥,iOS,Organic,Body,61.5,38.5,576.5,0.10667823070251518,0.06678230702515178,7,6
2026-08,墨西哥,iOS,Organic,Bokeh,8.666666666666666,1.3333333333333333,576.5,0.015033246603064468,0.002312807169702226,38,39
2026-08,墨西哥,iOS,Organic,Brighten,10.166666666666666,4.5,576.5,0.017635154668979473,0.007805724197745013,34,23
2026-08,墨西哥,iOS,Organic,Clean Skin,15.333333333333334,9.333333333333334,576.5,0.0265972824515756,0.016189650187915582,25,20
2026-08,墨西哥,iOS,Organic,Concealer,9.833333333333334,3.3333333333333335,576.5,0.01705695287655392,0.005782017924255566,36,27
2026-08,墨西哥,iOS,Organic,Contour,4.333333333333333,1.8333333333333333,576.5,0.007516623301532234,0.003180109858340561,45,36
2026-08,墨西哥,iOS,Organic,Crop,36.333333333333336,25.833333333333332,576.5,0.06302399537438566,0.04481063891298063,16,10
2026-08,墨西哥,iOS,Organic,Dark Circles,12.333333333333334,9.666666666666666,576.5,0.02139346631974559,0.01676785198034114,28,19
2026-08,墨西哥,iOS,Organic,Details,5.166666666666667,1.6666666666666667,576.5,0.008962127782596127,0.002891008962127783,41,37
2026-08,墨西哥,iOS,Organic,Effects,37.666666666666664,0.0,576.5,0.06533680254408789,0.0,15,44
2026-08,墨西哥,iOS,Organic,Eraser,49.5,27.333333333333332,576.5,0.08586296617519515,0.04741254697889563,12,8
2026-08,墨西哥,iOS,Organic,Expression,11.5,2.8333333333333335,576.5,0.0199479618386817,0.004914715235617231,30,29
2026-08,墨西哥,iOS,Organic,Eye Brighten,4.833333333333333,2.5,576.5,0.00838392599017057,0.004336513443191674,42,30
2026-08,墨西哥,iOS,Organic,Face,105.66666666666667,46.833333333333336,576.5,0.18328996819890142,0.0812373518357907,3,4
2026-08,墨西哥,iOS,Organic,Face Fix,15.666666666666666,1.3333333333333333,576.5,0.027175484244001156,0.002312807169702226,24,39
2026-08,墨西哥,iOS,Organic,Filters,240.0,67.83333333333333,576.5,0.4163052905464007,0.11766406475860074,1,3
2026-08,墨西哥,iOS,Organic,Flawless,0.0,0.0,576.5,0.0,0.0,46,44
2026-08,墨西哥,iOS,Organic,Glitter,14.166666666666666,2.3333333333333335,576.5,0.02457357617808615,0.004047412546978896,26,31
2026-08,墨西哥,iOS,Organic,Glowup,24.0,4.5,576.5,0.04163052905464007,0.007805724197745013,21,23
2026-08,墨西哥,iOS,Organic,Hair,53.833333333333336,16.833333333333332,576.5,0.09337958947672738,0.029199190517490602,10,15
2026-08,墨西哥,iOS,Organic,Magic,96.33333333333333,39.666666666666664,576.5,0.16710031801098582,0.06880601329864122,4,5
2026-08,墨西哥,iOS,Organic,Makeup,60.333333333333336,26.666666666666668,576.5,0.10465452442902573,0.046256143394044526,8,9
2026-08,墨西哥,iOS,Organic,Matte,5.5,3.3333333333333335,576.5,0.009540329575021683,0.005782017924255566,40,27
2026-08,墨西哥,iOS,Organic,Muscle,11.5,2.0,576.5,0.0199479618386817,0.003469210754553339,30,34
2026-08,墨西哥,iOS,Organic,Mykit,10.666666666666666,0.0,576.5,0.018502457357617807,0.0,33,44
2026-08,墨西哥,iOS,Organic,Plump,12.166666666666666,2.3333333333333335,576.5,0.021104365423532813,0.004047412546978896,29,31
2026-08,墨西哥,iOS,Organic,Preset,18.166666666666668,0.3333333333333333,576.5,0.03151199768719283,0.0005782017924255565,23,42
2026-08,墨西哥,iOS,Organic,Prism,6.666666666666667,2.0,576.5,0.011564035848511131,0.003469210754553339,39,34
2026-08,墨西哥,iOS,Organic,Relight,205.33333333333334,118.33333333333333,576.5,0.35617230413414286,0.20526163631107255,2,1
2026-08,墨西哥,iOS,Organic,Reshape,47.166666666666664,23.833333333333332,576.5,0.08181555362821624,0.04134142815842729,13,12
2026-08,墨西哥,iOS,Organic,Resize,13.833333333333334,4.333333333333333,576.5,0.023995374385660597,0.007516623301532234,27,25
2026-08,墨西哥,iOS,Organic,Skin Tone,28.833333333333332,19.5,576.5,0.050014455044810634,0.033824804856895055,19,14
2026-08,墨西哥,iOS,Organic,Smooth,44.666666666666664,28.166666666666668,576.5,0.07747904018502456,0.04885805145995953,14,7
2026-08,墨西哥,iOS,Organic,Stamp,10.0,2.3333333333333335,576.5,0.017346053772766695,0.004047412546978896,35,31
2026-08,墨西哥,iOS,Organic,Teeth,11.333333333333334,6.0,576.5,0.019658860942468923,0.010407632263660017,32,21
2026-08,墨西哥,iOS,Organic,Text,4.833333333333333,0.3333333333333333,576.5,0.00838392599017057,0.0005782017924255565,42,42
2026-08,墨西哥,iOS,Organic,Whiten,0.0,0.0,576.5,0.0,0.0,46,44
2026-08,墨西哥,iOS,non-Organic,AI Expand,113.0,86.83333333333333,674.1666666666666,0.16761433868974043,0.1288009888751545,4,2
2026-08,墨西哥,iOS,non-Organic,AI Image,43.0,8.333333333333334,674.1666666666666,0.06378244746600742,0.012360939431396788,15,18
2026-08,墨西哥,iOS,non-Organic,AI Repair,68.0,18.0,674.1666666666666,0.10086526576019778,0.02669962917181706,8,13
2026-08,墨西哥,iOS,non-Organic,AI Replace,5.166666666666667,1.3333333333333333,674.1666666666666,0.007663782447466008,0.001977750309023486,40,38
2026-08,墨西哥,iOS,non-Organic,AI Retouch,82.83333333333333,26.166666666666668,674.1666666666666,0.12286773794808406,0.03881334981458591,6,8
2026-08,墨西哥,iOS,non-Organic,AI Tattoo,13.666666666666666,4.0,674.1666666666666,0.020271940667490728,0.005933250927070458,28,22
2026-08,墨西哥,iOS,non-Organic,Acne,14.0,4.5,674.1666666666666,0.020766378244746603,0.006674907292954265,27,21
2026-08,墨西哥,iOS,non-Organic,Adjust,68.33333333333333,19.666666666666668,674.1666666666666,0.10135970333745364,0.02917181705809642,7,10
2026-08,墨西哥,iOS,non-Organic,Background,34.0,1.1666666666666667,674.1666666666666,0.05043263288009889,0.0017305315203955502,17,40
2026-08,墨西哥,iOS,non-Organic,Blur,21.666666666666668,8.5,674.1666666666666,0.03213844252163165,0.012608158220024722,20,17
2026-08,墨西哥,iOS,non-Organic,Body,58.166666666666664,30.833333333333332,674.1666666666666,0.08627935723114957,0.04573547589616811,9,6
2026-08,墨西哥,iOS,non-Organic,Bokeh,8.333333333333334,2.6666666666666665,674.1666666666666,0.012360939431396788,0.003955500618046972,36,28
2026-08,墨西哥,iOS,non-Organic,Brighten,9.0,4.0,674.1666666666666,0.01334981458590853,0.005933250927070458,35,22
2026-08,墨西哥,iOS,non-Organic,Clean Skin,14.666666666666666,8.166666666666666,674.1666666666666,0.021755253399258344,0.01211372064276885,24,19
2026-08,墨西哥,iOS,non-Organic,Concealer,7.333333333333333,2.0,674.1666666666666,0.010877626699629172,0.002966625463535229,37,32
2026-08,墨西哥,iOS,non-Organic,Contour,3.0,2.1666666666666665,674.1666666666666,0.004449938195302843,0.0032138442521631645,43,30
2026-08,墨西哥,iOS,non-Organic,Crop,43.833333333333336,27.333333333333332,674.1666666666666,0.0650185414091471,0.040543881334981456,14,7
2026-08,墨西哥,iOS,non-Organic,Dark Circles,5.166666666666667,2.1666666666666665,674.1666666666666,0.007663782447466008,0.0032138442521631645,40,30
2026-08,墨西哥,iOS,non-Organic,Details,2.8333333333333335,0.6666666666666666,674.1666666666666,0.004202719406674908,0.000988875154511743,45,41
2026-08,墨西哥,iOS,non-Organic,Effects,46.166666666666664,0.5,674.1666666666666,0.0684796044499382,0.0007416563658838072,13,42
2026-08,墨西哥,iOS,non-Organic,Eraser,53.0,22.833333333333332,674.1666666666666,0.07861557478368357,0.0338689740420272,11,9
2026-08,墨西哥,iOS,non-Organic,Expression,11.5,3.5,674.1666666666666,0.017058096415327566,0.005191594561186651,31,26
2026-08,墨西哥,iOS,non-Organic,Eye Brighten,3.0,1.5,674.1666666666666,0.004449938195302843,0.0022249690976514215,43,35
2026-08,墨西哥,iOS,non-Organic,Face,103.83333333333333,41.5,674.1666666666666,0.15401730531520397,0.061557478368356,5,4
2026-08,墨西哥,iOS,non-Organic,Face Fix,13.166666666666666,1.5,674.1666666666666,0.019530284301606922,0.0022249690976514215,29,35
2026-08,墨西哥,iOS,non-Organic,Filters,346.0,81.16666666666667,674.1666666666666,0.5132262051915946,0.1203955500618047,1,3
2026-08,墨西哥,iOS,non-Organic,Flawless,0.0,0.0,674.1666666666666,0.0,0.0,46,45
2026-08,墨西哥,iOS,non-Organic,Glitter,16.333333333333332,3.6666666666666665,674.1666666666666,0.0242274412855377,0.005438813349814586,23,25
2026-08,墨西哥,iOS,non-Organic,Glowup,23.333333333333332,5.0,674.1666666666666,0.034610630407911,0.007416563658838072,19,20
2026-08,墨西哥,iOS,non-Organic,Hair,57.5,19.333333333333332,674.1666666666666,0.08529048207663784,0.028677379480840544,10,11
2026-08,墨西哥,iOS,non-Organic,Magic,113.83333333333333,37.166666666666664,674.1666666666666,0.1688504326328801,0.055129789864029666,3,5
2026-08,墨西哥,iOS,non-Organic,Makeup,47.333333333333336,18.166666666666668,674.1666666666666,0.07021013597033375,0.026946847960444997,12,12
2026-08,墨西哥,iOS,non-Organic,Matte,3.8333333333333335,1.5,674.1666666666666,0.005686032138442522,0.0022249690976514215,42,35
2026-08,墨西哥,iOS,non-Organic,Muscle,14.333333333333334,3.0,674.1666666666666,0.021260815822002475,0.004449938195302843,25,27
2026-08,墨西哥,iOS,non-Organic,Mykit,11.666666666666666,0.0,674.1666666666666,0.0173053152039555,0.0,30,45
2026-08,墨西哥,iOS,non-Organic,Plump,14.166666666666666,3.8333333333333335,674.1666666666666,0.021013597033374538,0.005686032138442522,26,24
2026-08,墨西哥,iOS,non-Organic,Preset,18.5,0.16666666666666666,674.1666666666666,0.027441285537700866,0.00024721878862793575,22,44
2026-08,墨西哥,iOS,non-Organic,Prism,6.833333333333333,2.0,674.1666666666666,0.010135970333745364,0.002966625463535229,38,32
2026-08,墨西哥,iOS,non-Organic,Relight,309.3333333333333,169.16666666666666,674.1666666666666,0.4588380716934487,0.25092707045735474,2,1
2026-08,墨西哥,iOS,non-Organic,Reshape,39.333333333333336,11.0,674.1666666666666,0.05834363411619284,0.01631644004944376,16,15
2026-08,墨西哥,iOS,non-Organic,Resize,10.333333333333334,2.5,674.1666666666666,0.015327564894932016,0.003708281829419036,33,29
2026-08,墨西哥,iOS,non-Organic,Skin Tone,19.0,10.5,674.1666666666666,0.028182941903584675,0.015574783683559952,21,16
2026-08,墨西哥,iOS,non-Organic,Smooth,27.833333333333332,11.166666666666666,674.1666666666666,0.041285537700865266,0.016563658838071694,18,14
2026-08,墨西哥,iOS,non-Organic,Stamp,11.333333333333334,2.0,674.1666666666666,0.01681087762669963,0.002966625463535229,32,32
2026-08,墨西哥,iOS,non-Organic,Teeth,9.166666666666666,1.3333333333333333,674.1666666666666,0.013597033374536464,0.001977750309023486,34,38
2026-08,墨西哥,iOS,non-Organic,Text,6.833333333333333,0.3333333333333333,674.1666666666666,0.010135970333745364,0.0004944375772558715,38,43
2026-08,墨西哥,iOS,non-Organic,Whiten,0.0,0.0,674.1666666666666,0.0,0.0,46,45
2026-08,巴西,Android,Organic,AI Expand,21.166666666666668,8.833333333333334,1189.8333333333333,0.017789606387449225,0.007424008964841015,35,29
2026-08,巴西,Android,Organic,AI Image,78.33333333333333,14.833333333333334,1189.8333333333333,0.06583555119764672,0.012466732035299063,15,22
2026-08,巴西,Android,Organic,AI Repair,67.5,29.333333333333332,1189.8333333333333,0.056730634542653036,0.02465331278890601,16,19
2026-08,巴西,Android,Organic,AI Replace,17.5,5.5,1189.8333333333333,0.014707942288835972,0.004622496147919877,38,35
2026-08,巴西,Android,Organic,AI Retouch,219.16666666666666,77.83333333333333,1189.8333333333333,0.1841994677125648,0.06541532427510856,4,10
2026-08,巴西,Android,Organic,AI Tattoo,28.833333333333332,5.166666666666667,1189.8333333333333,0.02423308586636784,0.004342344866227764,31,36
2026-08,巴西,Android,Organic,Acne,91.83333333333333,70.83333333333333,1189.8333333333333,0.07718167810617733,0.05953214735957417,14,12
2026-08,巴西,Android,Organic,Adjust,143.33333333333334,84.83333333333333,1189.8333333333333,0.12046505112760893,0.07129850119064295,8,8
2026-08,巴西,Android,Organic,Background,52.0,6.333333333333333,1189.8333333333333,0.043703599943969745,0.0053228743521501615,22,33
2026-08,巴西,Android,Organic,Blur,61.333333333333336,41.666666666666664,1189.8333333333333,0.051547835831348934,0.035018910211514216,18,15
2026-08,巴西,Android,Organic,Body,102.0,57.5,1189.8333333333333,0.08572629219778681,0.04832609609188963,13,13
2026-08,巴西,Android,Organic,Bokeh,20.166666666666668,7.0,1189.8333333333333,0.016949152542372885,0.005883176915534389,37,31
2026-08,巴西,Android,Organic,Brighten,21.5,11.5,1189.8333333333333,0.01806975766914134,0.009665219218377924,34,25
2026-08,巴西,Android,Organic,Clean Skin,42.333333333333336,26.666666666666668,1189.8333333333333,0.03557921277489845,0.022412102535369103,25,20
2026-08,巴西,Android,Organic,Concealer,29.666666666666668,14.5,1189.8333333333333,0.024933464070598127,0.012186580753606948,30,23
2026-08,巴西,Android,Organic,Contour,10.166666666666666,5.0,1189.8333333333333,0.008544614091609469,0.004202269225381706,43,37
2026-08,巴西,Android,Organic,Crop,102.83333333333333,86.16666666666667,1189.8333333333333,0.0864266704020171,0.07241910631741141,12,7
2026-08,巴西,Android,Organic,Dark Circles,31.666666666666668,24.333333333333332,1189.8333333333333,0.026614371760750807,0.020451043563524302,29,21
2026-08,巴西,Android,Organic,Details,10.166666666666666,3.6666666666666665,1189.8333333333333,0.008544614091609469,0.0030816640986132513,43,39
2026-08,巴西,Android,Organic,Effects,56.166666666666664,1.3333333333333333,1189.8333333333333,0.047205490965121166,0.0011206051267684549,20,44
2026-08,巴西,Android,Organic,Eraser,125.0,71.66666666666667,1189.8333333333333,0.10505673063454266,0.060232525563804463,10,11
2026-08,巴西,Android,Organic,Expression,38.166666666666664,8.666666666666666,1189.8333333333333,0.03207732175374702,0.007283933323994957,28,30
2026-08,巴西,Android,Organic,Eye Brighten,17.5,11.0,1189.8333333333333,0.014707942288835972,0.009244992295839754,38,26
2026-08,巴西,Android,Organic,Face,256.0,118.0,1189.8333333333333,0.21515618433954337,0.09917355371900827,3,4
2026-08,巴西,Android,Organic,Face Fix,45.333333333333336,10.5,1189.8333333333333,0.03810057431012747,0.008824765373301584,23,27
2026-08,巴西,Android,Organic,Filters,348.1666666666667,139.0,1189.8333333333333,0.29261801372741286,0.11682308446561143,1,1
2026-08,巴西,Android,Organic,Flawless,0.0,0.0,1189.8333333333333,0.0,0.0,46,45
2026-08,巴西,Android,Organic,Glitter,20.5,2.8333333333333335,1189.8333333333333,0.017229303824064995,0.002381285894382967,36,40
2026-08,巴西,Android,Organic,Glowup,56.833333333333336,9.0,1189.8333333333333,0.0477657935285054,0.007564084605687071,19,28
2026-08,巴西,Android,Organic,Hair,134.0,42.5,1189.8333333333333,0.11262081524022974,0.0357192884157445,9,14
2026-08,巴西,Android,Organic,Magic,256.8333333333333,126.5,1189.8333333333333,0.21585656254377364,0.10631741140215717,2,2
2026-08,巴西,Android,Organic,Makeup,161.16666666666666,88.66666666666667,1189.8333333333333,0.135453144698137,0.07452024093010226,7,6
2026-08,巴西,Android,Organic,Matte,8.5,4.0,1189.8333333333333,0.007143857683148901,0.003361815380305365,45,38
2026-08,巴西,Android,Organic,Muscle,27.333333333333332,7.0,1189.8333333333333,0.022972405098753326,0.005883176915534389,32,31
2026-08,巴西,Android,Organic,Mykit,25.5,0.0,1189.8333333333333,0.021431573049446703,0.0,33,45
2026-08,巴西,Android,Organic,Plump,40.0,12.166666666666666,1189.8333333333333,0.03361815380305365,0.010225521781762151,27,24
2026-08,巴西,Android,Organic,Preset,40.833333333333336,1.5,1189.8333333333333,0.034318532007283936,0.001260680767614512,26,43
2026-08,巴西,Android,Organic,Prism,15.666666666666666,6.166666666666667,1189.8333333333333,0.013167110239529347,0.005182798711304105,41,34
2026-08,巴西,Android,Organic,Relight,201.33333333333334,90.83333333333333,1189.8333333333333,0.1692113741420367,0.076341224261101,5,5
2026-08,巴西,Android,Organic,Reshape,165.83333333333334,123.5,1189.8333333333333,0.1393752626418266,0.10379604986692814,6,3
2026-08,巴西,Android,Organic,Resize,62.0,31.333333333333332,1189.8333333333333,0.05210813839473316,0.026334220479058694,17,17
2026-08,巴西,Android,Organic,Skin Tone,44.333333333333336,29.5,1189.8333333333333,0.03726012046505113,0.024793388429752067,24,18
2026-08,巴西,Android,Organic,Smooth,110.33333333333333,84.66666666666667,1189.8333333333333,0.09273007424008965,0.0711584255497969,11,9
2026-08,巴西,Android,Organic,Stamp,16.666666666666668,2.3333333333333335,1189.8333333333333,0.014007564084605689,0.0019610589718447964,40,41
2026-08,巴西,Android,Organic,Teeth,52.5,34.0,1189.8333333333333,0.04412382686650792,0.028575430732595605,21,16
2026-08,巴西,Android,Organic,Text,15.0,1.8333333333333333,1189.8333333333333,0.012606807676145118,0.0015408320493066256,42,42
2026-08,巴西,Android,Organic,Whiten,0.0,0.0,1189.8333333333333,0.0,0.0,46,45
2026-08,巴西,Android,non-Organic,AI Expand,49.166666666666664,19.666666666666668,3235.6666666666665,0.015195219944370042,0.006078087977748017,38,32
2026-08,巴西,Android,non-Organic,AI Image,339.8333333333333,60.833333333333336,3235.6666666666665,0.10502729988667972,0.018800865354898527,10,18
2026-08,巴西,Android,non-Organic,AI Repair,219.5,87.0,3235.6666666666665,0.06783764293808592,0.026887812918512416,13,15
2026-08,巴西,Android,non-Organic,AI Replace,39.0,15.0,3235.6666666666665,0.01205315751519522,0.004635829813536624,41,34
2026-08,巴西,Android,non-Organic,AI Retouch,752.1666666666666,223.5,3235.6666666666665,0.23246111053878643,0.06907386422169569,4,6
2026-08,巴西,Android,non-Organic,AI Tattoo,119.33333333333333,24.666666666666668,3235.6666666666665,0.036880601627691356,0.007623364582260225,25,28
2026-08,巴西,Android,non-Organic,Acne,142.16666666666666,95.5,3235.6666666666665,0.04393736478829711,0.02951478314618317,21,14
2026-08,巴西,Android,non-Organic,Adjust,341.0,152.5,3235.6666666666665,0.10538786442773257,0.04713093643762234,9,11
2026-08,巴西,Android,non-Organic,Background,183.33333333333334,14.166666666666666,3235.6666666666665,0.05666014216544762,0.0043782837127845885,17,36
2026-08,巴西,Android,non-Organic,Blur,156.5,77.16666666666667,3235.6666666666665,0.0483671577212321,0.023848768929638407,19,16
2026-08,巴西,Android,non-Organic,Body,332.5,173.5,3235.6666666666665,0.10276089420006182,0.05362109817657361,11,8
2026-08,巴西,Android,non-Organic,Bokeh,66.16666666666667,14.666666666666666,3235.6666666666665,0.02044916039971155,0.004532811373235809,34,35
2026-08,巴西,Android,non-Organic,Brighten,51.666666666666664,22.666666666666668,3235.6666666666665,0.015967858246626145,0.007005253940455342,37,30
2026-08,巴西,Android,non-Organic,Clean Skin,108.16666666666667,59.666666666666664,3235.6666666666665,0.033429483877614095,0.018440300813845678,27,19
2026-08,巴西,Android,non-Organic,Concealer,70.0,28.333333333333332,3235.6666666666665,0.02163387246317091,0.008756567425569177,33,27
2026-08,巴西,Android,non-Organic,Contour,25.833333333333332,12.666666666666666,3235.6666666666665,0.007983929123313072,0.003914700731430926,44,38
2026-08,巴西,Android,non-Organic,Crop,216.33333333333334,157.33333333333334,3235.6666666666665,0.06685896775522819,0.04862470382198414,14,10
2026-08,巴西,Android,non-Organic,Dark Circles,53.166666666666664,34.0,3235.6666666666665,0.01643144122797981,0.010507880910683012,35,23
2026-08,巴西,Android,non-Organic,Details,28.666666666666668,10.5,3235.6666666666665,0.008859585865869992,0.0032450808694756365,43,40
2026-08,巴西,Android,non-Organic,Effects,180.16666666666666,6.5,3235.6666666666665,0.05568146698258988,0.00200885958586587,18,42
2026-08,巴西,Android,non-Organic,Eraser,493.6666666666667,256.8333333333333,3235.6666666666665,0.1525703100855053,0.07937570825177706,7,4
2026-08,巴西,Android,non-Organic,Expression,97.66666666666667,23.5,3235.6666666666665,0.03018440300813846,0.007262800041207377,28,29
2026-08,巴西,Android,non-Organic,Eye Brighten,35.5,22.333333333333332,3235.6666666666665,0.010971463892036674,0.006902235500154528,42,31
2026-08,巴西,Android,non-Organic,Face,703.1666666666666,244.0,3235.6666666666665,0.2173173998145668,0.07540949830019573,5,5
2026-08,巴西,Android,non-Organic,Face Fix,136.33333333333334,32.166666666666664,3235.6666666666665,0.04213454208303287,0.009941279489028535,22,24
2026-08,巴西,Android,non-Organic,Filters,1198.8333333333333,393.3333333333333,3235.6666666666665,0.370505820541877,0.12156175955496033,1,1
2026-08,巴西,Android,non-Organic,Flawless,0.0,0.0,3235.6666666666665,0.0,0.0,46,45
2026-08,巴西,Android,non-Organic,Glitter,88.5,14.166666666666666,3235.6666666666665,0.027351395899866078,0.0043782837127845885,30,36
2026-08,巴西,Android,non-Organic,Glowup,214.16666666666666,31.5,3235.6666666666665,0.0661893478932729,0.00973524260842691,15,25
2026-08,巴西,Android,non-Organic,Hair,520.6666666666666,132.33333333333334,3235.6666666666665,0.16091480374987122,0.0408983207994231,6,12
2026-08,巴西,Android,non-Organic,Magic,777.6666666666666,299.0,3235.6666666666665,0.2403420212217987,0.09240754094983003,3,3
2026-08,巴西,Android,non-Organic,Makeup,366.1666666666667,172.16666666666666,3235.6666666666665,0.11316575667044403,0.05320902441537035,8,9
2026-08,巴西,Android,non-Organic,Matte,20.666666666666668,7.666666666666667,3235.6666666666665,0.006387143298650459,0.0023694241269187188,45,41
2026-08,巴西,Android,non-Organic,Muscle,129.83333333333334,41.833333333333336,3235.6666666666665,0.040125682497167,0.01292881425775214,23,21
2026-08,巴西,Android,non-Organic,Mykit,75.66666666666667,0.0,3235.6666666666665,0.023385185948284745,0.0,32,45
2026-08,巴西,Android,non-Organic,Plump,91.33333333333333,29.666666666666668,3235.6666666666665,0.028227052642422992,0.009168641186772433,29,26
2026-08,巴西,Android,non-Organic,Preset,153.33333333333334,6.0,3235.6666666666665,0.047388482538374375,0.0018543319254146493,20,43
2026-08,巴西,Android,non-Organic,Prism,46.333333333333336,17.5,3235.6666666666665,0.014319563201813126,0.0054084681157927274,39,33
2026-08,巴西,Android,non-Organic,Relight,852.6666666666666,367.3333333333333,3235.6666666666665,0.2635211702894818,0.11352632121149686,2,2
2026-08,巴西,Android,non-Organic,Reshape,324.1666666666667,177.33333333333334,3235.6666666666665,0.10018543319254147,0.05480581024003297,12,7
2026-08,巴西,Android,non-Organic,Resize,86.16666666666667,36.5,3235.6666666666665,0.026630266817760383,0.011280519212939117,31,22
2026-08,巴西,Android,non-Organic,Skin Tone,114.33333333333333,65.33333333333333,3235.6666666666665,0.03533532502317915,0.020191614298959513,26,17
2026-08,巴西,Android,non-Organic,Smooth,212.66666666666666,127.5,3235.6666666666665,0.06572576491191924,0.0394045534150613,16,13
2026-08,巴西,Android,non-Organic,Stamp,53.166666666666664,10.833333333333334,3235.6666666666665,0.01643144122797981,0.0033480993097764504,35,39
2026-08,巴西,Android,non-Organic,Teeth,127.16666666666667,55.166666666666664,3235.6666666666665,0.03930153497476049,0.017049551869784692,24,20
2026-08,巴西,Android,non-Organic,Text,39.333333333333336,3.5,3235.6666666666665,0.012156175955496035,0.0010816936231585455,40,44
2026-08,巴西,Android,non-Organic,Whiten,0.0,0.0,3235.6666666666665,0.0,0.0,46,45
2026-08,巴西,iOS,Organic,AI Expand,66.0,31.666666666666668,4862.166666666667,0.01357419531758818,0.006512871490762006,38,28
2026-08,巴西,iOS,Organic,AI Image,158.5,38.333333333333336,4862.166666666667,0.032598635724814036,0.007884002330922428,28,27
2026-08,巴西,iOS,Organic,AI Repair,236.66666666666666,84.5,4862.166666666667,0.04867514482569499,0.01737908339903335,19,21
2026-08,巴西,iOS,Organic,AI Replace,34.166666666666664,13.5,4862.166666666667,0.0070270455558221635,0.002776539951324855,44,37
2026-08,巴西,iOS,Organic,AI Retouch,923.8333333333334,348.5,4862.166666666667,0.1900044561752305,0.07167586466938607,5,9
2026-08,巴西,iOS,Organic,AI Tattoo,83.16666666666667,11.833333333333334,4862.166666666667,0.017104857231001268,0.0024337572412847495,35,39
2026-08,巴西,iOS,Organic,Acne,540.8333333333334,432.8333333333333,4862.166666666667,0.11123298940801427,0.08902066979741541,12,7
2026-08,巴西,iOS,Organic,Adjust,572.6666666666666,274.0,4862.166666666667,0.11778013916978027,0.05635347753059335,11,12
2026-08,巴西,iOS,Organic,Background,190.83333333333334,13.166666666666666,4862.166666666667,0.039248620299592085,0.0027079834093168336,25,38
2026-08,巴西,iOS,Organic,Blur,256.6666666666667,171.16666666666666,4862.166666666667,0.05278853734617626,0.03520378432111884,16,15
2026-08,巴西,iOS,Organic,Body,579.3333333333334,341.1666666666667,4862.166666666667,0.1191512700099407,0.07016762074520962,10,10
2026-08,巴西,iOS,Organic,Bokeh,83.5,26.0,4862.166666666667,0.017173413773009287,0.005347410276625646,34,31
2026-08,巴西,iOS,Organic,Brighten,93.66666666666667,46.166666666666664,4862.166666666667,0.019264388304253935,0.009495081068110924,32,26
2026-08,巴西,iOS,Organic,Clean Skin,227.0,156.33333333333334,4862.166666666667,0.046687005107462376,0.032153018201761904,22,17
2026-08,巴西,iOS,Organic,Concealer,136.5,70.33333333333333,4862.166666666667,0.028073903952284644,0.014465430363692454,29,22
2026-08,巴西,iOS,Organic,Contour,55.333333333333336,27.666666666666668,4862.166666666667,0.011380385973331505,0.005690192986665753,39,30
2026-08,巴西,iOS,Organic,Crop,285.3333333333333,200.5,4862.166666666667,0.05868439995886607,0.0412367600178247,14,14
2026-08,巴西,iOS,Organic,Dark Circles,184.83333333333334,159.5,4862.166666666667,0.038014602543447705,0.0328043053508381,27,16
2026-08,巴西,iOS,Organic,Details,49.666666666666664,15.333333333333334,4862.166666666667,0.010214924759195144,0.0031536009323689714,42,35
2026-08,巴西,iOS,Organic,Effects,247.5,2.8333333333333335,4862.166666666667,0.050903232440955674,0.0005827306070681795,18,44
2026-08,巴西,iOS,Organic,Eraser,648.6666666666666,348.8333333333333,4862.166666666667,0.13341103074760907,0.07174442121139409,8,8
2026-08,巴西,iOS,Organic,Expression,125.83333333333333,21.333333333333332,4862.166666666667,0.025880094608027968,0.004387618688513351,30,33
2026-08,巴西,iOS,Organic,Eye Brighten,87.5,62.666666666666664,4862.166666666667,0.01799609227710554,0.012888629897507968,33,23
2026-08,巴西,iOS,Organic,Face,1194.5,476.1666666666667,4862.166666666667,0.24567236828574365,0.09793302025845817,3,6
2026-08,巴西,iOS,Organic,Face Fix,197.66666666666666,29.166666666666668,4862.166666666667,0.04065402941075652,0.005998697425701848,24,29
2026-08,巴西,iOS,Organic,Filters,1614.1666666666667,531.1666666666666,4862.166666666667,0.33198505467384226,0.10924484968978164,1,5
2026-08,巴西,iOS,Organic,Flawless,0.0,0.0,4862.166666666667,0.0,0.0,46,45
2026-08,巴西,iOS,Organic,Glitter,70.66666666666667,8.833333333333334,4862.166666666667,0.014533986905700477,0.0018167483632125596,37,42
2026-08,巴西,iOS,Organic,Glowup,234.83333333333334,52.166666666666664,4862.166666666667,0.048298083844650876,0.010729098824255304,20,25
2026-08,巴西,iOS,Organic,Hair,282.8333333333333,108.33333333333333,4862.166666666667,0.05817022589380591,0.02228087615260686,15,20
2026-08,巴西,iOS,Organic,Magic,1216.1666666666667,637.1666666666666,4862.166666666667,0.25012854351626507,0.13104583004833234,2,2
2026-08,巴西,iOS,Organic,Makeup,646.5,334.6666666666667,4862.166666666667,0.13296541322455693,0.0688307681760532,9,11
2026-08,巴西,iOS,Organic,Matte,33.333333333333336,15.333333333333334,4862.166666666667,0.006855654200802112,0.0031536009323689714,45,35
2026-08,巴西,iOS,Organic,Muscle,97.16666666666667,22.833333333333332,4862.166666666667,0.019984231995338154,0.004696123127549446,31,32
2026-08,巴西,iOS,Organic,Mykit,72.83333333333333,0.0,4862.166666666667,0.014979604428752612,0.0,36,45
2026-08,巴西,iOS,Organic,Plump,186.5,57.833333333333336,4862.166666666667,0.038357385253487815,0.011894560038391663,26,24
2026-08,巴西,iOS,Organic,Preset,198.83333333333334,10.5,4862.166666666667,0.040893977307784594,0.002159531073252665,23,40
2026-08,巴西,iOS,Organic,Prism,50.666666666666664,17.5,4862.166666666667,0.010420594385219209,0.0035992184554211083,41,34
2026-08,巴西,iOS,Organic,Relight,1119.1666666666667,574.0,4862.166666666667,0.2301785897919309,0.11805436533781236,4,3
2026-08,巴西,iOS,Organic,Reshape,909.6666666666666,720.8333333333334,4862.166666666667,0.1870908031398896,0.14825352209234566,6,1
2026-08,巴西,iOS,Organic,Resize,250.83333333333334,125.33333333333333,4862.166666666667,0.05158879786103589,0.025777259795015935,17,19
2026-08,巴西,iOS,Organic,Skin Tone,233.16666666666666,150.0,4862.166666666667,0.047955301134610766,0.0308504439036095,21,18
2026-08,巴西,iOS,Organic,Smooth,709.0,562.5,4862.166666666667,0.1458197648510609,0.11568916463853562,7,4
2026-08,巴西,iOS,Organic,Stamp,55.0,9.333333333333334,4862.166666666667,0.011311829431323483,0.0019195831762245912,40,41
2026-08,巴西,iOS,Organic,Teeth,310.3333333333333,223.5,4862.166666666667,0.06382614060946765,0.045967161416378154,13,13
2026-08,巴西,iOS,Organic,Text,39.666666666666664,4.333333333333333,4862.166666666667,0.008158228498954511,0.0008912350461042744,43,43
2026-08,巴西,iOS,Organic,Whiten,0.0,0.0,4862.166666666667,0.0,0.0,46,45
2026-08,巴西,iOS,non-Organic,AI Expand,26.0,8.0,2118.5,0.012272834552749587,0.003776256785461411,32,30
2026-08,巴西,iOS,non-Organic,AI Image,103.16666666666667,38.166666666666664,2118.5,0.048697978129179455,0.018015891747305484,15,15
2026-08,巴西,iOS,non-Organic,AI Repair,123.16666666666667,44.666666666666664,2118.5,0.05813862009283298,0.02108410038549288,12,12
2026-08,巴西,iOS,non-Organic,AI Replace,14.833333333333334,4.666666666666667,2118.5,0.007001809456376368,0.0022028164581858233,41,36
2026-08,巴西,iOS,non-Organic,AI Retouch,426.0,141.33333333333334,2118.5,0.20108567382582015,0.06671386987648494,4,5
2026-08,巴西,iOS,non-Organic,AI Tattoo,80.0,22.5,2118.5,0.03776256785461411,0.01062072220911022,20,19
2026-08,巴西,iOS,non-Organic,Acne,49.833333333333336,25.833333333333332,2118.5,0.023522932892770042,0.012194162536385807,27,18
2026-08,巴西,iOS,non-Organic,Adjust,231.66666666666666,80.66666666666667,2118.5,0.10935410274565337,0.03807725592006923,7,8
2026-08,巴西,iOS,non-Organic,Background,107.33333333333333,4.166666666666667,2118.5,0.05066477853827393,0.001966800409094485,14,37
2026-08,巴西,iOS,non-Organic,Blur,66.83333333333333,28.166666666666668,2118.5,0.031547478561875536,0.01329557076547872,22,17
2026-08,巴西,iOS,non-Organic,Body,206.33333333333334,99.0,2118.5,0.09739595625835891,0.04673117772008496,8,7
2026-08,巴西,iOS,non-Organic,Bokeh,21.666666666666668,4.0,2118.5,0.010227362127291324,0.0018881283927307056,35,38
2026-08,巴西,iOS,non-Organic,Brighten,19.333333333333332,8.333333333333334,2118.5,0.00912595389819841,0.00393360081818897,38,29
2026-08,巴西,iOS,non-Organic,Clean Skin,57.333333333333336,34.333333333333336,2118.5,0.027063173629140114,0.01620643537093856,24,16
2026-08,巴西,iOS,non-Organic,Concealer,24.666666666666668,11.833333333333334,2118.5,0.011643458421839352,0.005585713161828338,33,25
2026-08,巴西,iOS,non-Organic,Contour,11.166666666666666,6.5,2118.5,0.00527102509637322,0.003068208638187397,42,32
2026-08,巴西,iOS,non-Organic,Crop,80.83333333333333,49.0,2118.5,0.03815592793643301,0.023129572810951144,19,10
2026-08,巴西,iOS,non-Organic,Dark Circles,17.0,11.0,2118.5,0.0080245456691055,0.00519235308000944,40,27
2026-08,巴西,iOS,non-Organic,Details,8.333333333333334,2.8333333333333335,2118.5,0.00393360081818897,0.00133742427818425,45,40
2026-08,巴西,iOS,non-Organic,Effects,154.66666666666666,1.6666666666666667,2118.5,0.07300763118558729,0.000786720163637794,11,43
2026-08,巴西,iOS,non-Organic,Eraser,421.0,230.83333333333334,2118.5,0.19872551333490676,0.10896074266383447,5,3
2026-08,巴西,iOS,non-Organic,Expression,40.5,5.5,2118.5,0.019117299976398393,0.00259617654000472,30,34
2026-08,巴西,iOS,non-Organic,Eye Brighten,11.166666666666666,5.333333333333333,2118.5,0.00527102509637322,0.0025175045236409408,42,35
2026-08,巴西,iOS,non-Organic,Face,374.1666666666667,135.0,2118.5,0.17661867673668477,0.06372433325466131,6,6
2026-08,巴西,iOS,non-Organic,Face Fix,67.16666666666667,11.833333333333334,2118.5,0.0317048225946031,0.005585713161828338,21,25
2026-08,巴西,iOS,non-Organic,Filters,1109.1666666666667,298.6666666666667,2118.5,0.5235622689009519,0.1409802533238927,1,2
2026-08,巴西,iOS,non-Organic,Flawless,0.0,0.0,2118.5,0.0,0.0,46,45
2026-08,巴西,iOS,non-Organic,Glitter,51.333333333333336,10.0,2118.5,0.024230981040044057,0.004720320981826764,26,28
2026-08,巴西,iOS,non-Organic,Glowup,90.5,16.833333333333332,2118.5,0.04271890488553222,0.00794587365274172,16,22
2026-08,巴西,iOS,non-Organic,Hair,164.16666666666666,45.166666666666664,2118.5,0.07749193611832271,0.021320116434584216,10,11
2026-08,巴西,iOS,non-Organic,Magic,484.8333333333333,156.5,2118.5,0.22885689560223427,0.07387302336558886,3,4
2026-08,巴西,iOS,non-Organic,Makeup,193.33333333333334,70.16666666666667,2118.5,0.0912595389819841,0.033120918889151134,9,9
2026-08,巴西,iOS,non-Organic,Matte,9.333333333333334,2.3333333333333335,2118.5,0.004405632916371647,0.0011014082290929116,44,42
2026-08,巴西,iOS,non-Organic,Muscle,66.66666666666667,17.333333333333332,2118.5,0.03146880654551176,0.008181889701833058,23,21
2026-08,巴西,iOS,non-Organic,Mykit,39.666666666666664,0.0,2118.5,0.018723939894579496,0.0,31,45
2026-08,巴西,iOS,non-Organic,Plump,44.0,16.0,2118.5,0.02076941232003776,0.007552513570922822,29,24
2026-08,巴西,iOS,non-Organic,Preset,89.16666666666667,2.6666666666666665,2118.5,0.042089528754621984,0.0012587522618204704,18,41
2026-08,巴西,iOS,non-Organic,Prism,19.333333333333332,7.166666666666667,2118.5,0.00912595389819841,0.0033828967036425143,38,31
2026-08,巴西,iOS,non-Organic,Relight,904.3333333333334,462.3333333333333,2118.5,0.42687436078986707,0.21823617339312407,2,1
2026-08,巴西,iOS,non-Organic,Reshape,114.66666666666667,44.333333333333336,2118.5,0.05412634725828023,0.02092675635276532,13,13
2026-08,巴西,iOS,non-Organic,Resize,22.0,6.166666666666667,2118.5,0.01038470616001888,0.002910864605459838,34,33
2026-08,巴西,iOS,non-Organic,Skin Tone,44.5,17.5,2118.5,0.021005428369129102,0.008260561718196837,28,20
2026-08,巴西,iOS,non-Organic,Smooth,89.83333333333333,42.833333333333336,2118.5,0.0424042168200771,0.020218708205491306,17,14
2026-08,巴西,iOS,non-Organic,Stamp,20.333333333333332,3.0,2118.5,0.009597985996381087,0.0014160962945480293,37,39
2026-08,巴西,iOS,non-Organic,Teeth,56.0,16.833333333333332,2118.5,0.02643379749822988,0.00794587365274172,25,22
2026-08,巴西,iOS,non-Organic,Text,21.5,0.6666666666666666,2118.5,0.010148690110927543,0.0003146880654551176,36,44
2026-08,巴西,iOS,non-Organic,Whiten,0.0,0.0,2118.5,0.0,0.0,46,45
2026-08,整体,Android,Organic,AI Expand,228.83333333333334,115.16666666666667,6169.333333333333,0.03709206829479145,0.018667603198616815,31,20
2026-08,整体,Android,Organic,AI Image,578.8333333333334,109.83333333333333,6169.333333333333,0.09382429219796845,0.01780311216771126,12,23
2026-08,整体,Android,Organic,AI Repair,553.3333333333334,250.83333333333334,6169.333333333333,0.08969094445645127,0.040658093797276855,13,14
2026-08,整体,Android,Organic,AI Replace,166.33333333333334,67.16666666666667,6169.333333333333,0.026961314026366978,0.010887183920466826,36,31
2026-08,整体,Android,Organic,AI Retouch,1317.5,494.0,6169.333333333333,0.21355629997838774,0.08007348173762698,5,5
2026-08,整体,Android,Organic,AI Tattoo,166.16666666666666,35.166666666666664,6169.333333333333,0.02693429868165118,0.005700237735033499,37,39
2026-08,整体,Android,Organic,Acne,421.1666666666667,280.8333333333333,6169.333333333333,0.068267776096823,0.045520855846120596,16,13
2026-08,整体,Android,Organic,Adjust,693.8333333333334,352.1666666666667,6169.333333333333,0.11246488005186947,0.05708342338448239,8,8
2026-08,整体,Android,Organic,Background,415.0,46.166666666666664,6169.333333333333,0.06726820834233845,0.0074832504862762045,18,34
2026-08,整体,Android,Organic,Blur,340.6666666666667,167.0,6169.333333333333,0.05521936459909229,0.027069375405230172,22,18
2026-08,整体,Android,Organic,Body,509.6666666666667,283.1666666666667,6169.333333333333,0.08261292414091205,0.04589907067214178,14,12
2026-08,整体,Android,Organic,Bokeh,234.0,113.66666666666667,6169.333333333333,0.0379295439809812,0.01842446509617463,28,21
2026-08,整体,Android,Organic,Brighten,173.83333333333334,91.0,6169.333333333333,0.028177004538577913,0.014750378214826021,35,27
2026-08,整体,Android,Organic,Clean Skin,275.0,179.33333333333334,6169.333333333333,0.04457531878106765,0.029068510914199267,25,17
2026-08,整体,Android,Organic,Collarbone,0.0,0.0,6169.333333333333,0.0,0.0,46,45
2026-08,整体,Android,Organic,Concealer,213.16666666666666,96.33333333333333,6169.333333333333,0.03455262589150638,0.015614869245731576,33,25
2026-08,整体,Android,Organic,Contour,102.33333333333333,49.833333333333336,6169.333333333333,0.016587421655500326,0.008077588070023775,44,33
2026-08,整体,Android,Organic,Crop,421.0,313.3333333333333,6169.333333333333,0.0682407607521072,0.05078884806570132,17,11
2026-08,整体,Android,Organic,Dark Circles,158.16666666666666,104.16666666666667,6169.333333333333,0.025637562135292846,0.01688459044737411,39,24
2026-08,整体,Android,Organic,Details,102.83333333333333,40.333333333333336,6169.333333333333,0.01666846768964772,0.006537713421223256,43,38
2026-08,整体,Android,Organic,Effects,429.6666666666667,15.333333333333334,6169.333333333333,0.06964555867732873,0.002485411713853469,15,44
2026-08,整体,Android,Organic,Eraser,677.6666666666666,325.8333333333333,6169.333333333333,0.109844391614437,0.05281499891938621,9,10
2026-08,整体,Android,Organic,Expression,231.0,57.833333333333336,6169.333333333333,0.03744326777609683,0.009374324616382107,30,32
2026-08,整体,Android,Organic,Eye Brighten,125.66666666666667,78.5,6169.333333333333,0.020369569915712125,0.012724227361141129,41,28
2026-08,整体,Android,Organic,Face,1490.3333333333333,615.5,6169.333333333333,0.24157121244867086,0.09976766803544414,3,3
2026-08,整体,Android,Organic,Face Fix,309.6666666666667,73.66666666666667,6169.333333333333,0.05019451048195375,0.01194078236438297,23,30
2026-08,整体,Android,Organic,Filters,1981.8333333333333,596.1666666666666,6169.333333333333,0.32123946401556086,0.0966338880484115,1,4
2026-08,整体,Android,Organic,Flawless,0.0,0.0,6169.333333333333,0.0,0.0,46,45
2026-08,整体,Android,Organic,Glitter,250.66666666666666,34.0,6169.333333333333,0.04063107845256105,0.00551113032202291,27,40
2026-08,整体,Android,Organic,Glowup,410.1666666666667,110.5,6169.333333333333,0.0664847633455803,0.017911173546574455,19,22
2026-08,整体,Android,Organic,Hair,739.6666666666666,239.5,6169.333333333333,0.11989409984871408,0.03882105035660255,7,16
2026-08,整体,Android,Organic,Magic,1542.0,706.8333333333334,6169.333333333333,0.24994596931056842,0.11457207693970176,2,1
2026-08,整体,Android,Organic,Makeup,896.5,420.0,6169.333333333333,0.14531553922628054,0.0680786686838124,6,7
2026-08,整体,Android,Organic,Matte,96.83333333333333,43.333333333333336,6169.333333333333,0.015695915279878972,0.00702398962610763,45,35
2026-08,整体,Android,Organic,Muscle,165.83333333333334,40.666666666666664,6169.333333333333,0.026880267992219584,0.006591744110654852,38,37
2026-08,整体,Android,Organic,Mykit,307.5,0.0,6169.333333333333,0.04984331100064837,0.0,24,45
2026-08,整体,Android,Organic,Plump,232.16666666666666,74.16666666666667,6169.333333333333,0.03763237518910741,0.012021828398530367,29,29
2026-08,整体,Android,Organic,Preset,367.3333333333333,31.333333333333332,6169.333333333333,0.05954181975362006,0.0050788848065701315,21,41
2026-08,整体,Android,Organic,Prism,124.16666666666667,42.5,6169.333333333333,0.020126431813269938,0.0068889129025286365,42,36
2026-08,整体,Android,Organic,Relight,1427.0,655.6666666666666,6169.333333333333,0.2313053814566674,0.10627836611195159,4,2
2026-08,整体,Android,Organic,Reshape,606.3333333333334,342.0,6169.333333333333,0.09828182407607522,0.05543548735681868,11,9
2026-08,整体,Android,Organic,Resize,226.66666666666666,96.16666666666667,6169.333333333333,0.03674086881348606,0.015587853901015778,32,26
2026-08,整体,Android,Organic,Skin Tone,388.1666666666667,249.5,6169.333333333333,0.06291873784309489,0.04044197103955047,20,15
2026-08,整体,Android,Organic,Smooth,675.6666666666666,461.1666666666667,6169.333333333333,0.10952020747784742,0.07475145882861466,10,6
2026-08,整体,Android,Organic,Stamp,136.16666666666666,23.666666666666668,6169.333333333333,0.022071536632807434,0.0038361789496433978,40,42
2026-08,整体,Android,Organic,Teeth,268.5,128.33333333333334,6169.333333333333,0.0435217203371515,0.020801815431164904,26,19
2026-08,整体,Android,Organic,Text,193.0,16.833333333333332,6169.333333333333,0.03128376918089475,0.002728549816295656,34,43
2026-08,整体,Android,Organic,Whiten,0.0,0.0,6169.333333333333,0.0,0.0,46,45
2026-08,整体,Android,non-Organic,AI Expand,116.0,55.166666666666664,5042.166666666667,0.023005982877731132,0.010941063696162363,34,24
2026-08,整体,Android,non-Organic,AI Image,546.5,95.0,5042.166666666667,0.1083859451955178,0.018841106667107393,9,19
2026-08,整体,Android,non-Organic,AI Repair,392.6666666666667,157.83333333333334,5042.166666666667,0.0778765742240439,0.031302680725878426,13,14
2026-08,整体,Android,non-Organic,AI Replace,81.33333333333333,32.666666666666664,5042.166666666667,0.016130631672891943,0.006478696327636928,39,33
2026-08,整体,Android,non-Organic,AI Retouch,1149.5,360.0,5042.166666666667,0.22797739067199946,0.07139787789640696,4,5
2026-08,整体,Android,non-Organic,AI Tattoo,173.0,33.833333333333336,5042.166666666667,0.034310646877995565,0.006710078339338247,27,32
2026-08,整体,Android,non-Organic,Acne,211.66666666666666,136.16666666666666,5042.166666666667,0.04197930783723928,0.027005586222853928,22,15
2026-08,整体,Android,non-Organic,Adjust,493.8333333333333,207.66666666666666,5042.166666666667,0.09794070009585826,0.041185998082834754,12,13
2026-08,整体,Android,non-Organic,Background,297.8333333333333,28.333333333333332,5042.166666666667,0.05906852213003668,0.005619277427032029,18,34
2026-08,整体,Android,non-Organic,Blur,224.5,106.0,5042.166666666667,0.044524509965953786,0.02102270849171983,21,18
2026-08,整体,Android,non-Organic,Body,522.1666666666666,281.6666666666667,5042.166666666667,0.10355997752289028,0.055862228539318416,10,8
2026-08,整体,Android,non-Organic,Bokeh,105.0,24.666666666666668,5042.166666666667,0.020824381053118696,0.004892076818827884,35,36
2026-08,整体,Android,non-Organic,Brighten,93.83333333333333,43.833333333333336,5042.166666666667,0.018609724655406074,0.008693352725349553,36,29
2026-08,整体,Android,non-Organic,Clean Skin,185.33333333333334,107.0,5042.166666666667,0.03675668528740951,0.02122103593032096,25,17
2026-08,整体,Android,non-Organic,Concealer,124.66666666666667,53.166666666666664,5042.166666666667,0.02472482067894093,0.010544408818960103,33,26
2026-08,整体,Android,non-Organic,Contour,55.0,27.666666666666668,5042.166666666667,0.010908009123062175,0.0054870591346312765,44,35
2026-08,整体,Android,non-Organic,Crop,319.3333333333333,230.83333333333334,5042.166666666667,0.06333256205996099,0.04578058374376095,16,10
2026-08,整体,Android,non-Organic,Dark Circles,84.83333333333333,53.166666666666664,5042.166666666667,0.0168247777079959,0.010544408818960103,37,26
2026-08,整体,Android,non-Organic,Details,58.0,20.666666666666668,5042.166666666667,0.011502991438865566,0.004098767064423363,43,39
2026-08,整体,Android,non-Organic,Effects,300.8333333333333,13.0,5042.166666666667,0.05966350444584007,0.002578256701814696,17,42
2026-08,整体,Android,non-Organic,Eraser,685.5,345.1666666666667,5042.166666666667,0.13595345916107493,0.0684560208904902,7,6
2026-08,整体,Android,non-Organic,Expression,171.16666666666666,41.833333333333336,5042.166666666667,0.0339470465738935,0.00829669784814729,28,30
2026-08,整体,Android,non-Organic,Eye Brighten,58.333333333333336,36.166666666666664,5042.166666666667,0.011569100585065944,0.007172842362740885,42,31
2026-08,整体,Android,non-Organic,Face,1145.0,429.5,5042.166666666667,0.22708491719829438,0.08518163487918554,5,4
2026-08,整体,Android,non-Organic,Face Fix,232.0,58.333333333333336,5042.166666666667,0.046011965755462264,0.011569100585065944,20,22
2026-08,整体,Android,non-Organic,Filters,1777.8333333333333,543.3333333333334,5042.166666666667,0.35259313125970976,0.10775790830661422,1,2
2026-08,整体,Android,non-Organic,Flawless,0.0,0.0,5042.166666666667,0.0,0.0,46,45
2026-08,整体,Android,non-Organic,Glitter,156.66666666666666,23.166666666666668,5042.166666666667,0.031071298714177104,0.004594585660926189,30,38
2026-08,整体,Android,non-Organic,Glowup,343.0,63.333333333333336,5042.166666666667,0.06802631144018774,0.012560737778071596,15,21
2026-08,整体,Android,non-Organic,Hair,832.0,227.33333333333334,5042.166666666667,0.16500842891614054,0.045086437708656994,6,11
2026-08,整体,Android,non-Organic,Magic,1206.0,453.1666666666667,5042.166666666667,0.23918289095296333,0.08987538425941229,3,3
2026-08,整体,Android,non-Organic,Makeup,636.8333333333334,293.8333333333333,5042.166666666667,0.1263015238158199,0.058275212375632164,8,7
2026-08,整体,Android,non-Organic,Matte,43.166666666666664,16.5,5042.166666666667,0.008561134432948798,0.0032724027369186526,45,40
2026-08,整体,Android,non-Organic,Muscle,185.33333333333334,58.333333333333336,5042.166666666667,0.03675668528740951,0.011569100585065944,25,22
2026-08,整体,Android,non-Organic,Mykit,157.66666666666666,0.0,5042.166666666667,0.031269626152778236,0.0,29,45
2026-08,整体,Android,non-Organic,Plump,153.5,47.0,5042.166666666667,0.030443261825273526,0.009321389614253132,31,28
2026-08,整体,Android,non-Organic,Preset,246.83333333333334,12.166666666666666,5042.166666666667,0.04895382276137904,0.0024129838363137535,19,43
2026-08,整体,Android,non-Organic,Prism,71.33333333333333,24.166666666666668,5042.166666666667,0.014147357286880638,0.00479291309952732,41,37
2026-08,整体,Android,non-Organic,Relight,1309.5,579.0,5042.166666666667,0.2597097808481803,0.11483158695005453,2,1
2026-08,整体,Android,non-Organic,Reshape,502.8333333333333,252.66666666666666,5042.166666666667,0.09972564704326843,0.05011073281988563,11,9
2026-08,整体,Android,non-Organic,Resize,138.5,54.166666666666664,5042.166666666667,0.027468350246256566,0.010742736257561232,32,25
2026-08,整体,Android,non-Organic,Skin Tone,202.0,115.33333333333333,5042.166666666667,0.04006214259742835,0.02287376458533038,23,16
2026-08,整体,Android,non-Organic,Smooth,352.5,213.33333333333334,5042.166666666667,0.06991042210689849,0.042309853568241164,14,12
2026-08,整体,Android,non-Organic,Stamp,84.83333333333333,15.333333333333334,5042.166666666667,0.0168247777079959,0.003041020725217334,37,41
2026-08,整体,Android,non-Organic,Teeth,197.16666666666666,84.0,5042.166666666667,0.039103559977522885,0.016659504842494958,24,20
2026-08,整体,Android,non-Organic,Text,81.16666666666667,7.5,5042.166666666667,0.016097577099791757,0.0014874557895084785,40,44
2026-08,整体,Android,non-Organic,Whiten,0.0,0.0,5042.166666666667,0.0,0.0,46,45
2026-08,整体,iOS,Organic,AI Expand,422.1666666666667,219.0,21761.0,0.019400150115650324,0.01006387574100455,37,28
2026-08,整体,iOS,Organic,AI Image,1097.5,233.5,21761.0,0.05043426313128992,0.010730205413354166,19,27
2026-08,整体,iOS,Organic,AI Repair,1154.1666666666667,384.3333333333333,21761.0,0.05303831012667923,0.0176615657981404,18,21
2026-08,整体,iOS,Organic,AI Replace,240.83333333333334,101.33333333333333,21761.0,0.011067199730404547,0.004656648744696169,44,35
2026-08,整体,iOS,Organic,AI Retouch,5133.166666666667,1973.6666666666667,21761.0,0.23588836297351531,0.09069742505705927,5,6
2026-08,整体,iOS,Organic,AI Tattoo,450.1666666666667,69.66666666666667,21761.0,0.020686855689842687,0.0032014460119786166,35,39
2026-08,整体,iOS,Organic,Acne,1833.1666666666667,1339.6666666666667,21761.0,0.08424092030084403,0.06156273455570363,13,10
2026-08,整体,iOS,Organic,Adjust,1993.5,882.0,21761.0,0.09160884150544552,0.04053122558705942,12,13
2026-08,整体,iOS,Organic,Background,1045.0,75.16666666666667,21761.0,0.04802169017967924,0.003454191749766402,22,38
2026-08,整体,iOS,Organic,Blur,856.3333333333334,480.5,21761.0,0.039351745477383085,0.02208078672855108,27,19
2026-08,整体,iOS,Organic,Body,2596.5,1485.3333333333333,21761.0,0.11931896512108818,0.06825666712620437,9,8
2026-08,整体,iOS,Organic,Bokeh,325.6666666666667,83.83333333333333,21761.0,0.01496561126173736,0.0038524577608259423,40,36
2026-08,整体,iOS,Organic,Brighten,598.3333333333334,295.6666666666667,21761.0,0.027495672686610604,0.013586998146531257,31,24
2026-08,整体,iOS,Organic,Clean Skin,1206.3333333333333,791.0,21761.0,0.05543556515478761,0.03634943247093424,17,14
2026-08,整体,iOS,Organic,Concealer,723.3333333333334,339.6666666666667,21761.0,0.033239893999969364,0.01560896404883354,28,23
2026-08,整体,iOS,Organic,Contour,354.3333333333333,183.5,21761.0,0.0162829526829343,0.00843251688801066,39,29
2026-08,整体,iOS,Organic,Crop,922.8333333333334,645.1666666666666,21761.0,0.042407671216089945,0.02964784093868235,24,17
2026-08,整体,iOS,Organic,Dark Circles,630.1666666666666,475.3333333333333,21761.0,0.028958534381079298,0.02184335891426558,29,20
2026-08,整体,iOS,Organic,Details,356.8333333333333,123.83333333333333,21761.0,0.016397837109201476,0.005690608581100745,38,32
2026-08,整体,iOS,Organic,Effects,1514.0,22.0,21761.0,0.06957400854740131,0.001010982951151142,16,43
2026-08,整体,iOS,Organic,Eraser,2315.5,1191.6666666666667,21761.0,0.10640595560865769,0.05476157652068686,10,11
2026-08,整体,iOS,Organic,Expression,623.5,116.33333333333333,21761.0,0.0286521759110335,0.00534595530229922,30,33
2026-08,整体,iOS,Organic,Eye Brighten,437.1666666666667,290.0,21761.0,0.020089456673253375,0.013326593446992326,36,25
2026-08,整体,iOS,Organic,Face,6058.5,2643.5,21761.0,0.2784109186158724,0.12147879233491107,3,2
2026-08,整体,iOS,Organic,Face Fix,1032.8333333333333,150.83333333333334,21761.0,0.047462585971845654,0.006931360384786239,23,31
2026-08,整体,iOS,Organic,Filters,8082.5,2123.1666666666665,21761.0,0.3714213501217775,0.09756751374783634,1,5
2026-08,整体,iOS,Organic,Flawless,0.0,0.0,21761.0,0.0,0.0,46,45
2026-08,整体,iOS,Organic,Glitter,560.3333333333334,83.5,21761.0,0.02574942940734954,0.0038371398373236525,33,37
2026-08,整体,iOS,Organic,Glowup,1599.6666666666667,503.1666666666667,21761.0,0.07351071488748985,0.023122405526706802,14,18
2026-08,整体,iOS,Organic,Hair,2074.1666666666665,724.3333333333334,21761.0,0.0953157789929997,0.03328584777047624,11,15
2026-08,整体,iOS,Organic,Magic,5437.166666666667,2510.3333333333335,21761.0,0.24985830920760382,0.11535928189574622,4,3
2026-08,整体,iOS,Organic,Makeup,3214.8333333333335,1435.5,21761.0,0.1477337132178362,0.06596663756261201,6,9
2026-08,整体,iOS,Organic,Matte,320.8333333333333,166.16666666666666,21761.0,0.014743501370954152,0.007635984865891579,41,30
2026-08,整体,iOS,Organic,Muscle,498.1666666666667,115.83333333333333,21761.0,0.02289263667417245,0.005322978417045785,34,34
2026-08,整体,iOS,Organic,Mykit,577.0,0.0,21761.0,0.02651532558246404,0.0,32,45
2026-08,整体,iOS,Organic,Plump,877.8333333333334,257.8333333333333,21761.0,0.040339751543280795,0.011848413829021336,25,26
2026-08,整体,iOS,Organic,Preset,1050.0,66.66666666666667,21761.0,0.048251459032213596,0.003063584700458006,21,40
2026-08,整体,iOS,Organic,Prism,210.83333333333334,55.666666666666664,21761.0,0.009688586615198443,0.0025580932248824347,45,41
2026-08,整体,iOS,Organic,Relight,7103.333333333333,4071.6666666666665,21761.0,0.3264249498338005,0.18710843558047272,2,1
2026-08,整体,iOS,Organic,Reshape,2654.3333333333335,1763.5,21761.0,0.12197662484873552,0.0810394742888654,8,7
2026-08,整体,iOS,Organic,Resize,859.1666666666666,363.5,21761.0,0.03948194782715255,0.016704195579247277,26,22
2026-08,整体,iOS,Organic,Skin Tone,1526.0,1000.8333333333334,21761.0,0.07012545379348376,0.045992065315625816,15,12
2026-08,整体,iOS,Organic,Smooth,3019.8333333333335,2157.0,21761.0,0.13877272796899653,0.09912228298331878,7,4
2026-08,整体,iOS,Organic,Stamp,254.5,51.166666666666664,21761.0,0.011695234593998438,0.0023513012576015196,43,42
2026-08,整体,iOS,Organic,Teeth,1052.8333333333333,697.6666666666666,21761.0,0.048381661381983056,0.03206041389029303,20,16
2026-08,整体,iOS,Organic,Text,273.6666666666667,20.333333333333332,21761.0,0.012576015195380114,0.0009343933336396918,42,44
2026-08,整体,iOS,Organic,Whiten,0.0,0.0,21761.0,0.0,0.0,46,45
2026-08,整体,iOS,non-Organic,AI Expand,185.83333333333334,115.33333333333333,6211.0,0.02992003434766275,0.0185692051736167,27,17
2026-08,整体,iOS,non-Organic,AI Image,335.8333333333333,88.5,6211.0,0.05407073471797348,0.014248913218483336,16,20
2026-08,整体,iOS,non-Organic,AI Repair,386.5,120.5,6211.0,0.06222830462083401,0.019401062630816295,14,15
2026-08,整体,iOS,non-Organic,AI Replace,58.833333333333336,22.833333333333332,6211.0,0.009472441367466323,0.0036762732785917455,40,36
2026-08,整体,iOS,non-Organic,AI Retouch,1325.3333333333333,415.5,6211.0,0.21338485482745664,0.06689744002576074,4,5
2026-08,整体,iOS,non-Organic,AI Tattoo,200.66666666666666,48.5,6211.0,0.032308270273171256,0.007808726453067139,25,26
2026-08,整体,iOS,non-Organic,Acne,197.33333333333334,96.16666666666667,6211.0,0.03177158804271991,0.015483282348521442,26,19
2026-08,整体,iOS,non-Organic,Adjust,536.5,184.16666666666666,6211.0,0.08637900499114474,0.029651693232437073,10,11
2026-08,整体,iOS,non-Organic,Background,278.5,20.166666666666668,6211.0,0.04483980035421027,0.003246927494230666,17,37
2026-08,整体,iOS,non-Organic,Blur,175.83333333333334,74.0,6211.0,0.0283099876563087,0.011914345516019964,28,22
2026-08,整体,iOS,non-Organic,Body,730.3333333333334,368.3333333333333,6211.0,0.11758707669189074,0.059303386464874146,8,7
2026-08,整体,iOS,non-Organic,Bokeh,64.66666666666667,13.166666666666666,6211.0,0.010411635270756186,0.0021198948102828315,39,41
2026-08,整体,iOS,non-Organic,Brighten,89.83333333333333,37.833333333333336,6211.0,0.014463586110663874,0.00609134331562282,35,30
2026-08,整体,iOS,non-Organic,Clean Skin,204.66666666666666,117.16666666666667,6211.0,0.032952288949712874,0.018864380400364946,24,16
2026-08,整体,iOS,non-Organic,Concealer,117.16666666666667,50.0,6211.0,0.018864380400364946,0.008050233456770247,34,25
2026-08,整体,iOS,non-Organic,Contour,52.0,26.5,6211.0,0.008372242795041056,0.004266623732088231,45,34
2026-08,整体,iOS,non-Organic,Crop,227.33333333333334,140.83333333333334,6211.0,0.036601728116782056,0.022674824236569528,20,13
2026-08,整体,iOS,non-Organic,Dark Circles,75.66666666666667,43.833333333333336,6211.0,0.01218268663124564,0.007057371330435249,36,27
2026-08,整体,iOS,non-Organic,Details,54.0,16.833333333333332,6211.0,0.008694252133311866,0.002710245263779316,43,39
2026-08,整体,iOS,non-Organic,Effects,396.5,5.5,6211.0,0.06383835131218805,0.000885525680244727,13,43
2026-08,整体,iOS,non-Organic,Eraser,750.0,383.3333333333333,6211.0,0.1207535018515537,0.06171845650190522,7,6
2026-08,整体,iOS,non-Organic,Expression,159.0,32.666666666666664,6211.0,0.025599742392529382,0.005259485858423227,30,32
2026-08,整体,iOS,non-Organic,Eye Brighten,58.333333333333336,31.5,6211.0,0.009391939032898622,0.0050716470777652555,41,33
2026-08,整体,iOS,non-Organic,Face,1322.8333333333333,518.6666666666666,6211.0,0.21298234315461814,0.08350775505823002,5,3
2026-08,整体,iOS,non-Organic,Face Fix,242.83333333333334,42.0,6211.0,0.03909730048838083,0.006762196103687007,18,28
2026-08,整体,iOS,non-Organic,Filters,2773.6666666666665,682.8333333333334,6211.0,0.4465732839585681,0.109939354907959,1,2
2026-08,整体,iOS,non-Organic,Flawless,0.0,0.0,6211.0,0.0,0.0,46,45
2026-08,整体,iOS,non-Organic,Glitter,157.66666666666666,33.666666666666664,6211.0,0.025385069500348842,0.005420490527558632,31,31
2026-08,整体,iOS,non-Organic,Glowup,415.1666666666667,101.16666666666667,6211.0,0.06684377180271561,0.016288305694198466,12,18
2026-08,整体,iOS,non-Organic,Hair,815.8333333333334,224.0,6211.0,0.13135297590296785,0.0360650458863307,6,9
2026-08,整体,iOS,non-Organic,Magic,1332.3333333333333,476.3333333333333,6211.0,0.2145118875114045,0.07669189073149787,3,4
2026-08,整体,iOS,non-Organic,Makeup,659.6666666666666,248.66666666666666,6211.0,0.10620941340632212,0.04003649439167069,9,8
2026-08,整体,iOS,non-Organic,Matte,52.666666666666664,23.0,6211.0,0.008479579241131326,0.0037031073901143134,44,35
2026-08,整体,iOS,non-Organic,Muscle,208.16666666666666,57.5,6211.0,0.03351580529168679,0.009257768475285783,23,23
2026-08,整体,iOS,non-Organic,Mykit,131.83333333333334,0.0,6211.0,0.021225782214350883,0.0,32,45
2026-08,整体,iOS,non-Organic,Plump,172.5,51.833333333333336,6211.0,0.02777330542585735,0.008345408683518489,29,24
2026-08,整体,iOS,non-Organic,Preset,218.5,9.0,6211.0,0.035179520206085974,0.0014490420222186442,21,42
2026-08,整体,iOS,non-Organic,Prism,54.333333333333336,18.0,6211.0,0.008747920356357002,0.0028980840444372885,42,38
2026-08,整体,iOS,non-Organic,Relight,2437.0,1263.3333333333333,6211.0,0.3923683786829818,0.20340256534106155,2,1
2026-08,整体,iOS,non-Organic,Reshape,422.5,175.16666666666666,6211.0,0.06802447270970859,0.028202651210218428,11,12
2026-08,整体,iOS,non-Organic,Resize,121.16666666666667,41.166666666666664,6211.0,0.019508399076906564,0.0066280255460741695,33,29
2026-08,整体,iOS,non-Organic,Skin Tone,234.0,124.66666666666667,6211.0,0.037675092577684755,0.02007191541888048,19,14
2026-08,整体,iOS,non-Organic,Smooth,384.8333333333333,209.16666666666666,6211.0,0.061959963505608326,0.033676809960822195,15,10
2026-08,整体,iOS,non-Organic,Stamp,69.0,13.5,6211.0,0.01110932217034294,0.0021735630333279666,37,40
2026-08,整体,iOS,non-Organic,Teeth,214.33333333333334,81.83333333333333,6211.0,0.03450866741802179,0.013175548757580636,22,21
2026-08,整体,iOS,non-Organic,Text,65.16666666666667,2.6666666666666665,6211.0,0.010492137605323889,0.0004293457843610798,38,44
2026-08,整体,iOS,non-Organic,Whiten,0.0,0.0,6211.0,0.0,0.0,46,45
2026-08,美国,Android,Organic,AI Expand,6.666666666666667,2.8333333333333335,312.6666666666667,0.021321961620469083,0.00906183368869936,38,33
2026-08,美国,Android,Organic,AI Image,19.5,4.666666666666667,312.6666666666667,0.062366737739872065,0.014925373134328358,16,25
2026-08,美国,Android,Organic,AI Repair,21.5,11.0,312.6666666666667,0.06876332622601279,0.035181236673773986,14,16
2026-08,美国,Android,Organic,AI Replace,7.0,3.1666666666666665,312.6666666666667,0.022388059701492536,0.010127931769722813,35,30
2026-08,美国,Android,Organic,AI Retouch,57.166666666666664,22.0,312.6666666666667,0.18283582089552236,0.07036247334754797,4,7
2026-08,美国,Android,Organic,AI Tattoo,6.166666666666667,1.6666666666666667,312.6666666666667,0.019722814498933903,0.005330490405117271,41,40
2026-08,美国,Android,Organic,Acne,18.5,13.333333333333334,312.6666666666667,0.059168443496801705,0.042643923240938165,17,14
2026-08,美国,Android,Organic,Adjust,26.0,14.666666666666666,312.6666666666667,0.08315565031982942,0.04690831556503198,11,11
2026-08,美国,Android,Organic,Background,16.0,3.1666666666666665,312.6666666666667,0.0511727078891258,0.010127931769722813,20,30
2026-08,美国,Android,Organic,Blur,12.333333333333334,7.666666666666667,312.6666666666667,0.039445628997867806,0.024520255863539446,26,19
2026-08,美国,Android,Organic,Body,24.333333333333332,14.5,312.6666666666667,0.07782515991471214,0.04637526652452025,12,12
2026-08,美国,Android,Organic,Bokeh,7.833333333333333,3.0,312.6666666666667,0.02505330490405117,0.009594882729211086,34,32
2026-08,美国,Android,Organic,Brighten,9.0,5.166666666666667,312.6666666666667,0.02878464818763326,0.01652452025586354,31,23
2026-08,美国,Android,Organic,Clean Skin,13.333333333333334,8.333333333333334,312.6666666666667,0.042643923240938165,0.026652452025586353,23,17
2026-08,美国,Android,Organic,Concealer,12.5,5.5,312.6666666666667,0.039978678038379525,0.017590618336886993,25,22
2026-08,美国,Android,Organic,Contour,5.0,2.6666666666666665,312.6666666666667,0.015991471215351813,0.008528784648187633,43,34
2026-08,美国,Android,Organic,Crop,23.833333333333332,19.333333333333332,312.6666666666667,0.07622601279317696,0.06183368869936033,13,8
2026-08,美国,Android,Organic,Dark Circles,6.333333333333333,4.666666666666667,312.6666666666667,0.020255863539445626,0.014925373134328358,39,25
2026-08,美国,Android,Organic,Details,7.0,3.8333333333333335,312.6666666666667,0.022388059701492536,0.012260127931769723,35,29
2026-08,美国,Android,Organic,Effects,20.333333333333332,2.0,312.6666666666667,0.06503198294243069,0.006396588486140725,15,36
2026-08,美国,Android,Organic,Eraser,30.5,16.666666666666668,312.6666666666667,0.09754797441364604,0.053304904051172705,9,10
2026-08,美国,Android,Organic,Expression,9.833333333333334,2.5,312.6666666666667,0.0314498933901919,0.007995735607675906,30,35
2026-08,美国,Android,Organic,Eye Brighten,8.0,4.833333333333333,312.6666666666667,0.0255863539445629,0.015458422174840083,33,24
2026-08,美国,Android,Organic,Face,76.33333333333333,31.666666666666668,312.6666666666667,0.24413646055437097,0.10127931769722814,1,2
2026-08,美国,Android,Organic,Face Fix,14.333333333333334,4.166666666666667,312.6666666666667,0.045842217484008525,0.013326226012793176,22,27
2026-08,美国,Android,Organic,Filters,73.16666666666667,25.333333333333332,312.6666666666667,0.2340085287846482,0.0810234541577825,3,4
2026-08,美国,Android,Organic,Flawless,0.0,0.0,312.6666666666667,0.0,0.0,46,45
2026-08,美国,Android,Organic,Glitter,8.5,1.6666666666666667,312.6666666666667,0.02718550106609808,0.005330490405117271,32,40
2026-08,美国,Android,Organic,Glowup,18.5,6.833333333333333,312.6666666666667,0.059168443496801705,0.02185501066098081,17,20
2026-08,美国,Android,Organic,Hair,31.333333333333332,14.0,312.6666666666667,0.10021321961620468,0.04477611940298507,8,13
2026-08,美国,Android,Organic,Magic,74.5,41.5,312.6666666666667,0.238272921108742,0.13272921108742003,2,1
2026-08,美国,Android,Organic,Makeup,42.0,24.333333333333332,312.6666666666667,0.13432835820895522,0.07782515991471214,6,6
2026-08,美国,Android,Organic,Matte,4.666666666666667,1.8333333333333333,312.6666666666667,0.014925373134328358,0.005863539445628997,44,38
2026-08,美国,Android,Organic,Muscle,7.0,1.8333333333333333,312.6666666666667,0.022388059701492536,0.005863539445628997,35,38
2026-08,美国,Android,Organic,Mykit,11.666666666666666,0.0,312.6666666666667,0.03731343283582089,0.0,27,45
2026-08,美国,Android,Organic,Plump,11.333333333333334,4.0,312.6666666666667,0.03624733475479744,0.01279317697228145,29,28
2026-08,美国,Android,Organic,Preset,12.666666666666666,2.0,312.6666666666667,0.04051172707889125,0.006396588486140725,24,36
2026-08,美国,Android,Organic,Prism,4.0,1.3333333333333333,312.6666666666667,0.01279317697228145,0.0042643923240938165,45,42
2026-08,美国,Android,Organic,Relight,52.0,28.333333333333332,312.6666666666667,0.16631130063965885,0.0906183368869936,5,3
2026-08,美国,Android,Organic,Reshape,30.5,17.666666666666668,312.6666666666667,0.09754797441364604,0.05650319829424307,9,9
2026-08,美国,Android,Organic,Resize,11.5,6.166666666666667,312.6666666666667,0.036780383795309166,0.019722814498933903,28,21
2026-08,美国,Android,Organic,Skin Tone,18.333333333333332,12.0,312.6666666666667,0.05863539445628997,0.038379530916844345,19,15
2026-08,美国,Android,Organic,Smooth,33.333333333333336,25.166666666666668,312.6666666666667,0.10660980810234541,0.08049040511727079,7,5
2026-08,美国,Android,Organic,Stamp,5.5,0.8333333333333334,312.6666666666667,0.017590618336886993,0.0026652452025586353,42,44
2026-08,美国,Android,Organic,Teeth,15.666666666666666,8.333333333333334,312.6666666666667,0.05010660980810234,0.026652452025586353,21,17
2026-08,美国,Android,Organic,Text,6.333333333333333,1.1666666666666667,312.6666666666667,0.020255863539445626,0.0037313432835820895,39,43
2026-08,美国,Android,Organic,Whiten,0.0,0.0,312.6666666666667,0.0,0.0,46,45
2026-08,美国,Android,non-Organic,AI Expand,8.333333333333334,2.5,399.3333333333333,0.020868113522537566,0.006260434056761269,37,37
2026-08,美国,Android,non-Organic,AI Image,37.666666666666664,7.666666666666667,399.3333333333333,0.09432387312186978,0.01919866444073456,11,22
2026-08,美国,Android,non-Organic,AI Repair,35.833333333333336,13.166666666666666,399.3333333333333,0.08973288814691154,0.03297161936560935,13,15
2026-08,美国,Android,non-Organic,AI Replace,8.166666666666666,3.6666666666666665,399.3333333333333,0.02045075125208681,0.009181969949916527,39,33
2026-08,美国,Android,non-Organic,AI Retouch,91.5,31.333333333333332,399.3333333333333,0.22913188647746244,0.07846410684474124,4,5
2026-08,美国,Android,non-Organic,AI Tattoo,10.166666666666666,2.3333333333333335,399.3333333333333,0.025459098497495825,0.0058430717863105185,34,38
2026-08,美国,Android,non-Organic,Acne,19.166666666666668,11.5,399.3333333333333,0.047996661101836396,0.02879799666110184,23,18
2026-08,美国,Android,non-Organic,Adjust,31.0,12.833333333333334,399.3333333333333,0.07762938230383974,0.03213689482470785,14,16
2026-08,美国,Android,non-Organic,Background,25.666666666666668,4.333333333333333,399.3333333333333,0.0642737896494157,0.010851419031719533,18,31
2026-08,美国,Android,non-Organic,Blur,16.166666666666668,9.5,399.3333333333333,0.040484140233722876,0.023789649415692823,25,19
2026-08,美国,Android,non-Organic,Body,44.666666666666664,24.833333333333332,399.3333333333333,0.11185308848080133,0.06218697829716194,8,8
2026-08,美国,Android,non-Organic,Bokeh,6.0,1.3333333333333333,399.3333333333333,0.015025041736227046,0.00333889816360601,42,43
2026-08,美国,Android,non-Organic,Brighten,12.666666666666666,7.833333333333333,399.3333333333333,0.03171953255425709,0.01961602671118531,31,21
2026-08,美国,Android,non-Organic,Clean Skin,22.833333333333332,14.0,399.3333333333333,0.05717863105175292,0.035058430717863104,21,14
2026-08,美国,Android,non-Organic,Concealer,13.333333333333334,6.0,399.3333333333333,0.033388981636060105,0.015025041736227046,30,23
2026-08,美国,Android,non-Organic,Contour,8.666666666666666,3.5,399.3333333333333,0.021702838063439065,0.008764607679465776,36,34
2026-08,美国,Android,non-Organic,Crop,24.166666666666668,18.166666666666668,399.3333333333333,0.06051752921535894,0.04549248747913189,19,10
2026-08,美国,Android,non-Organic,Dark Circles,7.333333333333333,5.5,399.3333333333333,0.018363939899833055,0.013772954924874792,41,28
2026-08,美国,Android,non-Organic,Details,10.333333333333334,3.8333333333333335,399.3333333333333,0.025876460767946582,0.00959933222036728,33,32
2026-08,美国,Android,non-Organic,Effects,30.166666666666668,2.1666666666666665,399.3333333333333,0.07554257095158598,0.005425709515859766,16,39
2026-08,美国,Android,non-Organic,Eraser,40.166666666666664,17.166666666666668,399.3333333333333,0.10058430717863105,0.04298831385642738,9,12
2026-08,美国,Android,non-Organic,Expression,15.5,5.666666666666667,399.3333333333333,0.03881469115191987,0.014190317195325545,28,26
2026-08,美国,Android,non-Organic,Eye Brighten,8.0,5.833333333333333,399.3333333333333,0.02003338898163606,0.014607679465776294,40,25
2026-08,美国,Android,non-Organic,Face,96.66666666666667,43.666666666666664,399.3333333333333,0.24207011686143576,0.10934891485809682,3,1
2026-08,美国,Android,non-Organic,Face Fix,24.166666666666668,6.0,399.3333333333333,0.06051752921535894,0.015025041736227046,19,23
2026-08,美国,Android,non-Organic,Filters,106.0,36.166666666666664,399.3333333333333,0.2654424040066778,0.09056761268781302,1,3
2026-08,美国,Android,non-Organic,Flawless,0.0,0.0,399.3333333333333,0.0,0.0,46,45
2026-08,美国,Android,non-Organic,Glitter,9.833333333333334,2.6666666666666665,399.3333333333333,0.024624373956594326,0.00667779632721202,35,36
2026-08,美国,Android,non-Organic,Glowup,30.333333333333332,9.166666666666666,399.3333333333333,0.07595993322203673,0.022954924874791317,15,20
2026-08,美国,Android,non-Organic,Hair,57.5,19.666666666666668,399.3333333333333,0.1439899833055092,0.04924874791318865,6,9
2026-08,美国,Android,non-Organic,Magic,102.0,43.666666666666664,399.3333333333333,0.2554257095158598,0.10934891485809682,2,1
2026-08,美国,Android,non-Organic,Makeup,54.666666666666664,28.166666666666668,399.3333333333333,0.13689482470784642,0.07053422370617697,7,6
2026-08,美国,Android,non-Organic,Matte,6.0,2.8333333333333335,399.3333333333333,0.015025041736227046,0.007095158597662772,42,35
2026-08,美国,Android,non-Organic,Muscle,11.666666666666666,4.833333333333333,399.3333333333333,0.02921535893155259,0.012103505843071787,32,29
2026-08,美国,Android,non-Organic,Mykit,15.666666666666666,0.0,399.3333333333333,0.03923205342237062,0.0,27,45
2026-08,美国,Android,non-Organic,Plump,15.833333333333334,4.5,399.3333333333333,0.03964941569282137,0.011268781302170284,26,30
2026-08,美国,Android,non-Organic,Preset,15.166666666666666,2.1666666666666665,399.3333333333333,0.037979966611018365,0.005425709515859766,29,39
2026-08,美国,Android,non-Organic,Prism,5.166666666666667,2.0,399.3333333333333,0.012938230383973291,0.005008347245409015,45,41
2026-08,美国,Android,non-Organic,Relight,69.16666666666667,31.5,399.3333333333333,0.1732053422370618,0.07888146911519199,5,4
2026-08,美国,Android,non-Organic,Reshape,37.5,18.166666666666668,399.3333333333333,0.09390651085141903,0.04549248747913189,12,10
2026-08,美国,Android,non-Organic,Resize,16.5,5.666666666666667,399.3333333333333,0.041318864774624375,0.014190317195325545,24,26
2026-08,美国,Android,non-Organic,Skin Tone,26.0,15.0,399.3333333333333,0.0651085141903172,0.037562604340567615,17,13
2026-08,美国,Android,non-Organic,Smooth,38.333333333333336,27.666666666666668,399.3333333333333,0.09599332220367279,0.06928213689482471,10,7
2026-08,美国,Android,non-Organic,Stamp,5.833333333333333,1.1666666666666667,399.3333333333333,0.014607679465776294,0.0029215358931552592,44,44
2026-08,美国,Android,non-Organic,Teeth,19.5,12.0,399.3333333333333,0.048831385642737896,0.03005008347245409,22,17
2026-08,美国,Android,non-Organic,Text,8.333333333333334,1.8333333333333333,399.3333333333333,0.020868113522537566,0.004590984974958264,37,42
2026-08,美国,Android,non-Organic,Whiten,0.0,0.0,399.3333333333333,0.0,0.0,46,45
2026-08,美国,iOS,Organic,AI Expand,44.5,17.333333333333332,3596.1666666666665,0.012374287435695417,0.004819947165963757,41,36
2026-08,美国,iOS,Organic,AI Image,164.66666666666666,27.166666666666668,3596.1666666666665,0.0457894980766557,0.007554340269731659,23,31
2026-08,美国,iOS,Organic,AI Repair,179.5,59.833333333333336,3596.1666666666665,0.04991426055522084,0.01663808685174028,21,25
2026-08,美国,iOS,Organic,AI Replace,46.833333333333336,21.5,3596.1666666666665,0.013023126477267461,0.005978588311628123,40,34
2026-08,美国,iOS,Organic,AI Retouch,944.0,330.0,3596.1666666666665,0.2625017379617185,0.0917643787366177,4,6
2026-08,美国,iOS,Organic,AI Tattoo,71.33333333333333,11.333333333333334,3596.1666666666665,0.019835936413773927,0.003151503916207073,38,38
2026-08,美国,iOS,Organic,Acne,307.0,224.83333333333334,3596.1666666666665,0.0853686796125504,0.06252027622004913,13,10
2026-08,美国,iOS,Organic,Adjust,261.6666666666667,106.5,3596.1666666666665,0.07276266394772211,0.029614867683181167,16,17
2026-08,美国,iOS,Organic,Background,179.66666666666666,18.166666666666668,3596.1666666666665,0.04996060620104741,0.005051675395096631,20,35
2026-08,美国,iOS,Organic,Blur,149.0,86.0,3596.1666666666665,0.041433007368957685,0.02391435324651249,24,19
2026-08,美国,iOS,Organic,Body,495.6666666666667,284.8333333333333,3596.1666666666665,0.13783195068823284,0.07920470871761598,8,8
2026-08,美国,iOS,Organic,Bokeh,44.333333333333336,8.0,3596.1666666666665,0.012327941789868842,0.0022245909996755804,42,39
2026-08,美国,iOS,Organic,Brighten,122.16666666666667,61.0,3596.1666666666665,0.033971358390879176,0.0169625063725263,29,23
2026-08,美国,iOS,Organic,Clean Skin,213.33333333333334,130.0,3596.1666666666665,0.05932242665801549,0.036149603744728184,19,15
2026-08,美国,iOS,Organic,Concealer,143.5,66.0,3596.1666666666665,0.039903601056680726,0.01835287574732354,25,22
2026-08,美国,iOS,Organic,Contour,61.833333333333336,32.666666666666664,3596.1666666666665,0.017194234601659177,0.00908374658200862,39,29
2026-08,美国,iOS,Organic,Crop,136.83333333333334,99.5,3596.1666666666665,0.03804977522361774,0.027668350558465032,26,18
2026-08,美国,iOS,Organic,Dark Circles,109.33333333333333,79.83333333333333,3596.1666666666665,0.030402743662232935,0.022199564350929228,30,20
2026-08,美国,iOS,Organic,Details,84.16666666666667,29.166666666666668,3596.1666666666665,0.023404551142420172,0.008110488019650555,35,30
2026-08,美国,iOS,Organic,Effects,251.5,4.833333333333333,3596.1666666666665,0.06993557955230106,0.001344023728970663,17,43
2026-08,美国,iOS,Organic,Eraser,374.6666666666667,202.16666666666666,3596.1666666666665,0.10418501181813969,0.05621726838763498,11,11
2026-08,美国,iOS,Organic,Expression,108.16666666666667,24.166666666666668,3596.1666666666665,0.030078324141446913,0.006720118644853316,31,32
2026-08,美国,iOS,Organic,Eye Brighten,90.16666666666667,60.666666666666664,3596.1666666666665,0.025072994392176858,0.016869815080873152,33,24
2026-08,美国,iOS,Organic,Face,1106.6666666666667,511.5,3596.1666666666665,0.30773508828845536,0.14223478704175743,1,1
2026-08,美国,iOS,Organic,Face Fix,220.66666666666666,33.333333333333336,3596.1666666666665,0.06136163507438476,0.009269129165314919,18,28
2026-08,美国,iOS,Organic,Filters,1098.0,366.0,3596.1666666666665,0.3053251147054734,0.10177503823515781,2,5
2026-08,美国,iOS,Organic,Flawless,0.0,0.0,3596.1666666666665,0.0,0.0,46,45
2026-08,美国,iOS,Organic,Glitter,79.33333333333333,13.833333333333334,3596.1666666666665,0.022060527413449507,0.0038466886036056915,36,37
2026-08,美国,iOS,Organic,Glowup,315.8333333333333,107.0,3596.1666666666665,0.08782499884135886,0.029753904620660892,12,16
2026-08,美国,iOS,Organic,Hair,398.3333333333333,141.16666666666666,3596.1666666666665,0.11076609352551328,0.03925476201510868,10,14
2026-08,美国,iOS,Organic,Magic,947.8333333333334,441.0,3596.1666666666665,0.26356768781572976,0.12263057885711638,3,3
2026-08,美国,iOS,Organic,Makeup,561.3333333333334,247.0,3596.1666666666665,0.15609213514390324,0.06868424711498355,7,9
2026-08,美国,iOS,Organic,Matte,76.66666666666667,46.166666666666664,3596.1666666666665,0.021318997080224316,0.012837743893961162,37,26
2026-08,美国,iOS,Organic,Muscle,92.16666666666667,24.0,3596.1666666666665,0.025629142142095752,0.006673772999026742,32,33
2026-08,美国,iOS,Organic,Mykit,85.33333333333333,0.0,3596.1666666666665,0.02372897066320619,0.0,34,45
2026-08,美国,iOS,Organic,Plump,133.0,36.5,3596.1666666666665,0.036983825369606524,0.010149696436019836,27,27
2026-08,美国,iOS,Organic,Preset,129.33333333333334,8.0,3596.1666666666665,0.03596422116142189,0.0022245909996755804,28,39
2026-08,美国,iOS,Organic,Prism,26.5,5.5,3596.1666666666665,0.007368957686425361,0.0015294063122769617,45,42
2026-08,美国,iOS,Organic,Relight,876.3333333333334,477.0,3596.1666666666665,0.24368540575612924,0.1326412383556565,5,2
2026-08,美国,iOS,Organic,Reshape,454.5,292.5,3596.1666666666665,0.12638457616906892,0.08133660842563842,9,7
2026-08,美国,iOS,Organic,Resize,174.16666666666666,74.66666666666667,3596.1666666666665,0.04843119988877045,0.02076284933030542,22,21
2026-08,美国,iOS,Organic,Skin Tone,298.3333333333333,198.83333333333334,3596.1666666666665,0.08295870602956852,0.055290355471103496,14,12
2026-08,美国,iOS,Organic,Smooth,566.0,412.3333333333333,3596.1666666666665,0.15738981322704731,0.11465912777494554,6,4
2026-08,美国,iOS,Organic,Stamp,31.166666666666668,7.5,3596.1666666666665,0.00866663576956945,0.002085554062195857,44,41
2026-08,美国,iOS,Organic,Teeth,268.1666666666667,193.0,3596.1666666666665,0.07457014413495854,0.05366825786717338,15,13
2026-08,美国,iOS,Organic,Text,36.0,3.5,3596.1666666666665,0.010010659498540112,0.0009732585623580665,43,44
2026-08,美国,iOS,Organic,Whiten,0.0,0.0,3596.1666666666665,0.0,0.0,46,45
2026-08,美国,iOS,non-Organic,AI Expand,21.666666666666668,11.5,1403.1666666666667,0.015441263808053213,0.008195747713505166,36,28
2026-08,美国,iOS,non-Organic,AI Image,67.33333333333333,13.166666666666666,1403.1666666666667,0.04798669675733459,0.009383537237201567,19,25
2026-08,美国,iOS,non-Organic,AI Repair,73.83333333333333,20.166666666666668,1403.1666666666667,0.05261907589975056,0.014372253236726452,16,19
2026-08,美国,iOS,non-Organic,AI Replace,14.666666666666666,6.666666666666667,1403.1666666666667,0.010452547808528327,0.004751158094785604,42,37
2026-08,美国,iOS,non-Organic,AI Retouch,338.0,99.5,1403.1666666666667,0.2408837154056301,0.07091103456467514,4,5
2026-08,美国,iOS,non-Organic,AI Tattoo,46.166666666666664,10.0,1403.1666666666667,0.032901769806390306,0.0071267371421784055,26,32
2026-08,美国,iOS,non-Organic,Acne,62.333333333333336,32.5,1403.1666666666667,0.0444233281862454,0.023161895712079817,20,16
2026-08,美国,iOS,non-Organic,Adjust,85.0,29.0,1403.1666666666667,0.060577265708516445,0.020667537712317375,13,17
2026-08,美国,iOS,non-Organic,Background,59.833333333333336,7.166666666666667,1403.1666666666667,0.0426416439007008,0.005107494951894524,22,36
2026-08,美国,iOS,non-Organic,Blur,39.0,16.0,1403.1666666666667,0.02779427485449578,0.011402779427485448,31,23
2026-08,美国,iOS,non-Organic,Body,199.33333333333334,98.66666666666667,1403.1666666666667,0.14205962703408956,0.07031713980282694,7,6
2026-08,美国,iOS,non-Organic,Bokeh,11.333333333333334,1.5,1403.1666666666667,0.008076968761135526,0.0010690105713267609,44,43
2026-08,美国,iOS,non-Organic,Brighten,26.5,10.666666666666666,1403.1666666666667,0.018885853426772774,0.007601852951656965,34,29
2026-08,美国,iOS,non-Organic,Clean Skin,62.0,33.5,1403.1666666666667,0.044185770281506116,0.02387456942629766,21,15
2026-08,美国,iOS,non-Organic,Concealer,41.0,16.666666666666668,1403.1666666666667,0.029219622282931464,0.01187789523696401,30,22
2026-08,美国,iOS,non-Organic,Contour,16.5,8.166666666666666,1403.1666666666667,0.011759116284594369,0.005820168666112364,40,34
2026-08,美国,iOS,non-Organic,Crop,42.666666666666664,25.833333333333332,1403.1666666666667,0.03040741180662786,0.018410737617294212,28,18
2026-08,美国,iOS,non-Organic,Dark Circles,23.333333333333332,12.5,1403.1666666666667,0.01662905333174961,0.008908421427723008,35,27
2026-08,美国,iOS,non-Organic,Details,20.5,6.333333333333333,1403.1666666666667,0.014609811141465732,0.004513600190046324,38,38
2026-08,美国,iOS,non-Organic,Effects,74.33333333333333,1.6666666666666667,1403.1666666666667,0.05297541275685948,0.001187789523696401,15,42
2026-08,美国,iOS,non-Organic,Eraser,120.83333333333333,54.0,1403.1666666666667,0.08611474046798906,0.03848438056776339,10,11
2026-08,美国,iOS,non-Organic,Expression,47.333333333333336,10.666666666666666,1403.1666666666667,0.03373322247297779,0.007601852951656965,24,29
2026-08,美国,iOS,non-Organic,Eye Brighten,21.333333333333332,10.666666666666666,1403.1666666666667,0.01520370590331393,0.007601852951656965,37,29
2026-08,美国,iOS,non-Organic,Face,356.8333333333333,144.83333333333334,1403.1666666666667,0.2543057370233994,0.10321890960921724,3,2
2026-08,美国,iOS,non-Organic,Face Fix,71.66666666666667,14.166666666666666,1403.1666666666667,0.05107494951894524,0.010096210951419408,18,24
2026-08,美国,iOS,non-Organic,Filters,476.6666666666667,120.0,1403.1666666666667,0.3397078037771707,0.08552084570614087,1,3
2026-08,美国,iOS,non-Organic,Flawless,0.0,0.0,1403.1666666666667,0.0,0.0,46,45
2026-08,美国,iOS,non-Organic,Glitter,35.666666666666664,7.833333333333333,1403.1666666666667,0.02541869580710298,0.005582610761373084,32,35
2026-08,美国,iOS,non-Organic,Glowup,143.16666666666666,36.666666666666664,1403.1666666666667,0.10203112008552083,0.026131369521320818,9,13
2026-08,美国,iOS,non-Organic,Hair,307.5,77.33333333333333,1403.1666666666667,0.21914716712198598,0.055113433899513,5,7
2026-08,美国,iOS,non-Organic,Magic,280.5,114.0,1403.1666666666667,0.19990497683810426,0.08124480342083383,6,4
2026-08,美国,iOS,non-Organic,Makeup,179.0,72.0,1403.1666666666667,0.12756859484499347,0.05131250742368452,8,8
2026-08,美国,iOS,non-Organic,Matte,18.5,9.333333333333334,1403.1666666666667,0.01318446371303005,0.006651621332699846,39,33
2026-08,美国,iOS,non-Organic,Muscle,56.833333333333336,17.0,1403.1666666666667,0.040503622758047274,0.01211545314170329,23,21
2026-08,美国,iOS,non-Organic,Mykit,29.166666666666668,0.0,1403.1666666666667,0.020786316664687016,0.0,33,45
2026-08,美国,iOS,non-Organic,Plump,43.166666666666664,12.833333333333334,1403.1666666666667,0.03076374866373678,0.009145979332462287,27,26
2026-08,美国,iOS,non-Organic,Preset,41.333333333333336,2.3333333333333335,1403.1666666666667,0.029457180187670746,0.0016629053331749615,29,41
2026-08,美国,iOS,non-Organic,Prism,11.333333333333334,4.833333333333333,1403.1666666666667,0.008076968761135526,0.0034445896187195626,44,39
2026-08,美国,iOS,non-Organic,Relight,398.3333333333333,210.83333333333334,1403.1666666666667,0.28388169616343983,0.15025537474759473,2,1
2026-08,美国,iOS,non-Organic,Reshape,115.16666666666667,54.666666666666664,1403.1666666666667,0.0820762560874213,0.03895949637724195,11,10
2026-08,美国,iOS,non-Organic,Resize,46.5,18.0,1403.1666666666667,0.03313932771112959,0.01282812685592113,25,20
2026-08,美国,iOS,non-Organic,Skin Tone,76.0,42.0,1403.1666666666667,0.054163202280555885,0.029932295997149305,14,12
2026-08,美国,iOS,non-Organic,Smooth,113.83333333333333,69.0,1403.1666666666667,0.08112602446846418,0.049174486281031,12,9
2026-08,美国,iOS,non-Organic,Stamp,13.5,3.0,1403.1666666666667,0.009621095141940848,0.0021380211426535217,43,40
2026-08,美国,iOS,non-Organic,Teeth,72.5,34.0,1403.1666666666667,0.05166884428079344,0.02423090628340658,17,14
2026-08,美国,iOS,non-Organic,Text,15.333333333333334,0.6666666666666666,1403.1666666666667,0.01092766361800689,0.0004751158094785603,41,44
2026-08,美国,iOS,non-Organic,Whiten,0.0,0.0,1403.1666666666667,0.0,0.0,46,45
2026-08,英国,Android,Organic,AI Expand,1.1666666666666667,0.5,108.33333333333333,0.01076923076923077,0.004615384615384616,43,33
2026-08,英国,Android,Organic,AI Image,5.5,1.3333333333333333,108.33333333333333,0.050769230769230775,0.012307692307692308,18,26
2026-08,英国,Android,Organic,AI Repair,5.0,1.8333333333333333,108.33333333333333,0.046153846153846156,0.016923076923076923,20,22
2026-08,英国,Android,Organic,AI Replace,1.1666666666666667,0.3333333333333333,108.33333333333333,0.01076923076923077,0.003076923076923077,43,36
2026-08,英国,Android,Organic,AI Retouch,17.333333333333332,6.166666666666667,108.33333333333333,0.16,0.05692307692307693,4,6
2026-08,英国,Android,Organic,AI Tattoo,1.3333333333333333,0.0,108.33333333333333,0.012307692307692308,0.0,42,44
2026-08,英国,Android,Organic,Acne,7.333333333333333,5.333333333333333,108.33333333333333,0.06769230769230769,0.04923076923076923,13,10
2026-08,英国,Android,Organic,Adjust,7.333333333333333,4.0,108.33333333333333,0.06769230769230769,0.036923076923076927,13,13
2026-08,英国,Android,Organic,Background,4.5,0.6666666666666666,108.33333333333333,0.04153846153846154,0.006153846153846154,21,30
2026-08,英国,Android,Organic,Blur,5.166666666666667,3.1666666666666665,108.33333333333333,0.0476923076923077,0.02923076923076923,19,16
2026-08,英国,Android,Organic,Body,8.5,5.0,108.33333333333333,0.07846153846153847,0.046153846153846156,10,11
2026-08,英国,Android,Organic,Bokeh,1.6666666666666667,0.3333333333333333,108.33333333333333,0.015384615384615385,0.003076923076923077,37,36
2026-08,英国,Android,Organic,Brighten,1.6666666666666667,0.8333333333333334,108.33333333333333,0.015384615384615385,0.007692307692307693,37,29
2026-08,英国,Android,Organic,Clean Skin,3.6666666666666665,2.5,108.33333333333333,0.033846153846153845,0.023076923076923078,24,19
2026-08,英国,Android,Organic,Collarbone,0.0,0.0,108.33333333333333,0.0,0.0,46,44
2026-08,英国,Android,Organic,Concealer,2.5,1.5,108.33333333333333,0.023076923076923078,0.013846153846153847,31,24
2026-08,英国,Android,Organic,Contour,1.5,0.3333333333333333,108.33333333333333,0.013846153846153847,0.003076923076923077,41,36
2026-08,英国,Android,Organic,Crop,4.333333333333333,3.3333333333333335,108.33333333333333,0.04,0.03076923076923077,22,15
2026-08,英国,Android,Organic,Dark Circles,3.0,2.6666666666666665,108.33333333333333,0.027692307692307693,0.024615384615384615,29,18
2026-08,英国,Android,Organic,Details,2.1666666666666665,0.6666666666666666,108.33333333333333,0.02,0.006153846153846154,34,30
2026-08,英国,Android,Organic,Effects,4.166666666666667,0.16666666666666666,108.33333333333333,0.038461538461538464,0.0015384615384615385,23,41
2026-08,英国,Android,Organic,Eraser,10.0,5.833333333333333,108.33333333333333,0.09230769230769231,0.05384615384615385,8,7
2026-08,英国,Android,Organic,Expression,2.6666666666666665,1.1666666666666667,108.33333333333333,0.024615384615384615,0.01076923076923077,30,27
2026-08,英国,Android,Organic,Eye Brighten,2.3333333333333335,1.8333333333333333,108.33333333333333,0.02153846153846154,0.016923076923076923,32,22
2026-08,英国,Android,Organic,Face,23.5,11.166666666666666,108.33333333333333,0.21692307692307694,0.10307692307692308,3,2
2026-08,英国,Android,Organic,Face Fix,5.833333333333333,2.0,108.33333333333333,0.05384615384615385,0.018461538461538463,17,21
2026-08,英国,Android,Organic,Filters,25.333333333333332,9.0,108.33333333333333,0.23384615384615384,0.08307692307692308,1,3
2026-08,英国,Android,Organic,Flawless,0.0,0.0,108.33333333333333,0.0,0.0,46,44
2026-08,英国,Android,Organic,Glitter,2.1666666666666665,0.16666666666666666,108.33333333333333,0.02,0.0015384615384615385,34,41
2026-08,英国,Android,Organic,Glowup,7.5,2.3333333333333335,108.33333333333333,0.06923076923076923,0.02153846153846154,12,20
2026-08,英国,Android,Organic,Hair,8.333333333333334,3.1666666666666665,108.33333333333333,0.07692307692307693,0.02923076923076923,11,16
2026-08,英国,Android,Organic,Magic,25.333333333333332,12.333333333333334,108.33333333333333,0.23384615384615384,0.11384615384615386,1,1
2026-08,英国,Android,Organic,Makeup,12.0,5.833333333333333,108.33333333333333,0.11076923076923077,0.05384615384615385,6,7
2026-08,英国,Android,Organic,Matte,1.6666666666666667,0.6666666666666666,108.33333333333333,0.015384615384615385,0.006153846153846154,37,30
2026-08,英国,Android,Organic,Muscle,2.0,1.0,108.33333333333333,0.018461538461538463,0.009230769230769232,36,28
2026-08,英国,Android,Organic,Mykit,3.6666666666666665,0.0,108.33333333333333,0.033846153846153845,0.0,24,44
2026-08,英国,Android,Organic,Plump,3.3333333333333335,0.5,108.33333333333333,0.03076923076923077,0.004615384615384616,28,33
2026-08,英国,Android,Organic,Preset,3.5,0.3333333333333333,108.33333333333333,0.03230769230769231,0.003076923076923077,26,36
2026-08,英国,Android,Organic,Prism,1.6666666666666667,0.3333333333333333,108.33333333333333,0.015384615384615385,0.003076923076923077,37,36
2026-08,英国,Android,Organic,Relight,15.0,7.666666666666667,108.33333333333333,0.13846153846153847,0.07076923076923078,5,5
2026-08,英国,Android,Organic,Reshape,9.0,5.666666666666667,108.33333333333333,0.08307692307692308,0.05230769230769231,9,9
2026-08,英国,Android,Organic,Resize,3.5,1.5,108.33333333333333,0.03230769230769231,0.013846153846153847,26,24
2026-08,英国,Android,Organic,Skin Tone,6.833333333333333,5.0,108.33333333333333,0.06307692307692307,0.046153846153846156,15,11
2026-08,英国,Android,Organic,Smooth,11.5,9.0,108.33333333333333,0.10615384615384615,0.08307692307692308,7,3
2026-08,英国,Android,Organic,Stamp,1.0,0.16666666666666666,108.33333333333333,0.009230769230769232,0.0015384615384615385,45,41
2026-08,英国,Android,Organic,Teeth,6.5,3.5,108.33333333333333,0.060000000000000005,0.03230769230769231,16,14
2026-08,英国,Android,Organic,Text,2.3333333333333335,0.5,108.33333333333333,0.02153846153846154,0.004615384615384616,32,33
2026-08,英国,Android,Organic,Whiten,0.0,0.0,108.33333333333333,0.0,0.0,46,44
2026-08,英国,Android,non-Organic,AI Expand,0.0,0.0,13.5,0.0,0.0,41,29
2026-08,英国,Android,non-Organic,AI Image,1.3333333333333333,0.16666666666666666,13.5,0.09876543209876543,0.012345679012345678,9,17
2026-08,英国,Android,non-Organic,AI Repair,0.5,0.16666666666666666,13.5,0.037037037037037035,0.012345679012345678,22,17
2026-08,英国,Android,non-Organic,AI Replace,0.0,0.0,13.5,0.0,0.0,41,29
2026-08,英国,Android,non-Organic,AI Retouch,2.3333333333333335,0.5,13.5,0.17283950617283952,0.037037037037037035,3,7
2026-08,英国,Android,non-Organic,AI Tattoo,0.5,0.0,13.5,0.037037037037037035,0.0,22,29
2026-08,英国,Android,non-Organic,Acne,0.6666666666666666,0.3333333333333333,13.5,0.04938271604938271,0.024691358024691357,18,11
2026-08,英国,Android,non-Organic,Adjust,0.5,0.3333333333333333,13.5,0.037037037037037035,0.024691358024691357,22,11
2026-08,英国,Android,non-Organic,Background,0.16666666666666666,0.0,13.5,0.012345679012345678,0.0,34,29
2026-08,英国,Android,non-Organic,Blur,0.3333333333333333,0.16666666666666666,13.5,0.024691358024691357,0.012345679012345678,29,17
2026-08,英国,Android,non-Organic,Body,1.5,0.8333333333333334,13.5,0.1111111111111111,0.0617283950617284,7,3
2026-08,英国,Android,non-Organic,Bokeh,0.0,0.0,13.5,0.0,0.0,41,29
2026-08,英国,Android,non-Organic,Brighten,0.6,0.4,13.5,0.044444444444444446,0.02962962962962963,20,9
2026-08,英国,Android,non-Organic,Clean Skin,0.16666666666666666,0.16666666666666666,13.5,0.012345679012345678,0.012345679012345678,34,17
2026-08,英国,Android,non-Organic,Concealer,0.3333333333333333,0.0,13.5,0.024691358024691357,0.0,29,29
2026-08,英国,Android,non-Organic,Contour,0.6,0.4,13.5,0.044444444444444446,0.02962962962962963,20,9
2026-08,英国,Android,non-Organic,Crop,0.16666666666666666,0.0,13.5,0.012345679012345678,0.0,34,29
2026-08,英国,Android,non-Organic,Dark Circles,0.0,0.0,13.5,0.0,0.0,41,29
2026-08,英国,Android,non-Organic,Details,0.2,0.2,13.5,0.014814814814814815,0.014814814814814815,33,16
2026-08,英国,Android,non-Organic,Effects,0.5,0.0,13.5,0.037037037037037035,0.0,22,29
2026-08,英国,Android,non-Organic,Eraser,0.5,0.16666666666666666,13.5,0.037037037037037035,0.012345679012345678,22,17
2026-08,英国,Android,non-Organic,Expression,0.8333333333333334,0.16666666666666666,13.5,0.0617283950617284,0.012345679012345678,16,17
2026-08,英国,Android,non-Organic,Eye Brighten,0.0,0.0,13.5,0.0,0.0,41,29
2026-08,英国,Android,non-Organic,Face,3.8333333333333335,1.3333333333333333,13.5,0.2839506172839506,0.09876543209876543,1,1
2026-08,英国,Android,non-Organic,Face Fix,1.1666666666666667,0.16666666666666666,13.5,0.08641975308641976,0.012345679012345678,12,17
2026-08,英国,Android,non-Organic,Filters,2.3333333333333335,0.3333333333333333,13.5,0.17283950617283952,0.024691358024691357,3,11
2026-08,英国,Android,non-Organic,Flawless,0.0,0.0,13.5,0.0,0.0,41,29
2026-08,英国,Android,non-Organic,Glitter,0.5,0.0,13.5,0.037037037037037035,0.0,22,29
2026-08,英国,Android,non-Organic,Glowup,1.3333333333333333,0.5,13.5,0.09876543209876543,0.037037037037037035,9,7
2026-08,英国,Android,non-Organic,Hair,3.3333333333333335,1.1666666666666667,13.5,0.2469135802469136,0.08641975308641976,2,2
2026-08,英国,Android,non-Organic,Magic,2.0,0.3333333333333333,13.5,0.14814814814814814,0.024691358024691357,6,11
2026-08,英国,Android,non-Organic,Makeup,2.1666666666666665,0.3333333333333333,13.5,0.16049382716049382,0.024691358024691357,5,11
2026-08,英国,Android,non-Organic,Matte,0.16666666666666666,0.0,13.5,0.012345679012345678,0.0,34,29
2026-08,英国,Android,non-Organic,Muscle,1.3333333333333333,0.16666666666666666,13.5,0.09876543209876543,0.012345679012345678,9,17
2026-08,英国,Android,non-Organic,Mykit,0.5,0.0,13.5,0.037037037037037035,0.0,22,29
2026-08,英国,Android,non-Organic,Plump,0.6666666666666666,0.16666666666666666,13.5,0.04938271604938271,0.012345679012345678,18,17
2026-08,英国,Android,non-Organic,Preset,0.8333333333333334,0.0,13.5,0.0617283950617284,0.0,16,29
2026-08,英国,Android,non-Organic,Prism,0.3333333333333333,0.0,13.5,0.024691358024691357,0.0,29,29
2026-08,英国,Android,non-Organic,Relight,1.5,0.8333333333333334,13.5,0.1111111111111111,0.0617283950617284,7,3
2026-08,英国,Android,non-Organic,Reshape,1.1666666666666667,0.6666666666666666,13.5,0.08641975308641976,0.04938271604938271,12,5
2026-08,英国,Android,non-Organic,Resize,0.3333333333333333,0.16666666666666666,13.5,0.024691358024691357,0.012345679012345678,29,17
2026-08,英国,Android,non-Organic,Skin Tone,0.16666666666666666,0.16666666666666666,13.5,0.012345679012345678,0.012345679012345678,34,17
2026-08,英国,Android,non-Organic,Smooth,1.0,0.6666666666666666,13.5,0.07407407407407407,0.04938271604938271,14,5
2026-08,英国,Android,non-Organic,Stamp,0.16666666666666666,0.0,13.5,0.012345679012345678,0.0,34,29
2026-08,英国,Android,non-Organic,Teeth,1.0,0.16666666666666666,13.5,0.07407407407407407,0.012345679012345678,14,17
2026-08,英国,Android,non-Organic,Text,0.16666666666666666,0.0,13.5,0.012345679012345678,0.0,34,29
2026-08,英国,Android,non-Organic,Whiten,0.0,0.0,13.5,0.0,0.0,41,29
2026-08,英国,iOS,Organic,AI Expand,12.166666666666666,3.8333333333333335,1261.3333333333333,0.009645877378435518,0.003039112050739958,42,37
2026-08,英国,iOS,Organic,AI Image,55.333333333333336,8.166666666666666,1261.3333333333333,0.043868921775898524,0.006474630021141649,23,30
2026-08,英国,iOS,Organic,AI Repair,56.166666666666664,19.666666666666668,1261.3333333333333,0.044529598308668074,0.015591966173361524,22,23
2026-08,英国,iOS,Organic,AI Replace,14.666666666666666,6.666666666666667,1261.3333333333333,0.011627906976744186,0.005285412262156449,40,34
2026-08,英国,iOS,Organic,AI Retouch,285.6666666666667,90.5,1261.3333333333333,0.22647991543340384,0.07174947145877379,5,6
2026-08,英国,iOS,Organic,AI Tattoo,23.5,2.8333333333333335,1261.3333333333333,0.018631078224101483,0.0022463002114164908,37,40
2026-08,英国,iOS,Organic,Acne,93.83333333333333,69.16666666666667,1261.3333333333333,0.074392177589852,0.05483615221987316,14,11
2026-08,英国,iOS,Organic,Adjust,81.66666666666667,33.0,1261.3333333333333,0.0647463002114165,0.02616279069767442,15,18
2026-08,英国,iOS,Organic,Background,59.0,4.833333333333333,1261.3333333333333,0.04677589852008457,0.003831923890063425,20,35
2026-08,英国,iOS,Organic,Blur,57.0,36.166666666666664,1261.3333333333333,0.04519027484143764,0.02867336152219873,21,16
2026-08,英国,iOS,Organic,Body,140.33333333333334,76.83333333333333,1261.3333333333333,0.11125792811839325,0.06091437632135307,8,9
2026-08,英国,iOS,Organic,Bokeh,14.333333333333334,3.5,1261.3333333333333,0.011363636363636364,0.0027748414376321355,41,38
2026-08,英国,iOS,Organic,Brighten,37.166666666666664,16.166666666666668,1261.3333333333333,0.0294661733615222,0.012817124735729388,29,24
2026-08,英国,iOS,Organic,Clean Skin,64.5,40.0,1261.3333333333333,0.05113636363636364,0.031712473572938694,19,15
2026-08,英国,iOS,Organic,Concealer,48.0,22.166666666666668,1261.3333333333333,0.03805496828752643,0.01757399577167019,25,21
2026-08,英国,iOS,Organic,Contour,23.666666666666668,10.333333333333334,1261.3333333333333,0.018763213530655392,0.008192389006342496,36,27
2026-08,英国,iOS,Organic,Crop,39.833333333333336,30.5,1261.3333333333333,0.03158033826638478,0.02418076109936575,27,19
2026-08,英国,iOS,Organic,Dark Circles,34.0,23.333333333333332,1261.3333333333333,0.026955602536997886,0.01849894291754757,31,20
2026-08,英国,iOS,Organic,Details,23.5,7.5,1261.3333333333333,0.018631078224101483,0.005946088794926005,37,31
2026-08,英国,iOS,Organic,Effects,67.5,1.0,1261.3333333333333,0.05351479915433404,0.0007928118393234673,18,43
2026-08,英国,iOS,Organic,Eraser,126.5,67.0,1261.3333333333333,0.10029069767441862,0.05311839323467231,10,12
2026-08,英国,iOS,Organic,Expression,37.166666666666664,7.0,1261.3333333333333,0.0294661733615222,0.005549682875264271,29,32
2026-08,英国,iOS,Organic,Eye Brighten,25.833333333333332,16.0,1261.3333333333333,0.020480972515856236,0.012684989429175477,35,25
2026-08,英国,iOS,Organic,Face,351.6666666666667,159.0,1261.3333333333333,0.27880549682875266,0.1260570824524313,1,1
2026-08,英国,iOS,Organic,Face Fix,69.16666666666667,9.666666666666666,1261.3333333333333,0.05483615221987316,0.00766384778012685,16,29
2026-08,英国,iOS,Organic,Filters,341.8333333333333,95.33333333333333,1261.3333333333333,0.2710095137420719,0.0755813953488372,2,5
2026-08,英国,iOS,Organic,Flawless,0.0,0.0,1261.3333333333333,0.0,0.0,46,45
2026-08,英国,iOS,Organic,Glitter,26.0,4.333333333333333,1261.3333333333333,0.02061310782241015,0.003435517970401691,34,36
2026-08,英国,iOS,Organic,Glowup,102.66666666666667,35.666666666666664,1261.3333333333333,0.08139534883720931,0.028276955602537,13,17
2026-08,英国,iOS,Organic,Hair,121.0,42.0,1261.3333333333333,0.09593023255813954,0.033298097251585626,11,14
2026-08,英国,iOS,Organic,Magic,309.6666666666667,143.83333333333334,1261.3333333333333,0.24550739957716705,0.11403276955602538,3,3
2026-08,英国,iOS,Organic,Makeup,168.0,74.33333333333333,1261.3333333333333,0.1331923890063425,0.0589323467230444,7,10
2026-08,英国,iOS,Organic,Matte,19.5,10.0,1261.3333333333333,0.015459830866807613,0.007928118393234674,39,28
2026-08,英国,iOS,Organic,Muscle,26.5,7.0,1261.3333333333333,0.021009513742071884,0.005549682875264271,33,32
2026-08,英国,iOS,Organic,Mykit,33.666666666666664,0.0,1261.3333333333333,0.026691331923890064,0.0,32,45
2026-08,英国,iOS,Organic,Plump,46.166666666666664,13.166666666666666,1261.3333333333333,0.0366014799154334,0.010438689217758985,26,26
2026-08,英国,iOS,Organic,Preset,38.5,3.0,1261.3333333333333,0.03052325581395349,0.0023784355179704017,28,39
2026-08,英国,iOS,Organic,Prism,7.166666666666667,1.6666666666666667,1261.3333333333333,0.005681818181818182,0.0013213530655391123,45,42
2026-08,英国,iOS,Organic,Relight,288.3333333333333,154.16666666666666,1261.3333333333333,0.2285940803382664,0.12222515856236786,4,2
2026-08,英国,iOS,Organic,Reshape,140.16666666666666,85.0,1261.3333333333333,0.11112579281183932,0.06738900634249471,9,7
2026-08,英国,iOS,Organic,Resize,50.166666666666664,20.0,1261.3333333333333,0.03977272727272727,0.015856236786469347,24,22
2026-08,英国,iOS,Organic,Skin Tone,108.66666666666667,78.33333333333333,1261.3333333333333,0.08615221987315011,0.06210359408033827,12,8
2026-08,英国,iOS,Organic,Smooth,172.66666666666666,120.0,1261.3333333333333,0.136892177589852,0.09513742071881608,6,4
2026-08,英国,iOS,Organic,Stamp,9.833333333333334,2.3333333333333335,1261.3333333333333,0.007795983086680762,0.001849894291754757,44,41
2026-08,英国,iOS,Organic,Teeth,68.0,46.0,1261.3333333333333,0.05391120507399577,0.036469344608879496,17,13
2026-08,英国,iOS,Organic,Text,10.166666666666666,1.0,1261.3333333333333,0.008060253699788583,0.0007928118393234673,43,43
2026-08,英国,iOS,Organic,Whiten,0.0,0.0,1261.3333333333333,0.0,0.0,46,45
2026-08,英国,iOS,non-Organic,AI Expand,6.5,2.0,540.5,0.012025901942645698,0.0037002775208140612,41,36
2026-08,英国,iOS,non-Organic,AI Image,31.833333333333332,5.833333333333333,540.5,0.05889608387295714,0.010792476102374344,16,27
2026-08,英国,iOS,non-Organic,AI Repair,30.833333333333332,8.5,540.5,0.05704594511255011,0.01572617946345976,18,21
2026-08,英国,iOS,non-Organic,AI Replace,7.0,3.6666666666666665,540.5,0.012950971322849213,0.006783842121492445,40,33
2026-08,英国,iOS,non-Organic,AI Retouch,135.33333333333334,40.166666666666664,540.5,0.2503854455750848,0.07431390687634906,4,5
2026-08,英国,iOS,non-Organic,AI Tattoo,9.833333333333334,0.8333333333333334,540.5,0.018193031144002468,0.001541782300339192,37,40
2026-08,英国,iOS,non-Organic,Acne,26.0,14.0,540.5,0.04810360777058279,0.025901942645698426,19,14
2026-08,英国,iOS,non-Organic,Adjust,37.0,13.666666666666666,540.5,0.06845513413506013,0.025285229725562748,13,17
2026-08,英国,iOS,non-Organic,Background,20.5,2.0,540.5,0.037927844588344126,0.0037002775208140612,22,36
2026-08,英国,iOS,non-Organic,Blur,18.166666666666668,9.166666666666666,540.5,0.03361085414739439,0.016959605303731112,26,19
2026-08,英国,iOS,non-Organic,Body,64.33333333333333,32.833333333333336,540.5,0.11902559358618563,0.060746222633364176,8,7
2026-08,英国,iOS,non-Organic,Bokeh,6.5,0.6666666666666666,540.5,0.012025901942645698,0.0012334258402713536,41,41
2026-08,英国,iOS,non-Organic,Brighten,16.166666666666668,7.5,540.5,0.02991057662658033,0.013876040703052728,30,24
2026-08,英国,iOS,non-Organic,Clean Skin,25.833333333333332,13.833333333333334,540.5,0.04779525131051495,0.02559358618563059,20,16
2026-08,英国,iOS,non-Organic,Concealer,18.5,7.666666666666667,540.5,0.034227567067530065,0.014184397163120569,24,23
2026-08,英国,iOS,non-Organic,Contour,8.833333333333334,4.0,540.5,0.016342892383595438,0.0074005550416281225,38,30
2026-08,英国,iOS,non-Organic,Crop,16.833333333333332,11.833333333333334,540.5,0.03114400246685168,0.02189330866481653,29,18
2026-08,英国,iOS,non-Organic,Dark Circles,13.666666666666666,8.833333333333334,540.5,0.025285229725562748,0.016342892383595438,32,20
2026-08,英国,iOS,non-Organic,Details,10.833333333333334,3.5,540.5,0.020043169904409498,0.0064754856614246065,36,34
2026-08,英国,iOS,non-Organic,Effects,34.0,0.3333333333333333,540.5,0.06290471785383904,0.0006167129201356768,15,43
2026-08,英国,iOS,non-Organic,Eraser,46.0,25.0,540.5,0.0851063829787234,0.04625346901017576,11,8
2026-08,英国,iOS,non-Organic,Expression,17.5,4.0,540.5,0.032377428307123035,0.0074005550416281225,27,30
2026-08,英国,iOS,non-Organic,Eye Brighten,11.166666666666666,7.333333333333333,540.5,0.020659882824545173,0.01356768424298489,35,25
2026-08,英国,iOS,non-Organic,Face,141.0,62.5,540.5,0.2608695652173913,0.11563367252543941,3,2
2026-08,英国,iOS,non-Organic,Face Fix,31.166666666666668,4.5,540.5,0.05766265803268579,0.008325624421831638,17,28
2026-08,英国,iOS,non-Organic,Filters,198.83333333333334,45.5,540.5,0.36786925686093125,0.0841813135985199,2,4
2026-08,英国,iOS,non-Organic,Flawless,0.0,0.0,540.5,0.0,0.0,46,45
2026-08,英国,iOS,non-Organic,Glitter,12.833333333333334,2.6666666666666665,540.5,0.02374344742522356,0.004933703361085414,33,35
2026-08,英国,iOS,non-Organic,Glowup,48.666666666666664,15.0,540.5,0.09004008633980881,0.027752081406105456,10,13
2026-08,英国,iOS,non-Organic,Hair,73.83333333333333,20.333333333333332,540.5,0.1366019118100524,0.037619488128276285,6,12
2026-08,英国,iOS,non-Organic,Magic,131.5,54.666666666666664,540.5,0.2432932469935245,0.10114091890225099,5,3
2026-08,英国,iOS,non-Organic,Makeup,65.83333333333333,25.0,540.5,0.12180080172679617,0.04625346901017576,7,8
2026-08,英国,iOS,non-Organic,Matte,8.0,3.8333333333333335,540.5,0.014801110083256245,0.007092198581560284,39,32
2026-08,英国,iOS,non-Organic,Muscle,17.0,4.333333333333333,540.5,0.03145235892691952,0.008017267961763799,28,29
2026-08,英国,iOS,non-Organic,Mykit,12.166666666666666,0.0,540.5,0.022510021584952203,0.0,34,45
2026-08,英国,iOS,non-Organic,Plump,22.333333333333332,7.833333333333333,540.5,0.041319765649090345,0.014492753623188406,21,22
2026-08,英国,iOS,non-Organic,Preset,16.0,1.1666666666666667,540.5,0.02960222016651249,0.002158495220474869,31,38
2026-08,英国,iOS,non-Organic,Prism,3.6666666666666665,0.6666666666666666,540.5,0.006783842121492445,0.0012334258402713536,45,41
2026-08,英国,iOS,non-Organic,Relight,207.33333333333334,103.83333333333333,540.5,0.383595436324391,0.19210607462226334,1,1
2026-08,英国,iOS,non-Organic,Reshape,44.5,23.666666666666668,540.5,0.08233117483811286,0.04378661732963306,12,10
2026-08,英国,iOS,non-Organic,Resize,18.333333333333332,6.166666666666667,540.5,0.033919210607462225,0.011409189022510022,25,26
2026-08,英国,iOS,non-Organic,Skin Tone,36.666666666666664,22.666666666666668,540.5,0.06783842121492445,0.04193647856922603,14,11
2026-08,英国,iOS,non-Organic,Smooth,57.0,35.5,540.5,0.10545790934320073,0.06567992599444958,9,6
2026-08,英国,iOS,non-Organic,Stamp,6.166666666666667,1.0,540.5,0.011409189022510022,0.0018501387604070306,43,39
2026-08,英国,iOS,non-Organic,Teeth,20.333333333333332,14.0,540.5,0.037619488128276285,0.025901942645698426,23,14
2026-08,英国,iOS,non-Organic,Text,4.166666666666667,0.3333333333333333,540.5,0.007708911501695961,0.0006167129201356768,44,43
2026-08,英国,iOS,non-Organic,Whiten,0.0,0.0,540.5,0.0,0.0,46,45
