月份,市场,平台,功能,进入人数,打勾人数,渠道/自然
2026-07-01T00:00:00,整体,Android,Mykit,356.7741935483871,0.0,Organic
2026-04-01T00:00:00,整体,iOS,Reshape,2521.233333333333,1670.5333333333333,Organic
2026-03-01T00:00:00,整体,Android,Mykit,374.2903225806452,0.0,Organic
2026-07-01T00:00:00,整体,Android,Adjust,695.6451612903226,344.4516129032258,Organic
2026-07-01T00:00:00,整体,Android,Dark Circles,223.1290322580645,135.48387096774192,Organic
2026-01-01T00:00:00,整体,iOS,Flawless,0.0,0.0,Organic
2026-02-01T00:00:00,整体,Android,Brighten,276.14285714285717,142.32142857142858,Organic
2026-08-01T00:00:00,整体,iOS,Stamp,254.5,51.166666666666664,Organic
2026-07-01T00:00:00,整体,iOS,Eraser,2059.483870967742,1047.1290322580646,Organic
2026-02-01T00:00:00,整体,iOS,Expression,535.75,114.92857142857143,Organic
2026-02-01T00:00:00,整体,iOS,Glowup,1223.6785714285713,379.17857142857144,Organic
2026-04-01T00:00:00,整体,Android,Effects,570.0,27.433333333333334,Organic
2026-04-01T00:00:00,整体,iOS,Crop,762.3,522.1333333333333,Organic
2026-02-01T00:00:00,整体,iOS,AI Expand,389.92857142857144,124.25,Organic
2026-07-01T00:00:00,整体,Android,Acne,462.93548387096774,296.7741935483871,Organic
2026-05-01T00:00:00,整体,iOS,Body,2004.8709677419354,1175.0,Organic
2026-05-01T00:00:00,整体,iOS,Skin Tone,1651.9354838709678,1008.8064516129032,Organic
2026-06-01T00:00:00,整体,iOS,Details,407.2962962962963,135.14814814814815,Organic
2026-04-01T00:00:00,整体,iOS,Preset,1015.2,94.4,Organic
2026-02-01T00:00:00,整体,Android,Collarbone,0.0,0.0,Organic
2026-02-01T00:00:00,整体,Android,Whiten,0.0,0.0,Organic
2026-01-01T00:00:00,整体,iOS,Resize,965.9354838709677,450.4193548387097,Organic
2026-04-01T00:00:00,整体,iOS,Face,5231.766666666666,2205.4,Organic
2026-08-01T00:00:00,整体,iOS,Expression,623.5,116.33333333333333,Organic
2026-08-01T00:00:00,整体,Android,Expression,231.0,57.833333333333336,Organic
2026-07-01T00:00:00,整体,iOS,Acne,1848.225806451613,1328.5483870967741,Organic
2026-05-01T00:00:00,整体,Android,Text,238.7741935483871,17.258064516129032,Organic
2026-05-01T00:00:00,整体,Android,Eye Brighten,168.4516129032258,104.0,Organic
2026-03-01T00:00:00,整体,iOS,Smooth,2613.935483870968,2024.967741935484,Organic
2026-02-01T00:00:00,整体,iOS,Brighten,754.9285714285714,392.92857142857144,Organic
2026-02-01T00:00:00,整体,Android,Effects,585.5357142857143,26.964285714285715,Organic
2026-08-01T00:00:00,整体,iOS,Whiten,0.0,0.0,Organic
2026-02-01T00:00:00,整体,iOS,Blur,716.8571428571429,432.5357142857143,Organic
2026-01-01T00:00:00,整体,Android,Smooth,845.1290322580645,598.4516129032259,Organic
2026-03-01T00:00:00,整体,Android,Magic,1597.1612903225807,763.2903225806451,Organic
2026-02-01T00:00:00,整体,iOS,AI Replace,278.5357142857143,117.14285714285714,Organic
2026-08-01T00:00:00,整体,iOS,Acne,1833.1666666666667,1339.6666666666667,Organic
2026-02-01T00:00:00,整体,iOS,Prism,143.46428571428572,38.714285714285715,Organic
2026-03-01T00:00:00,整体,Android,AI Image,848.7741935483871,140.25806451612902,Organic
2026-08-01T00:00:00,整体,Android,Whiten,0.0,0.0,Organic
2026-04-01T00:00:00,整体,Android,Matte,124.16666666666667,53.63333333333333,Organic
2026-06-01T00:00:00,整体,iOS,Magic,5130.2962962962965,2459.925925925926,Organic
2026-06-01T00:00:00,整体,Android,Face,1511.2222222222222,630.5185185185185,Organic
2026-01-01T00:00:00,整体,iOS,Skin Tone,1486.8387096774193,968.1612903225806,Organic
2026-03-01T00:00:00,整体,iOS,Bokeh,291.19354838709677,94.41935483870968,Organic
2026-04-01T00:00:00,整体,Android,Glowup,416.1333333333333,111.0,Organic
2026-04-01T00:00:00,整体,iOS,Adjust,1798.8666666666666,904.4333333333333,Organic
2026-06-01T00:00:00,整体,iOS,AI Expand,292.6666666666667,101.18518518518519,Organic
2026-05-01T00:00:00,整体,Android,Teeth,315.03225806451616,0.0,Organic
2026-03-01T00:00:00,整体,Android,Face,1509.225806451613,622.5806451612904,Organic
2026-07-01T00:00:00,整体,Android,AI Replace,183.3548387096774,80.61290322580645,Organic
2026-05-01T00:00:00,整体,iOS,Resize,867.6129032258065,388.0,Organic
2026-01-01T00:00:00,整体,Android,Text,278.48387096774195,22.93548387096774,Organic
2026-01-01T00:00:00,整体,iOS,AI Replace,295.83870967741933,113.2258064516129,Organic
2026-06-01T00:00:00,整体,iOS,Face,5706.407407407408,2486.5185185185187,Organic
2026-07-01T00:00:00,整体,Android,Concealer,345.2258064516129,144.70967741935485,Organic
2026-04-01T00:00:00,整体,Android,Details,134.6,55.9,Organic
2026-02-01T00:00:00,整体,iOS,Plump,809.9285714285714,253.21428571428572,Organic
2026-08-01T00:00:00,整体,Android,Flawless,0.0,0.0,Organic
2026-04-01T00:00:00,整体,iOS,Smooth,2897.0,2177.9,Organic
2026-06-01T00:00:00,整体,iOS,Matte,370.55555555555554,172.77777777777777,Organic
2026-02-01T00:00:00,整体,iOS,Dark Circles,718.8928571428571,540.4642857142857,Organic
2026-06-01T00:00:00,整体,iOS,Reshape,2467.8888888888887,1696.888888888889,Organic
2026-05-01T00:00:00,整体,iOS,Glowup,1548.9032258064517,471.38709677419354,Organic
2026-07-01T00:00:00,整体,Android,AI Image,639.483870967742,110.12903225806451,Organic
2026-03-01T00:00:00,整体,Android,Details,124.74193548387096,55.806451612903224,Organic
2026-07-01T00:00:00,整体,Android,Face Fix,363.3225806451613,89.12903225806451,Organic
2026-04-01T00:00:00,整体,Android,Magic,1638.4666666666667,778.0666666666667,Organic
2026-01-01T00:00:00,整体,Android,Details,155.09677419354838,68.45161290322581,Organic
2026-07-01T00:00:00,整体,Android,Bokeh,248.19354838709677,117.70967741935483,Organic
2026-08-01T00:00:00,整体,Android,AI Retouch,1317.5,494.0,Organic
2026-03-01T00:00:00,整体,Android,Smooth,730.483870967742,528.8387096774194,Organic
2026-03-01T00:00:00,整体,Android,Flawless,0.0,0.0,Organic
2026-01-01T00:00:00,整体,Android,Collarbone,0.0,0.0,Organic
2026-08-01T00:00:00,整体,iOS,Brighten,598.3333333333334,295.6666666666667,Organic
2026-04-01T00:00:00,整体,iOS,Details,395.8,129.33333333333334,Organic
2026-07-01T00:00:00,整体,Android,Expression,278.96774193548384,71.96774193548387,Organic
2026-03-01T00:00:00,整体,iOS,Text,197.80645161290323,19.741935483870968,Organic
2026-02-01T00:00:00,整体,Android,Skin Tone,435.10714285714283,276.2857142857143,Organic
2026-02-01T00:00:00,整体,Android,Plump,277.0,92.64285714285714,Organic
2026-02-01T00:00:00,整体,iOS,AI Tattoo,252.71428571428572,46.57142857142857,Organic
2026-04-01T00:00:00,整体,iOS,AI Tattoo,388.23333333333335,82.93333333333334,Organic
2026-04-01T00:00:00,整体,Android,Smooth,760.6666666666666,550.6333333333333,Organic
2026-08-01T00:00:00,整体,Android,Adjust,693.8333333333334,352.1666666666667,Organic
2026-06-01T00:00:00,整体,Android,Dark Circles,211.11111111111111,130.85185185185185,Organic
2026-05-01T00:00:00,整体,Android,Resize,242.58064516129033,101.25806451612904,Organic
2026-03-01T00:00:00,整体,Android,Blur,494.61290322580646,223.06451612903226,Organic
2026-02-01T00:00:00,整体,Android,Filters,1876.0714285714287,451.0357142857143,Organic
2026-08-01T00:00:00,整体,iOS,AI Retouch,5133.166666666667,1973.6666666666667,Organic
2026-07-01T00:00:00,整体,iOS,Bokeh,297.3225806451613,82.38709677419355,Organic
2026-07-01T00:00:00,整体,iOS,Blur,799.0967741935484,456.48387096774195,Organic
2026-05-01T00:00:00,整体,iOS,Makeup,3126.7096774193546,1291.1935483870968,Organic
2026-08-01T00:00:00,整体,Android,Teeth,268.5,128.33333333333334,Organic
2026-05-01T00:00:00,整体,iOS,Text,296.3225806451613,17.93548387096774,Organic
2026-07-01T00:00:00,整体,Android,AI Expand,200.25806451612902,89.41935483870968,Organic
2026-06-01T00:00:00,整体,Android,Brighten,273.962962962963,139.66666666666666,Organic
2026-05-01T00:00:00,整体,Android,Glitter,302.1290322580645,44.54838709677419,Organic
2026-08-01T00:00:00,整体,iOS,Dark Circles,630.1666666666666,475.3333333333333,Organic
2026-08-01T00:00:00,整体,Android,Hair,739.6666666666666,239.5,Organic
2026-03-01T00:00:00,整体,iOS,Blur,702.6774193548387,428.19354838709677,Organic
2026-04-01T00:00:00,整体,Android,AI Tattoo,197.86666666666667,49.233333333333334,Organic
2026-06-01T00:00:00,整体,Android,AI Expand,175.25925925925927,69.11111111111111,Organic
2026-02-01T00:00:00,整体,Android,Background,585.75,70.32142857142857,Organic
2026-03-01T00:00:00,整体,Android,Collarbone,0.0,0.0,Organic
2026-01-01T00:00:00,整体,Android,Blur,496.8709677419355,235.58064516129033,Organic
2026-07-01T00:00:00,整体,iOS,Hair,2417.8064516129034,725.1290322580645,Organic
2026-08-01T00:00:00,整体,iOS,Adjust,1993.5,882.0,Organic
2026-02-01T00:00:00,整体,Android,Mykit,406.7857142857143,0.0,Organic
2026-05-01T00:00:00,整体,Android,Face Fix,366.0,86.12903225806451,Organic
2026-04-01T00:00:00,整体,Android,Relight,916.9,407.46666666666664,Organic
2026-04-01T00:00:00,整体,iOS,Whiten,0.0,0.0,Organic
2026-06-01T00:00:00,整体,Android,Stamp,136.55555555555554,26.814814814814813,Organic
2026-03-01T00:00:00,整体,Android,Relight,698.258064516129,324.8709677419355,Organic
2026-01-01T00:00:00,整体,Android,Mykit,420.9032258064516,0.0,Organic
2026-05-01T00:00:00,整体,Android,Relight,828.8387096774194,395.741935483871,Organic
2026-07-01T00:00:00,整体,iOS,Face Fix,979.8709677419355,149.48387096774192,Organic
2026-07-01T00:00:00,整体,iOS,Teeth,1003.7096774193549,661.483870967742,Organic
2026-06-01T00:00:00,整体,iOS,Crop,807.7777777777778,562.5555555555555,Organic
2026-08-01T00:00:00,整体,Android,Effects,429.6666666666667,15.333333333333334,Organic
2026-04-01T00:00:00,整体,iOS,Filters,4809.133333333333,957.5666666666667,Organic
2026-08-01T00:00:00,整体,iOS,Filters,8082.5,2123.1666666666665,Organic
2026-07-01T00:00:00,整体,iOS,AI Image,1121.3225806451612,225.6451612903226,Organic
2026-07-01T00:00:00,整体,iOS,Mykit,558.6451612903226,0.0,Organic
2026-03-01T00:00:00,整体,iOS,Concealer,991.9032258064516,454.3225806451613,Organic
2026-08-01T00:00:00,整体,Android,Crop,421.0,313.3333333333333,Organic
2026-02-01T00:00:00,整体,Android,AI Retouch,1367.5,608.7142857142857,Organic
2026-03-01T00:00:00,整体,Android,Eye Brighten,151.74193548387098,97.93548387096774,Organic
2026-04-01T00:00:00,整体,iOS,Contour,413.23333333333335,211.5,Organic
2026-02-01T00:00:00,整体,iOS,Adjust,1298.8214285714287,528.75,Organic
2026-04-01T00:00:00,整体,iOS,Flawless,0.0,0.0,Organic
2026-06-01T00:00:00,整体,Android,Muscle,213.25925925925927,57.0,Organic
2026-06-01T00:00:00,整体,Android,Effects,512.5555555555555,19.85185185185185,Organic
2026-04-01T00:00:00,整体,iOS,AI Repair,737.6333333333333,252.76666666666668,Organic
2026-08-01T00:00:00,整体,iOS,Plump,877.8333333333334,257.8333333333333,Organic
2026-03-01T00:00:00,整体,iOS,Resize,816.8064516129032,380.96774193548384,Organic
2026-05-01T00:00:00,整体,iOS,Relight,3845.1290322580644,1801.0645161290322,Organic
2026-06-01T00:00:00,整体,iOS,Effects,2170.962962962963,29.11111111111111,Organic
2026-01-01T00:00:00,整体,iOS,Eye Brighten,523.7741935483871,357.96774193548384,Organic
2026-06-01T00:00:00,整体,Android,Preset,509.037037037037,47.18518518518518,Organic
2026-08-01T00:00:00,整体,Android,Filters,1981.8333333333333,596.1666666666666,Organic
2026-05-01T00:00:00,整体,iOS,Prism,184.16129032258064,52.87096774193548,Organic
2026-05-01T00:00:00,整体,iOS,AI Image,1625.7096774193549,290.2258064516129,Organic
2026-08-01T00:00:00,整体,iOS,Crop,922.8333333333334,645.1666666666666,Organic
2026-07-01T00:00:00,整体,iOS,Skin Tone,1476.225806451613,949.3225806451613,Organic
2026-07-01T00:00:00,整体,iOS,Relight,5597.8387096774195,3107.967741935484,Organic
2026-02-01T00:00:00,整体,Android,Dark Circles,213.25,133.60714285714286,Organic
2026-08-01T00:00:00,整体,iOS,Effects,1514.0,22.0,Organic
2026-05-01T00:00:00,整体,Android,Collarbone,0.0,0.0,Organic
2026-02-01T00:00:00,整体,iOS,Hair,2025.5357142857142,568.4642857142857,Organic
2026-02-01T00:00:00,整体,Android,Adjust,735.3928571428571,359.75,Organic
2026-08-01T00:00:00,整体,Android,AI Repair,553.3333333333334,250.83333333333334,Organic
2026-02-01T00:00:00,整体,Android,Glowup,444.42857142857144,123.28571428571429,Organic
2026-02-01T00:00:00,整体,Android,Relight,608.75,275.07142857142856,Organic
2026-02-01T00:00:00,整体,iOS,Acne,1865.2142857142858,1405.3214285714287,Organic
2026-08-01T00:00:00,整体,iOS,Muscle,498.1666666666667,115.83333333333333,Organic
2026-02-01T00:00:00,整体,Android,Teeth,302.89285714285717,0.0,Organic
2026-01-01T00:00:00,整体,Android,Resize,278.83870967741933,115.25806451612904,Organic
2026-03-01T00:00:00,整体,iOS,Skin Tone,1329.967741935484,838.9032258064516,Organic
2026-02-01T00:00:00,整体,iOS,Bokeh,305.85714285714283,100.21428571428571,Organic
2026-07-01T00:00:00,整体,Android,Prism,127.29032258064517,46.225806451612904,Organic
2026-06-01T00:00:00,整体,Android,Whiten,0.0,0.0,Organic
2026-06-01T00:00:00,整体,Android,AI Tattoo,179.77777777777777,36.888888888888886,Organic
2026-02-01T00:00:00,整体,iOS,Glitter,367.4642857142857,59.392857142857146,Organic
2026-06-01T00:00:00,整体,iOS,Plump,903.2592592592592,286.55555555555554,Organic
2026-03-01T00:00:00,整体,Android,Resize,237.48387096774192,94.93548387096774,Organic
2026-08-01T00:00:00,整体,iOS,Contour,354.3333333333333,183.5,Organic
2026-08-01T00:00:00,整体,Android,Plump,232.16666666666666,74.16666666666667,Organic
2026-01-01T00:00:00,整体,iOS,Concealer,1092.6774193548388,499.741935483871,Organic
2026-04-01T00:00:00,整体,Android,Filters,1884.8,565.9,Organic
2026-02-01T00:00:00,整体,Android,AI Expand,328.9642857142857,122.92857142857143,Organic
2026-07-01T00:00:00,整体,Android,Collarbone,0.0,0.0,Organic
2026-03-01T00:00:00,整体,iOS,Body,1269.258064516129,840.9677419354839,Organic
2026-04-01T00:00:00,整体,Android,Preset,573.0,57.5,Organic
2026-07-01T00:00:00,整体,iOS,AI Replace,227.67741935483872,95.83870967741936,Organic
2026-06-01T00:00:00,整体,Android,Plump,254.66666666666666,83.14814814814815,Organic
2026-08-01T00:00:00,整体,Android,Contour,102.33333333333333,49.833333333333336,Organic
2026-05-01T00:00:00,整体,Android,Prism,136.74193548387098,53.45161290322581,Organic
2026-04-01T00:00:00,整体,Android,Crop,475.76666666666665,345.5,Organic
2026-01-01T00:00:00,整体,Android,Eye Brighten,184.61290322580646,115.48387096774194,Organic
2026-05-01T00:00:00,整体,iOS,Blur,832.483870967742,474.96774193548384,Organic
2026-02-01T00:00:00,整体,iOS,Matte,322.35714285714283,155.5,Organic
2026-04-01T00:00:00,整体,Android,Reshape,667.1,362.1,Organic
2026-07-01T00:00:00,整体,iOS,Prism,187.09677419354838,49.774193548387096,Organic
2026-01-01T00:00:00,整体,iOS,Body,1516.7096774193549,1014.3225806451613,Organic
2026-05-01T00:00:00,整体,Android,Blur,437.48387096774195,206.03225806451613,Organic
2026-08-01T00:00:00,整体,Android,Background,415.0,46.166666666666664,Organic
2026-06-01T00:00:00,整体,iOS,Contour,427.77777777777777,216.03703703703704,Organic
2026-05-01T00:00:00,整体,Android,AI Image,755.8709677419355,125.09677419354838,Organic
2026-08-01T00:00:00,整体,Android,Reshape,606.3333333333334,342.0,Organic
2026-08-01T00:00:00,整体,iOS,Background,1045.0,75.16666666666667,Organic
2026-08-01T00:00:00,整体,iOS,AI Tattoo,450.1666666666667,69.66666666666667,Organic
2026-06-01T00:00:00,整体,Android,Crop,423.74074074074076,309.0,Organic
2026-03-01T00:00:00,整体,iOS,Eye Brighten,465.61290322580646,315.96774193548384,Organic
2026-07-01T00:00:00,整体,iOS,Text,269.48387096774195,20.06451612903226,Organic
2026-07-01T00:00:00,整体,Android,Blur,338.83870967741933,158.80645161290323,Organic
2026-04-01T00:00:00,整体,Android,Contour,137.53333333333333,61.1,Organic
2026-04-01T00:00:00,整体,Android,Face,1585.9,639.6,Organic
2026-08-01T00:00:00,整体,iOS,AI Repair,1154.1666666666667,384.3333333333333,Organic
2026-06-01T00:00:00,整体,Android,Background,454.2962962962963,55.074074074074076,Organic
2026-05-01T00:00:00,整体,Android,Skin Tone,494.38709677419354,314.3225806451613,Organic
2026-08-01T00:00:00,整体,Android,Muscle,165.83333333333334,40.666666666666664,Organic
2026-08-01T00:00:00,整体,Android,Preset,367.3333333333333,31.333333333333332,Organic
2026-04-01T00:00:00,整体,Android,Concealer,343.0,151.5,Organic
2026-01-01T00:00:00,整体,iOS,Filters,4097.322580645161,728.9677419354839,Organic
2026-04-01T00:00:00,整体,iOS,Eye Brighten,489.56666666666666,321.1333333333333,Organic
2026-04-01T00:00:00,整体,iOS,Resize,841.9666666666667,379.6666666666667,Organic
2026-07-01T00:00:00,整体,Android,Details,135.09677419354838,56.29032258064516,Organic
2026-01-01T00:00:00,整体,iOS,Teeth,1086.4516129032259,0.0,Organic
2026-07-01T00:00:00,整体,Android,Reshape,657.258064516129,353.7096774193548,Organic
2026-03-01T00:00:00,整体,iOS,Whiten,0.0,0.0,Organic
2026-08-01T00:00:00,整体,iOS,AI Image,1097.5,233.5,Organic
2026-04-01T00:00:00,整体,iOS,Text,254.73333333333332,18.666666666666668,Organic
2026-06-01T00:00:00,整体,iOS,AI Tattoo,434.18518518518516,73.55555555555556,Organic
2026-06-01T00:00:00,整体,iOS,Brighten,938.0,477.037037037037,Organic
2026-06-01T00:00:00,整体,iOS,Preset,1789.0740740740741,106.51851851851852,Organic
2026-01-01T00:00:00,整体,Android,Concealer,408.8709677419355,177.80645161290323,Organic
2026-02-01T00:00:00,整体,Android,Glitter,323.2142857142857,43.67857142857143,Organic
2026-04-01T00:00:00,整体,iOS,Magic,4688.333333333333,2456.766666666667,Organic
2026-05-01T00:00:00,整体,Android,Body,517.5806451612904,274.16129032258067,Organic
2026-03-01T00:00:00,整体,Android,Makeup,898.5806451612904,417.2258064516129,Organic
2026-06-01T00:00:00,整体,Android,Matte,128.44444444444446,54.81481481481482,Organic
2026-06-01T00:00:00,整体,iOS,Background,1094.7777777777778,76.88888888888889,Organic
2026-06-01T00:00:00,整体,Android,Contour,140.11111111111111,64.81481481481481,Organic
2026-01-01T00:00:00,整体,iOS,Eraser,1701.5483870967741,967.3225806451613,Organic
2026-03-01T00:00:00,整体,Android,Concealer,308.6774193548387,138.3548387096774,Organic
2026-02-01T00:00:00,整体,Android,Expression,287.82142857142856,79.42857142857143,Organic
2026-07-01T00:00:00,整体,iOS,AI Repair,1066.0,349.80645161290323,Organic
2026-07-01T00:00:00,整体,iOS,Background,979.9677419354839,73.90322580645162,Organic
2026-04-01T00:00:00,整体,Android,AI Replace,204.26666666666668,88.93333333333334,Organic
2026-05-01T00:00:00,整体,iOS,Effects,1814.6451612903227,29.838709677419356,Organic
2026-01-01T00:00:00,整体,Android,Matte,144.51612903225808,60.516129032258064,Organic
2026-05-01T00:00:00,整体,Android,Dark Circles,231.29032258064515,147.29032258064515,Organic
2026-01-01T00:00:00,整体,Android,Crop,527.9677419354839,392.0,Organic
2026-07-01T00:00:00,整体,Android,Crop,456.64516129032256,325.2903225806452,Organic
2026-08-01T00:00:00,整体,iOS,Blur,856.3333333333334,480.5,Organic
2026-03-01T00:00:00,整体,Android,Glitter,287.741935483871,38.83870967741935,Organic
2026-02-01T00:00:00,整体,Android,Resize,250.92857142857142,99.75,Organic
2026-04-01T00:00:00,整体,iOS,Expression,604.5666666666667,120.8,Organic
2026-07-01T00:00:00,整体,iOS,Concealer,881.483870967742,390.5483870967742,Organic
2026-03-01T00:00:00,整体,iOS,Muscle,360.06451612903226,100.90322580645162,Organic
2026-02-01T00:00:00,整体,Android,Flawless,0.0,0.0,Organic
2026-07-01T00:00:00,整体,iOS,Glowup,1463.8709677419354,446.0,Organic
2026-04-01T00:00:00,整体,iOS,Matte,360.73333333333335,172.8,Organic
2026-04-01T00:00:00,整体,Android,Eraser,823.0666666666667,375.3333333333333,Organic
2026-04-01T00:00:00,整体,Android,Dark Circles,218.36666666666667,140.26666666666668,Organic
2026-01-01T00:00:00,整体,Android,AI Repair,513.6774193548387,245.80645161290323,Organic
2026-03-01T00:00:00,整体,Android,Skin Tone,444.0967741935484,284.5483870967742,Organic
2026-05-01T00:00:00,整体,iOS,Eye Brighten,526.6129032258065,344.48387096774195,Organic
2026-02-01T00:00:00,整体,Android,Matte,125.39285714285714,51.67857142857143,Organic
2026-08-01T00:00:00,整体,Android,Details,102.83333333333333,40.333333333333336,Organic
2026-04-01T00:00:00,整体,Android,Resize,246.03333333333333,103.56666666666666,Organic
2026-01-01T00:00:00,整体,iOS,Blur,777.2903225806451,468.4516129032258,Organic
2026-08-01T00:00:00,整体,Android,Matte,96.83333333333333,43.333333333333336,Organic
2026-08-01T00:00:00,整体,Android,Smooth,675.6666666666666,461.1666666666667,Organic
2026-07-01T00:00:00,整体,iOS,AI Retouch,4796.645161290323,1847.6129032258063,Organic
2026-05-01T00:00:00,整体,Android,AI Tattoo,196.51612903225808,45.45161290322581,Organic
2026-05-01T00:00:00,整体,Android,Plump,275.93548387096774,92.0,Organic
2026-02-01T00:00:00,整体,Android,Crop,454.67857142857144,329.39285714285717,Organic
2026-02-01T00:00:00,整体,iOS,Whiten,0.0,0.0,Organic
2026-01-01T00:00:00,整体,iOS,Magic,4493.903225806452,2474.6129032258063,Organic
2026-08-01T00:00:00,整体,iOS,Text,273.6666666666667,20.333333333333332,Organic
2026-08-01T00:00:00,整体,Android,Glitter,250.66666666666666,34.0,Organic
2026-07-01T00:00:00,整体,iOS,Resize,830.7096774193549,359.80645161290323,Organic
2026-03-01T00:00:00,整体,Android,Teeth,321.8709677419355,0.0,Organic
2026-06-01T00:00:00,整体,Android,Magic,1566.7037037037037,769.074074074074,Organic
2026-06-01T00:00:00,整体,iOS,Eraser,1980.4814814814815,1004.6666666666666,Organic
2026-06-01T00:00:00,整体,iOS,Relight,4915.0,2453.703703703704,Organic
2026-07-01T00:00:00,整体,Android,Stamp,151.67741935483872,28.451612903225808,Organic
2026-03-01T00:00:00,整体,Android,AI Replace,217.1290322580645,93.58064516129032,Organic
2026-01-01T00:00:00,整体,iOS,Dark Circles,798.5806451612904,595.8064516129032,Organic
2026-05-01T00:00:00,整体,iOS,Glitter,561.4193548387096,90.54838709677419,Organic
2026-06-01T00:00:00,整体,iOS,Glowup,1483.5555555555557,444.25925925925924,Organic
2026-08-01T00:00:00,整体,iOS,AI Replace,240.83333333333334,101.33333333333333,Organic
2026-08-01T00:00:00,整体,iOS,Magic,5437.166666666667,2510.3333333333335,Organic
2026-02-01T00:00:00,整体,Android,Smooth,724.8571428571429,512.5,Organic
2026-03-01T00:00:00,整体,Android,Background,568.5806451612904,72.0,Organic
2026-05-01T00:00:00,整体,iOS,Details,432.4193548387097,142.16129032258064,Organic
2026-04-01T00:00:00,整体,Android,Body,432.2,233.5,Organic
2026-08-01T00:00:00,整体,Android,Prism,124.16666666666667,42.5,Organic
2026-06-01T00:00:00,整体,iOS,Teeth,993.8148148148148,166.55555555555554,Organic
2026-08-01T00:00:00,整体,Android,Makeup,896.5,420.0,Organic
2026-02-01T00:00:00,整体,iOS,AI Repair,569.7142857142857,210.35714285714286,Organic
2026-01-01T00:00:00,整体,Android,Stamp,172.29032258064515,29.806451612903224,Organic
2026-04-01T00:00:00,整体,Android,Brighten,290.23333333333335,150.13333333333333,Organic
2026-01-01T00:00:00,整体,Android,Makeup,1132.516129032258,544.8064516129032,Organic
2026-02-01T00:00:00,整体,iOS,Muscle,368.25,106.28571428571429,Organic
2026-01-01T00:00:00,整体,iOS,Face Fix,992.0645161290323,165.32258064516128,Organic
2026-07-01T00:00:00,整体,Android,Makeup,1066.1935483870968,465.741935483871,Organic
2026-05-01T00:00:00,整体,Android,Face,1639.0967741935483,678.1612903225806,Organic
2026-07-01T00:00:00,整体,iOS,AI Expand,297.0967741935484,119.35483870967742,Organic
2026-08-01T00:00:00,整体,Android,Glowup,410.1666666666667,110.5,Organic
2026-01-01T00:00:00,整体,iOS,Acne,2062.0,1556.6451612903227,Organic
2026-02-01T00:00:00,整体,iOS,Face Fix,863.9285714285714,139.5,Organic
2026-06-01T00:00:00,整体,iOS,Hair,2992.4814814814813,735.5555555555555,Organic
2026-06-01T00:00:00,整体,Android,Expression,251.8148148148148,62.592592592592595,Organic
2026-06-01T00:00:00,整体,Android,Face Fix,323.7037037037037,75.62962962962963,Organic
2026-06-01T00:00:00,整体,iOS,Smooth,2993.1481481481483,2234.6296296296296,Organic
2026-05-01T00:00:00,整体,iOS,Hair,2859.8387096774195,690.1612903225806,Organic
2026-07-01T00:00:00,整体,iOS,Dark Circles,740.5483870967741,531.516129032258,Organic
2026-08-01T00:00:00,整体,Android,Stamp,136.16666666666666,23.666666666666668,Organic
2026-05-01T00:00:00,整体,iOS,Preset,1479.3225806451612,112.45161290322581,Organic
2026-05-01T00:00:00,整体,iOS,Teeth,1113.1612903225807,0.0,Organic
2026-04-01T00:00:00,整体,Android,Plump,264.8,84.2,Organic
2026-06-01T00:00:00,整体,iOS,Dark Circles,762.4444444444445,546.5185185185185,Organic
2026-05-01T00:00:00,整体,Android,Acne,486.83870967741933,319.5806451612903,Organic
2026-04-01T00:00:00,整体,Android,Teeth,320.26666666666665,0.0,Organic
2026-04-01T00:00:00,整体,Android,Hair,1380.6333333333334,389.96666666666664,Organic
2026-07-01T00:00:00,整体,iOS,Plump,883.8387096774194,270.258064516129,Organic
2026-02-01T00:00:00,整体,Android,AI Image,992.4285714285714,174.03571428571428,Organic
2026-03-01T00:00:00,整体,iOS,AI Image,1023.1290322580645,143.41935483870967,Organic
2026-03-01T00:00:00,整体,iOS,Mykit,415.7096774193548,0.0,Organic
2026-07-01T00:00:00,整体,iOS,Eye Brighten,452.96774193548384,295.0967741935484,Organic
2026-04-01T00:00:00,整体,iOS,Makeup,2600.0,1107.1666666666667,Organic
2026-04-01T00:00:00,整体,Android,Eye Brighten,158.0,97.43333333333334,Organic
2026-06-01T00:00:00,整体,iOS,Filters,7235.518518518518,1927.8148148148148,Organic
2026-06-01T00:00:00,整体,iOS,Flawless,0.0,0.0,Organic
2026-01-01T00:00:00,整体,Android,AI Image,941.516129032258,187.0,Organic
2026-05-01T00:00:00,整体,Android,Concealer,355.7741935483871,161.83870967741936,Organic
2026-04-01T00:00:00,整体,Android,Background,544.7,67.5,Organic
2026-01-01T00:00:00,整体,iOS,Effects,976.0,20.032258064516128,Organic
2026-03-01T00:00:00,整体,Android,Filters,1802.516129032258,470.2258064516129,Organic
2026-05-01T00:00:00,整体,Android,Magic,1683.225806451613,826.483870967742,Organic
2026-02-01T00:00:00,整体,iOS,Text,207.32142857142858,21.428571428571427,Organic
2026-05-01T00:00:00,整体,Android,Eraser,775.1935483870968,346.48387096774195,Organic
2026-02-01T00:00:00,整体,Android,Eye Brighten,153.53571428571428,94.53571428571429,Organic
2026-03-01T00:00:00,整体,Android,AI Expand,298.9032258064516,111.51612903225806,Organic
2026-04-01T00:00:00,整体,Android,Flawless,0.0,0.0,Organic
2026-06-01T00:00:00,整体,Android,Acne,448.44444444444446,294.2962962962963,Organic
2026-03-01T00:00:00,整体,iOS,AI Repair,539.5806451612904,196.16129032258064,Organic
2026-03-01T00:00:00,整体,iOS,Details,364.9032258064516,125.3225806451613,Organic
2026-01-01T00:00:00,整体,iOS,Face,5128.5161290322585,2196.935483870968,Organic
2026-08-01T00:00:00,整体,iOS,AI Expand,422.1666666666667,219.0,Organic
2026-01-01T00:00:00,整体,Android,Bokeh,417.741935483871,236.06451612903226,Organic
2026-08-01T00:00:00,整体,Android,Mykit,307.5,0.0,Organic
2026-04-01T00:00:00,整体,Android,Glitter,289.4,41.266666666666666,Organic
2026-03-01T00:00:00,整体,iOS,Crop,669.3870967741935,477.03225806451616,Organic
2026-03-01T00:00:00,整体,iOS,Prism,134.70967741935485,35.58064516129032,Organic
2026-05-01T00:00:00,整体,Android,Brighten,305.35483870967744,162.93548387096774,Organic
2026-02-01T00:00:00,整体,Android,Prism,148.5,58.285714285714285,Organic
2026-07-01T00:00:00,整体,iOS,Glitter,519.0645161290323,82.61290322580645,Organic
2026-07-01T00:00:00,整体,iOS,Brighten,664.8709677419355,330.64516129032256,Organic
2026-04-01T00:00:00,整体,Android,AI Expand,269.5,105.26666666666667,Organic
2026-03-01T00:00:00,整体,Android,Effects,566.4193548387096,25.387096774193548,Organic
2026-06-01T00:00:00,整体,iOS,Glitter,561.0370370370371,85.14814814814815,Organic
2026-06-01T00:00:00,整体,iOS,Face Fix,988.8888888888889,167.03703703703704,Organic
2026-05-01T00:00:00,整体,Android,Preset,565.5806451612904,54.225806451612904,Organic
2026-04-01T00:00:00,整体,iOS,AI Image,1100.1,134.33333333333334,Organic
2026-02-01T00:00:00,整体,iOS,Concealer,990.1785714285714,458.32142857142856,Organic
2026-06-01T00:00:00,整体,iOS,Eye Brighten,492.25925925925924,318.55555555555554,Organic
2026-05-01T00:00:00,整体,Android,Background,528.6774193548387,64.09677419354838,Organic
2026-04-01T00:00:00,整体,iOS,AI Replace,266.93333333333334,108.4,Organic
2026-04-01T00:00:00,整体,Android,Collarbone,0.0,0.0,Organic
2026-03-01T00:00:00,整体,iOS,Hair,2068.6774193548385,565.741935483871,Organic
2026-07-01T00:00:00,整体,Android,Preset,473.93548387096774,53.29032258064516,Organic
2026-03-01T00:00:00,整体,Android,Glowup,414.51612903225805,113.06451612903226,Organic
2026-08-01T00:00:00,整体,Android,Collarbone,0.0,0.0,Organic
2026-02-01T00:00:00,整体,iOS,Magic,3939.1785714285716,2202.8928571428573,Organic
2026-01-01T00:00:00,整体,iOS,Matte,359.6774193548387,175.19354838709677,Organic
2026-03-01T00:00:00,整体,Android,Hair,1298.1612903225807,365.0967741935484,Organic
2026-08-01T00:00:00,整体,iOS,Prism,210.83333333333334,55.666666666666664,Organic
2026-07-01T00:00:00,整体,iOS,Reshape,2496.2258064516127,1690.6129032258063,Organic
2026-07-01T00:00:00,整体,Android,AI Tattoo,202.41935483870967,43.32258064516129,Organic
2026-07-01T00:00:00,整体,Android,Smooth,770.6451612903226,508.5806451612903,Organic
2026-03-01T00:00:00,整体,iOS,Teeth,961.258064516129,0.0,Organic
2026-06-01T00:00:00,整体,iOS,Blur,791.8888888888889,452.4074074074074,Organic
2026-04-01T00:00:00,整体,iOS,Teeth,1019.5333333333333,0.0,Organic
2026-05-01T00:00:00,整体,iOS,Flawless,0.0,0.0,Organic
2026-06-01T00:00:00,整体,Android,Blur,361.14814814814815,170.14814814814815,Organic
2026-03-01T00:00:00,整体,Android,Dark Circles,206.4516129032258,131.51612903225808,Organic
2026-02-01T00:00:00,整体,iOS,Details,366.32142857142856,126.92857142857143,Organic
2026-08-01T00:00:00,整体,iOS,Eraser,2315.5,1191.6666666666667,Organic
2026-02-01T00:00:00,整体,iOS,Stamp,183.82142857142858,40.07142857142857,Organic
2026-07-01T00:00:00,整体,iOS,Smooth,2955.935483870968,2122.5806451612902,Organic
2026-03-01T00:00:00,整体,iOS,Contour,366.83870967741933,190.67741935483872,Organic
2026-04-01T00:00:00,整体,Android,Acne,463.56666666666666,303.7,Organic
2026-03-01T00:00:00,整体,iOS,AI Tattoo,274.35483870967744,55.96774193548387,Organic
2026-01-01T00:00:00,整体,Android,Glowup,508.93548387096774,136.19354838709677,Organic
2026-03-01T00:00:00,整体,Android,AI Tattoo,170.2258064516129,37.74193548387097,Organic
2026-06-01T00:00:00,整体,Android,AI Image,676.5925925925926,110.70370370370371,Organic
2026-03-01T00:00:00,整体,iOS,AI Retouch,3655.8709677419356,1539.9032258064517,Organic
2026-03-01T00:00:00,整体,iOS,Filters,3494.935483870968,620.5806451612904,Organic
2026-08-01T00:00:00,整体,Android,Clean Skin,275.0,179.33333333333334,Organic
2026-04-01T00:00:00,整体,iOS,Relight,3092.133333333333,1463.8666666666666,Organic
2026-01-01T00:00:00,整体,Android,Filters,2097.3870967741937,480.51612903225805,Organic
2026-03-01T00:00:00,整体,Android,Acne,445.16129032258067,295.19354838709677,Organic
2026-05-01T00:00:00,整体,iOS,AI Retouch,5143.193548387097,1886.9354838709678,Organic
2026-05-01T00:00:00,整体,Android,Whiten,0.0,0.0,Organic
2026-01-01T00:00:00,整体,iOS,Expression,631.4516129032259,138.09677419354838,Organic
2026-01-01T00:00:00,整体,Android,Preset,623.8387096774194,63.61290322580645,Organic
2026-06-01T00:00:00,整体,Android,AI Replace,176.7037037037037,76.11111111111111,Organic
2026-08-01T00:00:00,整体,Android,Eye Brighten,125.66666666666667,78.5,Organic
2026-08-01T00:00:00,整体,iOS,Resize,859.1666666666666,363.5,Organic
2026-06-01T00:00:00,整体,iOS,AI Replace,247.66666666666666,94.18518518518519,Organic
2026-01-01T00:00:00,整体,iOS,Glitter,419.258064516129,65.58064516129032,Organic
2026-07-01T00:00:00,整体,iOS,Filters,7004.4838709677415,1909.4516129032259,Organic
2026-05-01T00:00:00,整体,iOS,Crop,782.258064516129,537.0,Organic
2026-04-01T00:00:00,整体,iOS,Bokeh,329.8666666666667,101.73333333333333,Organic
2026-07-01T00:00:00,整体,Android,Plump,266.48387096774195,85.64516129032258,Organic
2026-01-01T00:00:00,整体,iOS,Contour,413.16129032258067,219.8709677419355,Organic
2026-05-01T00:00:00,整体,Android,AI Retouch,1453.8709677419354,573.258064516129,Organic
2026-03-01T00:00:00,整体,Android,Plump,262.4516129032258,84.35483870967742,Organic
2026-05-01T00:00:00,整体,iOS,Background,1019.483870967742,83.93548387096774,Organic
2026-04-01T00:00:00,整体,iOS,Face Fix,992.9333333333333,169.1,Organic
2026-01-01T00:00:00,整体,iOS,Background,802.3870967741935,87.25806451612904,Organic
2026-07-01T00:00:00,整体,iOS,AI Tattoo,421.2258064516129,70.09677419354838,Organic
2026-07-01T00:00:00,整体,iOS,Magic,4998.0,2383.451612903226,Organic
2026-01-01T00:00:00,整体,iOS,Adjust,1483.9354838709678,596.5806451612904,Organic
2026-02-01T00:00:00,整体,Android,Body,382.85714285714283,210.32142857142858,Organic
2026-08-01T00:00:00,整体,Android,Relight,1427.0,655.6666666666666,Organic
2026-02-01T00:00:00,整体,iOS,Face,4519.035714285715,1948.142857142857,Organic
2026-05-01T00:00:00,整体,iOS,Contour,445.2258064516129,228.41935483870967,Organic
2026-01-01T00:00:00,整体,Android,Glitter,335.741935483871,51.67741935483871,Organic
2026-01-01T00:00:00,整体,Android,Teeth,358.5483870967742,0.0,Organic
2026-07-01T00:00:00,整体,iOS,Flawless,0.0,0.0,Organic
2026-08-01T00:00:00,整体,Android,Text,193.0,16.833333333333332,Organic
2026-01-01T00:00:00,整体,Android,Contour,160.7741935483871,73.6774193548387,Organic
2026-06-01T00:00:00,整体,Android,Body,505.85185185185185,273.8888888888889,Organic
2026-01-01T00:00:00,整体,iOS,Glowup,1367.6451612903227,418.83870967741933,Organic
2026-01-01T00:00:00,整体,iOS,Hair,2548.967741935484,714.9677419354839,Organic
2026-06-01T00:00:00,整体,Android,Eraser,684.7037037037037,307.962962962963,Organic
2026-08-01T00:00:00,整体,iOS,Eye Brighten,437.1666666666667,290.0,Organic
2026-06-01T00:00:00,整体,iOS,Prism,183.5185185185185,52.96296296296296,Organic
2026-01-01T00:00:00,整体,Android,AI Tattoo,250.19354838709677,69.06451612903226,Organic
2026-07-01T00:00:00,整体,iOS,Face,5652.806451612903,2462.967741935484,Organic
2026-07-01T00:00:00,整体,Android,Effects,485.3225806451613,21.903225806451612,Organic
2026-05-01T00:00:00,整体,iOS,Plump,958.3548387096774,310.1290322580645,Organic
2026-03-01T00:00:00,整体,Android,Reshape,593.5806451612904,331.4193548387097,Organic
2026-05-01T00:00:00,整体,Android,Flawless,0.0,0.0,Organic
2026-01-01T00:00:00,整体,iOS,Muscle,442.4516129032258,128.51612903225808,Organic
2026-05-01T00:00:00,整体,Android,Smooth,812.4193548387096,598.0,Organic
2026-05-01T00:00:00,整体,Android,AI Repair,620.1290322580645,274.96774193548384,Organic
2026-07-01T00:00:00,整体,iOS,Contour,366.6774193548387,185.19354838709677,Organic
2026-04-01T00:00:00,整体,iOS,Skin Tone,1507.7,918.3333333333334,Organic
2026-01-01T00:00:00,整体,iOS,Preset,807.3225806451613,85.12903225806451,Organic
2026-06-01T00:00:00,整体,Android,Prism,118.48148148148148,42.592592592592595,Organic
2026-05-01T00:00:00,整体,Android,Contour,149.09677419354838,68.41935483870968,Organic
2026-06-01T00:00:00,整体,iOS,AI Image,1697.037037037037,362.2962962962963,Organic
2026-01-01T00:00:00,整体,Android,Adjust,813.1935483870968,405.1290322580645,Organic
2026-01-01T00:00:00,整体,iOS,Reshape,2651.6129032258063,1875.7096774193549,Organic
2026-03-01T00:00:00,整体,iOS,Glitter,367.1290322580645,57.0,Organic
2026-06-01T00:00:00,整体,Android,Mykit,326.962962962963,0.0,Organic
2026-05-01T00:00:00,整体,iOS,AI Repair,1465.1612903225807,458.83870967741933,Organic
2026-03-01T00:00:00,整体,iOS,Adjust,1291.1935483870968,543.0,Organic
2026-03-01T00:00:00,整体,iOS,Preset,755.7096774193549,79.64516129032258,Organic
2026-06-01T00:00:00,整体,Android,Text,214.55555555555554,13.703703703703704,Organic
2026-04-01T00:00:00,整体,Android,Skin Tone,460.6,290.93333333333334,Organic
2026-01-01T00:00:00,整体,iOS,AI Tattoo,314.51612903225805,56.03225806451613,Organic
2026-08-01T00:00:00,整体,Android,Resize,226.66666666666666,96.16666666666667,Organic
2026-04-01T00:00:00,整体,iOS,Prism,170.36666666666667,50.96666666666667,Organic
2026-03-01T00:00:00,整体,Android,Contour,129.7741935483871,56.935483870967744,Organic
2026-04-01T00:00:00,整体,Android,AI Image,730.8666666666667,106.9,Organic
2026-06-01T00:00:00,整体,iOS,Resize,840.6296296296297,375.25925925925924,Organic
2026-02-01T00:00:00,整体,iOS,Eraser,1536.5357142857142,862.7857142857143,Organic
2026-02-01T00:00:00,整体,Android,Contour,142.78571428571428,64.28571428571429,Organic
2026-06-01T00:00:00,整体,iOS,AI Retouch,5053.666666666667,1943.4074074074074,Organic
2026-08-01T00:00:00,整体,Android,AI Image,578.8333333333334,109.83333333333333,Organic
2026-05-01T00:00:00,整体,iOS,Mykit,604.741935483871,0.0,Organic
2026-01-01T00:00:00,整体,Android,Brighten,329.2258064516129,166.61290322580646,Organic
2026-05-01T00:00:00,整体,iOS,Reshape,2473.1612903225805,1666.6774193548388,Organic
2026-01-01T00:00:00,整体,Android,AI Retouch,1637.967741935484,703.8709677419355,Organic
2026-05-01T00:00:00,整体,iOS,Matte,393.48387096774195,188.06451612903226,Organic
2026-07-01T00:00:00,整体,iOS,Clean Skin,1033.8260869565217,658.3913043478261,Organic
2026-05-01T00:00:00,整体,Android,Crop,466.03225806451616,341.38709677419354,Organic
2026-04-01T00:00:00,整体,iOS,Stamp,219.53333333333333,47.2,Organic
2026-01-01T00:00:00,整体,Android,Muscle,273.2258064516129,80.64516129032258,Organic
2026-05-01T00:00:00,整体,iOS,Filters,6333.935483870968,1639.483870967742,Organic
2026-05-01T00:00:00,整体,iOS,Smooth,3207.8387096774195,2395.8709677419356,Organic
2026-04-01T00:00:00,整体,Android,Blur,465.56666666666666,220.13333333333333,Organic
2026-03-01T00:00:00,整体,Android,Body,369.8709677419355,208.03225806451613,Organic
2026-08-01T00:00:00,整体,iOS,Skin Tone,1526.0,1000.8333333333334,Organic
2026-02-01T00:00:00,整体,Android,Stamp,172.60714285714286,30.214285714285715,Organic
2026-02-01T00:00:00,整体,Android,Reshape,607.25,325.35714285714283,Organic
2026-03-01T00:00:00,整体,iOS,Stamp,178.5483870967742,39.32258064516129,Organic
2026-05-01T00:00:00,整体,Android,AI Expand,210.96774193548387,81.7741935483871,Organic
2026-06-01T00:00:00,整体,iOS,Skin Tone,1546.8148148148148,958.9629629629629,Organic
2026-03-01T00:00:00,整体,iOS,Matte,332.8709677419355,164.83870967741936,Organic
2026-08-01T00:00:00,整体,iOS,Face,6058.5,2643.5,Organic
2026-08-01T00:00:00,整体,iOS,Concealer,723.3333333333334,339.6666666666667,Organic
2026-02-01T00:00:00,整体,Android,Details,135.60714285714286,55.42857142857143,Organic
2026-01-01T00:00:00,整体,iOS,Brighten,837.3870967741935,429.8709677419355,Organic
2026-03-01T00:00:00,整体,iOS,Expression,540.2258064516129,112.35483870967742,Organic
2026-01-01T00:00:00,整体,iOS,Plump,1258.7096774193549,443.6774193548387,Organic
2026-02-01T00:00:00,整体,Android,Preset,662.3571428571429,75.0,Organic
2026-06-01T00:00:00,整体,iOS,Concealer,1119.4074074074074,501.3703703703704,Organic
2026-01-01T00:00:00,整体,iOS,AI Retouch,3950.6451612903224,1559.483870967742,Organic
2026-03-01T00:00:00,整体,Android,Whiten,0.0,0.0,Organic
2026-07-01T00:00:00,整体,Android,Whiten,0.0,0.0,Organic
2026-07-01T00:00:00,整体,Android,Muscle,213.74193548387098,55.54838709677419,Organic
2026-01-01T00:00:00,整体,Android,Expression,345.16129032258067,98.51612903225806,Organic
2026-03-01T00:00:00,整体,Android,Brighten,264.1290322580645,136.51612903225808,Organic
2026-03-01T00:00:00,整体,iOS,Makeup,2438.2258064516127,1062.3870967741937,Organic
2026-01-01T00:00:00,整体,Android,Whiten,0.0,0.0,Organic
2026-04-01T00:00:00,整体,iOS,Muscle,424.3333333333333,110.8,Organic
2026-06-01T00:00:00,整体,Android,Adjust,648.7777777777778,334.18518518518516,Organic
2026-02-01T00:00:00,整体,Android,Bokeh,534.6071428571429,317.5,Organic
2026-02-01T00:00:00,整体,Android,Makeup,923.6785714285714,427.2142857142857,Organic
2026-01-01T00:00:00,整体,iOS,Whiten,0.0,0.0,Organic
2026-06-01T00:00:00,整体,iOS,Body,2068.6296296296296,1227.5185185185185,Organic
2026-04-01T00:00:00,整体,Android,Prism,137.96666666666667,52.43333333333333,Organic
2026-04-01T00:00:00,整体,iOS,Mykit,500.1666666666667,0.0,Organic
2026-05-01T00:00:00,整体,Android,Reshape,654.2258064516129,356.258064516129,Organic
2026-03-01T00:00:00,整体,Android,Eraser,699.2903225806451,328.03225806451616,Organic
2026-08-01T00:00:00,整体,Android,Bokeh,234.0,113.66666666666667,Organic
2026-05-01T00:00:00,整体,Android,Muscle,243.32258064516128,66.06451612903226,Organic
2026-02-01T00:00:00,整体,Android,Hair,1343.2142857142858,384.67857142857144,Organic
2026-03-01T00:00:00,整体,Android,Preset,577.4193548387096,57.16129032258065,Organic
2026-04-01T00:00:00,整体,Android,AI Retouch,1425.3666666666666,562.6,Organic
2026-07-01T00:00:00,整体,iOS,Effects,1569.3225806451612,23.322580645161292,Organic
2026-07-01T00:00:00,整体,Android,Text,239.25806451612902,18.774193548387096,Organic
2026-04-01T00:00:00,整体,iOS,Blur,824.7333333333333,474.6666666666667,Organic
2026-06-01T00:00:00,整体,Android,Concealer,339.9259259259259,145.8148148148148,Organic
2026-08-01T00:00:00,整体,iOS,Face Fix,1032.8333333333333,150.83333333333334,Organic
2026-05-01T00:00:00,整体,iOS,Bokeh,321.51612903225805,100.51612903225806,Organic
2026-05-01T00:00:00,整体,Android,Effects,587.0967741935484,26.806451612903224,Organic
2026-05-01T00:00:00,整体,Android,AI Replace,199.1290322580645,84.19354838709677,Organic
2026-07-01T00:00:00,整体,iOS,Crop,814.3225806451613,572.0967741935484,Organic
2026-01-01T00:00:00,整体,Android,Prism,145.93548387096774,52.87096774193548,Organic
2026-08-01T00:00:00,整体,Android,Body,509.6666666666667,283.1666666666667,Organic
2026-01-01T00:00:00,整体,iOS,AI Expand,446.5483870967742,147.96774193548387,Organic
2026-03-01T00:00:00,整体,Android,AI Retouch,1338.0967741935483,584.8064516129032,Organic
2026-07-01T00:00:00,整体,Android,AI Repair,547.1290322580645,245.90322580645162,Organic
2026-08-01T00:00:00,整体,Android,Blur,340.6666666666667,167.0,Organic
2026-07-01T00:00:00,整体,iOS,Body,2070.1290322580644,1290.1935483870968,Organic
2026-06-01T00:00:00,整体,Android,AI Repair,484.81481481481484,215.62962962962962,Organic
2026-02-01T00:00:00,整体,Android,Eraser,732.7857142857143,326.9642857142857,Organic
2026-02-01T00:00:00,整体,Android,AI Tattoo,179.89285714285714,47.464285714285715,Organic
2026-01-01T00:00:00,整体,Android,Face,1817.967741935484,746.1935483870968,Organic
2026-01-01T00:00:00,整体,Android,AI Replace,272.7096774193548,119.87096774193549,Organic
2026-04-01T00:00:00,整体,Android,Mykit,360.03333333333336,0.0,Organic
2026-06-01T00:00:00,整体,Android,Relight,831.3703703703703,389.3333333333333,Organic
2026-01-01T00:00:00,整体,Android,Effects,632.2258064516129,34.064516129032256,Organic
2026-03-01T00:00:00,整体,Android,Muscle,217.61290322580646,63.903225806451616,Organic
2026-07-01T00:00:00,整体,Android,Skin Tone,456.741935483871,282.0,Organic
2026-01-01T00:00:00,整体,iOS,Prism,158.83870967741936,44.32258064516129,Organic
2026-07-01T00:00:00,整体,iOS,Stamp,228.32258064516128,47.45161290322581,Organic
2026-07-01T00:00:00,整体,Android,Glitter,288.8709677419355,45.225806451612904,Organic
2026-02-01T00:00:00,整体,iOS,Crop,668.1071428571429,471.9642857142857,Organic
2026-01-01T00:00:00,整体,Android,Face Fix,431.2903225806452,88.6774193548387,Organic
2026-05-01T00:00:00,整体,Android,Makeup,983.0322580645161,443.83870967741933,Organic
2026-06-01T00:00:00,整体,iOS,Text,308.3703703703704,20.0,Organic
2026-01-01T00:00:00,整体,iOS,Smooth,2898.1290322580644,2267.7741935483873,Organic
2026-07-01T00:00:00,整体,iOS,Expression,588.8387096774194,110.74193548387096,Organic
2026-03-01T00:00:00,整体,iOS,Glowup,1194.1935483870968,368.80645161290323,Organic
2026-03-01T00:00:00,整体,Android,Matte,113.35483870967742,49.87096774193548,Organic
2026-04-01T00:00:00,整体,iOS,Eraser,1850.3,952.8666666666667,Organic
2026-07-01T00:00:00,整体,iOS,Whiten,0.0,0.0,Organic
2026-07-01T00:00:00,整体,iOS,Matte,328.258064516129,159.5483870967742,Organic
2026-03-01T00:00:00,整体,iOS,Magic,3943.1290322580644,2188.4193548387098,Organic
2026-08-01T00:00:00,整体,iOS,Relight,7103.333333333333,4071.6666666666665,Organic
2026-08-01T00:00:00,整体,iOS,Teeth,1052.8333333333333,697.6666666666666,Organic
2026-07-01T00:00:00,整体,Android,Eye Brighten,161.96774193548387,94.2258064516129,Organic
2026-06-01T00:00:00,整体,iOS,Makeup,3042.740740740741,1265.3703703703704,Organic
2026-06-01T00:00:00,整体,Android,Makeup,925.8518518518518,413.0740740740741,Organic
2026-02-01T00:00:00,整体,Android,Muscle,239.96428571428572,71.78571428571429,Organic
2026-02-01T00:00:00,整体,iOS,Effects,838.4642857142857,17.892857142857142,Organic
2026-05-01T00:00:00,整体,iOS,Adjust,1787.8064516129032,814.6774193548387,Organic
2026-06-01T00:00:00,整体,Android,Hair,1220.9259259259259,339.1111111111111,Organic
2026-02-01T00:00:00,整体,iOS,Background,725.5714285714286,82.53571428571429,Organic
2026-08-01T00:00:00,整体,iOS,Hair,2074.1666666666665,724.3333333333334,Organic
2026-02-01T00:00:00,整体,iOS,Reshape,2316.8928571428573,1644.607142857143,Organic
2026-07-01T00:00:00,整体,iOS,Preset,1182.0967741935483,79.06451612903226,Organic
2026-07-01T00:00:00,整体,Android,Matte,137.03225806451613,54.61290322580645,Organic
2026-01-01T00:00:00,整体,iOS,Details,405.03225806451616,143.6451612903226,Organic
2026-08-01T00:00:00,整体,Android,Acne,421.1666666666667,280.8333333333333,Organic
2026-01-01T00:00:00,整体,iOS,Mykit,455.19354838709677,0.0,Organic
2026-07-01T00:00:00,整体,Android,Brighten,232.4516129032258,112.6774193548387,Organic
2026-03-01T00:00:00,整体,iOS,Dark Circles,717.5806451612904,534.741935483871,Organic
2026-01-01T00:00:00,整体,Android,Relight,689.1290322580645,301.2258064516129,Organic
2026-05-01T00:00:00,整体,Android,Expression,282.83870967741933,71.90322580645162,Organic
2026-04-01T00:00:00,整体,Android,Face Fix,364.26666666666665,88.23333333333333,Organic
2026-02-01T00:00:00,整体,iOS,AI Image,1253.75,142.75,Organic
2026-07-01T00:00:00,整体,Android,Eraser,779.741935483871,347.19354838709677,Organic
2026-02-01T00:00:00,整体,iOS,Body,1308.857142857143,877.5357142857143,Organic
2026-06-01T00:00:00,整体,iOS,Mykit,661.7037037037037,0.0,Organic
2026-02-01T00:00:00,整体,iOS,Filters,3439.785714285714,617.8214285714286,Organic
2026-05-01T00:00:00,整体,Android,Glowup,433.7741935483871,116.54838709677419,Organic
2026-05-01T00:00:00,整体,Android,Hair,1369.6451612903227,376.48387096774195,Organic
2026-08-01T00:00:00,整体,Android,AI Expand,228.83333333333334,115.16666666666667,Organic
2026-03-01T00:00:00,整体,iOS,Relight,1423.3548387096773,647.8387096774194,Organic
2026-06-01T00:00:00,整体,iOS,Acne,1939.0740740740741,1384.6296296296296,Organic
2026-03-01T00:00:00,整体,iOS,Face,4618.322580645161,1982.6451612903227,Organic
2026-02-01T00:00:00,整体,iOS,Makeup,2351.6428571428573,1047.857142857143,Organic
2026-05-01T00:00:00,整体,iOS,Dark Circles,811.9354838709677,588.4193548387096,Organic
2026-05-01T00:00:00,整体,Android,Filters,1970.8709677419354,620.2903225806451,Organic
2026-07-01T00:00:00,整体,iOS,Details,358.8709677419355,119.16129032258064,Organic
2026-07-01T00:00:00,整体,Android,Hair,1213.7096774193549,388.1290322580645,Organic
2026-08-01T00:00:00,整体,Android,Skin Tone,388.1666666666667,249.5,Organic
2026-01-01T00:00:00,整体,iOS,Relight,1707.7096774193549,750.8709677419355,Organic
2026-03-01T00:00:00,整体,iOS,Face Fix,884.8064516129032,145.19354838709677,Organic
2026-08-01T00:00:00,整体,iOS,Clean Skin,1206.3333333333333,791.0,Organic
2026-07-01T00:00:00,整体,Android,Magic,1762.225806451613,826.3225806451613,Organic
2026-03-01T00:00:00,整体,Android,Text,266.5483870967742,21.612903225806452,Organic
2026-01-01T00:00:00,整体,iOS,AI Repair,654.8709677419355,240.09677419354838,Organic
2026-03-01T00:00:00,整体,iOS,Flawless,0.0,0.0,Organic
2026-05-01T00:00:00,整体,iOS,Expression,643.7741935483871,126.41935483870968,Organic
2026-01-01T00:00:00,整体,Android,Magic,1984.4193548387098,949.1935483870968,Organic
2026-06-01T00:00:00,整体,Android,Bokeh,268.8888888888889,141.33333333333334,Organic
2026-01-01T00:00:00,整体,iOS,Bokeh,326.64516129032256,100.35483870967742,Organic
2026-01-01T00:00:00,整体,Android,Reshape,741.1935483870968,417.19354838709677,Organic
2026-03-01T00:00:00,整体,iOS,AI Expand,363.7741935483871,116.25806451612904,Organic
2026-05-01T00:00:00,整体,iOS,Stamp,223.19354838709677,46.67741935483871,Organic
2026-07-01T00:00:00,整体,Android,Glowup,421.38709677419354,115.74193548387096,Organic
2026-02-01T00:00:00,整体,Android,Blur,526.8214285714286,223.92857142857142,Organic
2026-06-01T00:00:00,整体,iOS,Bokeh,317.48148148148147,91.22222222222223,Organic
2026-05-01T00:00:00,整体,Android,Matte,134.3548387096774,58.935483870967744,Organic
2026-07-01T00:00:00,整体,iOS,Adjust,1812.5806451612902,796.3225806451613,Organic
2026-08-01T00:00:00,整体,iOS,Makeup,3214.8333333333335,1435.5,Organic
2026-03-01T00:00:00,整体,iOS,AI Replace,261.1290322580645,108.6774193548387,Organic
2026-04-01T00:00:00,整体,iOS,Glowup,1378.2666666666667,421.56666666666666,Organic
2026-01-01T00:00:00,整体,iOS,Text,216.4516129032258,20.387096774193548,Organic
2026-05-01T00:00:00,整体,iOS,Muscle,461.48387096774195,109.87096774193549,Organic
2026-05-01T00:00:00,整体,Android,Stamp,163.70967741935485,29.967741935483872,Organic
2026-03-01T00:00:00,整体,Android,Crop,447.96774193548384,328.96774193548384,Organic
2026-05-01T00:00:00,整体,iOS,Whiten,0.0,0.0,Organic
2026-04-01T00:00:00,整体,Android,Bokeh,380.6666666666667,212.9,Organic
2026-03-01T00:00:00,整体,Android,Bokeh,461.83870967741933,283.03225806451616,Organic
2026-03-01T00:00:00,整体,Android,AI Repair,429.61290322580646,206.03225806451613,Organic
2026-06-01T00:00:00,整体,Android,Smooth,727.5555555555555,532.6296296296297,Organic
2026-04-01T00:00:00,整体,iOS,Acne,1953.1333333333334,1411.1333333333334,Organic
2026-08-01T00:00:00,整体,iOS,Glitter,560.3333333333334,83.5,Organic
2026-08-01T00:00:00,整体,iOS,Body,2596.5,1485.3333333333333,Organic
2026-04-01T00:00:00,整体,Android,Makeup,916.6,421.93333333333334,Organic
2026-05-01T00:00:00,整体,iOS,Eraser,1992.967741935484,950.5806451612904,Organic
2026-04-01T00:00:00,整体,iOS,AI Retouch,4376.566666666667,1710.5666666666666,Organic
2026-05-01T00:00:00,整体,Android,Adjust,735.2903225806451,375.16129032258067,Organic
2026-03-01T00:00:00,整体,Android,Face Fix,365.61290322580646,75.41935483870968,Organic
2026-08-01T00:00:00,整体,Android,Dark Circles,158.16666666666666,104.16666666666667,Organic
2026-01-01T00:00:00,整体,Android,Hair,1591.5483870967741,488.3225806451613,Organic
2026-07-01T00:00:00,整体,Android,Face,1732.4193548387098,697.9677419354839,Organic
2026-03-01T00:00:00,整体,iOS,Reshape,2273.8064516129034,1601.6451612903227,Organic
2026-07-01T00:00:00,整体,iOS,Makeup,2979.3225806451615,1290.3548387096773,Organic
2026-02-01T00:00:00,整体,iOS,Skin Tone,1317.8214285714287,838.4285714285714,Organic
2026-08-01T00:00:00,整体,Android,Eraser,677.6666666666666,325.8333333333333,Organic
2026-01-01T00:00:00,整体,Android,Acne,528.4193548387096,349.16129032258067,Organic
2026-05-01T00:00:00,整体,iOS,AI Expand,305.7741935483871,100.6774193548387,Organic
2026-02-01T00:00:00,整体,iOS,Mykit,419.0357142857143,0.0,Organic
2026-04-01T00:00:00,整体,iOS,Hair,2499.2,667.8,Organic
2026-04-01T00:00:00,整体,iOS,Dark Circles,760.4666666666667,552.1,Organic
2026-01-01T00:00:00,整体,Android,Flawless,0.0,0.0,Organic
2026-04-01T00:00:00,整体,iOS,Glitter,464.6,73.7,Organic
2026-03-01T00:00:00,整体,iOS,Acne,1880.3870967741937,1401.967741935484,Organic
2026-08-01T00:00:00,整体,iOS,Flawless,0.0,0.0,Organic
2026-04-01T00:00:00,整体,iOS,Concealer,1118.6,514.1,Organic
2026-02-01T00:00:00,整体,iOS,AI Retouch,3539.6428571428573,1484.5714285714287,Organic
2026-03-01T00:00:00,整体,Android,Prism,136.70967741935485,51.16129032258065,Organic
2026-02-01T00:00:00,整体,Android,Acne,439.92857142857144,284.75,Organic
2026-05-01T00:00:00,整体,Android,Bokeh,350.35483870967744,193.74193548387098,Organic
2026-02-01T00:00:00,整体,Android,Text,285.75,23.035714285714285,Organic
2026-06-01T00:00:00,整体,Android,Collarbone,0.0,0.0,Organic
2026-03-01T00:00:00,整体,Android,Stamp,160.19354838709677,26.387096774193548,Organic
2026-03-01T00:00:00,整体,iOS,Plump,805.5806451612904,256.06451612903226,Organic
2026-02-01T00:00:00,整体,iOS,Flawless,0.0,0.0,Organic
2026-01-01T00:00:00,整体,Android,Eraser,883.5483870967741,432.35483870967744,Organic
2026-03-01T00:00:00,整体,iOS,Brighten,767.1612903225806,403.9032258064516,Organic
2026-07-01T00:00:00,整体,Android,Background,476.741935483871,60.935483870967744,Organic
2026-08-01T00:00:00,整体,iOS,Glowup,1599.6666666666667,503.1666666666667,Organic
2026-06-01T00:00:00,整体,iOS,AI Repair,1171.6666666666667,375.3703703703704,Organic
2026-06-01T00:00:00,整体,Android,Filters,1847.3333333333333,553.1111111111111,Organic
2026-06-01T00:00:00,整体,Android,Reshape,615.4444444444445,343.14814814814815,Organic
2026-04-01T00:00:00,整体,Android,Text,245.86666666666667,21.733333333333334,Organic
2026-05-01T00:00:00,整体,Android,Details,139.83870967741936,60.806451612903224,Organic
2026-01-01T00:00:00,整体,Android,Background,624.8064516129032,83.06451612903226,Organic
2026-04-01T00:00:00,整体,Android,Whiten,0.0,0.0,Organic
2026-04-01T00:00:00,整体,Android,Muscle,243.0,71.0,Organic
2026-07-01T00:00:00,整体,Android,Relight,1200.0,542.516129032258,Organic
2026-06-01T00:00:00,整体,Android,Glowup,388.3703703703704,105.18518518518519,Organic
2026-06-01T00:00:00,整体,Android,Resize,228.88888888888889,92.48148148148148,Organic
2026-08-01T00:00:00,整体,iOS,Mykit,577.0,0.0,Organic
2026-02-01T00:00:00,整体,iOS,Resize,843.4642857142857,395.25,Organic
2026-05-01T00:00:00,整体,iOS,Concealer,1186.483870967742,540.3548387096774,Organic
2026-02-01T00:00:00,整体,iOS,Preset,792.7857142857143,99.21428571428571,Organic
2026-07-01T00:00:00,整体,Android,Flawless,0.0,0.0,Organic
2026-06-01T00:00:00,整体,iOS,Whiten,0.0,0.0,Organic
2026-06-01T00:00:00,整体,Android,Teeth,286.77777777777777,29.62962962962963,Organic
2026-06-01T00:00:00,整体,iOS,Adjust,1804.851851851852,807.3333333333334,Organic
2026-03-01T00:00:00,整体,iOS,Background,725.9032258064516,80.29032258064517,Organic
2026-02-01T00:00:00,整体,iOS,Eye Brighten,466.67857142857144,319.39285714285717,Organic
2026-08-01T00:00:00,整体,iOS,Preset,1050.0,66.66666666666667,Organic
2026-05-01T00:00:00,整体,iOS,Brighten,1003.741935483871,526.2903225806451,Organic
2026-04-01T00:00:00,整体,Android,Stamp,159.73333333333332,30.366666666666667,Organic
2026-06-01T00:00:00,整体,iOS,Expression,607.0,118.07407407407408,Organic
2026-07-01T00:00:00,整体,Android,Contour,142.0,65.70967741935483,Organic
2026-02-01T00:00:00,整体,iOS,Teeth,958.0,0.0,Organic
2026-08-01T00:00:00,整体,iOS,Smooth,3019.8333333333335,2157.0,Organic
2026-08-01T00:00:00,整体,Android,Brighten,173.83333333333334,91.0,Organic
2026-01-01T00:00:00,整体,iOS,AI Image,1100.6129032258063,166.19354838709677,Organic
2026-01-01T00:00:00,整体,Android,Plump,533.5483870967741,204.83870967741936,Organic
2026-03-01T00:00:00,整体,iOS,Eraser,1546.3870967741937,835.1290322580645,Organic
2026-02-01T00:00:00,整体,Android,Concealer,333.85714285714283,147.25,Organic
2026-01-01T00:00:00,整体,iOS,Crop,753.8064516129032,544.4193548387096,Organic
2026-08-01T00:00:00,整体,Android,Face,1490.3333333333333,615.5,Organic
2026-01-01T00:00:00,整体,Android,Skin Tone,517.7741935483871,326.1290322580645,Organic
2026-04-01T00:00:00,整体,iOS,Effects,1268.3666666666666,24.0,Organic
2026-06-01T00:00:00,整体,Android,Eye Brighten,155.33333333333334,93.62962962962963,Organic
2026-04-01T00:00:00,整体,Android,Expression,275.3333333333333,73.1,Organic
2026-05-01T00:00:00,整体,iOS,Face,5875.096774193548,2503.7419354838707,Organic
2026-07-01T00:00:00,整体,Android,Teeth,315.93548387096774,129.19354838709677,Organic
2026-03-01T00:00:00,整体,Android,Adjust,728.8709677419355,366.61290322580646,Organic
2026-02-01T00:00:00,整体,Android,AI Repair,471.32142857142856,226.14285714285714,Organic
2026-04-01T00:00:00,整体,Android,Adjust,736.0333333333333,372.6333333333333,Organic
2026-03-01T00:00:00,整体,iOS,Effects,866.258064516129,17.032258064516128,Organic
2026-04-01T00:00:00,整体,iOS,Background,908.4333333333333,83.66666666666667,Organic
2026-08-01T00:00:00,整体,Android,AI Tattoo,166.16666666666666,35.166666666666664,Organic
2026-05-01T00:00:00,整体,Android,Mykit,367.8709677419355,0.0,Organic
2026-06-01T00:00:00,整体,Android,Skin Tone,443.44444444444446,279.74074074074076,Organic
2026-07-01T00:00:00,整体,Android,Resize,231.16129032258064,88.48387096774194,Organic
2026-04-01T00:00:00,整体,Android,AI Repair,440.73333333333335,197.33333333333334,Organic
2026-05-01T00:00:00,整体,iOS,AI Replace,249.83870967741936,91.41935483870968,Organic
2026-08-01T00:00:00,整体,Android,AI Replace,166.33333333333334,67.16666666666667,Organic
2026-08-01T00:00:00,整体,iOS,Matte,320.8333333333333,166.16666666666666,Organic
2026-01-01T00:00:00,整体,Android,Body,480.51612903225805,271.48387096774195,Organic
2026-02-01T00:00:00,整体,Android,Face,1511.107142857143,616.1071428571429,Organic
2026-06-01T00:00:00,整体,iOS,Stamp,223.7037037037037,44.0,Organic
2026-01-01T00:00:00,整体,iOS,Makeup,2702.2258064516127,1211.483870967742,Organic
2026-02-01T00:00:00,整体,iOS,Relight,1179.892857142857,542.8571428571429,Organic
2026-06-01T00:00:00,整体,iOS,Muscle,476.14814814814815,112.81481481481481,Organic
2026-08-01T00:00:00,整体,iOS,Reshape,2654.3333333333335,1763.5,Organic
2026-08-01T00:00:00,整体,iOS,Bokeh,325.6666666666667,83.83333333333333,Organic
2026-07-01T00:00:00,整体,Android,Filters,2154.6451612903224,610.1935483870968,Organic
2026-01-01T00:00:00,整体,Android,Dark Circles,256.06451612903226,159.3548387096774,Organic
2026-07-01T00:00:00,整体,Android,Clean Skin,249.72,157.92,Organic
2026-05-01T00:00:00,整体,iOS,Magic,5884.096774193548,2973.3870967741937,Organic
2026-06-01T00:00:00,整体,Android,Flawless,0.0,0.0,Organic
2026-05-01T00:00:00,整体,iOS,AI Tattoo,435.741935483871,77.03225806451613,Organic
2026-02-01T00:00:00,整体,Android,Face Fix,378.42857142857144,73.28571428571429,Organic
2026-06-01T00:00:00,整体,Android,AI Retouch,1433.3703703703704,528.2962962962963,Organic
2026-08-01T00:00:00,整体,Android,Face Fix,309.6666666666667,73.66666666666667,Organic
2026-08-01T00:00:00,整体,iOS,Details,356.8333333333333,123.83333333333333,Organic
2026-04-01T00:00:00,整体,iOS,AI Expand,371.0,125.86666666666666,Organic
2026-03-01T00:00:00,整体,Android,Expression,277.5483870967742,74.12903225806451,Organic
2026-05-01T00:00:00,整体,iOS,Acne,2067.7419354838707,1476.3225806451612,Organic
2026-02-01T00:00:00,整体,iOS,Contour,362.89285714285717,190.46428571428572,Organic
2026-06-01T00:00:00,整体,Android,Details,130.0,55.2962962962963,Organic
2026-02-01T00:00:00,整体,Android,Magic,1657.75,790.3571428571429,Organic
2026-01-01T00:00:00,整体,Android,AI Expand,367.83870967741933,141.80645161290323,Organic
2026-04-01T00:00:00,整体,iOS,Brighten,890.9333333333333,462.03333333333336,Organic
2026-01-01T00:00:00,整体,iOS,Stamp,200.4516129032258,44.483870967741936,Organic
2026-07-01T00:00:00,整体,Android,Body,516.1290322580645,289.0,Organic
2026-08-01T00:00:00,整体,Android,Magic,1542.0,706.8333333333334,Organic
2026-05-01T00:00:00,整体,iOS,Face Fix,1075.516129032258,179.41935483870967,Organic
2026-07-01T00:00:00,整体,iOS,Muscle,461.96774193548384,110.51612903225806,Organic
2026-06-01T00:00:00,整体,Android,Glitter,270.77777777777777,40.851851851851855,Organic
2026-04-01T00:00:00,整体,iOS,Body,1488.3333333333333,930.8,Organic
2026-08-01T00:00:00,整体,Android,Concealer,213.16666666666666,96.33333333333333,Organic
2026-04-01T00:00:00,整体,iOS,Plump,858.2333333333333,269.6,Organic
2026-07-01T00:00:00,整体,Android,AI Retouch,1656.3225806451612,606.483870967742,Organic
2026-02-01T00:00:00,整体,Android,AI Replace,267.0,119.39285714285714,Organic
2026-02-01T00:00:00,整体,iOS,Smooth,2604.6428571428573,2051.714285714286,Organic
2026-01-01T00:00:00,巴西,Android,Whiten,0.0,0.0,Organic
2026-03-01T00:00:00,墨西哥,iOS,Teeth,13.03225806451613,0.0,Organic
2026-02-01T00:00:00,墨西哥,Android,Plump,5.214285714285714,1.6071428571428572,Organic
2026-02-01T00:00:00,美国,iOS,Crop,104.07142857142857,78.53571428571429,Organic
2026-03-01T00:00:00,美国,Android,Magic,68.19354838709677,36.45161290322581,Organic
2026-03-01T00:00:00,墨西哥,iOS,Resize,14.096774193548388,6.290322580645161,Organic
2026-04-01T00:00:00,巴西,iOS,Adjust,533.1,246.1,Organic
2026-01-01T00:00:00,英国,iOS,Mykit,24.451612903225808,0.0,Organic
2026-05-01T00:00:00,英国,Android,Hair,13.612903225806452,4.516129032258065,Organic
2026-05-01T00:00:00,墨西哥,iOS,Teeth,10.709677419354838,0.0,Organic
2026-06-01T00:00:00,英国,Android,Teeth,6.481481481481482,0.7407407407407407,Organic
2026-01-01T00:00:00,英国,Android,AI Replace,2.806451612903226,1.1612903225806452,Organic
2026-08-01T00:00:00,英国,Android,Face Fix,5.833333333333333,2.0,Organic
2026-06-01T00:00:00,英国,Android,Flawless,0.0,0.0,Organic
2026-02-01T00:00:00,巴西,Android,AI Image,257.7857142857143,63.714285714285715,Organic
2026-08-01T00:00:00,英国,iOS,Contour,23.666666666666668,10.333333333333334,Organic
2026-02-01T00:00:00,美国,Android,Skin Tone,18.392857142857142,11.642857142857142,Organic
2026-08-01T00:00:00,英国,iOS,Preset,38.5,3.0,Organic
2026-08-01T00:00:00,英国,Android,Face,23.5,11.166666666666666,Organic
2026-02-01T00:00:00,英国,iOS,Face,258.89285714285717,122.14285714285714,Organic
2026-01-01T00:00:00,美国,Android,Whiten,0.0,0.0,Organic
2026-03-01T00:00:00,美国,Android,Text,6.193548387096774,1.3870967741935485,Organic
2026-04-01T00:00:00,英国,Android,Teeth,10.666666666666666,0.0,Organic
2026-02-01T00:00:00,英国,Android,AI Image,9.75,1.6428571428571428,Organic
2026-02-01T00:00:00,墨西哥,Android,Whiten,0.0,0.0,Organic
2026-07-01T00:00:00,巴西,iOS,Blur,251.3548387096774,170.48387096774192,Organic
2026-02-01T00:00:00,英国,iOS,AI Repair,25.892857142857142,7.821428571428571,Organic
2026-07-01T00:00:00,英国,Android,Smooth,14.225806451612904,10.516129032258064,Organic
2026-03-01T00:00:00,墨西哥,Android,AI Image,22.580645161290324,3.838709677419355,Organic
2026-03-01T00:00:00,墨西哥,iOS,Plump,8.774193548387096,2.064516129032258,Organic
2026-05-01T00:00:00,巴西,Android,Contour,20.0,9.387096774193548,Organic
2026-01-01T00:00:00,墨西哥,iOS,Effects,14.064516129032258,0.25806451612903225,Organic
2026-02-01T00:00:00,巴西,Android,Crop,130.28571428571428,101.39285714285714,Organic
2026-02-01T00:00:00,英国,iOS,Concealer,58.107142857142854,27.5,Organic
2026-01-01T00:00:00,巴西,iOS,Resize,411.5483870967742,212.09677419354838,Organic
2026-03-01T00:00:00,英国,Android,Glowup,12.193548387096774,4.290322580645161,Organic
2026-03-01T00:00:00,巴西,iOS,Hair,519.0,146.48387096774192,Organic
2026-02-01T00:00:00,墨西哥,iOS,Filters,51.5,9.964285714285714,Organic
2026-04-01T00:00:00,英国,iOS,Glowup,80.56666666666666,26.866666666666667,Organic
2026-08-01T00:00:00,美国,Android,Magic,74.5,41.5,Organic
2026-08-01T00:00:00,巴西,iOS,Stamp,55.0,9.333333333333334,Organic
2026-06-01T00:00:00,英国,iOS,Glitter,22.185185185185187,4.0,Organic
2026-01-01T00:00:00,英国,Android,Flawless,0.0,0.0,Organic
2026-08-01T00:00:00,墨西哥,Android,Makeup,15.333333333333334,8.166666666666666,Organic
2026-07-01T00:00:00,英国,Android,Adjust,7.709677419354839,3.3225806451612905,Organic
2026-05-01T00:00:00,巴西,iOS,Effects,328.93548387096774,3.161290322580645,Organic
2026-05-01T00:00:00,美国,iOS,Muscle,97.0,26.806451612903224,Organic
2026-03-01T00:00:00,英国,Android,Flawless,0.0,0.0,Organic
2026-04-01T00:00:00,美国,iOS,AI Expand,48.1,16.133333333333333,Organic
2026-07-01T00:00:00,英国,iOS,Clean Skin,62.77272727272727,36.04545454545455,Organic
2026-06-01T00:00:00,英国,Android,Text,1.8888888888888888,0.07407407407407407,Organic
2026-07-01T00:00:00,墨西哥,iOS,Glitter,11.838709677419354,1.6129032258064515,Organic
2026-07-01T00:00:00,美国,iOS,Crop,128.41935483870967,95.70967741935483,Organic
2026-07-01T00:00:00,美国,iOS,Reshape,447.258064516129,286.64516129032256,Organic
2026-05-01T00:00:00,英国,Android,Dark Circles,3.6451612903225805,2.4838709677419355,Organic
2026-04-01T00:00:00,巴西,iOS,Concealer,279.6333333333333,130.83333333333334,Organic
2026-01-01T00:00:00,美国,Android,Plump,16.258064516129032,6.451612903225806,Organic
2026-01-01T00:00:00,墨西哥,Android,Blur,11.387096774193548,6.193548387096774,Organic
2026-04-01T00:00:00,美国,Android,Mykit,14.2,0.0,Organic
2026-07-01T00:00:00,巴西,iOS,AI Image,159.03225806451613,31.806451612903224,Organic
2026-08-01T00:00:00,英国,Android,Matte,1.6666666666666667,0.6666666666666666,Organic
2026-02-01T00:00:00,美国,Android,Makeup,36.142857142857146,19.607142857142858,Organic
2026-08-01T00:00:00,美国,iOS,Effects,251.5,4.833333333333333,Organic
2026-03-01T00:00:00,墨西哥,Android,Prism,3.5806451612903225,1.096774193548387,Organic
2026-07-01T00:00:00,墨西哥,Android,Dark Circles,4.225806451612903,2.4838709677419355,Organic
2026-03-01T00:00:00,英国,Android,Face,46.41935483870968,22.870967741935484,Organic
2026-03-01T00:00:00,英国,Android,Magic,43.483870967741936,22.06451612903226,Organic
2026-06-01T00:00:00,美国,iOS,Crop,117.88888888888889,86.88888888888889,Organic
2026-08-01T00:00:00,巴西,iOS,Makeup,646.5,334.6666666666667,Organic
2026-08-01T00:00:00,英国,Android,Bokeh,1.6666666666666667,0.3333333333333333,Organic
2026-07-01T00:00:00,美国,Android,Crop,31.419354838709676,23.483870967741936,Organic
2026-02-01T00:00:00,英国,iOS,Background,41.964285714285715,4.571428571428571,Organic
2026-04-01T00:00:00,美国,Android,Blur,13.5,7.9,Organic
2026-01-01T00:00:00,墨西哥,Android,Hair,42.0,14.161290322580646,Organic
2026-01-01T00:00:00,巴西,iOS,Magic,1410.3870967741937,799.516129032258,Organic
2026-06-01T00:00:00,墨西哥,iOS,Concealer,11.407407407407407,3.740740740740741,Organic
2026-08-01T00:00:00,英国,iOS,Hair,121.0,42.0,Organic
2026-05-01T00:00:00,英国,Android,Bokeh,1.967741935483871,0.6129032258064516,Organic
2026-07-01T00:00:00,英国,Android,Eraser,8.806451612903226,4.838709677419355,Organic
2026-07-01T00:00:00,墨西哥,Android,Crop,13.387096774193548,10.548387096774194,Organic
2026-06-01T00:00:00,英国,Android,Body,8.185185185185185,4.333333333333333,Organic
2026-02-01T00:00:00,美国,iOS,Prism,18.178571428571427,3.7142857142857144,Organic
2026-06-01T00:00:00,巴西,iOS,Body,528.4444444444445,333.962962962963,Organic
2026-06-01T00:00:00,巴西,iOS,Contour,68.25925925925925,34.22222222222222,Organic
2026-03-01T00:00:00,巴西,Android,Brighten,53.61290322580645,26.677419354838708,Organic
2026-02-01T00:00:00,英国,iOS,Glitter,15.321428571428571,2.857142857142857,Organic
2026-02-01T00:00:00,巴西,Android,Glowup,98.75,26.642857142857142,Organic
2026-06-01T00:00:00,巴西,iOS,Glowup,229.1851851851852,51.888888888888886,Organic
2026-04-01T00:00:00,美国,iOS,Mykit,78.1,0.0,Organic
2026-05-01T00:00:00,英国,Android,AI Image,7.290322580645161,1.3870967741935485,Organic
2026-02-01T00:00:00,墨西哥,Android,Eraser,14.392857142857142,7.785714285714286,Organic
2026-05-01T00:00:00,墨西哥,Android,Adjust,19.967741935483872,9.32258064516129,Organic
2026-03-01T00:00:00,英国,iOS,Concealer,54.70967741935484,25.612903225806452,Organic
2026-05-01T00:00:00,墨西哥,iOS,Background,9.612903225806452,0.6774193548387096,Organic
2026-02-01T00:00:00,墨西哥,Android,Concealer,4.25,1.2142857142857142,Organic
2026-06-01T00:00:00,美国,iOS,Magic,831.0370370370371,387.44444444444446,Organic
2026-03-01T00:00:00,英国,iOS,Dark Circles,39.25806451612903,28.548387096774192,Organic
2026-08-01T00:00:00,墨西哥,iOS,Text,4.833333333333333,0.3333333333333333,Organic
2026-08-01T00:00:00,美国,Android,Details,7.0,3.8333333333333335,Organic
2026-08-01T00:00:00,英国,Android,Magic,25.333333333333332,12.333333333333334,Organic
2026-08-01T00:00:00,美国,Android,Resize,11.5,6.166666666666667,Organic
2026-04-01T00:00:00,美国,iOS,Glowup,260.3666666666667,85.56666666666666,Organic
2026-04-01T00:00:00,美国,Android,Acne,21.866666666666667,16.166666666666668,Organic
2026-03-01T00:00:00,巴西,iOS,Stamp,50.12903225806452,10.451612903225806,Organic
2026-03-01T00:00:00,美国,Android,Brighten,12.32258064516129,7.32258064516129,Organic
2026-03-01T00:00:00,墨西哥,iOS,Bokeh,5.161290322580645,1.4516129032258065,Organic
2026-07-01T00:00:00,英国,Android,Skin Tone,9.193548387096774,6.161290322580645,Organic
2026-07-01T00:00:00,巴西,Android,Adjust,156.16129032258064,88.0,Organic
2026-04-01T00:00:00,美国,Android,Effects,24.666666666666668,2.1,Organic
2026-06-01T00:00:00,巴西,Android,Stamp,18.37037037037037,3.259259259259259,Organic
2026-03-01T00:00:00,巴西,iOS,Muscle,135.48387096774192,40.67741935483871,Organic
2026-03-01T00:00:00,墨西哥,iOS,Hair,28.903225806451612,7.548387096774194,Organic
2026-03-01T00:00:00,墨西哥,iOS,Eye Brighten,5.193548387096774,3.3548387096774195,Organic
2026-01-01T00:00:00,美国,Android,Reshape,21.322580645161292,12.096774193548388,Organic
2026-04-01T00:00:00,墨西哥,Android,Face Fix,10.4,2.566666666666667,Organic
2026-03-01T00:00:00,美国,Android,Face,65.29032258064517,32.225806451612904,Organic
2026-04-01T00:00:00,英国,Android,Stamp,1.9333333333333333,0.26666666666666666,Organic
2026-02-01T00:00:00,英国,iOS,Effects,44.214285714285715,0.6785714285714286,Organic
2026-08-01T00:00:00,美国,Android,Filters,73.16666666666667,25.333333333333332,Organic
2026-05-01T00:00:00,巴西,Android,Effects,99.41935483870968,4.161290322580645,Organic
2026-07-01T00:00:00,美国,Android,Makeup,90.7741935483871,38.16129032258065,Organic
2026-01-01T00:00:00,墨西哥,Android,Contour,3.6129032258064515,1.6451612903225807,Organic
2026-04-01T00:00:00,墨西哥,iOS,Smooth,38.733333333333334,29.066666666666666,Organic
2026-01-01T00:00:00,美国,iOS,Face Fix,178.09677419354838,28.419354838709676,Organic
2026-02-01T00:00:00,墨西哥,Android,Skin Tone,6.607142857142857,4.214285714285714,Organic
2026-02-01T00:00:00,巴西,Android,Matte,23.5,9.357142857142858,Organic
2026-06-01T00:00:00,墨西哥,iOS,Face Fix,7.925925925925926,1.2592592592592593,Organic
2026-07-01T00:00:00,英国,iOS,Expression,31.612903225806452,6.709677419354839,Organic
2026-01-01T00:00:00,美国,Android,Preset,17.161290322580644,2.806451612903226,Organic
2026-07-01T00:00:00,英国,Android,Body,9.258064516129032,6.354838709677419,Organic
2026-03-01T00:00:00,美国,Android,Effects,22.903225806451612,1.7741935483870968,Organic
2026-05-01T00:00:00,英国,iOS,Acne,94.45161290322581,65.19354838709677,Organic
2026-03-01T00:00:00,墨西哥,Android,Magic,48.903225806451616,21.193548387096776,Organic
2026-07-01T00:00:00,巴西,iOS,Clean Skin,210.95454545454547,143.72727272727272,Organic
2026-03-01T00:00:00,美国,iOS,Matte,65.61290322580645,35.67741935483871,Organic
2026-07-01T00:00:00,英国,iOS,Crop,34.70967741935484,24.774193548387096,Organic
2026-07-01T00:00:00,英国,Android,Effects,6.096774193548387,0.1935483870967742,Organic
2026-03-01T00:00:00,英国,iOS,Acne,81.41935483870968,59.16129032258065,Organic
2026-06-01T00:00:00,巴西,iOS,Skin Tone,257.7037037037037,153.40740740740742,Organic
2026-03-01T00:00:00,墨西哥,Android,Face Fix,8.193548387096774,1.7096774193548387,Organic
2026-08-01T00:00:00,英国,iOS,Glitter,26.0,4.333333333333333,Organic
2026-01-01T00:00:00,墨西哥,Android,Reshape,23.967741935483872,12.451612903225806,Organic
2026-05-01T00:00:00,墨西哥,iOS,Eraser,25.387096774193548,13.0,Organic
2026-02-01T00:00:00,英国,iOS,Teeth,53.214285714285715,0.0,Organic
2026-08-01T00:00:00,墨西哥,Android,AI Retouch,22.166666666666668,8.666666666666666,Organic
2026-08-01T00:00:00,美国,Android,Eye Brighten,8.0,4.833333333333333,Organic
2026-03-01T00:00:00,英国,iOS,Brighten,46.193548387096776,23.774193548387096,Organic
2026-08-01T00:00:00,英国,iOS,Filters,341.8333333333333,95.33333333333333,Organic
2026-02-01T00:00:00,巴西,iOS,Blur,269.7857142857143,182.71428571428572,Organic
2026-03-01T00:00:00,墨西哥,iOS,Details,6.612903225806452,1.935483870967742,Organic
2026-07-01T00:00:00,英国,Android,Background,5.096774193548387,0.8064516129032258,Organic
2026-04-01T00:00:00,巴西,iOS,Muscle,141.56666666666666,39.666666666666664,Organic
2026-07-01T00:00:00,英国,iOS,AI Image,56.96774193548387,8.612903225806452,Organic
2026-01-01T00:00:00,巴西,iOS,Brighten,221.83870967741936,118.41935483870968,Organic
2026-06-01T00:00:00,英国,Android,Eye Brighten,2.5555555555555554,1.7777777777777777,Organic
2026-04-01T00:00:00,美国,iOS,Crop,110.16666666666667,82.8,Organic
2026-06-01T00:00:00,美国,iOS,Dark Circles,127.18518518518519,86.51851851851852,Organic
2026-07-01T00:00:00,墨西哥,iOS,Face Fix,12.741935483870968,1.935483870967742,Organic
2026-01-01T00:00:00,墨西哥,iOS,AI Repair,10.96774193548387,4.419354838709677,Organic
2026-07-01T00:00:00,墨西哥,Android,Prism,2.6129032258064515,0.6451612903225806,Organic
2026-05-01T00:00:00,美国,iOS,Smooth,614.741935483871,454.83870967741933,Organic
2026-02-01T00:00:00,英国,iOS,Body,60.535714285714285,39.17857142857143,Organic
2026-06-01T00:00:00,墨西哥,iOS,AI Expand,3.3333333333333335,1.2962962962962963,Organic
2026-03-01T00:00:00,美国,iOS,Preset,134.96774193548387,11.580645161290322,Organic
2026-01-01T00:00:00,巴西,Android,Expression,92.41935483870968,28.838709677419356,Organic
2026-07-01T00:00:00,墨西哥,Android,Matte,2.5806451612903225,1.2580645161290323,Organic
2026-04-01T00:00:00,巴西,iOS,Crop,293.5,213.66666666666666,Organic
2026-04-01T00:00:00,英国,iOS,Body,67.1,41.766666666666666,Organic
2026-05-01T00:00:00,巴西,Android,AI Replace,25.225806451612904,11.516129032258064,Organic
2026-01-01T00:00:00,巴西,iOS,AI Expand,134.48387096774192,53.54838709677419,Organic
2026-01-01T00:00:00,墨西哥,iOS,Text,2.806451612903226,0.2903225806451613,Organic
2026-08-01T00:00:00,美国,Android,Teeth,15.666666666666666,8.333333333333334,Organic
2026-08-01T00:00:00,墨西哥,Android,Background,8.0,0.5,Organic
2026-02-01T00:00:00,英国,Android,Text,1.5714285714285714,0.17857142857142858,Organic
2026-02-01T00:00:00,英国,Android,Face Fix,5.857142857142857,1.2142857142857142,Organic
2026-03-01T00:00:00,墨西哥,Android,AI Replace,4.709677419354839,2.3548387096774195,Organic
2026-04-01T00:00:00,墨西哥,iOS,Matte,5.566666666666666,2.7333333333333334,Organic
2026-03-01T00:00:00,美国,iOS,Eye Brighten,89.0,58.29032258064516,Organic
2026-05-01T00:00:00,美国,iOS,Filters,921.2258064516129,282.4516129032258,Organic
2026-01-01T00:00:00,巴西,iOS,Concealer,318.7741935483871,143.41935483870967,Organic
2026-05-01T00:00:00,巴西,iOS,Mykit,79.80645161290323,0.0,Organic
2026-02-01T00:00:00,英国,iOS,Filters,166.67857142857142,27.964285714285715,Organic
2026-01-01T00:00:00,墨西哥,Android,Bokeh,7.709677419354839,2.3548387096774195,Organic
2026-06-01T00:00:00,美国,iOS,AI Tattoo,75.81481481481481,11.592592592592593,Organic
2026-07-01T00:00:00,美国,Android,AI Image,45.54838709677419,7.67741935483871,Organic
2026-04-01T00:00:00,巴西,Android,Filters,459.23333333333335,169.23333333333332,Organic
2026-02-01T00:00:00,巴西,Android,Details,23.285714285714285,9.178571428571429,Organic
2026-05-01T00:00:00,巴西,iOS,Reshape,943.1290322580645,757.0322580645161,Organic
2026-03-01T00:00:00,巴西,Android,Skin Tone,84.54838709677419,50.935483870967744,Organic
2026-06-01T00:00:00,巴西,iOS,Hair,699.6296296296297,167.2962962962963,Organic
2026-07-01T00:00:00,巴西,Android,AI Repair,76.6774193548387,32.25806451612903,Organic
2026-05-01T00:00:00,墨西哥,Android,AI Repair,18.612903225806452,10.096774193548388,Organic
2026-06-01T00:00:00,英国,Android,Eraser,8.148148148148149,4.851851851851852,Organic
2026-06-01T00:00:00,巴西,iOS,Resize,273.4074074074074,142.5185185185185,Organic
2026-04-01T00:00:00,美国,Android,Dark Circles,11.4,7.7,Organic
2026-08-01T00:00:00,墨西哥,Android,Relight,32.333333333333336,13.833333333333334,Organic
2026-04-01T00:00:00,巴西,Android,Skin Tone,92.76666666666667,56.2,Organic
2026-02-01T00:00:00,英国,iOS,Resize,46.25,21.035714285714285,Organic
2026-02-01T00:00:00,墨西哥,iOS,Prism,2.4285714285714284,0.5,Organic
2026-02-01T00:00:00,美国,Android,Filters,58.25,19.75,Organic
2026-02-01T00:00:00,墨西哥,iOS,Crop,12.285714285714286,9.071428571428571,Organic
2026-07-01T00:00:00,墨西哥,Android,AI Image,16.096774193548388,2.5161290322580645,Organic
2026-04-01T00:00:00,英国,iOS,AI Expand,13.633333333333333,4.333333333333333,Organic
2026-08-01T00:00:00,美国,Android,Glitter,8.5,1.6666666666666667,Organic
2026-04-01T00:00:00,巴西,iOS,AI Repair,195.73333333333332,71.53333333333333,Organic
2026-03-01T00:00:00,英国,Android,Expression,6.193548387096774,1.5483870967741935,Organic
2026-06-01T00:00:00,墨西哥,iOS,Acne,20.925925925925927,14.814814814814815,Organic
2026-03-01T00:00:00,英国,Android,Makeup,22.322580645161292,11.096774193548388,Organic
2026-05-01T00:00:00,美国,iOS,Resize,195.8709677419355,83.29032258064517,Organic
2026-07-01T00:00:00,巴西,iOS,Eye Brighten,93.41935483870968,68.48387096774194,Organic
2026-03-01T00:00:00,墨西哥,iOS,Preset,10.35483870967742,0.9032258064516129,Organic
2026-01-01T00:00:00,巴西,iOS,Plump,385.7741935483871,128.16129032258064,Organic
2026-06-01T00:00:00,巴西,iOS,Relight,797.5925925925926,380.14814814814815,Organic
2026-08-01T00:00:00,英国,iOS,Clean Skin,64.5,40.0,Organic
2026-04-01T00:00:00,巴西,iOS,Expression,163.56666666666666,31.866666666666667,Organic
2026-04-01T00:00:00,巴西,iOS,Prism,47.333333333333336,15.7,Organic
2026-05-01T00:00:00,美国,Android,Acne,21.93548387096774,16.0,Organic
2026-01-01T00:00:00,巴西,iOS,Face,1463.8064516129032,585.1290322580645,Organic
2026-04-01T00:00:00,墨西哥,iOS,Reshape,47.13333333333333,28.233333333333334,Organic
2026-06-01T00:00:00,巴西,Android,Acne,102.62962962962963,77.07407407407408,Organic
2026-08-01T00:00:00,墨西哥,iOS,Muscle,11.5,2.0,Organic
2026-08-01T00:00:00,英国,iOS,Eye Brighten,25.833333333333332,16.0,Organic
2026-08-01T00:00:00,英国,iOS,Smooth,172.66666666666666,120.0,Organic
2026-05-01T00:00:00,巴西,Android,Brighten,45.54838709677419,22.967741935483872,Organic
2026-08-01T00:00:00,巴西,iOS,Acne,540.8333333333334,432.8333333333333,Organic
2026-01-01T00:00:00,美国,iOS,Text,32.25806451612903,3.967741935483871,Organic
2026-06-01T00:00:00,巴西,iOS,Teeth,333.25925925925924,61.629629629629626,Organic
2026-03-01T00:00:00,英国,Android,Crop,8.064516129032258,6.580645161290323,Organic
2026-06-01T00:00:00,墨西哥,iOS,Dark Circles,9.851851851851851,6.444444444444445,Organic
2026-03-01T00:00:00,巴西,Android,Body,115.96774193548387,70.93548387096774,Organic
2026-06-01T00:00:00,巴西,Android,Text,18.74074074074074,2.6296296296296298,Organic
2026-08-01T00:00:00,美国,iOS,Text,36.0,3.5,Organic
2026-01-01T00:00:00,英国,iOS,Matte,18.870967741935484,9.258064516129032,Organic
2026-08-01T00:00:00,墨西哥,Android,Body,14.333333333333334,8.0,Organic
2026-07-01T00:00:00,美国,iOS,AI Tattoo,77.35483870967742,11.193548387096774,Organic
2026-04-01T00:00:00,墨西哥,iOS,Glowup,23.4,4.1,Organic
2026-02-01T00:00:00,英国,Android,Acne,8.642857142857142,6.035714285714286,Organic
2026-07-01T00:00:00,巴西,iOS,Eraser,557.1612903225806,294.4193548387097,Organic
2026-08-01T00:00:00,美国,iOS,AI Repair,179.5,59.833333333333336,Organic
2026-03-01T00:00:00,墨西哥,Android,Concealer,9.516129032258064,3.096774193548387,Organic
2026-06-01T00:00:00,英国,Android,Relight,12.148148148148149,6.296296296296297,Organic
2026-07-01T00:00:00,巴西,iOS,AI Retouch,873.1935483870968,339.80645161290323,Organic
2026-06-01T00:00:00,巴西,iOS,Filters,1628.037037037037,606.4074074074074,Organic
2026-03-01T00:00:00,墨西哥,iOS,Reshape,39.806451612903224,26.483870967741936,Organic
2026-07-01T00:00:00,巴西,iOS,Body,483.64516129032256,320.0,Organic
2026-05-01T00:00:00,墨西哥,iOS,Filters,61.516129032258064,16.516129032258064,Organic
2026-03-01T00:00:00,英国,iOS,AI Replace,12.064516129032258,5.67741935483871,Organic
2026-03-01T00:00:00,美国,iOS,Filters,571.3548387096774,129.3548387096774,Organic
2026-06-01T00:00:00,英国,Android,Brighten,4.7407407407407405,2.7777777777777777,Organic
2026-01-01T00:00:00,墨西哥,Android,Skin Tone,14.419354838709678,9.387096774193548,Organic
2026-05-01T00:00:00,巴西,Android,Dark Circles,50.483870967741936,36.064516129032256,Organic
2026-04-01T00:00:00,英国,Android,Makeup,20.566666666666666,9.933333333333334,Organic
2026-02-01T00:00:00,墨西哥,iOS,AI Image,18.0,1.6785714285714286,Organic
2026-01-01T00:00:00,美国,Android,Prism,3.7096774193548385,1.5483870967741935,Organic
2026-01-01T00:00:00,墨西哥,Android,Matte,4.032258064516129,1.8387096774193548,Organic
2026-01-01T00:00:00,美国,Android,Bokeh,5.935483870967742,2.5483870967741935,Organic
2026-07-01T00:00:00,巴西,iOS,Brighten,116.16129032258064,61.96774193548387,Organic
2026-03-01T00:00:00,墨西哥,iOS,Skin Tone,22.516129032258064,15.709677419354838,Organic
2026-03-01T00:00:00,英国,Android,Adjust,10.548387096774194,3.967741935483871,Organic
2026-05-01T00:00:00,美国,iOS,Relight,584.3225806451613,245.8709677419355,Organic
2026-04-01T00:00:00,美国,iOS,AI Image,164.93333333333334,14.6,Organic
2026-07-01T00:00:00,美国,Android,Prism,6.967741935483871,2.3870967741935485,Organic
2026-05-01T00:00:00,巴西,iOS,Makeup,716.2258064516129,358.64516129032256,Organic
2026-03-01T00:00:00,美国,iOS,Smooth,483.7741935483871,374.0,Organic
2026-02-01T00:00:00,巴西,iOS,Face,1173.392857142857,476.7857142857143,Organic
2026-02-01T00:00:00,美国,Android,Eye Brighten,8.428571428571429,6.107142857142857,Organic
2026-02-01T00:00:00,英国,iOS,Skin Tone,93.89285714285714,65.57142857142857,Organic
2026-02-01T00:00:00,巴西,Android,Smooth,149.39285714285714,108.46428571428571,Organic
2026-08-01T00:00:00,巴西,Android,Makeup,161.16666666666666,88.66666666666667,Organic
2026-08-01T00:00:00,巴西,iOS,AI Tattoo,83.16666666666667,11.833333333333334,Organic
2026-08-01T00:00:00,英国,Android,AI Tattoo,1.3333333333333333,0.0,Organic
2026-08-01T00:00:00,巴西,Android,Prism,15.666666666666666,6.166666666666667,Organic
2026-05-01T00:00:00,巴西,Android,Eraser,169.38709677419354,95.70967741935483,Organic
2026-05-01T00:00:00,巴西,iOS,Prism,45.0,15.03225806451613,Organic
2026-01-01T00:00:00,墨西哥,iOS,Blur,11.838709677419354,7.741935483870968,Organic
2026-06-01T00:00:00,巴西,iOS,Glitter,83.03703703703704,10.333333333333334,Organic
2026-08-01T00:00:00,墨西哥,Android,Clean Skin,4.333333333333333,2.0,Organic
2026-04-01T00:00:00,英国,iOS,Dark Circles,35.833333333333336,25.5,Organic
2026-08-01T00:00:00,巴西,Android,Crop,102.83333333333333,86.16666666666667,Organic
2026-08-01T00:00:00,美国,Android,Preset,12.666666666666666,2.0,Organic
2026-03-01T00:00:00,英国,Android,Prism,1.2258064516129032,0.45161290322580644,Organic
2026-01-01T00:00:00,美国,Android,Smooth,30.838709677419356,23.774193548387096,Organic
2026-01-01T00:00:00,墨西哥,Android,Mykit,9.419354838709678,0.0,Organic
2026-08-01T00:00:00,美国,Android,Flawless,0.0,0.0,Organic
2026-05-01T00:00:00,美国,iOS,Skin Tone,343.5483870967742,215.67741935483872,Organic
2026-03-01T00:00:00,墨西哥,Android,Face,44.03225806451613,18.838709677419356,Organic
2026-06-01T00:00:00,美国,iOS,Face Fix,198.74074074074073,29.296296296296298,Organic
2026-06-01T00:00:00,墨西哥,Android,Bokeh,5.444444444444445,1.8148148148148149,Organic
2026-08-01T00:00:00,美国,iOS,Adjust,261.6666666666667,106.5,Organic
2026-03-01T00:00:00,英国,iOS,Magic,207.19354838709677,108.96774193548387,Organic
2026-03-01T00:00:00,墨西哥,Android,AI Tattoo,5.774193548387097,1.1935483870967742,Organic
2026-04-01T00:00:00,墨西哥,Android,Blur,10.666666666666666,6.7,Organic
2026-04-01T00:00:00,巴西,Android,Eraser,218.06666666666666,114.96666666666667,Organic
2026-03-01T00:00:00,巴西,Android,AI Retouch,338.3225806451613,153.61290322580646,Organic
2026-03-01T00:00:00,美国,Android,AI Tattoo,6.32258064516129,1.3225806451612903,Organic
2026-02-01T00:00:00,巴西,Android,Relight,148.92857142857142,71.46428571428571,Organic
2026-02-01T00:00:00,巴西,Android,Reshape,204.67857142857142,138.75,Organic
2026-02-01T00:00:00,巴西,Android,Hair,314.67857142857144,113.28571428571429,Organic
2026-07-01T00:00:00,墨西哥,Android,Mykit,6.290322580645161,0.0,Organic
2026-07-01T00:00:00,墨西哥,Android,Bokeh,4.129032258064516,1.1290322580645162,Organic
2026-07-01T00:00:00,巴西,iOS,Flawless,0.0,0.0,Organic
2026-07-01T00:00:00,美国,iOS,AI Replace,42.0,19.516129032258064,Organic
2026-01-01T00:00:00,巴西,Android,Stamp,33.483870967741936,7.161290322580645,Organic
2026-06-01T00:00:00,墨西哥,Android,Makeup,25.25925925925926,14.074074074074074,Organic
2026-03-01T00:00:00,墨西哥,iOS,Glowup,17.516129032258064,3.7096774193548385,Organic
2026-05-01T00:00:00,巴西,Android,AI Expand,30.161290322580644,13.806451612903226,Organic
2026-03-01T00:00:00,墨西哥,Android,Blur,7.129032258064516,4.129032258064516,Organic
2026-01-01T00:00:00,美国,Android,Crop,18.483870967741936,15.806451612903226,Organic
2026-06-01T00:00:00,英国,Android,AI Retouch,22.0,8.148148148148149,Organic
2026-02-01T00:00:00,美国,iOS,Muscle,56.67857142857143,15.642857142857142,Organic
2026-02-01T00:00:00,美国,iOS,Makeup,411.92857142857144,177.89285714285714,Organic
2026-03-01T00:00:00,巴西,Android,Flawless,0.0,0.0,Organic
2026-03-01T00:00:00,墨西哥,iOS,Relight,20.741935483870968,9.096774193548388,Organic
2026-08-01T00:00:00,美国,Android,Hair,31.333333333333332,14.0,Organic
2026-06-01T00:00:00,巴西,iOS,Background,234.37037037037038,13.074074074074074,Organic
2026-03-01T00:00:00,美国,Android,Face Fix,17.096774193548388,4.0,Organic
2026-08-01T00:00:00,墨西哥,Android,Resize,4.833333333333333,2.1666666666666665,Organic
2026-08-01T00:00:00,墨西哥,iOS,Stamp,10.0,2.3333333333333335,Organic
2026-08-01T00:00:00,美国,iOS,Muscle,92.16666666666667,24.0,Organic
2026-08-01T00:00:00,巴西,iOS,Dark Circles,184.83333333333334,159.5,Organic
2026-08-01T00:00:00,英国,iOS,Details,23.5,7.5,Organic
2026-07-01T00:00:00,巴西,Android,Text,18.387096774193548,2.2580645161290325,Organic
2026-02-01T00:00:00,美国,Android,Background,16.214285714285715,3.7857142857142856,Organic
2026-05-01T00:00:00,英国,Android,Matte,1.4838709677419355,0.7096774193548387,Organic
2026-05-01T00:00:00,巴西,iOS,AI Image,314.83870967741933,61.74193548387097,Organic
2026-04-01T00:00:00,墨西哥,iOS,Hair,71.26666666666667,13.033333333333333,Organic
2026-04-01T00:00:00,英国,Android,Crop,8.5,6.766666666666667,Organic
2026-03-01T00:00:00,巴西,Android,Resize,67.25806451612904,34.32258064516129,Organic
2026-01-01T00:00:00,英国,Android,Acne,7.709677419354839,5.967741935483871,Organic
2026-04-01T00:00:00,美国,iOS,Reshape,426.2,266.4,Organic
2026-08-01T00:00:00,英国,iOS,Relight,288.3333333333333,154.16666666666666,Organic
2026-03-01T00:00:00,巴西,Android,Relight,191.6451612903226,91.83870967741936,Organic
2026-05-01T00:00:00,墨西哥,iOS,Glitter,5.548387096774194,0.7741935483870968,Organic
2026-08-01T00:00:00,英国,iOS,Resize,50.166666666666664,20.0,Organic
2026-06-01T00:00:00,墨西哥,iOS,Blur,8.222222222222221,4.407407407407407,Organic
2026-01-01T00:00:00,美国,Android,Mykit,11.838709677419354,0.0,Organic
2026-01-01T00:00:00,墨西哥,Android,Flawless,0.0,0.0,Organic
2026-07-01T00:00:00,墨西哥,iOS,Dark Circles,12.096774193548388,8.193548387096774,Organic
2026-02-01T00:00:00,巴西,Android,Glitter,38.142857142857146,8.25,Organic
2026-03-01T00:00:00,美国,Android,Concealer,13.709677419354838,6.67741935483871,Organic
2026-04-01T00:00:00,英国,Android,Prism,1.6666666666666667,0.5666666666666667,Organic
2026-08-01T00:00:00,墨西哥,Android,Glitter,5.166666666666667,0.6666666666666666,Organic
2026-05-01T00:00:00,墨西哥,iOS,Effects,17.258064516129032,0.0967741935483871,Organic
2026-08-01T00:00:00,美国,Android,Relight,52.0,28.333333333333332,Organic
2026-08-01T00:00:00,巴西,iOS,Face,1194.5,476.1666666666667,Organic
2026-08-01T00:00:00,美国,iOS,Whiten,0.0,0.0,Organic
2026-03-01T00:00:00,墨西哥,iOS,Flawless,0.0,0.0,Organic
2026-05-01T00:00:00,英国,Android,Details,2.129032258064516,1.1290322580645162,Organic
2026-06-01T00:00:00,墨西哥,iOS,AI Tattoo,3.888888888888889,0.5185185185185185,Organic
2026-01-01T00:00:00,英国,iOS,Bokeh,10.290322580645162,2.6774193548387095,Organic
2026-06-01T00:00:00,巴西,Android,Expression,44.666666666666664,10.481481481481481,Organic
2026-04-01T00:00:00,美国,iOS,Matte,74.2,39.53333333333333,Organic
2026-01-01T00:00:00,英国,Android,Dark Circles,4.193548387096774,2.806451612903226,Organic
2026-05-01T00:00:00,墨西哥,Android,Acne,11.838709677419354,8.35483870967742,Organic
2026-03-01T00:00:00,墨西哥,Android,Acne,9.129032258064516,4.967741935483871,Organic
2026-07-01T00:00:00,美国,iOS,Magic,904.5483870967741,426.2258064516129,Organic
2026-05-01T00:00:00,美国,iOS,Glitter,79.03225806451613,13.0,Organic
2026-02-01T00:00:00,巴西,Android,Mykit,44.42857142857143,0.0,Organic
2026-04-01T00:00:00,巴西,Android,AI Retouch,373.6666666666667,144.3,Organic
2026-01-01T00:00:00,墨西哥,Android,Glowup,13.806451612903226,2.967741935483871,Organic
2026-06-01T00:00:00,墨西哥,Android,AI Image,16.814814814814813,3.037037037037037,Organic
2026-04-01T00:00:00,巴西,iOS,Stamp,50.0,10.2,Organic
2026-02-01T00:00:00,美国,Android,Effects,19.892857142857142,1.3928571428571428,Organic
2026-08-01T00:00:00,英国,iOS,Teeth,68.0,46.0,Organic
2026-04-01T00:00:00,美国,iOS,Details,91.7,30.333333333333332,Organic
2026-07-01T00:00:00,英国,iOS,Matte,18.516129032258064,10.193548387096774,Organic
2026-02-01T00:00:00,美国,iOS,Stamp,26.392857142857142,6.25,Organic
2026-04-01T00:00:00,美国,Android,AI Replace,10.233333333333333,5.3,Organic
2026-05-01T00:00:00,巴西,iOS,Matte,63.61290322580645,29.806451612903224,Organic
2026-03-01T00:00:00,墨西哥,iOS,Smooth,37.935483870967744,29.838709677419356,Organic
2026-03-01T00:00:00,美国,Android,AI Replace,9.870967741935484,4.935483870967742,Organic
2026-04-01T00:00:00,美国,Android,AI Expand,10.5,4.7,Organic
2026-03-01T00:00:00,美国,iOS,Bokeh,35.064516129032256,7.870967741935484,Organic
2026-07-01T00:00:00,美国,iOS,Blur,145.03225806451613,82.2258064516129,Organic
2026-04-01T00:00:00,巴西,Android,Flawless,0.0,0.0,Organic
2026-07-01T00:00:00,英国,iOS,Prism,6.967741935483871,1.4193548387096775,Organic
2026-06-01T00:00:00,美国,iOS,Plump,143.1851851851852,41.7037037037037,Organic
2026-06-01T00:00:00,美国,iOS,Brighten,183.8148148148148,93.22222222222223,Organic
2026-02-01T00:00:00,墨西哥,iOS,Makeup,34.785714285714285,19.464285714285715,Organic
2026-04-01T00:00:00,英国,iOS,AI Replace,12.766666666666667,4.9,Organic
2026-06-01T00:00:00,巴西,iOS,AI Retouch,1019.1111111111111,411.0740740740741,Organic
2026-06-01T00:00:00,英国,iOS,Whiten,0.0,0.0,Organic
2026-07-01T00:00:00,巴西,Android,Expression,43.83870967741935,11.03225806451613,Organic
2026-03-01T00:00:00,墨西哥,iOS,Contour,4.32258064516129,1.8387096774193548,Organic
2026-08-01T00:00:00,巴西,Android,Preset,40.833333333333336,1.5,Organic
2026-01-01T00:00:00,英国,Android,Eraser,7.612903225806452,4.096774193548387,Organic
2026-04-01T00:00:00,英国,Android,Muscle,3.033333333333333,1.2666666666666666,Organic
2026-08-01T00:00:00,墨西哥,Android,Teeth,4.333333333333333,0.6666666666666666,Organic
2026-08-01T00:00:00,英国,Android,Dark Circles,3.0,2.6666666666666665,Organic
2026-06-01T00:00:00,墨西哥,iOS,Magic,49.666666666666664,25.48148148148148,Organic
2026-05-01T00:00:00,美国,Android,Face,75.90322580645162,34.16129032258065,Organic
2026-02-01T00:00:00,墨西哥,Android,Background,7.535714285714286,0.8571428571428571,Organic
2026-04-01T00:00:00,英国,iOS,Effects,60.46666666666667,0.7666666666666667,Organic
2026-01-01T00:00:00,巴西,iOS,AI Replace,63.354838709677416,22.677419354838708,Organic
2026-05-01T00:00:00,美国,Android,Blur,12.03225806451613,6.774193548387097,Organic
2026-05-01T00:00:00,英国,iOS,Concealer,63.74193548387097,28.548387096774192,Organic
2026-08-01T00:00:00,墨西哥,Android,Filters,49.0,17.333333333333332,Organic
2026-05-01T00:00:00,美国,iOS,Teeth,295.2903225806452,0.0,Organic
2026-07-01T00:00:00,墨西哥,iOS,AI Replace,3.2903225806451615,1.064516129032258,Organic
2026-07-01T00:00:00,巴西,Android,Whiten,0.0,0.0,Organic
2026-04-01T00:00:00,美国,iOS,Teeth,243.56666666666666,0.0,Organic
2026-04-01T00:00:00,巴西,iOS,Whiten,0.0,0.0,Organic
2026-01-01T00:00:00,英国,Android,Brighten,4.32258064516129,2.4838709677419355,Organic
2026-05-01T00:00:00,美国,iOS,Glowup,336.80645161290323,105.09677419354838,Organic
2026-01-01T00:00:00,墨西哥,Android,Preset,12.451612903225806,0.967741935483871,Organic
2026-02-01T00:00:00,美国,Android,Body,15.035714285714286,9.071428571428571,Organic
2026-04-01T00:00:00,美国,iOS,Prism,20.033333333333335,5.166666666666667,Organic
2026-06-01T00:00:00,美国,iOS,Face,975.8148148148148,443.037037037037,Organic
2026-03-01T00:00:00,美国,iOS,Mykit,71.25806451612904,0.0,Organic
2026-05-01T00:00:00,墨西哥,iOS,Skin Tone,20.387096774193548,14.32258064516129,Organic
2026-04-01T00:00:00,美国,Android,AI Tattoo,6.733333333333333,1.6666666666666667,Organic
2026-06-01T00:00:00,墨西哥,iOS,Face,58.18518518518518,29.51851851851852,Organic
2026-07-01T00:00:00,墨西哥,iOS,Blur,13.35483870967742,6.870967741935484,Organic
2026-01-01T00:00:00,墨西哥,Android,Eye Brighten,4.32258064516129,2.4193548387096775,Organic
2026-08-01T00:00:00,美国,Android,Contour,5.0,2.6666666666666665,Organic
2026-08-01T00:00:00,英国,iOS,Flawless,0.0,0.0,Organic
2026-06-01T00:00:00,巴西,iOS,Flawless,0.0,0.0,Organic
2026-06-01T00:00:00,美国,iOS,AI Replace,44.55555555555556,18.666666666666668,Organic
2026-05-01T00:00:00,巴西,iOS,Crop,276.19354838709677,203.29032258064515,Organic
2026-03-01T00:00:00,美国,iOS,Details,84.19354838709677,27.903225806451612,Organic
2026-05-01T00:00:00,英国,iOS,Blur,44.483870967741936,26.451612903225808,Organic
2026-05-01T00:00:00,英国,Android,Preset,5.580645161290323,0.41935483870967744,Organic
2026-01-01T00:00:00,美国,Android,Matte,5.870967741935484,2.935483870967742,Organic
2026-03-01T00:00:00,巴西,Android,Eye Brighten,29.096774193548388,17.870967741935484,Organic
2026-08-01T00:00:00,英国,Android,Acne,7.333333333333333,5.333333333333333,Organic
2026-06-01T00:00:00,美国,iOS,Concealer,213.74074074074073,92.33333333333333,Organic
2026-05-01T00:00:00,墨西哥,iOS,AI Retouch,43.774193548387096,16.612903225806452,Organic
2026-07-01T00:00:00,英国,iOS,Makeup,152.03225806451613,60.83870967741935,Organic
2026-01-01T00:00:00,英国,iOS,AI Image,46.03225806451613,4.67741935483871,Organic
2026-04-01T00:00:00,美国,iOS,Bokeh,37.96666666666667,8.333333333333334,Organic
2026-02-01T00:00:00,美国,Android,Glitter,8.357142857142858,1.9285714285714286,Organic
2026-02-01T00:00:00,墨西哥,Android,Effects,9.035714285714286,0.5,Organic
2026-01-01T00:00:00,墨西哥,iOS,Whiten,0.0,0.0,Organic
2026-01-01T00:00:00,美国,iOS,AI Repair,95.12903225806451,34.645161290322584,Organic
2026-01-01T00:00:00,墨西哥,Android,Smooth,17.161290322580644,11.0,Organic
2026-06-01T00:00:00,美国,iOS,AI Expand,37.7037037037037,12.962962962962964,Organic
2026-04-01T00:00:00,巴西,Android,Glitter,39.8,7.366666666666666,Organic
2026-07-01T00:00:00,美国,iOS,Face,1054.8387096774193,482.61290322580646,Organic
2026-08-01T00:00:00,墨西哥,Android,Flawless,0.0,0.0,Organic
2026-08-01T00:00:00,美国,iOS,Stamp,31.166666666666668,7.5,Organic
2026-08-01T00:00:00,巴西,iOS,Blur,256.6666666666667,171.16666666666666,Organic
2026-08-01T00:00:00,墨西哥,Android,Skin Tone,6.666666666666667,4.666666666666667,Organic
2026-01-01T00:00:00,墨西哥,Android,Details,3.870967741935484,1.903225806451613,Organic
2026-04-01T00:00:00,美国,iOS,Makeup,433.7,183.23333333333332,Organic
2026-07-01T00:00:00,墨西哥,iOS,Acne,24.29032258064516,15.838709677419354,Organic
2026-08-01T00:00:00,巴西,Android,AI Image,78.33333333333333,14.833333333333334,Organic
2026-05-01T00:00:00,墨西哥,Android,Muscle,9.258064516129032,3.2903225806451615,Organic
2026-08-01T00:00:00,英国,Android,Concealer,2.5,1.5,Organic
2026-06-01T00:00:00,墨西哥,iOS,Matte,5.074074074074074,2.8518518518518516,Organic
2026-08-01T00:00:00,墨西哥,iOS,Brighten,10.166666666666666,4.5,Organic
2026-05-01T00:00:00,巴西,Android,Magic,335.83870967741933,180.61290322580646,Organic
2026-06-01T00:00:00,巴西,iOS,AI Repair,259.55555555555554,99.22222222222223,Organic
2026-06-01T00:00:00,巴西,iOS,Prism,51.148148148148145,19.11111111111111,Organic
2026-06-01T00:00:00,美国,Android,Dark Circles,11.777777777777779,7.7407407407407405,Organic
2026-06-01T00:00:00,美国,Android,Effects,26.0,2.0,Organic
2026-03-01T00:00:00,巴西,Android,Filters,395.258064516129,133.0,Organic
2026-03-01T00:00:00,巴西,iOS,Reshape,1011.9677419354839,813.3870967741935,Organic
2026-06-01T00:00:00,英国,Android,Adjust,7.777777777777778,3.888888888888889,Organic
2026-03-01T00:00:00,英国,Android,AI Image,13.483870967741936,0.9032258064516129,Organic
2026-02-01T00:00:00,英国,iOS,Matte,19.607142857142858,8.964285714285714,Organic
2026-03-01T00:00:00,巴西,iOS,Background,180.7741935483871,16.64516129032258,Organic
2026-05-01T00:00:00,美国,iOS,AI Repair,226.67741935483872,71.48387096774194,Organic
2026-07-01T00:00:00,英国,Android,Stamp,1.2903225806451613,0.2903225806451613,Organic
2026-01-01T00:00:00,墨西哥,iOS,AI Retouch,50.32258064516129,20.161290322580644,Organic
2026-01-01T00:00:00,美国,Android,Details,8.580645161290322,3.935483870967742,Organic
2026-06-01T00:00:00,巴西,iOS,Whiten,0.0,0.0,Organic
2026-06-01T00:00:00,英国,Android,Muscle,2.4074074074074074,0.9629629629629629,Organic
2026-08-01T00:00:00,巴西,Android,AI Expand,21.166666666666668,8.833333333333334,Organic
2026-08-01T00:00:00,墨西哥,iOS,Whiten,0.0,0.0,Organic
2026-08-01T00:00:00,美国,iOS,Skin Tone,298.3333333333333,198.83333333333334,Organic
2026-05-01T00:00:00,巴西,Android,Blur,75.64516129032258,49.096774193548384,Organic
2026-01-01T00:00:00,英国,iOS,Glowup,76.35483870967742,25.70967741935484,Organic
2026-02-01T00:00:00,巴西,iOS,Text,34.0,3.4642857142857144,Organic
2026-02-01T00:00:00,美国,Android,Concealer,15.071428571428571,6.964285714285714,Organic
2026-02-01T00:00:00,英国,Android,AI Expand,3.0357142857142856,0.9285714285714286,Organic
2026-05-01T00:00:00,巴西,Android,AI Retouch,301.64516129032256,114.03225806451613,Organic
2026-03-01T00:00:00,巴西,iOS,Matte,68.7741935483871,32.645161290322584,Organic
2026-02-01T00:00:00,墨西哥,iOS,Expression,10.964285714285714,3.142857142857143,Organic
2026-04-01T00:00:00,英国,iOS,Background,42.93333333333333,3.7666666666666666,Organic
2026-08-01T00:00:00,美国,iOS,Bokeh,44.333333333333336,8.0,Organic
2026-01-01T00:00:00,巴西,iOS,Acne,707.5806451612904,558.6129032258065,Organic
2026-01-01T00:00:00,美国,Android,Body,14.483870967741936,8.290322580645162,Organic
2026-01-01T00:00:00,美国,iOS,AI Tattoo,54.38709677419355,8.35483870967742,Organic
2026-06-01T00:00:00,墨西哥,Android,Mykit,6.888888888888889,0.0,Organic
2026-07-01T00:00:00,英国,iOS,Whiten,0.0,0.0,Organic
2026-03-01T00:00:00,美国,iOS,Stamp,26.225806451612904,7.870967741935484,Organic
2026-04-01T00:00:00,墨西哥,Android,Dark Circles,5.933333333333334,2.966666666666667,Organic
2026-03-01T00:00:00,巴西,Android,Glitter,37.225806451612904,8.612903225806452,Organic
2026-02-01T00:00:00,英国,iOS,AI Tattoo,13.714285714285714,2.392857142857143,Organic
2026-07-01T00:00:00,巴西,iOS,Details,51.03225806451613,16.70967741935484,Organic
2026-07-01T00:00:00,墨西哥,Android,Teeth,5.774193548387097,1.8064516129032258,Organic
2026-07-01T00:00:00,英国,Android,Concealer,5.645161290322581,2.7096774193548385,Organic
2026-07-01T00:00:00,巴西,Android,Bokeh,25.774193548387096,8.0,Organic
2026-04-01T00:00:00,巴西,iOS,Contour,78.33333333333333,40.0,Organic
2026-04-01T00:00:00,巴西,Android,Magic,400.3333333333333,209.23333333333332,Organic
2026-04-01T00:00:00,美国,iOS,Text,37.3,3.6666666666666665,Organic
2026-04-01T00:00:00,巴西,iOS,Details,74.36666666666666,23.7,Organic
2026-01-01T00:00:00,墨西哥,Android,AI Replace,8.03225806451613,4.193548387096774,Organic
2026-07-01T00:00:00,美国,iOS,Whiten,0.0,0.0,Organic
2026-04-01T00:00:00,巴西,Android,Face,399.93333333333334,172.2,Organic
2026-06-01T00:00:00,美国,iOS,Resize,171.74074074074073,76.07407407407408,Organic
2026-02-01T00:00:00,美国,Android,AI Tattoo,6.785714285714286,1.7142857142857142,Organic
2026-06-01T00:00:00,墨西哥,iOS,Skin Tone,19.59259259259259,13.444444444444445,Organic
2026-02-01T00:00:00,英国,iOS,Mykit,23.821428571428573,0.0,Organic
2026-03-01T00:00:00,墨西哥,Android,Brighten,6.354838709677419,2.870967741935484,Organic
2026-03-01T00:00:00,墨西哥,iOS,Effects,12.129032258064516,0.22580645161290322,Organic
2026-05-01T00:00:00,美国,Android,Flawless,0.0,0.0,Organic
2026-02-01T00:00:00,巴西,Android,Expression,57.964285714285715,17.714285714285715,Organic
2026-03-01T00:00:00,美国,iOS,Effects,179.6451612903226,4.516129032258065,Organic
2026-01-01T00:00:00,巴西,iOS,Relight,835.3225806451613,395.83870967741933,Organic
2026-01-01T00:00:00,美国,iOS,Plump,169.67741935483872,55.774193548387096,Organic
2026-02-01T00:00:00,美国,Android,Whiten,0.0,0.0,Organic
2026-01-01T00:00:00,墨西哥,Android,Plump,16.967741935483872,6.612903225806452,Organic
2026-04-01T00:00:00,墨西哥,iOS,Face,88.93333333333334,37.166666666666664,Organic
2026-06-01T00:00:00,英国,Android,AI Replace,2.8518518518518516,1.2592592592592593,Organic
2026-07-01T00:00:00,美国,Android,Glowup,28.258064516129032,9.32258064516129,Organic
2026-02-01T00:00:00,墨西哥,Android,Details,2.392857142857143,1.0357142857142858,Organic
2026-06-01T00:00:00,巴西,iOS,Adjust,595.5555555555555,293.18518518518516,Organic
2026-07-01T00:00:00,美国,iOS,Filters,1042.0967741935483,343.2258064516129,Organic
2026-01-01T00:00:00,美国,Android,Expression,10.741935483870968,3.161290322580645,Organic
2026-01-01T00:00:00,墨西哥,Android,Muscle,7.838709677419355,2.5161290322580645,Organic
2026-03-01T00:00:00,巴西,iOS,Acne,641.9032258064516,515.4516129032259,Organic
2026-04-01T00:00:00,墨西哥,Android,Eraser,44.46666666666667,21.833333333333332,Organic
2026-04-01T00:00:00,巴西,Android,AI Tattoo,59.333333333333336,18.333333333333332,Organic
2026-05-01T00:00:00,美国,iOS,Magic,1039.7096774193549,524.1935483870968,Organic
2026-08-01T00:00:00,巴西,iOS,Background,190.83333333333334,13.166666666666666,Organic
2026-08-01T00:00:00,墨西哥,iOS,Blur,21.166666666666668,10.0,Organic
2026-07-01T00:00:00,墨西哥,iOS,Clean Skin,16.863636363636363,10.545454545454545,Organic
2026-03-01T00:00:00,英国,Android,Skin Tone,11.870967741935484,7.903225806451613,Organic
2026-08-01T00:00:00,巴西,Android,Relight,201.33333333333334,90.83333333333333,Organic
2026-06-01T00:00:00,美国,Android,Hair,64.33333333333333,21.037037037037038,Organic
2026-03-01T00:00:00,巴西,Android,Magic,380.48387096774195,204.29032258064515,Organic
2026-08-01T00:00:00,墨西哥,iOS,Hair,53.833333333333336,16.833333333333332,Organic
2026-05-01T00:00:00,英国,Android,Prism,0.8709677419354839,0.2903225806451613,Organic
2026-06-01T00:00:00,英国,Android,Details,2.5555555555555554,0.7407407407407407,Organic
2026-02-01T00:00:00,巴西,Android,Eye Brighten,27.785714285714285,16.285714285714285,Organic
2026-04-01T00:00:00,墨西哥,Android,Whiten,0.0,0.0,Organic
2026-03-01T00:00:00,英国,iOS,Body,55.16129032258065,34.12903225806452,Organic
2026-04-01T00:00:00,巴西,iOS,Dark Circles,240.03333333333333,196.43333333333334,Organic
2026-01-01T00:00:00,美国,iOS,Magic,713.5806451612904,393.83870967741933,Organic
2026-02-01T00:00:00,英国,iOS,Plump,42.75,13.714285714285714,Organic
2026-07-01T00:00:00,英国,Android,Glowup,8.35483870967742,2.7096774193548385,Organic
2026-01-01T00:00:00,英国,Android,Skin Tone,7.838709677419355,5.354838709677419,Organic
2026-06-01T00:00:00,墨西哥,iOS,Teeth,9.407407407407407,1.0740740740740742,Organic
2026-02-01T00:00:00,巴西,Android,Stamp,22.535714285714285,4.607142857142857,Organic
2026-07-01T00:00:00,英国,Android,AI Expand,1.5483870967741935,0.5806451612903226,Organic
2026-05-01T00:00:00,美国,Android,Eraser,30.193548387096776,15.774193548387096,Organic
2026-08-01T00:00:00,墨西哥,iOS,Acne,24.333333333333332,16.166666666666668,Organic
2026-08-01T00:00:00,英国,Android,Filters,25.333333333333332,9.0,Organic
2026-06-01T00:00:00,英国,iOS,Hair,190.92592592592592,46.0,Organic
2026-05-01T00:00:00,英国,iOS,Background,51.516129032258064,4.645161290322581,Organic
2026-05-01T00:00:00,美国,Android,AI Expand,7.548387096774194,3.225806451612903,Organic
2026-01-01T00:00:00,巴西,Android,Eye Brighten,45.83870967741935,26.677419354838708,Organic
2026-05-01T00:00:00,英国,Android,Brighten,4.838709677419355,2.5806451612903225,Organic
2026-08-01T00:00:00,美国,Android,Prism,4.0,1.3333333333333333,Organic
2026-07-01T00:00:00,墨西哥,iOS,AI Retouch,74.96774193548387,27.35483870967742,Organic
2026-02-01T00:00:00,墨西哥,iOS,Eye Brighten,4.535714285714286,3.1785714285714284,Organic
2026-01-01T00:00:00,英国,Android,Hair,14.387096774193548,4.32258064516129,Organic
2026-02-01T00:00:00,巴西,iOS,Brighten,180.25,100.03571428571429,Organic
2026-07-01T00:00:00,墨西哥,Android,Flawless,0.0,0.0,Organic
2026-06-01T00:00:00,巴西,Android,Makeup,204.07407407407408,110.74074074074075,Organic
2026-06-01T00:00:00,美国,iOS,AI Repair,174.59259259259258,55.666666666666664,Organic
2026-05-01T00:00:00,美国,Android,Background,17.677419354838708,3.838709677419355,Organic
2026-04-01T00:00:00,美国,Android,Bokeh,7.733333333333333,2.8,Organic
2026-06-01T00:00:00,美国,Android,Details,9.851851851851851,4.777777777777778,Organic
2026-01-01T00:00:00,英国,iOS,AI Repair,24.096774193548388,6.838709677419355,Organic
2026-08-01T00:00:00,巴西,iOS,Eye Brighten,87.5,62.666666666666664,Organic
2026-08-01T00:00:00,美国,Android,Face,76.33333333333333,31.666666666666668,Organic
2026-08-01T00:00:00,美国,Android,Makeup,42.0,24.333333333333332,Organic
2026-08-01T00:00:00,美国,Android,Crop,23.833333333333332,19.333333333333332,Organic
2026-08-01T00:00:00,墨西哥,Android,AI Repair,13.5,7.333333333333333,Organic
2026-01-01T00:00:00,墨西哥,iOS,Prism,2.225806451612903,0.5161290322580645,Organic
2026-05-01T00:00:00,巴西,Android,Text,23.516129032258064,2.5161290322580645,Organic
2026-03-01T00:00:00,墨西哥,iOS,Background,9.64516129032258,0.8064516129032258,Organic
2026-07-01T00:00:00,墨西哥,Android,Glitter,5.870967741935484,0.8709677419354839,Organic
2026-04-01T00:00:00,美国,Android,Skin Tone,21.5,14.266666666666667,Organic
2026-06-01T00:00:00,美国,iOS,Eye Brighten,94.29629629629629,60.333333333333336,Organic
2026-03-01T00:00:00,美国,Android,Whiten,0.0,0.0,Organic
2026-03-01T00:00:00,墨西哥,Android,Background,11.387096774193548,1.7741935483870968,Organic
2026-06-01T00:00:00,英国,iOS,Acne,88.37037037037037,60.629629629629626,Organic
2026-06-01T00:00:00,墨西哥,Android,Eye Brighten,2.7777777777777777,1.5555555555555556,Organic
2026-07-01T00:00:00,墨西哥,Android,AI Retouch,33.096774193548384,11.548387096774194,Organic
2026-04-01T00:00:00,墨西哥,Android,Skin Tone,15.566666666666666,9.466666666666667,Organic
2026-01-01T00:00:00,美国,Android,Adjust,20.322580645161292,10.67741935483871,Organic
2026-02-01T00:00:00,巴西,Android,Background,89.17857142857143,12.571428571428571,Organic
2026-07-01T00:00:00,英国,Android,Whiten,0.0,0.0,Organic
2026-01-01T00:00:00,墨西哥,Android,Expression,10.580645161290322,3.5806451612903225,Organic
2026-08-01T00:00:00,美国,Android,AI Image,19.5,4.666666666666667,Organic
2026-08-01T00:00:00,墨西哥,Android,Details,3.1666666666666665,1.6666666666666667,Organic
2026-01-01T00:00:00,英国,Android,AI Retouch,19.677419354838708,7.161290322580645,Organic
2026-07-01T00:00:00,墨西哥,iOS,Brighten,8.612903225806452,3.838709677419355,Organic
2026-03-01T00:00:00,英国,iOS,Expression,27.580645161290324,4.870967741935484,Organic
2026-06-01T00:00:00,墨西哥,iOS,Prism,2.037037037037037,0.5185185185185185,Organic
2026-02-01T00:00:00,巴西,iOS,Relight,377.7857142857143,180.89285714285714,Organic
2026-06-01T00:00:00,美国,Android,Blur,12.703703703703704,7.148148148148148,Organic
2026-07-01T00:00:00,墨西哥,iOS,Adjust,38.806451612903224,14.870967741935484,Organic
2026-02-01T00:00:00,英国,Android,Concealer,5.821428571428571,2.892857142857143,Organic
2026-02-01T00:00:00,美国,iOS,Brighten,149.39285714285714,78.07142857142857,Organic
2026-07-01T00:00:00,巴西,iOS,AI Tattoo,81.70967741935483,13.612903225806452,Organic
2026-02-01T00:00:00,英国,Android,Mykit,4.142857142857143,0.0,Organic
2026-01-01T00:00:00,英国,Android,Glitter,2.2580645161290325,0.3225806451612903,Organic
2026-05-01T00:00:00,美国,Android,Dark Circles,11.290322580645162,8.35483870967742,Organic
2026-03-01T00:00:00,巴西,iOS,Bokeh,101.87096774193549,33.87096774193548,Organic
2026-08-01T00:00:00,英国,iOS,Dark Circles,34.0,23.333333333333332,Organic
2026-05-01T00:00:00,美国,iOS,AI Expand,41.67741935483871,13.64516129032258,Organic
2026-01-01T00:00:00,英国,Android,Teeth,4.806451612903226,0.0,Organic
2026-07-01T00:00:00,墨西哥,Android,AI Expand,10.35483870967742,6.645161290322581,Organic
2026-02-01T00:00:00,英国,iOS,Magic,226.32142857142858,120.60714285714286,Organic
2026-03-01T00:00:00,巴西,Android,Makeup,255.32258064516128,142.74193548387098,Organic
2026-06-01T00:00:00,巴西,Android,Eraser,152.77777777777777,83.51851851851852,Organic
2026-06-01T00:00:00,墨西哥,iOS,Flawless,0.0,0.0,Organic
2026-07-01T00:00:00,墨西哥,iOS,Teeth,13.193548387096774,5.709677419354839,Organic
2026-04-01T00:00:00,英国,iOS,Teeth,51.0,0.0,Organic
2026-04-01T00:00:00,英国,Android,Acne,11.233333333333333,7.6,Organic
2026-01-01T00:00:00,墨西哥,iOS,Mykit,5.967741935483871,0.0,Organic
2026-01-01T00:00:00,墨西哥,iOS,AI Image,14.870967741935484,1.5161290322580645,Organic
2026-08-01T00:00:00,墨西哥,iOS,Details,5.166666666666667,1.6666666666666667,Organic
2026-03-01T00:00:00,美国,Android,Relight,21.29032258064516,10.516129032258064,Organic
2026-02-01T00:00:00,巴西,Android,Adjust,169.14285714285714,91.82142857142857,Organic
2026-03-01T00:00:00,美国,Android,Expression,10.96774193548387,3.967741935483871,Organic
2026-01-01T00:00:00,墨西哥,iOS,Plump,14.935483870967742,5.225806451612903,Organic
2026-05-01T00:00:00,巴西,Android,Teeth,75.7741935483871,0.0,Organic
2026-02-01T00:00:00,英国,iOS,Details,24.25,8.714285714285714,Organic
2026-03-01T00:00:00,墨西哥,iOS,Brighten,10.548387096774194,5.354838709677419,Organic
2026-08-01T00:00:00,墨西哥,iOS,Face,105.66666666666667,46.833333333333336,Organic
2026-08-01T00:00:00,巴西,iOS,AI Retouch,923.8333333333334,348.5,Organic
2026-08-01T00:00:00,巴西,Android,Flawless,0.0,0.0,Organic
2026-08-01T00:00:00,英国,iOS,AI Expand,12.166666666666666,3.8333333333333335,Organic
2026-04-01T00:00:00,英国,iOS,Relight,141.76666666666668,68.06666666666666,Organic
2026-08-01T00:00:00,英国,Android,Clean Skin,3.6666666666666665,2.5,Organic
2026-07-01T00:00:00,英国,iOS,Eye Brighten,30.64516129032258,19.0,Organic
2026-01-01T00:00:00,巴西,Android,Hair,531.3870967741935,187.74193548387098,Organic
2026-07-01T00:00:00,墨西哥,iOS,Crop,19.93548387096774,14.290322580645162,Organic
2026-03-01T00:00:00,墨西哥,iOS,Blur,9.741935483870968,6.225806451612903,Organic
2026-03-01T00:00:00,美国,iOS,Adjust,188.90322580645162,69.19354838709677,Organic
2026-01-01T00:00:00,英国,Android,AI Repair,4.419354838709677,1.8387096774193548,Organic
2026-07-01T00:00:00,美国,Android,Relight,76.7741935483871,34.45161290322581,Organic
2026-02-01T00:00:00,英国,Android,Makeup,15.035714285714286,8.071428571428571,Organic
2026-07-01T00:00:00,美国,iOS,Adjust,264.96774193548384,107.2258064516129,Organic
2026-06-01T00:00:00,巴西,iOS,Expression,148.74074074074073,27.88888888888889,Organic
2026-04-01T00:00:00,英国,Android,Hair,22.233333333333334,6.666666666666667,Organic
2026-08-01T00:00:00,英国,iOS,Concealer,48.0,22.166666666666668,Organic
2026-03-01T00:00:00,英国,iOS,Flawless,0.0,0.0,Organic
2026-08-01T00:00:00,墨西哥,Android,AI Image,11.833333333333334,2.8333333333333335,Organic
2026-01-01T00:00:00,巴西,iOS,Makeup,791.8709677419355,388.0967741935484,Organic
2026-01-01T00:00:00,美国,iOS,Background,133.03225806451613,20.419354838709676,Organic
2026-07-01T00:00:00,英国,Android,Reshape,10.387096774193548,5.806451612903226,Organic
2026-07-01T00:00:00,墨西哥,Android,AI Repair,14.580645161290322,7.032258064516129,Organic
2026-07-01T00:00:00,巴西,iOS,Face Fix,194.0,31.483870967741936,Organic
2026-08-01T00:00:00,巴西,iOS,Eraser,648.6666666666666,348.8333333333333,Organic
2026-08-01T00:00:00,墨西哥,Android,Magic,27.666666666666668,10.833333333333334,Organic
2026-04-01T00:00:00,美国,iOS,Eraser,294.26666666666665,164.16666666666666,Organic
2026-03-01T00:00:00,巴西,iOS,Resize,302.8709677419355,160.93548387096774,Organic
2026-05-01T00:00:00,墨西哥,Android,Dark Circles,5.870967741935484,4.032258064516129,Organic
2026-07-01T00:00:00,巴西,Android,Brighten,29.516129032258064,14.64516129032258,Organic
2026-03-01T00:00:00,英国,Android,Contour,4.67741935483871,2.161290322580645,Organic
2026-01-01T00:00:00,美国,iOS,AI Replace,52.16129032258065,20.70967741935484,Organic
2026-02-01T00:00:00,墨西哥,iOS,AI Repair,9.642857142857142,3.9285714285714284,Organic
2026-06-01T00:00:00,英国,iOS,Resize,50.074074074074076,21.85185185185185,Organic
2026-04-01T00:00:00,巴西,iOS,Smooth,823.9,660.3,Organic
2026-06-01T00:00:00,巴西,Android,Brighten,41.074074074074076,20.11111111111111,Organic
2026-06-01T00:00:00,墨西哥,Android,Flawless,0.0,0.0,Organic
2026-06-01T00:00:00,英国,Android,Makeup,13.074074074074074,5.814814814814815,Organic
2026-07-01T00:00:00,墨西哥,iOS,Hair,61.67741935483871,22.06451612903226,Organic
2026-02-01T00:00:00,墨西哥,iOS,Reshape,39.42857142857143,26.75,Organic
2026-03-01T00:00:00,美国,iOS,Expression,85.87096774193549,18.516129032258064,Organic
2026-05-01T00:00:00,巴西,Android,Glitter,31.193548387096776,4.806451612903226,Organic
2026-03-01T00:00:00,英国,Android,Reshape,13.838709677419354,7.741935483870968,Organic
2026-08-01T00:00:00,墨西哥,iOS,Smooth,44.666666666666664,28.166666666666668,Organic
2026-05-01T00:00:00,英国,Android,Muscle,3.096774193548387,0.8387096774193549,Organic
2026-01-01T00:00:00,美国,iOS,Brighten,154.67741935483872,80.90322580645162,Organic
2026-06-01T00:00:00,美国,iOS,Flawless,0.0,0.0,Organic
2026-02-01T00:00:00,美国,iOS,Reshape,359.2142857142857,237.89285714285714,Organic
2026-04-01T00:00:00,英国,Android,Blur,7.066666666666666,4.3,Organic
2026-06-01T00:00:00,巴西,iOS,Makeup,734.3703703703703,362.0740740740741,Organic
2026-04-01T00:00:00,巴西,iOS,Reshape,1049.9333333333334,821.5666666666667,Organic
2026-03-01T00:00:00,美国,Android,Filters,64.03225806451613,24.129032258064516,Organic
2026-01-01T00:00:00,英国,Android,Reshape,9.03225806451613,5.419354838709677,Organic
2026-07-01T00:00:00,美国,iOS,Glitter,77.83870967741936,13.096774193548388,Organic
2026-07-01T00:00:00,巴西,iOS,Matte,41.483870967741936,18.29032258064516,Organic
2026-04-01T00:00:00,英国,iOS,Resize,43.766666666666666,19.6,Organic
2026-02-01T00:00:00,墨西哥,iOS,Contour,4.25,1.8214285714285714,Organic
2026-03-01T00:00:00,墨西哥,Android,AI Retouch,42.806451612903224,18.096774193548388,Organic
2026-06-01T00:00:00,美国,Android,Resize,12.703703703703704,6.111111111111111,Organic
2026-05-01T00:00:00,美国,iOS,Face Fix,245.1290322580645,36.774193548387096,Organic
2026-01-01T00:00:00,墨西哥,Android,Prism,5.161290322580645,1.2580645161290323,Organic
2026-03-01T00:00:00,巴西,iOS,Teeth,346.38709677419354,0.0,Organic
2026-07-01T00:00:00,墨西哥,Android,Expression,6.935483870967742,1.8387096774193548,Organic
2026-07-01T00:00:00,巴西,iOS,Bokeh,83.29032258064517,28.483870967741936,Organic
2026-04-01T00:00:00,英国,iOS,Eye Brighten,28.933333333333334,18.966666666666665,Organic
2026-04-01T00:00:00,英国,Android,Eye Brighten,5.166666666666667,3.1666666666666665,Organic
2026-05-01T00:00:00,巴西,iOS,Expression,150.58064516129033,28.06451612903226,Organic
2026-01-01T00:00:00,英国,iOS,Muscle,17.483870967741936,5.387096774193548,Organic
2026-01-01T00:00:00,英国,Android,Whiten,0.0,0.0,Organic
2026-05-01T00:00:00,巴西,iOS,Skin Tone,276.19354838709677,163.32258064516128,Organic
2026-06-01T00:00:00,英国,Android,Acne,7.2592592592592595,5.7407407407407405,Organic
2026-06-01T00:00:00,英国,iOS,Eye Brighten,31.37037037037037,19.444444444444443,Organic
2026-02-01T00:00:00,美国,Android,Face,58.214285714285715,28.321428571428573,Organic
2026-02-01T00:00:00,英国,iOS,Face Fix,56.32142857142857,7.785714285714286,Organic
2026-04-01T00:00:00,墨西哥,Android,Relight,33.46666666666667,11.566666666666666,Organic
2026-02-01T00:00:00,巴西,iOS,Smooth,829.6071428571429,692.6785714285714,Organic
2026-02-01T00:00:00,英国,Android,Prism,0.9642857142857143,0.32142857142857145,Organic
2026-07-01T00:00:00,美国,Android,AI Repair,29.580645161290324,13.419354838709678,Organic
2026-07-01T00:00:00,美国,iOS,Muscle,95.54838709677419,25.387096774193548,Organic
2026-07-01T00:00:00,英国,Android,Details,2.7096774193548385,1.032258064516129,Organic
2026-05-01T00:00:00,巴西,Android,Collarbone,0.0,0.0,Organic
2026-05-01T00:00:00,巴西,iOS,Glitter,79.58064516129032,10.548387096774194,Organic
2026-02-01T00:00:00,美国,iOS,Contour,69.5,34.17857142857143,Organic
2026-01-01T00:00:00,美国,iOS,Expression,93.6774193548387,20.483870967741936,Organic
2026-07-01T00:00:00,英国,Android,Preset,4.354838709677419,0.4838709677419355,Organic
2026-01-01T00:00:00,墨西哥,iOS,AI Replace,3.3870967741935485,1.032258064516129,Organic
2026-03-01T00:00:00,墨西哥,Android,Adjust,16.548387096774192,6.548387096774194,Organic
2026-02-01T00:00:00,墨西哥,Android,Contour,1.3571428571428572,0.7857142857142857,Organic
2026-07-01T00:00:00,巴西,Android,Resize,55.38709677419355,25.967741935483872,Organic
2026-03-01T00:00:00,美国,Android,Skin Tone,19.161290322580644,11.935483870967742,Organic
2026-07-01T00:00:00,美国,iOS,Teeth,261.258064516129,189.09677419354838,Organic
2026-05-01T00:00:00,美国,iOS,Dark Circles,155.32258064516128,107.38709677419355,Organic
2026-04-01T00:00:00,美国,iOS,Skin Tone,283.93333333333334,178.83333333333334,Organic
2026-05-01T00:00:00,英国,iOS,Plump,47.32258064516129,15.387096774193548,Organic
2026-05-01T00:00:00,巴西,iOS,Plump,226.0,71.90322580645162,Organic
2026-06-01T00:00:00,英国,iOS,Text,15.25925925925926,1.3703703703703705,Organic
2026-01-01T00:00:00,墨西哥,iOS,AI Expand,7.580645161290323,2.3548387096774195,Organic
2026-05-01T00:00:00,巴西,Android,Adjust,167.03225806451613,94.2258064516129,Organic
2026-06-01T00:00:00,英国,Android,Concealer,5.074074074074074,2.185185185185185,Organic
2026-02-01T00:00:00,巴西,Android,Effects,100.82142857142857,6.857142857142857,Organic
2026-08-01T00:00:00,巴西,Android,AI Retouch,219.16666666666666,77.83333333333333,Organic
2026-07-01T00:00:00,巴西,Android,AI Image,84.12903225806451,16.483870967741936,Organic
2026-03-01T00:00:00,英国,iOS,Hair,115.83870967741936,30.870967741935484,Organic
2026-04-01T00:00:00,美国,Android,Resize,14.033333333333333,7.5,Organic
2026-03-01T00:00:00,墨西哥,Android,Muscle,5.67741935483871,1.7741935483870968,Organic
2026-06-01T00:00:00,英国,Android,Bokeh,1.6666666666666667,0.4444444444444444,Organic
2026-07-01T00:00:00,巴西,Android,Dark Circles,42.0,30.29032258064516,Organic
2026-05-01T00:00:00,英国,iOS,Stamp,7.258064516129032,1.7096774193548387,Organic
2026-03-01T00:00:00,英国,iOS,Adjust,48.16129032258065,17.258064516129032,Organic
2026-03-01T00:00:00,美国,iOS,AI Retouch,690.258064516129,245.2258064516129,Organic
2026-01-01T00:00:00,巴西,Android,Glitter,62.61290322580645,14.548387096774194,Organic
2026-03-01T00:00:00,英国,iOS,Whiten,0.0,0.0,Organic
2026-03-01T00:00:00,墨西哥,Android,Expression,8.419354838709678,1.7096774193548387,Organic
2026-06-01T00:00:00,墨西哥,Android,Resize,7.7407407407407405,3.3333333333333335,Organic
2026-08-01T00:00:00,墨西哥,Android,Blur,9.5,6.0,Organic
2026-04-01T00:00:00,巴西,Android,Makeup,255.76666666666668,139.53333333333333,Organic
2026-04-01T00:00:00,巴西,Android,Concealer,86.66666666666667,37.46666666666667,Organic
2026-01-01T00:00:00,墨西哥,iOS,Dark Circles,12.290322580645162,8.548387096774194,Organic
2026-03-01T00:00:00,美国,Android,Adjust,25.451612903225808,14.451612903225806,Organic
2026-07-01T00:00:00,美国,iOS,AI Repair,173.16129032258064,55.903225806451616,Organic
2026-07-01T00:00:00,巴西,Android,Body,109.41935483870968,65.2258064516129,Organic
2026-02-01T00:00:00,美国,iOS,Eye Brighten,93.25,60.32142857142857,Organic
2026-06-01T00:00:00,英国,Android,Mykit,3.888888888888889,0.0,Organic
2026-05-01T00:00:00,英国,iOS,Effects,75.29032258064517,1.4193548387096775,Organic
2026-06-01T00:00:00,巴西,Android,AI Tattoo,37.925925925925924,9.0,Organic
2026-02-01T00:00:00,英国,iOS,Blur,42.392857142857146,25.857142857142858,Organic
2026-04-01T00:00:00,美国,iOS,Stamp,30.233333333333334,8.466666666666667,Organic
2026-05-01T00:00:00,巴西,iOS,AI Tattoo,94.70967741935483,16.06451612903226,Organic
2026-01-01T00:00:00,英国,iOS,AI Retouch,198.80645161290323,65.80645161290323,Organic
2026-03-01T00:00:00,英国,Android,Smooth,19.741935483870968,14.35483870967742,Organic
2026-07-01T00:00:00,美国,iOS,Expression,107.12903225806451,24.677419354838708,Organic
2026-07-01T00:00:00,英国,iOS,Filters,295.38709677419354,77.12903225806451,Organic
2026-05-01T00:00:00,墨西哥,Android,Crop,15.516129032258064,12.387096774193548,Organic
2026-04-01T00:00:00,墨西哥,Android,Details,4.633333333333334,1.7333333333333334,Organic
2026-03-01T00:00:00,墨西哥,iOS,AI Replace,3.193548387096774,1.032258064516129,Organic
2026-07-01T00:00:00,美国,Android,Teeth,26.548387096774192,11.129032258064516,Organic
2026-04-01T00:00:00,美国,iOS,Magic,798.1666666666666,409.43333333333334,Organic
2026-01-01T00:00:00,巴西,Android,Acne,168.3548387096774,117.87096774193549,Organic
2026-02-01T00:00:00,美国,Android,Details,9.285714285714286,4.5,Organic
2026-01-01T00:00:00,英国,Android,Glowup,7.032258064516129,2.5161290322580645,Organic
2026-06-01T00:00:00,美国,iOS,AI Image,217.8148148148148,33.0,Organic
2026-01-01T00:00:00,巴西,Android,Mykit,63.0,0.0,Organic
2026-07-01T00:00:00,巴西,Android,Prism,18.129032258064516,6.774193548387097,Organic
2026-08-01T00:00:00,英国,iOS,Body,140.33333333333334,76.83333333333333,Organic
2026-05-01T00:00:00,英国,iOS,AI Retouch,255.48387096774192,78.41935483870968,Organic
2026-01-01T00:00:00,巴西,iOS,Hair,722.5483870967741,202.7741935483871,Organic
2026-04-01T00:00:00,墨西哥,iOS,Makeup,36.56666666666667,18.5,Organic
2026-07-01T00:00:00,巴西,iOS,Preset,198.51612903225808,10.483870967741936,Organic
2026-07-01T00:00:00,美国,iOS,AI Retouch,906.6129032258065,311.9032258064516,Organic
2026-03-01T00:00:00,墨西哥,Android,Whiten,0.0,0.0,Organic
2026-05-01T00:00:00,墨西哥,iOS,Matte,4.387096774193548,2.225806451612903,Organic
2026-03-01T00:00:00,巴西,Android,AI Replace,31.838709677419356,14.870967741935484,Organic
2026-04-01T00:00:00,巴西,Android,Crop,148.5,115.8,Organic
2026-06-01T00:00:00,巴西,iOS,AI Tattoo,88.4074074074074,14.333333333333334,Organic
2026-08-01T00:00:00,美国,iOS,AI Replace,46.833333333333336,21.5,Organic
2026-03-01T00:00:00,美国,Android,Collarbone,0.0,0.0,Organic
2026-07-01T00:00:00,墨西哥,iOS,Background,18.322580645161292,0.7419354838709677,Organic
2026-01-01T00:00:00,美国,Android,AI Retouch,53.354838709677416,23.258064516129032,Organic
2026-05-01T00:00:00,墨西哥,iOS,Text,2.870967741935484,0.25806451612903225,Organic
2026-03-01T00:00:00,巴西,Android,Face Fix,69.87096774193549,15.64516129032258,Organic
2026-01-01T00:00:00,美国,iOS,Prism,18.225806451612904,5.0,Organic
2026-03-01T00:00:00,墨西哥,Android,Filters,45.67741935483871,11.483870967741936,Organic
2026-03-01T00:00:00,英国,iOS,Filters,153.67741935483872,28.06451612903226,Organic
2026-03-01T00:00:00,英国,Android,Acne,10.290322580645162,6.838709677419355,Organic
2026-01-01T00:00:00,墨西哥,iOS,Skin Tone,25.35483870967742,17.774193548387096,Organic
2026-05-01T00:00:00,墨西哥,iOS,Acne,22.258064516129032,16.29032258064516,Organic
2026-08-01T00:00:00,墨西哥,Android,Face,29.833333333333332,13.5,Organic
2026-05-01T00:00:00,美国,Android,Plump,12.96774193548387,4.774193548387097,Organic
2026-07-01T00:00:00,英国,iOS,Concealer,51.83870967741935,22.70967741935484,Organic
2026-02-01T00:00:00,美国,iOS,Preset,138.75,15.928571428571429,Organic
2026-06-01T00:00:00,巴西,Android,Crop,116.07407407407408,90.92592592592592,Organic
2026-05-01T00:00:00,墨西哥,Android,Effects,14.516129032258064,0.6451612903225806,Organic
2026-02-01T00:00:00,英国,iOS,Makeup,127.89285714285714,51.107142857142854,Organic
2026-07-01T00:00:00,墨西哥,iOS,Details,5.516129032258065,2.032258064516129,Organic
2026-07-01T00:00:00,墨西哥,iOS,Effects,35.74193548387097,0.5483870967741935,Organic
2026-03-01T00:00:00,英国,Android,Teeth,10.870967741935484,0.0,Organic
2026-07-01T00:00:00,美国,Android,Adjust,34.38709677419355,17.032258064516128,Organic
2026-02-01T00:00:00,美国,iOS,Details,79.32142857142857,28.392857142857142,Organic
2026-02-01T00:00:00,墨西哥,iOS,Concealer,11.392857142857142,3.607142857142857,Organic
2026-03-01T00:00:00,巴西,iOS,Glowup,250.1290322580645,57.38709677419355,Organic
2026-02-01T00:00:00,墨西哥,Android,Preset,7.75,0.5714285714285714,Organic
2026-06-01T00:00:00,墨西哥,Android,AI Repair,15.703703703703704,8.592592592592593,Organic
2026-08-01T00:00:00,美国,iOS,Face,1106.6666666666667,511.5,Organic
2026-01-01T00:00:00,英国,iOS,Adjust,51.61290322580645,18.870967741935484,Organic
2026-06-01T00:00:00,美国,Android,Eye Brighten,10.814814814814815,6.518518518518518,Organic
2026-06-01T00:00:00,美国,iOS,Prism,23.555555555555557,6.074074074074074,Organic
2026-02-01T00:00:00,巴西,Android,Muscle,77.35714285714286,28.214285714285715,Organic
2026-03-01T00:00:00,美国,iOS,Background,138.83870967741936,17.967741935483872,Organic
2026-05-01T00:00:00,英国,iOS,Muscle,27.032258064516128,7.290322580645161,Organic
2026-04-01T00:00:00,美国,iOS,Face,907.9,411.3666666666667,Organic
2026-04-01T00:00:00,英国,Android,Glowup,11.933333333333334,3.9,Organic
2026-05-01T00:00:00,美国,Android,Bokeh,7.354838709677419,2.903225806451613,Organic
2026-03-01T00:00:00,墨西哥,iOS,AI Expand,6.193548387096774,2.064516129032258,Organic
2026-05-01T00:00:00,美国,iOS,AI Tattoo,76.3225806451613,11.225806451612904,Organic
2026-07-01T00:00:00,墨西哥,iOS,Whiten,0.0,0.0,Organic
2026-06-01T00:00:00,巴西,iOS,Magic,1245.888888888889,689.0,Organic
2026-08-01T00:00:00,巴西,Android,Filters,348.1666666666667,139.0,Organic
2026-01-01T00:00:00,巴西,iOS,Teeth,413.7096774193548,0.0,Organic
2026-02-01T00:00:00,巴西,Android,Face,365.64285714285717,159.82142857142858,Organic
2026-07-01T00:00:00,墨西哥,Android,Muscle,5.419354838709677,1.5483870967741935,Organic
2026-08-01T00:00:00,英国,Android,Eraser,10.0,5.833333333333333,Organic
2026-08-01T00:00:00,英国,Android,Glowup,7.5,2.3333333333333335,Organic
2026-05-01T00:00:00,巴西,iOS,AI Retouch,983.7096774193549,357.258064516129,Organic
2026-05-01T00:00:00,墨西哥,Android,AI Expand,6.612903225806452,2.6451612903225805,Organic
2026-07-01T00:00:00,墨西哥,iOS,Muscle,10.096774193548388,1.935483870967742,Organic
2026-01-01T00:00:00,英国,Android,Filters,21.612903225806452,5.935483870967742,Organic
2026-05-01T00:00:00,英国,Android,Effects,6.741935483870968,0.25806451612903225,Organic
2026-03-01T00:00:00,美国,iOS,Muscle,62.38709677419355,17.451612903225808,Organic
2026-06-01T00:00:00,墨西哥,iOS,Reshape,32.77777777777778,22.333333333333332,Organic
2026-05-01T00:00:00,美国,iOS,Crop,128.83870967741936,94.6774193548387,Organic
2026-05-01T00:00:00,英国,iOS,Eraser,93.96774193548387,48.45161290322581,Organic
2026-05-01T00:00:00,美国,iOS,Effects,298.80645161290323,5.580645161290323,Organic
2026-04-01T00:00:00,英国,Android,Glitter,3.466666666666667,0.7,Organic
2026-04-01T00:00:00,英国,Android,Brighten,7.666666666666667,4.166666666666667,Organic
2026-07-01T00:00:00,美国,Android,Flawless,0.0,0.0,Organic
2026-07-01T00:00:00,美国,Android,Face,141.70967741935485,56.0,Organic
2026-06-01T00:00:00,巴西,iOS,Face,1350.037037037037,556.5925925925926,Organic
2026-02-01T00:00:00,墨西哥,Android,Reshape,13.321428571428571,7.928571428571429,Organic
2026-06-01T00:00:00,巴西,Android,Background,67.96296296296296,7.2592592592592595,Organic
2026-08-01T00:00:00,巴西,iOS,Filters,1614.1666666666667,531.1666666666666,Organic
2026-04-01T00:00:00,美国,iOS,Body,250.8,154.83333333333334,Organic
2026-03-01T00:00:00,英国,iOS,AI Retouch,197.32258064516128,67.25806451612904,Organic
2026-07-01T00:00:00,美国,Android,Filters,156.83870967741936,43.516129032258064,Organic
2026-08-01T00:00:00,英国,iOS,Adjust,81.66666666666667,33.0,Organic
2026-07-01T00:00:00,英国,iOS,Contour,22.903225806451612,12.096774193548388,Organic
2026-05-01T00:00:00,美国,Android,Crop,23.06451612903226,19.387096774193548,Organic
2026-07-01T00:00:00,巴西,Android,Background,58.516129032258064,6.387096774193548,Organic
2026-05-01T00:00:00,巴西,iOS,Whiten,0.0,0.0,Organic
2026-01-01T00:00:00,巴西,iOS,Glowup,358.38709677419354,88.0,Organic
2026-08-01T00:00:00,巴西,Android,Stamp,16.666666666666668,2.3333333333333335,Organic
2026-01-01T00:00:00,英国,Android,Expression,3.6129032258064515,0.8387096774193549,Organic
2026-04-01T00:00:00,墨西哥,Android,Stamp,6.0,1.4333333333333333,Organic
2026-03-01T00:00:00,英国,iOS,Stamp,5.548387096774194,1.1290322580645162,Organic
2026-06-01T00:00:00,美国,iOS,Reshape,416.85185185185185,265.2962962962963,Organic
2026-03-01T00:00:00,英国,Android,AI Expand,4.161290322580645,1.2903225806451613,Organic
2026-06-01T00:00:00,墨西哥,iOS,Stamp,4.111111111111111,1.037037037037037,Organic
2026-05-01T00:00:00,英国,iOS,Crop,32.38709677419355,23.774193548387096,Organic
2026-06-01T00:00:00,英国,Android,Face Fix,5.703703703703703,1.4444444444444444,Organic
2026-03-01T00:00:00,巴西,Android,Mykit,46.0,0.0,Organic
2026-01-01T00:00:00,英国,iOS,Flawless,0.0,0.0,Organic
2026-03-01T00:00:00,巴西,iOS,Face Fix,219.83870967741936,41.70967741935484,Organic
2026-05-01T00:00:00,巴西,iOS,Body,532.4193548387096,326.7741935483871,Organic
2026-01-01T00:00:00,英国,iOS,AI Expand,16.451612903225808,4.290322580645161,Organic
2026-01-01T00:00:00,巴西,iOS,Eye Brighten,122.45161290322581,87.93548387096774,Organic
2026-07-01T00:00:00,墨西哥,Android,Filters,58.12903225806452,17.93548387096774,Organic
2026-05-01T00:00:00,墨西哥,Android,Bokeh,4.903225806451613,1.3225806451612903,Organic
2026-01-01T00:00:00,巴西,Android,Concealer,137.41935483870967,57.38709677419355,Organic
2026-06-01T00:00:00,墨西哥,Android,Skin Tone,12.777777777777779,8.703703703703704,Organic
2026-06-01T00:00:00,英国,iOS,Relight,208.5185185185185,86.66666666666667,Organic
2026-05-01T00:00:00,英国,Android,Whiten,0.0,0.0,Organic
2026-02-01T00:00:00,巴西,iOS,Dark Circles,227.28571428571428,189.28571428571428,Organic
2026-02-01T00:00:00,英国,iOS,AI Image,64.17857142857143,4.25,Organic
2026-08-01T00:00:00,美国,Android,Concealer,12.5,5.5,Organic
2026-05-01T00:00:00,巴西,Android,Preset,76.16129032258064,6.193548387096774,Organic
2026-08-01T00:00:00,美国,iOS,Details,84.16666666666667,29.166666666666668,Organic
2026-08-01T00:00:00,墨西哥,iOS,AI Replace,4.833333333333333,1.5,Organic
2026-08-01T00:00:00,美国,iOS,Magic,947.8333333333334,441.0,Organic
2026-08-01T00:00:00,美国,iOS,Concealer,143.5,66.0,Organic
2026-07-01T00:00:00,巴西,Android,AI Replace,19.225806451612904,7.741935483870968,Organic
2026-02-01T00:00:00,美国,Android,Preset,18.821428571428573,2.6785714285714284,Organic
2026-05-01T00:00:00,美国,iOS,Text,45.03225806451613,4.064516129032258,Organic
2026-05-01T00:00:00,巴西,Android,Skin Tone,79.16129032258064,48.354838709677416,Organic
2026-02-01T00:00:00,巴西,iOS,Effects,206.25,2.4642857142857144,Organic
2026-03-01T00:00:00,英国,iOS,Glitter,14.67741935483871,2.3870967741935485,Organic
2026-03-01T00:00:00,英国,iOS,Teeth,50.903225806451616,0.0,Organic
2026-07-01T00:00:00,美国,Android,Glitter,19.93548387096774,4.290322580645161,Organic
2026-03-01T00:00:00,巴西,Android,Bokeh,35.03225806451613,11.741935483870968,Organic
2026-01-01T00:00:00,英国,iOS,Whiten,0.0,0.0,Organic
2026-05-01T00:00:00,英国,iOS,Makeup,149.03225806451613,56.225806451612904,Organic
2026-07-01T00:00:00,墨西哥,Android,Whiten,0.0,0.0,Organic
2026-05-01T00:00:00,巴西,Android,Resize,63.67741935483871,34.0,Organic
2026-06-01T00:00:00,巴西,Android,Effects,83.81481481481481,3.2222222222222223,Organic
2026-01-01T00:00:00,美国,Android,Background,16.677419354838708,3.7096774193548385,Organic
2026-07-01T00:00:00,英国,iOS,Plump,44.483870967741936,14.03225806451613,Organic
2026-08-01T00:00:00,墨西哥,Android,Concealer,4.166666666666667,1.8333333333333333,Organic
2026-03-01T00:00:00,美国,iOS,Brighten,161.2258064516129,84.54838709677419,Organic
2026-08-01T00:00:00,巴西,Android,Contour,10.166666666666666,5.0,Organic
2026-08-01T00:00:00,美国,iOS,AI Image,164.66666666666666,27.166666666666668,Organic
2026-03-01T00:00:00,英国,Android,Filters,36.903225806451616,10.258064516129032,Organic
2026-03-01T00:00:00,美国,iOS,Glitter,56.74193548387097,10.096774193548388,Organic
2026-07-01T00:00:00,巴西,iOS,Teeth,301.0967741935484,216.41935483870967,Organic
2026-01-01T00:00:00,墨西哥,iOS,Acne,29.225806451612904,22.225806451612904,Organic
2026-05-01T00:00:00,英国,iOS,Flawless,0.0,0.0,Organic
2026-03-01T00:00:00,美国,iOS,AI Expand,59.54838709677419,18.870967741935484,Organic
2026-06-01T00:00:00,美国,iOS,Eraser,308.6666666666667,162.44444444444446,Organic
2026-04-01T00:00:00,美国,iOS,Resize,166.6,74.26666666666667,Organic
2026-04-01T00:00:00,墨西哥,Android,Eye Brighten,3.5,1.7333333333333334,Organic
2026-01-01T00:00:00,英国,Android,Effects,6.064516129032258,0.25806451612903225,Organic
2026-03-01T00:00:00,美国,iOS,Text,31.483870967741936,3.935483870967742,Organic
2026-07-01T00:00:00,墨西哥,Android,Contour,1.8387096774193548,1.096774193548387,Organic
2026-03-01T00:00:00,墨西哥,iOS,Matte,5.290322580645161,2.7096774193548385,Organic
2026-01-01T00:00:00,美国,iOS,Adjust,189.90322580645162,70.90322580645162,Organic
2026-02-01T00:00:00,墨西哥,Android,AI Repair,10.035714285714286,5.785714285714286,Organic
2026-01-01T00:00:00,美国,iOS,Relight,177.3548387096774,69.48387096774194,Organic
2026-03-01T00:00:00,墨西哥,Android,Text,5.032258064516129,1.032258064516129,Organic
2026-06-01T00:00:00,英国,Android,AI Image,7.074074074074074,1.2222222222222223,Organic
2026-03-01T00:00:00,美国,Android,AI Retouch,56.12903225806452,25.483870967741936,Organic
2026-01-01T00:00:00,墨西哥,Android,Brighten,8.64516129032258,4.0,Organic
2026-03-01T00:00:00,墨西哥,Android,Glowup,11.419354838709678,1.5806451612903225,Organic
2026-05-01T00:00:00,英国,Android,Flawless,0.0,0.0,Organic
2026-03-01T00:00:00,墨西哥,Android,Glitter,7.129032258064516,0.9032258064516129,Organic
2026-01-01T00:00:00,美国,Android,Teeth,14.32258064516129,0.0,Organic
2026-05-01T00:00:00,巴西,iOS,Face Fix,221.51612903225808,39.38709677419355,Organic
2026-05-01T00:00:00,墨西哥,iOS,Reshape,34.774193548387096,22.774193548387096,Organic
2026-05-01T00:00:00,巴西,Android,Glowup,79.09677419354838,15.903225806451612,Organic
2026-08-01T00:00:00,巴西,iOS,Smooth,709.0,562.5,Organic
2026-06-01T00:00:00,英国,Android,Prism,1.1481481481481481,0.37037037037037035,Organic
2026-05-01T00:00:00,美国,Android,Whiten,0.0,0.0,Organic
2026-05-01T00:00:00,英国,Android,Stamp,1.3870967741935485,0.25806451612903225,Organic
2026-07-01T00:00:00,美国,Android,AI Retouch,151.03225806451613,53.58064516129032,Organic
2026-05-01T00:00:00,巴西,iOS,Details,63.03225806451613,19.161290322580644,Organic
2026-07-01T00:00:00,美国,iOS,Mykit,90.64516129032258,0.0,Organic
2026-07-01T00:00:00,巴西,Android,Details,14.580645161290322,6.032258064516129,Organic
2026-02-01T00:00:00,巴西,Android,Acne,111.46428571428571,81.42857142857143,Organic
2026-04-01T00:00:00,美国,iOS,Preset,162.76666666666668,14.033333333333333,Organic
2026-03-01T00:00:00,美国,iOS,Face,836.3870967741935,373.64516129032256,Organic
2026-06-01T00:00:00,英国,Android,Expression,3.8518518518518516,1.1481481481481481,Organic
2026-02-01T00:00:00,英国,Android,Eye Brighten,3.892857142857143,2.75,Organic
2026-01-01T00:00:00,美国,iOS,Reshape,375.1290322580645,249.2258064516129,Organic
2026-03-01T00:00:00,墨西哥,iOS,Stamp,4.774193548387097,1.1290322580645162,Organic
2026-03-01T00:00:00,巴西,Android,Expression,57.45161290322581,16.70967741935484,Organic
2026-07-01T00:00:00,英国,Android,Face Fix,6.064516129032258,1.8709677419354838,Organic
2026-05-01T00:00:00,巴西,Android,Flawless,0.0,0.0,Organic
2026-07-01T00:00:00,美国,Android,AI Expand,10.516129032258064,4.935483870967742,Organic
2026-06-01T00:00:00,巴西,iOS,Stamp,53.22222222222222,9.62962962962963,Organic
2026-07-01T00:00:00,墨西哥,Android,Face,37.25806451612903,14.96774193548387,Organic
2026-04-01T00:00:00,巴西,Android,Text,28.833333333333332,3.7333333333333334,Organic
2026-05-01T00:00:00,巴西,iOS,Stamp,42.193548387096776,9.548387096774194,Organic
2026-06-01T00:00:00,巴西,Android,Teeth,66.74074074074075,8.296296296296296,Organic
2026-04-01T00:00:00,英国,iOS,Face,252.13333333333333,118.26666666666667,Organic
2026-02-01T00:00:00,英国,Android,Whiten,0.0,0.0,Organic
2026-03-01T00:00:00,巴西,Android,Whiten,0.0,0.0,Organic
2026-06-01T00:00:00,墨西哥,Android,AI Expand,5.888888888888889,3.074074074074074,Organic
2026-05-01T00:00:00,英国,iOS,Hair,152.29032258064515,36.064516129032256,Organic
2026-05-01T00:00:00,巴西,Android,Stamp,18.516129032258064,3.6774193548387095,Organic
2026-05-01T00:00:00,巴西,Android,Details,19.612903225806452,7.903225806451613,Organic
2026-05-01T00:00:00,英国,Android,Mykit,4.064516129032258,0.0,Organic
2026-08-01T00:00:00,巴西,Android,Face Fix,45.333333333333336,10.5,Organic
2026-08-01T00:00:00,英国,iOS,Acne,93.83333333333333,69.16666666666667,Organic
2026-08-01T00:00:00,美国,Android,Expression,9.833333333333334,2.5,Organic
2026-06-01T00:00:00,美国,iOS,Adjust,240.88888888888889,97.74074074074075,Organic
2026-04-01T00:00:00,美国,iOS,AI Tattoo,57.6,8.6,Organic
2026-01-01T00:00:00,美国,Android,Face Fix,16.258064516129032,4.193548387096774,Organic
2026-06-01T00:00:00,英国,iOS,Muscle,34.03703703703704,8.925925925925926,Organic
2026-06-01T00:00:00,墨西哥,Android,Expression,8.148148148148149,2.5925925925925926,Organic
2026-04-01T00:00:00,美国,iOS,Plump,130.6,40.13333333333333,Organic
2026-01-01T00:00:00,美国,Android,Face,62.32258064516129,30.838709677419356,Organic
2026-07-01T00:00:00,美国,iOS,Body,440.06451612903226,268.3225806451613,Organic
2026-07-01T00:00:00,墨西哥,Android,Body,17.548387096774192,11.419354838709678,Organic
2026-06-01T00:00:00,英国,iOS,Body,116.70370370370371,62.888888888888886,Organic
2026-05-01T00:00:00,巴西,Android,Face,343.4193548387097,148.25806451612902,Organic
2026-01-01T00:00:00,英国,iOS,AI Tattoo,15.741935483870968,1.7741935483870968,Organic
2026-01-01T00:00:00,巴西,Android,Filters,592.516129032258,168.6451612903226,Organic
2026-02-01T00:00:00,英国,iOS,Adjust,51.964285714285715,18.285714285714285,Organic
2026-05-01T00:00:00,英国,Android,Face,26.741935483870968,13.225806451612904,Organic
2026-01-01T00:00:00,巴西,iOS,Background,238.48387096774192,17.258064516129032,Organic
2026-02-01T00:00:00,英国,Android,Brighten,4.571428571428571,2.8214285714285716,Organic
2026-07-01T00:00:00,墨西哥,Android,AI Tattoo,5.064516129032258,1.4516129032258065,Organic
2026-05-01T00:00:00,墨西哥,iOS,AI Repair,18.387096774193548,6.225806451612903,Organic
2026-06-01T00:00:00,美国,iOS,Glowup,302.81481481481484,91.37037037037037,Organic
2026-05-01T00:00:00,美国,Android,Resize,13.096774193548388,6.451612903225806,Organic
2026-02-01T00:00:00,墨西哥,iOS,Dark Circles,10.178571428571429,7.392857142857143,Organic
2026-08-01T00:00:00,巴西,Android,Concealer,29.666666666666668,14.5,Organic
2026-06-01T00:00:00,巴西,iOS,Mykit,81.18518518518519,0.0,Organic
2026-05-01T00:00:00,巴西,Android,Prism,19.032258064516128,7.548387096774194,Organic
2026-05-01T00:00:00,英国,Android,AI Replace,2.096774193548387,1.0,Organic
2026-05-01T00:00:00,英国,iOS,Bokeh,12.096774193548388,2.3225806451612905,Organic
2026-05-01T00:00:00,墨西哥,Android,AI Retouch,41.67741935483871,15.580645161290322,Organic
2026-05-01T00:00:00,英国,iOS,Face Fix,63.806451612903224,8.741935483870968,Organic
2026-05-01T00:00:00,英国,iOS,Smooth,162.16129032258064,118.2258064516129,Organic
2026-03-01T00:00:00,巴西,Android,Crop,133.29032258064515,105.64516129032258,Organic
2026-08-01T00:00:00,英国,iOS,Reshape,140.16666666666666,85.0,Organic
2026-08-01T00:00:00,巴西,iOS,Text,39.666666666666664,4.333333333333333,Organic
2026-08-01T00:00:00,墨西哥,iOS,Body,61.5,38.5,Organic
2026-06-01T00:00:00,墨西哥,Android,Adjust,18.48148148148148,8.555555555555555,Organic
2026-04-01T00:00:00,墨西哥,iOS,Contour,4.533333333333333,2.066666666666667,Organic
2026-07-01T00:00:00,墨西哥,Android,Eye Brighten,2.4838709677419355,1.7096774193548387,Organic
2026-02-01T00:00:00,墨西哥,iOS,Bokeh,4.928571428571429,1.5,Organic
2026-01-01T00:00:00,美国,iOS,Face,861.1612903225806,398.9032258064516,Organic
2026-01-01T00:00:00,巴西,Android,Body,197.6451612903226,120.83870967741936,Organic
2026-03-01T00:00:00,墨西哥,Android,Mykit,6.580645161290323,0.0,Organic
2026-06-01T00:00:00,英国,iOS,Eraser,108.22222222222223,57.407407407407405,Organic
2026-06-01T00:00:00,墨西哥,Android,AI Replace,4.444444444444445,2.259259259259259,Organic
2026-02-01T00:00:00,英国,iOS,AI Retouch,204.85714285714286,69.92857142857143,Organic
2026-05-01T00:00:00,美国,Android,Glowup,20.419354838709676,6.838709677419355,Organic
2026-08-01T00:00:00,美国,iOS,Filters,1098.0,366.0,Organic
2026-06-01T00:00:00,美国,Android,Glitter,12.222222222222221,2.185185185185185,Organic
2026-06-01T00:00:00,墨西哥,Android,Glowup,10.814814814814815,2.3333333333333335,Organic
2026-06-01T00:00:00,墨西哥,iOS,Adjust,19.185185185185187,7.703703703703703,Organic
2026-03-01T00:00:00,英国,Android,Body,8.258064516129032,4.741935483870968,Organic
2026-04-01T00:00:00,墨西哥,iOS,AI Retouch,68.63333333333334,20.833333333333332,Organic
2026-05-01T00:00:00,美国,Android,Reshape,29.516129032258064,17.741935483870968,Organic
2026-05-01T00:00:00,英国,Android,Blur,4.0,2.3548387096774195,Organic
2026-07-01T00:00:00,墨西哥,iOS,Smooth,42.45161290322581,27.161290322580644,Organic
2026-07-01T00:00:00,巴西,Android,Clean Skin,40.96,25.84,Organic
2026-04-01T00:00:00,墨西哥,Android,Matte,3.933333333333333,1.6,Organic
2026-04-01T00:00:00,巴西,iOS,Effects,287.0,3.6666666666666665,Organic
2026-02-01T00:00:00,墨西哥,iOS,AI Expand,6.25,2.392857142857143,Organic
2026-01-01T00:00:00,英国,Android,Concealer,5.612903225806452,2.4838709677419355,Organic
2026-04-01T00:00:00,墨西哥,Android,Mykit,8.3,0.0,Organic
2026-01-01T00:00:00,巴西,Android,Crop,195.1290322580645,151.32258064516128,Organic
2026-05-01T00:00:00,美国,Android,Details,10.35483870967742,4.451612903225806,Organic
2026-02-01T00:00:00,美国,iOS,AI Replace,53.57142857142857,24.0,Organic
2026-04-01T00:00:00,巴西,Android,Face Fix,74.8,17.966666666666665,Organic
2026-04-01T00:00:00,英国,Android,Smooth,19.866666666666667,14.9,Organic
2026-08-01T00:00:00,美国,Android,Text,6.333333333333333,1.1666666666666667,Organic
2026-08-01T00:00:00,英国,iOS,AI Repair,56.166666666666664,19.666666666666668,Organic
2026-08-01T00:00:00,墨西哥,iOS,Adjust,55.833333333333336,20.5,Organic
2026-08-01T00:00:00,英国,Android,Smooth,11.5,9.0,Organic
2026-07-01T00:00:00,巴西,Android,Face,293.2258064516129,124.35483870967742,Organic
2026-08-01T00:00:00,墨西哥,Android,Whiten,0.0,0.0,Organic
2026-05-01T00:00:00,美国,Android,Eye Brighten,9.387096774193548,6.709677419354839,Organic
2026-07-01T00:00:00,巴西,iOS,Expression,125.16129032258064,20.129032258064516,Organic
2026-07-01T00:00:00,美国,Android,Dark Circles,16.806451612903224,9.161290322580646,Organic
2026-04-01T00:00:00,墨西哥,iOS,Acne,27.6,19.466666666666665,Organic
2026-04-01T00:00:00,美国,Android,AI Image,28.7,4.566666666666666,Organic
2026-03-01T00:00:00,巴西,iOS,Effects,218.6451612903226,3.5806451612903225,Organic
2026-04-01T00:00:00,美国,Android,AI Retouch,64.13333333333334,28.233333333333334,Organic
2026-02-01T00:00:00,英国,Android,Relight,5.071428571428571,1.9642857142857142,Organic
2026-08-01T00:00:00,墨西哥,iOS,Plump,12.166666666666666,2.3333333333333335,Organic
2026-06-01T00:00:00,墨西哥,iOS,Glowup,13.666666666666666,3.074074074074074,Organic
2026-03-01T00:00:00,英国,Android,Brighten,7.806451612903226,4.258064516129032,Organic
2026-03-01T00:00:00,巴西,Android,Adjust,169.38709677419354,93.70967741935483,Organic
2026-02-01T00:00:00,英国,Android,Skin Tone,8.535714285714286,5.678571428571429,Organic
2026-04-01T00:00:00,英国,Android,Plump,6.9,2.1333333333333333,Organic
2026-06-01T00:00:00,美国,Android,Background,22.22222222222222,4.555555555555555,Organic
2026-03-01T00:00:00,英国,iOS,Crop,24.64516129032258,18.580645161290324,Organic
2026-05-01T00:00:00,墨西哥,iOS,Body,34.54838709677419,22.096774193548388,Organic
2026-07-01T00:00:00,英国,iOS,Text,13.064516129032258,1.1290322580645162,Organic
2026-08-01T00:00:00,巴西,Android,AI Tattoo,28.833333333333332,5.166666666666667,Organic
2026-08-01T00:00:00,墨西哥,iOS,Background,30.666666666666668,0.8333333333333334,Organic
2026-08-01T00:00:00,英国,Android,Preset,3.5,0.3333333333333333,Organic
2026-05-01T00:00:00,英国,iOS,Mykit,29.032258064516128,0.0,Organic
2026-01-01T00:00:00,巴西,Android,Plump,157.74193548387098,63.03225806451613,Organic
2026-01-01T00:00:00,墨西哥,iOS,Relight,20.258064516129032,7.935483870967742,Organic
2026-04-01T00:00:00,巴西,Android,Acne,128.8,94.6,Organic
2026-04-01T00:00:00,英国,iOS,AI Repair,29.7,9.3,Organic
2026-02-01T00:00:00,美国,iOS,Mykit,71.42857142857143,0.0,Organic
2026-07-01T00:00:00,美国,iOS,Concealer,183.38709677419354,77.41935483870968,Organic
2026-04-01T00:00:00,英国,iOS,Magic,226.16666666666666,112.6,Organic
2026-07-01T00:00:00,墨西哥,iOS,Resize,12.258064516129032,4.290322580645161,Organic
2026-05-01T00:00:00,墨西哥,Android,Concealer,7.064516129032258,2.2580645161290325,Organic
2026-01-01T00:00:00,英国,Android,Resize,4.064516129032258,2.193548387096774,Organic
2026-08-01T00:00:00,美国,Android,AI Retouch,57.166666666666664,22.0,Organic
2026-03-01T00:00:00,墨西哥,Android,Details,3.3548387096774195,1.6451612903225807,Organic
2026-03-01T00:00:00,巴西,iOS,Crop,281.0967741935484,205.96774193548387,Organic
2026-06-01T00:00:00,英国,Android,Background,4.888888888888889,0.9259259259259259,Organic
2026-03-01T00:00:00,巴西,Android,AI Repair,70.48387096774194,32.29032258064516,Organic
2026-05-01T00:00:00,英国,iOS,Reshape,129.1290322580645,77.29032258064517,Organic
2026-05-01T00:00:00,墨西哥,Android,Eye Brighten,3.3225806451612905,2.064516129032258,Organic
2026-07-01T00:00:00,英国,Android,Bokeh,1.7096774193548387,0.22580645161290322,Organic
2026-08-01T00:00:00,墨西哥,Android,Adjust,16.0,6.5,Organic
2026-07-01T00:00:00,英国,iOS,AI Replace,13.774193548387096,6.193548387096774,Organic
2026-02-01T00:00:00,美国,iOS,Background,136.14285714285714,19.964285714285715,Organic
2026-03-01T00:00:00,英国,Android,Resize,6.032258064516129,3.096774193548387,Organic
2026-07-01T00:00:00,巴西,Android,Filters,375.64516129032256,143.7741935483871,Organic
2026-08-01T00:00:00,墨西哥,Android,Matte,1.3333333333333333,0.5,Organic
2026-07-01T00:00:00,墨西哥,iOS,Preset,16.870967741935484,0.7741935483870968,Organic
2026-04-01T00:00:00,墨西哥,Android,AI Tattoo,7.4,1.8333333333333333,Organic
2026-06-01T00:00:00,美国,Android,AI Expand,8.074074074074074,3.5185185185185186,Organic
2026-01-01T00:00:00,英国,Android,Makeup,14.516129032258064,8.064516129032258,Organic
2026-03-01T00:00:00,英国,Android,Effects,11.64516129032258,0.5161290322580645,Organic
2026-08-01T00:00:00,墨西哥,iOS,Eraser,49.5,27.333333333333332,Organic
2026-08-01T00:00:00,美国,iOS,Flawless,0.0,0.0,Organic
2026-06-01T00:00:00,巴西,Android,Glitter,29.11111111111111,5.777777777777778,Organic
2026-07-01T00:00:00,巴西,Android,Stamp,18.580645161290324,3.7096774193548385,Organic
2026-04-01T00:00:00,墨西哥,Android,Plump,8.033333333333333,2.033333333333333,Organic
2026-02-01T00:00:00,墨西哥,Android,AI Expand,6.607142857142857,2.75,Organic
2026-06-01T00:00:00,巴西,Android,Filters,382.962962962963,151.07407407407408,Organic
2026-07-01T00:00:00,美国,iOS,Matte,75.54838709677419,40.903225806451616,Organic
2026-02-01T00:00:00,巴西,iOS,Eye Brighten,107.78571428571429,80.28571428571429,Organic
2026-06-01T00:00:00,英国,iOS,Crop,34.888888888888886,25.0,Organic
2026-05-01T00:00:00,美国,iOS,Eye Brighten,114.51612903225806,71.51612903225806,Organic
2026-05-01T00:00:00,英国,iOS,Preset,57.38709677419355,3.3870967741935485,Organic
2026-05-01T00:00:00,墨西哥,iOS,Resize,11.193548387096774,4.580645161290323,Organic
2026-01-01T00:00:00,巴西,Android,Effects,151.70967741935485,10.516129032258064,Organic
2026-04-01T00:00:00,美国,Android,Expression,12.633333333333333,4.6,Organic
2026-04-01T00:00:00,英国,Android,Background,8.866666666666667,1.3,Organic
2026-04-01T00:00:00,巴西,Android,Dark Circles,58.833333333333336,39.733333333333334,Organic
2026-05-01T00:00:00,墨西哥,iOS,Adjust,20.870967741935484,9.225806451612904,Organic
2026-02-01T00:00:00,英国,Android,AI Retouch,21.25,9.357142857142858,Organic
2026-01-01T00:00:00,英国,iOS,Resize,47.25806451612903,21.64516129032258,Organic
2026-01-01T00:00:00,英国,Android,AI Image,8.419354838709678,1.3870967741935485,Organic
2026-01-01T00:00:00,美国,iOS,Makeup,440.48387096774195,198.3548387096774,Organic
2026-05-01T00:00:00,墨西哥,Android,Flawless,0.0,0.0,Organic
2026-02-01T00:00:00,巴西,iOS,Contour,70.92857142857143,37.964285714285715,Organic
2026-06-01T00:00:00,墨西哥,Android,Plump,6.148148148148148,1.5555555555555556,Organic
2026-02-01T00:00:00,墨西哥,iOS,AI Replace,3.142857142857143,1.3928571428571428,Organic
2026-08-01T00:00:00,美国,iOS,AI Retouch,944.0,330.0,Organic
2026-08-01T00:00:00,美国,Android,Adjust,26.0,14.666666666666666,Organic
2026-04-01T00:00:00,巴西,Android,Teeth,89.2,0.0,Organic
2026-07-01T00:00:00,巴西,iOS,Adjust,547.1290322580645,259.16129032258067,Organic
2026-07-01T00:00:00,墨西哥,Android,Resize,6.193548387096774,2.903225806451613,Organic
2026-04-01T00:00:00,墨西哥,iOS,Whiten,0.0,0.0,Organic
2026-03-01T00:00:00,巴西,Android,Muscle,66.38709677419355,23.483870967741936,Organic
2026-08-01T00:00:00,墨西哥,Android,Expression,6.5,1.8333333333333333,Organic
2026-01-01T00:00:00,美国,Android,Magic,64.51612903225806,33.354838709677416,Organic
2026-04-01T00:00:00,美国,iOS,Acne,318.6333333333333,231.66666666666666,Organic
2026-02-01T00:00:00,巴西,iOS,Teeth,341.85714285714283,0.0,Organic
2026-04-01T00:00:00,巴西,iOS,AI Expand,98.7,41.4,Organic
2026-04-01T00:00:00,巴西,Android,AI Repair,84.6,38.333333333333336,Organic
2026-03-01T00:00:00,墨西哥,Android,Matte,2.870967741935484,1.096774193548387,Organic
2026-04-01T00:00:00,美国,Android,Whiten,0.0,0.0,Organic
2026-06-01T00:00:00,英国,iOS,Background,62.03703703703704,6.185185185185185,Organic
2026-05-01T00:00:00,巴西,iOS,Magic,1381.2903225806451,767.2258064516129,Organic
2026-05-01T00:00:00,巴西,Android,Makeup,215.67741935483872,120.38709677419355,Organic
2026-04-01T00:00:00,美国,Android,Matte,6.533333333333333,3.533333333333333,Organic
2026-07-01T00:00:00,墨西哥,iOS,Bokeh,5.387096774193548,1.1290322580645162,Organic
2026-01-01T00:00:00,墨西哥,iOS,Teeth,14.516129032258064,0.0,Organic
2026-02-01T00:00:00,巴西,iOS,Concealer,263.82142857142856,124.67857142857143,Organic
2026-03-01T00:00:00,巴西,iOS,Eraser,485.2258064516129,267.03225806451616,Organic
2026-03-01T00:00:00,墨西哥,iOS,Acne,24.580645161290324,18.580645161290324,Organic
2026-04-01T00:00:00,美国,Android,Brighten,14.766666666666667,8.4,Organic
2026-05-01T00:00:00,英国,iOS,Text,12.096774193548388,1.0,Organic
2026-08-01T00:00:00,墨西哥,iOS,Matte,5.5,3.3333333333333335,Organic
2026-02-01T00:00:00,巴西,Android,Face Fix,68.14285714285714,15.25,Organic
2026-06-01T00:00:00,墨西哥,iOS,Smooth,31.59259259259259,24.962962962962962,Organic
2026-06-01T00:00:00,墨西哥,Android,Dark Circles,4.777777777777778,3.259259259259259,Organic
2026-07-01T00:00:00,英国,iOS,Brighten,37.96774193548387,19.193548387096776,Organic
2026-03-01T00:00:00,巴西,Android,Stamp,24.322580645161292,4.193548387096774,Organic
2026-08-01T00:00:00,巴西,iOS,AI Replace,34.166666666666664,13.5,Organic
2026-08-01T00:00:00,美国,iOS,Expression,108.16666666666667,24.166666666666668,Organic
2026-08-01T00:00:00,美国,Android,Glowup,18.5,6.833333333333333,Organic
2026-03-01T00:00:00,墨西哥,Android,Preset,10.96774193548387,1.032258064516129,Organic
2026-01-01T00:00:00,英国,iOS,AI Replace,13.0,5.548387096774194,Organic
2026-04-01T00:00:00,墨西哥,iOS,Preset,13.0,0.8,Organic
2026-05-01T00:00:00,墨西哥,Android,Glitter,6.387096774193548,0.8387096774193549,Organic
2026-06-01T00:00:00,巴西,iOS,Blur,285.44444444444446,191.92592592592592,Organic
2026-06-01T00:00:00,美国,iOS,Expression,100.07407407407408,21.74074074074074,Organic
2026-04-01T00:00:00,美国,iOS,Face Fix,201.6,32.4,Organic
2026-02-01T00:00:00,英国,iOS,Expression,29.214285714285715,5.678571428571429,Organic
2026-01-01T00:00:00,英国,iOS,Face,257.51612903225805,120.61290322580645,Organic
2026-05-01T00:00:00,墨西哥,Android,Resize,8.612903225806452,4.387096774193548,Organic
2026-02-01T00:00:00,美国,Android,Prism,4.071428571428571,1.1428571428571428,Organic
2026-05-01T00:00:00,英国,Android,Magic,25.870967741935484,13.451612903225806,Organic
2026-01-01T00:00:00,巴西,iOS,Crop,329.64516129032256,241.19354838709677,Organic
2026-03-01T00:00:00,美国,iOS,AI Tattoo,47.58064516129032,6.935483870967742,Organic
2026-02-01T00:00:00,巴西,iOS,Body,491.57142857142856,345.35714285714283,Organic
2026-04-01T00:00:00,英国,Android,Body,8.933333333333334,4.766666666666667,Organic
2026-06-01T00:00:00,英国,Android,Stamp,1.0740740740740742,0.14814814814814814,Organic
2026-08-01T00:00:00,英国,Android,Reshape,9.0,5.666666666666667,Organic
2026-04-01T00:00:00,巴西,iOS,Teeth,357.56666666666666,0.0,Organic
2026-05-01T00:00:00,美国,Android,Glitter,9.129032258064516,1.7741935483870968,Organic
2026-02-01T00:00:00,美国,Android,Text,7.0,1.1785714285714286,Organic
2026-03-01T00:00:00,美国,iOS,Face Fix,180.16129032258064,26.032258064516128,Organic
2026-04-01T00:00:00,美国,Android,Contour,7.966666666666667,4.466666666666667,Organic
2026-07-01T00:00:00,美国,iOS,Resize,178.6451612903226,76.2258064516129,Organic
2026-04-01T00:00:00,巴西,iOS,Hair,626.9333333333333,170.86666666666667,Organic
2026-05-01T00:00:00,英国,Android,AI Tattoo,2.3548387096774195,0.3870967741935484,Organic
2026-07-01T00:00:00,巴西,iOS,Stamp,51.516129032258064,10.0,Organic
2026-08-01T00:00:00,英国,Android,Crop,4.333333333333333,3.3333333333333335,Organic
2026-06-01T00:00:00,美国,iOS,Acne,316.51851851851853,223.74074074074073,Organic
2026-02-01T00:00:00,巴西,iOS,Hair,469.7857142857143,136.07142857142858,Organic
2026-08-01T00:00:00,巴西,iOS,Details,49.666666666666664,15.333333333333334,Organic
2026-08-01T00:00:00,巴西,Android,Bokeh,20.166666666666668,7.0,Organic
2026-02-01T00:00:00,美国,iOS,Bokeh,36.964285714285715,9.142857142857142,Organic
2026-01-01T00:00:00,墨西哥,iOS,Eraser,27.387096774193548,16.096774193548388,Organic
2026-04-01T00:00:00,美国,iOS,AI Retouch,771.3,258.53333333333336,Organic
2026-04-01T00:00:00,英国,Android,Eraser,15.166666666666666,8.266666666666667,Organic
2026-07-01T00:00:00,巴西,iOS,Muscle,90.06451612903226,21.451612903225808,Organic
2026-01-01T00:00:00,美国,iOS,Details,80.29032258064517,28.806451612903224,Organic
2026-03-01T00:00:00,英国,iOS,Skin Tone,89.41935483870968,62.74193548387097,Organic
2026-04-01T00:00:00,墨西哥,iOS,Plump,10.433333333333334,2.2,Organic
2026-01-01T00:00:00,巴西,Android,Reshape,314.6774193548387,213.1290322580645,Organic
2026-01-01T00:00:00,墨西哥,iOS,Resize,13.903225806451612,6.774193548387097,Organic
2026-02-01T00:00:00,墨西哥,Android,Relight,9.178571428571429,3.892857142857143,Organic
2026-01-01T00:00:00,美国,iOS,Preset,126.58064516129032,12.935483870967742,Organic
2026-06-01T00:00:00,英国,Android,Reshape,9.703703703703704,6.2592592592592595,Organic
2026-05-01T00:00:00,英国,iOS,AI Replace,14.129032258064516,5.903225806451613,Organic
2026-06-01T00:00:00,巴西,Android,Collarbone,0.0,0.0,Organic
2026-06-01T00:00:00,墨西哥,Android,Brighten,5.148148148148148,2.6296296296296298,Organic
2026-04-01T00:00:00,墨西哥,iOS,AI Tattoo,7.666666666666667,1.3333333333333333,Organic
2026-02-01T00:00:00,墨西哥,Android,Face Fix,6.607142857142857,1.4642857142857142,Organic
2026-02-01T00:00:00,英国,Android,Glowup,7.785714285714286,2.6785714285714284,Organic
2026-06-01T00:00:00,墨西哥,iOS,Mykit,5.62962962962963,0.0,Organic
2026-03-01T00:00:00,英国,Android,Plump,6.290322580645161,2.0,Organic
2026-08-01T00:00:00,巴西,Android,Mykit,25.5,0.0,Organic
2026-08-01T00:00:00,巴西,iOS,Bokeh,83.5,26.0,Organic
2026-03-01T00:00:00,巴西,Android,Reshape,201.61290322580646,142.5483870967742,Organic
2026-06-01T00:00:00,墨西哥,iOS,Bokeh,3.5185185185185186,0.8518518518518519,Organic
2026-05-01T00:00:00,巴西,iOS,Dark Circles,234.80645161290323,197.93548387096774,Organic
2026-03-01T00:00:00,巴西,iOS,Brighten,179.48387096774192,99.93548387096774,Organic
2026-08-01T00:00:00,巴西,iOS,Face Fix,197.66666666666666,29.166666666666668,Organic
2026-02-01T00:00:00,美国,Android,Adjust,21.25,10.107142857142858,Organic
2026-06-01T00:00:00,墨西哥,Android,Matte,2.4814814814814814,1.2592592592592593,Organic
2026-02-01T00:00:00,巴西,iOS,Resize,327.75,174.89285714285714,Organic
2026-06-01T00:00:00,巴西,Android,Eye Brighten,23.11111111111111,13.851851851851851,Organic
2026-03-01T00:00:00,美国,Android,Makeup,40.25806451612903,24.387096774193548,Organic
2026-04-01T00:00:00,巴西,Android,Muscle,73.6,24.6,Organic
2026-04-01T00:00:00,巴西,iOS,Body,497.2,328.3333333333333,Organic
2026-02-01T00:00:00,美国,iOS,Plump,125.10714285714286,37.892857142857146,Organic
2026-01-01T00:00:00,英国,iOS,Magic,219.58064516129033,117.3225806451613,Organic
2026-06-01T00:00:00,巴西,Android,Hair,322.44444444444446,87.77777777777777,Organic
2026-03-01T00:00:00,巴西,iOS,AI Repair,156.29032258064515,59.516129032258064,Organic
2026-03-01T00:00:00,美国,Android,Stamp,5.032258064516129,1.4838709677419355,Organic
2026-04-01T00:00:00,英国,iOS,Prism,4.933333333333334,1.2,Organic
2026-03-01T00:00:00,美国,Android,AI Image,27.258064516129032,4.290322580645161,Organic
2026-01-01T00:00:00,美国,iOS,Stamp,26.774193548387096,6.806451612903226,Organic
2026-05-01T00:00:00,巴西,iOS,Face,1304.2903225806451,524.3225806451613,Organic
2026-08-01T00:00:00,墨西哥,iOS,Expression,11.5,2.8333333333333335,Organic
2026-08-01T00:00:00,巴西,Android,Face,256.0,118.0,Organic
2026-01-01T00:00:00,巴西,iOS,Filters,1484.2903225806451,239.0,Organic
2026-01-01T00:00:00,墨西哥,Android,Makeup,39.87096774193548,21.387096774193548,Organic
2026-08-01T00:00:00,美国,iOS,Glitter,79.33333333333333,13.833333333333334,Organic
2026-05-01T00:00:00,墨西哥,Android,Relight,18.419354838709676,7.193548387096774,Organic
2026-02-01T00:00:00,墨西哥,iOS,Text,2.392857142857143,0.21428571428571427,Organic
2026-01-01T00:00:00,墨西哥,Android,Stamp,7.580645161290323,1.2258064516129032,Organic
2026-01-01T00:00:00,英国,iOS,Concealer,56.54838709677419,26.096774193548388,Organic
2026-08-01T00:00:00,美国,iOS,Matte,76.66666666666667,46.166666666666664,Organic
2026-05-01T00:00:00,墨西哥,Android,Filters,54.774193548387096,16.64516129032258,Organic
2026-04-01T00:00:00,英国,Android,Flawless,0.0,0.0,Organic
2026-02-01T00:00:00,英国,Android,Matte,2.2142857142857144,1.1428571428571428,Organic
2026-02-01T00:00:00,美国,Android,Expression,10.428571428571429,4.0,Organic
2026-03-01T00:00:00,英国,Android,Blur,7.419354838709677,4.290322580645161,Organic
2026-01-01T00:00:00,英国,iOS,Blur,38.29032258064516,24.580645161290324,Organic
2026-05-01T00:00:00,巴西,iOS,AI Replace,41.645161290322584,13.741935483870968,Organic
2026-08-01T00:00:00,英国,Android,Contour,1.5,0.3333333333333333,Organic
2026-06-01T00:00:00,美国,Android,Eraser,38.148148148148145,17.444444444444443,Organic
2026-08-01T00:00:00,英国,Android,AI Repair,5.0,1.8333333333333333,Organic
2026-08-01T00:00:00,巴西,iOS,Matte,33.333333333333336,15.333333333333334,Organic
2026-05-01T00:00:00,美国,Android,Teeth,19.451612903225808,0.0,Organic
2026-02-01T00:00:00,墨西哥,iOS,Mykit,5.392857142857143,0.0,Organic
2026-07-01T00:00:00,英国,Android,Expression,3.4516129032258065,0.9354838709677419,Organic
2026-08-01T00:00:00,英国,Android,Collarbone,0.0,0.0,Organic
2026-06-01T00:00:00,巴西,iOS,Face Fix,217.37037037037038,39.55555555555556,Organic
2026-07-01T00:00:00,墨西哥,iOS,Mykit,7.709677419354839,0.0,Organic
2026-05-01T00:00:00,英国,Android,Face Fix,5.580645161290323,1.3870967741935485,Organic
2026-01-01T00:00:00,美国,iOS,Glowup,241.80645161290323,78.03225806451613,Organic
2026-01-01T00:00:00,美国,Android,Blur,9.774193548387096,5.67741935483871,Organic
2026-04-01T00:00:00,巴西,Android,Whiten,0.0,0.0,Organic
2026-01-01T00:00:00,巴西,Android,Background,137.8709677419355,19.193548387096776,Organic
2026-01-01T00:00:00,美国,iOS,Contour,75.25806451612904,38.96774193548387,Organic
2026-04-01T00:00:00,墨西哥,Android,Preset,14.5,1.0666666666666667,Organic
2026-07-01T00:00:00,美国,Android,AI Replace,13.161290322580646,6.096774193548387,Organic
2026-02-01T00:00:00,英国,Android,Filters,21.928571428571427,6.678571428571429,Organic
2026-06-01T00:00:00,英国,iOS,Filters,293.3703703703704,68.85185185185185,Organic
2026-01-01T00:00:00,巴西,iOS,Prism,59.58064516129032,18.612903225806452,Organic
2026-07-01T00:00:00,英国,iOS,Relight,235.2258064516129,118.41935483870968,Organic
2026-07-01T00:00:00,英国,iOS,Dark Circles,39.225806451612904,26.483870967741936,Organic
2026-01-01T00:00:00,巴西,iOS,Effects,316.5806451612903,2.5161290322580645,Organic
2026-07-01T00:00:00,墨西哥,iOS,Glowup,22.129032258064516,4.774193548387097,Organic
2026-05-01T00:00:00,巴西,iOS,Concealer,244.25806451612902,112.38709677419355,Organic
2026-07-01T00:00:00,英国,iOS,Acne,89.96774193548387,63.774193548387096,Organic
2026-01-01T00:00:00,巴西,Android,Eraser,309.4193548387097,168.09677419354838,Organic
2026-04-01T00:00:00,巴西,iOS,Text,45.63333333333333,4.033333333333333,Organic
2026-06-01T00:00:00,美国,Android,Brighten,14.518518518518519,7.62962962962963,Organic
2026-02-01T00:00:00,英国,Android,Adjust,6.428571428571429,3.1785714285714284,Organic
2026-06-01T00:00:00,巴西,iOS,Text,42.0,3.962962962962963,Organic
2026-06-01T00:00:00,英国,iOS,Effects,91.07407407407408,1.5925925925925926,Organic
2026-06-01T00:00:00,巴西,iOS,Muscle,99.92592592592592,24.11111111111111,Organic
2026-06-01T00:00:00,巴西,Android,Flawless,0.0,0.0,Organic
2026-02-01T00:00:00,巴西,Android,Concealer,86.64285714285714,38.67857142857143,Organic
2026-08-01T00:00:00,英国,Android,Details,2.1666666666666665,0.6666666666666666,Organic
2026-06-01T00:00:00,英国,Android,Effects,7.074074074074074,0.18518518518518517,Organic
2026-05-01T00:00:00,巴西,Android,Smooth,146.16129032258064,110.06451612903226,Organic
2026-07-01T00:00:00,巴西,Android,Skin Tone,59.935483870967744,37.41935483870968,Organic
2026-02-01T00:00:00,英国,Android,Flawless,0.0,0.0,Organic
2026-01-01T00:00:00,美国,Android,Stamp,4.258064516129032,1.064516129032258,Organic
2026-01-01T00:00:00,英国,iOS,Body,59.935483870967744,37.74193548387097,Organic
2026-04-01T00:00:00,英国,iOS,Makeup,119.3,44.233333333333334,Organic
2026-04-01T00:00:00,墨西哥,Android,Background,14.566666666666666,1.6666666666666667,Organic
2026-02-01T00:00:00,美国,Android,AI Replace,9.142857142857142,4.642857142857143,Organic
2026-04-01T00:00:00,英国,iOS,Flawless,0.0,0.0,Organic
2026-05-01T00:00:00,美国,Android,Hair,48.38709677419355,17.193548387096776,Organic
2026-03-01T00:00:00,英国,iOS,Prism,3.5806451612903225,0.5806451612903226,Organic
2026-02-01T00:00:00,墨西哥,Android,Bokeh,4.285714285714286,1.0714285714285714,Organic
2026-03-01T00:00:00,英国,Android,Concealer,9.290322580645162,3.5483870967741935,Organic
2026-07-01T00:00:00,英国,Android,Text,1.7419354838709677,0.1935483870967742,Organic
2026-04-01T00:00:00,英国,iOS,Smooth,139.46666666666667,104.9,Organic
2026-02-01T00:00:00,美国,iOS,Effects,171.07142857142858,5.178571428571429,Organic
2026-05-01T00:00:00,墨西哥,Android,Teeth,7.741935483870968,0.0,Organic
2026-07-01T00:00:00,墨西哥,Android,Face Fix,7.032258064516129,1.7096774193548387,Organic
2026-01-01T00:00:00,巴西,Android,Muscle,103.48387096774194,36.193548387096776,Organic
2026-05-01T00:00:00,墨西哥,iOS,Expression,8.290322580645162,2.3548387096774195,Organic
2026-03-01T00:00:00,英国,iOS,Mykit,22.032258064516128,0.0,Organic
2026-05-01T00:00:00,墨西哥,iOS,Muscle,5.935483870967742,1.8709677419354838,Organic
2026-06-01T00:00:00,美国,Android,Plump,13.703703703703704,4.777777777777778,Organic
2026-03-01T00:00:00,美国,iOS,Blur,116.54838709677419,67.6774193548387,Organic
2026-03-01T00:00:00,英国,iOS,Makeup,123.93548387096774,47.193548387096776,Organic
2026-05-01T00:00:00,英国,iOS,Details,26.838709677419356,9.419354838709678,Organic
2026-06-01T00:00:00,墨西哥,Android,Face,37.851851851851855,17.14814814814815,Organic
2026-02-01T00:00:00,美国,iOS,Text,33.92857142857143,4.464285714285714,Organic
2026-01-01T00:00:00,美国,iOS,Smooth,476.03225806451616,370.1290322580645,Organic
2026-02-01T00:00:00,英国,iOS,Preset,41.607142857142854,4.035714285714286,Organic
2026-08-01T00:00:00,美国,iOS,Clean Skin,213.33333333333334,130.0,Organic
2026-05-01T00:00:00,英国,iOS,Contour,26.93548387096774,14.741935483870968,Organic
2026-08-01T00:00:00,巴西,iOS,Mykit,72.83333333333333,0.0,Organic
2026-07-01T00:00:00,墨西哥,Android,Magic,35.96774193548387,13.290322580645162,Organic
2026-02-01T00:00:00,墨西哥,iOS,Relight,17.535714285714285,7.428571428571429,Organic
2026-06-01T00:00:00,美国,iOS,Hair,534.7777777777778,134.4814814814815,Organic
2026-05-01T00:00:00,美国,Android,Contour,7.870967741935484,3.3548387096774195,Organic
2026-07-01T00:00:00,巴西,Android,Relight,201.7741935483871,87.64516129032258,Organic
2026-02-01T00:00:00,墨西哥,Android,Text,2.892857142857143,0.5357142857142857,Organic
2026-02-01T00:00:00,英国,iOS,Whiten,0.0,0.0,Organic
2026-02-01T00:00:00,美国,iOS,Face Fix,173.5,25.642857142857142,Organic
2026-04-01T00:00:00,巴西,Android,Relight,249.83333333333334,112.4,Organic
2026-06-01T00:00:00,巴西,Android,AI Image,116.74074074074075,22.40740740740741,Organic
2026-05-01T00:00:00,墨西哥,iOS,Whiten,0.0,0.0,Organic
2026-04-01T00:00:00,美国,Android,Plump,12.933333333333334,5.333333333333333,Organic
2026-02-01T00:00:00,美国,iOS,Eraser,256.42857142857144,152.75,Organic
2026-02-01T00:00:00,英国,Android,Glitter,1.9285714285714286,0.21428571428571427,Organic
2026-04-01T00:00:00,英国,iOS,Details,22.4,7.166666666666667,Organic
2026-07-01T00:00:00,英国,iOS,AI Expand,10.0,2.774193548387097,Organic
2026-07-01T00:00:00,墨西哥,iOS,Reshape,41.903225806451616,23.0,Organic
2026-02-01T00:00:00,英国,Android,Expression,3.5,1.0,Organic
2026-07-01T00:00:00,巴西,Android,Glitter,24.806451612903224,3.870967741935484,Organic
2026-08-01T00:00:00,英国,Android,Hair,8.333333333333334,3.1666666666666665,Organic
2026-06-01T00:00:00,巴西,iOS,AI Replace,41.7037037037037,14.777777777777779,Organic
2026-08-01T00:00:00,巴西,Android,AI Replace,17.5,5.5,Organic
2026-01-01T00:00:00,巴西,iOS,Reshape,1271.5483870967741,991.9354838709677,Organic
2026-04-01T00:00:00,英国,iOS,Crop,27.033333333333335,20.1,Organic
2026-04-01T00:00:00,巴西,iOS,Background,219.33333333333334,16.5,Organic
2026-01-01T00:00:00,英国,iOS,Face Fix,53.45161290322581,7.806451612903226,Organic
2026-01-01T00:00:00,墨西哥,iOS,Details,5.483870967741935,1.7741935483870968,Organic
2026-01-01T00:00:00,墨西哥,iOS,Filters,59.41935483870968,12.0,Organic
2026-01-01T00:00:00,墨西哥,iOS,Contour,4.774193548387097,2.4516129032258065,Organic
2026-05-01T00:00:00,墨西哥,iOS,Concealer,10.806451612903226,3.225806451612903,Organic
2026-05-01T00:00:00,墨西哥,iOS,Stamp,4.516129032258065,1.064516129032258,Organic
2026-05-01T00:00:00,美国,iOS,Adjust,243.0,99.25806451612904,Organic
2026-05-01T00:00:00,英国,iOS,Glowup,97.35483870967742,30.548387096774192,Organic
2026-03-01T00:00:00,美国,Android,Prism,4.0,1.3225806451612903,Organic
2026-02-01T00:00:00,墨西哥,iOS,Brighten,9.464285714285714,5.428571428571429,Organic
2026-08-01T00:00:00,墨西哥,iOS,AI Retouch,71.83333333333333,24.5,Organic
2026-06-01T00:00:00,巴西,Android,AI Replace,20.25925925925926,8.148148148148149,Organic
2026-06-01T00:00:00,英国,Android,Filters,24.185185185185187,8.148148148148149,Organic
2026-06-01T00:00:00,英国,iOS,Plump,47.333333333333336,15.703703703703704,Organic
2026-05-01T00:00:00,美国,Android,Body,24.483870967741936,14.258064516129032,Organic
2026-05-01T00:00:00,英国,Android,Relight,8.258064516129032,3.903225806451613,Organic
2026-04-01T00:00:00,墨西哥,Android,Bokeh,6.3,1.9333333333333333,Organic
2026-04-01T00:00:00,巴西,Android,AI Expand,53.6,24.6,Organic
2026-03-01T00:00:00,巴西,Android,Background,89.83870967741936,12.935483870967742,Organic
2026-03-01T00:00:00,墨西哥,iOS,Makeup,36.354838709677416,18.548387096774192,Organic
2026-03-01T00:00:00,英国,iOS,AI Image,46.483870967741936,4.096774193548387,Organic
2026-02-01T00:00:00,美国,iOS,Body,198.57142857142858,126.85714285714286,Organic
2026-02-01T00:00:00,英国,Android,Resize,5.357142857142857,2.7142857142857144,Organic
2026-02-01T00:00:00,美国,Android,Muscle,7.178571428571429,2.75,Organic
2026-07-01T00:00:00,巴西,Android,Flawless,0.0,0.0,Organic
2026-07-01T00:00:00,美国,Android,Concealer,33.483870967741936,13.387096774193548,Organic
2026-07-01T00:00:00,美国,Android,Brighten,18.129032258064516,8.612903225806452,Organic
2026-07-01T00:00:00,墨西哥,Android,Concealer,4.419354838709677,1.6129032258064515,Organic
2026-07-01T00:00:00,美国,iOS,Bokeh,40.16129032258065,7.774193548387097,Organic
2026-07-01T00:00:00,英国,Android,Mykit,4.161290322580645,0.0,Organic
2026-07-01T00:00:00,美国,Android,Clean Skin,11.84,7.44,Organic
2026-07-01T00:00:00,美国,Android,Skin Tone,33.67741935483871,19.06451612903226,Organic
2026-01-01T00:00:00,巴西,Android,Matte,34.67741935483871,13.741935483870968,Organic
2026-02-01T00:00:00,英国,iOS,AI Expand,15.607142857142858,4.214285714285714,Organic
2026-03-01T00:00:00,英国,iOS,Blur,39.54838709677419,24.806451612903224,Organic
2026-01-01T00:00:00,英国,iOS,Eye Brighten,33.70967741935484,23.096774193548388,Organic
2026-02-01T00:00:00,墨西哥,Android,Glitter,4.464285714285714,0.5,Organic
2026-06-01T00:00:00,美国,Android,AI Retouch,89.74074074074075,33.333333333333336,Organic
2026-07-01T00:00:00,英国,iOS,Bokeh,12.129032258064516,1.7741935483870968,Organic
2026-05-01T00:00:00,墨西哥,iOS,Mykit,5.67741935483871,0.0,Organic
2026-08-01T00:00:00,墨西哥,Android,Acne,6.0,3.8333333333333335,Organic
2026-06-01T00:00:00,墨西哥,iOS,Text,3.0,0.2222222222222222,Organic
2026-06-01T00:00:00,美国,iOS,Teeth,233.11111111111111,42.25925925925926,Organic
2026-05-01T00:00:00,墨西哥,iOS,Makeup,33.54838709677419,18.548387096774192,Organic
2026-03-01T00:00:00,美国,Android,Smooth,34.58064516129032,27.322580645161292,Organic
2026-04-01T00:00:00,英国,iOS,Reshape,114.33333333333333,70.13333333333334,Organic
2026-06-01T00:00:00,美国,iOS,Matte,76.18518518518519,39.48148148148148,Organic
2026-01-01T00:00:00,英国,Android,Eye Brighten,3.5161290322580645,2.4838709677419355,Organic
2026-08-01T00:00:00,墨西哥,iOS,Contour,4.333333333333333,1.8333333333333333,Organic
2026-08-01T00:00:00,巴西,iOS,Skin Tone,233.16666666666666,150.0,Organic
2026-08-01T00:00:00,美国,Android,Whiten,0.0,0.0,Organic
2026-07-01T00:00:00,英国,Android,Dark Circles,3.6774193548387095,2.4193548387096775,Organic
2026-03-01T00:00:00,美国,iOS,Eraser,276.64516129032256,156.38709677419354,Organic
2026-06-01T00:00:00,美国,Android,Relight,41.074074074074076,19.62962962962963,Organic
2026-04-01T00:00:00,美国,Android,Muscle,8.333333333333334,3.1333333333333333,Organic
2026-07-01T00:00:00,巴西,iOS,Magic,1091.9354838709678,603.741935483871,Organic
2026-02-01T00:00:00,英国,Android,Crop,5.107142857142857,4.0,Organic
2026-02-01T00:00:00,美国,Android,Acne,16.428571428571427,11.25,Organic
2026-05-01T00:00:00,墨西哥,Android,Makeup,28.451612903225808,15.612903225806452,Organic
2026-04-01T00:00:00,美国,Android,Adjust,26.533333333333335,14.933333333333334,Organic
2026-02-01T00:00:00,美国,iOS,AI Image,225.89285714285714,20.142857142857142,Organic
2026-07-01T00:00:00,巴西,iOS,Concealer,172.70967741935485,81.25806451612904,Organic
2026-06-01T00:00:00,巴西,Android,Mykit,31.296296296296298,0.0,Organic
2026-02-01T00:00:00,英国,Android,Plump,4.214285714285714,1.2857142857142858,Organic
2026-05-01T00:00:00,英国,iOS,Body,112.54838709677419,63.12903225806452,Organic
2026-03-01T00:00:00,巴西,Android,Preset,78.96774193548387,8.612903225806452,Organic
2026-07-01T00:00:00,英国,iOS,Glitter,21.967741935483872,4.258064516129032,Organic
2026-06-01T00:00:00,巴西,Android,Body,116.37037037037037,67.22222222222223,Organic
2026-05-01T00:00:00,英国,iOS,Skin Tone,109.74193548387096,76.38709677419355,Organic
2026-04-01T00:00:00,英国,Android,Magic,44.166666666666664,21.5,Organic
2026-02-01T00:00:00,英国,iOS,Acne,87.21428571428571,65.28571428571429,Organic
2026-02-01T00:00:00,巴西,iOS,Makeup,640.6428571428571,326.0,Organic
2026-03-01T00:00:00,墨西哥,iOS,Magic,51.935483870967744,27.580645161290324,Organic
2026-02-01T00:00:00,美国,iOS,Glitter,55.464285714285715,10.714285714285714,Organic
2026-08-01T00:00:00,墨西哥,iOS,AI Tattoo,9.333333333333334,3.5,Organic
2026-08-01T00:00:00,墨西哥,Android,Dark Circles,3.5,2.6666666666666665,Organic
2026-08-01T00:00:00,美国,iOS,Acne,307.0,224.83333333333334,Organic
2026-03-01T00:00:00,美国,Android,Eye Brighten,9.387096774193548,7.032258064516129,Organic
2026-02-01T00:00:00,墨西哥,iOS,Blur,9.714285714285714,6.035714285714286,Organic
2026-01-01T00:00:00,墨西哥,iOS,Magic,63.67741935483871,36.41935483870968,Organic
2026-04-01T00:00:00,巴西,iOS,Glitter,84.36666666666666,11.7,Organic
2026-06-01T00:00:00,英国,iOS,Flawless,0.0,0.0,Organic
2026-02-01T00:00:00,墨西哥,iOS,Acne,24.071428571428573,18.714285714285715,Organic
2026-01-01T00:00:00,美国,iOS,Eraser,252.25806451612902,150.25806451612902,Organic
2026-04-01T00:00:00,英国,iOS,Contour,24.733333333333334,12.9,Organic
2026-08-01T00:00:00,美国,Android,Plump,11.333333333333334,4.0,Organic
2026-03-01T00:00:00,英国,iOS,Resize,41.25806451612903,19.129032258064516,Organic
2026-07-01T00:00:00,墨西哥,iOS,Skin Tone,27.93548387096774,19.129032258064516,Organic
2026-01-01T00:00:00,英国,iOS,Eraser,73.80645161290323,43.87096774193548,Organic
2026-04-01T00:00:00,巴西,Android,Hair,386.46666666666664,122.06666666666666,Organic
2026-04-01T00:00:00,墨西哥,iOS,Brighten,11.466666666666667,5.8,Organic
2026-08-01T00:00:00,美国,iOS,Glowup,315.8333333333333,107.0,Organic
2026-05-01T00:00:00,巴西,iOS,Smooth,791.6774193548387,630.741935483871,Organic
2026-08-01T00:00:00,英国,iOS,Effects,67.5,1.0,Organic
2026-03-01T00:00:00,巴西,iOS,Magic,1122.4516129032259,687.3870967741935,Organic
2026-06-01T00:00:00,美国,Android,Bokeh,7.888888888888889,3.2962962962962963,Organic
2026-08-01T00:00:00,英国,Android,Stamp,1.0,0.16666666666666666,Organic
2026-05-01T00:00:00,美国,iOS,Body,440.9032258064516,255.3548387096774,Organic
2026-04-01T00:00:00,巴西,Android,Matte,24.0,10.666666666666666,Organic
2026-08-01T00:00:00,英国,iOS,Brighten,37.166666666666664,16.166666666666668,Organic
2026-08-01T00:00:00,英国,iOS,Background,59.0,4.833333333333333,Organic
2026-06-01T00:00:00,英国,Android,Contour,2.3333333333333335,1.1481481481481481,Organic
2026-08-01T00:00:00,墨西哥,Android,Preset,8.0,0.16666666666666666,Organic
2026-05-01T00:00:00,巴西,iOS,AI Repair,299.3225806451613,104.3225806451613,Organic
2026-04-01T00:00:00,美国,iOS,Filters,668.9666666666667,176.46666666666667,Organic
2026-06-01T00:00:00,巴西,iOS,Bokeh,98.85185185185185,32.148148148148145,Organic
2026-01-01T00:00:00,巴西,iOS,AI Repair,212.09677419354838,78.90322580645162,Organic
2026-06-01T00:00:00,英国,iOS,Details,25.85185185185185,8.37037037037037,Organic
2026-06-01T00:00:00,英国,iOS,Matte,21.11111111111111,11.333333333333334,Organic
2026-08-01T00:00:00,墨西哥,Android,Contour,1.3333333333333333,0.5,Organic
2026-04-01T00:00:00,巴西,iOS,Bokeh,103.53333333333333,31.4,Organic
2026-04-01T00:00:00,美国,Android,Background,19.2,4.133333333333334,Organic
2026-07-01T00:00:00,美国,iOS,Skin Tone,306.7096774193548,200.6451612903226,Organic
2026-06-01T00:00:00,巴西,iOS,Acne,608.4074074074074,481.18518518518516,Organic
2026-07-01T00:00:00,巴西,Android,Crop,109.87096774193549,86.6774193548387,Organic
2026-07-01T00:00:00,英国,Android,AI Image,7.0,1.032258064516129,Organic
2026-01-01T00:00:00,英国,Android,Body,5.483870967741935,3.3548387096774195,Organic
2026-07-01T00:00:00,英国,Android,Relight,14.709677419354838,7.064516129032258,Organic
2026-08-01T00:00:00,巴西,Android,Blur,61.333333333333336,41.666666666666664,Organic
2026-04-01T00:00:00,墨西哥,Android,Filters,61.86666666666667,15.666666666666666,Organic
2026-03-01T00:00:00,巴西,Android,Effects,103.54838709677419,6.483870967741935,Organic
2026-04-01T00:00:00,英国,Android,Details,4.7,2.3,Organic
2026-03-01T00:00:00,巴西,iOS,Preset,141.51612903225808,15.32258064516129,Organic
2026-02-01T00:00:00,美国,iOS,Teeth,225.32142857142858,0.0,Organic
2026-05-01T00:00:00,美国,iOS,Prism,24.161290322580644,6.32258064516129,Organic
2026-03-01T00:00:00,巴西,Android,Contour,21.774193548387096,9.935483870967742,Organic
2026-02-01T00:00:00,墨西哥,iOS,Adjust,20.107142857142858,6.571428571428571,Organic
2026-03-01T00:00:00,英国,Android,Eye Brighten,5.161290322580645,3.5161290322580645,Organic
2026-03-01T00:00:00,美国,Android,Details,9.32258064516129,5.0,Organic
2026-08-01T00:00:00,巴西,Android,Skin Tone,44.333333333333336,29.5,Organic
2026-02-01T00:00:00,墨西哥,Android,Blur,6.178571428571429,3.6785714285714284,Organic
2026-08-01T00:00:00,英国,Android,Brighten,1.6666666666666667,0.8333333333333334,Organic
2026-08-01T00:00:00,英国,Android,Flawless,0.0,0.0,Organic
2026-08-01T00:00:00,巴西,iOS,Relight,1119.1666666666667,574.0,Organic
2026-06-01T00:00:00,墨西哥,Android,AI Retouch,33.851851851851855,13.481481481481481,Organic
2026-02-01T00:00:00,美国,Android,Teeth,13.607142857142858,0.0,Organic
2026-05-01T00:00:00,巴西,iOS,Filters,1499.6129032258063,473.4516129032258,Organic
2026-06-01T00:00:00,美国,iOS,Contour,79.22222222222223,36.96296296296296,Organic
2026-06-01T00:00:00,墨西哥,iOS,Brighten,9.74074074074074,4.962962962962963,Organic
2026-06-01T00:00:00,美国,Android,Preset,24.444444444444443,3.3703703703703702,Organic
2026-03-01T00:00:00,巴西,iOS,Contour,70.29032258064517,36.903225806451616,Organic
2026-04-01T00:00:00,墨西哥,iOS,Muscle,16.0,4.366666666666666,Organic
2026-05-01T00:00:00,美国,iOS,Blur,147.96774193548387,83.48387096774194,Organic
2026-04-01T00:00:00,美国,iOS,Contour,79.23333333333333,39.266666666666666,Organic
2026-05-01T00:00:00,巴西,iOS,Eraser,587.1290322580645,305.6774193548387,Organic
2026-04-01T00:00:00,墨西哥,iOS,Adjust,24.3,10.466666666666667,Organic
2026-07-01T00:00:00,巴西,Android,Makeup,187.0,101.16129032258064,Organic
2026-04-01T00:00:00,英国,iOS,Filters,209.33333333333334,41.4,Organic
2026-06-01T00:00:00,墨西哥,Android,Contour,2.5185185185185186,0.8518518518518519,Organic
2026-04-01T00:00:00,巴西,iOS,Relight,758.4333333333333,326.3666666666667,Organic
2026-02-01T00:00:00,墨西哥,Android,Mykit,5.535714285714286,0.0,Organic
2026-02-01T00:00:00,巴西,iOS,AI Replace,49.785714285714285,17.642857142857142,Organic
2026-04-01T00:00:00,巴西,Android,Bokeh,38.9,12.666666666666666,Organic
2026-01-01T00:00:00,墨西哥,Android,Crop,20.64516129032258,14.580645161290322,Organic
2026-06-01T00:00:00,墨西哥,Android,Hair,36.851851851851855,10.481481481481481,Organic
2026-08-01T00:00:00,墨西哥,Android,Plump,4.166666666666667,1.3333333333333333,Organic
2026-03-01T00:00:00,英国,Android,Face Fix,12.290322580645162,2.5806451612903225,Organic
2026-04-01T00:00:00,墨西哥,Android,Adjust,19.8,9.0,Organic
2026-04-01T00:00:00,巴西,Android,Blur,93.3,61.13333333333333,Organic
2026-04-01T00:00:00,英国,iOS,Stamp,6.733333333333333,1.9666666666666666,Organic
2026-04-01T00:00:00,巴西,iOS,Matte,70.9,32.233333333333334,Organic
2026-01-01T00:00:00,英国,Android,Blur,4.064516129032258,2.4838709677419355,Organic
2026-04-01T00:00:00,墨西哥,iOS,Expression,12.633333333333333,3.3333333333333335,Organic
2026-08-01T00:00:00,巴西,iOS,Adjust,572.6666666666666,274.0,Organic
2026-08-01T00:00:00,巴西,Android,Resize,62.0,31.333333333333332,Organic
2026-01-01T00:00:00,巴西,iOS,Flawless,0.0,0.0,Organic
2026-08-01T00:00:00,墨西哥,Android,Bokeh,3.3333333333333335,1.0,Organic
2026-03-01T00:00:00,英国,Android,Text,2.6774193548387095,0.2903225806451613,Organic
2026-06-01T00:00:00,墨西哥,iOS,AI Retouch,41.074074074074076,17.51851851851852,Organic
2026-02-01T00:00:00,巴西,Android,Prism,20.607142857142858,7.928571428571429,Organic
2026-02-01T00:00:00,墨西哥,iOS,Glowup,16.0,3.5357142857142856,Organic
2026-06-01T00:00:00,巴西,Android,AI Expand,27.333333333333332,13.11111111111111,Organic
2026-04-01T00:00:00,美国,iOS,Adjust,209.56666666666666,89.13333333333334,Organic
2026-03-01T00:00:00,墨西哥,iOS,Face,66.7741935483871,32.193548387096776,Organic
2026-07-01T00:00:00,巴西,Android,Concealer,45.32258064516129,20.516129032258064,Organic
2026-06-01T00:00:00,巴西,Android,Blur,71.0,45.629629629629626,Organic
2026-03-01T00:00:00,墨西哥,iOS,Eraser,26.387096774193548,14.838709677419354,Organic
2026-02-01T00:00:00,美国,iOS,Blur,117.60714285714286,69.46428571428571,Organic
2026-04-01T00:00:00,巴西,iOS,Glowup,277.8333333333333,64.23333333333333,Organic
2026-02-01T00:00:00,墨西哥,iOS,Hair,27.928571428571427,7.821428571428571,Organic
2026-05-01T00:00:00,英国,Android,Body,8.516129032258064,4.483870967741935,Organic
2026-06-01T00:00:00,英国,iOS,Face,307.9259259259259,145.40740740740742,Organic
2026-04-01T00:00:00,巴西,iOS,Blur,285.56666666666666,194.46666666666667,Organic
2026-08-01T00:00:00,墨西哥,Android,Brighten,2.1666666666666665,0.5,Organic
2026-05-01T00:00:00,英国,Android,Glitter,2.4516129032258065,0.45161290322580644,Organic
2026-08-01T00:00:00,墨西哥,iOS,Glowup,24.0,4.5,Organic
2026-08-01T00:00:00,墨西哥,iOS,Dark Circles,12.333333333333334,9.666666666666666,Organic
2026-05-01T00:00:00,英国,iOS,Dark Circles,41.903225806451616,28.967741935483872,Organic
2026-01-01T00:00:00,巴西,iOS,Muscle,193.8709677419355,57.193548387096776,Organic
2026-03-01T00:00:00,巴西,iOS,AI Tattoo,91.45161290322581,25.387096774193548,Organic
2026-08-01T00:00:00,英国,iOS,Plump,46.166666666666664,13.166666666666666,Organic
2026-07-01T00:00:00,美国,Android,Blur,14.096774193548388,6.774193548387097,Organic
2026-03-01T00:00:00,英国,iOS,Relight,55.70967741935484,21.451612903225808,Organic
2026-01-01T00:00:00,美国,Android,Makeup,39.16129032258065,22.29032258064516,Organic
2026-08-01T00:00:00,美国,iOS,Plump,133.0,36.5,Organic
2026-05-01T00:00:00,英国,Android,Skin Tone,8.67741935483871,6.354838709677419,Organic
2026-04-01T00:00:00,美国,Android,Glitter,8.6,2.1333333333333333,Organic
2026-04-01T00:00:00,巴西,iOS,Mykit,85.06666666666666,0.0,Organic
2026-05-01T00:00:00,墨西哥,Android,Prism,3.0,0.6451612903225806,Organic
2026-06-01T00:00:00,美国,Android,Acne,23.296296296296298,15.333333333333334,Organic
2026-06-01T00:00:00,巴西,iOS,AI Image,260.55555555555554,54.7037037037037,Organic
2026-04-01T00:00:00,墨西哥,Android,AI Retouch,54.7,19.133333333333333,Organic
2026-01-01T00:00:00,巴西,iOS,AI Tattoo,99.38709677419355,19.64516129032258,Organic
2026-03-01T00:00:00,巴西,iOS,Face,1209.032258064516,487.16129032258067,Organic
2026-05-01T00:00:00,英国,iOS,Relight,144.83870967741936,62.03225806451613,Organic
2026-08-01T00:00:00,英国,Android,Whiten,0.0,0.0,Organic
2026-08-01T00:00:00,巴西,iOS,AI Expand,66.0,31.666666666666668,Organic
2026-08-01T00:00:00,墨西哥,Android,AI Expand,17.0,11.833333333333334,Organic
2026-08-01T00:00:00,英国,iOS,Muscle,26.5,7.0,Organic
2026-06-01T00:00:00,巴西,Android,Bokeh,25.074074074074073,7.962962962962963,Organic
2026-08-01T00:00:00,英国,Android,Effects,4.166666666666667,0.16666666666666666,Organic
2026-08-01T00:00:00,美国,Android,Dark Circles,6.333333333333333,4.666666666666667,Organic
2026-08-01T00:00:00,英国,iOS,Makeup,168.0,74.33333333333333,Organic
2026-01-01T00:00:00,美国,iOS,Crop,108.80645161290323,83.90322580645162,Organic
2026-05-01T00:00:00,美国,iOS,Makeup,564.6451612903226,232.93548387096774,Organic
2026-08-01T00:00:00,巴西,Android,Teeth,52.5,34.0,Organic
2026-05-01T00:00:00,美国,Android,Makeup,45.16129032258065,23.903225806451612,Organic
2026-03-01T00:00:00,美国,iOS,AI Repair,93.09677419354838,31.612903225806452,Organic
2026-02-01T00:00:00,巴西,Android,Resize,69.46428571428571,35.857142857142854,Organic
2026-06-01T00:00:00,英国,iOS,AI Tattoo,25.185185185185187,4.444444444444445,Organic
2026-06-01T00:00:00,英国,Android,Crop,6.222222222222222,5.407407407407407,Organic
2026-01-01T00:00:00,巴西,Android,Smooth,226.38709677419354,161.09677419354838,Organic
2026-06-01T00:00:00,墨西哥,Android,Acne,10.0,7.037037037037037,Organic
2026-02-01T00:00:00,巴西,iOS,AI Image,250.25,22.071428571428573,Organic
2026-04-01T00:00:00,巴西,Android,Prism,23.366666666666667,8.733333333333333,Organic
2026-05-01T00:00:00,墨西哥,iOS,AI Image,13.612903225806452,2.129032258064516,Organic
2026-01-01T00:00:00,墨西哥,iOS,Face,78.80645161290323,38.193548387096776,Organic
2026-08-01T00:00:00,美国,iOS,Hair,398.3333333333333,141.16666666666666,Organic
2026-02-01T00:00:00,英国,Android,AI Tattoo,2.107142857142857,0.2857142857142857,Organic
2026-06-01T00:00:00,巴西,Android,Dark Circles,43.333333333333336,29.555555555555557,Organic
2026-02-01T00:00:00,墨西哥,Android,AI Replace,4.25,2.0357142857142856,Organic
2026-01-01T00:00:00,英国,iOS,Prism,5.161290322580645,1.2903225806451613,Organic
2026-01-01T00:00:00,英国,iOS,Skin Tone,103.06451612903226,75.12903225806451,Organic
2026-08-01T00:00:00,巴西,Android,Hair,134.0,42.5,Organic
2026-06-01T00:00:00,英国,Android,AI Tattoo,2.3703703703703702,0.2222222222222222,Organic
2026-05-01T00:00:00,英国,iOS,Prism,5.67741935483871,1.4838709677419355,Organic
2026-02-01T00:00:00,墨西哥,iOS,Face Fix,11.214285714285714,2.142857142857143,Organic
2026-06-01T00:00:00,巴西,Android,Skin Tone,68.66666666666667,42.48148148148148,Organic
2026-05-01T00:00:00,英国,Android,AI Expand,2.096774193548387,0.9354838709677419,Organic
2026-03-01T00:00:00,美国,iOS,Body,228.7741935483871,148.8709677419355,Organic
2026-01-01T00:00:00,巴西,Android,Contour,39.12903225806452,17.612903225806452,Organic
2026-02-01T00:00:00,英国,iOS,Dark Circles,40.464285714285715,29.357142857142858,Organic
2026-08-01T00:00:00,美国,iOS,Brighten,122.16666666666667,61.0,Organic
2026-07-01T00:00:00,英国,Android,Collarbone,0.0,0.0,Organic
2026-02-01T00:00:00,美国,Android,Relight,17.142857142857142,7.678571428571429,Organic
2026-04-01T00:00:00,墨西哥,iOS,Crop,12.233333333333333,8.066666666666666,Organic
2026-07-01T00:00:00,墨西哥,iOS,AI Image,23.774193548387096,5.225806451612903,Organic
2026-03-01T00:00:00,美国,iOS,Makeup,423.64516129032256,172.67741935483872,Organic
2026-01-01T00:00:00,墨西哥,Android,Body,17.387096774193548,10.387096774193548,Organic
2026-03-01T00:00:00,巴西,Android,Matte,20.35483870967742,9.03225806451613,Organic
2026-06-01T00:00:00,美国,iOS,AI Retouch,873.5925925925926,300.48148148148147,Organic
2026-01-01T00:00:00,墨西哥,Android,Eraser,55.0,25.548387096774192,Organic
2026-07-01T00:00:00,英国,Android,AI Replace,2.2580645161290325,1.4516129032258065,Organic
2026-05-01T00:00:00,英国,iOS,AI Image,61.67741935483871,7.870967741935484,Organic
2026-07-01T00:00:00,英国,iOS,Skin Tone,104.19354838709677,74.16129032258064,Organic
2026-02-01T00:00:00,英国,iOS,Hair,116.60714285714286,31.071428571428573,Organic
2026-07-01T00:00:00,英国,iOS,Mykit,30.483870967741936,0.0,Organic
2026-06-01T00:00:00,英国,Android,Preset,5.333333333333333,0.4444444444444444,Organic
2026-06-01T00:00:00,美国,iOS,Whiten,0.0,0.0,Organic
2026-08-01T00:00:00,美国,Android,Background,16.0,3.1666666666666665,Organic
2026-02-01T00:00:00,墨西哥,Android,Acne,6.142857142857143,4.142857142857143,Organic
2026-02-01T00:00:00,巴西,iOS,Prism,46.785714285714285,15.178571428571429,Organic
2026-08-01T00:00:00,美国,iOS,AI Expand,44.5,17.333333333333332,Organic
2026-08-01T00:00:00,巴西,iOS,Teeth,310.3333333333333,223.5,Organic
2026-08-01T00:00:00,墨西哥,iOS,Teeth,11.333333333333334,6.0,Organic
2026-08-01T00:00:00,墨西哥,iOS,Preset,18.166666666666668,0.3333333333333333,Organic
2026-02-01T00:00:00,墨西哥,Android,Dark Circles,3.2857142857142856,1.9285714285714286,Organic
2026-07-01T00:00:00,墨西哥,iOS,Eye Brighten,5.193548387096774,3.064516129032258,Organic
2026-01-01T00:00:00,美国,Android,AI Repair,16.06451612903226,8.03225806451613,Organic
2026-07-01T00:00:00,墨西哥,iOS,Prism,3.967741935483871,0.6451612903225806,Organic
2026-01-01T00:00:00,墨西哥,Android,Face,53.0,22.516129032258064,Organic
2026-05-01T00:00:00,墨西哥,Android,Eraser,25.161290322580644,13.35483870967742,Organic
2026-01-01T00:00:00,美国,Android,Flawless,0.0,0.0,Organic
2026-08-01T00:00:00,墨西哥,iOS,Glitter,14.166666666666666,2.3333333333333335,Organic
2026-01-01T00:00:00,巴西,Android,Details,35.935483870967744,13.709677419354838,Organic
2026-07-01T00:00:00,墨西哥,Android,Eraser,18.516129032258064,9.580645161290322,Organic
2026-03-01T00:00:00,美国,Android,Resize,12.741935483870968,6.516129032258065,Organic
2026-07-01T00:00:00,墨西哥,iOS,Concealer,11.96774193548387,3.6774193548387095,Organic
2026-03-01T00:00:00,巴西,Android,Plump,59.25806451612903,22.258064516129032,Organic
2026-04-01T00:00:00,巴西,iOS,AI Replace,57.03333333333333,21.233333333333334,Organic
2026-05-01T00:00:00,墨西哥,Android,Blur,10.838709677419354,7.193548387096774,Organic
2026-08-01T00:00:00,墨西哥,Android,Hair,20.166666666666668,6.0,Organic
2026-03-01T00:00:00,美国,iOS,Flawless,0.0,0.0,Organic
2026-04-01T00:00:00,巴西,Android,AI Replace,33.36666666666667,15.866666666666667,Organic
2026-01-01T00:00:00,墨西哥,iOS,Stamp,5.419354838709677,1.2580645161290323,Organic
2026-05-01T00:00:00,墨西哥,iOS,Blur,8.96774193548387,5.741935483870968,Organic
2026-06-01T00:00:00,墨西哥,iOS,Muscle,5.851851851851852,1.5185185185185186,Organic
2026-02-01T00:00:00,英国,Android,Effects,6.714285714285714,0.32142857142857145,Organic
2026-04-01T00:00:00,巴西,iOS,Face Fix,234.06666666666666,43.666666666666664,Organic
2026-06-01T00:00:00,巴西,iOS,AI Expand,75.5925925925926,30.814814814814813,Organic
2026-01-01T00:00:00,墨西哥,iOS,Concealer,12.516129032258064,4.096774193548387,Organic
2026-03-01T00:00:00,墨西哥,Android,Eraser,33.96774193548387,16.903225806451612,Organic
2026-07-01T00:00:00,英国,Android,Teeth,7.870967741935484,5.580645161290323,Organic
2026-04-01T00:00:00,美国,Android,Glowup,21.1,7.833333333333333,Organic
2026-02-01T00:00:00,墨西哥,iOS,Skin Tone,21.392857142857142,15.214285714285714,Organic
2026-06-01T00:00:00,英国,iOS,AI Repair,52.18518518518518,15.333333333333334,Organic
2026-06-01T00:00:00,英国,iOS,Contour,26.37037037037037,13.296296296296296,Organic
2026-07-01T00:00:00,美国,iOS,Eye Brighten,91.38709677419355,59.096774193548384,Organic
2026-06-01T00:00:00,墨西哥,Android,Preset,9.88888888888889,0.6296296296296297,Organic
2026-07-01T00:00:00,英国,Android,Hair,14.03225806451613,5.129032258064516,Organic
2026-02-01T00:00:00,英国,Android,Dark Circles,4.357142857142857,3.142857142857143,Organic
2026-06-01T00:00:00,墨西哥,Android,Teeth,7.407407407407407,0.7407407407407407,Organic
2026-06-01T00:00:00,美国,Android,Face Fix,18.85185185185185,5.666666666666667,Organic
2026-07-01T00:00:00,巴西,Android,Eraser,141.32258064516128,80.96774193548387,Organic
2026-04-01T00:00:00,英国,iOS,Muscle,17.066666666666666,4.866666666666666,Organic
2026-02-01T00:00:00,英国,iOS,Contour,25.642857142857142,13.714285714285714,Organic
2026-01-01T00:00:00,巴西,Android,AI Repair,112.2258064516129,50.25806451612903,Organic
2026-07-01T00:00:00,巴西,Android,Smooth,125.19354838709677,88.58064516129032,Organic
2026-06-01T00:00:00,美国,Android,Whiten,0.0,0.0,Organic
2026-03-01T00:00:00,墨西哥,iOS,Concealer,13.193548387096774,4.096774193548387,Organic
2026-03-01T00:00:00,墨西哥,Android,Eye Brighten,3.7096774193548385,1.8064516129032258,Organic
2026-08-01T00:00:00,巴西,iOS,Prism,50.666666666666664,17.5,Organic
2026-08-01T00:00:00,美国,iOS,Face Fix,220.66666666666666,33.333333333333336,Organic
2026-04-01T00:00:00,墨西哥,Android,Contour,4.166666666666667,1.4333333333333333,Organic
2026-06-01T00:00:00,美国,Android,Matte,8.333333333333334,3.5555555555555554,Organic
2026-02-01T00:00:00,美国,Android,Hair,42.107142857142854,14.321428571428571,Organic
2026-05-01T00:00:00,美国,Android,AI Image,27.322580645161292,4.612903225806452,Organic
2026-01-01T00:00:00,巴西,iOS,Preset,200.58064516129033,18.64516129032258,Organic
2026-03-01T00:00:00,墨西哥,Android,AI Repair,11.935483870967742,6.096774193548387,Organic
2026-03-01T00:00:00,墨西哥,iOS,Body,30.483870967741936,21.129032258064516,Organic
2026-01-01T00:00:00,巴西,iOS,Smooth,948.8387096774194,776.1290322580645,Organic
2026-07-01T00:00:00,英国,Android,Glitter,2.5161290322580645,0.25806451612903225,Organic
2026-06-01T00:00:00,英国,iOS,Magic,271.81481481481484,124.11111111111111,Organic
2026-07-01T00:00:00,巴西,iOS,Smooth,713.4193548387096,563.3225806451613,Organic
2026-01-01T00:00:00,墨西哥,Android,Magic,70.12903225806451,30.806451612903224,Organic
2026-07-01T00:00:00,英国,iOS,Blur,49.96774193548387,29.548387096774192,Organic
2026-06-01T00:00:00,墨西哥,iOS,Background,9.777777777777779,0.8148148148148148,Organic
2026-06-01T00:00:00,墨西哥,iOS,Whiten,0.0,0.0,Organic
2026-06-01T00:00:00,墨西哥,iOS,Glitter,6.111111111111111,0.6296296296296297,Organic
2026-02-01T00:00:00,英国,Android,Preset,6.035714285714286,0.5357142857142857,Organic
2026-04-01T00:00:00,墨西哥,Android,Effects,15.9,1.0666666666666667,Organic
2026-08-01T00:00:00,美国,Android,AI Tattoo,6.166666666666667,1.6666666666666667,Organic
2026-04-01T00:00:00,英国,Android,Face,44.9,20.9,Organic
2026-02-01T00:00:00,巴西,iOS,Eraser,484.17857142857144,275.5,Organic
2026-07-01T00:00:00,巴西,iOS,Face,1188.5806451612902,479.35483870967744,Organic
2026-02-01T00:00:00,墨西哥,Android,Teeth,5.214285714285714,0.0,Organic
2026-05-01T00:00:00,英国,Android,Text,1.1612903225806452,0.12903225806451613,Organic
2026-08-01T00:00:00,巴西,iOS,Glitter,70.66666666666667,8.833333333333334,Organic
2026-08-01T00:00:00,英国,Android,Plump,3.3333333333333335,0.5,Organic
2026-01-01T00:00:00,墨西哥,iOS,Crop,12.419354838709678,9.32258064516129,Organic
2026-03-01T00:00:00,巴西,Android,Details,20.35483870967742,7.903225806451613,Organic
2026-07-01T00:00:00,英国,Android,Blur,4.419354838709677,2.2903225806451615,Organic
2026-03-01T00:00:00,墨西哥,Android,Makeup,30.096774193548388,15.225806451612904,Organic
2026-07-01T00:00:00,墨西哥,Android,Skin Tone,9.838709677419354,5.967741935483871,Organic
2026-05-01T00:00:00,墨西哥,iOS,Eye Brighten,4.290322580645161,3.0,Organic
2026-06-01T00:00:00,英国,Android,Magic,24.444444444444443,12.148148148148149,Organic
2026-01-01T00:00:00,巴西,Android,Magic,604.8709677419355,319.64516129032256,Organic
2026-01-01T00:00:00,巴西,Android,AI Tattoo,96.58064516129032,33.45161290322581,Organic
2026-04-01T00:00:00,墨西哥,Android,Brighten,7.033333333333333,3.5,Organic
2026-02-01T00:00:00,美国,Android,AI Image,28.321428571428573,4.392857142857143,Organic
2026-02-01T00:00:00,墨西哥,iOS,Teeth,12.964285714285714,0.0,Organic
2026-04-01T00:00:00,美国,Android,Teeth,18.4,0.0,Organic
2026-05-01T00:00:00,巴西,Android,Reshape,202.6451612903226,143.70967741935485,Organic
2026-02-01T00:00:00,美国,Android,AI Expand,10.464285714285714,4.214285714285714,Organic
2026-05-01T00:00:00,英国,Android,Teeth,6.935483870967742,0.0,Organic
2026-04-01T00:00:00,墨西哥,Android,Glitter,8.3,1.2,Organic
2026-01-01T00:00:00,美国,iOS,Flawless,0.0,0.0,Organic
2026-07-01T00:00:00,英国,iOS,Glowup,97.38709677419355,30.161290322580644,Organic
2026-04-01T00:00:00,美国,Android,Filters,71.33333333333333,28.133333333333333,Organic
2026-04-01T00:00:00,美国,Android,Preset,19.166666666666668,2.6,Organic
2026-08-01T00:00:00,英国,iOS,AI Tattoo,23.5,2.8333333333333335,Organic
2026-08-01T00:00:00,英国,iOS,Face,351.6666666666667,159.0,Organic
2026-06-01T00:00:00,英国,Android,Plump,4.222222222222222,1.5185185185185186,Organic
2026-08-01T00:00:00,美国,Android,Matte,4.666666666666667,1.8333333333333333,Organic
2026-03-01T00:00:00,美国,Android,Eraser,27.258064516129032,16.483870967741936,Organic
2026-07-01T00:00:00,英国,Android,Matte,2.193548387096774,1.0,Organic
2026-02-01T00:00:00,英国,iOS,Brighten,51.107142857142854,27.428571428571427,Organic
2026-06-01T00:00:00,巴西,iOS,Dark Circles,227.8148148148148,187.85185185185185,Organic
2026-06-01T00:00:00,美国,Android,Text,11.518518518518519,1.1851851851851851,Organic
2026-07-01T00:00:00,英国,iOS,Face Fix,63.83870967741935,8.064516129032258,Organic
2026-02-01T00:00:00,美国,Android,Dark Circles,10.142857142857142,7.178571428571429,Organic
2026-06-01T00:00:00,美国,Android,Adjust,27.296296296296298,14.25925925925926,Organic
2026-04-01T00:00:00,美国,iOS,Glitter,60.666666666666664,9.8,Organic
2026-05-01T00:00:00,英国,iOS,AI Expand,12.193548387096774,3.6129032258064515,Organic
2026-02-01T00:00:00,英国,iOS,Glowup,80.92857142857143,26.75,Organic
2026-06-01T00:00:00,英国,Android,Smooth,13.62962962962963,10.814814814814815,Organic
2026-01-01T00:00:00,美国,Android,Eraser,22.612903225806452,14.161290322580646,Organic
2026-05-01T00:00:00,巴西,Android,AI Repair,95.80645161290323,41.67741935483871,Organic
2026-08-01T00:00:00,美国,iOS,Preset,129.33333333333334,8.0,Organic
2026-07-01T00:00:00,美国,iOS,Stamp,31.967741935483872,8.548387096774194,Organic
2026-05-01T00:00:00,美国,Android,Stamp,6.193548387096774,1.903225806451613,Organic
2026-08-01T00:00:00,巴西,Android,Acne,91.83333333333333,70.83333333333333,Organic
2026-08-01T00:00:00,墨西哥,iOS,Reshape,47.166666666666664,23.833333333333332,Organic
2026-02-01T00:00:00,巴西,iOS,Skin Tone,303.07142857142856,193.53571428571428,Organic
2026-06-01T00:00:00,美国,Android,Expression,13.703703703703704,4.407407407407407,Organic
2026-02-01T00:00:00,美国,iOS,Relight,171.03571428571428,74.32142857142857,Organic
2026-03-01T00:00:00,墨西哥,Android,Flawless,0.0,0.0,Organic
2026-04-01T00:00:00,墨西哥,Android,Crop,19.966666666666665,14.166666666666666,Organic
2026-05-01T00:00:00,美国,Android,Concealer,17.096774193548388,8.161290322580646,Organic
2026-05-01T00:00:00,墨西哥,Android,Body,23.93548387096774,14.161290322580646,Organic
2026-07-01T00:00:00,英国,iOS,Hair,141.2258064516129,44.12903225806452,Organic
2026-05-01T00:00:00,美国,iOS,Eraser,345.35483870967744,177.5483870967742,Organic
2026-07-01T00:00:00,美国,Android,Body,35.74193548387097,19.35483870967742,Organic
2026-04-01T00:00:00,巴西,Android,Glowup,91.8,18.9,Organic
2026-06-01T00:00:00,英国,iOS,Smooth,152.44444444444446,108.55555555555556,Organic
2026-04-01T00:00:00,美国,iOS,Background,158.2,17.233333333333334,Organic
2026-07-01T00:00:00,巴西,iOS,Makeup,634.258064516129,326.8709677419355,Organic
2026-04-01T00:00:00,墨西哥,iOS,Filters,76.5,12.3,Organic
2026-01-01T00:00:00,巴西,Android,Face,559.7096774193549,242.29032258064515,Organic
2026-04-01T00:00:00,英国,Android,Filters,35.46666666666667,11.133333333333333,Organic
2026-06-01T00:00:00,巴西,Android,Concealer,60.111111111111114,27.037037037037038,Organic
2026-03-01T00:00:00,巴西,iOS,Filters,1053.9032258064517,182.2258064516129,Organic
2026-04-01T00:00:00,英国,Android,AI Repair,8.866666666666667,4.066666666666666,Organic
2026-02-01T00:00:00,巴西,Android,Skin Tone,89.57142857142857,56.714285714285715,Organic
2026-06-01T00:00:00,巴西,Android,Face Fix,53.925925925925924,11.88888888888889,Organic
2026-06-01T00:00:00,墨西哥,iOS,Plump,6.444444444444445,1.6296296296296295,Organic
2026-02-01T00:00:00,英国,Android,Background,4.607142857142857,0.8928571428571429,Organic
2026-04-01T00:00:00,美国,iOS,Effects,222.56666666666666,4.866666666666666,Organic
2026-05-01T00:00:00,巴西,iOS,Muscle,113.83870967741936,27.70967741935484,Organic
2026-03-01T00:00:00,英国,iOS,Eye Brighten,30.580645161290324,20.419354838709676,Organic
2026-04-01T00:00:00,美国,Android,Reshape,28.233333333333334,16.733333333333334,Organic
2026-03-01T00:00:00,英国,Android,Mykit,6.870967741935484,0.0,Organic
2026-06-01T00:00:00,墨西哥,iOS,Relight,35.55555555555556,17.0,Organic
2026-04-01T00:00:00,美国,iOS,Brighten,177.6,91.53333333333333,Organic
2026-07-01T00:00:00,美国,iOS,Eraser,350.61290322580646,185.38709677419354,Organic
2026-04-01T00:00:00,墨西哥,Android,AI Repair,14.8,6.866666666666666,Organic
2026-06-01T00:00:00,墨西哥,Android,Whiten,0.0,0.0,Organic
2026-03-01T00:00:00,巴西,Android,Smooth,148.16129032258064,108.2258064516129,Organic
2026-08-01T00:00:00,英国,Android,Muscle,2.0,1.0,Organic
2026-03-01T00:00:00,巴西,iOS,Flawless,0.0,0.0,Organic
2026-07-01T00:00:00,墨西哥,Android,Clean Skin,4.96,3.08,Organic
2026-08-01T00:00:00,英国,iOS,Magic,309.6666666666667,143.83333333333334,Organic
2026-08-01T00:00:00,巴西,iOS,Body,579.3333333333334,341.1666666666667,Organic
2026-05-01T00:00:00,墨西哥,Android,AI Image,19.774193548387096,3.193548387096774,Organic
2026-08-01T00:00:00,墨西哥,Android,Glowup,9.333333333333334,1.3333333333333333,Organic
2026-08-01T00:00:00,美国,Android,Effects,20.333333333333332,2.0,Organic
2026-08-01T00:00:00,美国,iOS,Dark Circles,109.33333333333333,79.83333333333333,Organic
2026-01-01T00:00:00,英国,iOS,Details,24.096774193548388,8.903225806451612,Organic
2026-08-01T00:00:00,英国,iOS,AI Retouch,285.6666666666667,90.5,Organic
2026-03-01T00:00:00,墨西哥,iOS,Prism,2.6451612903225805,0.5483870967741935,Organic
2026-06-01T00:00:00,英国,Android,Glitter,1.8518518518518519,0.18518518518518517,Organic
2026-07-01T00:00:00,墨西哥,iOS,Eraser,40.25806451612903,20.774193548387096,Organic
2026-04-01T00:00:00,墨西哥,iOS,Teeth,15.466666666666667,0.0,Organic
2026-03-01T00:00:00,英国,Android,Bokeh,2.870967741935484,0.7419354838709677,Organic
2026-04-01T00:00:00,英国,iOS,Plump,40.93333333333333,13.3,Organic
2026-02-01T00:00:00,美国,iOS,Whiten,0.0,0.0,Organic
2026-02-01T00:00:00,英国,iOS,Reshape,112.75,72.67857142857143,Organic
2026-06-01T00:00:00,巴西,Android,Adjust,158.2962962962963,92.55555555555556,Organic
2026-06-01T00:00:00,美国,iOS,Body,403.7037037037037,235.7037037037037,Organic
2026-01-01T00:00:00,英国,iOS,Makeup,129.29032258064515,51.225806451612904,Organic
2026-01-01T00:00:00,墨西哥,iOS,Muscle,8.096774193548388,2.4838709677419355,Organic
2026-04-01T00:00:00,墨西哥,Android,AI Replace,5.133333333333334,2.6,Organic
2026-07-01T00:00:00,英国,Android,AI Retouch,22.161290322580644,8.516129032258064,Organic
2026-04-01T00:00:00,美国,Android,Text,7.6,1.3,Organic
2026-05-01T00:00:00,巴西,iOS,Resize,272.258064516129,145.3548387096774,Organic
2026-03-01T00:00:00,英国,Android,Details,4.903225806451613,1.935483870967742,Organic
2026-01-01T00:00:00,巴西,iOS,AI Retouch,1050.225806451613,398.8709677419355,Organic
2026-02-01T00:00:00,英国,iOS,Smooth,144.14285714285714,109.35714285714286,Organic
2026-04-01T00:00:00,墨西哥,iOS,Details,6.166666666666667,1.7333333333333334,Organic
2026-08-01T00:00:00,墨西哥,Android,Reshape,14.666666666666666,8.5,Organic
2026-08-01T00:00:00,巴西,iOS,Plump,186.5,57.833333333333336,Organic
2026-08-01T00:00:00,美国,Android,Mykit,11.666666666666666,0.0,Organic
2026-07-01T00:00:00,美国,iOS,Text,38.74193548387097,3.6774193548387095,Organic
2026-03-01T00:00:00,墨西哥,Android,Effects,12.290322580645162,0.967741935483871,Organic
2026-03-01T00:00:00,英国,Android,Stamp,1.6774193548387097,0.22580645161290322,Organic
2026-01-01T00:00:00,巴西,iOS,Contour,88.83870967741936,45.87096774193548,Organic
2026-01-01T00:00:00,美国,iOS,Muscle,64.0,19.225806451612904,Organic
2026-03-01T00:00:00,墨西哥,Android,Stamp,5.32258064516129,1.1612903225806452,Organic
2026-04-01T00:00:00,墨西哥,Android,Acne,11.833333333333334,6.666666666666667,Organic
2026-06-01T00:00:00,墨西哥,iOS,Expression,7.555555555555555,1.6666666666666667,Organic
2026-06-01T00:00:00,美国,iOS,Blur,124.74074074074075,70.0,Organic
2026-07-01T00:00:00,英国,Android,Acne,8.96774193548387,6.419354838709677,Organic
2026-04-01T00:00:00,巴西,Android,Effects,113.4,6.166666666666667,Organic
2026-08-01T00:00:00,英国,iOS,Eraser,126.5,67.0,Organic
2026-01-01T00:00:00,美国,Android,AI Image,24.967741935483872,4.258064516129032,Organic
2026-05-01T00:00:00,美国,iOS,Reshape,469.64516129032256,293.83870967741933,Organic
2026-08-01T00:00:00,墨西哥,Android,Smooth,10.666666666666666,6.833333333333333,Organic
2026-06-01T00:00:00,美国,Android,AI Repair,24.14814814814815,11.11111111111111,Organic
2026-06-01T00:00:00,美国,iOS,Relight,679.2592592592592,332.8888888888889,Organic
2026-06-01T00:00:00,英国,Android,Hair,13.851851851851851,4.185185185185185,Organic
2026-06-01T00:00:00,墨西哥,Android,Crop,15.814814814814815,12.62962962962963,Organic
2026-02-01T00:00:00,墨西哥,Android,AI Tattoo,3.25,0.9642857142857143,Organic
2026-07-01T00:00:00,英国,iOS,Resize,49.483870967741936,22.161290322580644,Organic
2026-07-01T00:00:00,英国,iOS,Teeth,62.225806451612904,41.29032258064516,Organic
2026-03-01T00:00:00,巴西,iOS,Adjust,504.51612903225805,235.4516129032258,Organic
2026-05-01T00:00:00,巴西,Android,Plump,55.16129032258065,18.838709677419356,Organic
2026-02-01T00:00:00,巴西,iOS,Acne,631.6071428571429,504.4642857142857,Organic
2026-03-01T00:00:00,巴西,iOS,Makeup,673.483870967742,341.80645161290323,Organic
2026-05-01T00:00:00,墨西哥,iOS,Bokeh,4.354838709677419,1.1290322580645162,Organic
2026-06-01T00:00:00,英国,iOS,Expression,33.592592592592595,7.592592592592593,Organic
2026-05-01T00:00:00,英国,Android,Expression,3.774193548387097,0.8709677419354839,Organic
2026-03-01T00:00:00,美国,Android,Blur,10.709677419354838,6.483870967741935,Organic
2026-02-01T00:00:00,美国,Android,Blur,10.607142857142858,6.285714285714286,Organic
2026-05-01T00:00:00,墨西哥,iOS,Flawless,0.0,0.0,Organic
2026-04-01T00:00:00,美国,Android,Face Fix,18.066666666666666,5.766666666666667,Organic
2026-06-01T00:00:00,巴西,iOS,Plump,218.44444444444446,69.48148148148148,Organic
2026-04-01T00:00:00,巴西,Android,Plump,65.43333333333334,21.733333333333334,Organic
2026-02-01T00:00:00,美国,iOS,Glowup,227.46428571428572,74.85714285714286,Organic
2026-05-01T00:00:00,墨西哥,iOS,Dark Circles,9.96774193548387,6.67741935483871,Organic
2026-04-01T00:00:00,墨西哥,iOS,Relight,42.8,18.333333333333332,Organic
2026-01-01T00:00:00,美国,Android,Filters,60.96774193548387,18.903225806451612,Organic
2026-07-01T00:00:00,美国,Android,Bokeh,10.064516129032258,4.161290322580645,Organic
2026-05-01T00:00:00,巴西,Android,AI Tattoo,43.16129032258065,10.935483870967742,Organic
2026-04-01T00:00:00,墨西哥,iOS,Bokeh,5.3,1.4333333333333333,Organic
2026-08-01T00:00:00,墨西哥,Android,AI Tattoo,3.0,0.6666666666666666,Organic
2026-06-01T00:00:00,墨西哥,iOS,Effects,17.185185185185187,0.1111111111111111,Organic
2026-03-01T00:00:00,墨西哥,Android,Body,13.193548387096774,7.645161290322581,Organic
2026-05-01T00:00:00,巴西,Android,Concealer,68.09677419354838,30.774193548387096,Organic
2026-07-01T00:00:00,英国,iOS,Preset,48.83870967741935,3.0,Organic
2026-05-01T00:00:00,墨西哥,iOS,Face,60.58064516129032,30.387096774193548,Organic
2026-05-01T00:00:00,美国,iOS,Details,112.74193548387096,35.645161290322584,Organic
2026-08-01T00:00:00,美国,Android,Reshape,30.5,17.666666666666668,Organic
2026-03-01T00:00:00,墨西哥,iOS,Mykit,4.709677419354839,0.0,Organic
2026-03-01T00:00:00,美国,Android,Background,17.225806451612904,3.903225806451613,Organic
2026-05-01T00:00:00,墨西哥,Android,Stamp,4.67741935483871,1.1935483870967742,Organic
2026-07-01T00:00:00,墨西哥,iOS,AI Repair,27.93548387096774,10.03225806451613,Organic
2026-04-01T00:00:00,巴西,Android,Background,96.23333333333333,11.233333333333333,Organic
2026-01-01T00:00:00,美国,Android,Muscle,6.451612903225806,2.4516129032258065,Organic
2026-04-01T00:00:00,巴西,Android,Brighten,60.1,28.866666666666667,Organic
2026-07-01T00:00:00,英国,Android,Contour,2.4516129032258065,1.3548387096774193,Organic
2026-04-01T00:00:00,墨西哥,iOS,Glitter,8.466666666666667,0.8666666666666667,Organic
2026-03-01T00:00:00,美国,iOS,AI Image,165.06451612903226,17.387096774193548,Organic
2026-07-01T00:00:00,美国,iOS,Face Fix,208.93548387096774,30.032258064516128,Organic
2026-01-01T00:00:00,美国,Android,Resize,10.290322580645162,5.0,Organic
2026-05-01T00:00:00,墨西哥,Android,Face,48.83870967741935,20.677419354838708,Organic
2026-07-01T00:00:00,墨西哥,iOS,AI Expand,21.580645161290324,15.225806451612904,Organic
2026-06-01T00:00:00,美国,iOS,Text,43.25925925925926,3.888888888888889,Organic
2026-07-01T00:00:00,巴西,iOS,Filters,1435.225806451613,498.96774193548384,Organic
2026-02-01T00:00:00,英国,iOS,Bokeh,12.0,2.3214285714285716,Organic
2026-07-01T00:00:00,美国,Android,Text,18.774193548387096,1.5806451612903225,Organic
2026-06-01T00:00:00,美国,iOS,Filters,980.0,288.9259259259259,Organic
2026-01-01T00:00:00,巴西,Android,Makeup,387.7741935483871,213.0,Organic
2026-06-01T00:00:00,英国,Android,Matte,1.5555555555555556,0.7407407407407407,Organic
2026-08-01T00:00:00,墨西哥,Android,AI Replace,3.6666666666666665,1.8333333333333333,Organic
2026-07-01T00:00:00,英国,Android,AI Tattoo,2.4516129032258065,0.5161290322580645,Organic
2026-04-01T00:00:00,美国,iOS,Expression,101.06666666666666,20.866666666666667,Organic
2026-01-01T00:00:00,英国,Android,Relight,5.161290322580645,1.903225806451613,Organic
2026-06-01T00:00:00,英国,iOS,Reshape,126.11111111111111,77.5925925925926,Organic
2026-08-01T00:00:00,墨西哥,iOS,Face Fix,15.666666666666666,1.3333333333333333,Organic
2026-06-01T00:00:00,墨西哥,Android,Muscle,7.222222222222222,1.962962962962963,Organic
2026-04-01T00:00:00,墨西哥,iOS,Background,11.233333333333333,0.5,Organic
2026-05-01T00:00:00,巴西,iOS,Preset,202.7741935483871,16.193548387096776,Organic
2026-06-01T00:00:00,英国,iOS,Adjust,66.81481481481481,24.074074074074073,Organic
2026-08-01T00:00:00,英国,Android,Background,4.5,0.6666666666666666,Organic
2026-02-01T00:00:00,美国,Android,Contour,7.642857142857143,3.607142857142857,Organic
2026-05-01T00:00:00,美国,iOS,Bokeh,43.32258064516129,9.32258064516129,Organic
2026-07-01T00:00:00,美国,Android,Resize,15.451612903225806,6.838709677419355,Organic
2026-07-01T00:00:00,美国,Android,Mykit,26.225806451612904,0.0,Organic
2026-02-01T00:00:00,英国,Android,Magic,26.107142857142858,13.75,Organic
2026-05-01T00:00:00,巴西,Android,Filters,404.19354838709677,158.5483870967742,Organic
2026-04-01T00:00:00,美国,Android,AI Repair,18.066666666666666,8.966666666666667,Organic
2026-04-01T00:00:00,英国,Android,Matte,2.8666666666666667,1.3666666666666667,Organic
2026-06-01T00:00:00,墨西哥,Android,Glitter,6.148148148148148,0.8518518518518519,Organic
2026-02-01T00:00:00,巴西,Android,Flawless,0.0,0.0,Organic
2026-03-01T00:00:00,美国,iOS,Resize,173.29032258064515,79.35483870967742,Organic
2026-01-01T00:00:00,墨西哥,Android,Filters,57.32258064516129,13.225806451612904,Organic
2026-01-01T00:00:00,巴西,Android,Adjust,249.70967741935485,136.32258064516128,Organic
2026-08-01T00:00:00,美国,Android,Skin Tone,18.333333333333332,12.0,Organic
2026-01-01T00:00:00,墨西哥,iOS,Makeup,43.74193548387097,24.516129032258064,Organic
2026-03-01T00:00:00,英国,iOS,AI Expand,13.838709677419354,4.161290322580645,Organic
2026-03-01T00:00:00,墨西哥,iOS,Filters,52.193548387096776,8.387096774193548,Organic
2026-02-01T00:00:00,美国,iOS,Expression,87.14285714285714,19.821428571428573,Organic
2026-05-01T00:00:00,美国,iOS,AI Image,228.41935483870967,28.419354838709676,Organic
2026-01-01T00:00:00,英国,Android,Face,24.870967741935484,11.451612903225806,Organic
2026-06-01T00:00:00,美国,Android,Glowup,22.14814814814815,6.888888888888889,Organic
2026-02-01T00:00:00,美国,Android,Brighten,12.428571428571429,7.714285714285714,Organic
2026-06-01T00:00:00,美国,Android,Muscle,11.0,3.185185185185185,Organic
2026-06-01T00:00:00,巴西,iOS,Matte,53.22222222222222,22.333333333333332,Organic
2026-03-01T00:00:00,墨西哥,iOS,Crop,10.774193548387096,7.612903225806452,Organic
2026-03-01T00:00:00,巴西,Android,AI Tattoo,53.32258064516129,17.193548387096776,Organic
2026-01-01T00:00:00,巴西,iOS,Eraser,617.4516129032259,353.2258064516129,Organic
2026-06-01T00:00:00,美国,Android,Reshape,29.185185185185187,15.518518518518519,Organic
2026-08-01T00:00:00,英国,iOS,Crop,39.833333333333336,30.5,Organic
2026-01-01T00:00:00,英国,iOS,Stamp,7.161290322580645,1.8064516129032258,Organic
2026-05-01T00:00:00,美国,iOS,AI Replace,49.83870967741935,20.419354838709676,Organic
2026-01-01T00:00:00,英国,Android,Text,1.6774193548387097,0.2903225806451613,Organic
2026-08-01T00:00:00,墨西哥,iOS,Bokeh,8.666666666666666,1.3333333333333333,Organic
2026-02-01T00:00:00,美国,Android,Plump,12.285714285714286,5.25,Organic
2026-07-01T00:00:00,墨西哥,iOS,Stamp,6.870967741935484,1.4193548387096775,Organic
2026-07-01T00:00:00,墨西哥,Android,Hair,38.03225806451613,11.483870967741936,Organic
2026-04-01T00:00:00,美国,Android,Magic,75.16666666666667,40.43333333333333,Organic
2026-05-01T00:00:00,英国,Android,Resize,4.161290322580645,2.225806451612903,Organic
2026-05-01T00:00:00,英国,iOS,Whiten,0.0,0.0,Organic
2026-07-01T00:00:00,英国,Android,Plump,4.225806451612903,1.1612903225806452,Organic
2026-02-01T00:00:00,美国,Android,Matte,6.035714285714286,2.75,Organic
2026-02-01T00:00:00,墨西哥,iOS,Whiten,0.0,0.0,Organic
2026-02-01T00:00:00,英国,iOS,Relight,51.964285714285715,20.571428571428573,Organic
2026-07-01T00:00:00,墨西哥,Android,Glowup,10.35483870967742,2.096774193548387,Organic
2026-02-01T00:00:00,英国,Android,AI Replace,2.9285714285714284,1.3571428571428572,Organic
2026-01-01T00:00:00,美国,iOS,Effects,167.32258064516128,5.129032258064516,Organic
2026-05-01T00:00:00,巴西,Android,Eye Brighten,27.193548387096776,16.612903225806452,Organic
2026-03-01T00:00:00,巴西,Android,Dark Circles,52.03225806451613,34.193548387096776,Organic
2026-02-01T00:00:00,墨西哥,Android,Brighten,3.5,1.6071428571428572,Organic
2026-01-01T00:00:00,墨西哥,iOS,AI Tattoo,4.516129032258065,0.8387096774193549,Organic
2026-05-01T00:00:00,墨西哥,Android,AI Replace,3.6129032258064515,1.6451612903225807,Organic
2026-05-01T00:00:00,墨西哥,iOS,Hair,27.516129032258064,7.225806451612903,Organic
2026-07-01T00:00:00,巴西,iOS,Reshape,894.0,727.3548387096774,Organic
2026-02-01T00:00:00,英国,Android,Muscle,2.25,0.8928571428571429,Organic
2026-03-01T00:00:00,英国,iOS,Face Fix,52.0,6.67741935483871,Organic
2026-05-01T00:00:00,美国,iOS,Mykit,95.93548387096774,0.0,Organic
2026-04-01T00:00:00,巴西,Android,Body,141.83333333333334,83.03333333333333,Organic
2026-04-01T00:00:00,英国,Android,Contour,4.2,1.6333333333333333,Organic
2026-08-01T00:00:00,墨西哥,iOS,AI Image,32.166666666666664,5.666666666666667,Organic
2026-03-01T00:00:00,墨西哥,Android,Plump,6.612903225806452,1.7741935483870968,Organic
2026-01-01T00:00:00,美国,Android,Contour,7.451612903225806,3.6451612903225805,Organic
2026-05-01T00:00:00,美国,Android,AI Repair,24.29032258064516,11.806451612903226,Organic
2026-06-01T00:00:00,巴西,iOS,Eraser,612.4074074074074,344.18518518518516,Organic
2026-08-01T00:00:00,巴西,iOS,Concealer,136.5,70.33333333333333,Organic
2026-02-01T00:00:00,墨西哥,iOS,Glitter,5.964285714285714,1.0,Organic
2026-05-01T00:00:00,墨西哥,Android,Magic,43.87096774193548,19.161290322580644,Organic
2026-06-01T00:00:00,美国,Android,AI Image,33.18518518518518,5.037037037037037,Organic
2026-05-01T00:00:00,英国,iOS,Expression,33.193548387096776,6.258064516129032,Organic
2026-03-01T00:00:00,巴西,iOS,Smooth,801.9677419354839,659.0,Organic
2026-02-01T00:00:00,巴西,Android,Body,117.92857142857143,72.75,Organic
2026-06-01T00:00:00,巴西,Android,Prism,18.555555555555557,7.333333333333333,Organic
2026-07-01T00:00:00,巴西,iOS,Resize,249.58064516129033,127.70967741935483,Organic
2026-07-01T00:00:00,美国,iOS,Clean Skin,199.0,117.26086956521739,Organic
2026-04-01T00:00:00,巴西,Android,Eye Brighten,30.866666666666667,18.766666666666666,Organic
2026-07-01T00:00:00,巴西,Android,Blur,64.64516129032258,41.774193548387096,Organic
2026-02-01T00:00:00,墨西哥,iOS,Preset,10.428571428571429,1.0714285714285714,Organic
2026-02-01T00:00:00,巴西,iOS,AI Repair,159.53571428571428,61.607142857142854,Organic
2026-04-01T00:00:00,墨西哥,Android,Muscle,10.7,3.1333333333333333,Organic
2026-02-01T00:00:00,英国,Android,Face,27.035714285714285,12.571428571428571,Organic
2026-08-01T00:00:00,美国,iOS,Crop,136.83333333333334,99.5,Organic
2026-07-01T00:00:00,墨西哥,iOS,Body,51.096774193548384,33.064516129032256,Organic
2026-05-01T00:00:00,墨西哥,iOS,Relight,35.225806451612904,16.870967741935484,Organic
2026-08-01T00:00:00,巴西,Android,Expression,38.166666666666664,8.666666666666666,Organic
2026-02-01T00:00:00,墨西哥,Android,Body,10.25,6.821428571428571,Organic
2026-01-01T00:00:00,英国,Android,AI Expand,3.2580645161290325,1.3870967741935485,Organic
2026-06-01T00:00:00,美国,iOS,Skin Tone,294.51851851851853,185.2962962962963,Organic
2026-03-01T00:00:00,美国,iOS,Contour,72.58064516129032,33.74193548387097,Organic
2026-04-01T00:00:00,美国,iOS,Smooth,515.7333333333333,385.8333333333333,Organic
2026-02-01T00:00:00,美国,Android,Eraser,21.571428571428573,12.785714285714286,Organic
2026-05-01T00:00:00,美国,Android,Prism,4.806451612903226,1.8064516129032258,Organic
2026-07-01T00:00:00,巴西,Android,Muscle,35.483870967741936,10.870967741935484,Organic
2026-03-01T00:00:00,美国,iOS,Crop,100.48387096774194,75.96774193548387,Organic
2026-05-01T00:00:00,英国,Android,Contour,2.5161290322580645,0.967741935483871,Organic
2026-03-01T00:00:00,英国,iOS,Text,7.870967741935484,0.4838709677419355,Organic
2026-01-01T00:00:00,英国,iOS,Relight,51.87096774193548,19.0,Organic
2026-07-01T00:00:00,墨西哥,iOS,Face,97.70967741935483,45.29032258064516,Organic
2026-07-01T00:00:00,美国,iOS,AI Expand,36.87096774193548,11.548387096774194,Organic
2026-07-01T00:00:00,巴西,iOS,Contour,57.29032258064516,29.838709677419356,Organic
2026-06-01T00:00:00,墨西哥,iOS,AI Replace,2.037037037037037,0.8518518518518519,Organic
2026-03-01T00:00:00,巴西,Android,Hair,302.6774193548387,103.96774193548387,Organic
2026-08-01T00:00:00,美国,iOS,Prism,26.5,5.5,Organic
2026-04-01T00:00:00,巴西,Android,Mykit,48.06666666666667,0.0,Organic
2026-02-01T00:00:00,巴西,Android,Teeth,83.75,0.0,Organic
2026-03-01T00:00:00,巴西,Android,Eraser,162.7741935483871,88.7741935483871,Organic
2026-08-01T00:00:00,英国,iOS,Matte,19.5,10.0,Organic
2026-07-01T00:00:00,英国,Android,Brighten,3.7096774193548385,1.7419354838709677,Organic
2026-04-01T00:00:00,英国,iOS,AI Retouch,212.53333333333333,69.43333333333334,Organic
2026-08-01T00:00:00,美国,Android,Brighten,9.0,5.166666666666667,Organic
2026-04-01T00:00:00,美国,Android,Relight,30.033333333333335,14.0,Organic
2026-03-01T00:00:00,巴西,Android,Glowup,87.90322580645162,21.548387096774192,Organic
2026-05-01T00:00:00,巴西,iOS,Eye Brighten,106.54838709677419,77.7741935483871,Organic
2026-03-01T00:00:00,巴西,iOS,Details,67.93548387096774,21.483870967741936,Organic
2026-06-01T00:00:00,墨西哥,Android,Filters,47.7037037037037,15.333333333333334,Organic
2026-03-01T00:00:00,巴西,Android,AI Expand,54.25806451612903,24.838709677419356,Organic
2026-06-01T00:00:00,英国,iOS,Makeup,154.37037037037038,57.629629629629626,Organic
2026-05-01T00:00:00,英国,iOS,Brighten,53.516129032258064,27.06451612903226,Organic
2026-02-01T00:00:00,墨西哥,Android,Hair,19.642857142857142,7.535714285714286,Organic
2026-05-01T00:00:00,墨西哥,iOS,AI Replace,1.7741935483870968,0.7741935483870968,Organic
2026-04-01T00:00:00,墨西哥,iOS,Effects,18.833333333333332,0.16666666666666666,Organic
2026-04-01T00:00:00,美国,iOS,Relight,416.8,160.93333333333334,Organic
2026-05-01T00:00:00,英国,Android,Adjust,7.161290322580645,3.3870967741935485,Organic
2026-06-01T00:00:00,美国,Android,Crop,24.62962962962963,19.555555555555557,Organic
2026-02-01T00:00:00,巴西,Android,Eraser,184.82142857142858,97.32142857142857,Organic
2026-07-01T00:00:00,巴西,iOS,Skin Tone,228.4516129032258,143.1290322580645,Organic
2026-02-01T00:00:00,英国,iOS,AI Replace,13.928571428571429,6.25,Organic
2026-03-01T00:00:00,巴西,Android,Face,362.16129032258067,161.51612903225808,Organic
2026-05-01T00:00:00,墨西哥,Android,Face Fix,9.774193548387096,2.4193548387096775,Organic
2026-08-01T00:00:00,墨西哥,iOS,AI Repair,51.666666666666664,15.833333333333334,Organic
2026-08-01T00:00:00,巴西,iOS,Expression,125.83333333333333,21.333333333333332,Organic
2026-06-01T00:00:00,巴西,iOS,Preset,267.55555555555554,17.925925925925927,Organic
2026-08-01T00:00:00,美国,Android,Bokeh,7.833333333333333,3.0,Organic
2026-07-01T00:00:00,墨西哥,Android,Stamp,3.7419354838709675,0.7096774193548387,Organic
2026-02-01T00:00:00,墨西哥,iOS,Matte,4.142857142857143,2.25,Organic
2026-05-01T00:00:00,英国,iOS,Adjust,64.45161290322581,26.096774193548388,Organic
2026-02-01T00:00:00,美国,Android,Bokeh,6.321428571428571,2.107142857142857,Organic
2026-06-01T00:00:00,美国,iOS,Glitter,75.25925925925925,13.11111111111111,Organic
2026-04-01T00:00:00,墨西哥,Android,Text,5.7,0.5333333333333333,Organic
2026-04-01T00:00:00,墨西哥,Android,AI Expand,9.133333333333333,4.0,Organic
2026-03-01T00:00:00,美国,Android,Body,16.516129032258064,10.709677419354838,Organic
2026-07-01T00:00:00,墨西哥,Android,Makeup,20.483870967741936,11.67741935483871,Organic
2026-03-01T00:00:00,美国,iOS,Reshape,392.16129032258067,255.2258064516129,Organic
2026-07-01T00:00:00,美国,Android,Hair,106.25806451612904,35.354838709677416,Organic
2026-04-01T00:00:00,巴西,iOS,Acne,646.9,509.23333333333335,Organic
2026-07-01T00:00:00,墨西哥,iOS,Magic,89.19354838709677,36.38709677419355,Organic
2026-04-01T00:00:00,美国,Android,Face,74.8,35.1,Organic
2026-04-01T00:00:00,英国,Android,Expression,5.7,1.5,Organic
2026-08-01T00:00:00,巴西,Android,Text,15.0,1.8333333333333333,Organic
2026-05-01T00:00:00,墨西哥,Android,Text,4.451612903225806,0.5161290322580645,Organic
2026-05-01T00:00:00,墨西哥,iOS,Magic,57.45161290322581,30.032258064516128,Organic
2026-05-01T00:00:00,美国,iOS,Flawless,0.0,0.0,Organic
2026-08-01T00:00:00,巴西,iOS,Brighten,93.66666666666667,46.166666666666664,Organic
2026-08-01T00:00:00,墨西哥,iOS,Mykit,10.666666666666666,0.0,Organic
2026-06-01T00:00:00,美国,iOS,Background,181.66666666666666,16.185185185185187,Organic
2026-06-01T00:00:00,英国,Android,Glowup,7.592592592592593,2.4814814814814814,Organic
2026-06-01T00:00:00,英国,iOS,Glowup,98.88888888888889,29.25925925925926,Organic
2026-06-01T00:00:00,英国,iOS,Stamp,10.25925925925926,2.2962962962962963,Organic
2026-03-01T00:00:00,巴西,iOS,Expression,153.80645161290323,30.93548387096774,Organic
2026-05-01T00:00:00,英国,Android,Eye Brighten,2.903225806451613,2.032258064516129,Organic
2026-04-01T00:00:00,美国,iOS,Whiten,0.0,0.0,Organic
2026-03-01T00:00:00,美国,Android,Plump,12.225806451612904,4.548387096774194,Organic
2026-07-01T00:00:00,巴西,Android,Magic,281.16129032258067,144.70967741935485,Organic
2026-07-01T00:00:00,美国,Android,Stamp,9.548387096774194,2.5483870967741935,Organic
2026-07-01T00:00:00,英国,Android,Clean Skin,4.541666666666667,3.0,Organic
2026-08-01T00:00:00,美国,iOS,Blur,149.0,86.0,Organic
2026-01-01T00:00:00,墨西哥,Android,Effects,16.096774193548388,1.5161290322580645,Organic
2026-06-01T00:00:00,墨西哥,Android,Text,4.518518518518518,0.7407407407407407,Organic
2026-05-01T00:00:00,英国,Android,Glowup,7.838709677419355,2.6774193548387095,Organic
2026-07-01T00:00:00,美国,Android,Smooth,56.0,35.54838709677419,Organic
2026-04-01T00:00:00,巴西,iOS,AI Image,245.96666666666667,32.333333333333336,Organic
2026-04-01T00:00:00,巴西,Android,Preset,90.1,8.0,Organic
2026-05-01T00:00:00,美国,Android,Text,7.096774193548387,1.4193548387096775,Organic
2026-07-01T00:00:00,美国,iOS,Acne,324.5806451612903,230.51612903225808,Organic
2026-06-01T00:00:00,巴西,Android,Whiten,0.0,0.0,Organic
2026-06-01T00:00:00,墨西哥,Android,Relight,18.666666666666668,8.222222222222221,Organic
2026-06-01T00:00:00,巴西,iOS,Brighten,171.44444444444446,92.37037037037037,Organic
2026-05-01T00:00:00,墨西哥,iOS,Details,5.032258064516129,1.6129032258064515,Organic
2026-06-01T00:00:00,英国,Android,Dark Circles,3.4814814814814814,2.5555555555555554,Organic
2026-01-01T00:00:00,英国,Android,Face Fix,5.741935483870968,1.3870967741935485,Organic
2026-04-01T00:00:00,英国,iOS,Brighten,48.63333333333333,24.8,Organic
2026-05-01T00:00:00,美国,Android,Magic,75.35483870967742,40.903225806451616,Organic
2026-08-01T00:00:00,英国,Android,Adjust,7.333333333333333,4.0,Organic
2026-08-01T00:00:00,墨西哥,Android,Effects,9.166666666666666,0.0,Organic
2026-08-01T00:00:00,英国,Android,Expression,2.6666666666666665,1.1666666666666667,Organic
2026-05-01T00:00:00,美国,iOS,Concealer,254.96774193548387,110.58064516129032,Organic
2026-03-01T00:00:00,巴西,Android,Teeth,83.58064516129032,0.0,Organic
2026-06-01T00:00:00,巴西,iOS,Eye Brighten,102.88888888888889,73.85185185185185,Organic
2026-08-01T00:00:00,美国,iOS,Mykit,85.33333333333333,0.0,Organic
2026-08-01T00:00:00,墨西哥,Android,Mykit,5.0,0.0,Organic
2026-01-01T00:00:00,美国,Android,Eye Brighten,8.451612903225806,5.806451612903226,Organic
2026-02-01T00:00:00,美国,Android,Face Fix,16.464285714285715,3.107142857142857,Organic
2026-08-01T00:00:00,墨西哥,iOS,Crop,36.333333333333336,25.833333333333332,Organic
2026-07-01T00:00:00,美国,iOS,Dark Circles,128.1290322580645,87.25806451612904,Organic
2026-04-01T00:00:00,美国,iOS,Flawless,0.0,0.0,Organic
2026-06-01T00:00:00,墨西哥,Android,Smooth,15.814814814814815,11.62962962962963,Organic
2026-01-01T00:00:00,墨西哥,Android,Background,15.612903225806452,2.4193548387096775,Organic
2026-04-01T00:00:00,英国,iOS,Concealer,57.13333333333333,26.566666666666666,Organic
2026-05-01T00:00:00,巴西,iOS,Flawless,0.0,0.0,Organic
2026-07-01T00:00:00,英国,iOS,Muscle,25.70967741935484,6.709677419354839,Organic
2026-04-01T00:00:00,墨西哥,Android,Expression,10.1,3.0,Organic
2026-01-01T00:00:00,英国,iOS,Teeth,55.483870967741936,0.0,Organic
2026-08-01T00:00:00,英国,iOS,Glowup,102.66666666666667,35.666666666666664,Organic
2026-02-01T00:00:00,墨西哥,Android,Eye Brighten,1.5714285714285714,1.0,Organic
2026-02-01T00:00:00,巴西,iOS,Magic,1107.392857142857,677.25,Organic
2026-01-01T00:00:00,美国,iOS,Blur,113.19354838709677,65.7741935483871,Organic
2026-02-01T00:00:00,英国,Android,Blur,4.285714285714286,2.2142857142857144,Organic
2026-02-01T00:00:00,美国,Android,Glowup,18.857142857142858,6.678571428571429,Organic
2026-07-01T00:00:00,英国,iOS,Adjust,72.03225806451613,26.322580645161292,Organic
2026-05-01T00:00:00,英国,Android,Makeup,14.806451612903226,7.193548387096774,Organic
2026-02-01T00:00:00,墨西哥,iOS,Muscle,7.035714285714286,2.3214285714285716,Organic
2026-01-01T00:00:00,墨西哥,Android,Resize,8.0,3.064516129032258,Organic
2026-02-01T00:00:00,墨西哥,Android,AI Retouch,20.071428571428573,8.785714285714286,Organic
2026-07-01T00:00:00,美国,Android,Eye Brighten,14.35483870967742,7.387096774193548,Organic
2026-07-01T00:00:00,巴西,iOS,Plump,194.4516129032258,57.67741935483871,Organic
2026-04-01T00:00:00,墨西哥,Android,Face,56.333333333333336,22.466666666666665,Organic
2026-03-01T00:00:00,英国,iOS,Eraser,72.3225806451613,40.12903225806452,Organic
2026-02-01T00:00:00,美国,Android,Mykit,11.821428571428571,0.0,Organic
2026-07-01T00:00:00,墨西哥,Android,Details,2.838709677419355,1.4516129032258065,Organic
2026-02-01T00:00:00,巴西,Android,Makeup,252.5,141.32142857142858,Organic
2026-05-01T00:00:00,英国,iOS,AI Tattoo,21.806451612903224,3.193548387096774,Organic
2026-04-01T00:00:00,巴西,Android,Resize,76.23333333333333,39.93333333333333,Organic
2026-04-01T00:00:00,墨西哥,iOS,Mykit,6.466666666666667,0.0,Organic
2026-02-01T00:00:00,英国,iOS,Flawless,0.0,0.0,Organic
2026-02-01T00:00:00,英国,Android,AI Repair,4.214285714285714,1.7857142857142858,Organic
2026-08-01T00:00:00,美国,Android,AI Expand,6.666666666666667,2.8333333333333335,Organic
2026-05-01T00:00:00,墨西哥,iOS,Face Fix,9.32258064516129,1.2903225806451613,Organic
2026-08-01T00:00:00,巴西,Android,Matte,8.5,4.0,Organic
2026-08-01T00:00:00,美国,Android,AI Replace,7.0,3.1666666666666665,Organic
2026-05-01T00:00:00,墨西哥,iOS,Smooth,32.38709677419355,25.580645161290324,Organic
2026-03-01T00:00:00,美国,Android,AI Repair,15.741935483870968,8.612903225806452,Organic
2026-02-01T00:00:00,墨西哥,Android,Glowup,7.607142857142857,1.7142857142857142,Organic
2026-08-01T00:00:00,美国,iOS,AI Tattoo,71.33333333333333,11.333333333333334,Organic
2026-01-01T00:00:00,英国,Android,Magic,25.870967741935484,13.35483870967742,Organic
2026-06-01T00:00:00,美国,Android,Teeth,20.77777777777778,2.7777777777777777,Organic
2026-04-01T00:00:00,美国,iOS,Hair,446.8333333333333,114.53333333333333,Organic
2026-01-01T00:00:00,美国,Android,Skin Tone,19.387096774193548,12.903225806451612,Organic
2026-05-01T00:00:00,美国,iOS,Hair,569.4516129032259,138.29032258064515,Organic
2026-07-01T00:00:00,墨西哥,Android,Relight,34.96774193548387,15.580645161290322,Organic
2026-06-01T00:00:00,巴西,iOS,Concealer,235.74074074074073,112.18518518518519,Organic
2026-03-01T00:00:00,墨西哥,iOS,AI Image,13.709677419354838,1.3548387096774193,Organic
2026-03-01T00:00:00,美国,Android,Flawless,0.0,0.0,Organic
2026-01-01T00:00:00,巴西,iOS,Dark Circles,255.06451612903226,206.16129032258064,Organic
2026-07-01T00:00:00,美国,Android,Details,13.548387096774194,5.645161290322581,Organic
2026-01-01T00:00:00,巴西,Android,Preset,123.12903225806451,14.903225806451612,Organic
2026-08-01T00:00:00,巴西,Android,Adjust,143.33333333333334,84.83333333333333,Organic
2026-06-01T00:00:00,英国,Android,AI Expand,1.9259259259259258,0.7777777777777778,Organic
2026-04-01T00:00:00,美国,Android,Flawless,0.0,0.0,Organic
2026-05-01T00:00:00,美国,Android,Face Fix,17.419354838709676,5.064516129032258,Organic
2026-05-01T00:00:00,美国,Android,AI Replace,9.129032258064516,4.935483870967742,Organic
2026-04-01T00:00:00,英国,Android,Reshape,15.166666666666666,8.133333333333333,Organic
2026-06-01T00:00:00,墨西哥,Android,Prism,3.259259259259259,0.8518518518518519,Organic
2026-08-01T00:00:00,英国,Android,AI Expand,1.1666666666666667,0.5,Organic
2026-01-01T00:00:00,英国,iOS,Glitter,16.258064516129032,2.903225806451613,Organic
2026-06-01T00:00:00,墨西哥,Android,Reshape,24.85185185185185,14.37037037037037,Organic
2026-04-01T00:00:00,英国,Android,Preset,9.266666666666667,0.7333333333333333,Organic
2026-03-01T00:00:00,英国,Android,Hair,24.0,7.419354838709677,Organic
2026-02-01T00:00:00,墨西哥,iOS,Resize,14.357142857142858,6.607142857142857,Organic
2026-06-01T00:00:00,美国,Android,Mykit,18.444444444444443,0.0,Organic
2026-08-01T00:00:00,巴西,Android,Whiten,0.0,0.0,Organic
2026-02-01T00:00:00,美国,Android,Resize,11.214285714285714,5.75,Organic
2026-04-01T00:00:00,巴西,Android,Reshape,238.2,166.23333333333332,Organic
2026-04-01T00:00:00,巴西,Android,Contour,24.8,11.266666666666667,Organic
2026-04-01T00:00:00,巴西,iOS,Preset,180.7,15.733333333333333,Organic
2026-06-01T00:00:00,美国,Android,Contour,9.296296296296296,4.296296296296297,Organic
2026-01-01T00:00:00,英国,iOS,Hair,120.90322580645162,32.354838709677416,Organic
2026-06-01T00:00:00,英国,Android,Face,25.296296296296298,12.518518518518519,Organic
2026-04-01T00:00:00,英国,Android,Whiten,0.0,0.0,Organic
2026-08-01T00:00:00,巴西,iOS,Clean Skin,227.0,156.33333333333334,Organic
2026-01-01T00:00:00,墨西哥,Android,AI Image,23.838709677419356,3.4516129032258065,Organic
2026-08-01T00:00:00,巴西,iOS,Whiten,0.0,0.0,Organic
2026-01-01T00:00:00,英国,iOS,Smooth,146.2258064516129,112.54838709677419,Organic
2026-03-01T00:00:00,巴西,iOS,Whiten,0.0,0.0,Organic
2026-02-01T00:00:00,巴西,iOS,AI Expand,101.96428571428571,38.642857142857146,Organic
2026-07-01T00:00:00,巴西,iOS,Background,179.48387096774192,10.387096774193548,Organic
2026-07-01T00:00:00,英国,Android,Eye Brighten,2.806451612903226,1.7741935483870968,Organic
2026-02-01T00:00:00,美国,iOS,Acne,293.82142857142856,220.07142857142858,Organic
2026-04-01T00:00:00,巴西,Android,AI Image,158.33333333333334,30.266666666666666,Organic
2026-02-01T00:00:00,巴西,iOS,Stamp,46.92857142857143,10.107142857142858,Organic
2026-02-01T00:00:00,巴西,iOS,Face Fix,213.67857142857142,39.92857142857143,Organic
2026-08-01T00:00:00,巴西,Android,Glitter,20.5,2.8333333333333335,Organic
2026-07-01T00:00:00,巴西,Android,AI Tattoo,35.61290322580645,8.741935483870968,Organic
2026-06-01T00:00:00,美国,Android,Prism,5.111111111111111,1.5925925925925926,Organic
2026-02-01T00:00:00,巴西,Android,Bokeh,35.0,11.107142857142858,Organic
2026-04-01T00:00:00,墨西哥,Android,Magic,64.03333333333333,27.2,Organic
2026-08-01T00:00:00,巴西,Android,Eye Brighten,17.5,11.0,Organic
2026-02-01T00:00:00,美国,iOS,Adjust,183.21428571428572,70.64285714285714,Organic
2026-07-01T00:00:00,英国,Android,Resize,4.709677419354839,2.129032258064516,Organic
2026-01-01T00:00:00,巴西,iOS,Glitter,105.06451612903226,13.35483870967742,Organic
2026-02-01T00:00:00,墨西哥,Android,Resize,5.178571428571429,1.8928571428571428,Organic
2026-05-01T00:00:00,墨西哥,iOS,AI Expand,3.5161290322580645,1.2258064516129032,Organic
2026-03-01T00:00:00,美国,iOS,Prism,17.903225806451612,4.032258064516129,Organic
2026-03-01T00:00:00,英国,iOS,Face,242.29032258064515,112.58064516129032,Organic
2026-02-01T00:00:00,美国,iOS,Hair,440.5,114.89285714285714,Organic
2026-07-01T00:00:00,巴西,iOS,Effects,247.93548387096774,2.5806451612903225,Organic
2026-05-01T00:00:00,巴西,Android,Body,126.29032258064517,73.3225806451613,Organic
2026-06-01T00:00:00,美国,iOS,Effects,315.0,4.777777777777778,Organic
2026-05-01T00:00:00,巴西,Android,Background,81.7741935483871,8.64516129032258,Organic
2026-07-01T00:00:00,墨西哥,Android,Smooth,13.064516129032258,8.225806451612904,Organic
2026-05-01T00:00:00,英国,Android,AI Retouch,21.483870967741936,8.516129032258064,Organic
2026-02-01T00:00:00,美国,Android,AI Retouch,50.392857142857146,22.75,Organic
2026-06-01T00:00:00,英国,iOS,Preset,75.37037037037037,3.6296296296296298,Organic
2026-06-01T00:00:00,墨西哥,iOS,AI Repair,11.814814814814815,4.333333333333333,Organic
2026-01-01T00:00:00,美国,iOS,Concealer,178.67741935483872,79.87096774193549,Organic
2026-04-01T00:00:00,英国,iOS,AI Tattoo,17.033333333333335,2.7,Organic
2026-04-01T00:00:00,美国,iOS,Muscle,67.26666666666667,17.033333333333335,Organic
2026-04-01T00:00:00,英国,iOS,Eraser,80.53333333333333,44.46666666666667,Organic
2026-08-01T00:00:00,巴西,Android,Glowup,56.833333333333336,9.0,Organic
2026-04-01T00:00:00,墨西哥,iOS,Flawless,0.0,0.0,Organic
2026-04-01T00:00:00,英国,Android,Adjust,10.033333333333333,4.333333333333333,Organic
2026-08-01T00:00:00,美国,Android,Smooth,33.333333333333336,25.166666666666668,Organic
2026-05-01T00:00:00,巴西,iOS,Contour,66.64516129032258,34.935483870967744,Organic
2026-08-01T00:00:00,墨西哥,iOS,Prism,6.666666666666667,2.0,Organic
2026-02-01T00:00:00,美国,iOS,Matte,59.07142857142857,31.25,Organic
2026-03-01T00:00:00,美国,iOS,Skin Tone,266.741935483871,176.74193548387098,Organic
2026-07-01T00:00:00,墨西哥,iOS,Text,4.096774193548387,0.25806451612903225,Organic
2026-03-01T00:00:00,英国,iOS,Reshape,99.93548387096774,64.0,Organic
2026-05-01T00:00:00,美国,iOS,Plump,160.32258064516128,50.516129032258064,Organic
2026-03-01T00:00:00,美国,iOS,Hair,408.4193548387097,101.51612903225806,Organic
2026-04-01T00:00:00,英国,iOS,Skin Tone,93.06666666666666,64.5,Organic
2026-04-01T00:00:00,墨西哥,iOS,Skin Tone,25.8,16.966666666666665,Organic
2026-04-01T00:00:00,英国,Android,Face Fix,10.7,3.6,Organic
2026-08-01T00:00:00,英国,Android,Text,2.3333333333333335,0.5,Organic
2026-08-01T00:00:00,墨西哥,iOS,Eye Brighten,4.833333333333333,2.5,Organic
2026-01-01T00:00:00,巴西,iOS,Blur,328.16129032258067,217.03225806451613,Organic
2026-01-01T00:00:00,美国,Android,Hair,44.064516129032256,15.225806451612904,Organic
2026-01-01T00:00:00,美国,Android,Glowup,19.096774193548388,6.32258064516129,Organic
2026-01-01T00:00:00,墨西哥,iOS,Matte,5.548387096774194,2.6129032258064515,Organic
2026-01-01T00:00:00,巴西,Android,AI Image,257.51612903225805,64.2258064516129,Organic
2026-01-01T00:00:00,英国,Android,Plump,5.32258064516129,1.935483870967742,Organic
2026-05-01T00:00:00,美国,iOS,Whiten,0.0,0.0,Organic
2026-08-01T00:00:00,巴西,iOS,Flawless,0.0,0.0,Organic
2026-08-01T00:00:00,巴西,iOS,Crop,285.3333333333333,200.5,Organic
2026-08-01T00:00:00,英国,Android,Skin Tone,6.833333333333333,5.0,Organic
2026-08-01T00:00:00,英国,iOS,Prism,7.166666666666667,1.6666666666666667,Organic
2026-06-01T00:00:00,美国,iOS,Stamp,29.185185185185187,7.2592592592592595,Organic
2026-03-01T00:00:00,巴西,iOS,AI Image,220.90322580645162,35.12903225806452,Organic
2026-03-01T00:00:00,英国,iOS,Effects,43.96774193548387,0.7741935483870968,Organic
2026-02-01T00:00:00,美国,Android,Reshape,22.25,13.25,Organic
2026-07-01T00:00:00,巴西,Android,Glowup,64.29032258064517,12.870967741935484,Organic
2026-07-01T00:00:00,英国,iOS,Face,319.741935483871,148.3548387096774,Organic
2026-07-01T00:00:00,英国,iOS,Smooth,163.09677419354838,114.7741935483871,Organic
2026-07-01T00:00:00,墨西哥,Android,Preset,8.774193548387096,0.5806451612903226,Organic
2026-08-01T00:00:00,英国,Android,Prism,1.6666666666666667,0.3333333333333333,Organic
2026-04-01T00:00:00,墨西哥,iOS,Body,35.7,22.9,Organic
2026-04-01T00:00:00,墨西哥,iOS,Prism,2.533333333333333,0.4666666666666667,Organic
2026-03-01T00:00:00,墨西哥,Android,AI Expand,8.741935483870968,3.7419354838709675,Organic
2026-01-01T00:00:00,墨西哥,iOS,Brighten,10.548387096774194,5.290322580645161,Organic
2026-05-01T00:00:00,英国,Android,AI Repair,7.774193548387097,3.3870967741935485,Organic
2026-07-01T00:00:00,巴西,iOS,AI Replace,32.70967741935484,12.64516129032258,Organic
2026-04-01T00:00:00,英国,Android,Bokeh,2.566666666666667,0.5,Organic
2026-02-01T00:00:00,美国,iOS,Smooth,454.0357142857143,358.17857142857144,Organic
2026-03-01T00:00:00,英国,Android,AI Repair,7.806451612903226,3.2903225806451615,Organic
2026-07-01T00:00:00,美国,Android,Expression,20.161290322580644,5.838709677419355,Organic
2026-07-01T00:00:00,墨西哥,Android,Background,10.580645161290322,1.064516129032258,Organic
2026-02-01T00:00:00,巴西,iOS,Preset,129.64285714285714,14.607142857142858,Organic
2026-08-01T00:00:00,巴西,Android,Smooth,110.33333333333333,84.66666666666667,Organic
2026-03-01T00:00:00,英国,Android,Background,9.419354838709678,1.4193548387096775,Organic
2026-03-01T00:00:00,墨西哥,iOS,Whiten,0.0,0.0,Organic
2026-01-01T00:00:00,美国,Android,Text,6.870967741935484,1.1935483870967742,Organic
2026-08-01T00:00:00,美国,Android,Stamp,5.5,0.8333333333333334,Organic
2026-05-01T00:00:00,墨西哥,Android,Matte,3.3870967741935485,1.6451612903225807,Organic
2026-06-01T00:00:00,巴西,Android,AI Repair,80.03703703703704,36.03703703703704,Organic
2026-03-01T00:00:00,美国,iOS,Relight,223.16129032258064,95.6774193548387,Organic
2026-08-01T00:00:00,英国,iOS,Blur,57.0,36.166666666666664,Organic
2026-08-01T00:00:00,墨西哥,iOS,Concealer,9.833333333333334,3.3333333333333335,Organic
2026-07-01T00:00:00,墨西哥,Android,Brighten,3.806451612903226,1.8064516129032258,Organic
2026-05-01T00:00:00,美国,Android,Matte,6.67741935483871,3.2580645161290325,Organic
2026-03-01T00:00:00,墨西哥,Android,Dark Circles,6.0,3.064516129032258,Organic
2026-07-01T00:00:00,美国,Android,Reshape,39.03225806451613,20.032258064516128,Organic
2026-05-01T00:00:00,美国,iOS,Expression,121.48387096774194,26.193548387096776,Organic
2026-02-01T00:00:00,墨西哥,Android,Filters,27.107142857142858,7.678571428571429,Organic
2026-03-01T00:00:00,巴西,iOS,Mykit,73.6774193548387,0.0,Organic
2026-01-01T00:00:00,墨西哥,iOS,Adjust,22.387096774193548,7.806451612903226,Organic
2026-02-01T00:00:00,墨西哥,iOS,Face,66.71428571428571,30.714285714285715,Organic
2026-07-01T00:00:00,巴西,Android,Hair,249.61290322580646,73.35483870967742,Organic
2026-04-01T00:00:00,英国,iOS,Blur,40.36666666666667,23.7,Organic
2026-04-01T00:00:00,巴西,iOS,Makeup,686.1,349.93333333333334,Organic
2026-06-01T00:00:00,美国,Android,Face,88.62962962962963,38.333333333333336,Organic
2026-07-01T00:00:00,美国,iOS,Contour,74.45161290322581,34.0,Organic
2026-07-01T00:00:00,墨西哥,iOS,Plump,14.483870967741936,3.5806451612903225,Organic
2026-05-01T00:00:00,墨西哥,Android,Plump,8.193548387096774,2.096774193548387,Organic
2026-07-01T00:00:00,巴西,Android,Mykit,27.580645161290324,0.0,Organic
2026-03-01T00:00:00,英国,Android,AI Retouch,37.225806451612904,14.548387096774194,Organic
2026-03-01T00:00:00,巴西,iOS,Relight,460.16129032258067,216.61290322580646,Organic
2026-03-01T00:00:00,美国,Android,Glitter,7.096774193548387,1.2258064516129032,Organic
2026-07-01T00:00:00,英国,iOS,Stamp,10.03225806451613,2.193548387096774,Organic
2026-02-01T00:00:00,美国,iOS,Face,819.3928571428571,374.35714285714283,Organic
2026-02-01T00:00:00,巴西,iOS,Adjust,504.67857142857144,225.17857142857142,Organic
2026-05-01T00:00:00,墨西哥,iOS,Plump,7.67741935483871,1.7419354838709677,Organic
2026-05-01T00:00:00,墨西哥,Android,Contour,2.935483870967742,1.2903225806451613,Organic
2026-02-01T00:00:00,墨西哥,Android,Face,23.5,11.178571428571429,Organic
2026-05-01T00:00:00,美国,Android,AI Tattoo,6.612903225806452,1.6129032258064515,Organic
2026-01-01T00:00:00,墨西哥,iOS,Expression,12.064516129032258,3.806451612903226,Organic
2026-07-01T00:00:00,英国,iOS,Flawless,0.0,0.0,Organic
2026-03-01T00:00:00,英国,Android,Preset,9.35483870967742,0.7419354838709677,Organic
2026-08-01T00:00:00,美国,Android,Clean Skin,13.333333333333334,8.333333333333334,Organic
2026-07-01T00:00:00,墨西哥,Android,Plump,6.774193548387097,1.6451612903225807,Organic
2026-03-01T00:00:00,美国,Android,Dark Circles,10.709677419354838,7.516129032258065,Organic
2026-01-01T00:00:00,墨西哥,Android,AI Retouch,47.96774193548387,21.774193548387096,Organic
2026-01-01T00:00:00,巴西,Android,Bokeh,49.38709677419355,15.35483870967742,Organic
2026-01-01T00:00:00,墨西哥,Android,Teeth,10.225806451612904,0.0,Organic
2026-03-01T00:00:00,巴西,iOS,Blur,274.83870967741933,191.03225806451613,Organic
2026-06-01T00:00:00,英国,iOS,AI Replace,15.037037037037036,6.518518518518518,Organic
2026-06-01T00:00:00,巴西,iOS,Details,60.666666666666664,20.703703703703702,Organic
2026-02-01T00:00:00,墨西哥,iOS,Stamp,4.821428571428571,1.25,Organic
2026-06-01T00:00:00,英国,iOS,Face Fix,62.925925925925924,9.037037037037036,Organic
2026-02-01T00:00:00,巴西,iOS,AI Tattoo,66.39285714285714,12.321428571428571,Organic
2026-04-01T00:00:00,墨西哥,iOS,AI Image,16.666666666666668,1.3,Organic
2026-01-01T00:00:00,巴西,Android,Prism,30.580645161290324,10.741935483870968,Organic
2026-01-01T00:00:00,美国,iOS,Dark Circles,124.12903225806451,88.41935483870968,Organic
2026-07-01T00:00:00,美国,iOS,Plump,142.1290322580645,41.32258064516129,Organic
2026-01-01T00:00:00,巴西,iOS,Face Fix,288.38709677419354,52.903225806451616,Organic
2026-01-01T00:00:00,巴西,iOS,Skin Tone,374.38709677419354,239.16129032258064,Organic
2026-06-01T00:00:00,巴西,Android,Plump,50.7037037037037,16.51851851851852,Organic
2026-04-01T00:00:00,英国,iOS,Face Fix,54.1,8.233333333333333,Organic
2026-05-01T00:00:00,墨西哥,Android,Expression,10.64516129032258,3.0,Organic
2026-01-01T00:00:00,美国,Android,Relight,17.258064516129032,8.129032258064516,Organic
2026-08-01T00:00:00,巴西,iOS,Magic,1216.1666666666667,637.1666666666666,Organic
2026-07-01T00:00:00,墨西哥,Android,Reshape,18.903225806451612,9.935483870967742,Organic
2026-06-01T00:00:00,墨西哥,Android,Details,3.185185185185185,1.5925925925925926,Organic
2026-07-01T00:00:00,巴西,Android,Matte,11.741935483870968,5.0,Organic
2026-03-01T00:00:00,美国,Android,Teeth,16.129032258064516,0.0,Organic
2026-05-01T00:00:00,墨西哥,Android,Preset,11.516129032258064,1.096774193548387,Organic
2026-01-01T00:00:00,巴西,Android,Collarbone,0.0,0.0,Organic
2026-05-01T00:00:00,美国,Android,Adjust,26.193548387096776,13.580645161290322,Organic
2026-06-01T00:00:00,墨西哥,Android,Body,22.85185185185185,13.666666666666666,Organic
2026-07-01T00:00:00,巴西,iOS,Text,35.61290322580645,3.3870967741935485,Organic
2026-04-01T00:00:00,美国,Android,Body,18.033333333333335,9.733333333333333,Organic
2026-02-01T00:00:00,巴西,iOS,Expression,150.42857142857142,32.535714285714285,Organic
2026-04-01T00:00:00,英国,Android,AI Replace,4.333333333333333,1.7666666666666666,Organic
2026-07-01T00:00:00,巴西,iOS,Relight,889.7096774193549,449.83870967741933,Organic
2026-03-01T00:00:00,美国,Android,AI Expand,10.225806451612904,4.290322580645161,Organic
2026-03-01T00:00:00,墨西哥,iOS,Adjust,20.93548387096774,6.741935483870968,Organic
2026-01-01T00:00:00,英国,Android,Adjust,7.612903225806452,3.4516129032258065,Organic
2026-05-01T00:00:00,墨西哥,Android,AI Tattoo,6.096774193548387,1.5161290322580645,Organic
2026-04-01T00:00:00,巴西,Android,Smooth,165.63333333333333,121.7,Organic
2026-03-01T00:00:00,英国,Android,Whiten,0.0,0.0,Organic
2026-07-01T00:00:00,美国,iOS,Background,181.7741935483871,16.580645161290324,Organic
2026-02-01T00:00:00,美国,iOS,Filters,548.8571428571429,128.03571428571428,Organic
2026-06-01T00:00:00,美国,iOS,Details,91.25925925925925,28.74074074074074,Organic
2026-03-01T00:00:00,墨西哥,Android,Teeth,9.419354838709678,0.0,Organic
2026-08-01T00:00:00,美国,iOS,Makeup,561.3333333333334,247.0,Organic
2026-07-01T00:00:00,英国,iOS,Magic,279.3225806451613,128.93548387096774,Organic
2026-06-01T00:00:00,英国,Android,Resize,3.962962962962963,1.962962962962963,Organic
2026-03-01T00:00:00,美国,iOS,Glowup,239.09677419354838,77.80645161290323,Organic
2026-03-01T00:00:00,英国,iOS,Muscle,15.67741935483871,3.967741935483871,Organic
2026-06-01T00:00:00,英国,iOS,Bokeh,12.481481481481481,2.6296296296296298,Organic
2026-01-01T00:00:00,墨西哥,iOS,Hair,34.12903225806452,9.709677419354838,Organic
2026-07-01T00:00:00,美国,Android,Preset,33.064516129032256,5.516129032258065,Organic
2026-04-01T00:00:00,英国,Android,Mykit,7.1,0.0,Organic
2026-04-01T00:00:00,英国,iOS,Hair,108.4,29.666666666666668,Organic
2026-02-01T00:00:00,巴西,Android,Plump,61.107142857142854,22.464285714285715,Organic
2026-06-01T00:00:00,美国,Android,Flawless,0.0,0.0,Organic
2026-02-01T00:00:00,英国,iOS,Eye Brighten,32.285714285714285,21.785714285714285,Organic
2026-04-01T00:00:00,墨西哥,iOS,Eraser,28.566666666666666,15.533333333333333,Organic
2026-03-01T00:00:00,美国,Android,Acne,20.903225806451612,15.258064516129032,Organic
2026-03-01T00:00:00,英国,iOS,AI Repair,23.483870967741936,7.096774193548387,Organic
2026-05-01T00:00:00,英国,iOS,Face,302.7096774193548,142.29032258064515,Organic
2026-01-01T00:00:00,巴西,iOS,Text,43.29032258064516,3.064516129032258,Organic
2026-02-01T00:00:00,美国,Android,Crop,18.678571428571427,15.75,Organic
2026-07-01T00:00:00,巴西,iOS,Glowup,205.19354838709677,44.61290322580645,Organic
2026-08-01T00:00:00,美国,Android,Body,24.333333333333332,14.5,Organic
2026-01-01T00:00:00,美国,iOS,Teeth,236.7741935483871,0.0,Organic
2026-06-01T00:00:00,墨西哥,Android,Stamp,4.777777777777778,1.0740740740740742,Organic
2026-05-01T00:00:00,巴西,Android,Hair,366.35483870967744,98.45161290322581,Organic
2026-05-01T00:00:00,英国,Android,Crop,6.419354838709677,5.225806451612903,Organic
2026-07-01T00:00:00,美国,iOS,Preset,174.48387096774192,11.387096774193548,Organic
2026-02-01T00:00:00,巴西,Android,Contour,25.428571428571427,11.964285714285714,Organic
2026-07-01T00:00:00,美国,Android,Background,31.838709677419356,5.354838709677419,Organic
2026-01-01T00:00:00,英国,iOS,Filters,162.32258064516128,27.580645161290324,Organic
2026-05-01T00:00:00,美国,Android,Effects,26.161290322580644,1.8387096774193548,Organic
2026-01-01T00:00:00,英国,iOS,Plump,56.16129032258065,19.516129032258064,Organic
2026-03-01T00:00:00,巴西,iOS,AI Replace,58.25806451612903,21.516129032258064,Organic
2026-07-01T00:00:00,美国,iOS,Brighten,145.80645161290323,72.93548387096774,Organic
2026-04-01T00:00:00,美国,iOS,Eye Brighten,96.46666666666667,61.06666666666667,Organic
2026-01-01T00:00:00,英国,iOS,Brighten,51.354838709677416,26.677419354838708,Organic
2026-06-01T00:00:00,巴西,Android,Face,314.22222222222223,135.92592592592592,Organic
2026-05-01T00:00:00,美国,iOS,Brighten,220.70967741935485,115.96774193548387,Organic
2026-07-01T00:00:00,墨西哥,iOS,Contour,4.064516129032258,2.2580645161290325,Organic
2026-01-01T00:00:00,美国,iOS,Hair,541.9032258064516,135.96774193548387,Organic
2026-01-01T00:00:00,巴西,iOS,Body,652.4516129032259,455.16129032258067,Organic
2026-01-01T00:00:00,英国,Android,Muscle,2.5483870967741935,0.7741935483870968,Organic
2026-04-01T00:00:00,美国,Android,Eraser,29.633333333333333,16.966666666666665,Organic
2026-05-01T00:00:00,巴西,Android,Relight,188.6451612903226,91.48387096774194,Organic
2026-04-01T00:00:00,巴西,Android,Stamp,26.9,5.433333333333334,Organic
2026-01-01T00:00:00,美国,Android,AI Expand,10.129032258064516,4.258064516129032,Organic
2026-01-01T00:00:00,墨西哥,iOS,Glowup,18.516129032258064,4.451612903225806,Organic
2026-04-01T00:00:00,英国,iOS,Text,9.8,0.9,Organic
2026-01-01T00:00:00,英国,Android,Preset,5.451612903225806,0.6129032258064516,Organic
2026-04-01T00:00:00,英国,Android,Skin Tone,11.733333333333333,7.8,Organic
2026-03-01T00:00:00,美国,Android,Hair,44.064516129032256,15.548387096774194,Organic
2026-02-01T00:00:00,美国,iOS,AI Repair,91.71428571428571,30.607142857142858,Organic
2026-05-01T00:00:00,墨西哥,iOS,Preset,12.387096774193548,0.7096774193548387,Organic
2026-05-01T00:00:00,巴西,iOS,Bokeh,92.19354838709677,31.129032258064516,Organic
2026-02-01T00:00:00,美国,Android,Smooth,30.428571428571427,22.607142857142858,Organic
2026-01-01T00:00:00,英国,iOS,Background,41.483870967741936,4.774193548387097,Organic
2026-03-01T00:00:00,英国,iOS,Plump,41.774193548387096,13.193548387096774,Organic
2026-02-01T00:00:00,美国,iOS,Flawless,0.0,0.0,Organic
2026-07-01T00:00:00,巴西,iOS,Mykit,67.74193548387096,0.0,Organic
2026-08-01T00:00:00,墨西哥,iOS,Resize,13.833333333333334,4.333333333333333,Organic
2026-06-01T00:00:00,英国,iOS,AI Image,75.77777777777777,12.25925925925926,Organic
2026-05-01T00:00:00,英国,iOS,AI Repair,80.09677419354838,23.225806451612904,Organic
2026-02-01T00:00:00,美国,Android,Flawless,0.0,0.0,Organic
2026-08-01T00:00:00,英国,iOS,AI Image,55.333333333333336,8.166666666666666,Organic
2026-03-01T00:00:00,美国,iOS,Teeth,225.90322580645162,0.0,Organic
2026-05-01T00:00:00,巴西,iOS,AI Expand,75.90322580645162,31.258064516129032,Organic
2026-03-01T00:00:00,英国,iOS,AI Tattoo,14.0,2.2903225806451615,Organic
2026-07-01T00:00:00,英国,iOS,Reshape,127.83870967741936,78.61290322580645,Organic
2026-01-01T00:00:00,墨西哥,Android,Whiten,0.0,0.0,Organic
2026-07-01T00:00:00,墨西哥,iOS,Filters,198.25806451612902,49.774193548387096,Organic
2026-07-01T00:00:00,墨西哥,Android,Effects,11.193548387096774,0.2903225806451613,Organic
2026-05-01T00:00:00,墨西哥,Android,Brighten,5.967741935483871,3.129032258064516,Organic
2026-05-01T00:00:00,美国,Android,Expression,12.290322580645162,4.225806451612903,Organic
2026-06-01T00:00:00,墨西哥,Android,Eraser,19.88888888888889,11.481481481481481,Organic
2026-05-01T00:00:00,巴西,Android,Mykit,37.806451612903224,0.0,Organic
2026-06-01T00:00:00,英国,iOS,Prism,7.111111111111111,2.0,Organic
2026-05-01T00:00:00,美国,Android,Preset,19.677419354838708,2.2903225806451615,Organic
2026-03-01T00:00:00,英国,iOS,Preset,38.41935483870968,3.4193548387096775,Organic
2026-04-01T00:00:00,巴西,iOS,Face,1315.6333333333334,521.6666666666666,Organic
2026-06-01T00:00:00,墨西哥,iOS,Eye Brighten,4.925925925925926,2.7777777777777777,Organic
2026-05-01T00:00:00,英国,Android,Filters,23.774193548387096,8.258064516129032,Organic
2026-06-01T00:00:00,巴西,iOS,Crop,290.81481481481484,210.25925925925927,Organic
2026-07-01T00:00:00,墨西哥,iOS,Expression,12.64516129032258,3.4516129032258065,Organic
2026-04-01T00:00:00,墨西哥,Android,Resize,7.7,3.566666666666667,Organic
2026-05-01T00:00:00,巴西,iOS,Text,40.25806451612903,3.096774193548387,Organic
2026-03-01T00:00:00,墨西哥,iOS,Glitter,6.774193548387097,0.7419354838709677,Organic
2026-08-01T00:00:00,墨西哥,Android,Eye Brighten,1.6666666666666667,1.0,Organic
2026-05-01T00:00:00,墨西哥,Android,Background,11.612903225806452,1.5806451612903225,Organic
2026-02-01T00:00:00,巴西,iOS,Background,175.75,14.607142857142858,Organic
2026-08-01T00:00:00,美国,iOS,Eye Brighten,90.16666666666667,60.666666666666664,Organic
2026-01-01T00:00:00,美国,iOS,Acne,308.64516129032256,232.61290322580646,Organic
2026-04-01T00:00:00,英国,iOS,Acne,82.36666666666666,57.733333333333334,Organic
2026-01-01T00:00:00,英国,Android,Contour,2.6129032258064515,1.1935483870967742,Organic
2026-08-01T00:00:00,巴西,iOS,Muscle,97.16666666666667,22.833333333333332,Organic
2026-05-01T00:00:00,美国,Android,Muscle,7.774193548387097,2.870967741935484,Organic
2026-03-01T00:00:00,英国,Android,Muscle,3.4838709677419355,1.2258064516129032,Organic
2026-01-01T00:00:00,墨西哥,Android,Glitter,9.387096774193548,2.0,Organic
2026-01-01T00:00:00,英国,iOS,Reshape,112.38709677419355,73.64516129032258,Organic
2026-05-01T00:00:00,墨西哥,iOS,AI Tattoo,3.806451612903226,0.5806451612903226,Organic
2026-05-01T00:00:00,巴西,iOS,Teeth,352.03225806451616,0.0,Organic
2026-01-01T00:00:00,英国,iOS,Effects,44.483870967741936,1.0,Organic
2026-06-01T00:00:00,墨西哥,iOS,Resize,11.148148148148149,4.2592592592592595,Organic
2026-06-01T00:00:00,英国,Android,Skin Tone,8.592592592592593,6.222222222222222,Organic
2026-05-01T00:00:00,巴西,Android,Acne,113.29032258064517,83.7741935483871,Organic
2026-01-01T00:00:00,墨西哥,Android,AI Expand,13.774193548387096,6.419354838709677,Organic
2026-04-01T00:00:00,美国,Android,Eye Brighten,10.2,6.833333333333333,Organic
2026-04-01T00:00:00,墨西哥,iOS,Resize,14.066666666666666,6.066666666666666,Organic
2026-05-01T00:00:00,巴西,iOS,Adjust,544.1935483870968,260.48387096774195,Organic
2026-01-01T00:00:00,美国,Android,Glitter,8.129032258064516,1.6774193548387097,Organic
2026-03-01T00:00:00,美国,Android,Glowup,19.838709677419356,7.225806451612903,Organic
2026-02-01T00:00:00,墨西哥,iOS,Flawless,0.0,0.0,Organic
2026-04-01T00:00:00,美国,iOS,Concealer,208.6,92.33333333333333,Organic
2026-03-01T00:00:00,巴西,Android,Blur,77.25806451612904,48.516129032258064,Organic
2026-07-01T00:00:00,美国,Android,Matte,12.290322580645162,4.645161290322581,Organic
2026-02-01T00:00:00,墨西哥,Android,Magic,25.642857142857142,11.857142857142858,Organic
2026-08-01T00:00:00,巴西,iOS,Effects,247.5,2.8333333333333335,Organic
2026-06-01T00:00:00,美国,Android,Smooth,39.7037037037037,29.703703703703702,Organic
2026-08-01T00:00:00,英国,Android,Body,8.5,5.0,Organic
2026-08-01T00:00:00,巴西,Android,Magic,256.8333333333333,126.5,Organic
2026-03-01T00:00:00,英国,iOS,Background,37.41935483870968,3.774193548387097,Organic
2026-02-01T00:00:00,英国,Android,Stamp,1.1428571428571428,0.21428571428571427,Organic
2026-05-01T00:00:00,美国,iOS,Preset,232.03225806451613,16.129032258064516,Organic
2026-04-01T00:00:00,英国,Android,AI Image,14.533333333333333,1.5333333333333334,Organic
2026-01-01T00:00:00,巴西,Android,Face Fix,110.48387096774194,23.64516129032258,Organic
2026-07-01T00:00:00,英国,iOS,Details,22.419354838709676,8.193548387096774,Organic
2026-02-01T00:00:00,美国,Android,Magic,61.714285714285715,33.892857142857146,Organic
2026-01-01T00:00:00,巴西,iOS,Mykit,84.58064516129032,0.0,Organic
2026-05-01T00:00:00,巴西,Android,Bokeh,29.93548387096774,9.096774193548388,Organic
2026-05-01T00:00:00,英国,Android,Reshape,11.193548387096774,7.161290322580645,Organic
2026-05-01T00:00:00,美国,iOS,Background,189.06451612903226,19.580645161290324,Organic
2026-03-01T00:00:00,美国,iOS,Dark Circles,113.6774193548387,79.6774193548387,Organic
2026-07-01T00:00:00,美国,Android,AI Tattoo,13.0,2.3548387096774195,Organic
2026-03-01T00:00:00,墨西哥,Android,Relight,19.032258064516128,6.774193548387097,Organic
2026-01-01T00:00:00,墨西哥,Android,Acne,10.419354838709678,6.516129032258065,Organic
2026-08-01T00:00:00,英国,iOS,Face Fix,69.16666666666667,9.666666666666666,Organic
2026-03-01T00:00:00,巴西,Android,AI Image,205.80645161290323,48.096774193548384,Organic
2026-06-01T00:00:00,巴西,iOS,Reshape,954.6666666666666,775.5555555555555,Organic
2026-02-01T00:00:00,巴西,iOS,Plump,233.96428571428572,70.35714285714286,Organic
2026-03-01T00:00:00,英国,Android,Matte,2.967741935483871,1.4516129032258065,Organic
2026-01-01T00:00:00,巴西,Android,AI Replace,41.70967741935484,18.35483870967742,Organic
2026-03-01T00:00:00,墨西哥,Android,Hair,52.935483870967744,15.129032258064516,Organic
2026-01-01T00:00:00,英国,iOS,Crop,26.193548387096776,19.903225806451612,Organic
2026-07-01T00:00:00,英国,Android,AI Repair,5.580645161290323,2.225806451612903,Organic
2026-04-01T00:00:00,墨西哥,iOS,Concealer,13.766666666666667,4.4,Organic
2026-08-01T00:00:00,巴西,Android,Muscle,27.333333333333332,7.0,Organic
2026-07-01T00:00:00,英国,iOS,AI Repair,50.354838709677416,14.064516129032258,Organic
2026-02-01T00:00:00,巴西,Android,AI Tattoo,49.357142857142854,17.928571428571427,Organic
2026-05-01T00:00:00,英国,Android,Background,4.774193548387097,1.064516129032258,Organic
2026-07-01T00:00:00,美国,iOS,Effects,269.61290322580646,5.67741935483871,Organic
2026-01-01T00:00:00,墨西哥,iOS,Glitter,6.225806451612903,0.6451612903225806,Organic
2026-07-01T00:00:00,巴西,iOS,AI Expand,64.3225806451613,30.838709677419356,Organic
2026-02-01T00:00:00,美国,iOS,Magic,697.4642857142857,375.7857142857143,Organic
2026-03-01T00:00:00,英国,Android,AI Tattoo,2.838709677419355,0.45161290322580644,Organic
2026-03-01T00:00:00,墨西哥,iOS,AI Retouch,44.61290322580645,16.258064516129032,Organic
2026-04-01T00:00:00,巴西,iOS,Flawless,0.0,0.0,Organic
2026-01-01T00:00:00,美国,iOS,AI Expand,65.19354838709677,22.870967741935484,Organic
2026-01-01T00:00:00,美国,iOS,Glitter,54.03225806451613,10.580645161290322,Organic
2026-03-01T00:00:00,英国,iOS,Contour,23.677419354838708,12.064516129032258,Organic
2026-06-01T00:00:00,英国,iOS,Skin Tone,102.48148148148148,69.92592592592592,Organic
2026-04-01T00:00:00,英国,iOS,Glitter,17.0,2.6,Organic
2026-02-01T00:00:00,巴西,Android,AI Retouch,349.5357142857143,164.10714285714286,Organic
2026-06-01T00:00:00,英国,iOS,Blur,43.592592592592595,25.62962962962963,Organic
2026-01-01T00:00:00,巴西,Android,Resize,102.96774193548387,50.935483870967744,Organic
2026-07-01T00:00:00,巴西,iOS,Glitter,69.29032258064517,9.935483870967742,Organic
2026-06-01T00:00:00,巴西,Android,Reshape,182.7037037037037,132.62962962962962,Organic
2026-08-01T00:00:00,英国,Android,Blur,5.166666666666667,3.1666666666666665,Organic
2026-03-01T00:00:00,巴西,iOS,Prism,47.32258064516129,15.838709677419354,Organic
2026-01-01T00:00:00,英国,Android,Background,5.741935483870968,0.8064516129032258,Organic
2026-01-01T00:00:00,墨西哥,Android,Dark Circles,6.516129032258065,3.6774193548387095,Organic
2026-02-01T00:00:00,巴西,Android,Preset,78.21428571428571,8.464285714285714,Organic
2026-05-01T00:00:00,巴西,iOS,Acne,621.7096774193549,490.9032258064516,Organic
2026-05-01T00:00:00,巴西,iOS,Glowup,244.90322580645162,54.483870967741936,Organic
2026-04-01T00:00:00,墨西哥,Android,Concealer,10.966666666666667,3.033333333333333,Organic
2026-06-01T00:00:00,巴西,iOS,Effects,354.81481481481484,4.37037037037037,Organic
2026-01-01T00:00:00,巴西,iOS,Bokeh,124.48387096774194,37.38709677419355,Organic
2026-06-01T00:00:00,英国,iOS,Concealer,63.51851851851852,27.296296296296298,Organic
2026-04-01T00:00:00,英国,iOS,Mykit,23.9,0.0,Organic
2026-01-01T00:00:00,巴西,Android,Skin Tone,141.58064516129033,84.25806451612904,Organic
2026-05-01T00:00:00,英国,iOS,Magic,286.9032258064516,142.0,Organic
2026-01-01T00:00:00,美国,Android,Dark Circles,10.225806451612904,6.483870967741935,Organic
2026-01-01T00:00:00,英国,iOS,Preset,37.903225806451616,3.2580645161290325,Organic
2026-05-01T00:00:00,墨西哥,iOS,Contour,4.225806451612903,2.2903225806451615,Organic
2026-06-01T00:00:00,墨西哥,iOS,Makeup,33.0,17.88888888888889,Organic
2026-02-01T00:00:00,英国,Android,Eraser,7.571428571428571,4.107142857142857,Organic
2026-01-01T00:00:00,巴西,iOS,AI Image,248.19354838709677,25.838709677419356,Organic
2026-05-01T00:00:00,巴西,iOS,Relight,813.7741935483871,367.7741935483871,Organic
2026-01-01T00:00:00,巴西,Android,Blur,113.58064516129032,71.06451612903226,Organic
2026-03-01T00:00:00,美国,iOS,Acne,309.741935483871,229.96774193548387,Organic
2026-01-01T00:00:00,墨西哥,iOS,Bokeh,5.516129032258065,2.193548387096774,Organic
2026-08-01T00:00:00,美国,iOS,Eraser,374.6666666666667,202.16666666666666,Organic
2026-08-01T00:00:00,英国,Android,Mykit,3.6666666666666665,0.0,Organic
2026-08-01T00:00:00,英国,Android,AI Replace,1.1666666666666667,0.3333333333333333,Organic
2026-04-01T00:00:00,巴西,Android,Details,23.766666666666666,8.633333333333333,Organic
2026-03-01T00:00:00,巴西,iOS,Concealer,255.74193548387098,119.58064516129032,Organic
2026-02-01T00:00:00,巴西,iOS,Muscle,140.96428571428572,43.607142857142854,Organic
2026-02-01T00:00:00,英国,iOS,Eraser,76.28571428571429,45.32142857142857,Organic
2026-01-01T00:00:00,英国,iOS,Expression,29.419354838709676,6.354838709677419,Organic
2026-03-01T00:00:00,墨西哥,iOS,Dark Circles,11.32258064516129,7.483870967741935,Organic
2026-02-01T00:00:00,巴西,iOS,AI Retouch,813.4642857142857,342.14285714285717,Organic
2026-06-01T00:00:00,巴西,Android,Smooth,134.11111111111111,102.33333333333333,Organic
2026-05-01T00:00:00,美国,Android,AI Retouch,64.0,26.161290322580644,Organic
2026-07-01T00:00:00,英国,Android,Flawless,0.0,0.0,Organic
2026-06-01T00:00:00,巴西,Android,Muscle,42.51851851851852,12.444444444444445,Organic
2026-08-01T00:00:00,英国,iOS,Mykit,33.666666666666664,0.0,Organic
2026-01-01T00:00:00,英国,iOS,Contour,25.93548387096774,14.0,Organic
2026-05-01T00:00:00,美国,Android,Brighten,14.387096774193548,7.935483870967742,Organic
2026-05-01T00:00:00,墨西哥,iOS,Glowup,13.709677419354838,2.935483870967742,Organic
2026-02-01T00:00:00,巴西,Android,Filters,398.0,125.78571428571429,Organic
2026-05-01T00:00:00,美国,iOS,Contour,93.90322580645162,44.774193548387096,Organic
2026-02-01T00:00:00,墨西哥,iOS,Magic,54.92857142857143,31.785714285714285,Organic
2026-05-01T00:00:00,巴西,iOS,Hair,660.741935483871,157.0,Organic
2026-02-01T00:00:00,巴西,Android,Whiten,0.0,0.0,Organic
2026-04-01T00:00:00,美国,Android,Concealer,16.0,8.066666666666666,Organic
2026-07-01T00:00:00,墨西哥,iOS,AI Tattoo,8.32258064516129,1.903225806451613,Organic
2026-02-01T00:00:00,英国,Android,Body,5.25,3.2142857142857144,Organic
2026-01-01T00:00:00,巴西,Android,Text,38.483870967741936,5.32258064516129,Organic
2026-07-01T00:00:00,巴西,Android,Acne,94.25806451612904,71.03225806451613,Organic
2026-05-01T00:00:00,墨西哥,Android,Whiten,0.0,0.0,Organic
2026-01-01T00:00:00,美国,Android,Acne,18.35483870967742,13.387096774193548,Organic
2026-08-01T00:00:00,美国,Android,Eraser,30.5,16.666666666666668,Organic
2026-08-01T00:00:00,巴西,Android,Reshape,165.83333333333334,123.5,Organic
2026-08-01T00:00:00,墨西哥,iOS,Clean Skin,15.333333333333334,9.333333333333334,Organic
2026-01-01T00:00:00,墨西哥,iOS,Face Fix,12.32258064516129,2.4516129032258065,Organic
2026-08-01T00:00:00,巴西,Android,Details,10.166666666666666,3.6666666666666665,Organic
2026-08-01T00:00:00,巴西,Android,AI Repair,67.5,29.333333333333332,Organic
2026-04-01T00:00:00,英国,iOS,Bokeh,10.6,2.1666666666666665,Organic
2026-07-01T00:00:00,巴西,iOS,Hair,440.48387096774195,131.8709677419355,Organic
2026-03-01T00:00:00,巴西,iOS,Text,38.354838709677416,3.935483870967742,Organic
2026-01-01T00:00:00,墨西哥,Android,Relight,22.70967741935484,7.967741935483871,Organic
2026-01-01T00:00:00,英国,Android,AI Tattoo,2.161290322580645,0.5483870967741935,Organic
2026-07-01T00:00:00,巴西,iOS,Acne,554.516129032258,444.38709677419354,Organic
2026-06-01T00:00:00,美国,Android,Stamp,6.333333333333333,1.7407407407407407,Organic
2026-07-01T00:00:00,英国,Android,Magic,26.806451612903224,13.35483870967742,Organic
2026-07-01T00:00:00,巴西,iOS,Dark Circles,214.48387096774192,177.41935483870967,Organic
2026-04-01T00:00:00,墨西哥,Android,Body,21.166666666666668,12.0,Organic
2026-07-01T00:00:00,巴西,Android,AI Expand,24.483870967741936,11.451612903225806,Organic
2026-02-01T00:00:00,墨西哥,iOS,Smooth,36.035714285714285,29.107142857142858,Organic
2026-07-01T00:00:00,美国,Android,Whiten,0.0,0.0,Organic
2026-05-01T00:00:00,英国,Android,Smooth,14.612903225806452,11.64516129032258,Organic
2026-07-01T00:00:00,英国,Android,Filters,27.64516129032258,7.935483870967742,Organic
2026-06-01T00:00:00,英国,iOS,Mykit,34.74074074074074,0.0,Organic
2026-08-01T00:00:00,墨西哥,iOS,Makeup,60.333333333333336,26.666666666666668,Organic
2026-08-01T00:00:00,墨西哥,Android,Eraser,16.5,8.0,Organic
2026-06-01T00:00:00,墨西哥,iOS,Body,33.629629629629626,22.88888888888889,Organic
2026-05-01T00:00:00,美国,iOS,Matte,87.74193548387096,45.38709677419355,Organic
2026-05-01T00:00:00,巴西,Android,Face Fix,66.06451612903226,15.580645161290322,Organic
2026-07-01T00:00:00,美国,Android,Plump,18.451612903225808,6.580645161290323,Organic
2026-08-01T00:00:00,英国,iOS,Bokeh,14.333333333333334,3.5,Organic
2026-06-01T00:00:00,墨西哥,iOS,Eraser,22.925925925925927,12.851851851851851,Organic
2026-08-01T00:00:00,巴西,iOS,AI Repair,236.66666666666666,84.5,Organic
2026-02-01T00:00:00,墨西哥,iOS,Details,5.107142857142857,1.6428571428571428,Organic
2026-07-01T00:00:00,墨西哥,Android,Adjust,16.419354838709676,7.612903225806452,Organic
2026-02-01T00:00:00,巴西,iOS,Matte,68.89285714285714,33.0,Organic
2026-02-01T00:00:00,墨西哥,Android,Smooth,9.928571428571429,6.642857142857143,Organic
2026-03-01T00:00:00,巴西,iOS,Skin Tone,287.8709677419355,175.7741935483871,Organic
2026-03-01T00:00:00,墨西哥,iOS,Expression,10.193548387096774,2.2903225806451615,Organic
2026-02-01T00:00:00,巴西,iOS,Crop,268.07142857142856,196.28571428571428,Organic
2026-02-01T00:00:00,巴西,iOS,Whiten,0.0,0.0,Organic
2026-01-01T00:00:00,美国,iOS,Whiten,0.0,0.0,Organic
2026-02-01T00:00:00,美国,Android,AI Repair,14.464285714285714,7.214285714285714,Organic
2026-06-01T00:00:00,巴西,iOS,Smooth,779.8518518518518,630.9629629629629,Organic
2026-06-01T00:00:00,巴西,Android,Magic,314.7037037037037,166.74074074074073,Organic
2026-02-01T00:00:00,巴西,Android,Brighten,56.892857142857146,29.428571428571427,Organic
2026-05-01T00:00:00,美国,iOS,AI Retouch,982.6774193548387,315.258064516129,Organic
2026-07-01T00:00:00,美国,Android,Muscle,15.903225806451612,4.161290322580645,Organic
2026-07-01T00:00:00,巴西,Android,Teeth,61.32258064516129,33.41935483870968,Organic
2026-03-01T00:00:00,巴西,Android,Concealer,79.61290322580645,35.064516129032256,Organic
2026-05-01T00:00:00,墨西哥,iOS,Brighten,8.96774193548387,4.580645161290323,Organic
2026-04-01T00:00:00,巴西,iOS,Magic,1263.2666666666667,728.9666666666667,Organic
2026-01-01T00:00:00,墨西哥,Android,Adjust,22.0,9.096774193548388,Organic
2026-04-01T00:00:00,英国,Android,Text,2.933333333333333,0.2,Organic
2026-07-01T00:00:00,美国,Android,Contour,11.838709677419354,5.612903225806452,Organic
2026-02-01T00:00:00,墨西哥,Android,Flawless,0.0,0.0,Organic
2026-07-01T00:00:00,英国,Android,Face,29.096774193548388,14.35483870967742,Organic
2026-03-01T00:00:00,美国,iOS,Whiten,0.0,0.0,Organic
2026-04-01T00:00:00,墨西哥,iOS,Eye Brighten,5.433333333333334,3.3333333333333335,Organic
2026-03-01T00:00:00,巴西,Android,Prism,21.225806451612904,7.806451612903226,Organic
2026-06-01T00:00:00,英国,Android,Blur,3.259259259259259,2.111111111111111,Organic
2026-06-01T00:00:00,美国,Android,Makeup,55.370370370370374,27.555555555555557,Organic
2026-07-01T00:00:00,巴西,Android,Face Fix,53.903225806451616,13.451612903225806,Organic
2026-04-01T00:00:00,英国,Android,Relight,14.6,5.733333333333333,Organic
2026-08-01T00:00:00,英国,iOS,AI Replace,14.666666666666666,6.666666666666667,Organic
2026-06-01T00:00:00,美国,iOS,Makeup,503.77777777777777,211.22222222222223,Organic
2026-08-01T00:00:00,英国,iOS,Skin Tone,108.66666666666667,78.33333333333333,Organic
2026-08-01T00:00:00,英国,Android,AI Image,5.5,1.3333333333333333,Organic
2026-01-01T00:00:00,墨西哥,iOS,Preset,10.774193548387096,0.8064516129032258,Organic
2026-03-01T00:00:00,巴西,iOS,Body,452.6774193548387,314.80645161290323,Organic
2026-01-01T00:00:00,巴西,iOS,Details,88.29032258064517,28.580645161290324,Organic
2026-01-01T00:00:00,美国,Android,Concealer,14.96774193548387,6.129032258064516,Organic
2026-01-01T00:00:00,英国,Android,Matte,1.8387096774193548,0.8709677419354839,Organic
2026-02-01T00:00:00,墨西哥,Android,Makeup,16.678571428571427,9.285714285714286,Organic
2026-06-01T00:00:00,墨西哥,Android,Concealer,6.925925925925926,2.1481481481481484,Organic
2026-04-01T00:00:00,美国,Android,Smooth,38.0,30.466666666666665,Organic
2026-02-01T00:00:00,英国,iOS,Muscle,17.678571428571427,4.821428571428571,Organic
2026-01-01T00:00:00,巴西,Android,Brighten,96.03225806451613,47.935483870967744,Organic
2026-05-01T00:00:00,墨西哥,Android,Details,3.7419354838709675,1.6774193548387097,Organic
2026-01-01T00:00:00,墨西哥,Android,Face Fix,10.806451612903226,2.5483870967741935,Organic
2026-03-01T00:00:00,巴西,Android,Acne,110.48387096774194,81.09677419354838,Organic
2026-02-01T00:00:00,美国,Android,Stamp,4.607142857142857,1.2142857142857142,Organic
2026-05-01T00:00:00,英国,iOS,Filters,250.03225806451613,60.16129032258065,Organic
2026-03-01T00:00:00,英国,Android,Relight,10.290322580645162,4.451612903225806,Organic
2026-03-01T00:00:00,美国,Android,Muscle,7.451612903225806,2.4516129032258065,Organic
2026-05-01T00:00:00,英国,Android,Acne,7.580645161290323,5.516129032258065,Organic
2026-01-01T00:00:00,美国,Android,Brighten,12.838709677419354,6.967741935483871,Organic
2026-04-01T00:00:00,英国,Android,AI Expand,4.166666666666667,1.0666666666666667,Organic
2026-03-01T00:00:00,墨西哥,iOS,AI Tattoo,3.4193548387096775,0.6774193548387096,Organic
2026-02-01T00:00:00,英国,Android,Teeth,6.642857142857143,0.0,Organic
2026-04-01T00:00:00,英国,iOS,Matte,18.2,8.833333333333334,Organic
2026-07-01T00:00:00,墨西哥,iOS,Makeup,56.32258064516129,27.612903225806452,Organic
2026-02-01T00:00:00,巴西,iOS,Bokeh,100.46428571428571,31.714285714285715,Organic
2026-02-01T00:00:00,巴西,Android,Dark Circles,53.57142857142857,35.25,Organic
2026-05-01T00:00:00,美国,iOS,Stamp,32.354838709677416,7.903225806451613,Organic
2026-04-01T00:00:00,美国,iOS,Dark Circles,128.8,89.13333333333334,Organic
2026-02-01T00:00:00,巴西,iOS,Reshape,1040.8214285714287,832.75,Organic
2026-04-01T00:00:00,英国,Android,Effects,11.866666666666667,0.36666666666666664,Organic
2026-02-01T00:00:00,英国,Android,Contour,2.8214285714285716,1.2142857142857142,Organic
2026-08-01T00:00:00,墨西哥,Android,Face Fix,6.333333333333333,2.3333333333333335,Organic
2026-08-01T00:00:00,美国,iOS,Contour,61.833333333333336,32.666666666666664,Organic
2026-08-01T00:00:00,墨西哥,iOS,AI Expand,88.83333333333333,73.83333333333333,Organic
2026-03-01T00:00:00,巴西,iOS,AI Expand,102.41935483870968,39.774193548387096,Organic
2026-02-01T00:00:00,墨西哥,iOS,AI Tattoo,3.75,0.75,Organic
2026-05-01T00:00:00,墨西哥,Android,Glowup,14.516129032258064,2.6451612903225805,Organic
2026-04-01T00:00:00,墨西哥,iOS,Stamp,5.733333333333333,1.1666666666666667,Organic
2026-01-01T00:00:00,巴西,Android,AI Expand,86.2258064516129,38.483870967741936,Organic
2026-01-01T00:00:00,墨西哥,Android,Text,5.838709677419355,0.7096774193548387,Organic
2026-07-01T00:00:00,巴西,Android,Plump,44.70967741935484,14.35483870967742,Organic
2026-01-01T00:00:00,美国,iOS,AI Image,170.48387096774192,19.0,Organic
2026-04-01T00:00:00,墨西哥,Android,Hair,71.56666666666666,19.633333333333333,Organic
2026-04-01T00:00:00,美国,Android,Details,10.033333333333333,5.2,Organic
2026-04-01T00:00:00,英国,iOS,Adjust,79.53333333333333,45.4,Organic
2026-07-01T00:00:00,美国,iOS,AI Image,173.61290322580646,27.548387096774192,Organic
2026-04-01T00:00:00,美国,Android,Prism,5.233333333333333,2.1666666666666665,Organic
2026-03-01T00:00:00,墨西哥,Android,Crop,15.064516129032258,10.516129032258064,Organic
2026-03-01T00:00:00,美国,iOS,Magic,714.258064516129,374.96774193548384,Organic
2026-07-01T00:00:00,墨西哥,Android,Text,3.5806451612903225,0.45161290322580644,Organic
2026-06-01T00:00:00,巴西,Android,Matte,14.518518518518519,6.2592592592592595,Organic
2026-04-01T00:00:00,墨西哥,iOS,Dark Circles,10.333333333333334,7.366666666666666,Organic
2026-06-01T00:00:00,美国,Android,Concealer,22.37037037037037,9.037037037037036,Organic
2026-01-01T00:00:00,美国,Android,Effects,21.451612903225808,1.7741935483870968,Organic
2026-04-01T00:00:00,墨西哥,Android,Prism,3.966666666666667,1.3,Organic
2026-06-01T00:00:00,墨西哥,iOS,Crop,10.037037037037036,7.296296296296297,Organic
2026-04-01T00:00:00,英国,iOS,Expression,26.933333333333334,5.5,Organic
2026-08-01T00:00:00,墨西哥,iOS,Flawless,0.0,0.0,Organic
2026-08-01T00:00:00,巴西,iOS,Resize,250.83333333333334,125.33333333333333,Organic
2026-08-01T00:00:00,巴西,iOS,Hair,282.8333333333333,108.33333333333333,Organic
2026-05-01T00:00:00,英国,Android,Plump,3.3548387096774195,1.064516129032258,Organic
2026-02-01T00:00:00,巴西,iOS,Glitter,79.71428571428571,12.821428571428571,Organic
2026-03-01T00:00:00,英国,Android,AI Replace,4.290322580645161,1.8709677419354838,Organic
2026-07-01T00:00:00,巴西,Android,AI Retouch,266.741935483871,90.70967741935483,Organic
2026-01-01T00:00:00,美国,iOS,Skin Tone,261.06451612903226,177.2258064516129,Organic
2026-01-01T00:00:00,英国,iOS,Acne,88.96774193548387,64.58064516129032,Organic
2026-07-01T00:00:00,美国,iOS,Details,87.06451612903226,28.387096774193548,Organic
2026-03-01T00:00:00,美国,iOS,AI Replace,52.064516129032256,22.64516129032258,Organic
2026-07-01T00:00:00,墨西哥,iOS,Matte,5.580645161290323,2.935483870967742,Organic
2026-06-01T00:00:00,美国,iOS,Muscle,97.25925925925925,25.62962962962963,Organic
2026-06-01T00:00:00,墨西哥,iOS,Hair,25.85185185185185,7.111111111111111,Organic
2026-02-01T00:00:00,英国,iOS,Stamp,7.607142857142857,2.0357142857142856,Organic
2026-02-01T00:00:00,墨西哥,Android,Prism,2.142857142857143,0.7142857142857143,Organic
2026-08-01T00:00:00,美国,iOS,Background,179.66666666666666,18.166666666666668,Organic
2026-02-01T00:00:00,墨西哥,Android,Stamp,3.4285714285714284,0.5357142857142857,Organic
2026-08-01T00:00:00,巴西,iOS,AI Image,158.5,38.333333333333336,Organic
2026-08-01T00:00:00,美国,iOS,Relight,876.3333333333334,477.0,Organic
2026-08-01T00:00:00,墨西哥,iOS,Magic,96.33333333333333,39.666666666666664,Organic
2026-07-01T00:00:00,英国,iOS,Effects,73.74193548387096,1.1612903225806452,Organic
2026-01-01T00:00:00,巴西,iOS,Stamp,59.0,12.870967741935484,Organic
2026-01-01T00:00:00,英国,Android,Mykit,4.32258064516129,0.0,Organic
2026-05-01T00:00:00,英国,iOS,Teeth,64.03225806451613,0.0,Organic
2026-05-01T00:00:00,墨西哥,Android,Hair,53.54838709677419,14.451612903225806,Organic
2026-01-01T00:00:00,美国,iOS,Matte,63.225806451612904,33.935483870967744,Organic
2026-06-01T00:00:00,墨西哥,iOS,Contour,4.074074074074074,1.8888888888888888,Organic
2026-01-01T00:00:00,英国,Android,Details,3.225806451612903,1.2580645161290323,Organic
2026-06-01T00:00:00,英国,iOS,Brighten,54.0,26.444444444444443,Organic
2026-05-01T00:00:00,墨西哥,iOS,Prism,2.225806451612903,0.41935483870967744,Organic
2026-08-01T00:00:00,英国,Android,Glitter,2.1666666666666665,0.16666666666666666,Organic
2026-06-01T00:00:00,墨西哥,iOS,Details,5.62962962962963,2.0,Organic
2026-02-01T00:00:00,巴西,iOS,Filters,1004.5,183.10714285714286,Organic
2026-01-01T00:00:00,巴西,Android,Relight,234.29032258064515,110.70967741935483,Organic
2026-05-01T00:00:00,巴西,Android,Crop,124.58064516129032,100.7741935483871,Organic
2026-03-01T00:00:00,美国,Android,Contour,7.387096774193548,3.2903225806451615,Organic
2026-01-01T00:00:00,英国,Android,Smooth,12.32258064516129,9.258064516129032,Organic
2026-03-01T00:00:00,英国,Android,Eraser,14.64516129032258,7.967741935483871,Organic
2026-05-01T00:00:00,墨西哥,Android,Mykit,7.741935483870968,0.0,Organic
2026-03-01T00:00:00,英国,Android,Glitter,3.3225806451612905,0.5483870967741935,Organic
2026-03-01T00:00:00,英国,iOS,Glowup,73.45161290322581,24.032258064516128,Organic
2026-02-01T00:00:00,巴西,Android,AI Expand,57.25,26.678571428571427,Organic
2026-05-01T00:00:00,英国,Android,Concealer,5.064516129032258,2.4516129032258065,Organic
2026-04-01T00:00:00,美国,iOS,AI Repair,121.9,38.6,Organic
2026-03-01T00:00:00,墨西哥,iOS,AI Repair,8.193548387096774,3.6129032258064515,Organic
2026-08-01T00:00:00,美国,Android,Muscle,7.0,1.8333333333333333,Organic
2026-08-01T00:00:00,墨西哥,iOS,Filters,240.0,67.83333333333333,Organic
2026-08-01T00:00:00,巴西,iOS,Reshape,909.6666666666666,720.8333333333334,Organic
2026-08-01T00:00:00,英国,iOS,Expression,37.166666666666664,7.0,Organic
2026-01-01T00:00:00,巴西,Android,Flawless,0.0,0.0,Organic
2026-06-01T00:00:00,墨西哥,iOS,Preset,11.62962962962963,0.4074074074074074,Organic
2026-01-01T00:00:00,英国,Android,Crop,6.387096774193548,5.129032258064516,Organic
2026-01-01T00:00:00,英国,Android,Stamp,1.3870967741935485,0.12903225806451613,Organic
2026-06-01T00:00:00,英国,Android,AI Repair,6.407407407407407,2.7037037037037037,Organic
2026-03-01T00:00:00,英国,iOS,Smooth,134.09677419354838,101.38709677419355,Organic
2026-01-01T00:00:00,英国,iOS,Dark Circles,40.41935483870968,30.322580645161292,Organic
2026-01-01T00:00:00,巴西,Android,Glowup,134.2258064516129,34.03225806451613,Organic
2026-02-01T00:00:00,美国,iOS,AI Expand,60.714285714285715,19.607142857142858,Organic
2026-01-01T00:00:00,美国,iOS,Body,209.93548387096774,134.06451612903226,Organic
2026-02-01T00:00:00,美国,iOS,Dark Circles,119.5,86.10714285714286,Organic
2026-04-01T00:00:00,巴西,Android,Adjust,194.46666666666667,107.03333333333333,Organic
2026-01-01T00:00:00,美国,iOS,Resize,161.96774193548387,72.83870967741936,Organic
2026-08-01T00:00:00,美国,iOS,Reshape,454.5,292.5,Organic
2026-03-01T00:00:00,墨西哥,Android,Smooth,13.709677419354838,8.612903225806452,Organic
2026-02-01T00:00:00,英国,iOS,Text,9.392857142857142,0.75,Organic
2026-02-01T00:00:00,巴西,Android,Blur,74.21428571428571,48.035714285714285,Organic
2026-08-01T00:00:00,英国,iOS,Stamp,9.833333333333334,2.3333333333333335,Organic
2026-08-01T00:00:00,墨西哥,Android,Muscle,5.333333333333333,2.1666666666666665,Organic
2026-08-01T00:00:00,英国,iOS,Whiten,0.0,0.0,Organic
2026-08-01T00:00:00,英国,Android,Relight,15.0,7.666666666666667,Organic
2026-08-01T00:00:00,巴西,iOS,Contour,55.333333333333336,27.666666666666668,Organic
2026-07-01T00:00:00,英国,Android,Muscle,2.3225806451612905,0.9032258064516129,Organic
2026-07-01T00:00:00,英国,iOS,Background,55.74193548387097,5.32258064516129,Organic
2026-03-01T00:00:00,美国,Android,Reshape,25.677419354838708,15.935483870967742,Organic
2026-04-01T00:00:00,英国,Android,Concealer,9.7,4.433333333333334,Organic
2026-04-01T00:00:00,墨西哥,Android,Teeth,11.1,0.0,Organic
2026-02-01T00:00:00,美国,iOS,Resize,154.0,68.67857142857143,Organic
2026-06-01T00:00:00,美国,Android,Magic,94.33333333333333,48.0,Organic
2026-04-01T00:00:00,巴西,iOS,Skin Tone,308.26666666666665,186.33333333333334,Organic
2026-07-01T00:00:00,美国,iOS,Makeup,535.4516129032259,232.93548387096774,Organic
2026-06-01T00:00:00,英国,iOS,AI Retouch,270.85185185185185,84.96296296296296,Organic
2026-05-01T00:00:00,英国,Android,Eraser,8.548387096774194,4.451612903225806,Organic
2026-06-01T00:00:00,英国,iOS,Teeth,62.0,10.407407407407407,Organic
2026-04-01T00:00:00,美国,Android,Hair,49.1,16.766666666666666,Organic
2026-05-01T00:00:00,巴西,iOS,Background,215.90322580645162,14.903225806451612,Organic
2026-01-01T00:00:00,英国,iOS,Text,9.387096774193548,0.8709677419354839,Organic
2026-03-01T00:00:00,墨西哥,Android,Bokeh,4.967741935483871,1.5161290322580645,Organic
2026-03-01T00:00:00,墨西哥,iOS,Text,2.4516129032258065,0.2903225806451613,Organic
2026-02-01T00:00:00,墨西哥,iOS,Plump,9.964285714285714,1.8928571428571428,Organic
2026-05-01T00:00:00,墨西哥,Android,Skin Tone,14.03225806451613,9.64516129032258,Organic
2026-02-01T00:00:00,英国,Android,Smooth,13.357142857142858,10.428571428571429,Organic
2026-06-01T00:00:00,英国,iOS,Dark Circles,39.629629629629626,26.296296296296298,Organic
2026-08-01T00:00:00,英国,Android,Eye Brighten,2.3333333333333335,1.8333333333333333,Organic
2026-02-01T00:00:00,英国,Android,Hair,14.607142857142858,3.892857142857143,Organic
2026-05-01T00:00:00,墨西哥,Android,Smooth,18.580645161290324,14.193548387096774,Organic
2026-05-01T00:00:00,巴西,Android,Matte,18.548387096774192,7.709677419354839,Organic
2026-02-01T00:00:00,美国,iOS,AI Tattoo,48.07142857142857,8.785714285714286,Organic
2026-02-01T00:00:00,巴西,iOS,Mykit,63.0,0.0,Organic
2026-08-01T00:00:00,巴西,Android,Background,52.0,6.333333333333333,Organic
2026-01-01T00:00:00,墨西哥,Android,AI Repair,16.70967741935484,8.387096774193548,Organic
2026-06-01T00:00:00,美国,iOS,Bokeh,38.74074074074074,7.666666666666667,Organic
2026-07-01T00:00:00,美国,Android,Face Fix,26.161290322580644,7.032258064516129,Organic
2026-05-01T00:00:00,英国,iOS,Matte,19.612903225806452,10.709677419354838,Organic
2026-02-01T00:00:00,墨西哥,iOS,AI Retouch,44.714285714285715,18.464285714285715,Organic
2026-04-01T00:00:00,巴西,iOS,Eraser,569.4666666666667,314.9,Organic
2026-05-01T00:00:00,墨西哥,Android,Reshape,25.580645161290324,14.612903225806452,Organic
2026-06-01T00:00:00,美国,Android,Skin Tone,24.296296296296298,14.481481481481481,Organic
2026-04-01T00:00:00,巴西,iOS,Plump,235.03333333333333,71.3,Organic
2026-06-01T00:00:00,墨西哥,iOS,Filters,61.55555555555556,18.037037037037038,Organic
2026-05-01T00:00:00,英国,iOS,Glitter,20.64516129032258,3.4193548387096775,Organic
2026-04-01T00:00:00,英国,iOS,AI Image,47.5,3.966666666666667,Organic
2026-08-01T00:00:00,巴西,Android,Plump,40.0,12.166666666666666,Organic
2026-03-01T00:00:00,英国,iOS,Matte,17.93548387096774,9.129032258064516,Organic
2026-08-01T00:00:00,英国,Android,Teeth,6.5,3.5,Organic
2026-08-01T00:00:00,美国,Android,AI Repair,21.5,11.0,Organic
2026-02-01T00:00:00,巴西,Android,Text,27.928571428571427,3.75,Organic
2026-06-01T00:00:00,巴西,Android,Preset,74.96296296296296,5.851851851851852,Organic
2026-04-01T00:00:00,墨西哥,iOS,AI Expand,6.1,1.8333333333333333,Organic
2026-04-01T00:00:00,美国,Android,Stamp,5.233333333333333,1.3,Organic
2026-05-01T00:00:00,巴西,Android,Expression,54.61290322580645,13.612903225806452,Organic
2026-03-01T00:00:00,巴西,iOS,Eye Brighten,111.80645161290323,82.74193548387096,Organic
2026-04-01T00:00:00,美国,iOS,AI Replace,51.666666666666664,22.966666666666665,Organic
2026-05-01T00:00:00,美国,Android,Skin Tone,22.032258064516128,14.193548387096774,Organic
2026-06-01T00:00:00,美国,iOS,Smooth,532.0,394.44444444444446,Organic
2026-01-01T00:00:00,美国,iOS,Eye Brighten,97.45161290322581,64.7741935483871,Organic
2026-02-01T00:00:00,墨西哥,Android,Crop,9.785714285714286,7.571428571428571,Organic
2026-04-01T00:00:00,墨西哥,Android,Smooth,19.266666666666666,11.7,Organic
2026-02-01T00:00:00,墨西哥,Android,Expression,6.535714285714286,2.25,Organic
2026-08-01T00:00:00,英国,iOS,Text,10.166666666666666,1.0,Organic
2026-08-01T00:00:00,墨西哥,Android,Crop,13.166666666666666,9.333333333333334,Organic
2026-02-01T00:00:00,墨西哥,Android,Matte,1.8214285714285714,0.8214285714285714,Organic
2026-03-01T00:00:00,英国,Android,Dark Circles,5.580645161290323,3.774193548387097,Organic
2026-06-01T00:00:00,墨西哥,Android,Background,10.777777777777779,1.1851851851851851,Organic
2026-03-01T00:00:00,美国,iOS,Concealer,189.48387096774192,83.83870967741936,Organic
2026-06-01T00:00:00,墨西哥,iOS,AI Image,13.0,1.7407407407407407,Organic
2026-05-01T00:00:00,美国,Android,Filters,72.54838709677419,26.129032258064516,Organic
2026-04-01T00:00:00,墨西哥,iOS,Face Fix,15.3,2.2333333333333334,Organic
2026-04-01T00:00:00,墨西哥,iOS,Magic,68.0,31.466666666666665,Organic
2026-02-01T00:00:00,巴西,Android,Magic,397.0,214.71428571428572,Organic
2026-07-01T00:00:00,美国,iOS,Relight,826.9032258064516,434.48387096774195,Organic
2026-01-01T00:00:00,墨西哥,Android,AI Tattoo,7.612903225806452,2.2580645161290325,Organic
2026-04-01T00:00:00,墨西哥,Android,Flawless,0.0,0.0,Organic
2026-05-01T00:00:00,美国,Android,Mykit,14.612903225806452,0.0,Organic
2026-08-01T00:00:00,美国,Android,Blur,12.333333333333334,7.666666666666667,Organic
2026-06-01T00:00:00,美国,Android,Filters,94.5925925925926,30.11111111111111,Organic
2026-07-01T00:00:00,英国,Android,Prism,1.096774193548387,0.25806451612903225,Organic
2026-07-01T00:00:00,巴西,Android,Preset,62.774193548387096,4.612903225806452,Organic
2026-03-01T00:00:00,墨西哥,iOS,Muscle,7.516129032258065,2.806451612903226,Organic
2026-04-01T00:00:00,巴西,Android,Expression,63.5,16.633333333333333,Organic
2026-01-01T00:00:00,墨西哥,iOS,Flawless,0.0,0.0,Organic
2026-06-01T00:00:00,巴西,Android,AI Retouch,292.5925925925926,106.51851851851852,Organic
2026-04-01T00:00:00,巴西,iOS,Filters,1309.6,276.43333333333334,Organic
2026-08-01T00:00:00,墨西哥,iOS,Skin Tone,28.833333333333332,19.5,Organic
2026-01-01T00:00:00,巴西,iOS,Matte,81.87096774193549,37.38709677419355,Organic
2026-07-01T00:00:00,美国,iOS,Hair,456.3225806451613,139.67741935483872,Organic
2026-06-01T00:00:00,巴西,Android,Details,16.185185185185187,6.185185185185185,Organic
2026-07-01T00:00:00,巴西,iOS,Crop,264.7096774193548,193.29032258064515,Organic
2026-08-01T00:00:00,墨西哥,Android,Stamp,3.5,1.0,Organic
2026-04-01T00:00:00,美国,Android,Makeup,42.13333333333333,25.166666666666668,Organic
2026-02-01T00:00:00,英国,Android,Bokeh,2.2142857142857144,0.75,Organic
2026-02-01T00:00:00,墨西哥,iOS,Eraser,25.678571428571427,14.857142857142858,Organic
2026-05-01T00:00:00,英国,iOS,Resize,53.193548387096776,23.612903225806452,Organic
2026-06-01T00:00:00,巴西,Android,Glowup,68.14814814814815,14.074074074074074,Organic
2026-01-01T00:00:00,巴西,iOS,Whiten,0.0,0.0,Organic
2026-04-01T00:00:00,墨西哥,Android,AI Image,24.766666666666666,3.1,Organic
2026-07-01T00:00:00,墨西哥,iOS,Flawless,0.0,0.0,Organic
2026-08-01T00:00:00,墨西哥,iOS,Effects,37.666666666666664,0.0,Organic
2026-03-01T00:00:00,美国,Android,Mykit,11.0,0.0,Organic
2026-04-01T00:00:00,美国,iOS,Blur,131.0,73.96666666666667,Organic
2026-02-01T00:00:00,墨西哥,iOS,Background,9.392857142857142,0.9285714285714286,Organic
2026-06-01T00:00:00,墨西哥,Android,Magic,37.77777777777778,16.444444444444443,Organic
2026-07-01T00:00:00,美国,Android,Acne,31.29032258064516,18.129032258064516,Organic
2026-06-01T00:00:00,墨西哥,Android,Blur,8.703703703703704,6.148148148148148,Organic
2026-04-01T00:00:00,英国,Android,AI Tattoo,2.8333333333333335,0.5333333333333333,Organic
2026-04-01T00:00:00,英国,Android,Dark Circles,6.533333333333333,4.8,Organic
2026-01-01T00:00:00,美国,iOS,Mykit,72.16129032258064,0.0,Organic
2026-04-01T00:00:00,墨西哥,iOS,AI Replace,2.8666666666666667,0.9333333333333333,Organic
2026-01-01T00:00:00,英国,Android,Prism,1.064516129032258,0.3548387096774194,Organic
2026-02-01T00:00:00,英国,iOS,Crop,26.178571428571427,18.571428571428573,Organic
2026-02-01T00:00:00,墨西哥,iOS,Body,32.107142857142854,23.785714285714285,Organic
2026-01-01T00:00:00,墨西哥,iOS,Background,10.483870967741936,1.096774193548387,Organic
2026-08-01T00:00:00,巴西,Android,Eraser,125.0,71.66666666666667,Organic
2026-05-01T00:00:00,巴西,iOS,Blur,271.16129032258067,182.41935483870967,Organic
2026-01-01T00:00:00,墨西哥,iOS,Reshape,45.16129032258065,30.193548387096776,Organic
2026-07-01T00:00:00,巴西,iOS,AI Repair,209.25806451612902,76.93548387096774,Organic
2026-04-01T00:00:00,墨西哥,iOS,Blur,10.333333333333334,5.833333333333333,Organic
2026-06-01T00:00:00,巴西,Android,Contour,18.444444444444443,8.962962962962964,Organic
2026-04-01T00:00:00,英国,Android,Resize,6.233333333333333,3.0,Organic
2026-08-01T00:00:00,英国,Android,Makeup,12.0,5.833333333333333,Organic
2026-02-01T00:00:00,英国,Android,Details,2.8214285714285716,1.2857142857142858,Organic
2026-03-01T00:00:00,英国,iOS,Bokeh,9.709677419354838,2.129032258064516,Organic
2026-03-01T00:00:00,墨西哥,Android,Reshape,19.096774193548388,9.709677419354838,Organic
2026-01-01T00:00:00,墨西哥,iOS,Eye Brighten,5.741935483870968,3.774193548387097,Organic
2026-03-01T00:00:00,墨西哥,iOS,Face Fix,12.387096774193548,1.935483870967742,Organic
2026-06-01T00:00:00,墨西哥,Android,Face Fix,7.2592592592592595,1.6666666666666667,Organic
2026-06-01T00:00:00,墨西哥,Android,AI Tattoo,4.7407407407407405,1.1851851851851851,Organic
2026-07-01T00:00:00,美国,Android,Eraser,61.16129032258065,24.548387096774192,Organic
2026-01-01T00:00:00,墨西哥,Android,Concealer,10.612903225806452,3.7419354838709675,Organic
2026-01-01T00:00:00,巴西,Android,Teeth,127.74193548387096,0.0,Organic
2026-04-01T00:00:00,墨西哥,Android,Reshape,28.566666666666666,13.2,Organic
2026-01-01T00:00:00,巴西,iOS,Adjust,653.3225806451613,278.5483870967742,Organic
2026-07-01T00:00:00,巴西,Android,Effects,67.09677419354838,2.2903225806451615,Organic
2026-01-01T00:00:00,美国,iOS,Bokeh,36.806451612903224,10.03225806451613,Organic
2026-04-01T00:00:00,墨西哥,iOS,Text,3.5,0.16666666666666666,Organic
2026-02-01T00:00:00,墨西哥,iOS,Effects,12.928571428571429,0.25,Organic
2026-06-01T00:00:00,英国,iOS,AI Expand,10.962962962962964,3.925925925925926,Organic
2026-06-01T00:00:00,美国,Android,AI Tattoo,9.11111111111111,2.3333333333333335,Organic
2026-05-01T00:00:00,美国,iOS,Face,1119.8387096774193,516.7096774193549,Organic
2026-08-01T00:00:00,巴西,iOS,Preset,198.83333333333334,10.5,Organic
2026-03-01T00:00:00,巴西,Android,Text,29.451612903225808,4.354838709677419,Organic
2026-04-01T00:00:00,英国,iOS,Whiten,0.0,0.0,Organic
2026-02-01T00:00:00,英国,Android,Reshape,10.392857142857142,6.285714285714286,Organic
2026-04-01T00:00:00,巴西,iOS,Resize,305.2,158.5,Organic
2026-04-01T00:00:00,巴西,iOS,AI Retouch,958.4666666666667,361.6666666666667,Organic
2026-03-01T00:00:00,美国,Android,Bokeh,6.806451612903226,2.2903225806451615,Organic
2026-05-01T00:00:00,巴西,Android,AI Image,134.96774193548387,26.419354838709676,Organic
2026-01-01T00:00:00,巴西,Android,AI Retouch,527.741935483871,237.83870967741936,Organic
2026-07-01T00:00:00,美国,iOS,Glowup,308.7096774193548,99.12903225806451,Organic
2026-02-01T00:00:00,巴西,iOS,Flawless,0.0,0.0,Organic
2026-05-01T00:00:00,美国,Android,Smooth,40.38709677419355,32.03225806451613,Organic
2026-03-01T00:00:00,巴西,iOS,Plump,223.93548387096774,68.90322580645162,Organic
2026-06-01T00:00:00,巴西,Android,Relight,167.03703703703704,78.44444444444444,Organic
2026-03-01T00:00:00,墨西哥,Android,Contour,3.6774193548387095,1.6451612903225807,Organic
2026-07-01T00:00:00,英国,iOS,Eraser,107.19354838709677,56.32258064516129,Organic
2026-07-01T00:00:00,英国,iOS,Body,116.7741935483871,67.45161290322581,Organic
2026-03-01T00:00:00,巴西,iOS,Dark Circles,234.19354838709677,195.93548387096774,Organic
2026-05-01T00:00:00,墨西哥,iOS,Crop,9.64516129032258,6.419354838709677,Organic
2026-01-01T00:00:00,美国,Android,AI Tattoo,7.32258064516129,2.0,Organic
2026-07-01T00:00:00,英国,iOS,AI Retouch,268.06451612903226,84.64516129032258,Organic
2026-07-01T00:00:00,英国,Android,Crop,5.67741935483871,4.806451612903226,Organic
2026-07-01T00:00:00,英国,Android,Makeup,15.870967741935484,8.0,Organic
2026-05-01T00:00:00,英国,iOS,Eye Brighten,32.58064516129032,21.580645161290324,Organic
2026-07-01T00:00:00,英国,iOS,AI Tattoo,21.967741935483872,3.0,Organic
2026-01-01T00:00:00,巴西,iOS,Expression,203.48387096774192,45.16129032258065,Organic
2026-08-01T00:00:00,墨西哥,Android,Text,2.6666666666666665,0.3333333333333333,Organic
2026-08-01T00:00:00,巴西,iOS,Glowup,234.83333333333334,52.166666666666664,Organic
2026-08-01T00:00:00,美国,iOS,Teeth,268.1666666666667,193.0,Organic
2026-08-01T00:00:00,美国,iOS,Body,495.6666666666667,284.8333333333333,Organic
2026-03-01T00:00:00,墨西哥,Android,Skin Tone,12.806451612903226,8.580645161290322,Organic
2026-03-01T00:00:00,美国,Android,Preset,17.29032258064516,3.129032258064516,Organic
2026-05-01T00:00:00,巴西,iOS,Brighten,175.8709677419355,95.19354838709677,Organic
2026-07-01T00:00:00,美国,Android,Effects,34.16129032258065,2.935483870967742,Organic
2026-06-01T00:00:00,美国,iOS,Preset,257.0740740740741,13.407407407407407,Organic
2026-02-01T00:00:00,美国,iOS,Concealer,176.78571428571428,79.92857142857143,Organic
2026-01-01T00:00:00,美国,Android,AI Replace,9.838709677419354,4.838709677419355,Organic
2026-06-01T00:00:00,美国,Android,Body,27.88888888888889,15.666666666666666,Organic
2026-03-01T00:00:00,墨西哥,Android,Resize,6.645161290322581,2.6774193548387095,Organic
2026-06-01T00:00:00,墨西哥,Android,Effects,12.555555555555555,0.4444444444444444,Organic
2026-03-01T00:00:00,巴西,iOS,AI Retouch,841.9354838709677,353.96774193548384,Organic
2026-04-01T00:00:00,美国,Android,Crop,22.866666666666667,19.333333333333332,Organic
2026-02-01T00:00:00,墨西哥,Android,Adjust,12.428571428571429,5.321428571428571,Organic
2026-07-01T00:00:00,美国,iOS,Flawless,0.0,0.0,Organic
2026-03-01T00:00:00,美国,iOS,Plump,123.38709677419355,36.41935483870968,Organic
2026-06-01T00:00:00,巴西,Android,Resize,56.96296296296296,29.40740740740741,Organic
2026-06-01T00:00:00,美国,iOS,Mykit,95.48148148148148,0.0,Organic
2026-04-01T00:00:00,巴西,iOS,AI Tattoo,110.03333333333333,25.233333333333334,Organic
2026-08-01T00:00:00,巴西,Android,Brighten,21.5,11.5,Organic
2026-07-01T00:00:00,墨西哥,Android,Acne,8.35483870967742,5.354838709677419,Organic
2026-08-01T00:00:00,巴西,Android,Clean Skin,42.333333333333336,26.666666666666668,Organic
2026-08-01T00:00:00,巴西,Android,Body,102.0,57.5,Organic
2026-08-01T00:00:00,墨西哥,Android,Prism,2.5,0.6666666666666666,Organic
2026-08-01T00:00:00,英国,Android,AI Retouch,17.333333333333332,6.166666666666667,Organic
2026-01-01T00:00:00,美国,iOS,AI Retouch,657.2258064516129,228.70967741935485,Organic
2026-03-01T00:00:00,美国,Android,Matte,5.741935483870968,3.193548387096774,Organic
2026-02-01T00:00:00,墨西哥,Android,AI Image,13.607142857142858,1.75,Organic
2026-02-01T00:00:00,巴西,Android,AI Repair,71.0,33.464285714285715,Organic
2026-07-01T00:00:00,美国,iOS,Prism,24.677419354838708,6.806451612903226,Organic
2026-07-01T00:00:00,巴西,Android,Eye Brighten,22.64516129032258,14.35483870967742,Organic
2026-02-01T00:00:00,墨西哥,Android,Muscle,4.321428571428571,1.6428571428571428,Organic
2026-01-01T00:00:00,墨西哥,iOS,Smooth,41.12903225806452,32.74193548387097,Organic
2026-07-01T00:00:00,美国,Android,Magic,153.25806451612902,71.6774193548387,Organic
2026-06-01T00:00:00,美国,Android,AI Replace,9.62962962962963,4.592592592592593,Organic
2026-07-01T00:00:00,墨西哥,Android,AI Replace,3.4838709677419355,1.3870967741935485,Organic
2026-04-01T00:00:00,墨西哥,iOS,AI Repair,11.733333333333333,4.5,Organic
2026-06-01T00:00:00,英国,Android,Whiten,0.0,0.0,Organic
2026-08-01T00:00:00,美国,Android,Acne,18.5,13.333333333333334,Organic
2026-01-01T00:00:00,英国,Android,Bokeh,2.129032258064516,0.6774193548387096,Organic
2026-02-01T00:00:00,巴西,Android,AI Replace,28.321428571428573,12.678571428571429,Organic
2026-07-01T00:00:00,巴西,Android,Contour,15.870967741935484,7.451612903225806,Organic
2026-02-01T00:00:00,巴西,iOS,Glowup,288.39285714285717,70.89285714285714,Organic
2026-02-01T00:00:00,美国,iOS,AI Retouch,663.4285714285714,240.46428571428572,Organic
2026-03-01T00:00:00,英国,iOS,Details,22.032258064516128,7.870967741935484,Organic
2026-05-01T00:00:00,美国,iOS,Acne,372.51612903225805,266.61290322580646,Organic
2026-04-01T00:00:00,巴西,iOS,Eye Brighten,110.9,79.63333333333334,Organic
2026-07-01T00:00:00,巴西,iOS,Prism,47.193548387096776,16.193548387096776,Organic
2026-08-01T00:00:00,巴西,Android,Effects,56.166666666666664,1.3333333333333333,Organic
2026-08-01T00:00:00,巴西,Android,Dark Circles,31.666666666666668,24.333333333333332,Organic
2026-08-01T00:00:00,美国,Android,Face Fix,14.333333333333334,4.166666666666667,Organic
2026-08-01T00:00:00,美国,iOS,Resize,174.16666666666666,74.66666666666667,Organic
2026-04-01T00:00:00,英国,iOS,Preset,49.06666666666667,3.6666666666666665,Organic
2026-02-01T00:00:00,英国,iOS,Prism,5.321428571428571,1.5,Organic
2026-07-01T00:00:00,墨西哥,iOS,Relight,172.8709677419355,99.19354838709677,Organic
2026-07-01T00:00:00,美国,iOS,Smooth,579.0645161290323,419.48387096774195,Organic
2026-02-01T00:00:00,巴西,iOS,Details,70.75,22.642857142857142,Organic
2026-03-01T00:00:00,巴西,iOS,Glitter,76.38709677419355,10.580645161290322,Organic
2026-01-01T00:00:00,墨西哥,iOS,Body,33.25806451612903,23.774193548387096,Organic
2026-04-01T00:00:00,墨西哥,Android,Glowup,15.866666666666667,2.566666666666667,Organic
2026-04-01T00:00:00,巴西,iOS,Brighten,187.86666666666667,101.23333333333333,Organic
2026-04-01T00:00:00,英国,Android,AI Retouch,36.5,14.0,Organic
2026-01-01T00:00:00,美国,iOS,Filters,567.8064516129032,127.3225806451613,Organic
2026-02-01T00:00:00,美国,iOS,Skin Tone,244.39285714285714,158.64285714285714,Organic
2026-07-01T00:00:00,巴西,iOS,Whiten,0.0,0.0,Organic
2026-04-01T00:00:00,墨西哥,Android,Makeup,35.833333333333336,18.3,Organic
2026-05-01T00:00:00,巴西,Android,Whiten,0.0,0.0,Organic
2026-01-01T00:00:00,巴西,Android,Dark Circles,81.35483870967742,51.45161290322581,Organic
2026-05-01T00:00:00,巴西,Android,Muscle,49.806451612903224,15.258064516129032,Organic
2026-07-01T00:00:00,巴西,Android,Reshape,176.7741935483871,125.74193548387096,Organic
2026-07-01T00:00:00,墨西哥,Android,Blur,7.612903225806452,4.129032258064516,Organic
2026-05-01T00:00:00,美国,Android,Relight,30.806451612903224,15.290322580645162,Organic
2026-03-01T00:00:00,美国,Android,Crop,21.387096774193548,18.516129032258064,Organic
2026-08-01T00:00:00,美国,iOS,Smooth,566.0,412.3333333333333,Organic
2026-08-01T00:00:00,墨西哥,iOS,Relight,205.33333333333334,118.33333333333333,Organic
2026-08-01T00:00:00,英国,Android,Resize,3.5,1.5,Organic
2026-03-01T00:00:00,整体,Android,Teeth,606.1290322580645,0.03225806451612903,non-Organic
2026-02-01T00:00:00,整体,Android,Crop,650.8571428571429,455.7142857142857,non-Organic
2026-06-01T00:00:00,整体,iOS,Eraser,520.5185185185185,258.3703703703704,non-Organic
2026-01-01T00:00:00,整体,iOS,Magic,695.5483870967741,304.51612903225805,non-Organic
2026-05-01T00:00:00,整体,Android,AI Tattoo,403.61290322580646,87.09677419354838,non-Organic
2026-06-01T00:00:00,整体,iOS,Relight,1260.148148148148,609.1481481481482,non-Organic
2026-06-01T00:00:00,整体,Android,Magic,2183.777777777778,865.5925925925926,non-Organic
2026-08-01T00:00:00,整体,iOS,Text,65.16666666666667,2.6666666666666665,non-Organic
2026-02-01T00:00:00,整体,iOS,Whiten,0.0,0.0,non-Organic
2026-05-01T00:00:00,整体,Android,Plump,291.2903225806452,90.38709677419355,non-Organic
2026-07-01T00:00:00,整体,iOS,Resize,115.58064516129032,46.064516129032256,non-Organic
2026-08-01T00:00:00,整体,Android,Glitter,156.66666666666666,23.166666666666668,non-Organic
2026-06-01T00:00:00,整体,iOS,Reshape,496.6296296296296,247.03703703703704,non-Organic
2026-05-01T00:00:00,整体,iOS,Glowup,444.8709677419355,107.74193548387096,non-Organic
2026-04-01T00:00:00,整体,iOS,Smooth,434.6,287.26666666666665,non-Organic
2026-02-01T00:00:00,整体,iOS,Dark Circles,101.28571428571429,61.5,non-Organic
2026-07-01T00:00:00,整体,Android,AI Image,657.3548387096774,102.7741935483871,non-Organic
2026-06-01T00:00:00,整体,iOS,Matte,83.44444444444444,38.03703703703704,non-Organic
2026-03-01T00:00:00,整体,Android,Details,164.5483870967742,56.935483870967744,non-Organic
2026-02-01T00:00:00,整体,Android,Face,3093.3928571428573,1201.607142857143,non-Organic
2026-06-01T00:00:00,整体,iOS,Stamp,46.629629629629626,10.222222222222221,non-Organic
2026-02-01T00:00:00,整体,iOS,Relight,205.28571428571428,82.67857142857143,non-Organic
2026-06-01T00:00:00,整体,iOS,Muscle,283.4074074074074,83.5925925925926,non-Organic
2026-08-01T00:00:00,整体,iOS,Reshape,422.5,175.16666666666666,non-Organic
2026-08-01T00:00:00,整体,iOS,Bokeh,64.66666666666667,13.166666666666666,non-Organic
2026-01-01T00:00:00,整体,Android,Body,1166.5806451612902,647.0967741935484,non-Organic
2026-01-01T00:00:00,整体,iOS,Makeup,398.48387096774195,151.19354838709677,non-Organic
2026-01-01T00:00:00,整体,Android,AI Image,4297.774193548387,1607.774193548387,non-Organic
2026-05-01T00:00:00,整体,Android,Concealer,374.0967741935484,162.3548387096774,non-Organic
2026-06-01T00:00:00,整体,iOS,Flawless,0.0,0.0,non-Organic
2026-06-01T00:00:00,整体,iOS,Filters,1937.5925925925926,545.1851851851852,non-Organic
2026-04-01T00:00:00,整体,Android,Brighten,370.7,159.7,non-Organic
2026-02-01T00:00:00,整体,iOS,Muscle,111.78571428571429,34.67857142857143,non-Organic
2026-01-01T00:00:00,整体,Android,Makeup,2929.7096774193546,1446.9354838709678,non-Organic
2026-02-01T00:00:00,整体,iOS,AI Repair,149.42857142857142,59.5,non-Organic
2026-01-01T00:00:00,整体,iOS,Face Fix,206.41935483870967,41.67741935483871,non-Organic
2026-01-01T00:00:00,整体,Android,Stamp,226.83870967741936,42.0,non-Organic
2026-07-01T00:00:00,整体,Android,Makeup,1034.0645161290322,427.7741935483871,non-Organic
2026-03-01T00:00:00,整体,iOS,Details,88.12903225806451,29.451612903225808,non-Organic
2026-03-01T00:00:00,整体,Android,AI Expand,580.7096774193549,241.83870967741936,non-Organic
2026-04-01T00:00:00,整体,Android,Flawless,0.0,0.0,non-Organic
2026-06-01T00:00:00,整体,Android,Acne,396.7037037037037,214.77777777777777,non-Organic
2026-03-01T00:00:00,整体,iOS,AI Repair,184.90322580645162,71.7741935483871,non-Organic
2026-01-01T00:00:00,整体,iOS,Face,822.2258064516129,357.93548387096774,non-Organic
2026-08-01T00:00:00,整体,iOS,AI Expand,185.83333333333334,115.33333333333333,non-Organic
2026-04-01T00:00:00,整体,Android,Glitter,362.96666666666664,68.36666666666666,non-Organic
2026-01-01T00:00:00,整体,Android,Bokeh,223.74193548387098,68.51612903225806,non-Organic
2026-07-01T00:00:00,整体,iOS,Glitter,112.25806451612904,23.06451612903226,non-Organic
2026-03-01T00:00:00,整体,iOS,Crop,145.61290322580646,99.58064516129032,non-Organic
2026-06-01T00:00:00,整体,iOS,Glitter,141.03703703703704,27.74074074074074,non-Organic
2026-04-01T00:00:00,整体,Android,AI Expand,382.3333333333333,152.83333333333334,non-Organic
2026-02-01T00:00:00,整体,Android,Prism,135.10714285714286,48.535714285714285,non-Organic
2026-05-01T00:00:00,整体,Android,Brighten,251.25806451612902,117.09677419354838,non-Organic
2026-03-01T00:00:00,整体,Android,Effects,919.8709677419355,97.41935483870968,non-Organic
2026-08-01T00:00:00,整体,Android,Mykit,157.66666666666666,0.0,non-Organic
2026-03-01T00:00:00,整体,iOS,Prism,35.67741935483871,9.193548387096774,non-Organic
2026-07-01T00:00:00,整体,iOS,Brighten,106.09677419354838,49.70967741935484,non-Organic
2026-07-01T00:00:00,整体,iOS,AI Retouch,1074.258064516129,319.7096774193548,non-Organic
2026-08-01T00:00:00,整体,Android,Smooth,352.5,213.33333333333334,non-Organic
2026-01-01T00:00:00,整体,Android,AI Repair,798.6129032258065,362.741935483871,non-Organic
2026-02-01T00:00:00,整体,Android,Matte,177.35714285714286,65.78571428571429,non-Organic
2026-01-01T00:00:00,整体,iOS,Blur,83.70967741935483,39.96774193548387,non-Organic
2026-04-01T00:00:00,整体,Android,Eraser,1432.7,609.4333333333333,non-Organic
2026-08-01T00:00:00,整体,Android,Details,58.0,20.666666666666668,non-Organic
2026-04-01T00:00:00,整体,Android,Resize,243.33333333333334,92.73333333333333,non-Organic
2026-03-01T00:00:00,整体,Android,Skin Tone,610.3870967741935,318.5806451612903,non-Organic
2026-05-01T00:00:00,整体,iOS,Eye Brighten,92.61290322580645,50.25806451612903,non-Organic
2026-04-01T00:00:00,整体,Android,Dark Circles,300.2,137.1,non-Organic
2026-08-01T00:00:00,整体,Android,Matte,43.166666666666664,16.5,non-Organic
2026-02-01T00:00:00,整体,Android,Eye Brighten,216.0,106.10714285714286,non-Organic
2026-03-01T00:00:00,整体,Android,Filters,3165.6129032258063,839.516129032258,non-Organic
2026-04-01T00:00:00,整体,Android,Background,692.5666666666667,93.86666666666666,non-Organic
2026-05-01T00:00:00,整体,Android,Eraser,878.516129032258,389.16129032258067,non-Organic
2026-01-01T00:00:00,整体,iOS,Effects,173.25806451612902,5.419354838709677,non-Organic
2026-05-01T00:00:00,整体,Android,Magic,1855.3548387096773,712.2258064516129,non-Organic
2026-02-01T00:00:00,整体,iOS,Text,50.892857142857146,3.3214285714285716,non-Organic
2026-06-01T00:00:00,整体,iOS,Teeth,275.55555555555554,31.14814814814815,non-Organic
2026-02-01T00:00:00,整体,Android,Smooth,855.9642857142857,476.0357142857143,non-Organic
2026-05-01T00:00:00,整体,iOS,Details,89.38709677419355,28.161290322580644,non-Organic
2026-08-01T00:00:00,整体,Android,Prism,71.33333333333333,24.166666666666668,non-Organic
2026-03-01T00:00:00,整体,Android,Background,799.0322580645161,133.67741935483872,non-Organic
2026-04-01T00:00:00,整体,Android,Body,853.0,407.8,non-Organic
2026-08-01T00:00:00,整体,Android,Makeup,636.8333333333334,293.8333333333333,non-Organic
2026-04-01T00:00:00,整体,iOS,Makeup,503.1333333333333,186.6,non-Organic
2026-03-01T00:00:00,整体,iOS,Mykit,150.19354838709677,0.0,non-Organic
2026-02-01T00:00:00,整体,Android,AI Image,4368.428571428572,1433.357142857143,non-Organic
2026-04-01T00:00:00,整体,Android,Eye Brighten,182.2,79.06666666666666,non-Organic
2026-07-01T00:00:00,整体,iOS,Eye Brighten,67.61290322580645,37.54838709677419,non-Organic
2026-03-01T00:00:00,整体,iOS,AI Image,546.1935483870968,98.19354838709677,non-Organic
2026-04-01T00:00:00,整体,Android,Relight,1784.0666666666666,726.9666666666667,non-Organic
2026-05-01T00:00:00,整体,Android,Face Fix,431.06451612903226,107.16129032258064,non-Organic
2026-02-01T00:00:00,整体,Android,Mykit,508.2857142857143,0.0,non-Organic
2026-06-01T00:00:00,整体,Android,Stamp,126.85185185185185,21.814814814814813,non-Organic
2026-03-01T00:00:00,整体,Android,Relight,1766.1612903225807,803.9677419354839,non-Organic
2026-04-01T00:00:00,整体,iOS,Whiten,0.0,0.0,non-Organic
2026-07-01T00:00:00,整体,iOS,Glowup,373.2258064516129,94.83870967741936,non-Organic
2026-03-01T00:00:00,整体,iOS,Muscle,181.96774193548387,57.29032258064516,non-Organic
2026-02-01T00:00:00,整体,Android,Flawless,0.0,0.0,non-Organic
2026-04-01T00:00:00,整体,iOS,Expression,157.16666666666666,35.7,non-Organic
2026-03-01T00:00:00,整体,Android,Glitter,383.4516129032258,86.35483870967742,non-Organic
2026-04-01T00:00:00,整体,iOS,Matte,68.53333333333333,31.6,non-Organic
2026-07-01T00:00:00,整体,iOS,Concealer,142.7741935483871,60.645161290322584,non-Organic
2026-02-01T00:00:00,整体,Android,Resize,260.5,107.85714285714286,non-Organic
2026-06-01T00:00:00,整体,Android,Face Fix,421.85185185185185,110.44444444444444,non-Organic
2026-05-01T00:00:00,整体,iOS,Teeth,245.67741935483872,0.0,non-Organic
2026-05-01T00:00:00,整体,iOS,Hair,1477.741935483871,307.83870967741933,non-Organic
2026-06-01T00:00:00,整体,iOS,Smooth,559.8518518518518,356.51851851851853,non-Organic
2026-07-01T00:00:00,整体,iOS,Dark Circles,99.0,57.483870967741936,non-Organic
2026-05-01T00:00:00,整体,iOS,Preset,283.7096774193548,18.225806451612904,non-Organic
2026-04-01T00:00:00,整体,Android,Plump,375.6333333333333,123.56666666666666,non-Organic
2026-08-01T00:00:00,整体,Android,Stamp,84.83333333333333,15.333333333333334,non-Organic
2026-05-01T00:00:00,整体,Android,Acne,383.19354838709677,209.80645161290323,non-Organic
2026-04-01T00:00:00,整体,Android,Teeth,543.2666666666667,0.03333333333333333,non-Organic
2026-07-01T00:00:00,整体,iOS,Plump,160.93548387096774,48.774193548387096,non-Organic
2026-06-01T00:00:00,整体,iOS,Dark Circles,156.62962962962962,88.92592592592592,non-Organic
2026-04-01T00:00:00,整体,Android,Hair,4779.1,1212.4333333333334,non-Organic
2026-02-01T00:00:00,整体,iOS,Face Fix,205.82142857142858,40.17857142857143,non-Organic
2026-06-01T00:00:00,整体,iOS,Hair,1725.2222222222222,402.037037037037,non-Organic
2026-01-01T00:00:00,整体,iOS,Acne,187.80645161290323,110.7741935483871,non-Organic
2026-06-01T00:00:00,整体,Android,Expression,342.74074074074076,84.37037037037037,non-Organic
2026-07-01T00:00:00,整体,iOS,AI Expand,54.41935483870968,18.322580645161292,non-Organic
2026-05-01T00:00:00,整体,Android,Face,2398.7419354838707,788.8709677419355,non-Organic
2026-08-01T00:00:00,整体,Android,Glowup,343.0,63.333333333333336,non-Organic
2026-03-01T00:00:00,整体,Android,Mykit,525.7741935483871,0.0,non-Organic
2026-01-01T00:00:00,整体,iOS,Flawless,0.0,0.0,non-Organic
2026-07-01T00:00:00,整体,iOS,Eraser,407.2903225806452,196.06451612903226,non-Organic
2026-07-01T00:00:00,整体,Android,Mykit,243.67741935483872,0.0,non-Organic
2026-04-01T00:00:00,整体,iOS,Reshape,438.6666666666667,219.73333333333332,non-Organic
2026-08-01T00:00:00,整体,iOS,Stamp,69.0,13.5,non-Organic
2026-02-01T00:00:00,整体,Android,Brighten,496.67857142857144,229.35714285714286,non-Organic
2026-07-01T00:00:00,整体,Android,Adjust,496.7741935483871,204.80645161290323,non-Organic
2026-07-01T00:00:00,整体,Android,Dark Circles,174.93548387096774,90.12903225806451,non-Organic
2026-07-01T00:00:00,整体,iOS,Face Fix,205.1290322580645,34.54838709677419,non-Organic
2026-05-01T00:00:00,整体,Android,Relight,1102.1290322580646,472.8709677419355,non-Organic
2026-01-01T00:00:00,整体,Android,Mykit,602.7096774193549,0.0,non-Organic
2026-07-01T00:00:00,整体,iOS,Hair,1045.0,289.35483870967744,non-Organic
2026-08-01T00:00:00,整体,iOS,Adjust,536.5,184.16666666666666,non-Organic
2026-01-01T00:00:00,整体,Android,Blur,375.64516129032256,170.90322580645162,non-Organic
2026-04-01T00:00:00,整体,Android,Details,150.36666666666667,49.266666666666666,non-Organic
2026-02-01T00:00:00,整体,iOS,Plump,126.85714285714286,38.75,non-Organic
2026-01-01T00:00:00,整体,iOS,AI Replace,77.93548387096774,34.29032258064516,non-Organic
2026-01-01T00:00:00,整体,Android,Text,346.5806451612903,37.74193548387097,non-Organic
2026-08-01T00:00:00,整体,Android,Flawless,0.0,0.0,non-Organic
2026-07-01T00:00:00,整体,Android,Concealer,305.258064516129,125.35483870967742,non-Organic
2026-06-01T00:00:00,整体,iOS,Face,1554.1851851851852,637.2592592592592,non-Organic
2026-08-01T00:00:00,整体,iOS,Acne,197.33333333333334,96.16666666666667,non-Organic
2026-02-01T00:00:00,整体,iOS,Blur,89.60714285714286,46.17857142857143,non-Organic
2026-02-01T00:00:00,整体,iOS,AI Replace,83.39285714285714,39.07142857142857,non-Organic
2026-03-01T00:00:00,整体,Android,AI Image,2895.7419354838707,785.0322580645161,non-Organic
2026-02-01T00:00:00,整体,iOS,Prism,24.928571428571427,6.642857142857143,non-Organic
2026-03-01T00:00:00,整体,Android,Magic,2961.1290322580644,1299.3548387096773,non-Organic
2026-01-01T00:00:00,整体,Android,Smooth,1072.032258064516,572.3548387096774,non-Organic
2026-08-01T00:00:00,整体,Android,Whiten,0.0,0.0,non-Organic
2026-02-01T00:00:00,整体,Android,Effects,979.2857142857143,117.10714285714286,non-Organic
2026-02-01T00:00:00,整体,iOS,Brighten,130.85714285714286,65.21428571428571,non-Organic
2026-05-01T00:00:00,整体,Android,Text,156.58064516129033,10.096774193548388,non-Organic
2026-08-01T00:00:00,整体,Android,Expression,171.16666666666666,41.833333333333336,non-Organic
2026-05-01T00:00:00,整体,Android,Eye Brighten,132.38709677419354,62.70967741935484,non-Organic
2026-03-01T00:00:00,整体,iOS,Smooth,452.80645161290323,299.3225806451613,non-Organic
2026-07-01T00:00:00,整体,iOS,Acne,207.2258064516129,110.48387096774194,non-Organic
2026-08-01T00:00:00,整体,iOS,Whiten,0.0,0.0,non-Organic
2026-04-01T00:00:00,整体,iOS,Face,1174.1,494.73333333333335,non-Organic
2026-01-01T00:00:00,整体,iOS,Resize,116.58064516129032,51.32258064516129,non-Organic
2026-02-01T00:00:00,整体,Android,Whiten,0.0,0.0,non-Organic
2026-08-01T00:00:00,整体,iOS,Expression,159.0,32.666666666666664,non-Organic
2026-07-01T00:00:00,整体,Android,AI Replace,115.93548387096774,48.806451612903224,non-Organic
2026-03-01T00:00:00,整体,Android,Face,2628.1290322580644,1015.6451612903226,non-Organic
2026-06-01T00:00:00,整体,iOS,AI Expand,74.07407407407408,28.296296296296298,non-Organic
2026-05-01T00:00:00,整体,iOS,Resize,153.8709677419355,65.87096774193549,non-Organic
2026-05-01T00:00:00,整体,Android,Teeth,390.0967741935484,0.06451612903225806,non-Organic
2026-04-01T00:00:00,整体,iOS,Adjust,261.4,95.16666666666667,non-Organic
2026-04-01T00:00:00,整体,Android,Matte,150.36666666666667,53.166666666666664,non-Organic
2026-04-01T00:00:00,整体,Android,Glowup,732.9666666666667,144.03333333333333,non-Organic
2026-01-01T00:00:00,整体,iOS,Skin Tone,193.3548387096774,113.29032258064517,non-Organic
2026-06-01T00:00:00,整体,iOS,Magic,1254.0740740740741,501.3333333333333,non-Organic
2026-06-01T00:00:00,整体,Android,Face,2538.037037037037,871.2962962962963,non-Organic
2026-03-01T00:00:00,整体,iOS,Bokeh,56.064516129032256,12.741935483870968,non-Organic
2026-02-01T00:00:00,整体,Android,Skin Tone,670.5,358.89285714285717,non-Organic
2026-04-01T00:00:00,整体,iOS,AI Tattoo,146.46666666666667,39.666666666666664,non-Organic
2026-07-01T00:00:00,整体,Android,Expression,254.03225806451613,59.903225806451616,non-Organic
2026-02-01T00:00:00,整体,iOS,AI Tattoo,80.07142857142857,16.392857142857142,non-Organic
2026-04-01T00:00:00,整体,iOS,Details,86.06666666666666,27.7,non-Organic
2026-04-01T00:00:00,整体,Android,Smooth,744.5,400.1666666666667,non-Organic
2026-03-01T00:00:00,整体,iOS,Text,72.58064516129032,5.838709677419355,non-Organic
2026-08-01T00:00:00,整体,Android,Adjust,493.8333333333333,207.66666666666666,non-Organic
2026-02-01T00:00:00,整体,Android,Plump,428.85714285714283,178.46428571428572,non-Organic
2026-03-01T00:00:00,整体,iOS,Blur,128.7741935483871,62.58064516129032,non-Organic
2026-04-01T00:00:00,整体,Android,AI Tattoo,637.6333333333333,206.8,non-Organic
2026-02-01T00:00:00,整体,Android,Background,858.3214285714286,173.39285714285714,non-Organic
2026-06-01T00:00:00,整体,Android,AI Expand,149.2962962962963,56.148148148148145,non-Organic
2026-03-01T00:00:00,整体,Android,Collarbone,0.0,0.0,non-Organic
2026-07-01T00:00:00,整体,Android,Face Fix,322.7741935483871,80.61290322580645,non-Organic
2026-07-01T00:00:00,整体,Android,Bokeh,106.64516129032258,28.516129032258064,non-Organic
2026-04-01T00:00:00,整体,Android,Magic,2582.1666666666665,1019.3,non-Organic
2026-03-01T00:00:00,整体,Android,Flawless,0.0,0.0,non-Organic
2026-08-01T00:00:00,整体,Android,AI Retouch,1149.5,360.0,non-Organic
2026-08-01T00:00:00,整体,iOS,Brighten,89.83333333333333,37.833333333333336,non-Organic
2026-01-01T00:00:00,整体,Android,Collarbone,0.0,0.0,non-Organic
2026-03-01T00:00:00,整体,Android,Smooth,773.6129032258065,433.7096774193548,non-Organic
2026-01-01T00:00:00,整体,Android,Details,223.25806451612902,84.06451612903226,non-Organic
2026-05-01T00:00:00,整体,Android,Glitter,236.16129032258064,35.25806451612903,non-Organic
2026-06-01T00:00:00,整体,Android,Brighten,306.4074074074074,141.40740740740742,non-Organic
2026-08-01T00:00:00,整体,iOS,Dark Circles,75.66666666666667,43.833333333333336,non-Organic
2026-08-01T00:00:00,整体,Android,Hair,832.0,227.33333333333334,non-Organic
2026-07-01T00:00:00,整体,Android,AI Expand,131.3548387096774,55.38709677419355,non-Organic
2026-05-01T00:00:00,整体,Android,Resize,177.1290322580645,69.70967741935483,non-Organic
2026-05-01T00:00:00,整体,iOS,Makeup,623.0645161290323,223.3548387096774,non-Organic
2026-07-01T00:00:00,整体,iOS,Blur,116.19354838709677,55.25806451612903,non-Organic
2026-06-01T00:00:00,整体,Android,Dark Circles,239.03703703703704,121.62962962962963,non-Organic
2026-05-01T00:00:00,整体,iOS,Text,65.09677419354838,4.129032258064516,non-Organic
2026-07-01T00:00:00,整体,iOS,Bokeh,42.806451612903224,9.741935483870968,non-Organic
2026-03-01T00:00:00,整体,Android,Blur,355.2903225806452,165.74193548387098,non-Organic
2026-02-01T00:00:00,整体,Android,Filters,3547.5,973.1071428571429,non-Organic
2026-08-01T00:00:00,整体,iOS,AI Retouch,1325.3333333333333,415.5,non-Organic
2026-08-01T00:00:00,整体,Android,Teeth,197.16666666666666,84.0,non-Organic
2026-07-01T00:00:00,整体,Android,Acne,314.06451612903226,172.70967741935485,non-Organic
2026-06-01T00:00:00,整体,iOS,Details,96.33333333333333,31.25925925925926,non-Organic
2026-05-01T00:00:00,整体,iOS,Skin Tone,309.2903225806452,172.7741935483871,non-Organic
2026-05-01T00:00:00,整体,iOS,Body,509.6774193548387,270.4193548387097,non-Organic
2026-02-01T00:00:00,整体,iOS,AI Expand,105.57142857142857,35.82142857142857,non-Organic
2026-04-01T00:00:00,整体,iOS,Preset,226.86666666666667,15.133333333333333,non-Organic
2026-02-01T00:00:00,整体,Android,Collarbone,0.0,0.0,non-Organic
2026-08-01T00:00:00,整体,iOS,Magic,1332.3333333333333,476.3333333333333,non-Organic
2026-06-01T00:00:00,整体,iOS,Glowup,532.5925925925926,135.11111111111111,non-Organic
2026-03-01T00:00:00,整体,Android,AI Replace,274.96774193548384,134.51612903225808,non-Organic
2026-05-01T00:00:00,整体,iOS,Glitter,112.45161290322581,19.806451612903224,non-Organic
2026-01-01T00:00:00,整体,iOS,Dark Circles,94.35483870967742,57.064516129032256,non-Organic
2026-07-01T00:00:00,整体,Android,Stamp,112.51612903225806,18.64516129032258,non-Organic
2026-08-01T00:00:00,整体,iOS,AI Replace,58.833333333333336,22.833333333333332,non-Organic
2026-04-01T00:00:00,整体,Android,Muscle,754.4333333333333,222.56666666666666,non-Organic
2026-07-01T00:00:00,整体,Android,Relight,1135.8064516129032,469.1290322580645,non-Organic
2026-06-01T00:00:00,整体,Android,Resize,191.11111111111111,73.22222222222223,non-Organic
2026-04-01T00:00:00,整体,Android,Whiten,0.0,0.0,non-Organic
2026-08-01T00:00:00,整体,iOS,Mykit,131.83333333333334,0.0,non-Organic
2026-06-01T00:00:00,整体,Android,Glowup,570.2222222222222,107.62962962962963,non-Organic
2026-01-01T00:00:00,整体,Android,Effects,1186.516129032258,158.83870967741936,non-Organic
2026-03-01T00:00:00,整体,Android,Muscle,689.6451612903226,246.09677419354838,non-Organic
2026-07-01T00:00:00,整体,Android,Glitter,224.29032258064515,36.483870967741936,non-Organic
2026-07-01T00:00:00,整体,iOS,Stamp,42.45161290322581,8.709677419354838,non-Organic
2026-01-01T00:00:00,整体,iOS,Prism,21.967741935483872,5.516129032258065,non-Organic
2026-07-01T00:00:00,整体,Android,Skin Tone,325.4193548387097,167.1290322580645,non-Organic
2026-06-01T00:00:00,整体,Android,Relight,1294.4814814814815,566.8518518518518,non-Organic
2026-01-01T00:00:00,整体,Android,Plump,1240.967741935484,573.5483870967741,non-Organic
2026-01-01T00:00:00,整体,iOS,Crop,103.6774193548387,71.19354838709677,non-Organic
2026-03-01T00:00:00,整体,iOS,Eraser,421.7096774193548,222.3548387096774,non-Organic
2026-02-01T00:00:00,整体,Android,Concealer,729.1071428571429,308.35714285714283,non-Organic
2026-01-01T00:00:00,整体,iOS,AI Image,313.7096774193548,43.064516129032256,non-Organic
2026-08-01T00:00:00,整体,Android,Face,1145.0,429.5,non-Organic
2026-07-01T00:00:00,整体,Android,Background,378.0,44.645161290322584,non-Organic
2026-03-01T00:00:00,整体,iOS,Plump,172.03225806451613,52.58064516129032,non-Organic
2026-03-01T00:00:00,整体,Android,Stamp,247.96774193548387,38.516129032258064,non-Organic
2026-02-01T00:00:00,整体,iOS,Flawless,0.0,0.0,non-Organic
2026-03-01T00:00:00,整体,iOS,Brighten,177.4516129032258,88.64516129032258,non-Organic
2026-08-01T00:00:00,整体,iOS,Glowup,415.1666666666667,101.16666666666667,non-Organic
2026-01-01T00:00:00,整体,Android,Eraser,1905.483870967742,851.9354838709677,non-Organic
2026-06-01T00:00:00,整体,Android,Filters,2917.5555555555557,947.7407407407408,non-Organic
2026-04-01T00:00:00,整体,Android,Text,259.3,26.766666666666666,non-Organic
2026-01-01T00:00:00,整体,Android,Background,1158.9032258064517,273.4193548387097,non-Organic
2026-05-01T00:00:00,整体,Android,Details,106.25806451612904,35.87096774193548,non-Organic
2026-06-01T00:00:00,整体,Android,Reshape,810.8888888888889,353.48148148148147,non-Organic
2026-06-01T00:00:00,整体,iOS,AI Repair,321.48148148148147,107.5925925925926,non-Organic
2026-04-01T00:00:00,整体,iOS,Background,225.76666666666668,25.866666666666667,non-Organic
2026-04-01T00:00:00,整体,Android,Adjust,721.8,287.3666666666667,non-Organic
2026-02-01T00:00:00,整体,Android,AI Repair,622.7142857142857,285.17857142857144,non-Organic
2026-03-01T00:00:00,整体,iOS,Effects,272.5806451612903,7.225806451612903,non-Organic
2026-08-01T00:00:00,整体,Android,AI Tattoo,173.0,33.833333333333336,non-Organic
2026-07-01T00:00:00,整体,Android,Contour,99.96774193548387,46.41935483870968,non-Organic
2026-04-01T00:00:00,整体,Android,Stamp,197.9,32.5,non-Organic
2026-05-01T00:00:00,整体,iOS,Brighten,192.1290322580645,93.41935483870968,non-Organic
2026-02-01T00:00:00,整体,iOS,Teeth,159.85714285714286,0.0,non-Organic
2026-08-01T00:00:00,整体,iOS,Smooth,384.8333333333333,209.16666666666666,non-Organic
2026-08-01T00:00:00,整体,Android,Brighten,93.83333333333333,43.833333333333336,non-Organic
2026-06-01T00:00:00,整体,iOS,Expression,188.8148148148148,41.592592592592595,non-Organic
2026-04-01T00:00:00,整体,Android,AI Repair,532.6333333333333,216.96666666666667,non-Organic
2026-05-01T00:00:00,整体,Android,Mykit,285.64516129032256,0.0,non-Organic
2026-07-01T00:00:00,整体,Android,Resize,154.83870967741936,56.96774193548387,non-Organic
2026-08-01T00:00:00,整体,iOS,Matte,52.666666666666664,23.0,non-Organic
2026-05-01T00:00:00,整体,iOS,AI Replace,62.16129032258065,28.193548387096776,non-Organic
2026-06-01T00:00:00,整体,Android,Skin Tone,469.55555555555554,237.25925925925927,non-Organic
2026-08-01T00:00:00,整体,Android,AI Replace,81.33333333333333,32.666666666666664,non-Organic
2026-02-01T00:00:00,整体,iOS,Resize,127.85714285714286,54.0,non-Organic
2026-06-01T00:00:00,整体,iOS,Whiten,0.0,0.0,non-Organic
2026-02-01T00:00:00,整体,iOS,Eye Brighten,73.71428571428571,41.92857142857143,non-Organic
2026-03-01T00:00:00,整体,iOS,Background,245.70967741935485,30.93548387096774,non-Organic
2026-06-01T00:00:00,整体,Android,Teeth,401.6666666666667,29.74074074074074,non-Organic
2026-02-01T00:00:00,整体,iOS,Preset,181.39285714285714,17.5,non-Organic
2026-07-01T00:00:00,整体,Android,Flawless,0.0,0.0,non-Organic
2026-05-01T00:00:00,整体,iOS,Concealer,229.0,97.6774193548387,non-Organic
2026-08-01T00:00:00,整体,iOS,Preset,218.5,9.0,non-Organic
2026-06-01T00:00:00,整体,iOS,Adjust,374.77777777777777,150.11111111111111,non-Organic
2026-03-01T00:00:00,整体,Android,Prism,155.67741935483872,55.516129032258064,non-Organic
2026-04-01T00:00:00,整体,iOS,Concealer,210.33333333333334,88.13333333333334,non-Organic
2026-02-01T00:00:00,整体,Android,Text,294.7142857142857,33.892857142857146,non-Organic
2026-02-01T00:00:00,整体,iOS,AI Retouch,766.2142857142857,272.0357142857143,non-Organic
2026-02-01T00:00:00,整体,Android,Acne,438.57142857142856,235.64285714285714,non-Organic
2026-05-01T00:00:00,整体,Android,Bokeh,113.93548387096774,28.0,non-Organic
2026-06-01T00:00:00,整体,Android,Collarbone,0.0,0.0,non-Organic
2026-06-01T00:00:00,整体,Android,AI Retouch,2793.4814814814813,808.8148148148148,non-Organic
2026-06-01T00:00:00,整体,Android,Flawless,0.0,0.0,non-Organic
2026-05-01T00:00:00,整体,iOS,AI Tattoo,155.1290322580645,29.516129032258064,non-Organic
2026-07-01T00:00:00,整体,Android,Clean Skin,185.44,107.24,non-Organic
2026-07-01T00:00:00,整体,Android,Filters,2144.0967741935483,565.4193548387096,non-Organic
2026-01-01T00:00:00,整体,Android,Dark Circles,431.93548387096774,206.70967741935485,non-Organic
2026-02-01T00:00:00,整体,Android,Face Fix,534.5,140.0,non-Organic
2026-08-01T00:00:00,整体,iOS,Details,54.0,16.833333333333332,non-Organic
2026-08-01T00:00:00,整体,Android,Face Fix,232.0,58.333333333333336,non-Organic
2026-05-01T00:00:00,整体,iOS,Magic,1287.8709677419354,566.516129032258,non-Organic
2026-07-01T00:00:00,整体,Android,AI Retouch,1881.1612903225807,550.3870967741935,non-Organic
2026-02-01T00:00:00,整体,iOS,Smooth,336.2857142857143,224.46428571428572,non-Organic
2026-02-01T00:00:00,整体,Android,AI Replace,250.96428571428572,115.25,non-Organic
2026-04-01T00:00:00,整体,iOS,Plump,158.86666666666667,48.56666666666667,non-Organic
2026-07-01T00:00:00,整体,iOS,Muscle,181.51612903225808,50.83870967741935,non-Organic
2026-05-01T00:00:00,整体,iOS,Face Fix,273.741935483871,50.32258064516129,non-Organic
2026-02-01T00:00:00,整体,Android,Magic,3484.285714285714,1597.7857142857142,non-Organic
2026-07-01T00:00:00,整体,Android,Body,564.5806451612904,286.5806451612903,non-Organic
2026-04-01T00:00:00,整体,iOS,Body,357.1333333333333,201.66666666666666,non-Organic
2026-04-01T00:00:00,整体,iOS,Brighten,166.63333333333333,81.63333333333334,non-Organic
2026-01-01T00:00:00,整体,Android,AI Expand,782.1935483870968,342.0,non-Organic
2026-01-01T00:00:00,整体,iOS,Stamp,28.806451612903224,5.32258064516129,non-Organic
2026-06-01T00:00:00,整体,Android,Glitter,288.3333333333333,51.851851851851855,non-Organic
2026-08-01T00:00:00,整体,Android,Concealer,124.66666666666667,53.166666666666664,non-Organic
2026-08-01T00:00:00,整体,Android,Magic,1206.0,453.1666666666667,non-Organic
2026-07-01T00:00:00,整体,Android,Teeth,299.96774193548384,101.35483870967742,non-Organic
2026-03-01T00:00:00,整体,Android,Adjust,816.516129032258,326.258064516129,non-Organic
2026-05-01T00:00:00,整体,iOS,Face,1318.032258064516,531.4193548387096,non-Organic
2026-04-01T00:00:00,整体,iOS,Effects,278.8333333333333,5.9,non-Organic
2026-06-01T00:00:00,整体,Android,Eye Brighten,144.0,68.77777777777777,non-Organic
2026-01-01T00:00:00,整体,Android,Skin Tone,869.0322580645161,453.96774193548384,non-Organic
2026-04-01T00:00:00,整体,Android,Expression,427.8,112.03333333333333,non-Organic
2026-07-01T00:00:00,整体,Android,Face,1825.3225806451612,643.0,non-Organic
2026-03-01T00:00:00,整体,iOS,Reshape,421.80645161290323,216.58064516129033,non-Organic
2026-07-01T00:00:00,整体,iOS,Makeup,532.516129032258,199.6451612903226,non-Organic
2026-01-01T00:00:00,整体,Android,Hair,5072.5161290322585,1926.8064516129032,non-Organic
2026-02-01T00:00:00,整体,iOS,Skin Tone,205.92857142857142,120.10714285714286,non-Organic
2026-08-01T00:00:00,整体,Android,Eraser,685.5,345.1666666666667,non-Organic
2026-02-01T00:00:00,整体,iOS,Contour,62.607142857142854,31.214285714285715,non-Organic
2026-04-01T00:00:00,整体,iOS,AI Expand,108.4,41.733333333333334,non-Organic
2026-03-01T00:00:00,整体,Android,Expression,396.2258064516129,125.45161290322581,non-Organic
2026-06-01T00:00:00,整体,Android,Details,109.62962962962963,35.925925925925924,non-Organic
2026-05-01T00:00:00,整体,iOS,Acne,289.9032258064516,166.51612903225808,non-Organic
2026-06-01T00:00:00,整体,Android,Blur,260.0740740740741,123.37037037037037,non-Organic
2026-02-01T00:00:00,整体,iOS,Stamp,32.464285714285715,5.75,non-Organic
2026-05-01T00:00:00,整体,iOS,Flawless,0.0,0.0,non-Organic
2026-03-01T00:00:00,整体,Android,Dark Circles,315.19354838709677,154.61290322580646,non-Organic
2026-02-01T00:00:00,整体,iOS,Details,67.32142857142857,24.392857142857142,non-Organic
2026-08-01T00:00:00,整体,iOS,Eraser,750.0,383.3333333333333,non-Organic
2026-05-01T00:00:00,整体,iOS,Adjust,292.8709677419355,111.96774193548387,non-Organic
2026-06-01T00:00:00,整体,Android,Makeup,1399.6296296296296,576.3333333333334,non-Organic
2026-06-01T00:00:00,整体,iOS,Makeup,751.7777777777778,271.7037037037037,non-Organic
2026-07-01T00:00:00,整体,Android,Eye Brighten,108.74193548387096,50.38709677419355,non-Organic
2026-02-01T00:00:00,整体,iOS,Background,170.28571428571428,22.642857142857142,non-Organic
2026-06-01T00:00:00,整体,Android,Hair,4412.111111111111,976.2592592592592,non-Organic
2026-02-01T00:00:00,整体,iOS,Effects,175.67857142857142,5.321428571428571,non-Organic
2026-02-01T00:00:00,整体,Android,Muscle,865.2142857142857,330.07142857142856,non-Organic
2026-08-01T00:00:00,整体,iOS,Hair,815.8333333333334,224.0,non-Organic
2026-01-01T00:00:00,整体,Android,Magic,4522.935483870968,2089.4193548387098,non-Organic
2026-05-01T00:00:00,整体,iOS,Expression,165.5483870967742,37.61290322580645,non-Organic
2026-06-01T00:00:00,整体,Android,Bokeh,125.29629629629629,31.88888888888889,non-Organic
2026-01-01T00:00:00,整体,iOS,Bokeh,36.38709677419355,7.129032258064516,non-Organic
2026-07-01T00:00:00,整体,Android,Magic,1620.483870967742,642.6129032258065,non-Organic
2026-03-01T00:00:00,整体,iOS,AI Expand,141.61290322580646,50.806451612903224,non-Organic
2026-03-01T00:00:00,整体,Android,Text,315.8709677419355,36.903225806451616,non-Organic
2026-03-01T00:00:00,整体,iOS,Flawless,0.0,0.0,non-Organic
2026-01-01T00:00:00,整体,iOS,AI Repair,151.06451612903226,62.25806451612903,non-Organic
2026-01-01T00:00:00,整体,Android,Reshape,1279.516129032258,547.2903225806451,non-Organic
2026-07-01T00:00:00,整体,Android,Brighten,177.16129032258064,78.48387096774194,non-Organic
2026-01-01T00:00:00,整体,iOS,Mykit,111.06451612903226,0.0,non-Organic
2026-01-01T00:00:00,整体,Android,Relight,1658.258064516129,752.4193548387096,non-Organic
2026-05-01T00:00:00,整体,Android,Expression,356.2258064516129,80.90322580645162,non-Organic
2026-03-01T00:00:00,整体,iOS,Dark Circles,130.0,79.54838709677419,non-Organic
2026-07-01T00:00:00,整体,Android,Eraser,772.516129032258,334.2903225806452,non-Organic
2026-02-01T00:00:00,整体,iOS,AI Image,356.64285714285717,36.0,non-Organic
2026-04-01T00:00:00,整体,Android,Face Fix,520.7,134.36666666666667,non-Organic
2026-06-01T00:00:00,整体,iOS,Mykit,158.33333333333334,0.0,non-Organic
2026-02-01T00:00:00,整体,iOS,Filters,667.6428571428571,99.10714285714286,non-Organic
2026-02-01T00:00:00,整体,iOS,Body,253.67857142857142,148.89285714285714,non-Organic
2026-05-01T00:00:00,整体,Android,Glowup,636.0,100.2258064516129,non-Organic
2026-05-01T00:00:00,整体,Android,Hair,5224.806451612903,1072.516129032258,non-Organic
2026-08-01T00:00:00,整体,Android,AI Expand,116.0,55.166666666666664,non-Organic
2026-06-01T00:00:00,整体,iOS,Acne,332.18518518518516,185.96296296296296,non-Organic
2026-02-01T00:00:00,整体,iOS,Makeup,413.42857142857144,151.96428571428572,non-Organic
2026-03-01T00:00:00,整体,iOS,Relight,407.0,169.58064516129033,non-Organic
2026-05-01T00:00:00,整体,Android,Filters,2387.7419354838707,656.7741935483871,non-Organic
2026-03-01T00:00:00,整体,iOS,Face,1152.6129032258063,490.5483870967742,non-Organic
2026-05-01T00:00:00,整体,iOS,Dark Circles,136.1290322580645,82.35483870967742,non-Organic
2026-07-01T00:00:00,整体,iOS,Matte,49.25806451612903,22.516129032258064,non-Organic
2026-02-01T00:00:00,整体,iOS,Crop,102.71428571428571,67.57142857142857,non-Organic
2026-05-01T00:00:00,整体,Android,Makeup,1110.5483870967741,454.61290322580646,non-Organic
2026-08-01T00:00:00,整体,iOS,Teeth,214.33333333333334,81.83333333333333,non-Organic
2026-07-01T00:00:00,整体,iOS,Expression,135.90322580645162,29.225806451612904,non-Organic
2026-03-01T00:00:00,整体,iOS,Glowup,386.93548387096774,105.74193548387096,non-Organic
2026-03-01T00:00:00,整体,Android,Matte,164.80645161290323,57.38709677419355,non-Organic
2026-01-01T00:00:00,整体,iOS,Smooth,310.64516129032256,206.03225806451613,non-Organic
2026-08-01T00:00:00,整体,iOS,Relight,2437.0,1263.3333333333333,non-Organic
2026-07-01T00:00:00,整体,iOS,Whiten,0.0,0.0,non-Organic
2026-06-01T00:00:00,整体,iOS,Text,79.22222222222223,4.518518518518518,non-Organic
2026-01-01T00:00:00,整体,Android,Face Fix,644.0322580645161,173.8709677419355,non-Organic
2026-03-01T00:00:00,整体,iOS,Magic,999.8709677419355,443.06451612903226,non-Organic
2026-04-01T00:00:00,整体,iOS,Eraser,396.8666666666667,209.5,non-Organic
2026-02-01T00:00:00,整体,Android,AI Tattoo,648.5357142857143,267.4642857142857,non-Organic
2026-01-01T00:00:00,整体,Android,Face,3924.3548387096776,1542.4516129032259,non-Organic
2026-01-01T00:00:00,整体,Android,AI Replace,300.4516129032258,142.32258064516128,non-Organic
2026-02-01T00:00:00,整体,Android,Eraser,1279.6785714285713,549.0,non-Organic
2026-04-01T00:00:00,整体,Android,Mykit,431.8333333333333,0.0,non-Organic
2026-07-01T00:00:00,整体,Android,Hair,2417.0967741935483,571.3225806451613,non-Organic
2026-07-01T00:00:00,整体,iOS,Details,58.0,19.322580645161292,non-Organic
2026-01-01T00:00:00,整体,iOS,Relight,208.3548387096774,79.58064516129032,non-Organic
2026-03-01T00:00:00,整体,iOS,Face Fix,264.93548387096774,51.16129032258065,non-Organic
2026-08-01T00:00:00,整体,Android,Skin Tone,202.0,115.33333333333333,non-Organic
2026-08-01T00:00:00,整体,iOS,Clean Skin,204.66666666666666,117.16666666666667,non-Organic
2026-04-01T00:00:00,整体,iOS,AI Retouch,1082.5666666666666,341.1666666666667,non-Organic
2026-04-01T00:00:00,整体,Android,Makeup,1649.2,717.2333333333333,non-Organic
2026-03-01T00:00:00,整体,Android,Face Fix,496.6774193548387,120.12903225806451,non-Organic
2026-05-01T00:00:00,整体,iOS,Eraser,470.61290322580646,220.4516129032258,non-Organic
2026-05-01T00:00:00,整体,Android,Adjust,545.6451612903226,229.25806451612902,non-Organic
2026-08-01T00:00:00,整体,Android,Dark Circles,84.83333333333333,53.166666666666664,non-Organic
2026-04-01T00:00:00,整体,Android,Bokeh,194.73333333333332,54.13333333333333,non-Organic
2026-05-01T00:00:00,整体,Android,Stamp,100.7741935483871,17.35483870967742,non-Organic
2026-03-01T00:00:00,整体,Android,Crop,672.258064516129,464.35483870967744,non-Organic
2026-03-01T00:00:00,整体,Android,Bokeh,231.4516129032258,73.06451612903226,non-Organic
2026-04-01T00:00:00,整体,iOS,Acne,263.43333333333334,158.73333333333332,non-Organic
2026-03-01T00:00:00,整体,Android,AI Repair,585.258064516129,256.9032258064516,non-Organic
2026-06-01T00:00:00,整体,Android,Smooth,655.8148148148148,376.85185185185185,non-Organic
2026-08-01T00:00:00,整体,iOS,Body,730.3333333333334,368.3333333333333,non-Organic
2026-08-01T00:00:00,整体,iOS,Glitter,157.66666666666666,33.666666666666664,non-Organic
2026-05-01T00:00:00,整体,iOS,Whiten,0.0,0.0,non-Organic
2026-07-01T00:00:00,整体,iOS,Preset,207.29032258064515,10.709677419354838,non-Organic
2026-02-01T00:00:00,整体,iOS,Reshape,307.0,163.28571428571428,non-Organic
2026-01-01T00:00:00,整体,iOS,Details,64.45161290322581,21.870967741935484,non-Organic
2026-07-01T00:00:00,整体,Android,Matte,97.64516129032258,31.258064516129032,non-Organic
2026-08-01T00:00:00,整体,Android,Acne,211.66666666666666,136.16666666666666,non-Organic
2026-06-01T00:00:00,整体,iOS,Bokeh,52.666666666666664,11.333333333333334,non-Organic
2026-02-01T00:00:00,整体,Android,Blur,297.7857142857143,139.5,non-Organic
2026-05-01T00:00:00,整体,iOS,Stamp,38.87096774193548,7.967741935483871,non-Organic
2026-07-01T00:00:00,整体,iOS,Adjust,316.6774193548387,117.93548387096774,non-Organic
2026-05-01T00:00:00,整体,Android,Matte,98.41935483870968,35.32258064516129,non-Organic
2026-08-01T00:00:00,整体,iOS,Makeup,659.6666666666666,248.66666666666666,non-Organic
2026-07-01T00:00:00,整体,Android,Glowup,422.6774193548387,80.83870967741936,non-Organic
2026-04-01T00:00:00,整体,iOS,Dark Circles,121.8,77.33333333333333,non-Organic
2026-02-01T00:00:00,整体,iOS,Mykit,109.07142857142857,0.0,non-Organic
2026-03-01T00:00:00,整体,iOS,Acne,270.5806451612903,162.7741935483871,non-Organic
2026-08-01T00:00:00,整体,iOS,Flawless,0.0,0.0,non-Organic
2026-04-01T00:00:00,整体,iOS,Glitter,98.73333333333333,17.4,non-Organic
2026-05-01T00:00:00,整体,iOS,AI Expand,67.58064516129032,26.0,non-Organic
2026-01-01T00:00:00,整体,Android,Acne,533.2258064516129,266.0,non-Organic
2026-04-01T00:00:00,整体,iOS,Hair,1284.0333333333333,291.6666666666667,non-Organic
2026-01-01T00:00:00,整体,Android,Flawless,0.0,0.0,non-Organic
2026-02-01T00:00:00,整体,iOS,Face,864.25,374.0,non-Organic
2026-01-01T00:00:00,整体,Android,Glitter,524.7741935483871,130.25806451612902,non-Organic
2026-05-01T00:00:00,整体,iOS,Contour,81.74193548387096,39.25806451612903,non-Organic
2026-07-01T00:00:00,整体,iOS,Flawless,0.0,0.0,non-Organic
2026-06-01T00:00:00,整体,Android,Body,837.5185185185185,408.7037037037037,non-Organic
2026-01-01T00:00:00,整体,Android,Teeth,681.5806451612904,0.12903225806451613,non-Organic
2026-01-01T00:00:00,整体,Android,Contour,248.3548387096774,116.19354838709677,non-Organic
2026-08-01T00:00:00,整体,Android,Text,81.16666666666667,7.5,non-Organic
2026-06-01T00:00:00,整体,iOS,AI Image,499.77777777777777,108.96296296296296,non-Organic
2026-07-01T00:00:00,整体,iOS,Contour,54.806451612903224,27.70967741935484,non-Organic
2026-04-01T00:00:00,整体,iOS,Skin Tone,274.46666666666664,158.36666666666667,non-Organic
2026-01-01T00:00:00,整体,Android,Adjust,1007.516129032258,423.3225806451613,non-Organic
2026-06-01T00:00:00,整体,Android,Prism,98.4074074074074,35.55555555555556,non-Organic
2026-05-01T00:00:00,整体,Android,Contour,118.96774193548387,52.38709677419355,non-Organic
2026-01-01T00:00:00,整体,iOS,Preset,158.58064516129033,12.548387096774194,non-Organic
2026-01-01T00:00:00,整体,iOS,Expression,123.16129032258064,29.548387096774192,non-Organic
2026-06-01T00:00:00,整体,iOS,AI Replace,71.5925925925926,30.962962962962962,non-Organic
2026-06-01T00:00:00,整体,Android,AI Replace,146.2962962962963,64.55555555555556,non-Organic
2026-05-01T00:00:00,整体,Android,Whiten,0.0,0.0,non-Organic
2026-01-01T00:00:00,整体,Android,Preset,951.7096774193549,146.48387096774192,non-Organic
2026-08-01T00:00:00,整体,Android,Eye Brighten,58.333333333333336,36.166666666666664,non-Organic
2026-08-01T00:00:00,整体,iOS,Resize,121.16666666666667,41.166666666666664,non-Organic
2026-06-01T00:00:00,整体,iOS,Eye Brighten,108.14814814814815,57.03703703703704,non-Organic
2026-04-01T00:00:00,整体,iOS,AI Image,420.3666666666667,64.2,non-Organic
2026-06-01T00:00:00,整体,iOS,Face Fix,295.962962962963,56.2962962962963,non-Organic
2026-02-01T00:00:00,整体,iOS,Concealer,159.28571428571428,70.89285714285714,non-Organic
2026-04-01T00:00:00,整体,iOS,AI Replace,69.83333333333333,32.5,non-Organic
2026-05-01T00:00:00,整体,Android,Background,481.19354838709677,50.096774193548384,non-Organic
2026-04-01T00:00:00,整体,Android,Collarbone,0.0,0.0,non-Organic
2026-05-01T00:00:00,整体,Android,Preset,504.80645161290323,34.903225806451616,non-Organic
2026-05-01T00:00:00,整体,Android,Flawless,0.0,0.0,non-Organic
2026-01-01T00:00:00,整体,Android,AI Tattoo,824.5483870967741,315.258064516129,non-Organic
2026-05-01T00:00:00,整体,Android,Smooth,593.1290322580645,345.7741935483871,non-Organic
2026-07-01T00:00:00,整体,iOS,Face,1122.1290322580646,452.19354838709677,non-Organic
2026-01-01T00:00:00,整体,iOS,Muscle,123.19354838709677,40.03225806451613,non-Organic
2026-07-01T00:00:00,整体,Android,Effects,397.0,20.225806451612904,non-Organic
2026-03-01T00:00:00,整体,Android,Reshape,947.5483870967741,411.8709677419355,non-Organic
2026-05-01T00:00:00,整体,Android,AI Repair,565.7096774193549,231.5483870967742,non-Organic
2026-05-01T00:00:00,整体,iOS,Plump,179.16129032258064,57.12903225806452,non-Organic
2026-03-01T00:00:00,整体,iOS,Glitter,105.6774193548387,20.774193548387096,non-Organic
2026-06-01T00:00:00,整体,Android,Mykit,301.74074074074076,0.0,non-Organic
2026-05-01T00:00:00,整体,iOS,AI Repair,341.7741935483871,119.25806451612904,non-Organic
2026-03-01T00:00:00,整体,iOS,Adjust,258.35483870967744,83.35483870967742,non-Organic
2026-01-01T00:00:00,整体,iOS,Reshape,291.83870967741933,149.48387096774192,non-Organic
2026-05-01T00:00:00,整体,iOS,Crop,146.16129032258064,95.12903225806451,non-Organic
2026-01-01T00:00:00,整体,iOS,Contour,61.67741935483871,32.096774193548384,non-Organic
2026-01-01T00:00:00,整体,iOS,Glitter,74.09677419354838,14.64516129032258,non-Organic
2026-07-01T00:00:00,整体,Android,Plump,231.32258064516128,67.64516129032258,non-Organic
2026-04-01T00:00:00,整体,iOS,Bokeh,48.833333333333336,9.8,non-Organic
2026-07-01T00:00:00,整体,iOS,Filters,1724.9354838709678,461.61290322580646,non-Organic
2026-08-01T00:00:00,整体,Android,Clean Skin,185.33333333333334,107.0,non-Organic
2026-01-01T00:00:00,整体,Android,Filters,4361.677419354839,1134.4193548387098,non-Organic
2026-05-01T00:00:00,整体,iOS,AI Retouch,1279.7096774193549,369.0,non-Organic
2026-03-01T00:00:00,整体,iOS,AI Retouch,1058.6129032258063,382.4516129032258,non-Organic
2026-03-01T00:00:00,整体,Android,Acne,431.61290322580646,235.19354838709677,non-Organic
2026-03-01T00:00:00,整体,iOS,Filters,991.3548387096774,145.58064516129033,non-Organic
2026-06-01T00:00:00,整体,Android,AI Image,1238.4444444444443,214.44444444444446,non-Organic
2026-04-01T00:00:00,整体,iOS,Relight,588.7333333333333,239.6,non-Organic
2026-05-01T00:00:00,整体,iOS,Background,245.6451612903226,25.129032258064516,non-Organic
2026-01-01T00:00:00,整体,iOS,Adjust,175.83870967741936,52.96774193548387,non-Organic
2026-03-01T00:00:00,整体,Android,Plump,376.7741935483871,137.58064516129033,non-Organic
2026-01-01T00:00:00,整体,iOS,Background,174.19354838709677,22.225806451612904,non-Organic
2026-04-01T00:00:00,整体,iOS,Face Fix,257.5,50.93333333333333,non-Organic
2026-02-01T00:00:00,整体,Android,Body,857.6785714285714,451.67857142857144,non-Organic
2026-05-01T00:00:00,整体,Android,AI Retouch,2526.7096774193546,676.3870967741935,non-Organic
2026-07-01T00:00:00,整体,iOS,Magic,956.741935483871,362.258064516129,non-Organic
2026-07-01T00:00:00,整体,iOS,AI Tattoo,150.51612903225808,32.87096774193548,non-Organic
2026-08-01T00:00:00,整体,Android,Relight,1309.5,579.0,non-Organic
2026-03-01T00:00:00,整体,iOS,AI Tattoo,200.51612903225808,71.93548387096774,non-Organic
2026-03-01T00:00:00,整体,iOS,Contour,82.41935483870968,41.483870967741936,non-Organic
2026-01-01T00:00:00,整体,Android,Glowup,958.0,263.3225806451613,non-Organic
2026-04-01T00:00:00,整体,Android,Acne,454.8333333333333,226.86666666666667,non-Organic
2026-03-01T00:00:00,整体,Android,AI Tattoo,799.8709677419355,305.4516129032258,non-Organic
2026-07-01T00:00:00,整体,iOS,Smooth,386.4516129032258,223.06451612903226,non-Organic
2026-07-01T00:00:00,整体,Android,Details,92.61290322580645,29.967741935483872,non-Organic
2026-04-01T00:00:00,整体,iOS,Resize,159.96666666666667,69.56666666666666,non-Organic
2026-03-01T00:00:00,整体,iOS,Whiten,0.0,0.0,non-Organic
2026-04-01T00:00:00,整体,Android,Concealer,591.0666666666667,239.76666666666668,non-Organic
2026-08-01T00:00:00,整体,iOS,AI Image,335.8333333333333,88.5,non-Organic
2026-04-01T00:00:00,整体,iOS,Eye Brighten,89.1,51.13333333333333,non-Organic
2026-01-01T00:00:00,整体,iOS,Teeth,151.5483870967742,0.0,non-Organic
2026-01-01T00:00:00,整体,iOS,Filters,649.1612903225806,96.25806451612904,non-Organic
2026-07-01T00:00:00,整体,Android,Reshape,619.6129032258065,281.1290322580645,non-Organic
2026-04-01T00:00:00,整体,iOS,Text,61.2,3.3,non-Organic
2026-08-01T00:00:00,整体,iOS,Eye Brighten,58.333333333333336,31.5,non-Organic
2026-06-01T00:00:00,整体,iOS,Prism,36.2962962962963,10.703703703703704,non-Organic
2026-06-01T00:00:00,整体,Android,Eraser,1089.6296296296296,479.85185185185185,non-Organic
2026-01-01T00:00:00,整体,iOS,Hair,1055.4516129032259,262.61290322580646,non-Organic
2026-01-01T00:00:00,整体,iOS,Glowup,285.5806451612903,79.54838709677419,non-Organic
2026-07-01T00:00:00,整体,iOS,Reshape,355.16129032258067,167.6451612903226,non-Organic
2026-01-01T00:00:00,整体,iOS,Matte,50.354838709677416,24.322580645161292,non-Organic
2026-06-01T00:00:00,整体,iOS,Blur,144.4814814814815,71.07407407407408,non-Organic
2026-03-01T00:00:00,整体,iOS,Teeth,221.70967741935485,0.0,non-Organic
2026-03-01T00:00:00,整体,Android,Hair,3555.3870967741937,1181.6129032258063,non-Organic
2026-07-01T00:00:00,整体,Android,AI Tattoo,273.7096774193548,62.645161290322584,non-Organic
2026-07-01T00:00:00,整体,Android,Smooth,519.8064516129032,281.7096774193548,non-Organic
2026-04-01T00:00:00,整体,iOS,Teeth,217.33333333333334,0.0,non-Organic
2026-08-01T00:00:00,整体,iOS,Prism,54.333333333333336,18.0,non-Organic
2026-02-01T00:00:00,整体,iOS,Magic,720.7142857142857,314.57142857142856,non-Organic
2026-07-01T00:00:00,整体,Android,Preset,366.5483870967742,30.612903225806452,non-Organic
2026-03-01T00:00:00,整体,Android,Glowup,760.7096774193549,188.38709677419354,non-Organic
2026-03-01T00:00:00,整体,iOS,Hair,1376.032258064516,329.2903225806452,non-Organic
2026-01-01T00:00:00,整体,iOS,Text,50.903225806451616,4.0,non-Organic
2026-04-01T00:00:00,整体,iOS,Glowup,376.56666666666666,99.33333333333333,non-Organic
2026-03-01T00:00:00,整体,iOS,AI Replace,102.12903225806451,49.74193548387097,non-Organic
2026-05-01T00:00:00,整体,iOS,Muscle,229.1290322580645,62.16129032258065,non-Organic
2026-08-01T00:00:00,整体,Android,Body,522.1666666666666,281.6666666666667,non-Organic
2026-05-01T00:00:00,整体,Android,AI Replace,122.41935483870968,53.41935483870968,non-Organic
2026-01-01T00:00:00,整体,Android,Prism,163.96774193548387,61.935483870967744,non-Organic
2026-05-01T00:00:00,整体,Android,Effects,584.2258064516129,27.967741935483872,non-Organic
2026-05-01T00:00:00,整体,iOS,Bokeh,48.87096774193548,11.387096774193548,non-Organic
2026-07-01T00:00:00,整体,iOS,Crop,145.19354838709677,92.41935483870968,non-Organic
2026-01-01T00:00:00,整体,iOS,AI Expand,119.83870967741936,45.61290322580645,non-Organic
2026-07-01T00:00:00,整体,Android,AI Repair,405.35483870967744,153.7741935483871,non-Organic
2026-03-01T00:00:00,整体,Android,AI Retouch,2901.548387096774,1296.8064516129032,non-Organic
2026-08-01T00:00:00,整体,Android,Blur,224.5,106.0,non-Organic
2026-02-01T00:00:00,整体,Android,Preset,773.1071428571429,112.07142857142857,non-Organic
2026-03-01T00:00:00,整体,iOS,Expression,159.93548387096774,37.54838709677419,non-Organic
2026-01-01T00:00:00,整体,iOS,Brighten,121.48387096774194,61.064516129032256,non-Organic
2026-01-01T00:00:00,整体,iOS,AI Retouch,724.3548387096774,250.83870967741936,non-Organic
2026-02-01T00:00:00,整体,Android,Details,170.21428571428572,62.07142857142857,non-Organic
2026-01-01T00:00:00,整体,iOS,Plump,175.93548387096774,62.74193548387097,non-Organic
2026-06-01T00:00:00,整体,iOS,Concealer,259.48148148148147,107.62962962962963,non-Organic
2026-06-01T00:00:00,整体,Android,Text,173.85185185185185,12.555555555555555,non-Organic
2026-01-01T00:00:00,整体,iOS,AI Tattoo,95.2258064516129,23.225806451612904,non-Organic
2026-04-01T00:00:00,整体,Android,Skin Tone,586.3,295.5,non-Organic
2026-08-01T00:00:00,整体,Android,Resize,138.5,54.166666666666664,non-Organic
2026-03-01T00:00:00,整体,iOS,Preset,238.90322580645162,18.64516129032258,non-Organic
2026-04-01T00:00:00,整体,Android,AI Image,1651.7333333333333,321.0,non-Organic
2026-06-01T00:00:00,整体,iOS,AI Retouch,1525.851851851852,466.81481481481484,non-Organic
2026-02-01T00:00:00,整体,iOS,Eraser,332.0357142857143,194.57142857142858,non-Organic
2026-02-01T00:00:00,整体,Android,Contour,191.46428571428572,86.85714285714286,non-Organic
2026-04-01T00:00:00,整体,iOS,Prism,30.866666666666667,7.633333333333334,non-Organic
2026-03-01T00:00:00,整体,Android,Contour,183.5483870967742,79.64516129032258,non-Organic
2026-06-01T00:00:00,整体,iOS,Resize,176.66666666666666,73.44444444444444,non-Organic
2026-01-01T00:00:00,整体,iOS,Whiten,0.0,0.0,non-Organic
2026-02-01T00:00:00,整体,Android,Makeup,2257.9285714285716,1095.857142857143,non-Organic
2026-06-01T00:00:00,整体,iOS,Body,635.8148148148148,339.0740740740741,non-Organic
2026-02-01T00:00:00,整体,Android,Bokeh,193.53571428571428,59.32142857142857,non-Organic
2026-06-01T00:00:00,整体,Android,Adjust,656.0370370370371,287.51851851851853,non-Organic
2026-03-01T00:00:00,整体,Android,Body,840.258064516129,430.9032258064516,non-Organic
2026-05-01T00:00:00,整体,iOS,Smooth,491.48387096774195,314.16129032258067,non-Organic
2026-07-01T00:00:00,整体,iOS,Clean Skin,203.5909090909091,115.13636363636364,non-Organic
2026-05-01T00:00:00,整体,Android,Crop,445.64516129032256,322.6774193548387,non-Organic
2026-04-01T00:00:00,整体,iOS,Stamp,44.6,8.633333333333333,non-Organic
2026-08-01T00:00:00,整体,iOS,Skin Tone,234.0,124.66666666666667,non-Organic
2026-05-01T00:00:00,整体,iOS,Filters,1393.9354838709678,379.06451612903226,non-Organic
2026-05-01T00:00:00,整体,iOS,Matte,73.3225806451613,33.0,non-Organic
2026-04-01T00:00:00,整体,Android,Blur,329.9,147.8,non-Organic
2026-01-01T00:00:00,整体,Android,Muscle,876.741935483871,325.19354838709677,non-Organic
2026-01-01T00:00:00,整体,Android,Brighten,648.516129032258,300.19354838709677,non-Organic
2026-05-01T00:00:00,整体,iOS,Mykit,130.83870967741936,0.0,non-Organic
2026-01-01T00:00:00,整体,Android,AI Retouch,4355.645161290323,2128.0,non-Organic
2026-05-01T00:00:00,整体,iOS,Reshape,420.03225806451616,211.90322580645162,non-Organic
2026-08-01T00:00:00,整体,Android,AI Image,546.5,95.0,non-Organic
2026-07-01T00:00:00,整体,iOS,Effects,330.80645161290323,6.838709677419355,non-Organic
2026-04-01T00:00:00,整体,Android,AI Retouch,3117.4666666666667,985.5333333333333,non-Organic
2026-04-01T00:00:00,整体,iOS,Blur,118.66666666666667,58.4,non-Organic
2026-08-01T00:00:00,整体,iOS,Face Fix,242.83333333333334,42.0,non-Organic
2026-07-01T00:00:00,整体,Android,Text,152.19354838709677,10.258064516129032,non-Organic
2026-06-01T00:00:00,整体,Android,Concealer,449.8888888888889,193.1851851851852,non-Organic
2026-03-01T00:00:00,整体,iOS,Stamp,58.25806451612903,9.709677419354838,non-Organic
2026-05-01T00:00:00,整体,Android,AI Expand,143.70967741935485,54.25806451612903,non-Organic
2026-06-01T00:00:00,整体,iOS,Skin Tone,365.81481481481484,206.5185185185185,non-Organic
2026-03-01T00:00:00,整体,iOS,Matte,69.38709677419355,31.870967741935484,non-Organic
2026-08-01T00:00:00,整体,iOS,Face,1322.8333333333333,518.6666666666666,non-Organic
2026-08-01T00:00:00,整体,iOS,Concealer,117.16666666666667,50.0,non-Organic
2026-05-01T00:00:00,整体,iOS,Effects,365.0967741935484,7.258064516129032,non-Organic
2026-07-01T00:00:00,整体,iOS,Background,207.2258064516129,17.838709677419356,non-Organic
2026-01-01T00:00:00,整体,Android,Matte,226.48387096774192,82.3225806451613,non-Organic
2026-05-01T00:00:00,整体,Android,Dark Circles,225.51612903225808,114.87096774193549,non-Organic
2026-01-01T00:00:00,整体,Android,Crop,797.3225806451613,537.8709677419355,non-Organic
2026-07-01T00:00:00,整体,Android,Crop,367.06451612903226,248.58064516129033,non-Organic
2026-07-01T00:00:00,整体,iOS,AI Repair,250.19354838709677,86.6774193548387,non-Organic
2026-04-01T00:00:00,整体,Android,AI Replace,225.53333333333333,109.36666666666666,non-Organic
2026-08-01T00:00:00,整体,iOS,Blur,175.83333333333334,74.0,non-Organic
2026-05-01T00:00:00,整体,Android,Reshape,702.4193548387096,298.4193548387097,non-Organic
2026-04-01T00:00:00,整体,Android,Prism,140.43333333333334,49.96666666666667,non-Organic
2026-04-01T00:00:00,整体,iOS,Mykit,130.33333333333334,0.0,non-Organic
2026-03-01T00:00:00,整体,Android,Preset,765.9677419354839,90.51612903225806,non-Organic
2026-03-01T00:00:00,整体,Android,Eraser,1200.3548387096773,530.516129032258,non-Organic
2026-02-01T00:00:00,整体,Android,Hair,3930.8214285714284,1503.7142857142858,non-Organic
2026-05-01T00:00:00,整体,Android,Muscle,594.8064516129032,155.51612903225808,non-Organic
2026-08-01T00:00:00,整体,Android,Bokeh,105.0,24.666666666666668,non-Organic
2026-02-01T00:00:00,整体,Android,Reshape,979.3928571428571,429.35714285714283,non-Organic
2026-02-01T00:00:00,整体,Android,Stamp,201.42857142857142,34.07142857142857,non-Organic
2026-06-01T00:00:00,整体,Android,AI Repair,570.8888888888889,225.37037037037038,non-Organic
2026-07-01T00:00:00,整体,iOS,Body,479.4516129032258,263.64516129032256,non-Organic
2026-03-01T00:00:00,整体,Android,Whiten,0.0,0.0,non-Organic
2026-07-01T00:00:00,整体,Android,Whiten,0.0,0.0,non-Organic
2026-03-01T00:00:00,整体,Android,Brighten,427.16129032258067,187.3548387096774,non-Organic
2026-01-01T00:00:00,整体,Android,Expression,539.5483870967741,195.96774193548387,non-Organic
2026-07-01T00:00:00,整体,Android,Muscle,280.0,69.16129032258064,non-Organic
2026-04-01T00:00:00,整体,iOS,Muscle,183.8,55.333333333333336,non-Organic
2026-01-01T00:00:00,整体,Android,Whiten,0.0,0.0,non-Organic
2026-03-01T00:00:00,整体,iOS,Makeup,595.4193548387096,217.2258064516129,non-Organic
2026-01-01T00:00:00,整体,iOS,Eraser,297.0,177.19354838709677,non-Organic
2026-03-01T00:00:00,整体,Android,Concealer,646.5483870967741,259.2903225806452,non-Organic
2026-06-01T00:00:00,整体,Android,Matte,114.44444444444444,38.74074074074074,non-Organic
2026-06-01T00:00:00,整体,iOS,Background,299.85185185185185,26.037037037037038,non-Organic
2026-02-01T00:00:00,整体,Android,Expression,425.0357142857143,149.75,non-Organic
2026-06-01T00:00:00,整体,Android,Contour,133.59259259259258,60.111111111111114,non-Organic
2026-04-01T00:00:00,整体,Android,Reshape,952.0333333333333,374.06666666666666,non-Organic
2026-04-01T00:00:00,整体,Android,Crop,623.0666666666667,417.0,non-Organic
2026-02-01T00:00:00,整体,iOS,Matte,53.785714285714285,25.0,non-Organic
2026-01-01T00:00:00,整体,Android,Eye Brighten,277.1290322580645,129.1290322580645,non-Organic
2026-05-01T00:00:00,整体,Android,Prism,84.87096774193549,30.580645161290324,non-Organic
2026-05-01T00:00:00,整体,iOS,Blur,130.83870967741936,66.41935483870968,non-Organic
2026-04-01T00:00:00,整体,Android,Filters,2944.366666666667,777.6,non-Organic
2026-06-01T00:00:00,整体,Android,Whiten,0.0,0.0,non-Organic
2026-06-01T00:00:00,整体,Android,AI Tattoo,396.51851851851853,95.03703703703704,non-Organic
2026-02-01T00:00:00,整体,iOS,Bokeh,38.5,6.892857142857143,non-Organic
2026-02-01T00:00:00,整体,Android,AI Expand,653.1071428571429,279.82142857142856,non-Organic
2026-03-01T00:00:00,整体,Android,Resize,256.83870967741933,103.80645161290323,non-Organic
2026-07-01T00:00:00,整体,Android,Collarbone,0.0,0.0,non-Organic
2026-06-01T00:00:00,整体,iOS,Plump,210.7037037037037,66.70370370370371,non-Organic
2026-07-01T00:00:00,整体,Android,Prism,82.74193548387096,29.483870967741936,non-Organic
2026-02-01T00:00:00,整体,iOS,Glitter,68.32142857142857,13.357142857142858,non-Organic
2026-08-01T00:00:00,整体,iOS,Contour,52.0,26.5,non-Organic
2026-08-01T00:00:00,整体,Android,Plump,153.5,47.0,non-Organic
2026-01-01T00:00:00,整体,iOS,Concealer,148.74193548387098,66.74193548387096,non-Organic
2026-07-01T00:00:00,整体,iOS,AI Image,279.741935483871,66.09677419354838,non-Organic
2026-07-01T00:00:00,整体,iOS,Mykit,108.2258064516129,0.0,non-Organic
2026-04-01T00:00:00,整体,iOS,Contour,78.2,38.3,non-Organic
2026-03-01T00:00:00,整体,Android,Eye Brighten,196.3548387096774,93.83870967741936,non-Organic
2026-03-01T00:00:00,整体,iOS,Concealer,226.09677419354838,98.2258064516129,non-Organic
2026-08-01T00:00:00,整体,Android,Crop,319.3333333333333,230.83333333333334,non-Organic
2026-02-01T00:00:00,整体,Android,AI Retouch,3450.964285714286,1637.357142857143,non-Organic
2026-04-01T00:00:00,整体,iOS,Filters,1049.2666666666667,181.33333333333334,non-Organic
2026-06-01T00:00:00,整体,iOS,Crop,182.11111111111111,121.37037037037037,non-Organic
2026-07-01T00:00:00,整体,iOS,Teeth,198.93548387096774,87.35483870967742,non-Organic
2026-08-01T00:00:00,整体,iOS,Filters,2773.6666666666665,682.8333333333334,non-Organic
2026-08-01T00:00:00,整体,Android,Effects,300.8333333333333,13.0,non-Organic
2026-07-01T00:00:00,整体,iOS,Prism,31.677419354838708,9.64516129032258,non-Organic
2026-05-01T00:00:00,整体,Android,Blur,241.48387096774192,114.41935483870968,non-Organic
2026-01-01T00:00:00,整体,iOS,Body,256.2258064516129,151.61290322580646,non-Organic
2026-08-01T00:00:00,整体,Android,Background,297.8333333333333,28.333333333333332,non-Organic
2026-05-01T00:00:00,整体,Android,Body,689.258064516129,319.4516129032258,non-Organic
2026-02-01T00:00:00,整体,Android,Glitter,392.5357142857143,96.57142857142857,non-Organic
2026-03-01T00:00:00,整体,Android,Makeup,1984.9032258064517,924.741935483871,non-Organic
2026-06-01T00:00:00,整体,iOS,Preset,409.1111111111111,23.296296296296298,non-Organic
2026-06-01T00:00:00,整体,iOS,AI Tattoo,195.37037037037038,41.2962962962963,non-Organic
2026-01-01T00:00:00,整体,Android,Concealer,954.9032258064516,400.35483870967744,non-Organic
2026-04-01T00:00:00,整体,iOS,Magic,977.3666666666667,427.8666666666667,non-Organic
2026-06-01T00:00:00,整体,iOS,Brighten,222.77777777777777,109.37037037037037,non-Organic
2026-03-01T00:00:00,整体,iOS,Eye Brighten,94.45161290322581,53.45161290322581,non-Organic
2026-04-01T00:00:00,整体,Android,Face,2893.8,1008.8666666666667,non-Organic
2026-05-01T00:00:00,整体,Android,Skin Tone,417.06451612903226,214.70967741935485,non-Organic
2026-04-01T00:00:00,整体,Android,Contour,173.46666666666667,71.93333333333334,non-Organic
2026-07-01T00:00:00,整体,Android,Blur,213.06451612903226,99.58064516129032,non-Organic
2026-06-01T00:00:00,整体,Android,Crop,507.8888888888889,349.0,non-Organic
2026-06-01T00:00:00,整体,Android,Background,540.1111111111111,62.333333333333336,non-Organic
2026-08-01T00:00:00,整体,Android,Preset,246.83333333333334,12.166666666666666,non-Organic
2026-08-01T00:00:00,整体,iOS,AI Repair,386.5,120.5,non-Organic
2026-07-01T00:00:00,整体,iOS,Text,53.74193548387097,3.129032258064516,non-Organic
2026-08-01T00:00:00,整体,iOS,AI Tattoo,200.66666666666666,48.5,non-Organic
2026-08-01T00:00:00,整体,Android,Muscle,185.33333333333334,58.333333333333336,non-Organic
2026-08-01T00:00:00,整体,Android,Reshape,502.8333333333333,252.66666666666666,non-Organic
2026-06-01T00:00:00,整体,iOS,Contour,95.55555555555556,45.111111111111114,non-Organic
2026-05-01T00:00:00,整体,Android,AI Image,1160.9032258064517,191.51612903225808,non-Organic
2026-08-01T00:00:00,整体,iOS,Background,278.5,20.166666666666668,non-Organic
2026-02-01T00:00:00,整体,Android,Teeth,532.9285714285714,0.10714285714285714,non-Organic
2026-08-01T00:00:00,整体,iOS,Muscle,208.16666666666666,57.5,non-Organic
2026-03-01T00:00:00,整体,iOS,Skin Tone,286.83870967741933,164.67741935483872,non-Organic
2026-01-01T00:00:00,整体,Android,Resize,320.8709677419355,131.8709677419355,non-Organic
2026-02-01T00:00:00,整体,iOS,Acne,206.85714285714286,126.25,non-Organic
2026-07-01T00:00:00,整体,iOS,Relight,1357.1290322580646,703.7096774193549,non-Organic
2026-05-01T00:00:00,整体,iOS,Prism,31.64516129032258,9.03225806451613,non-Organic
2026-07-01T00:00:00,整体,iOS,Skin Tone,232.5483870967742,133.8709677419355,non-Organic
2026-05-01T00:00:00,整体,iOS,AI Image,473.3225806451613,86.41935483870968,non-Organic
2026-08-01T00:00:00,整体,iOS,Crop,227.33333333333334,140.83333333333334,non-Organic
2026-02-01T00:00:00,整体,Android,Dark Circles,339.85714285714283,170.75,non-Organic
2026-05-01T00:00:00,整体,Android,Collarbone,0.0,0.0,non-Organic
2026-08-01T00:00:00,整体,iOS,Effects,396.5,5.5,non-Organic
2026-02-01T00:00:00,整体,Android,Relight,1399.9285714285713,650.3928571428571,non-Organic
2026-02-01T00:00:00,整体,Android,Glowup,956.6071428571429,273.7142857142857,non-Organic
2026-02-01T00:00:00,整体,Android,Adjust,823.3928571428571,346.07142857142856,non-Organic
2026-08-01T00:00:00,整体,Android,AI Repair,392.6666666666667,157.83333333333334,non-Organic
2026-02-01T00:00:00,整体,iOS,Hair,1031.4285714285713,239.64285714285714,non-Organic
2026-06-01T00:00:00,整体,Android,Preset,601.7407407407408,54.44444444444444,non-Organic
2026-03-01T00:00:00,整体,iOS,Resize,162.16129032258064,69.48387096774194,non-Organic
2026-06-01T00:00:00,整体,iOS,Effects,536.0370370370371,10.296296296296296,non-Organic
2026-05-01T00:00:00,整体,iOS,Relight,803.8387096774194,356.9032258064516,non-Organic
2026-01-01T00:00:00,整体,iOS,Eye Brighten,74.25806451612904,42.483870967741936,non-Organic
2026-08-01T00:00:00,整体,Android,Filters,1777.8333333333333,543.3333333333334,non-Organic
2026-04-01T00:00:00,整体,iOS,Crop,135.06666666666666,89.83333333333333,non-Organic
2026-04-01T00:00:00,整体,Android,Effects,766.1333333333333,57.666666666666664,non-Organic
2026-02-01T00:00:00,整体,iOS,Glowup,293.35714285714283,79.5,non-Organic
2026-02-01T00:00:00,整体,iOS,Expression,121.42857142857143,26.75,non-Organic
2026-03-01T00:00:00,整体,iOS,Body,372.61290322580646,216.8709677419355,non-Organic
2026-08-01T00:00:00,整体,Android,Contour,55.0,27.666666666666668,non-Organic
2026-04-01T00:00:00,整体,Android,Preset,700.4,68.43333333333334,non-Organic
2026-06-01T00:00:00,整体,Android,Plump,312.1111111111111,103.5925925925926,non-Organic
2026-07-01T00:00:00,整体,iOS,AI Replace,50.74193548387097,22.838709677419356,non-Organic
2026-04-01T00:00:00,整体,iOS,AI Repair,189.16666666666666,67.7,non-Organic
2026-04-01T00:00:00,整体,iOS,Flawless,0.0,0.0,non-Organic
2026-02-01T00:00:00,整体,iOS,Adjust,189.10714285714286,57.0,non-Organic
2026-06-01T00:00:00,整体,Android,Effects,644.0,32.111111111111114,non-Organic
2026-06-01T00:00:00,整体,Android,Muscle,489.74074074074076,129.22222222222223,non-Organic
2026-08-01T00:00:00,整体,iOS,Plump,172.5,51.833333333333336,non-Organic
2026-04-01T00:00:00,巴西,iOS,AI Retouch,158.8,47.9,non-Organic
2026-01-01T00:00:00,美国,Android,AI Tattoo,7.741935483870968,1.8709677419354838,non-Organic
2026-05-01T00:00:00,英国,iOS,Eye Brighten,12.096774193548388,7.67741935483871,non-Organic
2026-08-01T00:00:00,美国,iOS,Teeth,72.5,34.0,non-Organic
2026-06-01T00:00:00,巴西,Android,Relight,919.8148148148148,424.3333333333333,non-Organic
2026-03-01T00:00:00,墨西哥,Android,Contour,22.129032258064516,8.35483870967742,non-Organic
2026-07-01T00:00:00,英国,Android,Crop,0.2903225806451613,0.2903225806451613,non-Organic
2026-05-01T00:00:00,巴西,Android,AI Image,796.7741935483871,149.29032258064515,non-Organic
2026-07-01T00:00:00,英国,iOS,AI Retouch,152.5483870967742,46.354838709677416,non-Organic
2026-02-01T00:00:00,英国,Android,Reshape,0.8571428571428571,0.32142857142857145,non-Organic
2026-05-01T00:00:00,美国,Android,Smooth,45.0,32.16129032258065,non-Organic
2026-07-01T00:00:00,英国,iOS,Eraser,58.70967741935484,30.06451612903226,non-Organic
2026-07-01T00:00:00,英国,iOS,AI Tattoo,16.774193548387096,3.5483870967741935,non-Organic
2026-07-01T00:00:00,美国,iOS,Glowup,167.4516129032258,43.03225806451613,non-Organic
2026-03-01T00:00:00,巴西,iOS,Dark Circles,8.290322580645162,4.258064516129032,non-Organic
2026-07-01T00:00:00,英国,iOS,Body,82.48387096774194,50.25806451612903,non-Organic
2026-04-01T00:00:00,英国,iOS,Whiten,0.0,0.0,non-Organic
2026-01-01T00:00:00,巴西,iOS,Expression,2.806451612903226,0.6451612903225806,non-Organic
2026-07-01T00:00:00,英国,Android,Makeup,1.3548387096774193,0.4838709677419355,non-Organic
2026-02-01T00:00:00,巴西,iOS,Flawless,0.0,0.0,non-Organic
2026-01-01T00:00:00,巴西,Android,AI Retouch,3893.3225806451615,1941.7096774193549,non-Organic
2026-03-01T00:00:00,巴西,Android,Text,224.48387096774192,29.06451612903226,non-Organic
2026-08-01T00:00:00,美国,iOS,Body,199.33333333333334,98.66666666666667,non-Organic
2026-08-01T00:00:00,墨西哥,Android,Text,9.833333333333334,0.5,non-Organic
2026-04-01T00:00:00,巴西,iOS,Resize,7.933333333333334,3.1,non-Organic
2026-03-01T00:00:00,美国,Android,Bokeh,7.258064516129032,1.5483870967741935,non-Organic
2026-03-01T00:00:00,巴西,iOS,Plump,16.774193548387096,6.387096774193548,non-Organic
2026-05-01T00:00:00,墨西哥,iOS,Crop,0.4838709677419355,0.2903225806451613,non-Organic
2026-08-01T00:00:00,巴西,iOS,Glowup,90.5,16.833333333333332,non-Organic
2026-04-01T00:00:00,英国,Android,Face Fix,4.8,1.8333333333333333,non-Organic
2026-01-01T00:00:00,巴西,iOS,Blur,1.2903225806451613,0.6451612903225806,non-Organic
2026-07-01T00:00:00,墨西哥,Android,Preset,36.32258064516129,2.129032258064516,non-Organic
2026-01-01T00:00:00,巴西,Android,AI Image,3964.935483870968,1556.225806451613,non-Organic
2026-03-01T00:00:00,英国,iOS,Reshape,50.29032258064516,28.774193548387096,non-Organic
2026-02-01T00:00:00,美国,Android,Reshape,29.892857142857142,14.428571428571429,non-Organic
2026-03-01T00:00:00,巴西,iOS,AI Image,175.67741935483872,52.83870967741935,non-Organic
2026-08-01T00:00:00,英国,Android,Skin Tone,0.16666666666666666,0.16666666666666666,non-Organic
2026-05-01T00:00:00,美国,iOS,Whiten,0.0,0.0,non-Organic
2026-01-01T00:00:00,英国,Android,Plump,0.7419354838709677,0.2903225806451613,non-Organic
2026-01-01T00:00:00,美国,Android,Glowup,23.774193548387096,8.96774193548387,non-Organic
2026-07-01T00:00:00,巴西,Android,Glowup,195.25806451612902,31.70967741935484,non-Organic
2026-07-01T00:00:00,英国,iOS,Face,171.4516129032258,78.03225806451613,non-Organic
2026-07-01T00:00:00,英国,iOS,Smooth,72.41935483870968,45.354838709677416,non-Organic
2026-03-01T00:00:00,英国,iOS,Effects,27.129032258064516,0.5161290322580645,non-Organic
2026-04-01T00:00:00,墨西哥,iOS,Skin Tone,5.833333333333333,2.3,non-Organic
2026-01-01T00:00:00,美国,Android,Hair,60.193548387096776,18.161290322580644,non-Organic
2026-05-01T00:00:00,美国,iOS,Plump,89.58064516129032,26.580645161290324,non-Organic
2026-03-01T00:00:00,美国,iOS,Hair,674.7096774193549,144.6451612903226,non-Organic
2026-04-01T00:00:00,英国,iOS,Skin Tone,43.7,29.366666666666667,non-Organic
2026-06-01T00:00:00,美国,iOS,Stamp,20.22222222222222,4.444444444444445,non-Organic
2026-08-01T00:00:00,英国,iOS,Prism,3.6666666666666665,0.6666666666666666,non-Organic
2026-08-01T00:00:00,墨西哥,iOS,Eye Brighten,3.0,1.5,non-Organic
2026-01-01T00:00:00,墨西哥,iOS,Matte,0.21052631578947367,0.15789473684210525,non-Organic
2026-08-01T00:00:00,巴西,iOS,Crop,80.83333333333333,49.0,non-Organic
2026-08-01T00:00:00,巴西,iOS,Flawless,0.0,0.0,non-Organic
2026-08-01T00:00:00,英国,Android,Text,0.16666666666666666,0.0,non-Organic
2026-05-01T00:00:00,墨西哥,iOS,Expression,0.6774193548387096,0.22580645161290322,non-Organic
2026-02-01T00:00:00,美国,iOS,Text,21.785714285714285,1.4285714285714286,non-Organic
2026-02-01T00:00:00,美国,Android,AI Replace,11.607142857142858,5.321428571428571,non-Organic
2026-02-01T00:00:00,英国,iOS,Preset,18.25,1.8928571428571428,non-Organic
2026-03-01T00:00:00,美国,iOS,Blur,61.03225806451613,31.387096774193548,non-Organic
2026-05-01T00:00:00,巴西,Android,Smooth,367.5483870967742,216.2258064516129,non-Organic
2026-05-01T00:00:00,英国,iOS,Contour,11.870967741935484,6.387096774193548,non-Organic
2026-03-01T00:00:00,英国,iOS,Prism,3.2580645161290325,1.032258064516129,non-Organic
2026-04-01T00:00:00,英国,iOS,Flawless,0.0,0.0,non-Organic
2026-01-01T00:00:00,巴西,Android,Muscle,805.4516129032259,302.1290322580645,non-Organic
2026-02-01T00:00:00,英国,Android,Flawless,0.0,0.0,non-Organic
2026-08-01T00:00:00,巴西,iOS,Mykit,39.666666666666664,0.0,non-Organic
2026-03-01T00:00:00,英国,Android,Concealer,4.290322580645161,1.6129032258064515,non-Organic
2026-05-01T00:00:00,英国,iOS,Details,11.548387096774194,4.354838709677419,non-Organic
2026-05-01T00:00:00,美国,Android,Hair,61.25806451612903,19.032258064516128,non-Organic
2026-03-01T00:00:00,英国,iOS,Makeup,69.70967741935483,27.516129032258064,non-Organic
2026-07-01T00:00:00,巴西,Android,Skin Tone,131.6451612903226,70.35483870967742,non-Organic
2026-04-01T00:00:00,英国,iOS,Makeup,56.96666666666667,22.266666666666666,non-Organic
2026-01-01T00:00:00,美国,Android,Stamp,4.064516129032258,0.9032258064516129,non-Organic
2026-01-01T00:00:00,英国,iOS,Body,27.387096774193548,18.193548387096776,non-Organic
2026-06-01T00:00:00,英国,Android,Effects,0.7407407407407407,0.0,non-Organic
2026-04-01T00:00:00,英国,iOS,Smooth,63.96666666666667,46.1,non-Organic
2026-02-01T00:00:00,美国,iOS,Effects,93.85714285714286,2.9285714285714284,non-Organic
2026-04-01T00:00:00,墨西哥,Android,Background,82.13333333333334,9.0,non-Organic
2026-07-01T00:00:00,墨西哥,Android,Face Fix,32.806451612903224,4.806451612903226,non-Organic
2026-05-01T00:00:00,墨西哥,Android,Teeth,30.903225806451612,0.0,non-Organic
2026-07-01T00:00:00,英国,Android,Text,0.22580645161290322,0.0,non-Organic
2026-03-01T00:00:00,英国,iOS,Mykit,12.806451612903226,0.0,non-Organic
2026-01-01T00:00:00,美国,iOS,Smooth,185.80645161290323,122.29032258064517,non-Organic
2026-02-01T00:00:00,墨西哥,Android,Bokeh,6.428571428571429,1.1785714285714286,non-Organic
2026-06-01T00:00:00,墨西哥,Android,Face,176.5185185185185,45.2962962962963,non-Organic
2026-06-01T00:00:00,美国,Android,Plump,12.037037037037036,3.5555555555555554,non-Organic
2026-05-01T00:00:00,墨西哥,iOS,Muscle,0.8709677419354839,0.3225806451612903,non-Organic
2026-08-01T00:00:00,美国,iOS,Clean Skin,62.0,33.5,non-Organic
2026-07-01T00:00:00,英国,Android,Preset,0.5161290322580645,0.03225806451612903,non-Organic
2026-05-01T00:00:00,巴西,iOS,Plump,32.12903225806452,12.161290322580646,non-Organic
2026-03-01T00:00:00,墨西哥,Android,Adjust,88.54838709677419,28.193548387096776,non-Organic
2026-01-01T00:00:00,墨西哥,iOS,AI Replace,0.4482758620689655,0.20689655172413793,non-Organic
2026-01-01T00:00:00,墨西哥,iOS,AI Expand,1.1935483870967742,0.4838709677419355,non-Organic
2026-07-01T00:00:00,巴西,Android,AI Image,266.0967741935484,45.83870967741935,non-Organic
2026-04-01T00:00:00,美国,iOS,Skin Tone,140.63333333333333,81.9,non-Organic
2026-07-01T00:00:00,巴西,Android,Resize,77.51612903225806,32.67741935483871,non-Organic
2026-08-01T00:00:00,巴西,Android,AI Retouch,752.1666666666666,223.5,non-Organic
2026-07-01T00:00:00,巴西,Android,Dark Circles,80.6774193548387,47.096774193548384,non-Organic
2026-02-01T00:00:00,巴西,Android,Effects,841.6071428571429,110.39285714285714,non-Organic
2026-03-01T00:00:00,英国,iOS,Hair,82.6774193548387,22.35483870967742,non-Organic
2026-05-01T00:00:00,巴西,Android,Adjust,394.5483870967742,182.74193548387098,non-Organic
2026-06-01T00:00:00,英国,iOS,Text,8.555555555555555,0.3333333333333333,non-Organic
2026-05-01T00:00:00,英国,iOS,Plump,18.838709677419356,6.387096774193548,non-Organic
2026-03-01T00:00:00,美国,Android,Skin Tone,29.838709677419356,17.806451612903224,non-Organic
2026-06-01T00:00:00,英国,Android,Concealer,0.5217391304347826,0.13043478260869565,non-Organic
2026-03-01T00:00:00,墨西哥,Android,Muscle,34.516129032258064,9.516129032258064,non-Organic
2026-04-01T00:00:00,美国,Android,Resize,16.766666666666666,8.433333333333334,non-Organic
2026-05-01T00:00:00,巴西,iOS,Glitter,25.774193548387096,4.064516129032258,non-Organic
2026-05-01T00:00:00,美国,iOS,Dark Circles,72.03225806451613,40.74193548387097,non-Organic
2026-02-01T00:00:00,美国,iOS,Contour,32.785714285714285,16.035714285714285,non-Organic
2026-01-01T00:00:00,美国,iOS,Expression,64.80645161290323,15.35483870967742,non-Organic
2026-07-01T00:00:00,美国,iOS,Teeth,89.83870967741936,41.41935483870968,non-Organic
2026-06-01T00:00:00,英国,Android,Bokeh,0.14814814814814814,0.037037037037037035,non-Organic
2026-02-01T00:00:00,墨西哥,Android,Contour,3.392857142857143,1.4642857142857142,non-Organic
2026-08-01T00:00:00,墨西哥,iOS,Clean Skin,14.666666666666666,8.166666666666666,non-Organic
2026-07-01T00:00:00,巴西,Android,Acne,154.4516129032258,101.0,non-Organic
2026-06-01T00:00:00,巴西,Android,Smooth,410.81481481481484,241.59259259259258,non-Organic
2026-02-01T00:00:00,英国,iOS,Eraser,28.785714285714285,16.035714285714285,non-Organic
2026-05-01T00:00:00,美国,Android,AI Retouch,83.61290322580645,34.41935483870968,non-Organic
2026-01-01T00:00:00,墨西哥,iOS,Face Fix,1.3333333333333333,0.4666666666666667,non-Organic
2026-02-01T00:00:00,巴西,Android,Filters,3105.0,888.4642857142857,non-Organic
2026-02-01T00:00:00,英国,Android,Body,1.0714285714285714,0.39285714285714285,non-Organic
2026-02-01T00:00:00,巴西,iOS,Muscle,1.6071428571428572,0.6428571428571429,non-Organic
2026-02-01T00:00:00,巴西,Android,Whiten,0.0,0.0,non-Organic
2026-05-01T00:00:00,墨西哥,iOS,Glowup,1.3548387096774193,0.16129032258064516,non-Organic
2026-01-01T00:00:00,英国,iOS,Expression,13.806451612903226,3.6774193548387095,non-Organic
2026-08-01T00:00:00,巴西,Android,Reshape,324.1666666666667,177.33333333333334,non-Organic
2026-08-01T00:00:00,美国,Android,Eraser,40.166666666666664,17.166666666666668,non-Organic
2026-08-01T00:00:00,巴西,Android,AI Repair,219.5,87.0,non-Organic
2026-08-01T00:00:00,巴西,Android,Details,28.666666666666668,10.5,non-Organic
2026-08-01T00:00:00,英国,iOS,Mykit,12.166666666666666,0.0,non-Organic
2026-01-01T00:00:00,美国,Android,Acne,17.903225806451612,11.419354838709678,non-Organic
2026-01-01T00:00:00,英国,iOS,Contour,9.451612903225806,5.193548387096774,non-Organic
2026-01-01T00:00:00,巴西,Android,Text,278.38709677419354,32.38709677419355,non-Organic
2026-02-01T00:00:00,墨西哥,iOS,Magic,3.892857142857143,1.0357142857142858,non-Organic
2026-06-01T00:00:00,巴西,Android,Muscle,317.48148148148147,87.51851851851852,non-Organic
2026-02-01T00:00:00,巴西,iOS,AI Retouch,7.178571428571429,2.892857142857143,non-Organic
2026-05-01T00:00:00,巴西,iOS,Hair,390.83870967741933,85.2258064516129,non-Organic
2026-05-01T00:00:00,美国,iOS,Contour,43.29032258064516,19.419354838709676,non-Organic
2026-05-01T00:00:00,美国,Android,Brighten,18.35483870967742,10.516129032258064,non-Organic
2026-04-01T00:00:00,美国,Android,Concealer,26.233333333333334,11.766666666666667,non-Organic
2026-05-01T00:00:00,墨西哥,Android,Whiten,0.0,0.0,non-Organic
2026-03-01T00:00:00,墨西哥,iOS,Dark Circles,0.3333333333333333,0.23333333333333334,non-Organic
2026-07-01T00:00:00,墨西哥,iOS,AI Tattoo,7.419354838709677,2.2580645161290325,non-Organic
2026-07-01T00:00:00,英国,Android,Flawless,0.0,0.0,non-Organic
2026-02-01T00:00:00,墨西哥,iOS,Stamp,0.39285714285714285,0.03571428571428571,non-Organic
2026-01-01T00:00:00,巴西,iOS,Face Fix,4.129032258064516,1.1935483870967742,non-Organic
2026-04-01T00:00:00,英国,iOS,Face Fix,31.766666666666666,6.666666666666667,non-Organic
2026-01-01T00:00:00,巴西,iOS,Skin Tone,1.8064516129032258,0.9032258064516129,non-Organic
2026-03-01T00:00:00,美国,Android,Teeth,22.129032258064516,0.0,non-Organic
2026-04-01T00:00:00,墨西哥,iOS,AI Image,9.4,0.8666666666666667,non-Organic
2026-02-01T00:00:00,巴西,iOS,AI Tattoo,1.0714285714285714,0.21428571428571427,non-Organic
2026-03-01T00:00:00,美国,Android,Dark Circles,13.290322580645162,8.451612903225806,non-Organic
2026-08-01T00:00:00,巴西,iOS,Magic,484.8333333333333,156.5,non-Organic
2026-07-01T00:00:00,巴西,Android,Matte,24.677419354838708,8.612903225806452,non-Organic
2026-01-01T00:00:00,美国,Android,Relight,17.193548387096776,7.548387096774194,non-Organic
2026-07-01T00:00:00,墨西哥,Android,Reshape,77.0,25.838709677419356,non-Organic
2026-05-01T00:00:00,墨西哥,Android,Preset,21.903225806451612,0.6451612903225806,non-Organic
2026-01-01T00:00:00,巴西,Android,Prism,131.3548387096774,51.774193548387096,non-Organic
2026-01-01T00:00:00,墨西哥,Android,AI Retouch,158.74193548387098,72.19354838709677,non-Organic
2026-06-01T00:00:00,巴西,Android,Plump,199.14814814814815,73.48148148148148,non-Organic
2026-06-01T00:00:00,墨西哥,Android,Details,6.037037037037037,2.4814814814814814,non-Organic
2026-05-01T00:00:00,墨西哥,Android,Expression,26.838709677419356,4.419354838709677,non-Organic
2026-01-01T00:00:00,巴西,Android,Bokeh,172.90322580645162,53.61290322580645,non-Organic
2026-01-01T00:00:00,美国,iOS,Dark Circles,56.354838709677416,32.193548387096776,non-Organic
2026-01-01T00:00:00,墨西哥,Android,Teeth,29.612903225806452,0.0,non-Organic
2026-06-01T00:00:00,英国,iOS,Face Fix,35.81481481481482,6.0,non-Organic
2026-07-01T00:00:00,墨西哥,Android,Plump,39.354838709677416,7.193548387096774,non-Organic
2026-03-01T00:00:00,巴西,iOS,Blur,13.580645161290322,5.741935483870968,non-Organic
2026-06-01T00:00:00,英国,iOS,AI Replace,8.222222222222221,3.6296296296296298,non-Organic
2026-07-01T00:00:00,美国,iOS,Plump,58.645161290322584,17.129032258064516,non-Organic
2026-06-01T00:00:00,巴西,iOS,Details,5.666666666666667,1.7037037037037037,non-Organic
2026-01-01T00:00:00,巴西,Android,Collarbone,0.0,0.0,non-Organic
2026-02-01T00:00:00,美国,iOS,Filters,352.5357142857143,57.285714285714285,non-Organic
2026-03-01T00:00:00,英国,iOS,Muscle,10.387096774193548,3.6451612903225805,non-Organic
2026-04-01T00:00:00,巴西,Android,Smooth,459.0,247.1,non-Organic
2026-01-01T00:00:00,英国,Android,Adjust,0.5666666666666667,0.13333333333333333,non-Organic
2026-03-01T00:00:00,美国,Android,AI Expand,14.741935483870968,5.870967741935484,non-Organic
2026-03-01T00:00:00,英国,Android,Whiten,0.0,0.0,non-Organic
2026-07-01T00:00:00,美国,iOS,Background,75.54838709677419,7.838709677419355,non-Organic
2026-03-01T00:00:00,墨西哥,Android,Teeth,66.38709677419355,0.0,non-Organic
2026-02-01T00:00:00,巴西,iOS,Expression,2.357142857142857,0.5357142857142857,non-Organic
2026-07-01T00:00:00,英国,iOS,Magic,152.93548387096774,61.0,non-Organic
2026-06-01T00:00:00,墨西哥,Android,Body,125.29629629629629,65.29629629629629,non-Organic
2026-05-01T00:00:00,墨西哥,Android,AI Tattoo,29.612903225806452,5.387096774193548,non-Organic
2026-05-01T00:00:00,美国,Android,Adjust,24.096774193548388,9.67741935483871,non-Organic
2026-07-01T00:00:00,巴西,iOS,Text,6.387096774193548,0.3225806451612903,non-Organic
2026-06-01T00:00:00,美国,iOS,Details,50.148148148148145,15.407407407407407,non-Organic
2026-03-01T00:00:00,美国,iOS,Glowup,185.4516129032258,50.903225806451616,non-Organic
2026-04-01T00:00:00,英国,Android,AI Replace,1.3793103448275863,0.6206896551724138,non-Organic
2026-07-01T00:00:00,巴西,iOS,Relight,211.48387096774192,114.87096774193549,non-Organic
2026-04-01T00:00:00,美国,Android,Body,26.1,14.566666666666666,non-Organic
2026-03-01T00:00:00,墨西哥,iOS,Adjust,2.0,0.5483870967741935,non-Organic
2026-06-01T00:00:00,英国,Android,Resize,0.37037037037037035,0.2222222222222222,non-Organic
2026-08-01T00:00:00,美国,iOS,Makeup,179.0,72.0,non-Organic
2026-07-01T00:00:00,英国,iOS,Stamp,5.645161290322581,1.2258064516129032,non-Organic
2026-02-01T00:00:00,巴西,iOS,Adjust,4.214285714285714,1.25,non-Organic
2026-02-01T00:00:00,墨西哥,Android,Face,52.535714285714285,22.714285714285715,non-Organic
2026-02-01T00:00:00,墨西哥,iOS,Face,2.892857142857143,1.2142857142857142,non-Organic
2026-07-01T00:00:00,美国,Android,Reshape,28.193548387096776,14.516129032258064,non-Organic
2026-07-01T00:00:00,墨西哥,iOS,Plump,11.580645161290322,2.967741935483871,non-Organic
2026-05-01T00:00:00,墨西哥,Android,Contour,2.7096774193548385,0.41935483870967744,non-Organic
2026-03-01T00:00:00,美国,Android,Glitter,11.096774193548388,1.935483870967742,non-Organic
2026-04-01T00:00:00,巴西,iOS,Makeup,66.8,23.466666666666665,non-Organic
2026-05-01T00:00:00,美国,Android,Matte,8.0,4.0,non-Organic
2026-03-01T00:00:00,英国,Android,AI Retouch,13.35483870967742,4.516129032258065,non-Organic
2026-03-01T00:00:00,英国,Android,Preset,3.129032258064516,0.25806451612903225,non-Organic
2026-06-01T00:00:00,美国,Android,Face,74.4074074074074,35.77777777777778,non-Organic
2026-05-01T00:00:00,美国,iOS,Expression,79.19354838709677,18.838709677419356,non-Organic
2026-01-01T00:00:00,墨西哥,iOS,Expression,0.9,0.3333333333333333,non-Organic
2026-05-01T00:00:00,美国,Android,AI Tattoo,7.645161290322581,1.4193548387096775,non-Organic
2026-07-01T00:00:00,英国,iOS,Flawless,0.0,0.0,non-Organic
2026-02-01T00:00:00,美国,iOS,Face,489.42857142857144,208.85714285714286,non-Organic
2026-04-01T00:00:00,英国,iOS,Blur,18.2,10.7,non-Organic
2026-07-01T00:00:00,巴西,Android,Hair,1216.6129032258063,269.7096774193548,non-Organic
2026-07-01T00:00:00,墨西哥,Android,Brighten,14.129032258064516,5.967741935483871,non-Organic
2026-03-01T00:00:00,墨西哥,Android,Dark Circles,32.32258064516129,13.419354838709678,non-Organic
2026-05-01T00:00:00,墨西哥,Android,Plump,23.129032258064516,2.7419354838709675,non-Organic
2026-05-01T00:00:00,墨西哥,iOS,Plump,0.5161290322580645,0.0967741935483871,non-Organic
2026-01-01T00:00:00,墨西哥,iOS,Adjust,1.4193548387096775,0.3548387096774194,non-Organic
2026-07-01T00:00:00,美国,iOS,Contour,21.870967741935484,10.548387096774194,non-Organic
2026-02-01T00:00:00,墨西哥,Android,Filters,58.714285714285715,12.25,non-Organic
2026-03-01T00:00:00,巴西,iOS,Relight,91.12903225806451,37.61290322580645,non-Organic
2026-03-01T00:00:00,巴西,iOS,Mykit,31.161290322580644,0.0,non-Organic
2026-07-01T00:00:00,巴西,Android,Mykit,69.87096774193549,0.0,non-Organic
2026-08-01T00:00:00,美国,Android,Clean Skin,22.833333333333332,14.0,non-Organic
2026-05-01T00:00:00,英国,Android,Reshape,0.8709677419354839,0.3225806451612903,non-Organic
2026-07-01T00:00:00,英国,iOS,Details,10.903225806451612,3.4838709677419355,non-Organic
2026-08-01T00:00:00,英国,iOS,Face Fix,31.166666666666668,4.5,non-Organic
2026-03-01T00:00:00,美国,iOS,Dark Circles,61.935483870967744,37.58064516129032,non-Organic
2026-05-01T00:00:00,美国,iOS,Preset,144.0,9.387096774193548,non-Organic
2026-01-01T00:00:00,墨西哥,Android,Acne,20.580645161290324,9.161290322580646,non-Organic
2026-03-01T00:00:00,巴西,Android,AI Image,2411.4193548387098,721.0,non-Organic
2026-07-01T00:00:00,美国,Android,AI Tattoo,6.387096774193548,0.9354838709677419,non-Organic
2026-05-01T00:00:00,美国,iOS,Background,115.06451612903226,12.741935483870968,non-Organic
2026-03-01T00:00:00,英国,iOS,Background,24.64516129032258,2.903225806451613,non-Organic
2026-04-01T00:00:00,英国,Android,AI Image,5.4,0.5333333333333333,non-Organic
2026-01-01T00:00:00,巴西,iOS,Mykit,1.2580645161290323,0.0,non-Organic
2026-05-01T00:00:00,巴西,Android,Bokeh,72.7741935483871,17.483870967741936,non-Organic
2026-03-01T00:00:00,墨西哥,Android,Relight,140.80645161290323,49.774193548387096,non-Organic
2026-02-01T00:00:00,美国,Android,Magic,98.71428571428571,48.142857142857146,non-Organic
2026-06-01T00:00:00,巴西,iOS,Reshape,58.96296296296296,26.925925925925927,non-Organic
2026-02-01T00:00:00,英国,Android,Stamp,0.16,0.0,non-Organic
2026-01-01T00:00:00,巴西,Android,Face Fix,523.3225806451613,147.09677419354838,non-Organic
2026-04-01T00:00:00,墨西哥,iOS,Body,8.666666666666666,3.066666666666667,non-Organic
2026-04-01T00:00:00,墨西哥,iOS,Prism,0.6,0.23333333333333334,non-Organic
2026-07-01T00:00:00,墨西哥,Android,Background,41.61290322580645,4.129032258064516,non-Organic
2026-03-01T00:00:00,英国,Android,Background,2.806451612903226,0.5483870967741935,non-Organic
2026-03-01T00:00:00,墨西哥,iOS,Whiten,0.0,0.0,non-Organic
2026-03-01T00:00:00,美国,iOS,Relight,163.6451612903226,68.58064516129032,non-Organic
2026-01-01T00:00:00,墨西哥,iOS,Brighten,0.4782608695652174,0.13043478260869565,non-Organic
2026-05-01T00:00:00,英国,Android,AI Repair,1.2258064516129032,0.6451612903225806,non-Organic
2026-02-01T00:00:00,巴西,iOS,Preset,1.6428571428571428,0.17857142857142858,non-Organic
2026-07-01T00:00:00,美国,Android,Expression,9.64516129032258,3.3225806451612905,non-Organic
2026-01-01T00:00:00,美国,Android,Text,5.548387096774194,1.064516129032258,non-Organic
2026-03-01T00:00:00,英国,Android,AI Repair,3.032258064516129,1.032258064516129,non-Organic
2026-05-01T00:00:00,墨西哥,Android,Matte,3.032258064516129,0.7096774193548387,non-Organic
2026-02-01T00:00:00,美国,iOS,Smooth,194.82142857142858,129.71428571428572,non-Organic
2026-06-01T00:00:00,巴西,Android,AI Repair,343.44444444444446,138.44444444444446,non-Organic
2026-03-01T00:00:00,墨西哥,Android,AI Expand,57.806451612903224,23.29032258064516,non-Organic
2026-07-01T00:00:00,巴西,iOS,AI Replace,5.548387096774194,2.3548387096774195,non-Organic
2026-08-01T00:00:00,英国,Android,Prism,0.3333333333333333,0.0,non-Organic
2026-04-01T00:00:00,英国,Android,Bokeh,0.9333333333333333,0.13333333333333333,non-Organic
2026-08-01T00:00:00,英国,iOS,Blur,18.166666666666668,9.166666666666666,non-Organic
2026-08-01T00:00:00,美国,Android,Stamp,5.833333333333333,1.1666666666666667,non-Organic
2026-08-01T00:00:00,墨西哥,iOS,Concealer,7.333333333333333,2.0,non-Organic
2026-08-01T00:00:00,巴西,Android,Smooth,212.66666666666666,127.5,non-Organic
2026-04-01T00:00:00,墨西哥,Android,Body,114.66666666666667,49.233333333333334,non-Organic
2026-07-01T00:00:00,美国,Android,Plump,11.548387096774194,3.7096774193548385,non-Organic
2026-02-01T00:00:00,墨西哥,iOS,Smooth,1.0833333333333333,0.7083333333333334,non-Organic
2026-08-01T00:00:00,墨西哥,Android,Eraser,52.5,25.5,non-Organic
2026-02-01T00:00:00,墨西哥,iOS,Details,0.3888888888888889,0.05555555555555555,non-Organic
2026-06-01T00:00:00,英国,iOS,Mykit,18.25925925925926,0.0,non-Organic
2026-06-01T00:00:00,美国,Android,Stamp,3.4814814814814814,0.6666666666666666,non-Organic
2026-06-01T00:00:00,墨西哥,iOS,Eraser,1.4074074074074074,0.6666666666666666,non-Organic
2026-04-01T00:00:00,英国,iOS,Bokeh,4.433333333333334,0.36666666666666664,non-Organic
2026-07-01T00:00:00,巴西,iOS,Acne,26.29032258064516,14.096774193548388,non-Organic
2026-03-01T00:00:00,巴西,iOS,Text,15.903225806451612,1.6451612903225807,non-Organic
2026-07-01T00:00:00,墨西哥,Android,Adjust,48.74193548387097,15.903225806451612,non-Organic
2026-05-01T00:00:00,美国,iOS,Matte,39.96774193548387,17.612903225806452,non-Organic
2026-06-01T00:00:00,墨西哥,iOS,Body,1.9230769230769231,1.4615384615384615,non-Organic
2026-07-01T00:00:00,巴西,iOS,Hair,179.83870967741936,46.12903225806452,non-Organic
2026-07-01T00:00:00,英国,Android,Magic,3.0,0.8064516129032258,non-Organic
2026-05-01T00:00:00,巴西,Android,Face Fix,282.1290322580645,68.7741935483871,non-Organic
2026-01-01T00:00:00,墨西哥,Android,Relight,64.83870967741936,21.70967741935484,non-Organic
2026-07-01T00:00:00,美国,Android,Whiten,0.0,0.0,non-Organic
2026-07-01T00:00:00,巴西,iOS,Dark Circles,13.419354838709678,8.35483870967742,non-Organic
2026-07-01T00:00:00,英国,Android,Filters,4.129032258064516,0.967741935483871,non-Organic
2026-07-01T00:00:00,巴西,Android,AI Expand,46.58064516129032,20.419354838709676,non-Organic
2026-01-01T00:00:00,英国,Android,AI Tattoo,0.5806451612903226,0.06451612903225806,non-Organic
2026-05-01T00:00:00,英国,Android,Smooth,0.9130434782608695,0.6086956521739131,non-Organic
2026-08-01T00:00:00,英国,iOS,Bokeh,6.5,0.6666666666666666,non-Organic
2026-08-01T00:00:00,巴西,iOS,AI Repair,123.16666666666667,44.666666666666664,non-Organic
2026-08-01T00:00:00,墨西哥,iOS,Makeup,47.333333333333336,18.166666666666668,non-Organic
2026-03-01T00:00:00,美国,Android,Hair,76.74193548387096,21.774193548387096,non-Organic
2026-07-01T00:00:00,墨西哥,iOS,Contour,1.8064516129032258,0.8064516129032258,non-Organic
2026-02-01T00:00:00,美国,iOS,Flawless,0.0,0.0,non-Organic
2026-06-01T00:00:00,巴西,Android,Face,1617.6666666666667,538.1481481481482,non-Organic
2026-01-01T00:00:00,墨西哥,iOS,Glowup,1.1666666666666667,0.23333333333333334,non-Organic
2026-04-01T00:00:00,美国,iOS,Eye Brighten,45.6,25.666666666666668,non-Organic
2026-01-01T00:00:00,英国,iOS,Plump,22.806451612903224,8.774193548387096,non-Organic
2026-07-01T00:00:00,巴西,iOS,Mykit,11.838709677419354,0.0,non-Organic
2026-01-01T00:00:00,美国,Android,AI Expand,9.709677419354838,3.4516129032258065,non-Organic
2026-05-01T00:00:00,墨西哥,iOS,Preset,0.8064516129032258,0.06451612903225806,non-Organic
2026-04-01T00:00:00,英国,iOS,Text,5.8,0.1,non-Organic
2026-04-01T00:00:00,巴西,Android,Stamp,121.73333333333333,20.266666666666666,non-Organic
2026-02-01T00:00:00,美国,iOS,AI Repair,55.5,18.714285714285715,non-Organic
2026-05-01T00:00:00,英国,iOS,AI Repair,34.806451612903224,11.129032258064516,non-Organic
2026-06-01T00:00:00,英国,iOS,AI Image,48.2962962962963,8.592592592592593,non-Organic
2026-04-01T00:00:00,美国,Android,Eraser,38.766666666666666,19.566666666666666,non-Organic
2026-04-01T00:00:00,英国,Android,Skin Tone,3.8666666666666667,2.7333333333333334,non-Organic
2026-02-01T00:00:00,美国,Android,Flawless,0.0,0.0,non-Organic
2026-07-01T00:00:00,美国,iOS,Brighten,43.935483870967744,19.967741935483872,non-Organic
2026-01-01T00:00:00,巴西,iOS,Body,4.645161290322581,3.3548387096774195,non-Organic
2026-05-01T00:00:00,巴西,Android,Relight,843.4516129032259,371.741935483871,non-Organic
2026-01-01T00:00:00,英国,Android,Preset,1.0,0.0967741935483871,non-Organic
2026-01-01T00:00:00,美国,iOS,Hair,795.0967741935484,182.90322580645162,non-Organic
2026-02-01T00:00:00,美国,Android,Smooth,44.82142857142857,32.714285714285715,non-Organic
2026-05-01T00:00:00,美国,iOS,Brighten,104.29032258064517,50.225806451612904,non-Organic
2026-03-01T00:00:00,巴西,iOS,AI Replace,15.225806451612904,7.161290322580645,non-Organic
2026-01-01T00:00:00,英国,Android,Muscle,0.8387096774193549,0.5806451612903226,non-Organic
2026-01-01T00:00:00,英国,iOS,Background,19.903225806451612,2.225806451612903,non-Organic
2026-01-01T00:00:00,英国,iOS,Brighten,18.0,10.03225806451613,non-Organic
2026-05-01T00:00:00,巴西,iOS,Bokeh,11.258064516129032,3.161290322580645,non-Organic
2026-03-01T00:00:00,英国,iOS,Plump,22.35483870967742,7.451612903225806,non-Organic
2026-08-01T00:00:00,英国,iOS,AI Image,31.833333333333332,5.833333333333333,non-Organic
2026-08-01T00:00:00,墨西哥,iOS,Resize,10.333333333333334,2.5,non-Organic
2026-03-01T00:00:00,美国,Android,Glowup,31.483870967741936,10.96774193548387,non-Organic
2026-05-01T00:00:00,美国,Android,Muscle,8.838709677419354,3.3225806451612905,non-Organic
2026-04-01T00:00:00,墨西哥,iOS,Resize,1.8666666666666667,0.7666666666666667,non-Organic
2026-04-01T00:00:00,英国,iOS,Acne,37.4,25.766666666666666,non-Organic
2026-01-01T00:00:00,美国,Android,Glitter,7.935483870967742,1.6774193548387097,non-Organic
2026-01-01T00:00:00,美国,iOS,Acne,117.25806451612904,66.93548387096774,non-Organic
2026-01-01T00:00:00,墨西哥,Android,AI Expand,35.03225806451613,14.709677419354838,non-Organic
2026-01-01T00:00:00,英国,iOS,Effects,20.225806451612904,0.6451612903225806,non-Organic
2026-05-01T00:00:00,墨西哥,iOS,AI Tattoo,0.22580645161290322,0.03225806451612903,non-Organic
2026-05-01T00:00:00,巴西,Android,Acne,256.38709677419354,149.3548387096774,non-Organic
2026-05-01T00:00:00,巴西,iOS,Adjust,71.74193548387096,34.41935483870968,non-Organic
2026-03-01T00:00:00,英国,Android,Muscle,1.2580645161290323,0.3870967741935484,non-Organic
2026-06-01T00:00:00,墨西哥,iOS,Resize,0.5384615384615384,0.15384615384615385,non-Organic
2026-04-01T00:00:00,美国,Android,Eye Brighten,11.233333333333333,7.466666666666667,non-Organic
2026-06-01T00:00:00,美国,Android,Smooth,39.370370370370374,29.62962962962963,non-Organic
2026-04-01T00:00:00,美国,iOS,Concealer,106.26666666666667,45.166666666666664,non-Organic
2026-06-01T00:00:00,英国,Android,Skin Tone,0.8260869565217391,0.43478260869565216,non-Organic
2026-02-01T00:00:00,墨西哥,Android,Magic,58.857142857142854,20.785714285714285,non-Organic
2026-05-01T00:00:00,巴西,iOS,Teeth,37.225806451612904,0.0,non-Organic
2026-01-01T00:00:00,英国,iOS,Reshape,39.87096774193548,23.70967741935484,non-Organic
2026-03-01T00:00:00,巴西,Android,Blur,238.29032258064515,115.7741935483871,non-Organic
2026-08-01T00:00:00,巴西,iOS,Effects,154.66666666666666,1.6666666666666667,non-Organic
2026-08-01T00:00:00,巴西,Android,Magic,777.6666666666666,299.0,non-Organic
2026-01-01T00:00:00,墨西哥,Android,Glitter,28.387096774193548,6.0,non-Organic
2026-01-01T00:00:00,英国,Android,Contour,0.47368421052631576,0.3157894736842105,non-Organic
2026-07-01T00:00:00,美国,Android,Matte,5.387096774193548,2.161290322580645,non-Organic
2026-08-01T00:00:00,英国,Android,Body,1.5,0.8333333333333334,non-Organic
2026-02-01T00:00:00,墨西哥,iOS,Flawless,0.0,0.0,non-Organic
2026-08-01T00:00:00,巴西,iOS,Muscle,66.66666666666667,17.333333333333332,non-Organic
2026-05-01T00:00:00,美国,iOS,AI Retouch,675.9677419354839,180.25806451612902,non-Organic
2026-04-01T00:00:00,巴西,iOS,Magic,133.06666666666666,49.53333333333333,non-Organic
2026-06-01T00:00:00,巴西,Android,Magic,1406.0740740740741,574.8888888888889,non-Organic
2026-03-01T00:00:00,墨西哥,iOS,Expression,0.7741935483870968,0.25806451612903225,non-Organic
2026-02-01T00:00:00,墨西哥,Android,Flawless,0.0,0.0,non-Organic
2026-03-01T00:00:00,巴西,iOS,Skin Tone,17.129032258064516,7.548387096774194,non-Organic
2026-03-01T00:00:00,美国,iOS,Whiten,0.0,0.0,non-Organic
2026-03-01T00:00:00,巴西,Android,Prism,109.74193548387096,39.903225806451616,non-Organic
2026-03-01T00:00:00,巴西,Android,Concealer,510.51612903225805,207.03225806451613,non-Organic
2026-02-01T00:00:00,巴西,iOS,Matte,0.35714285714285715,0.25,non-Organic
2026-02-01T00:00:00,美国,Android,AI Repair,20.571428571428573,8.607142857142858,non-Organic
2026-01-01T00:00:00,美国,iOS,Whiten,0.0,0.0,non-Organic
2026-06-01T00:00:00,美国,iOS,Makeup,366.51851851851853,129.22222222222223,non-Organic
2026-06-01T00:00:00,英国,Android,Blur,0.42857142857142855,0.19047619047619047,non-Organic
2026-08-01T00:00:00,英国,Android,AI Image,1.3333333333333333,0.16666666666666666,non-Organic
2026-07-01T00:00:00,美国,Android,Contour,5.838709677419355,2.5806451612903225,non-Organic
2026-04-01T00:00:00,英国,Android,Text,0.8666666666666667,0.1,non-Organic
2026-05-01T00:00:00,墨西哥,iOS,Brighten,0.5769230769230769,0.38461538461538464,non-Organic
2026-02-01T00:00:00,巴西,iOS,Whiten,0.0,0.0,non-Organic
2026-06-01T00:00:00,巴西,iOS,Smooth,63.407407407407405,36.18518518518518,non-Organic
2026-08-01T00:00:00,英国,iOS,AI Replace,7.0,3.6666666666666665,non-Organic
2026-07-01T00:00:00,美国,Android,Muscle,7.354838709677419,2.4838709677419355,non-Organic
2026-04-01T00:00:00,墨西哥,iOS,Eye Brighten,0.7586206896551724,0.3103448275862069,non-Organic
2026-04-01T00:00:00,英国,Android,Relight,4.633333333333334,2.066666666666667,non-Organic
2026-06-01T00:00:00,美国,Android,Makeup,37.55555555555556,18.925925925925927,non-Organic
2026-07-01T00:00:00,巴西,Android,Teeth,132.3548387096774,57.58064516129032,non-Organic
2026-01-01T00:00:00,墨西哥,Android,Adjust,52.806451612903224,16.774193548387096,non-Organic
2026-02-01T00:00:00,墨西哥,Android,Smooth,15.714285714285714,11.428571428571429,non-Organic
2026-07-01T00:00:00,英国,Android,Face,4.258064516129032,1.2580645161290323,non-Organic
2026-02-01T00:00:00,巴西,Android,Brighten,436.5357142857143,198.89285714285714,non-Organic
2026-07-01T00:00:00,巴西,Android,Face Fix,133.96774193548387,34.483870967741936,non-Organic
2026-02-01T00:00:00,巴西,iOS,Crop,1.6785714285714286,1.1071428571428572,non-Organic
2026-08-01T00:00:00,英国,iOS,Skin Tone,36.666666666666664,22.666666666666668,non-Organic
2026-01-01T00:00:00,巴西,iOS,Bokeh,0.8064516129032258,0.16129032258064516,non-Organic
2026-01-01T00:00:00,巴西,iOS,AI Image,5.612903225806452,0.6774193548387096,non-Organic
2026-05-01T00:00:00,巴西,iOS,Glowup,60.516129032258064,9.161290322580646,non-Organic
2026-05-01T00:00:00,巴西,iOS,Acne,32.193548387096776,15.838709677419354,non-Organic
2026-04-01T00:00:00,墨西哥,Android,Concealer,59.13333333333333,17.1,non-Organic
2026-01-01T00:00:00,墨西哥,iOS,Bokeh,0.41935483870967744,0.03225806451612903,non-Organic
2026-01-01T00:00:00,美国,Android,Dark Circles,10.64516129032258,6.516129032258065,non-Organic
2026-05-01T00:00:00,英国,iOS,Magic,129.19354838709677,65.0,non-Organic
2026-02-01T00:00:00,英国,Android,Eraser,1.6785714285714286,0.6785714285714286,non-Organic
2026-08-01T00:00:00,美国,iOS,Eraser,120.83333333333333,54.0,non-Organic
2026-01-01T00:00:00,巴西,Android,Blur,302.4516129032258,141.29032258064515,non-Organic
2026-01-01T00:00:00,巴西,Android,Skin Tone,761.9677419354839,396.83870967741933,non-Organic
2026-04-01T00:00:00,巴西,Android,Details,85.33333333333333,28.066666666666666,non-Organic
2026-02-01T00:00:00,巴西,Android,Preset,622.0,94.75,non-Organic
2026-03-01T00:00:00,美国,iOS,Acne,141.70967741935485,87.7741935483871,non-Organic
2026-05-01T00:00:00,巴西,iOS,Relight,179.70967741935485,89.38709677419355,non-Organic
2026-01-01T00:00:00,墨西哥,Android,Dark Circles,17.419354838709676,8.419354838709678,non-Organic
2026-04-01T00:00:00,英国,iOS,Mykit,13.9,0.0,non-Organic
2026-05-01T00:00:00,墨西哥,iOS,Contour,0.35294117647058826,0.11764705882352941,non-Organic
2026-03-01T00:00:00,巴西,iOS,Concealer,18.516129032258064,8.064516129032258,non-Organic
2026-08-01T00:00:00,英国,Android,AI Replace,0.0,0.0,non-Organic
2026-06-01T00:00:00,墨西哥,iOS,Makeup,1.4814814814814814,0.7407407407407407,non-Organic
2026-01-01T00:00:00,英国,iOS,Preset,17.29032258064516,2.064516129032258,non-Organic
2026-06-01T00:00:00,巴西,iOS,Effects,118.51851851851852,2.7037037037037037,non-Organic
2026-06-01T00:00:00,英国,iOS,Concealer,33.333333333333336,13.444444444444445,non-Organic
2026-08-01T00:00:00,英国,Android,Mykit,0.5,0.0,non-Organic
2026-05-01T00:00:00,英国,Android,Flawless,0.0,0.0,non-Organic
2026-07-01T00:00:00,巴西,iOS,Teeth,27.838709677419356,11.258064516129032,non-Organic
2026-01-01T00:00:00,美国,Android,Teeth,15.096774193548388,0.0,non-Organic
2026-05-01T00:00:00,巴西,Android,Glowup,447.38709677419354,60.38709677419355,non-Organic
2026-03-01T00:00:00,英国,Android,Filters,11.870967741935484,3.064516129032258,non-Organic
2026-05-01T00:00:00,墨西哥,iOS,Reshape,1.2903225806451613,0.7096774193548387,non-Organic
2026-03-01T00:00:00,美国,iOS,AI Expand,46.54838709677419,16.29032258064516,non-Organic
2026-07-01T00:00:00,墨西哥,Android,Contour,7.225806451612903,3.032258064516129,non-Organic
2026-05-01T00:00:00,美国,Android,Whiten,0.0,0.0,non-Organic
2026-03-01T00:00:00,墨西哥,Android,Text,31.70967741935484,3.967741935483871,non-Organic
2026-05-01T00:00:00,巴西,iOS,Face Fix,42.58064516129032,10.03225806451613,non-Organic
2026-03-01T00:00:00,美国,Android,AI Retouch,96.41935483870968,41.774193548387096,non-Organic
2026-06-01T00:00:00,英国,Android,AI Image,1.5185185185185186,0.07407407407407407,non-Organic
2026-04-01T00:00:00,美国,iOS,Resize,88.43333333333334,39.56666666666667,non-Organic
2026-03-01T00:00:00,墨西哥,iOS,Matte,0.12903225806451613,0.03225806451612903,non-Organic
2026-03-01T00:00:00,墨西哥,Android,Glitter,49.806451612903224,10.161290322580646,non-Organic
2026-06-01T00:00:00,美国,iOS,Eraser,208.2962962962963,95.62962962962963,non-Organic
2026-04-01T00:00:00,墨西哥,Android,Eye Brighten,19.166666666666668,5.7,non-Organic
2026-06-01T00:00:00,英国,Android,Prism,0.09523809523809523,0.0,non-Organic
2026-01-01T00:00:00,美国,iOS,Adjust,91.87096774193549,29.129032258064516,non-Organic
2026-05-01T00:00:00,英国,Android,Stamp,0.13333333333333333,0.03333333333333333,non-Organic
2026-02-01T00:00:00,墨西哥,Android,AI Repair,21.535714285714285,11.214285714285714,non-Organic
2026-05-01T00:00:00,英国,iOS,Flawless,0.0,0.0,non-Organic
2026-01-01T00:00:00,墨西哥,iOS,Acne,0.5217391304347826,0.30434782608695654,non-Organic
2026-03-01T00:00:00,美国,iOS,Glitter,41.354838709677416,8.193548387096774,non-Organic
2026-01-01T00:00:00,美国,iOS,Relight,104.54838709677419,38.96774193548387,non-Organic
2026-03-01T00:00:00,美国,iOS,Text,23.580645161290324,2.032258064516129,non-Organic
2026-01-01T00:00:00,墨西哥,Android,Brighten,23.387096774193548,10.193548387096774,non-Organic
2026-01-01T00:00:00,英国,Android,Effects,0.967741935483871,0.0967741935483871,non-Organic
2026-03-01T00:00:00,墨西哥,Android,Glowup,73.96774193548387,13.161290322580646,non-Organic
2026-07-01T00:00:00,美国,Android,AI Retouch,65.61290322580645,24.06451612903226,non-Organic
2026-08-01T00:00:00,巴西,iOS,Smooth,89.83333333333333,42.833333333333336,non-Organic
2026-07-01T00:00:00,巴西,iOS,Body,61.483870967741936,31.806451612903224,non-Organic
2026-01-01T00:00:00,美国,Android,Bokeh,4.774193548387097,0.9354838709677419,non-Organic
2026-03-01T00:00:00,美国,iOS,Filters,419.38709677419354,71.74193548387096,non-Organic
2026-02-01T00:00:00,墨西哥,iOS,AI Image,3.6785714285714284,0.4642857142857143,non-Organic
2026-03-01T00:00:00,英国,iOS,AI Replace,8.516129032258064,4.354838709677419,non-Organic
2026-07-01T00:00:00,巴西,iOS,Brighten,13.258064516129032,6.096774193548387,non-Organic
2026-01-01T00:00:00,墨西哥,Android,Skin Tone,37.903225806451616,20.548387096774192,non-Organic
2026-04-01T00:00:00,美国,iOS,AI Image,138.13333333333333,14.466666666666667,non-Organic
2026-02-01T00:00:00,巴西,Android,Smooth,717.8214285714286,384.5357142857143,non-Organic
2026-02-01T00:00:00,英国,iOS,Skin Tone,32.285714285714285,22.142857142857142,non-Organic
2026-02-01T00:00:00,美国,Android,Eye Brighten,12.357142857142858,8.035714285714286,non-Organic
2026-03-01T00:00:00,英国,Android,Adjust,2.806451612903226,1.0,non-Organic
2026-04-01T00:00:00,英国,Android,Makeup,7.266666666666667,3.3333333333333335,non-Organic
2026-03-01T00:00:00,墨西哥,iOS,Skin Tone,1.1,0.5666666666666667,non-Organic
2026-08-01T00:00:00,英国,Android,AI Tattoo,0.5,0.0,non-Organic
2026-05-01T00:00:00,巴西,iOS,Makeup,107.45161290322581,37.516129032258064,non-Organic
2026-01-01T00:00:00,墨西哥,Android,Matte,10.96774193548387,4.483870967741935,non-Organic
2026-01-01T00:00:00,美国,Android,Prism,3.2903225806451615,1.096774193548387,non-Organic
2026-07-01T00:00:00,美国,Android,Prism,3.032258064516129,0.7096774193548387,non-Organic
2026-05-01T00:00:00,巴西,Android,Dark Circles,150.3548387096774,80.03225806451613,non-Organic
2026-05-01T00:00:00,美国,iOS,Relight,451.83870967741933,191.83870967741936,non-Organic
2026-03-01T00:00:00,美国,iOS,Smooth,235.4516129032258,160.93548387096774,non-Organic
2026-05-01T00:00:00,墨西哥,iOS,Filters,4.129032258064516,0.967741935483871,non-Organic
2026-02-01T00:00:00,巴西,iOS,Face,9.214285714285714,3.857142857142857,non-Organic
2026-06-01T00:00:00,英国,Android,Brighten,0.30434782608695654,0.043478260869565216,non-Organic
2026-08-01T00:00:00,巴西,iOS,AI Tattoo,80.0,22.5,non-Organic
2026-08-01T00:00:00,巴西,Android,Makeup,366.1666666666667,172.16666666666666,non-Organic
2026-04-01T00:00:00,英国,iOS,Hair,62.63333333333333,17.6,non-Organic
2026-06-01T00:00:00,英国,iOS,Bokeh,7.074074074074074,1.4444444444444444,non-Organic
2026-07-01T00:00:00,巴西,iOS,Glowup,44.61290322580645,8.548387096774194,non-Organic
2026-02-01T00:00:00,英国,iOS,Eye Brighten,10.071428571428571,6.714285714285714,non-Organic
2026-02-01T00:00:00,巴西,Android,Plump,357.14285714285717,154.28571428571428,non-Organic
2026-05-01T00:00:00,巴西,Android,Hair,4146.322580645161,826.5483870967741,non-Organic
2026-03-01T00:00:00,美国,Android,Acne,24.258064516129032,16.70967741935484,non-Organic
2026-03-01T00:00:00,英国,iOS,AI Repair,15.451612903225806,5.645161290322581,non-Organic
2026-05-01T00:00:00,美国,Android,Effects,31.580645161290324,1.8387096774193548,non-Organic
2026-01-01T00:00:00,巴西,iOS,Text,0.7741935483870968,0.06451612903225806,non-Organic
2026-01-01T00:00:00,英国,iOS,Filters,66.80645161290323,11.483870967741936,non-Organic
2026-06-01T00:00:00,墨西哥,Android,Stamp,10.814814814814815,1.3703703703703705,non-Organic
2026-04-01T00:00:00,英国,Android,Mykit,2.586206896551724,0.0,non-Organic
2026-02-01T00:00:00,巴西,Android,Contour,158.53571428571428,72.75,non-Organic
2026-07-01T00:00:00,美国,iOS,Preset,80.3225806451613,3.903225806451613,non-Organic
2026-01-01T00:00:00,美国,iOS,Teeth,97.35483870967742,0.0,non-Organic
2026-07-01T00:00:00,美国,Android,Preset,12.290322580645162,1.4838709677419355,non-Organic
2026-08-01T00:00:00,美国,Android,Body,44.666666666666664,24.833333333333332,non-Organic
2026-04-01T00:00:00,墨西哥,iOS,Eraser,5.433333333333334,2.033333333333333,non-Organic
2026-05-01T00:00:00,英国,Android,Crop,0.45161290322580644,0.3548387096774194,non-Organic
2026-07-01T00:00:00,美国,Android,Background,16.580645161290324,2.870967741935484,non-Organic
2026-02-01T00:00:00,美国,Android,Crop,21.607142857142858,17.214285714285715,non-Organic
2026-01-01T00:00:00,墨西哥,iOS,Hair,2.967741935483871,0.8387096774193549,non-Organic
2026-06-01T00:00:00,美国,Android,Flawless,0.0,0.0,non-Organic
2026-05-01T00:00:00,英国,iOS,Face,125.35483870967742,59.45161290322581,non-Organic
2026-04-01T00:00:00,墨西哥,Android,Resize,26.066666666666666,7.433333333333334,non-Organic
2026-07-01T00:00:00,墨西哥,iOS,Filters,142.6451612903226,33.58064516129032,non-Organic
2026-03-01T00:00:00,英国,iOS,Preset,23.741935483870968,2.225806451612903,non-Organic
2026-06-01T00:00:00,英国,iOS,Prism,3.740740740740741,0.8148148148148148,non-Organic
2026-06-01T00:00:00,墨西哥,Android,Eraser,39.2962962962963,11.962962962962964,non-Organic
2026-03-01T00:00:00,美国,iOS,Teeth,113.41935483870968,0.0,non-Organic
2026-05-01T00:00:00,美国,Android,Preset,23.93548387096774,3.161290322580645,non-Organic
2026-07-01T00:00:00,墨西哥,Android,Effects,55.70967741935484,2.129032258064516,non-Organic
2026-01-01T00:00:00,墨西哥,Android,Whiten,0.0,0.0,non-Organic
2026-05-01T00:00:00,巴西,Android,Mykit,152.90322580645162,0.0,non-Organic
2026-05-01T00:00:00,巴西,iOS,AI Expand,12.0,4.354838709677419,non-Organic
2026-07-01T00:00:00,英国,iOS,Reshape,67.19354838709677,34.61290322580645,non-Organic
2026-06-01T00:00:00,巴西,iOS,Crop,44.2962962962963,31.37037037037037,non-Organic
2026-05-01T00:00:00,巴西,iOS,Text,11.806451612903226,0.7741935483870968,non-Organic
2026-05-01T00:00:00,英国,Android,Filters,2.6774193548387095,0.6129032258064516,non-Organic
2026-03-01T00:00:00,墨西哥,iOS,Glitter,0.5161290322580645,0.06451612903225806,non-Organic
2026-07-01T00:00:00,墨西哥,iOS,Expression,8.32258064516129,2.096774193548387,non-Organic
2026-08-01T00:00:00,墨西哥,Android,Eye Brighten,3.0,1.6666666666666667,non-Organic
2026-02-01T00:00:00,巴西,iOS,Background,2.107142857142857,0.10714285714285714,non-Organic
2026-05-01T00:00:00,墨西哥,Android,Brighten,7.225806451612903,2.6129032258064515,non-Organic
2026-05-01T00:00:00,墨西哥,Android,Background,15.193548387096774,1.3548387096774193,non-Organic
2026-03-01T00:00:00,英国,iOS,AI Tattoo,9.258064516129032,1.5483870967741935,non-Organic
2026-04-01T00:00:00,巴西,iOS,Face,138.66666666666666,52.1,non-Organic
2026-05-01T00:00:00,美国,Android,Expression,15.064516129032258,5.258064516129032,non-Organic
2026-08-01T00:00:00,美国,iOS,Eye Brighten,21.333333333333332,10.666666666666666,non-Organic
2026-06-01T00:00:00,墨西哥,iOS,Eye Brighten,0.3157894736842105,0.21052631578947367,non-Organic
2026-07-01T00:00:00,英国,iOS,AI Repair,35.03225806451613,10.580645161290322,non-Organic
2026-03-01T00:00:00,英国,Android,Matte,0.9354838709677419,0.4838709677419355,non-Organic
2026-03-01T00:00:00,巴西,iOS,Prism,8.129032258064516,2.3225806451612905,non-Organic
2026-01-01T00:00:00,英国,Android,Background,0.8064516129032258,0.1935483870967742,non-Organic
2026-01-01T00:00:00,美国,iOS,AI Expand,54.12903225806452,23.225806451612904,non-Organic
2026-01-01T00:00:00,巴西,Android,Resize,268.35483870967744,113.12903225806451,non-Organic
2026-07-01T00:00:00,美国,iOS,Effects,121.12903225806451,3.032258064516129,non-Organic
2026-03-01T00:00:00,英国,Android,AI Tattoo,0.9032258064516129,0.0967741935483871,non-Organic
2026-02-01T00:00:00,巴西,iOS,Plump,1.6428571428571428,0.4642857142857143,non-Organic
2026-01-01T00:00:00,巴西,Android,AI Replace,210.70967741935485,101.3225806451613,non-Organic
2026-02-01T00:00:00,巴西,Android,AI Retouch,3090.5714285714284,1489.8214285714287,non-Organic
2026-01-01T00:00:00,英国,iOS,Crop,9.806451612903226,6.806451612903226,non-Organic
2026-07-01T00:00:00,巴西,iOS,AI Expand,8.096774193548388,2.806451612903226,non-Organic
2026-05-01T00:00:00,英国,Android,Background,0.5483870967741935,0.16129032258064516,non-Organic
2026-01-01T00:00:00,墨西哥,iOS,Glitter,0.4666666666666667,0.1,non-Organic
2026-01-01T00:00:00,美国,iOS,Glitter,38.32258064516129,6.935483870967742,non-Organic
2026-04-01T00:00:00,墨西哥,iOS,Concealer,2.533333333333333,0.4666666666666667,non-Organic
2026-06-01T00:00:00,巴西,Android,Reshape,486.0,241.22222222222223,non-Organic
2026-03-01T00:00:00,英国,iOS,Contour,12.064516129032258,6.870967741935484,non-Organic
2026-03-01T00:00:00,墨西哥,Android,Hair,455.35483870967744,123.16129032258064,non-Organic
2026-07-01T00:00:00,巴西,iOS,Glitter,17.322580645161292,3.096774193548387,non-Organic
2026-06-01T00:00:00,英国,iOS,Skin Tone,56.592592592592595,37.81481481481482,non-Organic
2026-04-01T00:00:00,英国,iOS,Glitter,8.066666666666666,1.5,non-Organic
2026-04-01T00:00:00,巴西,iOS,Flawless,0.0,0.0,non-Organic
2026-08-01T00:00:00,英国,Android,Blur,0.3333333333333333,0.16666666666666666,non-Organic
2026-03-01T00:00:00,墨西哥,iOS,AI Retouch,3.7419354838709675,1.2258064516129032,non-Organic
2026-02-01T00:00:00,巴西,Android,AI Tattoo,611.3214285714286,259.67857142857144,non-Organic
2026-02-01T00:00:00,美国,iOS,Magic,382.82142857142856,167.92857142857142,non-Organic
2026-06-01T00:00:00,英国,iOS,Blur,22.666666666666668,12.25925925925926,non-Organic
2026-07-01T00:00:00,英国,Android,AI Repair,0.9354838709677419,0.3225806451612903,non-Organic
2026-08-01T00:00:00,巴西,Android,Muscle,129.83333333333334,41.833333333333336,non-Organic
2026-08-01T00:00:00,巴西,Android,Relight,852.6666666666666,367.3333333333333,non-Organic
2026-08-01T00:00:00,英国,Android,Filters,2.3333333333333335,0.3333333333333333,non-Organic
2026-08-01T00:00:00,墨西哥,iOS,Hair,57.5,19.333333333333332,non-Organic
2026-04-01T00:00:00,墨西哥,Android,Whiten,0.0,0.0,non-Organic
2026-04-01T00:00:00,巴西,iOS,Dark Circles,8.2,4.733333333333333,non-Organic
2026-08-01T00:00:00,墨西哥,iOS,Acne,14.0,4.5,non-Organic
2026-01-01T00:00:00,美国,iOS,Magic,380.83870967741933,166.93548387096774,non-Organic
2026-01-01T00:00:00,英国,Android,Skin Tone,1.0,0.6956521739130435,non-Organic
2026-03-01T00:00:00,英国,iOS,Body,33.45161290322581,21.096774193548388,non-Organic
2026-06-01T00:00:00,墨西哥,iOS,Teeth,0.5769230769230769,0.11538461538461539,non-Organic
2026-06-01T00:00:00,美国,Android,Hair,46.592592592592595,14.925925925925926,non-Organic
2026-06-01T00:00:00,英国,Android,Details,0.35,0.1,non-Organic
2026-02-01T00:00:00,巴西,Android,Stamp,167.07142857142858,28.642857142857142,non-Organic
2026-02-01T00:00:00,巴西,Android,Eye Brighten,181.35714285714286,85.89285714285714,non-Organic
2026-02-01T00:00:00,英国,iOS,Plump,15.642857142857142,5.178571428571429,non-Organic
2026-05-01T00:00:00,英国,Android,Prism,0.20689655172413793,0.06896551724137931,non-Organic
2026-05-01T00:00:00,美国,Android,Eraser,32.70967741935484,17.64516129032258,non-Organic
2026-03-01T00:00:00,英国,Android,Skin Tone,4.032258064516129,2.3548387096774195,non-Organic
2026-03-01T00:00:00,巴西,Android,Magic,2202.483870967742,1003.8064516129032,non-Organic
2026-07-01T00:00:00,英国,Android,AI Expand,0.06666666666666667,0.0,non-Organic
2026-07-01T00:00:00,英国,Android,Glowup,1.935483870967742,0.3225806451612903,non-Organic
2026-07-01T00:00:00,墨西哥,iOS,Clean Skin,12.136363636363637,6.545454545454546,non-Organic
2026-07-01T00:00:00,墨西哥,iOS,Glowup,14.193548387096774,2.7419354838709675,non-Organic
2026-07-01T00:00:00,美国,Android,AI Replace,6.903225806451613,3.225806451612903,non-Organic
2026-07-01T00:00:00,墨西哥,iOS,Mykit,5.806451612903226,0.0,non-Organic
2026-01-01T00:00:00,巴西,Android,Background,993.4193548387096,243.4516129032258,non-Organic
2026-06-01T00:00:00,巴西,Android,Flawless,0.0,0.0,non-Organic
2026-06-01T00:00:00,巴西,iOS,Text,13.407407407407407,0.8148148148148148,non-Organic
2026-04-01T00:00:00,巴西,Android,Whiten,0.0,0.0,non-Organic
2026-02-01T00:00:00,英国,Android,Filters,2.9642857142857144,0.6071428571428571,non-Organic
2026-04-01T00:00:00,墨西哥,Android,Preset,84.1,6.166666666666667,non-Organic
2026-02-01T00:00:00,英国,Android,Adjust,1.2142857142857142,0.25,non-Organic
2026-01-01T00:00:00,巴西,iOS,Prism,0.3548387096774194,0.12903225806451613,non-Organic
2026-06-01T00:00:00,巴西,iOS,Face Fix,44.81481481481482,11.0,non-Organic
2026-07-01T00:00:00,英国,iOS,Acne,37.03225806451613,22.258064516129032,non-Organic
2026-06-01T00:00:00,巴西,iOS,Muscle,43.888888888888886,11.814814814814815,non-Organic
2026-01-01T00:00:00,巴西,iOS,Effects,3.032258064516129,0.03225806451612903,non-Organic
2026-01-01T00:00:00,巴西,Android,Eraser,1582.7096774193549,695.516129032258,non-Organic
2026-06-01T00:00:00,英国,iOS,Filters,212.2962962962963,48.074074074074076,non-Organic
2026-02-01T00:00:00,巴西,Android,Concealer,653.8571428571429,275.64285714285717,non-Organic
2026-06-01T00:00:00,美国,Android,Brighten,15.407407407407407,8.037037037037036,non-Organic
2026-01-01T00:00:00,美国,iOS,Glowup,173.83870967741936,45.903225806451616,non-Organic
2026-05-01T00:00:00,英国,Android,Face Fix,0.9666666666666667,0.3333333333333333,non-Organic
2026-01-01T00:00:00,美国,Android,Blur,11.193548387096774,5.774193548387097,non-Organic
2026-07-01T00:00:00,英国,iOS,Relight,224.38709677419354,115.74193548387096,non-Organic
2026-04-01T00:00:00,巴西,iOS,Text,11.033333333333333,0.43333333333333335,non-Organic
2026-07-01T00:00:00,英国,iOS,Dark Circles,16.612903225806452,10.741935483870968,non-Organic
2026-01-01T00:00:00,美国,iOS,Contour,34.38709677419355,17.225806451612904,non-Organic
2026-05-01T00:00:00,巴西,iOS,Concealer,27.06451612903226,12.193548387096774,non-Organic
2026-06-01T00:00:00,英国,iOS,Effects,64.92592592592592,1.1851851851851851,non-Organic
2026-08-01T00:00:00,英国,Android,Details,0.2,0.2,non-Organic
2026-02-01T00:00:00,巴西,iOS,Hair,6.035714285714286,1.5357142857142858,non-Organic
2026-07-01T00:00:00,美国,iOS,Resize,52.45161290322581,21.612903225806452,non-Organic
2026-06-01T00:00:00,美国,iOS,Acne,170.74074074074073,92.4074074074074,non-Organic
2026-04-01T00:00:00,墨西哥,iOS,Preset,4.1,0.13333333333333333,non-Organic
2026-05-01T00:00:00,英国,Android,Magic,2.5483870967741935,1.1935483870967742,non-Organic
2026-01-01T00:00:00,英国,iOS,AI Replace,6.032258064516129,2.806451612903226,non-Organic
2026-03-01T00:00:00,美国,iOS,AI Tattoo,48.193548387096776,8.903225806451612,non-Organic
2026-04-01T00:00:00,巴西,iOS,Teeth,25.266666666666666,0.0,non-Organic
2026-02-01T00:00:00,美国,Android,Prism,5.142857142857143,1.25,non-Organic
2026-01-01T00:00:00,英国,iOS,Face,102.3225806451613,50.16129032258065,non-Organic
2026-02-01T00:00:00,美国,Android,Text,8.035714285714286,1.7857142857142858,non-Organic
2026-06-01T00:00:00,美国,iOS,Expression,87.07407407407408,19.51851851851852,non-Organic
2026-06-01T00:00:00,巴西,iOS,Blur,28.74074074074074,15.074074074074074,non-Organic
2026-06-01T00:00:00,英国,Android,Stamp,0.19047619047619047,0.047619047619047616,non-Organic
2026-04-01T00:00:00,美国,iOS,Face Fix,122.13333333333334,23.333333333333332,non-Organic
2026-07-01T00:00:00,巴西,iOS,Stamp,7.709677419354839,1.5161290322580645,non-Organic
2026-05-01T00:00:00,美国,Android,Glitter,9.290322580645162,2.161290322580645,non-Organic
2026-02-01T00:00:00,美国,iOS,Bokeh,16.035714285714285,2.5357142857142856,non-Organic
2026-02-01T00:00:00,英国,iOS,Expression,12.285714285714286,3.0,non-Organic
2026-04-01T00:00:00,美国,Android,Contour,11.9,4.6,non-Organic
2026-01-01T00:00:00,巴西,iOS,Crop,1.7419354838709677,1.2903225806451613,non-Organic
2026-05-01T00:00:00,墨西哥,Android,Resize,6.096774193548387,1.096774193548387,non-Organic
2026-08-01T00:00:00,英国,Android,Crop,0.16666666666666666,0.0,non-Organic
2026-04-01T00:00:00,英国,Android,Body,4.033333333333333,2.433333333333333,non-Organic
2026-04-01T00:00:00,巴西,iOS,Hair,223.06666666666666,59.766666666666666,non-Organic
2026-08-01T00:00:00,巴西,iOS,Details,8.333333333333334,2.8333333333333335,non-Organic
2026-08-01T00:00:00,巴西,Android,Bokeh,66.16666666666667,14.666666666666666,non-Organic
2026-02-01T00:00:00,巴西,iOS,Body,4.071428571428571,2.857142857142857,non-Organic
2026-05-01T00:00:00,英国,Android,AI Tattoo,0.5172413793103449,0.10344827586206896,non-Organic
2026-08-01T00:00:00,英国,Android,Reshape,1.1666666666666667,0.6666666666666666,non-Organic
2026-05-01T00:00:00,墨西哥,Android,Glitter,15.32258064516129,1.2258064516129032,non-Organic
2026-03-01T00:00:00,美国,iOS,Face Fix,122.80645161290323,21.903225806451612,non-Organic
2026-05-01T00:00:00,美国,Android,Contour,10.419354838709678,4.483870967741935,non-Organic
2026-02-01T00:00:00,美国,iOS,Face Fix,112.5,20.214285714285715,non-Organic
2026-06-01T00:00:00,巴西,iOS,AI Replace,8.074074074074074,3.3333333333333335,non-Organic
2026-06-01T00:00:00,巴西,Android,AI Image,799.2592592592592,154.8148148148148,non-Organic
2026-04-01T00:00:00,巴西,Android,Relight,1213.1,521.5333333333333,non-Organic
2026-02-01T00:00:00,英国,Android,Expression,0.7142857142857143,0.14285714285714285,non-Organic
2026-02-01T00:00:00,英国,Android,Glitter,0.25,0.0,non-Organic
2026-02-01T00:00:00,美国,iOS,Eraser,173.57142857142858,101.0,non-Organic
2026-07-01T00:00:00,墨西哥,Android,Magic,192.6451612903226,59.38709677419355,non-Organic
2026-02-01T00:00:00,英国,iOS,Whiten,0.0,0.0,non-Organic
2026-04-01T00:00:00,英国,iOS,Details,12.633333333333333,4.566666666666666,non-Organic
2026-02-01T00:00:00,墨西哥,iOS,Relight,1.8928571428571428,0.7142857142857143,non-Organic
2026-07-01T00:00:00,巴西,Android,Relight,493.48387096774195,205.70967741935485,non-Organic
2026-06-01T00:00:00,美国,iOS,Hair,865.1111111111111,194.66666666666666,non-Organic
2026-07-01T00:00:00,巴西,Android,Glitter,71.96774193548387,11.806451612903226,non-Organic
2026-07-01T00:00:00,墨西哥,iOS,Reshape,17.93548387096774,7.67741935483871,non-Organic
2026-02-01T00:00:00,墨西哥,Android,Text,7.035714285714286,0.8214285714285714,non-Organic
2026-04-01T00:00:00,美国,Android,Plump,15.7,5.066666666666666,non-Organic
2026-08-01T00:00:00,英国,Android,Hair,3.3333333333333335,1.1666666666666667,non-Organic
2026-05-01T00:00:00,墨西哥,iOS,Whiten,0.0,0.0,non-Organic
2026-08-01T00:00:00,巴西,Android,AI Replace,39.0,15.0,non-Organic
2026-01-01T00:00:00,巴西,iOS,Reshape,5.903225806451613,3.7096774193548385,non-Organic
2026-07-01T00:00:00,英国,iOS,AI Expand,7.870967741935484,2.3225806451612905,non-Organic
2026-07-01T00:00:00,巴西,Android,Flawless,0.0,0.0,non-Organic
2026-07-01T00:00:00,美国,Android,Concealer,14.838709677419354,5.741935483870968,non-Organic
2026-06-01T00:00:00,英国,iOS,Plump,24.333333333333332,8.222222222222221,non-Organic
2026-05-01T00:00:00,墨西哥,iOS,Stamp,0.2,0.03333333333333333,non-Organic
2026-01-01T00:00:00,墨西哥,iOS,Contour,0.3,0.2,non-Organic
2026-07-01T00:00:00,美国,Android,Brighten,9.580645161290322,5.290322580645161,non-Organic
2026-05-01T00:00:00,英国,Android,Relight,0.8709677419354839,0.3225806451612903,non-Organic
2026-03-01T00:00:00,墨西哥,iOS,Makeup,1.6129032258064515,0.6774193548387096,non-Organic
2026-02-01T00:00:00,英国,Android,Resize,0.35714285714285715,0.10714285714285714,non-Organic
2026-04-01T00:00:00,巴西,Android,AI Expand,223.26666666666668,93.06666666666666,non-Organic
2026-02-01T00:00:00,美国,iOS,Body,140.85714285714286,81.67857142857143,non-Organic
2026-04-01T00:00:00,墨西哥,Android,Bokeh,25.633333333333333,6.333333333333333,non-Organic
2026-07-01T00:00:00,墨西哥,Android,Concealer,20.741935483870968,6.451612903225806,non-Organic
2026-01-01T00:00:00,英国,iOS,Face Fix,24.032258064516128,4.129032258064516,non-Organic
2026-06-01T00:00:00,巴西,Android,AI Replace,66.51851851851852,28.88888888888889,non-Organic
2026-06-01T00:00:00,英国,Android,Filters,2.8518518518518516,0.37037037037037035,non-Organic
2026-05-01T00:00:00,墨西哥,iOS,Concealer,0.6538461538461539,0.15384615384615385,non-Organic
2026-04-01T00:00:00,巴西,iOS,Background,38.333333333333336,4.266666666666667,non-Organic
2026-08-01T00:00:00,墨西哥,iOS,AI Retouch,82.83333333333333,26.166666666666668,non-Organic
2026-03-01T00:00:00,美国,Android,Prism,4.838709677419355,1.6129032258064515,non-Organic
2026-01-01T00:00:00,墨西哥,iOS,Filters,3.6774193548387095,0.41935483870967744,non-Organic
2026-01-01T00:00:00,墨西哥,iOS,Details,0.5909090909090909,0.22727272727272727,non-Organic
2026-02-01T00:00:00,墨西哥,iOS,Brighten,0.4090909090909091,0.18181818181818182,non-Organic
2026-02-01T00:00:00,美国,Android,Muscle,9.142857142857142,3.142857142857143,non-Organic
2026-05-01T00:00:00,美国,iOS,Adjust,132.16129032258064,45.38709677419355,non-Organic
2026-05-01T00:00:00,英国,iOS,Glowup,37.83870967741935,12.0,non-Organic
2026-05-01T00:00:00,美国,Android,Body,34.61290322580645,20.161290322580644,non-Organic
2026-04-01T00:00:00,英国,iOS,Crop,12.733333333333333,8.966666666666667,non-Organic
2026-03-01T00:00:00,巴西,Android,Background,581.6451612903226,100.3225806451613,non-Organic
2026-03-01T00:00:00,英国,iOS,AI Image,37.67741935483871,3.4838709677419355,non-Organic
2026-07-01T00:00:00,英国,Android,Mykit,0.5333333333333333,0.0,non-Organic
2026-07-01T00:00:00,美国,iOS,Bokeh,12.064516129032258,2.161290322580645,non-Organic
2026-07-01T00:00:00,美国,Android,Clean Skin,15.083333333333334,9.75,non-Organic
2026-07-01T00:00:00,英国,Android,Expression,0.8387096774193549,0.16129032258064516,non-Organic
2026-02-01T00:00:00,英国,Android,Matte,0.04,0.0,non-Organic
2026-02-01T00:00:00,墨西哥,iOS,Text,0.6071428571428571,0.03571428571428571,non-Organic
2026-05-01T00:00:00,美国,Android,Teeth,20.612903225806452,0.0,non-Organic
2026-05-01T00:00:00,墨西哥,Android,Relight,25.838709677419356,6.483870967741935,non-Organic
2026-01-01T00:00:00,英国,iOS,Concealer,21.774193548387096,10.741935483870968,non-Organic
2026-02-01T00:00:00,墨西哥,iOS,Mykit,0.7142857142857143,0.0,non-Organic
2026-01-01T00:00:00,墨西哥,Android,Stamp,19.419354838709676,3.4193548387096775,non-Organic
2026-01-01T00:00:00,英国,iOS,Blur,13.774193548387096,7.67741935483871,non-Organic
2026-02-01T00:00:00,美国,Android,Expression,15.214285714285714,5.071428571428571,non-Organic
2026-05-01T00:00:00,巴西,iOS,AI Replace,8.838709677419354,3.6129032258064515,non-Organic
2026-05-01T00:00:00,墨西哥,Android,Filters,132.5483870967742,11.451612903225806,non-Organic
2026-04-01T00:00:00,英国,Android,Flawless,0.0,0.0,non-Organic
2026-06-01T00:00:00,美国,Android,Eraser,28.185185185185187,14.703703703703704,non-Organic
2026-08-01T00:00:00,英国,Android,Contour,0.6,0.4,non-Organic
2026-03-01T00:00:00,英国,Android,Blur,2.2580645161290325,1.4193548387096775,non-Organic
2026-08-01T00:00:00,巴西,iOS,Matte,9.333333333333334,2.3333333333333335,non-Organic
2026-08-01T00:00:00,美国,iOS,Matte,18.5,9.333333333333334,non-Organic
2026-08-01T00:00:00,英国,Android,AI Repair,0.5,0.16666666666666666,non-Organic
2026-04-01T00:00:00,巴西,Android,Muscle,546.6333333333333,173.9,non-Organic
2026-02-01T00:00:00,美国,iOS,Plump,68.75,20.428571428571427,non-Organic
2026-06-01T00:00:00,巴西,Android,Eye Brighten,88.85185185185185,44.25925925925926,non-Organic
2026-04-01T00:00:00,巴西,iOS,Body,50.6,24.9,non-Organic
2026-02-01T00:00:00,巴西,iOS,Resize,2.392857142857143,1.1785714285714286,non-Organic
2026-08-01T00:00:00,美国,iOS,Glitter,35.666666666666664,7.833333333333333,non-Organic
2026-01-01T00:00:00,巴西,iOS,Filters,9.225806451612904,1.3225806451612903,non-Organic
2026-03-01T00:00:00,巴西,Android,Reshape,711.6451612903226,330.2903225806452,non-Organic
2026-06-01T00:00:00,墨西哥,iOS,Bokeh,0.1111111111111111,0.037037037037037035,non-Organic
2026-04-01T00:00:00,英国,iOS,Prism,2.6333333333333333,0.4666666666666667,non-Organic
2026-03-01T00:00:00,巴西,iOS,Brighten,13.64516129032258,6.451612903225806,non-Organic
2026-06-01T00:00:00,巴西,Android,Hair,3245.4444444444443,705.5185185185185,non-Organic
2026-01-01T00:00:00,美国,iOS,Stamp,12.935483870967742,2.4838709677419355,non-Organic
2026-05-01T00:00:00,巴西,iOS,Face,220.70967741935485,76.19354838709677,non-Organic
2026-03-01T00:00:00,美国,Android,AI Image,43.935483870967744,5.290322580645161,non-Organic
2026-03-01T00:00:00,美国,Android,Stamp,5.290322580645161,0.9032258064516129,non-Organic
2026-03-01T00:00:00,美国,Android,Makeup,54.12903225806452,26.612903225806452,non-Organic
2026-01-01T00:00:00,英国,iOS,Magic,88.06451612903226,45.96774193548387,non-Organic
2026-05-01T00:00:00,巴西,iOS,Dark Circles,16.838709677419356,10.193548387096774,non-Organic
2026-02-01T00:00:00,美国,Android,Adjust,25.571428571428573,10.464285714285714,non-Organic
2026-06-01T00:00:00,墨西哥,Android,Matte,5.37037037037037,1.7037037037037037,non-Organic
2026-08-01T00:00:00,墨西哥,iOS,Expression,11.5,3.5,non-Organic
2026-08-01T00:00:00,巴西,iOS,Face Fix,67.16666666666667,11.833333333333334,non-Organic
2026-01-01T00:00:00,墨西哥,Android,Makeup,121.58064516129032,60.32258064516129,non-Organic
2026-08-01T00:00:00,巴西,Android,Face,703.1666666666666,244.0,non-Organic
2026-03-01T00:00:00,巴西,iOS,AI Repair,26.70967741935484,9.129032258064516,non-Organic
2026-03-01T00:00:00,英国,Android,Resize,2.4516129032258065,1.1935483870967742,non-Organic
2026-03-01T00:00:00,墨西哥,Android,Details,20.096774193548388,6.870967741935484,non-Organic
2026-07-01T00:00:00,英国,iOS,AI Replace,7.709677419354839,2.870967741935484,non-Organic
2026-03-01T00:00:00,英国,Android,Effects,3.903225806451613,0.1935483870967742,non-Organic
2026-04-01T00:00:00,墨西哥,Android,AI Tattoo,66.93333333333334,14.633333333333333,non-Organic
2026-03-01T00:00:00,巴西,iOS,Crop,22.806451612903224,14.838709677419354,non-Organic
2026-01-01T00:00:00,巴西,Android,Plump,1093.0645161290322,516.4516129032259,non-Organic
2026-05-01T00:00:00,英国,iOS,Reshape,54.806451612903224,32.45161290322581,non-Organic
2026-07-01T00:00:00,墨西哥,iOS,Resize,3.3225806451612905,0.8709677419354839,non-Organic
2026-03-01T00:00:00,巴西,Android,AI Repair,371.96774193548384,154.90322580645162,non-Organic
2026-05-01T00:00:00,英国,iOS,Mykit,13.225806451612904,0.0,non-Organic
2026-07-01T00:00:00,英国,Android,Bokeh,0.0967741935483871,0.0,non-Organic
2026-06-01T00:00:00,美国,Android,AI Expand,5.074074074074074,1.3703703703703705,non-Organic
2026-01-01T00:00:00,墨西哥,iOS,Relight,1.2903225806451613,0.5806451612903226,non-Organic
2026-07-01T00:00:00,墨西哥,iOS,Preset,12.064516129032258,0.3548387096774194,non-Organic
2026-07-01T00:00:00,美国,iOS,Concealer,59.645161290322584,24.06451612903226,non-Organic
2026-08-01T00:00:00,墨西哥,iOS,Eraser,53.0,22.833333333333332,non-Organic
2026-04-01T00:00:00,英国,iOS,AI Repair,20.033333333333335,6.233333333333333,non-Organic
2026-01-01T00:00:00,英国,Android,Resize,0.3225806451612903,0.0967741935483871,non-Organic
2026-04-01T00:00:00,巴西,Android,Acne,290.7,154.06666666666666,non-Organic
2026-02-01T00:00:00,美国,iOS,Background,82.28571428571429,10.5,non-Organic
2026-02-01T00:00:00,美国,iOS,Mykit,43.785714285714285,0.0,non-Organic
2026-05-01T00:00:00,墨西哥,Android,Eye Brighten,4.838709677419355,1.2903225806451613,non-Organic
2026-04-01T00:00:00,英国,iOS,Magic,119.2,58.266666666666666,non-Organic
2026-08-01T00:00:00,墨西哥,Android,Adjust,44.333333333333336,16.833333333333332,non-Organic
2026-01-01T00:00:00,英国,Android,Makeup,1.967741935483871,0.8387096774193549,non-Organic
2026-07-01T00:00:00,巴西,Android,Filters,966.2258064516129,328.16129032258067,non-Organic
2026-05-01T00:00:00,墨西哥,Android,Concealer,10.225806451612904,2.3870967741935485,non-Organic
2026-06-01T00:00:00,英国,Android,Background,0.5185185185185185,0.07407407407407407,non-Organic
2026-08-01T00:00:00,美国,Android,AI Retouch,91.5,31.333333333333332,non-Organic
2026-08-01T00:00:00,美国,iOS,Flawless,0.0,0.0,non-Organic
2026-08-01T00:00:00,墨西哥,Android,Matte,4.5,1.5,non-Organic
2026-05-01T00:00:00,英国,iOS,Text,5.645161290322581,0.25806451612903225,non-Organic
2026-04-01T00:00:00,美国,Android,Brighten,20.666666666666668,11.0,non-Organic
2026-03-01T00:00:00,巴西,Android,Stamp,183.48387096774192,28.096774193548388,non-Organic
2026-04-01T00:00:00,墨西哥,iOS,Whiten,0.0,0.0,non-Organic
2026-05-01T00:00:00,巴西,Android,Makeup,673.258064516129,273.5483870967742,non-Organic
2026-01-01T00:00:00,美国,Android,Magic,75.96774193548387,36.83870967741935,non-Organic
2026-01-01T00:00:00,墨西哥,iOS,Teeth,0.6333333333333333,0.0,non-Organic
2026-04-01T00:00:00,美国,iOS,Acne,136.76666666666668,84.06666666666666,non-Organic
2026-04-01T00:00:00,美国,Android,Matte,9.3,4.766666666666667,non-Organic
2026-02-01T00:00:00,巴西,iOS,Concealer,1.3928571428571428,0.5714285714285714,non-Organic
2026-03-01T00:00:00,巴西,iOS,Eraser,40.645161290322584,14.096774193548388,non-Organic
2026-03-01T00:00:00,墨西哥,Android,Preset,71.96774193548387,7.419354838709677,non-Organic
2026-06-01T00:00:00,英国,iOS,Background,35.666666666666664,2.814814814814815,non-Organic
2026-04-01T00:00:00,巴西,Android,AI Repair,291.46666666666664,112.26666666666667,non-Organic
2026-04-01T00:00:00,美国,Android,Whiten,0.0,0.0,non-Organic
2026-02-01T00:00:00,巴西,iOS,Teeth,2.4285714285714284,0.0,non-Organic
2026-03-01T00:00:00,墨西哥,Android,Matte,19.870967741935484,6.419354838709677,non-Organic
2026-07-01T00:00:00,墨西哥,iOS,Bokeh,2.806451612903226,0.5483870967741935,non-Organic
2026-08-01T00:00:00,墨西哥,Android,Expression,14.0,2.8333333333333335,non-Organic
2026-04-01T00:00:00,巴西,iOS,AI Expand,21.133333333333333,7.533333333333333,non-Organic
2026-03-01T00:00:00,巴西,Android,Muscle,601.2258064516129,219.38709677419354,non-Organic
2026-08-01T00:00:00,巴西,iOS,AI Replace,14.833333333333334,4.666666666666667,non-Organic
2026-05-01T00:00:00,巴西,iOS,Magic,269.16129032258067,103.90322580645162,non-Organic
2026-06-01T00:00:00,墨西哥,Android,Dark Circles,10.0,4.296296296296297,non-Organic
2026-03-01T00:00:00,墨西哥,iOS,Acne,0.4,0.13333333333333333,non-Organic
2026-02-01T00:00:00,巴西,Android,Face Fix,424.0,115.71428571428571,non-Organic
2026-06-01T00:00:00,墨西哥,iOS,Smooth,1.9,1.2,non-Organic
2026-08-01T00:00:00,墨西哥,iOS,Matte,3.8333333333333335,1.5,non-Organic
2026-08-01T00:00:00,美国,iOS,Expression,47.333333333333336,10.666666666666666,non-Organic
2026-08-01T00:00:00,美国,Android,Glowup,30.333333333333332,9.166666666666666,non-Organic
2026-07-01T00:00:00,英国,iOS,Brighten,20.838709677419356,10.419354838709678,non-Organic
2026-07-01T00:00:00,美国,iOS,Matte,19.483870967741936,8.35483870967742,non-Organic
2026-05-01T00:00:00,美国,iOS,Eye Brighten,51.903225806451616,27.096774193548388,non-Organic
2026-06-01T00:00:00,墨西哥,Android,Plump,30.185185185185187,5.703703703703703,non-Organic
2026-06-01T00:00:00,巴西,Android,Filters,2081.037037037037,782.1481481481482,non-Organic
2026-05-01T00:00:00,墨西哥,iOS,Resize,0.5161290322580645,0.2903225806451613,non-Organic
2026-05-01T00:00:00,英国,iOS,Preset,24.93548387096774,1.3548387096774193,non-Organic
2026-05-01T00:00:00,墨西哥,Android,Flawless,0.0,0.0,non-Organic
2026-02-01T00:00:00,墨西哥,iOS,AI Replace,0.5,0.25,non-Organic
2026-04-01T00:00:00,美国,Android,Expression,15.4,5.1,non-Organic
2026-05-01T00:00:00,墨西哥,iOS,Adjust,1.064516129032258,0.2903225806451613,non-Organic
2026-04-01T00:00:00,墨西哥,Android,Plump,58.833333333333336,11.766666666666667,non-Organic
2026-06-01T00:00:00,英国,iOS,Crop,20.333333333333332,14.185185185185185,non-Organic
2026-01-01T00:00:00,巴西,Android,Effects,1028.5806451612902,147.29032258064515,non-Organic
2026-01-01T00:00:00,英国,Android,AI Image,3.193548387096774,0.41935483870967744,non-Organic
2026-07-01T00:00:00,墨西哥,Android,Resize,13.0,4.516129032258065,non-Organic
2026-04-01T00:00:00,英国,Android,Background,3.6333333333333333,0.4,non-Organic
2026-02-01T00:00:00,英国,Android,AI Retouch,3.0,1.0357142857142858,non-Organic
2026-02-01T00:00:00,墨西哥,Android,AI Expand,13.464285714285714,4.785714285714286,non-Organic
2026-02-01T00:00:00,巴西,iOS,Eye Brighten,0.4230769230769231,0.23076923076923078,non-Organic
2026-07-01T00:00:00,巴西,Android,Stamp,42.54838709677419,6.709677419354839,non-Organic
2026-06-01T00:00:00,巴西,Android,Glitter,166.55555555555554,31.666666666666668,non-Organic
2026-08-01T00:00:00,美国,Android,Adjust,31.0,12.833333333333334,non-Organic
2026-02-01T00:00:00,巴西,iOS,Contour,0.38461538461538464,0.2692307692307692,non-Organic
2026-04-01T00:00:00,巴西,Android,Teeth,342.6,0.0,non-Organic
2026-04-01T00:00:00,巴西,Android,Dark Circles,200.7,93.43333333333334,non-Organic
2026-01-01T00:00:00,英国,iOS,Resize,17.548387096774192,7.709677419354839,non-Organic
2026-01-01T00:00:00,美国,iOS,Makeup,235.61290322580646,87.74193548387096,non-Organic
2026-08-01T00:00:00,美国,iOS,AI Retouch,338.0,99.5,non-Organic
2026-07-01T00:00:00,巴西,iOS,Adjust,65.38709677419355,28.70967741935484,non-Organic
2026-05-01T00:00:00,墨西哥,iOS,AI Repair,2.7419354838709675,1.6774193548387097,non-Organic
2026-05-01T00:00:00,美国,Android,Resize,13.774193548387096,6.225806451612903,non-Organic
2026-06-01T00:00:00,巴西,iOS,Mykit,22.666666666666668,0.0,non-Organic
2026-02-01T00:00:00,墨西哥,iOS,Dark Circles,0.22727272727272727,0.13636363636363635,non-Organic
2026-01-01T00:00:00,巴西,Android,Filters,3804.0,1037.225806451613,non-Organic
2026-05-01T00:00:00,英国,Android,Face,3.032258064516129,1.2580645161290323,non-Organic
2026-05-01T00:00:00,英国,iOS,Smooth,64.48387096774194,46.516129032258064,non-Organic
2026-05-01T00:00:00,英国,Android,AI Replace,0.5,0.2,non-Organic
2026-06-01T00:00:00,美国,iOS,Adjust,167.0,60.18518518518518,non-Organic
2026-05-01T00:00:00,英国,iOS,Face Fix,27.225806451612904,5.419354838709677,non-Organic
2026-01-01T00:00:00,美国,Android,Face,79.03225806451613,35.70967741935484,non-Organic
2026-04-01T00:00:00,美国,iOS,Plump,71.5,20.433333333333334,non-Organic
2026-04-01T00:00:00,美国,iOS,AI Tattoo,45.766666666666666,7.4,non-Organic
2026-06-01T00:00:00,美国,iOS,Glowup,299.3333333333333,75.77777777777777,non-Organic
2026-02-01T00:00:00,英国,Android,Brighten,0.7916666666666666,0.3333333333333333,non-Organic
2026-01-01T00:00:00,美国,Android,Face Fix,21.483870967741936,5.129032258064516,non-Organic
2026-01-01T00:00:00,英国,iOS,AI Tattoo,7.935483870967742,2.193548387096774,non-Organic
2026-07-01T00:00:00,美国,iOS,Body,202.19354838709677,110.03225806451613,non-Organic
2026-02-01T00:00:00,英国,iOS,Adjust,19.821428571428573,6.107142857142857,non-Organic
2026-05-01T00:00:00,巴西,Android,Face,1605.2903225806451,497.16129032258067,non-Organic
2026-06-01T00:00:00,墨西哥,Android,Expression,27.555555555555557,5.888888888888889,non-Organic
2026-06-01T00:00:00,英国,iOS,Muscle,19.37037037037037,5.333333333333333,non-Organic
2026-07-01T00:00:00,墨西哥,Android,Body,79.90322580645162,39.193548387096776,non-Organic
2026-06-01T00:00:00,英国,iOS,Body,77.18518518518519,44.77777777777778,non-Organic
2026-07-01T00:00:00,墨西哥,Android,AI Tattoo,39.96774193548387,8.548387096774194,non-Organic
2026-05-01T00:00:00,英国,iOS,Bokeh,5.580645161290323,0.8064516129032258,non-Organic
2026-08-01T00:00:00,英国,iOS,Reshape,44.5,23.666666666666668,non-Organic
2026-05-01T00:00:00,墨西哥,Android,AI Retouch,208.51612903225808,27.64516129032258,non-Organic
2026-08-01T00:00:00,巴西,Android,Concealer,70.0,28.333333333333332,non-Organic
2026-08-01T00:00:00,墨西哥,iOS,Body,58.166666666666664,30.833333333333332,non-Organic
2026-08-01T00:00:00,巴西,iOS,Text,21.5,0.6666666666666666,non-Organic
2026-01-01T00:00:00,巴西,iOS,Background,2.225806451612903,0.22580645161290322,non-Organic
2026-05-01T00:00:00,巴西,Android,Prism,54.935483870967744,20.35483870967742,non-Organic
2026-03-01T00:00:00,巴西,Android,Crop,500.1290322580645,350.3225806451613,non-Organic
2026-07-01T00:00:00,美国,Android,Dark Circles,8.096774193548388,5.258064516129032,non-Organic
2026-05-01T00:00:00,墨西哥,iOS,Body,1.8064516129032258,1.1612903225806452,non-Organic
2026-03-01T00:00:00,英国,Android,Brighten,2.935483870967742,1.3225806451612903,non-Organic
2026-05-01T00:00:00,美国,Android,Eye Brighten,10.451612903225806,6.774193548387097,non-Organic
2026-04-01T00:00:00,美国,Android,AI Retouch,93.03333333333333,36.266666666666666,non-Organic
2026-07-01T00:00:00,英国,iOS,Text,7.838709677419355,0.6129032258064516,non-Organic
2026-03-01T00:00:00,巴西,Android,Adjust,583.5806451612904,246.61290322580646,non-Organic
2026-02-01T00:00:00,英国,Android,Skin Tone,1.0833333333333333,0.75,non-Organic
2026-08-01T00:00:00,英国,Android,Preset,0.8333333333333334,0.0,non-Organic
2026-04-01T00:00:00,墨西哥,iOS,Acne,5.133333333333334,1.3666666666666667,non-Organic
2026-04-01T00:00:00,美国,Android,AI Image,39.43333333333333,4.166666666666667,non-Organic
2026-03-01T00:00:00,巴西,iOS,Effects,47.645161290322584,1.5483870967741935,non-Organic
2026-04-01T00:00:00,英国,Android,Plump,2.933333333333333,0.9666666666666667,non-Organic
2026-03-01T00:00:00,英国,iOS,Crop,12.387096774193548,8.903225806451612,non-Organic
2026-08-01T00:00:00,巴西,Android,AI Tattoo,119.33333333333333,24.666666666666668,non-Organic
2026-08-01T00:00:00,墨西哥,iOS,Background,34.0,1.1666666666666667,non-Organic
2026-08-01T00:00:00,墨西哥,iOS,Plump,14.166666666666666,3.8333333333333335,non-Organic
2026-06-01T00:00:00,墨西哥,iOS,Glowup,1.0384615384615385,0.34615384615384615,non-Organic
2026-06-01T00:00:00,美国,Android,Background,15.666666666666666,2.5185185185185186,non-Organic
2026-02-01T00:00:00,英国,Android,Relight,0.8214285714285714,0.4642857142857143,non-Organic
2026-07-01T00:00:00,巴西,iOS,Expression,22.93548387096774,4.32258064516129,non-Organic
2026-05-01T00:00:00,美国,Android,Collarbone,0.0,0.0,non-Organic
2026-05-01T00:00:00,巴西,iOS,Details,6.548387096774194,1.7741935483870968,non-Organic
2026-05-01T00:00:00,英国,Android,Mykit,0.8666666666666667,0.0,non-Organic
2026-07-01T00:00:00,美国,Android,AI Expand,4.806451612903226,1.8709677419354838,non-Organic
2026-02-01T00:00:00,英国,Android,Eye Brighten,0.5652173913043478,0.391304347826087,non-Organic
2026-01-01T00:00:00,美国,iOS,Reshape,167.2258064516129,87.29032258064517,non-Organic
2026-04-01T00:00:00,巴西,Android,Text,155.83333333333334,17.033333333333335,non-Organic
2026-08-01T00:00:00,美国,Android,Expression,15.5,5.666666666666667,non-Organic
2026-08-01T00:00:00,巴西,Android,Face Fix,136.33333333333334,32.166666666666664,non-Organic
2026-04-01T00:00:00,美国,iOS,Preset,97.33333333333333,6.7,non-Organic
2026-05-01T00:00:00,英国,iOS,Hair,61.12903225806452,15.580645161290322,non-Organic
2026-08-01T00:00:00,英国,iOS,Acne,26.0,14.0,non-Organic
2026-05-01T00:00:00,巴西,Android,Flawless,0.0,0.0,non-Organic
2026-02-01T00:00:00,巴西,Android,Acne,364.2142857142857,193.17857142857142,non-Organic
2026-05-01T00:00:00,巴西,Android,Stamp,62.25806451612903,10.838709677419354,non-Organic
2026-06-01T00:00:00,墨西哥,Android,AI Expand,12.074074074074074,4.407407407407407,non-Organic
2026-06-01T00:00:00,巴西,Android,Teeth,261.18518518518516,19.814814814814813,non-Organic
2026-06-01T00:00:00,巴西,iOS,Stamp,8.518518518518519,1.7407407407407407,non-Organic
2026-06-01T00:00:00,英国,Android,Expression,0.4444444444444444,0.07407407407407407,non-Organic
2026-02-01T00:00:00,英国,Android,Whiten,0.0,0.0,non-Organic
2026-05-01T00:00:00,巴西,iOS,Stamp,7.870967741935484,1.1612903225806452,non-Organic
2026-05-01T00:00:00,巴西,Android,Details,57.12903225806452,19.483870967741936,non-Organic
2026-07-01T00:00:00,英国,Android,Face Fix,1.2903225806451613,0.5161290322580645,non-Organic
2026-04-01T00:00:00,英国,iOS,Face,126.96666666666667,62.5,non-Organic
2026-03-01T00:00:00,墨西哥,iOS,Stamp,0.41935483870967744,0.12903225806451613,non-Organic
2026-03-01T00:00:00,巴西,Android,Expression,279.741935483871,92.83870967741936,non-Organic
2026-03-01T00:00:00,巴西,Android,Whiten,0.0,0.0,non-Organic
2026-03-01T00:00:00,美国,iOS,Face,551.6451612903226,235.41935483870967,non-Organic
2026-07-01T00:00:00,墨西哥,Android,Face,253.93548387096774,69.29032258064517,non-Organic
2026-07-01T00:00:00,巴西,Android,Details,28.548387096774192,9.096774193548388,non-Organic
2026-07-01T00:00:00,美国,iOS,Mykit,36.38709677419355,0.0,non-Organic
2026-04-01T00:00:00,巴西,iOS,Effects,60.166666666666664,1.6,non-Organic
2026-06-01T00:00:00,墨西哥,Android,AI Replace,8.814814814814815,4.148148148148148,non-Organic
2026-04-01T00:00:00,墨西哥,Android,Matte,17.5,5.666666666666667,non-Organic
2026-04-01T00:00:00,巴西,Android,Face Fix,315.8666666666667,82.73333333333333,non-Organic
2026-05-01T00:00:00,英国,Android,Blur,0.3,0.1,non-Organic
2026-04-01T00:00:00,墨西哥,iOS,AI Retouch,47.03333333333333,6.2,non-Organic
2026-04-01T00:00:00,英国,Android,Smooth,7.133333333333334,5.533333333333333,non-Organic
2026-05-01T00:00:00,美国,Android,Details,13.225806451612904,5.064516129032258,non-Organic
2026-02-01T00:00:00,墨西哥,iOS,AI Expand,1.1071428571428572,0.17857142857142858,non-Organic
2026-06-01T00:00:00,美国,Android,Glitter,7.037037037037037,1.4074074074074074,non-Organic
2026-02-01T00:00:00,英国,iOS,AI Retouch,78.14285714285714,29.857142857142858,non-Organic
2026-03-01T00:00:00,英国,Android,Body,2.967741935483871,1.6129032258064515,non-Organic
2026-07-01T00:00:00,墨西哥,Android,Eye Brighten,8.64516129032258,3.2580645161290325,non-Organic
2026-06-01T00:00:00,英国,iOS,Eraser,51.7037037037037,26.703703703703702,non-Organic
2026-05-01T00:00:00,美国,Android,Glowup,26.64516129032258,9.870967741935484,non-Organic
2026-01-01T00:00:00,美国,iOS,Face,493.38709677419354,211.74193548387098,non-Organic
2026-06-01T00:00:00,墨西哥,Android,Glowup,63.18518518518518,6.703703703703703,non-Organic
2026-07-01T00:00:00,墨西哥,iOS,Smooth,15.774193548387096,7.516129032258065,non-Organic
2026-08-01T00:00:00,英国,Android,Smooth,1.0,0.6666666666666666,non-Organic
2026-04-01T00:00:00,墨西哥,Android,Mykit,49.333333333333336,0.0,non-Organic
2026-07-01T00:00:00,巴西,Android,Face,747.4516129032259,261.06451612903226,non-Organic
2026-06-01T00:00:00,墨西哥,Android,Adjust,37.55555555555556,10.11111111111111,non-Organic
2026-01-01T00:00:00,巴西,Android,Crop,679.3548387096774,458.4193548387097,non-Organic
2026-03-01T00:00:00,墨西哥,Android,Mykit,44.935483870967744,0.0,non-Organic
2026-04-01T00:00:00,墨西哥,iOS,Contour,0.41379310344827586,0.20689655172413793,non-Organic
2026-01-01T00:00:00,巴西,Android,Body,1039.2903225806451,584.0,non-Organic
2026-02-01T00:00:00,墨西哥,iOS,Bokeh,0.2857142857142857,0.03571428571428571,non-Organic
2026-08-01T00:00:00,美国,Android,Text,8.333333333333334,1.8333333333333333,non-Organic
2026-06-01T00:00:00,墨西哥,iOS,Adjust,1.1851851851851851,0.4074074074074074,non-Organic
2026-02-01T00:00:00,美国,iOS,AI Replace,36.82142857142857,16.642857142857142,non-Organic
2026-01-01T00:00:00,英国,Android,Concealer,0.7391304347826086,0.30434782608695654,non-Organic
2026-05-01T00:00:00,美国,Android,Reshape,32.29032258064516,15.483870967741936,non-Organic
2026-07-01T00:00:00,巴西,Android,Clean Skin,71.72,43.8,non-Organic
2026-08-01T00:00:00,墨西哥,Android,Whiten,0.0,0.0,non-Organic
2026-08-01T00:00:00,美国,iOS,Filters,476.6666666666667,120.0,non-Organic
2026-08-01T00:00:00,英国,iOS,AI Repair,30.833333333333332,8.5,non-Organic
2026-08-01T00:00:00,墨西哥,iOS,Adjust,68.33333333333333,19.666666666666668,non-Organic
2026-06-01T00:00:00,巴西,Android,Collarbone,0.0,0.0,non-Organic
2026-04-01T00:00:00,英国,Android,Eraser,5.066666666666666,3.066666666666667,non-Organic
2026-06-01T00:00:00,墨西哥,iOS,Mykit,0.5185185185185185,0.0,non-Organic
2026-04-01T00:00:00,墨西哥,iOS,AI Tattoo,7.2,1.5,non-Organic
2026-06-01T00:00:00,英国,Android,Reshape,0.8888888888888888,0.25925925925925924,non-Organic
2026-03-01T00:00:00,英国,Android,Plump,2.096774193548387,0.6774193548387096,non-Organic
2026-01-01T00:00:00,墨西哥,iOS,Eraser,1.7741935483870968,0.967741935483871,non-Organic
2026-07-01T00:00:00,巴西,iOS,Muscle,24.419354838709676,6.161290322580645,non-Organic
2026-01-01T00:00:00,巴西,Android,Reshape,1114.4193548387098,491.2903225806452,non-Organic
2026-01-01T00:00:00,美国,iOS,Preset,79.25806451612904,6.387096774193548,non-Organic
2026-04-01T00:00:00,美国,iOS,AI Retouch,494.8,150.33333333333334,non-Organic
2026-06-01T00:00:00,墨西哥,Android,Brighten,12.592592592592593,4.962962962962963,non-Organic
2026-02-01T00:00:00,墨西哥,Android,Relight,19.892857142857142,7.535714285714286,non-Organic
2026-03-01T00:00:00,英国,iOS,Skin Tone,44.903225806451616,29.483870967741936,non-Organic
2026-01-01T00:00:00,美国,iOS,Details,36.45161290322581,12.35483870967742,non-Organic
2026-02-01T00:00:00,英国,Android,Glowup,1.1428571428571428,0.39285714285714285,non-Organic
2026-05-01T00:00:00,英国,iOS,AI Replace,6.419354838709677,2.6451612903225805,non-Organic
2026-04-01T00:00:00,墨西哥,iOS,Plump,5.666666666666667,0.9,non-Organic
2026-01-01T00:00:00,墨西哥,iOS,Resize,0.4666666666666667,0.1,non-Organic
2026-08-01T00:00:00,巴西,iOS,Bokeh,21.666666666666668,4.0,non-Organic
2026-02-01T00:00:00,墨西哥,Android,Face Fix,11.428571428571429,2.357142857142857,non-Organic
2026-08-01T00:00:00,巴西,Android,Mykit,75.66666666666667,0.0,non-Organic
2026-02-01T00:00:00,美国,iOS,Reshape,173.28571428571428,94.82142857142857,non-Organic
2026-07-01T00:00:00,巴西,Android,Brighten,68.38709677419355,30.612903225806452,non-Organic
2026-07-01T00:00:00,墨西哥,iOS,Hair,65.19354838709677,26.193548387096776,non-Organic
2026-02-01T00:00:00,墨西哥,iOS,Reshape,1.8214285714285714,0.75,non-Organic
2026-03-01T00:00:00,英国,Android,Reshape,4.967741935483871,2.7096774193548385,non-Organic
2026-06-01T00:00:00,墨西哥,Android,Flawless,0.0,0.0,non-Organic
2026-03-01T00:00:00,巴西,iOS,Resize,8.709677419354838,3.129032258064516,non-Organic
2026-01-01T00:00:00,美国,iOS,Brighten,70.51612903225806,35.45161290322581,non-Organic
2026-03-01T00:00:00,美国,Android,Filters,94.74193548387096,29.06451612903226,non-Organic
2026-06-01T00:00:00,巴西,Android,Brighten,195.37037037037038,92.55555555555556,non-Organic
2026-05-01T00:00:00,英国,Android,Muscle,0.9,0.4,non-Organic
2026-01-01T00:00:00,美国,iOS,AI Replace,35.16129032258065,16.29032258064516,non-Organic
2026-06-01T00:00:00,美国,iOS,Flawless,0.0,0.0,non-Organic
2026-03-01T00:00:00,美国,iOS,Expression,67.25806451612904,15.03225806451613,non-Organic
2026-06-01T00:00:00,英国,iOS,Resize,26.703703703703702,10.407407407407407,non-Organic
2026-04-01T00:00:00,英国,Android,Blur,2.6551724137931036,1.6896551724137931,non-Organic
2026-01-01T00:00:00,英国,Android,Reshape,0.8064516129032258,0.3225806451612903,non-Organic
2026-04-01T00:00:00,巴西,iOS,Smooth,25.766666666666666,12.466666666666667,non-Organic
2026-05-01T00:00:00,巴西,Android,Glitter,142.4516129032258,21.193548387096776,non-Organic
2026-05-01T00:00:00,墨西哥,Android,Dark Circles,7.806451612903226,2.3225806451612905,non-Organic
2026-04-01T00:00:00,巴西,iOS,Reshape,38.93333333333333,13.8,non-Organic
2026-03-01T00:00:00,英国,Android,Contour,1.4193548387096775,0.8064516129032258,non-Organic
2026-02-01T00:00:00,墨西哥,iOS,AI Repair,2.5357142857142856,1.6428571428571428,non-Organic
2026-04-01T00:00:00,美国,iOS,Eraser,178.46666666666667,97.23333333333333,non-Organic
2026-08-01T00:00:00,墨西哥,iOS,Smooth,27.833333333333332,11.166666666666666,non-Organic
2026-06-01T00:00:00,英国,Android,Makeup,1.2962962962962963,0.5185185185185185,non-Organic
2026-06-01T00:00:00,巴西,iOS,Makeup,129.74074074074073,50.111111111111114,non-Organic
2026-01-01T00:00:00,墨西哥,Android,Muscle,18.161290322580644,4.774193548387097,non-Organic
2026-05-01T00:00:00,美国,Android,Flawless,0.0,0.0,non-Organic
2026-01-01T00:00:00,美国,Android,Expression,11.387096774193548,3.903225806451613,non-Organic
2026-01-01T00:00:00,墨西哥,Android,AI Replace,20.451612903225808,10.03225806451613,non-Organic
2026-05-01T00:00:00,美国,iOS,Magic,628.9354838709677,280.96774193548384,non-Organic
2026-03-01T00:00:00,美国,iOS,Effects,119.12903225806451,2.838709677419355,non-Organic
2026-01-01T00:00:00,巴西,iOS,Relight,3.0,1.2580645161290323,non-Organic
2026-04-01T00:00:00,巴西,Android,Face,1799.7666666666667,636.7666666666667,non-Organic
2026-04-01T00:00:00,巴西,Android,AI Tattoo,490.0,174.46666666666667,non-Organic
2026-02-01T00:00:00,美国,Android,AI Tattoo,7.678571428571429,1.7857142857142858,non-Organic
2026-04-01T00:00:00,墨西哥,iOS,Face,47.166666666666664,11.333333333333334,non-Organic
2026-03-01T00:00:00,墨西哥,iOS,Effects,2.032258064516129,0.0,non-Organic
2026-02-01T00:00:00,美国,Android,Whiten,0.0,0.0,non-Organic
2026-07-01T00:00:00,美国,iOS,Whiten,0.0,0.0,non-Organic
2026-04-01T00:00:00,巴西,iOS,Contour,4.233333333333333,2.1666666666666665,non-Organic
2026-07-01T00:00:00,美国,Android,Glowup,19.967741935483872,7.387096774193548,non-Organic
2026-07-01T00:00:00,美国,iOS,Filters,592.7741935483871,153.7741935483871,non-Organic
2026-04-01T00:00:00,墨西哥,Android,Eraser,243.7,104.03333333333333,non-Organic
2026-08-01T00:00:00,巴西,iOS,Background,107.33333333333333,4.166666666666667,non-Organic
2026-04-01T00:00:00,美国,iOS,Text,23.733333333333334,1.5666666666666667,non-Organic
2026-06-01T00:00:00,英国,Android,AI Replace,0.2857142857142857,0.09523809523809523,non-Organic
2026-06-01T00:00:00,美国,iOS,Resize,97.29629629629629,41.148148148148145,non-Organic
2026-06-01T00:00:00,墨西哥,iOS,Skin Tone,1.45,0.95,non-Organic
2026-03-01T00:00:00,巴西,iOS,Acne,14.96774193548387,6.258064516129032,non-Organic
2026-03-01T00:00:00,墨西哥,Android,Brighten,40.806451612903224,17.225806451612904,non-Organic
2026-07-01T00:00:00,巴西,Android,Bokeh,48.193548387096776,12.0,non-Organic
2026-04-01T00:00:00,巴西,Android,Magic,1593.2666666666667,665.0,non-Organic
2026-01-01T00:00:00,美国,iOS,Plump,95.90322580645162,31.774193548387096,non-Organic
2026-02-01T00:00:00,巴西,Android,Expression,352.0,130.28571428571428,non-Organic
2026-04-01T00:00:00,巴西,iOS,Details,3.8,1.5333333333333334,non-Organic
2026-06-01T00:00:00,巴西,iOS,Adjust,94.74074074074075,48.407407407407405,non-Organic
2026-02-01T00:00:00,英国,iOS,Mykit,10.678571428571429,0.0,non-Organic
2026-08-01T00:00:00,墨西哥,iOS,Blur,21.666666666666668,8.5,non-Organic
2026-01-01T00:00:00,墨西哥,Android,Plump,51.483870967741936,20.06451612903226,non-Organic
2026-02-01T00:00:00,墨西哥,Android,Details,4.142857142857143,1.5714285714285714,non-Organic
2026-01-01T00:00:00,墨西哥,iOS,Plump,0.967741935483871,0.3225806451612903,non-Organic
2026-03-01T00:00:00,美国,Android,Relight,31.516129032258064,14.741935483870968,non-Organic
2026-05-01T00:00:00,巴西,Android,Teeth,268.35483870967744,0.06451612903225806,non-Organic
2026-04-01T00:00:00,英国,Android,Acne,3.4,2.433333333333333,non-Organic
2026-02-01T00:00:00,英国,iOS,Details,7.25,2.8214285714285716,non-Organic
2026-03-01T00:00:00,巴西,Android,Makeup,1575.3548387096773,757.0322580645161,non-Organic
2026-08-01T00:00:00,英国,Android,Clean Skin,0.16666666666666666,0.16666666666666666,non-Organic
2026-01-01T00:00:00,墨西哥,iOS,Mykit,0.967741935483871,0.0,non-Organic
2026-07-01T00:00:00,墨西哥,iOS,Teeth,6.774193548387097,1.2903225806451613,non-Organic
2026-02-01T00:00:00,巴西,Android,Adjust,681.2857142857143,294.7142857142857,non-Organic
2026-03-01T00:00:00,墨西哥,iOS,Brighten,0.5,0.23333333333333334,non-Organic
2026-08-01T00:00:00,巴西,Android,Flawless,0.0,0.0,non-Organic
2026-01-01T00:00:00,英国,Android,Teeth,0.5161290322580645,0.0,non-Organic
2026-04-01T00:00:00,英国,iOS,Relight,58.13333333333333,27.933333333333334,non-Organic
2026-07-01T00:00:00,墨西哥,Android,AI Expand,21.774193548387096,11.64516129032258,non-Organic
2026-01-01T00:00:00,墨西哥,iOS,AI Image,2.935483870967742,0.3870967741935484,non-Organic
2026-08-01T00:00:00,英国,iOS,AI Expand,6.5,2.0,non-Organic
2026-02-01T00:00:00,英国,iOS,Magic,83.35714285714286,42.785714285714285,non-Organic
2026-03-01T00:00:00,美国,Android,Expression,17.225806451612904,6.258064516129032,non-Organic
2026-06-01T00:00:00,墨西哥,iOS,Flawless,0.0,0.0,non-Organic
2026-08-01T00:00:00,墨西哥,iOS,Face,103.83333333333333,41.5,non-Organic
2026-08-01T00:00:00,墨西哥,iOS,Details,2.8333333333333335,0.6666666666666666,non-Organic
2026-05-01T00:00:00,美国,iOS,AI Expand,29.903225806451612,12.96774193548387,non-Organic
2026-04-01T00:00:00,英国,iOS,Teeth,24.766666666666666,0.0,non-Organic
2026-06-01T00:00:00,巴西,Android,Eraser,704.074074074074,326.2962962962963,non-Organic
2026-08-01T00:00:00,巴西,iOS,AI Retouch,426.0,141.33333333333334,non-Organic
2026-05-01T00:00:00,英国,iOS,Eraser,40.096774193548384,19.838709677419356,non-Organic
2026-04-01T00:00:00,英国,Android,Glitter,1.1666666666666667,0.13333333333333333,non-Organic
2026-04-01T00:00:00,英国,Android,Brighten,2.8333333333333335,1.5,non-Organic
2026-05-01T00:00:00,美国,iOS,Crop,71.45161290322581,44.67741935483871,non-Organic
2026-04-01T00:00:00,美国,iOS,Body,171.56666666666666,100.26666666666667,non-Organic
2026-01-01T00:00:00,巴西,iOS,Glowup,3.967741935483871,0.8064516129032258,non-Organic
2026-03-01T00:00:00,美国,iOS,Muscle,69.74193548387096,21.774193548387096,non-Organic
2026-06-01T00:00:00,巴西,iOS,Face,263.44444444444446,98.62962962962963,non-Organic
2026-06-01T00:00:00,巴西,Android,Background,344.6296296296296,38.96296296296296,non-Organic
2026-04-01T00:00:00,墨西哥,Android,Stamp,31.866666666666667,5.6,non-Organic
2026-05-01T00:00:00,英国,Android,Effects,1.0,0.06451612903225806,non-Organic
2026-06-01T00:00:00,墨西哥,iOS,Reshape,1.2692307692307692,0.5769230769230769,non-Organic
2026-07-01T00:00:00,墨西哥,iOS,Muscle,5.580645161290323,1.1290322580645162,non-Organic
2026-07-01T00:00:00,巴西,Android,Background,144.83870967741936,14.709677419354838,non-Organic
2026-03-01T00:00:00,英国,iOS,AI Retouch,116.25806451612904,44.483870967741936,non-Organic
2026-07-01T00:00:00,美国,Android,Filters,68.38709677419355,21.870967741935484,non-Organic
2026-07-01T00:00:00,美国,Android,Face,69.93548387096774,32.54838709677419,non-Organic
2026-07-01T00:00:00,美国,Android,Flawless,0.0,0.0,non-Organic
2026-01-01T00:00:00,英国,Android,Expression,0.5806451612903226,0.2903225806451613,non-Organic
2026-07-01T00:00:00,英国,iOS,Contour,9.96774193548387,5.32258064516129,non-Organic
2026-01-01T00:00:00,英国,Android,Filters,3.225806451612903,0.5806451612903226,non-Organic
2026-02-01T00:00:00,墨西哥,Android,Reshape,25.571428571428573,11.428571428571429,non-Organic
2026-05-01T00:00:00,美国,Android,Crop,19.774193548387096,15.96774193548387,non-Organic
2026-05-01T00:00:00,巴西,iOS,AI Retouch,248.93548387096774,75.64516129032258,non-Organic
2026-05-01T00:00:00,美国,iOS,Effects,181.29032258064515,3.5483870967741935,non-Organic
2026-05-01T00:00:00,墨西哥,Android,AI Expand,4.709677419354839,1.2580645161290323,non-Organic
2026-05-01T00:00:00,巴西,iOS,Whiten,0.0,0.0,non-Organic
2026-08-01T00:00:00,英国,iOS,Adjust,37.0,13.666666666666666,non-Organic
2026-08-01T00:00:00,巴西,iOS,Filters,1109.1666666666667,298.6666666666667,non-Organic
2026-08-01T00:00:00,巴西,Android,Stamp,53.166666666666664,10.833333333333334,non-Organic
2026-01-01T00:00:00,巴西,Android,Eye Brighten,239.29032258064515,109.06451612903226,non-Organic
2026-02-01T00:00:00,巴西,iOS,Brighten,1.0714285714285714,0.5714285714285714,non-Organic
2026-01-01T00:00:00,英国,iOS,AI Repair,11.903225806451612,4.32258064516129,non-Organic
2026-05-01T00:00:00,美国,Android,Background,20.93548387096774,3.4838709677419355,non-Organic
2026-06-01T00:00:00,美国,Android,Details,11.148148148148149,4.518518518518518,non-Organic
2026-08-01T00:00:00,美国,Android,Crop,24.166666666666668,18.166666666666668,non-Organic
2026-05-01T00:00:00,英国,iOS,Background,21.838709677419356,2.2580645161290325,non-Organic
2026-04-01T00:00:00,美国,Android,Bokeh,7.433333333333334,1.5666666666666667,non-Organic
2026-07-01T00:00:00,墨西哥,iOS,AI Retouch,58.25806451612903,19.548387096774192,non-Organic
2026-06-01T00:00:00,巴西,Android,Makeup,867.4814814814815,370.6296296296296,non-Organic
2026-05-01T00:00:00,英国,Android,Brighten,0.6956521739130435,0.34782608695652173,non-Organic
2026-05-01T00:00:00,美国,Android,AI Expand,5.870967741935484,2.096774193548387,non-Organic
2026-02-01T00:00:00,墨西哥,iOS,Eye Brighten,0.2222222222222222,0.16666666666666666,non-Organic
2026-07-01T00:00:00,墨西哥,Android,Flawless,0.0,0.0,non-Organic
2026-08-01T00:00:00,美国,Android,Makeup,54.666666666666664,28.166666666666668,non-Organic
2026-06-01T00:00:00,美国,iOS,AI Repair,136.0,38.81481481481482,non-Organic
2026-06-01T00:00:00,英国,iOS,Hair,109.66666666666667,28.185185185185187,non-Organic
2026-01-01T00:00:00,英国,Android,Hair,3.4193548387096775,1.1290322580645162,non-Organic
2026-08-01T00:00:00,巴西,iOS,Eye Brighten,11.166666666666666,5.333333333333333,non-Organic
2026-08-01T00:00:00,墨西哥,Android,AI Repair,48.166666666666664,21.166666666666668,non-Organic
2026-08-01T00:00:00,美国,Android,Face,96.66666666666667,43.666666666666664,non-Organic
2026-08-01T00:00:00,美国,Android,Prism,5.166666666666667,2.0,non-Organic
2026-07-01T00:00:00,墨西哥,Android,Filters,368.3225806451613,80.90322580645162,non-Organic
2026-06-01T00:00:00,墨西哥,Android,Skin Tone,29.037037037037038,13.666666666666666,non-Organic
2026-05-01T00:00:00,巴西,iOS,Body,71.58064516129032,33.0,non-Organic
2026-05-01T00:00:00,巴西,Android,Preset,324.03225806451616,19.677419354838708,non-Organic
2026-02-01T00:00:00,巴西,iOS,Dark Circles,0.75,0.6071428571428571,non-Organic
2026-03-01T00:00:00,英国,Android,AI Expand,1.7096774193548387,0.5483870967741935,non-Organic
2026-06-01T00:00:00,英国,iOS,Relight,163.14814814814815,73.92592592592592,non-Organic
2026-06-01T00:00:00,英国,Android,Face Fix,0.9629629629629629,0.4074074074074074,non-Organic
2026-03-01T00:00:00,巴西,iOS,Face Fix,21.193548387096776,6.0,non-Organic
2026-03-01T00:00:00,英国,iOS,Stamp,3.2580645161290325,0.6774193548387096,non-Organic
2026-05-01T00:00:00,英国,iOS,Crop,13.258064516129032,9.161290322580646,non-Organic
2026-01-01T00:00:00,巴西,Android,Concealer,860.9354838709677,362.1290322580645,non-Organic
2026-02-01T00:00:00,英国,iOS,AI Image,29.535714285714285,2.0,non-Organic
2026-05-01T00:00:00,墨西哥,Android,Bokeh,2.193548387096774,0.3548387096774194,non-Organic
2026-03-01T00:00:00,巴西,Android,Mykit,367.0967741935484,0.0,non-Organic
2026-01-01T00:00:00,巴西,iOS,Eye Brighten,0.9285714285714286,0.42857142857142855,non-Organic
2026-06-01T00:00:00,美国,iOS,Reshape,253.88888888888889,126.48148148148148,non-Organic
2026-01-01T00:00:00,英国,iOS,AI Expand,8.935483870967742,2.935483870967742,non-Organic
2026-08-01T00:00:00,美国,iOS,Magic,280.5,114.0,non-Organic
2026-08-01T00:00:00,美国,iOS,Details,20.5,6.333333333333333,non-Organic
2026-08-01T00:00:00,美国,iOS,Concealer,41.0,16.666666666666668,non-Organic
2026-01-01T00:00:00,英国,iOS,Flawless,0.0,0.0,non-Organic
2026-08-01T00:00:00,墨西哥,iOS,AI Replace,5.166666666666667,1.3333333333333333,non-Organic
2026-08-01T00:00:00,美国,Android,Concealer,13.333333333333334,6.0,non-Organic
2026-06-01T00:00:00,墨西哥,iOS,Stamp,0.07692307692307693,0.0,non-Organic
2026-05-01T00:00:00,英国,Android,Whiten,0.0,0.0,non-Organic
2026-02-01T00:00:00,英国,Android,Mykit,0.9285714285714286,0.0,non-Organic
2026-07-01T00:00:00,英国,Android,Whiten,0.0,0.0,non-Organic
2026-03-01T00:00:00,英国,iOS,Expression,16.741935483870968,4.225806451612903,non-Organic
2026-05-01T00:00:00,美国,Android,Dark Circles,12.03225806451613,7.741935483870968,non-Organic
2026-06-01T00:00:00,美国,Android,Blur,11.851851851851851,6.444444444444445,non-Organic
2026-03-01T00:00:00,美国,Android,Whiten,0.0,0.0,non-Organic
2026-06-01T00:00:00,墨西哥,iOS,Prism,0.15384615384615385,0.038461538461538464,non-Organic
2026-04-01T00:00:00,墨西哥,Android,Skin Tone,81.93333333333334,37.733333333333334,non-Organic
2026-05-01T00:00:00,巴西,Android,Text,89.48387096774194,6.032258064516129,non-Organic
2026-03-01T00:00:00,墨西哥,iOS,Background,1.3225806451612903,0.0967741935483871,non-Organic
2026-08-01T00:00:00,墨西哥,Android,Details,4.333333333333333,1.6666666666666667,non-Organic
2026-07-01T00:00:00,墨西哥,iOS,Brighten,3.903225806451613,1.5806451612903225,non-Organic
2026-07-01T00:00:00,墨西哥,iOS,Adjust,22.032258064516128,6.741935483870968,non-Organic
2026-02-01T00:00:00,巴西,iOS,Relight,3.0357142857142856,1.2142857142857142,non-Organic
2026-06-01T00:00:00,墨西哥,Android,Eye Brighten,6.2592592592592595,2.5185185185185186,non-Organic
2026-02-01T00:00:00,美国,iOS,Brighten,76.96428571428571,38.75,non-Organic
2026-07-01T00:00:00,墨西哥,Android,Glitter,32.483870967741936,4.161290322580645,non-Organic
2026-07-01T00:00:00,墨西哥,Android,AI Retouch,281.7741935483871,61.54838709677419,non-Organic
2026-03-01T00:00:00,墨西哥,Android,Background,79.7741935483871,11.774193548387096,non-Organic
2026-06-01T00:00:00,美国,iOS,Eye Brighten,54.074074074074076,26.88888888888889,non-Organic
2026-07-01T00:00:00,巴西,iOS,AI Tattoo,28.677419354838708,5.838709677419355,non-Organic
2026-06-01T00:00:00,英国,iOS,Acne,45.111111111111114,29.11111111111111,non-Organic
2026-02-01T00:00:00,巴西,Android,Background,727.3571428571429,154.14285714285714,non-Organic
2026-01-01T00:00:00,墨西哥,iOS,Prism,0.20689655172413793,0.034482758620689655,non-Organic
2026-01-01T00:00:00,英国,Android,AI Retouch,2.935483870967742,1.096774193548387,non-Organic
2026-02-01T00:00:00,英国,Android,Concealer,0.9166666666666666,0.4166666666666667,non-Organic
2026-03-01T00:00:00,巴西,iOS,Bokeh,9.516129032258064,2.193548387096774,non-Organic
2026-01-01T00:00:00,墨西哥,Android,Expression,23.838709677419356,7.935483870967742,non-Organic
2026-01-01T00:00:00,美国,Android,Adjust,19.548387096774192,8.064516129032258,non-Organic
2026-04-01T00:00:00,美国,Android,Skin Tone,28.4,16.1,non-Organic
2026-01-01T00:00:00,英国,Android,Glitter,0.3225806451612903,0.03225806451612903,non-Organic
2026-08-01T00:00:00,英国,iOS,Dark Circles,13.666666666666666,8.833333333333334,non-Organic
2026-08-01T00:00:00,美国,Android,AI Image,37.666666666666664,7.666666666666667,non-Organic
2026-03-01T00:00:00,墨西哥,iOS,Blur,0.5806451612903226,0.2903225806451613,non-Organic
2026-01-01T00:00:00,美国,iOS,Background,86.45161290322581,10.096774193548388,non-Organic
2026-01-01T00:00:00,英国,Android,AI Repair,1.2857142857142858,0.4642857142857143,non-Organic
2026-02-01T00:00:00,英国,Android,Makeup,1.75,0.6785714285714286,non-Organic
2026-04-01T00:00:00,英国,Android,Hair,9.5,2.2,non-Organic
2026-03-01T00:00:00,英国,iOS,Flawless,0.0,0.0,non-Organic
2026-03-01T00:00:00,美国,iOS,Adjust,115.7741935483871,39.225806451612904,non-Organic
2026-07-01T00:00:00,美国,iOS,Adjust,110.54838709677419,39.03225806451613,non-Organic
2026-08-01T00:00:00,墨西哥,Android,Magic,108.5,36.0,non-Organic
2026-07-01T00:00:00,墨西哥,Android,AI Repair,52.354838709677416,21.516129032258064,non-Organic
2026-07-01T00:00:00,巴西,iOS,Face Fix,28.870967741935484,6.096774193548387,non-Organic
2026-07-01T00:00:00,英国,iOS,Eye Brighten,13.32258064516129,8.451612903225806,non-Organic
2026-01-01T00:00:00,巴西,iOS,Makeup,4.0,1.7096774193548387,non-Organic
2026-08-01T00:00:00,墨西哥,Android,AI Image,51.333333333333336,8.333333333333334,non-Organic
2026-08-01T00:00:00,英国,iOS,Concealer,18.5,7.666666666666667,non-Organic
2026-08-01T00:00:00,巴西,iOS,Eraser,421.0,230.83333333333334,non-Organic
2026-07-01T00:00:00,美国,Android,Relight,40.516129032258064,17.93548387096774,non-Organic
2026-01-01T00:00:00,巴西,Android,Hair,4596.903225806452,1783.3870967741937,non-Organic
2026-06-01T00:00:00,巴西,iOS,Expression,35.0,7.37037037037037,non-Organic
2026-07-01T00:00:00,墨西哥,iOS,Crop,9.129032258064516,6.129032258064516,non-Organic
2026-07-01T00:00:00,英国,Android,Reshape,1.032258064516129,0.45161290322580644,non-Organic
2026-02-01T00:00:00,英国,Android,AI Image,2.5357142857142856,0.07142857142857142,non-Organic
2026-03-01T00:00:00,墨西哥,iOS,Plump,0.3870967741935484,0.0967741935483871,non-Organic
2026-04-01T00:00:00,英国,Android,Teeth,4.066666666666666,0.0,non-Organic
2026-03-01T00:00:00,英国,Android,Glowup,3.806451612903226,1.4193548387096775,non-Organic
2026-02-01T00:00:00,英国,iOS,Face,95.57142857142857,47.5,non-Organic
2026-01-01T00:00:00,美国,Android,Whiten,0.0,0.0,non-Organic
2026-02-01T00:00:00,英国,iOS,Concealer,20.464285714285715,10.214285714285714,non-Organic
2026-06-01T00:00:00,英国,iOS,Glitter,12.925925925925926,2.1481481481481484,non-Organic
2026-01-01T00:00:00,巴西,iOS,Resize,2.0,0.8709677419354839,non-Organic
2026-01-01T00:00:00,墨西哥,iOS,Effects,1.3225806451612903,0.03225806451612903,non-Organic
2026-03-01T00:00:00,美国,Android,Text,8.870967741935484,1.4838709677419355,non-Organic
2026-02-01T00:00:00,墨西哥,Android,Whiten,0.0,0.0,non-Organic
2026-02-01T00:00:00,英国,iOS,AI Repair,12.071428571428571,4.428571428571429,non-Organic
2026-02-01T00:00:00,巴西,Android,Crop,560.3571428571429,391.25,non-Organic
2026-02-01T00:00:00,墨西哥,iOS,Filters,3.9285714285714284,0.39285714285714285,non-Organic
2026-05-01T00:00:00,巴西,Android,Contour,60.516129032258064,27.161290322580644,non-Organic
2026-08-01T00:00:00,巴西,iOS,Stamp,20.333333333333332,3.0,non-Organic
2026-03-01T00:00:00,墨西哥,Android,AI Image,190.58064516129033,26.774193548387096,non-Organic
2026-07-01T00:00:00,英国,Android,Smooth,1.2413793103448276,0.6896551724137931,non-Organic
2026-08-01T00:00:00,墨西哥,Android,Makeup,59.333333333333336,26.666666666666668,non-Organic
2026-03-01T00:00:00,巴西,iOS,Hair,176.61290322580646,53.903225806451616,non-Organic
2026-07-01T00:00:00,巴西,iOS,Blur,23.129032258064516,11.935483870967742,non-Organic
2026-08-01T00:00:00,美国,Android,Magic,102.0,43.666666666666664,non-Organic
2026-04-01T00:00:00,英国,iOS,Glowup,40.13333333333333,14.8,non-Organic
2026-01-01T00:00:00,英国,Android,Flawless,0.0,0.0,non-Organic
2026-06-01T00:00:00,美国,Android,Eye Brighten,8.37037037037037,5.814814814814815,non-Organic
2026-01-01T00:00:00,巴西,iOS,Teeth,1.7741935483870968,0.0,non-Organic
2026-07-01T00:00:00,墨西哥,Android,Muscle,40.70967741935484,9.161290322580646,non-Organic
2026-02-01T00:00:00,巴西,Android,Muscle,808.7857142857143,311.64285714285717,non-Organic
2026-04-01T00:00:00,美国,iOS,Face,546.2333333333333,236.5,non-Organic
2026-06-01T00:00:00,巴西,iOS,Magic,253.0,96.74074074074075,non-Organic
2026-04-01T00:00:00,英国,Android,Glowup,5.2,1.6,non-Organic
2026-08-01T00:00:00,英国,Android,Eraser,0.5,0.16666666666666666,non-Organic
2026-05-01T00:00:00,英国,iOS,Muscle,10.806451612903226,2.774193548387097,non-Organic
2026-06-01T00:00:00,美国,iOS,Prism,14.296296296296296,4.0,non-Organic
2026-05-01T00:00:00,美国,iOS,AI Tattoo,76.45161290322581,15.096774193548388,non-Organic
2026-03-01T00:00:00,美国,iOS,Background,98.2258064516129,10.741935483870968,non-Organic
2026-01-01T00:00:00,英国,iOS,Adjust,18.870967741935484,6.032258064516129,non-Organic
2026-02-01T00:00:00,巴西,Android,Face,2710.3571428571427,1054.357142857143,non-Organic
2026-07-01T00:00:00,巴西,Android,Collarbone,0.0,0.0,non-Organic
2026-05-01T00:00:00,美国,Android,Bokeh,6.064516129032258,0.8709677419354839,non-Organic
2026-07-01T00:00:00,墨西哥,iOS,Whiten,0.0,0.0,non-Organic
2026-03-01T00:00:00,墨西哥,iOS,AI Expand,1.6774193548387097,0.7096774193548387,non-Organic
2026-08-01T00:00:00,巴西,Android,Filters,1198.8333333333333,393.3333333333333,non-Organic
2026-08-01T00:00:00,英国,Android,Glowup,1.3333333333333333,0.5,non-Organic
2026-05-01T00:00:00,巴西,Android,Resize,116.54838709677419,48.74193548387097,non-Organic
2026-07-01T00:00:00,英国,iOS,Plump,25.806451612903224,8.451612903225806,non-Organic
2026-07-01T00:00:00,美国,Android,Glitter,6.483870967741935,0.967741935483871,non-Organic
2026-01-01T00:00:00,美国,Android,Background,18.741935483870968,3.7419354838709675,non-Organic
2026-07-01T00:00:00,巴西,Android,AI Replace,33.74193548387097,12.838709677419354,non-Organic
2026-05-01T00:00:00,英国,iOS,Makeup,58.0,22.161290322580644,non-Organic
2026-05-01T00:00:00,美国,iOS,Text,30.903225806451612,2.096774193548387,non-Organic
2026-02-01T00:00:00,巴西,iOS,Effects,1.9642857142857142,0.0,non-Organic
2026-05-01T00:00:00,巴西,Android,Skin Tone,260.96774193548384,133.93548387096774,non-Organic
2026-02-01T00:00:00,美国,Android,Preset,25.964285714285715,4.535714285714286,non-Organic
2026-03-01T00:00:00,巴西,Android,Bokeh,143.38709677419354,38.903225806451616,non-Organic
2026-06-01T00:00:00,巴西,Android,Effects,445.6296296296296,21.85185185185185,non-Organic
2026-03-01T00:00:00,英国,iOS,Glitter,8.903225806451612,1.8709677419354838,non-Organic
2026-03-01T00:00:00,美国,iOS,Brighten,90.45161290322581,45.32258064516129,non-Organic
2026-01-01T00:00:00,英国,iOS,Whiten,0.0,0.0,non-Organic
2026-08-01T00:00:00,墨西哥,Android,Concealer,9.0,3.5,non-Organic
2026-07-01T00:00:00,墨西哥,Android,Whiten,0.0,0.0,non-Organic
2026-08-01T00:00:00,巴西,Android,Contour,25.833333333333332,12.666666666666666,non-Organic
2026-08-01T00:00:00,美国,iOS,AI Image,67.33333333333333,13.166666666666666,non-Organic
2026-03-01T00:00:00,英国,iOS,Teeth,25.93548387096774,0.0,non-Organic
2026-03-01T00:00:00,英国,Android,Teeth,3.2580645161290325,0.0,non-Organic
2026-03-01T00:00:00,英国,Android,Acne,3.6129032258064515,2.4516129032258065,non-Organic
2026-07-01T00:00:00,墨西哥,iOS,Details,1.4516129032258065,0.3870967741935484,non-Organic
2026-07-01T00:00:00,美国,Android,Adjust,20.29032258064516,7.548387096774194,non-Organic
2026-01-01T00:00:00,美国,iOS,Prism,9.96774193548387,2.967741935483871,non-Organic
2026-05-01T00:00:00,墨西哥,iOS,Acne,0.6538461538461539,0.38461538461538464,non-Organic
2026-03-01T00:00:00,英国,iOS,Filters,88.6774193548387,15.516129032258064,non-Organic
2026-02-01T00:00:00,英国,iOS,Makeup,47.32142857142857,18.857142857142858,non-Organic
2026-02-01T00:00:00,墨西哥,Android,Preset,17.857142857142858,1.3928571428571428,non-Organic
2026-05-01T00:00:00,墨西哥,iOS,Text,0.3548387096774194,0.0,non-Organic
2026-03-01T00:00:00,巴西,Android,Face Fix,341.1290322580645,86.09677419354838,non-Organic
2026-02-01T00:00:00,美国,iOS,Preset,87.42857142857143,8.285714285714286,non-Organic
2026-07-01T00:00:00,英国,iOS,Concealer,25.129032258064516,11.870967741935484,non-Organic
2026-06-01T00:00:00,巴西,Android,Crop,352.77777777777777,254.4814814814815,non-Organic
2026-03-01T00:00:00,巴西,iOS,Glowup,39.806451612903224,8.580645161290322,non-Organic
2026-02-01T00:00:00,美国,iOS,Details,38.535714285714285,13.964285714285714,non-Organic
2026-05-01T00:00:00,墨西哥,Android,Effects,20.838709677419356,0.6774193548387096,non-Organic
2026-02-01T00:00:00,墨西哥,iOS,Concealer,0.45454545454545453,0.09090909090909091,non-Organic
2026-03-01T00:00:00,墨西哥,Android,Filters,321.61290322580646,70.93548387096774,non-Organic
2026-01-01T00:00:00,墨西哥,iOS,Skin Tone,1.0869565217391304,0.6521739130434783,non-Organic
2026-05-01T00:00:00,美国,Android,Plump,14.32258064516129,4.774193548387097,non-Organic
2026-07-01T00:00:00,墨西哥,iOS,Background,12.129032258064516,0.4838709677419355,non-Organic
2026-07-01T00:00:00,墨西哥,iOS,Effects,27.0,0.45161290322580644,non-Organic
2026-06-01T00:00:00,墨西哥,Android,AI Repair,35.77777777777778,12.925925925925926,non-Organic
2026-08-01T00:00:00,美国,iOS,Face,356.8333333333333,144.83333333333334,non-Organic
2026-01-01T00:00:00,美国,Android,AI Retouch,70.12903225806451,29.903225806451612,non-Organic
2026-08-01T00:00:00,墨西哥,Android,Face,85.66666666666667,33.5,non-Organic
2026-04-01T00:00:00,墨西哥,iOS,Makeup,5.966666666666667,1.1,non-Organic
2026-07-01T00:00:00,美国,iOS,Expression,49.45161290322581,11.870967741935484,non-Organic
2026-07-01T00:00:00,英国,iOS,Filters,245.6451612903226,58.935483870967744,non-Organic
2026-07-01T00:00:00,美国,Android,Teeth,14.806451612903226,10.258064516129032,non-Organic
2026-04-01T00:00:00,巴西,Android,Crop,402.9,281.73333333333335,non-Organic
2026-03-01T00:00:00,巴西,Android,AI Replace,186.25806451612902,92.80645161290323,non-Organic
2026-04-01T00:00:00,墨西哥,Android,Details,18.366666666666667,5.6,non-Organic
2026-01-01T00:00:00,英国,Android,Glowup,1.1290322580645162,0.2903225806451613,non-Organic
2026-05-01T00:00:00,英国,iOS,AI Retouch,112.09677419354838,35.61290322580645,non-Organic
2026-07-01T00:00:00,美国,iOS,AI Retouch,415.61290322580646,113.64516129032258,non-Organic
2026-06-01T00:00:00,美国,iOS,AI Image,204.55555555555554,36.666666666666664,non-Organic
2026-05-01T00:00:00,墨西哥,iOS,Matte,0.24,0.12,non-Organic
2026-01-01T00:00:00,巴西,iOS,Hair,7.129032258064516,2.129032258064516,non-Organic
2026-07-01T00:00:00,巴西,Android,Prism,35.354838709677416,13.225806451612904,non-Organic
2026-08-01T00:00:00,英国,iOS,Body,64.33333333333333,32.833333333333336,non-Organic
2026-04-01T00:00:00,美国,iOS,Magic,438.8333333333333,202.66666666666666,non-Organic
2026-06-01T00:00:00,巴西,iOS,AI Tattoo,40.55555555555556,8.74074074074074,non-Organic
2026-03-01T00:00:00,墨西哥,Android,Whiten,0.0,0.0,non-Organic
2026-02-01T00:00:00,美国,Android,Details,14.535714285714286,5.75,non-Organic
2026-05-01T00:00:00,墨西哥,Android,Crop,13.0,9.483870967741936,non-Organic
2026-01-01T00:00:00,巴西,Android,Mykit,468.7741935483871,0.0,non-Organic
2026-03-01T00:00:00,墨西哥,iOS,AI Replace,0.3225806451612903,0.1935483870967742,non-Organic
2026-01-01T00:00:00,巴西,Android,Acne,455.2903225806452,225.96774193548387,non-Organic
2026-07-01T00:00:00,巴西,iOS,Preset,31.387096774193548,1.8064516129032258,non-Organic
2026-08-01T00:00:00,美国,iOS,AI Replace,14.666666666666666,6.666666666666667,non-Organic
2026-03-01T00:00:00,美国,Android,Collarbone,0.0,0.0,non-Organic
2026-04-01T00:00:00,巴西,Android,Makeup,1048.8,469.73333333333335,non-Organic
2026-07-01T00:00:00,美国,iOS,AI Repair,81.64516129032258,24.741935483870968,non-Organic
2026-04-01T00:00:00,美国,iOS,Stamp,16.3,3.7,non-Organic
2026-03-01T00:00:00,美国,Android,Adjust,29.870967741935484,11.838709677419354,non-Organic
2026-01-01T00:00:00,墨西哥,iOS,Dark Circles,0.5217391304347826,0.21739130434782608,non-Organic
2026-01-01T00:00:00,英国,iOS,AI Retouch,83.87096774193549,32.74193548387097,non-Organic
2026-03-01T00:00:00,英国,Android,Smooth,7.354838709677419,5.096774193548387,non-Organic
2026-03-01T00:00:00,墨西哥,Android,Expression,47.29032258064516,13.483870967741936,non-Organic
2026-07-01T00:00:00,巴西,Android,Body,237.5483870967742,127.29032258064517,non-Organic
2026-05-01T00:00:00,巴西,iOS,AI Tattoo,45.32258064516129,9.0,non-Organic
2026-05-01T00:00:00,英国,iOS,Stamp,3.2580645161290325,0.6774193548387096,non-Organic
2026-02-01T00:00:00,英国,iOS,Blur,13.464285714285714,7.857142857142857,non-Organic
2026-02-01T00:00:00,美国,iOS,Eye Brighten,41.892857142857146,23.107142857142858,non-Organic
2026-03-01T00:00:00,英国,iOS,Adjust,26.903225806451612,8.903225806451612,non-Organic
2026-03-01T00:00:00,英国,iOS,Whiten,0.0,0.0,non-Organic
2026-05-01T00:00:00,英国,iOS,Effects,31.903225806451612,0.45161290322580644,non-Organic
2026-06-01T00:00:00,英国,Android,Mykit,0.48148148148148145,0.0,non-Organic
2026-06-01T00:00:00,巴西,Android,AI Tattoo,259.51851851851853,64.96296296296296,non-Organic
2026-03-01T00:00:00,美国,iOS,AI Retouch,493.741935483871,162.19354838709677,non-Organic
2026-06-01T00:00:00,墨西哥,Android,Resize,13.62962962962963,4.62962962962963,non-Organic
2026-01-01T00:00:00,巴西,Android,Glitter,438.4193548387097,116.06451612903226,non-Organic
2026-04-01T00:00:00,巴西,Android,Concealer,378.56666666666666,155.53333333333333,non-Organic
2026-08-01T00:00:00,墨西哥,Android,Blur,20.333333333333332,10.333333333333334,non-Organic
2026-07-01T00:00:00,美国,Android,AI Repair,21.612903225806452,9.483870967741936,non-Organic
2026-04-01T00:00:00,墨西哥,Android,Relight,206.53333333333333,66.8,non-Organic
2026-07-01T00:00:00,巴西,iOS,Bokeh,7.838709677419355,2.096774193548387,non-Organic
2026-02-01T00:00:00,英国,iOS,Face Fix,21.464285714285715,4.035714285714286,non-Organic
2026-05-01T00:00:00,美国,iOS,Face Fix,143.8709677419355,23.903225806451612,non-Organic
2026-03-01T00:00:00,巴西,iOS,Teeth,25.129032258064516,0.0,non-Organic
2026-07-01T00:00:00,美国,iOS,Glitter,39.29032258064516,8.96774193548387,non-Organic
2026-05-01T00:00:00,巴西,iOS,Expression,32.70967741935484,6.580645161290323,non-Organic
2026-03-01T00:00:00,墨西哥,Android,AI Retouch,287.1290322580645,117.6774193548387,non-Organic
2026-04-01T00:00:00,英国,Android,Eye Brighten,1.6551724137931034,1.1379310344827587,non-Organic
2026-04-01T00:00:00,英国,iOS,Resize,21.766666666666666,10.266666666666667,non-Organic
2026-04-01T00:00:00,英国,iOS,Eye Brighten,13.866666666666667,8.833333333333334,non-Organic
2026-06-01T00:00:00,美国,Android,Resize,11.37037037037037,5.851851851851852,non-Organic
2026-02-01T00:00:00,巴西,iOS,Smooth,3.4642857142857144,2.8214285714285716,non-Organic
2026-02-01T00:00:00,美国,Android,Face,96.85714285714286,42.67857142857143,non-Organic
2026-05-01T00:00:00,巴西,iOS,Skin Tone,31.258064516129032,13.32258064516129,non-Organic
2026-06-01T00:00:00,英国,iOS,Eye Brighten,15.851851851851851,9.592592592592593,non-Organic
2026-01-01T00:00:00,英国,Android,Whiten,0.0,0.0,non-Organic
2026-02-01T00:00:00,墨西哥,iOS,Contour,0.2777777777777778,0.1111111111111111,non-Organic
2026-07-01T00:00:00,墨西哥,Android,Expression,34.774193548387096,7.451612903225806,non-Organic
2026-07-01T00:00:00,巴西,iOS,Matte,4.387096774193548,1.7419354838709677,non-Organic
2026-01-01T00:00:00,墨西哥,Android,Prism,12.161290322580646,4.193548387096774,non-Organic
2026-07-01T00:00:00,美国,iOS,Muscle,79.96774193548387,23.129032258064516,non-Organic
2026-02-01T00:00:00,英国,Android,Prism,0.08,0.0,non-Organic
2026-01-01T00:00:00,英国,iOS,Muscle,9.419354838709678,3.5483870967741935,non-Organic
2026-06-01T00:00:00,英国,Android,Acne,0.43478260869565216,0.21739130434782608,non-Organic
2026-07-01T00:00:00,英国,Android,Details,0.25,0.125,non-Organic
2026-05-01T00:00:00,巴西,Android,Collarbone,0.0,0.0,non-Organic
2026-01-01T00:00:00,英国,iOS,Dark Circles,14.32258064516129,9.741935483870968,non-Organic
2026-06-01T00:00:00,英国,Android,AI Repair,1.0,0.2962962962962963,non-Organic
2026-01-01T00:00:00,英国,Android,Crop,0.4,0.36666666666666664,non-Organic
2026-06-01T00:00:00,墨西哥,iOS,Preset,0.9629629629629629,0.0,non-Organic
2026-01-01T00:00:00,巴西,Android,Glowup,815.258064516129,228.48387096774192,non-Organic
2026-02-01T00:00:00,美国,iOS,Dark Circles,56.464285714285715,31.535714285714285,non-Organic
2026-01-01T00:00:00,美国,iOS,Resize,67.35483870967742,30.096774193548388,non-Organic
2026-02-01T00:00:00,美国,iOS,AI Expand,42.17857142857143,14.607142857142858,non-Organic
2026-04-01T00:00:00,巴西,Android,Adjust,467.46666666666664,202.56666666666666,non-Organic
2026-02-01T00:00:00,英国,iOS,Text,4.0,0.35714285714285715,non-Organic
2026-01-01T00:00:00,英国,Android,Stamp,0.10714285714285714,0.0,non-Organic
2026-03-01T00:00:00,墨西哥,Android,Smooth,72.58064516129032,34.87096774193548,non-Organic
2026-01-01T00:00:00,美国,iOS,Body,147.61290322580646,84.6774193548387,non-Organic
2026-02-01T00:00:00,巴西,Android,Blur,234.17857142857142,113.5,non-Organic
2026-08-01T00:00:00,英国,iOS,Stamp,6.166666666666667,1.0,non-Organic
2026-03-01T00:00:00,英国,iOS,Smooth,63.483870967741936,45.16129032258065,non-Organic
2026-08-01T00:00:00,巴西,iOS,Contour,11.166666666666666,6.5,non-Organic
2026-08-01T00:00:00,墨西哥,Android,Muscle,11.166666666666666,2.1666666666666665,non-Organic
2026-08-01T00:00:00,美国,iOS,Reshape,115.16666666666667,54.666666666666664,non-Organic
2026-08-01T00:00:00,英国,Android,Relight,1.5,0.8333333333333334,non-Organic
2026-08-01T00:00:00,英国,iOS,Whiten,0.0,0.0,non-Organic
2026-07-01T00:00:00,美国,iOS,Hair,437.80645161290323,115.90322580645162,non-Organic
2026-07-01T00:00:00,巴西,Android,Preset,150.5483870967742,9.193548387096774,non-Organic
2026-06-01T00:00:00,巴西,Android,Details,55.03703703703704,18.62962962962963,non-Organic
2026-04-01T00:00:00,墨西哥,iOS,Magic,22.5,5.8,non-Organic
2026-01-01T00:00:00,墨西哥,Android,AI Tattoo,23.225806451612904,7.451612903225806,non-Organic
2026-02-01T00:00:00,巴西,Android,Magic,3043.535714285714,1425.857142857143,non-Organic
2026-06-01T00:00:00,美国,Android,Filters,66.25925925925925,22.40740740740741,non-Organic
2026-05-01T00:00:00,美国,Android,Filters,82.03225806451613,30.258064516129032,non-Organic
2026-03-01T00:00:00,墨西哥,iOS,Muscle,0.7741935483870968,0.3870967741935484,non-Organic
2026-06-01T00:00:00,墨西哥,iOS,AI Image,1.7407407407407407,0.2222222222222222,non-Organic
2026-04-01T00:00:00,巴西,Android,Expression,265.8666666666667,71.5,non-Organic
2026-04-01T00:00:00,巴西,iOS,Filters,239.53333333333333,32.5,non-Organic
2026-06-01T00:00:00,墨西哥,Android,Background,29.185185185185187,2.814814814814815,non-Organic
2026-05-01T00:00:00,美国,Android,Mykit,14.483870967741936,0.0,non-Organic
2026-02-01T00:00:00,墨西哥,Android,Matte,4.035714285714286,1.7142857142857142,non-Organic
2026-07-01T00:00:00,英国,Android,Prism,0.21428571428571427,0.10714285714285714,non-Organic
2026-04-01T00:00:00,墨西哥,iOS,Face Fix,7.166666666666667,0.8333333333333334,non-Organic
2026-04-01T00:00:00,墨西哥,Android,Flawless,0.0,0.0,non-Organic
2026-08-01T00:00:00,墨西哥,Android,Stamp,8.833333333333334,1.6666666666666667,non-Organic
2026-07-01T00:00:00,美国,iOS,Relight,488.3225806451613,251.5483870967742,non-Organic
2026-01-01T00:00:00,巴西,iOS,Matte,0.3448275862068966,0.13793103448275862,non-Organic
2026-03-01T00:00:00,美国,iOS,Concealer,112.83870967741936,47.38709677419355,non-Organic
2026-06-01T00:00:00,巴西,Android,AI Retouch,1891.7777777777778,551.2222222222222,non-Organic
2026-07-01T00:00:00,巴西,iOS,Crop,29.741935483870968,19.612903225806452,non-Organic
2026-03-01T00:00:00,英国,Android,Dark Circles,2.3870967741935485,1.6774193548387097,non-Organic
2026-08-01T00:00:00,墨西哥,Android,Crop,38.166666666666664,27.5,non-Organic
2026-01-01T00:00:00,墨西哥,iOS,Flawless,0.0,0.0,non-Organic
2026-08-01T00:00:00,墨西哥,iOS,Skin Tone,19.0,10.5,non-Organic
2026-08-01T00:00:00,美国,Android,Blur,16.166666666666668,9.5,non-Organic
2026-07-01T00:00:00,墨西哥,iOS,Matte,2.870967741935484,1.2258064516129032,non-Organic
2026-02-01T00:00:00,墨西哥,Android,Prism,4.071428571428571,1.4285714285714286,non-Organic
2026-08-01T00:00:00,美国,iOS,Relight,398.3333333333333,210.83333333333334,non-Organic
2026-03-01T00:00:00,英国,Android,AI Replace,1.5161290322580645,0.7419354838709677,non-Organic
2026-08-01T00:00:00,美国,iOS,Background,59.833333333333336,7.166666666666667,non-Organic
2026-02-01T00:00:00,巴西,iOS,Glitter,0.7857142857142857,0.21428571428571427,non-Organic
2026-01-01T00:00:00,美国,iOS,Skin Tone,112.0,63.0,non-Organic
2026-06-01T00:00:00,墨西哥,iOS,Hair,2.185185185185185,0.7407407407407407,non-Organic
2026-03-01T00:00:00,美国,iOS,AI Replace,42.354838709677416,21.258064516129032,non-Organic
2026-07-01T00:00:00,美国,iOS,Details,25.387096774193548,8.290322580645162,non-Organic
2026-01-01T00:00:00,英国,iOS,Acne,25.677419354838708,17.032258064516128,non-Organic
2026-05-01T00:00:00,英国,Android,Plump,0.3548387096774194,0.0967741935483871,non-Organic
2026-06-01T00:00:00,美国,iOS,Muscle,160.1851851851852,49.74074074074074,non-Organic
2026-02-01T00:00:00,墨西哥,Android,Stamp,7.285714285714286,1.6428571428571428,non-Organic
2026-07-01T00:00:00,巴西,Android,AI Retouch,803.8709677419355,223.41935483870967,non-Organic
2026-02-01T00:00:00,英国,iOS,Stamp,3.142857142857143,0.8214285714285714,non-Organic
2026-08-01T00:00:00,墨西哥,iOS,Magic,113.83333333333333,37.166666666666664,non-Organic
2026-08-01T00:00:00,巴西,iOS,AI Image,103.16666666666667,38.166666666666664,non-Organic
2026-05-01T00:00:00,巴西,Android,Muscle,443.35483870967744,117.93548387096774,non-Organic
2026-07-01T00:00:00,墨西哥,Android,Blur,23.29032258064516,11.419354838709678,non-Organic
2026-05-01T00:00:00,巴西,Android,Whiten,0.0,0.0,non-Organic
2026-02-01T00:00:00,美国,iOS,Skin Tone,117.82142857142857,66.78571428571429,non-Organic
2026-04-01T00:00:00,巴西,iOS,Brighten,12.5,5.533333333333333,non-Organic
2026-07-01T00:00:00,美国,iOS,Smooth,157.4516129032258,90.41935483870968,non-Organic
2026-07-01T00:00:00,墨西哥,iOS,Relight,126.35483870967742,69.38709677419355,non-Organic
2026-03-01T00:00:00,巴西,iOS,Glitter,16.35483870967742,3.5806451612903225,non-Organic
2026-01-01T00:00:00,巴西,Android,Dark Circles,382.80645161290323,180.61290322580646,non-Organic
2026-01-01T00:00:00,墨西哥,iOS,Body,1.8333333333333333,1.1,non-Organic
2026-04-01T00:00:00,墨西哥,Android,Makeup,183.7,71.06666666666666,non-Organic
2026-04-01T00:00:00,墨西哥,Android,Glowup,126.33333333333333,14.333333333333334,non-Organic
2026-02-01T00:00:00,巴西,iOS,Details,0.5384615384615384,0.23076923076923078,non-Organic
2026-03-01T00:00:00,美国,Android,Crop,23.322580645161292,18.096774193548388,non-Organic
2026-04-01T00:00:00,英国,Android,AI Retouch,14.333333333333334,5.7,non-Organic
2026-01-01T00:00:00,美国,iOS,Filters,363.51612903225805,53.74193548387097,non-Organic
2026-07-01T00:00:00,巴西,Android,Reshape,293.0,166.48387096774192,non-Organic
2026-02-01T00:00:00,英国,iOS,Prism,2.0357142857142856,0.39285714285714285,non-Organic
2026-04-01T00:00:00,英国,iOS,Preset,25.3,2.2333333333333334,non-Organic
2026-07-01T00:00:00,巴西,iOS,Whiten,0.0,0.0,non-Organic
2026-08-01T00:00:00,美国,iOS,Smooth,113.83333333333333,69.0,non-Organic
2026-05-01T00:00:00,美国,Android,Relight,32.83870967741935,15.161290322580646,non-Organic
2026-08-01T00:00:00,英国,Android,Resize,0.3333333333333333,0.16666666666666666,non-Organic
2026-08-01T00:00:00,墨西哥,iOS,Relight,309.3333333333333,169.16666666666666,non-Organic
2026-05-01T00:00:00,墨西哥,Android,Reshape,46.806451612903224,9.32258064516129,non-Organic
2026-06-01T00:00:00,墨西哥,iOS,Filters,3.740740740740741,0.7777777777777778,non-Organic
2026-02-01T00:00:00,巴西,iOS,Mykit,1.3571428571428572,0.0,non-Organic
2026-08-01T00:00:00,巴西,Android,Background,183.33333333333334,14.166666666666666,non-Organic
2026-05-01T00:00:00,墨西哥,Android,Smooth,21.193548387096776,6.935483870967742,non-Organic
2026-04-01T00:00:00,英国,iOS,AI Image,30.866666666666667,2.7333333333333334,non-Organic
2026-01-01T00:00:00,墨西哥,Android,AI Repair,46.774193548387096,18.806451612903224,non-Organic
2026-02-01T00:00:00,英国,Android,Hair,3.2857142857142856,0.8928571428571429,non-Organic
2026-02-01T00:00:00,美国,iOS,AI Tattoo,46.964285714285715,9.428571428571429,non-Organic
2026-05-01T00:00:00,巴西,Android,Matte,51.74193548387097,18.903225806451612,non-Organic
2026-06-01T00:00:00,美国,Android,Skin Tone,23.296296296296298,13.74074074074074,non-Organic
2026-06-01T00:00:00,美国,iOS,Bokeh,20.48148148148148,3.185185185185185,non-Organic
2026-03-01T00:00:00,英国,iOS,Matte,8.193548387096774,3.7096774193548385,non-Organic
2026-07-01T00:00:00,美国,Android,Face Fix,17.838709677419356,5.870967741935484,non-Organic
2026-04-01T00:00:00,巴西,iOS,Eraser,57.5,23.966666666666665,non-Organic
2026-05-01T00:00:00,英国,iOS,Glitter,7.838709677419355,1.4516129032258065,non-Organic
2026-02-01T00:00:00,墨西哥,iOS,AI Retouch,3.0357142857142856,1.0357142857142858,non-Organic
2026-04-01T00:00:00,巴西,iOS,Plump,16.9,6.2,non-Organic
2026-05-01T00:00:00,英国,iOS,Matte,8.548387096774194,4.32258064516129,non-Organic
2026-08-01T00:00:00,英国,Android,Teeth,1.0,0.16666666666666666,non-Organic
2026-08-01T00:00:00,巴西,Android,Plump,91.33333333333333,29.666666666666668,non-Organic
2026-08-01T00:00:00,美国,Android,AI Repair,35.833333333333336,13.166666666666666,non-Organic
2026-07-01T00:00:00,英国,Android,Adjust,0.6129032258064516,0.3548387096774194,non-Organic
2026-07-01T00:00:00,美国,iOS,Crop,52.61290322580645,31.677419354838708,non-Organic
2026-04-01T00:00:00,美国,iOS,AI Expand,39.766666666666666,16.633333333333333,non-Organic
2026-07-01T00:00:00,巴西,iOS,AI Image,53.67741935483871,18.483870967741936,non-Organic
2026-07-01T00:00:00,墨西哥,Android,Dark Circles,15.870967741935484,6.612903225806452,non-Organic
2026-02-01T00:00:00,美国,Android,Makeup,53.285714285714285,26.892857142857142,non-Organic
2026-03-01T00:00:00,墨西哥,Android,Prism,20.419354838709676,7.483870967741935,non-Organic
2026-07-01T00:00:00,美国,iOS,Reshape,141.29032258064515,69.19354838709677,non-Organic
2026-03-01T00:00:00,英国,Android,Magic,15.32258064516129,6.806451612903226,non-Organic
2026-07-01T00:00:00,墨西哥,iOS,Glitter,9.129032258064516,2.032258064516129,non-Organic
2026-05-01T00:00:00,英国,Android,Dark Circles,0.3333333333333333,0.23809523809523808,non-Organic
2026-01-01T00:00:00,美国,Android,Plump,18.096774193548388,7.451612903225806,non-Organic
2026-04-01T00:00:00,巴西,iOS,Concealer,16.033333333333335,6.133333333333334,non-Organic
2026-07-01T00:00:00,英国,iOS,Clean Skin,31.681818181818183,18.681818181818183,non-Organic
2026-03-01T00:00:00,英国,Android,Face,17.225806451612904,8.161290322580646,non-Organic
2026-06-01T00:00:00,美国,iOS,Crop,83.14814814814815,54.407407407407405,non-Organic
2026-08-01T00:00:00,英国,Android,Bokeh,0.0,0.0,non-Organic
2026-08-01T00:00:00,巴西,iOS,Makeup,193.33333333333334,70.16666666666667,non-Organic
2026-04-01T00:00:00,美国,Android,Mykit,17.2,0.0,non-Organic
2026-05-01T00:00:00,美国,iOS,Muscle,129.29032258064515,37.54838709677419,non-Organic
2026-06-01T00:00:00,英国,Android,Text,0.14814814814814814,0.0,non-Organic
2026-01-01T00:00:00,墨西哥,Android,Blur,24.64516129032258,12.064516129032258,non-Organic
2026-05-01T00:00:00,巴西,iOS,Effects,91.25806451612904,2.096774193548387,non-Organic
2026-08-01T00:00:00,英国,Android,Matte,0.16666666666666666,0.0,non-Organic
2026-03-01T00:00:00,英国,Android,Flawless,0.0,0.0,non-Organic
2026-08-01T00:00:00,美国,iOS,Effects,74.33333333333333,1.6666666666666667,non-Organic
2026-04-01T00:00:00,巴西,iOS,AI Tattoo,57.6,24.633333333333333,non-Organic
2026-06-01T00:00:00,美国,Android,Body,28.22222222222222,15.925925925925926,non-Organic
2026-08-01T00:00:00,巴西,Android,Clean Skin,108.16666666666667,59.666666666666664,non-Organic
2026-03-01T00:00:00,美国,iOS,Plump,79.12903225806451,22.29032258064516,non-Organic
2026-02-01T00:00:00,美国,iOS,Concealer,90.25,38.642857142857146,non-Organic
2026-03-01T00:00:00,墨西哥,Android,Skin Tone,75.3225806451613,39.225806451612904,non-Organic
2026-05-01T00:00:00,巴西,iOS,Brighten,24.193548387096776,11.129032258064516,non-Organic
2026-04-01T00:00:00,美国,Android,Crop,23.133333333333333,18.6,non-Organic
2026-07-01T00:00:00,墨西哥,Android,Acne,28.387096774193548,11.838709677419354,non-Organic
2026-03-01T00:00:00,美国,Android,Preset,27.516129032258064,3.193548387096774,non-Organic
2026-03-01T00:00:00,墨西哥,Android,Resize,22.29032258064516,6.741935483870968,non-Organic
2026-07-01T00:00:00,美国,Android,Effects,20.806451612903224,1.3870967741935485,non-Organic
2026-06-01T00:00:00,美国,iOS,Mykit,71.70370370370371,0.0,non-Organic
2026-07-01T00:00:00,美国,iOS,Flawless,0.0,0.0,non-Organic
2026-06-01T00:00:00,墨西哥,Android,Effects,43.111111111111114,1.5555555555555556,non-Organic
2026-02-01T00:00:00,墨西哥,Android,Adjust,21.392857142857142,6.928571428571429,non-Organic
2026-08-01T00:00:00,墨西哥,Android,Prism,6.333333333333333,1.6666666666666667,non-Organic
2026-01-01T00:00:00,美国,Android,AI Replace,8.64516129032258,3.967741935483871,non-Organic
2026-06-01T00:00:00,美国,iOS,Preset,208.37037037037038,10.62962962962963,non-Organic
2026-03-01T00:00:00,巴西,iOS,AI Retouch,125.09677419354838,53.03225806451613,non-Organic
2026-06-01T00:00:00,巴西,Android,Resize,120.48148148148148,48.55555555555556,non-Organic
2026-08-01T00:00:00,巴西,Android,Body,332.5,173.5,non-Organic
2026-08-01T00:00:00,英国,Android,AI Retouch,2.3333333333333335,0.5,non-Organic
2026-08-01T00:00:00,巴西,Android,Brighten,51.666666666666664,22.666666666666668,non-Organic
2026-01-01T00:00:00,美国,iOS,Eye Brighten,42.774193548387096,23.516129032258064,non-Organic
2026-02-01T00:00:00,巴西,Android,Text,238.03571428571428,28.642857142857142,non-Organic
2026-06-01T00:00:00,巴西,Android,Preset,383.44444444444446,36.48148148148148,non-Organic
2026-04-01T00:00:00,墨西哥,iOS,AI Expand,2.1333333333333333,0.8,non-Organic
2026-06-01T00:00:00,美国,iOS,Smooth,281.74074074074076,175.59259259259258,non-Organic
2026-04-01T00:00:00,墨西哥,Android,Smooth,75.63333333333334,28.7,non-Organic
2026-03-01T00:00:00,巴西,iOS,Eye Brighten,6.096774193548387,2.903225806451613,non-Organic
2026-08-01T00:00:00,英国,iOS,Text,4.166666666666667,0.3333333333333333,non-Organic
2026-02-01T00:00:00,墨西哥,Android,Crop,17.25,12.75,non-Organic
2026-04-01T00:00:00,美国,iOS,AI Replace,29.9,14.033333333333333,non-Organic
2026-04-01T00:00:00,美国,Android,Stamp,5.133333333333334,0.9,non-Organic
2026-05-01T00:00:00,巴西,Android,Expression,241.61290322580646,52.774193548387096,non-Organic
2026-02-01T00:00:00,墨西哥,Android,Expression,11.642857142857142,3.892857142857143,non-Organic
2026-05-01T00:00:00,美国,Android,Skin Tone,26.838709677419356,15.806451612903226,non-Organic
2026-05-01T00:00:00,英国,iOS,Resize,23.129032258064516,10.838709677419354,non-Organic
2026-05-01T00:00:00,巴西,iOS,Blur,25.70967741935484,12.03225806451613,non-Organic
2026-04-01T00:00:00,英国,Android,Resize,2.2666666666666666,1.1,non-Organic
2026-07-01T00:00:00,墨西哥,iOS,Flawless,0.0,0.0,non-Organic
2026-02-01T00:00:00,墨西哥,iOS,Body,1.8571428571428572,1.25,non-Organic
2026-08-01T00:00:00,英国,Android,Makeup,2.1666666666666665,0.3333333333333333,non-Organic
2026-06-01T00:00:00,巴西,Android,Glowup,381.51851851851853,67.55555555555556,non-Organic
2026-03-01T00:00:00,美国,Android,Mykit,17.516129032258064,0.0,non-Organic
2026-04-01T00:00:00,墨西哥,Android,AI Image,184.36666666666667,21.9,non-Organic
2026-06-01T00:00:00,墨西哥,Android,Magic,131.40740740740742,38.111111111111114,non-Organic
2026-01-01T00:00:00,美国,iOS,Mykit,44.0,0.0,non-Organic
2026-04-01T00:00:00,美国,Android,Makeup,49.5,23.333333333333332,non-Organic
2026-07-01T00:00:00,美国,Android,Acne,17.741935483870968,12.161290322580646,non-Organic
2026-06-01T00:00:00,巴西,Android,Contour,70.77777777777777,31.59259259259259,non-Organic
2026-02-01T00:00:00,墨西哥,iOS,Background,1.0,0.07142857142857142,non-Organic
2026-02-01T00:00:00,英国,iOS,Crop,9.107142857142858,6.428571428571429,non-Organic
2026-04-01T00:00:00,墨西哥,iOS,Blur,0.8666666666666667,0.2,non-Organic
2026-01-01T00:00:00,墨西哥,iOS,Background,1.032258064516129,0.12903225806451613,non-Organic
2026-08-01T00:00:00,巴西,Android,Eraser,493.6666666666667,256.8333333333333,non-Organic
2026-06-01T00:00:00,墨西哥,Android,Blur,13.11111111111111,5.037037037037037,non-Organic
2026-04-01T00:00:00,墨西哥,iOS,AI Replace,0.7,0.26666666666666666,non-Organic
2026-01-01T00:00:00,英国,Android,Prism,0.07142857142857142,0.0,non-Organic
2026-01-01T00:00:00,巴西,iOS,Whiten,0.0,0.0,non-Organic
2026-02-01T00:00:00,墨西哥,iOS,Eraser,2.2857142857142856,1.2857142857142858,non-Organic
2026-04-01T00:00:00,英国,Android,AI Tattoo,1.1,0.13333333333333333,non-Organic
2026-07-01T00:00:00,巴西,iOS,AI Repair,40.16129032258065,15.741935483870968,non-Organic
2026-01-01T00:00:00,墨西哥,iOS,Reshape,1.6666666666666667,0.6333333333333333,non-Organic
2026-04-01T00:00:00,英国,Android,Dark Circles,1.9333333333333333,1.5333333333333334,non-Organic
2026-04-01T00:00:00,美国,iOS,Blur,56.733333333333334,29.233333333333334,non-Organic
2026-02-01T00:00:00,英国,Android,Bokeh,0.2857142857142857,0.03571428571428571,non-Organic
2026-08-01T00:00:00,墨西哥,iOS,Effects,46.166666666666664,0.5,non-Organic
2026-07-01T00:00:00,英国,iOS,Effects,57.0,0.8387096774193549,non-Organic
2026-06-01T00:00:00,英国,iOS,Brighten,29.85185185185185,15.555555555555555,non-Organic
2026-03-01T00:00:00,墨西哥,iOS,AI Repair,3.4516129032258065,2.129032258064516,non-Organic
2026-05-01T00:00:00,巴西,Android,Crop,325.4516129032258,248.16129032258064,non-Organic
2026-05-01T00:00:00,墨西哥,Android,Mykit,13.35483870967742,0.0,non-Organic
2026-01-01T00:00:00,美国,iOS,Matte,28.0,13.096774193548388,non-Organic
2026-04-01T00:00:00,美国,iOS,AI Repair,72.93333333333334,23.4,non-Organic
2026-05-01T00:00:00,英国,iOS,Teeth,25.516129032258064,0.0,non-Organic
2026-05-01T00:00:00,英国,Android,Concealer,0.6956521739130435,0.4782608695652174,non-Organic
2026-03-01T00:00:00,美国,Android,Contour,10.741935483870968,4.516129032258065,non-Organic
2026-05-01T00:00:00,墨西哥,iOS,Prism,0.13333333333333333,0.0,non-Organic
2026-01-01T00:00:00,巴西,iOS,Stamp,0.7741935483870968,0.16129032258064516,non-Organic
2026-02-01T00:00:00,巴西,iOS,Filters,9.357142857142858,1.5357142857142858,non-Organic
2026-03-01T00:00:00,英国,Android,Eraser,5.193548387096774,3.161290322580645,non-Organic
2026-01-01T00:00:00,巴西,Android,Relight,1471.6129032258063,680.9354838709677,non-Organic
2026-05-01T00:00:00,墨西哥,Android,Hair,461.7741935483871,68.41935483870968,non-Organic
2026-06-01T00:00:00,墨西哥,iOS,Details,0.7368421052631579,0.21052631578947367,non-Organic
2026-02-01T00:00:00,巴西,Android,AI Expand,546.0,242.92857142857142,non-Organic
2026-03-01T00:00:00,英国,iOS,Glowup,42.193548387096776,15.451612903225806,non-Organic
2026-01-01T00:00:00,英国,Android,Smooth,1.2608695652173914,1.0,non-Organic
2026-01-01T00:00:00,英国,Android,Mykit,1.0333333333333334,0.0,non-Organic
2026-03-01T00:00:00,英国,Android,Glitter,0.8064516129032258,0.16129032258064516,non-Organic
2026-01-01T00:00:00,巴西,Android,Flawless,0.0,0.0,non-Organic
2026-01-01T00:00:00,英国,Android,Details,0.4,0.25,non-Organic
2026-06-01T00:00:00,墨西哥,iOS,Contour,0.2608695652173913,0.08695652173913043,non-Organic
2026-08-01T00:00:00,美国,Android,Muscle,11.666666666666666,4.833333333333333,non-Organic
2026-08-01T00:00:00,英国,Android,Glitter,0.5,0.0,non-Organic
2026-08-01T00:00:00,巴西,iOS,Reshape,114.66666666666667,44.333333333333336,non-Organic
2026-08-01T00:00:00,英国,iOS,Expression,17.5,4.0,non-Organic
2026-08-01T00:00:00,墨西哥,iOS,Filters,346.0,81.16666666666667,non-Organic
2026-02-01T00:00:00,巴西,Android,AI Repair,471.07142857142856,205.5,non-Organic
2026-02-01T00:00:00,美国,iOS,AI Retouch,436.92857142857144,145.64285714285714,non-Organic
2026-03-01T00:00:00,英国,iOS,Details,12.129032258064516,4.0,non-Organic
2026-02-01T00:00:00,墨西哥,Android,AI Image,35.214285714285715,3.7857142857142856,non-Organic
2026-07-01T00:00:00,美国,Android,Magic,73.90322580645162,33.32258064516129,non-Organic
2026-01-01T00:00:00,英国,Android,Bokeh,0.13333333333333333,0.0,non-Organic
2026-07-01T00:00:00,墨西哥,Android,AI Replace,10.935483870967742,4.516129032258065,non-Organic
2026-07-01T00:00:00,巴西,Android,Contour,30.0,13.870967741935484,non-Organic
2026-02-01T00:00:00,墨西哥,Android,Muscle,7.178571428571429,2.2142857142857144,non-Organic
2026-07-01T00:00:00,巴西,Android,Eye Brighten,42.16129032258065,22.612903225806452,non-Organic
2026-02-01T00:00:00,巴西,Android,AI Replace,183.10714285714286,85.07142857142857,non-Organic
2026-06-01T00:00:00,英国,Android,Whiten,0.0,0.0,non-Organic
2026-01-01T00:00:00,美国,iOS,AI Retouch,432.80645161290323,137.74193548387098,non-Organic
2026-06-01T00:00:00,美国,Android,AI Replace,7.037037037037037,3.2222222222222223,non-Organic
2026-04-01T00:00:00,巴西,iOS,Eye Brighten,4.933333333333334,2.2333333333333334,non-Organic
2026-02-01T00:00:00,巴西,iOS,Glowup,3.6785714285714284,0.75,non-Organic
2026-04-01T00:00:00,墨西哥,iOS,AI Repair,5.233333333333333,2.6,non-Organic
2026-01-01T00:00:00,墨西哥,iOS,Smooth,1.4583333333333333,0.875,non-Organic
2026-03-01T00:00:00,美国,Android,Matte,9.64516129032258,5.0,non-Organic
2026-08-01T00:00:00,美国,Android,Face Fix,24.166666666666668,6.0,non-Organic
2026-05-01T00:00:00,美国,iOS,Acne,160.7741935483871,91.0,non-Organic
2026-07-01T00:00:00,巴西,iOS,Prism,6.129032258064516,2.0,non-Organic
2026-07-01T00:00:00,美国,iOS,Prism,10.451612903225806,3.4193548387096775,non-Organic
2026-08-01T00:00:00,美国,Android,Acne,19.166666666666668,11.5,non-Organic
2026-08-01T00:00:00,美国,iOS,Resize,46.5,18.0,non-Organic
2026-08-01T00:00:00,巴西,Android,Effects,180.16666666666666,6.5,non-Organic
2026-08-01T00:00:00,巴西,Android,Dark Circles,53.166666666666664,34.0,non-Organic
2026-02-01T00:00:00,英国,Android,Details,0.5652173913043478,0.08695652173913043,non-Organic
2026-06-01T00:00:00,英国,iOS,AI Expand,7.7407407407407405,2.6666666666666665,non-Organic
2026-07-01T00:00:00,巴西,Android,Effects,172.0,6.516129032258065,non-Organic
2026-05-01T00:00:00,美国,iOS,Face,700.1290322580645,280.7741935483871,non-Organic
2026-07-01T00:00:00,美国,Android,Eraser,31.193548387096776,16.451612903225808,non-Organic
2026-03-01T00:00:00,墨西哥,Android,Reshape,108.93548387096774,35.903225806451616,non-Organic
2026-02-01T00:00:00,墨西哥,iOS,Effects,1.0714285714285714,0.0,non-Organic
2026-06-01T00:00:00,墨西哥,Android,AI Tattoo,38.2962962962963,9.407407407407407,non-Organic
2026-01-01T00:00:00,美国,iOS,Bokeh,15.838709677419354,3.3548387096774195,non-Organic
2026-03-01T00:00:00,英国,iOS,Bokeh,5.032258064516129,0.8387096774193549,non-Organic
2026-06-01T00:00:00,墨西哥,Android,Face Fix,26.59259259259259,3.4814814814814814,non-Organic
2026-03-01T00:00:00,墨西哥,iOS,Face Fix,1.2903225806451613,0.3870967741935484,non-Organic
2026-06-01T00:00:00,美国,Android,AI Tattoo,6.222222222222222,1.1481481481481481,non-Organic
2026-01-01T00:00:00,墨西哥,iOS,Eye Brighten,0.18181818181818182,0.13636363636363635,non-Organic
2026-04-01T00:00:00,墨西哥,iOS,Text,1.2,0.0,non-Organic
2026-04-01T00:00:00,墨西哥,Android,Reshape,146.13333333333333,37.7,non-Organic
2026-01-01T00:00:00,墨西哥,Android,Concealer,34.806451612903224,12.516129032258064,non-Organic
2026-01-01T00:00:00,巴西,Android,Teeth,600.9354838709677,0.12903225806451613,non-Organic
2026-01-01T00:00:00,巴西,iOS,Adjust,3.6774193548387095,1.1290322580645162,non-Organic
2026-08-01T00:00:00,巴西,iOS,Preset,89.16666666666667,2.6666666666666665,non-Organic
2026-04-01T00:00:00,墨西哥,iOS,Dark Circles,1.2666666666666666,0.43333333333333335,non-Organic
2026-06-01T00:00:00,美国,Android,Concealer,20.444444444444443,8.148148148148149,non-Organic
2026-01-01T00:00:00,美国,iOS,AI Image,139.51612903225808,15.548387096774194,non-Organic
2026-04-01T00:00:00,美国,Android,Details,15.333333333333334,6.4,non-Organic
2026-06-01T00:00:00,巴西,Android,Matte,58.77777777777778,19.77777777777778,non-Organic
2026-03-01T00:00:00,巴西,iOS,AI Expand,29.70967741935484,11.483870967741936,non-Organic
2026-01-01T00:00:00,巴西,Android,AI Expand,640.258064516129,291.0,non-Organic
2026-04-01T00:00:00,美国,Android,Prism,4.733333333333333,1.2333333333333334,non-Organic
2026-07-01T00:00:00,美国,iOS,AI Image,90.83870967741936,19.387096774193548,non-Organic
2026-04-01T00:00:00,墨西哥,iOS,Stamp,1.0666666666666667,0.2,non-Organic
2026-03-01T00:00:00,墨西哥,Android,Crop,88.58064516129032,55.935483870967744,non-Organic
2026-04-01T00:00:00,英国,iOS,Adjust,33.233333333333334,16.866666666666667,non-Organic
2026-07-01T00:00:00,巴西,Android,Plump,95.48387096774194,31.612903225806452,non-Organic
2026-07-01T00:00:00,墨西哥,Android,Text,16.129032258064516,0.8387096774193549,non-Organic
2026-02-01T00:00:00,墨西哥,iOS,AI Tattoo,0.4642857142857143,0.10714285714285714,non-Organic
2026-04-01T00:00:00,墨西哥,Android,Hair,881.3,159.6,non-Organic
2026-01-01T00:00:00,墨西哥,Android,Text,17.612903225806452,2.3870967741935485,non-Organic
2026-06-01T00:00:00,墨西哥,iOS,Crop,0.48148148148148145,0.4444444444444444,non-Organic
2026-04-01T00:00:00,英国,iOS,Expression,16.2,3.533333333333333,non-Organic
2026-08-01T00:00:00,巴西,iOS,Resize,22.0,6.166666666666667,non-Organic
2026-03-01T00:00:00,美国,iOS,Magic,444.741935483871,200.03225806451613,non-Organic
2026-04-01T00:00:00,墨西哥,Android,Prism,20.666666666666668,7.333333333333333,non-Organic
2026-05-01T00:00:00,墨西哥,Android,Glowup,62.225806451612904,4.67741935483871,non-Organic
2026-01-01T00:00:00,美国,Android,Effects,24.483870967741936,1.8387096774193548,non-Organic
2026-08-01T00:00:00,墨西哥,iOS,Flawless,0.0,0.0,non-Organic
2026-08-01T00:00:00,巴西,iOS,Hair,164.16666666666666,45.166666666666664,non-Organic
2026-07-01T00:00:00,美国,iOS,Makeup,207.6451612903226,75.09677419354838,non-Organic
2026-02-01T00:00:00,墨西哥,iOS,Plump,0.42857142857142855,0.17857142857142858,non-Organic
2026-03-01T00:00:00,美国,Android,Reshape,33.70967741935484,16.096774193548388,non-Organic
2026-05-01T00:00:00,墨西哥,Android,Skin Tone,24.419354838709676,10.03225806451613,non-Organic
2026-07-01T00:00:00,英国,Android,Muscle,0.6451612903225806,0.0967741935483871,non-Organic
2026-06-01T00:00:00,美国,Android,Magic,73.4074074074074,35.666666666666664,non-Organic
2026-04-01T00:00:00,墨西哥,Android,Teeth,87.36666666666666,0.0,non-Organic
2026-06-01T00:00:00,英国,iOS,Teeth,32.81481481481482,5.814814814814815,non-Organic
2026-04-01T00:00:00,巴西,iOS,Skin Tone,17.266666666666666,8.033333333333333,non-Organic
2026-05-01T00:00:00,英国,Android,Eraser,0.6774193548387096,0.22580645161290322,non-Organic
2026-03-01T00:00:00,墨西哥,iOS,Text,0.6774193548387096,0.06451612903225806,non-Organic
2026-07-01T00:00:00,英国,iOS,Background,34.58064516129032,2.225806451612903,non-Organic
2026-05-01T00:00:00,巴西,iOS,Background,61.32258064516129,4.838709677419355,non-Organic
2026-04-01T00:00:00,英国,Android,Concealer,3.8333333333333335,1.9333333333333333,non-Organic
2026-06-01T00:00:00,英国,iOS,Dark Circles,20.14814814814815,12.851851851851851,non-Organic
2026-02-01T00:00:00,美国,iOS,Resize,74.39285714285714,32.035714285714285,non-Organic
2026-04-01T00:00:00,美国,Android,Hair,72.3,20.666666666666668,non-Organic
2026-02-01T00:00:00,英国,Android,Smooth,1.6666666666666667,1.375,non-Organic
2026-06-01T00:00:00,英国,iOS,AI Retouch,162.33333333333334,51.44444444444444,non-Organic
2026-01-01T00:00:00,英国,iOS,Text,4.903225806451613,0.5483870967741935,non-Organic
2026-03-01T00:00:00,墨西哥,Android,Bokeh,29.258064516129032,7.741935483870968,non-Organic
2026-08-01T00:00:00,英国,Android,Eye Brighten,0.0,0.0,non-Organic
2026-03-01T00:00:00,巴西,iOS,Body,57.806451612903224,29.419354838709676,non-Organic
2026-04-01T00:00:00,美国,Android,Smooth,48.56666666666667,35.666666666666664,non-Organic
2026-07-01T00:00:00,墨西哥,iOS,Makeup,32.83870967741935,13.709677419354838,non-Organic
2026-02-01T00:00:00,巴西,Android,Dark Circles,297.75,146.96428571428572,non-Organic
2026-08-01T00:00:00,墨西哥,Android,Face Fix,12.5,2.6666666666666665,non-Organic
2026-02-01T00:00:00,巴西,iOS,Bokeh,0.9285714285714286,0.35714285714285715,non-Organic
2026-03-01T00:00:00,墨西哥,iOS,AI Tattoo,0.3870967741935484,0.06451612903225806,non-Organic
2026-02-01T00:00:00,巴西,iOS,Reshape,5.428571428571429,3.857142857142857,non-Organic
2026-02-01T00:00:00,英国,Android,Contour,0.45454545454545453,0.13636363636363635,non-Organic
2026-03-01T00:00:00,英国,Android,Relight,3.5483870967741935,1.5483870967741935,non-Organic
2026-04-01T00:00:00,美国,iOS,Dark Circles,60.166666666666664,38.166666666666664,non-Organic
2026-05-01T00:00:00,美国,iOS,Stamp,17.838709677419356,4.064516129032258,non-Organic
2026-02-01T00:00:00,英国,iOS,Muscle,8.607142857142858,2.9642857142857144,non-Organic
2026-01-01T00:00:00,美国,Android,Concealer,19.806451612903224,8.580645161290322,non-Organic
2026-05-01T00:00:00,英国,Android,Acne,0.782608695652174,0.43478260869565216,non-Organic
2026-05-01T00:00:00,英国,iOS,Filters,104.96774193548387,26.387096774193548,non-Organic
2026-05-01T00:00:00,墨西哥,Android,Details,4.709677419354839,1.3870967741935485,non-Organic
2026-01-01T00:00:00,墨西哥,iOS,Preset,1.0,0.0967741935483871,non-Organic
2026-03-01T00:00:00,美国,Android,Muscle,8.935483870967742,3.129032258064516,non-Organic
2026-06-01T00:00:00,墨西哥,Android,Concealer,16.85185185185185,5.444444444444445,non-Organic
2026-01-01T00:00:00,巴西,Android,Brighten,576.6451612903226,265.38709677419354,non-Organic
2026-04-01T00:00:00,英国,iOS,Matte,8.666666666666666,3.933333333333333,non-Organic
2026-01-01T00:00:00,墨西哥,Android,Face Fix,23.903225806451612,5.161290322580645,non-Organic
2026-02-01T00:00:00,英国,Android,Teeth,0.8214285714285714,0.0,non-Organic
2026-02-01T00:00:00,美国,Android,Stamp,5.142857142857143,1.0714285714285714,non-Organic
2026-01-01T00:00:00,美国,Android,Brighten,15.483870967741936,8.870967741935484,non-Organic
2026-02-01T00:00:00,墨西哥,Android,Makeup,30.0,15.464285714285714,non-Organic
2026-03-01T00:00:00,巴西,Android,Acne,313.80645161290323,173.70967741935485,non-Organic
2026-01-01T00:00:00,巴西,iOS,Details,0.5714285714285714,0.25,non-Organic
2026-01-01T00:00:00,英国,Android,Matte,0.4444444444444444,0.1111111111111111,non-Organic
2026-04-01T00:00:00,英国,Android,AI Expand,1.4,0.3333333333333333,non-Organic
2026-04-01T00:00:00,英国,Android,Effects,4.266666666666667,0.13333333333333333,non-Organic
2026-08-01T00:00:00,墨西哥,iOS,AI Expand,113.0,86.83333333333333,non-Organic
2026-08-01T00:00:00,美国,iOS,Contour,16.5,8.166666666666666,non-Organic
2026-03-01T00:00:00,巴西,iOS,Background,39.935483870967744,5.774193548387097,non-Organic
2026-05-01T00:00:00,美国,iOS,AI Repair,144.70967741935485,43.806451612903224,non-Organic
2026-07-01T00:00:00,英国,Android,Stamp,0.1724137931034483,0.0,non-Organic
2026-03-01T00:00:00,巴西,iOS,Reshape,39.70967741935484,15.35483870967742,non-Organic
2026-05-01T00:00:00,巴西,Android,Magic,1222.032258064516,476.61290322580646,non-Organic
2026-06-01T00:00:00,巴西,iOS,AI Repair,61.925925925925924,25.444444444444443,non-Organic
2026-06-01T00:00:00,墨西哥,iOS,Matte,0.34782608695652173,0.2608695652173913,non-Organic
2026-02-01T00:00:00,英国,iOS,Matte,6.678571428571429,3.107142857142857,non-Organic
2026-06-01T00:00:00,美国,Android,Dark Circles,10.148148148148149,6.814814814814815,non-Organic
2026-03-01T00:00:00,英国,Android,AI Image,6.064516129032258,0.5161290322580645,non-Organic
2026-06-01T00:00:00,巴西,iOS,Whiten,0.0,0.0,non-Organic
2026-06-01T00:00:00,美国,Android,Effects,24.74074074074074,1.3333333333333333,non-Organic
2026-06-01T00:00:00,英国,Android,Adjust,0.8888888888888888,0.18518518518518517,non-Organic
2026-06-01T00:00:00,巴西,iOS,Prism,7.851851851851852,2.925925925925926,non-Organic
2026-08-01T00:00:00,墨西哥,iOS,Brighten,9.0,4.0,non-Organic
2026-08-01T00:00:00,巴西,Android,AI Expand,49.166666666666664,19.666666666666668,non-Organic
2026-06-01T00:00:00,英国,Android,Muscle,0.8518518518518519,0.4074074074074074,non-Organic
2026-03-01T00:00:00,巴西,Android,Filters,2399.483870967742,678.3225806451613,non-Organic
2026-08-01T00:00:00,美国,iOS,Skin Tone,76.0,42.0,non-Organic
2026-08-01T00:00:00,墨西哥,iOS,Whiten,0.0,0.0,non-Organic
2026-01-01T00:00:00,美国,Android,Details,11.129032258064516,4.935483870967742,non-Organic
2026-01-01T00:00:00,墨西哥,iOS,AI Retouch,2.6774193548387095,1.032258064516129,non-Organic
2026-01-01T00:00:00,美国,iOS,Eraser,168.4516129032258,102.16129032258064,non-Organic
2026-08-01T00:00:00,英国,iOS,Brighten,16.166666666666668,7.5,non-Organic
2026-04-01T00:00:00,巴西,Android,Matte,88.16666666666667,30.7,non-Organic
2026-01-01T00:00:00,墨西哥,iOS,Magic,3.3870967741935485,1.1290322580645162,non-Organic
2026-02-01T00:00:00,墨西哥,iOS,Acne,0.6363636363636364,0.3181818181818182,non-Organic
2026-04-01T00:00:00,巴西,iOS,Glitter,14.533333333333333,3.1333333333333333,non-Organic
2026-04-01T00:00:00,英国,iOS,Contour,11.5,6.366666666666666,non-Organic
2026-07-01T00:00:00,墨西哥,iOS,Skin Tone,10.96774193548387,5.709677419354839,non-Organic
2026-03-01T00:00:00,美国,Android,Eye Brighten,12.516129032258064,8.03225806451613,non-Organic
2026-02-01T00:00:00,墨西哥,iOS,Blur,0.39285714285714285,0.17857142857142858,non-Organic
2026-01-01T00:00:00,英国,iOS,Eraser,28.838709677419356,16.096774193548388,non-Organic
2026-05-01T00:00:00,美国,iOS,Body,286.258064516129,151.51612903225808,non-Organic
2026-06-01T00:00:00,美国,Android,Bokeh,4.925925925925926,1.0,non-Organic
2026-08-01T00:00:00,美国,iOS,Glowup,143.16666666666666,36.666666666666664,non-Organic
2026-08-01T00:00:00,英国,iOS,Background,20.5,2.0,non-Organic
2026-08-01T00:00:00,美国,Android,Plump,15.833333333333334,4.5,non-Organic
2026-08-01T00:00:00,墨西哥,Android,Preset,23.666666666666668,1.0,non-Organic
2026-04-01T00:00:00,巴西,Android,Hair,3205.766666666667,849.2333333333333,non-Organic
2026-04-01T00:00:00,墨西哥,iOS,Brighten,1.8666666666666667,0.7,non-Organic
2026-06-01T00:00:00,英国,iOS,Flawless,0.0,0.0,non-Organic
2026-08-01T00:00:00,英国,iOS,Effects,34.0,0.3333333333333333,non-Organic
2026-06-01T00:00:00,英国,Android,Contour,0.2631578947368421,0.0,non-Organic
2026-05-01T00:00:00,巴西,iOS,Smooth,53.96774193548387,28.0,non-Organic
2026-08-01T00:00:00,英国,Android,Stamp,0.16666666666666666,0.0,non-Organic
2026-03-01T00:00:00,英国,iOS,Resize,21.322580645161292,9.64516129032258,non-Organic
2026-03-01T00:00:00,巴西,iOS,Magic,129.41935483870967,51.483870967741936,non-Organic
2026-04-01T00:00:00,美国,Android,Adjust,27.6,11.4,non-Organic
2026-02-01T00:00:00,英国,Android,Crop,0.7142857142857143,0.5,non-Organic
2026-04-01T00:00:00,英国,Android,Magic,15.966666666666667,7.0,non-Organic
2026-05-01T00:00:00,英国,iOS,Body,53.096774193548384,31.774193548387096,non-Organic
2026-02-01T00:00:00,美国,iOS,AI Image,162.03571428571428,13.5,non-Organic
2026-06-01T00:00:00,巴西,Android,Body,484.6296296296296,236.55555555555554,non-Organic
2026-07-01T00:00:00,英国,iOS,Glitter,12.838709677419354,2.6129032258064515,non-Organic
2026-07-01T00:00:00,巴西,iOS,Magic,175.80645161290323,65.58064516129032,non-Organic
2026-06-01T00:00:00,美国,Android,Relight,28.444444444444443,13.296296296296296,non-Organic
2026-03-01T00:00:00,墨西哥,iOS,Magic,4.580645161290323,1.5483870967741935,non-Organic
2026-04-01T00:00:00,美国,Android,Muscle,9.066666666666666,2.933333333333333,non-Organic
2026-03-01T00:00:00,巴西,Android,Preset,547.9032258064516,69.06451612903226,non-Organic
2026-02-01T00:00:00,美国,Android,Acne,23.928571428571427,16.25,non-Organic
2026-05-01T00:00:00,墨西哥,Android,Makeup,33.96774193548387,6.612903225806452,non-Organic
2026-03-01T00:00:00,美国,iOS,Eraser,206.67741935483872,114.58064516129032,non-Organic
2026-02-01T00:00:00,巴西,iOS,Makeup,3.6785714285714284,1.5,non-Organic
2026-06-01T00:00:00,巴西,Android,Mykit,147.44444444444446,0.0,non-Organic
2026-02-01T00:00:00,英国,Android,Plump,0.42857142857142855,0.25,non-Organic
2026-05-01T00:00:00,英国,iOS,Skin Tone,44.935483870967744,30.903225806451612,non-Organic
2026-08-01T00:00:00,墨西哥,Android,Dark Circles,5.333333333333333,2.5,non-Organic
2026-02-01T00:00:00,美国,iOS,Glitter,32.785714285714285,6.642857142857143,non-Organic
2026-02-01T00:00:00,英国,iOS,Acne,25.0,16.785714285714285,non-Organic
2026-08-01T00:00:00,墨西哥,iOS,AI Tattoo,13.666666666666666,4.0,non-Organic
2026-08-01T00:00:00,美国,iOS,Acne,62.333333333333336,32.5,non-Organic
2026-07-01T00:00:00,巴西,iOS,Concealer,16.870967741935484,7.741935483870968,non-Organic
2026-07-01T00:00:00,英国,Android,Dark Circles,0.5,0.4230769230769231,non-Organic
2026-08-01T00:00:00,墨西哥,Android,AI Expand,31.166666666666668,23.166666666666668,non-Organic
2026-01-01T00:00:00,巴西,iOS,Muscle,2.193548387096774,0.8064516129032258,non-Organic
2026-03-01T00:00:00,巴西,iOS,AI Tattoo,107.54838709677419,54.45161290322581,non-Organic
2026-03-01T00:00:00,巴西,iOS,Face,105.2258064516129,40.903225806451616,non-Organic
2026-05-01T00:00:00,英国,iOS,Dark Circles,17.29032258064516,12.32258064516129,non-Organic
2026-05-01T00:00:00,英国,iOS,Relight,58.354838709677416,25.516129032258064,non-Organic
2026-05-01T00:00:00,英国,Android,Skin Tone,0.5217391304347826,0.2608695652173913,non-Organic
2026-06-01T00:00:00,巴西,Android,Bokeh,78.37037037037037,20.333333333333332,non-Organic
2026-04-01T00:00:00,巴西,iOS,Mykit,21.9,0.0,non-Organic
2026-06-01T00:00:00,巴西,iOS,AI Image,129.74074074074073,43.03703703703704,non-Organic
2026-06-01T00:00:00,美国,Android,Acne,20.40740740740741,14.11111111111111,non-Organic
2026-01-01T00:00:00,巴西,iOS,AI Tattoo,0.8709677419354839,0.41935483870967744,non-Organic
2026-07-01T00:00:00,美国,Android,Blur,12.129032258064516,6.354838709677419,non-Organic
2026-04-01T00:00:00,美国,Android,Glitter,10.833333333333334,1.7333333333333334,non-Organic
2026-03-01T00:00:00,英国,iOS,Relight,34.903225806451616,14.741935483870968,non-Organic
2026-04-01T00:00:00,墨西哥,Android,AI Retouch,484.73333333333335,110.66666666666667,non-Organic
2026-01-01T00:00:00,美国,Android,Makeup,42.41935483870968,21.677419354838708,non-Organic
2026-08-01T00:00:00,英国,Android,Whiten,0.0,0.0,non-Organic
2026-08-01T00:00:00,英国,iOS,Muscle,17.0,4.333333333333333,non-Organic
2026-08-01T00:00:00,英国,iOS,Makeup,65.83333333333333,25.0,non-Organic
2026-08-01T00:00:00,英国,iOS,Plump,22.333333333333332,7.833333333333333,non-Organic
2026-08-01T00:00:00,美国,Android,Dark Circles,7.333333333333333,5.5,non-Organic
2026-08-01T00:00:00,美国,iOS,Plump,43.166666666666664,12.833333333333334,non-Organic
2026-08-01T00:00:00,英国,Android,Effects,0.5,0.0,non-Organic
2026-08-01T00:00:00,巴西,iOS,AI Expand,26.0,8.0,non-Organic
2026-05-01T00:00:00,墨西哥,Android,Prism,2.3548387096774195,0.7096774193548387,non-Organic
2026-05-01T00:00:00,巴西,Android,AI Repair,318.51612903225805,125.96774193548387,non-Organic
2026-04-01T00:00:00,美国,iOS,Glitter,41.2,7.0,non-Organic
2026-06-01T00:00:00,巴西,iOS,Dark Circles,19.814814814814813,12.481481481481481,non-Organic
2026-05-01T00:00:00,英国,iOS,AI Expand,5.548387096774194,1.3870967741935485,non-Organic
2026-06-01T00:00:00,英国,Android,Smooth,0.9130434782608695,0.6086956521739131,non-Organic
2026-07-01T00:00:00,美国,iOS,Stamp,14.03225806451613,3.032258064516129,non-Organic
2026-08-01T00:00:00,墨西哥,iOS,Reshape,39.333333333333336,11.0,non-Organic
2026-06-01T00:00:00,美国,Android,Adjust,21.333333333333332,8.407407407407407,non-Organic
2026-08-01T00:00:00,美国,iOS,Preset,41.333333333333336,2.3333333333333335,non-Organic
2026-08-01T00:00:00,巴西,Android,Acne,142.16666666666666,95.5,non-Organic
2026-03-01T00:00:00,美国,Android,Eraser,38.0,19.903225806451612,non-Organic
2026-01-01T00:00:00,美国,Android,Eraser,25.93548387096774,14.193548387096774,non-Organic
2026-06-01T00:00:00,美国,Android,Text,5.111111111111111,0.8518518518518519,non-Organic
2026-02-01T00:00:00,英国,iOS,Brighten,17.428571428571427,9.0,non-Organic
2026-02-01T00:00:00,英国,iOS,Glowup,29.607142857142858,10.357142857142858,non-Organic
2026-02-01T00:00:00,美国,Android,Dark Circles,14.035714285714286,9.464285714285714,non-Organic
2026-05-01T00:00:00,美国,Android,Stamp,4.967741935483871,1.2580645161290323,non-Organic
2026-07-01T00:00:00,英国,iOS,Face Fix,35.54838709677419,5.258064516129032,non-Organic
2026-07-01T00:00:00,英国,Android,Matte,0.10344827586206896,0.034482758620689655,non-Organic
2026-08-01T00:00:00,墨西哥,Android,Acne,12.0,6.333333333333333,non-Organic
2026-06-01T00:00:00,墨西哥,iOS,Text,0.25925925925925924,0.0,non-Organic
2026-05-01T00:00:00,墨西哥,iOS,Mykit,0.9,0.0,non-Organic
2026-02-01T00:00:00,墨西哥,Android,Glitter,10.071428571428571,1.4285714285714286,non-Organic
2026-03-01T00:00:00,美国,Android,Smooth,46.774193548387096,34.516129032258064,non-Organic
2026-06-01T00:00:00,美国,Android,AI Retouch,70.81481481481481,26.85185185185185,non-Organic
2026-04-01T00:00:00,英国,iOS,Reshape,55.266666666666666,32.5,non-Organic
2026-06-01T00:00:00,美国,iOS,Matte,41.77777777777778,18.85185185185185,non-Organic
2026-06-01T00:00:00,美国,iOS,Teeth,148.77777777777777,15.037037037037036,non-Organic
2026-07-01T00:00:00,英国,iOS,Bokeh,6.741935483870968,1.2580645161290323,non-Organic
2026-07-01T00:00:00,美国,Android,Skin Tone,20.548387096774192,12.03225806451613,non-Organic
2026-02-01T00:00:00,英国,iOS,AI Expand,7.035714285714286,2.4285714285714284,non-Organic
2026-05-01T00:00:00,墨西哥,iOS,Makeup,1.1935483870967742,0.45161290322580644,non-Organic
2026-01-01T00:00:00,英国,Android,Eye Brighten,0.42857142857142855,0.2857142857142857,non-Organic
2026-08-01T00:00:00,墨西哥,iOS,Contour,3.0,2.1666666666666665,non-Organic
2026-08-01T00:00:00,巴西,iOS,Skin Tone,44.5,17.5,non-Organic
2026-01-01T00:00:00,英国,iOS,Eye Brighten,11.290322580645162,7.419354838709677,non-Organic
2026-03-01T00:00:00,英国,iOS,Blur,17.483870967741936,10.129032258064516,non-Organic
2026-01-01T00:00:00,巴西,Android,Matte,192.7741935483871,68.87096774193549,non-Organic
2026-08-01T00:00:00,美国,Android,Whiten,0.0,0.0,non-Organic
2026-08-01T00:00:00,美国,iOS,Hair,307.5,77.33333333333333,non-Organic
2026-05-01T00:00:00,英国,iOS,Prism,2.6451612903225805,0.41935483870967744,non-Organic
2026-04-01T00:00:00,巴西,Android,Prism,84.06666666666666,31.4,non-Organic
2026-02-01T00:00:00,墨西哥,Android,AI Replace,5.857142857142857,2.7857142857142856,non-Organic
2026-01-01T00:00:00,巴西,Android,Contour,210.83870967741936,100.41935483870968,non-Organic
2026-01-01T00:00:00,英国,iOS,Skin Tone,32.096774193548384,22.516129032258064,non-Organic
2026-06-01T00:00:00,英国,Android,AI Tattoo,0.37037037037037035,0.0,non-Organic
2026-01-01T00:00:00,巴西,Android,Smooth,915.7741935483871,478.258064516129,non-Organic
2026-05-01T00:00:00,英国,Android,AI Expand,0.3333333333333333,0.26666666666666666,non-Organic
2026-02-01T00:00:00,巴西,Android,Resize,211.75,89.46428571428571,non-Organic
2026-02-01T00:00:00,墨西哥,iOS,Face Fix,0.7857142857142857,0.2857142857142857,non-Organic
2026-01-01T00:00:00,墨西哥,iOS,Face,3.225806451612903,1.3548387096774193,non-Organic
2026-06-01T00:00:00,巴西,Android,Skin Tone,294.48148148148147,150.14814814814815,non-Organic
2026-06-01T00:00:00,墨西哥,Android,Acne,18.48148148148148,5.962962962962963,non-Organic
2026-05-01T00:00:00,美国,iOS,Makeup,330.0967741935484,117.06451612903226,non-Organic
2026-02-01T00:00:00,英国,Android,AI Tattoo,0.4642857142857143,0.14285714285714285,non-Organic
2026-06-01T00:00:00,英国,iOS,AI Tattoo,14.555555555555555,2.5925925925925926,non-Organic
2026-02-01T00:00:00,巴西,iOS,AI Image,5.392857142857143,0.39285714285714285,non-Organic
2026-03-01T00:00:00,美国,iOS,Body,180.5483870967742,109.6774193548387,non-Organic
2026-02-01T00:00:00,英国,iOS,Dark Circles,13.785714285714286,9.607142857142858,non-Organic
2026-05-01T00:00:00,美国,Android,Makeup,49.38709677419355,24.0,non-Organic
2026-05-01T00:00:00,墨西哥,iOS,AI Image,2.806451612903226,0.3225806451612903,non-Organic
2026-06-01T00:00:00,巴西,Android,Dark Circles,157.22222222222223,85.0,non-Organic
2026-08-01T00:00:00,美国,iOS,Brighten,26.5,10.666666666666666,non-Organic
2026-01-01T00:00:00,英国,iOS,Prism,2.064516129032258,0.7741935483870968,non-Organic
2026-08-01T00:00:00,巴西,Android,Teeth,127.16666666666667,55.166666666666664,non-Organic
2026-01-01T00:00:00,美国,iOS,Crop,60.193548387096776,40.54838709677419,non-Organic
2026-06-01T00:00:00,英国,Android,Crop,0.48148148148148145,0.3333333333333333,non-Organic
2026-08-01T00:00:00,巴西,Android,Hair,520.6666666666666,132.33333333333334,non-Organic
2026-03-01T00:00:00,美国,iOS,AI Repair,65.64516129032258,23.032258064516128,non-Organic
2026-07-01T00:00:00,巴西,Android,Crop,188.61290322580646,138.48387096774192,non-Organic
2026-05-01T00:00:00,巴西,iOS,AI Repair,67.19354838709677,26.967741935483872,non-Organic
2026-01-01T00:00:00,英国,Android,Body,0.967741935483871,0.41935483870967744,non-Organic
2026-06-01T00:00:00,巴西,iOS,Bokeh,10.222222222222221,2.5925925925925926,non-Organic
2026-04-01T00:00:00,美国,Android,Background,27.366666666666667,4.833333333333333,non-Organic
2026-06-01T00:00:00,英国,iOS,Matte,10.25925925925926,5.333333333333333,non-Organic
2026-03-01T00:00:00,巴西,Android,Effects,702.8064516129032,83.25806451612904,non-Organic
2026-01-01T00:00:00,巴西,iOS,AI Repair,2.967741935483871,1.2580645161290323,non-Organic
2026-04-01T00:00:00,墨西哥,Android,Filters,420.1666666666667,74.6,non-Organic
2026-04-01T00:00:00,美国,iOS,Filters,412.7,86.56666666666666,non-Organic
2026-02-01T00:00:00,墨西哥,Android,Blur,9.642857142857142,5.321428571428571,non-Organic
2026-02-01T00:00:00,美国,iOS,Teeth,95.89285714285714,0.0,non-Organic
2026-03-01T00:00:00,美国,Android,Details,14.935483870967742,5.580645161290323,non-Organic
2026-07-01T00:00:00,美国,iOS,Skin Tone,99.25806451612904,56.87096774193548,non-Organic
2026-07-01T00:00:00,英国,Android,Relight,2.161290322580645,0.8709677419354839,non-Organic
2026-04-01T00:00:00,巴西,iOS,Bokeh,8.5,1.6333333333333333,non-Organic
2026-07-01T00:00:00,英国,Android,AI Image,1.3225806451612903,0.06451612903225806,non-Organic
2026-02-01T00:00:00,墨西哥,iOS,Adjust,2.142857142857143,0.4642857142857143,non-Organic
2026-03-01T00:00:00,巴西,iOS,Preset,35.483870967741936,1.935483870967742,non-Organic
2026-03-01T00:00:00,英国,Android,Eye Brighten,1.7419354838709677,1.1290322580645162,non-Organic
2026-04-01T00:00:00,英国,Android,Details,1.7586206896551724,0.3448275862068966,non-Organic
2026-08-01T00:00:00,巴西,Android,Skin Tone,114.33333333333333,65.33333333333333,non-Organic
2026-08-01T00:00:00,英国,Android,Brighten,0.6,0.4,non-Organic
2026-06-01T00:00:00,英国,iOS,Details,13.37037037037037,5.111111111111111,non-Organic
2026-03-01T00:00:00,巴西,Android,Contour,131.16129032258064,58.32258064516129,non-Organic
2026-05-01T00:00:00,美国,iOS,Prism,12.96774193548387,3.870967741935484,non-Organic
2026-08-01T00:00:00,巴西,Android,Blur,156.5,77.16666666666667,non-Organic
2026-08-01T00:00:00,巴西,iOS,Relight,904.3333333333334,462.3333333333333,non-Organic
2026-08-01T00:00:00,墨西哥,Android,Contour,3.8333333333333335,2.3333333333333335,non-Organic
2026-06-01T00:00:00,巴西,iOS,Acne,38.51851851851852,19.62962962962963,non-Organic
2026-08-01T00:00:00,英国,Android,Flawless,0.0,0.0,non-Organic
2026-03-01T00:00:00,巴西,Android,Matte,117.90322580645162,39.096774193548384,non-Organic
2026-03-01T00:00:00,美国,iOS,Makeup,269.5483870967742,99.74193548387096,non-Organic
2026-02-01T00:00:00,巴西,iOS,Prism,0.5357142857142857,0.32142857142857145,non-Organic
2026-07-01T00:00:00,英国,iOS,Mykit,18.225806451612904,0.0,non-Organic
2026-02-01T00:00:00,英国,iOS,Hair,46.964285714285715,14.357142857142858,non-Organic
2026-06-01T00:00:00,美国,iOS,AI Retouch,750.3703703703703,213.07407407407408,non-Organic
2026-07-01T00:00:00,英国,Android,AI Replace,0.6896551724137931,0.20689655172413793,non-Organic
2026-04-01T00:00:00,墨西哥,iOS,Crop,3.1,2.3,non-Organic
2026-08-01T00:00:00,美国,Android,Background,25.666666666666668,4.333333333333333,non-Organic
2026-08-01T00:00:00,墨西哥,iOS,Teeth,9.166666666666666,1.3333333333333333,non-Organic
2026-06-01T00:00:00,英国,Android,Preset,0.7777777777777778,0.0,non-Organic
2026-01-01T00:00:00,墨西哥,Android,Body,44.03225806451613,23.129032258064516,non-Organic
2026-01-01T00:00:00,墨西哥,Android,Eraser,182.67741935483872,88.06451612903226,non-Organic
2026-07-01T00:00:00,墨西哥,iOS,AI Image,16.35483870967742,5.32258064516129,non-Organic
2026-02-01T00:00:00,墨西哥,Android,Acne,10.142857142857142,6.142857142857143,non-Organic
2026-05-01T00:00:00,英国,iOS,AI Image,30.64516129032258,3.3225806451612905,non-Organic
2026-07-01T00:00:00,英国,iOS,Skin Tone,45.38709677419355,29.387096774193548,non-Organic
2026-08-01T00:00:00,美国,iOS,AI Expand,21.666666666666668,11.5,non-Organic
2026-06-01T00:00:00,美国,iOS,Whiten,0.0,0.0,non-Organic
2026-08-01T00:00:00,墨西哥,iOS,Preset,18.5,0.16666666666666666,non-Organic
2026-02-01T00:00:00,美国,Android,Relight,23.357142857142858,10.571428571428571,non-Organic
2026-08-01T00:00:00,巴西,iOS,Teeth,56.0,16.833333333333332,non-Organic
2026-04-01T00:00:00,美国,Android,Teeth,23.733333333333334,0.0,non-Organic
2026-08-01T00:00:00,英国,iOS,Face,141.0,62.5,non-Organic
2026-01-01T00:00:00,美国,iOS,Flawless,0.0,0.0,non-Organic
2026-05-01T00:00:00,巴西,Android,Reshape,460.64516129032256,220.41935483870967,non-Organic
2026-05-01T00:00:00,英国,Android,Teeth,0.5666666666666667,0.0,non-Organic
2026-04-01T00:00:00,美国,Android,Filters,90.66666666666667,30.666666666666668,non-Organic
2026-03-01T00:00:00,墨西哥,Android,Makeup,218.80645161290323,93.54838709677419,non-Organic
2026-01-01T00:00:00,巴西,Android,AI Tattoo,763.483870967742,299.03225806451616,non-Organic
2026-05-01T00:00:00,墨西哥,iOS,Eye Brighten,0.3157894736842105,0.2631578947368421,non-Organic
2026-03-01T00:00:00,巴西,Android,Details,109.6774193548387,37.225806451612904,non-Organic
2026-07-01T00:00:00,英国,Android,Blur,0.5161290322580645,0.16129032258064516,non-Organic
2026-04-01T00:00:00,美国,Android,Preset,27.866666666666667,3.6333333333333333,non-Organic
2026-04-01T00:00:00,墨西哥,Android,Glitter,54.96666666666667,8.2,non-Organic
2026-01-01T00:00:00,墨西哥,iOS,Crop,0.5483870967741935,0.3225806451612903,non-Organic
2026-07-01T00:00:00,英国,iOS,Glowup,59.806451612903224,19.451612903225808,non-Organic
2026-02-01T00:00:00,墨西哥,iOS,Teeth,0.6428571428571429,0.0,non-Organic
2026-06-01T00:00:00,英国,Android,Magic,2.7777777777777777,1.2592592592592593,non-Organic
2026-01-01T00:00:00,巴西,Android,Magic,3916.2580645161293,1855.5806451612902,non-Organic
2026-02-01T00:00:00,美国,Android,AI Image,44.035714285714285,5.214285714285714,non-Organic
2026-07-01T00:00:00,墨西哥,Android,Skin Tone,39.645161290322584,20.129032258064516,non-Organic
2026-08-01T00:00:00,美国,Android,Matte,6.0,2.8333333333333335,non-Organic
2026-02-01T00:00:00,美国,Android,AI Expand,13.392857142857142,4.642857142857143,non-Organic
2026-08-01T00:00:00,英国,iOS,AI Tattoo,9.833333333333334,0.8333333333333334,non-Organic
2026-04-01T00:00:00,墨西哥,Android,Brighten,36.8,14.0,non-Organic
2026-06-01T00:00:00,英国,Android,Plump,0.4074074074074074,0.1111111111111111,non-Organic
2026-01-01T00:00:00,美国,Android,AI Repair,15.64516129032258,6.870967741935484,non-Organic
2026-03-01T00:00:00,美国,Android,Resize,15.258064516129032,7.387096774193548,non-Organic
2026-04-01T00:00:00,巴西,iOS,AI Replace,9.6,4.433333333333334,non-Organic
2026-07-01T00:00:00,墨西哥,Android,Eraser,65.51612903225806,28.032258064516128,non-Organic
2026-07-01T00:00:00,墨西哥,iOS,Concealer,5.258064516129032,1.7096774193548387,non-Organic
2026-07-01T00:00:00,墨西哥,iOS,Eye Brighten,2.2903225806451615,1.2258064516129032,non-Organic
2026-02-01T00:00:00,墨西哥,Android,Dark Circles,6.25,3.6785714285714284,non-Organic
2026-01-01T00:00:00,巴西,Android,Details,182.16129032258064,68.19354838709677,non-Organic
2026-01-01T00:00:00,墨西哥,Android,Face,151.41935483870967,59.58064516129032,non-Organic
2026-08-01T00:00:00,墨西哥,Android,Hair,77.16666666666667,21.166666666666668,non-Organic
2026-08-01T00:00:00,墨西哥,iOS,Glitter,16.333333333333332,3.6666666666666665,non-Organic
2026-05-01T00:00:00,墨西哥,Android,Blur,4.483870967741935,1.3225806451612903,non-Organic
2026-07-01T00:00:00,墨西哥,iOS,Prism,1.935483870967742,0.4838709677419355,non-Organic
2026-05-01T00:00:00,墨西哥,Android,Eraser,19.35483870967742,5.064516129032258,non-Organic
2026-03-01T00:00:00,巴西,Android,Plump,273.93548387096774,107.64516129032258,non-Organic
2026-01-01T00:00:00,美国,Android,Flawless,0.0,0.0,non-Organic
2026-07-01T00:00:00,墨西哥,Android,Collarbone,0.0,0.0,non-Organic
2026-05-01T00:00:00,墨西哥,iOS,Blur,0.3870967741935484,0.1935483870967742,non-Organic
2026-07-01T00:00:00,美国,iOS,Eye Brighten,27.70967741935484,14.741935483870968,non-Organic
2026-04-01T00:00:00,巴西,Android,AI Replace,129.96666666666667,62.666666666666664,non-Organic
2026-01-01T00:00:00,墨西哥,iOS,Stamp,0.2413793103448276,0.034482758620689655,non-Organic
2026-06-01T00:00:00,英国,iOS,AI Repair,33.74074074074074,11.148148148148149,non-Organic
2026-02-01T00:00:00,墨西哥,iOS,Skin Tone,0.5454545454545454,0.2727272727272727,non-Organic
2026-07-01T00:00:00,英国,Android,Teeth,0.6451612903225806,0.2903225806451613,non-Organic
2026-07-01T00:00:00,英国,Android,Hair,4.967741935483871,1.064516129032258,non-Organic
2026-02-01T00:00:00,英国,Android,Dark Circles,0.4166666666666667,0.375,non-Organic
2026-06-01T00:00:00,巴西,iOS,AI Expand,13.296296296296296,4.703703703703703,non-Organic
2026-03-01T00:00:00,墨西哥,Android,Eraser,252.0,120.06451612903226,non-Organic
2026-04-01T00:00:00,美国,Android,Glowup,30.333333333333332,11.7,non-Organic
2026-06-01T00:00:00,美国,Android,Whiten,0.0,0.0,non-Organic
2026-01-01T00:00:00,墨西哥,iOS,Concealer,0.7391304347826086,0.391304347826087,non-Organic
2026-04-01T00:00:00,巴西,iOS,Face Fix,24.5,5.9,non-Organic
2026-06-01T00:00:00,美国,Android,Face Fix,19.48148148148148,6.074074074074074,non-Organic
2026-08-01T00:00:00,美国,iOS,Face Fix,71.66666666666667,14.166666666666666,non-Organic
2026-07-01T00:00:00,巴西,Android,Eraser,328.2903225806452,164.93548387096774,non-Organic
2026-02-01T00:00:00,英国,iOS,Contour,9.25,5.142857142857143,non-Organic
2026-03-01T00:00:00,墨西哥,iOS,Concealer,0.3333333333333333,0.13333333333333333,non-Organic
2026-07-01T00:00:00,巴西,Android,Smooth,227.7741935483871,138.93548387096774,non-Organic
2026-04-01T00:00:00,英国,iOS,Muscle,9.8,3.533333333333333,non-Organic
2026-02-01T00:00:00,英国,Android,Effects,1.25,0.0,non-Organic
2026-03-01T00:00:00,美国,iOS,Flawless,0.0,0.0,non-Organic
2026-06-01T00:00:00,墨西哥,iOS,Muscle,0.5384615384615384,0.3076923076923077,non-Organic
2026-03-01T00:00:00,墨西哥,Android,Eye Brighten,19.838709677419356,7.838709677419355,non-Organic
2026-06-01T00:00:00,英国,iOS,Contour,13.62962962962963,6.888888888888889,non-Organic
2026-08-01T00:00:00,巴西,iOS,Prism,19.333333333333332,7.166666666666667,non-Organic
2026-01-01T00:00:00,巴西,Android,AI Repair,604.0645161290323,262.93548387096774,non-Organic
2026-06-01T00:00:00,墨西哥,Android,Preset,37.925925925925924,1.8888888888888888,non-Organic
2026-06-01T00:00:00,墨西哥,Android,Teeth,32.074074074074076,0.8148148148148148,non-Organic
2026-04-01T00:00:00,巴西,Android,Glowup,471.9,90.53333333333333,non-Organic
2026-04-01T00:00:00,美国,Android,Reshape,39.96666666666667,17.933333333333334,non-Organic
2026-04-01T00:00:00,美国,iOS,Effects,115.76666666666667,2.4,non-Organic
2026-03-01T00:00:00,巴西,iOS,Filters,179.7741935483871,20.70967741935484,non-Organic
2026-04-01T00:00:00,墨西哥,iOS,Filters,31.066666666666666,1.9333333333333333,non-Organic
2026-06-01T00:00:00,巴西,Android,Face Fix,258.1111111111111,68.88888888888889,non-Organic
2026-06-01T00:00:00,英国,iOS,Smooth,81.51851851851852,57.22222222222222,non-Organic
2026-07-01T00:00:00,美国,Android,Body,27.870967741935484,16.096774193548388,non-Organic
2026-06-01T00:00:00,墨西哥,Android,Whiten,0.0,0.0,non-Organic
2026-05-01T00:00:00,美国,iOS,Eraser,203.03225806451613,90.03225806451613,non-Organic
2026-03-01T00:00:00,英国,Android,Mykit,2.2903225806451615,0.0,non-Organic
2026-07-01T00:00:00,墨西哥,Android,Clean Skin,30.333333333333332,14.875,non-Organic
2026-07-01T00:00:00,英国,iOS,Hair,109.2258064516129,32.03225806451613,non-Organic
2026-01-01T00:00:00,巴西,Android,Face,3446.8709677419356,1365.225806451613,non-Organic
2026-06-01T00:00:00,墨西哥,iOS,Relight,2.3703703703703702,1.1111111111111112,non-Organic
2026-05-01T00:00:00,墨西哥,Android,Body,35.54838709677419,11.67741935483871,non-Organic
2026-07-01T00:00:00,巴西,iOS,Makeup,88.58064516129032,34.096774193548384,non-Organic
2026-02-01T00:00:00,巴西,Android,Skin Tone,579.2857142857143,307.64285714285717,non-Organic
2026-04-01T00:00:00,英国,Android,Filters,13.466666666666667,4.433333333333334,non-Organic
2026-04-01T00:00:00,墨西哥,Android,AI Repair,66.03333333333333,25.366666666666667,non-Organic
2026-06-01T00:00:00,巴西,Android,Concealer,259.44444444444446,112.81481481481481,non-Organic
2026-02-01T00:00:00,巴西,iOS,Skin Tone,1.5357142857142858,0.8928571428571429,non-Organic
2026-04-01T00:00:00,美国,iOS,Brighten,85.63333333333334,42.86666666666667,non-Organic
2026-03-01T00:00:00,英国,iOS,Eye Brighten,14.870967741935484,9.32258064516129,non-Organic
2026-04-01T00:00:00,墨西哥,Android,Crop,86.16666666666667,54.766666666666666,non-Organic
2026-08-01T00:00:00,墨西哥,Android,Glowup,30.5,4.166666666666667,non-Organic
2026-07-01T00:00:00,美国,iOS,Eraser,129.8709677419355,56.483870967741936,non-Organic
2026-05-01T00:00:00,墨西哥,Android,AI Image,50.0,5.806451612903226,non-Organic
2026-03-01T00:00:00,巴西,iOS,Flawless,0.0,0.0,non-Organic
2026-05-01T00:00:00,巴西,iOS,Muscle,50.38709677419355,11.096774193548388,non-Organic
2026-04-01T00:00:00,英国,Android,AI Repair,3.1333333333333333,1.1,non-Organic
2026-06-01T00:00:00,墨西哥,iOS,Plump,0.5925925925925926,0.14814814814814814,non-Organic
2026-05-01T00:00:00,美国,Android,Concealer,22.838709677419356,9.709677419354838,non-Organic
2026-03-01T00:00:00,巴西,Android,Smooth,557.1612903225806,306.6774193548387,non-Organic
2026-08-01T00:00:00,巴西,iOS,Body,206.33333333333334,99.0,non-Organic
2026-03-01T00:00:00,墨西哥,Android,Flawless,0.0,0.0,non-Organic
2026-02-01T00:00:00,美国,iOS,Relight,100.10714285714286,40.92857142857143,non-Organic
2026-08-01T00:00:00,英国,iOS,Magic,131.5,54.666666666666664,non-Organic
2026-08-01T00:00:00,美国,iOS,Dark Circles,23.333333333333332,12.5,non-Organic
2026-06-01T00:00:00,美国,Android,Expression,10.88888888888889,4.037037037037037,non-Organic
2026-04-01T00:00:00,美国,iOS,Background,91.5,9.866666666666667,non-Organic
2026-02-01T00:00:00,英国,Android,Background,0.7857142857142857,0.0,non-Organic
2026-08-01T00:00:00,英国,Android,Muscle,1.3333333333333333,0.16666666666666666,non-Organic
2026-08-01T00:00:00,美国,Android,Effects,30.166666666666668,2.1666666666666665,non-Organic
2026-01-01T00:00:00,巴西,iOS,Preset,2.0,0.03225806451612903,non-Organic
2026-06-01T00:00:00,墨西哥,iOS,Background,0.6296296296296297,0.1111111111111111,non-Organic
2026-04-01T00:00:00,墨西哥,Android,Contour,16.833333333333332,5.8,non-Organic
2026-07-01T00:00:00,巴西,iOS,Face,175.4516129032258,64.09677419354838,non-Organic
2026-02-01T00:00:00,墨西哥,Android,Teeth,9.428571428571429,0.0,non-Organic
2026-03-01T00:00:00,墨西哥,Android,AI Repair,67.87096774193549,27.93548387096774,non-Organic
2026-06-01T00:00:00,墨西哥,iOS,Glitter,0.5,0.11538461538461539,non-Organic
2026-06-01T00:00:00,英国,iOS,Magic,158.0,68.29629629629629,non-Organic
2026-07-01T00:00:00,英国,iOS,Blur,21.258064516129032,11.935483870967742,non-Organic
2026-05-01T00:00:00,英国,Android,Text,0.3333333333333333,0.03333333333333333,non-Organic
2026-04-01T00:00:00,墨西哥,Android,Effects,85.7,5.066666666666666,non-Organic
2026-05-01T00:00:00,美国,Android,AI Image,32.03225806451613,3.870967741935484,non-Organic
2026-04-01T00:00:00,英国,Android,Face,18.933333333333334,9.066666666666666,non-Organic
2026-07-01T00:00:00,英国,Android,Glitter,0.2903225806451613,0.06451612903225806,non-Organic
2026-08-01T00:00:00,巴西,iOS,Glitter,51.333333333333336,10.0,non-Organic
2026-08-01T00:00:00,美国,Android,AI Tattoo,10.166666666666666,2.3333333333333335,non-Organic
2026-01-01T00:00:00,巴西,iOS,Smooth,3.7096774193548385,2.774193548387097,non-Organic
2026-01-01T00:00:00,墨西哥,Android,Magic,222.6451612903226,87.61290322580645,non-Organic
2026-08-01T00:00:00,英国,Android,Plump,0.6666666666666666,0.16666666666666666,non-Organic
2026-06-01T00:00:00,墨西哥,iOS,Whiten,0.0,0.0,non-Organic
2026-06-01T00:00:00,美国,Android,Matte,7.037037037037037,3.5185185185185186,non-Organic
2026-02-01T00:00:00,英国,Android,Preset,1.1428571428571428,0.10714285714285714,non-Organic
2026-02-01T00:00:00,巴西,iOS,Eraser,6.75,3.5357142857142856,non-Organic
2026-02-01T00:00:00,美国,Android,Hair,68.60714285714286,22.035714285714285,non-Organic
2026-03-01T00:00:00,墨西哥,iOS,Body,2.3548387096774195,1.5161290322580645,non-Organic
2026-07-01T00:00:00,巴西,iOS,Smooth,48.516129032258064,26.35483870967742,non-Organic
2026-03-01T00:00:00,墨西哥,iOS,Face,4.258064516129032,1.7741935483870968,non-Organic
2026-04-01T00:00:00,美国,iOS,Adjust,111.1,38.96666666666667,non-Organic
2026-06-01T00:00:00,英国,iOS,Face,174.85185185185185,80.18518518518519,non-Organic
2026-02-01T00:00:00,墨西哥,iOS,Hair,2.3214285714285716,0.7142857142857143,non-Organic
2026-06-01T00:00:00,巴西,Android,AI Expand,81.25925925925925,32.333333333333336,non-Organic
2026-04-01T00:00:00,巴西,iOS,Glowup,41.9,7.6,non-Organic
2026-05-01T00:00:00,英国,Android,Glitter,0.43333333333333335,0.13333333333333333,non-Organic
2026-03-01T00:00:00,英国,Android,Text,0.7741935483870968,0.03225806451612903,non-Organic
2026-07-01T00:00:00,巴西,Android,Concealer,99.90322580645162,42.29032258064516,non-Organic
2026-02-01T00:00:00,巴西,Android,Prism,108.10714285714286,40.642857142857146,non-Organic
2026-06-01T00:00:00,巴西,Android,Blur,192.4814814814815,99.48148148148148,non-Organic
2026-03-01T00:00:00,墨西哥,iOS,Eraser,2.2580645161290325,1.1612903225806452,non-Organic
2026-08-01T00:00:00,墨西哥,iOS,Dark Circles,5.166666666666667,2.1666666666666665,non-Organic
2026-06-01T00:00:00,墨西哥,iOS,AI Retouch,2.5925925925925926,0.9259259259259259,non-Organic
2026-04-01T00:00:00,巴西,iOS,Blur,14.733333333333333,5.533333333333333,non-Organic
2026-02-01T00:00:00,墨西哥,iOS,Glowup,1.0357142857142858,0.35714285714285715,non-Organic
2026-02-01T00:00:00,美国,iOS,Blur,47.535714285714285,25.892857142857142,non-Organic
2026-05-01T00:00:00,英国,Android,Body,1.3448275862068966,0.8275862068965517,non-Organic
2026-08-01T00:00:00,墨西哥,Android,Brighten,7.0,3.1666666666666665,non-Organic
2026-08-01T00:00:00,墨西哥,iOS,Glowup,23.333333333333332,5.0,non-Organic
2026-03-01T00:00:00,巴西,iOS,Contour,4.387096774193548,2.193548387096774,non-Organic
2026-04-01T00:00:00,墨西哥,iOS,Expression,5.966666666666667,0.7666666666666667,non-Organic
2026-05-01T00:00:00,巴西,iOS,Eraser,147.6451612903226,77.7741935483871,non-Organic
2026-05-01T00:00:00,美国,iOS,Blur,61.54838709677419,30.70967741935484,non-Organic
2026-08-01T00:00:00,巴西,Android,Resize,86.16666666666667,36.5,non-Organic
2026-04-01T00:00:00,英国,iOS,Filters,101.83333333333333,19.8,non-Organic
2026-04-01T00:00:00,墨西哥,iOS,Muscle,14.8,3.8,non-Organic
2026-04-01T00:00:00,巴西,Android,Blur,210.36666666666667,99.8,non-Organic
2026-04-01T00:00:00,墨西哥,Android,Adjust,85.8,27.6,non-Organic
2026-04-01T00:00:00,巴西,Android,Bokeh,111.6,28.166666666666668,non-Organic
2026-06-01T00:00:00,美国,iOS,Contour,48.629629629629626,21.85185185185185,non-Organic
2026-01-01T00:00:00,巴西,iOS,Flawless,0.0,0.0,non-Organic
2026-04-01T00:00:00,巴西,iOS,Matte,3.566666666666667,1.4333333333333333,non-Organic
2026-08-01T00:00:00,巴西,iOS,Adjust,231.66666666666666,80.66666666666667,non-Organic
2026-08-01T00:00:00,墨西哥,Android,Plump,13.666666666666666,2.8333333333333335,non-Organic
2026-04-01T00:00:00,墨西哥,iOS,Adjust,3.8,0.7666666666666667,non-Organic
2026-04-01T00:00:00,巴西,iOS,Relight,141.63333333333333,58.86666666666667,non-Organic
2026-04-01T00:00:00,美国,iOS,Contour,39.96666666666667,18.5,non-Organic
2026-08-01T00:00:00,墨西哥,Android,Bokeh,9.333333333333334,1.1666666666666667,non-Organic
2026-02-01T00:00:00,巴西,iOS,AI Replace,1.75,1.1071428571428572,non-Organic
2026-01-01T00:00:00,英国,Android,Blur,0.25,0.07142857142857142,non-Organic
2026-01-01T00:00:00,墨西哥,Android,Crop,52.096774193548384,33.193548387096776,non-Organic
2026-06-01T00:00:00,墨西哥,Android,Contour,4.62962962962963,2.3333333333333335,non-Organic
2026-06-01T00:00:00,墨西哥,Android,Hair,388.18518518518516,68.03703703703704,non-Organic
2026-06-01T00:00:00,墨西哥,Android,AI Retouch,213.37037037037038,41.148148148148145,non-Organic
2026-06-01T00:00:00,墨西哥,iOS,Brighten,0.7,0.25,non-Organic
2026-06-01T00:00:00,美国,Android,Preset,17.22222222222222,1.8148148148148149,non-Organic
2026-02-01T00:00:00,墨西哥,Android,Mykit,11.857142857142858,0.0,non-Organic
2026-02-01T00:00:00,美国,Android,Teeth,19.25,0.0,non-Organic
2026-05-01T00:00:00,巴西,iOS,Filters,409.35483870967744,149.6451612903226,non-Organic
2026-04-01T00:00:00,英国,iOS,Stamp,3.433333333333333,0.8,non-Organic
2026-03-01T00:00:00,英国,Android,Face Fix,4.903225806451613,1.3870967741935485,non-Organic
2026-07-01T00:00:00,巴西,Android,Makeup,391.48387096774195,173.1290322580645,non-Organic
2026-01-01T00:00:00,墨西哥,Android,Glowup,38.32258064516129,8.064516129032258,non-Organic
2026-01-01T00:00:00,英国,Android,Dark Circles,0.4782608695652174,0.43478260869565216,non-Organic
2026-04-01T00:00:00,美国,iOS,Matte,35.3,16.766666666666666,non-Organic
2026-05-01T00:00:00,美国,iOS,Glitter,50.61290322580645,9.580645161290322,non-Organic
2026-02-01T00:00:00,美国,Android,Effects,31.678571428571427,2.142857142857143,non-Organic
2026-05-01T00:00:00,墨西哥,Android,Acne,16.70967741935484,4.903225806451613,non-Organic
2026-07-01T00:00:00,美国,iOS,Magic,332.93548387096774,126.64516129032258,non-Organic
2026-06-01T00:00:00,墨西哥,Android,AI Image,93.88888888888889,15.703703703703704,non-Organic
2026-06-01T00:00:00,墨西哥,iOS,AI Tattoo,0.19230769230769232,0.0,non-Organic
2026-04-01T00:00:00,巴西,Android,AI Retouch,2073.4333333333334,671.3333333333334,non-Organic
2026-04-01T00:00:00,巴西,iOS,Stamp,12.3,1.8666666666666667,non-Organic
2026-02-01T00:00:00,巴西,Android,Mykit,393.5,0.0,non-Organic
2026-01-01T00:00:00,英国,iOS,Bokeh,4.516129032258065,1.1290322580645162,non-Organic
2026-06-01T00:00:00,巴西,Android,Expression,214.07407407407408,53.18518518518518,non-Organic
2026-03-01T00:00:00,墨西哥,Android,Acne,45.903225806451616,18.580645161290324,non-Organic
2026-01-01T00:00:00,墨西哥,iOS,AI Repair,2.0689655172413794,1.2413793103448276,non-Organic
2026-01-01T00:00:00,巴西,iOS,Brighten,1.3548387096774193,0.7419354838709677,non-Organic
2026-06-01T00:00:00,美国,iOS,Dark Circles,77.29629629629629,40.44444444444444,non-Organic
2026-06-01T00:00:00,墨西哥,iOS,AI Expand,0.4444444444444444,0.2222222222222222,non-Organic
2026-01-01T00:00:00,巴西,Android,Expression,454.5483870967742,172.67741935483872,non-Organic
2026-02-01T00:00:00,英国,Android,Text,0.2857142857142857,0.03571428571428571,non-Organic
2026-06-01T00:00:00,英国,Android,Eye Brighten,0.2857142857142857,0.19047619047619047,non-Organic
2026-01-01T00:00:00,巴西,iOS,AI Expand,1.3548387096774193,0.4838709677419355,non-Organic
2026-07-01T00:00:00,墨西哥,Android,Matte,8.290322580645162,2.5483870967741935,non-Organic
2026-07-01T00:00:00,英国,iOS,AI Image,41.70967741935484,8.193548387096774,non-Organic
2026-02-01T00:00:00,英国,iOS,Body,27.464285714285715,18.214285714285715,non-Organic
2026-03-01T00:00:00,美国,iOS,Preset,100.45161290322581,8.612903225806452,non-Organic
2026-07-01T00:00:00,英国,Android,Background,0.7741935483870968,0.06451612903225806,non-Organic
2026-05-01T00:00:00,美国,iOS,Smooth,269.83870967741933,170.8709677419355,non-Organic
2026-03-01T00:00:00,墨西哥,iOS,Details,0.20833333333333334,0.08333333333333333,non-Organic
2026-04-01T00:00:00,美国,iOS,Crop,62.8,41.93333333333333,non-Organic
2026-05-01T00:00:00,巴西,Android,AI Replace,61.193548387096776,26.322580645161292,non-Organic
2026-04-01T00:00:00,英国,iOS,Body,34.6,21.4,non-Organic
2026-04-01T00:00:00,巴西,iOS,Muscle,44.36666666666667,13.666666666666666,non-Organic
2026-04-01T00:00:00,巴西,iOS,Crop,21.066666666666666,13.2,non-Organic
2026-07-01T00:00:00,墨西哥,iOS,Face Fix,7.903225806451613,0.6774193548387096,non-Organic
2026-02-01T00:00:00,巴西,iOS,Blur,1.75,0.9642857142857143,non-Organic
2026-01-01T00:00:00,墨西哥,iOS,Text,0.3548387096774194,0.0,non-Organic
2026-07-01T00:00:00,墨西哥,Android,Prism,9.483870967741936,3.129032258064516,non-Organic
2026-08-01T00:00:00,墨西哥,Android,Background,28.833333333333332,3.3333333333333335,non-Organic
2026-02-01T00:00:00,英国,Android,Face Fix,1.75,0.6785714285714286,non-Organic
2026-08-01T00:00:00,美国,Android,Teeth,19.5,12.0,non-Organic
2026-03-01T00:00:00,墨西哥,iOS,Resize,1.0,0.2903225806451613,non-Organic
2026-01-01T00:00:00,巴西,Android,Whiten,0.0,0.0,non-Organic
2026-02-01T00:00:00,美国,Android,Skin Tone,29.964285714285715,16.964285714285715,non-Organic
2026-05-01T00:00:00,墨西哥,iOS,Teeth,0.5806451612903226,0.0,non-Organic
2026-01-01T00:00:00,英国,iOS,Mykit,11.161290322580646,0.0,non-Organic
2026-06-01T00:00:00,英国,Android,Teeth,0.7407407407407407,0.07407407407407407,non-Organic
2026-03-01T00:00:00,墨西哥,iOS,Teeth,0.6129032258064516,0.0,non-Organic
2026-02-01T00:00:00,美国,iOS,Crop,55.92857142857143,37.392857142857146,non-Organic
2026-01-01T00:00:00,英国,Android,AI Replace,0.6,0.26666666666666666,non-Organic
2026-05-01T00:00:00,英国,Android,Hair,2.4838709677419355,0.8709677419354839,non-Organic
2026-08-01T00:00:00,英国,iOS,Preset,16.0,1.1666666666666667,non-Organic
2026-04-01T00:00:00,巴西,iOS,Adjust,40.766666666666666,12.333333333333334,non-Organic
2026-02-01T00:00:00,墨西哥,Android,Plump,9.321428571428571,2.2857142857142856,non-Organic
2026-02-01T00:00:00,巴西,Android,AI Image,4065.0,1393.2142857142858,non-Organic
2026-03-01T00:00:00,美国,Android,Magic,107.58064516129032,51.903225806451616,non-Organic
2026-06-01T00:00:00,英国,Android,Flawless,0.0,0.0,non-Organic
2026-08-01T00:00:00,英国,Android,Face,3.8333333333333335,1.3333333333333333,non-Organic
2026-08-01T00:00:00,英国,Android,Face Fix,1.1666666666666667,0.16666666666666666,non-Organic
2026-08-01T00:00:00,英国,iOS,Contour,8.833333333333334,4.0,non-Organic
2026-01-01T00:00:00,墨西哥,Android,Mykit,27.322580645161292,0.0,non-Organic
2026-02-01T00:00:00,巴西,Android,Hair,3528.464285714286,1384.142857142857,non-Organic
2026-07-01T00:00:00,墨西哥,Android,Mykit,25.70967741935484,0.0,non-Organic
2026-04-01T00:00:00,墨西哥,Android,Blur,41.03333333333333,17.233333333333334,non-Organic
2026-05-01T00:00:00,巴西,iOS,Prism,8.612903225806452,2.774193548387097,non-Organic
2026-01-01T00:00:00,美国,Android,Smooth,33.67741935483871,24.29032258064516,non-Organic
2026-08-01T00:00:00,巴西,Android,Prism,46.333333333333336,17.5,non-Organic
2026-04-01T00:00:00,巴西,Android,Eraser,788.7,336.93333333333334,non-Organic
2026-06-01T00:00:00,美国,iOS,Face Fix,144.74074074074073,25.37037037037037,non-Organic
2026-03-01T00:00:00,巴西,Android,AI Retouch,2258.6451612903224,1038.9354838709678,non-Organic
2026-03-01T00:00:00,墨西哥,Android,AI Tattoo,39.67741935483871,8.96774193548387,non-Organic
2026-01-01T00:00:00,墨西哥,iOS,Blur,0.4827586206896552,0.20689655172413793,non-Organic
2026-06-01T00:00:00,墨西哥,Android,Bokeh,6.703703703703703,2.111111111111111,non-Organic
2026-03-01T00:00:00,美国,Android,AI Tattoo,8.806451612903226,1.3548387096774193,non-Organic
2026-03-01T00:00:00,英国,iOS,Magic,119.90322580645162,59.96774193548387,non-Organic
2026-04-01T00:00:00,英国,iOS,Dark Circles,17.5,12.566666666666666,non-Organic
2026-07-01T00:00:00,墨西哥,Android,Bokeh,9.903225806451612,2.193548387096774,non-Organic
2026-03-01T00:00:00,英国,Android,Prism,0.3225806451612903,0.0967741935483871,non-Organic
2026-03-01T00:00:00,墨西哥,Android,Face,272.6774193548387,100.93548387096774,non-Organic
2026-06-01T00:00:00,巴西,iOS,Glitter,28.296296296296298,5.407407407407407,non-Organic
2026-02-01T00:00:00,巴西,Android,Reshape,847.3928571428571,379.67857142857144,non-Organic
2026-05-01T00:00:00,美国,iOS,Skin Tone,172.51612903225808,92.7741935483871,non-Organic
2026-05-01T00:00:00,巴西,Android,Eraser,550.516129032258,254.03225806451613,non-Organic
2026-08-01T00:00:00,美国,Android,Flawless,0.0,0.0,non-Organic
2026-02-01T00:00:00,巴西,Android,Relight,1256.357142857143,591.0357142857143,non-Organic
2026-08-01T00:00:00,美国,Android,Preset,15.166666666666666,2.1666666666666665,non-Organic
2026-08-01T00:00:00,美国,iOS,Adjust,85.0,29.0,non-Organic
2026-08-01T00:00:00,墨西哥,Android,Clean Skin,12.833333333333334,7.166666666666667,non-Organic
2026-08-01T00:00:00,巴西,Android,Crop,216.33333333333334,157.33333333333334,non-Organic
2026-03-01T00:00:00,墨西哥,Android,Magic,327.1290322580645,126.03225806451613,non-Organic
2026-05-01T00:00:00,英国,iOS,Acne,35.064516129032256,23.838709677419356,non-Organic
2026-01-01T00:00:00,美国,iOS,Face Fix,115.16129032258064,22.419354838709676,non-Organic
2026-03-01T00:00:00,英国,iOS,Brighten,24.387096774193548,13.225806451612904,non-Organic
2026-03-01T00:00:00,美国,iOS,Matte,34.32258064516129,16.387096774193548,non-Organic
2026-06-01T00:00:00,墨西哥,iOS,Face Fix,0.6923076923076923,0.19230769230769232,non-Organic
2026-03-01T00:00:00,美国,Android,Effects,37.74193548387097,2.7419354838709675,non-Organic
2026-07-01T00:00:00,英国,Android,Body,1.5333333333333334,0.6666666666666666,non-Organic
2026-07-01T00:00:00,英国,Android,Effects,0.5806451612903226,0.0,non-Organic
2026-06-01T00:00:00,巴西,iOS,Skin Tone,36.851851851851855,16.037037037037038,non-Organic
2026-02-01T00:00:00,英国,iOS,Teeth,18.357142857142858,0.0,non-Organic
2026-05-01T00:00:00,墨西哥,iOS,Eraser,1.3225806451612903,0.7741935483870968,non-Organic
2026-01-01T00:00:00,墨西哥,Android,Reshape,62.58064516129032,20.580645161290324,non-Organic
2026-03-01T00:00:00,英国,iOS,Acne,35.29032258064516,23.322580645161292,non-Organic
2026-07-01T00:00:00,英国,iOS,Expression,20.193548387096776,4.096774193548387,non-Organic
2026-07-01T00:00:00,美国,Android,Makeup,35.70967741935484,16.096774193548388,non-Organic
2026-01-01T00:00:00,美国,Android,Preset,19.70967741935484,2.161290322580645,non-Organic
2026-04-01T00:00:00,墨西哥,iOS,Smooth,5.4,1.4,non-Organic
2026-03-01T00:00:00,墨西哥,Android,Face Fix,43.38709677419355,7.451612903225806,non-Organic
2026-02-01T00:00:00,墨西哥,Android,Skin Tone,14.392857142857142,8.785714285714286,non-Organic
2026-01-01T00:00:00,墨西哥,Android,Contour,10.806451612903226,4.354838709677419,non-Organic
2026-08-01T00:00:00,美国,Android,Eye Brighten,8.0,5.833333333333333,non-Organic
2026-02-01T00:00:00,巴西,Android,Matte,149.42857142857142,53.857142857142854,non-Organic
2026-07-01T00:00:00,巴西,iOS,Clean Skin,28.045454545454547,16.363636363636363,non-Organic
2026-07-01T00:00:00,英国,iOS,Crop,20.903225806451612,13.96774193548387,non-Organic
2026-08-01T00:00:00,墨西哥,Android,AI Retouch,93.5,32.833333333333336,non-Organic
2026-08-01T00:00:00,英国,iOS,Filters,198.83333333333334,45.5,non-Organic
2026-08-01T00:00:00,英国,iOS,Glitter,12.833333333333334,2.6666666666666665,non-Organic
2026-02-01T00:00:00,美国,Android,Filters,82.60714285714286,25.25,non-Organic
2026-05-01T00:00:00,美国,iOS,Filters,637.2903225806451,150.7741935483871,non-Organic
2026-04-01T00:00:00,英国,iOS,AI Expand,7.9,2.4,non-Organic
2026-06-01T00:00:00,巴西,iOS,Resize,14.0,5.407407407407407,non-Organic
2026-02-01T00:00:00,墨西哥,iOS,Crop,0.75,0.42857142857142855,non-Organic
2026-05-01T00:00:00,巴西,iOS,Reshape,47.645161290322584,18.806451612903224,non-Organic
2026-04-01T00:00:00,美国,Android,Dark Circles,13.8,8.666666666666666,non-Organic
2026-03-01T00:00:00,墨西哥,Android,AI Replace,30.0,15.580645161290322,non-Organic
2026-07-01T00:00:00,墨西哥,Android,AI Image,93.93548387096774,17.677419354838708,non-Organic
2026-02-01T00:00:00,英国,iOS,Resize,17.357142857142858,7.678571428571429,non-Organic
2026-03-01T00:00:00,巴西,Android,Skin Tone,448.4193548387097,230.7741935483871,non-Organic
2026-06-01T00:00:00,美国,iOS,AI Tattoo,98.92592592592592,22.555555555555557,non-Organic
2026-07-01T00:00:00,美国,Android,AI Image,21.967741935483872,2.7419354838709675,non-Organic
2026-05-01T00:00:00,巴西,iOS,Mykit,21.64516129032258,0.0,non-Organic
2026-01-01T00:00:00,墨西哥,Android,Bokeh,17.258064516129032,4.483870967741935,non-Organic
2026-02-01T00:00:00,巴西,Android,Details,134.53571428571428,48.392857142857146,non-Organic
2026-01-01T00:00:00,巴西,iOS,Concealer,1.6451612903225807,0.7419354838709677,non-Organic
2026-04-01T00:00:00,巴西,Android,Filters,1937.5333333333333,567.3666666666667,non-Organic
2026-06-01T00:00:00,巴西,iOS,Hair,406.037037037037,94.03703703703704,non-Organic
2026-07-01T00:00:00,巴西,Android,AI Repair,164.0,63.54838709677419,non-Organic
2026-02-01T00:00:00,英国,iOS,Filters,63.714285714285715,11.071428571428571,non-Organic
2026-08-01T00:00:00,墨西哥,Android,Relight,142.0,65.16666666666667,non-Organic
2026-04-01T00:00:00,墨西哥,iOS,Matte,0.7333333333333333,0.2,non-Organic
2026-06-01T00:00:00,英国,Android,Eraser,0.8518518518518519,0.4444444444444444,non-Organic
2026-04-01T00:00:00,巴西,Android,Skin Tone,370.0,186.8,non-Organic
2026-03-01T00:00:00,美国,iOS,Eye Brighten,44.83870967741935,25.741935483870968,non-Organic
2026-05-01T00:00:00,墨西哥,Android,AI Repair,26.06451612903226,10.387096774193548,non-Organic
2026-02-01T00:00:00,墨西哥,iOS,Prism,0.25,0.07142857142857142,non-Organic
2026-08-01T00:00:00,美国,Android,Glitter,9.833333333333334,2.6666666666666665,non-Organic
2026-03-01T00:00:00,墨西哥,Android,Blur,42.58064516129032,19.677419354838708,non-Organic
2026-02-01T00:00:00,美国,iOS,Muscle,63.607142857142854,18.428571428571427,non-Organic
2026-06-01T00:00:00,巴西,iOS,Background,64.37037037037037,4.814814814814815,non-Organic
2026-03-01T00:00:00,墨西哥,iOS,Relight,2.161290322580645,0.8387096774193549,non-Organic
2026-05-01T00:00:00,巴西,Android,AI Expand,80.54838709677419,31.870967741935484,non-Organic
2026-02-01T00:00:00,美国,iOS,Makeup,232.14285714285714,86.17857142857143,non-Organic
2026-01-01T00:00:00,巴西,Android,Stamp,183.6451612903226,34.935483870967744,non-Organic
2026-06-01T00:00:00,墨西哥,Android,Makeup,58.925925925925924,19.925925925925927,non-Organic
2026-07-01T00:00:00,巴西,iOS,Flawless,0.0,0.0,non-Organic
2026-03-01T00:00:00,巴西,Android,Flawless,0.0,0.0,non-Organic
2026-06-01T00:00:00,英国,Android,AI Retouch,2.740740740740741,0.7037037037037037,non-Organic
2026-07-01T00:00:00,美国,iOS,AI Replace,18.903225806451612,9.35483870967742,non-Organic
2026-01-01T00:00:00,美国,Android,Crop,14.612903225806452,12.0,non-Organic
2026-03-01T00:00:00,墨西哥,iOS,Glowup,1.7741935483870968,0.3225806451612903,non-Organic
2026-03-01T00:00:00,美国,Android,Face Fix,30.161290322580644,7.935483870967742,non-Organic
2026-08-01T00:00:00,英国,iOS,Details,10.833333333333334,3.5,non-Organic
2026-08-01T00:00:00,墨西哥,iOS,Stamp,11.333333333333334,2.0,non-Organic
2026-08-01T00:00:00,巴西,iOS,Dark Circles,17.0,11.0,non-Organic
2026-08-01T00:00:00,墨西哥,Android,Resize,9.833333333333334,3.3333333333333335,non-Organic
2026-08-01T00:00:00,美国,iOS,Muscle,56.833333333333336,17.0,non-Organic
2026-08-01T00:00:00,美国,Android,Hair,57.5,19.666666666666668,non-Organic
2026-04-01T00:00:00,巴西,iOS,Prism,6.2,2.0,non-Organic
2026-03-01T00:00:00,英国,Android,Makeup,6.32258064516129,3.064516129032258,non-Organic
2026-04-01T00:00:00,巴西,iOS,AI Repair,25.433333333333334,9.233333333333333,non-Organic
2026-05-01T00:00:00,美国,Android,Acne,22.451612903225808,15.451612903225806,non-Organic
2026-04-01T00:00:00,巴西,iOS,Expression,20.333333333333332,4.8,non-Organic
2026-06-01T00:00:00,墨西哥,iOS,Acne,0.7619047619047619,0.47619047619047616,non-Organic
2026-03-01T00:00:00,墨西哥,iOS,Preset,1.7741935483870968,0.0,non-Organic
2026-06-01T00:00:00,巴西,Android,Acne,257.5925925925926,151.74074074074073,non-Organic
2026-04-01T00:00:00,墨西哥,iOS,Reshape,10.3,1.9,non-Organic
2026-06-01T00:00:00,巴西,iOS,Relight,209.14814814814815,107.29629629629629,non-Organic
2026-07-01T00:00:00,巴西,iOS,Eye Brighten,6.645161290322581,3.6774193548387095,non-Organic
2026-01-01T00:00:00,巴西,iOS,Plump,2.4193548387096775,0.8064516129032258,non-Organic
2026-05-01T00:00:00,美国,iOS,Resize,89.35483870967742,38.096774193548384,non-Organic
2026-03-01T00:00:00,英国,Android,Expression,2.3548387096774195,0.5161290322580645,non-Organic
2026-01-01T00:00:00,巴西,iOS,Face,10.03225806451613,4.387096774193548,non-Organic
2026-08-01T00:00:00,英国,iOS,Smooth,57.0,35.5,non-Organic
2026-08-01T00:00:00,墨西哥,iOS,Muscle,14.333333333333334,3.0,non-Organic
2026-08-01T00:00:00,英国,iOS,Eye Brighten,11.166666666666666,7.333333333333333,non-Organic
2026-08-01T00:00:00,英国,iOS,Clean Skin,25.833333333333332,13.833333333333334,non-Organic
2026-03-01T00:00:00,墨西哥,iOS,Smooth,1.5666666666666667,0.8,non-Organic
2026-04-01T00:00:00,巴西,Android,Flawless,0.0,0.0,non-Organic
2026-07-01T00:00:00,美国,iOS,Blur,38.25806451612903,16.806451612903224,non-Organic
2026-04-01T00:00:00,美国,Android,AI Replace,8.766666666666667,4.066666666666666,non-Organic
2026-02-01T00:00:00,墨西哥,iOS,Makeup,1.1428571428571428,0.5714285714285714,non-Organic
2026-07-01T00:00:00,巴西,Android,Expression,101.61290322580645,23.483870967741936,non-Organic
2026-04-01T00:00:00,美国,Android,AI Expand,11.7,4.7,non-Organic
2026-04-01T00:00:00,英国,Android,Muscle,1.4333333333333333,0.5,non-Organic
2026-06-01T00:00:00,英国,iOS,Whiten,0.0,0.0,non-Organic
2026-07-01T00:00:00,英国,iOS,Matte,8.387096774193548,4.032258064516129,non-Organic
2026-06-01T00:00:00,美国,iOS,Plump,98.33333333333333,29.185185185185187,non-Organic
2026-05-01T00:00:00,巴西,iOS,Matte,7.032258064516129,2.806451612903226,non-Organic
2026-02-01T00:00:00,美国,iOS,Stamp,13.75,2.7142857142857144,non-Organic
2026-06-01T00:00:00,美国,iOS,Brighten,114.14814814814815,54.888888888888886,non-Organic
2026-08-01T00:00:00,英国,iOS,Teeth,20.333333333333332,14.0,non-Organic
2026-03-01T00:00:00,美国,Android,AI Replace,10.548387096774194,5.225806451612903,non-Organic
2026-03-01T00:00:00,墨西哥,iOS,Contour,0.34782608695652173,0.043478260869565216,non-Organic
2026-04-01T00:00:00,英国,iOS,AI Replace,6.566666666666666,3.1333333333333333,non-Organic
2026-03-01T00:00:00,美国,iOS,Bokeh,19.032258064516128,3.3548387096774195,non-Organic
2026-01-01T00:00:00,英国,Android,Eraser,0.8666666666666667,0.3,non-Organic
2026-08-01T00:00:00,墨西哥,Android,Teeth,11.666666666666666,2.8333333333333335,non-Organic
2026-07-01T00:00:00,英国,iOS,Prism,4.67741935483871,1.1290322580645162,non-Organic
2026-04-01T00:00:00,美国,iOS,Details,45.6,14.1,non-Organic
2026-06-01T00:00:00,巴西,iOS,AI Retouch,292.51851851851853,97.62962962962963,non-Organic
2026-08-01T00:00:00,巴西,Android,Preset,153.33333333333334,6.0,non-Organic
2026-03-01T00:00:00,墨西哥,iOS,Reshape,2.5806451612903225,1.3225806451612903,non-Organic
2026-07-01T00:00:00,巴西,iOS,AI Retouch,193.48387096774192,62.38709677419355,non-Organic
2026-03-01T00:00:00,巴西,Android,Body,654.2903225806451,339.5806451612903,non-Organic
2026-08-01T00:00:00,美国,iOS,Text,15.333333333333334,0.6666666666666666,non-Organic
2026-07-01T00:00:00,美国,iOS,AI Tattoo,58.193548387096776,12.806451612903226,non-Organic
2026-03-01T00:00:00,英国,Android,Crop,2.3548387096774195,1.7419354838709677,non-Organic
2026-06-01T00:00:00,巴西,Android,Text,89.85185185185185,7.592592592592593,non-Organic
2026-02-01T00:00:00,英国,Android,Acne,1.0416666666666667,0.625,non-Organic
2026-04-01T00:00:00,墨西哥,iOS,Glowup,14.266666666666667,1.1666666666666667,non-Organic
2026-01-01T00:00:00,美国,iOS,Text,23.161290322580644,2.2903225806451615,non-Organic
2026-06-01T00:00:00,墨西哥,iOS,Dark Circles,0.5,0.2,non-Organic
2026-03-01T00:00:00,墨西哥,Android,Concealer,64.45161290322581,21.161290322580644,non-Organic
2026-08-01T00:00:00,墨西哥,Android,Body,48.666666666666664,29.0,non-Organic
2026-07-01T00:00:00,巴西,iOS,Eraser,112.96774193548387,60.83870967741935,non-Organic
2026-06-01T00:00:00,巴西,iOS,Teeth,42.592592592592595,4.777777777777778,non-Organic
2026-06-01T00:00:00,巴西,iOS,Filters,500.85185185185185,209.62962962962962,non-Organic
2026-05-01T00:00:00,巴西,Android,Brighten,153.2258064516129,70.74193548387096,non-Organic
2026-06-01T00:00:00,英国,Android,Relight,1.4444444444444444,0.7777777777777778,non-Organic
2026-01-01T00:00:00,英国,iOS,Matte,6.709677419354839,3.903225806451613,non-Organic
2026-08-01T00:00:00,美国,iOS,AI Repair,73.83333333333333,20.166666666666668,non-Organic
2026-08-01T00:00:00,巴西,iOS,Acne,49.833333333333336,25.833333333333332,non-Organic
2026-04-01T00:00:00,美国,Android,Blur,17.466666666666665,9.9,non-Organic
2026-07-01T00:00:00,墨西哥,Android,Crop,42.96774193548387,33.03225806451613,non-Organic
2026-02-01T00:00:00,英国,iOS,Glitter,6.5,1.25,non-Organic
2026-05-01T00:00:00,墨西哥,iOS,Background,1.096774193548387,0.0967741935483871,non-Organic
2026-05-01T00:00:00,英国,Android,Bokeh,0.16129032258064516,0.0,non-Organic
2026-07-01T00:00:00,英国,Android,Eraser,1.064516129032258,0.45161290322580644,non-Organic
2026-07-01T00:00:00,美国,Android,Crop,16.129032258064516,12.838709677419354,non-Organic
2026-03-01T00:00:00,巴西,Android,Brighten,329.4193548387097,141.6451612903226,non-Organic
2026-02-01T00:00:00,美国,iOS,Prism,10.714285714285714,3.25,non-Organic
2026-01-01T00:00:00,墨西哥,Android,Hair,139.80645161290323,42.0,non-Organic
2026-02-01T00:00:00,墨西哥,Android,Concealer,10.142857142857142,3.5,non-Organic
2026-03-01T00:00:00,英国,iOS,Dark Circles,19.612903225806452,13.580645161290322,non-Organic
2026-05-01T00:00:00,英国,Android,AI Image,1.7419354838709677,0.06451612903225806,non-Organic
2026-06-01T00:00:00,英国,Android,Body,1.1111111111111112,0.6296296296296297,non-Organic
2026-08-01T00:00:00,墨西哥,iOS,Text,6.833333333333333,0.3333333333333333,non-Organic
2026-02-01T00:00:00,英国,iOS,Background,16.214285714285715,2.107142857142857,non-Organic
2026-05-01T00:00:00,墨西哥,Android,Adjust,13.903225806451612,2.838709677419355,non-Organic
2026-01-01T00:00:00,巴西,iOS,Magic,9.612903225806452,4.451612903225806,non-Organic
2026-06-01T00:00:00,巴西,iOS,Glowup,58.370370370370374,11.481481481481481,non-Organic
2026-06-01T00:00:00,巴西,iOS,Body,85.25925925925925,42.55555555555556,non-Organic
2026-04-01T00:00:00,美国,iOS,Mykit,47.3,0.0,non-Organic
2026-03-01T00:00:00,英国,iOS,Concealer,28.93548387096774,13.612903225806452,non-Organic
2026-06-01T00:00:00,巴西,iOS,Contour,9.333333333333334,5.111111111111111,non-Organic
2026-08-01T00:00:00,英国,iOS,Hair,73.83333333333333,20.333333333333332,non-Organic
2026-02-01T00:00:00,墨西哥,Android,Eraser,36.07142857142857,20.75,non-Organic
2026-06-01T00:00:00,美国,iOS,Magic,571.4074074074074,224.77777777777777,non-Organic
2026-08-01T00:00:00,英国,Android,Magic,2.0,0.3333333333333333,non-Organic
2026-06-01T00:00:00,墨西哥,iOS,Concealer,0.85,0.25,non-Organic
2026-08-01T00:00:00,美国,Android,Details,10.333333333333334,3.8333333333333335,non-Organic
2026-02-01T00:00:00,巴西,Android,Glowup,829.3928571428571,240.89285714285714,non-Organic
2026-04-01T00:00:00,美国,Android,AI Tattoo,8.6,1.6333333333333333,non-Organic
2026-06-01T00:00:00,巴西,iOS,Flawless,0.0,0.0,non-Organic
2026-04-01T00:00:00,美国,iOS,Teeth,113.2,0.0,non-Organic
2026-04-01T00:00:00,英国,iOS,Effects,31.466666666666665,0.43333333333333335,non-Organic
2026-04-01T00:00:00,巴西,iOS,Whiten,0.0,0.0,non-Organic
2026-05-01T00:00:00,墨西哥,iOS,Skin Tone,0.8076923076923077,0.46153846153846156,non-Organic
2026-01-01T00:00:00,墨西哥,Android,Preset,35.83870967741935,3.3225806451612905,non-Organic
2026-06-01T00:00:00,墨西哥,iOS,Magic,2.5925925925925926,1.0,non-Organic
2026-05-01T00:00:00,美国,iOS,Glowup,260.38709677419354,64.48387096774194,non-Organic
2026-05-01T00:00:00,美国,iOS,Teeth,142.25806451612902,0.0,non-Organic
2026-07-01T00:00:00,墨西哥,iOS,AI Replace,2.129032258064516,1.096774193548387,non-Organic
2026-04-01T00:00:00,美国,iOS,Prism,12.566666666666666,2.8,non-Organic
2026-01-01T00:00:00,墨西哥,Android,Eye Brighten,10.516129032258064,4.354838709677419,non-Organic
2026-05-01T00:00:00,美国,Android,Blur,13.838709677419354,6.903225806451613,non-Organic
2026-07-01T00:00:00,墨西哥,iOS,Blur,6.870967741935484,3.0,non-Organic
2026-03-01T00:00:00,美国,iOS,Mykit,48.645161290322584,0.0,non-Organic
2026-01-01T00:00:00,英国,Android,Brighten,0.6521739130434783,0.34782608695652173,non-Organic
2026-02-01T00:00:00,美国,Android,Body,20.357142857142858,11.607142857142858,non-Organic
2026-05-01T00:00:00,英国,iOS,Concealer,28.129032258064516,12.290322580645162,non-Organic
2026-02-01T00:00:00,墨西哥,Android,Background,17.464285714285715,2.3214285714285716,non-Organic
2026-05-01T00:00:00,美国,Android,Face,94.2258064516129,45.0,non-Organic
2026-01-01T00:00:00,巴西,iOS,AI Replace,1.0,0.3870967741935484,non-Organic
2026-07-01T00:00:00,巴西,Android,Whiten,0.0,0.0,non-Organic
2026-08-01T00:00:00,墨西哥,Android,Filters,188.83333333333334,55.0,non-Organic
2026-06-01T00:00:00,墨西哥,iOS,Face,3.0,1.2222222222222223,non-Organic
2026-06-01T00:00:00,美国,iOS,Face,765.4814814814815,311.2962962962963,non-Organic
2026-08-01T00:00:00,美国,Android,Contour,8.666666666666666,3.5,non-Organic
2026-08-01T00:00:00,英国,iOS,Flawless,0.0,0.0,non-Organic
2026-08-01T00:00:00,英国,Android,Dark Circles,0.0,0.0,non-Organic
2026-04-01T00:00:00,英国,Android,Crop,2.6333333333333333,1.9666666666666666,non-Organic
2026-01-01T00:00:00,墨西哥,Android,Flawless,0.0,0.0,non-Organic
2026-02-01T00:00:00,美国,Android,Background,24.535714285714285,4.571428571428571,non-Organic
2026-05-01T00:00:00,英国,Android,Details,0.5263157894736842,0.15789473684210525,non-Organic
2026-01-01T00:00:00,美国,Android,Mykit,12.387096774193548,0.0,non-Organic
2026-04-01T00:00:00,英国,Android,Prism,0.5357142857142857,0.10714285714285714,non-Organic
2026-05-01T00:00:00,墨西哥,iOS,Glitter,0.5483870967741935,0.06451612903225806,non-Organic
2026-05-01T00:00:00,墨西哥,iOS,Effects,1.064516129032258,0.0,non-Organic
2026-07-01T00:00:00,墨西哥,iOS,Dark Circles,3.903225806451613,2.032258064516129,non-Organic
2026-03-01T00:00:00,巴西,Android,Relight,1459.3225806451612,679.9032258064516,non-Organic
2026-06-01T00:00:00,墨西哥,iOS,Blur,0.2222222222222222,0.07407407407407407,non-Organic
2026-03-01T00:00:00,巴西,Android,Resize,183.41935483870967,76.87096774193549,non-Organic
2026-07-01T00:00:00,巴西,Android,Text,41.38709677419355,4.451612903225806,non-Organic
2026-03-01T00:00:00,美国,Android,Concealer,26.29032258064516,12.161290322580646,non-Organic
2026-05-01T00:00:00,巴西,iOS,AI Image,158.41935483870967,43.516129032258064,non-Organic
2026-05-01T00:00:00,英国,Android,Matte,0.24,0.04,non-Organic
2026-08-01T00:00:00,巴西,iOS,Face,374.1666666666667,135.0,non-Organic
2026-04-01T00:00:00,美国,iOS,Reshape,226.9,120.86666666666666,non-Organic
2026-08-01T00:00:00,美国,Android,Relight,69.16666666666667,31.5,non-Organic
2026-04-01T00:00:00,墨西哥,iOS,Hair,76.76666666666667,10.3,non-Organic
2026-03-01T00:00:00,墨西哥,iOS,Flawless,0.0,0.0,non-Organic
2026-08-01T00:00:00,墨西哥,Android,Glitter,19.833333333333332,2.1666666666666665,non-Organic
2026-02-01T00:00:00,巴西,Android,Glitter,328.5357142857143,88.07142857142857,non-Organic
2026-01-01T00:00:00,英国,Android,Acne,0.391304347826087,0.2608695652173913,non-Organic
2026-08-01T00:00:00,英国,iOS,Relight,207.33333333333334,103.83333333333333,non-Organic
2026-08-01T00:00:00,美国,iOS,Whiten,0.0,0.0,non-Organic
2026-08-01T00:00:00,英国,iOS,Resize,18.333333333333332,6.166666666666667,non-Organic
2026-05-01T00:00:00,英国,iOS,Blur,18.741935483870968,11.387096774193548,non-Organic
2026-06-01T00:00:00,美国,iOS,Concealer,131.22222222222223,53.74074074074074,non-Organic
2026-01-01T00:00:00,美国,Android,Matte,7.032258064516129,3.225806451612903,non-Organic
2026-05-01T00:00:00,墨西哥,iOS,AI Retouch,3.032258064516129,1.096774193548387,non-Organic
2026-05-01T00:00:00,墨西哥,Android,Muscle,68.38709677419355,14.419354838709678,non-Organic
2026-03-01T00:00:00,巴西,Android,Eye Brighten,141.67741935483872,65.48387096774194,non-Organic
2026-07-01T00:00:00,英国,iOS,Makeup,79.70967741935483,30.64516129032258,non-Organic
2026-04-01T00:00:00,美国,iOS,Bokeh,19.266666666666666,3.6333333333333333,non-Organic
2026-07-01T00:00:00,美国,iOS,Face,434.7096774193548,173.61290322580646,non-Organic
2026-01-01T00:00:00,英国,iOS,AI Image,26.032258064516128,2.4193548387096775,non-Organic
2026-06-01T00:00:00,美国,iOS,AI Expand,33.81481481481482,14.444444444444445,non-Organic
2026-05-01T00:00:00,英国,Android,Preset,1.0,0.06451612903225806,non-Organic
2026-06-01T00:00:00,美国,iOS,AI Replace,33.629629629629626,14.518518518518519,non-Organic
2026-08-01T00:00:00,美国,iOS,Stamp,13.5,3.0,non-Organic
2026-05-01T00:00:00,巴西,iOS,Crop,34.38709677419355,23.548387096774192,non-Organic
2026-01-01T00:00:00,墨西哥,Android,Details,10.67741935483871,4.032258064516129,non-Organic
2026-01-01T00:00:00,美国,iOS,AI Repair,58.61290322580645,21.161290322580644,non-Organic
2026-03-01T00:00:00,美国,iOS,Details,45.096774193548384,14.96774193548387,non-Organic
2026-04-01T00:00:00,巴西,Android,Glitter,210.0,43.6,non-Organic
2026-07-01T00:00:00,墨西哥,iOS,Acne,8.935483870967742,3.4516129032258065,non-Organic
2026-01-01T00:00:00,墨西哥,Android,Smooth,41.064516129032256,22.096774193548388,non-Organic
2026-04-01T00:00:00,美国,iOS,Makeup,232.7,87.73333333333333,non-Organic
2026-08-01T00:00:00,墨西哥,Android,Skin Tone,19.333333333333332,12.833333333333334,non-Organic
2026-02-01T00:00:00,墨西哥,Android,Effects,19.607142857142858,0.8214285714285714,non-Organic
2026-08-01T00:00:00,英国,Android,Concealer,0.3333333333333333,0.0,non-Organic
2026-02-01T00:00:00,美国,Android,Glitter,9.0,1.25,non-Organic
2026-01-01T00:00:00,墨西哥,iOS,Whiten,0.0,0.0,non-Organic
2026-08-01T00:00:00,巴西,iOS,Blur,66.83333333333333,28.166666666666668,non-Organic
2026-08-01T00:00:00,墨西哥,Android,Flawless,0.0,0.0,non-Organic
2026-08-01T00:00:00,巴西,Android,AI Image,339.8333333333333,60.833333333333336,non-Organic
2026-08-01T00:00:00,英国,Android,Acne,0.6666666666666666,0.3333333333333333,non-Organic
2026-04-01T00:00:00,美国,iOS,Glowup,180.93333333333334,48.06666666666667,non-Organic
2026-03-01T00:00:00,巴西,iOS,Stamp,21.387096774193548,2.5161290322580645,non-Organic
2026-03-01T00:00:00,巴西,iOS,Muscle,50.806451612903224,16.419354838709676,non-Organic
2026-03-01T00:00:00,墨西哥,iOS,Bokeh,0.4838709677419355,0.03225806451612903,non-Organic
2026-04-01T00:00:00,美国,Android,Acne,24.833333333333332,16.333333333333332,non-Organic
2026-04-01T00:00:00,墨西哥,Android,Face Fix,64.1,10.6,non-Organic
2026-03-01T00:00:00,美国,Android,Face,106.54838709677419,48.83870967741935,non-Organic
2026-05-01T00:00:00,巴西,Android,Effects,412.03225806451616,17.483870967741936,non-Organic
2026-01-01T00:00:00,美国,Android,Reshape,23.612903225806452,11.483870967741936,non-Organic
2026-08-01T00:00:00,美国,Android,Resize,16.5,5.666666666666667,non-Organic
2026-03-01T00:00:00,墨西哥,iOS,Hair,3.6774193548387095,0.5806451612903226,non-Organic
2026-07-01T00:00:00,巴西,Android,Adjust,275.80645161290323,133.4516129032258,non-Organic
2026-03-01T00:00:00,墨西哥,iOS,Eye Brighten,0.16,0.16,non-Organic
2026-06-01T00:00:00,巴西,Android,Stamp,75.48148148148148,13.814814814814815,non-Organic
2026-02-01T00:00:00,英国,iOS,Effects,18.642857142857142,0.35714285714285715,non-Organic
2026-04-01T00:00:00,美国,Android,Effects,36.56666666666667,2.5,non-Organic
2026-07-01T00:00:00,英国,Android,Skin Tone,0.7586206896551724,0.4482758620689655,non-Organic
2026-03-01T00:00:00,美国,Android,Brighten,19.838709677419356,11.258064516129032,non-Organic
2026-04-01T00:00:00,英国,Android,Stamp,0.5,0.03571428571428571,non-Organic
2026-08-01T00:00:00,美国,Android,Filters,106.0,36.166666666666664,non-Organic
2026-07-01T00:00:00,墨西哥,Android,Teeth,39.67741935483871,7.0,non-Organic
2026-01-01T00:00:00,美国,Android,Body,17.741935483870968,9.516129032258064,non-Organic
2026-02-01T00:00:00,美国,Android,Concealer,27.214285714285715,12.714285714285714,non-Organic
2026-01-01T00:00:00,巴西,iOS,Acne,2.064516129032258,1.4838709677419355,non-Organic
2026-05-01T00:00:00,巴西,Android,AI Retouch,1802.0,462.0,non-Organic
2026-02-01T00:00:00,墨西哥,iOS,Expression,0.75,0.10714285714285714,non-Organic
2026-05-01T00:00:00,巴西,Android,Blur,181.48387096774192,93.96774193548387,non-Organic
2026-07-01T00:00:00,英国,iOS,Whiten,0.0,0.0,non-Organic
2026-04-01T00:00:00,墨西哥,Android,Dark Circles,31.4,10.8,non-Organic
2026-03-01T00:00:00,巴西,iOS,Matte,4.612903225806452,1.2903225806451613,non-Organic
2026-02-01T00:00:00,英国,Android,AI Expand,0.39285714285714285,0.17857142857142858,non-Organic
2026-01-01T00:00:00,美国,iOS,AI Tattoo,57.774193548387096,12.741935483870968,non-Organic
2026-01-01T00:00:00,英国,iOS,Glowup,29.032258064516128,10.129032258064516,non-Organic
2026-06-01T00:00:00,墨西哥,Android,Mykit,24.22222222222222,0.0,non-Organic
2026-08-01T00:00:00,美国,iOS,Bokeh,11.333333333333334,1.5,non-Organic
2026-07-01T00:00:00,巴西,iOS,Details,6.0,2.4193548387096775,non-Organic
2026-03-01T00:00:00,美国,iOS,Stamp,16.258064516129032,3.3225806451612905,non-Organic
2026-04-01T00:00:00,英国,iOS,Background,26.566666666666666,3.1,non-Organic
2026-07-01T00:00:00,英国,Android,Concealer,0.48148148148148145,0.25925925925925924,non-Organic
2026-03-01T00:00:00,巴西,Android,Glitter,267.51612903225805,67.38709677419355,non-Organic
2026-02-01T00:00:00,巴西,iOS,Text,0.9285714285714286,0.10714285714285714,non-Organic
2026-02-01T00:00:00,英国,iOS,AI Tattoo,6.892857142857143,1.6428571428571428,non-Organic
2026-05-01T00:00:00,巴西,iOS,Preset,56.61290322580645,3.4838709677419355,non-Organic
2026-06-01T00:00:00,美国,iOS,Text,35.851851851851855,2.4444444444444446,non-Organic
2026-07-01T00:00:00,巴西,iOS,Filters,364.7741935483871,136.0,non-Organic
2026-07-01T00:00:00,墨西哥,iOS,AI Repair,19.516129032258064,8.32258064516129,non-Organic
2026-07-01T00:00:00,美国,iOS,Face Fix,79.35483870967742,13.935483870967742,non-Organic
2026-02-01T00:00:00,美国,Android,Contour,12.821428571428571,5.678571428571429,non-Organic
2026-05-01T00:00:00,墨西哥,Android,Face,180.41935483870967,36.29032258064516,non-Organic
2026-01-01T00:00:00,巴西,Android,Makeup,2640.548387096774,1320.3870967741937,non-Organic
2026-07-01T00:00:00,美国,Android,Text,5.419354838709677,1.064516129032258,non-Organic
2026-05-01T00:00:00,墨西哥,Android,Stamp,3.7096774193548385,0.41935483870967744,non-Organic
2026-01-01T00:00:00,英国,Android,Relight,0.7,0.3333333333333333,non-Organic
2026-06-01T00:00:00,英国,iOS,Adjust,41.148148148148145,16.11111111111111,non-Organic
2026-04-01T00:00:00,巴西,Android,Background,425.4,55.733333333333334,non-Organic
2026-02-01T00:00:00,英国,iOS,Bokeh,3.642857142857143,0.6428571428571429,non-Organic
2026-04-01T00:00:00,墨西哥,iOS,Background,3.6,0.3,non-Organic
2026-07-01T00:00:00,墨西哥,iOS,AI Expand,5.387096774193548,2.774193548387097,non-Organic
2026-04-01T00:00:00,巴西,Android,Brighten,237.33333333333334,101.03333333333333,non-Organic
2026-04-01T00:00:00,美国,iOS,Expression,65.8,15.466666666666667,non-Organic
2026-07-01T00:00:00,英国,Android,AI Tattoo,0.5483870967741935,0.0967741935483871,non-Organic
2026-03-01T00:00:00,美国,iOS,AI Image,161.61290322580646,18.64516129032258,non-Organic
2026-04-01T00:00:00,墨西哥,iOS,Glitter,3.3333333333333335,0.5333333333333333,non-Organic
2026-01-01T00:00:00,美国,Android,Muscle,7.903225806451613,3.064516129032258,non-Organic
2026-06-01T00:00:00,美国,iOS,Filters,888.8518518518518,214.4814814814815,non-Organic
2026-01-01T00:00:00,美国,Android,Resize,10.193548387096774,4.483870967741935,non-Organic
2026-06-01T00:00:00,英国,iOS,Reshape,65.51851851851852,37.148148148148145,non-Organic
2026-08-01T00:00:00,墨西哥,Android,AI Replace,8.0,2.8333333333333335,non-Organic
2026-03-01T00:00:00,美国,Android,Background,27.258064516129032,4.935483870967742,non-Organic
2026-06-01T00:00:00,墨西哥,Android,Muscle,57.7037037037037,12.481481481481481,non-Organic
2026-08-01T00:00:00,墨西哥,iOS,Face Fix,13.166666666666666,1.5,non-Organic
2026-07-01T00:00:00,英国,Android,Contour,0.3181818181818182,0.22727272727272727,non-Organic
2026-06-01T00:00:00,英国,Android,Matte,0.4,0.1,non-Organic
2026-08-01T00:00:00,英国,Android,Background,0.16666666666666666,0.0,non-Organic
2026-07-01T00:00:00,英国,iOS,Resize,24.838709677419356,11.03225806451613,non-Organic
2026-02-01T00:00:00,美国,Android,Blur,14.214285714285714,7.25,non-Organic
2026-05-01T00:00:00,英国,Android,Expression,0.6666666666666666,0.13333333333333333,non-Organic
2026-03-01T00:00:00,墨西哥,iOS,Mykit,1.0,0.0,non-Organic
2026-05-01T00:00:00,巴西,Android,Concealer,213.70967741935485,91.90322580645162,non-Organic
2026-05-01T00:00:00,墨西哥,iOS,Face,3.2580645161290325,1.5483870967741935,non-Organic
2026-06-01T00:00:00,巴西,iOS,Plump,37.370370370370374,14.185185185185185,non-Organic
2026-05-01T00:00:00,巴西,Android,AI Tattoo,295.35483870967744,64.3225806451613,non-Organic
2026-05-01T00:00:00,墨西哥,iOS,Dark Circles,0.5384615384615384,0.38461538461538464,non-Organic
2026-05-01T00:00:00,墨西哥,iOS,Bokeh,0.16129032258064516,0.03225806451612903,non-Organic
2026-05-01T00:00:00,墨西哥,iOS,Flawless,0.0,0.0,non-Organic
2026-07-01T00:00:00,美国,Android,Bokeh,4.32258064516129,0.7419354838709677,non-Organic
2026-03-01T00:00:00,美国,Android,Blur,17.451612903225808,8.96774193548387,non-Organic
2026-07-01T00:00:00,英国,iOS,Preset,33.41935483870968,1.7419354838709677,non-Organic
2026-05-01T00:00:00,巴西,Android,Plump,193.5483870967742,64.93548387096774,non-Organic
2026-03-01T00:00:00,墨西哥,Android,Body,88.6774193548387,41.87096774193548,non-Organic
2026-07-01T00:00:00,英国,iOS,Teeth,28.64516129032258,16.903225806451612,non-Organic
2026-04-01T00:00:00,墨西哥,iOS,Relight,11.333333333333334,2.7,non-Organic
2026-06-01T00:00:00,墨西哥,iOS,Effects,1.3333333333333333,0.0,non-Organic
2026-05-01T00:00:00,美国,iOS,Details,50.25806451612903,15.35483870967742,non-Organic
2026-01-01T00:00:00,美国,Android,Filters,67.74193548387096,16.419354838709676,non-Organic
2026-04-01T00:00:00,巴西,Android,Plump,233.4,86.23333333333333,non-Organic
2026-06-01T00:00:00,英国,iOS,Expression,19.037037037037038,4.037037037037037,non-Organic
2026-04-01T00:00:00,美国,Android,Face Fix,29.0,9.433333333333334,non-Organic
2026-02-01T00:00:00,美国,iOS,Glowup,168.39285714285714,44.535714285714285,non-Organic
2026-02-01T00:00:00,巴西,iOS,Acne,2.0357142857142856,1.3571428571428572,non-Organic
2026-04-01T00:00:00,墨西哥,iOS,Bokeh,0.7333333333333333,0.23333333333333334,non-Organic
2026-03-01T00:00:00,巴西,iOS,Makeup,73.93548387096774,26.516129032258064,non-Organic
2026-03-01T00:00:00,巴西,iOS,Adjust,34.935483870967744,10.419354838709678,non-Organic
2026-08-01T00:00:00,美国,Android,Reshape,37.5,18.166666666666668,non-Organic
2026-08-01T00:00:00,墨西哥,Android,AI Tattoo,11.666666666666666,1.8333333333333333,non-Organic
2026-06-01T00:00:00,墨西哥,Android,Crop,31.037037037037038,22.296296296296298,non-Organic
2026-06-01T00:00:00,美国,iOS,Blur,62.629629629629626,29.333333333333332,non-Organic
2026-06-01T00:00:00,英国,Android,Hair,4.148148148148148,0.8148148148148148,non-Organic
2026-06-01T00:00:00,美国,Android,AI Repair,22.074074074074073,10.11111111111111,non-Organic
2026-01-01T00:00:00,巴西,iOS,Contour,0.5714285714285714,0.35714285714285715,non-Organic
2026-01-01T00:00:00,美国,iOS,Muscle,75.87096774193549,21.741935483870968,non-Organic
2026-01-01T00:00:00,美国,Android,AI Image,31.70967741935484,4.709677419354839,non-Organic
2026-04-01T00:00:00,墨西哥,Android,Acne,52.3,17.266666666666666,non-Organic
2026-02-01T00:00:00,墨西哥,Android,AI Tattoo,4.75,0.7857142857142857,non-Organic
2026-03-01T00:00:00,墨西哥,Android,Stamp,34.32258064516129,6.258064516129032,non-Organic
2026-06-01T00:00:00,美国,iOS,Relight,677.0370370370371,330.85185185185185,non-Organic
2026-05-01T00:00:00,美国,iOS,Reshape,231.3548387096774,118.25806451612904,non-Organic
2026-04-01T00:00:00,巴西,Android,Effects,504.0,39.93333333333333,non-Organic
2026-07-01T00:00:00,英国,Android,Acne,0.41379310344827586,0.27586206896551724,non-Organic
2026-06-01T00:00:00,墨西哥,iOS,Expression,0.5,0.11538461538461539,non-Organic
2026-03-01T00:00:00,英国,Android,Stamp,0.5483870967741935,0.06451612903225806,non-Organic
2026-08-01T00:00:00,墨西哥,Android,Smooth,23.666666666666668,14.166666666666666,non-Organic
2026-07-01T00:00:00,美国,iOS,Text,19.129032258064516,1.3225806451612903,non-Organic
2026-03-01T00:00:00,墨西哥,Android,Effects,73.93548387096774,6.548387096774194,non-Organic
2026-08-01T00:00:00,英国,iOS,Eraser,46.0,25.0,non-Organic
2026-05-01T00:00:00,美国,Android,Magic,93.90322580645162,46.16129032258065,non-Organic
2026-05-01T00:00:00,墨西哥,iOS,Details,0.5294117647058824,0.17647058823529413,non-Organic
2026-05-01T00:00:00,美国,iOS,Concealer,125.64516129032258,51.645161290322584,non-Organic
2026-05-01T00:00:00,英国,Android,Glowup,0.8709677419354839,0.0967741935483871,non-Organic
2026-04-01T00:00:00,英国,iOS,Brighten,24.266666666666666,12.133333333333333,non-Organic
2026-04-01T00:00:00,巴西,iOS,AI Image,123.56666666666666,32.1,non-Organic
2026-08-01T00:00:00,美国,iOS,Mykit,29.166666666666668,0.0,non-Organic
2026-06-01T00:00:00,巴西,iOS,Brighten,30.74074074074074,15.148148148148149,non-Organic
2026-01-01T00:00:00,英国,Android,Face Fix,1.4516129032258065,0.5161290322580645,non-Organic
2026-07-01T00:00:00,美国,iOS,Acne,84.70967741935483,44.67741935483871,non-Organic
2026-06-01T00:00:00,墨西哥,Android,Relight,70.37037037037037,24.59259259259259,non-Organic
2026-06-01T00:00:00,巴西,iOS,Eye Brighten,11.037037037037036,5.111111111111111,non-Organic
2026-08-01T00:00:00,美国,iOS,Blur,39.0,16.0,non-Organic
2026-05-01T00:00:00,美国,Android,Text,7.387096774193548,0.9354838709677419,non-Organic
2026-03-01T00:00:00,巴西,Android,Teeth,466.83870967741933,0.03225806451612903,non-Organic
2026-07-01T00:00:00,美国,Android,Smooth,35.16129032258065,24.93548387096774,non-Organic
2026-01-01T00:00:00,墨西哥,Android,Effects,44.806451612903224,5.193548387096774,non-Organic
2026-06-01T00:00:00,墨西哥,Android,Text,12.777777777777779,0.5185185185185185,non-Organic
2026-06-01T00:00:00,巴西,Android,Whiten,0.0,0.0,non-Organic
2026-08-01T00:00:00,英国,Android,Adjust,0.5,0.3333333333333333,non-Organic
2026-04-01T00:00:00,巴西,Android,Preset,417.4,40.9,non-Organic
2026-08-01T00:00:00,英国,Android,Expression,0.8333333333333334,0.16666666666666666,non-Organic
2026-06-01T00:00:00,英国,Android,Dark Circles,0.4090909090909091,0.18181818181818182,non-Organic
2026-08-01T00:00:00,墨西哥,Android,Effects,33.5,1.6666666666666667,non-Organic
2026-08-01T00:00:00,墨西哥,Android,Mykit,16.166666666666668,0.0,non-Organic
2026-07-01T00:00:00,墨西哥,iOS,Body,29.0,15.161290322580646,non-Organic
2026-06-01T00:00:00,美国,Android,AI Image,23.59259259259259,2.814814814814815,non-Organic
2026-02-01T00:00:00,英国,Android,Face,4.321428571428571,1.8214285714285714,non-Organic
2026-07-01T00:00:00,巴西,iOS,Resize,10.774193548387096,3.774193548387097,non-Organic
2026-06-01T00:00:00,巴西,Android,Prism,61.22222222222222,23.666666666666668,non-Organic
2026-05-01T00:00:00,美国,Android,AI Repair,31.161290322580644,14.387096774193548,non-Organic
2026-04-01T00:00:00,巴西,Android,Eye Brighten,115.56666666666666,49.6,non-Organic
2026-02-01T00:00:00,墨西哥,iOS,Preset,0.9285714285714286,0.03571428571428571,non-Organic
2026-02-01T00:00:00,巴西,iOS,AI Repair,4.464285714285714,1.8928571428571428,non-Organic
2026-05-01T00:00:00,墨西哥,iOS,Relight,1.6774193548387097,0.6774193548387096,non-Organic
2026-03-01T00:00:00,巴西,iOS,Smooth,26.806451612903224,13.03225806451613,non-Organic
2026-08-01T00:00:00,巴西,Android,Expression,97.66666666666667,23.5,non-Organic
2026-04-01T00:00:00,墨西哥,Android,Muscle,122.23333333333333,26.433333333333334,non-Organic
2026-02-01T00:00:00,巴西,Android,Body,756.3928571428571,399.14285714285717,non-Organic
2026-02-01T00:00:00,墨西哥,Android,Body,19.535714285714285,11.857142857142858,non-Organic
2026-01-01T00:00:00,美国,Android,Contour,9.0,3.838709677419355,non-Organic
2026-05-01T00:00:00,墨西哥,Android,Magic,98.7741935483871,22.903225806451612,non-Organic
2026-07-01T00:00:00,巴西,Android,Blur,118.64516129032258,65.64516129032258,non-Organic
2026-05-01T00:00:00,英国,iOS,Expression,14.32258064516129,3.5806451612903225,non-Organic
2026-02-01T00:00:00,墨西哥,iOS,Glitter,0.6785714285714286,0.07142857142857142,non-Organic
2026-06-01T00:00:00,巴西,iOS,Eraser,158.1851851851852,88.37037037037037,non-Organic
2026-03-01T00:00:00,墨西哥,Android,Plump,41.32258064516129,10.419354838709678,non-Organic
2026-08-01T00:00:00,巴西,iOS,Concealer,24.666666666666668,11.833333333333334,non-Organic
2026-08-01T00:00:00,美国,iOS,Crop,42.666666666666664,25.833333333333332,non-Organic
2026-07-01T00:00:00,美国,iOS,Clean Skin,81.36363636363636,43.45454545454545,non-Organic
2026-05-01T00:00:00,英国,Android,Contour,0.5789473684210527,0.3157894736842105,non-Organic
2026-01-01T00:00:00,英国,Android,AI Expand,0.7333333333333333,0.23333333333333334,non-Organic
2026-04-01T00:00:00,英国,iOS,AI Retouch,111.86666666666666,39.6,non-Organic
2026-07-01T00:00:00,巴西,Android,Muscle,127.64516129032258,33.87096774193548,non-Organic
2026-04-01T00:00:00,巴西,Android,Mykit,249.7,0.0,non-Organic
2026-07-01T00:00:00,美国,iOS,AI Expand,16.677419354838708,5.096774193548387,non-Organic
2026-05-01T00:00:00,美国,Android,Prism,4.870967741935484,1.4193548387096775,non-Organic
2026-02-01T00:00:00,巴西,Android,Teeth,468.82142857142856,0.10714285714285714,non-Organic
2026-06-01T00:00:00,美国,iOS,Skin Tone,187.96296296296296,103.88888888888889,non-Organic
2026-04-01T00:00:00,美国,iOS,Smooth,228.73333333333332,156.8,non-Organic
2026-07-01T00:00:00,墨西哥,iOS,Face,62.32258064516129,26.580645161290324,non-Organic
2026-03-01T00:00:00,巴西,Android,Eraser,779.741935483871,328.64516129032256,non-Organic
2026-08-01T00:00:00,美国,iOS,Prism,11.333333333333334,4.833333333333333,non-Organic
2026-03-01T00:00:00,巴西,Android,Hair,2697.9032258064517,945.8387096774194,non-Organic
2026-07-01T00:00:00,英国,Android,Brighten,0.3076923076923077,0.11538461538461539,non-Organic
2026-03-01T00:00:00,美国,iOS,Contour,40.225806451612904,19.29032258064516,non-Organic
2026-01-01T00:00:00,英国,iOS,Relight,23.0,9.193548387096774,non-Organic
2026-06-01T00:00:00,墨西哥,iOS,AI Replace,0.038461538461538464,0.0,non-Organic
2026-07-01T00:00:00,巴西,iOS,Contour,5.967741935483871,3.161290322580645,non-Organic
2026-03-01T00:00:00,英国,iOS,Text,5.580645161290323,0.5806451612903226,non-Organic
2026-08-01T00:00:00,英国,iOS,Matte,8.0,3.8333333333333335,non-Organic
2026-08-01T00:00:00,美国,Android,Brighten,12.666666666666666,7.833333333333333,non-Organic
2026-02-01T00:00:00,美国,Android,Eraser,31.392857142857142,17.142857142857142,non-Organic
2026-03-01T00:00:00,美国,iOS,Crop,63.483870967741936,43.61290322580645,non-Organic
2026-05-01T00:00:00,巴西,iOS,Flawless,0.0,0.0,non-Organic
2026-02-01T00:00:00,美国,Android,Glowup,28.5,10.928571428571429,non-Organic
2026-05-01T00:00:00,英国,iOS,AI Tattoo,8.0,1.3225806451612903,non-Organic
2026-01-01T00:00:00,墨西哥,Android,Resize,14.774193548387096,4.774193548387097,non-Organic
2026-02-01T00:00:00,英国,iOS,Flawless,0.0,0.0,non-Organic
2026-04-01T00:00:00,墨西哥,iOS,Mykit,2.3666666666666667,0.0,non-Organic
2026-07-01T00:00:00,英国,iOS,Muscle,19.838709677419356,5.645161290322581,non-Organic
2026-02-01T00:00:00,英国,Android,Blur,0.4,0.2,non-Organic
2026-04-01T00:00:00,墨西哥,Android,Expression,63.766666666666666,14.366666666666667,non-Organic
2026-04-01T00:00:00,巴西,Android,Resize,150.7,59.7,non-Organic
2026-04-01T00:00:00,英国,iOS,Concealer,29.2,13.133333333333333,non-Organic
2026-02-01T00:00:00,美国,Android,Mykit,16.535714285714285,0.0,non-Organic
2026-02-01T00:00:00,巴西,iOS,Magic,9.678571428571429,4.714285714285714,non-Organic
2026-03-01T00:00:00,英国,iOS,Eraser,44.70967741935484,25.612903225806452,non-Organic
2026-01-01T00:00:00,美国,Android,Eye Brighten,9.774193548387096,5.903225806451613,non-Organic
2026-01-01T00:00:00,墨西哥,Android,Background,54.483870967741936,11.225806451612904,non-Organic
2026-01-01T00:00:00,英国,iOS,Teeth,18.516129032258064,0.0,non-Organic
2026-02-01T00:00:00,巴西,Android,Makeup,2056.9285714285716,1010.2142857142857,non-Organic
2026-02-01T00:00:00,英国,Android,AI Repair,0.96,0.44,non-Organic
2026-04-01T00:00:00,墨西哥,Android,Face,463.2,123.7,non-Organic
2026-08-01T00:00:00,美国,Android,AI Replace,8.166666666666666,3.6666666666666665,non-Organic
2026-06-01T00:00:00,墨西哥,Android,Smooth,28.85185185185185,12.037037037037036,non-Organic
2026-02-01T00:00:00,墨西哥,Android,AI Retouch,46.75,21.821428571428573,non-Organic
2026-07-01T00:00:00,美国,iOS,Dark Circles,40.483870967741936,21.774193548387096,non-Organic
2026-07-01T00:00:00,巴西,iOS,Plump,24.322580645161292,9.161290322580646,non-Organic
2026-07-01T00:00:00,墨西哥,Android,Details,8.483870967741936,2.967741935483871,non-Organic
2026-05-01T00:00:00,墨西哥,iOS,Face Fix,0.967741935483871,0.1935483870967742,non-Organic
2026-08-01T00:00:00,英国,iOS,Glowup,48.666666666666664,15.0,non-Organic
2026-07-01T00:00:00,英国,iOS,Adjust,45.74193548387097,17.419354838709676,non-Organic
2026-02-01T00:00:00,墨西哥,iOS,Muscle,0.8571428571428571,0.5,non-Organic
2026-02-01T00:00:00,美国,Android,Face Fix,28.892857142857142,6.678571428571429,non-Organic
2026-01-01T00:00:00,美国,iOS,Blur,44.193548387096776,21.806451612903224,non-Organic
2026-07-01T00:00:00,美国,Android,Eye Brighten,6.612903225806452,4.612903225806452,non-Organic
2026-05-01T00:00:00,英国,Android,Makeup,1.1290322580645162,0.3870967741935484,non-Organic
2026-04-01T00:00:00,美国,iOS,Flawless,0.0,0.0,non-Organic
2026-02-01T00:00:00,墨西哥,Android,Eye Brighten,3.2857142857142856,1.6428571428571428,non-Organic
2026-08-01T00:00:00,美国,Android,AI Expand,8.333333333333334,2.5,non-Organic
2026-08-01T00:00:00,巴西,Android,Matte,20.666666666666668,7.666666666666667,non-Organic
2026-08-01T00:00:00,墨西哥,iOS,Crop,43.833333333333336,27.333333333333332,non-Organic
2026-01-01T00:00:00,英国,iOS,Hair,52.70967741935484,16.322580645161292,non-Organic
2026-04-01T00:00:00,巴西,iOS,Preset,35.4,1.5,non-Organic
2026-02-01T00:00:00,巴西,iOS,Stamp,0.42857142857142855,0.10714285714285714,non-Organic
2026-06-01T00:00:00,美国,Android,Contour,9.37037037037037,3.7037037037037037,non-Organic
2026-07-01T00:00:00,巴西,iOS,Background,34.935483870967744,2.5161290322580645,non-Organic
2026-07-01T00:00:00,巴西,Android,AI Tattoo,121.74193548387096,31.0,non-Organic
2026-04-01T00:00:00,墨西哥,Android,Magic,369.46666666666664,118.46666666666667,non-Organic
2026-04-01T00:00:00,英国,Android,Whiten,0.0,0.0,non-Organic
2026-07-01T00:00:00,英国,Android,Eye Brighten,0.2916666666666667,0.25,non-Organic
2026-04-01T00:00:00,巴西,Android,AI Image,1117.5666666666666,254.2,non-Organic
2026-04-01T00:00:00,巴西,Android,Reshape,597.1666666666666,263.6333333333333,non-Organic
2026-02-01T00:00:00,巴西,Android,Bokeh,142.28571428571428,41.214285714285715,non-Organic
2026-02-01T00:00:00,巴西,iOS,AI Expand,2.0357142857142856,0.6428571428571429,non-Organic
2026-03-01T00:00:00,巴西,iOS,Whiten,0.0,0.0,non-Organic
2026-02-01T00:00:00,美国,Android,Resize,13.214285714285714,5.964285714285714,non-Organic
2026-02-01T00:00:00,美国,iOS,Acne,122.07142857142857,73.03571428571429,non-Organic
2026-06-01T00:00:00,美国,Android,Prism,3.074074074074074,0.8518518518518519,non-Organic
2026-06-01T00:00:00,英国,Android,Face,3.6296296296296298,1.2962962962962963,non-Organic
2026-08-01T00:00:00,巴西,iOS,Clean Skin,57.333333333333336,34.333333333333336,non-Organic
2026-04-01T00:00:00,巴西,Android,Contour,101.1,43.63333333333333,non-Organic
2026-08-01T00:00:00,巴西,Android,Glitter,88.5,14.166666666666666,non-Organic
2026-08-01T00:00:00,巴西,iOS,Whiten,0.0,0.0,non-Organic
2026-02-01T00:00:00,巴西,iOS,Face Fix,2.9642857142857144,1.1785714285714286,non-Organic
2026-01-01T00:00:00,英国,iOS,Smooth,46.61290322580645,33.354838709677416,non-Organic
2026-01-01T00:00:00,墨西哥,Android,AI Image,82.35483870967742,12.67741935483871,non-Organic
2026-02-01T00:00:00,墨西哥,Android,Collarbone,0.0,0.0,non-Organic
2026-07-01T00:00:00,墨西哥,iOS,Magic,63.16129032258065,20.548387096774192,non-Organic
2026-04-01T00:00:00,墨西哥,Android,AI Expand,53.233333333333334,20.866666666666667,non-Organic
2026-06-01T00:00:00,美国,iOS,Background,136.77777777777777,12.37037037037037,non-Organic
2026-04-01T00:00:00,美国,Android,Face,103.0,47.5,non-Organic
2026-07-01T00:00:00,美国,Android,Stamp,3.6774193548387095,1.0,non-Organic
2026-06-01T00:00:00,英国,Android,Glowup,1.2222222222222223,0.2962962962962963,non-Organic
2026-05-01T00:00:00,英国,Android,Eye Brighten,0.35,0.25,non-Organic
2026-07-01T00:00:00,英国,Android,Clean Skin,0.5909090909090909,0.22727272727272727,non-Organic
2026-04-01T00:00:00,英国,Android,Expression,2.6666666666666665,0.7666666666666667,non-Organic
2026-04-01T00:00:00,墨西哥,Android,Text,33.4,3.7333333333333334,non-Organic
2026-06-01T00:00:00,英国,iOS,Stamp,5.111111111111111,1.3333333333333333,non-Organic
2026-03-01T00:00:00,美国,Android,Plump,17.193548387096776,5.838709677419355,non-Organic
2026-05-01T00:00:00,美国,iOS,Flawless,0.0,0.0,non-Organic
2026-04-01T00:00:00,美国,iOS,Whiten,0.0,0.0,non-Organic
2026-05-01T00:00:00,英国,iOS,Adjust,28.838709677419356,10.935483870967742,non-Organic
2026-07-01T00:00:00,巴西,Android,Magic,644.5483870967741,264.2258064516129,non-Organic
2026-07-01T00:00:00,墨西哥,Android,Stamp,14.548387096774194,2.3225806451612905,non-Organic
2026-05-01T00:00:00,墨西哥,iOS,Magic,3.6451612903225805,1.3548387096774193,non-Organic
2026-06-01T00:00:00,英国,iOS,Glowup,57.925925925925924,18.814814814814813,non-Organic
2026-07-01T00:00:00,墨西哥,Android,Makeup,101.87096774193549,42.0,non-Organic
2026-03-01T00:00:00,巴西,iOS,Expression,16.838709677419356,5.129032258064516,non-Organic
2026-03-01T00:00:00,美国,Android,Body,25.29032258064516,14.64516129032258,non-Organic
2026-06-01T00:00:00,美国,iOS,Glitter,62.44444444444444,12.925925925925926,non-Organic
2026-03-01T00:00:00,美国,iOS,Reshape,221.6451612903226,123.12903225806451,non-Organic
2026-07-01T00:00:00,美国,Android,Hair,43.61290322580645,14.419354838709678,non-Organic
2026-05-01T00:00:00,墨西哥,Android,Text,7.32258064516129,0.2903225806451613,non-Organic
2026-02-01T00:00:00,墨西哥,iOS,Matte,0.16,0.04,non-Organic
2026-04-01T00:00:00,巴西,iOS,Acne,16.333333333333332,7.033333333333333,non-Organic
2026-02-01T00:00:00,美国,Android,Bokeh,7.5,1.5,non-Organic
2026-08-01T00:00:00,巴西,iOS,Brighten,19.333333333333332,8.333333333333334,non-Organic
2026-08-01T00:00:00,巴西,Android,Text,39.333333333333336,3.5,non-Organic
2026-08-01T00:00:00,墨西哥,iOS,Mykit,11.666666666666666,0.0,non-Organic
2026-05-01T00:00:00,墨西哥,iOS,AI Expand,0.5806451612903226,0.25806451612903225,non-Organic
2026-05-01T00:00:00,巴西,iOS,Contour,7.709677419354839,4.193548387096774,non-Organic
2026-05-01T00:00:00,巴西,Android,Background,315.96774193548384,29.419354838709676,non-Organic
2026-04-01T00:00:00,墨西哥,iOS,Flawless,0.0,0.0,non-Organic
2026-06-01T00:00:00,墨西哥,iOS,AI Repair,2.6296296296296298,1.5925925925925926,non-Organic
2026-02-01T00:00:00,美国,Android,AI Retouch,86.78571428571429,37.92857142857143,non-Organic
2026-05-01T00:00:00,英国,Android,AI Retouch,2.3548387096774195,0.7096774193548387,non-Organic
2026-05-01T00:00:00,巴西,Android,Body,454.9032258064516,211.80645161290323,non-Organic
2026-07-01T00:00:00,英国,Android,Resize,0.22580645161290322,0.06451612903225806,non-Organic
2026-04-01T00:00:00,美国,iOS,Muscle,74.03333333333333,21.7,non-Organic
2026-07-01T00:00:00,墨西哥,iOS,Text,3.838709677419355,0.12903225806451613,non-Organic
2026-02-01T00:00:00,美国,iOS,Adjust,94.71428571428571,29.607142857142858,non-Organic
2026-02-01T00:00:00,美国,iOS,Matte,29.357142857142858,13.642857142857142,non-Organic
2026-06-01T00:00:00,英国,iOS,Preset,47.407407407407405,2.6296296296296298,non-Organic
2026-08-01T00:00:00,巴西,Android,Eye Brighten,35.5,22.333333333333332,non-Organic
2026-01-01T00:00:00,巴西,iOS,Glitter,0.8387096774193549,0.1935483870967742,non-Organic
2026-03-01T00:00:00,英国,iOS,Face,137.67741935483872,65.3225806451613,non-Organic
2026-02-01T00:00:00,美国,iOS,Hair,691.1785714285714,149.46428571428572,non-Organic
2026-02-01T00:00:00,墨西哥,Android,Resize,6.535714285714286,2.5,non-Organic
2026-01-01T00:00:00,美国,iOS,Concealer,85.7741935483871,37.483870967741936,non-Organic
2026-04-01T00:00:00,英国,Android,Adjust,3.7666666666666666,1.3333333333333333,non-Organic
2026-04-01T00:00:00,英国,iOS,AI Tattoo,8.4,1.2333333333333334,non-Organic
2026-03-01T00:00:00,美国,iOS,Prism,11.806451612903226,2.935483870967742,non-Organic
2026-07-01T00:00:00,巴西,iOS,Effects,59.096774193548384,1.0,non-Organic
2026-07-01T00:00:00,墨西哥,Android,Smooth,49.225806451612904,20.516129032258064,non-Organic
2026-03-01T00:00:00,美国,iOS,Skin Tone,146.48387096774192,86.16129032258064,non-Organic
2026-06-01T00:00:00,美国,iOS,Effects,260.51851851851853,4.703703703703703,non-Organic
2026-04-01T00:00:00,英国,iOS,Eraser,43.733333333333334,24.533333333333335,non-Organic
2026-08-01T00:00:00,墨西哥,iOS,Prism,6.833333333333333,2.0,non-Organic
2026-08-01T00:00:00,美国,Android,Smooth,38.333333333333336,27.666666666666668,non-Organic
2026-08-01T00:00:00,巴西,Android,Glowup,214.16666666666666,31.5,non-Organic
2026-03-01T00:00:00,巴西,iOS,Details,5.32258064516129,1.7419354838709677,non-Organic
2026-03-01T00:00:00,巴西,Android,Glowup,565.8387096774194,142.61290322580646,non-Organic
2026-03-01T00:00:00,巴西,Android,AI Expand,418.03225806451616,180.90322580645162,non-Organic
2026-05-01T00:00:00,墨西哥,iOS,AI Replace,0.3,0.16666666666666666,non-Organic
2026-07-01T00:00:00,巴西,iOS,Skin Tone,23.451612903225808,11.419354838709678,non-Organic
2026-02-01T00:00:00,巴西,Android,Eraser,1106.9285714285713,462.39285714285717,non-Organic
2026-05-01T00:00:00,墨西哥,Android,Face Fix,25.806451612903224,3.7419354838709675,non-Organic
2026-06-01T00:00:00,英国,iOS,Makeup,81.62962962962963,28.77777777777778,non-Organic
2026-04-01T00:00:00,美国,Android,Relight,39.166666666666664,16.6,non-Organic
2026-04-01T00:00:00,美国,iOS,Relight,235.06666666666666,91.3,non-Organic
2026-05-01T00:00:00,英国,Android,Adjust,0.7741935483870968,0.3870967741935484,non-Organic
2026-02-01T00:00:00,英国,iOS,AI Replace,6.535714285714286,2.75,non-Organic
2026-04-01T00:00:00,墨西哥,iOS,Effects,3.8666666666666667,0.03333333333333333,non-Organic
2026-08-01T00:00:00,巴西,iOS,Expression,40.5,5.5,non-Organic
2026-06-01T00:00:00,巴西,iOS,Preset,68.62962962962963,4.592592592592593,non-Organic
2026-02-01T00:00:00,墨西哥,Android,Hair,53.607142857142854,15.928571428571429,non-Organic
2026-05-01T00:00:00,英国,iOS,Brighten,24.516129032258064,13.225806451612904,non-Organic
2026-06-01T00:00:00,美国,Android,Crop,17.48148148148148,14.481481481481481,non-Organic
2026-08-01T00:00:00,美国,Android,Bokeh,6.0,1.3333333333333333,non-Organic
2026-03-01T00:00:00,巴西,Android,Face,1975.3870967741937,767.4516129032259,non-Organic
2026-06-01T00:00:00,墨西哥,Android,Filters,204.77777777777777,35.888888888888886,non-Organic
2026-05-01T00:00:00,巴西,iOS,Eye Brighten,8.774193548387096,4.225806451612903,non-Organic
2026-08-01T00:00:00,墨西哥,iOS,AI Repair,68.0,18.0,non-Organic
2026-02-01T00:00:00,巴西,Android,Flawless,0.0,0.0,non-Organic
2026-05-01T00:00:00,巴西,Android,Filters,1734.8709677419354,519.6451612903226,non-Organic
2026-06-01T00:00:00,墨西哥,Android,Glitter,22.185185185185187,2.888888888888889,non-Organic
2026-07-01T00:00:00,美国,Android,Mykit,10.451612903225806,0.0,non-Organic
2026-01-01T00:00:00,墨西哥,iOS,Makeup,1.2258064516129032,0.4838709677419355,non-Organic
2026-07-01T00:00:00,美国,Android,Resize,12.064516129032258,5.548387096774194,non-Organic
2026-04-01T00:00:00,美国,Android,AI Repair,22.7,10.333333333333334,non-Organic
2026-05-01T00:00:00,美国,iOS,AI Image,182.29032258064515,26.64516129032258,non-Organic
2026-01-01T00:00:00,英国,Android,Text,0.3,0.0,non-Organic
2026-06-01T00:00:00,美国,Android,Muscle,7.333333333333333,2.740740740740741,non-Organic
2026-03-01T00:00:00,英国,iOS,AI Expand,10.32258064516129,3.4516129032258065,non-Organic
2026-03-01T00:00:00,墨西哥,iOS,Filters,5.064516129032258,0.4838709677419355,non-Organic
2026-06-01T00:00:00,巴西,iOS,Matte,7.518518518518518,2.5185185185185186,non-Organic
2026-01-01T00:00:00,墨西哥,Android,Filters,175.3548387096774,35.45161290322581,non-Organic
2026-01-01T00:00:00,英国,iOS,Stamp,2.7419354838709675,0.7419354838709677,non-Organic
2026-06-01T00:00:00,美国,Android,Reshape,29.37037037037037,15.222222222222221,non-Organic
2026-02-01T00:00:00,美国,Android,Plump,16.571428571428573,6.321428571428571,non-Organic
2026-04-01T00:00:00,英国,Android,Matte,0.6333333333333333,0.43333333333333335,non-Organic
2026-05-01T00:00:00,美国,iOS,AI Replace,28.64516129032258,13.290322580645162,non-Organic
2026-01-01T00:00:00,巴西,Android,Adjust,833.741935483871,364.9032258064516,non-Organic
2026-02-01T00:00:00,美国,iOS,Expression,60.142857142857146,13.714285714285714,non-Organic
2026-02-01T00:00:00,英国,Android,Magic,3.9285714285714284,1.8214285714285714,non-Organic
2026-03-01T00:00:00,美国,iOS,Resize,92.03225806451613,41.29032258064516,non-Organic
2026-03-01T00:00:00,巴西,Android,AI Tattoo,721.7741935483871,290.06451612903226,non-Organic
2026-03-01T00:00:00,墨西哥,iOS,Crop,0.9032258064516129,0.5161290322580645,non-Organic
2026-01-01T00:00:00,英国,Android,Face,3.6129032258064515,1.5483870967741935,non-Organic
2026-01-01T00:00:00,巴西,iOS,Eraser,4.419354838709677,2.5806451612903225,non-Organic
2026-08-01T00:00:00,美国,Android,Skin Tone,26.0,15.0,non-Organic
2026-06-01T00:00:00,美国,Android,Glowup,22.444444444444443,7.777777777777778,non-Organic
2026-08-01T00:00:00,墨西哥,iOS,Bokeh,8.333333333333334,2.6666666666666665,non-Organic
2026-08-01T00:00:00,英国,iOS,Crop,16.833333333333332,11.833333333333334,non-Organic
2026-02-01T00:00:00,美国,Android,Brighten,19.857142857142858,10.964285714285714,non-Organic
2026-05-01T00:00:00,美国,iOS,Bokeh,19.29032258064516,3.5806451612903225,non-Organic
2026-03-01T00:00:00,巴西,Android,Dark Circles,243.06451612903226,117.87096774193549,non-Organic
2026-07-01T00:00:00,巴西,iOS,Reshape,47.67741935483871,21.70967741935484,non-Organic
2026-07-01T00:00:00,墨西哥,Android,Hair,503.93548387096774,103.25806451612904,non-Organic
2026-02-01T00:00:00,英国,Android,Muscle,0.7857142857142857,0.14285714285714285,non-Organic
2026-03-01T00:00:00,英国,iOS,Face Fix,32.516129032258064,6.129032258064516,non-Organic
2026-05-01T00:00:00,墨西哥,Android,AI Replace,3.2580645161290325,1.2580645161290323,non-Organic
2026-05-01T00:00:00,墨西哥,iOS,Hair,2.5161290322580645,0.5161290322580645,non-Organic
2026-01-01T00:00:00,墨西哥,iOS,AI Tattoo,0.4666666666666667,0.1,non-Organic
2026-07-01T00:00:00,墨西哥,iOS,Stamp,3.129032258064516,0.5806451612903226,non-Organic
2026-04-01T00:00:00,英国,Android,Contour,1.6206896551724137,0.6551724137931034,non-Organic
2026-04-01T00:00:00,美国,Android,Magic,100.56666666666666,46.7,non-Organic
2026-02-01T00:00:00,美国,Android,Matte,9.464285714285714,4.571428571428571,non-Organic
2026-02-01T00:00:00,墨西哥,Android,Brighten,7.892857142857143,4.142857142857143,non-Organic
2026-02-01T00:00:00,墨西哥,iOS,Whiten,0.0,0.0,non-Organic
2026-04-01T00:00:00,巴西,Android,Body,580.6333333333333,283.76666666666665,non-Organic
2026-05-01T00:00:00,英国,iOS,Whiten,0.0,0.0,non-Organic
2026-07-01T00:00:00,墨西哥,Android,Glowup,76.61290322580645,8.870967741935484,non-Organic
2026-05-01T00:00:00,美国,iOS,Mykit,56.29032258064516,0.0,non-Organic
2026-02-01T00:00:00,英国,Android,AI Replace,0.8461538461538461,0.5,non-Organic
2026-02-01T00:00:00,英国,iOS,Relight,20.178571428571427,8.25,non-Organic
2026-01-01T00:00:00,美国,iOS,Effects,90.54838709677419,3.129032258064516,non-Organic
2026-05-01T00:00:00,英国,Android,Resize,0.3448275862068966,0.034482758620689655,non-Organic
2026-07-01T00:00:00,英国,Android,Plump,0.7741935483870968,0.3548387096774194,non-Organic
2026-05-01T00:00:00,巴西,Android,Eye Brighten,82.2258064516129,39.38709677419355,non-Organic
2026-08-01T00:00:00,墨西哥,iOS,AI Image,43.0,8.333333333333334,non-Organic
2026-04-01T00:00:00,英国,Android,Preset,3.566666666666667,0.36666666666666664,non-Organic
2026-05-01T00:00:00,美国,Android,AI Replace,8.387096774193548,4.161290322580645,non-Organic
2026-03-01T00:00:00,美国,Android,AI Repair,21.129032258064516,9.64516129032258,non-Organic
2026-05-01T00:00:00,美国,iOS,Hair,765.2258064516129,151.83870967741936,non-Organic
2026-03-01T00:00:00,英国,Android,Hair,8.67741935483871,2.225806451612903,non-Organic
2026-04-01T00:00:00,美国,iOS,Hair,601.5666666666667,129.06666666666666,non-Organic
2026-04-01T00:00:00,英国,Android,Reshape,6.333333333333333,3.033333333333333,non-Organic
2026-03-01T00:00:00,墨西哥,iOS,AI Image,3.774193548387097,0.3548387096774194,non-Organic
2026-08-01T00:00:00,美国,iOS,AI Tattoo,46.166666666666664,10.0,non-Organic
2026-07-01T00:00:00,墨西哥,Android,Relight,193.70967741935485,79.74193548387096,non-Organic
2026-05-01T00:00:00,美国,Android,Face Fix,26.0,8.580645161290322,non-Organic
2026-01-01T00:00:00,美国,Android,Skin Tone,22.161290322580644,12.225806451612904,non-Organic
2026-01-01T00:00:00,巴西,Android,Preset,798.5806451612904,132.2258064516129,non-Organic
2026-06-01T00:00:00,美国,Android,Teeth,16.296296296296298,2.5925925925925926,non-Organic
2026-05-01T00:00:00,墨西哥,iOS,Smooth,1.3333333333333333,0.9629629629629629,non-Organic
2026-03-01T00:00:00,美国,Android,Flawless,0.0,0.0,non-Organic
2026-01-01T00:00:00,英国,iOS,Glitter,7.516129032258065,1.7096774193548387,non-Organic
2026-06-01T00:00:00,英国,Android,AI Expand,0.14285714285714285,0.0,non-Organic
2026-07-01T00:00:00,美国,Android,Details,9.35483870967742,3.6774193548387095,non-Organic
2026-06-01T00:00:00,墨西哥,Android,Prism,7.62962962962963,2.6296296296296298,non-Organic
2026-06-01T00:00:00,墨西哥,Android,Reshape,91.44444444444444,30.88888888888889,non-Organic
2026-08-01T00:00:00,巴西,Android,Whiten,0.0,0.0,non-Organic
2026-06-01T00:00:00,美国,Android,Mykit,10.88888888888889,0.0,non-Organic
2026-02-01T00:00:00,墨西哥,iOS,Resize,0.6428571428571429,0.14285714285714285,non-Organic
2026-01-01T00:00:00,英国,Android,Magic,3.967741935483871,1.6129032258064515,non-Organic
2026-01-01T00:00:00,巴西,iOS,Dark Circles,0.7096774193548387,0.6451612903225806,non-Organic
2026-04-01T00:00:00,美国,Android,Flawless,0.0,0.0,non-Organic
2026-08-01T00:00:00,巴西,Android,Adjust,341.0,152.5,non-Organic
2026-02-01T00:00:00,墨西哥,Android,Glowup,19.464285714285715,4.071428571428571,non-Organic
2026-06-01T00:00:00,巴西,iOS,Concealer,32.888888888888886,13.74074074074074,non-Organic
2026-08-01T00:00:00,英国,Android,AI Expand,0.0,0.0,non-Organic
2026-04-01T00:00:00,巴西,Android,Collarbone,0.0,0.0,non-Organic
2026-07-01T00:00:00,英国,Android,AI Retouch,3.0,0.7419354838709677,non-Organic
2026-04-01T00:00:00,墨西哥,Android,AI Replace,24.833333333333332,12.3,non-Organic
2026-06-01T00:00:00,巴西,Android,Adjust,469.2962962962963,232.62962962962962,non-Organic
2026-01-01T00:00:00,巴西,iOS,AI Retouch,6.935483870967742,2.3548387096774195,non-Organic
2026-06-01T00:00:00,美国,iOS,Body,336.48148148148147,177.0,non-Organic
2026-04-01T00:00:00,墨西哥,iOS,Details,0.7241379310344828,0.2413793103448276,non-Organic
2026-04-01T00:00:00,美国,Android,Text,8.066666666666666,1.1333333333333333,non-Organic
2026-06-01T00:00:00,英国,Android,Glitter,0.37037037037037035,0.037037037037037035,non-Organic
2026-02-01T00:00:00,美国,iOS,Whiten,0.0,0.0,non-Organic
2026-03-01T00:00:00,英国,Android,Bokeh,0.9032258064516129,0.12903225806451613,non-Organic
2026-01-01T00:00:00,墨西哥,iOS,Muscle,0.6666666666666666,0.3,non-Organic
2026-02-01T00:00:00,英国,iOS,Smooth,46.535714285714285,33.17857142857143,non-Organic
2026-04-01T00:00:00,英国,iOS,Plump,20.3,7.0,non-Organic
2026-03-01T00:00:00,墨西哥,iOS,Prism,0.25806451612903225,0.06451612903225806,non-Organic
2026-05-01T00:00:00,巴西,iOS,Resize,10.35483870967742,3.6129032258064515,non-Organic
2026-04-01T00:00:00,墨西哥,iOS,Teeth,7.866666666666666,0.0,non-Organic
2026-01-01T00:00:00,英国,iOS,Makeup,50.54838709677419,20.06451612903226,non-Organic
2026-01-01T00:00:00,英国,iOS,Details,8.419354838709678,3.3870967741935485,non-Organic
2026-02-01T00:00:00,英国,iOS,Reshape,39.785714285714285,23.392857142857142,non-Organic
2026-07-01T00:00:00,墨西哥,iOS,Eraser,19.06451612903226,9.064516129032258,non-Organic
2026-03-01T00:00:00,英国,Android,Details,1.967741935483871,0.7096774193548387,non-Organic
2026-08-01T00:00:00,美国,Android,Mykit,15.666666666666666,0.0,non-Organic
2026-08-01T00:00:00,墨西哥,Android,Reshape,40.333333333333336,16.166666666666668,non-Organic
2026-08-01T00:00:00,巴西,iOS,Plump,44.0,16.0,non-Organic
2026-08-01T00:00:00,英国,iOS,AI Retouch,135.33333333333334,40.166666666666664,non-Organic
